sim_time,gpu_id,kernel_id,view,region_size_bytes,num_regions_with_entries,strict_coalescable_ratio,avg_relaxed_ratio,full_redundant_ratio,sharer_set_cardinality_dist_json,reg_card1_ratio,reg_card2_ratio,reg_card3_ratio,reg_card4plus_ratio,coalescable_private_ratio,coalescable_shared_ratio,shared_only_strict_ratio
0.000699568,5,1,read_only,64,2011,1.000000,1.000000,1.000000,{"1":2011},1.000000,0.000000,0.000000,0.000000,1.000000,0.000000,-1.000000
0.000699568,5,1,union,64,2011,1.000000,1.000000,1.000000,{"1":2011},1.000000,0.000000,0.000000,0.000000,1.000000,0.000000,-1.000000
0.000699568,5,1,snapshot,64,2011,1.000000,1.000000,1.000000,{"1":2011},1.000000,0.000000,0.000000,0.000000,1.000000,0.000000,-1.000000
0.000699568,5,1,read_only,256,1080,1.000000,1.000000,1.000000,{"1":2011},1.000000,0.000000,0.000000,0.000000,1.000000,0.000000,-1.000000
0.000699568,5,1,union,256,1080,1.000000,1.000000,1.000000,{"1":2011},1.000000,0.000000,0.000000,0.000000,1.000000,0.000000,-1.000000
0.000699568,5,1,snapshot,256,1080,1.000000,1.000000,1.000000,{"1":2011},1.000000,0.000000,0.000000,0.000000,1.000000,0.000000,-1.000000
0.000699568,5,1,read_only,1024,299,1.000000,1.000000,1.000000,{"1":2011},1.000000,0.000000,0.000000,0.000000,1.000000,0.000000,-1.000000
0.000699568,5,1,union,1024,299,1.000000,1.000000,1.000000,{"1":2011},1.000000,0.000000,0.000000,0.000000,1.000000,0.000000,-1.000000
0.000699568,5,1,snapshot,1024,299,1.000000,1.000000,1.000000,{"1":2011},1.000000,0.000000,0.000000,0.000000,1.000000,0.000000,-1.000000
0.000699568,5,1,read_only,4096,76,1.000000,1.000000,1.000000,{"1":2011},1.000000,0.000000,0.000000,0.000000,1.000000,0.000000,-1.000000
0.000699568,5,1,union,4096,76,1.000000,1.000000,1.000000,{"1":2011},1.000000,0.000000,0.000000,0.000000,1.000000,0.000000,-1.000000
0.000699568,5,1,snapshot,4096,76,1.000000,1.000000,1.000000,{"1":2011},1.000000,0.000000,0.000000,0.000000,1.000000,0.000000,-1.000000
0.000699568,5,1,read_only,16384,20,1.000000,1.000000,1.000000,{"1":2011},1.000000,0.000000,0.000000,0.000000,1.000000,0.000000,-1.000000
0.000699568,5,1,union,16384,20,1.000000,1.000000,1.000000,{"1":2011},1.000000,0.000000,0.000000,0.000000,1.000000,0.000000,-1.000000
0.000699568,5,1,snapshot,16384,20,1.000000,1.000000,1.000000,{"1":2011},1.000000,0.000000,0.000000,0.000000,1.000000,0.000000,-1.000000
0.001045676,5,2,read_only,64,421,1.000000,1.000000,1.000000,{"1":421},1.000000,0.000000,0.000000,0.000000,1.000000,0.000000,-1.000000
0.001045676,5,2,union,64,421,1.000000,1.000000,1.000000,{"1":421},1.000000,0.000000,0.000000,0.000000,1.000000,0.000000,-1.000000
0.001045676,5,2,snapshot,64,2432,1.000000,1.000000,1.000000,{"1":2432},1.000000,0.000000,0.000000,0.000000,1.000000,0.000000,-1.000000
0.001045676,5,2,read_only,256,285,1.000000,1.000000,1.000000,{"1":421},1.000000,0.000000,0.000000,0.000000,1.000000,0.000000,-1.000000
0.001045676,5,2,union,256,285,1.000000,1.000000,1.000000,{"1":421},1.000000,0.000000,0.000000,0.000000,1.000000,0.000000,-1.000000
0.001045676,5,2,snapshot,256,1216,1.000000,1.000000,1.000000,{"1":2432},1.000000,0.000000,0.000000,0.000000,1.000000,0.000000,-1.000000
0.001045676,5,2,read_only,1024,100,1.000000,1.000000,1.000000,{"1":421},1.000000,0.000000,0.000000,0.000000,1.000000,0.000000,-1.000000
0.001045676,5,2,union,1024,100,1.000000,1.000000,1.000000,{"1":421},1.000000,0.000000,0.000000,0.000000,1.000000,0.000000,-1.000000
0.001045676,5,2,snapshot,1024,304,1.000000,1.000000,1.000000,{"1":2432},1.000000,0.000000,0.000000,0.000000,1.000000,0.000000,-1.000000
0.001045676,5,2,read_only,4096,30,1.000000,1.000000,1.000000,{"1":421},1.000000,0.000000,0.000000,0.000000,1.000000,0.000000,-1.000000
0.001045676,5,2,union,4096,30,1.000000,1.000000,1.000000,{"1":421},1.000000,0.000000,0.000000,0.000000,1.000000,0.000000,-1.000000
0.001045676,5,2,snapshot,4096,76,1.000000,1.000000,1.000000,{"1":2432},1.000000,0.000000,0.000000,0.000000,1.000000,0.000000,-1.000000
0.001045676,5,2,read_only,16384,11,1.000000,1.000000,1.000000,{"1":421},1.000000,0.000000,0.000000,0.000000,1.000000,0.000000,-1.000000
0.001045676,5,2,union,16384,11,1.000000,1.000000,1.000000,{"1":421},1.000000,0.000000,0.000000,0.000000,1.000000,0.000000,-1.000000
0.001045676,5,2,snapshot,16384,20,1.000000,1.000000,1.000000,{"1":2432},1.000000,0.000000,0.000000,0.000000,1.000000,0.000000,-1.000000
0.001287095,5,3,snapshot,64,2432,1.000000,1.000000,1.000000,{"1":2432},1.000000,0.000000,0.000000,0.000000,1.000000,0.000000,-1.000000
0.001287095,5,3,snapshot,256,1216,1.000000,1.000000,1.000000,{"1":2432},1.000000,0.000000,0.000000,0.000000,1.000000,0.000000,-1.000000
0.001287095,5,3,snapshot,1024,304,1.000000,1.000000,1.000000,{"1":2432},1.000000,0.000000,0.000000,0.000000,1.000000,0.000000,-1.000000
0.001287095,5,3,snapshot,4096,76,1.000000,1.000000,1.000000,{"1":2432},1.000000,0.000000,0.000000,0.000000,1.000000,0.000000,-1.000000
0.001287095,5,3,snapshot,16384,20,1.000000,1.000000,1.000000,{"1":2432},1.000000,0.000000,0.000000,0.000000,1.000000,0.000000,-1.000000
0.001841264,5,4,read_only,64,2598,1.000000,1.000000,1.000000,{"1":2598},1.000000,0.000000,0.000000,0.000000,1.000000,0.000000,-1.000000
0.001841264,5,4,union,64,2598,1.000000,1.000000,1.000000,{"1":2598},1.000000,0.000000,0.000000,0.000000,1.000000,0.000000,-1.000000
0.001841264,5,4,snapshot,64,5030,1.000000,1.000000,1.000000,{"1":5030},1.000000,0.000000,0.000000,0.000000,1.000000,0.000000,-1.000000
0.001841264,5,4,read_only,256,1300,1.000000,1.000000,1.000000,{"1":2598},1.000000,0.000000,0.000000,0.000000,1.000000,0.000000,-1.000000
0.001841264,5,4,union,256,1300,1.000000,1.000000,1.000000,{"1":2598},1.000000,0.000000,0.000000,0.000000,1.000000,0.000000,-1.000000
0.001841264,5,4,snapshot,256,2516,1.000000,1.000000,1.000000,{"1":5030},1.000000,0.000000,0.000000,0.000000,1.000000,0.000000,-1.000000
0.001841264,5,4,read_only,1024,330,1.000000,1.000000,1.000000,{"1":2598},1.000000,0.000000,0.000000,0.000000,1.000000,0.000000,-1.000000
0.001841264,5,4,union,1024,330,1.000000,1.000000,1.000000,{"1":2598},1.000000,0.000000,0.000000,0.000000,1.000000,0.000000,-1.000000
0.001841264,5,4,snapshot,1024,634,1.000000,1.000000,1.000000,{"1":5030},1.000000,0.000000,0.000000,0.000000,1.000000,0.000000,-1.000000
0.001841264,5,4,read_only,4096,84,1.000000,1.000000,1.000000,{"1":2598},1.000000,0.000000,0.000000,0.000000,1.000000,0.000000,-1.000000
0.001841264,5,4,union,4096,84,1.000000,1.000000,1.000000,{"1":2598},1.000000,0.000000,0.000000,0.000000,1.000000,0.000000,-1.000000
0.001841264,5,4,snapshot,4096,160,1.000000,1.000000,1.000000,{"1":5030},1.000000,0.000000,0.000000,0.000000,1.000000,0.000000,-1.000000
0.001841264,5,4,read_only,16384,25,0.960000,0.999588,0.960000,{"1":2598},0.960000,0.040000,0.000000,0.000000,0.960000,0.000000,0.000000
0.001841264,5,4,union,16384,25,0.960000,0.999588,0.960000,{"1":2598},0.960000,0.040000,0.000000,0.000000,0.960000,0.000000,0.000000
0.001841264,5,4,snapshot,16384,45,0.977778,0.999771,0.977778,{"1":5030},0.977778,0.022222,0.000000,0.000000,0.977778,0.000000,0.000000
0.002313871,5,5,read_only,64,1111,1.000000,1.000000,1.000000,{"1":1111},1.000000,0.000000,0.000000,0.000000,1.000000,0.000000,-1.000000
0.002313871,5,5,union,64,1111,1.000000,1.000000,1.000000,{"1":1111},1.000000,0.000000,0.000000,0.000000,1.000000,0.000000,-1.000000
0.002313871,5,5,snapshot,64,6141,1.000000,1.000000,1.000000,{"1":6141},1.000000,0.000000,0.000000,0.000000,1.000000,0.000000,-1.000000
0.002313871,5,5,read_only,256,572,1.000000,1.000000,1.000000,{"1":1111},1.000000,0.000000,0.000000,0.000000,1.000000,0.000000,-1.000000
0.002313871,5,5,union,256,572,1.000000,1.000000,1.000000,{"1":1111},1.000000,0.000000,0.000000,0.000000,1.000000,0.000000,-1.000000
0.002313871,5,5,snapshot,256,3088,1.000000,1.000000,1.000000,{"1":6141},1.000000,0.000000,0.000000,0.000000,1.000000,0.000000,-1.000000
0.002313871,5,5,read_only,1024,147,1.000000,1.000000,1.000000,{"1":1111},1.000000,0.000000,0.000000,0.000000,1.000000,0.000000,-1.000000
0.002313871,5,5,union,1024,147,1.000000,1.000000,1.000000,{"1":1111},1.000000,0.000000,0.000000,0.000000,1.000000,0.000000,-1.000000
0.002313871,5,5,snapshot,1024,774,1.000000,1.000000,1.000000,{"1":6141},1.000000,0.000000,0.000000,0.000000,1.000000,0.000000,-1.000000
0.002313871,5,5,read_only,4096,39,1.000000,1.000000,1.000000,{"1":1111},1.000000,0.000000,0.000000,0.000000,1.000000,0.000000,-1.000000
0.002313871,5,5,union,4096,39,1.000000,1.000000,1.000000,{"1":1111},1.000000,0.000000,0.000000,0.000000,1.000000,0.000000,-1.000000
0.002313871,5,5,snapshot,4096,195,1.000000,1.000000,1.000000,{"1":6141},1.000000,0.000000,0.000000,0.000000,1.000000,0.000000,-1.000000
0.002313871,5,5,read_only,16384,18,0.944444,0.989262,0.944444,{"1":1111},0.944444,0.055556,0.000000,0.000000,0.944444,0.000000,0.000000
0.002313871,5,5,union,16384,18,0.944444,0.989262,0.944444,{"1":1111},0.944444,0.055556,0.000000,0.000000,0.944444,0.000000,0.000000
0.002313871,5,5,snapshot,16384,51,0.901961,0.976400,0.901961,{"1":6141},0.901961,0.098039,0.000000,0.000000,0.901961,0.000000,0.000000
0.003351515,5,6,read_only,64,7292,1.000000,1.000000,1.000000,{"1":7291,"2":1},0.999863,0.000137,0.000000,0.000000,0.999863,0.000137,1.000000
0.003351515,5,6,union,64,7292,1.000000,1.000000,1.000000,{"1":7291,"2":1},0.999863,0.000137,0.000000,0.000000,0.999863,0.000137,1.000000
0.003351515,5,6,snapshot,64,8192,1.000000,1.000000,1.000000,{"1":8191,"2":1},0.999878,0.000122,0.000000,0.000000,0.999878,0.000122,1.000000
0.003351515,5,6,read_only,256,3804,1.000000,1.000000,1.000000,{"1":7291,"2":1},0.999737,0.000263,0.000000,0.000000,0.999737,0.000263,1.000000
0.003351515,5,6,union,256,3804,1.000000,1.000000,1.000000,{"1":7291,"2":1},0.999737,0.000263,0.000000,0.000000,0.999737,0.000263,1.000000
0.003351515,5,6,snapshot,256,4395,1.000000,1.000000,1.000000,{"1":8191,"2":1},0.999772,0.000228,0.000000,0.000000,0.999772,0.000228,1.000000
0.003351515,5,6,read_only,1024,1041,1.000000,1.000000,1.000000,{"1":7291,"2":1},0.999039,0.000961,0.000000,0.000000,0.999039,0.000961,1.000000
0.003351515,5,6,union,1024,1041,1.000000,1.000000,1.000000,{"1":7291,"2":1},0.999039,0.000961,0.000000,0.000000,0.999039,0.000961,1.000000
0.003351515,5,6,snapshot,1024,1226,1.000000,1.000000,1.000000,{"1":8191,"2":1},0.999184,0.000816,0.000000,0.000000,0.999184,0.000816,1.000000
0.003351515,5,6,read_only,4096,314,1.000000,1.000000,1.000000,{"1":7291,"2":1},0.996815,0.003185,0.000000,0.000000,0.996815,0.003185,1.000000
0.003351515,5,6,union,4096,314,1.000000,1.000000,1.000000,{"1":7291,"2":1},0.996815,0.003185,0.000000,0.000000,0.996815,0.003185,1.000000
0.003351515,5,6,snapshot,4096,375,1.000000,1.000000,1.000000,{"1":8191,"2":1},0.997333,0.002667,0.000000,0.000000,0.997333,0.002667,1.000000
0.003351515,5,6,read_only,16384,83,0.939759,0.981572,0.939759,{"1":7291,"2":1},0.939759,0.060241,0.000000,0.000000,0.939759,0.000000,0.000000
0.003351515,5,6,union,16384,83,0.939759,0.981572,0.939759,{"1":7291,"2":1},0.939759,0.060241,0.000000,0.000000,0.939759,0.000000,0.000000
0.003351515,5,6,snapshot,16384,104,0.942308,0.982184,0.942308,{"1":8191,"2":1},0.942308,0.057692,0.000000,0.000000,0.942308,0.000000,0.000000
0.003676961,5,7,read_only,64,887,1.000000,1.000000,1.000000,{"1":887},1.000000,0.000000,0.000000,0.000000,1.000000,0.000000,-1.000000
0.003676961,5,7,union,64,887,1.000000,1.000000,1.000000,{"1":887},1.000000,0.000000,0.000000,0.000000,1.000000,0.000000,-1.000000
0.003676961,5,7,snapshot,64,8192,1.000000,1.000000,1.000000,{"1":8191,"2":1},0.999878,0.000122,0.000000,0.000000,0.999878,0.000122,1.000000
0.003676961,5,7,read_only,256,525,1.000000,1.000000,1.000000,{"1":887},1.000000,0.000000,0.000000,0.000000,1.000000,0.000000,-1.000000
0.003676961,5,7,union,256,525,1.000000,1.000000,1.000000,{"1":887},1.000000,0.000000,0.000000,0.000000,1.000000,0.000000,-1.000000
0.003676961,5,7,snapshot,256,4486,1.000000,1.000000,1.000000,{"1":8191,"2":1},0.999777,0.000223,0.000000,0.000000,0.999777,0.000223,1.000000
0.003676961,5,7,read_only,1024,183,1.000000,1.000000,1.000000,{"1":887},1.000000,0.000000,0.000000,0.000000,1.000000,0.000000,-1.000000
0.003676961,5,7,union,1024,183,1.000000,1.000000,1.000000,{"1":887},1.000000,0.000000,0.000000,0.000000,1.000000,0.000000,-1.000000
0.003676961,5,7,snapshot,1024,1305,1.000000,1.000000,1.000000,{"1":8191,"2":1},0.999234,0.000766,0.000000,0.000000,0.999234,0.000766,1.000000
0.003676961,5,7,read_only,4096,102,1.000000,1.000000,1.000000,{"1":887},1.000000,0.000000,0.000000,0.000000,1.000000,0.000000,-1.000000
0.003676961,5,7,union,4096,102,1.000000,1.000000,1.000000,{"1":887},1.000000,0.000000,0.000000,0.000000,1.000000,0.000000,-1.000000
0.003676961,5,7,snapshot,4096,395,1.000000,1.000000,1.000000,{"1":8191,"2":1},0.997468,0.002532,0.000000,0.000000,0.997468,0.002532,1.000000
0.003676961,5,7,read_only,16384,45,0.933333,0.974824,0.933333,{"1":887},0.933333,0.066667,0.000000,0.000000,0.933333,0.000000,0.000000
0.003676961,5,7,union,16384,45,0.933333,0.974824,0.933333,{"1":887},0.933333,0.066667,0.000000,0.000000,0.933333,0.000000,0.000000
0.003676961,5,7,snapshot,16384,109,0.926606,0.977029,0.926606,{"1":8191,"2":1},0.926606,0.073394,0.000000,0.000000,0.926606,0.000000,0.000000
0.003954821,5,8,read_only,64,8,1.000000,1.000000,1.000000,{"1":8},1.000000,0.000000,0.000000,0.000000,1.000000,0.000000,-1.000000
0.003954821,5,8,union,64,8,1.000000,1.000000,1.000000,{"1":8},1.000000,0.000000,0.000000,0.000000,1.000000,0.000000,-1.000000
0.003954821,5,8,snapshot,64,8192,1.000000,1.000000,1.000000,{"1":8191,"2":1},0.999878,0.000122,0.000000,0.000000,0.999878,0.000122,1.000000
0.003954821,5,8,read_only,256,6,1.000000,1.000000,1.000000,{"1":8},1.000000,0.000000,0.000000,0.000000,1.000000,0.000000,-1.000000
0.003954821,5,8,union,256,6,1.000000,1.000000,1.000000,{"1":8},1.000000,0.000000,0.000000,0.000000,1.000000,0.000000,-1.000000
0.003954821,5,8,snapshot,256,4487,1.000000,1.000000,1.000000,{"1":8191,"2":1},0.999777,0.000223,0.000000,0.000000,0.999777,0.000223,1.000000
0.003954821,5,8,read_only,1024,4,1.000000,1.000000,1.000000,{"1":8},1.000000,0.000000,0.000000,0.000000,1.000000,0.000000,-1.000000
0.003954821,5,8,union,1024,4,1.000000,1.000000,1.000000,{"1":8},1.000000,0.000000,0.000000,0.000000,1.000000,0.000000,-1.000000
0.003954821,5,8,snapshot,1024,1306,1.000000,1.000000,1.000000,{"1":8191,"2":1},0.999234,0.000766,0.000000,0.000000,0.999234,0.000766,1.000000
0.003954821,5,8,read_only,4096,4,1.000000,1.000000,1.000000,{"1":8},1.000000,0.000000,0.000000,0.000000,1.000000,0.000000,-1.000000
0.003954821,5,8,union,4096,4,1.000000,1.000000,1.000000,{"1":8},1.000000,0.000000,0.000000,0.000000,1.000000,0.000000,-1.000000
0.003954821,5,8,snapshot,4096,396,1.000000,1.000000,1.000000,{"1":8191,"2":1},0.997475,0.002525,0.000000,0.000000,0.997475,0.002525,1.000000
0.003954821,5,8,read_only,16384,4,1.000000,1.000000,1.000000,{"1":8},1.000000,0.000000,0.000000,0.000000,1.000000,0.000000,-1.000000
0.003954821,5,8,union,16384,4,1.000000,1.000000,1.000000,{"1":8},1.000000,0.000000,0.000000,0.000000,1.000000,0.000000,-1.000000
0.003954821,5,8,snapshot,16384,109,0.926606,0.977065,0.926606,{"1":8191,"2":1},0.926606,0.073394,0.000000,0.000000,0.926606,0.000000,0.000000
0.004201486,5,9,snapshot,64,8192,1.000000,1.000000,1.000000,{"1":8191,"2":1},0.999878,0.000122,0.000000,0.000000,0.999878,0.000122,1.000000
0.004201486,5,9,snapshot,256,4487,1.000000,1.000000,1.000000,{"1":8191,"2":1},0.999777,0.000223,0.000000,0.000000,0.999777,0.000223,1.000000
0.004201486,5,9,snapshot,1024,1306,1.000000,1.000000,1.000000,{"1":8191,"2":1},0.999234,0.000766,0.000000,0.000000,0.999234,0.000766,1.000000
0.004201486,5,9,snapshot,4096,396,1.000000,1.000000,1.000000,{"1":8191,"2":1},0.997475,0.002525,0.000000,0.000000,0.997475,0.002525,1.000000
0.004201486,5,9,snapshot,16384,109,0.926606,0.977065,0.926606,{"1":8191,"2":1},0.926606,0.073394,0.000000,0.000000,0.926606,0.000000,0.000000
0.004446260,5,10,snapshot,64,8192,1.000000,1.000000,1.000000,{"1":8191,"2":1},0.999878,0.000122,0.000000,0.000000,0.999878,0.000122,1.000000
0.004446260,5,10,snapshot,256,4487,1.000000,1.000000,1.000000,{"1":8191,"2":1},0.999777,0.000223,0.000000,0.000000,0.999777,0.000223,1.000000
0.004446260,5,10,snapshot,1024,1306,1.000000,1.000000,1.000000,{"1":8191,"2":1},0.999234,0.000766,0.000000,0.000000,0.999234,0.000766,1.000000
0.004446260,5,10,snapshot,4096,396,1.000000,1.000000,1.000000,{"1":8191,"2":1},0.997475,0.002525,0.000000,0.000000,0.997475,0.002525,1.000000
0.004446260,5,10,snapshot,16384,109,0.926606,0.977065,0.926606,{"1":8191,"2":1},0.926606,0.073394,0.000000,0.000000,0.926606,0.000000,0.000000
0.004690331,5,11,snapshot,64,8192,1.000000,1.000000,1.000000,{"1":8191,"2":1},0.999878,0.000122,0.000000,0.000000,0.999878,0.000122,1.000000
0.004690331,5,11,snapshot,256,4487,1.000000,1.000000,1.000000,{"1":8191,"2":1},0.999777,0.000223,0.000000,0.000000,0.999777,0.000223,1.000000
0.004690331,5,11,snapshot,1024,1306,1.000000,1.000000,1.000000,{"1":8191,"2":1},0.999234,0.000766,0.000000,0.000000,0.999234,0.000766,1.000000
0.004690331,5,11,snapshot,4096,396,1.000000,1.000000,1.000000,{"1":8191,"2":1},0.997475,0.002525,0.000000,0.000000,0.997475,0.002525,1.000000
0.004690331,5,11,snapshot,16384,109,0.926606,0.977065,0.926606,{"1":8191,"2":1},0.926606,0.073394,0.000000,0.000000,0.926606,0.000000,0.000000
0.005207873,5,12,read_only,64,2950,1.000000,1.000000,1.000000,{"1":2950},1.000000,0.000000,0.000000,0.000000,1.000000,0.000000,-1.000000
0.005207873,5,12,union,64,2950,1.000000,1.000000,1.000000,{"1":2950},1.000000,0.000000,0.000000,0.000000,1.000000,0.000000,-1.000000
0.005207873,5,12,snapshot,64,8192,1.000000,1.000000,1.000000,{"1":8191,"2":1},0.999878,0.000122,0.000000,0.000000,0.999878,0.000122,1.000000
0.005207873,5,12,read_only,256,1557,1.000000,1.000000,1.000000,{"1":2950},1.000000,0.000000,0.000000,0.000000,1.000000,0.000000,-1.000000
0.005207873,5,12,union,256,1557,1.000000,1.000000,1.000000,{"1":2950},1.000000,0.000000,0.000000,0.000000,1.000000,0.000000,-1.000000
0.005207873,5,12,snapshot,256,4570,1.000000,1.000000,1.000000,{"1":8191,"2":1},0.999781,0.000219,0.000000,0.000000,0.999781,0.000219,1.000000
0.005207873,5,12,read_only,1024,429,0.990676,0.995338,0.990676,{"1":2950},0.990676,0.009324,0.000000,0.000000,0.990676,0.000000,0.000000
0.005207873,5,12,union,1024,429,0.990676,0.995338,0.990676,{"1":2950},0.990676,0.009324,0.000000,0.000000,0.990676,0.000000,0.000000
0.005207873,5,12,snapshot,1024,1382,0.997106,0.998553,0.997106,{"1":8191,"2":1},0.996382,0.003618,0.000000,0.000000,0.996382,0.000724,0.200000
0.005207873,5,12,read_only,4096,117,0.965812,0.987179,0.965812,{"1":2950},0.965812,0.034188,0.000000,0.000000,0.965812,0.000000,0.000000
0.005207873,5,12,union,4096,117,0.965812,0.987179,0.965812,{"1":2950},0.965812,0.034188,0.000000,0.000000,0.965812,0.000000,0.000000
0.005207873,5,12,snapshot,4096,419,0.990453,0.996420,0.990453,{"1":8191,"2":1},0.988067,0.011933,0.000000,0.000000,0.988067,0.002387,0.200000
0.005207873,5,12,read_only,16384,36,0.833333,0.938670,0.833333,{"1":2950},0.833333,0.166667,0.000000,0.000000,0.833333,0.000000,0.000000
0.005207873,5,12,union,16384,36,0.833333,0.938670,0.833333,{"1":2950},0.833333,0.166667,0.000000,0.000000,0.833333,0.000000,0.000000
0.005207873,5,12,snapshot,16384,118,0.898305,0.967640,0.898305,{"1":8191,"2":1},0.898305,0.101695,0.000000,0.000000,0.898305,0.000000,0.000000
0.005453838,5,13,read_only,64,20,1.000000,1.000000,1.000000,{"1":20},1.000000,0.000000,0.000000,0.000000,1.000000,0.000000,-1.000000
0.005453838,5,13,union,64,20,1.000000,1.000000,1.000000,{"1":20},1.000000,0.000000,0.000000,0.000000,1.000000,0.000000,-1.000000
0.005453838,5,13,snapshot,64,8192,1.000000,1.000000,1.000000,{"1":8191,"2":1},0.999878,0.000122,0.000000,0.000000,0.999878,0.000122,1.000000
0.005453838,5,13,read_only,256,20,1.000000,1.000000,1.000000,{"1":20},1.000000,0.000000,0.000000,0.000000,1.000000,0.000000,-1.000000
0.005453838,5,13,union,256,20,1.000000,1.000000,1.000000,{"1":20},1.000000,0.000000,0.000000,0.000000,1.000000,0.000000,-1.000000
0.005453838,5,13,snapshot,256,4554,1.000000,1.000000,1.000000,{"1":8191,"2":1},0.999780,0.000220,0.000000,0.000000,0.999780,0.000220,1.000000
0.005453838,5,13,read_only,1024,11,1.000000,1.000000,1.000000,{"1":20},1.000000,0.000000,0.000000,0.000000,1.000000,0.000000,-1.000000
0.005453838,5,13,union,1024,11,1.000000,1.000000,1.000000,{"1":20},1.000000,0.000000,0.000000,0.000000,1.000000,0.000000,-1.000000
0.005453838,5,13,snapshot,1024,1377,0.997095,0.998548,0.997095,{"1":8191,"2":1},0.996369,0.003631,0.000000,0.000000,0.996369,0.000726,0.200000
0.005453838,5,13,read_only,4096,9,1.000000,1.000000,1.000000,{"1":20},1.000000,0.000000,0.000000,0.000000,1.000000,0.000000,-1.000000
0.005453838,5,13,union,4096,9,1.000000,1.000000,1.000000,{"1":20},1.000000,0.000000,0.000000,0.000000,1.000000,0.000000,-1.000000
0.005453838,5,13,snapshot,4096,417,0.990408,0.996403,0.990408,{"1":8191,"2":1},0.988010,0.011990,0.000000,0.000000,0.988010,0.002398,0.200000
0.005453838,5,13,read_only,16384,7,1.000000,1.000000,1.000000,{"1":20},1.000000,0.000000,0.000000,0.000000,1.000000,0.000000,-1.000000
0.005453838,5,13,union,16384,7,1.000000,1.000000,1.000000,{"1":20},1.000000,0.000000,0.000000,0.000000,1.000000,0.000000,-1.000000
0.005453838,5,13,snapshot,16384,118,0.898305,0.967405,0.898305,{"1":8191,"2":1},0.898305,0.101695,0.000000,0.000000,0.898305,0.000000,0.000000
0.005693289,5,14,read_only,64,23,1.000000,1.000000,1.000000,{"1":23},1.000000,0.000000,0.000000,0.000000,1.000000,0.000000,-1.000000
0.005693289,5,14,union,64,23,1.000000,1.000000,1.000000,{"1":23},1.000000,0.000000,0.000000,0.000000,1.000000,0.000000,-1.000000
0.005693289,5,14,snapshot,64,8192,1.000000,1.000000,1.000000,{"1":8191,"2":1},0.999878,0.000122,0.000000,0.000000,0.999878,0.000122,1.000000
0.005693289,5,14,read_only,256,21,1.000000,1.000000,1.000000,{"1":23},1.000000,0.000000,0.000000,0.000000,1.000000,0.000000,-1.000000
0.005693289,5,14,union,256,21,1.000000,1.000000,1.000000,{"1":23},1.000000,0.000000,0.000000,0.000000,1.000000,0.000000,-1.000000
0.005693289,5,14,snapshot,256,4553,1.000000,1.000000,1.000000,{"1":8191,"2":1},0.999780,0.000220,0.000000,0.000000,0.999780,0.000220,1.000000
0.005693289,5,14,read_only,1024,10,1.000000,1.000000,1.000000,{"1":23},1.000000,0.000000,0.000000,0.000000,1.000000,0.000000,-1.000000
0.005693289,5,14,union,1024,10,1.000000,1.000000,1.000000,{"1":23},1.000000,0.000000,0.000000,0.000000,1.000000,0.000000,-1.000000
0.005693289,5,14,snapshot,1024,1377,0.997095,0.998548,0.997095,{"1":8191,"2":1},0.996369,0.003631,0.000000,0.000000,0.996369,0.000726,0.200000
0.005693289,5,14,read_only,4096,6,1.000000,1.000000,1.000000,{"1":23},1.000000,0.000000,0.000000,0.000000,1.000000,0.000000,-1.000000
0.005693289,5,14,union,4096,6,1.000000,1.000000,1.000000,{"1":23},1.000000,0.000000,0.000000,0.000000,1.000000,0.000000,-1.000000
0.005693289,5,14,snapshot,4096,417,0.990408,0.996403,0.990408,{"1":8191,"2":1},0.988010,0.011990,0.000000,0.000000,0.988010,0.002398,0.200000
0.005693289,5,14,read_only,16384,5,1.000000,1.000000,1.000000,{"1":23},1.000000,0.000000,0.000000,0.000000,1.000000,0.000000,-1.000000
0.005693289,5,14,union,16384,5,1.000000,1.000000,1.000000,{"1":23},1.000000,0.000000,0.000000,0.000000,1.000000,0.000000,-1.000000
0.005693289,5,14,snapshot,16384,118,0.898305,0.967403,0.898305,{"1":8191,"2":1},0.898305,0.101695,0.000000,0.000000,0.898305,0.000000,0.000000
0.006080730,5,15,read_only,64,3298,1.000000,1.000000,1.000000,{"1":3298},1.000000,0.000000,0.000000,0.000000,1.000000,0.000000,-1.000000
0.006080730,5,15,union,64,3298,1.000000,1.000000,1.000000,{"1":3298},1.000000,0.000000,0.000000,0.000000,1.000000,0.000000,-1.000000
0.006080730,5,15,snapshot,64,8192,1.000000,1.000000,1.000000,{"1":8191,"2":1},0.999878,0.000122,0.000000,0.000000,0.999878,0.000122,1.000000
0.006080730,5,15,read_only,256,1846,1.000000,1.000000,1.000000,{"1":3298},1.000000,0.000000,0.000000,0.000000,1.000000,0.000000,-1.000000
0.006080730,5,15,union,256,1846,1.000000,1.000000,1.000000,{"1":3298},1.000000,0.000000,0.000000,0.000000,1.000000,0.000000,-1.000000
0.006080730,5,15,snapshot,256,4436,1.000000,1.000000,1.000000,{"1":8191,"2":1},0.999775,0.000225,0.000000,0.000000,0.999775,0.000225,1.000000
0.006080730,5,15,read_only,1024,561,1.000000,1.000000,1.000000,{"1":3298},1.000000,0.000000,0.000000,0.000000,1.000000,0.000000,-1.000000
0.006080730,5,15,union,1024,561,1.000000,1.000000,1.000000,{"1":3298},1.000000,0.000000,0.000000,0.000000,1.000000,0.000000,-1.000000
0.006080730,5,15,snapshot,1024,1264,0.996835,0.998418,0.996835,{"1":8191,"2":1},0.996044,0.003956,0.000000,0.000000,0.996044,0.000791,0.200000
0.006080730,5,15,read_only,4096,173,1.000000,1.000000,1.000000,{"1":3298},1.000000,0.000000,0.000000,0.000000,1.000000,0.000000,-1.000000
0.006080730,5,15,union,4096,173,1.000000,1.000000,1.000000,{"1":3298},1.000000,0.000000,0.000000,0.000000,1.000000,0.000000,-1.000000
0.006080730,5,15,snapshot,4096,370,0.989189,0.995946,0.989189,{"1":8191,"2":1},0.986486,0.013514,0.000000,0.000000,0.986486,0.002703,0.200000
0.006080730,5,15,read_only,16384,50,0.840000,0.949854,0.840000,{"1":3298},0.840000,0.160000,0.000000,0.000000,0.840000,0.000000,0.000000
0.006080730,5,15,union,16384,50,0.840000,0.949854,0.840000,{"1":3298},0.840000,0.160000,0.000000,0.000000,0.840000,0.000000,0.000000
0.006080730,5,15,snapshot,16384,111,0.873874,0.953553,0.873874,{"1":8191,"2":1},0.864865,0.135135,0.000000,0.000000,0.864865,0.009009,0.066667
0.006551103,5,16,read_only,64,3278,1.000000,1.000000,1.000000,{"1":3193,"2":85},0.974070,0.025930,0.000000,0.000000,0.974070,0.025930,1.000000
0.006551103,5,16,union,64,3555,1.000000,1.000000,1.000000,{"1":3470,"2":85},0.976090,0.023910,0.000000,0.000000,0.976090,0.023910,1.000000
0.006551103,5,16,snapshot,64,8192,1.000000,1.000000,1.000000,{"1":8107,"2":85},0.989624,0.010376,0.000000,0.000000,0.989624,0.010376,1.000000
0.006551103,5,16,read_only,256,1931,1.000000,1.000000,1.000000,{"1":3193,"2":85},0.971517,0.028483,0.000000,0.000000,0.971517,0.028483,1.000000
0.006551103,5,16,union,256,2123,0.998116,0.999058,0.998116,{"1":3470,"2":85},0.974093,0.025907,0.000000,0.000000,0.974093,0.024023,0.927273
0.006551103,5,16,snapshot,256,4659,0.994634,0.997317,0.994634,{"1":8107,"2":85},0.988195,0.011805,0.000000,0.000000,0.988195,0.006439,0.545455
0.006551103,5,16,read_only,1024,645,0.953488,0.979188,0.953488,{"1":3193,"2":85},0.925581,0.071318,0.003101,0.000000,0.925581,0.027907,0.375000
0.006551103,5,16,union,1024,721,0.950069,0.978748,0.950069,{"1":3470,"2":85},0.930652,0.066574,0.002774,0.000000,0.930652,0.019417,0.280000
0.006551103,5,16,snapshot,1024,1397,0.964925,0.986564,0.964925,{"1":8107,"2":85},0.962777,0.035791,0.001432,0.000000,0.962777,0.002147,0.057692
0.006551103,5,16,read_only,4096,222,0.648649,0.903742,0.648649,{"1":3193,"2":85},0.594595,0.396396,0.009009,0.000000,0.594595,0.054054,0.133333
0.006551103,5,16,union,4096,254,0.661417,0.905371,0.661417,{"1":3470,"2":85},0.633858,0.358268,0.007874,0.000000,0.633858,0.027559,0.075269
0.006551103,5,16,snapshot,4096,393,0.758270,0.939386,0.758270,{"1":8107,"2":85},0.758270,0.236641,0.005089,0.000000,0.758270,0.000000,0.000000
0.006551103,5,16,read_only,16384,74,0.554054,0.787975,0.554054,{"1":3193,"2":85},0.513514,0.121622,0.364865,0.000000,0.513514,0.040541,0.083333
0.006551103,5,16,union,16384,84,0.547619,0.802530,0.547619,{"1":3470,"2":85},0.547619,0.130952,0.321429,0.000000,0.547619,0.000000,0.000000
0.006551103,5,16,snapshot,16384,110,0.581818,0.830910,0.581818,{"1":8107,"2":85},0.581818,0.172727,0.245455,0.000000,0.581818,0.000000,0.000000
0.007002498,5,17,read_only,64,2674,1.000000,1.000000,1.000000,{"1":2674},1.000000,0.000000,0.000000,0.000000,1.000000,0.000000,-1.000000
0.007002498,5,17,union,64,3308,1.000000,1.000000,1.000000,{"1":3308},1.000000,0.000000,0.000000,0.000000,1.000000,0.000000,-1.000000
0.007002498,5,17,snapshot,64,8192,1.000000,1.000000,1.000000,{"1":8108,"2":84},0.989746,0.010254,0.000000,0.000000,0.989746,0.010254,1.000000
0.007002498,5,17,read_only,256,1388,1.000000,1.000000,1.000000,{"1":2674},1.000000,0.000000,0.000000,0.000000,1.000000,0.000000,-1.000000
0.007002498,5,17,union,256,1834,1.000000,1.000000,1.000000,{"1":3308},1.000000,0.000000,0.000000,0.000000,1.000000,0.000000,-1.000000
0.007002498,5,17,snapshot,256,4602,0.995002,0.997501,0.995002,{"1":8108,"2":84},0.988049,0.011951,0.000000,0.000000,0.988049,0.006953,0.581818
0.007002498,5,17,read_only,1024,387,1.000000,1.000000,1.000000,{"1":2674},1.000000,0.000000,0.000000,0.000000,1.000000,0.000000,-1.000000
0.007002498,5,17,union,1024,545,0.998165,0.999388,0.998165,{"1":3308},0.998165,0.001835,0.000000,0.000000,0.998165,0.000000,0.000000
0.007002498,5,17,snapshot,1024,1426,0.966339,0.986917,0.966339,{"1":8108,"2":84},0.964236,0.034362,0.001403,0.000000,0.964236,0.002104,0.058824
0.007002498,5,17,read_only,4096,125,1.000000,1.000000,1.000000,{"1":2674},1.000000,0.000000,0.000000,0.000000,1.000000,0.000000,-1.000000
0.007002498,5,17,union,4096,178,0.994382,0.998226,0.994382,{"1":3308},0.994382,0.005618,0.000000,0.000000,0.994382,0.000000,0.000000
0.007002498,5,17,snapshot,4096,437,0.787185,0.945886,0.787185,{"1":8108,"2":84},0.787185,0.208238,0.004577,0.000000,0.787185,0.000000,0.000000
0.007002498,5,17,read_only,16384,46,0.804348,0.927112,0.804348,{"1":2674},0.804348,0.195652,0.000000,0.000000,0.804348,0.000000,0.000000
0.007002498,5,17,union,16384,60,0.816667,0.942882,0.816667,{"1":3308},0.816667,0.183333,0.000000,0.000000,0.816667,0.000000,0.000000
0.007002498,5,17,snapshot,16384,124,0.580645,0.838492,0.580645,{"1":8108,"2":84},0.580645,0.201613,0.217742,0.000000,0.580645,0.000000,0.000000
0.007377796,5,18,read_only,64,163,1.000000,1.000000,1.000000,{"1":163},1.000000,0.000000,0.000000,0.000000,1.000000,0.000000,-1.000000
0.007377796,5,18,union,64,182,1.000000,1.000000,1.000000,{"1":182},1.000000,0.000000,0.000000,0.000000,1.000000,0.000000,-1.000000
0.007377796,5,18,snapshot,64,8192,1.000000,1.000000,1.000000,{"1":8108,"2":84},0.989746,0.010254,0.000000,0.000000,0.989746,0.010254,1.000000
0.007377796,5,18,read_only,256,124,1.000000,1.000000,1.000000,{"1":163},1.000000,0.000000,0.000000,0.000000,1.000000,0.000000,-1.000000
0.007377796,5,18,union,256,142,1.000000,1.000000,1.000000,{"1":182},1.000000,0.000000,0.000000,0.000000,1.000000,0.000000,-1.000000
0.007377796,5,18,snapshot,256,4624,0.992431,0.996215,0.992431,{"1":8108,"2":84},0.985294,0.014706,0.000000,0.000000,0.985294,0.007137,0.485294
0.007377796,5,18,read_only,1024,61,1.000000,1.000000,1.000000,{"1":163},1.000000,0.000000,0.000000,0.000000,1.000000,0.000000,-1.000000
0.007377796,5,18,union,1024,76,1.000000,1.000000,1.000000,{"1":182},1.000000,0.000000,0.000000,0.000000,1.000000,0.000000,-1.000000
0.007377796,5,18,snapshot,1024,1429,0.957313,0.984726,0.957313,{"1":8108,"2":84},0.955213,0.043387,0.001400,0.000000,0.955213,0.002099,0.046875
0.007377796,5,18,read_only,4096,39,1.000000,1.000000,1.000000,{"1":163},1.000000,0.000000,0.000000,0.000000,1.000000,0.000000,-1.000000
0.007377796,5,18,union,4096,51,1.000000,1.000000,1.000000,{"1":182},1.000000,0.000000,0.000000,0.000000,1.000000,0.000000,-1.000000
0.007377796,5,18,snapshot,4096,434,0.774194,0.943379,0.774194,{"1":8108,"2":84},0.774194,0.221198,0.004608,0.000000,0.774194,0.000000,0.000000
0.007377796,5,18,read_only,16384,20,0.600000,0.822580,0.600000,{"1":163},0.600000,0.300000,0.100000,0.000000,0.600000,0.000000,0.000000
0.007377796,5,18,union,16384,28,0.714286,0.873271,0.714286,{"1":182},0.714286,0.214286,0.071429,0.000000,0.714286,0.000000,0.000000
0.007377796,5,18,snapshot,16384,124,0.580645,0.839507,0.580645,{"1":8108,"2":84},0.580645,0.201613,0.217742,0.000000,0.580645,0.000000,0.000000
0.007615106,5,19,union,64,4,1.000000,1.000000,1.000000,{"1":4},1.000000,0.000000,0.000000,0.000000,1.000000,0.000000,-1.000000
0.007615106,5,19,snapshot,64,8192,1.000000,1.000000,1.000000,{"1":8108,"2":84},0.989746,0.010254,0.000000,0.000000,0.989746,0.010254,1.000000
0.007615106,5,19,union,256,4,1.000000,1.000000,1.000000,{"1":4},1.000000,0.000000,0.000000,0.000000,1.000000,0.000000,-1.000000
0.007615106,5,19,snapshot,256,4624,0.992431,0.996215,0.992431,{"1":8108,"2":84},0.985294,0.014706,0.000000,0.000000,0.985294,0.007137,0.485294
0.007615106,5,19,union,1024,3,1.000000,1.000000,1.000000,{"1":4},1.000000,0.000000,0.000000,0.000000,1.000000,0.000000,-1.000000
0.007615106,5,19,snapshot,1024,1429,0.957313,0.984726,0.957313,{"1":8108,"2":84},0.955213,0.043387,0.001400,0.000000,0.955213,0.002099,0.046875
0.007615106,5,19,union,4096,2,1.000000,1.000000,1.000000,{"1":4},1.000000,0.000000,0.000000,0.000000,1.000000,0.000000,-1.000000
0.007615106,5,19,snapshot,4096,434,0.774194,0.943379,0.774194,{"1":8108,"2":84},0.774194,0.221198,0.004608,0.000000,0.774194,0.000000,0.000000
0.007615106,5,19,union,16384,1,1.000000,1.000000,1.000000,{"1":4},1.000000,0.000000,0.000000,0.000000,1.000000,0.000000,-1.000000
0.007615106,5,19,snapshot,16384,124,0.580645,0.839507,0.580645,{"1":8108,"2":84},0.580645,0.201613,0.217742,0.000000,0.580645,0.000000,0.000000
0.007852337,5,20,union,64,3,1.000000,1.000000,1.000000,{"1":3},1.000000,0.000000,0.000000,0.000000,1.000000,0.000000,-1.000000
0.007852337,5,20,snapshot,64,8192,1.000000,1.000000,1.000000,{"1":8108,"2":84},0.989746,0.010254,0.000000,0.000000,0.989746,0.010254,1.000000
0.007852337,5,20,union,256,3,1.000000,1.000000,1.000000,{"1":3},1.000000,0.000000,0.000000,0.000000,1.000000,0.000000,-1.000000
0.007852337,5,20,snapshot,256,4624,0.992431,0.996215,0.992431,{"1":8108,"2":84},0.985294,0.014706,0.000000,0.000000,0.985294,0.007137,0.485294
0.007852337,5,20,union,1024,2,1.000000,1.000000,1.000000,{"1":3},1.000000,0.000000,0.000000,0.000000,1.000000,0.000000,-1.000000
0.007852337,5,20,snapshot,1024,1429,0.957313,0.984726,0.957313,{"1":8108,"2":84},0.955213,0.043387,0.001400,0.000000,0.955213,0.002099,0.046875
0.007852337,5,20,union,4096,2,1.000000,1.000000,1.000000,{"1":3},1.000000,0.000000,0.000000,0.000000,1.000000,0.000000,-1.000000
0.007852337,5,20,snapshot,4096,434,0.774194,0.943379,0.774194,{"1":8108,"2":84},0.774194,0.221198,0.004608,0.000000,0.774194,0.000000,0.000000
0.007852337,5,20,union,16384,2,1.000000,1.000000,1.000000,{"1":3},1.000000,0.000000,0.000000,0.000000,1.000000,0.000000,-1.000000
0.007852337,5,20,snapshot,16384,124,0.580645,0.839507,0.580645,{"1":8108,"2":84},0.580645,0.201613,0.217742,0.000000,0.580645,0.000000,0.000000
0.008092874,5,21,read_only,64,92,1.000000,1.000000,1.000000,{"1":92},1.000000,0.000000,0.000000,0.000000,1.000000,0.000000,-1.000000
0.008092874,5,21,union,64,93,1.000000,1.000000,1.000000,{"1":93},1.000000,0.000000,0.000000,0.000000,1.000000,0.000000,-1.000000
0.008092874,5,21,snapshot,64,8192,1.000000,1.000000,1.000000,{"1":8108,"2":84},0.989746,0.010254,0.000000,0.000000,0.989746,0.010254,1.000000
0.008092874,5,21,read_only,256,64,1.000000,1.000000,1.000000,{"1":92},1.000000,0.000000,0.000000,0.000000,1.000000,0.000000,-1.000000
0.008092874,5,21,union,256,65,1.000000,1.000000,1.000000,{"1":93},1.000000,0.000000,0.000000,0.000000,1.000000,0.000000,-1.000000
0.008092874,5,21,snapshot,256,4642,0.992460,0.996230,0.992460,{"1":8108,"2":84},0.985351,0.014649,0.000000,0.000000,0.985351,0.007109,0.485294
0.008092874,5,21,read_only,1024,30,1.000000,1.000000,1.000000,{"1":92},1.000000,0.000000,0.000000,0.000000,1.000000,0.000000,-1.000000
0.008092874,5,21,union,1024,31,1.000000,1.000000,1.000000,{"1":93},1.000000,0.000000,0.000000,0.000000,1.000000,0.000000,-1.000000
0.008092874,5,21,snapshot,1024,1447,0.957844,0.984916,0.957844,{"1":8108,"2":84},0.955771,0.042847,0.001382,0.000000,0.955771,0.002073,0.046875
0.008092874,5,21,read_only,4096,10,1.000000,1.000000,1.000000,{"1":92},1.000000,0.000000,0.000000,0.000000,1.000000,0.000000,-1.000000
0.008092874,5,21,union,4096,11,1.000000,1.000000,1.000000,{"1":93},1.000000,0.000000,0.000000,0.000000,1.000000,0.000000,-1.000000
0.008092874,5,21,snapshot,4096,441,0.777778,0.943954,0.777778,{"1":8108,"2":84},0.777778,0.217687,0.004535,0.000000,0.777778,0.000000,0.000000
0.008092874,5,21,read_only,16384,4,0.500000,0.848214,0.500000,{"1":92},0.500000,0.500000,0.000000,0.000000,0.500000,0.000000,0.000000
0.008092874,5,21,union,16384,5,0.600000,0.878571,0.600000,{"1":93},0.600000,0.400000,0.000000,0.000000,0.600000,0.000000,0.000000
0.008092874,5,21,snapshot,16384,128,0.578125,0.839370,0.578125,{"1":8108,"2":84},0.578125,0.210938,0.210938,0.000000,0.578125,0.000000,0.000000
0.008326793,5,22,read_only,64,121,1.000000,1.000000,1.000000,{"1":121},1.000000,0.000000,0.000000,0.000000,1.000000,0.000000,-1.000000
0.008326793,5,22,union,64,121,1.000000,1.000000,1.000000,{"1":121},1.000000,0.000000,0.000000,0.000000,1.000000,0.000000,-1.000000
0.008326793,5,22,snapshot,64,8192,1.000000,1.000000,1.000000,{"1":8108,"2":84},0.989746,0.010254,0.000000,0.000000,0.989746,0.010254,1.000000
0.008326793,5,22,read_only,256,80,1.000000,1.000000,1.000000,{"1":121},1.000000,0.000000,0.000000,0.000000,1.000000,0.000000,-1.000000
0.008326793,5,22,union,256,80,1.000000,1.000000,1.000000,{"1":121},1.000000,0.000000,0.000000,0.000000,1.000000,0.000000,-1.000000
0.008326793,5,22,snapshot,256,4657,0.992484,0.996242,0.992484,{"1":8108,"2":84},0.985398,0.014602,0.000000,0.000000,0.985398,0.007086,0.485294
0.008326793,5,22,read_only,1024,31,1.000000,1.000000,1.000000,{"1":121},1.000000,0.000000,0.000000,0.000000,1.000000,0.000000,-1.000000
0.008326793,5,22,union,1024,31,1.000000,1.000000,1.000000,{"1":121},1.000000,0.000000,0.000000,0.000000,1.000000,0.000000,-1.000000
0.008326793,5,22,snapshot,1024,1441,0.957668,0.984903,0.957668,{"1":8108,"2":84},0.955586,0.043026,0.001388,0.000000,0.955586,0.002082,0.046875
0.008326793,5,22,read_only,4096,10,1.000000,1.000000,1.000000,{"1":121},1.000000,0.000000,0.000000,0.000000,1.000000,0.000000,-1.000000
0.008326793,5,22,union,4096,10,1.000000,1.000000,1.000000,{"1":121},1.000000,0.000000,0.000000,0.000000,1.000000,0.000000,-1.000000
0.008326793,5,22,snapshot,4096,437,0.775744,0.943333,0.775744,{"1":8108,"2":84},0.775744,0.219680,0.004577,0.000000,0.775744,0.000000,0.000000
0.008326793,5,22,read_only,16384,4,0.500000,0.883373,0.500000,{"1":121},0.500000,0.500000,0.000000,0.000000,0.500000,0.000000,0.000000
0.008326793,5,22,union,16384,4,0.500000,0.883373,0.500000,{"1":121},0.500000,0.500000,0.000000,0.000000,0.500000,0.000000,0.000000
0.008326793,5,22,snapshot,16384,128,0.585938,0.839726,0.585938,{"1":8108,"2":84},0.585938,0.203125,0.210938,0.000000,0.585938,0.000000,0.000000
0.008568514,5,23,read_only,64,29,1.000000,1.000000,1.000000,{"1":29},1.000000,0.000000,0.000000,0.000000,1.000000,0.000000,-1.000000
0.008568514,5,23,union,64,29,1.000000,1.000000,1.000000,{"1":29},1.000000,0.000000,0.000000,0.000000,1.000000,0.000000,-1.000000
0.008568514,5,23,snapshot,64,8192,1.000000,1.000000,1.000000,{"1":8108,"2":84},0.989746,0.010254,0.000000,0.000000,0.989746,0.010254,1.000000
0.008568514,5,23,read_only,256,19,1.000000,1.000000,1.000000,{"1":29},1.000000,0.000000,0.000000,0.000000,1.000000,0.000000,-1.000000
0.008568514,5,23,union,256,19,1.000000,1.000000,1.000000,{"1":29},1.000000,0.000000,0.000000,0.000000,1.000000,0.000000,-1.000000
0.008568514,5,23,snapshot,256,4660,0.992489,0.996245,0.992489,{"1":8108,"2":84},0.985408,0.014592,0.000000,0.000000,0.985408,0.007082,0.485294
0.008568514,5,23,read_only,1024,7,1.000000,1.000000,1.000000,{"1":29},1.000000,0.000000,0.000000,0.000000,1.000000,0.000000,-1.000000
0.008568514,5,23,union,1024,7,1.000000,1.000000,1.000000,{"1":29},1.000000,0.000000,0.000000,0.000000,1.000000,0.000000,-1.000000
0.008568514,5,23,snapshot,1024,1444,0.957756,0.984934,0.957756,{"1":8108,"2":84},0.955679,0.042936,0.001385,0.000000,0.955679,0.002078,0.046875
0.008568514,5,23,read_only,4096,2,1.000000,1.000000,1.000000,{"1":29},1.000000,0.000000,0.000000,0.000000,1.000000,0.000000,-1.000000
0.008568514,5,23,union,4096,2,1.000000,1.000000,1.000000,{"1":29},1.000000,0.000000,0.000000,0.000000,1.000000,0.000000,-1.000000
0.008568514,5,23,snapshot,4096,439,0.776765,0.943591,0.776765,{"1":8108,"2":84},0.776765,0.218679,0.004556,0.000000,0.776765,0.000000,0.000000
0.008568514,5,23,read_only,16384,1,0.000000,0.689655,0.000000,{"1":29},0.000000,1.000000,0.000000,0.000000,0.000000,0.000000,0.000000
0.008568514,5,23,union,16384,1,0.000000,0.689655,0.000000,{"1":29},0.000000,1.000000,0.000000,0.000000,0.000000,0.000000,0.000000
0.008568514,5,23,snapshot,16384,129,0.581395,0.838562,0.581395,{"1":8108,"2":84},0.581395,0.209302,0.209302,0.000000,0.581395,0.000000,0.000000
0.008827873,5,24,read_only,64,260,1.000000,1.000000,1.000000,{"1":260},1.000000,0.000000,0.000000,0.000000,1.000000,0.000000,-1.000000
0.008827873,5,24,union,64,264,1.000000,1.000000,1.000000,{"1":264},1.000000,0.000000,0.000000,0.000000,1.000000,0.000000,-1.000000
0.008827873,5,24,snapshot,64,8192,1.000000,1.000000,1.000000,{"1":8108,"2":84},0.989746,0.010254,0.000000,0.000000,0.989746,0.010254,1.000000
0.008827873,5,24,read_only,256,131,1.000000,1.000000,1.000000,{"1":260},1.000000,0.000000,0.000000,0.000000,1.000000,0.000000,-1.000000
0.008827873,5,24,union,256,134,1.000000,1.000000,1.000000,{"1":264},1.000000,0.000000,0.000000,0.000000,1.000000,0.000000,-1.000000
0.008827873,5,24,snapshot,256,4664,0.992710,0.996355,0.992710,{"1":8108,"2":84},0.985635,0.014365,0.000000,0.000000,0.985635,0.007075,0.492537
0.008827873,5,24,read_only,1024,34,1.000000,1.000000,1.000000,{"1":260},1.000000,0.000000,0.000000,0.000000,1.000000,0.000000,-1.000000
0.008827873,5,24,union,1024,37,1.000000,1.000000,1.000000,{"1":264},1.000000,0.000000,0.000000,0.000000,1.000000,0.000000,-1.000000
0.008827873,5,24,snapshot,1024,1432,0.958101,0.985262,0.958101,{"1":8108,"2":84},0.956006,0.042598,0.001397,0.000000,0.956006,0.002095,0.047619
0.008827873,5,24,read_only,4096,10,1.000000,1.000000,1.000000,{"1":260},1.000000,0.000000,0.000000,0.000000,1.000000,0.000000,-1.000000
0.008827873,5,24,union,4096,13,1.000000,1.000000,1.000000,{"1":264},1.000000,0.000000,0.000000,0.000000,1.000000,0.000000,-1.000000
0.008827873,5,24,snapshot,4096,431,0.772622,0.942892,0.772622,{"1":8108,"2":84},0.772622,0.222738,0.004640,0.000000,0.772622,0.000000,0.000000
0.008827873,5,24,read_only,16384,4,0.500000,0.875000,0.500000,{"1":260},0.500000,0.500000,0.000000,0.000000,0.500000,0.000000,0.000000
0.008827873,5,24,union,16384,6,0.666667,0.916667,0.666667,{"1":264},0.666667,0.333333,0.000000,0.000000,0.666667,0.000000,0.000000
0.008827873,5,24,snapshot,16384,126,0.555556,0.831762,0.555556,{"1":8108,"2":84},0.555556,0.230159,0.214286,0.000000,0.555556,0.000000,0.000000
0.009066262,5,25,snapshot,64,8192,1.000000,1.000000,1.000000,{"1":8108,"2":84},0.989746,0.010254,0.000000,0.000000,0.989746,0.010254,1.000000
0.009066262,5,25,snapshot,256,4664,0.992710,0.996355,0.992710,{"1":8108,"2":84},0.985635,0.014365,0.000000,0.000000,0.985635,0.007075,0.492537
0.009066262,5,25,snapshot,1024,1432,0.958101,0.985262,0.958101,{"1":8108,"2":84},0.956006,0.042598,0.001397,0.000000,0.956006,0.002095,0.047619
0.009066262,5,25,snapshot,4096,431,0.772622,0.942892,0.772622,{"1":8108,"2":84},0.772622,0.222738,0.004640,0.000000,0.772622,0.000000,0.000000
0.009066262,5,25,snapshot,16384,126,0.555556,0.831762,0.555556,{"1":8108,"2":84},0.555556,0.230159,0.214286,0.000000,0.555556,0.000000,0.000000
0.009301594,5,26,read_only,64,4,1.000000,1.000000,1.000000,{"1":4},1.000000,0.000000,0.000000,0.000000,1.000000,0.000000,-1.000000
0.009301594,5,26,union,64,4,1.000000,1.000000,1.000000,{"1":4},1.000000,0.000000,0.000000,0.000000,1.000000,0.000000,-1.000000
0.009301594,5,26,snapshot,64,8192,1.000000,1.000000,1.000000,{"1":8108,"2":84},0.989746,0.010254,0.000000,0.000000,0.989746,0.010254,1.000000
0.009301594,5,26,read_only,256,2,1.000000,1.000000,1.000000,{"1":4},1.000000,0.000000,0.000000,0.000000,1.000000,0.000000,-1.000000
0.009301594,5,26,union,256,2,1.000000,1.000000,1.000000,{"1":4},1.000000,0.000000,0.000000,0.000000,1.000000,0.000000,-1.000000
0.009301594,5,26,snapshot,256,4664,0.992710,0.996355,0.992710,{"1":8108,"2":84},0.985635,0.014365,0.000000,0.000000,0.985635,0.007075,0.492537
0.009301594,5,26,read_only,1024,1,1.000000,1.000000,1.000000,{"1":4},1.000000,0.000000,0.000000,0.000000,1.000000,0.000000,-1.000000
0.009301594,5,26,union,1024,1,1.000000,1.000000,1.000000,{"1":4},1.000000,0.000000,0.000000,0.000000,1.000000,0.000000,-1.000000
0.009301594,5,26,snapshot,1024,1433,0.958130,0.985272,0.958130,{"1":8108,"2":84},0.956036,0.042568,0.001396,0.000000,0.956036,0.002094,0.047619
0.009301594,5,26,read_only,4096,1,1.000000,1.000000,1.000000,{"1":4},1.000000,0.000000,0.000000,0.000000,1.000000,0.000000,-1.000000
0.009301594,5,26,union,4096,1,1.000000,1.000000,1.000000,{"1":4},1.000000,0.000000,0.000000,0.000000,1.000000,0.000000,-1.000000
0.009301594,5,26,snapshot,4096,432,0.773148,0.943024,0.773148,{"1":8108,"2":84},0.773148,0.222222,0.004630,0.000000,0.773148,0.000000,0.000000
0.009301594,5,26,read_only,16384,1,1.000000,1.000000,1.000000,{"1":4},1.000000,0.000000,0.000000,0.000000,1.000000,0.000000,-1.000000
0.009301594,5,26,union,16384,1,1.000000,1.000000,1.000000,{"1":4},1.000000,0.000000,0.000000,0.000000,1.000000,0.000000,-1.000000
0.009301594,5,26,snapshot,16384,127,0.559055,0.833086,0.559055,{"1":8108,"2":84},0.559055,0.228346,0.212598,0.000000,0.559055,0.000000,0.000000
0.009536132,5,27,read_only,64,78,1.000000,1.000000,1.000000,{"1":78},1.000000,0.000000,0.000000,0.000000,1.000000,0.000000,-1.000000
0.009536132,5,27,union,64,78,1.000000,1.000000,1.000000,{"1":78},1.000000,0.000000,0.000000,0.000000,1.000000,0.000000,-1.000000
0.009536132,5,27,snapshot,64,8192,1.000000,1.000000,1.000000,{"1":8108,"2":84},0.989746,0.010254,0.000000,0.000000,0.989746,0.010254,1.000000
0.009536132,5,27,read_only,256,50,1.000000,1.000000,1.000000,{"1":78},1.000000,0.000000,0.000000,0.000000,1.000000,0.000000,-1.000000
0.009536132,5,27,union,256,50,1.000000,1.000000,1.000000,{"1":78},1.000000,0.000000,0.000000,0.000000,1.000000,0.000000,-1.000000
0.009536132,5,27,snapshot,256,4670,0.992719,0.996360,0.992719,{"1":8108,"2":84},0.985653,0.014347,0.000000,0.000000,0.985653,0.007066,0.492537
0.009536132,5,27,read_only,1024,15,1.000000,1.000000,1.000000,{"1":78},1.000000,0.000000,0.000000,0.000000,1.000000,0.000000,-1.000000
0.009536132,5,27,union,1024,15,1.000000,1.000000,1.000000,{"1":78},1.000000,0.000000,0.000000,0.000000,1.000000,0.000000,-1.000000
0.009536132,5,27,snapshot,1024,1438,0.958275,0.985408,0.958275,{"1":8108,"2":84},0.956189,0.042420,0.001391,0.000000,0.956189,0.002086,0.047619
0.009536132,5,27,read_only,4096,4,1.000000,1.000000,1.000000,{"1":78},1.000000,0.000000,0.000000,0.000000,1.000000,0.000000,-1.000000
0.009536132,5,27,union,4096,4,1.000000,1.000000,1.000000,{"1":78},1.000000,0.000000,0.000000,0.000000,1.000000,0.000000,-1.000000
0.009536132,5,27,snapshot,4096,435,0.774713,0.942785,0.774713,{"1":8108,"2":84},0.774713,0.220690,0.004598,0.000000,0.774713,0.000000,0.000000
0.009536132,5,27,read_only,16384,2,1.000000,1.000000,1.000000,{"1":78},1.000000,0.000000,0.000000,0.000000,1.000000,0.000000,-1.000000
0.009536132,5,27,union,16384,2,1.000000,1.000000,1.000000,{"1":78},1.000000,0.000000,0.000000,0.000000,1.000000,0.000000,-1.000000
0.009536132,5,27,snapshot,16384,129,0.565891,0.836573,0.565891,{"1":8108,"2":84},0.565891,0.224806,0.209302,0.000000,0.565891,0.000000,0.000000
0.010148627,5,28,read_only,64,33,1.000000,1.000000,1.000000,{"1":33},1.000000,0.000000,0.000000,0.000000,1.000000,0.000000,-1.000000
0.010148627,5,28,union,64,35,1.000000,1.000000,1.000000,{"1":35},1.000000,0.000000,0.000000,0.000000,1.000000,0.000000,-1.000000
0.010148627,5,28,snapshot,64,8192,1.000000,1.000000,1.000000,{"1":8108,"2":84},0.989746,0.010254,0.000000,0.000000,0.989746,0.010254,1.000000
0.010148627,5,28,read_only,256,17,1.000000,1.000000,1.000000,{"1":33},1.000000,0.000000,0.000000,0.000000,1.000000,0.000000,-1.000000
0.010148627,5,28,union,256,19,1.000000,1.000000,1.000000,{"1":35},1.000000,0.000000,0.000000,0.000000,1.000000,0.000000,-1.000000
0.010148627,5,28,snapshot,256,4670,0.992719,0.996360,0.992719,{"1":8108,"2":84},0.985653,0.014347,0.000000,0.000000,0.985653,0.007066,0.492537
0.010148627,5,28,read_only,1024,5,1.000000,1.000000,1.000000,{"1":33},1.000000,0.000000,0.000000,0.000000,1.000000,0.000000,-1.000000
0.010148627,5,28,union,1024,7,1.000000,1.000000,1.000000,{"1":35},1.000000,0.000000,0.000000,0.000000,1.000000,0.000000,-1.000000
0.010148627,5,28,snapshot,1024,1437,0.958246,0.985398,0.958246,{"1":8108,"2":84},0.956159,0.042450,0.001392,0.000000,0.956159,0.002088,0.047619
0.010148627,5,28,read_only,4096,2,1.000000,1.000000,1.000000,{"1":33},1.000000,0.000000,0.000000,0.000000,1.000000,0.000000,-1.000000
0.010148627,5,28,union,4096,4,1.000000,1.000000,1.000000,{"1":35},1.000000,0.000000,0.000000,0.000000,1.000000,0.000000,-1.000000
0.010148627,5,28,snapshot,4096,433,0.773672,0.942550,0.773672,{"1":8108,"2":84},0.773672,0.221709,0.004619,0.000000,0.773672,0.000000,0.000000
0.010148627,5,28,read_only,16384,2,1.000000,1.000000,1.000000,{"1":33},1.000000,0.000000,0.000000,0.000000,1.000000,0.000000,-1.000000
0.010148627,5,28,union,16384,4,1.000000,1.000000,1.000000,{"1":35},1.000000,0.000000,0.000000,0.000000,1.000000,0.000000,-1.000000
0.010148627,5,28,snapshot,16384,130,0.569231,0.838166,0.569231,{"1":8108,"2":84},0.569231,0.223077,0.207692,0.000000,0.569231,0.000000,0.000000
0.010381882,5,29,read_only,64,4,1.000000,1.000000,1.000000,{"1":4},1.000000,0.000000,0.000000,0.000000,1.000000,0.000000,-1.000000
0.010381882,5,29,union,64,4,1.000000,1.000000,1.000000,{"1":4},1.000000,0.000000,0.000000,0.000000,1.000000,0.000000,-1.000000
0.010381882,5,29,snapshot,64,8192,1.000000,1.000000,1.000000,{"1":8108,"2":84},0.989746,0.010254,0.000000,0.000000,0.989746,0.010254,1.000000
0.010381882,5,29,read_only,256,3,1.000000,1.000000,1.000000,{"1":4},1.000000,0.000000,0.000000,0.000000,1.000000,0.000000,-1.000000
0.010381882,5,29,union,256,3,1.000000,1.000000,1.000000,{"1":4},1.000000,0.000000,0.000000,0.000000,1.000000,0.000000,-1.000000
0.010381882,5,29,snapshot,256,4671,0.992721,0.996361,0.992721,{"1":8108,"2":84},0.985656,0.014344,0.000000,0.000000,0.985656,0.007065,0.492537
0.010381882,5,29,read_only,1024,2,1.000000,1.000000,1.000000,{"1":4},1.000000,0.000000,0.000000,0.000000,1.000000,0.000000,-1.000000
0.010381882,5,29,union,1024,2,1.000000,1.000000,1.000000,{"1":4},1.000000,0.000000,0.000000,0.000000,1.000000,0.000000,-1.000000
0.010381882,5,29,snapshot,1024,1437,0.958246,0.985398,0.958246,{"1":8108,"2":84},0.956159,0.042450,0.001392,0.000000,0.956159,0.002088,0.047619
0.010381882,5,29,read_only,4096,2,1.000000,1.000000,1.000000,{"1":4},1.000000,0.000000,0.000000,0.000000,1.000000,0.000000,-1.000000
0.010381882,5,29,union,4096,2,1.000000,1.000000,1.000000,{"1":4},1.000000,0.000000,0.000000,0.000000,1.000000,0.000000,-1.000000
0.010381882,5,29,snapshot,4096,433,0.773672,0.942624,0.773672,{"1":8108,"2":84},0.773672,0.221709,0.004619,0.000000,0.773672,0.000000,0.000000
0.010381882,5,29,read_only,16384,2,1.000000,1.000000,1.000000,{"1":4},1.000000,0.000000,0.000000,0.000000,1.000000,0.000000,-1.000000
0.010381882,5,29,union,16384,2,1.000000,1.000000,1.000000,{"1":4},1.000000,0.000000,0.000000,0.000000,1.000000,0.000000,-1.000000
0.010381882,5,29,snapshot,16384,130,0.569231,0.838341,0.569231,{"1":8108,"2":84},0.569231,0.223077,0.207692,0.000000,0.569231,0.000000,0.000000
0.010615384,5,30,snapshot,64,8192,1.000000,1.000000,1.000000,{"1":8108,"2":84},0.989746,0.010254,0.000000,0.000000,0.989746,0.010254,1.000000
0.010615384,5,30,snapshot,256,4671,0.992721,0.996361,0.992721,{"1":8108,"2":84},0.985656,0.014344,0.000000,0.000000,0.985656,0.007065,0.492537
0.010615384,5,30,snapshot,1024,1437,0.958246,0.985398,0.958246,{"1":8108,"2":84},0.956159,0.042450,0.001392,0.000000,0.956159,0.002088,0.047619
0.010615384,5,30,snapshot,4096,433,0.773672,0.942624,0.773672,{"1":8108,"2":84},0.773672,0.221709,0.004619,0.000000,0.773672,0.000000,0.000000
0.010615384,5,30,snapshot,16384,130,0.569231,0.838341,0.569231,{"1":8108,"2":84},0.569231,0.223077,0.207692,0.000000,0.569231,0.000000,0.000000
0.010849097,5,31,read_only,64,1,1.000000,1.000000,1.000000,{"1":1},1.000000,0.000000,0.000000,0.000000,1.000000,0.000000,-1.000000
0.010849097,5,31,union,64,1,1.000000,1.000000,1.000000,{"1":1},1.000000,0.000000,0.000000,0.000000,1.000000,0.000000,-1.000000
0.010849097,5,31,snapshot,64,8192,1.000000,1.000000,1.000000,{"1":8108,"2":84},0.989746,0.010254,0.000000,0.000000,0.989746,0.010254,1.000000
0.010849097,5,31,read_only,256,1,1.000000,1.000000,1.000000,{"1":1},1.000000,0.000000,0.000000,0.000000,1.000000,0.000000,-1.000000
0.010849097,5,31,union,256,1,1.000000,1.000000,1.000000,{"1":1},1.000000,0.000000,0.000000,0.000000,1.000000,0.000000,-1.000000
0.010849097,5,31,snapshot,256,4670,0.992719,0.996360,0.992719,{"1":8108,"2":84},0.985653,0.014347,0.000000,0.000000,0.985653,0.007066,0.492537
0.010849097,5,31,read_only,1024,1,1.000000,1.000000,1.000000,{"1":1},1.000000,0.000000,0.000000,0.000000,1.000000,0.000000,-1.000000
0.010849097,5,31,union,1024,1,1.000000,1.000000,1.000000,{"1":1},1.000000,0.000000,0.000000,0.000000,1.000000,0.000000,-1.000000
0.010849097,5,31,snapshot,1024,1437,0.958246,0.985398,0.958246,{"1":8108,"2":84},0.956159,0.042450,0.001392,0.000000,0.956159,0.002088,0.047619
0.010849097,5,31,read_only,4096,1,1.000000,1.000000,1.000000,{"1":1},1.000000,0.000000,0.000000,0.000000,1.000000,0.000000,-1.000000
0.010849097,5,31,union,4096,1,1.000000,1.000000,1.000000,{"1":1},1.000000,0.000000,0.000000,0.000000,1.000000,0.000000,-1.000000
0.010849097,5,31,snapshot,4096,433,0.773672,0.942604,0.773672,{"1":8108,"2":84},0.773672,0.221709,0.004619,0.000000,0.773672,0.000000,0.000000
0.010849097,5,31,read_only,16384,1,1.000000,1.000000,1.000000,{"1":1},1.000000,0.000000,0.000000,0.000000,1.000000,0.000000,-1.000000
0.010849097,5,31,union,16384,1,1.000000,1.000000,1.000000,{"1":1},1.000000,0.000000,0.000000,0.000000,1.000000,0.000000,-1.000000
0.010849097,5,31,snapshot,16384,130,0.569231,0.838351,0.569231,{"1":8108,"2":84},0.569231,0.223077,0.207692,0.000000,0.569231,0.000000,0.000000
0.011083024,5,32,read_only,64,76,1.000000,1.000000,1.000000,{"1":76},1.000000,0.000000,0.000000,0.000000,1.000000,0.000000,-1.000000
0.011083024,5,32,union,64,76,1.000000,1.000000,1.000000,{"1":76},1.000000,0.000000,0.000000,0.000000,1.000000,0.000000,-1.000000
0.011083024,5,32,snapshot,64,8192,1.000000,1.000000,1.000000,{"1":8114,"2":78},0.990479,0.009521,0.000000,0.000000,0.990479,0.009521,1.000000
0.011083024,5,32,read_only,256,50,1.000000,1.000000,1.000000,{"1":76},1.000000,0.000000,0.000000,0.000000,1.000000,0.000000,-1.000000
0.011083024,5,32,union,256,50,1.000000,1.000000,1.000000,{"1":76},1.000000,0.000000,0.000000,0.000000,1.000000,0.000000,-1.000000
0.011083024,5,32,snapshot,256,4685,0.993170,0.996585,0.993170,{"1":8114,"2":78},0.986126,0.013874,0.000000,0.000000,0.986126,0.007044,0.507692
0.011083024,5,32,read_only,1024,15,1.000000,1.000000,1.000000,{"1":76},1.000000,0.000000,0.000000,0.000000,1.000000,0.000000,-1.000000
0.011083024,5,32,union,1024,15,1.000000,1.000000,1.000000,{"1":76},1.000000,0.000000,0.000000,0.000000,1.000000,0.000000,-1.000000
0.011083024,5,32,snapshot,1024,1443,0.958420,0.985433,0.958420,{"1":8114,"2":78},0.956341,0.042273,0.001386,0.000000,0.956341,0.002079,0.047619
0.011083024,5,32,read_only,4096,4,1.000000,1.000000,1.000000,{"1":76},1.000000,0.000000,0.000000,0.000000,1.000000,0.000000,-1.000000
0.011083024,5,32,union,4096,4,1.000000,1.000000,1.000000,{"1":76},1.000000,0.000000,0.000000,0.000000,1.000000,0.000000,-1.000000
0.011083024,5,32,snapshot,4096,435,0.774713,0.942975,0.774713,{"1":8114,"2":78},0.774713,0.220690,0.004598,0.000000,0.774713,0.000000,0.000000
0.011083024,5,32,read_only,16384,2,1.000000,1.000000,1.000000,{"1":76},1.000000,0.000000,0.000000,0.000000,1.000000,0.000000,-1.000000
0.011083024,5,32,union,16384,2,1.000000,1.000000,1.000000,{"1":76},1.000000,0.000000,0.000000,0.000000,1.000000,0.000000,-1.000000
0.011083024,5,32,snapshot,16384,132,0.575758,0.839884,0.575758,{"1":8114,"2":78},0.575758,0.219697,0.204545,0.000000,0.575758,0.000000,0.000000
0.011322168,5,33,read_only,64,29,1.000000,1.000000,1.000000,{"1":29},1.000000,0.000000,0.000000,0.000000,1.000000,0.000000,-1.000000
0.011322168,5,33,union,64,30,1.000000,1.000000,1.000000,{"1":30},1.000000,0.000000,0.000000,0.000000,1.000000,0.000000,-1.000000
0.011322168,5,33,snapshot,64,8192,1.000000,1.000000,1.000000,{"1":8114,"2":78},0.990479,0.009521,0.000000,0.000000,0.990479,0.009521,1.000000
0.011322168,5,33,read_only,256,21,1.000000,1.000000,1.000000,{"1":29},1.000000,0.000000,0.000000,0.000000,1.000000,0.000000,-1.000000
0.011322168,5,33,union,256,22,1.000000,1.000000,1.000000,{"1":30},1.000000,0.000000,0.000000,0.000000,1.000000,0.000000,-1.000000
0.011322168,5,33,snapshot,256,4692,0.993393,0.996697,0.993393,{"1":8114,"2":78},0.986360,0.013640,0.000000,0.000000,0.986360,0.007033,0.515625
0.011322168,5,33,read_only,1024,7,1.000000,1.000000,1.000000,{"1":29},1.000000,0.000000,0.000000,0.000000,1.000000,0.000000,-1.000000
0.011322168,5,33,union,1024,8,1.000000,1.000000,1.000000,{"1":30},1.000000,0.000000,0.000000,0.000000,1.000000,0.000000,-1.000000
0.011322168,5,33,snapshot,1024,1446,0.958506,0.985636,0.958506,{"1":8114,"2":78},0.956432,0.042185,0.001383,0.000000,0.956432,0.002075,0.047619
0.011322168,5,33,read_only,4096,2,1.000000,1.000000,1.000000,{"1":29},1.000000,0.000000,0.000000,0.000000,1.000000,0.000000,-1.000000
0.011322168,5,33,union,4096,3,1.000000,1.000000,1.000000,{"1":30},1.000000,0.000000,0.000000,0.000000,1.000000,0.000000,-1.000000
0.011322168,5,33,snapshot,4096,437,0.775744,0.943192,0.775744,{"1":8114,"2":78},0.775744,0.219680,0.004577,0.000000,0.775744,0.000000,0.000000
0.011322168,5,33,read_only,16384,1,0.000000,0.724138,0.000000,{"1":29},0.000000,1.000000,0.000000,0.000000,0.000000,0.000000,0.000000
0.011322168,5,33,union,16384,2,0.500000,0.862069,0.500000,{"1":30},0.500000,0.500000,0.000000,0.000000,0.500000,0.000000,0.000000
0.011322168,5,33,snapshot,16384,133,0.571429,0.838876,0.571429,{"1":8114,"2":78},0.571429,0.225564,0.203008,0.000000,0.571429,0.000000,0.000000
0.011557196,5,34,snapshot,64,8192,1.000000,1.000000,1.000000,{"1":8114,"2":78},0.990479,0.009521,0.000000,0.000000,0.990479,0.009521,1.000000
0.011557196,5,34,snapshot,256,4692,0.993393,0.996697,0.993393,{"1":8114,"2":78},0.986360,0.013640,0.000000,0.000000,0.986360,0.007033,0.515625
0.011557196,5,34,snapshot,1024,1446,0.958506,0.985636,0.958506,{"1":8114,"2":78},0.956432,0.042185,0.001383,0.000000,0.956432,0.002075,0.047619
0.011557196,5,34,snapshot,4096,437,0.775744,0.943192,0.775744,{"1":8114,"2":78},0.775744,0.219680,0.004577,0.000000,0.775744,0.000000,0.000000
0.011557196,5,34,snapshot,16384,133,0.571429,0.838876,0.571429,{"1":8114,"2":78},0.571429,0.225564,0.203008,0.000000,0.571429,0.000000,0.000000
0.011790937,5,35,read_only,64,3,1.000000,1.000000,1.000000,{"1":3},1.000000,0.000000,0.000000,0.000000,1.000000,0.000000,-1.000000
0.011790937,5,35,union,64,3,1.000000,1.000000,1.000000,{"1":3},1.000000,0.000000,0.000000,0.000000,1.000000,0.000000,-1.000000
0.011790937,5,35,snapshot,64,8192,1.000000,1.000000,1.000000,{"1":8114,"2":78},0.990479,0.009521,0.000000,0.000000,0.990479,0.009521,1.000000
0.011790937,5,35,read_only,256,3,1.000000,1.000000,1.000000,{"1":3},1.000000,0.000000,0.000000,0.000000,1.000000,0.000000,-1.000000
0.011790937,5,35,union,256,3,1.000000,1.000000,1.000000,{"1":3},1.000000,0.000000,0.000000,0.000000,1.000000,0.000000,-1.000000
0.011790937,5,35,snapshot,256,4691,0.993392,0.996696,0.993392,{"1":8114,"2":78},0.986357,0.013643,0.000000,0.000000,0.986357,0.007035,0.515625
0.011790937,5,35,read_only,1024,3,1.000000,1.000000,1.000000,{"1":3},1.000000,0.000000,0.000000,0.000000,1.000000,0.000000,-1.000000
0.011790937,5,35,union,1024,3,1.000000,1.000000,1.000000,{"1":3},1.000000,0.000000,0.000000,0.000000,1.000000,0.000000,-1.000000
0.011790937,5,35,snapshot,1024,1446,0.958506,0.985694,0.958506,{"1":8114,"2":78},0.956432,0.042185,0.001383,0.000000,0.956432,0.002075,0.047619
0.011790937,5,35,read_only,4096,3,1.000000,1.000000,1.000000,{"1":3},1.000000,0.000000,0.000000,0.000000,1.000000,0.000000,-1.000000
0.011790937,5,35,union,4096,3,1.000000,1.000000,1.000000,{"1":3},1.000000,0.000000,0.000000,0.000000,1.000000,0.000000,-1.000000
0.011790937,5,35,snapshot,4096,437,0.775744,0.943258,0.775744,{"1":8114,"2":78},0.775744,0.219680,0.004577,0.000000,0.775744,0.000000,0.000000
0.011790937,5,35,read_only,16384,2,0.500000,0.750000,0.500000,{"1":3},0.500000,0.500000,0.000000,0.000000,0.500000,0.000000,0.000000
0.011790937,5,35,union,16384,2,0.500000,0.750000,0.500000,{"1":3},0.500000,0.500000,0.000000,0.000000,0.500000,0.000000,0.000000
0.011790937,5,35,snapshot,16384,133,0.571429,0.838912,0.571429,{"1":8114,"2":78},0.571429,0.225564,0.203008,0.000000,0.571429,0.000000,0.000000
0.012101706,5,36,read_only,64,11,1.000000,1.000000,1.000000,{"1":11},1.000000,0.000000,0.000000,0.000000,1.000000,0.000000,-1.000000
0.012101706,5,36,union,64,11,1.000000,1.000000,1.000000,{"1":11},1.000000,0.000000,0.000000,0.000000,1.000000,0.000000,-1.000000
0.012101706,5,36,snapshot,64,8192,1.000000,1.000000,1.000000,{"1":8114,"2":78},0.990479,0.009521,0.000000,0.000000,0.990479,0.009521,1.000000
0.012101706,5,36,read_only,256,10,1.000000,1.000000,1.000000,{"1":11},1.000000,0.000000,0.000000,0.000000,1.000000,0.000000,-1.000000
0.012101706,5,36,union,256,10,1.000000,1.000000,1.000000,{"1":11},1.000000,0.000000,0.000000,0.000000,1.000000,0.000000,-1.000000
0.012101706,5,36,snapshot,256,4684,0.991460,0.995730,0.991460,{"1":8114,"2":78},0.984415,0.015585,0.000000,0.000000,0.984415,0.007045,0.452055
0.012101706,5,36,read_only,1024,4,1.000000,1.000000,1.000000,{"1":11},1.000000,0.000000,0.000000,0.000000,1.000000,0.000000,-1.000000
0.012101706,5,36,union,1024,4,1.000000,1.000000,1.000000,{"1":11},1.000000,0.000000,0.000000,0.000000,1.000000,0.000000,-1.000000
0.012101706,5,36,snapshot,1024,1445,0.955709,0.984732,0.955709,{"1":8114,"2":78},0.953633,0.044983,0.001384,0.000000,0.953633,0.002076,0.044776
0.012101706,5,36,read_only,4096,1,1.000000,1.000000,1.000000,{"1":11},1.000000,0.000000,0.000000,0.000000,1.000000,0.000000,-1.000000
0.012101706,5,36,union,4096,1,1.000000,1.000000,1.000000,{"1":11},1.000000,0.000000,0.000000,0.000000,1.000000,0.000000,-1.000000
0.012101706,5,36,snapshot,4096,437,0.773455,0.942472,0.773455,{"1":8114,"2":78},0.773455,0.221968,0.004577,0.000000,0.773455,0.000000,0.000000
0.012101706,5,36,read_only,16384,1,1.000000,1.000000,1.000000,{"1":11},1.000000,0.000000,0.000000,0.000000,1.000000,0.000000,-1.000000
0.012101706,5,36,union,16384,1,1.000000,1.000000,1.000000,{"1":11},1.000000,0.000000,0.000000,0.000000,1.000000,0.000000,-1.000000
0.012101706,5,36,snapshot,16384,133,0.571429,0.837415,0.571429,{"1":8114,"2":78},0.571429,0.225564,0.203008,0.000000,0.571429,0.000000,0.000000
0.012335400,5,37,read_only,64,20,1.000000,1.000000,1.000000,{"1":20},1.000000,0.000000,0.000000,0.000000,1.000000,0.000000,-1.000000
0.012335400,5,37,union,64,20,1.000000,1.000000,1.000000,{"1":20},1.000000,0.000000,0.000000,0.000000,1.000000,0.000000,-1.000000
0.012335400,5,37,snapshot,64,8192,1.000000,1.000000,1.000000,{"1":8114,"2":78},0.990479,0.009521,0.000000,0.000000,0.990479,0.009521,1.000000
0.012335400,5,37,read_only,256,15,1.000000,1.000000,1.000000,{"1":20},1.000000,0.000000,0.000000,0.000000,1.000000,0.000000,-1.000000
0.012335400,5,37,union,256,15,1.000000,1.000000,1.000000,{"1":20},1.000000,0.000000,0.000000,0.000000,1.000000,0.000000,-1.000000
0.012335400,5,37,snapshot,256,4692,0.991475,0.995737,0.991475,{"1":8114,"2":78},0.984442,0.015558,0.000000,0.000000,0.984442,0.007033,0.452055
0.012335400,5,37,read_only,1024,9,1.000000,1.000000,1.000000,{"1":20},1.000000,0.000000,0.000000,0.000000,1.000000,0.000000,-1.000000
0.012335400,5,37,union,1024,9,1.000000,1.000000,1.000000,{"1":20},1.000000,0.000000,0.000000,0.000000,1.000000,0.000000,-1.000000
0.012335400,5,37,snapshot,1024,1453,0.956641,0.984988,0.956641,{"1":8114,"2":78},0.954577,0.044047,0.001376,0.000000,0.954577,0.002065,0.045455
0.012335400,5,37,read_only,4096,3,1.000000,1.000000,1.000000,{"1":20},1.000000,0.000000,0.000000,0.000000,1.000000,0.000000,-1.000000
0.012335400,5,37,union,4096,3,1.000000,1.000000,1.000000,{"1":20},1.000000,0.000000,0.000000,0.000000,1.000000,0.000000,-1.000000
0.012335400,5,37,snapshot,4096,440,0.777273,0.942921,0.777273,{"1":8114,"2":78},0.777273,0.218182,0.004545,0.000000,0.777273,0.000000,0.000000
0.012335400,5,37,read_only,16384,2,1.000000,1.000000,1.000000,{"1":20},1.000000,0.000000,0.000000,0.000000,1.000000,0.000000,-1.000000
0.012335400,5,37,union,16384,2,1.000000,1.000000,1.000000,{"1":20},1.000000,0.000000,0.000000,0.000000,1.000000,0.000000,-1.000000
0.012335400,5,37,snapshot,16384,135,0.577778,0.839861,0.577778,{"1":8114,"2":78},0.577778,0.222222,0.200000,0.000000,0.577778,0.000000,0.000000
0.012568792,5,38,read_only,64,14,1.000000,1.000000,1.000000,{"1":14},1.000000,0.000000,0.000000,0.000000,1.000000,0.000000,-1.000000
0.012568792,5,38,union,64,14,1.000000,1.000000,1.000000,{"1":14},1.000000,0.000000,0.000000,0.000000,1.000000,0.000000,-1.000000
0.012568792,5,38,snapshot,64,8192,1.000000,1.000000,1.000000,{"1":8114,"2":78},0.990479,0.009521,0.000000,0.000000,0.990479,0.009521,1.000000
0.012568792,5,38,read_only,256,9,1.000000,1.000000,1.000000,{"1":14},1.000000,0.000000,0.000000,0.000000,1.000000,0.000000,-1.000000
0.012568792,5,38,union,256,9,1.000000,1.000000,1.000000,{"1":14},1.000000,0.000000,0.000000,0.000000,1.000000,0.000000,-1.000000
0.012568792,5,38,snapshot,256,4695,0.991480,0.995740,0.991480,{"1":8114,"2":78},0.984452,0.015548,0.000000,0.000000,0.984452,0.007029,0.452055
0.012568792,5,38,read_only,1024,3,1.000000,1.000000,1.000000,{"1":14},1.000000,0.000000,0.000000,0.000000,1.000000,0.000000,-1.000000
0.012568792,5,38,union,1024,3,1.000000,1.000000,1.000000,{"1":14},1.000000,0.000000,0.000000,0.000000,1.000000,0.000000,-1.000000
0.012568792,5,38,snapshot,1024,1456,0.956731,0.985019,0.956731,{"1":8114,"2":78},0.954670,0.043956,0.001374,0.000000,0.954670,0.002060,0.045455
0.012568792,5,38,read_only,4096,1,1.000000,1.000000,1.000000,{"1":14},1.000000,0.000000,0.000000,0.000000,1.000000,0.000000,-1.000000
0.012568792,5,38,union,4096,1,1.000000,1.000000,1.000000,{"1":14},1.000000,0.000000,0.000000,0.000000,1.000000,0.000000,-1.000000
0.012568792,5,38,snapshot,4096,441,0.777778,0.943050,0.777778,{"1":8114,"2":78},0.777778,0.217687,0.004535,0.000000,0.777778,0.000000,0.000000
0.012568792,5,38,read_only,16384,1,1.000000,1.000000,1.000000,{"1":14},1.000000,0.000000,0.000000,0.000000,1.000000,0.000000,-1.000000
0.012568792,5,38,union,16384,1,1.000000,1.000000,1.000000,{"1":14},1.000000,0.000000,0.000000,0.000000,1.000000,0.000000,-1.000000
0.012568792,5,38,snapshot,16384,136,0.580882,0.841035,0.580882,{"1":8114,"2":78},0.580882,0.220588,0.198529,0.000000,0.580882,0.000000,0.000000
0.012801992,5,39,read_only,64,1,1.000000,1.000000,1.000000,{"1":1},1.000000,0.000000,0.000000,0.000000,1.000000,0.000000,-1.000000
0.012801992,5,39,union,64,1,1.000000,1.000000,1.000000,{"1":1},1.000000,0.000000,0.000000,0.000000,1.000000,0.000000,-1.000000
0.012801992,5,39,snapshot,64,8192,1.000000,1.000000,1.000000,{"1":8114,"2":78},0.990479,0.009521,0.000000,0.000000,0.990479,0.009521,1.000000
0.012801992,5,39,read_only,256,1,1.000000,1.000000,1.000000,{"1":1},1.000000,0.000000,0.000000,0.000000,1.000000,0.000000,-1.000000
0.012801992,5,39,union,256,1,1.000000,1.000000,1.000000,{"1":1},1.000000,0.000000,0.000000,0.000000,1.000000,0.000000,-1.000000
0.012801992,5,39,snapshot,256,4694,0.991478,0.995739,0.991478,{"1":8114,"2":78},0.984448,0.015552,0.000000,0.000000,0.984448,0.007030,0.452055
0.012801992,5,39,read_only,1024,1,1.000000,1.000000,1.000000,{"1":1},1.000000,0.000000,0.000000,0.000000,1.000000,0.000000,-1.000000
0.012801992,5,39,union,1024,1,1.000000,1.000000,1.000000,{"1":1},1.000000,0.000000,0.000000,0.000000,1.000000,0.000000,-1.000000
0.012801992,5,39,snapshot,1024,1456,0.956731,0.985054,0.956731,{"1":8114,"2":78},0.954670,0.043956,0.001374,0.000000,0.954670,0.002060,0.045455
0.012801992,5,39,read_only,4096,1,1.000000,1.000000,1.000000,{"1":1},1.000000,0.000000,0.000000,0.000000,1.000000,0.000000,-1.000000
0.012801992,5,39,union,4096,1,1.000000,1.000000,1.000000,{"1":1},1.000000,0.000000,0.000000,0.000000,1.000000,0.000000,-1.000000
0.012801992,5,39,snapshot,4096,441,0.777778,0.943031,0.777778,{"1":8114,"2":78},0.777778,0.217687,0.004535,0.000000,0.777778,0.000000,0.000000
0.012801992,5,39,read_only,16384,1,1.000000,1.000000,1.000000,{"1":1},1.000000,0.000000,0.000000,0.000000,1.000000,0.000000,-1.000000
0.012801992,5,39,union,16384,1,1.000000,1.000000,1.000000,{"1":1},1.000000,0.000000,0.000000,0.000000,1.000000,0.000000,-1.000000
0.012801992,5,39,snapshot,16384,136,0.580882,0.841024,0.580882,{"1":8114,"2":78},0.580882,0.220588,0.198529,0.000000,0.580882,0.000000,0.000000
0.013035292,5,40,snapshot,64,8192,1.000000,1.000000,1.000000,{"1":8114,"2":78},0.990479,0.009521,0.000000,0.000000,0.990479,0.009521,1.000000
0.013035292,5,40,snapshot,256,4694,0.991478,0.995739,0.991478,{"1":8114,"2":78},0.984448,0.015552,0.000000,0.000000,0.984448,0.007030,0.452055
0.013035292,5,40,snapshot,1024,1456,0.956731,0.985054,0.956731,{"1":8114,"2":78},0.954670,0.043956,0.001374,0.000000,0.954670,0.002060,0.045455
0.013035292,5,40,snapshot,4096,441,0.777778,0.943031,0.777778,{"1":8114,"2":78},0.777778,0.217687,0.004535,0.000000,0.777778,0.000000,0.000000
0.013035292,5,40,snapshot,16384,136,0.580882,0.841024,0.580882,{"1":8114,"2":78},0.580882,0.220588,0.198529,0.000000,0.580882,0.000000,0.000000
0.013270804,5,41,read_only,64,30,1.000000,1.000000,1.000000,{"1":30},1.000000,0.000000,0.000000,0.000000,1.000000,0.000000,-1.000000
0.013270804,5,41,union,64,30,1.000000,1.000000,1.000000,{"1":30},1.000000,0.000000,0.000000,0.000000,1.000000,0.000000,-1.000000
0.013270804,5,41,snapshot,64,8192,1.000000,1.000000,1.000000,{"1":8114,"2":78},0.990479,0.009521,0.000000,0.000000,0.990479,0.009521,1.000000
0.013270804,5,41,read_only,256,16,1.000000,1.000000,1.000000,{"1":30},1.000000,0.000000,0.000000,0.000000,1.000000,0.000000,-1.000000
0.013270804,5,41,union,256,16,1.000000,1.000000,1.000000,{"1":30},1.000000,0.000000,0.000000,0.000000,1.000000,0.000000,-1.000000
0.013270804,5,41,snapshot,256,4693,0.991477,0.995738,0.991477,{"1":8114,"2":78},0.984445,0.015555,0.000000,0.000000,0.984445,0.007032,0.452055
0.013270804,5,41,read_only,1024,5,1.000000,1.000000,1.000000,{"1":30},1.000000,0.000000,0.000000,0.000000,1.000000,0.000000,-1.000000
0.013270804,5,41,union,1024,5,1.000000,1.000000,1.000000,{"1":30},1.000000,0.000000,0.000000,0.000000,1.000000,0.000000,-1.000000
0.013270804,5,41,snapshot,1024,1457,0.956760,0.985064,0.956760,{"1":8114,"2":78},0.954701,0.043926,0.001373,0.000000,0.954701,0.002059,0.045455
0.013270804,5,41,read_only,4096,2,1.000000,1.000000,1.000000,{"1":30},1.000000,0.000000,0.000000,0.000000,1.000000,0.000000,-1.000000
0.013270804,5,41,union,4096,2,1.000000,1.000000,1.000000,{"1":30},1.000000,0.000000,0.000000,0.000000,1.000000,0.000000,-1.000000
0.013270804,5,41,snapshot,4096,441,0.777778,0.942710,0.777778,{"1":8114,"2":78},0.777778,0.217687,0.004535,0.000000,0.777778,0.000000,0.000000
0.013270804,5,41,read_only,16384,2,1.000000,1.000000,1.000000,{"1":30},1.000000,0.000000,0.000000,0.000000,1.000000,0.000000,-1.000000
0.013270804,5,41,union,16384,2,1.000000,1.000000,1.000000,{"1":30},1.000000,0.000000,0.000000,0.000000,1.000000,0.000000,-1.000000
0.013270804,5,41,snapshot,16384,137,0.591241,0.846496,0.591241,{"1":8114,"2":78},0.591241,0.211679,0.197080,0.000000,0.591241,0.000000,0.000000
0.013505120,5,42,read_only,64,5,1.000000,1.000000,1.000000,{"1":5},1.000000,0.000000,0.000000,0.000000,1.000000,0.000000,-1.000000
0.013505120,5,42,union,64,5,1.000000,1.000000,1.000000,{"1":5},1.000000,0.000000,0.000000,0.000000,1.000000,0.000000,-1.000000
0.013505120,5,42,snapshot,64,8192,1.000000,1.000000,1.000000,{"1":8114,"2":78},0.990479,0.009521,0.000000,0.000000,0.990479,0.009521,1.000000
0.013505120,5,42,read_only,256,4,1.000000,1.000000,1.000000,{"1":5},1.000000,0.000000,0.000000,0.000000,1.000000,0.000000,-1.000000
0.013505120,5,42,union,256,4,1.000000,1.000000,1.000000,{"1":5},1.000000,0.000000,0.000000,0.000000,1.000000,0.000000,-1.000000
0.013505120,5,42,snapshot,256,4694,0.991478,0.995739,0.991478,{"1":8114,"2":78},0.984448,0.015552,0.000000,0.000000,0.984448,0.007030,0.452055
0.013505120,5,42,read_only,1024,2,1.000000,1.000000,1.000000,{"1":5},1.000000,0.000000,0.000000,0.000000,1.000000,0.000000,-1.000000
0.013505120,5,42,union,1024,2,1.000000,1.000000,1.000000,{"1":5},1.000000,0.000000,0.000000,0.000000,1.000000,0.000000,-1.000000
0.013505120,5,42,snapshot,1024,1457,0.956760,0.985064,0.956760,{"1":8114,"2":78},0.954701,0.043926,0.001373,0.000000,0.954701,0.002059,0.045455
0.013505120,5,42,read_only,4096,1,1.000000,1.000000,1.000000,{"1":5},1.000000,0.000000,0.000000,0.000000,1.000000,0.000000,-1.000000
0.013505120,5,42,union,4096,1,1.000000,1.000000,1.000000,{"1":5},1.000000,0.000000,0.000000,0.000000,1.000000,0.000000,-1.000000
0.013505120,5,42,snapshot,4096,442,0.778281,0.942840,0.778281,{"1":8114,"2":78},0.778281,0.217195,0.004525,0.000000,0.778281,0.000000,0.000000
0.013505120,5,42,read_only,16384,1,1.000000,1.000000,1.000000,{"1":5},1.000000,0.000000,0.000000,0.000000,1.000000,0.000000,-1.000000
0.013505120,5,42,union,16384,1,1.000000,1.000000,1.000000,{"1":5},1.000000,0.000000,0.000000,0.000000,1.000000,0.000000,-1.000000
0.013505120,5,42,snapshot,16384,138,0.594203,0.847609,0.594203,{"1":8114,"2":78},0.594203,0.210145,0.195652,0.000000,0.594203,0.000000,0.000000
0.013739832,5,43,snapshot,64,8192,1.000000,1.000000,1.000000,{"1":8114,"2":78},0.990479,0.009521,0.000000,0.000000,0.990479,0.009521,1.000000
0.013739832,5,43,snapshot,256,4694,0.991478,0.995739,0.991478,{"1":8114,"2":78},0.984448,0.015552,0.000000,0.000000,0.984448,0.007030,0.452055
0.013739832,5,43,snapshot,1024,1457,0.956760,0.985064,0.956760,{"1":8114,"2":78},0.954701,0.043926,0.001373,0.000000,0.954701,0.002059,0.045455
0.013739832,5,43,snapshot,4096,442,0.778281,0.942840,0.778281,{"1":8114,"2":78},0.778281,0.217195,0.004525,0.000000,0.778281,0.000000,0.000000
0.013739832,5,43,snapshot,16384,138,0.594203,0.847609,0.594203,{"1":8114,"2":78},0.594203,0.210145,0.195652,0.000000,0.594203,0.000000,0.000000
0.013989934,5,44,snapshot,64,8192,1.000000,1.000000,1.000000,{"1":8114,"2":78},0.990479,0.009521,0.000000,0.000000,0.990479,0.009521,1.000000
0.013989934,5,44,snapshot,256,4694,0.991478,0.995739,0.991478,{"1":8114,"2":78},0.984448,0.015552,0.000000,0.000000,0.984448,0.007030,0.452055
0.013989934,5,44,snapshot,1024,1457,0.956760,0.985064,0.956760,{"1":8114,"2":78},0.954701,0.043926,0.001373,0.000000,0.954701,0.002059,0.045455
0.013989934,5,44,snapshot,4096,442,0.778281,0.942840,0.778281,{"1":8114,"2":78},0.778281,0.217195,0.004525,0.000000,0.778281,0.000000,0.000000
0.013989934,5,44,snapshot,16384,138,0.594203,0.847609,0.594203,{"1":8114,"2":78},0.594203,0.210145,0.195652,0.000000,0.594203,0.000000,0.000000
0.014253889,5,45,snapshot,64,8192,1.000000,1.000000,1.000000,{"1":8114,"2":78},0.990479,0.009521,0.000000,0.000000,0.990479,0.009521,1.000000
0.014253889,5,45,snapshot,256,4694,0.991478,0.995739,0.991478,{"1":8114,"2":78},0.984448,0.015552,0.000000,0.000000,0.984448,0.007030,0.452055
0.014253889,5,45,snapshot,1024,1457,0.956760,0.985064,0.956760,{"1":8114,"2":78},0.954701,0.043926,0.001373,0.000000,0.954701,0.002059,0.045455
0.014253889,5,45,snapshot,4096,442,0.778281,0.942840,0.778281,{"1":8114,"2":78},0.778281,0.217195,0.004525,0.000000,0.778281,0.000000,0.000000
0.014253889,5,45,snapshot,16384,138,0.594203,0.847609,0.594203,{"1":8114,"2":78},0.594203,0.210145,0.195652,0.000000,0.594203,0.000000,0.000000
0.014503586,5,46,read_only,64,2,1.000000,1.000000,1.000000,{"1":2},1.000000,0.000000,0.000000,0.000000,1.000000,0.000000,-1.000000
0.014503586,5,46,union,64,2,1.000000,1.000000,1.000000,{"1":2},1.000000,0.000000,0.000000,0.000000,1.000000,0.000000,-1.000000
0.014503586,5,46,snapshot,64,8192,1.000000,1.000000,1.000000,{"1":8114,"2":78},0.990479,0.009521,0.000000,0.000000,0.990479,0.009521,1.000000
0.014503586,5,46,read_only,256,2,1.000000,1.000000,1.000000,{"1":2},1.000000,0.000000,0.000000,0.000000,1.000000,0.000000,-1.000000
0.014503586,5,46,union,256,2,1.000000,1.000000,1.000000,{"1":2},1.000000,0.000000,0.000000,0.000000,1.000000,0.000000,-1.000000
0.014503586,5,46,snapshot,256,4695,0.991480,0.995740,0.991480,{"1":8114,"2":78},0.984452,0.015548,0.000000,0.000000,0.984452,0.007029,0.452055
0.014503586,5,46,read_only,1024,2,1.000000,1.000000,1.000000,{"1":2},1.000000,0.000000,0.000000,0.000000,1.000000,0.000000,-1.000000
0.014503586,5,46,union,1024,2,1.000000,1.000000,1.000000,{"1":2},1.000000,0.000000,0.000000,0.000000,1.000000,0.000000,-1.000000
0.014503586,5,46,snapshot,1024,1458,0.956790,0.985074,0.956790,{"1":8114,"2":78},0.954733,0.043896,0.001372,0.000000,0.954733,0.002058,0.045455
0.014503586,5,46,read_only,4096,2,1.000000,1.000000,1.000000,{"1":2},1.000000,0.000000,0.000000,0.000000,1.000000,0.000000,-1.000000
0.014503586,5,46,union,4096,2,1.000000,1.000000,1.000000,{"1":2},1.000000,0.000000,0.000000,0.000000,1.000000,0.000000,-1.000000
0.014503586,5,46,snapshot,4096,443,0.778781,0.943081,0.778781,{"1":8114,"2":78},0.778781,0.216704,0.004515,0.000000,0.778781,0.000000,0.000000
0.014503586,5,46,read_only,16384,2,1.000000,1.000000,1.000000,{"1":2},1.000000,0.000000,0.000000,0.000000,1.000000,0.000000,-1.000000
0.014503586,5,46,union,16384,2,1.000000,1.000000,1.000000,{"1":2},1.000000,0.000000,0.000000,0.000000,1.000000,0.000000,-1.000000
0.014503586,5,46,snapshot,16384,139,0.597122,0.848764,0.597122,{"1":8114,"2":78},0.597122,0.208633,0.194245,0.000000,0.597122,0.000000,0.000000
0.015812338,5,51,read_only,64,149,1.000000,1.000000,1.000000,{"1":149},1.000000,0.000000,0.000000,0.000000,1.000000,0.000000,-1.000000
0.015812338,5,51,union,64,149,1.000000,1.000000,1.000000,{"1":149},1.000000,0.000000,0.000000,0.000000,1.000000,0.000000,-1.000000
0.015812338,5,51,snapshot,64,149,1.000000,1.000000,1.000000,{"1":149},1.000000,0.000000,0.000000,0.000000,1.000000,0.000000,-1.000000
0.015812338,5,51,read_only,256,75,1.000000,1.000000,1.000000,{"1":149},1.000000,0.000000,0.000000,0.000000,1.000000,0.000000,-1.000000
0.015812338,5,51,union,256,75,1.000000,1.000000,1.000000,{"1":149},1.000000,0.000000,0.000000,0.000000,1.000000,0.000000,-1.000000
0.015812338,5,51,snapshot,256,75,1.000000,1.000000,1.000000,{"1":149},1.000000,0.000000,0.000000,0.000000,1.000000,0.000000,-1.000000
0.015812338,5,51,read_only,1024,20,1.000000,1.000000,1.000000,{"1":149},1.000000,0.000000,0.000000,0.000000,1.000000,0.000000,-1.000000
0.015812338,5,51,union,1024,20,1.000000,1.000000,1.000000,{"1":149},1.000000,0.000000,0.000000,0.000000,1.000000,0.000000,-1.000000
0.015812338,5,51,snapshot,1024,20,1.000000,1.000000,1.000000,{"1":149},1.000000,0.000000,0.000000,0.000000,1.000000,0.000000,-1.000000
0.015812338,5,51,read_only,4096,6,1.000000,1.000000,1.000000,{"1":149},1.000000,0.000000,0.000000,0.000000,1.000000,0.000000,-1.000000
0.015812338,5,51,union,4096,6,1.000000,1.000000,1.000000,{"1":149},1.000000,0.000000,0.000000,0.000000,1.000000,0.000000,-1.000000
0.015812338,5,51,snapshot,4096,6,1.000000,1.000000,1.000000,{"1":149},1.000000,0.000000,0.000000,0.000000,1.000000,0.000000,-1.000000
0.015812338,5,51,read_only,16384,2,1.000000,1.000000,1.000000,{"1":149},1.000000,0.000000,0.000000,0.000000,1.000000,0.000000,-1.000000
0.015812338,5,51,union,16384,2,1.000000,1.000000,1.000000,{"1":149},1.000000,0.000000,0.000000,0.000000,1.000000,0.000000,-1.000000
0.015812338,5,51,snapshot,16384,2,1.000000,1.000000,1.000000,{"1":149},1.000000,0.000000,0.000000,0.000000,1.000000,0.000000,-1.000000
0.016054739,5,52,snapshot,64,149,1.000000,1.000000,1.000000,{"1":149},1.000000,0.000000,0.000000,0.000000,1.000000,0.000000,-1.000000
0.016054739,5,52,snapshot,256,75,1.000000,1.000000,1.000000,{"1":149},1.000000,0.000000,0.000000,0.000000,1.000000,0.000000,-1.000000
0.016054739,5,52,snapshot,1024,20,1.000000,1.000000,1.000000,{"1":149},1.000000,0.000000,0.000000,0.000000,1.000000,0.000000,-1.000000
0.016054739,5,52,snapshot,4096,6,1.000000,1.000000,1.000000,{"1":149},1.000000,0.000000,0.000000,0.000000,1.000000,0.000000,-1.000000
0.016054739,5,52,snapshot,16384,2,1.000000,1.000000,1.000000,{"1":149},1.000000,0.000000,0.000000,0.000000,1.000000,0.000000,-1.000000
0.016317664,5,53,snapshot,64,149,1.000000,1.000000,1.000000,{"1":149},1.000000,0.000000,0.000000,0.000000,1.000000,0.000000,-1.000000
0.016317664,5,53,snapshot,256,75,1.000000,1.000000,1.000000,{"1":149},1.000000,0.000000,0.000000,0.000000,1.000000,0.000000,-1.000000
0.016317664,5,53,snapshot,1024,20,1.000000,1.000000,1.000000,{"1":149},1.000000,0.000000,0.000000,0.000000,1.000000,0.000000,-1.000000
0.016317664,5,53,snapshot,4096,6,1.000000,1.000000,1.000000,{"1":149},1.000000,0.000000,0.000000,0.000000,1.000000,0.000000,-1.000000
0.016317664,5,53,snapshot,16384,2,1.000000,1.000000,1.000000,{"1":149},1.000000,0.000000,0.000000,0.000000,1.000000,0.000000,-1.000000
0.016594536,5,54,read_only,64,1,1.000000,1.000000,1.000000,{"1":1},1.000000,0.000000,0.000000,0.000000,1.000000,0.000000,-1.000000
0.016594536,5,54,union,64,1,1.000000,1.000000,1.000000,{"1":1},1.000000,0.000000,0.000000,0.000000,1.000000,0.000000,-1.000000
0.016594536,5,54,snapshot,64,150,1.000000,1.000000,1.000000,{"1":150},1.000000,0.000000,0.000000,0.000000,1.000000,0.000000,-1.000000
0.016594536,5,54,read_only,256,1,1.000000,1.000000,1.000000,{"1":1},1.000000,0.000000,0.000000,0.000000,1.000000,0.000000,-1.000000
0.016594536,5,54,union,256,1,1.000000,1.000000,1.000000,{"1":1},1.000000,0.000000,0.000000,0.000000,1.000000,0.000000,-1.000000
0.016594536,5,54,snapshot,256,76,1.000000,1.000000,1.000000,{"1":150},1.000000,0.000000,0.000000,0.000000,1.000000,0.000000,-1.000000
0.016594536,5,54,read_only,1024,1,1.000000,1.000000,1.000000,{"1":1},1.000000,0.000000,0.000000,0.000000,1.000000,0.000000,-1.000000
0.016594536,5,54,union,1024,1,1.000000,1.000000,1.000000,{"1":1},1.000000,0.000000,0.000000,0.000000,1.000000,0.000000,-1.000000
0.016594536,5,54,snapshot,1024,21,1.000000,1.000000,1.000000,{"1":150},1.000000,0.000000,0.000000,0.000000,1.000000,0.000000,-1.000000
0.016594536,5,54,read_only,4096,1,1.000000,1.000000,1.000000,{"1":1},1.000000,0.000000,0.000000,0.000000,1.000000,0.000000,-1.000000
0.016594536,5,54,union,4096,1,1.000000,1.000000,1.000000,{"1":1},1.000000,0.000000,0.000000,0.000000,1.000000,0.000000,-1.000000
0.016594536,5,54,snapshot,4096,7,1.000000,1.000000,1.000000,{"1":150},1.000000,0.000000,0.000000,0.000000,1.000000,0.000000,-1.000000
0.016594536,5,54,read_only,16384,1,1.000000,1.000000,1.000000,{"1":1},1.000000,0.000000,0.000000,0.000000,1.000000,0.000000,-1.000000
0.016594536,5,54,union,16384,1,1.000000,1.000000,1.000000,{"1":1},1.000000,0.000000,0.000000,0.000000,1.000000,0.000000,-1.000000
0.016594536,5,54,snapshot,16384,3,1.000000,1.000000,1.000000,{"1":150},1.000000,0.000000,0.000000,0.000000,1.000000,0.000000,-1.000000
0.016826082,5,55,snapshot,64,150,1.000000,1.000000,1.000000,{"1":150},1.000000,0.000000,0.000000,0.000000,1.000000,0.000000,-1.000000
0.016826082,5,55,snapshot,256,76,1.000000,1.000000,1.000000,{"1":150},1.000000,0.000000,0.000000,0.000000,1.000000,0.000000,-1.000000
0.016826082,5,55,snapshot,1024,21,1.000000,1.000000,1.000000,{"1":150},1.000000,0.000000,0.000000,0.000000,1.000000,0.000000,-1.000000
0.016826082,5,55,snapshot,4096,7,1.000000,1.000000,1.000000,{"1":150},1.000000,0.000000,0.000000,0.000000,1.000000,0.000000,-1.000000
0.016826082,5,55,snapshot,16384,3,1.000000,1.000000,1.000000,{"1":150},1.000000,0.000000,0.000000,0.000000,1.000000,0.000000,-1.000000
0.017060811,5,56,read_only,64,27,1.000000,1.000000,1.000000,{"1":27},1.000000,0.000000,0.000000,0.000000,1.000000,0.000000,-1.000000
0.017060811,5,56,union,64,27,1.000000,1.000000,1.000000,{"1":27},1.000000,0.000000,0.000000,0.000000,1.000000,0.000000,-1.000000
0.017060811,5,56,snapshot,64,177,1.000000,1.000000,1.000000,{"1":177},1.000000,0.000000,0.000000,0.000000,1.000000,0.000000,-1.000000
0.017060811,5,56,read_only,256,14,1.000000,1.000000,1.000000,{"1":27},1.000000,0.000000,0.000000,0.000000,1.000000,0.000000,-1.000000
0.017060811,5,56,union,256,14,1.000000,1.000000,1.000000,{"1":27},1.000000,0.000000,0.000000,0.000000,1.000000,0.000000,-1.000000
0.017060811,5,56,snapshot,256,90,1.000000,1.000000,1.000000,{"1":177},1.000000,0.000000,0.000000,0.000000,1.000000,0.000000,-1.000000
0.017060811,5,56,read_only,1024,4,1.000000,1.000000,1.000000,{"1":27},1.000000,0.000000,0.000000,0.000000,1.000000,0.000000,-1.000000
0.017060811,5,56,union,1024,4,1.000000,1.000000,1.000000,{"1":27},1.000000,0.000000,0.000000,0.000000,1.000000,0.000000,-1.000000
0.017060811,5,56,snapshot,1024,25,1.000000,1.000000,1.000000,{"1":177},1.000000,0.000000,0.000000,0.000000,1.000000,0.000000,-1.000000
0.017060811,5,56,read_only,4096,1,1.000000,1.000000,1.000000,{"1":27},1.000000,0.000000,0.000000,0.000000,1.000000,0.000000,-1.000000
0.017060811,5,56,union,4096,1,1.000000,1.000000,1.000000,{"1":27},1.000000,0.000000,0.000000,0.000000,1.000000,0.000000,-1.000000
0.017060811,5,56,snapshot,4096,8,1.000000,1.000000,1.000000,{"1":177},1.000000,0.000000,0.000000,0.000000,1.000000,0.000000,-1.000000
0.017060811,5,56,read_only,16384,1,1.000000,1.000000,1.000000,{"1":27},1.000000,0.000000,0.000000,0.000000,1.000000,0.000000,-1.000000
0.017060811,5,56,union,16384,1,1.000000,1.000000,1.000000,{"1":27},1.000000,0.000000,0.000000,0.000000,1.000000,0.000000,-1.000000
0.017060811,5,56,snapshot,16384,4,1.000000,1.000000,1.000000,{"1":177},1.000000,0.000000,0.000000,0.000000,1.000000,0.000000,-1.000000
0.017354994,5,57,snapshot,64,177,1.000000,1.000000,1.000000,{"1":177},1.000000,0.000000,0.000000,0.000000,1.000000,0.000000,-1.000000
0.017354994,5,57,snapshot,256,90,1.000000,1.000000,1.000000,{"1":177},1.000000,0.000000,0.000000,0.000000,1.000000,0.000000,-1.000000
0.017354994,5,57,snapshot,1024,25,1.000000,1.000000,1.000000,{"1":177},1.000000,0.000000,0.000000,0.000000,1.000000,0.000000,-1.000000
0.017354994,5,57,snapshot,4096,8,1.000000,1.000000,1.000000,{"1":177},1.000000,0.000000,0.000000,0.000000,1.000000,0.000000,-1.000000
0.017354994,5,57,snapshot,16384,4,1.000000,1.000000,1.000000,{"1":177},1.000000,0.000000,0.000000,0.000000,1.000000,0.000000,-1.000000
0.017599376,5,58,read_only,64,22,1.000000,1.000000,1.000000,{"1":22},1.000000,0.000000,0.000000,0.000000,1.000000,0.000000,-1.000000
0.017599376,5,58,union,64,22,1.000000,1.000000,1.000000,{"1":22},1.000000,0.000000,0.000000,0.000000,1.000000,0.000000,-1.000000
0.017599376,5,58,snapshot,64,199,1.000000,1.000000,1.000000,{"1":199},1.000000,0.000000,0.000000,0.000000,1.000000,0.000000,-1.000000
0.017599376,5,58,read_only,256,12,1.000000,1.000000,1.000000,{"1":22},1.000000,0.000000,0.000000,0.000000,1.000000,0.000000,-1.000000
0.017599376,5,58,union,256,12,1.000000,1.000000,1.000000,{"1":22},1.000000,0.000000,0.000000,0.000000,1.000000,0.000000,-1.000000
0.017599376,5,58,snapshot,256,102,1.000000,1.000000,1.000000,{"1":199},1.000000,0.000000,0.000000,0.000000,1.000000,0.000000,-1.000000
0.017599376,5,58,read_only,1024,4,1.000000,1.000000,1.000000,{"1":22},1.000000,0.000000,0.000000,0.000000,1.000000,0.000000,-1.000000
0.017599376,5,58,union,1024,4,1.000000,1.000000,1.000000,{"1":22},1.000000,0.000000,0.000000,0.000000,1.000000,0.000000,-1.000000
0.017599376,5,58,snapshot,1024,29,1.000000,1.000000,1.000000,{"1":199},1.000000,0.000000,0.000000,0.000000,1.000000,0.000000,-1.000000
0.017599376,5,58,read_only,4096,2,1.000000,1.000000,1.000000,{"1":22},1.000000,0.000000,0.000000,0.000000,1.000000,0.000000,-1.000000
0.017599376,5,58,union,4096,2,1.000000,1.000000,1.000000,{"1":22},1.000000,0.000000,0.000000,0.000000,1.000000,0.000000,-1.000000
0.017599376,5,58,snapshot,4096,10,1.000000,1.000000,1.000000,{"1":199},1.000000,0.000000,0.000000,0.000000,1.000000,0.000000,-1.000000
0.017599376,5,58,read_only,16384,2,1.000000,1.000000,1.000000,{"1":22},1.000000,0.000000,0.000000,0.000000,1.000000,0.000000,-1.000000
0.017599376,5,58,union,16384,2,1.000000,1.000000,1.000000,{"1":22},1.000000,0.000000,0.000000,0.000000,1.000000,0.000000,-1.000000
0.017599376,5,58,snapshot,16384,6,1.000000,1.000000,1.000000,{"1":199},1.000000,0.000000,0.000000,0.000000,1.000000,0.000000,-1.000000
0.017836255,5,59,read_only,64,84,1.000000,1.000000,1.000000,{"1":84},1.000000,0.000000,0.000000,0.000000,1.000000,0.000000,-1.000000
0.017836255,5,59,union,64,84,1.000000,1.000000,1.000000,{"1":84},1.000000,0.000000,0.000000,0.000000,1.000000,0.000000,-1.000000
0.017836255,5,59,snapshot,64,283,1.000000,1.000000,1.000000,{"1":283},1.000000,0.000000,0.000000,0.000000,1.000000,0.000000,-1.000000
0.017836255,5,59,read_only,256,42,1.000000,1.000000,1.000000,{"1":84},1.000000,0.000000,0.000000,0.000000,1.000000,0.000000,-1.000000
0.017836255,5,59,union,256,42,1.000000,1.000000,1.000000,{"1":84},1.000000,0.000000,0.000000,0.000000,1.000000,0.000000,-1.000000
0.017836255,5,59,snapshot,256,144,1.000000,1.000000,1.000000,{"1":283},1.000000,0.000000,0.000000,0.000000,1.000000,0.000000,-1.000000
0.017836255,5,59,read_only,1024,11,1.000000,1.000000,1.000000,{"1":84},1.000000,0.000000,0.000000,0.000000,1.000000,0.000000,-1.000000
0.017836255,5,59,union,1024,11,1.000000,1.000000,1.000000,{"1":84},1.000000,0.000000,0.000000,0.000000,1.000000,0.000000,-1.000000
0.017836255,5,59,snapshot,1024,40,1.000000,1.000000,1.000000,{"1":283},1.000000,0.000000,0.000000,0.000000,1.000000,0.000000,-1.000000
0.017836255,5,59,read_only,4096,3,1.000000,1.000000,1.000000,{"1":84},1.000000,0.000000,0.000000,0.000000,1.000000,0.000000,-1.000000
0.017836255,5,59,union,4096,3,1.000000,1.000000,1.000000,{"1":84},1.000000,0.000000,0.000000,0.000000,1.000000,0.000000,-1.000000
0.017836255,5,59,snapshot,4096,13,1.000000,1.000000,1.000000,{"1":283},1.000000,0.000000,0.000000,0.000000,1.000000,0.000000,-1.000000
0.017836255,5,59,read_only,16384,1,1.000000,1.000000,1.000000,{"1":84},1.000000,0.000000,0.000000,0.000000,1.000000,0.000000,-1.000000
0.017836255,5,59,union,16384,1,1.000000,1.000000,1.000000,{"1":84},1.000000,0.000000,0.000000,0.000000,1.000000,0.000000,-1.000000
0.017836255,5,59,snapshot,16384,6,1.000000,1.000000,1.000000,{"1":283},1.000000,0.000000,0.000000,0.000000,1.000000,0.000000,-1.000000
0.018089191,5,60,read_only,64,84,1.000000,1.000000,1.000000,{"1":84},1.000000,0.000000,0.000000,0.000000,1.000000,0.000000,-1.000000
0.018089191,5,60,union,64,84,1.000000,1.000000,1.000000,{"1":84},1.000000,0.000000,0.000000,0.000000,1.000000,0.000000,-1.000000
0.018089191,5,60,read_only,256,42,1.000000,1.000000,1.000000,{"1":84},1.000000,0.000000,0.000000,0.000000,1.000000,0.000000,-1.000000
0.018089191,5,60,union,256,42,1.000000,1.000000,1.000000,{"1":84},1.000000,0.000000,0.000000,0.000000,1.000000,0.000000,-1.000000
0.018089191,5,60,read_only,1024,11,1.000000,1.000000,1.000000,{"1":84},1.000000,0.000000,0.000000,0.000000,1.000000,0.000000,-1.000000
0.018089191,5,60,union,1024,11,1.000000,1.000000,1.000000,{"1":84},1.000000,0.000000,0.000000,0.000000,1.000000,0.000000,-1.000000
0.018089191,5,60,read_only,4096,3,1.000000,1.000000,1.000000,{"1":84},1.000000,0.000000,0.000000,0.000000,1.000000,0.000000,-1.000000
0.018089191,5,60,union,4096,3,1.000000,1.000000,1.000000,{"1":84},1.000000,0.000000,0.000000,0.000000,1.000000,0.000000,-1.000000
0.018089191,5,60,read_only,16384,2,1.000000,1.000000,1.000000,{"1":84},1.000000,0.000000,0.000000,0.000000,1.000000,0.000000,-1.000000
0.018089191,5,60,union,16384,2,1.000000,1.000000,1.000000,{"1":84},1.000000,0.000000,0.000000,0.000000,1.000000,0.000000,-1.000000
0.018620378,5,62,read_only,64,84,1.000000,1.000000,1.000000,{"1":84},1.000000,0.000000,0.000000,0.000000,1.000000,0.000000,-1.000000
0.018620378,5,62,union,64,84,1.000000,1.000000,1.000000,{"1":84},1.000000,0.000000,0.000000,0.000000,1.000000,0.000000,-1.000000
0.018620378,5,62,snapshot,64,84,1.000000,1.000000,1.000000,{"1":84},1.000000,0.000000,0.000000,0.000000,1.000000,0.000000,-1.000000
0.018620378,5,62,read_only,256,42,1.000000,1.000000,1.000000,{"1":84},1.000000,0.000000,0.000000,0.000000,1.000000,0.000000,-1.000000
0.018620378,5,62,union,256,42,1.000000,1.000000,1.000000,{"1":84},1.000000,0.000000,0.000000,0.000000,1.000000,0.000000,-1.000000
0.018620378,5,62,snapshot,256,42,1.000000,1.000000,1.000000,{"1":84},1.000000,0.000000,0.000000,0.000000,1.000000,0.000000,-1.000000
0.018620378,5,62,read_only,1024,11,1.000000,1.000000,1.000000,{"1":84},1.000000,0.000000,0.000000,0.000000,1.000000,0.000000,-1.000000
0.018620378,5,62,union,1024,11,1.000000,1.000000,1.000000,{"1":84},1.000000,0.000000,0.000000,0.000000,1.000000,0.000000,-1.000000
0.018620378,5,62,snapshot,1024,11,1.000000,1.000000,1.000000,{"1":84},1.000000,0.000000,0.000000,0.000000,1.000000,0.000000,-1.000000
0.018620378,5,62,read_only,4096,3,1.000000,1.000000,1.000000,{"1":84},1.000000,0.000000,0.000000,0.000000,1.000000,0.000000,-1.000000
0.018620378,5,62,union,4096,3,1.000000,1.000000,1.000000,{"1":84},1.000000,0.000000,0.000000,0.000000,1.000000,0.000000,-1.000000
0.018620378,5,62,snapshot,4096,3,1.000000,1.000000,1.000000,{"1":84},1.000000,0.000000,0.000000,0.000000,1.000000,0.000000,-1.000000
0.018620378,5,62,read_only,16384,1,1.000000,1.000000,1.000000,{"1":84},1.000000,0.000000,0.000000,0.000000,1.000000,0.000000,-1.000000
0.018620378,5,62,union,16384,1,1.000000,1.000000,1.000000,{"1":84},1.000000,0.000000,0.000000,0.000000,1.000000,0.000000,-1.000000
0.018620378,5,62,snapshot,16384,1,1.000000,1.000000,1.000000,{"1":84},1.000000,0.000000,0.000000,0.000000,1.000000,0.000000,-1.000000
0.018866420,5,63,read_only,64,96,1.000000,1.000000,1.000000,{"1":96},1.000000,0.000000,0.000000,0.000000,1.000000,0.000000,-1.000000
0.018866420,5,63,union,64,96,1.000000,1.000000,1.000000,{"1":96},1.000000,0.000000,0.000000,0.000000,1.000000,0.000000,-1.000000
0.018866420,5,63,snapshot,64,180,1.000000,1.000000,1.000000,{"1":180},1.000000,0.000000,0.000000,0.000000,1.000000,0.000000,-1.000000
0.018866420,5,63,read_only,256,48,1.000000,1.000000,1.000000,{"1":96},1.000000,0.000000,0.000000,0.000000,1.000000,0.000000,-1.000000
0.018866420,5,63,union,256,48,1.000000,1.000000,1.000000,{"1":96},1.000000,0.000000,0.000000,0.000000,1.000000,0.000000,-1.000000
0.018866420,5,63,snapshot,256,90,1.000000,1.000000,1.000000,{"1":180},1.000000,0.000000,0.000000,0.000000,1.000000,0.000000,-1.000000
0.018866420,5,63,read_only,1024,12,1.000000,1.000000,1.000000,{"1":96},1.000000,0.000000,0.000000,0.000000,1.000000,0.000000,-1.000000
0.018866420,5,63,union,1024,12,1.000000,1.000000,1.000000,{"1":96},1.000000,0.000000,0.000000,0.000000,1.000000,0.000000,-1.000000
0.018866420,5,63,snapshot,1024,23,1.000000,1.000000,1.000000,{"1":180},1.000000,0.000000,0.000000,0.000000,1.000000,0.000000,-1.000000
0.018866420,5,63,read_only,4096,3,1.000000,1.000000,1.000000,{"1":96},1.000000,0.000000,0.000000,0.000000,1.000000,0.000000,-1.000000
0.018866420,5,63,union,4096,3,1.000000,1.000000,1.000000,{"1":96},1.000000,0.000000,0.000000,0.000000,1.000000,0.000000,-1.000000
0.018866420,5,63,snapshot,4096,6,1.000000,1.000000,1.000000,{"1":180},1.000000,0.000000,0.000000,0.000000,1.000000,0.000000,-1.000000
0.018866420,5,63,read_only,16384,1,1.000000,1.000000,1.000000,{"1":96},1.000000,0.000000,0.000000,0.000000,1.000000,0.000000,-1.000000
0.018866420,5,63,union,16384,1,1.000000,1.000000,1.000000,{"1":96},1.000000,0.000000,0.000000,0.000000,1.000000,0.000000,-1.000000
0.018866420,5,63,snapshot,16384,2,1.000000,1.000000,1.000000,{"1":180},1.000000,0.000000,0.000000,0.000000,1.000000,0.000000,-1.000000
0.019113964,5,64,read_only,64,59,1.000000,1.000000,1.000000,{"1":59},1.000000,0.000000,0.000000,0.000000,1.000000,0.000000,-1.000000
0.019113964,5,64,union,64,59,1.000000,1.000000,1.000000,{"1":59},1.000000,0.000000,0.000000,0.000000,1.000000,0.000000,-1.000000
0.019113964,5,64,snapshot,64,239,1.000000,1.000000,1.000000,{"1":239},1.000000,0.000000,0.000000,0.000000,1.000000,0.000000,-1.000000
0.019113964,5,64,read_only,256,30,1.000000,1.000000,1.000000,{"1":59},1.000000,0.000000,0.000000,0.000000,1.000000,0.000000,-1.000000
0.019113964,5,64,union,256,30,1.000000,1.000000,1.000000,{"1":59},1.000000,0.000000,0.000000,0.000000,1.000000,0.000000,-1.000000
0.019113964,5,64,snapshot,256,120,1.000000,1.000000,1.000000,{"1":239},1.000000,0.000000,0.000000,0.000000,1.000000,0.000000,-1.000000
0.019113964,5,64,read_only,1024,8,1.000000,1.000000,1.000000,{"1":59},1.000000,0.000000,0.000000,0.000000,1.000000,0.000000,-1.000000
0.019113964,5,64,union,1024,8,1.000000,1.000000,1.000000,{"1":59},1.000000,0.000000,0.000000,0.000000,1.000000,0.000000,-1.000000
0.019113964,5,64,snapshot,1024,31,1.000000,1.000000,1.000000,{"1":239},1.000000,0.000000,0.000000,0.000000,1.000000,0.000000,-1.000000
0.019113964,5,64,read_only,4096,2,1.000000,1.000000,1.000000,{"1":59},1.000000,0.000000,0.000000,0.000000,1.000000,0.000000,-1.000000
0.019113964,5,64,union,4096,2,1.000000,1.000000,1.000000,{"1":59},1.000000,0.000000,0.000000,0.000000,1.000000,0.000000,-1.000000
0.019113964,5,64,snapshot,4096,8,1.000000,1.000000,1.000000,{"1":239},1.000000,0.000000,0.000000,0.000000,1.000000,0.000000,-1.000000
0.019113964,5,64,read_only,16384,2,1.000000,1.000000,1.000000,{"1":59},1.000000,0.000000,0.000000,0.000000,1.000000,0.000000,-1.000000
0.019113964,5,64,union,16384,2,1.000000,1.000000,1.000000,{"1":59},1.000000,0.000000,0.000000,0.000000,1.000000,0.000000,-1.000000
0.019113964,5,64,snapshot,16384,3,1.000000,1.000000,1.000000,{"1":239},1.000000,0.000000,0.000000,0.000000,1.000000,0.000000,-1.000000
0.019378685,5,65,snapshot,64,239,1.000000,1.000000,1.000000,{"1":239},1.000000,0.000000,0.000000,0.000000,1.000000,0.000000,-1.000000
0.019378685,5,65,snapshot,256,120,1.000000,1.000000,1.000000,{"1":239},1.000000,0.000000,0.000000,0.000000,1.000000,0.000000,-1.000000
0.019378685,5,65,snapshot,1024,31,1.000000,1.000000,1.000000,{"1":239},1.000000,0.000000,0.000000,0.000000,1.000000,0.000000,-1.000000
0.019378685,5,65,snapshot,4096,8,1.000000,1.000000,1.000000,{"1":239},1.000000,0.000000,0.000000,0.000000,1.000000,0.000000,-1.000000
0.019378685,5,65,snapshot,16384,3,1.000000,1.000000,1.000000,{"1":239},1.000000,0.000000,0.000000,0.000000,1.000000,0.000000,-1.000000
0.019656069,5,66,read_only,64,1,1.000000,1.000000,1.000000,{"1":1},1.000000,0.000000,0.000000,0.000000,1.000000,0.000000,-1.000000
0.019656069,5,66,union,64,1,1.000000,1.000000,1.000000,{"1":1},1.000000,0.000000,0.000000,0.000000,1.000000,0.000000,-1.000000
0.019656069,5,66,snapshot,64,240,1.000000,1.000000,1.000000,{"1":240},1.000000,0.000000,0.000000,0.000000,1.000000,0.000000,-1.000000
0.019656069,5,66,read_only,256,1,1.000000,1.000000,1.000000,{"1":1},1.000000,0.000000,0.000000,0.000000,1.000000,0.000000,-1.000000
0.019656069,5,66,union,256,1,1.000000,1.000000,1.000000,{"1":1},1.000000,0.000000,0.000000,0.000000,1.000000,0.000000,-1.000000
0.019656069,5,66,snapshot,256,121,1.000000,1.000000,1.000000,{"1":240},1.000000,0.000000,0.000000,0.000000,1.000000,0.000000,-1.000000
0.019656069,5,66,read_only,1024,1,1.000000,1.000000,1.000000,{"1":1},1.000000,0.000000,0.000000,0.000000,1.000000,0.000000,-1.000000
0.019656069,5,66,union,1024,1,1.000000,1.000000,1.000000,{"1":1},1.000000,0.000000,0.000000,0.000000,1.000000,0.000000,-1.000000
0.019656069,5,66,snapshot,1024,32,1.000000,1.000000,1.000000,{"1":240},1.000000,0.000000,0.000000,0.000000,1.000000,0.000000,-1.000000
0.019656069,5,66,read_only,4096,1,1.000000,1.000000,1.000000,{"1":1},1.000000,0.000000,0.000000,0.000000,1.000000,0.000000,-1.000000
0.019656069,5,66,union,4096,1,1.000000,1.000000,1.000000,{"1":1},1.000000,0.000000,0.000000,0.000000,1.000000,0.000000,-1.000000
0.019656069,5,66,snapshot,4096,9,1.000000,1.000000,1.000000,{"1":240},1.000000,0.000000,0.000000,0.000000,1.000000,0.000000,-1.000000
0.019656069,5,66,read_only,16384,1,1.000000,1.000000,1.000000,{"1":1},1.000000,0.000000,0.000000,0.000000,1.000000,0.000000,-1.000000
0.019656069,5,66,union,16384,1,1.000000,1.000000,1.000000,{"1":1},1.000000,0.000000,0.000000,0.000000,1.000000,0.000000,-1.000000
0.019656069,5,66,snapshot,16384,4,1.000000,1.000000,1.000000,{"1":240},1.000000,0.000000,0.000000,0.000000,1.000000,0.000000,-1.000000
0.019889794,5,67,snapshot,64,240,1.000000,1.000000,1.000000,{"1":240},1.000000,0.000000,0.000000,0.000000,1.000000,0.000000,-1.000000
0.019889794,5,67,snapshot,256,121,1.000000,1.000000,1.000000,{"1":240},1.000000,0.000000,0.000000,0.000000,1.000000,0.000000,-1.000000
0.019889794,5,67,snapshot,1024,32,1.000000,1.000000,1.000000,{"1":240},1.000000,0.000000,0.000000,0.000000,1.000000,0.000000,-1.000000
0.019889794,5,67,snapshot,4096,9,1.000000,1.000000,1.000000,{"1":240},1.000000,0.000000,0.000000,0.000000,1.000000,0.000000,-1.000000
0.019889794,5,67,snapshot,16384,4,1.000000,1.000000,1.000000,{"1":240},1.000000,0.000000,0.000000,0.000000,1.000000,0.000000,-1.000000
0.020124972,5,68,read_only,64,315,1.000000,1.000000,1.000000,{"1":315},1.000000,0.000000,0.000000,0.000000,1.000000,0.000000,-1.000000
0.020124972,5,68,union,64,315,1.000000,1.000000,1.000000,{"1":315},1.000000,0.000000,0.000000,0.000000,1.000000,0.000000,-1.000000
0.020124972,5,68,snapshot,64,555,1.000000,1.000000,1.000000,{"1":555},1.000000,0.000000,0.000000,0.000000,1.000000,0.000000,-1.000000
0.020124972,5,68,read_only,256,158,1.000000,1.000000,1.000000,{"1":315},1.000000,0.000000,0.000000,0.000000,1.000000,0.000000,-1.000000
0.020124972,5,68,union,256,158,1.000000,1.000000,1.000000,{"1":315},1.000000,0.000000,0.000000,0.000000,1.000000,0.000000,-1.000000
0.020124972,5,68,snapshot,256,279,1.000000,1.000000,1.000000,{"1":555},1.000000,0.000000,0.000000,0.000000,1.000000,0.000000,-1.000000
0.020124972,5,68,read_only,1024,40,1.000000,1.000000,1.000000,{"1":315},1.000000,0.000000,0.000000,0.000000,1.000000,0.000000,-1.000000
0.020124972,5,68,union,1024,40,1.000000,1.000000,1.000000,{"1":315},1.000000,0.000000,0.000000,0.000000,1.000000,0.000000,-1.000000
0.020124972,5,68,snapshot,1024,72,1.000000,1.000000,1.000000,{"1":555},1.000000,0.000000,0.000000,0.000000,1.000000,0.000000,-1.000000
0.020124972,5,68,read_only,4096,10,1.000000,1.000000,1.000000,{"1":315},1.000000,0.000000,0.000000,0.000000,1.000000,0.000000,-1.000000
0.020124972,5,68,union,4096,10,1.000000,1.000000,1.000000,{"1":315},1.000000,0.000000,0.000000,0.000000,1.000000,0.000000,-1.000000
0.020124972,5,68,snapshot,4096,19,1.000000,1.000000,1.000000,{"1":555},1.000000,0.000000,0.000000,0.000000,1.000000,0.000000,-1.000000
0.020124972,5,68,read_only,16384,3,1.000000,1.000000,1.000000,{"1":315},1.000000,0.000000,0.000000,0.000000,1.000000,0.000000,-1.000000
0.020124972,5,68,union,16384,3,1.000000,1.000000,1.000000,{"1":315},1.000000,0.000000,0.000000,0.000000,1.000000,0.000000,-1.000000
0.020124972,5,68,snapshot,16384,7,1.000000,1.000000,1.000000,{"1":555},1.000000,0.000000,0.000000,0.000000,1.000000,0.000000,-1.000000
0.020421453,5,69,read_only,64,32,1.000000,1.000000,1.000000,{"1":32},1.000000,0.000000,0.000000,0.000000,1.000000,0.000000,-1.000000
0.020421453,5,69,union,64,32,1.000000,1.000000,1.000000,{"1":32},1.000000,0.000000,0.000000,0.000000,1.000000,0.000000,-1.000000
0.020421453,5,69,snapshot,64,587,1.000000,1.000000,1.000000,{"1":587},1.000000,0.000000,0.000000,0.000000,1.000000,0.000000,-1.000000
0.020421453,5,69,read_only,256,16,1.000000,1.000000,1.000000,{"1":32},1.000000,0.000000,0.000000,0.000000,1.000000,0.000000,-1.000000
0.020421453,5,69,union,256,16,1.000000,1.000000,1.000000,{"1":32},1.000000,0.000000,0.000000,0.000000,1.000000,0.000000,-1.000000
0.020421453,5,69,snapshot,256,295,1.000000,1.000000,1.000000,{"1":587},1.000000,0.000000,0.000000,0.000000,1.000000,0.000000,-1.000000
0.020421453,5,69,read_only,1024,4,1.000000,1.000000,1.000000,{"1":32},1.000000,0.000000,0.000000,0.000000,1.000000,0.000000,-1.000000
0.020421453,5,69,union,1024,4,1.000000,1.000000,1.000000,{"1":32},1.000000,0.000000,0.000000,0.000000,1.000000,0.000000,-1.000000
0.020421453,5,69,snapshot,1024,76,1.000000,1.000000,1.000000,{"1":587},1.000000,0.000000,0.000000,0.000000,1.000000,0.000000,-1.000000
0.020421453,5,69,read_only,4096,1,1.000000,1.000000,1.000000,{"1":32},1.000000,0.000000,0.000000,0.000000,1.000000,0.000000,-1.000000
0.020421453,5,69,union,4096,1,1.000000,1.000000,1.000000,{"1":32},1.000000,0.000000,0.000000,0.000000,1.000000,0.000000,-1.000000
0.020421453,5,69,snapshot,4096,20,1.000000,1.000000,1.000000,{"1":587},1.000000,0.000000,0.000000,0.000000,1.000000,0.000000,-1.000000
0.020421453,5,69,read_only,16384,1,1.000000,1.000000,1.000000,{"1":32},1.000000,0.000000,0.000000,0.000000,1.000000,0.000000,-1.000000
0.020421453,5,69,union,16384,1,1.000000,1.000000,1.000000,{"1":32},1.000000,0.000000,0.000000,0.000000,1.000000,0.000000,-1.000000
0.020421453,5,69,snapshot,16384,8,1.000000,1.000000,1.000000,{"1":587},1.000000,0.000000,0.000000,0.000000,1.000000,0.000000,-1.000000
0.020680172,5,70,read_only,64,256,1.000000,1.000000,1.000000,{"1":256},1.000000,0.000000,0.000000,0.000000,1.000000,0.000000,-1.000000
0.020680172,5,70,union,64,256,1.000000,1.000000,1.000000,{"1":256},1.000000,0.000000,0.000000,0.000000,1.000000,0.000000,-1.000000
0.020680172,5,70,snapshot,64,843,1.000000,1.000000,1.000000,{"1":843},1.000000,0.000000,0.000000,0.000000,1.000000,0.000000,-1.000000
0.020680172,5,70,read_only,256,128,1.000000,1.000000,1.000000,{"1":256},1.000000,0.000000,0.000000,0.000000,1.000000,0.000000,-1.000000
0.020680172,5,70,union,256,128,1.000000,1.000000,1.000000,{"1":256},1.000000,0.000000,0.000000,0.000000,1.000000,0.000000,-1.000000
0.020680172,5,70,snapshot,256,423,1.000000,1.000000,1.000000,{"1":843},1.000000,0.000000,0.000000,0.000000,1.000000,0.000000,-1.000000
0.020680172,5,70,read_only,1024,32,1.000000,1.000000,1.000000,{"1":256},1.000000,0.000000,0.000000,0.000000,1.000000,0.000000,-1.000000
0.020680172,5,70,union,1024,32,1.000000,1.000000,1.000000,{"1":256},1.000000,0.000000,0.000000,0.000000,1.000000,0.000000,-1.000000
0.020680172,5,70,snapshot,1024,108,1.000000,1.000000,1.000000,{"1":843},1.000000,0.000000,0.000000,0.000000,1.000000,0.000000,-1.000000
0.020680172,5,70,read_only,4096,8,1.000000,1.000000,1.000000,{"1":256},1.000000,0.000000,0.000000,0.000000,1.000000,0.000000,-1.000000
0.020680172,5,70,union,4096,8,1.000000,1.000000,1.000000,{"1":256},1.000000,0.000000,0.000000,0.000000,1.000000,0.000000,-1.000000
0.020680172,5,70,snapshot,4096,28,1.000000,1.000000,1.000000,{"1":843},1.000000,0.000000,0.000000,0.000000,1.000000,0.000000,-1.000000
0.020680172,5,70,read_only,16384,3,0.333333,0.722222,0.333333,{"1":256},0.333333,0.666667,0.000000,0.000000,0.333333,0.000000,0.000000
0.020680172,5,70,union,16384,3,0.333333,0.722222,0.333333,{"1":256},0.333333,0.666667,0.000000,0.000000,0.333333,0.000000,0.000000
0.020680172,5,70,snapshot,16384,11,0.818182,0.924242,0.818182,{"1":843},0.818182,0.181818,0.000000,0.000000,0.818182,0.000000,0.000000
0.020979564,5,71,snapshot,64,843,1.000000,1.000000,1.000000,{"1":843},1.000000,0.000000,0.000000,0.000000,1.000000,0.000000,-1.000000
0.020979564,5,71,snapshot,256,423,1.000000,1.000000,1.000000,{"1":843},1.000000,0.000000,0.000000,0.000000,1.000000,0.000000,-1.000000
0.020979564,5,71,snapshot,1024,108,1.000000,1.000000,1.000000,{"1":843},1.000000,0.000000,0.000000,0.000000,1.000000,0.000000,-1.000000
0.020979564,5,71,snapshot,4096,28,1.000000,1.000000,1.000000,{"1":843},1.000000,0.000000,0.000000,0.000000,1.000000,0.000000,-1.000000
0.020979564,5,71,snapshot,16384,11,0.818182,0.924242,0.818182,{"1":843},0.818182,0.181818,0.000000,0.000000,0.818182,0.000000,0.000000
0.021243015,5,72,read_only,64,264,1.000000,1.000000,1.000000,{"1":264},1.000000,0.000000,0.000000,0.000000,1.000000,0.000000,-1.000000
0.021243015,5,72,union,64,264,1.000000,1.000000,1.000000,{"1":264},1.000000,0.000000,0.000000,0.000000,1.000000,0.000000,-1.000000
0.021243015,5,72,snapshot,64,144,1.000000,1.000000,1.000000,{"1":144},1.000000,0.000000,0.000000,0.000000,1.000000,0.000000,-1.000000
0.021243015,5,72,read_only,256,132,1.000000,1.000000,1.000000,{"1":264},1.000000,0.000000,0.000000,0.000000,1.000000,0.000000,-1.000000
0.021243015,5,72,union,256,132,1.000000,1.000000,1.000000,{"1":264},1.000000,0.000000,0.000000,0.000000,1.000000,0.000000,-1.000000
0.021243015,5,72,snapshot,256,72,1.000000,1.000000,1.000000,{"1":144},1.000000,0.000000,0.000000,0.000000,1.000000,0.000000,-1.000000
0.021243015,5,72,read_only,1024,33,1.000000,1.000000,1.000000,{"1":264},1.000000,0.000000,0.000000,0.000000,1.000000,0.000000,-1.000000
0.021243015,5,72,union,1024,33,1.000000,1.000000,1.000000,{"1":264},1.000000,0.000000,0.000000,0.000000,1.000000,0.000000,-1.000000
0.021243015,5,72,snapshot,1024,18,1.000000,1.000000,1.000000,{"1":144},1.000000,0.000000,0.000000,0.000000,1.000000,0.000000,-1.000000
0.021243015,5,72,read_only,4096,9,1.000000,1.000000,1.000000,{"1":264},1.000000,0.000000,0.000000,0.000000,1.000000,0.000000,-1.000000
0.021243015,5,72,union,4096,9,1.000000,1.000000,1.000000,{"1":264},1.000000,0.000000,0.000000,0.000000,1.000000,0.000000,-1.000000
0.021243015,5,72,snapshot,4096,5,1.000000,1.000000,1.000000,{"1":144},1.000000,0.000000,0.000000,0.000000,1.000000,0.000000,-1.000000
0.021243015,5,72,read_only,16384,5,0.600000,0.800000,0.600000,{"1":264},0.600000,0.400000,0.000000,0.000000,0.600000,0.000000,0.000000
0.021243015,5,72,union,16384,5,0.600000,0.800000,0.600000,{"1":264},0.600000,0.400000,0.000000,0.000000,0.600000,0.000000,0.000000
0.021243015,5,72,snapshot,16384,3,0.333333,0.666667,0.333333,{"1":144},0.333333,0.666667,0.000000,0.000000,0.333333,0.000000,0.000000
0.021479805,5,73,read_only,64,16,1.000000,1.000000,1.000000,{"1":16},1.000000,0.000000,0.000000,0.000000,1.000000,0.000000,-1.000000
0.021479805,5,73,union,64,16,1.000000,1.000000,1.000000,{"1":16},1.000000,0.000000,0.000000,0.000000,1.000000,0.000000,-1.000000
0.021479805,5,73,snapshot,64,160,1.000000,1.000000,1.000000,{"1":160},1.000000,0.000000,0.000000,0.000000,1.000000,0.000000,-1.000000
0.021479805,5,73,read_only,256,8,1.000000,1.000000,1.000000,{"1":16},1.000000,0.000000,0.000000,0.000000,1.000000,0.000000,-1.000000
0.021479805,5,73,union,256,8,1.000000,1.000000,1.000000,{"1":16},1.000000,0.000000,0.000000,0.000000,1.000000,0.000000,-1.000000
0.021479805,5,73,snapshot,256,80,1.000000,1.000000,1.000000,{"1":160},1.000000,0.000000,0.000000,0.000000,1.000000,0.000000,-1.000000
0.021479805,5,73,read_only,1024,2,1.000000,1.000000,1.000000,{"1":16},1.000000,0.000000,0.000000,0.000000,1.000000,0.000000,-1.000000
0.021479805,5,73,union,1024,2,1.000000,1.000000,1.000000,{"1":16},1.000000,0.000000,0.000000,0.000000,1.000000,0.000000,-1.000000
0.021479805,5,73,snapshot,1024,20,1.000000,1.000000,1.000000,{"1":160},1.000000,0.000000,0.000000,0.000000,1.000000,0.000000,-1.000000
0.021479805,5,73,read_only,4096,1,1.000000,1.000000,1.000000,{"1":16},1.000000,0.000000,0.000000,0.000000,1.000000,0.000000,-1.000000
0.021479805,5,73,union,4096,1,1.000000,1.000000,1.000000,{"1":16},1.000000,0.000000,0.000000,0.000000,1.000000,0.000000,-1.000000
0.021479805,5,73,snapshot,4096,5,1.000000,1.000000,1.000000,{"1":160},1.000000,0.000000,0.000000,0.000000,1.000000,0.000000,-1.000000
0.021479805,5,73,read_only,16384,1,1.000000,1.000000,1.000000,{"1":16},1.000000,0.000000,0.000000,0.000000,1.000000,0.000000,-1.000000
0.021479805,5,73,union,16384,1,1.000000,1.000000,1.000000,{"1":16},1.000000,0.000000,0.000000,0.000000,1.000000,0.000000,-1.000000
0.021479805,5,73,snapshot,16384,3,0.333333,0.666667,0.333333,{"1":160},0.333333,0.666667,0.000000,0.000000,0.333333,0.000000,0.000000
0.021798291,5,74,read_only,64,377,1.000000,1.000000,1.000000,{"1":377},1.000000,0.000000,0.000000,0.000000,1.000000,0.000000,-1.000000
0.021798291,5,74,union,64,377,1.000000,1.000000,1.000000,{"1":377},1.000000,0.000000,0.000000,0.000000,1.000000,0.000000,-1.000000
0.021798291,5,74,snapshot,64,537,1.000000,1.000000,1.000000,{"1":537},1.000000,0.000000,0.000000,0.000000,1.000000,0.000000,-1.000000
0.021798291,5,74,read_only,256,189,1.000000,1.000000,1.000000,{"1":377},1.000000,0.000000,0.000000,0.000000,1.000000,0.000000,-1.000000
0.021798291,5,74,union,256,189,1.000000,1.000000,1.000000,{"1":377},1.000000,0.000000,0.000000,0.000000,1.000000,0.000000,-1.000000
0.021798291,5,74,snapshot,256,269,1.000000,1.000000,1.000000,{"1":537},1.000000,0.000000,0.000000,0.000000,1.000000,0.000000,-1.000000
0.021798291,5,74,read_only,1024,48,1.000000,1.000000,1.000000,{"1":377},1.000000,0.000000,0.000000,0.000000,1.000000,0.000000,-1.000000
0.021798291,5,74,union,1024,48,1.000000,1.000000,1.000000,{"1":377},1.000000,0.000000,0.000000,0.000000,1.000000,0.000000,-1.000000
0.021798291,5,74,snapshot,1024,68,1.000000,1.000000,1.000000,{"1":537},1.000000,0.000000,0.000000,0.000000,1.000000,0.000000,-1.000000
0.021798291,5,74,read_only,4096,13,1.000000,1.000000,1.000000,{"1":377},1.000000,0.000000,0.000000,0.000000,1.000000,0.000000,-1.000000
0.021798291,5,74,union,4096,13,1.000000,1.000000,1.000000,{"1":377},1.000000,0.000000,0.000000,0.000000,1.000000,0.000000,-1.000000
0.021798291,5,74,snapshot,4096,18,1.000000,1.000000,1.000000,{"1":537},1.000000,0.000000,0.000000,0.000000,1.000000,0.000000,-1.000000
0.021798291,5,74,read_only,16384,6,0.666667,0.861111,0.666667,{"1":377},0.666667,0.166667,0.166667,0.000000,0.666667,0.000000,0.000000
0.021798291,5,74,union,16384,6,0.666667,0.861111,0.666667,{"1":377},0.666667,0.166667,0.166667,0.000000,0.666667,0.000000,0.000000
0.021798291,5,74,snapshot,16384,9,0.555556,0.796296,0.555556,{"1":537},0.555556,0.333333,0.111111,0.000000,0.555556,0.000000,0.000000
0.022098343,5,75,read_only,64,927,1.000000,1.000000,1.000000,{"1":927},1.000000,0.000000,0.000000,0.000000,1.000000,0.000000,-1.000000
0.022098343,5,75,union,64,927,1.000000,1.000000,1.000000,{"1":927},1.000000,0.000000,0.000000,0.000000,1.000000,0.000000,-1.000000
0.022098343,5,75,snapshot,64,1464,1.000000,1.000000,1.000000,{"1":1464},1.000000,0.000000,0.000000,0.000000,1.000000,0.000000,-1.000000
0.022098343,5,75,read_only,256,475,1.000000,1.000000,1.000000,{"1":927},1.000000,0.000000,0.000000,0.000000,1.000000,0.000000,-1.000000
0.022098343,5,75,union,256,475,1.000000,1.000000,1.000000,{"1":927},1.000000,0.000000,0.000000,0.000000,1.000000,0.000000,-1.000000
0.022098343,5,75,snapshot,256,744,1.000000,1.000000,1.000000,{"1":1464},1.000000,0.000000,0.000000,0.000000,1.000000,0.000000,-1.000000
0.022098343,5,75,read_only,1024,120,1.000000,1.000000,1.000000,{"1":927},1.000000,0.000000,0.000000,0.000000,1.000000,0.000000,-1.000000
0.022098343,5,75,union,1024,120,1.000000,1.000000,1.000000,{"1":927},1.000000,0.000000,0.000000,0.000000,1.000000,0.000000,-1.000000
0.022098343,5,75,snapshot,1024,188,1.000000,1.000000,1.000000,{"1":1464},1.000000,0.000000,0.000000,0.000000,1.000000,0.000000,-1.000000
0.022098343,5,75,read_only,4096,30,1.000000,1.000000,1.000000,{"1":927},1.000000,0.000000,0.000000,0.000000,1.000000,0.000000,-1.000000
0.022098343,5,75,union,4096,30,1.000000,1.000000,1.000000,{"1":927},1.000000,0.000000,0.000000,0.000000,1.000000,0.000000,-1.000000
0.022098343,5,75,snapshot,4096,48,1.000000,1.000000,1.000000,{"1":1464},1.000000,0.000000,0.000000,0.000000,1.000000,0.000000,-1.000000
0.022098343,5,75,read_only,16384,9,1.000000,1.000000,1.000000,{"1":927},1.000000,0.000000,0.000000,0.000000,1.000000,0.000000,-1.000000
0.022098343,5,75,union,16384,9,1.000000,1.000000,1.000000,{"1":927},1.000000,0.000000,0.000000,0.000000,1.000000,0.000000,-1.000000
0.022098343,5,75,snapshot,16384,18,0.777778,0.898148,0.777778,{"1":1464},0.777778,0.166667,0.055556,0.000000,0.777778,0.000000,0.000000
0.022335926,5,76,read_only,64,513,1.000000,1.000000,1.000000,{"1":513},1.000000,0.000000,0.000000,0.000000,1.000000,0.000000,-1.000000
0.022335926,5,76,union,64,513,1.000000,1.000000,1.000000,{"1":513},1.000000,0.000000,0.000000,0.000000,1.000000,0.000000,-1.000000
0.022335926,5,76,snapshot,64,1977,1.000000,1.000000,1.000000,{"1":1977},1.000000,0.000000,0.000000,0.000000,1.000000,0.000000,-1.000000
0.022335926,5,76,read_only,256,268,1.000000,1.000000,1.000000,{"1":513},1.000000,0.000000,0.000000,0.000000,1.000000,0.000000,-1.000000
0.022335926,5,76,union,256,268,1.000000,1.000000,1.000000,{"1":513},1.000000,0.000000,0.000000,0.000000,1.000000,0.000000,-1.000000
0.022335926,5,76,snapshot,256,989,1.000000,1.000000,1.000000,{"1":1977},1.000000,0.000000,0.000000,0.000000,1.000000,0.000000,-1.000000
0.022335926,5,76,read_only,1024,74,1.000000,1.000000,1.000000,{"1":513},1.000000,0.000000,0.000000,0.000000,1.000000,0.000000,-1.000000
0.022335926,5,76,union,1024,74,1.000000,1.000000,1.000000,{"1":513},1.000000,0.000000,0.000000,0.000000,1.000000,0.000000,-1.000000
0.022335926,5,76,snapshot,1024,248,1.000000,1.000000,1.000000,{"1":1977},1.000000,0.000000,0.000000,0.000000,1.000000,0.000000,-1.000000
0.022335926,5,76,read_only,4096,24,1.000000,1.000000,1.000000,{"1":513},1.000000,0.000000,0.000000,0.000000,1.000000,0.000000,-1.000000
0.022335926,5,76,union,4096,24,1.000000,1.000000,1.000000,{"1":513},1.000000,0.000000,0.000000,0.000000,1.000000,0.000000,-1.000000
0.022335926,5,76,snapshot,4096,63,1.000000,1.000000,1.000000,{"1":1977},1.000000,0.000000,0.000000,0.000000,1.000000,0.000000,-1.000000
0.022335926,5,76,read_only,16384,8,1.000000,1.000000,1.000000,{"1":513},1.000000,0.000000,0.000000,0.000000,1.000000,0.000000,-1.000000
0.022335926,5,76,union,16384,8,1.000000,1.000000,1.000000,{"1":513},1.000000,0.000000,0.000000,0.000000,1.000000,0.000000,-1.000000
0.022335926,5,76,snapshot,16384,21,0.761905,0.900794,0.761905,{"1":1977},0.761905,0.190476,0.047619,0.000000,0.761905,0.000000,0.000000
0.022603637,5,77,snapshot,64,1977,1.000000,1.000000,1.000000,{"1":1977},1.000000,0.000000,0.000000,0.000000,1.000000,0.000000,-1.000000
0.022603637,5,77,snapshot,256,989,1.000000,1.000000,1.000000,{"1":1977},1.000000,0.000000,0.000000,0.000000,1.000000,0.000000,-1.000000
0.022603637,5,77,snapshot,1024,248,1.000000,1.000000,1.000000,{"1":1977},1.000000,0.000000,0.000000,0.000000,1.000000,0.000000,-1.000000
0.022603637,5,77,snapshot,4096,63,1.000000,1.000000,1.000000,{"1":1977},1.000000,0.000000,0.000000,0.000000,1.000000,0.000000,-1.000000
0.022603637,5,77,snapshot,16384,21,0.761905,0.900794,0.761905,{"1":1977},0.761905,0.190476,0.047619,0.000000,0.761905,0.000000,0.000000
0.022880523,5,78,read_only,64,4,1.000000,1.000000,1.000000,{"1":4},1.000000,0.000000,0.000000,0.000000,1.000000,0.000000,-1.000000
0.022880523,5,78,union,64,4,1.000000,1.000000,1.000000,{"1":4},1.000000,0.000000,0.000000,0.000000,1.000000,0.000000,-1.000000
0.022880523,5,78,snapshot,64,1981,1.000000,1.000000,1.000000,{"1":1981},1.000000,0.000000,0.000000,0.000000,1.000000,0.000000,-1.000000
0.022880523,5,78,read_only,256,2,1.000000,1.000000,1.000000,{"1":4},1.000000,0.000000,0.000000,0.000000,1.000000,0.000000,-1.000000
0.022880523,5,78,union,256,2,1.000000,1.000000,1.000000,{"1":4},1.000000,0.000000,0.000000,0.000000,1.000000,0.000000,-1.000000
0.022880523,5,78,snapshot,256,991,1.000000,1.000000,1.000000,{"1":1981},1.000000,0.000000,0.000000,0.000000,1.000000,0.000000,-1.000000
0.022880523,5,78,read_only,1024,1,1.000000,1.000000,1.000000,{"1":4},1.000000,0.000000,0.000000,0.000000,1.000000,0.000000,-1.000000
0.022880523,5,78,union,1024,1,1.000000,1.000000,1.000000,{"1":4},1.000000,0.000000,0.000000,0.000000,1.000000,0.000000,-1.000000
0.022880523,5,78,snapshot,1024,249,1.000000,1.000000,1.000000,{"1":1981},1.000000,0.000000,0.000000,0.000000,1.000000,0.000000,-1.000000
0.022880523,5,78,read_only,4096,1,1.000000,1.000000,1.000000,{"1":4},1.000000,0.000000,0.000000,0.000000,1.000000,0.000000,-1.000000
0.022880523,5,78,union,4096,1,1.000000,1.000000,1.000000,{"1":4},1.000000,0.000000,0.000000,0.000000,1.000000,0.000000,-1.000000
0.022880523,5,78,snapshot,4096,64,1.000000,1.000000,1.000000,{"1":1981},1.000000,0.000000,0.000000,0.000000,1.000000,0.000000,-1.000000
0.022880523,5,78,read_only,16384,1,1.000000,1.000000,1.000000,{"1":4},1.000000,0.000000,0.000000,0.000000,1.000000,0.000000,-1.000000
0.022880523,5,78,union,16384,1,1.000000,1.000000,1.000000,{"1":4},1.000000,0.000000,0.000000,0.000000,1.000000,0.000000,-1.000000
0.022880523,5,78,snapshot,16384,22,0.772727,0.905303,0.772727,{"1":1981},0.772727,0.181818,0.045455,0.000000,0.772727,0.000000,0.000000
0.023120443,5,79,read_only,64,256,1.000000,1.000000,1.000000,{"1":256},1.000000,0.000000,0.000000,0.000000,1.000000,0.000000,-1.000000
0.023120443,5,79,union,64,256,1.000000,1.000000,1.000000,{"1":256},1.000000,0.000000,0.000000,0.000000,1.000000,0.000000,-1.000000
0.023120443,5,79,snapshot,64,2237,1.000000,1.000000,1.000000,{"1":2237},1.000000,0.000000,0.000000,0.000000,1.000000,0.000000,-1.000000
0.023120443,5,79,read_only,256,128,1.000000,1.000000,1.000000,{"1":256},1.000000,0.000000,0.000000,0.000000,1.000000,0.000000,-1.000000
0.023120443,5,79,union,256,128,1.000000,1.000000,1.000000,{"1":256},1.000000,0.000000,0.000000,0.000000,1.000000,0.000000,-1.000000
0.023120443,5,79,snapshot,256,1119,1.000000,1.000000,1.000000,{"1":2237},1.000000,0.000000,0.000000,0.000000,1.000000,0.000000,-1.000000
0.023120443,5,79,read_only,1024,32,1.000000,1.000000,1.000000,{"1":256},1.000000,0.000000,0.000000,0.000000,1.000000,0.000000,-1.000000
0.023120443,5,79,union,1024,32,1.000000,1.000000,1.000000,{"1":256},1.000000,0.000000,0.000000,0.000000,1.000000,0.000000,-1.000000
0.023120443,5,79,snapshot,1024,281,1.000000,1.000000,1.000000,{"1":2237},1.000000,0.000000,0.000000,0.000000,1.000000,0.000000,-1.000000
0.023120443,5,79,read_only,4096,8,1.000000,1.000000,1.000000,{"1":256},1.000000,0.000000,0.000000,0.000000,1.000000,0.000000,-1.000000
0.023120443,5,79,union,4096,8,1.000000,1.000000,1.000000,{"1":256},1.000000,0.000000,0.000000,0.000000,1.000000,0.000000,-1.000000
0.023120443,5,79,snapshot,4096,72,1.000000,1.000000,1.000000,{"1":2237},1.000000,0.000000,0.000000,0.000000,1.000000,0.000000,-1.000000
0.023120443,5,79,read_only,16384,2,0.000000,0.750000,0.000000,{"1":256},0.000000,1.000000,0.000000,0.000000,0.000000,0.000000,0.000000
0.023120443,5,79,union,16384,2,0.000000,0.750000,0.000000,{"1":256},0.000000,1.000000,0.000000,0.000000,0.000000,0.000000,0.000000
0.023120443,5,79,snapshot,16384,24,0.708333,0.892361,0.708333,{"1":2237},0.708333,0.250000,0.041667,0.000000,0.708333,0.000000,0.000000
0.023354066,5,80,snapshot,64,2237,1.000000,1.000000,1.000000,{"1":2237},1.000000,0.000000,0.000000,0.000000,1.000000,0.000000,-1.000000
0.023354066,5,80,snapshot,256,1119,1.000000,1.000000,1.000000,{"1":2237},1.000000,0.000000,0.000000,0.000000,1.000000,0.000000,-1.000000
0.023354066,5,80,snapshot,1024,281,1.000000,1.000000,1.000000,{"1":2237},1.000000,0.000000,0.000000,0.000000,1.000000,0.000000,-1.000000
0.023354066,5,80,snapshot,4096,72,1.000000,1.000000,1.000000,{"1":2237},1.000000,0.000000,0.000000,0.000000,1.000000,0.000000,-1.000000
0.023354066,5,80,snapshot,16384,24,0.708333,0.892361,0.708333,{"1":2237},0.708333,0.250000,0.041667,0.000000,0.708333,0.000000,0.000000
0.023786841,5,81,read_only,64,2032,1.000000,1.000000,1.000000,{"1":2032},1.000000,0.000000,0.000000,0.000000,1.000000,0.000000,-1.000000
0.023786841,5,81,union,64,2032,1.000000,1.000000,1.000000,{"1":2032},1.000000,0.000000,0.000000,0.000000,1.000000,0.000000,-1.000000
0.023786841,5,81,snapshot,64,4269,1.000000,1.000000,1.000000,{"1":4269},1.000000,0.000000,0.000000,0.000000,1.000000,0.000000,-1.000000
0.023786841,5,81,read_only,256,1016,1.000000,1.000000,1.000000,{"1":2032},1.000000,0.000000,0.000000,0.000000,1.000000,0.000000,-1.000000
0.023786841,5,81,union,256,1016,1.000000,1.000000,1.000000,{"1":2032},1.000000,0.000000,0.000000,0.000000,1.000000,0.000000,-1.000000
0.023786841,5,81,snapshot,256,2135,1.000000,1.000000,1.000000,{"1":4269},1.000000,0.000000,0.000000,0.000000,1.000000,0.000000,-1.000000
0.023786841,5,81,read_only,1024,254,1.000000,1.000000,1.000000,{"1":2032},1.000000,0.000000,0.000000,0.000000,1.000000,0.000000,-1.000000
0.023786841,5,81,union,1024,254,1.000000,1.000000,1.000000,{"1":2032},1.000000,0.000000,0.000000,0.000000,1.000000,0.000000,-1.000000
0.023786841,5,81,snapshot,1024,535,1.000000,1.000000,1.000000,{"1":4269},1.000000,0.000000,0.000000,0.000000,1.000000,0.000000,-1.000000
0.023786841,5,81,read_only,4096,65,1.000000,1.000000,1.000000,{"1":2032},1.000000,0.000000,0.000000,0.000000,1.000000,0.000000,-1.000000
0.023786841,5,81,union,4096,65,1.000000,1.000000,1.000000,{"1":2032},1.000000,0.000000,0.000000,0.000000,1.000000,0.000000,-1.000000
0.023786841,5,81,snapshot,4096,137,1.000000,1.000000,1.000000,{"1":4269},1.000000,0.000000,0.000000,0.000000,1.000000,0.000000,-1.000000
0.023786841,5,81,read_only,16384,19,0.736842,0.921053,0.736842,{"1":2032},0.736842,0.263158,0.000000,0.000000,0.736842,0.000000,0.000000
0.023786841,5,81,union,16384,19,0.736842,0.921053,0.736842,{"1":2032},0.736842,0.263158,0.000000,0.000000,0.736842,0.000000,0.000000
0.023786841,5,81,snapshot,16384,43,0.720930,0.905039,0.720930,{"1":4269},0.720930,0.255814,0.023256,0.000000,0.720930,0.000000,0.000000
0.024018772,5,82,read_only,64,48,1.000000,1.000000,1.000000,{"1":48},1.000000,0.000000,0.000000,0.000000,1.000000,0.000000,-1.000000
0.024018772,5,82,union,64,48,1.000000,1.000000,1.000000,{"1":48},1.000000,0.000000,0.000000,0.000000,1.000000,0.000000,-1.000000
0.024018772,5,82,snapshot,64,4317,1.000000,1.000000,1.000000,{"1":4317},1.000000,0.000000,0.000000,0.000000,1.000000,0.000000,-1.000000
0.024018772,5,82,read_only,256,24,1.000000,1.000000,1.000000,{"1":48},1.000000,0.000000,0.000000,0.000000,1.000000,0.000000,-1.000000
0.024018772,5,82,union,256,24,1.000000,1.000000,1.000000,{"1":48},1.000000,0.000000,0.000000,0.000000,1.000000,0.000000,-1.000000
0.024018772,5,82,snapshot,256,2159,1.000000,1.000000,1.000000,{"1":4317},1.000000,0.000000,0.000000,0.000000,1.000000,0.000000,-1.000000
0.024018772,5,82,read_only,1024,6,1.000000,1.000000,1.000000,{"1":48},1.000000,0.000000,0.000000,0.000000,1.000000,0.000000,-1.000000
0.024018772,5,82,union,1024,6,1.000000,1.000000,1.000000,{"1":48},1.000000,0.000000,0.000000,0.000000,1.000000,0.000000,-1.000000
0.024018772,5,82,snapshot,1024,541,1.000000,1.000000,1.000000,{"1":4317},1.000000,0.000000,0.000000,0.000000,1.000000,0.000000,-1.000000
0.024018772,5,82,read_only,4096,3,1.000000,1.000000,1.000000,{"1":48},1.000000,0.000000,0.000000,0.000000,1.000000,0.000000,-1.000000
0.024018772,5,82,union,4096,3,1.000000,1.000000,1.000000,{"1":48},1.000000,0.000000,0.000000,0.000000,1.000000,0.000000,-1.000000
0.024018772,5,82,snapshot,4096,137,1.000000,1.000000,1.000000,{"1":4317},1.000000,0.000000,0.000000,0.000000,1.000000,0.000000,-1.000000
0.024018772,5,82,read_only,16384,3,1.000000,1.000000,1.000000,{"1":48},1.000000,0.000000,0.000000,0.000000,1.000000,0.000000,-1.000000
0.024018772,5,82,union,16384,3,1.000000,1.000000,1.000000,{"1":48},1.000000,0.000000,0.000000,0.000000,1.000000,0.000000,-1.000000
0.024018772,5,82,snapshot,16384,43,0.720930,0.905039,0.720930,{"1":4317},0.720930,0.255814,0.023256,0.000000,0.720930,0.000000,0.000000
0.024380670,5,83,read_only,64,412,1.000000,1.000000,1.000000,{"1":412},1.000000,0.000000,0.000000,0.000000,1.000000,0.000000,-1.000000
0.024380670,5,83,union,64,412,1.000000,1.000000,1.000000,{"1":412},1.000000,0.000000,0.000000,0.000000,1.000000,0.000000,-1.000000
0.024380670,5,83,snapshot,64,4729,1.000000,1.000000,1.000000,{"1":4729},1.000000,0.000000,0.000000,0.000000,1.000000,0.000000,-1.000000
0.024380670,5,83,read_only,256,206,1.000000,1.000000,1.000000,{"1":412},1.000000,0.000000,0.000000,0.000000,1.000000,0.000000,-1.000000
0.024380670,5,83,union,256,206,1.000000,1.000000,1.000000,{"1":412},1.000000,0.000000,0.000000,0.000000,1.000000,0.000000,-1.000000
0.024380670,5,83,snapshot,256,2365,1.000000,1.000000,1.000000,{"1":4729},1.000000,0.000000,0.000000,0.000000,1.000000,0.000000,-1.000000
0.024380670,5,83,read_only,1024,52,1.000000,1.000000,1.000000,{"1":412},1.000000,0.000000,0.000000,0.000000,1.000000,0.000000,-1.000000
0.024380670,5,83,union,1024,52,1.000000,1.000000,1.000000,{"1":412},1.000000,0.000000,0.000000,0.000000,1.000000,0.000000,-1.000000
0.024380670,5,83,snapshot,1024,593,1.000000,1.000000,1.000000,{"1":4729},1.000000,0.000000,0.000000,0.000000,1.000000,0.000000,-1.000000
0.024380670,5,83,read_only,4096,13,1.000000,1.000000,1.000000,{"1":412},1.000000,0.000000,0.000000,0.000000,1.000000,0.000000,-1.000000
0.024380670,5,83,union,4096,13,1.000000,1.000000,1.000000,{"1":412},1.000000,0.000000,0.000000,0.000000,1.000000,0.000000,-1.000000
0.024380670,5,83,snapshot,4096,150,1.000000,1.000000,1.000000,{"1":4729},1.000000,0.000000,0.000000,0.000000,1.000000,0.000000,-1.000000
0.024380670,5,83,read_only,16384,5,1.000000,1.000000,1.000000,{"1":412},1.000000,0.000000,0.000000,0.000000,1.000000,0.000000,-1.000000
0.024380670,5,83,union,16384,5,1.000000,1.000000,1.000000,{"1":412},1.000000,0.000000,0.000000,0.000000,1.000000,0.000000,-1.000000
0.024380670,5,83,snapshot,16384,46,0.717391,0.905797,0.717391,{"1":4729},0.717391,0.260870,0.021739,0.000000,0.717391,0.000000,0.000000
0.024621586,5,84,snapshot,64,4729,1.000000,1.000000,1.000000,{"1":4729},1.000000,0.000000,0.000000,0.000000,1.000000,0.000000,-1.000000
0.024621586,5,84,snapshot,256,2365,1.000000,1.000000,1.000000,{"1":4729},1.000000,0.000000,0.000000,0.000000,1.000000,0.000000,-1.000000
0.024621586,5,84,snapshot,1024,593,1.000000,1.000000,1.000000,{"1":4729},1.000000,0.000000,0.000000,0.000000,1.000000,0.000000,-1.000000
0.024621586,5,84,snapshot,4096,150,1.000000,1.000000,1.000000,{"1":4729},1.000000,0.000000,0.000000,0.000000,1.000000,0.000000,-1.000000
0.024621586,5,84,snapshot,16384,46,0.717391,0.905797,0.717391,{"1":4729},0.717391,0.260870,0.021739,0.000000,0.717391,0.000000,0.000000
0.025041005,5,85,read_only,64,1858,1.000000,1.000000,1.000000,{"1":1858},1.000000,0.000000,0.000000,0.000000,1.000000,0.000000,-1.000000
0.025041005,5,85,union,64,1858,1.000000,1.000000,1.000000,{"1":1858},1.000000,0.000000,0.000000,0.000000,1.000000,0.000000,-1.000000
0.025041005,5,85,snapshot,64,6435,1.000000,1.000000,1.000000,{"1":6435},1.000000,0.000000,0.000000,0.000000,1.000000,0.000000,-1.000000
0.025041005,5,85,read_only,256,930,1.000000,1.000000,1.000000,{"1":1858},1.000000,0.000000,0.000000,0.000000,1.000000,0.000000,-1.000000
0.025041005,5,85,union,256,930,1.000000,1.000000,1.000000,{"1":1858},1.000000,0.000000,0.000000,0.000000,1.000000,0.000000,-1.000000
0.025041005,5,85,snapshot,256,3219,1.000000,1.000000,1.000000,{"1":6435},1.000000,0.000000,0.000000,0.000000,1.000000,0.000000,-1.000000
0.025041005,5,85,read_only,1024,234,1.000000,1.000000,1.000000,{"1":1858},1.000000,0.000000,0.000000,0.000000,1.000000,0.000000,-1.000000
0.025041005,5,85,union,1024,234,1.000000,1.000000,1.000000,{"1":1858},1.000000,0.000000,0.000000,0.000000,1.000000,0.000000,-1.000000
0.025041005,5,85,snapshot,1024,808,1.000000,1.000000,1.000000,{"1":6435},1.000000,0.000000,0.000000,0.000000,1.000000,0.000000,-1.000000
0.025041005,5,85,read_only,4096,60,1.000000,1.000000,1.000000,{"1":1858},1.000000,0.000000,0.000000,0.000000,1.000000,0.000000,-1.000000
0.025041005,5,85,union,4096,60,1.000000,1.000000,1.000000,{"1":1858},1.000000,0.000000,0.000000,0.000000,1.000000,0.000000,-1.000000
0.025041005,5,85,snapshot,4096,205,1.000000,1.000000,1.000000,{"1":6435},1.000000,0.000000,0.000000,0.000000,1.000000,0.000000,-1.000000
0.025041005,5,85,read_only,16384,16,0.812500,0.921875,0.812500,{"1":1858},0.812500,0.187500,0.000000,0.000000,0.812500,0.000000,0.000000
0.025041005,5,85,union,16384,16,0.812500,0.921875,0.812500,{"1":1858},0.812500,0.187500,0.000000,0.000000,0.812500,0.000000,0.000000
0.025041005,5,85,snapshot,16384,62,0.758065,0.918011,0.758065,{"1":6435},0.758065,0.225806,0.016129,0.000000,0.758065,0.000000,0.000000
0.025668246,5,86,read_only,64,4495,1.000000,1.000000,1.000000,{"1":3748,"2":747},0.833815,0.166185,0.000000,0.000000,0.833815,0.166185,1.000000
0.025668246,5,86,union,64,4644,1.000000,1.000000,1.000000,{"1":3897,"2":747},0.839147,0.160853,0.000000,0.000000,0.839147,0.160853,1.000000
0.025668246,5,86,snapshot,64,8192,1.000000,1.000000,1.000000,{"1":7445,"2":747},0.908813,0.091187,0.000000,0.000000,0.908813,0.091187,1.000000
0.025668246,5,86,read_only,256,2321,0.979319,0.989660,0.979319,{"1":3748,"2":747},0.831538,0.161568,0.006894,0.000000,0.831538,0.147781,0.877238
0.025668246,5,86,union,256,2414,0.980116,0.990058,0.980116,{"1":3897,"2":747},0.838028,0.155344,0.006628,0.000000,0.838028,0.142088,0.877238
0.025668246,5,86,snapshot,256,4275,0.988772,0.994386,0.988772,{"1":7445,"2":747},0.908538,0.087719,0.003743,0.000000,0.908538,0.080234,0.877238
0.025668246,5,86,read_only,1024,610,0.865574,0.962158,0.865574,{"1":3748,"2":747},0.796721,0.155738,0.047541,0.000000,0.796721,0.068852,0.338710
0.025668246,5,86,union,1024,644,0.872671,0.964156,0.872671,{"1":3897,"2":747},0.807453,0.147516,0.045031,0.000000,0.807453,0.065217,0.338710
0.025668246,5,86,snapshot,1024,1156,0.929066,0.980032,0.929066,{"1":7445,"2":747},0.892734,0.082180,0.025087,0.000000,0.892734,0.036332,0.338710
0.025668246,5,86,read_only,4096,169,0.781065,0.870454,0.781065,{"1":3748,"2":747},0.781065,0.005917,0.213018,0.000000,0.781065,0.000000,0.000000
0.025668246,5,86,union,4096,177,0.790960,0.876309,0.790960,{"1":3897,"2":747},0.790960,0.005650,0.203390,0.000000,0.790960,0.000000,0.000000
0.025668246,5,86,snapshot,4096,313,0.881789,0.930053,0.881789,{"1":7445,"2":747},0.881789,0.003195,0.115016,0.000000,0.881789,0.000000,0.000000
0.025668246,5,86,read_only,16384,48,0.666667,0.836812,0.666667,{"1":3748,"2":747},0.666667,0.125000,0.208333,0.000000,0.666667,0.000000,0.000000
0.025668246,5,86,union,16384,50,0.680000,0.843339,0.680000,{"1":3897,"2":747},0.680000,0.120000,0.200000,0.000000,0.680000,0.000000,0.000000
0.025668246,5,86,snapshot,16384,87,0.712644,0.881149,0.712644,{"1":7445,"2":747},0.712644,0.172414,0.114943,0.000000,0.712644,0.000000,0.000000
0.026228785,5,87,read_only,64,2534,1.000000,1.000000,1.000000,{"1":2534},1.000000,0.000000,0.000000,0.000000,1.000000,0.000000,-1.000000
0.026228785,5,87,union,64,2534,1.000000,1.000000,1.000000,{"1":2534},1.000000,0.000000,0.000000,0.000000,1.000000,0.000000,-1.000000
0.026228785,5,87,snapshot,64,8192,1.000000,1.000000,1.000000,{"1":7506,"2":686},0.916260,0.083740,0.000000,0.000000,0.916260,0.083740,1.000000
0.026228785,5,87,read_only,256,1281,1.000000,1.000000,1.000000,{"1":2534},1.000000,0.000000,0.000000,0.000000,1.000000,0.000000,-1.000000
0.026228785,5,87,union,256,1281,1.000000,1.000000,1.000000,{"1":2534},1.000000,0.000000,0.000000,0.000000,1.000000,0.000000,-1.000000
0.026228785,5,87,snapshot,256,4303,0.989775,0.994887,0.989775,{"1":7506,"2":686},0.913781,0.082965,0.003254,0.000000,0.913781,0.075993,0.881402
0.026228785,5,87,read_only,1024,330,1.000000,1.000000,1.000000,{"1":2534},1.000000,0.000000,0.000000,0.000000,1.000000,0.000000,-1.000000
0.026228785,5,87,union,1024,330,1.000000,1.000000,1.000000,{"1":2534},1.000000,0.000000,0.000000,0.000000,1.000000,0.000000,-1.000000
0.026228785,5,87,snapshot,1024,1182,0.934856,0.981541,0.934856,{"1":7506,"2":686},0.895939,0.082064,0.021997,0.000000,0.895939,0.038917,0.373984
0.026228785,5,87,read_only,4096,89,1.000000,1.000000,1.000000,{"1":2534},1.000000,0.000000,0.000000,0.000000,1.000000,0.000000,-1.000000
0.026228785,5,87,union,4096,89,1.000000,1.000000,1.000000,{"1":2534},1.000000,0.000000,0.000000,0.000000,1.000000,0.000000,-1.000000
0.026228785,5,87,snapshot,4096,322,0.885093,0.933163,0.885093,{"1":7506,"2":686},0.885093,0.003106,0.111801,0.000000,0.885093,0.000000,0.000000
0.026228785,5,87,read_only,16384,24,1.000000,1.000000,1.000000,{"1":2534},1.000000,0.000000,0.000000,0.000000,1.000000,0.000000,-1.000000
0.026228785,5,87,union,16384,24,1.000000,1.000000,1.000000,{"1":2534},1.000000,0.000000,0.000000,0.000000,1.000000,0.000000,-1.000000
0.026228785,5,87,snapshot,16384,90,0.788889,0.904529,0.788889,{"1":7506,"2":686},0.788889,0.100000,0.111111,0.000000,0.788889,0.000000,0.000000
0.026481299,5,88,snapshot,64,8192,1.000000,1.000000,1.000000,{"1":7506,"2":686},0.916260,0.083740,0.000000,0.000000,0.916260,0.083740,1.000000
0.026481299,5,88,snapshot,256,4303,0.989775,0.994887,0.989775,{"1":7506,"2":686},0.913781,0.082965,0.003254,0.000000,0.913781,0.075993,0.881402
0.026481299,5,88,snapshot,1024,1182,0.934856,0.981541,0.934856,{"1":7506,"2":686},0.895939,0.082064,0.021997,0.000000,0.895939,0.038917,0.373984
0.026481299,5,88,snapshot,4096,322,0.885093,0.933163,0.885093,{"1":7506,"2":686},0.885093,0.003106,0.111801,0.000000,0.885093,0.000000,0.000000
0.026481299,5,88,snapshot,16384,90,0.788889,0.904529,0.788889,{"1":7506,"2":686},0.788889,0.100000,0.111111,0.000000,0.788889,0.000000,0.000000
0.029298719,5,89,read_only,64,1811,1.000000,1.000000,1.000000,{"1":1811},1.000000,0.000000,0.000000,0.000000,1.000000,0.000000,-1.000000
0.029298719,5,89,union,64,1811,1.000000,1.000000,1.000000,{"1":1811},1.000000,0.000000,0.000000,0.000000,1.000000,0.000000,-1.000000
0.029298719,5,89,snapshot,64,8192,1.000000,1.000000,1.000000,{"1":7971,"2":221},0.973022,0.026978,0.000000,0.000000,0.973022,0.026978,1.000000
0.029298719,5,89,read_only,256,970,1.000000,1.000000,1.000000,{"1":1811},1.000000,0.000000,0.000000,0.000000,1.000000,0.000000,-1.000000
0.029298719,5,89,union,256,970,1.000000,1.000000,1.000000,{"1":1811},1.000000,0.000000,0.000000,0.000000,1.000000,0.000000,-1.000000
0.029298719,5,89,snapshot,256,4167,0.965923,0.982961,0.965923,{"1":7971,"2":221},0.939045,0.059995,0.000960,0.000000,0.939045,0.026878,0.440945
0.029298719,5,89,read_only,1024,283,1.000000,1.000000,1.000000,{"1":1811},1.000000,0.000000,0.000000,0.000000,1.000000,0.000000,-1.000000
0.029298719,5,89,union,1024,283,1.000000,1.000000,1.000000,{"1":1811},1.000000,0.000000,0.000000,0.000000,1.000000,0.000000,-1.000000
0.029298719,5,89,snapshot,1024,1094,0.897623,0.970778,0.897623,{"1":7971,"2":221},0.876600,0.115174,0.008227,0.000000,0.876600,0.021024,0.170370
0.029298719,5,89,read_only,4096,80,1.000000,1.000000,1.000000,{"1":1811},1.000000,0.000000,0.000000,0.000000,1.000000,0.000000,-1.000000
0.029298719,5,89,union,4096,80,1.000000,1.000000,1.000000,{"1":1811},1.000000,0.000000,0.000000,0.000000,1.000000,0.000000,-1.000000
0.029298719,5,89,snapshot,4096,293,0.836177,0.948416,0.836177,{"1":7971,"2":221},0.832765,0.122867,0.044369,0.000000,0.832765,0.003413,0.020408
0.029298719,5,89,read_only,16384,24,1.000000,1.000000,1.000000,{"1":1811},1.000000,0.000000,0.000000,0.000000,1.000000,0.000000,-1.000000
0.029298719,5,89,union,16384,24,1.000000,1.000000,1.000000,{"1":1811},1.000000,0.000000,0.000000,0.000000,1.000000,0.000000,-1.000000
0.029298719,5,89,snapshot,16384,82,0.743902,0.909010,0.743902,{"1":7971,"2":221},0.743902,0.158537,0.097561,0.000000,0.743902,0.000000,0.000000
0.029562955,5,90,read_only,64,49,1.000000,1.000000,1.000000,{"1":49},1.000000,0.000000,0.000000,0.000000,1.000000,0.000000,-1.000000
0.029562955,5,90,union,64,49,1.000000,1.000000,1.000000,{"1":49},1.000000,0.000000,0.000000,0.000000,1.000000,0.000000,-1.000000
0.029562955,5,90,snapshot,64,8192,1.000000,1.000000,1.000000,{"1":7971,"2":221},0.973022,0.026978,0.000000,0.000000,0.973022,0.026978,1.000000
0.029562955,5,90,read_only,256,28,1.000000,1.000000,1.000000,{"1":49},1.000000,0.000000,0.000000,0.000000,1.000000,0.000000,-1.000000
0.029562955,5,90,union,256,28,1.000000,1.000000,1.000000,{"1":49},1.000000,0.000000,0.000000,0.000000,1.000000,0.000000,-1.000000
0.029562955,5,90,snapshot,256,4174,0.965980,0.982990,0.965980,{"1":7971,"2":221},0.939147,0.059895,0.000958,0.000000,0.939147,0.026833,0.440945
0.029562955,5,90,read_only,1024,8,1.000000,1.000000,1.000000,{"1":49},1.000000,0.000000,0.000000,0.000000,1.000000,0.000000,-1.000000
0.029562955,5,90,union,1024,8,1.000000,1.000000,1.000000,{"1":49},1.000000,0.000000,0.000000,0.000000,1.000000,0.000000,-1.000000
0.029562955,5,90,snapshot,1024,1098,0.897996,0.970884,0.897996,{"1":7971,"2":221},0.877049,0.114754,0.008197,0.000000,0.877049,0.020947,0.170370
0.029562955,5,90,read_only,4096,2,1.000000,1.000000,1.000000,{"1":49},1.000000,0.000000,0.000000,0.000000,1.000000,0.000000,-1.000000
0.029562955,5,90,union,4096,2,1.000000,1.000000,1.000000,{"1":49},1.000000,0.000000,0.000000,0.000000,1.000000,0.000000,-1.000000
0.029562955,5,90,snapshot,4096,294,0.836735,0.948591,0.836735,{"1":7971,"2":221},0.833333,0.122449,0.044218,0.000000,0.833333,0.003401,0.020408
0.029562955,5,90,read_only,16384,1,1.000000,1.000000,1.000000,{"1":49},1.000000,0.000000,0.000000,0.000000,1.000000,0.000000,-1.000000
0.029562955,5,90,union,16384,1,1.000000,1.000000,1.000000,{"1":49},1.000000,0.000000,0.000000,0.000000,1.000000,0.000000,-1.000000
0.029562955,5,90,snapshot,16384,83,0.746988,0.910106,0.746988,{"1":7971,"2":221},0.746988,0.156627,0.096386,0.000000,0.746988,0.000000,0.000000
0.029950017,5,91,read_only,64,98,1.000000,1.000000,1.000000,{"1":98},1.000000,0.000000,0.000000,0.000000,1.000000,0.000000,-1.000000
0.029950017,5,91,union,64,98,1.000000,1.000000,1.000000,{"1":98},1.000000,0.000000,0.000000,0.000000,1.000000,0.000000,-1.000000
0.029950017,5,91,snapshot,64,8192,1.000000,1.000000,1.000000,{"1":7984,"2":208},0.974609,0.025391,0.000000,0.000000,0.974609,0.025391,1.000000
0.029950017,5,91,read_only,256,50,1.000000,1.000000,1.000000,{"1":98},1.000000,0.000000,0.000000,0.000000,1.000000,0.000000,-1.000000
0.029950017,5,91,union,256,50,1.000000,1.000000,1.000000,{"1":98},1.000000,0.000000,0.000000,0.000000,1.000000,0.000000,-1.000000
0.029950017,5,91,snapshot,256,4176,0.966236,0.983118,0.966236,{"1":7984,"2":208},0.940852,0.058190,0.000958,0.000000,0.940852,0.025383,0.429150
0.029950017,5,91,read_only,1024,16,1.000000,1.000000,1.000000,{"1":98},1.000000,0.000000,0.000000,0.000000,1.000000,0.000000,-1.000000
0.029950017,5,91,union,1024,16,1.000000,1.000000,1.000000,{"1":98},1.000000,0.000000,0.000000,0.000000,1.000000,0.000000,-1.000000
0.029950017,5,91,snapshot,1024,1097,0.898815,0.970972,0.898815,{"1":7984,"2":208},0.879672,0.112124,0.008204,0.000000,0.879672,0.019143,0.159091
0.029950017,5,91,read_only,4096,8,1.000000,1.000000,1.000000,{"1":98},1.000000,0.000000,0.000000,0.000000,1.000000,0.000000,-1.000000
0.029950017,5,91,union,4096,8,1.000000,1.000000,1.000000,{"1":98},1.000000,0.000000,0.000000,0.000000,1.000000,0.000000,-1.000000
0.029950017,5,91,snapshot,4096,294,0.843537,0.950798,0.843537,{"1":7984,"2":208},0.836735,0.122449,0.040816,0.000000,0.836735,0.006803,0.041667
0.029950017,5,91,read_only,16384,5,1.000000,1.000000,1.000000,{"1":98},1.000000,0.000000,0.000000,0.000000,1.000000,0.000000,-1.000000
0.029950017,5,91,union,16384,5,1.000000,1.000000,1.000000,{"1":98},1.000000,0.000000,0.000000,0.000000,1.000000,0.000000,-1.000000
0.029950017,5,91,snapshot,16384,84,0.750000,0.912269,0.750000,{"1":7984,"2":208},0.750000,0.154762,0.095238,0.000000,0.750000,0.000000,0.000000
0.030240210,5,92,read_only,64,20,1.000000,1.000000,1.000000,{"1":20},1.000000,0.000000,0.000000,0.000000,1.000000,0.000000,-1.000000
0.030240210,5,92,union,64,20,1.000000,1.000000,1.000000,{"1":20},1.000000,0.000000,0.000000,0.000000,1.000000,0.000000,-1.000000
0.030240210,5,92,snapshot,64,8192,1.000000,1.000000,1.000000,{"1":7986,"2":206},0.974854,0.025146,0.000000,0.000000,0.974854,0.025146,1.000000
0.030240210,5,92,read_only,256,11,1.000000,1.000000,1.000000,{"1":20},1.000000,0.000000,0.000000,0.000000,1.000000,0.000000,-1.000000
0.030240210,5,92,union,256,11,1.000000,1.000000,1.000000,{"1":20},1.000000,0.000000,0.000000,0.000000,1.000000,0.000000,-1.000000
0.030240210,5,92,snapshot,256,4178,0.966252,0.983126,0.966252,{"1":7986,"2":206},0.941120,0.057922,0.000957,0.000000,0.941120,0.025132,0.426829
0.030240210,5,92,read_only,1024,3,1.000000,1.000000,1.000000,{"1":20},1.000000,0.000000,0.000000,0.000000,1.000000,0.000000,-1.000000
0.030240210,5,92,union,1024,3,1.000000,1.000000,1.000000,{"1":20},1.000000,0.000000,0.000000,0.000000,1.000000,0.000000,-1.000000
0.030240210,5,92,snapshot,1024,1098,0.899818,0.971454,0.899818,{"1":7986,"2":206},0.880692,0.111111,0.008197,0.000000,0.880692,0.019126,0.160305
0.030240210,5,92,read_only,4096,2,1.000000,1.000000,1.000000,{"1":20},1.000000,0.000000,0.000000,0.000000,1.000000,0.000000,-1.000000
0.030240210,5,92,union,4096,2,1.000000,1.000000,1.000000,{"1":20},1.000000,0.000000,0.000000,0.000000,1.000000,0.000000,-1.000000
0.030240210,5,92,snapshot,4096,296,0.844595,0.951356,0.844595,{"1":7986,"2":206},0.837838,0.121622,0.040541,0.000000,0.837838,0.006757,0.041667
0.030240210,5,92,read_only,16384,1,1.000000,1.000000,1.000000,{"1":20},1.000000,0.000000,0.000000,0.000000,1.000000,0.000000,-1.000000
0.030240210,5,92,union,16384,1,1.000000,1.000000,1.000000,{"1":20},1.000000,0.000000,0.000000,0.000000,1.000000,0.000000,-1.000000
0.030240210,5,92,snapshot,16384,85,0.752941,0.913460,0.752941,{"1":7986,"2":206},0.752941,0.152941,0.094118,0.000000,0.752941,0.000000,0.000000
0.030492685,5,93,read_only,64,1,1.000000,1.000000,1.000000,{"1":1},1.000000,0.000000,0.000000,0.000000,1.000000,0.000000,-1.000000
0.030492685,5,93,union,64,1,1.000000,1.000000,1.000000,{"1":1},1.000000,0.000000,0.000000,0.000000,1.000000,0.000000,-1.000000
0.030492685,5,93,snapshot,64,8192,1.000000,1.000000,1.000000,{"1":7986,"2":206},0.974854,0.025146,0.000000,0.000000,0.974854,0.025146,1.000000
0.030492685,5,93,read_only,256,1,1.000000,1.000000,1.000000,{"1":1},1.000000,0.000000,0.000000,0.000000,1.000000,0.000000,-1.000000
0.030492685,5,93,union,256,1,1.000000,1.000000,1.000000,{"1":1},1.000000,0.000000,0.000000,0.000000,1.000000,0.000000,-1.000000
0.030492685,5,93,snapshot,256,4179,0.966260,0.983130,0.966260,{"1":7986,"2":206},0.941134,0.057909,0.000957,0.000000,0.941134,0.025126,0.426829
0.030492685,5,93,read_only,1024,1,1.000000,1.000000,1.000000,{"1":1},1.000000,0.000000,0.000000,0.000000,1.000000,0.000000,-1.000000
0.030492685,5,93,union,1024,1,1.000000,1.000000,1.000000,{"1":1},1.000000,0.000000,0.000000,0.000000,1.000000,0.000000,-1.000000
0.030492685,5,93,snapshot,1024,1099,0.899909,0.971479,0.899909,{"1":7986,"2":206},0.880801,0.111010,0.008189,0.000000,0.880801,0.019108,0.160305
0.030492685,5,93,read_only,4096,1,1.000000,1.000000,1.000000,{"1":1},1.000000,0.000000,0.000000,0.000000,1.000000,0.000000,-1.000000
0.030492685,5,93,union,4096,1,1.000000,1.000000,1.000000,{"1":1},1.000000,0.000000,0.000000,0.000000,1.000000,0.000000,-1.000000
0.030492685,5,93,snapshot,4096,297,0.845118,0.951520,0.845118,{"1":7986,"2":206},0.838384,0.121212,0.040404,0.000000,0.838384,0.006734,0.041667
0.030492685,5,93,read_only,16384,1,1.000000,1.000000,1.000000,{"1":1},1.000000,0.000000,0.000000,0.000000,1.000000,0.000000,-1.000000
0.030492685,5,93,union,16384,1,1.000000,1.000000,1.000000,{"1":1},1.000000,0.000000,0.000000,0.000000,1.000000,0.000000,-1.000000
0.030492685,5,93,snapshot,16384,86,0.755814,0.914466,0.755814,{"1":7986,"2":206},0.755814,0.151163,0.093023,0.000000,0.755814,0.000000,0.000000
0.031036387,5,94,read_only,64,2603,1.000000,1.000000,1.000000,{"1":2603},1.000000,0.000000,0.000000,0.000000,1.000000,0.000000,-1.000000
0.031036387,5,94,union,64,2825,1.000000,1.000000,1.000000,{"1":2825},1.000000,0.000000,0.000000,0.000000,1.000000,0.000000,-1.000000
0.031036387,5,94,snapshot,64,8192,1.000000,1.000000,1.000000,{"1":8192},1.000000,0.000000,0.000000,0.000000,1.000000,0.000000,-1.000000
0.031036387,5,94,read_only,256,1309,1.000000,1.000000,1.000000,{"1":2603},1.000000,0.000000,0.000000,0.000000,1.000000,0.000000,-1.000000
0.031036387,5,94,union,256,1446,1.000000,1.000000,1.000000,{"1":2825},1.000000,0.000000,0.000000,0.000000,1.000000,0.000000,-1.000000
0.031036387,5,94,snapshot,256,4121,0.978889,0.989444,0.978889,{"1":8192},0.978889,0.021111,0.000000,0.000000,0.978889,0.000000,0.000000
0.031036387,5,94,read_only,1024,334,1.000000,1.000000,1.000000,{"1":2603},1.000000,0.000000,0.000000,0.000000,1.000000,0.000000,-1.000000
0.031036387,5,94,union,1024,381,1.000000,1.000000,1.000000,{"1":2825},1.000000,0.000000,0.000000,0.000000,1.000000,0.000000,-1.000000
0.031036387,5,94,snapshot,1024,1050,0.946667,0.984881,0.946667,{"1":8192},0.946667,0.053333,0.000000,0.000000,0.946667,0.000000,0.000000
0.031036387,5,94,read_only,4096,90,1.000000,1.000000,1.000000,{"1":2603},1.000000,0.000000,0.000000,0.000000,1.000000,0.000000,-1.000000
0.031036387,5,94,union,4096,110,1.000000,1.000000,1.000000,{"1":2825},1.000000,0.000000,0.000000,0.000000,1.000000,0.000000,-1.000000
0.031036387,5,94,snapshot,4096,277,0.920578,0.984770,0.920578,{"1":8192},0.920578,0.079422,0.000000,0.000000,0.920578,0.000000,0.000000
0.031036387,5,94,read_only,16384,26,0.846154,0.942308,0.846154,{"1":2603},0.846154,0.153846,0.000000,0.000000,0.846154,0.000000,0.000000
0.031036387,5,94,union,16384,33,0.818182,0.947954,0.818182,{"1":2825},0.818182,0.181818,0.000000,0.000000,0.818182,0.000000,0.000000
0.031036387,5,94,snapshot,16384,79,0.797468,0.961659,0.797468,{"1":8192},0.797468,0.189873,0.012658,0.000000,0.797468,0.000000,0.000000
0.031945245,5,95,read_only,64,18640,1.000000,1.000000,1.000000,{"1":18606,"2":34},0.998176,0.001824,0.000000,0.000000,0.998176,0.001824,1.000000
0.031945245,5,95,union,64,19163,1.000000,1.000000,1.000000,{"1":19129,"2":34},0.998226,0.001774,0.000000,0.000000,0.998226,0.001774,1.000000
0.031945245,5,95,snapshot,64,8192,1.000000,1.000000,1.000000,{"1":8192},1.000000,0.000000,0.000000,0.000000,1.000000,0.000000,-1.000000
0.031945245,5,95,read_only,256,9371,0.999466,0.999733,0.999466,{"1":18606,"2":34},0.997012,0.002988,0.000000,0.000000,0.997012,0.002454,0.821429
0.031945245,5,95,union,256,9766,0.999078,0.999539,0.999078,{"1":19129,"2":34},0.997133,0.002867,0.000000,0.000000,0.997133,0.001946,0.678571
0.031945245,5,95,snapshot,256,4510,1.000000,1.000000,1.000000,{"1":8192},1.000000,0.000000,0.000000,0.000000,1.000000,0.000000,-1.000000
0.031945245,5,95,read_only,1024,2391,0.993308,0.996996,0.993308,{"1":18606,"2":34},0.990381,0.009619,0.000000,0.000000,0.990381,0.002928,0.304348
0.031945245,5,95,union,1024,2533,0.992499,0.996976,0.992499,{"1":19129,"2":34},0.990920,0.009080,0.000000,0.000000,0.990920,0.001579,0.173913
0.031945245,5,95,snapshot,1024,1364,0.998534,0.999707,0.998534,{"1":8192},0.998534,0.001466,0.000000,0.000000,0.998534,0.000000,0.000000
0.031945245,5,95,read_only,4096,626,0.968051,0.990928,0.968051,{"1":18606,"2":34},0.966454,0.033546,0.000000,0.000000,0.966454,0.001597,0.047619
0.031945245,5,95,union,4096,656,0.967988,0.990634,0.967988,{"1":19129,"2":34},0.967988,0.032012,0.000000,0.000000,0.967988,0.000000,0.000000
0.031945245,5,95,snapshot,4096,428,0.992991,0.999549,0.992991,{"1":8192},0.992991,0.007009,0.000000,0.000000,0.992991,0.000000,0.000000
0.031945245,5,95,read_only,16384,169,0.934911,0.984463,0.934911,{"1":18606,"2":34},0.928994,0.071006,0.000000,0.000000,0.928994,0.005917,0.083333
0.031945245,5,95,union,16384,174,0.931034,0.983308,0.931034,{"1":19129,"2":34},0.931034,0.063218,0.005747,0.000000,0.931034,0.000000,0.000000
0.031945245,5,95,snapshot,16384,128,0.968750,0.998922,0.968750,{"1":8192},0.968750,0.031250,0.000000,0.000000,0.968750,0.000000,0.000000
0.032205087,5,96,snapshot,64,8192,1.000000,1.000000,1.000000,{"1":8192},1.000000,0.000000,0.000000,0.000000,1.000000,0.000000,-1.000000
0.032205087,5,96,snapshot,256,4510,1.000000,1.000000,1.000000,{"1":8192},1.000000,0.000000,0.000000,0.000000,1.000000,0.000000,-1.000000
0.032205087,5,96,snapshot,1024,1364,0.998534,0.999707,0.998534,{"1":8192},0.998534,0.001466,0.000000,0.000000,0.998534,0.000000,0.000000
0.032205087,5,96,snapshot,4096,428,0.992991,0.999549,0.992991,{"1":8192},0.992991,0.007009,0.000000,0.000000,0.992991,0.000000,0.000000
0.032205087,5,96,snapshot,16384,128,0.968750,0.998922,0.968750,{"1":8192},0.968750,0.031250,0.000000,0.000000,0.968750,0.000000,0.000000
0.032505360,5,97,read_only,64,128,1.000000,1.000000,1.000000,{"1":128},1.000000,0.000000,0.000000,0.000000,1.000000,0.000000,-1.000000
0.032505360,5,97,union,64,128,1.000000,1.000000,1.000000,{"1":128},1.000000,0.000000,0.000000,0.000000,1.000000,0.000000,-1.000000
0.032505360,5,97,snapshot,64,8192,1.000000,1.000000,1.000000,{"1":8192},1.000000,0.000000,0.000000,0.000000,1.000000,0.000000,-1.000000
0.032505360,5,97,read_only,256,64,1.000000,1.000000,1.000000,{"1":128},1.000000,0.000000,0.000000,0.000000,1.000000,0.000000,-1.000000
0.032505360,5,97,union,256,64,1.000000,1.000000,1.000000,{"1":128},1.000000,0.000000,0.000000,0.000000,1.000000,0.000000,-1.000000
0.032505360,5,97,snapshot,256,4526,1.000000,1.000000,1.000000,{"1":8192},1.000000,0.000000,0.000000,0.000000,1.000000,0.000000,-1.000000
0.032505360,5,97,read_only,1024,16,1.000000,1.000000,1.000000,{"1":128},1.000000,0.000000,0.000000,0.000000,1.000000,0.000000,-1.000000
0.032505360,5,97,union,1024,16,1.000000,1.000000,1.000000,{"1":128},1.000000,0.000000,0.000000,0.000000,1.000000,0.000000,-1.000000
0.032505360,5,97,snapshot,1024,1372,0.998542,0.999708,0.998542,{"1":8192},0.998542,0.001458,0.000000,0.000000,0.998542,0.000000,0.000000
0.032505360,5,97,read_only,4096,4,1.000000,1.000000,1.000000,{"1":128},1.000000,0.000000,0.000000,0.000000,1.000000,0.000000,-1.000000
0.032505360,5,97,union,4096,4,1.000000,1.000000,1.000000,{"1":128},1.000000,0.000000,0.000000,0.000000,1.000000,0.000000,-1.000000
0.032505360,5,97,snapshot,4096,429,0.993007,0.999550,0.993007,{"1":8192},0.993007,0.006993,0.000000,0.000000,0.993007,0.000000,0.000000
0.032505360,5,97,read_only,16384,1,1.000000,1.000000,1.000000,{"1":128},1.000000,0.000000,0.000000,0.000000,1.000000,0.000000,-1.000000
0.032505360,5,97,union,16384,1,1.000000,1.000000,1.000000,{"1":128},1.000000,0.000000,0.000000,0.000000,1.000000,0.000000,-1.000000
0.032505360,5,97,snapshot,16384,129,0.968992,0.998931,0.968992,{"1":8192},0.968992,0.031008,0.000000,0.000000,0.968992,0.000000,0.000000
0.033389860,5,98,read_only,64,18353,1.000000,1.000000,1.000000,{"1":8110,"2":10243},0.441890,0.558110,0.000000,0.000000,0.441890,0.558110,1.000000
0.033389860,5,98,union,64,18353,1.000000,1.000000,1.000000,{"1":8110,"2":10243},0.441890,0.558110,0.000000,0.000000,0.441890,0.558110,1.000000
0.033389860,5,98,snapshot,64,8192,1.000000,1.000000,1.000000,{"1":4785,"2":3407},0.584106,0.415894,0.000000,0.000000,0.584106,0.415894,1.000000
0.033389860,5,98,read_only,256,9414,1.000000,1.000000,1.000000,{"1":8110,"2":10243},0.440408,0.559592,0.000000,0.000000,0.440408,0.559592,1.000000
0.033389860,5,98,union,256,9414,1.000000,1.000000,1.000000,{"1":8110,"2":10243},0.440408,0.559592,0.000000,0.000000,0.440408,0.559592,1.000000
0.033389860,5,98,snapshot,256,4105,1.000000,1.000000,1.000000,{"1":4785,"2":3407},0.583922,0.416078,0.000000,0.000000,0.583922,0.416078,1.000000
0.033389860,5,98,read_only,1024,2564,0.962949,0.982628,0.962949,{"1":8110,"2":10243},0.425117,0.561232,0.013651,0.000000,0.425117,0.537832,0.935550
0.033389860,5,98,union,1024,2564,0.962949,0.982628,0.962949,{"1":8110,"2":10243},0.425117,0.561232,0.013651,0.000000,0.425117,0.537832,0.935550
0.033389860,5,98,snapshot,1024,1088,0.974265,0.987132,0.974265,{"1":4785,"2":3407},0.552390,0.443934,0.003676,0.000000,0.552390,0.421875,0.942505
0.033389860,5,98,read_only,4096,683,0.629575,0.898053,0.629575,{"1":8110,"2":10243},0.263543,0.619327,0.117130,0.000000,0.263543,0.366032,0.497018
0.033389860,5,98,union,4096,683,0.629575,0.898053,0.629575,{"1":8110,"2":10243},0.263543,0.619327,0.117130,0.000000,0.263543,0.366032,0.497018
0.033389860,5,98,snapshot,4096,323,0.761610,0.929459,0.761610,{"1":4785,"2":3407},0.331269,0.647059,0.021672,0.000000,0.331269,0.430341,0.643519
0.033389860,5,98,read_only,16384,179,0.044693,0.589248,0.044693,{"1":8110,"2":10243},0.022346,0.128492,0.849162,0.000000,0.022346,0.022346,0.022857
0.033389860,5,98,union,16384,179,0.044693,0.589248,0.044693,{"1":8110,"2":10243},0.022346,0.128492,0.849162,0.000000,0.022346,0.022346,0.022857
0.033389860,5,98,snapshot,16384,114,0.438596,0.769305,0.438596,{"1":4785,"2":3407},0.035088,0.605263,0.359649,0.000000,0.035088,0.403509,0.418182
0.033807174,5,99,read_only,64,1857,1.000000,1.000000,1.000000,{"1":1857},1.000000,0.000000,0.000000,0.000000,1.000000,0.000000,-1.000000
0.033807174,5,99,union,64,1857,1.000000,1.000000,1.000000,{"1":1857},1.000000,0.000000,0.000000,0.000000,1.000000,0.000000,-1.000000
0.033807174,5,99,snapshot,64,8192,1.000000,1.000000,1.000000,{"1":5946,"2":2246},0.725830,0.274170,0.000000,0.000000,0.725830,0.274170,1.000000
0.033807174,5,99,read_only,256,929,1.000000,1.000000,1.000000,{"1":1857},1.000000,0.000000,0.000000,0.000000,1.000000,0.000000,-1.000000
0.033807174,5,99,union,256,929,1.000000,1.000000,1.000000,{"1":1857},1.000000,0.000000,0.000000,0.000000,1.000000,0.000000,-1.000000
0.033807174,5,99,snapshot,256,4106,1.000000,1.000000,1.000000,{"1":5946,"2":2246},0.725767,0.274233,0.000000,0.000000,0.725767,0.274233,1.000000
0.033807174,5,99,read_only,1024,233,1.000000,1.000000,1.000000,{"1":1857},1.000000,0.000000,0.000000,0.000000,1.000000,0.000000,-1.000000
0.033807174,5,99,union,1024,233,1.000000,1.000000,1.000000,{"1":1857},1.000000,0.000000,0.000000,0.000000,1.000000,0.000000,-1.000000
0.033807174,5,99,snapshot,1024,1076,0.980483,0.990242,0.980483,{"1":5946,"2":2246},0.696097,0.302974,0.000929,0.000000,0.696097,0.284387,0.935780
0.033807174,5,99,read_only,4096,59,1.000000,1.000000,1.000000,{"1":1857},1.000000,0.000000,0.000000,0.000000,1.000000,0.000000,-1.000000
0.033807174,5,99,union,4096,59,1.000000,1.000000,1.000000,{"1":1857},1.000000,0.000000,0.000000,0.000000,1.000000,0.000000,-1.000000
0.033807174,5,99,snapshot,4096,312,0.817308,0.944580,0.817308,{"1":5946,"2":2246},0.496795,0.496795,0.006410,0.000000,0.496795,0.320513,0.636943
0.033807174,5,99,read_only,16384,16,0.812500,0.921875,0.812500,{"1":1857},0.812500,0.187500,0.000000,0.000000,0.812500,0.000000,0.000000
0.033807174,5,99,union,16384,16,0.812500,0.921875,0.812500,{"1":1857},0.812500,0.187500,0.000000,0.000000,0.812500,0.000000,0.000000
0.033807174,5,99,snapshot,16384,109,0.559633,0.801365,0.559633,{"1":5946,"2":2246},0.155963,0.559633,0.284404,0.000000,0.155963,0.403670,0.478261
0.034142880,5,100,snapshot,64,8192,1.000000,1.000000,1.000000,{"1":5946,"2":2246},0.725830,0.274170,0.000000,0.000000,0.725830,0.274170,1.000000
0.034142880,5,100,snapshot,256,4106,1.000000,1.000000,1.000000,{"1":5946,"2":2246},0.725767,0.274233,0.000000,0.000000,0.725767,0.274233,1.000000
0.034142880,5,100,snapshot,1024,1076,0.980483,0.990242,0.980483,{"1":5946,"2":2246},0.696097,0.302974,0.000929,0.000000,0.696097,0.284387,0.935780
0.034142880,5,100,snapshot,4096,312,0.817308,0.944580,0.817308,{"1":5946,"2":2246},0.496795,0.496795,0.006410,0.000000,0.496795,0.320513,0.636943
0.034142880,5,100,snapshot,16384,109,0.559633,0.801365,0.559633,{"1":5946,"2":2246},0.155963,0.559633,0.284404,0.000000,0.155963,0.403670,0.478261
0.034404819,5,101,read_only,64,768,1.000000,1.000000,1.000000,{"1":768},1.000000,0.000000,0.000000,0.000000,1.000000,0.000000,-1.000000
0.034404819,5,101,union,64,768,1.000000,1.000000,1.000000,{"1":768},1.000000,0.000000,0.000000,0.000000,1.000000,0.000000,-1.000000
0.034404819,5,101,snapshot,64,8192,1.000000,1.000000,1.000000,{"1":6444,"2":1748},0.786621,0.213379,0.000000,0.000000,0.786621,0.213379,1.000000
0.034404819,5,101,read_only,256,384,1.000000,1.000000,1.000000,{"1":768},1.000000,0.000000,0.000000,0.000000,1.000000,0.000000,-1.000000
0.034404819,5,101,union,256,384,1.000000,1.000000,1.000000,{"1":768},1.000000,0.000000,0.000000,0.000000,1.000000,0.000000,-1.000000
0.034404819,5,101,snapshot,256,4106,1.000000,1.000000,1.000000,{"1":6444,"2":1748},0.786897,0.213103,0.000000,0.000000,0.786897,0.213103,1.000000
0.034404819,5,101,read_only,1024,96,1.000000,1.000000,1.000000,{"1":768},1.000000,0.000000,0.000000,0.000000,1.000000,0.000000,-1.000000
0.034404819,5,101,union,1024,96,1.000000,1.000000,1.000000,{"1":768},1.000000,0.000000,0.000000,0.000000,1.000000,0.000000,-1.000000
0.034404819,5,101,snapshot,1024,1074,0.984171,0.992086,0.984171,{"1":6444,"2":1748},0.756983,0.243017,0.000000,0.000000,0.756983,0.227188,0.934866
0.034404819,5,101,read_only,4096,24,1.000000,1.000000,1.000000,{"1":768},1.000000,0.000000,0.000000,0.000000,1.000000,0.000000,-1.000000
0.034404819,5,101,union,4096,24,1.000000,1.000000,1.000000,{"1":768},1.000000,0.000000,0.000000,0.000000,1.000000,0.000000,-1.000000
0.034404819,5,101,snapshot,4096,309,0.831715,0.948209,0.831715,{"1":6444,"2":1748},0.550162,0.443366,0.006472,0.000000,0.550162,0.281553,0.625899
0.034404819,5,101,read_only,16384,7,0.714286,0.928571,0.714286,{"1":768},0.714286,0.285714,0.000000,0.000000,0.714286,0.000000,0.000000
0.034404819,5,101,union,16384,7,0.714286,0.928571,0.714286,{"1":768},0.714286,0.285714,0.000000,0.000000,0.714286,0.000000,0.000000
0.034404819,5,101,snapshot,16384,109,0.577982,0.806580,0.577982,{"1":6444,"2":1748},0.192661,0.532110,0.275229,0.000000,0.192661,0.385321,0.477273
0.034847322,5,102,read_only,64,1725,1.000000,1.000000,1.000000,{"1":1725},1.000000,0.000000,0.000000,0.000000,1.000000,0.000000,-1.000000
0.034847322,5,102,union,64,1725,1.000000,1.000000,1.000000,{"1":1725},1.000000,0.000000,0.000000,0.000000,1.000000,0.000000,-1.000000
0.034847322,5,102,snapshot,64,8192,1.000000,1.000000,1.000000,{"1":7308,"2":884},0.892090,0.107910,0.000000,0.000000,0.892090,0.107910,1.000000
0.034847322,5,102,read_only,256,881,1.000000,1.000000,1.000000,{"1":1725},1.000000,0.000000,0.000000,0.000000,1.000000,0.000000,-1.000000
0.034847322,5,102,union,256,881,1.000000,1.000000,1.000000,{"1":1725},1.000000,0.000000,0.000000,0.000000,1.000000,0.000000,-1.000000
0.034847322,5,102,snapshot,256,4137,1.000000,1.000000,1.000000,{"1":7308,"2":884},0.890984,0.109016,0.000000,0.000000,0.890984,0.109016,1.000000
0.034847322,5,102,read_only,1024,227,1.000000,1.000000,1.000000,{"1":1725},1.000000,0.000000,0.000000,0.000000,1.000000,0.000000,-1.000000
0.034847322,5,102,union,1024,227,1.000000,1.000000,1.000000,{"1":1725},1.000000,0.000000,0.000000,0.000000,1.000000,0.000000,-1.000000
0.034847322,5,102,snapshot,1024,1087,0.988040,0.994296,0.988040,{"1":7308,"2":884},0.866605,0.133395,0.000000,0.000000,0.866605,0.121435,0.910345
0.034847322,5,102,read_only,4096,62,1.000000,1.000000,1.000000,{"1":1725},1.000000,0.000000,0.000000,0.000000,1.000000,0.000000,-1.000000
0.034847322,5,102,union,4096,62,1.000000,1.000000,1.000000,{"1":1725},1.000000,0.000000,0.000000,0.000000,1.000000,0.000000,-1.000000
0.034847322,5,102,snapshot,4096,311,0.874598,0.960962,0.874598,{"1":7308,"2":884},0.707395,0.292605,0.000000,0.000000,0.707395,0.167203,0.571429
0.034847322,5,102,read_only,16384,17,0.823529,0.926471,0.823529,{"1":1725},0.823529,0.176471,0.000000,0.000000,0.823529,0.000000,0.000000
0.034847322,5,102,union,16384,17,0.823529,0.926471,0.823529,{"1":1725},0.823529,0.176471,0.000000,0.000000,0.823529,0.000000,0.000000
0.034847322,5,102,snapshot,16384,105,0.619048,0.840754,0.619048,{"1":7308,"2":884},0.314286,0.476190,0.209524,0.000000,0.314286,0.304762,0.444444
0.035931734,5,103,read_only,64,6617,1.000000,1.000000,1.000000,{"1":6617},1.000000,0.000000,0.000000,0.000000,1.000000,0.000000,-1.000000
0.035931734,5,103,union,64,6617,1.000000,1.000000,1.000000,{"1":6617},1.000000,0.000000,0.000000,0.000000,1.000000,0.000000,-1.000000
0.035931734,5,103,snapshot,64,8192,1.000000,1.000000,1.000000,{"1":8192},1.000000,0.000000,0.000000,0.000000,1.000000,0.000000,-1.000000
0.035931734,5,103,read_only,256,3346,1.000000,1.000000,1.000000,{"1":6617},1.000000,0.000000,0.000000,0.000000,1.000000,0.000000,-1.000000
0.035931734,5,103,union,256,3346,1.000000,1.000000,1.000000,{"1":6617},1.000000,0.000000,0.000000,0.000000,1.000000,0.000000,-1.000000
0.035931734,5,103,snapshot,256,4150,1.000000,1.000000,1.000000,{"1":8192},1.000000,0.000000,0.000000,0.000000,1.000000,0.000000,-1.000000
0.035931734,5,103,read_only,1024,864,1.000000,1.000000,1.000000,{"1":6617},1.000000,0.000000,0.000000,0.000000,1.000000,0.000000,-1.000000
0.035931734,5,103,union,1024,864,1.000000,1.000000,1.000000,{"1":6617},1.000000,0.000000,0.000000,0.000000,1.000000,0.000000,-1.000000
0.035931734,5,103,snapshot,1024,1074,1.000000,1.000000,1.000000,{"1":8192},1.000000,0.000000,0.000000,0.000000,1.000000,0.000000,-1.000000
0.035931734,5,103,read_only,4096,235,1.000000,1.000000,1.000000,{"1":6617},1.000000,0.000000,0.000000,0.000000,1.000000,0.000000,-1.000000
0.035931734,5,103,union,4096,235,1.000000,1.000000,1.000000,{"1":6617},1.000000,0.000000,0.000000,0.000000,1.000000,0.000000,-1.000000
0.035931734,5,103,snapshot,4096,285,1.000000,1.000000,1.000000,{"1":8192},1.000000,0.000000,0.000000,0.000000,1.000000,0.000000,-1.000000
0.035931734,5,103,read_only,16384,63,0.968254,0.984127,0.968254,{"1":6617},0.968254,0.031746,0.000000,0.000000,0.968254,0.000000,0.000000
0.035931734,5,103,union,16384,63,0.968254,0.984127,0.968254,{"1":6617},0.968254,0.031746,0.000000,0.000000,0.968254,0.000000,0.000000
0.035931734,5,103,snapshot,16384,79,0.936709,0.971102,0.936709,{"1":8192},0.936709,0.063291,0.000000,0.000000,0.936709,0.000000,0.000000
0.036408263,5,104,read_only,64,323,1.000000,1.000000,1.000000,{"1":323},1.000000,0.000000,0.000000,0.000000,1.000000,0.000000,-1.000000
0.036408263,5,104,union,64,336,1.000000,1.000000,1.000000,{"1":336},1.000000,0.000000,0.000000,0.000000,1.000000,0.000000,-1.000000
0.036408263,5,104,snapshot,64,8192,1.000000,1.000000,1.000000,{"1":8192},1.000000,0.000000,0.000000,0.000000,1.000000,0.000000,-1.000000
0.036408263,5,104,read_only,256,184,1.000000,1.000000,1.000000,{"1":323},1.000000,0.000000,0.000000,0.000000,1.000000,0.000000,-1.000000
0.036408263,5,104,union,256,191,1.000000,1.000000,1.000000,{"1":336},1.000000,0.000000,0.000000,0.000000,1.000000,0.000000,-1.000000
0.036408263,5,104,snapshot,256,4144,1.000000,1.000000,1.000000,{"1":8192},1.000000,0.000000,0.000000,0.000000,1.000000,0.000000,-1.000000
0.036408263,5,104,read_only,1024,73,1.000000,1.000000,1.000000,{"1":323},1.000000,0.000000,0.000000,0.000000,1.000000,0.000000,-1.000000
0.036408263,5,104,union,1024,74,1.000000,1.000000,1.000000,{"1":336},1.000000,0.000000,0.000000,0.000000,1.000000,0.000000,-1.000000
0.036408263,5,104,snapshot,1024,1068,1.000000,1.000000,1.000000,{"1":8192},1.000000,0.000000,0.000000,0.000000,1.000000,0.000000,-1.000000
0.036408263,5,104,read_only,4096,31,1.000000,1.000000,1.000000,{"1":323},1.000000,0.000000,0.000000,0.000000,1.000000,0.000000,-1.000000
0.036408263,5,104,union,4096,31,1.000000,1.000000,1.000000,{"1":336},1.000000,0.000000,0.000000,0.000000,1.000000,0.000000,-1.000000
0.036408263,5,104,snapshot,4096,277,1.000000,1.000000,1.000000,{"1":8192},1.000000,0.000000,0.000000,0.000000,1.000000,0.000000,-1.000000
0.036408263,5,104,read_only,16384,11,1.000000,1.000000,1.000000,{"1":323},1.000000,0.000000,0.000000,0.000000,1.000000,0.000000,-1.000000
0.036408263,5,104,union,16384,11,1.000000,1.000000,1.000000,{"1":336},1.000000,0.000000,0.000000,0.000000,1.000000,0.000000,-1.000000
0.036408263,5,104,snapshot,16384,74,0.945946,0.976388,0.945946,{"1":8192},0.945946,0.054054,0.000000,0.000000,0.945946,0.000000,0.000000
0.036692685,5,105,read_only,64,40,1.000000,1.000000,1.000000,{"1":40},1.000000,0.000000,0.000000,0.000000,1.000000,0.000000,-1.000000
0.036692685,5,105,union,64,40,1.000000,1.000000,1.000000,{"1":40},1.000000,0.000000,0.000000,0.000000,1.000000,0.000000,-1.000000
0.036692685,5,105,snapshot,64,8192,1.000000,1.000000,1.000000,{"1":8192},1.000000,0.000000,0.000000,0.000000,1.000000,0.000000,-1.000000
0.036692685,5,105,read_only,256,24,1.000000,1.000000,1.000000,{"1":40},1.000000,0.000000,0.000000,0.000000,1.000000,0.000000,-1.000000
0.036692685,5,105,union,256,24,1.000000,1.000000,1.000000,{"1":40},1.000000,0.000000,0.000000,0.000000,1.000000,0.000000,-1.000000
0.036692685,5,105,snapshot,256,4138,1.000000,1.000000,1.000000,{"1":8192},1.000000,0.000000,0.000000,0.000000,1.000000,0.000000,-1.000000
0.036692685,5,105,read_only,1024,8,1.000000,1.000000,1.000000,{"1":40},1.000000,0.000000,0.000000,0.000000,1.000000,0.000000,-1.000000
0.036692685,5,105,union,1024,8,1.000000,1.000000,1.000000,{"1":40},1.000000,0.000000,0.000000,0.000000,1.000000,0.000000,-1.000000
0.036692685,5,105,snapshot,1024,1065,1.000000,1.000000,1.000000,{"1":8192},1.000000,0.000000,0.000000,0.000000,1.000000,0.000000,-1.000000
0.036692685,5,105,read_only,4096,5,1.000000,1.000000,1.000000,{"1":40},1.000000,0.000000,0.000000,0.000000,1.000000,0.000000,-1.000000
0.036692685,5,105,union,4096,5,1.000000,1.000000,1.000000,{"1":40},1.000000,0.000000,0.000000,0.000000,1.000000,0.000000,-1.000000
0.036692685,5,105,snapshot,4096,274,1.000000,1.000000,1.000000,{"1":8192},1.000000,0.000000,0.000000,0.000000,1.000000,0.000000,-1.000000
0.036692685,5,105,read_only,16384,3,1.000000,1.000000,1.000000,{"1":40},1.000000,0.000000,0.000000,0.000000,1.000000,0.000000,-1.000000
0.036692685,5,105,union,16384,3,1.000000,1.000000,1.000000,{"1":40},1.000000,0.000000,0.000000,0.000000,1.000000,0.000000,-1.000000
0.036692685,5,105,snapshot,16384,73,0.945205,0.976064,0.945205,{"1":8192},0.945205,0.054795,0.000000,0.000000,0.945205,0.000000,0.000000
0.047657854,5,106,read_only,64,589,1.000000,1.000000,1.000000,{"1":589},1.000000,0.000000,0.000000,0.000000,1.000000,0.000000,-1.000000
0.047657854,5,106,union,64,590,1.000000,1.000000,1.000000,{"1":590},1.000000,0.000000,0.000000,0.000000,1.000000,0.000000,-1.000000
0.047657854,5,106,snapshot,64,8192,1.000000,1.000000,1.000000,{"1":8192},1.000000,0.000000,0.000000,0.000000,1.000000,0.000000,-1.000000
0.047657854,5,106,read_only,256,315,1.000000,1.000000,1.000000,{"1":589},1.000000,0.000000,0.000000,0.000000,1.000000,0.000000,-1.000000
0.047657854,5,106,union,256,316,1.000000,1.000000,1.000000,{"1":590},1.000000,0.000000,0.000000,0.000000,1.000000,0.000000,-1.000000
0.047657854,5,106,snapshot,256,4099,0.990242,0.995121,0.990242,{"1":8192},0.990242,0.009758,0.000000,0.000000,0.990242,0.000000,0.000000
0.047657854,5,106,read_only,1024,95,1.000000,1.000000,1.000000,{"1":589},1.000000,0.000000,0.000000,0.000000,1.000000,0.000000,-1.000000
0.047657854,5,106,union,1024,96,1.000000,1.000000,1.000000,{"1":590},1.000000,0.000000,0.000000,0.000000,1.000000,0.000000,-1.000000
0.047657854,5,106,snapshot,1024,1028,0.964008,0.991002,0.964008,{"1":8192},0.964008,0.035992,0.000000,0.000000,0.964008,0.000000,0.000000
0.047657854,5,106,read_only,4096,28,1.000000,1.000000,1.000000,{"1":589},1.000000,0.000000,0.000000,0.000000,1.000000,0.000000,-1.000000
0.047657854,5,106,union,4096,29,1.000000,1.000000,1.000000,{"1":590},1.000000,0.000000,0.000000,0.000000,1.000000,0.000000,-1.000000
0.047657854,5,106,snapshot,4096,260,0.942308,0.981731,0.942308,{"1":8192},0.942308,0.057692,0.000000,0.000000,0.942308,0.000000,0.000000
0.047657854,5,106,read_only,16384,11,1.000000,1.000000,1.000000,{"1":589},1.000000,0.000000,0.000000,0.000000,1.000000,0.000000,-1.000000
0.047657854,5,106,union,16384,11,0.909091,0.996364,0.909091,{"1":590},0.909091,0.090909,0.000000,0.000000,0.909091,0.000000,0.000000
0.047657854,5,106,snapshot,16384,72,0.916667,0.968967,0.916667,{"1":8192},0.916667,0.083333,0.000000,0.000000,0.916667,0.000000,0.000000
0.047922299,5,107,snapshot,64,8192,1.000000,1.000000,1.000000,{"1":8192},1.000000,0.000000,0.000000,0.000000,1.000000,0.000000,-1.000000
0.047922299,5,107,snapshot,256,4099,0.990242,0.995121,0.990242,{"1":8192},0.990242,0.009758,0.000000,0.000000,0.990242,0.000000,0.000000
0.047922299,5,107,snapshot,1024,1028,0.964008,0.991002,0.964008,{"1":8192},0.964008,0.035992,0.000000,0.000000,0.964008,0.000000,0.000000
0.047922299,5,107,snapshot,4096,260,0.942308,0.981731,0.942308,{"1":8192},0.942308,0.057692,0.000000,0.000000,0.942308,0.000000,0.000000
0.047922299,5,107,snapshot,16384,72,0.916667,0.968967,0.916667,{"1":8192},0.916667,0.083333,0.000000,0.000000,0.916667,0.000000,0.000000
0.048477577,5,108,read_only,64,225,1.000000,1.000000,1.000000,{"1":225},1.000000,0.000000,0.000000,0.000000,1.000000,0.000000,-1.000000
0.048477577,5,108,union,64,234,1.000000,1.000000,1.000000,{"1":234},1.000000,0.000000,0.000000,0.000000,1.000000,0.000000,-1.000000
0.048477577,5,108,snapshot,64,8192,1.000000,1.000000,1.000000,{"1":8192},1.000000,0.000000,0.000000,0.000000,1.000000,0.000000,-1.000000
0.048477577,5,108,read_only,256,113,1.000000,1.000000,1.000000,{"1":225},1.000000,0.000000,0.000000,0.000000,1.000000,0.000000,-1.000000
0.048477577,5,108,union,256,120,1.000000,1.000000,1.000000,{"1":234},1.000000,0.000000,0.000000,0.000000,1.000000,0.000000,-1.000000
0.048477577,5,108,snapshot,256,4104,0.991472,0.995736,0.991472,{"1":8192},0.991472,0.008528,0.000000,0.000000,0.991472,0.000000,0.000000
0.048477577,5,108,read_only,1024,30,1.000000,1.000000,1.000000,{"1":225},1.000000,0.000000,0.000000,0.000000,1.000000,0.000000,-1.000000
0.048477577,5,108,union,1024,35,1.000000,1.000000,1.000000,{"1":234},1.000000,0.000000,0.000000,0.000000,1.000000,0.000000,-1.000000
0.048477577,5,108,snapshot,1024,1035,0.967150,0.991667,0.967150,{"1":8192},0.967150,0.032850,0.000000,0.000000,0.967150,0.000000,0.000000
0.048477577,5,108,read_only,4096,8,1.000000,1.000000,1.000000,{"1":225},1.000000,0.000000,0.000000,0.000000,1.000000,0.000000,-1.000000
0.048477577,5,108,union,4096,12,1.000000,1.000000,1.000000,{"1":234},1.000000,0.000000,0.000000,0.000000,1.000000,0.000000,-1.000000
0.048477577,5,108,snapshot,4096,267,0.943820,0.982795,0.943820,{"1":8192},0.943820,0.056180,0.000000,0.000000,0.943820,0.000000,0.000000
0.048477577,5,108,read_only,16384,2,0.000000,0.726001,0.000000,{"1":225},0.000000,1.000000,0.000000,0.000000,0.000000,0.000000,0.000000
0.048477577,5,108,union,16384,5,0.600000,0.890401,0.600000,{"1":234},0.600000,0.400000,0.000000,0.000000,0.600000,0.000000,0.000000
0.048477577,5,108,snapshot,16384,74,0.891892,0.963139,0.891892,{"1":8192},0.891892,0.108108,0.000000,0.000000,0.891892,0.000000,0.000000
0.048816011,5,109,read_only,64,11,1.000000,1.000000,1.000000,{"1":11},1.000000,0.000000,0.000000,0.000000,1.000000,0.000000,-1.000000
0.048816011,5,109,union,64,11,1.000000,1.000000,1.000000,{"1":11},1.000000,0.000000,0.000000,0.000000,1.000000,0.000000,-1.000000
0.048816011,5,109,snapshot,64,8192,1.000000,1.000000,1.000000,{"1":8192},1.000000,0.000000,0.000000,0.000000,1.000000,0.000000,-1.000000
0.048816011,5,109,read_only,256,6,1.000000,1.000000,1.000000,{"1":11},1.000000,0.000000,0.000000,0.000000,1.000000,0.000000,-1.000000
0.048816011,5,109,union,256,6,1.000000,1.000000,1.000000,{"1":11},1.000000,0.000000,0.000000,0.000000,1.000000,0.000000,-1.000000
0.048816011,5,109,snapshot,256,4105,0.991474,0.995737,0.991474,{"1":8192},0.991474,0.008526,0.000000,0.000000,0.991474,0.000000,0.000000
0.048816011,5,109,read_only,1024,3,1.000000,1.000000,1.000000,{"1":11},1.000000,0.000000,0.000000,0.000000,1.000000,0.000000,-1.000000
0.048816011,5,109,union,1024,3,1.000000,1.000000,1.000000,{"1":11},1.000000,0.000000,0.000000,0.000000,1.000000,0.000000,-1.000000
0.048816011,5,109,snapshot,1024,1034,0.965184,0.991175,0.965184,{"1":8192},0.965184,0.034816,0.000000,0.000000,0.965184,0.000000,0.000000
0.048816011,5,109,read_only,4096,1,1.000000,1.000000,1.000000,{"1":11},1.000000,0.000000,0.000000,0.000000,1.000000,0.000000,-1.000000
0.048816011,5,109,union,4096,1,1.000000,1.000000,1.000000,{"1":11},1.000000,0.000000,0.000000,0.000000,1.000000,0.000000,-1.000000
0.048816011,5,109,snapshot,4096,267,0.940075,0.981218,0.940075,{"1":8192},0.940075,0.059925,0.000000,0.000000,0.940075,0.000000,0.000000
0.048816011,5,109,read_only,16384,1,1.000000,1.000000,1.000000,{"1":11},1.000000,0.000000,0.000000,0.000000,1.000000,0.000000,-1.000000
0.048816011,5,109,union,16384,1,1.000000,1.000000,1.000000,{"1":11},1.000000,0.000000,0.000000,0.000000,1.000000,0.000000,-1.000000
0.048816011,5,109,snapshot,16384,74,0.891892,0.963239,0.891892,{"1":8192},0.891892,0.108108,0.000000,0.000000,0.891892,0.000000,0.000000
0.049089301,5,110,read_only,64,1,1.000000,1.000000,1.000000,{"1":1},1.000000,0.000000,0.000000,0.000000,1.000000,0.000000,-1.000000
0.049089301,5,110,union,64,1,1.000000,1.000000,1.000000,{"1":1},1.000000,0.000000,0.000000,0.000000,1.000000,0.000000,-1.000000
0.049089301,5,110,snapshot,64,8192,1.000000,1.000000,1.000000,{"1":8192},1.000000,0.000000,0.000000,0.000000,1.000000,0.000000,-1.000000
0.049089301,5,110,read_only,256,1,1.000000,1.000000,1.000000,{"1":1},1.000000,0.000000,0.000000,0.000000,1.000000,0.000000,-1.000000
0.049089301,5,110,union,256,1,1.000000,1.000000,1.000000,{"1":1},1.000000,0.000000,0.000000,0.000000,1.000000,0.000000,-1.000000
0.049089301,5,110,snapshot,256,4106,0.991476,0.995738,0.991476,{"1":8192},0.991476,0.008524,0.000000,0.000000,0.991476,0.000000,0.000000
0.049089301,5,110,read_only,1024,1,1.000000,1.000000,1.000000,{"1":1},1.000000,0.000000,0.000000,0.000000,1.000000,0.000000,-1.000000
0.049089301,5,110,union,1024,1,1.000000,1.000000,1.000000,{"1":1},1.000000,0.000000,0.000000,0.000000,1.000000,0.000000,-1.000000
0.049089301,5,110,snapshot,1024,1035,0.965217,0.991184,0.965217,{"1":8192},0.965217,0.034783,0.000000,0.000000,0.965217,0.000000,0.000000
0.049089301,5,110,read_only,4096,1,1.000000,1.000000,1.000000,{"1":1},1.000000,0.000000,0.000000,0.000000,1.000000,0.000000,-1.000000
0.049089301,5,110,union,4096,1,1.000000,1.000000,1.000000,{"1":1},1.000000,0.000000,0.000000,0.000000,1.000000,0.000000,-1.000000
0.049089301,5,110,snapshot,4096,268,0.940299,0.981288,0.940299,{"1":8192},0.940299,0.059701,0.000000,0.000000,0.940299,0.000000,0.000000
0.049089301,5,110,read_only,16384,1,1.000000,1.000000,1.000000,{"1":1},1.000000,0.000000,0.000000,0.000000,1.000000,0.000000,-1.000000
0.049089301,5,110,union,16384,1,1.000000,1.000000,1.000000,{"1":1},1.000000,0.000000,0.000000,0.000000,1.000000,0.000000,-1.000000
0.049089301,5,110,snapshot,16384,75,0.893333,0.963729,0.893333,{"1":8192},0.893333,0.106667,0.000000,0.000000,0.893333,0.000000,0.000000
0.049321339,5,111,snapshot,64,8192,1.000000,1.000000,1.000000,{"1":8192},1.000000,0.000000,0.000000,0.000000,1.000000,0.000000,-1.000000
0.049321339,5,111,snapshot,256,4106,0.991476,0.995738,0.991476,{"1":8192},0.991476,0.008524,0.000000,0.000000,0.991476,0.000000,0.000000
0.049321339,5,111,snapshot,1024,1035,0.965217,0.991184,0.965217,{"1":8192},0.965217,0.034783,0.000000,0.000000,0.965217,0.000000,0.000000
0.049321339,5,111,snapshot,4096,268,0.940299,0.981288,0.940299,{"1":8192},0.940299,0.059701,0.000000,0.000000,0.940299,0.000000,0.000000
0.049321339,5,111,snapshot,16384,75,0.893333,0.963729,0.893333,{"1":8192},0.893333,0.106667,0.000000,0.000000,0.893333,0.000000,0.000000
0.049555079,5,112,snapshot,64,8192,1.000000,1.000000,1.000000,{"1":8192},1.000000,0.000000,0.000000,0.000000,1.000000,0.000000,-1.000000
0.049555079,5,112,snapshot,256,4106,0.991476,0.995738,0.991476,{"1":8192},0.991476,0.008524,0.000000,0.000000,0.991476,0.000000,0.000000
0.049555079,5,112,snapshot,1024,1035,0.965217,0.991184,0.965217,{"1":8192},0.965217,0.034783,0.000000,0.000000,0.965217,0.000000,0.000000
0.049555079,5,112,snapshot,4096,268,0.940299,0.981288,0.940299,{"1":8192},0.940299,0.059701,0.000000,0.000000,0.940299,0.000000,0.000000
0.049555079,5,112,snapshot,16384,75,0.893333,0.963729,0.893333,{"1":8192},0.893333,0.106667,0.000000,0.000000,0.893333,0.000000,0.000000
0.049788279,5,113,read_only,64,2,1.000000,1.000000,1.000000,{"1":2},1.000000,0.000000,0.000000,0.000000,1.000000,0.000000,-1.000000
0.049788279,5,113,union,64,2,1.000000,1.000000,1.000000,{"1":2},1.000000,0.000000,0.000000,0.000000,1.000000,0.000000,-1.000000
0.049788279,5,113,snapshot,64,8192,1.000000,1.000000,1.000000,{"1":8192},1.000000,0.000000,0.000000,0.000000,1.000000,0.000000,-1.000000
0.049788279,5,113,read_only,256,2,1.000000,1.000000,1.000000,{"1":2},1.000000,0.000000,0.000000,0.000000,1.000000,0.000000,-1.000000
0.049788279,5,113,union,256,2,1.000000,1.000000,1.000000,{"1":2},1.000000,0.000000,0.000000,0.000000,1.000000,0.000000,-1.000000
0.049788279,5,113,snapshot,256,4108,0.991480,0.995740,0.991480,{"1":8192},0.991480,0.008520,0.000000,0.000000,0.991480,0.000000,0.000000
0.049788279,5,113,read_only,1024,1,1.000000,1.000000,1.000000,{"1":2},1.000000,0.000000,0.000000,0.000000,1.000000,0.000000,-1.000000
0.049788279,5,113,union,1024,1,1.000000,1.000000,1.000000,{"1":2},1.000000,0.000000,0.000000,0.000000,1.000000,0.000000,-1.000000
0.049788279,5,113,snapshot,1024,1036,0.965251,0.991192,0.965251,{"1":8192},0.965251,0.034749,0.000000,0.000000,0.965251,0.000000,0.000000
0.049788279,5,113,read_only,4096,1,1.000000,1.000000,1.000000,{"1":2},1.000000,0.000000,0.000000,0.000000,1.000000,0.000000,-1.000000
0.049788279,5,113,union,4096,1,1.000000,1.000000,1.000000,{"1":2},1.000000,0.000000,0.000000,0.000000,1.000000,0.000000,-1.000000
0.049788279,5,113,snapshot,4096,269,0.940520,0.981358,0.940520,{"1":8192},0.940520,0.059480,0.000000,0.000000,0.940520,0.000000,0.000000
0.049788279,5,113,read_only,16384,1,1.000000,1.000000,1.000000,{"1":2},1.000000,0.000000,0.000000,0.000000,1.000000,0.000000,-1.000000
0.049788279,5,113,union,16384,1,1.000000,1.000000,1.000000,{"1":2},1.000000,0.000000,0.000000,0.000000,1.000000,0.000000,-1.000000
0.049788279,5,113,snapshot,16384,76,0.894737,0.964206,0.894737,{"1":8192},0.894737,0.105263,0.000000,0.000000,0.894737,0.000000,0.000000
0.050022081,5,114,snapshot,64,8192,1.000000,1.000000,1.000000,{"1":8192},1.000000,0.000000,0.000000,0.000000,1.000000,0.000000,-1.000000
0.050022081,5,114,snapshot,256,4108,0.991480,0.995740,0.991480,{"1":8192},0.991480,0.008520,0.000000,0.000000,0.991480,0.000000,0.000000
0.050022081,5,114,snapshot,1024,1036,0.965251,0.991192,0.965251,{"1":8192},0.965251,0.034749,0.000000,0.000000,0.965251,0.000000,0.000000
0.050022081,5,114,snapshot,4096,269,0.940520,0.981358,0.940520,{"1":8192},0.940520,0.059480,0.000000,0.000000,0.940520,0.000000,0.000000
0.050022081,5,114,snapshot,16384,76,0.894737,0.964206,0.894737,{"1":8192},0.894737,0.105263,0.000000,0.000000,0.894737,0.000000,0.000000
0.050253536,5,115,snapshot,64,8192,1.000000,1.000000,1.000000,{"1":8192},1.000000,0.000000,0.000000,0.000000,1.000000,0.000000,-1.000000
0.050253536,5,115,snapshot,256,4108,0.991480,0.995740,0.991480,{"1":8192},0.991480,0.008520,0.000000,0.000000,0.991480,0.000000,0.000000
0.050253536,5,115,snapshot,1024,1036,0.965251,0.991192,0.965251,{"1":8192},0.965251,0.034749,0.000000,0.000000,0.965251,0.000000,0.000000
0.050253536,5,115,snapshot,4096,269,0.940520,0.981358,0.940520,{"1":8192},0.940520,0.059480,0.000000,0.000000,0.940520,0.000000,0.000000
0.050253536,5,115,snapshot,16384,76,0.894737,0.964206,0.894737,{"1":8192},0.894737,0.105263,0.000000,0.000000,0.894737,0.000000,0.000000
0.050487119,5,116,read_only,64,76,1.000000,1.000000,1.000000,{"1":76},1.000000,0.000000,0.000000,0.000000,1.000000,0.000000,-1.000000
0.050487119,5,116,union,64,76,1.000000,1.000000,1.000000,{"1":76},1.000000,0.000000,0.000000,0.000000,1.000000,0.000000,-1.000000
0.050487119,5,116,snapshot,64,8192,1.000000,1.000000,1.000000,{"1":8192},1.000000,0.000000,0.000000,0.000000,1.000000,0.000000,-1.000000
0.050487119,5,116,read_only,256,38,1.000000,1.000000,1.000000,{"1":76},1.000000,0.000000,0.000000,0.000000,1.000000,0.000000,-1.000000
0.050487119,5,116,union,256,38,1.000000,1.000000,1.000000,{"1":76},1.000000,0.000000,0.000000,0.000000,1.000000,0.000000,-1.000000
0.050487119,5,116,snapshot,256,4109,0.991482,0.995741,0.991482,{"1":8192},0.991482,0.008518,0.000000,0.000000,0.991482,0.000000,0.000000
0.050487119,5,116,read_only,1024,10,1.000000,1.000000,1.000000,{"1":76},1.000000,0.000000,0.000000,0.000000,1.000000,0.000000,-1.000000
0.050487119,5,116,union,1024,10,1.000000,1.000000,1.000000,{"1":76},1.000000,0.000000,0.000000,0.000000,1.000000,0.000000,-1.000000
0.050487119,5,116,snapshot,1024,1037,0.965284,0.991201,0.965284,{"1":8192},0.965284,0.034716,0.000000,0.000000,0.965284,0.000000,0.000000
0.050487119,5,116,read_only,4096,3,1.000000,1.000000,1.000000,{"1":76},1.000000,0.000000,0.000000,0.000000,1.000000,0.000000,-1.000000
0.050487119,5,116,union,4096,3,1.000000,1.000000,1.000000,{"1":76},1.000000,0.000000,0.000000,0.000000,1.000000,0.000000,-1.000000
0.050487119,5,116,snapshot,4096,270,0.940741,0.981427,0.940741,{"1":8192},0.940741,0.059259,0.000000,0.000000,0.940741,0.000000,0.000000
0.050487119,5,116,read_only,16384,1,1.000000,1.000000,1.000000,{"1":76},1.000000,0.000000,0.000000,0.000000,1.000000,0.000000,-1.000000
0.050487119,5,116,union,16384,1,1.000000,1.000000,1.000000,{"1":76},1.000000,0.000000,0.000000,0.000000,1.000000,0.000000,-1.000000
0.050487119,5,116,snapshot,16384,77,0.896104,0.964671,0.896104,{"1":8192},0.896104,0.103896,0.000000,0.000000,0.896104,0.000000,0.000000
0.050720450,5,117,snapshot,64,8192,1.000000,1.000000,1.000000,{"1":8192},1.000000,0.000000,0.000000,0.000000,1.000000,0.000000,-1.000000
0.050720450,5,117,snapshot,256,4109,0.991482,0.995741,0.991482,{"1":8192},0.991482,0.008518,0.000000,0.000000,0.991482,0.000000,0.000000
0.050720450,5,117,snapshot,1024,1037,0.965284,0.991201,0.965284,{"1":8192},0.965284,0.034716,0.000000,0.000000,0.965284,0.000000,0.000000
0.050720450,5,117,snapshot,4096,270,0.940741,0.981427,0.940741,{"1":8192},0.940741,0.059259,0.000000,0.000000,0.940741,0.000000,0.000000
0.050720450,5,117,snapshot,16384,77,0.896104,0.964671,0.896104,{"1":8192},0.896104,0.103896,0.000000,0.000000,0.896104,0.000000,0.000000
0.050953884,5,118,snapshot,64,8192,1.000000,1.000000,1.000000,{"1":8192},1.000000,0.000000,0.000000,0.000000,1.000000,0.000000,-1.000000
0.050953884,5,118,snapshot,256,4109,0.991482,0.995741,0.991482,{"1":8192},0.991482,0.008518,0.000000,0.000000,0.991482,0.000000,0.000000
0.050953884,5,118,snapshot,1024,1037,0.965284,0.991201,0.965284,{"1":8192},0.965284,0.034716,0.000000,0.000000,0.965284,0.000000,0.000000
0.050953884,5,118,snapshot,4096,270,0.940741,0.981427,0.940741,{"1":8192},0.940741,0.059259,0.000000,0.000000,0.940741,0.000000,0.000000
0.050953884,5,118,snapshot,16384,77,0.896104,0.964671,0.896104,{"1":8192},0.896104,0.103896,0.000000,0.000000,0.896104,0.000000,0.000000
0.051201853,5,119,read_only,64,629,1.000000,1.000000,1.000000,{"1":629},1.000000,0.000000,0.000000,0.000000,1.000000,0.000000,-1.000000
0.051201853,5,119,union,64,654,1.000000,1.000000,1.000000,{"1":654},1.000000,0.000000,0.000000,0.000000,1.000000,0.000000,-1.000000
0.051201853,5,119,snapshot,64,8192,1.000000,1.000000,1.000000,{"1":8192},1.000000,0.000000,0.000000,0.000000,1.000000,0.000000,-1.000000
0.051201853,5,119,read_only,256,362,1.000000,1.000000,1.000000,{"1":629},1.000000,0.000000,0.000000,0.000000,1.000000,0.000000,-1.000000
0.051201853,5,119,union,256,377,1.000000,1.000000,1.000000,{"1":654},1.000000,0.000000,0.000000,0.000000,1.000000,0.000000,-1.000000
0.051201853,5,119,snapshot,256,4206,0.993343,0.996671,0.993343,{"1":8192},0.993343,0.006657,0.000000,0.000000,0.993343,0.000000,0.000000
0.051201853,5,119,read_only,1024,125,1.000000,1.000000,1.000000,{"1":629},1.000000,0.000000,0.000000,0.000000,1.000000,0.000000,-1.000000
0.051201853,5,119,union,1024,134,1.000000,1.000000,1.000000,{"1":654},1.000000,0.000000,0.000000,0.000000,1.000000,0.000000,-1.000000
0.051201853,5,119,snapshot,1024,1124,0.972420,0.993105,0.972420,{"1":8192},0.972420,0.027580,0.000000,0.000000,0.972420,0.000000,0.000000
0.051201853,5,119,read_only,4096,36,1.000000,1.000000,1.000000,{"1":629},1.000000,0.000000,0.000000,0.000000,1.000000,0.000000,-1.000000
0.051201853,5,119,union,4096,43,1.000000,1.000000,1.000000,{"1":654},1.000000,0.000000,0.000000,0.000000,1.000000,0.000000,-1.000000
0.051201853,5,119,snapshot,4096,299,0.949833,0.984796,0.949833,{"1":8192},0.949833,0.050167,0.000000,0.000000,0.949833,0.000000,0.000000
0.051201853,5,119,read_only,16384,10,0.800000,0.941355,0.800000,{"1":629},0.800000,0.200000,0.000000,0.000000,0.800000,0.000000,0.000000
0.051201853,5,119,union,16384,14,0.857143,0.958111,0.857143,{"1":654},0.857143,0.142857,0.000000,0.000000,0.857143,0.000000,0.000000
0.051201853,5,119,snapshot,16384,84,0.880952,0.962029,0.880952,{"1":8192},0.880952,0.119048,0.000000,0.000000,0.880952,0.000000,0.000000
0.051450604,5,120,read_only,64,240,1.000000,1.000000,1.000000,{"1":240},1.000000,0.000000,0.000000,0.000000,1.000000,0.000000,-1.000000
0.051450604,5,120,union,64,245,1.000000,1.000000,1.000000,{"1":245},1.000000,0.000000,0.000000,0.000000,1.000000,0.000000,-1.000000
0.051450604,5,120,snapshot,64,8192,1.000000,1.000000,1.000000,{"1":8192},1.000000,0.000000,0.000000,0.000000,1.000000,0.000000,-1.000000
0.051450604,5,120,read_only,256,130,1.000000,1.000000,1.000000,{"1":240},1.000000,0.000000,0.000000,0.000000,1.000000,0.000000,-1.000000
0.051450604,5,120,union,256,135,1.000000,1.000000,1.000000,{"1":245},1.000000,0.000000,0.000000,0.000000,1.000000,0.000000,-1.000000
0.051450604,5,120,snapshot,256,4218,0.993362,0.996681,0.993362,{"1":8192},0.993362,0.006638,0.000000,0.000000,0.993362,0.000000,0.000000
0.051450604,5,120,read_only,1024,43,1.000000,1.000000,1.000000,{"1":240},1.000000,0.000000,0.000000,0.000000,1.000000,0.000000,-1.000000
0.051450604,5,120,union,1024,48,1.000000,1.000000,1.000000,{"1":245},1.000000,0.000000,0.000000,0.000000,1.000000,0.000000,-1.000000
0.051450604,5,120,snapshot,1024,1131,0.974359,0.993148,0.974359,{"1":8192},0.974359,0.025641,0.000000,0.000000,0.974359,0.000000,0.000000
0.051450604,5,120,read_only,4096,17,1.000000,1.000000,1.000000,{"1":240},1.000000,0.000000,0.000000,0.000000,1.000000,0.000000,-1.000000
0.051450604,5,120,union,4096,20,1.000000,1.000000,1.000000,{"1":245},1.000000,0.000000,0.000000,0.000000,1.000000,0.000000,-1.000000
0.051450604,5,120,snapshot,4096,303,0.950495,0.985203,0.950495,{"1":8192},0.950495,0.049505,0.000000,0.000000,0.950495,0.000000,0.000000
0.051450604,5,120,read_only,16384,8,0.750000,0.930736,0.750000,{"1":240},0.750000,0.250000,0.000000,0.000000,0.750000,0.000000,0.000000
0.051450604,5,120,union,16384,10,0.800000,0.944589,0.800000,{"1":245},0.800000,0.200000,0.000000,0.000000,0.800000,0.000000,0.000000
0.051450604,5,120,snapshot,16384,86,0.860465,0.956553,0.860465,{"1":8192},0.860465,0.139535,0.000000,0.000000,0.860465,0.000000,0.000000
0.051703554,5,121,union,64,17,1.000000,1.000000,1.000000,{"1":17},1.000000,0.000000,0.000000,0.000000,1.000000,0.000000,-1.000000
0.051703554,5,121,snapshot,64,8192,1.000000,1.000000,1.000000,{"1":8192},1.000000,0.000000,0.000000,0.000000,1.000000,0.000000,-1.000000
0.051703554,5,121,union,256,12,1.000000,1.000000,1.000000,{"1":17},1.000000,0.000000,0.000000,0.000000,1.000000,0.000000,-1.000000
0.051703554,5,121,snapshot,256,4218,0.994310,0.997155,0.994310,{"1":8192},0.994310,0.005690,0.000000,0.000000,0.994310,0.000000,0.000000
0.051703554,5,121,union,1024,6,1.000000,1.000000,1.000000,{"1":17},1.000000,0.000000,0.000000,0.000000,1.000000,0.000000,-1.000000
0.051703554,5,121,snapshot,1024,1131,0.977011,0.993811,0.977011,{"1":8192},0.977011,0.022989,0.000000,0.000000,0.977011,0.000000,0.000000
0.051703554,5,121,union,4096,4,1.000000,1.000000,1.000000,{"1":17},1.000000,0.000000,0.000000,0.000000,1.000000,0.000000,-1.000000
0.051703554,5,121,snapshot,4096,303,0.950495,0.986028,0.950495,{"1":8192},0.950495,0.049505,0.000000,0.000000,0.950495,0.000000,0.000000
0.051703554,5,121,union,16384,2,1.000000,1.000000,1.000000,{"1":17},1.000000,0.000000,0.000000,0.000000,1.000000,0.000000,-1.000000
0.051703554,5,121,snapshot,16384,86,0.860465,0.957280,0.860465,{"1":8192},0.860465,0.139535,0.000000,0.000000,0.860465,0.000000,0.000000
0.051952771,5,122,read_only,64,630,1.000000,1.000000,1.000000,{"1":630},1.000000,0.000000,0.000000,0.000000,1.000000,0.000000,-1.000000
0.051952771,5,122,union,64,647,1.000000,1.000000,1.000000,{"1":647},1.000000,0.000000,0.000000,0.000000,1.000000,0.000000,-1.000000
0.051952771,5,122,snapshot,64,8192,1.000000,1.000000,1.000000,{"1":8192},1.000000,0.000000,0.000000,0.000000,1.000000,0.000000,-1.000000
0.051952771,5,122,read_only,256,368,1.000000,1.000000,1.000000,{"1":630},1.000000,0.000000,0.000000,0.000000,1.000000,0.000000,-1.000000
0.051952771,5,122,union,256,379,1.000000,1.000000,1.000000,{"1":647},1.000000,0.000000,0.000000,0.000000,1.000000,0.000000,-1.000000
0.051952771,5,122,snapshot,256,4147,0.995418,0.997709,0.995418,{"1":8192},0.995418,0.004582,0.000000,0.000000,0.995418,0.000000,0.000000
0.051952771,5,122,read_only,1024,125,1.000000,1.000000,1.000000,{"1":630},1.000000,0.000000,0.000000,0.000000,1.000000,0.000000,-1.000000
0.051952771,5,122,union,1024,129,1.000000,1.000000,1.000000,{"1":647},1.000000,0.000000,0.000000,0.000000,1.000000,0.000000,-1.000000
0.051952771,5,122,snapshot,1024,1072,0.978545,0.994753,0.978545,{"1":8192},0.978545,0.021455,0.000000,0.000000,0.978545,0.000000,0.000000
0.051952771,5,122,read_only,4096,35,1.000000,1.000000,1.000000,{"1":630},1.000000,0.000000,0.000000,0.000000,1.000000,0.000000,-1.000000
0.051952771,5,122,union,4096,38,1.000000,1.000000,1.000000,{"1":647},1.000000,0.000000,0.000000,0.000000,1.000000,0.000000,-1.000000
0.051952771,5,122,snapshot,4096,287,0.951220,0.986664,0.951220,{"1":8192},0.951220,0.048780,0.000000,0.000000,0.951220,0.000000,0.000000
0.051952771,5,122,read_only,16384,12,0.750000,0.939580,0.750000,{"1":630},0.750000,0.250000,0.000000,0.000000,0.750000,0.000000,0.000000
0.051952771,5,122,union,16384,13,0.769231,0.944227,0.769231,{"1":647},0.769231,0.230769,0.000000,0.000000,0.769231,0.000000,0.000000
0.051952771,5,122,snapshot,16384,85,0.835294,0.948773,0.835294,{"1":8192},0.835294,0.164706,0.000000,0.000000,0.835294,0.000000,0.000000
0.052185726,5,123,read_only,64,110,1.000000,1.000000,1.000000,{"1":110},1.000000,0.000000,0.000000,0.000000,1.000000,0.000000,-1.000000
0.052185726,5,123,union,64,133,1.000000,1.000000,1.000000,{"1":133},1.000000,0.000000,0.000000,0.000000,1.000000,0.000000,-1.000000
0.052185726,5,123,snapshot,64,8192,1.000000,1.000000,1.000000,{"1":8192},1.000000,0.000000,0.000000,0.000000,1.000000,0.000000,-1.000000
0.052185726,5,123,read_only,256,60,1.000000,1.000000,1.000000,{"1":110},1.000000,0.000000,0.000000,0.000000,1.000000,0.000000,-1.000000
0.052185726,5,123,union,256,75,1.000000,1.000000,1.000000,{"1":133},1.000000,0.000000,0.000000,0.000000,1.000000,0.000000,-1.000000
0.052185726,5,123,snapshot,256,4147,0.995901,0.997950,0.995901,{"1":8192},0.995901,0.004099,0.000000,0.000000,0.995901,0.000000,0.000000
0.052185726,5,123,read_only,1024,16,1.000000,1.000000,1.000000,{"1":110},1.000000,0.000000,0.000000,0.000000,1.000000,0.000000,-1.000000
0.052185726,5,123,union,1024,23,1.000000,1.000000,1.000000,{"1":133},1.000000,0.000000,0.000000,0.000000,1.000000,0.000000,-1.000000
0.052185726,5,123,snapshot,1024,1071,0.981326,0.995915,0.981326,{"1":8192},0.981326,0.018674,0.000000,0.000000,0.981326,0.000000,0.000000
0.052185726,5,123,read_only,4096,4,1.000000,1.000000,1.000000,{"1":110},1.000000,0.000000,0.000000,0.000000,1.000000,0.000000,-1.000000
0.052185726,5,123,union,4096,10,1.000000,1.000000,1.000000,{"1":133},1.000000,0.000000,0.000000,0.000000,1.000000,0.000000,-1.000000
0.052185726,5,123,snapshot,4096,286,0.951049,0.988366,0.951049,{"1":8192},0.951049,0.048951,0.000000,0.000000,0.951049,0.000000,0.000000
0.052185726,5,123,read_only,16384,1,0.000000,0.872727,0.000000,{"1":110},0.000000,1.000000,0.000000,0.000000,0.000000,0.000000,0.000000
0.052185726,5,123,union,16384,5,0.800000,0.974545,0.800000,{"1":133},0.800000,0.200000,0.000000,0.000000,0.800000,0.000000,0.000000
0.052185726,5,123,snapshot,16384,84,0.833333,0.947068,0.833333,{"1":8192},0.833333,0.166667,0.000000,0.000000,0.833333,0.000000,0.000000
0.052421299,5,124,union,64,6,1.000000,1.000000,1.000000,{"1":6},1.000000,0.000000,0.000000,0.000000,1.000000,0.000000,-1.000000
0.052421299,5,124,snapshot,64,8192,1.000000,1.000000,1.000000,{"1":8192},1.000000,0.000000,0.000000,0.000000,1.000000,0.000000,-1.000000
0.052421299,5,124,union,256,4,1.000000,1.000000,1.000000,{"1":6},1.000000,0.000000,0.000000,0.000000,1.000000,0.000000,-1.000000
0.052421299,5,124,snapshot,256,4147,0.995901,0.997950,0.995901,{"1":8192},0.995901,0.004099,0.000000,0.000000,0.995901,0.000000,0.000000
0.052421299,5,124,union,1024,3,1.000000,1.000000,1.000000,{"1":6},1.000000,0.000000,0.000000,0.000000,1.000000,0.000000,-1.000000
0.052421299,5,124,snapshot,1024,1071,0.982260,0.996148,0.982260,{"1":8192},0.982260,0.017740,0.000000,0.000000,0.982260,0.000000,0.000000
0.052421299,5,124,union,4096,3,1.000000,1.000000,1.000000,{"1":6},1.000000,0.000000,0.000000,0.000000,1.000000,0.000000,-1.000000
0.052421299,5,124,snapshot,4096,286,0.951049,0.988585,0.951049,{"1":8192},0.951049,0.048951,0.000000,0.000000,0.951049,0.000000,0.000000
0.052421299,5,124,union,16384,1,1.000000,1.000000,1.000000,{"1":6},1.000000,0.000000,0.000000,0.000000,1.000000,0.000000,-1.000000
0.052421299,5,124,snapshot,16384,84,0.833333,0.947254,0.833333,{"1":8192},0.833333,0.166667,0.000000,0.000000,0.833333,0.000000,0.000000
0.052656072,5,125,union,64,2,1.000000,1.000000,1.000000,{"1":2},1.000000,0.000000,0.000000,0.000000,1.000000,0.000000,-1.000000
0.052656072,5,125,snapshot,64,8192,1.000000,1.000000,1.000000,{"1":8192},1.000000,0.000000,0.000000,0.000000,1.000000,0.000000,-1.000000
0.052656072,5,125,union,256,2,1.000000,1.000000,1.000000,{"1":2},1.000000,0.000000,0.000000,0.000000,1.000000,0.000000,-1.000000
0.052656072,5,125,snapshot,256,4147,0.995901,0.997950,0.995901,{"1":8192},0.995901,0.004099,0.000000,0.000000,0.995901,0.000000,0.000000
0.052656072,5,125,union,1024,2,1.000000,1.000000,1.000000,{"1":2},1.000000,0.000000,0.000000,0.000000,1.000000,0.000000,-1.000000
0.052656072,5,125,snapshot,1024,1071,0.982260,0.996148,0.982260,{"1":8192},0.982260,0.017740,0.000000,0.000000,0.982260,0.000000,0.000000
0.052656072,5,125,union,4096,2,1.000000,1.000000,1.000000,{"1":2},1.000000,0.000000,0.000000,0.000000,1.000000,0.000000,-1.000000
0.052656072,5,125,snapshot,4096,286,0.951049,0.988585,0.951049,{"1":8192},0.951049,0.048951,0.000000,0.000000,0.951049,0.000000,0.000000
0.052656072,5,125,union,16384,1,1.000000,1.000000,1.000000,{"1":2},1.000000,0.000000,0.000000,0.000000,1.000000,0.000000,-1.000000
0.052656072,5,125,snapshot,16384,84,0.833333,0.947068,0.833333,{"1":8192},0.833333,0.166667,0.000000,0.000000,0.833333,0.000000,0.000000
0.052890687,5,126,read_only,64,230,1.000000,1.000000,1.000000,{"1":230},1.000000,0.000000,0.000000,0.000000,1.000000,0.000000,-1.000000
0.052890687,5,126,union,64,234,1.000000,1.000000,1.000000,{"1":234},1.000000,0.000000,0.000000,0.000000,1.000000,0.000000,-1.000000
0.052890687,5,126,snapshot,64,8192,1.000000,1.000000,1.000000,{"1":8192},1.000000,0.000000,0.000000,0.000000,1.000000,0.000000,-1.000000
0.052890687,5,126,read_only,256,130,1.000000,1.000000,1.000000,{"1":230},1.000000,0.000000,0.000000,0.000000,1.000000,0.000000,-1.000000
0.052890687,5,126,union,256,134,1.000000,1.000000,1.000000,{"1":234},1.000000,0.000000,0.000000,0.000000,1.000000,0.000000,-1.000000
0.052890687,5,126,snapshot,256,4171,0.996404,0.998202,0.996404,{"1":8192},0.996404,0.003596,0.000000,0.000000,0.996404,0.000000,0.000000
0.052890687,5,126,read_only,1024,39,1.000000,1.000000,1.000000,{"1":230},1.000000,0.000000,0.000000,0.000000,1.000000,0.000000,-1.000000
0.052890687,5,126,union,1024,41,1.000000,1.000000,1.000000,{"1":234},1.000000,0.000000,0.000000,0.000000,1.000000,0.000000,-1.000000
0.052890687,5,126,snapshot,1024,1090,0.983486,0.996445,0.983486,{"1":8192},0.983486,0.016514,0.000000,0.000000,0.983486,0.000000,0.000000
0.052890687,5,126,read_only,4096,10,1.000000,1.000000,1.000000,{"1":230},1.000000,0.000000,0.000000,0.000000,1.000000,0.000000,-1.000000
0.052890687,5,126,union,4096,12,1.000000,1.000000,1.000000,{"1":234},1.000000,0.000000,0.000000,0.000000,1.000000,0.000000,-1.000000
0.052890687,5,126,snapshot,4096,291,0.955326,0.988996,0.955326,{"1":8192},0.955326,0.044674,0.000000,0.000000,0.955326,0.000000,0.000000
0.052890687,5,126,read_only,16384,3,1.000000,1.000000,1.000000,{"1":230},1.000000,0.000000,0.000000,0.000000,1.000000,0.000000,-1.000000
0.052890687,5,126,union,16384,4,1.000000,1.000000,1.000000,{"1":234},1.000000,0.000000,0.000000,0.000000,1.000000,0.000000,-1.000000
0.052890687,5,126,snapshot,16384,87,0.839080,0.949073,0.839080,{"1":8192},0.839080,0.160920,0.000000,0.000000,0.839080,0.000000,0.000000
0.053126355,5,127,read_only,64,88,1.000000,1.000000,1.000000,{"1":88},1.000000,0.000000,0.000000,0.000000,1.000000,0.000000,-1.000000
0.053126355,5,127,union,64,88,1.000000,1.000000,1.000000,{"1":88},1.000000,0.000000,0.000000,0.000000,1.000000,0.000000,-1.000000
0.053126355,5,127,snapshot,64,8192,1.000000,1.000000,1.000000,{"1":8192},1.000000,0.000000,0.000000,0.000000,1.000000,0.000000,-1.000000
0.053126355,5,127,read_only,256,59,1.000000,1.000000,1.000000,{"1":88},1.000000,0.000000,0.000000,0.000000,1.000000,0.000000,-1.000000
0.053126355,5,127,union,256,59,1.000000,1.000000,1.000000,{"1":88},1.000000,0.000000,0.000000,0.000000,1.000000,0.000000,-1.000000
0.053126355,5,127,snapshot,256,4144,0.996380,0.998190,0.996380,{"1":8192},0.996380,0.003620,0.000000,0.000000,0.996380,0.000000,0.000000
0.053126355,5,127,read_only,1024,23,1.000000,1.000000,1.000000,{"1":88},1.000000,0.000000,0.000000,0.000000,1.000000,0.000000,-1.000000
0.053126355,5,127,union,1024,23,1.000000,1.000000,1.000000,{"1":88},1.000000,0.000000,0.000000,0.000000,1.000000,0.000000,-1.000000
0.053126355,5,127,snapshot,1024,1070,0.983178,0.996379,0.983178,{"1":8192},0.983178,0.016822,0.000000,0.000000,0.983178,0.000000,0.000000
0.053126355,5,127,read_only,4096,7,1.000000,1.000000,1.000000,{"1":88},1.000000,0.000000,0.000000,0.000000,1.000000,0.000000,-1.000000
0.053126355,5,127,union,4096,7,1.000000,1.000000,1.000000,{"1":88},1.000000,0.000000,0.000000,0.000000,1.000000,0.000000,-1.000000
0.053126355,5,127,snapshot,4096,285,0.954386,0.988764,0.954386,{"1":8192},0.954386,0.045614,0.000000,0.000000,0.954386,0.000000,0.000000
0.053126355,5,127,read_only,16384,3,1.000000,1.000000,1.000000,{"1":88},1.000000,0.000000,0.000000,0.000000,1.000000,0.000000,-1.000000
0.053126355,5,127,union,16384,3,1.000000,1.000000,1.000000,{"1":88},1.000000,0.000000,0.000000,0.000000,1.000000,0.000000,-1.000000
0.053126355,5,127,snapshot,16384,86,0.837209,0.948480,0.837209,{"1":8192},0.837209,0.162791,0.000000,0.000000,0.837209,0.000000,0.000000
0.053358680,5,128,snapshot,64,8192,1.000000,1.000000,1.000000,{"1":8192},1.000000,0.000000,0.000000,0.000000,1.000000,0.000000,-1.000000
0.053358680,5,128,snapshot,256,4144,0.996380,0.998190,0.996380,{"1":8192},0.996380,0.003620,0.000000,0.000000,0.996380,0.000000,0.000000
0.053358680,5,128,snapshot,1024,1070,0.983178,0.996379,0.983178,{"1":8192},0.983178,0.016822,0.000000,0.000000,0.983178,0.000000,0.000000
0.053358680,5,128,snapshot,4096,285,0.954386,0.988764,0.954386,{"1":8192},0.954386,0.045614,0.000000,0.000000,0.954386,0.000000,0.000000
0.053358680,5,128,snapshot,16384,86,0.837209,0.948480,0.837209,{"1":8192},0.837209,0.162791,0.000000,0.000000,0.837209,0.000000,0.000000
0.053590915,5,129,snapshot,64,8192,1.000000,1.000000,1.000000,{"1":8192},1.000000,0.000000,0.000000,0.000000,1.000000,0.000000,-1.000000
0.053590915,5,129,snapshot,256,4144,0.996380,0.998190,0.996380,{"1":8192},0.996380,0.003620,0.000000,0.000000,0.996380,0.000000,0.000000
0.053590915,5,129,snapshot,1024,1070,0.983178,0.996379,0.983178,{"1":8192},0.983178,0.016822,0.000000,0.000000,0.983178,0.000000,0.000000
0.053590915,5,129,snapshot,4096,285,0.954386,0.988764,0.954386,{"1":8192},0.954386,0.045614,0.000000,0.000000,0.954386,0.000000,0.000000
0.053590915,5,129,snapshot,16384,86,0.837209,0.948480,0.837209,{"1":8192},0.837209,0.162791,0.000000,0.000000,0.837209,0.000000,0.000000
0.053824710,5,130,snapshot,64,8192,1.000000,1.000000,1.000000,{"1":8192},1.000000,0.000000,0.000000,0.000000,1.000000,0.000000,-1.000000
0.053824710,5,130,snapshot,256,4144,0.996380,0.998190,0.996380,{"1":8192},0.996380,0.003620,0.000000,0.000000,0.996380,0.000000,0.000000
0.053824710,5,130,snapshot,1024,1070,0.983178,0.996379,0.983178,{"1":8192},0.983178,0.016822,0.000000,0.000000,0.983178,0.000000,0.000000
0.053824710,5,130,snapshot,4096,285,0.954386,0.988764,0.954386,{"1":8192},0.954386,0.045614,0.000000,0.000000,0.954386,0.000000,0.000000
0.053824710,5,130,snapshot,16384,86,0.837209,0.948480,0.837209,{"1":8192},0.837209,0.162791,0.000000,0.000000,0.837209,0.000000,0.000000
0.054082650,5,131,read_only,64,76,1.000000,1.000000,1.000000,{"1":76},1.000000,0.000000,0.000000,0.000000,1.000000,0.000000,-1.000000
0.054082650,5,131,union,64,83,1.000000,1.000000,1.000000,{"1":83},1.000000,0.000000,0.000000,0.000000,1.000000,0.000000,-1.000000
0.054082650,5,131,snapshot,64,8192,1.000000,1.000000,1.000000,{"0":1,"1":8191},0.999878,0.000000,0.000000,0.000000,0.999878,0.000000,-1.000000
0.054082650,5,131,read_only,256,43,1.000000,1.000000,1.000000,{"1":76},1.000000,0.000000,0.000000,0.000000,1.000000,0.000000,-1.000000
0.054082650,5,131,union,256,48,1.000000,1.000000,1.000000,{"1":83},1.000000,0.000000,0.000000,0.000000,1.000000,0.000000,-1.000000
0.054082650,5,131,snapshot,256,4154,0.996870,0.998435,0.996870,{"0":1,"1":8191},0.996630,0.003130,0.000000,0.000000,0.996630,0.000000,0.000000
0.054082650,5,131,read_only,1024,20,1.000000,1.000000,1.000000,{"1":76},1.000000,0.000000,0.000000,0.000000,1.000000,0.000000,-1.000000
0.054082650,5,131,union,1024,24,1.000000,1.000000,1.000000,{"1":83},1.000000,0.000000,0.000000,0.000000,1.000000,0.000000,-1.000000
0.054082650,5,131,snapshot,1024,1084,0.981550,0.995272,0.981550,{"0":1,"1":8191},0.982472,0.017528,0.000000,0.000000,0.981550,0.000000,0.000000
0.054082650,5,131,read_only,4096,8,1.000000,1.000000,1.000000,{"1":76},1.000000,0.000000,0.000000,0.000000,1.000000,0.000000,-1.000000
0.054082650,5,131,union,4096,11,1.000000,1.000000,1.000000,{"1":83},1.000000,0.000000,0.000000,0.000000,1.000000,0.000000,-1.000000
0.054082650,5,131,snapshot,4096,292,0.952055,0.988605,0.952055,{"0":1,"1":8191},0.955479,0.044521,0.000000,0.000000,0.952055,0.000000,0.000000
0.054082650,5,131,read_only,16384,4,1.000000,1.000000,1.000000,{"1":76},1.000000,0.000000,0.000000,0.000000,1.000000,0.000000,-1.000000
0.054082650,5,131,union,16384,7,1.000000,1.000000,1.000000,{"1":83},1.000000,0.000000,0.000000,0.000000,1.000000,0.000000,-1.000000
0.054082650,5,131,snapshot,16384,90,0.833333,0.949530,0.833333,{"0":1,"1":8191},0.844444,0.155556,0.000000,0.000000,0.833333,0.000000,0.000000
0.054352241,5,132,read_only,64,888,1.000000,1.000000,1.000000,{"1":888},1.000000,0.000000,0.000000,0.000000,1.000000,0.000000,-1.000000
0.054352241,5,132,union,64,968,1.000000,1.000000,1.000000,{"1":968},1.000000,0.000000,0.000000,0.000000,1.000000,0.000000,-1.000000
0.054352241,5,132,snapshot,64,8192,1.000000,1.000000,1.000000,{"1":8192},1.000000,0.000000,0.000000,0.000000,1.000000,0.000000,-1.000000
0.054352241,5,132,read_only,256,504,1.000000,1.000000,1.000000,{"1":888},1.000000,0.000000,0.000000,0.000000,1.000000,0.000000,-1.000000
0.054352241,5,132,union,256,553,1.000000,1.000000,1.000000,{"1":968},1.000000,0.000000,0.000000,0.000000,1.000000,0.000000,-1.000000
0.054352241,5,132,snapshot,256,4266,0.996953,0.998476,0.996953,{"1":8192},0.996953,0.003047,0.000000,0.000000,0.996953,0.000000,0.000000
0.054352241,5,132,read_only,1024,179,1.000000,1.000000,1.000000,{"1":888},1.000000,0.000000,0.000000,0.000000,1.000000,0.000000,-1.000000
0.054352241,5,132,union,1024,199,1.000000,1.000000,1.000000,{"1":968},1.000000,0.000000,0.000000,0.000000,1.000000,0.000000,-1.000000
0.054352241,5,132,snapshot,1024,1172,0.985495,0.996907,0.985495,{"1":8192},0.985495,0.014505,0.000000,0.000000,0.985495,0.000000,0.000000
0.054352241,5,132,read_only,4096,72,1.000000,1.000000,1.000000,{"1":888},1.000000,0.000000,0.000000,0.000000,1.000000,0.000000,-1.000000
0.054352241,5,132,union,4096,85,1.000000,1.000000,1.000000,{"1":968},1.000000,0.000000,0.000000,0.000000,1.000000,0.000000,-1.000000
0.054352241,5,132,snapshot,4096,341,0.967742,0.994272,0.967742,{"1":8192},0.967742,0.032258,0.000000,0.000000,0.967742,0.000000,0.000000
0.054352241,5,132,read_only,16384,27,0.962963,0.996296,0.962963,{"1":888},0.962963,0.037037,0.000000,0.000000,0.962963,0.000000,0.000000
0.054352241,5,132,union,16384,31,0.967742,0.996774,0.967742,{"1":968},0.967742,0.032258,0.000000,0.000000,0.967742,0.000000,0.000000
0.054352241,5,132,snapshot,16384,113,0.867257,0.963349,0.867257,{"1":8192},0.867257,0.132743,0.000000,0.000000,0.867257,0.000000,0.000000
0.054871324,5,133,read_only,64,2848,1.000000,1.000000,1.000000,{"1":2847,"2":1},0.999649,0.000351,0.000000,0.000000,0.999649,0.000351,1.000000
0.054871324,5,133,union,64,2920,1.000000,1.000000,1.000000,{"1":2919,"2":1},0.999658,0.000342,0.000000,0.000000,0.999658,0.000342,1.000000
0.054871324,5,133,snapshot,64,8192,1.000000,1.000000,1.000000,{"1":8191,"2":1},0.999878,0.000122,0.000000,0.000000,0.999878,0.000122,1.000000
0.054871324,5,133,read_only,256,1470,1.000000,1.000000,1.000000,{"1":2847,"2":1},0.999320,0.000680,0.000000,0.000000,0.999320,0.000680,1.000000
0.054871324,5,133,union,256,1513,1.000000,1.000000,1.000000,{"1":2919,"2":1},0.999339,0.000661,0.000000,0.000000,0.999339,0.000661,1.000000
0.054871324,5,133,snapshot,256,4185,0.999283,0.999642,0.999283,{"1":8191,"2":1},0.999283,0.000717,0.000000,0.000000,0.999283,0.000000,0.000000
0.054871324,5,133,read_only,1024,382,1.000000,1.000000,1.000000,{"1":2847,"2":1},0.997382,0.002618,0.000000,0.000000,0.997382,0.002618,1.000000
0.054871324,5,133,union,1024,402,1.000000,1.000000,1.000000,{"1":2919,"2":1},0.997512,0.002488,0.000000,0.000000,0.997512,0.002488,1.000000
0.054871324,5,133,snapshot,1024,1105,0.997285,0.999246,0.997285,{"1":8191,"2":1},0.997285,0.002715,0.000000,0.000000,0.997285,0.000000,0.000000
0.054871324,5,133,read_only,4096,104,1.000000,1.000000,1.000000,{"1":2847,"2":1},0.990385,0.009615,0.000000,0.000000,0.990385,0.009615,1.000000
0.054871324,5,133,union,4096,113,1.000000,1.000000,1.000000,{"1":2919,"2":1},0.991150,0.008850,0.000000,0.000000,0.991150,0.008850,1.000000
0.054871324,5,133,snapshot,4096,300,0.993333,0.998533,0.993333,{"1":8191,"2":1},0.993333,0.006667,0.000000,0.000000,0.993333,0.000000,0.000000
0.054871324,5,133,read_only,16384,29,0.862069,0.961161,0.862069,{"1":2847,"2":1},0.862069,0.137931,0.000000,0.000000,0.862069,0.000000,0.000000
0.054871324,5,133,union,16384,33,0.878788,0.979703,0.878788,{"1":2919,"2":1},0.878788,0.121212,0.000000,0.000000,0.878788,0.000000,0.000000
0.054871324,5,133,snapshot,16384,91,0.857143,0.954155,0.857143,{"1":8191,"2":1},0.857143,0.142857,0.000000,0.000000,0.857143,0.000000,0.000000
0.055110996,5,134,read_only,64,4,1.000000,1.000000,1.000000,{"1":4},1.000000,0.000000,0.000000,0.000000,1.000000,0.000000,-1.000000
0.055110996,5,134,union,64,4,1.000000,1.000000,1.000000,{"1":4},1.000000,0.000000,0.000000,0.000000,1.000000,0.000000,-1.000000
0.055110996,5,134,snapshot,64,8192,1.000000,1.000000,1.000000,{"1":8191,"2":1},0.999878,0.000122,0.000000,0.000000,0.999878,0.000122,1.000000
0.055110996,5,134,read_only,256,2,1.000000,1.000000,1.000000,{"1":4},1.000000,0.000000,0.000000,0.000000,1.000000,0.000000,-1.000000
0.055110996,5,134,union,256,2,1.000000,1.000000,1.000000,{"1":4},1.000000,0.000000,0.000000,0.000000,1.000000,0.000000,-1.000000
0.055110996,5,134,snapshot,256,4185,0.999283,0.999642,0.999283,{"1":8191,"2":1},0.999283,0.000717,0.000000,0.000000,0.999283,0.000000,0.000000
0.055110996,5,134,read_only,1024,1,1.000000,1.000000,1.000000,{"1":4},1.000000,0.000000,0.000000,0.000000,1.000000,0.000000,-1.000000
0.055110996,5,134,union,1024,1,1.000000,1.000000,1.000000,{"1":4},1.000000,0.000000,0.000000,0.000000,1.000000,0.000000,-1.000000
0.055110996,5,134,snapshot,1024,1104,0.997283,0.999245,0.997283,{"1":8191,"2":1},0.997283,0.002717,0.000000,0.000000,0.997283,0.000000,0.000000
0.055110996,5,134,read_only,4096,1,1.000000,1.000000,1.000000,{"1":4},1.000000,0.000000,0.000000,0.000000,1.000000,0.000000,-1.000000
0.055110996,5,134,union,4096,1,1.000000,1.000000,1.000000,{"1":4},1.000000,0.000000,0.000000,0.000000,1.000000,0.000000,-1.000000
0.055110996,5,134,snapshot,4096,299,0.993311,0.998528,0.993311,{"1":8191,"2":1},0.993311,0.006689,0.000000,0.000000,0.993311,0.000000,0.000000
0.055110996,5,134,read_only,16384,1,1.000000,1.000000,1.000000,{"1":4},1.000000,0.000000,0.000000,0.000000,1.000000,0.000000,-1.000000
0.055110996,5,134,union,16384,1,1.000000,1.000000,1.000000,{"1":4},1.000000,0.000000,0.000000,0.000000,1.000000,0.000000,-1.000000
0.055110996,5,134,snapshot,16384,91,0.857143,0.953888,0.857143,{"1":8191,"2":1},0.857143,0.142857,0.000000,0.000000,0.857143,0.000000,0.000000
0.055694711,5,135,read_only,64,3324,1.000000,1.000000,1.000000,{"1":3321,"2":3},0.999097,0.000903,0.000000,0.000000,0.999097,0.000903,1.000000
0.055694711,5,135,union,64,3329,1.000000,1.000000,1.000000,{"1":3326,"2":3},0.999099,0.000901,0.000000,0.000000,0.999099,0.000901,1.000000
0.055694711,5,135,snapshot,64,8192,1.000000,1.000000,1.000000,{"1":8188,"2":4},0.999512,0.000488,0.000000,0.000000,0.999512,0.000488,1.000000
0.055694711,5,135,read_only,256,1706,1.000000,1.000000,1.000000,{"1":3321,"2":3},0.998828,0.001172,0.000000,0.000000,0.998828,0.001172,1.000000
0.055694711,5,135,union,256,1710,1.000000,1.000000,1.000000,{"1":3326,"2":3},0.998830,0.001170,0.000000,0.000000,0.998830,0.001170,1.000000
0.055694711,5,135,snapshot,256,4181,0.999761,0.999880,0.999761,{"1":8188,"2":4},0.999282,0.000718,0.000000,0.000000,0.999282,0.000478,0.666667
0.055694711,5,135,read_only,1024,452,1.000000,1.000000,1.000000,{"1":3321,"2":3},0.995575,0.004425,0.000000,0.000000,0.995575,0.004425,1.000000
0.055694711,5,135,union,1024,453,0.997792,0.998896,0.997792,{"1":3326,"2":3},0.995585,0.004415,0.000000,0.000000,0.995585,0.002208,0.500000
0.055694711,5,135,snapshot,1024,1092,0.998168,0.999580,0.998168,{"1":8188,"2":4},0.997253,0.002747,0.000000,0.000000,0.997253,0.000916,0.333333
0.055694711,5,135,read_only,4096,125,1.000000,1.000000,1.000000,{"1":3321,"2":3},0.992000,0.008000,0.000000,0.000000,0.992000,0.008000,1.000000
0.055694711,5,135,union,4096,125,0.992000,0.997000,0.992000,{"1":3326,"2":3},0.992000,0.008000,0.000000,0.000000,0.992000,0.000000,0.000000
0.055694711,5,135,snapshot,4096,290,0.993103,0.998707,0.993103,{"1":8188,"2":4},0.993103,0.006897,0.000000,0.000000,0.993103,0.000000,0.000000
0.055694711,5,135,read_only,16384,42,0.880952,0.956085,0.880952,{"1":3321,"2":3},0.857143,0.142857,0.000000,0.000000,0.857143,0.023810,0.166667
0.055694711,5,135,union,16384,42,0.857143,0.947156,0.857143,{"1":3326,"2":3},0.857143,0.142857,0.000000,0.000000,0.857143,0.000000,0.000000
0.055694711,5,135,snapshot,16384,91,0.857143,0.952037,0.857143,{"1":8188,"2":4},0.857143,0.142857,0.000000,0.000000,0.857143,0.000000,0.000000
0.056145544,5,136,read_only,64,5545,1.000000,1.000000,1.000000,{"1":4569,"2":976},0.823986,0.176014,0.000000,0.000000,0.823986,0.176014,1.000000
0.056145544,5,136,union,64,5844,1.000000,1.000000,1.000000,{"1":4868,"2":976},0.832991,0.167009,0.000000,0.000000,0.832991,0.167009,1.000000
0.056145544,5,136,snapshot,64,8192,1.000000,1.000000,1.000000,{"1":7221,"2":971},0.881470,0.118530,0.000000,0.000000,0.881470,0.118530,1.000000
0.056145544,5,136,read_only,256,3226,0.927464,0.963732,0.927464,{"1":4569,"2":976},0.737136,0.262864,0.000000,0.000000,0.737136,0.190329,0.724057
0.056145544,5,136,union,256,3316,0.919180,0.959590,0.919180,{"1":4868,"2":976},0.735223,0.264777,0.000000,0.000000,0.735223,0.183957,0.694761
0.056145544,5,136,snapshot,256,4534,0.882444,0.941222,0.882444,{"1":7221,"2":971},0.806573,0.193427,0.000000,0.000000,0.806573,0.075871,0.392246
0.056145544,5,136,read_only,1024,956,0.834728,0.949252,0.834728,{"1":4569,"2":976},0.625523,0.374477,0.000000,0.000000,0.625523,0.209205,0.558659
0.056145544,5,136,union,1024,963,0.829699,0.949461,0.829699,{"1":4868,"2":976},0.626168,0.373832,0.000000,0.000000,0.626168,0.203531,0.544444
0.056145544,5,136,snapshot,1024,1311,0.750572,0.929355,0.750572,{"1":7221,"2":971},0.726163,0.273837,0.000000,0.000000,0.726163,0.024409,0.089136
0.056145544,5,136,read_only,4096,266,0.748120,0.933575,0.748120,{"1":4569,"2":976},0.545113,0.443609,0.011278,0.000000,0.545113,0.203008,0.446281
0.056145544,5,136,union,4096,266,0.733083,0.934673,0.733083,{"1":4868,"2":976},0.545113,0.443609,0.011278,0.000000,0.545113,0.187970,0.413223
0.056145544,5,136,snapshot,4096,365,0.668493,0.922962,0.668493,{"1":7221,"2":971},0.668493,0.323288,0.008219,0.000000,0.668493,0.000000,0.000000
0.056145544,5,136,read_only,16384,77,0.298701,0.743406,0.298701,{"1":4569,"2":976},0.285714,0.363636,0.350649,0.000000,0.285714,0.012987,0.018182
0.056145544,5,136,union,16384,77,0.298701,0.748369,0.298701,{"1":4868,"2":976},0.285714,0.363636,0.350649,0.000000,0.285714,0.012987,0.018182
0.056145544,5,136,snapshot,16384,104,0.432692,0.828793,0.432692,{"1":7221,"2":971},0.432692,0.307692,0.259615,0.000000,0.432692,0.000000,0.000000
0.057148982,5,137,read_only,64,6899,1.000000,1.000000,1.000000,{"1":6853,"2":46},0.993332,0.006668,0.000000,0.000000,0.993332,0.006668,1.000000
0.057148982,5,137,union,64,7856,1.000000,1.000000,1.000000,{"1":7810,"2":46},0.994145,0.005855,0.000000,0.000000,0.994145,0.005855,1.000000
0.057148982,5,137,snapshot,64,8192,1.000000,1.000000,1.000000,{"1":8003,"2":189},0.976929,0.023071,0.000000,0.000000,0.976929,0.023071,1.000000
0.057148982,5,137,read_only,256,3648,0.999452,0.999726,0.999452,{"1":6853,"2":46},0.988761,0.011239,0.000000,0.000000,0.988761,0.010691,0.951220
0.057148982,5,137,union,256,4238,0.996461,0.998230,0.996461,{"1":7810,"2":46},0.990326,0.009674,0.000000,0.000000,0.990326,0.006135,0.634146
0.057148982,5,137,snapshot,256,4511,0.994680,0.997340,0.994680,{"1":8003,"2":189},0.970517,0.029483,0.000000,0.000000,0.970517,0.024163,0.819549
0.057148982,5,137,read_only,1024,1001,0.995005,0.998192,0.995005,{"1":6853,"2":46},0.977023,0.022977,0.000000,0.000000,0.977023,0.017982,0.782609
0.057148982,5,137,union,1024,1168,0.988014,0.997199,0.988014,{"1":7810,"2":46},0.980308,0.019692,0.000000,0.000000,0.980308,0.007705,0.391304
0.057148982,5,137,snapshot,1024,1285,0.981323,0.994613,0.981323,{"1":8003,"2":189},0.954864,0.045136,0.000000,0.000000,0.954864,0.026459,0.586207
0.057148982,5,137,read_only,4096,284,0.985915,0.996320,0.985915,{"1":6853,"2":46},0.943662,0.056338,0.000000,0.000000,0.943662,0.042254,0.750000
0.057148982,5,137,union,4096,332,0.954819,0.993110,0.954819,{"1":7810,"2":46},0.951807,0.048193,0.000000,0.000000,0.951807,0.003012,0.062500
0.057148982,5,137,snapshot,4096,355,0.949296,0.991346,0.949296,{"1":8003,"2":189},0.929577,0.070423,0.000000,0.000000,0.929577,0.019718,0.280000
0.057148982,5,137,read_only,16384,86,0.825581,0.934619,0.825581,{"1":6853,"2":46},0.779070,0.151163,0.069767,0.000000,0.779070,0.046512,0.210526
0.057148982,5,137,union,16384,92,0.793478,0.942725,0.793478,{"1":7810,"2":46},0.793478,0.130435,0.076087,0.000000,0.793478,0.000000,0.000000
0.057148982,5,137,snapshot,16384,101,0.742574,0.928642,0.742574,{"1":8003,"2":189},0.732673,0.178218,0.089109,0.000000,0.732673,0.009901,0.037037
0.057489186,5,138,read_only,64,607,1.000000,1.000000,1.000000,{"1":604,"2":3},0.995058,0.004942,0.000000,0.000000,0.995058,0.004942,1.000000
0.057489186,5,138,union,64,611,1.000000,1.000000,1.000000,{"1":608,"2":3},0.995090,0.004910,0.000000,0.000000,0.995090,0.004910,1.000000
0.057489186,5,138,snapshot,64,8192,1.000000,1.000000,1.000000,{"1":8099,"2":93},0.988647,0.011353,0.000000,0.000000,0.988647,0.011353,1.000000
0.057489186,5,138,read_only,256,363,0.997245,0.998623,0.997245,{"1":604,"2":3},0.991736,0.008264,0.000000,0.000000,0.991736,0.005510,0.666667
0.057489186,5,138,union,256,365,0.994521,0.997260,0.994521,{"1":608,"2":3},0.991781,0.008219,0.000000,0.000000,0.991781,0.002740,0.333333
0.057489186,5,138,snapshot,256,4483,0.996208,0.998104,0.996208,{"1":8099,"2":93},0.982601,0.017399,0.000000,0.000000,0.982601,0.013607,0.782051
0.057489186,5,138,read_only,1024,132,0.992424,0.998918,0.992424,{"1":604,"2":3},0.977273,0.022727,0.000000,0.000000,0.977273,0.015152,0.666667
0.057489186,5,138,union,1024,132,0.984848,0.997403,0.984848,{"1":608,"2":3},0.977273,0.022727,0.000000,0.000000,0.977273,0.007576,0.333333
0.057489186,5,138,snapshot,1024,1270,0.985827,0.996072,0.985827,{"1":8099,"2":93},0.966929,0.033071,0.000000,0.000000,0.966929,0.018898,0.571429
0.057489186,5,138,read_only,4096,62,0.967742,0.995161,0.967742,{"1":604,"2":3},0.967742,0.032258,0.000000,0.000000,0.967742,0.000000,0.000000
0.057489186,5,138,union,4096,62,0.967742,0.996083,0.967742,{"1":608,"2":3},0.967742,0.032258,0.000000,0.000000,0.967742,0.000000,0.000000
0.057489186,5,138,snapshot,4096,351,0.962963,0.993443,0.962963,{"1":8099,"2":93},0.943020,0.056980,0.000000,0.000000,0.943020,0.019943,0.350000
0.057489186,5,138,read_only,16384,37,0.810811,0.928483,0.810811,{"1":604,"2":3},0.810811,0.081081,0.108108,0.000000,0.810811,0.000000,0.000000
0.057489186,5,138,union,16384,37,0.810811,0.928934,0.810811,{"1":608,"2":3},0.810811,0.081081,0.108108,0.000000,0.810811,0.000000,0.000000
0.057489186,5,138,snapshot,16384,98,0.795918,0.938292,0.795918,{"1":8099,"2":93},0.775510,0.142857,0.081633,0.000000,0.775510,0.020408,0.090909
0.057729390,5,139,read_only,64,2,1.000000,1.000000,1.000000,{"1":2},1.000000,0.000000,0.000000,0.000000,1.000000,0.000000,-1.000000
0.057729390,5,139,union,64,2,1.000000,1.000000,1.000000,{"1":2},1.000000,0.000000,0.000000,0.000000,1.000000,0.000000,-1.000000
0.057729390,5,139,snapshot,64,8192,1.000000,1.000000,1.000000,{"1":8099,"2":93},0.988647,0.011353,0.000000,0.000000,0.988647,0.011353,1.000000
0.057729390,5,139,read_only,256,2,1.000000,1.000000,1.000000,{"1":2},1.000000,0.000000,0.000000,0.000000,1.000000,0.000000,-1.000000
0.057729390,5,139,union,256,2,1.000000,1.000000,1.000000,{"1":2},1.000000,0.000000,0.000000,0.000000,1.000000,0.000000,-1.000000
0.057729390,5,139,snapshot,256,4483,0.996208,0.998104,0.996208,{"1":8099,"2":93},0.982601,0.017399,0.000000,0.000000,0.982601,0.013607,0.782051
0.057729390,5,139,read_only,1024,2,1.000000,1.000000,1.000000,{"1":2},1.000000,0.000000,0.000000,0.000000,1.000000,0.000000,-1.000000
0.057729390,5,139,union,1024,2,1.000000,1.000000,1.000000,{"1":2},1.000000,0.000000,0.000000,0.000000,1.000000,0.000000,-1.000000
0.057729390,5,139,snapshot,1024,1270,0.985827,0.996072,0.985827,{"1":8099,"2":93},0.966929,0.033071,0.000000,0.000000,0.966929,0.018898,0.571429
0.057729390,5,139,read_only,4096,2,1.000000,1.000000,1.000000,{"1":2},1.000000,0.000000,0.000000,0.000000,1.000000,0.000000,-1.000000
0.057729390,5,139,union,4096,2,1.000000,1.000000,1.000000,{"1":2},1.000000,0.000000,0.000000,0.000000,1.000000,0.000000,-1.000000
0.057729390,5,139,snapshot,4096,351,0.962963,0.993370,0.962963,{"1":8099,"2":93},0.943020,0.056980,0.000000,0.000000,0.943020,0.019943,0.350000
0.057729390,5,139,read_only,16384,2,1.000000,1.000000,1.000000,{"1":2},1.000000,0.000000,0.000000,0.000000,1.000000,0.000000,-1.000000
0.057729390,5,139,union,16384,2,1.000000,1.000000,1.000000,{"1":2},1.000000,0.000000,0.000000,0.000000,1.000000,0.000000,-1.000000
0.057729390,5,139,snapshot,16384,98,0.795918,0.938290,0.795918,{"1":8099,"2":93},0.775510,0.142857,0.081633,0.000000,0.775510,0.020408,0.090909
0.057969647,5,140,read_only,64,156,1.000000,1.000000,1.000000,{"1":156},1.000000,0.000000,0.000000,0.000000,1.000000,0.000000,-1.000000
0.057969647,5,140,union,64,156,1.000000,1.000000,1.000000,{"1":156},1.000000,0.000000,0.000000,0.000000,1.000000,0.000000,-1.000000
0.057969647,5,140,snapshot,64,8192,1.000000,1.000000,1.000000,{"0":1,"1":8101,"2":90},0.988892,0.010986,0.000000,0.000000,0.988892,0.010986,1.000000
0.057969647,5,140,read_only,256,114,1.000000,1.000000,1.000000,{"1":156},1.000000,0.000000,0.000000,0.000000,1.000000,0.000000,-1.000000
0.057969647,5,140,union,256,114,1.000000,1.000000,1.000000,{"1":156},1.000000,0.000000,0.000000,0.000000,1.000000,0.000000,-1.000000
0.057969647,5,140,snapshot,256,4520,0.996681,0.998341,0.996681,{"0":1,"1":8101,"2":90},0.983186,0.016593,0.000000,0.000000,0.983186,0.013274,0.800000
0.057969647,5,140,read_only,1024,49,1.000000,1.000000,1.000000,{"1":156},1.000000,0.000000,0.000000,0.000000,1.000000,0.000000,-1.000000
0.057969647,5,140,union,1024,49,1.000000,1.000000,1.000000,{"1":156},1.000000,0.000000,0.000000,0.000000,1.000000,0.000000,-1.000000
0.057969647,5,140,snapshot,1024,1295,0.987645,0.996502,0.987645,{"0":1,"1":8101,"2":90},0.969884,0.030116,0.000000,0.000000,0.969112,0.018533,0.615385
0.057969647,5,140,read_only,4096,21,1.000000,1.000000,1.000000,{"1":156},1.000000,0.000000,0.000000,0.000000,1.000000,0.000000,-1.000000
0.057969647,5,140,union,4096,21,1.000000,1.000000,1.000000,{"1":156},1.000000,0.000000,0.000000,0.000000,1.000000,0.000000,-1.000000
0.057969647,5,140,snapshot,4096,366,0.964481,0.993420,0.964481,{"0":1,"1":8101,"2":90},0.948087,0.051913,0.000000,0.000000,0.945355,0.019126,0.368421
0.057969647,5,140,read_only,16384,13,0.923077,0.989011,0.923077,{"1":156},0.923077,0.076923,0.000000,0.000000,0.923077,0.000000,0.000000
0.057969647,5,140,union,16384,13,0.923077,0.989011,0.923077,{"1":156},0.923077,0.076923,0.000000,0.000000,0.923077,0.000000,0.000000
0.057969647,5,140,snapshot,16384,108,0.814815,0.945451,0.814815,{"0":1,"1":8101,"2":90},0.796296,0.138889,0.064815,0.000000,0.787037,0.027778,0.136364
0.058217598,5,141,read_only,64,1589,1.000000,1.000000,1.000000,{"1":1589},1.000000,0.000000,0.000000,0.000000,1.000000,0.000000,-1.000000
0.058217598,5,141,union,64,1589,1.000000,1.000000,1.000000,{"1":1589},1.000000,0.000000,0.000000,0.000000,1.000000,0.000000,-1.000000
0.058217598,5,141,snapshot,64,8192,1.000000,1.000000,1.000000,{"1":8151,"2":41},0.994995,0.005005,0.000000,0.000000,0.994995,0.005005,1.000000
0.058217598,5,141,read_only,256,1005,1.000000,1.000000,1.000000,{"1":1589},1.000000,0.000000,0.000000,0.000000,1.000000,0.000000,-1.000000
0.058217598,5,141,union,256,1005,1.000000,1.000000,1.000000,{"1":1589},1.000000,0.000000,0.000000,0.000000,1.000000,0.000000,-1.000000
0.058217598,5,141,snapshot,256,4798,0.997499,0.998749,0.997499,{"1":8151,"2":41},0.992497,0.007503,0.000000,0.000000,0.992497,0.005002,0.666667
0.058217598,5,141,read_only,1024,354,1.000000,1.000000,1.000000,{"1":1589},1.000000,0.000000,0.000000,0.000000,1.000000,0.000000,-1.000000
0.058217598,5,141,union,1024,354,1.000000,1.000000,1.000000,{"1":1589},1.000000,0.000000,0.000000,0.000000,1.000000,0.000000,-1.000000
0.058217598,5,141,snapshot,1024,1484,0.991914,0.997537,0.991914,{"1":8151,"2":41},0.986523,0.013477,0.000000,0.000000,0.986523,0.005391,0.400000
0.058217598,5,141,read_only,4096,118,1.000000,1.000000,1.000000,{"1":1589},1.000000,0.000000,0.000000,0.000000,1.000000,0.000000,-1.000000
0.058217598,5,141,union,4096,118,1.000000,1.000000,1.000000,{"1":1589},1.000000,0.000000,0.000000,0.000000,1.000000,0.000000,-1.000000
0.058217598,5,141,snapshot,4096,441,0.979592,0.995403,0.979592,{"1":8151,"2":41},0.970522,0.029478,0.000000,0.000000,0.970522,0.009070,0.307692
0.058217598,5,141,read_only,16384,36,0.916667,0.980887,0.916667,{"1":1589},0.916667,0.083333,0.000000,0.000000,0.916667,0.000000,0.000000
0.058217598,5,141,union,16384,36,0.916667,0.980887,0.916667,{"1":1589},0.916667,0.083333,0.000000,0.000000,0.916667,0.000000,0.000000
0.058217598,5,141,snapshot,16384,125,0.864000,0.954645,0.864000,{"1":8151,"2":41},0.848000,0.104000,0.048000,0.000000,0.848000,0.016000,0.105263
0.058470647,5,142,read_only,64,118,1.000000,1.000000,1.000000,{"1":118},1.000000,0.000000,0.000000,0.000000,1.000000,0.000000,-1.000000
0.058470647,5,142,union,64,118,1.000000,1.000000,1.000000,{"1":118},1.000000,0.000000,0.000000,0.000000,1.000000,0.000000,-1.000000
0.058470647,5,142,snapshot,64,8192,1.000000,1.000000,1.000000,{"1":8151,"2":41},0.994995,0.005005,0.000000,0.000000,0.994995,0.005005,1.000000
0.058470647,5,142,read_only,256,78,1.000000,1.000000,1.000000,{"1":118},1.000000,0.000000,0.000000,0.000000,1.000000,0.000000,-1.000000
0.058470647,5,142,union,256,78,1.000000,1.000000,1.000000,{"1":118},1.000000,0.000000,0.000000,0.000000,1.000000,0.000000,-1.000000
0.058470647,5,142,snapshot,256,4817,0.997509,0.998754,0.997509,{"1":8151,"2":41},0.992526,0.007474,0.000000,0.000000,0.992526,0.004982,0.666667
0.058470647,5,142,read_only,1024,28,1.000000,1.000000,1.000000,{"1":118},1.000000,0.000000,0.000000,0.000000,1.000000,0.000000,-1.000000
0.058470647,5,142,union,1024,28,1.000000,1.000000,1.000000,{"1":118},1.000000,0.000000,0.000000,0.000000,1.000000,0.000000,-1.000000
0.058470647,5,142,snapshot,1024,1500,0.992000,0.997563,0.992000,{"1":8151,"2":41},0.986667,0.013333,0.000000,0.000000,0.986667,0.005333,0.400000
0.058470647,5,142,read_only,4096,10,1.000000,1.000000,1.000000,{"1":118},1.000000,0.000000,0.000000,0.000000,1.000000,0.000000,-1.000000
0.058470647,5,142,union,4096,10,1.000000,1.000000,1.000000,{"1":118},1.000000,0.000000,0.000000,0.000000,1.000000,0.000000,-1.000000
0.058470647,5,142,snapshot,4096,447,0.979866,0.995464,0.979866,{"1":8151,"2":41},0.970917,0.029083,0.000000,0.000000,0.970917,0.008949,0.307692
0.058470647,5,142,read_only,16384,5,0.600000,0.896795,0.600000,{"1":118},0.600000,0.400000,0.000000,0.000000,0.600000,0.000000,0.000000
0.058470647,5,142,union,16384,5,0.600000,0.896795,0.600000,{"1":118},0.600000,0.400000,0.000000,0.000000,0.600000,0.000000,0.000000
0.058470647,5,142,snapshot,16384,127,0.850394,0.950898,0.850394,{"1":8151,"2":41},0.834646,0.118110,0.047244,0.000000,0.834646,0.015748,0.095238
0.058820477,5,143,read_only,64,670,1.000000,1.000000,1.000000,{"1":670},1.000000,0.000000,0.000000,0.000000,1.000000,0.000000,-1.000000
0.058820477,5,143,union,64,685,1.000000,1.000000,1.000000,{"1":685},1.000000,0.000000,0.000000,0.000000,1.000000,0.000000,-1.000000
0.058820477,5,143,snapshot,64,8192,1.000000,1.000000,1.000000,{"1":8155,"2":37},0.995483,0.004517,0.000000,0.000000,0.995483,0.004517,1.000000
0.058820477,5,143,read_only,256,430,1.000000,1.000000,1.000000,{"1":670},1.000000,0.000000,0.000000,0.000000,1.000000,0.000000,-1.000000
0.058820477,5,143,union,256,440,1.000000,1.000000,1.000000,{"1":685},1.000000,0.000000,0.000000,0.000000,1.000000,0.000000,-1.000000
0.058820477,5,143,snapshot,256,4692,0.994246,0.997123,0.994246,{"1":8155,"2":37},0.989770,0.010230,0.000000,0.000000,0.989770,0.004476,0.437500
0.058820477,5,143,read_only,1024,152,0.986842,0.996867,0.986842,{"1":670},0.986842,0.013158,0.000000,0.000000,0.986842,0.000000,0.000000
0.058820477,5,143,union,1024,157,0.987261,0.996967,0.987261,{"1":685},0.987261,0.012739,0.000000,0.000000,0.987261,0.000000,0.000000
0.058820477,5,143,snapshot,1024,1424,0.984551,0.995792,0.984551,{"1":8155,"2":37},0.980337,0.018258,0.001404,0.000000,0.980337,0.004213,0.214286
0.058820477,5,143,read_only,4096,51,0.901961,0.959010,0.901961,{"1":670},0.901961,0.098039,0.000000,0.000000,0.901961,0.000000,0.000000
0.058820477,5,143,union,4096,51,0.882353,0.954234,0.882353,{"1":685},0.882353,0.098039,0.019608,0.000000,0.882353,0.000000,0.000000
0.058820477,5,143,snapshot,4096,422,0.966825,0.991467,0.966825,{"1":8155,"2":37},0.962085,0.026066,0.011848,0.000000,0.962085,0.004739,0.125000
0.058820477,5,143,read_only,16384,17,0.823529,0.918640,0.823529,{"1":670},0.823529,0.058824,0.117647,0.000000,0.823529,0.000000,0.000000
0.058820477,5,143,union,16384,17,0.823529,0.919226,0.823529,{"1":685},0.823529,0.058824,0.117647,0.000000,0.823529,0.000000,0.000000
0.058820477,5,143,snapshot,16384,119,0.848739,0.946531,0.848739,{"1":8155,"2":37},0.848739,0.084034,0.067227,0.000000,0.848739,0.000000,0.000000
0.059051867,5,144,read_only,64,2,1.000000,1.000000,1.000000,{"1":2},1.000000,0.000000,0.000000,0.000000,1.000000,0.000000,-1.000000
0.059051867,5,144,union,64,2,1.000000,1.000000,1.000000,{"1":2},1.000000,0.000000,0.000000,0.000000,1.000000,0.000000,-1.000000
0.059051867,5,144,snapshot,64,8192,1.000000,1.000000,1.000000,{"1":8155,"2":37},0.995483,0.004517,0.000000,0.000000,0.995483,0.004517,1.000000
0.059051867,5,144,read_only,256,2,1.000000,1.000000,1.000000,{"1":2},1.000000,0.000000,0.000000,0.000000,1.000000,0.000000,-1.000000
0.059051867,5,144,union,256,2,1.000000,1.000000,1.000000,{"1":2},1.000000,0.000000,0.000000,0.000000,1.000000,0.000000,-1.000000
0.059051867,5,144,snapshot,256,4690,0.994243,0.997122,0.994243,{"1":8155,"2":37},0.989765,0.010235,0.000000,0.000000,0.989765,0.004478,0.437500
0.059051867,5,144,read_only,1024,2,1.000000,1.000000,1.000000,{"1":2},1.000000,0.000000,0.000000,0.000000,1.000000,0.000000,-1.000000
0.059051867,5,144,union,1024,2,1.000000,1.000000,1.000000,{"1":2},1.000000,0.000000,0.000000,0.000000,1.000000,0.000000,-1.000000
0.059051867,5,144,snapshot,1024,1423,0.984540,0.995789,0.984540,{"1":8155,"2":37},0.980323,0.018271,0.001405,0.000000,0.980323,0.004216,0.214286
0.059051867,5,144,read_only,4096,2,1.000000,1.000000,1.000000,{"1":2},1.000000,0.000000,0.000000,0.000000,1.000000,0.000000,-1.000000
0.059051867,5,144,union,4096,2,1.000000,1.000000,1.000000,{"1":2},1.000000,0.000000,0.000000,0.000000,1.000000,0.000000,-1.000000
0.059051867,5,144,snapshot,4096,422,0.966825,0.991467,0.966825,{"1":8155,"2":37},0.962085,0.026066,0.011848,0.000000,0.962085,0.004739,0.125000
0.059051867,5,144,read_only,16384,1,1.000000,1.000000,1.000000,{"1":2},1.000000,0.000000,0.000000,0.000000,1.000000,0.000000,-1.000000
0.059051867,5,144,union,16384,1,1.000000,1.000000,1.000000,{"1":2},1.000000,0.000000,0.000000,0.000000,1.000000,0.000000,-1.000000
0.059051867,5,144,snapshot,16384,119,0.848739,0.946531,0.848739,{"1":8155,"2":37},0.848739,0.084034,0.067227,0.000000,0.848739,0.000000,0.000000
0.059290959,5,145,read_only,64,73,1.000000,1.000000,1.000000,{"1":73},1.000000,0.000000,0.000000,0.000000,1.000000,0.000000,-1.000000
0.059290959,5,145,union,64,74,1.000000,1.000000,1.000000,{"1":74},1.000000,0.000000,0.000000,0.000000,1.000000,0.000000,-1.000000
0.059290959,5,145,snapshot,64,8192,1.000000,1.000000,1.000000,{"1":8155,"2":37},0.995483,0.004517,0.000000,0.000000,0.995483,0.004517,1.000000
0.059290959,5,145,read_only,256,40,1.000000,1.000000,1.000000,{"1":73},1.000000,0.000000,0.000000,0.000000,1.000000,0.000000,-1.000000
0.059290959,5,145,union,256,41,1.000000,1.000000,1.000000,{"1":74},1.000000,0.000000,0.000000,0.000000,1.000000,0.000000,-1.000000
0.059290959,5,145,snapshot,256,4693,0.994034,0.997017,0.994034,{"1":8155,"2":37},0.989559,0.010441,0.000000,0.000000,0.989559,0.004475,0.428571
0.059290959,5,145,read_only,1024,17,1.000000,1.000000,1.000000,{"1":73},1.000000,0.000000,0.000000,0.000000,1.000000,0.000000,-1.000000
0.059290959,5,145,union,1024,18,1.000000,1.000000,1.000000,{"1":74},1.000000,0.000000,0.000000,0.000000,1.000000,0.000000,-1.000000
0.059290959,5,145,snapshot,1024,1433,0.984648,0.995731,0.984648,{"1":8155,"2":37},0.980461,0.018144,0.001396,0.000000,0.980461,0.004187,0.214286
0.059290959,5,145,read_only,4096,7,1.000000,1.000000,1.000000,{"1":73},1.000000,0.000000,0.000000,0.000000,1.000000,0.000000,-1.000000
0.059290959,5,145,union,4096,8,1.000000,1.000000,1.000000,{"1":74},1.000000,0.000000,0.000000,0.000000,1.000000,0.000000,-1.000000
0.059290959,5,145,snapshot,4096,429,0.967366,0.991819,0.967366,{"1":8155,"2":37},0.962704,0.025641,0.011655,0.000000,0.962704,0.004662,0.125000
0.059290959,5,145,read_only,16384,5,1.000000,1.000000,1.000000,{"1":73},1.000000,0.000000,0.000000,0.000000,1.000000,0.000000,-1.000000
0.059290959,5,145,union,16384,6,1.000000,1.000000,1.000000,{"1":74},1.000000,0.000000,0.000000,0.000000,1.000000,0.000000,-1.000000
0.059290959,5,145,snapshot,16384,124,0.854839,0.948640,0.854839,{"1":8155,"2":37},0.854839,0.080645,0.064516,0.000000,0.854839,0.000000,0.000000
0.059656770,5,146,read_only,64,2786,1.000000,1.000000,1.000000,{"1":2786},1.000000,0.000000,0.000000,0.000000,1.000000,0.000000,-1.000000
0.059656770,5,146,union,64,2809,1.000000,1.000000,1.000000,{"1":2809},1.000000,0.000000,0.000000,0.000000,1.000000,0.000000,-1.000000
0.059656770,5,146,snapshot,64,8192,1.000000,1.000000,1.000000,{"1":8164,"2":28},0.996582,0.003418,0.000000,0.000000,0.996582,0.003418,1.000000
0.059656770,5,146,read_only,256,1411,0.893692,0.946846,0.893692,{"1":2786},0.893692,0.106308,0.000000,0.000000,0.893692,0.000000,0.000000
0.059656770,5,146,union,256,1426,0.894811,0.947405,0.894811,{"1":2809},0.894811,0.105189,0.000000,0.000000,0.894811,0.000000,0.000000
0.059656770,5,146,snapshot,256,4544,0.963248,0.981624,0.963248,{"1":8164,"2":28},0.959287,0.040713,0.000000,0.000000,0.959287,0.003961,0.097297
0.059656770,5,146,read_only,1024,364,0.728022,0.924091,0.728022,{"1":2786},0.728022,0.271978,0.000000,0.000000,0.728022,0.000000,0.000000
0.059656770,5,146,union,1024,369,0.731707,0.925119,0.731707,{"1":2809},0.731707,0.268293,0.000000,0.000000,0.731707,0.000000,0.000000
0.059656770,5,146,snapshot,1024,1359,0.916115,0.976873,0.916115,{"1":8164,"2":28},0.911700,0.087564,0.000736,0.000000,0.911700,0.004415,0.050000
0.059656770,5,146,read_only,4096,99,0.595960,0.909852,0.595960,{"1":2786},0.595960,0.404040,0.000000,0.000000,0.595960,0.000000,0.000000
0.059656770,5,146,union,4096,99,0.595960,0.909852,0.595960,{"1":2809},0.595960,0.404040,0.000000,0.000000,0.595960,0.000000,0.000000
0.059656770,5,146,snapshot,4096,426,0.884977,0.974787,0.884977,{"1":8164,"2":28},0.877934,0.115023,0.007042,0.000000,0.877934,0.007042,0.057692
0.059656770,5,146,read_only,16384,30,0.466667,0.863268,0.466667,{"1":2786},0.466667,0.433333,0.100000,0.000000,0.466667,0.000000,0.000000
0.059656770,5,146,union,16384,30,0.466667,0.863268,0.466667,{"1":2809},0.466667,0.433333,0.100000,0.000000,0.466667,0.000000,0.000000
0.059656770,5,146,snapshot,16384,139,0.755396,0.927699,0.755396,{"1":8164,"2":28},0.755396,0.172662,0.071942,0.000000,0.755396,0.000000,0.000000
0.060233335,5,147,read_only,64,677,1.000000,1.000000,1.000000,{"1":677},1.000000,0.000000,0.000000,0.000000,1.000000,0.000000,-1.000000
0.060233335,5,147,union,64,855,1.000000,1.000000,1.000000,{"1":855},1.000000,0.000000,0.000000,0.000000,1.000000,0.000000,-1.000000
0.060233335,5,147,snapshot,64,8192,1.000000,1.000000,1.000000,{"1":8172,"2":20},0.997559,0.002441,0.000000,0.000000,0.997559,0.002441,1.000000
0.060233335,5,147,read_only,256,430,0.974419,0.987209,0.974419,{"1":677},0.974419,0.025581,0.000000,0.000000,0.974419,0.000000,0.000000
0.060233335,5,147,union,256,549,0.979964,0.989982,0.979964,{"1":855},0.979964,0.020036,0.000000,0.000000,0.979964,0.000000,0.000000
0.060233335,5,147,snapshot,256,4470,0.963311,0.981655,0.963311,{"1":8172,"2":20},0.960179,0.039821,0.000000,0.000000,0.960179,0.003132,0.078652
0.060233335,5,147,read_only,1024,164,0.926829,0.977330,0.926829,{"1":677},0.926829,0.073171,0.000000,0.000000,0.926829,0.000000,0.000000
0.060233335,5,147,union,1024,213,0.943662,0.982545,0.943662,{"1":855},0.943662,0.056338,0.000000,0.000000,0.943662,0.000000,0.000000
0.060233335,5,147,snapshot,1024,1314,0.913242,0.976036,0.913242,{"1":8172,"2":20},0.909437,0.089041,0.001522,0.000000,0.909437,0.003805,0.042017
0.060233335,5,147,read_only,4096,62,0.887097,0.969213,0.887097,{"1":677},0.887097,0.080645,0.032258,0.000000,0.887097,0.000000,0.000000
0.060233335,5,147,union,4096,80,0.912500,0.976593,0.912500,{"1":855},0.912500,0.062500,0.025000,0.000000,0.912500,0.000000,0.000000
0.060233335,5,147,snapshot,4096,401,0.867830,0.973509,0.867830,{"1":8172,"2":20},0.862843,0.124688,0.012469,0.000000,0.862843,0.004988,0.036364
0.060233335,5,147,read_only,16384,25,0.880000,0.962270,0.880000,{"1":677},0.880000,0.040000,0.080000,0.000000,0.880000,0.000000,0.000000
0.060233335,5,147,union,16384,30,0.866667,0.952060,0.866667,{"1":855},0.866667,0.066667,0.066667,0.000000,0.866667,0.000000,0.000000
0.060233335,5,147,snapshot,16384,132,0.727273,0.927448,0.727273,{"1":8172,"2":20},0.727273,0.181818,0.090909,0.000000,0.727273,0.000000,0.000000
0.060776449,5,148,read_only,64,3442,1.000000,1.000000,1.000000,{"1":3436,"2":6},0.998257,0.001743,0.000000,0.000000,0.998257,0.001743,1.000000
0.060776449,5,148,union,64,3607,1.000000,1.000000,1.000000,{"1":3601,"2":6},0.998337,0.001663,0.000000,0.000000,0.998337,0.001663,1.000000
0.060776449,5,148,snapshot,64,8192,1.000000,1.000000,1.000000,{"1":8186,"2":6},0.999268,0.000732,0.000000,0.000000,0.999268,0.000732,1.000000
0.060776449,5,148,read_only,256,1854,0.999461,0.999730,0.999461,{"1":3436,"2":6},0.997303,0.002697,0.000000,0.000000,0.997303,0.002157,0.800000
0.060776449,5,148,union,256,1966,0.999491,0.999746,0.999491,{"1":3601,"2":6},0.997457,0.002543,0.000000,0.000000,0.997457,0.002035,0.800000
0.060776449,5,148,snapshot,256,4327,0.974116,0.987058,0.974116,{"1":8186,"2":6},0.973423,0.026577,0.000000,0.000000,0.973423,0.000693,0.026087
0.060776449,5,148,read_only,1024,541,0.998152,0.999384,0.998152,{"1":3436,"2":6},0.994455,0.005545,0.000000,0.000000,0.994455,0.003697,0.666667
0.060776449,5,148,union,1024,581,0.994836,0.998422,0.994836,{"1":3601,"2":6},0.994836,0.005164,0.000000,0.000000,0.994836,0.000000,0.000000
0.060776449,5,148,snapshot,1024,1185,0.932489,0.980933,0.932489,{"1":8186,"2":6},0.932489,0.065823,0.001688,0.000000,0.932489,0.000000,0.000000
0.060776449,5,148,read_only,4096,156,0.993590,0.996795,0.993590,{"1":3436,"2":6},0.987179,0.006410,0.006410,0.000000,0.987179,0.006410,0.500000
0.060776449,5,148,union,4096,174,0.988506,0.995279,0.988506,{"1":3601,"2":6},0.988506,0.005747,0.005747,0.000000,0.988506,0.000000,0.000000
0.060776449,5,148,snapshot,4096,317,0.895899,0.978265,0.895899,{"1":8186,"2":6},0.895899,0.088328,0.015773,0.000000,0.895899,0.000000,0.000000
0.060776449,5,148,read_only,16384,45,0.866667,0.948148,0.866667,{"1":3436,"2":6},0.866667,0.111111,0.022222,0.000000,0.866667,0.000000,0.000000
0.060776449,5,148,union,16384,51,0.882353,0.957983,0.882353,{"1":3601,"2":6},0.882353,0.098039,0.019608,0.000000,0.882353,0.000000,0.000000
0.060776449,5,148,snapshot,16384,90,0.733333,0.920325,0.733333,{"1":8186,"2":6},0.733333,0.200000,0.066667,0.000000,0.733333,0.000000,0.000000
0.061043453,5,149,read_only,64,64,1.000000,1.000000,1.000000,{"1":63,"2":1},0.984375,0.015625,0.000000,0.000000,0.984375,0.015625,1.000000
0.061043453,5,149,union,64,65,1.000000,1.000000,1.000000,{"1":64,"2":1},0.984615,0.015385,0.000000,0.000000,0.984615,0.015385,1.000000
0.061043453,5,149,snapshot,64,8192,1.000000,1.000000,1.000000,{"1":8185,"2":7},0.999146,0.000854,0.000000,0.000000,0.999146,0.000854,1.000000
0.061043453,5,149,read_only,256,54,1.000000,1.000000,1.000000,{"1":63,"2":1},0.981481,0.018519,0.000000,0.000000,0.981481,0.018519,1.000000
0.061043453,5,149,union,256,55,1.000000,1.000000,1.000000,{"1":64,"2":1},0.981818,0.018182,0.000000,0.000000,0.981818,0.018182,1.000000
0.061043453,5,149,snapshot,256,4326,0.974341,0.987171,0.974341,{"1":8185,"2":7},0.973417,0.026583,0.000000,0.000000,0.973417,0.000925,0.034783
0.061043453,5,149,read_only,1024,35,1.000000,1.000000,1.000000,{"1":63,"2":1},0.971429,0.028571,0.000000,0.000000,0.971429,0.028571,1.000000
0.061043453,5,149,union,1024,36,1.000000,1.000000,1.000000,{"1":64,"2":1},0.972222,0.027778,0.000000,0.000000,0.972222,0.027778,1.000000
0.061043453,5,149,snapshot,1024,1179,0.932994,0.980942,0.932994,{"1":8185,"2":7},0.932146,0.066158,0.001696,0.000000,0.932146,0.000848,0.012500
0.061043453,5,149,read_only,4096,25,1.000000,1.000000,1.000000,{"1":63,"2":1},0.960000,0.040000,0.000000,0.000000,0.960000,0.040000,1.000000
0.061043453,5,149,union,4096,25,1.000000,1.000000,1.000000,{"1":64,"2":1},0.960000,0.040000,0.000000,0.000000,0.960000,0.040000,1.000000
0.061043453,5,149,snapshot,4096,315,0.895238,0.978169,0.895238,{"1":8185,"2":7},0.895238,0.092063,0.012698,0.000000,0.895238,0.000000,0.000000
0.061043453,5,149,read_only,16384,13,0.923077,0.961538,0.923077,{"1":63,"2":1},0.923077,0.076923,0.000000,0.000000,0.923077,0.000000,0.000000
0.061043453,5,149,union,16384,13,0.923077,0.974359,0.923077,{"1":64,"2":1},0.923077,0.076923,0.000000,0.000000,0.923077,0.000000,0.000000
0.061043453,5,149,snapshot,16384,89,0.741573,0.921879,0.741573,{"1":8185,"2":7},0.741573,0.191011,0.067416,0.000000,0.741573,0.000000,0.000000
0.061281732,5,150,read_only,64,54,1.000000,1.000000,1.000000,{"1":51,"2":3},0.944444,0.055556,0.000000,0.000000,0.944444,0.055556,1.000000
0.061281732,5,150,union,64,63,1.000000,1.000000,1.000000,{"1":60,"2":3},0.952381,0.047619,0.000000,0.000000,0.952381,0.047619,1.000000
0.061281732,5,150,snapshot,64,8192,1.000000,1.000000,1.000000,{"1":8182,"2":10},0.998779,0.001221,0.000000,0.000000,0.998779,0.001221,1.000000
0.061281732,5,150,read_only,256,43,1.000000,1.000000,1.000000,{"1":51,"2":3},0.930233,0.069767,0.000000,0.000000,0.930233,0.069767,1.000000
0.061281732,5,150,union,256,51,1.000000,1.000000,1.000000,{"1":60,"2":3},0.941176,0.058824,0.000000,0.000000,0.941176,0.058824,1.000000
0.061281732,5,150,snapshot,256,4316,0.974282,0.987141,0.974282,{"1":8182,"2":10},0.973355,0.026645,0.000000,0.000000,0.973355,0.000927,0.034783
0.061281732,5,150,read_only,1024,30,0.966667,0.993333,0.966667,{"1":51,"2":3},0.933333,0.066667,0.000000,0.000000,0.933333,0.033333,0.500000
0.061281732,5,150,union,1024,36,0.972222,0.994444,0.972222,{"1":60,"2":3},0.944444,0.055556,0.000000,0.000000,0.944444,0.027778,0.500000
0.061281732,5,150,snapshot,1024,1173,0.933504,0.980995,0.933504,{"1":8182,"2":10},0.933504,0.065644,0.000853,0.000000,0.933504,0.000000,0.000000
0.061281732,5,150,read_only,4096,19,0.947368,0.984211,0.947368,{"1":51,"2":3},0.947368,0.052632,0.000000,0.000000,0.947368,0.000000,0.000000
0.061281732,5,150,union,4096,22,0.954545,0.986364,0.954545,{"1":60,"2":3},0.954545,0.045455,0.000000,0.000000,0.954545,0.000000,0.000000
0.061281732,5,150,snapshot,4096,311,0.897106,0.978947,0.897106,{"1":8182,"2":10},0.897106,0.090032,0.012862,0.000000,0.897106,0.000000,0.000000
0.061281732,5,150,read_only,16384,10,0.900000,0.970000,0.900000,{"1":51,"2":3},0.900000,0.100000,0.000000,0.000000,0.900000,0.000000,0.000000
0.061281732,5,150,union,16384,12,0.916667,0.979167,0.916667,{"1":60,"2":3},0.916667,0.083333,0.000000,0.000000,0.916667,0.000000,0.000000
0.061281732,5,150,snapshot,16384,85,0.729412,0.917130,0.729412,{"1":8182,"2":10},0.729412,0.200000,0.070588,0.000000,0.729412,0.000000,0.000000
0.061523132,5,151,read_only,64,916,1.000000,1.000000,1.000000,{"1":915,"2":1},0.998908,0.001092,0.000000,0.000000,0.998908,0.001092,1.000000
0.061523132,5,151,union,64,933,1.000000,1.000000,1.000000,{"1":932,"2":1},0.998928,0.001072,0.000000,0.000000,0.998928,0.001072,1.000000
0.061523132,5,151,snapshot,64,8192,1.000000,1.000000,1.000000,{"1":8181,"2":11},0.998657,0.001343,0.000000,0.000000,0.998657,0.001343,1.000000
0.061523132,5,151,read_only,256,551,1.000000,1.000000,1.000000,{"1":915,"2":1},0.998185,0.001815,0.000000,0.000000,0.998185,0.001815,1.000000
0.061523132,5,151,union,256,567,1.000000,1.000000,1.000000,{"1":932,"2":1},0.998236,0.001764,0.000000,0.000000,0.998236,0.001764,1.000000
0.061523132,5,151,snapshot,256,4485,0.978818,0.989409,0.978818,{"1":8181,"2":11},0.977703,0.022297,0.000000,0.000000,0.977703,0.001115,0.050000
0.061523132,5,151,read_only,1024,189,1.000000,1.000000,1.000000,{"1":915,"2":1},0.994709,0.005291,0.000000,0.000000,0.994709,0.005291,1.000000
0.061523132,5,151,union,1024,199,1.000000,1.000000,1.000000,{"1":932,"2":1},0.994975,0.005025,0.000000,0.000000,0.994975,0.005025,1.000000
0.061523132,5,151,snapshot,1024,1288,0.943323,0.984225,0.943323,{"1":8181,"2":11},0.943323,0.055901,0.000776,0.000000,0.943323,0.000000,0.000000
0.061523132,5,151,read_only,4096,56,0.982143,0.997449,0.982143,{"1":915,"2":1},0.982143,0.017857,0.000000,0.000000,0.982143,0.000000,0.000000
0.061523132,5,151,union,4096,62,0.983871,0.998208,0.983871,{"1":932,"2":1},0.983871,0.016129,0.000000,0.000000,0.983871,0.000000,0.000000
0.061523132,5,151,snapshot,4096,351,0.911681,0.982152,0.911681,{"1":8181,"2":11},0.911681,0.076923,0.011396,0.000000,0.911681,0.000000,0.000000
0.061523132,5,151,read_only,16384,19,0.842105,0.960699,0.842105,{"1":915,"2":1},0.842105,0.157895,0.000000,0.000000,0.842105,0.000000,0.000000
0.061523132,5,151,union,16384,24,0.875000,0.970209,0.875000,{"1":932,"2":1},0.875000,0.125000,0.000000,0.000000,0.875000,0.000000,0.000000
0.061523132,5,151,snapshot,16384,97,0.742268,0.925029,0.742268,{"1":8181,"2":11},0.742268,0.195876,0.061856,0.000000,0.742268,0.000000,0.000000
0.061788285,5,152,read_only,64,240,1.000000,1.000000,1.000000,{"1":238,"2":2},0.991667,0.008333,0.000000,0.000000,0.991667,0.008333,1.000000
0.061788285,5,152,union,64,278,1.000000,1.000000,1.000000,{"1":276,"2":2},0.992806,0.007194,0.000000,0.000000,0.992806,0.007194,1.000000
0.061788285,5,152,snapshot,64,8192,1.000000,1.000000,1.000000,{"1":8179,"2":13},0.998413,0.001587,0.000000,0.000000,0.998413,0.001587,1.000000
0.061788285,5,152,read_only,256,141,1.000000,1.000000,1.000000,{"1":238,"2":2},0.985816,0.014184,0.000000,0.000000,0.985816,0.014184,1.000000
0.061788285,5,152,union,256,173,1.000000,1.000000,1.000000,{"1":276,"2":2},0.988439,0.011561,0.000000,0.000000,0.988439,0.011561,1.000000
0.061788285,5,152,snapshot,256,4521,0.981199,0.990599,0.981199,{"1":8179,"2":13},0.979872,0.020128,0.000000,0.000000,0.979872,0.001327,0.065934
0.061788285,5,152,read_only,1024,45,1.000000,1.000000,1.000000,{"1":238,"2":2},0.955556,0.044444,0.000000,0.000000,0.955556,0.044444,1.000000
0.061788285,5,152,union,1024,66,0.984848,0.992424,0.984848,{"1":276,"2":2},0.969697,0.030303,0.000000,0.000000,0.969697,0.015152,0.500000
0.061788285,5,152,snapshot,1024,1304,0.950920,0.986192,0.950920,{"1":8179,"2":13},0.950920,0.047546,0.001534,0.000000,0.950920,0.000000,0.000000
0.061788285,5,152,read_only,4096,15,0.933333,0.977778,0.933333,{"1":238,"2":2},0.933333,0.066667,0.000000,0.000000,0.933333,0.000000,0.000000
0.061788285,5,152,union,4096,28,0.964286,0.989796,0.964286,{"1":276,"2":2},0.964286,0.035714,0.000000,0.000000,0.964286,0.000000,0.000000
0.061788285,5,152,snapshot,4096,357,0.921569,0.984057,0.921569,{"1":8179,"2":13},0.921569,0.067227,0.011204,0.000000,0.921569,0.000000,0.000000
0.061788285,5,152,read_only,16384,8,0.625000,0.858916,0.625000,{"1":238,"2":2},0.625000,0.375000,0.000000,0.000000,0.625000,0.000000,0.000000
0.061788285,5,152,union,16384,13,0.769231,0.916842,0.769231,{"1":276,"2":2},0.769231,0.230769,0.000000,0.000000,0.769231,0.000000,0.000000
0.061788285,5,152,snapshot,16384,99,0.727273,0.920538,0.727273,{"1":8179,"2":13},0.727273,0.212121,0.060606,0.000000,0.727273,0.000000,0.000000
0.062023578,5,153,read_only,64,6,1.000000,1.000000,1.000000,{"1":6},1.000000,0.000000,0.000000,0.000000,1.000000,0.000000,-1.000000
0.062023578,5,153,union,64,12,1.000000,1.000000,1.000000,{"1":12},1.000000,0.000000,0.000000,0.000000,1.000000,0.000000,-1.000000
0.062023578,5,153,snapshot,64,8192,1.000000,1.000000,1.000000,{"1":8179,"2":13},0.998413,0.001587,0.000000,0.000000,0.998413,0.001587,1.000000
0.062023578,5,153,read_only,256,6,1.000000,1.000000,1.000000,{"1":6},1.000000,0.000000,0.000000,0.000000,1.000000,0.000000,-1.000000
0.062023578,5,153,union,256,12,1.000000,1.000000,1.000000,{"1":12},1.000000,0.000000,0.000000,0.000000,1.000000,0.000000,-1.000000
0.062023578,5,153,snapshot,256,4520,0.982080,0.991040,0.982080,{"1":8179,"2":13},0.980752,0.019248,0.000000,0.000000,0.980752,0.001327,0.068966
0.062023578,5,153,read_only,1024,6,1.000000,1.000000,1.000000,{"1":6},1.000000,0.000000,0.000000,0.000000,1.000000,0.000000,-1.000000
0.062023578,5,153,union,1024,12,1.000000,1.000000,1.000000,{"1":12},1.000000,0.000000,0.000000,0.000000,1.000000,0.000000,-1.000000
0.062023578,5,153,snapshot,1024,1304,0.952454,0.986575,0.952454,{"1":8179,"2":13},0.952454,0.046012,0.001534,0.000000,0.952454,0.000000,0.000000
0.062023578,5,153,read_only,4096,5,1.000000,1.000000,1.000000,{"1":6},1.000000,0.000000,0.000000,0.000000,1.000000,0.000000,-1.000000
0.062023578,5,153,union,4096,10,1.000000,1.000000,1.000000,{"1":12},1.000000,0.000000,0.000000,0.000000,1.000000,0.000000,-1.000000
0.062023578,5,153,snapshot,4096,357,0.921569,0.984489,0.921569,{"1":8179,"2":13},0.921569,0.067227,0.011204,0.000000,0.921569,0.000000,0.000000
0.062023578,5,153,read_only,16384,3,1.000000,1.000000,1.000000,{"1":6},1.000000,0.000000,0.000000,0.000000,1.000000,0.000000,-1.000000
0.062023578,5,153,union,16384,7,1.000000,1.000000,1.000000,{"1":12},1.000000,0.000000,0.000000,0.000000,1.000000,0.000000,-1.000000
0.062023578,5,153,snapshot,16384,99,0.727273,0.921325,0.727273,{"1":8179,"2":13},0.727273,0.212121,0.060606,0.000000,0.727273,0.000000,0.000000
0.062257432,5,154,union,64,5,1.000000,1.000000,1.000000,{"1":5},1.000000,0.000000,0.000000,0.000000,1.000000,0.000000,-1.000000
0.062257432,5,154,snapshot,64,8192,1.000000,1.000000,1.000000,{"1":8179,"2":13},0.998413,0.001587,0.000000,0.000000,0.998413,0.001587,1.000000
0.062257432,5,154,union,256,5,1.000000,1.000000,1.000000,{"1":5},1.000000,0.000000,0.000000,0.000000,1.000000,0.000000,-1.000000
0.062257432,5,154,snapshot,256,4520,0.982301,0.991150,0.982301,{"1":8179,"2":13},0.980973,0.019027,0.000000,0.000000,0.980973,0.001327,0.069767
0.062257432,5,154,union,1024,5,1.000000,1.000000,1.000000,{"1":5},1.000000,0.000000,0.000000,0.000000,1.000000,0.000000,-1.000000
0.062257432,5,154,snapshot,1024,1304,0.953221,0.986952,0.953221,{"1":8179,"2":13},0.953221,0.045245,0.001534,0.000000,0.953221,0.000000,0.000000
0.062257432,5,154,union,4096,4,1.000000,1.000000,1.000000,{"1":5},1.000000,0.000000,0.000000,0.000000,1.000000,0.000000,-1.000000
0.062257432,5,154,snapshot,4096,357,0.921569,0.984784,0.921569,{"1":8179,"2":13},0.921569,0.067227,0.011204,0.000000,0.921569,0.000000,0.000000
0.062257432,5,154,union,16384,2,1.000000,1.000000,1.000000,{"1":5},1.000000,0.000000,0.000000,0.000000,1.000000,0.000000,-1.000000
0.062257432,5,154,snapshot,16384,99,0.727273,0.921619,0.727273,{"1":8179,"2":13},0.727273,0.212121,0.060606,0.000000,0.727273,0.000000,0.000000
0.062497550,5,155,read_only,64,428,1.000000,1.000000,1.000000,{"1":425,"2":3},0.992991,0.007009,0.000000,0.000000,0.992991,0.007009,1.000000
0.062497550,5,155,union,64,449,1.000000,1.000000,1.000000,{"1":446,"2":3},0.993318,0.006682,0.000000,0.000000,0.993318,0.006682,1.000000
0.062497550,5,155,snapshot,64,8192,1.000000,1.000000,1.000000,{"0":1,"1":8175,"2":16},0.997925,0.001953,0.000000,0.000000,0.997925,0.001953,1.000000
0.062497550,5,155,read_only,256,231,1.000000,1.000000,1.000000,{"1":425,"2":3},0.987013,0.012987,0.000000,0.000000,0.987013,0.012987,1.000000
0.062497550,5,155,union,256,248,1.000000,1.000000,1.000000,{"1":446,"2":3},0.987903,0.012097,0.000000,0.000000,0.987903,0.012097,1.000000
0.062497550,5,155,snapshot,256,4551,0.985278,0.992639,0.985278,{"0":1,"1":8175,"2":16},0.983960,0.016040,0.000000,0.000000,0.983740,0.001538,0.095890
0.062497550,5,155,read_only,1024,69,1.000000,1.000000,1.000000,{"1":425,"2":3},0.956522,0.043478,0.000000,0.000000,0.956522,0.043478,1.000000
0.062497550,5,155,union,1024,80,0.975000,0.992708,0.975000,{"1":446,"2":3},0.962500,0.037500,0.000000,0.000000,0.962500,0.012500,0.333333
0.062497550,5,155,snapshot,1024,1326,0.957014,0.987897,0.957014,{"0":1,"1":8175,"2":16},0.957768,0.040724,0.001508,0.000000,0.957014,0.000000,0.000000
0.062497550,5,155,read_only,4096,21,1.000000,1.000000,1.000000,{"1":425,"2":3},0.952381,0.047619,0.000000,0.000000,0.952381,0.047619,1.000000
0.062497550,5,155,union,4096,26,0.961538,0.985577,0.961538,{"1":446,"2":3},0.961538,0.038462,0.000000,0.000000,0.961538,0.000000,0.000000
0.062497550,5,155,snapshot,4096,366,0.923497,0.987058,0.923497,{"0":1,"1":8175,"2":16},0.926230,0.062842,0.010929,0.000000,0.923497,0.000000,0.000000
0.062497550,5,155,read_only,16384,11,0.727273,0.931818,0.727273,{"1":425,"2":3},0.727273,0.272727,0.000000,0.000000,0.727273,0.000000,0.000000
0.062497550,5,155,union,16384,15,0.800000,0.946667,0.800000,{"1":446,"2":3},0.800000,0.200000,0.000000,0.000000,0.800000,0.000000,0.000000
0.062497550,5,155,snapshot,16384,106,0.726415,0.934798,0.726415,{"0":1,"1":8175,"2":16},0.735849,0.207547,0.056604,0.000000,0.726415,0.000000,0.000000
0.062732691,5,156,read_only,64,658,1.000000,1.000000,1.000000,{"1":657,"2":1},0.998480,0.001520,0.000000,0.000000,0.998480,0.001520,1.000000
0.062732691,5,156,union,64,663,1.000000,1.000000,1.000000,{"1":662,"2":1},0.998492,0.001508,0.000000,0.000000,0.998492,0.001508,1.000000
0.062732691,5,156,snapshot,64,8192,1.000000,1.000000,1.000000,{"1":8175,"2":17},0.997925,0.002075,0.000000,0.000000,0.997925,0.002075,1.000000
0.062732691,5,156,read_only,256,375,1.000000,1.000000,1.000000,{"1":657,"2":1},0.997333,0.002667,0.000000,0.000000,0.997333,0.002667,1.000000
0.062732691,5,156,union,256,379,1.000000,1.000000,1.000000,{"1":662,"2":1},0.997361,0.002639,0.000000,0.000000,0.997361,0.002639,1.000000
0.062732691,5,156,snapshot,256,4611,0.989373,0.994687,0.989373,{"1":8175,"2":17},0.987638,0.012362,0.000000,0.000000,0.987638,0.001735,0.140351
0.062732691,5,156,read_only,1024,117,1.000000,1.000000,1.000000,{"1":657,"2":1},0.991453,0.008547,0.000000,0.000000,0.991453,0.008547,1.000000
0.062732691,5,156,union,1024,120,1.000000,1.000000,1.000000,{"1":662,"2":1},0.991667,0.008333,0.000000,0.000000,0.991667,0.008333,1.000000
0.062732691,5,156,snapshot,1024,1375,0.965818,0.989710,0.965818,{"1":8175,"2":17},0.965091,0.033455,0.001455,0.000000,0.965091,0.000727,0.020833
0.062732691,5,156,read_only,4096,31,1.000000,1.000000,1.000000,{"1":657,"2":1},0.967742,0.032258,0.000000,0.000000,0.967742,0.032258,1.000000
0.062732691,5,156,union,4096,34,1.000000,1.000000,1.000000,{"1":662,"2":1},0.970588,0.029412,0.000000,0.000000,0.970588,0.029412,1.000000
0.062732691,5,156,snapshot,4096,384,0.929688,0.988076,0.929688,{"1":8175,"2":17},0.929688,0.062500,0.007812,0.000000,0.929688,0.000000,0.000000
0.062732691,5,156,read_only,16384,10,1.000000,1.000000,1.000000,{"1":657,"2":1},0.900000,0.100000,0.000000,0.000000,0.900000,0.100000,1.000000
0.062732691,5,156,union,16384,12,0.916667,0.972222,0.916667,{"1":662,"2":1},0.916667,0.083333,0.000000,0.000000,0.916667,0.000000,0.000000
0.062732691,5,156,snapshot,16384,107,0.747664,0.940318,0.747664,{"1":8175,"2":17},0.747664,0.196262,0.056075,0.000000,0.747664,0.000000,0.000000
0.062968679,5,157,read_only,64,36,1.000000,1.000000,1.000000,{"1":35,"2":1},0.972222,0.027778,0.000000,0.000000,0.972222,0.027778,1.000000
0.062968679,5,157,union,64,37,1.000000,1.000000,1.000000,{"1":36,"2":1},0.972973,0.027027,0.000000,0.000000,0.972973,0.027027,1.000000
0.062968679,5,157,snapshot,64,8192,1.000000,1.000000,1.000000,{"1":8174,"2":18},0.997803,0.002197,0.000000,0.000000,0.997803,0.002197,1.000000
0.062968679,5,157,read_only,256,19,1.000000,1.000000,1.000000,{"1":35,"2":1},0.947368,0.052632,0.000000,0.000000,0.947368,0.052632,1.000000
0.062968679,5,157,union,256,20,1.000000,1.000000,1.000000,{"1":36,"2":1},0.950000,0.050000,0.000000,0.000000,0.950000,0.050000,1.000000
0.062968679,5,157,snapshot,256,4613,0.989595,0.994797,0.989595,{"1":8174,"2":18},0.987644,0.012356,0.000000,0.000000,0.987644,0.001951,0.157895
0.062968679,5,157,read_only,1024,6,1.000000,1.000000,1.000000,{"1":35,"2":1},0.833333,0.166667,0.000000,0.000000,0.833333,0.166667,1.000000
0.062968679,5,157,union,1024,7,1.000000,1.000000,1.000000,{"1":36,"2":1},0.857143,0.142857,0.000000,0.000000,0.857143,0.142857,1.000000
0.062968679,5,157,snapshot,1024,1377,0.966594,0.990088,0.966594,{"1":8174,"2":18},0.965868,0.032680,0.001452,0.000000,0.965868,0.000726,0.021277
0.062968679,5,157,read_only,4096,3,1.000000,1.000000,1.000000,{"1":35,"2":1},0.666667,0.333333,0.000000,0.000000,0.666667,0.333333,1.000000
0.062968679,5,157,union,4096,4,1.000000,1.000000,1.000000,{"1":36,"2":1},0.750000,0.250000,0.000000,0.000000,0.750000,0.250000,1.000000
0.062968679,5,157,snapshot,4096,386,0.930052,0.987341,0.930052,{"1":8174,"2":18},0.930052,0.062176,0.007772,0.000000,0.930052,0.000000,0.000000
0.062968679,5,157,read_only,16384,3,1.000000,1.000000,1.000000,{"1":35,"2":1},0.666667,0.333333,0.000000,0.000000,0.666667,0.333333,1.000000
0.062968679,5,157,union,16384,4,1.000000,1.000000,1.000000,{"1":36,"2":1},0.750000,0.250000,0.000000,0.000000,0.750000,0.250000,1.000000
0.062968679,5,157,snapshot,16384,109,0.752294,0.940633,0.752294,{"1":8174,"2":18},0.752294,0.192661,0.055046,0.000000,0.752294,0.000000,0.000000
0.063202006,5,158,read_only,64,12,1.000000,1.000000,1.000000,{"2":12},0.000000,1.000000,0.000000,0.000000,0.000000,1.000000,1.000000
0.063202006,5,158,union,64,12,1.000000,1.000000,1.000000,{"2":12},0.000000,1.000000,0.000000,0.000000,0.000000,1.000000,1.000000
0.063202006,5,158,snapshot,64,8192,1.000000,1.000000,1.000000,{"1":8162,"2":30},0.996338,0.003662,0.000000,0.000000,0.996338,0.003662,1.000000
0.063202006,5,158,read_only,256,7,1.000000,1.000000,1.000000,{"2":12},0.000000,1.000000,0.000000,0.000000,0.000000,1.000000,1.000000
0.063202006,5,158,union,256,7,1.000000,1.000000,1.000000,{"2":12},0.000000,1.000000,0.000000,0.000000,0.000000,1.000000,1.000000
0.063202006,5,158,snapshot,256,4613,0.989595,0.994797,0.989595,{"1":8162,"2":30},0.986126,0.013874,0.000000,0.000000,0.986126,0.003468,0.250000
0.063202006,5,158,read_only,1024,2,0.500000,0.785714,0.500000,{"2":12},0.000000,0.500000,0.500000,0.000000,0.000000,0.500000,0.500000
0.063202006,5,158,union,1024,2,0.500000,0.785714,0.500000,{"2":12},0.000000,0.500000,0.500000,0.000000,0.000000,0.500000,0.500000
0.063202006,5,158,snapshot,1024,1378,0.965893,0.989784,0.965893,{"1":8162,"2":30},0.964441,0.033382,0.002177,0.000000,0.964441,0.001451,0.040816
0.063202006,5,158,read_only,4096,2,0.500000,0.785714,0.500000,{"2":12},0.000000,0.500000,0.500000,0.000000,0.000000,0.500000,0.500000
0.063202006,5,158,union,4096,2,0.500000,0.785714,0.500000,{"2":12},0.000000,0.500000,0.500000,0.000000,0.000000,0.500000,0.500000
0.063202006,5,158,snapshot,4096,386,0.927461,0.985979,0.927461,{"1":8162,"2":30},0.927461,0.062176,0.010363,0.000000,0.927461,0.000000,0.000000
0.063202006,5,158,read_only,16384,1,0.000000,0.666667,0.000000,{"2":12},0.000000,0.000000,1.000000,0.000000,0.000000,0.000000,0.000000
0.063202006,5,158,union,16384,1,0.000000,0.666667,0.000000,{"2":12},0.000000,0.000000,1.000000,0.000000,0.000000,0.000000,0.000000
0.063202006,5,158,snapshot,16384,109,0.752294,0.938592,0.752294,{"1":8162,"2":30},0.752294,0.192661,0.055046,0.000000,0.752294,0.000000,0.000000
0.063811824,5,159,read_only,64,469,1.000000,1.000000,1.000000,{"1":462,"2":7},0.985075,0.014925,0.000000,0.000000,0.985075,0.014925,1.000000
0.063811824,5,159,union,64,485,1.000000,1.000000,1.000000,{"1":478,"2":7},0.985567,0.014433,0.000000,0.000000,0.985567,0.014433,1.000000
0.063811824,5,159,snapshot,64,8192,1.000000,1.000000,1.000000,{"1":8155,"2":37},0.995483,0.004517,0.000000,0.000000,0.995483,0.004517,1.000000
0.063811824,5,159,read_only,256,262,1.000000,1.000000,1.000000,{"1":462,"2":7},0.973282,0.026718,0.000000,0.000000,0.973282,0.026718,1.000000
0.063811824,5,159,union,256,276,1.000000,1.000000,1.000000,{"1":478,"2":7},0.974638,0.025362,0.000000,0.000000,0.974638,0.025362,1.000000
0.063811824,5,159,snapshot,256,4581,0.980790,0.990395,0.980790,{"1":8155,"2":37},0.976206,0.023794,0.000000,0.000000,0.976206,0.004584,0.192661
0.063811824,5,159,read_only,1024,92,1.000000,1.000000,1.000000,{"1":462,"2":7},0.923913,0.076087,0.000000,0.000000,0.923913,0.076087,1.000000
0.063811824,5,159,union,1024,102,0.980392,0.990196,0.980392,{"1":478,"2":7},0.931373,0.068627,0.000000,0.000000,0.931373,0.049020,0.714286
0.063811824,5,159,snapshot,1024,1365,0.937729,0.982163,0.937729,{"1":8155,"2":37},0.934799,0.063004,0.002198,0.000000,0.934799,0.002930,0.044944
0.063811824,5,159,read_only,4096,35,1.000000,1.000000,1.000000,{"1":462,"2":7},0.885714,0.114286,0.000000,0.000000,0.885714,0.114286,1.000000
0.063811824,5,159,union,4096,43,0.930233,0.980620,0.930233,{"1":478,"2":7},0.906977,0.093023,0.000000,0.000000,0.906977,0.023256,0.250000
0.063811824,5,159,snapshot,4096,384,0.880208,0.978736,0.880208,{"1":8155,"2":37},0.880208,0.109375,0.010417,0.000000,0.880208,0.000000,0.000000
0.063811824,5,159,read_only,16384,12,1.000000,1.000000,1.000000,{"1":462,"2":7},0.750000,0.250000,0.000000,0.000000,0.750000,0.250000,1.000000
0.063811824,5,159,union,16384,14,0.857143,0.940476,0.857143,{"1":478,"2":7},0.785714,0.214286,0.000000,0.000000,0.785714,0.071429,0.333333
0.063811824,5,159,snapshot,16384,109,0.715596,0.933958,0.715596,{"1":8155,"2":37},0.715596,0.229358,0.055046,0.000000,0.715596,0.000000,0.000000
0.064045595,5,160,snapshot,64,8192,1.000000,1.000000,1.000000,{"1":8155,"2":37},0.995483,0.004517,0.000000,0.000000,0.995483,0.004517,1.000000
0.064045595,5,160,snapshot,256,4581,0.980790,0.990395,0.980790,{"1":8155,"2":37},0.976206,0.023794,0.000000,0.000000,0.976206,0.004584,0.192661
0.064045595,5,160,snapshot,1024,1365,0.937729,0.982163,0.937729,{"1":8155,"2":37},0.934799,0.063004,0.002198,0.000000,0.934799,0.002930,0.044944
0.064045595,5,160,snapshot,4096,384,0.880208,0.978736,0.880208,{"1":8155,"2":37},0.880208,0.109375,0.010417,0.000000,0.880208,0.000000,0.000000
0.064045595,5,160,snapshot,16384,109,0.715596,0.933958,0.715596,{"1":8155,"2":37},0.715596,0.229358,0.055046,0.000000,0.715596,0.000000,0.000000
0.064279908,5,161,read_only,64,63,1.000000,1.000000,1.000000,{"1":63},1.000000,0.000000,0.000000,0.000000,1.000000,0.000000,-1.000000
0.064279908,5,161,union,64,63,1.000000,1.000000,1.000000,{"1":63},1.000000,0.000000,0.000000,0.000000,1.000000,0.000000,-1.000000
0.064279908,5,161,snapshot,64,8192,1.000000,1.000000,1.000000,{"1":8155,"2":37},0.995483,0.004517,0.000000,0.000000,0.995483,0.004517,1.000000
0.064279908,5,161,read_only,256,38,1.000000,1.000000,1.000000,{"1":63},1.000000,0.000000,0.000000,0.000000,1.000000,0.000000,-1.000000
0.064279908,5,161,union,256,38,1.000000,1.000000,1.000000,{"1":63},1.000000,0.000000,0.000000,0.000000,1.000000,0.000000,-1.000000
0.064279908,5,161,snapshot,256,4587,0.980815,0.990408,0.980815,{"1":8155,"2":37},0.976237,0.023763,0.000000,0.000000,0.976237,0.004578,0.192661
0.064279908,5,161,read_only,1024,12,1.000000,1.000000,1.000000,{"1":63},1.000000,0.000000,0.000000,0.000000,1.000000,0.000000,-1.000000
0.064279908,5,161,union,1024,12,1.000000,1.000000,1.000000,{"1":63},1.000000,0.000000,0.000000,0.000000,1.000000,0.000000,-1.000000
0.064279908,5,161,snapshot,1024,1372,0.938047,0.982254,0.938047,{"1":8155,"2":37},0.935131,0.062682,0.002187,0.000000,0.935131,0.002915,0.044944
0.064279908,5,161,read_only,4096,4,1.000000,1.000000,1.000000,{"1":63},1.000000,0.000000,0.000000,0.000000,1.000000,0.000000,-1.000000
0.064279908,5,161,union,4096,4,1.000000,1.000000,1.000000,{"1":63},1.000000,0.000000,0.000000,0.000000,1.000000,0.000000,-1.000000
0.064279908,5,161,snapshot,4096,387,0.881137,0.978901,0.881137,{"1":8155,"2":37},0.881137,0.108527,0.010336,0.000000,0.881137,0.000000,0.000000
0.064279908,5,161,read_only,16384,2,1.000000,1.000000,1.000000,{"1":63},1.000000,0.000000,0.000000,0.000000,1.000000,0.000000,-1.000000
0.064279908,5,161,union,16384,2,1.000000,1.000000,1.000000,{"1":63},1.000000,0.000000,0.000000,0.000000,1.000000,0.000000,-1.000000
0.064279908,5,161,snapshot,16384,111,0.720721,0.936086,0.720721,{"1":8155,"2":37},0.720721,0.225225,0.054054,0.000000,0.720721,0.000000,0.000000
0.064515612,5,162,read_only,64,24,1.000000,1.000000,1.000000,{"1":24},1.000000,0.000000,0.000000,0.000000,1.000000,0.000000,-1.000000
0.064515612,5,162,union,64,28,1.000000,1.000000,1.000000,{"1":28},1.000000,0.000000,0.000000,0.000000,1.000000,0.000000,-1.000000
0.064515612,5,162,snapshot,64,8192,1.000000,1.000000,1.000000,{"1":8155,"2":37},0.995483,0.004517,0.000000,0.000000,0.995483,0.004517,1.000000
0.064515612,5,162,read_only,256,14,1.000000,1.000000,1.000000,{"1":24},1.000000,0.000000,0.000000,0.000000,1.000000,0.000000,-1.000000
0.064515612,5,162,union,256,18,1.000000,1.000000,1.000000,{"1":28},1.000000,0.000000,0.000000,0.000000,1.000000,0.000000,-1.000000
0.064515612,5,162,snapshot,256,4585,0.981461,0.990731,0.981461,{"1":8155,"2":37},0.976881,0.023119,0.000000,0.000000,0.976881,0.004580,0.198113
0.064515612,5,162,read_only,1024,4,1.000000,1.000000,1.000000,{"1":24},1.000000,0.000000,0.000000,0.000000,1.000000,0.000000,-1.000000
0.064515612,5,162,union,1024,6,1.000000,1.000000,1.000000,{"1":28},1.000000,0.000000,0.000000,0.000000,1.000000,0.000000,-1.000000
0.064515612,5,162,snapshot,1024,1371,0.938731,0.982528,0.938731,{"1":8155,"2":37},0.935813,0.061999,0.002188,0.000000,0.935813,0.002918,0.045455
0.064515612,5,162,read_only,4096,1,1.000000,1.000000,1.000000,{"1":24},1.000000,0.000000,0.000000,0.000000,1.000000,0.000000,-1.000000
0.064515612,5,162,union,4096,2,1.000000,1.000000,1.000000,{"1":28},1.000000,0.000000,0.000000,0.000000,1.000000,0.000000,-1.000000
0.064515612,5,162,snapshot,4096,388,0.881443,0.979205,0.881443,{"1":8155,"2":37},0.881443,0.108247,0.010309,0.000000,0.881443,0.000000,0.000000
0.064515612,5,162,read_only,16384,1,1.000000,1.000000,1.000000,{"1":24},1.000000,0.000000,0.000000,0.000000,1.000000,0.000000,-1.000000
0.064515612,5,162,union,16384,2,1.000000,1.000000,1.000000,{"1":28},1.000000,0.000000,0.000000,0.000000,1.000000,0.000000,-1.000000
0.064515612,5,162,snapshot,16384,112,0.723214,0.938257,0.723214,{"1":8155,"2":37},0.723214,0.223214,0.053571,0.000000,0.723214,0.000000,0.000000
0.064748841,5,163,union,64,2,1.000000,1.000000,1.000000,{"1":2},1.000000,0.000000,0.000000,0.000000,1.000000,0.000000,-1.000000
0.064748841,5,163,snapshot,64,8192,1.000000,1.000000,1.000000,{"1":8155,"2":37},0.995483,0.004517,0.000000,0.000000,0.995483,0.004517,1.000000
0.064748841,5,163,union,256,2,1.000000,1.000000,1.000000,{"1":2},1.000000,0.000000,0.000000,0.000000,1.000000,0.000000,-1.000000
0.064748841,5,163,snapshot,256,4585,0.981461,0.990731,0.981461,{"1":8155,"2":37},0.976881,0.023119,0.000000,0.000000,0.976881,0.004580,0.198113
0.064748841,5,163,union,1024,2,1.000000,1.000000,1.000000,{"1":2},1.000000,0.000000,0.000000,0.000000,1.000000,0.000000,-1.000000
0.064748841,5,163,snapshot,1024,1371,0.938731,0.982528,0.938731,{"1":8155,"2":37},0.935813,0.061999,0.002188,0.000000,0.935813,0.002918,0.045455
0.064748841,5,163,union,4096,2,1.000000,1.000000,1.000000,{"1":2},1.000000,0.000000,0.000000,0.000000,1.000000,0.000000,-1.000000
0.064748841,5,163,snapshot,4096,388,0.881443,0.979205,0.881443,{"1":8155,"2":37},0.881443,0.108247,0.010309,0.000000,0.881443,0.000000,0.000000
0.064748841,5,163,union,16384,2,1.000000,1.000000,1.000000,{"1":2},1.000000,0.000000,0.000000,0.000000,1.000000,0.000000,-1.000000
0.064748841,5,163,snapshot,16384,112,0.723214,0.938257,0.723214,{"1":8155,"2":37},0.723214,0.223214,0.053571,0.000000,0.723214,0.000000,0.000000
0.064983737,5,164,read_only,64,9,1.000000,1.000000,1.000000,{"1":7,"2":2},0.777778,0.222222,0.000000,0.000000,0.777778,0.222222,1.000000
0.064983737,5,164,union,64,10,1.000000,1.000000,1.000000,{"1":8,"2":2},0.800000,0.200000,0.000000,0.000000,0.800000,0.200000,1.000000
0.064983737,5,164,snapshot,64,8192,1.000000,1.000000,1.000000,{"1":8153,"2":39},0.995239,0.004761,0.000000,0.000000,0.995239,0.004761,1.000000
0.064983737,5,164,read_only,256,8,1.000000,1.000000,1.000000,{"1":7,"2":2},0.750000,0.250000,0.000000,0.000000,0.750000,0.250000,1.000000
0.064983737,5,164,union,256,9,1.000000,1.000000,1.000000,{"1":8,"2":2},0.777778,0.222222,0.000000,0.000000,0.777778,0.222222,1.000000
0.064983737,5,164,snapshot,256,4590,0.981264,0.990632,0.981264,{"1":8153,"2":39},0.976688,0.023312,0.000000,0.000000,0.976688,0.004575,0.196262
0.064983737,5,164,read_only,1024,4,1.000000,1.000000,1.000000,{"1":7,"2":2},0.750000,0.250000,0.000000,0.000000,0.750000,0.250000,1.000000
0.064983737,5,164,union,1024,5,1.000000,1.000000,1.000000,{"1":8,"2":2},0.800000,0.200000,0.000000,0.000000,0.800000,0.200000,1.000000
0.064983737,5,164,snapshot,1024,1373,0.939548,0.982608,0.939548,{"1":8153,"2":39},0.936635,0.061180,0.002185,0.000000,0.936635,0.002913,0.045977
0.064983737,5,164,read_only,4096,3,1.000000,1.000000,1.000000,{"1":7,"2":2},0.666667,0.333333,0.000000,0.000000,0.666667,0.333333,1.000000
0.064983737,5,164,union,4096,4,1.000000,1.000000,1.000000,{"1":8,"2":2},0.750000,0.250000,0.000000,0.000000,0.750000,0.250000,1.000000
0.064983737,5,164,snapshot,4096,388,0.881443,0.979146,0.881443,{"1":8153,"2":39},0.881443,0.108247,0.010309,0.000000,0.881443,0.000000,0.000000
0.064983737,5,164,read_only,16384,2,1.000000,1.000000,1.000000,{"1":7,"2":2},0.500000,0.500000,0.000000,0.000000,0.500000,0.500000,1.000000
0.064983737,5,164,union,16384,3,1.000000,1.000000,1.000000,{"1":8,"2":2},0.666667,0.333333,0.000000,0.000000,0.666667,0.333333,1.000000
0.064983737,5,164,snapshot,16384,112,0.723214,0.938107,0.723214,{"1":8153,"2":39},0.723214,0.223214,0.053571,0.000000,0.723214,0.000000,0.000000
0.065218780,5,165,union,64,4,1.000000,1.000000,1.000000,{"1":4},1.000000,0.000000,0.000000,0.000000,1.000000,0.000000,-1.000000
0.065218780,5,165,snapshot,64,8192,1.000000,1.000000,1.000000,{"1":8153,"2":39},0.995239,0.004761,0.000000,0.000000,0.995239,0.004761,1.000000
0.065218780,5,165,union,256,4,1.000000,1.000000,1.000000,{"1":4},1.000000,0.000000,0.000000,0.000000,1.000000,0.000000,-1.000000
0.065218780,5,165,snapshot,256,4590,0.981481,0.990741,0.981481,{"1":8153,"2":39},0.976906,0.023094,0.000000,0.000000,0.976906,0.004575,0.198113
0.065218780,5,165,union,1024,3,1.000000,1.000000,1.000000,{"1":4},1.000000,0.000000,0.000000,0.000000,1.000000,0.000000,-1.000000
0.065218780,5,165,snapshot,1024,1373,0.940277,0.982881,0.940277,{"1":8153,"2":39},0.937363,0.060452,0.002185,0.000000,0.937363,0.002913,0.046512
0.065218780,5,165,union,4096,3,1.000000,1.000000,1.000000,{"1":4},1.000000,0.000000,0.000000,0.000000,1.000000,0.000000,-1.000000
0.065218780,5,165,snapshot,4096,388,0.881443,0.979178,0.881443,{"1":8153,"2":39},0.881443,0.108247,0.010309,0.000000,0.881443,0.000000,0.000000
0.065218780,5,165,union,16384,3,1.000000,1.000000,1.000000,{"1":4},1.000000,0.000000,0.000000,0.000000,1.000000,0.000000,-1.000000
0.065218780,5,165,snapshot,16384,112,0.723214,0.938310,0.723214,{"1":8153,"2":39},0.723214,0.223214,0.053571,0.000000,0.723214,0.000000,0.000000
0.065452296,5,166,read_only,64,52,1.000000,1.000000,1.000000,{"1":52},1.000000,0.000000,0.000000,0.000000,1.000000,0.000000,-1.000000
0.065452296,5,166,union,64,53,1.000000,1.000000,1.000000,{"1":53},1.000000,0.000000,0.000000,0.000000,1.000000,0.000000,-1.000000
0.065452296,5,166,snapshot,64,8192,1.000000,1.000000,1.000000,{"1":8153,"2":39},0.995239,0.004761,0.000000,0.000000,0.995239,0.004761,1.000000
0.065452296,5,166,read_only,256,31,1.000000,1.000000,1.000000,{"1":52},1.000000,0.000000,0.000000,0.000000,1.000000,0.000000,-1.000000
0.065452296,5,166,union,256,32,1.000000,1.000000,1.000000,{"1":53},1.000000,0.000000,0.000000,0.000000,1.000000,0.000000,-1.000000
0.065452296,5,166,snapshot,256,4598,0.981514,0.990757,0.981514,{"1":8153,"2":39},0.976946,0.023054,0.000000,0.000000,0.976946,0.004567,0.198113
0.065452296,5,166,read_only,1024,10,1.000000,1.000000,1.000000,{"1":52},1.000000,0.000000,0.000000,0.000000,1.000000,0.000000,-1.000000
0.065452296,5,166,union,1024,11,1.000000,1.000000,1.000000,{"1":53},1.000000,0.000000,0.000000,0.000000,1.000000,0.000000,-1.000000
0.065452296,5,166,snapshot,1024,1379,0.941987,0.983102,0.941987,{"1":8153,"2":39},0.939086,0.058738,0.002175,0.000000,0.939086,0.002901,0.047619
0.065452296,5,166,read_only,4096,3,1.000000,1.000000,1.000000,{"1":52},1.000000,0.000000,0.000000,0.000000,1.000000,0.000000,-1.000000
0.065452296,5,166,union,4096,4,1.000000,1.000000,1.000000,{"1":53},1.000000,0.000000,0.000000,0.000000,1.000000,0.000000,-1.000000
0.065452296,5,166,snapshot,4096,390,0.884615,0.979104,0.884615,{"1":8153,"2":39},0.884615,0.105128,0.010256,0.000000,0.884615,0.000000,0.000000
0.065452296,5,166,read_only,16384,2,1.000000,1.000000,1.000000,{"1":52},1.000000,0.000000,0.000000,0.000000,1.000000,0.000000,-1.000000
0.065452296,5,166,union,16384,3,1.000000,1.000000,1.000000,{"1":53},1.000000,0.000000,0.000000,0.000000,1.000000,0.000000,-1.000000
0.065452296,5,166,snapshot,16384,114,0.728070,0.939171,0.728070,{"1":8153,"2":39},0.728070,0.219298,0.052632,0.000000,0.728070,0.000000,0.000000
0.065780482,5,167,read_only,64,20,1.000000,1.000000,1.000000,{"1":20},1.000000,0.000000,0.000000,0.000000,1.000000,0.000000,-1.000000
0.065780482,5,167,union,64,21,1.000000,1.000000,1.000000,{"1":21},1.000000,0.000000,0.000000,0.000000,1.000000,0.000000,-1.000000
0.065780482,5,167,snapshot,64,8192,1.000000,1.000000,1.000000,{"1":8153,"2":39},0.995239,0.004761,0.000000,0.000000,0.995239,0.004761,1.000000
0.065780482,5,167,read_only,256,11,1.000000,1.000000,1.000000,{"1":20},1.000000,0.000000,0.000000,0.000000,1.000000,0.000000,-1.000000
0.065780482,5,167,union,256,12,1.000000,1.000000,1.000000,{"1":21},1.000000,0.000000,0.000000,0.000000,1.000000,0.000000,-1.000000
0.065780482,5,167,snapshot,256,4599,0.981518,0.990759,0.981518,{"1":8153,"2":39},0.976952,0.023048,0.000000,0.000000,0.976952,0.004566,0.198113
0.065780482,5,167,read_only,1024,4,1.000000,1.000000,1.000000,{"1":20},1.000000,0.000000,0.000000,0.000000,1.000000,0.000000,-1.000000
0.065780482,5,167,union,1024,5,1.000000,1.000000,1.000000,{"1":21},1.000000,0.000000,0.000000,0.000000,1.000000,0.000000,-1.000000
0.065780482,5,167,snapshot,1024,1382,0.942836,0.983483,0.942836,{"1":8153,"2":39},0.939942,0.057887,0.002171,0.000000,0.939942,0.002894,0.048193
0.065780482,5,167,read_only,4096,2,1.000000,1.000000,1.000000,{"1":20},1.000000,0.000000,0.000000,0.000000,1.000000,0.000000,-1.000000
0.065780482,5,167,union,4096,3,1.000000,1.000000,1.000000,{"1":21},1.000000,0.000000,0.000000,0.000000,1.000000,0.000000,-1.000000
0.065780482,5,167,snapshot,4096,391,0.884910,0.979046,0.884910,{"1":8153,"2":39},0.884910,0.104859,0.010230,0.000000,0.884910,0.000000,0.000000
0.065780482,5,167,read_only,16384,2,1.000000,1.000000,1.000000,{"1":20},1.000000,0.000000,0.000000,0.000000,1.000000,0.000000,-1.000000
0.065780482,5,167,union,16384,3,1.000000,1.000000,1.000000,{"1":21},1.000000,0.000000,0.000000,0.000000,1.000000,0.000000,-1.000000
0.065780482,5,167,snapshot,16384,115,0.730435,0.939611,0.730435,{"1":8153,"2":39},0.730435,0.217391,0.052174,0.000000,0.730435,0.000000,0.000000
0.066013653,5,168,snapshot,64,8192,1.000000,1.000000,1.000000,{"1":8153,"2":39},0.995239,0.004761,0.000000,0.000000,0.995239,0.004761,1.000000
0.066013653,5,168,snapshot,256,4599,0.981518,0.990759,0.981518,{"1":8153,"2":39},0.976952,0.023048,0.000000,0.000000,0.976952,0.004566,0.198113
0.066013653,5,168,snapshot,1024,1382,0.942836,0.983483,0.942836,{"1":8153,"2":39},0.939942,0.057887,0.002171,0.000000,0.939942,0.002894,0.048193
0.066013653,5,168,snapshot,4096,391,0.884910,0.979046,0.884910,{"1":8153,"2":39},0.884910,0.104859,0.010230,0.000000,0.884910,0.000000,0.000000
0.066013653,5,168,snapshot,16384,115,0.730435,0.939611,0.730435,{"1":8153,"2":39},0.730435,0.217391,0.052174,0.000000,0.730435,0.000000,0.000000
0.066247162,5,169,snapshot,64,8192,1.000000,1.000000,1.000000,{"1":8153,"2":39},0.995239,0.004761,0.000000,0.000000,0.995239,0.004761,1.000000
0.066247162,5,169,snapshot,256,4599,0.981518,0.990759,0.981518,{"1":8153,"2":39},0.976952,0.023048,0.000000,0.000000,0.976952,0.004566,0.198113
0.066247162,5,169,snapshot,1024,1382,0.942836,0.983483,0.942836,{"1":8153,"2":39},0.939942,0.057887,0.002171,0.000000,0.939942,0.002894,0.048193
0.066247162,5,169,snapshot,4096,391,0.884910,0.979046,0.884910,{"1":8153,"2":39},0.884910,0.104859,0.010230,0.000000,0.884910,0.000000,0.000000
0.066247162,5,169,snapshot,16384,115,0.730435,0.939611,0.730435,{"1":8153,"2":39},0.730435,0.217391,0.052174,0.000000,0.730435,0.000000,0.000000
0.066480527,5,170,snapshot,64,8192,1.000000,1.000000,1.000000,{"1":8153,"2":39},0.995239,0.004761,0.000000,0.000000,0.995239,0.004761,1.000000
0.066480527,5,170,snapshot,256,4599,0.981518,0.990759,0.981518,{"1":8153,"2":39},0.976952,0.023048,0.000000,0.000000,0.976952,0.004566,0.198113
0.066480527,5,170,snapshot,1024,1382,0.942836,0.983483,0.942836,{"1":8153,"2":39},0.939942,0.057887,0.002171,0.000000,0.939942,0.002894,0.048193
0.066480527,5,170,snapshot,4096,391,0.884910,0.979046,0.884910,{"1":8153,"2":39},0.884910,0.104859,0.010230,0.000000,0.884910,0.000000,0.000000
0.066480527,5,170,snapshot,16384,115,0.730435,0.939611,0.730435,{"1":8153,"2":39},0.730435,0.217391,0.052174,0.000000,0.730435,0.000000,0.000000
0.066714406,5,171,read_only,64,50,1.000000,1.000000,1.000000,{"1":50},1.000000,0.000000,0.000000,0.000000,1.000000,0.000000,-1.000000
0.066714406,5,171,union,64,50,1.000000,1.000000,1.000000,{"1":50},1.000000,0.000000,0.000000,0.000000,1.000000,0.000000,-1.000000
0.066714406,5,171,snapshot,64,8192,1.000000,1.000000,1.000000,{"1":8153,"2":39},0.995239,0.004761,0.000000,0.000000,0.995239,0.004761,1.000000
0.066714406,5,171,read_only,256,30,1.000000,1.000000,1.000000,{"1":50},1.000000,0.000000,0.000000,0.000000,1.000000,0.000000,-1.000000
0.066714406,5,171,union,256,30,1.000000,1.000000,1.000000,{"1":50},1.000000,0.000000,0.000000,0.000000,1.000000,0.000000,-1.000000
0.066714406,5,171,snapshot,256,4609,0.981775,0.990887,0.981775,{"1":8153,"2":39},0.977218,0.022782,0.000000,0.000000,0.977218,0.004556,0.200000
0.066714406,5,171,read_only,1024,10,1.000000,1.000000,1.000000,{"1":50},1.000000,0.000000,0.000000,0.000000,1.000000,0.000000,-1.000000
0.066714406,5,171,union,1024,10,1.000000,1.000000,1.000000,{"1":50},1.000000,0.000000,0.000000,0.000000,1.000000,0.000000,-1.000000
0.066714406,5,171,snapshot,1024,1388,0.943084,0.983503,0.943084,{"1":8153,"2":39},0.940202,0.057637,0.002161,0.000000,0.940202,0.002882,0.048193
0.066714406,5,171,read_only,4096,3,1.000000,1.000000,1.000000,{"1":50},1.000000,0.000000,0.000000,0.000000,1.000000,0.000000,-1.000000
0.066714406,5,171,union,4096,3,1.000000,1.000000,1.000000,{"1":50},1.000000,0.000000,0.000000,0.000000,1.000000,0.000000,-1.000000
0.066714406,5,171,snapshot,4096,393,0.885496,0.979083,0.885496,{"1":8153,"2":39},0.885496,0.104326,0.010178,0.000000,0.885496,0.000000,0.000000
0.066714406,5,171,read_only,16384,2,1.000000,1.000000,1.000000,{"1":50},1.000000,0.000000,0.000000,0.000000,1.000000,0.000000,-1.000000
0.066714406,5,171,union,16384,2,1.000000,1.000000,1.000000,{"1":50},1.000000,0.000000,0.000000,0.000000,1.000000,0.000000,-1.000000
0.066714406,5,171,snapshot,16384,117,0.735043,0.941143,0.735043,{"1":8153,"2":39},0.735043,0.213675,0.051282,0.000000,0.735043,0.000000,0.000000
0.066950168,5,172,read_only,64,27,1.000000,1.000000,1.000000,{"1":27},1.000000,0.000000,0.000000,0.000000,1.000000,0.000000,-1.000000
0.066950168,5,172,union,64,27,1.000000,1.000000,1.000000,{"1":27},1.000000,0.000000,0.000000,0.000000,1.000000,0.000000,-1.000000
0.066950168,5,172,snapshot,64,8192,1.000000,1.000000,1.000000,{"1":8153,"2":39},0.995239,0.004761,0.000000,0.000000,0.995239,0.004761,1.000000
0.066950168,5,172,read_only,256,14,1.000000,1.000000,1.000000,{"1":27},1.000000,0.000000,0.000000,0.000000,1.000000,0.000000,-1.000000
0.066950168,5,172,union,256,14,1.000000,1.000000,1.000000,{"1":27},1.000000,0.000000,0.000000,0.000000,1.000000,0.000000,-1.000000
0.066950168,5,172,snapshot,256,4611,0.981783,0.990891,0.981783,{"1":8153,"2":39},0.977228,0.022772,0.000000,0.000000,0.977228,0.004554,0.200000
0.066950168,5,172,read_only,1024,4,1.000000,1.000000,1.000000,{"1":27},1.000000,0.000000,0.000000,0.000000,1.000000,0.000000,-1.000000
0.066950168,5,172,union,1024,4,1.000000,1.000000,1.000000,{"1":27},1.000000,0.000000,0.000000,0.000000,1.000000,0.000000,-1.000000
0.066950168,5,172,snapshot,1024,1389,0.943125,0.983515,0.943125,{"1":8153,"2":39},0.940245,0.057595,0.002160,0.000000,0.940245,0.002880,0.048193
0.066950168,5,172,read_only,4096,1,1.000000,1.000000,1.000000,{"1":27},1.000000,0.000000,0.000000,0.000000,1.000000,0.000000,-1.000000
0.066950168,5,172,union,4096,1,1.000000,1.000000,1.000000,{"1":27},1.000000,0.000000,0.000000,0.000000,1.000000,0.000000,-1.000000
0.066950168,5,172,snapshot,4096,393,0.885496,0.979083,0.885496,{"1":8153,"2":39},0.885496,0.104326,0.010178,0.000000,0.885496,0.000000,0.000000
0.066950168,5,172,read_only,16384,1,1.000000,1.000000,1.000000,{"1":27},1.000000,0.000000,0.000000,0.000000,1.000000,0.000000,-1.000000
0.066950168,5,172,union,16384,1,1.000000,1.000000,1.000000,{"1":27},1.000000,0.000000,0.000000,0.000000,1.000000,0.000000,-1.000000
0.066950168,5,172,snapshot,16384,118,0.737288,0.941980,0.737288,{"1":8153,"2":39},0.737288,0.211864,0.050847,0.000000,0.737288,0.000000,0.000000
0.067183416,5,173,snapshot,64,8192,1.000000,1.000000,1.000000,{"1":8153,"2":39},0.995239,0.004761,0.000000,0.000000,0.995239,0.004761,1.000000
0.067183416,5,173,snapshot,256,4611,0.981783,0.990891,0.981783,{"1":8153,"2":39},0.977228,0.022772,0.000000,0.000000,0.977228,0.004554,0.200000
0.067183416,5,173,snapshot,1024,1389,0.943125,0.983515,0.943125,{"1":8153,"2":39},0.940245,0.057595,0.002160,0.000000,0.940245,0.002880,0.048193
0.067183416,5,173,snapshot,4096,393,0.885496,0.979083,0.885496,{"1":8153,"2":39},0.885496,0.104326,0.010178,0.000000,0.885496,0.000000,0.000000
0.067183416,5,173,snapshot,16384,118,0.737288,0.941980,0.737288,{"1":8153,"2":39},0.737288,0.211864,0.050847,0.000000,0.737288,0.000000,0.000000
0.067416725,5,174,snapshot,64,8192,1.000000,1.000000,1.000000,{"1":8153,"2":39},0.995239,0.004761,0.000000,0.000000,0.995239,0.004761,1.000000
0.067416725,5,174,snapshot,256,4611,0.981783,0.990891,0.981783,{"1":8153,"2":39},0.977228,0.022772,0.000000,0.000000,0.977228,0.004554,0.200000
0.067416725,5,174,snapshot,1024,1389,0.943125,0.983515,0.943125,{"1":8153,"2":39},0.940245,0.057595,0.002160,0.000000,0.940245,0.002880,0.048193
0.067416725,5,174,snapshot,4096,393,0.885496,0.979083,0.885496,{"1":8153,"2":39},0.885496,0.104326,0.010178,0.000000,0.885496,0.000000,0.000000
0.067416725,5,174,snapshot,16384,118,0.737288,0.941980,0.737288,{"1":8153,"2":39},0.737288,0.211864,0.050847,0.000000,0.737288,0.000000,0.000000
0.067669216,5,175,snapshot,64,8192,1.000000,1.000000,1.000000,{"1":8153,"2":39},0.995239,0.004761,0.000000,0.000000,0.995239,0.004761,1.000000
0.067669216,5,175,snapshot,256,4611,0.981783,0.990891,0.981783,{"1":8153,"2":39},0.977228,0.022772,0.000000,0.000000,0.977228,0.004554,0.200000
0.067669216,5,175,snapshot,1024,1389,0.943125,0.983515,0.943125,{"1":8153,"2":39},0.940245,0.057595,0.002160,0.000000,0.940245,0.002880,0.048193
0.067669216,5,175,snapshot,4096,393,0.885496,0.979083,0.885496,{"1":8153,"2":39},0.885496,0.104326,0.010178,0.000000,0.885496,0.000000,0.000000
0.067669216,5,175,snapshot,16384,118,0.737288,0.941980,0.737288,{"1":8153,"2":39},0.737288,0.211864,0.050847,0.000000,0.737288,0.000000,0.000000
0.067932121,5,176,snapshot,64,8192,1.000000,1.000000,1.000000,{"1":8153,"2":39},0.995239,0.004761,0.000000,0.000000,0.995239,0.004761,1.000000
0.067932121,5,176,snapshot,256,4611,0.981783,0.990891,0.981783,{"1":8153,"2":39},0.977228,0.022772,0.000000,0.000000,0.977228,0.004554,0.200000
0.067932121,5,176,snapshot,1024,1389,0.943125,0.983515,0.943125,{"1":8153,"2":39},0.940245,0.057595,0.002160,0.000000,0.940245,0.002880,0.048193
0.067932121,5,176,snapshot,4096,393,0.885496,0.979083,0.885496,{"1":8153,"2":39},0.885496,0.104326,0.010178,0.000000,0.885496,0.000000,0.000000
0.067932121,5,176,snapshot,16384,118,0.737288,0.941980,0.737288,{"1":8153,"2":39},0.737288,0.211864,0.050847,0.000000,0.737288,0.000000,0.000000
0.068185275,5,177,read_only,64,2,1.000000,1.000000,1.000000,{"1":2},1.000000,0.000000,0.000000,0.000000,1.000000,0.000000,-1.000000
0.068185275,5,177,union,64,2,1.000000,1.000000,1.000000,{"1":2},1.000000,0.000000,0.000000,0.000000,1.000000,0.000000,-1.000000
0.068185275,5,177,snapshot,64,8192,1.000000,1.000000,1.000000,{"1":8153,"2":39},0.995239,0.004761,0.000000,0.000000,0.995239,0.004761,1.000000
0.068185275,5,177,read_only,256,1,1.000000,1.000000,1.000000,{"1":2},1.000000,0.000000,0.000000,0.000000,1.000000,0.000000,-1.000000
0.068185275,5,177,union,256,1,1.000000,1.000000,1.000000,{"1":2},1.000000,0.000000,0.000000,0.000000,1.000000,0.000000,-1.000000
0.068185275,5,177,snapshot,256,4611,0.981783,0.990891,0.981783,{"1":8153,"2":39},0.977228,0.022772,0.000000,0.000000,0.977228,0.004554,0.200000
0.068185275,5,177,read_only,1024,1,1.000000,1.000000,1.000000,{"1":2},1.000000,0.000000,0.000000,0.000000,1.000000,0.000000,-1.000000
0.068185275,5,177,union,1024,1,1.000000,1.000000,1.000000,{"1":2},1.000000,0.000000,0.000000,0.000000,1.000000,0.000000,-1.000000
0.068185275,5,177,snapshot,1024,1390,0.943165,0.983527,0.943165,{"1":8153,"2":39},0.940288,0.057554,0.002158,0.000000,0.940288,0.002878,0.048193
0.068185275,5,177,read_only,4096,1,1.000000,1.000000,1.000000,{"1":2},1.000000,0.000000,0.000000,0.000000,1.000000,0.000000,-1.000000
0.068185275,5,177,union,4096,1,1.000000,1.000000,1.000000,{"1":2},1.000000,0.000000,0.000000,0.000000,1.000000,0.000000,-1.000000
0.068185275,5,177,snapshot,4096,394,0.885787,0.979136,0.885787,{"1":8153,"2":39},0.885787,0.104061,0.010152,0.000000,0.885787,0.000000,0.000000
0.068185275,5,177,read_only,16384,1,1.000000,1.000000,1.000000,{"1":2},1.000000,0.000000,0.000000,0.000000,1.000000,0.000000,-1.000000
0.068185275,5,177,union,16384,1,1.000000,1.000000,1.000000,{"1":2},1.000000,0.000000,0.000000,0.000000,1.000000,0.000000,-1.000000
0.068185275,5,177,snapshot,16384,119,0.739496,0.942467,0.739496,{"1":8153,"2":39},0.739496,0.210084,0.050420,0.000000,0.739496,0.000000,0.000000
0.068462858,5,178,read_only,64,5,1.000000,1.000000,1.000000,{"1":5},1.000000,0.000000,0.000000,0.000000,1.000000,0.000000,-1.000000
0.068462858,5,178,union,64,5,1.000000,1.000000,1.000000,{"1":5},1.000000,0.000000,0.000000,0.000000,1.000000,0.000000,-1.000000
0.068462858,5,178,read_only,256,4,1.000000,1.000000,1.000000,{"1":5},1.000000,0.000000,0.000000,0.000000,1.000000,0.000000,-1.000000
0.068462858,5,178,union,256,4,1.000000,1.000000,1.000000,{"1":5},1.000000,0.000000,0.000000,0.000000,1.000000,0.000000,-1.000000
0.068462858,5,178,read_only,1024,2,1.000000,1.000000,1.000000,{"1":5},1.000000,0.000000,0.000000,0.000000,1.000000,0.000000,-1.000000
0.068462858,5,178,union,1024,2,1.000000,1.000000,1.000000,{"1":5},1.000000,0.000000,0.000000,0.000000,1.000000,0.000000,-1.000000
0.068462858,5,178,read_only,4096,1,1.000000,1.000000,1.000000,{"1":5},1.000000,0.000000,0.000000,0.000000,1.000000,0.000000,-1.000000
0.068462858,5,178,union,4096,1,1.000000,1.000000,1.000000,{"1":5},1.000000,0.000000,0.000000,0.000000,1.000000,0.000000,-1.000000
0.068462858,5,178,read_only,16384,1,1.000000,1.000000,1.000000,{"1":5},1.000000,0.000000,0.000000,0.000000,1.000000,0.000000,-1.000000
0.068462858,5,178,union,16384,1,1.000000,1.000000,1.000000,{"1":5},1.000000,0.000000,0.000000,0.000000,1.000000,0.000000,-1.000000
0.069254564,5,181,read_only,64,10,1.000000,1.000000,1.000000,{"1":10},1.000000,0.000000,0.000000,0.000000,1.000000,0.000000,-1.000000
0.069254564,5,181,union,64,10,1.000000,1.000000,1.000000,{"1":10},1.000000,0.000000,0.000000,0.000000,1.000000,0.000000,-1.000000
0.069254564,5,181,snapshot,64,10,1.000000,1.000000,1.000000,{"1":10},1.000000,0.000000,0.000000,0.000000,1.000000,0.000000,-1.000000
0.069254564,5,181,read_only,256,5,1.000000,1.000000,1.000000,{"1":10},1.000000,0.000000,0.000000,0.000000,1.000000,0.000000,-1.000000
0.069254564,5,181,union,256,5,1.000000,1.000000,1.000000,{"1":10},1.000000,0.000000,0.000000,0.000000,1.000000,0.000000,-1.000000
0.069254564,5,181,snapshot,256,5,1.000000,1.000000,1.000000,{"1":10},1.000000,0.000000,0.000000,0.000000,1.000000,0.000000,-1.000000
0.069254564,5,181,read_only,1024,2,1.000000,1.000000,1.000000,{"1":10},1.000000,0.000000,0.000000,0.000000,1.000000,0.000000,-1.000000
0.069254564,5,181,union,1024,2,1.000000,1.000000,1.000000,{"1":10},1.000000,0.000000,0.000000,0.000000,1.000000,0.000000,-1.000000
0.069254564,5,181,snapshot,1024,2,1.000000,1.000000,1.000000,{"1":10},1.000000,0.000000,0.000000,0.000000,1.000000,0.000000,-1.000000
0.069254564,5,181,read_only,4096,1,1.000000,1.000000,1.000000,{"1":10},1.000000,0.000000,0.000000,0.000000,1.000000,0.000000,-1.000000
0.069254564,5,181,union,4096,1,1.000000,1.000000,1.000000,{"1":10},1.000000,0.000000,0.000000,0.000000,1.000000,0.000000,-1.000000
0.069254564,5,181,snapshot,4096,1,1.000000,1.000000,1.000000,{"1":10},1.000000,0.000000,0.000000,0.000000,1.000000,0.000000,-1.000000
0.069254564,5,181,read_only,16384,1,1.000000,1.000000,1.000000,{"1":10},1.000000,0.000000,0.000000,0.000000,1.000000,0.000000,-1.000000
0.069254564,5,181,union,16384,1,1.000000,1.000000,1.000000,{"1":10},1.000000,0.000000,0.000000,0.000000,1.000000,0.000000,-1.000000
0.069254564,5,181,snapshot,16384,1,1.000000,1.000000,1.000000,{"1":10},1.000000,0.000000,0.000000,0.000000,1.000000,0.000000,-1.000000
0.069496248,5,182,read_only,64,65,1.000000,1.000000,1.000000,{"1":65},1.000000,0.000000,0.000000,0.000000,1.000000,0.000000,-1.000000
0.069496248,5,182,union,64,65,1.000000,1.000000,1.000000,{"1":65},1.000000,0.000000,0.000000,0.000000,1.000000,0.000000,-1.000000
0.069496248,5,182,snapshot,64,75,1.000000,1.000000,1.000000,{"1":75},1.000000,0.000000,0.000000,0.000000,1.000000,0.000000,-1.000000
0.069496248,5,182,read_only,256,33,1.000000,1.000000,1.000000,{"1":65},1.000000,0.000000,0.000000,0.000000,1.000000,0.000000,-1.000000
0.069496248,5,182,union,256,33,1.000000,1.000000,1.000000,{"1":65},1.000000,0.000000,0.000000,0.000000,1.000000,0.000000,-1.000000
0.069496248,5,182,snapshot,256,38,1.000000,1.000000,1.000000,{"1":75},1.000000,0.000000,0.000000,0.000000,1.000000,0.000000,-1.000000
0.069496248,5,182,read_only,1024,9,1.000000,1.000000,1.000000,{"1":65},1.000000,0.000000,0.000000,0.000000,1.000000,0.000000,-1.000000
0.069496248,5,182,union,1024,9,1.000000,1.000000,1.000000,{"1":65},1.000000,0.000000,0.000000,0.000000,1.000000,0.000000,-1.000000
0.069496248,5,182,snapshot,1024,11,1.000000,1.000000,1.000000,{"1":75},1.000000,0.000000,0.000000,0.000000,1.000000,0.000000,-1.000000
0.069496248,5,182,read_only,4096,3,1.000000,1.000000,1.000000,{"1":65},1.000000,0.000000,0.000000,0.000000,1.000000,0.000000,-1.000000
0.069496248,5,182,union,4096,3,1.000000,1.000000,1.000000,{"1":65},1.000000,0.000000,0.000000,0.000000,1.000000,0.000000,-1.000000
0.069496248,5,182,snapshot,4096,4,1.000000,1.000000,1.000000,{"1":75},1.000000,0.000000,0.000000,0.000000,1.000000,0.000000,-1.000000
0.069496248,5,182,read_only,16384,1,1.000000,1.000000,1.000000,{"1":65},1.000000,0.000000,0.000000,0.000000,1.000000,0.000000,-1.000000
0.069496248,5,182,union,16384,1,1.000000,1.000000,1.000000,{"1":65},1.000000,0.000000,0.000000,0.000000,1.000000,0.000000,-1.000000
0.069496248,5,182,snapshot,16384,2,1.000000,1.000000,1.000000,{"1":75},1.000000,0.000000,0.000000,0.000000,1.000000,0.000000,-1.000000
0.069738649,5,183,snapshot,64,75,1.000000,1.000000,1.000000,{"1":75},1.000000,0.000000,0.000000,0.000000,1.000000,0.000000,-1.000000
0.069738649,5,183,snapshot,256,38,1.000000,1.000000,1.000000,{"1":75},1.000000,0.000000,0.000000,0.000000,1.000000,0.000000,-1.000000
0.069738649,5,183,snapshot,1024,11,1.000000,1.000000,1.000000,{"1":75},1.000000,0.000000,0.000000,0.000000,1.000000,0.000000,-1.000000
0.069738649,5,183,snapshot,4096,4,1.000000,1.000000,1.000000,{"1":75},1.000000,0.000000,0.000000,0.000000,1.000000,0.000000,-1.000000
0.069738649,5,183,snapshot,16384,2,1.000000,1.000000,1.000000,{"1":75},1.000000,0.000000,0.000000,0.000000,1.000000,0.000000,-1.000000
0.070000861,5,184,snapshot,64,75,1.000000,1.000000,1.000000,{"1":75},1.000000,0.000000,0.000000,0.000000,1.000000,0.000000,-1.000000
0.070000861,5,184,snapshot,256,38,1.000000,1.000000,1.000000,{"1":75},1.000000,0.000000,0.000000,0.000000,1.000000,0.000000,-1.000000
0.070000861,5,184,snapshot,1024,11,1.000000,1.000000,1.000000,{"1":75},1.000000,0.000000,0.000000,0.000000,1.000000,0.000000,-1.000000
0.070000861,5,184,snapshot,4096,4,1.000000,1.000000,1.000000,{"1":75},1.000000,0.000000,0.000000,0.000000,1.000000,0.000000,-1.000000
0.070000861,5,184,snapshot,16384,2,1.000000,1.000000,1.000000,{"1":75},1.000000,0.000000,0.000000,0.000000,1.000000,0.000000,-1.000000
0.070279230,5,185,read_only,64,1,1.000000,1.000000,1.000000,{"1":1},1.000000,0.000000,0.000000,0.000000,1.000000,0.000000,-1.000000
0.070279230,5,185,union,64,1,1.000000,1.000000,1.000000,{"1":1},1.000000,0.000000,0.000000,0.000000,1.000000,0.000000,-1.000000
0.070279230,5,185,snapshot,64,76,1.000000,1.000000,1.000000,{"1":76},1.000000,0.000000,0.000000,0.000000,1.000000,0.000000,-1.000000
0.070279230,5,185,read_only,256,1,1.000000,1.000000,1.000000,{"1":1},1.000000,0.000000,0.000000,0.000000,1.000000,0.000000,-1.000000
0.070279230,5,185,union,256,1,1.000000,1.000000,1.000000,{"1":1},1.000000,0.000000,0.000000,0.000000,1.000000,0.000000,-1.000000
0.070279230,5,185,snapshot,256,39,1.000000,1.000000,1.000000,{"1":76},1.000000,0.000000,0.000000,0.000000,1.000000,0.000000,-1.000000
0.070279230,5,185,read_only,1024,1,1.000000,1.000000,1.000000,{"1":1},1.000000,0.000000,0.000000,0.000000,1.000000,0.000000,-1.000000
0.070279230,5,185,union,1024,1,1.000000,1.000000,1.000000,{"1":1},1.000000,0.000000,0.000000,0.000000,1.000000,0.000000,-1.000000
0.070279230,5,185,snapshot,1024,12,1.000000,1.000000,1.000000,{"1":76},1.000000,0.000000,0.000000,0.000000,1.000000,0.000000,-1.000000
0.070279230,5,185,read_only,4096,1,1.000000,1.000000,1.000000,{"1":1},1.000000,0.000000,0.000000,0.000000,1.000000,0.000000,-1.000000
0.070279230,5,185,union,4096,1,1.000000,1.000000,1.000000,{"1":1},1.000000,0.000000,0.000000,0.000000,1.000000,0.000000,-1.000000
0.070279230,5,185,snapshot,4096,5,1.000000,1.000000,1.000000,{"1":76},1.000000,0.000000,0.000000,0.000000,1.000000,0.000000,-1.000000
0.070279230,5,185,read_only,16384,1,1.000000,1.000000,1.000000,{"1":1},1.000000,0.000000,0.000000,0.000000,1.000000,0.000000,-1.000000
0.070279230,5,185,union,16384,1,1.000000,1.000000,1.000000,{"1":1},1.000000,0.000000,0.000000,0.000000,1.000000,0.000000,-1.000000
0.070279230,5,185,snapshot,16384,3,1.000000,1.000000,1.000000,{"1":76},1.000000,0.000000,0.000000,0.000000,1.000000,0.000000,-1.000000
0.070510776,5,186,snapshot,64,76,1.000000,1.000000,1.000000,{"1":76},1.000000,0.000000,0.000000,0.000000,1.000000,0.000000,-1.000000
0.070510776,5,186,snapshot,256,39,1.000000,1.000000,1.000000,{"1":76},1.000000,0.000000,0.000000,0.000000,1.000000,0.000000,-1.000000
0.070510776,5,186,snapshot,1024,12,1.000000,1.000000,1.000000,{"1":76},1.000000,0.000000,0.000000,0.000000,1.000000,0.000000,-1.000000
0.070510776,5,186,snapshot,4096,5,1.000000,1.000000,1.000000,{"1":76},1.000000,0.000000,0.000000,0.000000,1.000000,0.000000,-1.000000
0.070510776,5,186,snapshot,16384,3,1.000000,1.000000,1.000000,{"1":76},1.000000,0.000000,0.000000,0.000000,1.000000,0.000000,-1.000000
0.070745508,5,187,read_only,64,54,1.000000,1.000000,1.000000,{"1":54},1.000000,0.000000,0.000000,0.000000,1.000000,0.000000,-1.000000
0.070745508,5,187,union,64,54,1.000000,1.000000,1.000000,{"1":54},1.000000,0.000000,0.000000,0.000000,1.000000,0.000000,-1.000000
0.070745508,5,187,snapshot,64,130,1.000000,1.000000,1.000000,{"1":130},1.000000,0.000000,0.000000,0.000000,1.000000,0.000000,-1.000000
0.070745508,5,187,read_only,256,28,1.000000,1.000000,1.000000,{"1":54},1.000000,0.000000,0.000000,0.000000,1.000000,0.000000,-1.000000
0.070745508,5,187,union,256,28,1.000000,1.000000,1.000000,{"1":54},1.000000,0.000000,0.000000,0.000000,1.000000,0.000000,-1.000000
0.070745508,5,187,snapshot,256,67,1.000000,1.000000,1.000000,{"1":130},1.000000,0.000000,0.000000,0.000000,1.000000,0.000000,-1.000000
0.070745508,5,187,read_only,1024,8,1.000000,1.000000,1.000000,{"1":54},1.000000,0.000000,0.000000,0.000000,1.000000,0.000000,-1.000000
0.070745508,5,187,union,1024,8,1.000000,1.000000,1.000000,{"1":54},1.000000,0.000000,0.000000,0.000000,1.000000,0.000000,-1.000000
0.070745508,5,187,snapshot,1024,20,1.000000,1.000000,1.000000,{"1":130},1.000000,0.000000,0.000000,0.000000,1.000000,0.000000,-1.000000
0.070745508,5,187,read_only,4096,2,1.000000,1.000000,1.000000,{"1":54},1.000000,0.000000,0.000000,0.000000,1.000000,0.000000,-1.000000
0.070745508,5,187,union,4096,2,1.000000,1.000000,1.000000,{"1":54},1.000000,0.000000,0.000000,0.000000,1.000000,0.000000,-1.000000
0.070745508,5,187,snapshot,4096,7,1.000000,1.000000,1.000000,{"1":130},1.000000,0.000000,0.000000,0.000000,1.000000,0.000000,-1.000000
0.070745508,5,187,read_only,16384,2,1.000000,1.000000,1.000000,{"1":54},1.000000,0.000000,0.000000,0.000000,1.000000,0.000000,-1.000000
0.070745508,5,187,union,16384,2,1.000000,1.000000,1.000000,{"1":54},1.000000,0.000000,0.000000,0.000000,1.000000,0.000000,-1.000000
0.070745508,5,187,snapshot,16384,5,1.000000,1.000000,1.000000,{"1":130},1.000000,0.000000,0.000000,0.000000,1.000000,0.000000,-1.000000
0.071039691,5,188,snapshot,64,130,1.000000,1.000000,1.000000,{"1":130},1.000000,0.000000,0.000000,0.000000,1.000000,0.000000,-1.000000
0.071039691,5,188,snapshot,256,67,1.000000,1.000000,1.000000,{"1":130},1.000000,0.000000,0.000000,0.000000,1.000000,0.000000,-1.000000
0.071039691,5,188,snapshot,1024,20,1.000000,1.000000,1.000000,{"1":130},1.000000,0.000000,0.000000,0.000000,1.000000,0.000000,-1.000000
0.071039691,5,188,snapshot,4096,7,1.000000,1.000000,1.000000,{"1":130},1.000000,0.000000,0.000000,0.000000,1.000000,0.000000,-1.000000
0.071039691,5,188,snapshot,16384,5,1.000000,1.000000,1.000000,{"1":130},1.000000,0.000000,0.000000,0.000000,1.000000,0.000000,-1.000000
0.071283978,5,189,read_only,64,22,1.000000,1.000000,1.000000,{"1":22},1.000000,0.000000,0.000000,0.000000,1.000000,0.000000,-1.000000
0.071283978,5,189,union,64,22,1.000000,1.000000,1.000000,{"1":22},1.000000,0.000000,0.000000,0.000000,1.000000,0.000000,-1.000000
0.071283978,5,189,snapshot,64,152,1.000000,1.000000,1.000000,{"1":152},1.000000,0.000000,0.000000,0.000000,1.000000,0.000000,-1.000000
0.071283978,5,189,read_only,256,12,1.000000,1.000000,1.000000,{"1":22},1.000000,0.000000,0.000000,0.000000,1.000000,0.000000,-1.000000
0.071283978,5,189,union,256,12,1.000000,1.000000,1.000000,{"1":22},1.000000,0.000000,0.000000,0.000000,1.000000,0.000000,-1.000000
0.071283978,5,189,snapshot,256,79,1.000000,1.000000,1.000000,{"1":152},1.000000,0.000000,0.000000,0.000000,1.000000,0.000000,-1.000000
0.071283978,5,189,read_only,1024,4,1.000000,1.000000,1.000000,{"1":22},1.000000,0.000000,0.000000,0.000000,1.000000,0.000000,-1.000000
0.071283978,5,189,union,1024,4,1.000000,1.000000,1.000000,{"1":22},1.000000,0.000000,0.000000,0.000000,1.000000,0.000000,-1.000000
0.071283978,5,189,snapshot,1024,24,1.000000,1.000000,1.000000,{"1":152},1.000000,0.000000,0.000000,0.000000,1.000000,0.000000,-1.000000
0.071283978,5,189,read_only,4096,2,1.000000,1.000000,1.000000,{"1":22},1.000000,0.000000,0.000000,0.000000,1.000000,0.000000,-1.000000
0.071283978,5,189,union,4096,2,1.000000,1.000000,1.000000,{"1":22},1.000000,0.000000,0.000000,0.000000,1.000000,0.000000,-1.000000
0.071283978,5,189,snapshot,4096,9,1.000000,1.000000,1.000000,{"1":152},1.000000,0.000000,0.000000,0.000000,1.000000,0.000000,-1.000000
0.071283978,5,189,read_only,16384,2,1.000000,1.000000,1.000000,{"1":22},1.000000,0.000000,0.000000,0.000000,1.000000,0.000000,-1.000000
0.071283978,5,189,union,16384,2,1.000000,1.000000,1.000000,{"1":22},1.000000,0.000000,0.000000,0.000000,1.000000,0.000000,-1.000000
0.071283978,5,189,snapshot,16384,7,1.000000,1.000000,1.000000,{"1":152},1.000000,0.000000,0.000000,0.000000,1.000000,0.000000,-1.000000
0.071521950,5,190,snapshot,64,152,1.000000,1.000000,1.000000,{"1":152},1.000000,0.000000,0.000000,0.000000,1.000000,0.000000,-1.000000
0.071521950,5,190,snapshot,256,79,1.000000,1.000000,1.000000,{"1":152},1.000000,0.000000,0.000000,0.000000,1.000000,0.000000,-1.000000
0.071521950,5,190,snapshot,1024,24,1.000000,1.000000,1.000000,{"1":152},1.000000,0.000000,0.000000,0.000000,1.000000,0.000000,-1.000000
0.071521950,5,190,snapshot,4096,9,1.000000,1.000000,1.000000,{"1":152},1.000000,0.000000,0.000000,0.000000,1.000000,0.000000,-1.000000
0.071521950,5,190,snapshot,16384,7,1.000000,1.000000,1.000000,{"1":152},1.000000,0.000000,0.000000,0.000000,1.000000,0.000000,-1.000000
0.071773915,5,191,read_only,64,84,1.000000,1.000000,1.000000,{"1":84},1.000000,0.000000,0.000000,0.000000,1.000000,0.000000,-1.000000
0.071773915,5,191,union,64,84,1.000000,1.000000,1.000000,{"1":84},1.000000,0.000000,0.000000,0.000000,1.000000,0.000000,-1.000000
0.071773915,5,191,read_only,256,42,1.000000,1.000000,1.000000,{"1":84},1.000000,0.000000,0.000000,0.000000,1.000000,0.000000,-1.000000
0.071773915,5,191,union,256,42,1.000000,1.000000,1.000000,{"1":84},1.000000,0.000000,0.000000,0.000000,1.000000,0.000000,-1.000000
0.071773915,5,191,read_only,1024,11,1.000000,1.000000,1.000000,{"1":84},1.000000,0.000000,0.000000,0.000000,1.000000,0.000000,-1.000000
0.071773915,5,191,union,1024,11,1.000000,1.000000,1.000000,{"1":84},1.000000,0.000000,0.000000,0.000000,1.000000,0.000000,-1.000000
0.071773915,5,191,read_only,4096,3,1.000000,1.000000,1.000000,{"1":84},1.000000,0.000000,0.000000,0.000000,1.000000,0.000000,-1.000000
0.071773915,5,191,union,4096,3,1.000000,1.000000,1.000000,{"1":84},1.000000,0.000000,0.000000,0.000000,1.000000,0.000000,-1.000000
0.071773915,5,191,read_only,16384,2,1.000000,1.000000,1.000000,{"1":84},1.000000,0.000000,0.000000,0.000000,1.000000,0.000000,-1.000000
0.071773915,5,191,union,16384,2,1.000000,1.000000,1.000000,{"1":84},1.000000,0.000000,0.000000,0.000000,1.000000,0.000000,-1.000000
0.072009614,5,192,read_only,64,32,1.000000,1.000000,1.000000,{"1":32},1.000000,0.000000,0.000000,0.000000,1.000000,0.000000,-1.000000
0.072009614,5,192,union,64,32,1.000000,1.000000,1.000000,{"1":32},1.000000,0.000000,0.000000,0.000000,1.000000,0.000000,-1.000000
0.072009614,5,192,snapshot,64,32,1.000000,1.000000,1.000000,{"1":32},1.000000,0.000000,0.000000,0.000000,1.000000,0.000000,-1.000000
0.072009614,5,192,read_only,256,16,1.000000,1.000000,1.000000,{"1":32},1.000000,0.000000,0.000000,0.000000,1.000000,0.000000,-1.000000
0.072009614,5,192,union,256,16,1.000000,1.000000,1.000000,{"1":32},1.000000,0.000000,0.000000,0.000000,1.000000,0.000000,-1.000000
0.072009614,5,192,snapshot,256,16,1.000000,1.000000,1.000000,{"1":32},1.000000,0.000000,0.000000,0.000000,1.000000,0.000000,-1.000000
0.072009614,5,192,read_only,1024,4,1.000000,1.000000,1.000000,{"1":32},1.000000,0.000000,0.000000,0.000000,1.000000,0.000000,-1.000000
0.072009614,5,192,union,1024,4,1.000000,1.000000,1.000000,{"1":32},1.000000,0.000000,0.000000,0.000000,1.000000,0.000000,-1.000000
0.072009614,5,192,snapshot,1024,4,1.000000,1.000000,1.000000,{"1":32},1.000000,0.000000,0.000000,0.000000,1.000000,0.000000,-1.000000
0.072009614,5,192,read_only,4096,1,1.000000,1.000000,1.000000,{"1":32},1.000000,0.000000,0.000000,0.000000,1.000000,0.000000,-1.000000
0.072009614,5,192,union,4096,1,1.000000,1.000000,1.000000,{"1":32},1.000000,0.000000,0.000000,0.000000,1.000000,0.000000,-1.000000
0.072009614,5,192,snapshot,4096,1,1.000000,1.000000,1.000000,{"1":32},1.000000,0.000000,0.000000,0.000000,1.000000,0.000000,-1.000000
0.072009614,5,192,read_only,16384,1,1.000000,1.000000,1.000000,{"1":32},1.000000,0.000000,0.000000,0.000000,1.000000,0.000000,-1.000000
0.072009614,5,192,union,16384,1,1.000000,1.000000,1.000000,{"1":32},1.000000,0.000000,0.000000,0.000000,1.000000,0.000000,-1.000000
0.072009614,5,192,snapshot,16384,1,1.000000,1.000000,1.000000,{"1":32},1.000000,0.000000,0.000000,0.000000,1.000000,0.000000,-1.000000
0.072305415,5,193,read_only,64,84,1.000000,1.000000,1.000000,{"1":84},1.000000,0.000000,0.000000,0.000000,1.000000,0.000000,-1.000000
0.072305415,5,193,union,64,84,1.000000,1.000000,1.000000,{"1":84},1.000000,0.000000,0.000000,0.000000,1.000000,0.000000,-1.000000
0.072305415,5,193,snapshot,64,116,1.000000,1.000000,1.000000,{"1":116},1.000000,0.000000,0.000000,0.000000,1.000000,0.000000,-1.000000
0.072305415,5,193,read_only,256,42,1.000000,1.000000,1.000000,{"1":84},1.000000,0.000000,0.000000,0.000000,1.000000,0.000000,-1.000000
0.072305415,5,193,union,256,42,1.000000,1.000000,1.000000,{"1":84},1.000000,0.000000,0.000000,0.000000,1.000000,0.000000,-1.000000
0.072305415,5,193,snapshot,256,58,1.000000,1.000000,1.000000,{"1":116},1.000000,0.000000,0.000000,0.000000,1.000000,0.000000,-1.000000
0.072305415,5,193,read_only,1024,11,1.000000,1.000000,1.000000,{"1":84},1.000000,0.000000,0.000000,0.000000,1.000000,0.000000,-1.000000
0.072305415,5,193,union,1024,11,1.000000,1.000000,1.000000,{"1":84},1.000000,0.000000,0.000000,0.000000,1.000000,0.000000,-1.000000
0.072305415,5,193,snapshot,1024,15,1.000000,1.000000,1.000000,{"1":116},1.000000,0.000000,0.000000,0.000000,1.000000,0.000000,-1.000000
0.072305415,5,193,read_only,4096,3,1.000000,1.000000,1.000000,{"1":84},1.000000,0.000000,0.000000,0.000000,1.000000,0.000000,-1.000000
0.072305415,5,193,union,4096,3,1.000000,1.000000,1.000000,{"1":84},1.000000,0.000000,0.000000,0.000000,1.000000,0.000000,-1.000000
0.072305415,5,193,snapshot,4096,4,1.000000,1.000000,1.000000,{"1":116},1.000000,0.000000,0.000000,0.000000,1.000000,0.000000,-1.000000
0.072305415,5,193,read_only,16384,2,1.000000,1.000000,1.000000,{"1":84},1.000000,0.000000,0.000000,0.000000,1.000000,0.000000,-1.000000
0.072305415,5,193,union,16384,2,1.000000,1.000000,1.000000,{"1":84},1.000000,0.000000,0.000000,0.000000,1.000000,0.000000,-1.000000
0.072305415,5,193,snapshot,16384,3,1.000000,1.000000,1.000000,{"1":116},1.000000,0.000000,0.000000,0.000000,1.000000,0.000000,-1.000000
0.072551621,5,194,read_only,64,81,1.000000,1.000000,1.000000,{"1":81},1.000000,0.000000,0.000000,0.000000,1.000000,0.000000,-1.000000
0.072551621,5,194,union,64,81,1.000000,1.000000,1.000000,{"1":81},1.000000,0.000000,0.000000,0.000000,1.000000,0.000000,-1.000000
0.072551621,5,194,snapshot,64,197,1.000000,1.000000,1.000000,{"1":197},1.000000,0.000000,0.000000,0.000000,1.000000,0.000000,-1.000000
0.072551621,5,194,read_only,256,41,1.000000,1.000000,1.000000,{"1":81},1.000000,0.000000,0.000000,0.000000,1.000000,0.000000,-1.000000
0.072551621,5,194,union,256,41,1.000000,1.000000,1.000000,{"1":81},1.000000,0.000000,0.000000,0.000000,1.000000,0.000000,-1.000000
0.072551621,5,194,snapshot,256,99,1.000000,1.000000,1.000000,{"1":197},1.000000,0.000000,0.000000,0.000000,1.000000,0.000000,-1.000000
0.072551621,5,194,read_only,1024,11,1.000000,1.000000,1.000000,{"1":81},1.000000,0.000000,0.000000,0.000000,1.000000,0.000000,-1.000000
0.072551621,5,194,union,1024,11,1.000000,1.000000,1.000000,{"1":81},1.000000,0.000000,0.000000,0.000000,1.000000,0.000000,-1.000000
0.072551621,5,194,snapshot,1024,26,1.000000,1.000000,1.000000,{"1":197},1.000000,0.000000,0.000000,0.000000,1.000000,0.000000,-1.000000
0.072551621,5,194,read_only,4096,4,1.000000,1.000000,1.000000,{"1":81},1.000000,0.000000,0.000000,0.000000,1.000000,0.000000,-1.000000
0.072551621,5,194,union,4096,4,1.000000,1.000000,1.000000,{"1":81},1.000000,0.000000,0.000000,0.000000,1.000000,0.000000,-1.000000
0.072551621,5,194,snapshot,4096,8,1.000000,1.000000,1.000000,{"1":197},1.000000,0.000000,0.000000,0.000000,1.000000,0.000000,-1.000000
0.072551621,5,194,read_only,16384,2,1.000000,1.000000,1.000000,{"1":81},1.000000,0.000000,0.000000,0.000000,1.000000,0.000000,-1.000000
0.072551621,5,194,union,16384,2,1.000000,1.000000,1.000000,{"1":81},1.000000,0.000000,0.000000,0.000000,1.000000,0.000000,-1.000000
0.072551621,5,194,snapshot,16384,5,1.000000,1.000000,1.000000,{"1":197},1.000000,0.000000,0.000000,0.000000,1.000000,0.000000,-1.000000
0.072796612,5,195,read_only,64,315,1.000000,1.000000,1.000000,{"1":315},1.000000,0.000000,0.000000,0.000000,1.000000,0.000000,-1.000000
0.072796612,5,195,union,64,315,1.000000,1.000000,1.000000,{"1":315},1.000000,0.000000,0.000000,0.000000,1.000000,0.000000,-1.000000
0.072796612,5,195,snapshot,64,512,1.000000,1.000000,1.000000,{"1":512},1.000000,0.000000,0.000000,0.000000,1.000000,0.000000,-1.000000
0.072796612,5,195,read_only,256,158,1.000000,1.000000,1.000000,{"1":315},1.000000,0.000000,0.000000,0.000000,1.000000,0.000000,-1.000000
0.072796612,5,195,union,256,158,1.000000,1.000000,1.000000,{"1":315},1.000000,0.000000,0.000000,0.000000,1.000000,0.000000,-1.000000
0.072796612,5,195,snapshot,256,257,1.000000,1.000000,1.000000,{"1":512},1.000000,0.000000,0.000000,0.000000,1.000000,0.000000,-1.000000
0.072796612,5,195,read_only,1024,40,1.000000,1.000000,1.000000,{"1":315},1.000000,0.000000,0.000000,0.000000,1.000000,0.000000,-1.000000
0.072796612,5,195,union,1024,40,1.000000,1.000000,1.000000,{"1":315},1.000000,0.000000,0.000000,0.000000,1.000000,0.000000,-1.000000
0.072796612,5,195,snapshot,1024,66,1.000000,1.000000,1.000000,{"1":512},1.000000,0.000000,0.000000,0.000000,1.000000,0.000000,-1.000000
0.072796612,5,195,read_only,4096,10,1.000000,1.000000,1.000000,{"1":315},1.000000,0.000000,0.000000,0.000000,1.000000,0.000000,-1.000000
0.072796612,5,195,union,4096,10,1.000000,1.000000,1.000000,{"1":315},1.000000,0.000000,0.000000,0.000000,1.000000,0.000000,-1.000000
0.072796612,5,195,snapshot,4096,18,1.000000,1.000000,1.000000,{"1":512},1.000000,0.000000,0.000000,0.000000,1.000000,0.000000,-1.000000
0.072796612,5,195,read_only,16384,3,1.000000,1.000000,1.000000,{"1":315},1.000000,0.000000,0.000000,0.000000,1.000000,0.000000,-1.000000
0.072796612,5,195,union,16384,3,1.000000,1.000000,1.000000,{"1":315},1.000000,0.000000,0.000000,0.000000,1.000000,0.000000,-1.000000
0.072796612,5,195,snapshot,16384,8,1.000000,1.000000,1.000000,{"1":512},1.000000,0.000000,0.000000,0.000000,1.000000,0.000000,-1.000000
0.073061594,5,196,snapshot,64,512,1.000000,1.000000,1.000000,{"1":512},1.000000,0.000000,0.000000,0.000000,1.000000,0.000000,-1.000000
0.073061594,5,196,snapshot,256,257,1.000000,1.000000,1.000000,{"1":512},1.000000,0.000000,0.000000,0.000000,1.000000,0.000000,-1.000000
0.073061594,5,196,snapshot,1024,66,1.000000,1.000000,1.000000,{"1":512},1.000000,0.000000,0.000000,0.000000,1.000000,0.000000,-1.000000
0.073061594,5,196,snapshot,4096,18,1.000000,1.000000,1.000000,{"1":512},1.000000,0.000000,0.000000,0.000000,1.000000,0.000000,-1.000000
0.073061594,5,196,snapshot,16384,8,1.000000,1.000000,1.000000,{"1":512},1.000000,0.000000,0.000000,0.000000,1.000000,0.000000,-1.000000
0.073338992,5,197,read_only,64,1,1.000000,1.000000,1.000000,{"1":1},1.000000,0.000000,0.000000,0.000000,1.000000,0.000000,-1.000000
0.073338992,5,197,union,64,1,1.000000,1.000000,1.000000,{"1":1},1.000000,0.000000,0.000000,0.000000,1.000000,0.000000,-1.000000
0.073338992,5,197,snapshot,64,513,1.000000,1.000000,1.000000,{"1":513},1.000000,0.000000,0.000000,0.000000,1.000000,0.000000,-1.000000
0.073338992,5,197,read_only,256,1,1.000000,1.000000,1.000000,{"1":1},1.000000,0.000000,0.000000,0.000000,1.000000,0.000000,-1.000000
0.073338992,5,197,union,256,1,1.000000,1.000000,1.000000,{"1":1},1.000000,0.000000,0.000000,0.000000,1.000000,0.000000,-1.000000
0.073338992,5,197,snapshot,256,258,1.000000,1.000000,1.000000,{"1":513},1.000000,0.000000,0.000000,0.000000,1.000000,0.000000,-1.000000
0.073338992,5,197,read_only,1024,1,1.000000,1.000000,1.000000,{"1":1},1.000000,0.000000,0.000000,0.000000,1.000000,0.000000,-1.000000
0.073338992,5,197,union,1024,1,1.000000,1.000000,1.000000,{"1":1},1.000000,0.000000,0.000000,0.000000,1.000000,0.000000,-1.000000
0.073338992,5,197,snapshot,1024,67,1.000000,1.000000,1.000000,{"1":513},1.000000,0.000000,0.000000,0.000000,1.000000,0.000000,-1.000000
0.073338992,5,197,read_only,4096,1,1.000000,1.000000,1.000000,{"1":1},1.000000,0.000000,0.000000,0.000000,1.000000,0.000000,-1.000000
0.073338992,5,197,union,4096,1,1.000000,1.000000,1.000000,{"1":1},1.000000,0.000000,0.000000,0.000000,1.000000,0.000000,-1.000000
0.073338992,5,197,snapshot,4096,19,1.000000,1.000000,1.000000,{"1":513},1.000000,0.000000,0.000000,0.000000,1.000000,0.000000,-1.000000
0.073338992,5,197,read_only,16384,1,1.000000,1.000000,1.000000,{"1":1},1.000000,0.000000,0.000000,0.000000,1.000000,0.000000,-1.000000
0.073338992,5,197,union,16384,1,1.000000,1.000000,1.000000,{"1":1},1.000000,0.000000,0.000000,0.000000,1.000000,0.000000,-1.000000
0.073338992,5,197,snapshot,16384,9,1.000000,1.000000,1.000000,{"1":513},1.000000,0.000000,0.000000,0.000000,1.000000,0.000000,-1.000000
0.073572036,5,198,snapshot,64,513,1.000000,1.000000,1.000000,{"1":513},1.000000,0.000000,0.000000,0.000000,1.000000,0.000000,-1.000000
0.073572036,5,198,snapshot,256,258,1.000000,1.000000,1.000000,{"1":513},1.000000,0.000000,0.000000,0.000000,1.000000,0.000000,-1.000000
0.073572036,5,198,snapshot,1024,67,1.000000,1.000000,1.000000,{"1":513},1.000000,0.000000,0.000000,0.000000,1.000000,0.000000,-1.000000
0.073572036,5,198,snapshot,4096,19,1.000000,1.000000,1.000000,{"1":513},1.000000,0.000000,0.000000,0.000000,1.000000,0.000000,-1.000000
0.073572036,5,198,snapshot,16384,9,1.000000,1.000000,1.000000,{"1":513},1.000000,0.000000,0.000000,0.000000,1.000000,0.000000,-1.000000
0.073806466,5,199,snapshot,64,513,1.000000,1.000000,1.000000,{"1":513},1.000000,0.000000,0.000000,0.000000,1.000000,0.000000,-1.000000
0.073806466,5,199,snapshot,256,258,1.000000,1.000000,1.000000,{"1":513},1.000000,0.000000,0.000000,0.000000,1.000000,0.000000,-1.000000
0.073806466,5,199,snapshot,1024,67,1.000000,1.000000,1.000000,{"1":513},1.000000,0.000000,0.000000,0.000000,1.000000,0.000000,-1.000000
0.073806466,5,199,snapshot,4096,19,1.000000,1.000000,1.000000,{"1":513},1.000000,0.000000,0.000000,0.000000,1.000000,0.000000,-1.000000
0.073806466,5,199,snapshot,16384,9,1.000000,1.000000,1.000000,{"1":513},1.000000,0.000000,0.000000,0.000000,1.000000,0.000000,-1.000000
0.074101255,5,200,snapshot,64,513,1.000000,1.000000,1.000000,{"1":513},1.000000,0.000000,0.000000,0.000000,1.000000,0.000000,-1.000000
0.074101255,5,200,snapshot,256,258,1.000000,1.000000,1.000000,{"1":513},1.000000,0.000000,0.000000,0.000000,1.000000,0.000000,-1.000000
0.074101255,5,200,snapshot,1024,67,1.000000,1.000000,1.000000,{"1":513},1.000000,0.000000,0.000000,0.000000,1.000000,0.000000,-1.000000
0.074101255,5,200,snapshot,4096,19,1.000000,1.000000,1.000000,{"1":513},1.000000,0.000000,0.000000,0.000000,1.000000,0.000000,-1.000000
0.074101255,5,200,snapshot,16384,9,1.000000,1.000000,1.000000,{"1":513},1.000000,0.000000,0.000000,0.000000,1.000000,0.000000,-1.000000
0.074365267,5,201,read_only,64,572,1.000000,1.000000,1.000000,{"1":572},1.000000,0.000000,0.000000,0.000000,1.000000,0.000000,-1.000000
0.074365267,5,201,union,64,572,1.000000,1.000000,1.000000,{"1":572},1.000000,0.000000,0.000000,0.000000,1.000000,0.000000,-1.000000
0.074365267,5,201,snapshot,64,1085,1.000000,1.000000,1.000000,{"1":1085},1.000000,0.000000,0.000000,0.000000,1.000000,0.000000,-1.000000
0.074365267,5,201,read_only,256,287,1.000000,1.000000,1.000000,{"1":572},1.000000,0.000000,0.000000,0.000000,1.000000,0.000000,-1.000000
0.074365267,5,201,union,256,287,1.000000,1.000000,1.000000,{"1":572},1.000000,0.000000,0.000000,0.000000,1.000000,0.000000,-1.000000
0.074365267,5,201,snapshot,256,545,1.000000,1.000000,1.000000,{"1":1085},1.000000,0.000000,0.000000,0.000000,1.000000,0.000000,-1.000000
0.074365267,5,201,read_only,1024,73,1.000000,1.000000,1.000000,{"1":572},1.000000,0.000000,0.000000,0.000000,1.000000,0.000000,-1.000000
0.074365267,5,201,union,1024,73,1.000000,1.000000,1.000000,{"1":572},1.000000,0.000000,0.000000,0.000000,1.000000,0.000000,-1.000000
0.074365267,5,201,snapshot,1024,140,1.000000,1.000000,1.000000,{"1":1085},1.000000,0.000000,0.000000,0.000000,1.000000,0.000000,-1.000000
0.074365267,5,201,read_only,4096,19,1.000000,1.000000,1.000000,{"1":572},1.000000,0.000000,0.000000,0.000000,1.000000,0.000000,-1.000000
0.074365267,5,201,union,4096,19,1.000000,1.000000,1.000000,{"1":572},1.000000,0.000000,0.000000,0.000000,1.000000,0.000000,-1.000000
0.074365267,5,201,snapshot,4096,38,1.000000,1.000000,1.000000,{"1":1085},1.000000,0.000000,0.000000,0.000000,1.000000,0.000000,-1.000000
0.074365267,5,201,read_only,16384,6,0.166667,0.641304,0.166667,{"1":572},0.166667,0.500000,0.333333,0.000000,0.166667,0.000000,0.000000
0.074365267,5,201,union,16384,6,0.166667,0.641304,0.166667,{"1":572},0.166667,0.500000,0.333333,0.000000,0.166667,0.000000,0.000000
0.074365267,5,201,snapshot,16384,15,0.666667,0.856522,0.666667,{"1":1085},0.666667,0.200000,0.133333,0.000000,0.666667,0.000000,0.000000
0.074665810,5,202,read_only,64,24,1.000000,1.000000,1.000000,{"1":24},1.000000,0.000000,0.000000,0.000000,1.000000,0.000000,-1.000000
0.074665810,5,202,union,64,24,1.000000,1.000000,1.000000,{"1":24},1.000000,0.000000,0.000000,0.000000,1.000000,0.000000,-1.000000
0.074665810,5,202,snapshot,64,1109,1.000000,1.000000,1.000000,{"1":1109},1.000000,0.000000,0.000000,0.000000,1.000000,0.000000,-1.000000
0.074665810,5,202,read_only,256,12,1.000000,1.000000,1.000000,{"1":24},1.000000,0.000000,0.000000,0.000000,1.000000,0.000000,-1.000000
0.074665810,5,202,union,256,12,1.000000,1.000000,1.000000,{"1":24},1.000000,0.000000,0.000000,0.000000,1.000000,0.000000,-1.000000
0.074665810,5,202,snapshot,256,557,1.000000,1.000000,1.000000,{"1":1109},1.000000,0.000000,0.000000,0.000000,1.000000,0.000000,-1.000000
0.074665810,5,202,read_only,1024,3,1.000000,1.000000,1.000000,{"1":24},1.000000,0.000000,0.000000,0.000000,1.000000,0.000000,-1.000000
0.074665810,5,202,union,1024,3,1.000000,1.000000,1.000000,{"1":24},1.000000,0.000000,0.000000,0.000000,1.000000,0.000000,-1.000000
0.074665810,5,202,snapshot,1024,143,1.000000,1.000000,1.000000,{"1":1109},1.000000,0.000000,0.000000,0.000000,1.000000,0.000000,-1.000000
0.074665810,5,202,read_only,4096,1,1.000000,1.000000,1.000000,{"1":24},1.000000,0.000000,0.000000,0.000000,1.000000,0.000000,-1.000000
0.074665810,5,202,union,4096,1,1.000000,1.000000,1.000000,{"1":24},1.000000,0.000000,0.000000,0.000000,1.000000,0.000000,-1.000000
0.074665810,5,202,snapshot,4096,39,1.000000,1.000000,1.000000,{"1":1109},1.000000,0.000000,0.000000,0.000000,1.000000,0.000000,-1.000000
0.074665810,5,202,read_only,16384,1,1.000000,1.000000,1.000000,{"1":24},1.000000,0.000000,0.000000,0.000000,1.000000,0.000000,-1.000000
0.074665810,5,202,union,16384,1,1.000000,1.000000,1.000000,{"1":24},1.000000,0.000000,0.000000,0.000000,1.000000,0.000000,-1.000000
0.074665810,5,202,snapshot,16384,16,0.687500,0.865489,0.687500,{"1":1109},0.687500,0.187500,0.125000,0.000000,0.687500,0.000000,0.000000
0.075516161,5,205,read_only,64,385,1.000000,1.000000,1.000000,{"1":385},1.000000,0.000000,0.000000,0.000000,1.000000,0.000000,-1.000000
0.075516161,5,205,union,64,385,1.000000,1.000000,1.000000,{"1":385},1.000000,0.000000,0.000000,0.000000,1.000000,0.000000,-1.000000
0.075516161,5,205,snapshot,64,385,1.000000,1.000000,1.000000,{"1":385},1.000000,0.000000,0.000000,0.000000,1.000000,0.000000,-1.000000
0.075516161,5,205,read_only,256,193,1.000000,1.000000,1.000000,{"1":385},1.000000,0.000000,0.000000,0.000000,1.000000,0.000000,-1.000000
0.075516161,5,205,union,256,193,1.000000,1.000000,1.000000,{"1":385},1.000000,0.000000,0.000000,0.000000,1.000000,0.000000,-1.000000
0.075516161,5,205,snapshot,256,193,1.000000,1.000000,1.000000,{"1":385},1.000000,0.000000,0.000000,0.000000,1.000000,0.000000,-1.000000
0.075516161,5,205,read_only,1024,49,1.000000,1.000000,1.000000,{"1":385},1.000000,0.000000,0.000000,0.000000,1.000000,0.000000,-1.000000
0.075516161,5,205,union,1024,49,1.000000,1.000000,1.000000,{"1":385},1.000000,0.000000,0.000000,0.000000,1.000000,0.000000,-1.000000
0.075516161,5,205,snapshot,1024,49,1.000000,1.000000,1.000000,{"1":385},1.000000,0.000000,0.000000,0.000000,1.000000,0.000000,-1.000000
0.075516161,5,205,read_only,4096,13,1.000000,1.000000,1.000000,{"1":385},1.000000,0.000000,0.000000,0.000000,1.000000,0.000000,-1.000000
0.075516161,5,205,union,4096,13,1.000000,1.000000,1.000000,{"1":385},1.000000,0.000000,0.000000,0.000000,1.000000,0.000000,-1.000000
0.075516161,5,205,snapshot,4096,13,1.000000,1.000000,1.000000,{"1":385},1.000000,0.000000,0.000000,0.000000,1.000000,0.000000,-1.000000
0.075516161,5,205,read_only,16384,4,0.250000,0.626923,0.250000,{"1":385},0.250000,0.250000,0.500000,0.000000,0.250000,0.000000,0.000000
0.075516161,5,205,union,16384,4,0.250000,0.626923,0.250000,{"1":385},0.250000,0.250000,0.500000,0.000000,0.250000,0.000000,0.000000
0.075516161,5,205,snapshot,16384,4,0.250000,0.626923,0.250000,{"1":385},0.250000,0.250000,0.500000,0.000000,0.250000,0.000000,0.000000
0.075794639,5,206,read_only,64,1440,1.000000,1.000000,1.000000,{"1":1440},1.000000,0.000000,0.000000,0.000000,1.000000,0.000000,-1.000000
0.075794639,5,206,union,64,1440,1.000000,1.000000,1.000000,{"1":1440},1.000000,0.000000,0.000000,0.000000,1.000000,0.000000,-1.000000
0.075794639,5,206,snapshot,64,1825,1.000000,1.000000,1.000000,{"1":1825},1.000000,0.000000,0.000000,0.000000,1.000000,0.000000,-1.000000
0.075794639,5,206,read_only,256,720,1.000000,1.000000,1.000000,{"1":1440},1.000000,0.000000,0.000000,0.000000,1.000000,0.000000,-1.000000
0.075794639,5,206,union,256,720,1.000000,1.000000,1.000000,{"1":1440},1.000000,0.000000,0.000000,0.000000,1.000000,0.000000,-1.000000
0.075794639,5,206,snapshot,256,913,1.000000,1.000000,1.000000,{"1":1825},1.000000,0.000000,0.000000,0.000000,1.000000,0.000000,-1.000000
0.075794639,5,206,read_only,1024,180,1.000000,1.000000,1.000000,{"1":1440},1.000000,0.000000,0.000000,0.000000,1.000000,0.000000,-1.000000
0.075794639,5,206,union,1024,180,1.000000,1.000000,1.000000,{"1":1440},1.000000,0.000000,0.000000,0.000000,1.000000,0.000000,-1.000000
0.075794639,5,206,snapshot,1024,229,1.000000,1.000000,1.000000,{"1":1825},1.000000,0.000000,0.000000,0.000000,1.000000,0.000000,-1.000000
0.075794639,5,206,read_only,4096,45,1.000000,1.000000,1.000000,{"1":1440},1.000000,0.000000,0.000000,0.000000,1.000000,0.000000,-1.000000
0.075794639,5,206,union,4096,45,1.000000,1.000000,1.000000,{"1":1440},1.000000,0.000000,0.000000,0.000000,1.000000,0.000000,-1.000000
0.075794639,5,206,snapshot,4096,58,1.000000,1.000000,1.000000,{"1":1825},1.000000,0.000000,0.000000,0.000000,1.000000,0.000000,-1.000000
0.075794639,5,206,read_only,16384,12,0.916667,0.979167,0.916667,{"1":1440},0.916667,0.083333,0.000000,0.000000,0.916667,0.000000,0.000000
0.075794639,5,206,union,16384,12,0.916667,0.979167,0.916667,{"1":1440},0.916667,0.083333,0.000000,0.000000,0.916667,0.000000,0.000000
0.075794639,5,206,snapshot,16384,16,0.750000,0.891106,0.750000,{"1":1825},0.750000,0.125000,0.125000,0.000000,0.750000,0.000000,0.000000
0.076031798,5,207,snapshot,64,1825,1.000000,1.000000,1.000000,{"1":1825},1.000000,0.000000,0.000000,0.000000,1.000000,0.000000,-1.000000
0.076031798,5,207,snapshot,256,913,1.000000,1.000000,1.000000,{"1":1825},1.000000,0.000000,0.000000,0.000000,1.000000,0.000000,-1.000000
0.076031798,5,207,snapshot,1024,229,1.000000,1.000000,1.000000,{"1":1825},1.000000,0.000000,0.000000,0.000000,1.000000,0.000000,-1.000000
0.076031798,5,207,snapshot,4096,58,1.000000,1.000000,1.000000,{"1":1825},1.000000,0.000000,0.000000,0.000000,1.000000,0.000000,-1.000000
0.076031798,5,207,snapshot,16384,16,0.750000,0.891106,0.750000,{"1":1825},0.750000,0.125000,0.125000,0.000000,0.750000,0.000000,0.000000
0.076294416,5,208,snapshot,64,1825,1.000000,1.000000,1.000000,{"1":1825},1.000000,0.000000,0.000000,0.000000,1.000000,0.000000,-1.000000
0.076294416,5,208,snapshot,256,913,1.000000,1.000000,1.000000,{"1":1825},1.000000,0.000000,0.000000,0.000000,1.000000,0.000000,-1.000000
0.076294416,5,208,snapshot,1024,229,1.000000,1.000000,1.000000,{"1":1825},1.000000,0.000000,0.000000,0.000000,1.000000,0.000000,-1.000000
0.076294416,5,208,snapshot,4096,58,1.000000,1.000000,1.000000,{"1":1825},1.000000,0.000000,0.000000,0.000000,1.000000,0.000000,-1.000000
0.076294416,5,208,snapshot,16384,16,0.750000,0.891106,0.750000,{"1":1825},0.750000,0.125000,0.125000,0.000000,0.750000,0.000000,0.000000
0.076570317,5,209,read_only,64,4,1.000000,1.000000,1.000000,{"1":4},1.000000,0.000000,0.000000,0.000000,1.000000,0.000000,-1.000000
0.076570317,5,209,union,64,4,1.000000,1.000000,1.000000,{"1":4},1.000000,0.000000,0.000000,0.000000,1.000000,0.000000,-1.000000
0.076570317,5,209,snapshot,64,1829,1.000000,1.000000,1.000000,{"1":1829},1.000000,0.000000,0.000000,0.000000,1.000000,0.000000,-1.000000
0.076570317,5,209,read_only,256,2,1.000000,1.000000,1.000000,{"1":4},1.000000,0.000000,0.000000,0.000000,1.000000,0.000000,-1.000000
0.076570317,5,209,union,256,2,1.000000,1.000000,1.000000,{"1":4},1.000000,0.000000,0.000000,0.000000,1.000000,0.000000,-1.000000
0.076570317,5,209,snapshot,256,915,1.000000,1.000000,1.000000,{"1":1829},1.000000,0.000000,0.000000,0.000000,1.000000,0.000000,-1.000000
0.076570317,5,209,read_only,1024,1,1.000000,1.000000,1.000000,{"1":4},1.000000,0.000000,0.000000,0.000000,1.000000,0.000000,-1.000000
0.076570317,5,209,union,1024,1,1.000000,1.000000,1.000000,{"1":4},1.000000,0.000000,0.000000,0.000000,1.000000,0.000000,-1.000000
0.076570317,5,209,snapshot,1024,230,1.000000,1.000000,1.000000,{"1":1829},1.000000,0.000000,0.000000,0.000000,1.000000,0.000000,-1.000000
0.076570317,5,209,read_only,4096,1,1.000000,1.000000,1.000000,{"1":4},1.000000,0.000000,0.000000,0.000000,1.000000,0.000000,-1.000000
0.076570317,5,209,union,4096,1,1.000000,1.000000,1.000000,{"1":4},1.000000,0.000000,0.000000,0.000000,1.000000,0.000000,-1.000000
0.076570317,5,209,snapshot,4096,59,1.000000,1.000000,1.000000,{"1":1829},1.000000,0.000000,0.000000,0.000000,1.000000,0.000000,-1.000000
0.076570317,5,209,read_only,16384,1,1.000000,1.000000,1.000000,{"1":4},1.000000,0.000000,0.000000,0.000000,1.000000,0.000000,-1.000000
0.076570317,5,209,union,16384,1,1.000000,1.000000,1.000000,{"1":4},1.000000,0.000000,0.000000,0.000000,1.000000,0.000000,-1.000000
0.076570317,5,209,snapshot,16384,17,0.764706,0.897511,0.764706,{"1":1829},0.764706,0.117647,0.117647,0.000000,0.764706,0.000000,0.000000
0.076809499,5,210,read_only,64,256,1.000000,1.000000,1.000000,{"1":256},1.000000,0.000000,0.000000,0.000000,1.000000,0.000000,-1.000000
0.076809499,5,210,union,64,256,1.000000,1.000000,1.000000,{"1":256},1.000000,0.000000,0.000000,0.000000,1.000000,0.000000,-1.000000
0.076809499,5,210,snapshot,64,2085,1.000000,1.000000,1.000000,{"1":2085},1.000000,0.000000,0.000000,0.000000,1.000000,0.000000,-1.000000
0.076809499,5,210,read_only,256,128,1.000000,1.000000,1.000000,{"1":256},1.000000,0.000000,0.000000,0.000000,1.000000,0.000000,-1.000000
0.076809499,5,210,union,256,128,1.000000,1.000000,1.000000,{"1":256},1.000000,0.000000,0.000000,0.000000,1.000000,0.000000,-1.000000
0.076809499,5,210,snapshot,256,1043,1.000000,1.000000,1.000000,{"1":2085},1.000000,0.000000,0.000000,0.000000,1.000000,0.000000,-1.000000
0.076809499,5,210,read_only,1024,32,1.000000,1.000000,1.000000,{"1":256},1.000000,0.000000,0.000000,0.000000,1.000000,0.000000,-1.000000
0.076809499,5,210,union,1024,32,1.000000,1.000000,1.000000,{"1":256},1.000000,0.000000,0.000000,0.000000,1.000000,0.000000,-1.000000
0.076809499,5,210,snapshot,1024,262,1.000000,1.000000,1.000000,{"1":2085},1.000000,0.000000,0.000000,0.000000,1.000000,0.000000,-1.000000
0.076809499,5,210,read_only,4096,8,1.000000,1.000000,1.000000,{"1":256},1.000000,0.000000,0.000000,0.000000,1.000000,0.000000,-1.000000
0.076809499,5,210,union,4096,8,1.000000,1.000000,1.000000,{"1":256},1.000000,0.000000,0.000000,0.000000,1.000000,0.000000,-1.000000
0.076809499,5,210,snapshot,4096,67,1.000000,1.000000,1.000000,{"1":2085},1.000000,0.000000,0.000000,0.000000,1.000000,0.000000,-1.000000
0.076809499,5,210,read_only,16384,2,0.000000,0.750000,0.000000,{"1":256},0.000000,1.000000,0.000000,0.000000,0.000000,0.000000,0.000000
0.076809499,5,210,union,16384,2,0.000000,0.750000,0.000000,{"1":256},0.000000,1.000000,0.000000,0.000000,0.000000,0.000000,0.000000
0.076809499,5,210,snapshot,16384,19,0.684211,0.881984,0.684211,{"1":2085},0.684211,0.210526,0.105263,0.000000,0.684211,0.000000,0.000000
0.077043201,5,211,snapshot,64,2085,1.000000,1.000000,1.000000,{"1":2085},1.000000,0.000000,0.000000,0.000000,1.000000,0.000000,-1.000000
0.077043201,5,211,snapshot,256,1043,1.000000,1.000000,1.000000,{"1":2085},1.000000,0.000000,0.000000,0.000000,1.000000,0.000000,-1.000000
0.077043201,5,211,snapshot,1024,262,1.000000,1.000000,1.000000,{"1":2085},1.000000,0.000000,0.000000,0.000000,1.000000,0.000000,-1.000000
0.077043201,5,211,snapshot,4096,67,1.000000,1.000000,1.000000,{"1":2085},1.000000,0.000000,0.000000,0.000000,1.000000,0.000000,-1.000000
0.077043201,5,211,snapshot,16384,19,0.684211,0.881984,0.684211,{"1":2085},0.684211,0.210526,0.105263,0.000000,0.684211,0.000000,0.000000
0.077472249,5,212,read_only,64,1017,1.000000,1.000000,1.000000,{"1":1017},1.000000,0.000000,0.000000,0.000000,1.000000,0.000000,-1.000000
0.077472249,5,212,union,64,1017,1.000000,1.000000,1.000000,{"1":1017},1.000000,0.000000,0.000000,0.000000,1.000000,0.000000,-1.000000
0.077472249,5,212,snapshot,64,3102,1.000000,1.000000,1.000000,{"1":3102},1.000000,0.000000,0.000000,0.000000,1.000000,0.000000,-1.000000
0.077472249,5,212,read_only,256,509,1.000000,1.000000,1.000000,{"1":1017},1.000000,0.000000,0.000000,0.000000,1.000000,0.000000,-1.000000
0.077472249,5,212,union,256,509,1.000000,1.000000,1.000000,{"1":1017},1.000000,0.000000,0.000000,0.000000,1.000000,0.000000,-1.000000
0.077472249,5,212,snapshot,256,1552,1.000000,1.000000,1.000000,{"1":3102},1.000000,0.000000,0.000000,0.000000,1.000000,0.000000,-1.000000
0.077472249,5,212,read_only,1024,128,1.000000,1.000000,1.000000,{"1":1017},1.000000,0.000000,0.000000,0.000000,1.000000,0.000000,-1.000000
0.077472249,5,212,union,1024,128,1.000000,1.000000,1.000000,{"1":1017},1.000000,0.000000,0.000000,0.000000,1.000000,0.000000,-1.000000
0.077472249,5,212,snapshot,1024,390,1.000000,1.000000,1.000000,{"1":3102},1.000000,0.000000,0.000000,0.000000,1.000000,0.000000,-1.000000
0.077472249,5,212,read_only,4096,33,1.000000,1.000000,1.000000,{"1":1017},1.000000,0.000000,0.000000,0.000000,1.000000,0.000000,-1.000000
0.077472249,5,212,union,4096,33,1.000000,1.000000,1.000000,{"1":1017},1.000000,0.000000,0.000000,0.000000,1.000000,0.000000,-1.000000
0.077472249,5,212,snapshot,4096,100,1.000000,1.000000,1.000000,{"1":3102},1.000000,0.000000,0.000000,0.000000,1.000000,0.000000,-1.000000
0.077472249,5,212,read_only,16384,10,0.600000,0.873969,0.600000,{"1":1017},0.600000,0.400000,0.000000,0.000000,0.600000,0.000000,0.000000
0.077472249,5,212,union,16384,10,0.600000,0.873969,0.600000,{"1":1017},0.600000,0.400000,0.000000,0.000000,0.600000,0.000000,0.000000
0.077472249,5,212,snapshot,16384,29,0.655172,0.879220,0.655172,{"1":3102},0.655172,0.275862,0.068966,0.000000,0.655172,0.000000,0.000000
0.077703436,5,213,snapshot,64,3102,1.000000,1.000000,1.000000,{"1":3102},1.000000,0.000000,0.000000,0.000000,1.000000,0.000000,-1.000000
0.077703436,5,213,snapshot,256,1552,1.000000,1.000000,1.000000,{"1":3102},1.000000,0.000000,0.000000,0.000000,1.000000,0.000000,-1.000000
0.077703436,5,213,snapshot,1024,390,1.000000,1.000000,1.000000,{"1":3102},1.000000,0.000000,0.000000,0.000000,1.000000,0.000000,-1.000000
0.077703436,5,213,snapshot,4096,100,1.000000,1.000000,1.000000,{"1":3102},1.000000,0.000000,0.000000,0.000000,1.000000,0.000000,-1.000000
0.077703436,5,213,snapshot,16384,29,0.655172,0.879220,0.655172,{"1":3102},0.655172,0.275862,0.068966,0.000000,0.655172,0.000000,0.000000
0.077998104,5,214,read_only,64,64,1.000000,1.000000,1.000000,{"1":64},1.000000,0.000000,0.000000,0.000000,1.000000,0.000000,-1.000000
0.077998104,5,214,union,64,64,1.000000,1.000000,1.000000,{"1":64},1.000000,0.000000,0.000000,0.000000,1.000000,0.000000,-1.000000
0.077998104,5,214,snapshot,64,3166,1.000000,1.000000,1.000000,{"1":3166},1.000000,0.000000,0.000000,0.000000,1.000000,0.000000,-1.000000
0.077998104,5,214,read_only,256,32,1.000000,1.000000,1.000000,{"1":64},1.000000,0.000000,0.000000,0.000000,1.000000,0.000000,-1.000000
0.077998104,5,214,union,256,32,1.000000,1.000000,1.000000,{"1":64},1.000000,0.000000,0.000000,0.000000,1.000000,0.000000,-1.000000
0.077998104,5,214,snapshot,256,1584,1.000000,1.000000,1.000000,{"1":3166},1.000000,0.000000,0.000000,0.000000,1.000000,0.000000,-1.000000
0.077998104,5,214,read_only,1024,8,1.000000,1.000000,1.000000,{"1":64},1.000000,0.000000,0.000000,0.000000,1.000000,0.000000,-1.000000
0.077998104,5,214,union,1024,8,1.000000,1.000000,1.000000,{"1":64},1.000000,0.000000,0.000000,0.000000,1.000000,0.000000,-1.000000
0.077998104,5,214,snapshot,1024,398,1.000000,1.000000,1.000000,{"1":3166},1.000000,0.000000,0.000000,0.000000,1.000000,0.000000,-1.000000
0.077998104,5,214,read_only,4096,2,1.000000,1.000000,1.000000,{"1":64},1.000000,0.000000,0.000000,0.000000,1.000000,0.000000,-1.000000
0.077998104,5,214,union,4096,2,1.000000,1.000000,1.000000,{"1":64},1.000000,0.000000,0.000000,0.000000,1.000000,0.000000,-1.000000
0.077998104,5,214,snapshot,4096,102,1.000000,1.000000,1.000000,{"1":3166},1.000000,0.000000,0.000000,0.000000,1.000000,0.000000,-1.000000
0.077998104,5,214,read_only,16384,1,1.000000,1.000000,1.000000,{"1":64},1.000000,0.000000,0.000000,0.000000,1.000000,0.000000,-1.000000
0.077998104,5,214,union,16384,1,1.000000,1.000000,1.000000,{"1":64},1.000000,0.000000,0.000000,0.000000,1.000000,0.000000,-1.000000
0.077998104,5,214,snapshot,16384,30,0.666667,0.883246,0.666667,{"1":3166},0.666667,0.266667,0.066667,0.000000,0.666667,0.000000,0.000000
0.078237088,5,215,read_only,64,8,1.000000,1.000000,1.000000,{"1":8},1.000000,0.000000,0.000000,0.000000,1.000000,0.000000,-1.000000
0.078237088,5,215,union,64,8,1.000000,1.000000,1.000000,{"1":8},1.000000,0.000000,0.000000,0.000000,1.000000,0.000000,-1.000000
0.078237088,5,215,snapshot,64,3174,1.000000,1.000000,1.000000,{"1":3174},1.000000,0.000000,0.000000,0.000000,1.000000,0.000000,-1.000000
0.078237088,5,215,read_only,256,4,1.000000,1.000000,1.000000,{"1":8},1.000000,0.000000,0.000000,0.000000,1.000000,0.000000,-1.000000
0.078237088,5,215,union,256,4,1.000000,1.000000,1.000000,{"1":8},1.000000,0.000000,0.000000,0.000000,1.000000,0.000000,-1.000000
0.078237088,5,215,snapshot,256,1588,1.000000,1.000000,1.000000,{"1":3174},1.000000,0.000000,0.000000,0.000000,1.000000,0.000000,-1.000000
0.078237088,5,215,read_only,1024,2,1.000000,1.000000,1.000000,{"1":8},1.000000,0.000000,0.000000,0.000000,1.000000,0.000000,-1.000000
0.078237088,5,215,union,1024,2,1.000000,1.000000,1.000000,{"1":8},1.000000,0.000000,0.000000,0.000000,1.000000,0.000000,-1.000000
0.078237088,5,215,snapshot,1024,400,1.000000,1.000000,1.000000,{"1":3174},1.000000,0.000000,0.000000,0.000000,1.000000,0.000000,-1.000000
0.078237088,5,215,read_only,4096,1,1.000000,1.000000,1.000000,{"1":8},1.000000,0.000000,0.000000,0.000000,1.000000,0.000000,-1.000000
0.078237088,5,215,union,4096,1,1.000000,1.000000,1.000000,{"1":8},1.000000,0.000000,0.000000,0.000000,1.000000,0.000000,-1.000000
0.078237088,5,215,snapshot,4096,103,1.000000,1.000000,1.000000,{"1":3174},1.000000,0.000000,0.000000,0.000000,1.000000,0.000000,-1.000000
0.078237088,5,215,read_only,16384,1,1.000000,1.000000,1.000000,{"1":8},1.000000,0.000000,0.000000,0.000000,1.000000,0.000000,-1.000000
0.078237088,5,215,union,16384,1,1.000000,1.000000,1.000000,{"1":8},1.000000,0.000000,0.000000,0.000000,1.000000,0.000000,-1.000000
0.078237088,5,215,snapshot,16384,31,0.677419,0.887012,0.677419,{"1":3174},0.677419,0.258065,0.064516,0.000000,0.677419,0.000000,0.000000
0.078724474,5,216,read_only,64,3582,1.000000,1.000000,1.000000,{"1":3582},1.000000,0.000000,0.000000,0.000000,1.000000,0.000000,-1.000000
0.078724474,5,216,union,64,3582,1.000000,1.000000,1.000000,{"1":3582},1.000000,0.000000,0.000000,0.000000,1.000000,0.000000,-1.000000
0.078724474,5,216,snapshot,64,6723,1.000000,1.000000,1.000000,{"1":6723},1.000000,0.000000,0.000000,0.000000,1.000000,0.000000,-1.000000
0.078724474,5,216,read_only,256,1799,1.000000,1.000000,1.000000,{"1":3582},1.000000,0.000000,0.000000,0.000000,1.000000,0.000000,-1.000000
0.078724474,5,216,union,256,1799,1.000000,1.000000,1.000000,{"1":3582},1.000000,0.000000,0.000000,0.000000,1.000000,0.000000,-1.000000
0.078724474,5,216,snapshot,256,3371,1.000000,1.000000,1.000000,{"1":6723},1.000000,0.000000,0.000000,0.000000,1.000000,0.000000,-1.000000
0.078724474,5,216,read_only,1024,452,1.000000,1.000000,1.000000,{"1":3582},1.000000,0.000000,0.000000,0.000000,1.000000,0.000000,-1.000000
0.078724474,5,216,union,1024,452,1.000000,1.000000,1.000000,{"1":3582},1.000000,0.000000,0.000000,0.000000,1.000000,0.000000,-1.000000
0.078724474,5,216,snapshot,1024,846,1.000000,1.000000,1.000000,{"1":6723},1.000000,0.000000,0.000000,0.000000,1.000000,0.000000,-1.000000
0.078724474,5,216,read_only,4096,114,1.000000,1.000000,1.000000,{"1":3582},1.000000,0.000000,0.000000,0.000000,1.000000,0.000000,-1.000000
0.078724474,5,216,union,4096,114,1.000000,1.000000,1.000000,{"1":3582},1.000000,0.000000,0.000000,0.000000,1.000000,0.000000,-1.000000
0.078724474,5,216,snapshot,4096,215,1.000000,1.000000,1.000000,{"1":6723},1.000000,0.000000,0.000000,0.000000,1.000000,0.000000,-1.000000
0.078724474,5,216,read_only,16384,30,0.733333,0.922665,0.733333,{"1":3582},0.733333,0.266667,0.000000,0.000000,0.733333,0.000000,0.000000
0.078724474,5,216,union,16384,30,0.733333,0.922665,0.733333,{"1":3582},0.733333,0.266667,0.000000,0.000000,0.733333,0.000000,0.000000
0.078724474,5,216,snapshot,16384,60,0.700000,0.902093,0.700000,{"1":6723},0.700000,0.266667,0.033333,0.000000,0.700000,0.000000,0.000000
0.079213676,5,217,read_only,64,2480,1.000000,1.000000,1.000000,{"1":2480},1.000000,0.000000,0.000000,0.000000,1.000000,0.000000,-1.000000
0.079213676,5,217,union,64,2480,1.000000,1.000000,1.000000,{"1":2480},1.000000,0.000000,0.000000,0.000000,1.000000,0.000000,-1.000000
0.079213676,5,217,snapshot,64,7926,1.000000,1.000000,1.000000,{"1":7926},1.000000,0.000000,0.000000,0.000000,1.000000,0.000000,-1.000000
0.079213676,5,217,read_only,256,1244,1.000000,1.000000,1.000000,{"1":2480},1.000000,0.000000,0.000000,0.000000,1.000000,0.000000,-1.000000
0.079213676,5,217,union,256,1244,1.000000,1.000000,1.000000,{"1":2480},1.000000,0.000000,0.000000,0.000000,1.000000,0.000000,-1.000000
0.079213676,5,217,snapshot,256,3982,0.999498,0.999749,0.999498,{"1":7926},0.999498,0.000502,0.000000,0.000000,0.999498,0.000000,0.000000
0.079213676,5,217,read_only,1024,316,1.000000,1.000000,1.000000,{"1":2480},1.000000,0.000000,0.000000,0.000000,1.000000,0.000000,-1.000000
0.079213676,5,217,union,1024,316,1.000000,1.000000,1.000000,{"1":2480},1.000000,0.000000,0.000000,0.000000,1.000000,0.000000,-1.000000
0.079213676,5,217,snapshot,1024,1007,0.998014,0.999693,0.998014,{"1":7926},0.998014,0.001986,0.000000,0.000000,0.998014,0.000000,0.000000
0.079213676,5,217,read_only,4096,86,0.988372,0.996124,0.988372,{"1":2480},0.988372,0.011628,0.000000,0.000000,0.988372,0.000000,0.000000
0.079213676,5,217,union,4096,86,0.988372,0.996124,0.988372,{"1":2480},0.988372,0.011628,0.000000,0.000000,0.988372,0.000000,0.000000
0.079213676,5,217,snapshot,4096,257,0.988327,0.998408,0.988327,{"1":7926},0.988327,0.011673,0.000000,0.000000,0.988327,0.000000,0.000000
0.079213676,5,217,read_only,16384,27,0.777778,0.932099,0.777778,{"1":2480},0.777778,0.222222,0.000000,0.000000,0.777778,0.000000,0.000000
0.079213676,5,217,union,16384,27,0.777778,0.932099,0.777778,{"1":2480},0.777778,0.222222,0.000000,0.000000,0.777778,0.000000,0.000000
0.079213676,5,217,snapshot,16384,74,0.729730,0.925487,0.729730,{"1":7926},0.729730,0.256757,0.013514,0.000000,0.729730,0.000000,0.000000
0.079678848,5,218,read_only,64,62,1.000000,1.000000,1.000000,{"1":62},1.000000,0.000000,0.000000,0.000000,1.000000,0.000000,-1.000000
0.079678848,5,218,union,64,65,1.000000,1.000000,1.000000,{"1":65},1.000000,0.000000,0.000000,0.000000,1.000000,0.000000,-1.000000
0.079678848,5,218,snapshot,64,7934,1.000000,1.000000,1.000000,{"1":7934},1.000000,0.000000,0.000000,0.000000,1.000000,0.000000,-1.000000
0.079678848,5,218,read_only,256,38,0.973684,0.986842,0.973684,{"1":62},0.973684,0.026316,0.000000,0.000000,0.973684,0.000000,0.000000
0.079678848,5,218,union,256,40,0.950000,0.975000,0.950000,{"1":65},0.950000,0.050000,0.000000,0.000000,0.950000,0.000000,0.000000
0.079678848,5,218,snapshot,256,3978,0.997235,0.998617,0.997235,{"1":7934},0.997235,0.002765,0.000000,0.000000,0.997235,0.000000,0.000000
0.079678848,5,218,read_only,1024,17,0.823529,0.939706,0.823529,{"1":62},0.823529,0.176471,0.000000,0.000000,0.823529,0.000000,0.000000
0.079678848,5,218,union,1024,17,0.705882,0.890686,0.705882,{"1":65},0.705882,0.294118,0.000000,0.000000,0.705882,0.000000,0.000000
0.079678848,5,218,snapshot,1024,1002,0.988024,0.996945,0.988024,{"1":7934},0.988024,0.011976,0.000000,0.000000,0.988024,0.000000,0.000000
0.079678848,5,218,read_only,4096,6,0.666667,0.840290,0.666667,{"1":62},0.666667,0.166667,0.166667,0.000000,0.666667,0.000000,0.000000
0.079678848,5,218,union,4096,6,0.333333,0.731957,0.333333,{"1":65},0.333333,0.500000,0.166667,0.000000,0.333333,0.000000,0.000000
0.079678848,5,218,snapshot,4096,257,0.976654,0.994492,0.976654,{"1":7934},0.976654,0.019455,0.003891,0.000000,0.976654,0.000000,0.000000
0.079678848,5,218,read_only,16384,5,0.600000,0.808348,0.600000,{"1":62},0.600000,0.200000,0.200000,0.000000,0.600000,0.000000,0.000000
0.079678848,5,218,union,16384,5,0.200000,0.678348,0.200000,{"1":65},0.200000,0.600000,0.200000,0.000000,0.200000,0.000000,0.000000
0.079678848,5,218,snapshot,16384,74,0.716216,0.916832,0.716216,{"1":7934},0.716216,0.243243,0.040541,0.000000,0.716216,0.000000,0.000000
0.079924403,5,219,snapshot,64,7934,1.000000,1.000000,1.000000,{"1":7934},1.000000,0.000000,0.000000,0.000000,1.000000,0.000000,-1.000000
0.079924403,5,219,snapshot,256,3978,0.997235,0.998617,0.997235,{"1":7934},0.997235,0.002765,0.000000,0.000000,0.997235,0.000000,0.000000
0.079924403,5,219,snapshot,1024,1002,0.988024,0.996945,0.988024,{"1":7934},0.988024,0.011976,0.000000,0.000000,0.988024,0.000000,0.000000
0.079924403,5,219,snapshot,4096,257,0.976654,0.994492,0.976654,{"1":7934},0.976654,0.019455,0.003891,0.000000,0.976654,0.000000,0.000000
0.079924403,5,219,snapshot,16384,74,0.716216,0.916832,0.716216,{"1":7934},0.716216,0.243243,0.040541,0.000000,0.716216,0.000000,0.000000
0.083247764,5,220,read_only,64,76,1.000000,1.000000,1.000000,{"1":76},1.000000,0.000000,0.000000,0.000000,1.000000,0.000000,-1.000000
0.083247764,5,220,union,64,92,1.000000,1.000000,1.000000,{"1":92},1.000000,0.000000,0.000000,0.000000,1.000000,0.000000,-1.000000
0.083247764,5,220,snapshot,64,8009,1.000000,1.000000,1.000000,{"1":8009},1.000000,0.000000,0.000000,0.000000,1.000000,0.000000,-1.000000
0.083247764,5,220,read_only,256,39,1.000000,1.000000,1.000000,{"1":76},1.000000,0.000000,0.000000,0.000000,1.000000,0.000000,-1.000000
0.083247764,5,220,union,256,54,1.000000,1.000000,1.000000,{"1":92},1.000000,0.000000,0.000000,0.000000,1.000000,0.000000,-1.000000
0.083247764,5,220,snapshot,256,4015,0.999253,0.999626,0.999253,{"1":8009},0.999253,0.000747,0.000000,0.000000,0.999253,0.000000,0.000000
0.083247764,5,220,read_only,1024,11,1.000000,1.000000,1.000000,{"1":76},1.000000,0.000000,0.000000,0.000000,1.000000,0.000000,-1.000000
0.083247764,5,220,union,1024,16,1.000000,1.000000,1.000000,{"1":92},1.000000,0.000000,0.000000,0.000000,1.000000,0.000000,-1.000000
0.083247764,5,220,snapshot,1024,1011,0.993076,0.997979,0.993076,{"1":8009},0.993076,0.006924,0.000000,0.000000,0.993076,0.000000,0.000000
0.083247764,5,220,read_only,4096,4,1.000000,1.000000,1.000000,{"1":76},1.000000,0.000000,0.000000,0.000000,1.000000,0.000000,-1.000000
0.083247764,5,220,union,4096,6,1.000000,1.000000,1.000000,{"1":92},1.000000,0.000000,0.000000,0.000000,1.000000,0.000000,-1.000000
0.083247764,5,220,snapshot,4096,259,0.984556,0.995565,0.984556,{"1":8009},0.984556,0.011583,0.003861,0.000000,0.984556,0.000000,0.000000
0.083247764,5,220,read_only,16384,2,1.000000,1.000000,1.000000,{"1":76},1.000000,0.000000,0.000000,0.000000,1.000000,0.000000,-1.000000
0.083247764,5,220,union,16384,3,1.000000,1.000000,1.000000,{"1":92},1.000000,0.000000,0.000000,0.000000,1.000000,0.000000,-1.000000
0.083247764,5,220,snapshot,16384,75,0.733333,0.918818,0.733333,{"1":8009},0.733333,0.240000,0.026667,0.000000,0.733333,0.000000,0.000000
0.083511220,5,221,read_only,64,53,1.000000,1.000000,1.000000,{"1":53},1.000000,0.000000,0.000000,0.000000,1.000000,0.000000,-1.000000
0.083511220,5,221,union,64,53,1.000000,1.000000,1.000000,{"1":53},1.000000,0.000000,0.000000,0.000000,1.000000,0.000000,-1.000000
0.083511220,5,221,snapshot,64,8009,1.000000,1.000000,1.000000,{"1":8009},1.000000,0.000000,0.000000,0.000000,1.000000,0.000000,-1.000000
0.083511220,5,221,read_only,256,28,1.000000,1.000000,1.000000,{"1":53},1.000000,0.000000,0.000000,0.000000,1.000000,0.000000,-1.000000
0.083511220,5,221,union,256,28,1.000000,1.000000,1.000000,{"1":53},1.000000,0.000000,0.000000,0.000000,1.000000,0.000000,-1.000000
0.083511220,5,221,snapshot,256,4018,0.999253,0.999627,0.999253,{"1":8009},0.999253,0.000747,0.000000,0.000000,0.999253,0.000000,0.000000
0.083511220,5,221,read_only,1024,8,1.000000,1.000000,1.000000,{"1":53},1.000000,0.000000,0.000000,0.000000,1.000000,0.000000,-1.000000
0.083511220,5,221,union,1024,8,1.000000,1.000000,1.000000,{"1":53},1.000000,0.000000,0.000000,0.000000,1.000000,0.000000,-1.000000
0.083511220,5,221,snapshot,1024,1014,0.993097,0.997985,0.993097,{"1":8009},0.993097,0.006903,0.000000,0.000000,0.993097,0.000000,0.000000
0.083511220,5,221,read_only,4096,3,1.000000,1.000000,1.000000,{"1":53},1.000000,0.000000,0.000000,0.000000,1.000000,0.000000,-1.000000
0.083511220,5,221,union,4096,3,1.000000,1.000000,1.000000,{"1":53},1.000000,0.000000,0.000000,0.000000,1.000000,0.000000,-1.000000
0.083511220,5,221,snapshot,4096,262,0.984733,0.995616,0.984733,{"1":8009},0.984733,0.011450,0.003817,0.000000,0.984733,0.000000,0.000000
0.083511220,5,221,read_only,16384,1,1.000000,1.000000,1.000000,{"1":53},1.000000,0.000000,0.000000,0.000000,1.000000,0.000000,-1.000000
0.083511220,5,221,union,16384,1,1.000000,1.000000,1.000000,{"1":53},1.000000,0.000000,0.000000,0.000000,1.000000,0.000000,-1.000000
0.083511220,5,221,snapshot,16384,76,0.736842,0.919886,0.736842,{"1":8009},0.736842,0.236842,0.026316,0.000000,0.736842,0.000000,0.000000
0.083894947,5,222,read_only,64,71,1.000000,1.000000,1.000000,{"1":71},1.000000,0.000000,0.000000,0.000000,1.000000,0.000000,-1.000000
0.083894947,5,222,union,64,71,1.000000,1.000000,1.000000,{"1":71},1.000000,0.000000,0.000000,0.000000,1.000000,0.000000,-1.000000
0.083894947,5,222,snapshot,64,8009,1.000000,1.000000,1.000000,{"1":8009},1.000000,0.000000,0.000000,0.000000,1.000000,0.000000,-1.000000
0.083894947,5,222,read_only,256,37,1.000000,1.000000,1.000000,{"1":71},1.000000,0.000000,0.000000,0.000000,1.000000,0.000000,-1.000000
0.083894947,5,222,union,256,37,1.000000,1.000000,1.000000,{"1":71},1.000000,0.000000,0.000000,0.000000,1.000000,0.000000,-1.000000
0.083894947,5,222,snapshot,256,4017,0.998755,0.999378,0.998755,{"1":8009},0.998755,0.001245,0.000000,0.000000,0.998755,0.000000,0.000000
0.083894947,5,222,read_only,1024,11,1.000000,1.000000,1.000000,{"1":71},1.000000,0.000000,0.000000,0.000000,1.000000,0.000000,-1.000000
0.083894947,5,222,union,1024,11,1.000000,1.000000,1.000000,{"1":71},1.000000,0.000000,0.000000,0.000000,1.000000,0.000000,-1.000000
0.083894947,5,222,snapshot,1024,1013,0.992103,0.997638,0.992103,{"1":8009},0.992103,0.007897,0.000000,0.000000,0.992103,0.000000,0.000000
0.083894947,5,222,read_only,4096,5,1.000000,1.000000,1.000000,{"1":71},1.000000,0.000000,0.000000,0.000000,1.000000,0.000000,-1.000000
0.083894947,5,222,union,4096,5,1.000000,1.000000,1.000000,{"1":71},1.000000,0.000000,0.000000,0.000000,1.000000,0.000000,-1.000000
0.083894947,5,222,snapshot,4096,261,0.984674,0.995562,0.984674,{"1":8009},0.984674,0.007663,0.007663,0.000000,0.984674,0.000000,0.000000
0.083894947,5,222,read_only,16384,4,1.000000,1.000000,1.000000,{"1":71},1.000000,0.000000,0.000000,0.000000,1.000000,0.000000,-1.000000
0.083894947,5,222,union,16384,4,1.000000,1.000000,1.000000,{"1":71},1.000000,0.000000,0.000000,0.000000,1.000000,0.000000,-1.000000
0.083894947,5,222,snapshot,16384,78,0.743590,0.921020,0.743590,{"1":8009},0.743590,0.217949,0.038462,0.000000,0.743590,0.000000,0.000000
0.084183976,5,223,read_only,64,15,1.000000,1.000000,1.000000,{"1":15},1.000000,0.000000,0.000000,0.000000,1.000000,0.000000,-1.000000
0.084183976,5,223,union,64,15,1.000000,1.000000,1.000000,{"1":15},1.000000,0.000000,0.000000,0.000000,1.000000,0.000000,-1.000000
0.084183976,5,223,snapshot,64,8009,1.000000,1.000000,1.000000,{"1":8009},1.000000,0.000000,0.000000,0.000000,1.000000,0.000000,-1.000000
0.084183976,5,223,read_only,256,8,1.000000,1.000000,1.000000,{"1":15},1.000000,0.000000,0.000000,0.000000,1.000000,0.000000,-1.000000
0.084183976,5,223,union,256,8,1.000000,1.000000,1.000000,{"1":15},1.000000,0.000000,0.000000,0.000000,1.000000,0.000000,-1.000000
0.084183976,5,223,snapshot,256,4017,0.998755,0.999378,0.998755,{"1":8009},0.998755,0.001245,0.000000,0.000000,0.998755,0.000000,0.000000
0.084183976,5,223,read_only,1024,2,1.000000,1.000000,1.000000,{"1":15},1.000000,0.000000,0.000000,0.000000,1.000000,0.000000,-1.000000
0.084183976,5,223,union,1024,2,1.000000,1.000000,1.000000,{"1":15},1.000000,0.000000,0.000000,0.000000,1.000000,0.000000,-1.000000
0.084183976,5,223,snapshot,1024,1013,0.992103,0.997638,0.992103,{"1":8009},0.992103,0.007897,0.000000,0.000000,0.992103,0.000000,0.000000
0.084183976,5,223,read_only,4096,1,1.000000,1.000000,1.000000,{"1":15},1.000000,0.000000,0.000000,0.000000,1.000000,0.000000,-1.000000
0.084183976,5,223,union,4096,1,1.000000,1.000000,1.000000,{"1":15},1.000000,0.000000,0.000000,0.000000,1.000000,0.000000,-1.000000
0.084183976,5,223,snapshot,4096,261,0.984674,0.995562,0.984674,{"1":8009},0.984674,0.007663,0.007663,0.000000,0.984674,0.000000,0.000000
0.084183976,5,223,read_only,16384,1,1.000000,1.000000,1.000000,{"1":15},1.000000,0.000000,0.000000,0.000000,1.000000,0.000000,-1.000000
0.084183976,5,223,union,16384,1,1.000000,1.000000,1.000000,{"1":15},1.000000,0.000000,0.000000,0.000000,1.000000,0.000000,-1.000000
0.084183976,5,223,snapshot,16384,79,0.759494,0.922150,0.759494,{"1":8009},0.759494,0.202532,0.037975,0.000000,0.759494,0.000000,0.000000
0.084433086,5,224,read_only,64,1,1.000000,1.000000,1.000000,{"1":1},1.000000,0.000000,0.000000,0.000000,1.000000,0.000000,-1.000000
0.084433086,5,224,union,64,1,1.000000,1.000000,1.000000,{"1":1},1.000000,0.000000,0.000000,0.000000,1.000000,0.000000,-1.000000
0.084433086,5,224,snapshot,64,8009,1.000000,1.000000,1.000000,{"1":8009},1.000000,0.000000,0.000000,0.000000,1.000000,0.000000,-1.000000
0.084433086,5,224,read_only,256,1,1.000000,1.000000,1.000000,{"1":1},1.000000,0.000000,0.000000,0.000000,1.000000,0.000000,-1.000000
0.084433086,5,224,union,256,1,1.000000,1.000000,1.000000,{"1":1},1.000000,0.000000,0.000000,0.000000,1.000000,0.000000,-1.000000
0.084433086,5,224,snapshot,256,4018,0.998756,0.999378,0.998756,{"1":8009},0.998756,0.001244,0.000000,0.000000,0.998756,0.000000,0.000000
0.084433086,5,224,read_only,1024,1,1.000000,1.000000,1.000000,{"1":1},1.000000,0.000000,0.000000,0.000000,1.000000,0.000000,-1.000000
0.084433086,5,224,union,1024,1,1.000000,1.000000,1.000000,{"1":1},1.000000,0.000000,0.000000,0.000000,1.000000,0.000000,-1.000000
0.084433086,5,224,snapshot,1024,1014,0.992110,0.997640,0.992110,{"1":8009},0.992110,0.007890,0.000000,0.000000,0.992110,0.000000,0.000000
0.084433086,5,224,read_only,4096,1,1.000000,1.000000,1.000000,{"1":1},1.000000,0.000000,0.000000,0.000000,1.000000,0.000000,-1.000000
0.084433086,5,224,union,4096,1,1.000000,1.000000,1.000000,{"1":1},1.000000,0.000000,0.000000,0.000000,1.000000,0.000000,-1.000000
0.084433086,5,224,snapshot,4096,262,0.984733,0.995579,0.984733,{"1":8009},0.984733,0.007634,0.007634,0.000000,0.984733,0.000000,0.000000
0.084433086,5,224,read_only,16384,1,1.000000,1.000000,1.000000,{"1":1},1.000000,0.000000,0.000000,0.000000,1.000000,0.000000,-1.000000
0.084433086,5,224,union,16384,1,1.000000,1.000000,1.000000,{"1":1},1.000000,0.000000,0.000000,0.000000,1.000000,0.000000,-1.000000
0.084433086,5,224,snapshot,16384,80,0.762500,0.923197,0.762500,{"1":8009},0.762500,0.200000,0.037500,0.000000,0.762500,0.000000,0.000000
0.084929549,5,225,read_only,64,2627,1.000000,1.000000,1.000000,{"1":2627},1.000000,0.000000,0.000000,0.000000,1.000000,0.000000,-1.000000
0.084929549,5,225,union,64,2628,1.000000,1.000000,1.000000,{"1":2628},1.000000,0.000000,0.000000,0.000000,1.000000,0.000000,-1.000000
0.084929549,5,225,snapshot,64,8192,1.000000,1.000000,1.000000,{"1":8192},1.000000,0.000000,0.000000,0.000000,1.000000,0.000000,-1.000000
0.084929549,5,225,read_only,256,1318,1.000000,1.000000,1.000000,{"1":2627},1.000000,0.000000,0.000000,0.000000,1.000000,0.000000,-1.000000
0.084929549,5,225,union,256,1319,1.000000,1.000000,1.000000,{"1":2628},1.000000,0.000000,0.000000,0.000000,1.000000,0.000000,-1.000000
0.084929549,5,225,snapshot,256,4111,0.998784,0.999392,0.998784,{"1":8192},0.998784,0.001216,0.000000,0.000000,0.998784,0.000000,0.000000
0.084929549,5,225,read_only,1024,337,1.000000,1.000000,1.000000,{"1":2627},1.000000,0.000000,0.000000,0.000000,1.000000,0.000000,-1.000000
0.084929549,5,225,union,1024,338,1.000000,1.000000,1.000000,{"1":2628},1.000000,0.000000,0.000000,0.000000,1.000000,0.000000,-1.000000
0.084929549,5,225,snapshot,1024,1039,0.992300,0.997697,0.992300,{"1":8192},0.992300,0.007700,0.000000,0.000000,0.992300,0.000000,0.000000
0.084929549,5,225,read_only,4096,92,1.000000,1.000000,1.000000,{"1":2627},1.000000,0.000000,0.000000,0.000000,1.000000,0.000000,-1.000000
0.084929549,5,225,union,4096,93,1.000000,1.000000,1.000000,{"1":2628},1.000000,0.000000,0.000000,0.000000,1.000000,0.000000,-1.000000
0.084929549,5,225,snapshot,4096,269,0.985130,0.995694,0.985130,{"1":8192},0.985130,0.007435,0.007435,0.000000,0.985130,0.000000,0.000000
0.084929549,5,225,read_only,16384,27,0.888889,0.969136,0.888889,{"1":2627},0.888889,0.111111,0.000000,0.000000,0.888889,0.000000,0.000000
0.084929549,5,225,union,16384,28,0.892857,0.970238,0.892857,{"1":2628},0.892857,0.107143,0.000000,0.000000,0.892857,0.000000,0.000000
0.084929549,5,225,snapshot,16384,81,0.790123,0.938662,0.790123,{"1":8192},0.790123,0.172840,0.037037,0.000000,0.790123,0.000000,0.000000
0.085853410,5,226,read_only,64,19728,1.000000,1.000000,1.000000,{"1":19728},1.000000,0.000000,0.000000,0.000000,1.000000,0.000000,-1.000000
0.085853410,5,226,union,64,19737,1.000000,1.000000,1.000000,{"1":19737},1.000000,0.000000,0.000000,0.000000,1.000000,0.000000,-1.000000
0.085853410,5,226,snapshot,64,8192,1.000000,1.000000,1.000000,{"1":8192},1.000000,0.000000,0.000000,0.000000,1.000000,0.000000,-1.000000
0.085853410,5,226,read_only,256,9873,1.000000,1.000000,1.000000,{"1":19728},1.000000,0.000000,0.000000,0.000000,1.000000,0.000000,-1.000000
0.085853410,5,226,union,256,9879,1.000000,1.000000,1.000000,{"1":19737},1.000000,0.000000,0.000000,0.000000,1.000000,0.000000,-1.000000
0.085853410,5,226,snapshot,256,4699,1.000000,1.000000,1.000000,{"1":8192},1.000000,0.000000,0.000000,0.000000,1.000000,0.000000,-1.000000
0.085853410,5,226,read_only,1024,2478,0.999596,0.999798,0.999596,{"1":19728},0.999596,0.000404,0.000000,0.000000,0.999596,0.000000,0.000000
0.085853410,5,226,union,1024,2481,0.999597,0.999798,0.999597,{"1":19737},0.999597,0.000403,0.000000,0.000000,0.999597,0.000000,0.000000
0.085853410,5,226,snapshot,1024,1585,1.000000,1.000000,1.000000,{"1":8192},1.000000,0.000000,0.000000,0.000000,1.000000,0.000000,-1.000000
0.085853410,5,226,read_only,4096,623,0.995185,0.998596,0.995185,{"1":19728},0.995185,0.004815,0.000000,0.000000,0.995185,0.000000,0.000000
0.085853410,5,226,union,4096,624,0.995192,0.998598,0.995192,{"1":19737},0.995192,0.004808,0.000000,0.000000,0.995192,0.000000,0.000000
0.085853410,5,226,snapshot,4096,512,1.000000,1.000000,1.000000,{"1":8192},1.000000,0.000000,0.000000,0.000000,1.000000,0.000000,-1.000000
0.085853410,5,226,read_only,16384,160,0.981250,0.993945,0.981250,{"1":19728},0.981250,0.018750,0.000000,0.000000,0.981250,0.000000,0.000000
0.085853410,5,226,union,16384,160,0.981250,0.993945,0.981250,{"1":19737},0.981250,0.018750,0.000000,0.000000,0.981250,0.000000,0.000000
0.085853410,5,226,snapshot,16384,144,0.979167,0.999504,0.979167,{"1":8192},0.979167,0.020833,0.000000,0.000000,0.979167,0.000000,0.000000
0.086113185,5,227,snapshot,64,8192,1.000000,1.000000,1.000000,{"1":8192},1.000000,0.000000,0.000000,0.000000,1.000000,0.000000,-1.000000
0.086113185,5,227,snapshot,256,4699,1.000000,1.000000,1.000000,{"1":8192},1.000000,0.000000,0.000000,0.000000,1.000000,0.000000,-1.000000
0.086113185,5,227,snapshot,1024,1585,1.000000,1.000000,1.000000,{"1":8192},1.000000,0.000000,0.000000,0.000000,1.000000,0.000000,-1.000000
0.086113185,5,227,snapshot,4096,512,1.000000,1.000000,1.000000,{"1":8192},1.000000,0.000000,0.000000,0.000000,1.000000,0.000000,-1.000000
0.086113185,5,227,snapshot,16384,144,0.979167,0.999504,0.979167,{"1":8192},0.979167,0.020833,0.000000,0.000000,0.979167,0.000000,0.000000
0.086415456,5,228,read_only,64,184,1.000000,1.000000,1.000000,{"1":184},1.000000,0.000000,0.000000,0.000000,1.000000,0.000000,-1.000000
0.086415456,5,228,union,64,184,1.000000,1.000000,1.000000,{"1":184},1.000000,0.000000,0.000000,0.000000,1.000000,0.000000,-1.000000
0.086415456,5,228,snapshot,64,8192,1.000000,1.000000,1.000000,{"1":8192},1.000000,0.000000,0.000000,0.000000,1.000000,0.000000,-1.000000
0.086415456,5,228,read_only,256,113,1.000000,1.000000,1.000000,{"1":184},1.000000,0.000000,0.000000,0.000000,1.000000,0.000000,-1.000000
0.086415456,5,228,union,256,113,1.000000,1.000000,1.000000,{"1":184},1.000000,0.000000,0.000000,0.000000,1.000000,0.000000,-1.000000
0.086415456,5,228,snapshot,256,4721,1.000000,1.000000,1.000000,{"1":8192},1.000000,0.000000,0.000000,0.000000,1.000000,0.000000,-1.000000
0.086415456,5,228,read_only,1024,42,1.000000,1.000000,1.000000,{"1":184},1.000000,0.000000,0.000000,0.000000,1.000000,0.000000,-1.000000
0.086415456,5,228,union,1024,42,1.000000,1.000000,1.000000,{"1":184},1.000000,0.000000,0.000000,0.000000,1.000000,0.000000,-1.000000
0.086415456,5,228,snapshot,1024,1591,1.000000,1.000000,1.000000,{"1":8192},1.000000,0.000000,0.000000,0.000000,1.000000,0.000000,-1.000000
0.086415456,5,228,read_only,4096,14,1.000000,1.000000,1.000000,{"1":184},1.000000,0.000000,0.000000,0.000000,1.000000,0.000000,-1.000000
0.086415456,5,228,union,4096,14,1.000000,1.000000,1.000000,{"1":184},1.000000,0.000000,0.000000,0.000000,1.000000,0.000000,-1.000000
0.086415456,5,228,snapshot,4096,511,1.000000,1.000000,1.000000,{"1":8192},1.000000,0.000000,0.000000,0.000000,1.000000,0.000000,-1.000000
0.086415456,5,228,read_only,16384,5,1.000000,1.000000,1.000000,{"1":184},1.000000,0.000000,0.000000,0.000000,1.000000,0.000000,-1.000000
0.086415456,5,228,union,16384,5,1.000000,1.000000,1.000000,{"1":184},1.000000,0.000000,0.000000,0.000000,1.000000,0.000000,-1.000000
0.086415456,5,228,snapshot,16384,145,0.979310,0.999646,0.979310,{"1":8192},0.979310,0.020690,0.000000,0.000000,0.979310,0.000000,0.000000
0.087294339,5,229,read_only,64,19447,1.000000,1.000000,1.000000,{"1":6603,"2":12844},0.339538,0.660462,0.000000,0.000000,0.339538,0.660462,1.000000
0.087294339,5,229,union,64,19447,1.000000,1.000000,1.000000,{"1":6603,"2":12844},0.339538,0.660462,0.000000,0.000000,0.339538,0.660462,1.000000
0.087294339,5,229,snapshot,64,8192,1.000000,1.000000,1.000000,{"1":1770,"2":6422},0.216064,0.783936,0.000000,0.000000,0.216064,0.783936,1.000000
0.087294339,5,229,read_only,256,9744,0.999487,0.999743,0.999487,{"1":6603,"2":12844},0.340312,0.659688,0.000000,0.000000,0.340312,0.659175,0.999222
0.087294339,5,229,union,256,9744,0.999487,0.999743,0.999487,{"1":6603,"2":12844},0.340312,0.659688,0.000000,0.000000,0.340312,0.659175,0.999222
0.087294339,5,229,snapshot,256,4124,0.999273,0.999636,0.999273,{"1":1770,"2":6422},0.218477,0.781523,0.000000,0.000000,0.218477,0.780795,0.999069
0.087294339,5,229,read_only,1024,2488,0.958199,0.979770,0.958199,{"1":6603,"2":12844},0.330788,0.652331,0.016881,0.000000,0.330788,0.627412,0.937538
0.087294339,5,229,union,1024,2488,0.958199,0.979770,0.958199,{"1":6603,"2":12844},0.330788,0.652331,0.016881,0.000000,0.330788,0.627412,0.937538
0.087294339,5,229,snapshot,1024,1081,0.960222,0.980959,0.960222,{"1":1770,"2":6422},0.207216,0.777983,0.014801,0.000000,0.207216,0.753006,0.949825
0.087294339,5,229,read_only,4096,623,0.593900,0.884972,0.593900,{"1":6603,"2":12844},0.210273,0.651685,0.138042,0.000000,0.210273,0.383628,0.485772
0.087294339,5,229,union,4096,623,0.593900,0.884972,0.593900,{"1":6603,"2":12844},0.210273,0.651685,0.138042,0.000000,0.210273,0.383628,0.485772
0.087294339,5,229,snapshot,4096,304,0.680921,0.908915,0.680921,{"1":1770,"2":6422},0.125000,0.733553,0.141447,0.000000,0.125000,0.555921,0.635338
0.087294339,5,229,read_only,16384,158,0.018987,0.514939,0.018987,{"1":6603,"2":12844},0.018987,0.075949,0.905063,0.000000,0.018987,0.000000,0.000000
0.087294339,5,229,union,16384,158,0.018987,0.514939,0.018987,{"1":6603,"2":12844},0.018987,0.075949,0.905063,0.000000,0.018987,0.000000,0.000000
0.087294339,5,229,snapshot,16384,89,0.056180,0.607101,0.056180,{"1":1770,"2":6422},0.011236,0.089888,0.898876,0.000000,0.011236,0.044944,0.045455
0.087711295,5,230,read_only,64,1857,1.000000,1.000000,1.000000,{"1":1857},1.000000,0.000000,0.000000,0.000000,1.000000,0.000000,-1.000000
0.087711295,5,230,union,64,1857,1.000000,1.000000,1.000000,{"1":1857},1.000000,0.000000,0.000000,0.000000,1.000000,0.000000,-1.000000
0.087711295,5,230,snapshot,64,8192,1.000000,1.000000,1.000000,{"1":2996,"2":5196},0.365723,0.634277,0.000000,0.000000,0.365723,0.634277,1.000000
0.087711295,5,230,read_only,256,929,1.000000,1.000000,1.000000,{"1":1857},1.000000,0.000000,0.000000,0.000000,1.000000,0.000000,-1.000000
0.087711295,5,230,union,256,929,1.000000,1.000000,1.000000,{"1":1857},1.000000,0.000000,0.000000,0.000000,1.000000,0.000000,-1.000000
0.087711295,5,230,snapshot,256,4122,0.999515,0.999757,0.999515,{"1":2996,"2":5196},0.367783,0.632217,0.000000,0.000000,0.367783,0.631732,0.999233
0.087711295,5,230,read_only,1024,233,1.000000,1.000000,1.000000,{"1":1857},1.000000,0.000000,0.000000,0.000000,1.000000,0.000000,-1.000000
0.087711295,5,230,union,1024,233,1.000000,1.000000,1.000000,{"1":1857},1.000000,0.000000,0.000000,0.000000,1.000000,0.000000,-1.000000
0.087711295,5,230,snapshot,1024,1075,0.972093,0.986899,0.972093,{"1":2996,"2":5196},0.353488,0.636279,0.010233,0.000000,0.353488,0.618605,0.956835
0.087711295,5,230,read_only,4096,59,1.000000,1.000000,1.000000,{"1":1857},1.000000,0.000000,0.000000,0.000000,1.000000,0.000000,-1.000000
0.087711295,5,230,union,4096,59,1.000000,1.000000,1.000000,{"1":1857},1.000000,0.000000,0.000000,0.000000,1.000000,0.000000,-1.000000
0.087711295,5,230,snapshot,4096,301,0.774086,0.934815,0.774086,{"1":2996,"2":5196},0.282392,0.607973,0.109635,0.000000,0.282392,0.491694,0.685185
0.087711295,5,230,read_only,16384,16,0.812500,0.921875,0.812500,{"1":1857},0.812500,0.187500,0.000000,0.000000,0.812500,0.000000,0.000000
0.087711295,5,230,union,16384,16,0.812500,0.921875,0.812500,{"1":1857},0.812500,0.187500,0.000000,0.000000,0.812500,0.000000,0.000000
0.087711295,5,230,snapshot,16384,91,0.274725,0.706251,0.274725,{"1":2996,"2":5196},0.153846,0.175824,0.670330,0.000000,0.153846,0.120879,0.142857
0.088050344,5,231,read_only,64,962,1.000000,1.000000,1.000000,{"1":962},1.000000,0.000000,0.000000,0.000000,1.000000,0.000000,-1.000000
0.088050344,5,231,union,64,962,1.000000,1.000000,1.000000,{"1":962},1.000000,0.000000,0.000000,0.000000,1.000000,0.000000,-1.000000
0.088050344,5,231,snapshot,64,8192,1.000000,1.000000,1.000000,{"1":3823,"2":4369},0.466675,0.533325,0.000000,0.000000,0.466675,0.533325,1.000000
0.088050344,5,231,read_only,256,492,1.000000,1.000000,1.000000,{"1":962},1.000000,0.000000,0.000000,0.000000,1.000000,0.000000,-1.000000
0.088050344,5,231,union,256,492,1.000000,1.000000,1.000000,{"1":962},1.000000,0.000000,0.000000,0.000000,1.000000,0.000000,-1.000000
0.088050344,5,231,snapshot,256,4144,0.999759,0.999879,0.999759,{"1":3823,"2":4369},0.467664,0.532336,0.000000,0.000000,0.467664,0.532095,0.999547
0.088050344,5,231,read_only,1024,130,1.000000,1.000000,1.000000,{"1":962},1.000000,0.000000,0.000000,0.000000,1.000000,0.000000,-1.000000
0.088050344,5,231,union,1024,130,1.000000,1.000000,1.000000,{"1":962},1.000000,0.000000,0.000000,0.000000,1.000000,0.000000,-1.000000
0.088050344,5,231,snapshot,1024,1092,0.976190,0.988591,0.976190,{"1":3823,"2":4369},0.448718,0.543040,0.008242,0.000000,0.448718,0.527473,0.956811
0.088050344,5,231,read_only,4096,35,1.000000,1.000000,1.000000,{"1":962},1.000000,0.000000,0.000000,0.000000,1.000000,0.000000,-1.000000
0.088050344,5,231,union,4096,35,1.000000,1.000000,1.000000,{"1":962},1.000000,0.000000,0.000000,0.000000,1.000000,0.000000,-1.000000
0.088050344,5,231,snapshot,4096,306,0.807190,0.943934,0.807190,{"1":3823,"2":4369},0.375817,0.529412,0.094771,0.000000,0.375817,0.431373,0.691099
0.088050344,5,231,read_only,16384,13,1.000000,1.000000,1.000000,{"1":962},1.000000,0.000000,0.000000,0.000000,1.000000,0.000000,-1.000000
0.088050344,5,231,union,16384,13,1.000000,1.000000,1.000000,{"1":962},1.000000,0.000000,0.000000,0.000000,1.000000,0.000000,-1.000000
0.088050344,5,231,snapshot,16384,98,0.387755,0.752285,0.387755,{"1":3823,"2":4369},0.275510,0.163265,0.561224,0.000000,0.275510,0.112245,0.154930
0.088385875,5,232,read_only,64,3546,1.000000,1.000000,1.000000,{"1":3546},1.000000,0.000000,0.000000,0.000000,1.000000,0.000000,-1.000000
0.088385875,5,232,union,64,3546,1.000000,1.000000,1.000000,{"1":3546},1.000000,0.000000,0.000000,0.000000,1.000000,0.000000,-1.000000
0.088385875,5,232,snapshot,64,8192,1.000000,1.000000,1.000000,{"1":7055,"2":1137},0.861206,0.138794,0.000000,0.000000,0.861206,0.138794,1.000000
0.088385875,5,232,read_only,256,1790,1.000000,1.000000,1.000000,{"1":3546},1.000000,0.000000,0.000000,0.000000,1.000000,0.000000,-1.000000
0.088385875,5,232,union,256,1790,1.000000,1.000000,1.000000,{"1":3546},1.000000,0.000000,0.000000,0.000000,1.000000,0.000000,-1.000000
0.088385875,5,232,snapshot,256,4173,1.000000,1.000000,1.000000,{"1":7055,"2":1137},0.855739,0.144261,0.000000,0.000000,0.855739,0.144261,1.000000
0.088385875,5,232,read_only,1024,459,1.000000,1.000000,1.000000,{"1":3546},1.000000,0.000000,0.000000,0.000000,1.000000,0.000000,-1.000000
0.088385875,5,232,union,1024,459,1.000000,1.000000,1.000000,{"1":3546},1.000000,0.000000,0.000000,0.000000,1.000000,0.000000,-1.000000
0.088385875,5,232,snapshot,1024,1088,0.991728,0.996621,0.991728,{"1":7055,"2":1137},0.827206,0.172794,0.000000,0.000000,0.827206,0.164522,0.952128
0.088385875,5,232,read_only,4096,119,1.000000,1.000000,1.000000,{"1":3546},1.000000,0.000000,0.000000,0.000000,1.000000,0.000000,-1.000000
0.088385875,5,232,union,4096,119,1.000000,1.000000,1.000000,{"1":3546},1.000000,0.000000,0.000000,0.000000,1.000000,0.000000,-1.000000
0.088385875,5,232,snapshot,4096,291,0.914089,0.976066,0.914089,{"1":7055,"2":1137},0.762887,0.213058,0.024055,0.000000,0.762887,0.151203,0.637681
0.088385875,5,232,read_only,16384,31,0.935484,0.977655,0.935484,{"1":3546},0.935484,0.064516,0.000000,0.000000,0.935484,0.000000,0.000000
0.088385875,5,232,union,16384,31,0.935484,0.977655,0.935484,{"1":3546},0.935484,0.064516,0.000000,0.000000,0.935484,0.000000,0.000000
0.088385875,5,232,snapshot,16384,85,0.682353,0.879700,0.682353,{"1":7055,"2":1137},0.588235,0.211765,0.200000,0.000000,0.588235,0.094118,0.228571
0.088710721,5,233,read_only,64,845,1.000000,1.000000,1.000000,{"1":845},1.000000,0.000000,0.000000,0.000000,1.000000,0.000000,-1.000000
0.088710721,5,233,union,64,845,1.000000,1.000000,1.000000,{"1":845},1.000000,0.000000,0.000000,0.000000,1.000000,0.000000,-1.000000
0.088710721,5,233,snapshot,64,8192,1.000000,1.000000,1.000000,{"1":7666,"2":526},0.935791,0.064209,0.000000,0.000000,0.935791,0.064209,1.000000
0.088710721,5,233,read_only,256,423,1.000000,1.000000,1.000000,{"1":845},1.000000,0.000000,0.000000,0.000000,1.000000,0.000000,-1.000000
0.088710721,5,233,union,256,423,1.000000,1.000000,1.000000,{"1":845},1.000000,0.000000,0.000000,0.000000,1.000000,0.000000,-1.000000
0.088710721,5,233,snapshot,256,4175,1.000000,1.000000,1.000000,{"1":7666,"2":526},0.929341,0.070659,0.000000,0.000000,0.929341,0.070659,1.000000
0.088710721,5,233,read_only,1024,109,1.000000,1.000000,1.000000,{"1":845},1.000000,0.000000,0.000000,0.000000,1.000000,0.000000,-1.000000
0.088710721,5,233,union,1024,109,1.000000,1.000000,1.000000,{"1":845},1.000000,0.000000,0.000000,0.000000,1.000000,0.000000,-1.000000
0.088710721,5,233,snapshot,1024,1081,0.992599,0.997106,0.992599,{"1":7666,"2":526},0.905643,0.094357,0.000000,0.000000,0.905643,0.086957,0.921569
0.088710721,5,233,read_only,4096,29,1.000000,1.000000,1.000000,{"1":845},1.000000,0.000000,0.000000,0.000000,1.000000,0.000000,-1.000000
0.088710721,5,233,union,4096,29,1.000000,1.000000,1.000000,{"1":845},1.000000,0.000000,0.000000,0.000000,1.000000,0.000000,-1.000000
0.088710721,5,233,snapshot,4096,287,0.954704,0.989394,0.954704,{"1":7666,"2":526},0.853659,0.135889,0.010453,0.000000,0.853659,0.101045,0.690476
0.088710721,5,233,read_only,16384,10,0.800000,0.950000,0.800000,{"1":845},0.800000,0.200000,0.000000,0.000000,0.800000,0.000000,0.000000
0.088710721,5,233,union,16384,10,0.800000,0.950000,0.800000,{"1":845},0.800000,0.200000,0.000000,0.000000,0.800000,0.000000,0.000000
0.088710721,5,233,snapshot,16384,87,0.735632,0.907990,0.735632,{"1":7666,"2":526},0.666667,0.218391,0.114943,0.000000,0.666667,0.068966,0.206897
0.089832093,5,234,read_only,64,7678,1.000000,1.000000,1.000000,{"1":7584,"2":94},0.987757,0.012243,0.000000,0.000000,0.987757,0.012243,1.000000
0.089832093,5,234,union,64,7678,1.000000,1.000000,1.000000,{"1":7584,"2":94},0.987757,0.012243,0.000000,0.000000,0.987757,0.012243,1.000000
0.089832093,5,234,snapshot,64,8192,1.000000,1.000000,1.000000,{"1":8098,"2":94},0.988525,0.011475,0.000000,0.000000,0.988525,0.011475,1.000000
0.089832093,5,234,read_only,256,3884,0.998713,0.999356,0.998713,{"1":7584,"2":94},0.985067,0.014933,0.000000,0.000000,0.985067,0.013646,0.913793
0.089832093,5,234,union,256,3884,0.998713,0.999356,0.998713,{"1":7584,"2":94},0.985067,0.014933,0.000000,0.000000,0.985067,0.013646,0.913793
0.089832093,5,234,snapshot,256,4178,0.997367,0.998684,0.997367,{"1":8098,"2":94},0.986118,0.013882,0.000000,0.000000,0.986118,0.011249,0.810345
0.089832093,5,234,read_only,1024,1022,0.994129,0.997839,0.994129,{"1":7584,"2":94},0.973581,0.026419,0.000000,0.000000,0.973581,0.020548,0.777778
0.089832093,5,234,union,1024,1022,0.994129,0.997839,0.994129,{"1":7584,"2":94},0.973581,0.026419,0.000000,0.000000,0.973581,0.020548,0.777778
0.089832093,5,234,snapshot,1024,1110,0.988288,0.996606,0.988288,{"1":8098,"2":94},0.975676,0.024324,0.000000,0.000000,0.975676,0.012613,0.518519
0.089832093,5,234,read_only,4096,278,0.960432,0.990207,0.960432,{"1":7584,"2":94},0.938849,0.061151,0.000000,0.000000,0.938849,0.021583,0.352941
0.089832093,5,234,union,4096,278,0.960432,0.990207,0.960432,{"1":7584,"2":94},0.938849,0.061151,0.000000,0.000000,0.938849,0.021583,0.352941
0.089832093,5,234,snapshot,4096,305,0.954098,0.988139,0.954098,{"1":8098,"2":94},0.944262,0.055738,0.000000,0.000000,0.944262,0.009836,0.176471
0.089832093,5,234,read_only,16384,83,0.879518,0.962728,0.879518,{"1":7584,"2":94},0.867470,0.108434,0.024096,0.000000,0.867470,0.012048,0.090909
0.089832093,5,234,union,16384,83,0.879518,0.962728,0.879518,{"1":7584,"2":94},0.867470,0.108434,0.024096,0.000000,0.867470,0.012048,0.090909
0.089832093,5,234,snapshot,16384,88,0.818182,0.947426,0.818182,{"1":8098,"2":94},0.818182,0.159091,0.022727,0.000000,0.818182,0.000000,0.000000
0.090213159,5,235,read_only,64,442,1.000000,1.000000,1.000000,{"1":299,"2":143},0.676471,0.323529,0.000000,0.000000,0.676471,0.323529,1.000000
0.090213159,5,235,union,64,442,1.000000,1.000000,1.000000,{"1":299,"2":143},0.676471,0.323529,0.000000,0.000000,0.676471,0.323529,1.000000
0.090213159,5,235,snapshot,64,8192,1.000000,1.000000,1.000000,{"1":7955,"2":237},0.971069,0.028931,0.000000,0.000000,0.971069,0.028931,1.000000
0.090213159,5,235,read_only,256,240,0.991667,0.995833,0.991667,{"1":299,"2":143},0.658333,0.341667,0.000000,0.000000,0.658333,0.333333,0.975610
0.090213159,5,235,union,256,240,0.991667,0.995833,0.991667,{"1":299,"2":143},0.658333,0.341667,0.000000,0.000000,0.658333,0.333333,0.975610
0.090213159,5,235,snapshot,256,4150,0.993735,0.996867,0.993735,{"1":7955,"2":237},0.967470,0.032530,0.000000,0.000000,0.967470,0.026265,0.807407
0.090213159,5,235,read_only,1024,79,0.924051,0.970750,0.924051,{"1":299,"2":143},0.607595,0.379747,0.012658,0.000000,0.607595,0.316456,0.806452
0.090213159,5,235,union,1024,79,0.924051,0.970750,0.924051,{"1":299,"2":143},0.607595,0.379747,0.012658,0.000000,0.607595,0.316456,0.806452
0.090213159,5,235,snapshot,1024,1078,0.974026,0.993352,0.974026,{"1":7955,"2":237},0.954545,0.044527,0.000928,0.000000,0.954545,0.019481,0.428571
0.090213159,5,235,read_only,4096,32,0.718750,0.908504,0.718750,{"1":299,"2":143},0.468750,0.500000,0.031250,0.000000,0.468750,0.250000,0.470588
0.090213159,5,235,union,4096,32,0.718750,0.908504,0.718750,{"1":299,"2":143},0.468750,0.500000,0.031250,0.000000,0.468750,0.250000,0.470588
0.090213159,5,235,snapshot,4096,288,0.923611,0.980411,0.923611,{"1":7955,"2":237},0.916667,0.079861,0.003472,0.000000,0.916667,0.006944,0.083333
0.090213159,5,235,read_only,16384,17,0.588235,0.882069,0.588235,{"1":299,"2":143},0.470588,0.411765,0.117647,0.000000,0.470588,0.117647,0.222222
0.090213159,5,235,union,16384,17,0.588235,0.882069,0.588235,{"1":299,"2":143},0.470588,0.411765,0.117647,0.000000,0.470588,0.117647,0.222222
0.090213159,5,235,snapshot,16384,84,0.833333,0.948787,0.833333,{"1":7955,"2":237},0.833333,0.130952,0.035714,0.000000,0.833333,0.000000,0.000000
0.090545273,5,236,snapshot,64,8192,1.000000,1.000000,1.000000,{"1":7955,"2":237},0.971069,0.028931,0.000000,0.000000,0.971069,0.028931,1.000000
0.090545273,5,236,snapshot,256,4150,0.993735,0.996867,0.993735,{"1":7955,"2":237},0.967470,0.032530,0.000000,0.000000,0.967470,0.026265,0.807407
0.090545273,5,236,snapshot,1024,1078,0.974026,0.993352,0.974026,{"1":7955,"2":237},0.954545,0.044527,0.000928,0.000000,0.954545,0.019481,0.428571
0.090545273,5,236,snapshot,4096,288,0.923611,0.980411,0.923611,{"1":7955,"2":237},0.916667,0.079861,0.003472,0.000000,0.916667,0.006944,0.083333
0.090545273,5,236,snapshot,16384,84,0.833333,0.948787,0.833333,{"1":7955,"2":237},0.833333,0.130952,0.035714,0.000000,0.833333,0.000000,0.000000
0.114444142,5,237,read_only,64,3216,1.000000,1.000000,1.000000,{"1":3216},1.000000,0.000000,0.000000,0.000000,1.000000,0.000000,-1.000000
0.114444142,5,237,union,64,3216,1.000000,1.000000,1.000000,{"1":3216},1.000000,0.000000,0.000000,0.000000,1.000000,0.000000,-1.000000
0.114444142,5,237,snapshot,64,8192,1.000000,1.000000,1.000000,{"1":7955,"2":237},0.971069,0.028931,0.000000,0.000000,0.971069,0.028931,1.000000
0.114444142,5,237,read_only,256,1608,1.000000,1.000000,1.000000,{"1":3216},1.000000,0.000000,0.000000,0.000000,1.000000,0.000000,-1.000000
0.114444142,5,237,union,256,1608,1.000000,1.000000,1.000000,{"1":3216},1.000000,0.000000,0.000000,0.000000,1.000000,0.000000,-1.000000
0.114444142,5,237,snapshot,256,4162,0.993993,0.996997,0.993993,{"1":7955,"2":237},0.967564,0.032436,0.000000,0.000000,0.967564,0.026430,0.814815
0.114444142,5,237,read_only,1024,402,1.000000,1.000000,1.000000,{"1":3216},1.000000,0.000000,0.000000,0.000000,1.000000,0.000000,-1.000000
0.114444142,5,237,union,1024,402,1.000000,1.000000,1.000000,{"1":3216},1.000000,0.000000,0.000000,0.000000,1.000000,0.000000,-1.000000
0.114444142,5,237,snapshot,1024,1087,0.974241,0.993461,0.974241,{"1":7955,"2":237},0.954922,0.044158,0.000920,0.000000,0.954922,0.019319,0.428571
0.114444142,5,237,read_only,4096,101,1.000000,1.000000,1.000000,{"1":3216},1.000000,0.000000,0.000000,0.000000,1.000000,0.000000,-1.000000
0.114444142,5,237,union,4096,101,1.000000,1.000000,1.000000,{"1":3216},1.000000,0.000000,0.000000,0.000000,1.000000,0.000000,-1.000000
0.114444142,5,237,snapshot,4096,301,0.926910,0.980298,0.926910,{"1":7955,"2":237},0.920266,0.076412,0.003322,0.000000,0.920266,0.006645,0.083333
0.114444142,5,237,read_only,16384,26,1.000000,1.000000,1.000000,{"1":3216},1.000000,0.000000,0.000000,0.000000,1.000000,0.000000,-1.000000
0.114444142,5,237,union,16384,26,1.000000,1.000000,1.000000,{"1":3216},1.000000,0.000000,0.000000,0.000000,1.000000,0.000000,-1.000000
0.114444142,5,237,snapshot,16384,92,0.869565,0.962964,0.869565,{"1":7955,"2":237},0.869565,0.097826,0.032609,0.000000,0.869565,0.000000,0.000000
0.114707852,5,238,snapshot,64,8192,1.000000,1.000000,1.000000,{"1":7955,"2":237},0.971069,0.028931,0.000000,0.000000,0.971069,0.028931,1.000000
0.114707852,5,238,snapshot,256,4162,0.993993,0.996997,0.993993,{"1":7955,"2":237},0.967564,0.032436,0.000000,0.000000,0.967564,0.026430,0.814815
0.114707852,5,238,snapshot,1024,1087,0.974241,0.993461,0.974241,{"1":7955,"2":237},0.954922,0.044158,0.000920,0.000000,0.954922,0.019319,0.428571
0.114707852,5,238,snapshot,4096,301,0.926910,0.980298,0.926910,{"1":7955,"2":237},0.920266,0.076412,0.003322,0.000000,0.920266,0.006645,0.083333
0.114707852,5,238,snapshot,16384,92,0.869565,0.962964,0.869565,{"1":7955,"2":237},0.869565,0.097826,0.032609,0.000000,0.869565,0.000000,0.000000
0.115254574,5,239,read_only,64,479,1.000000,1.000000,1.000000,{"1":319,"2":160},0.665971,0.334029,0.000000,0.000000,0.665971,0.334029,1.000000
0.115254574,5,239,union,64,479,1.000000,1.000000,1.000000,{"1":319,"2":160},0.665971,0.334029,0.000000,0.000000,0.665971,0.334029,1.000000
0.115254574,5,239,snapshot,64,8192,1.000000,1.000000,1.000000,{"1":7795,"2":397},0.951538,0.048462,0.000000,0.000000,0.951538,0.048462,1.000000
0.115254574,5,239,read_only,256,249,0.991968,0.995984,0.991968,{"1":319,"2":160},0.666667,0.329317,0.004016,0.000000,0.666667,0.325301,0.975904
0.115254574,5,239,union,256,249,0.991968,0.995984,0.991968,{"1":319,"2":160},0.666667,0.329317,0.004016,0.000000,0.666667,0.325301,0.975904
0.115254574,5,239,snapshot,256,4135,0.991536,0.995768,0.991536,{"1":7795,"2":397},0.947279,0.051995,0.000726,0.000000,0.947279,0.044256,0.839450
0.115254574,5,239,read_only,1024,72,0.944444,0.982143,0.944444,{"1":319,"2":160},0.625000,0.361111,0.013889,0.000000,0.625000,0.319444,0.851852
0.115254574,5,239,union,1024,72,0.944444,0.982143,0.944444,{"1":319,"2":160},0.625000,0.361111,0.013889,0.000000,0.625000,0.319444,0.851852
0.115254574,5,239,snapshot,1024,1058,0.959357,0.988422,0.959357,{"1":7795,"2":397},0.930057,0.064272,0.005671,0.000000,0.930057,0.029301,0.418919
0.115254574,5,239,read_only,4096,24,0.708333,0.927243,0.708333,{"1":319,"2":160},0.500000,0.416667,0.083333,0.000000,0.500000,0.208333,0.416667
0.115254574,5,239,union,4096,24,0.708333,0.927243,0.708333,{"1":319,"2":160},0.500000,0.416667,0.083333,0.000000,0.500000,0.208333,0.416667
0.115254574,5,239,snapshot,4096,281,0.896797,0.968416,0.896797,{"1":7795,"2":397},0.893238,0.081851,0.024911,0.000000,0.893238,0.003559,0.033333
0.115254574,5,239,read_only,16384,10,0.400000,0.781414,0.400000,{"1":319,"2":160},0.400000,0.400000,0.200000,0.000000,0.400000,0.000000,0.000000
0.115254574,5,239,union,16384,10,0.400000,0.781414,0.400000,{"1":319,"2":160},0.400000,0.400000,0.200000,0.000000,0.400000,0.000000,0.000000
0.115254574,5,239,snapshot,16384,90,0.855556,0.948533,0.855556,{"1":7795,"2":397},0.855556,0.088889,0.055556,0.000000,0.855556,0.000000,0.000000
0.115591211,5,240,read_only,64,11,1.000000,1.000000,1.000000,{"1":11},1.000000,0.000000,0.000000,0.000000,1.000000,0.000000,-1.000000
0.115591211,5,240,union,64,11,1.000000,1.000000,1.000000,{"1":11},1.000000,0.000000,0.000000,0.000000,1.000000,0.000000,-1.000000
0.115591211,5,240,snapshot,64,8192,1.000000,1.000000,1.000000,{"1":7795,"2":397},0.951538,0.048462,0.000000,0.000000,0.951538,0.048462,1.000000
0.115591211,5,240,read_only,256,6,1.000000,1.000000,1.000000,{"1":11},1.000000,0.000000,0.000000,0.000000,1.000000,0.000000,-1.000000
0.115591211,5,240,union,256,6,1.000000,1.000000,1.000000,{"1":11},1.000000,0.000000,0.000000,0.000000,1.000000,0.000000,-1.000000
0.115591211,5,240,snapshot,256,4136,0.991538,0.995769,0.991538,{"1":7795,"2":397},0.947292,0.051983,0.000725,0.000000,0.947292,0.044246,0.839450
0.115591211,5,240,read_only,1024,2,1.000000,1.000000,1.000000,{"1":11},1.000000,0.000000,0.000000,0.000000,1.000000,0.000000,-1.000000
0.115591211,5,240,union,1024,2,1.000000,1.000000,1.000000,{"1":11},1.000000,0.000000,0.000000,0.000000,1.000000,0.000000,-1.000000
0.115591211,5,240,snapshot,1024,1059,0.959396,0.988432,0.959396,{"1":7795,"2":397},0.930123,0.064212,0.005666,0.000000,0.930123,0.029273,0.418919
0.115591211,5,240,read_only,4096,1,1.000000,1.000000,1.000000,{"1":11},1.000000,0.000000,0.000000,0.000000,1.000000,0.000000,-1.000000
0.115591211,5,240,union,4096,1,1.000000,1.000000,1.000000,{"1":11},1.000000,0.000000,0.000000,0.000000,1.000000,0.000000,-1.000000
0.115591211,5,240,snapshot,4096,282,0.897163,0.968528,0.897163,{"1":7795,"2":397},0.893617,0.081560,0.024823,0.000000,0.893617,0.003546,0.033333
0.115591211,5,240,read_only,16384,1,1.000000,1.000000,1.000000,{"1":11},1.000000,0.000000,0.000000,0.000000,1.000000,0.000000,-1.000000
0.115591211,5,240,union,16384,1,1.000000,1.000000,1.000000,{"1":11},1.000000,0.000000,0.000000,0.000000,1.000000,0.000000,-1.000000
0.115591211,5,240,snapshot,16384,91,0.857143,0.949098,0.857143,{"1":7795,"2":397},0.857143,0.087912,0.054945,0.000000,0.857143,0.000000,0.000000
0.115864501,5,241,read_only,64,1,1.000000,1.000000,1.000000,{"1":1},1.000000,0.000000,0.000000,0.000000,1.000000,0.000000,-1.000000
0.115864501,5,241,union,64,1,1.000000,1.000000,1.000000,{"1":1},1.000000,0.000000,0.000000,0.000000,1.000000,0.000000,-1.000000
0.115864501,5,241,snapshot,64,8192,1.000000,1.000000,1.000000,{"1":7795,"2":397},0.951538,0.048462,0.000000,0.000000,0.951538,0.048462,1.000000
0.115864501,5,241,read_only,256,1,1.000000,1.000000,1.000000,{"1":1},1.000000,0.000000,0.000000,0.000000,1.000000,0.000000,-1.000000
0.115864501,5,241,union,256,1,1.000000,1.000000,1.000000,{"1":1},1.000000,0.000000,0.000000,0.000000,1.000000,0.000000,-1.000000
0.115864501,5,241,snapshot,256,4137,0.991540,0.995770,0.991540,{"1":7795,"2":397},0.947305,0.051970,0.000725,0.000000,0.947305,0.044235,0.839450
0.115864501,5,241,read_only,1024,1,1.000000,1.000000,1.000000,{"1":1},1.000000,0.000000,0.000000,0.000000,1.000000,0.000000,-1.000000
0.115864501,5,241,union,1024,1,1.000000,1.000000,1.000000,{"1":1},1.000000,0.000000,0.000000,0.000000,1.000000,0.000000,-1.000000
0.115864501,5,241,snapshot,1024,1060,0.959434,0.988443,0.959434,{"1":7795,"2":397},0.930189,0.064151,0.005660,0.000000,0.930189,0.029245,0.418919
0.115864501,5,241,read_only,4096,1,1.000000,1.000000,1.000000,{"1":1},1.000000,0.000000,0.000000,0.000000,1.000000,0.000000,-1.000000
0.115864501,5,241,union,4096,1,1.000000,1.000000,1.000000,{"1":1},1.000000,0.000000,0.000000,0.000000,1.000000,0.000000,-1.000000
0.115864501,5,241,snapshot,4096,283,0.897527,0.968640,0.897527,{"1":7795,"2":397},0.893993,0.081272,0.024735,0.000000,0.893993,0.003534,0.033333
0.115864501,5,241,read_only,16384,1,1.000000,1.000000,1.000000,{"1":1},1.000000,0.000000,0.000000,0.000000,1.000000,0.000000,-1.000000
0.115864501,5,241,union,16384,1,1.000000,1.000000,1.000000,{"1":1},1.000000,0.000000,0.000000,0.000000,1.000000,0.000000,-1.000000
0.115864501,5,241,snapshot,16384,92,0.858696,0.949652,0.858696,{"1":7795,"2":397},0.858696,0.086957,0.054348,0.000000,0.858696,0.000000,0.000000
0.116096660,5,242,snapshot,64,8192,1.000000,1.000000,1.000000,{"1":7795,"2":397},0.951538,0.048462,0.000000,0.000000,0.951538,0.048462,1.000000
0.116096660,5,242,snapshot,256,4137,0.991540,0.995770,0.991540,{"1":7795,"2":397},0.947305,0.051970,0.000725,0.000000,0.947305,0.044235,0.839450
0.116096660,5,242,snapshot,1024,1060,0.959434,0.988443,0.959434,{"1":7795,"2":397},0.930189,0.064151,0.005660,0.000000,0.930189,0.029245,0.418919
0.116096660,5,242,snapshot,4096,283,0.897527,0.968640,0.897527,{"1":7795,"2":397},0.893993,0.081272,0.024735,0.000000,0.893993,0.003534,0.033333
0.116096660,5,242,snapshot,16384,92,0.858696,0.949652,0.858696,{"1":7795,"2":397},0.858696,0.086957,0.054348,0.000000,0.858696,0.000000,0.000000
0.116330227,5,243,snapshot,64,8192,1.000000,1.000000,1.000000,{"1":7795,"2":397},0.951538,0.048462,0.000000,0.000000,0.951538,0.048462,1.000000
0.116330227,5,243,snapshot,256,4137,0.991540,0.995770,0.991540,{"1":7795,"2":397},0.947305,0.051970,0.000725,0.000000,0.947305,0.044235,0.839450
0.116330227,5,243,snapshot,1024,1060,0.959434,0.988443,0.959434,{"1":7795,"2":397},0.930189,0.064151,0.005660,0.000000,0.930189,0.029245,0.418919
0.116330227,5,243,snapshot,4096,283,0.897527,0.968640,0.897527,{"1":7795,"2":397},0.893993,0.081272,0.024735,0.000000,0.893993,0.003534,0.033333
0.116330227,5,243,snapshot,16384,92,0.858696,0.949652,0.858696,{"1":7795,"2":397},0.858696,0.086957,0.054348,0.000000,0.858696,0.000000,0.000000
0.116602651,5,244,read_only,64,1484,1.000000,1.000000,1.000000,{"1":1484},1.000000,0.000000,0.000000,0.000000,1.000000,0.000000,-1.000000
0.116602651,5,244,union,64,1484,1.000000,1.000000,1.000000,{"1":1484},1.000000,0.000000,0.000000,0.000000,1.000000,0.000000,-1.000000
0.116602651,5,244,snapshot,64,8192,1.000000,1.000000,1.000000,{"1":7795,"2":397},0.951538,0.048462,0.000000,0.000000,0.951538,0.048462,1.000000
0.116602651,5,244,read_only,256,742,1.000000,1.000000,1.000000,{"1":1484},1.000000,0.000000,0.000000,0.000000,1.000000,0.000000,-1.000000
0.116602651,5,244,union,256,742,1.000000,1.000000,1.000000,{"1":1484},1.000000,0.000000,0.000000,0.000000,1.000000,0.000000,-1.000000
0.116602651,5,244,snapshot,256,4124,0.992241,0.996120,0.992241,{"1":7795,"2":397},0.947139,0.052134,0.000727,0.000000,0.947139,0.045102,0.853211
0.116602651,5,244,read_only,1024,186,1.000000,1.000000,1.000000,{"1":1484},1.000000,0.000000,0.000000,0.000000,1.000000,0.000000,-1.000000
0.116602651,5,244,union,1024,186,1.000000,1.000000,1.000000,{"1":1484},1.000000,0.000000,0.000000,0.000000,1.000000,0.000000,-1.000000
0.116602651,5,244,snapshot,1024,1050,0.960952,0.988849,0.960952,{"1":7795,"2":397},0.929524,0.064762,0.005714,0.000000,0.929524,0.031429,0.445946
0.116602651,5,244,read_only,4096,47,1.000000,1.000000,1.000000,{"1":1484},1.000000,0.000000,0.000000,0.000000,1.000000,0.000000,-1.000000
0.116602651,5,244,union,4096,47,1.000000,1.000000,1.000000,{"1":1484},1.000000,0.000000,0.000000,0.000000,1.000000,0.000000,-1.000000
0.116602651,5,244,snapshot,4096,282,0.897163,0.968634,0.897163,{"1":7795,"2":397},0.893617,0.081560,0.024823,0.000000,0.893617,0.003546,0.033333
0.116602651,5,244,read_only,16384,13,0.692308,0.884615,0.692308,{"1":1484},0.692308,0.307692,0.000000,0.000000,0.692308,0.000000,0.000000
0.116602651,5,244,union,16384,13,0.692308,0.884615,0.692308,{"1":1484},0.692308,0.307692,0.000000,0.000000,0.692308,0.000000,0.000000
0.116602651,5,244,snapshot,16384,90,0.811111,0.938884,0.811111,{"1":7795,"2":397},0.811111,0.133333,0.055556,0.000000,0.811111,0.000000,0.000000
0.116831969,5,245,snapshot,64,8192,1.000000,1.000000,1.000000,{"1":7795,"2":397},0.951538,0.048462,0.000000,0.000000,0.951538,0.048462,1.000000
0.116831969,5,245,snapshot,256,4124,0.992241,0.996120,0.992241,{"1":7795,"2":397},0.947139,0.052134,0.000727,0.000000,0.947139,0.045102,0.853211
0.116831969,5,245,snapshot,1024,1050,0.960952,0.988849,0.960952,{"1":7795,"2":397},0.929524,0.064762,0.005714,0.000000,0.929524,0.031429,0.445946
0.116831969,5,245,snapshot,4096,282,0.897163,0.968634,0.897163,{"1":7795,"2":397},0.893617,0.081560,0.024823,0.000000,0.893617,0.003546,0.033333
0.116831969,5,245,snapshot,16384,90,0.811111,0.938884,0.811111,{"1":7795,"2":397},0.811111,0.133333,0.055556,0.000000,0.811111,0.000000,0.000000
0.117071290,5,246,read_only,64,318,1.000000,1.000000,1.000000,{"1":318},1.000000,0.000000,0.000000,0.000000,1.000000,0.000000,-1.000000
0.117071290,5,246,union,64,318,1.000000,1.000000,1.000000,{"1":318},1.000000,0.000000,0.000000,0.000000,1.000000,0.000000,-1.000000
0.117071290,5,246,snapshot,64,8192,1.000000,1.000000,1.000000,{"1":7795,"2":397},0.951538,0.048462,0.000000,0.000000,0.951538,0.048462,1.000000
0.117071290,5,246,read_only,256,159,1.000000,1.000000,1.000000,{"1":318},1.000000,0.000000,0.000000,0.000000,1.000000,0.000000,-1.000000
0.117071290,5,246,union,256,159,1.000000,1.000000,1.000000,{"1":318},1.000000,0.000000,0.000000,0.000000,1.000000,0.000000,-1.000000
0.117071290,5,246,snapshot,256,4125,0.992242,0.996121,0.992242,{"1":7795,"2":397},0.947152,0.052121,0.000727,0.000000,0.947152,0.045091,0.853211
0.117071290,5,246,read_only,1024,40,1.000000,1.000000,1.000000,{"1":318},1.000000,0.000000,0.000000,0.000000,1.000000,0.000000,-1.000000
0.117071290,5,246,union,1024,40,1.000000,1.000000,1.000000,{"1":318},1.000000,0.000000,0.000000,0.000000,1.000000,0.000000,-1.000000
0.117071290,5,246,snapshot,1024,1052,0.961027,0.988870,0.961027,{"1":7795,"2":397},0.929658,0.064639,0.005703,0.000000,0.929658,0.031369,0.445946
0.117071290,5,246,read_only,4096,10,1.000000,1.000000,1.000000,{"1":318},1.000000,0.000000,0.000000,0.000000,1.000000,0.000000,-1.000000
0.117071290,5,246,union,4096,10,1.000000,1.000000,1.000000,{"1":318},1.000000,0.000000,0.000000,0.000000,1.000000,0.000000,-1.000000
0.117071290,5,246,snapshot,4096,284,0.897887,0.969343,0.897887,{"1":7795,"2":397},0.894366,0.080986,0.024648,0.000000,0.894366,0.003521,0.033333
0.117071290,5,246,read_only,16384,3,1.000000,1.000000,1.000000,{"1":318},1.000000,0.000000,0.000000,0.000000,1.000000,0.000000,-1.000000
0.117071290,5,246,union,16384,3,1.000000,1.000000,1.000000,{"1":318},1.000000,0.000000,0.000000,0.000000,1.000000,0.000000,-1.000000
0.117071290,5,246,snapshot,16384,93,0.817204,0.941097,0.817204,{"1":7795,"2":397},0.817204,0.129032,0.053763,0.000000,0.817204,0.000000,0.000000
