sim_time,gpu_id,kernel_id,view,region_size_bytes,num_regions_with_entries,strict_coalescable_ratio,avg_relaxed_ratio,full_redundant_ratio,sharer_set_cardinality_dist_json,reg_card1_ratio,reg_card2_ratio,reg_card3_ratio,reg_card4plus_ratio,coalescable_private_ratio,coalescable_shared_ratio,shared_only_strict_ratio
0.000413307,3,0,read_only,64,2,1.000000,1.000000,1.000000,{"1":2},1.000000,0.000000,0.000000,0.000000,1.000000,0.000000,-1.000000
0.000413307,3,0,union,64,2,1.000000,1.000000,1.000000,{"1":2},1.000000,0.000000,0.000000,0.000000,1.000000,0.000000,-1.000000
0.000413307,3,0,snapshot,64,2,1.000000,1.000000,1.000000,{"1":2},1.000000,0.000000,0.000000,0.000000,1.000000,0.000000,-1.000000
0.000413307,3,0,read_only,256,2,1.000000,1.000000,1.000000,{"1":2},1.000000,0.000000,0.000000,0.000000,1.000000,0.000000,-1.000000
0.000413307,3,0,union,256,2,1.000000,1.000000,1.000000,{"1":2},1.000000,0.000000,0.000000,0.000000,1.000000,0.000000,-1.000000
0.000413307,3,0,snapshot,256,2,1.000000,1.000000,1.000000,{"1":2},1.000000,0.000000,0.000000,0.000000,1.000000,0.000000,-1.000000
0.000413307,3,0,read_only,1024,2,1.000000,1.000000,1.000000,{"1":2},1.000000,0.000000,0.000000,0.000000,1.000000,0.000000,-1.000000
0.000413307,3,0,union,1024,2,1.000000,1.000000,1.000000,{"1":2},1.000000,0.000000,0.000000,0.000000,1.000000,0.000000,-1.000000
0.000413307,3,0,snapshot,1024,2,1.000000,1.000000,1.000000,{"1":2},1.000000,0.000000,0.000000,0.000000,1.000000,0.000000,-1.000000
0.000413307,3,0,read_only,4096,2,1.000000,1.000000,1.000000,{"1":2},1.000000,0.000000,0.000000,0.000000,1.000000,0.000000,-1.000000
0.000413307,3,0,union,4096,2,1.000000,1.000000,1.000000,{"1":2},1.000000,0.000000,0.000000,0.000000,1.000000,0.000000,-1.000000
0.000413307,3,0,snapshot,4096,2,1.000000,1.000000,1.000000,{"1":2},1.000000,0.000000,0.000000,0.000000,1.000000,0.000000,-1.000000
0.000413307,3,0,read_only,16384,2,1.000000,1.000000,1.000000,{"1":2},1.000000,0.000000,0.000000,0.000000,1.000000,0.000000,-1.000000
0.000413307,3,0,union,16384,2,1.000000,1.000000,1.000000,{"1":2},1.000000,0.000000,0.000000,0.000000,1.000000,0.000000,-1.000000
0.000413307,3,0,snapshot,16384,2,1.000000,1.000000,1.000000,{"1":2},1.000000,0.000000,0.000000,0.000000,1.000000,0.000000,-1.000000
0.000655970,3,1,snapshot,64,2,1.000000,1.000000,1.000000,{"1":2},1.000000,0.000000,0.000000,0.000000,1.000000,0.000000,-1.000000
0.000655970,3,1,snapshot,256,2,1.000000,1.000000,1.000000,{"1":2},1.000000,0.000000,0.000000,0.000000,1.000000,0.000000,-1.000000
0.000655970,3,1,snapshot,1024,2,1.000000,1.000000,1.000000,{"1":2},1.000000,0.000000,0.000000,0.000000,1.000000,0.000000,-1.000000
0.000655970,3,1,snapshot,4096,2,1.000000,1.000000,1.000000,{"1":2},1.000000,0.000000,0.000000,0.000000,1.000000,0.000000,-1.000000
0.000655970,3,1,snapshot,16384,2,1.000000,1.000000,1.000000,{"1":2},1.000000,0.000000,0.000000,0.000000,1.000000,0.000000,-1.000000
0.000943190,3,2,read_only,64,36,1.000000,1.000000,1.000000,{"1":36},1.000000,0.000000,0.000000,0.000000,1.000000,0.000000,-1.000000
0.000943190,3,2,union,64,38,1.000000,1.000000,1.000000,{"1":38},1.000000,0.000000,0.000000,0.000000,1.000000,0.000000,-1.000000
0.000943190,3,2,snapshot,64,40,1.000000,1.000000,1.000000,{"1":40},1.000000,0.000000,0.000000,0.000000,1.000000,0.000000,-1.000000
0.000943190,3,2,read_only,256,36,1.000000,1.000000,1.000000,{"1":36},1.000000,0.000000,0.000000,0.000000,1.000000,0.000000,-1.000000
0.000943190,3,2,union,256,38,1.000000,1.000000,1.000000,{"1":38},1.000000,0.000000,0.000000,0.000000,1.000000,0.000000,-1.000000
0.000943190,3,2,snapshot,256,40,1.000000,1.000000,1.000000,{"1":40},1.000000,0.000000,0.000000,0.000000,1.000000,0.000000,-1.000000
0.000943190,3,2,read_only,1024,36,1.000000,1.000000,1.000000,{"1":36},1.000000,0.000000,0.000000,0.000000,1.000000,0.000000,-1.000000
0.000943190,3,2,union,1024,38,1.000000,1.000000,1.000000,{"1":38},1.000000,0.000000,0.000000,0.000000,1.000000,0.000000,-1.000000
0.000943190,3,2,snapshot,1024,40,1.000000,1.000000,1.000000,{"1":40},1.000000,0.000000,0.000000,0.000000,1.000000,0.000000,-1.000000
0.000943190,3,2,read_only,4096,36,1.000000,1.000000,1.000000,{"1":36},1.000000,0.000000,0.000000,0.000000,1.000000,0.000000,-1.000000
0.000943190,3,2,union,4096,38,1.000000,1.000000,1.000000,{"1":38},1.000000,0.000000,0.000000,0.000000,1.000000,0.000000,-1.000000
0.000943190,3,2,snapshot,4096,40,1.000000,1.000000,1.000000,{"1":40},1.000000,0.000000,0.000000,0.000000,1.000000,0.000000,-1.000000
0.000943190,3,2,read_only,16384,36,1.000000,1.000000,1.000000,{"1":36},1.000000,0.000000,0.000000,0.000000,1.000000,0.000000,-1.000000
0.000943190,3,2,union,16384,38,1.000000,1.000000,1.000000,{"1":38},1.000000,0.000000,0.000000,0.000000,1.000000,0.000000,-1.000000
0.000943190,3,2,snapshot,16384,40,1.000000,1.000000,1.000000,{"1":40},1.000000,0.000000,0.000000,0.000000,1.000000,0.000000,-1.000000
0.001177941,3,3,snapshot,64,40,1.000000,1.000000,1.000000,{"1":40},1.000000,0.000000,0.000000,0.000000,1.000000,0.000000,-1.000000
0.001177941,3,3,snapshot,256,40,1.000000,1.000000,1.000000,{"1":40},1.000000,0.000000,0.000000,0.000000,1.000000,0.000000,-1.000000
0.001177941,3,3,snapshot,1024,40,1.000000,1.000000,1.000000,{"1":40},1.000000,0.000000,0.000000,0.000000,1.000000,0.000000,-1.000000
0.001177941,3,3,snapshot,4096,40,1.000000,1.000000,1.000000,{"1":40},1.000000,0.000000,0.000000,0.000000,1.000000,0.000000,-1.000000
0.001177941,3,3,snapshot,16384,40,1.000000,1.000000,1.000000,{"1":40},1.000000,0.000000,0.000000,0.000000,1.000000,0.000000,-1.000000
0.001412302,3,4,snapshot,64,40,1.000000,1.000000,1.000000,{"1":40},1.000000,0.000000,0.000000,0.000000,1.000000,0.000000,-1.000000
0.001412302,3,4,snapshot,256,40,1.000000,1.000000,1.000000,{"1":40},1.000000,0.000000,0.000000,0.000000,1.000000,0.000000,-1.000000
0.001412302,3,4,snapshot,1024,40,1.000000,1.000000,1.000000,{"1":40},1.000000,0.000000,0.000000,0.000000,1.000000,0.000000,-1.000000
0.001412302,3,4,snapshot,4096,40,1.000000,1.000000,1.000000,{"1":40},1.000000,0.000000,0.000000,0.000000,1.000000,0.000000,-1.000000
0.001412302,3,4,snapshot,16384,40,1.000000,1.000000,1.000000,{"1":40},1.000000,0.000000,0.000000,0.000000,1.000000,0.000000,-1.000000
0.001642820,3,5,snapshot,64,40,1.000000,1.000000,1.000000,{"1":40},1.000000,0.000000,0.000000,0.000000,1.000000,0.000000,-1.000000
0.001642820,3,5,snapshot,256,40,1.000000,1.000000,1.000000,{"1":40},1.000000,0.000000,0.000000,0.000000,1.000000,0.000000,-1.000000
0.001642820,3,5,snapshot,1024,40,1.000000,1.000000,1.000000,{"1":40},1.000000,0.000000,0.000000,0.000000,1.000000,0.000000,-1.000000
0.001642820,3,5,snapshot,4096,40,1.000000,1.000000,1.000000,{"1":40},1.000000,0.000000,0.000000,0.000000,1.000000,0.000000,-1.000000
0.001642820,3,5,snapshot,16384,40,1.000000,1.000000,1.000000,{"1":40},1.000000,0.000000,0.000000,0.000000,1.000000,0.000000,-1.000000
0.002666412,3,6,read_only,64,13,1.000000,1.000000,1.000000,{"1":13},1.000000,0.000000,0.000000,0.000000,1.000000,0.000000,-1.000000
0.002666412,3,6,union,64,13,1.000000,1.000000,1.000000,{"1":13},1.000000,0.000000,0.000000,0.000000,1.000000,0.000000,-1.000000
0.002666412,3,6,snapshot,64,53,1.000000,1.000000,1.000000,{"1":53},1.000000,0.000000,0.000000,0.000000,1.000000,0.000000,-1.000000
0.002666412,3,6,read_only,256,13,1.000000,1.000000,1.000000,{"1":13},1.000000,0.000000,0.000000,0.000000,1.000000,0.000000,-1.000000
0.002666412,3,6,union,256,13,1.000000,1.000000,1.000000,{"1":13},1.000000,0.000000,0.000000,0.000000,1.000000,0.000000,-1.000000
0.002666412,3,6,snapshot,256,53,1.000000,1.000000,1.000000,{"1":53},1.000000,0.000000,0.000000,0.000000,1.000000,0.000000,-1.000000
0.002666412,3,6,read_only,1024,13,1.000000,1.000000,1.000000,{"1":13},1.000000,0.000000,0.000000,0.000000,1.000000,0.000000,-1.000000
0.002666412,3,6,union,1024,13,1.000000,1.000000,1.000000,{"1":13},1.000000,0.000000,0.000000,0.000000,1.000000,0.000000,-1.000000
0.002666412,3,6,snapshot,1024,53,1.000000,1.000000,1.000000,{"1":53},1.000000,0.000000,0.000000,0.000000,1.000000,0.000000,-1.000000
0.002666412,3,6,read_only,4096,13,1.000000,1.000000,1.000000,{"1":13},1.000000,0.000000,0.000000,0.000000,1.000000,0.000000,-1.000000
0.002666412,3,6,union,4096,13,1.000000,1.000000,1.000000,{"1":13},1.000000,0.000000,0.000000,0.000000,1.000000,0.000000,-1.000000
0.002666412,3,6,snapshot,4096,53,1.000000,1.000000,1.000000,{"1":53},1.000000,0.000000,0.000000,0.000000,1.000000,0.000000,-1.000000
0.002666412,3,6,read_only,16384,13,1.000000,1.000000,1.000000,{"1":13},1.000000,0.000000,0.000000,0.000000,1.000000,0.000000,-1.000000
0.002666412,3,6,union,16384,13,1.000000,1.000000,1.000000,{"1":13},1.000000,0.000000,0.000000,0.000000,1.000000,0.000000,-1.000000
0.002666412,3,6,snapshot,16384,53,1.000000,1.000000,1.000000,{"1":53},1.000000,0.000000,0.000000,0.000000,1.000000,0.000000,-1.000000
0.002899459,3,7,snapshot,64,53,1.000000,1.000000,1.000000,{"1":53},1.000000,0.000000,0.000000,0.000000,1.000000,0.000000,-1.000000
0.002899459,3,7,snapshot,256,53,1.000000,1.000000,1.000000,{"1":53},1.000000,0.000000,0.000000,0.000000,1.000000,0.000000,-1.000000
0.002899459,3,7,snapshot,1024,53,1.000000,1.000000,1.000000,{"1":53},1.000000,0.000000,0.000000,0.000000,1.000000,0.000000,-1.000000
0.002899459,3,7,snapshot,4096,53,1.000000,1.000000,1.000000,{"1":53},1.000000,0.000000,0.000000,0.000000,1.000000,0.000000,-1.000000
0.002899459,3,7,snapshot,16384,53,1.000000,1.000000,1.000000,{"1":53},1.000000,0.000000,0.000000,0.000000,1.000000,0.000000,-1.000000
0.003132927,3,8,read_only,64,2,1.000000,1.000000,1.000000,{"1":2},1.000000,0.000000,0.000000,0.000000,1.000000,0.000000,-1.000000
0.003132927,3,8,union,64,2,1.000000,1.000000,1.000000,{"1":2},1.000000,0.000000,0.000000,0.000000,1.000000,0.000000,-1.000000
0.003132927,3,8,snapshot,64,55,1.000000,1.000000,1.000000,{"1":55},1.000000,0.000000,0.000000,0.000000,1.000000,0.000000,-1.000000
0.003132927,3,8,read_only,256,2,1.000000,1.000000,1.000000,{"1":2},1.000000,0.000000,0.000000,0.000000,1.000000,0.000000,-1.000000
0.003132927,3,8,union,256,2,1.000000,1.000000,1.000000,{"1":2},1.000000,0.000000,0.000000,0.000000,1.000000,0.000000,-1.000000
0.003132927,3,8,snapshot,256,55,1.000000,1.000000,1.000000,{"1":55},1.000000,0.000000,0.000000,0.000000,1.000000,0.000000,-1.000000
0.003132927,3,8,read_only,1024,2,1.000000,1.000000,1.000000,{"1":2},1.000000,0.000000,0.000000,0.000000,1.000000,0.000000,-1.000000
0.003132927,3,8,union,1024,2,1.000000,1.000000,1.000000,{"1":2},1.000000,0.000000,0.000000,0.000000,1.000000,0.000000,-1.000000
0.003132927,3,8,snapshot,1024,55,1.000000,1.000000,1.000000,{"1":55},1.000000,0.000000,0.000000,0.000000,1.000000,0.000000,-1.000000
0.003132927,3,8,read_only,4096,2,1.000000,1.000000,1.000000,{"1":2},1.000000,0.000000,0.000000,0.000000,1.000000,0.000000,-1.000000
0.003132927,3,8,union,4096,2,1.000000,1.000000,1.000000,{"1":2},1.000000,0.000000,0.000000,0.000000,1.000000,0.000000,-1.000000
0.003132927,3,8,snapshot,4096,55,1.000000,1.000000,1.000000,{"1":55},1.000000,0.000000,0.000000,0.000000,1.000000,0.000000,-1.000000
0.003132927,3,8,read_only,16384,2,1.000000,1.000000,1.000000,{"1":2},1.000000,0.000000,0.000000,0.000000,1.000000,0.000000,-1.000000
0.003132927,3,8,union,16384,2,1.000000,1.000000,1.000000,{"1":2},1.000000,0.000000,0.000000,0.000000,1.000000,0.000000,-1.000000
0.003132927,3,8,snapshot,16384,55,1.000000,1.000000,1.000000,{"1":55},1.000000,0.000000,0.000000,0.000000,1.000000,0.000000,-1.000000
0.003370277,3,9,snapshot,64,55,1.000000,1.000000,1.000000,{"1":55},1.000000,0.000000,0.000000,0.000000,1.000000,0.000000,-1.000000
0.003370277,3,9,snapshot,256,55,1.000000,1.000000,1.000000,{"1":55},1.000000,0.000000,0.000000,0.000000,1.000000,0.000000,-1.000000
0.003370277,3,9,snapshot,1024,55,1.000000,1.000000,1.000000,{"1":55},1.000000,0.000000,0.000000,0.000000,1.000000,0.000000,-1.000000
0.003370277,3,9,snapshot,4096,55,1.000000,1.000000,1.000000,{"1":55},1.000000,0.000000,0.000000,0.000000,1.000000,0.000000,-1.000000
0.003370277,3,9,snapshot,16384,55,1.000000,1.000000,1.000000,{"1":55},1.000000,0.000000,0.000000,0.000000,1.000000,0.000000,-1.000000
0.003620438,3,10,read_only,64,2,1.000000,1.000000,1.000000,{"1":2},1.000000,0.000000,0.000000,0.000000,1.000000,0.000000,-1.000000
0.003620438,3,10,union,64,2,1.000000,1.000000,1.000000,{"1":2},1.000000,0.000000,0.000000,0.000000,1.000000,0.000000,-1.000000
0.003620438,3,10,snapshot,64,57,1.000000,1.000000,1.000000,{"1":57},1.000000,0.000000,0.000000,0.000000,1.000000,0.000000,-1.000000
0.003620438,3,10,read_only,256,2,1.000000,1.000000,1.000000,{"1":2},1.000000,0.000000,0.000000,0.000000,1.000000,0.000000,-1.000000
0.003620438,3,10,union,256,2,1.000000,1.000000,1.000000,{"1":2},1.000000,0.000000,0.000000,0.000000,1.000000,0.000000,-1.000000
0.003620438,3,10,snapshot,256,57,1.000000,1.000000,1.000000,{"1":57},1.000000,0.000000,0.000000,0.000000,1.000000,0.000000,-1.000000
0.003620438,3,10,read_only,1024,2,1.000000,1.000000,1.000000,{"1":2},1.000000,0.000000,0.000000,0.000000,1.000000,0.000000,-1.000000
0.003620438,3,10,union,1024,2,1.000000,1.000000,1.000000,{"1":2},1.000000,0.000000,0.000000,0.000000,1.000000,0.000000,-1.000000
0.003620438,3,10,snapshot,1024,57,1.000000,1.000000,1.000000,{"1":57},1.000000,0.000000,0.000000,0.000000,1.000000,0.000000,-1.000000
0.003620438,3,10,read_only,4096,2,1.000000,1.000000,1.000000,{"1":2},1.000000,0.000000,0.000000,0.000000,1.000000,0.000000,-1.000000
0.003620438,3,10,union,4096,2,1.000000,1.000000,1.000000,{"1":2},1.000000,0.000000,0.000000,0.000000,1.000000,0.000000,-1.000000
0.003620438,3,10,snapshot,4096,57,1.000000,1.000000,1.000000,{"1":57},1.000000,0.000000,0.000000,0.000000,1.000000,0.000000,-1.000000
0.003620438,3,10,read_only,16384,2,1.000000,1.000000,1.000000,{"1":2},1.000000,0.000000,0.000000,0.000000,1.000000,0.000000,-1.000000
0.003620438,3,10,union,16384,2,1.000000,1.000000,1.000000,{"1":2},1.000000,0.000000,0.000000,0.000000,1.000000,0.000000,-1.000000
0.003620438,3,10,snapshot,16384,57,1.000000,1.000000,1.000000,{"1":57},1.000000,0.000000,0.000000,0.000000,1.000000,0.000000,-1.000000
0.003851606,3,11,snapshot,64,57,1.000000,1.000000,1.000000,{"1":57},1.000000,0.000000,0.000000,0.000000,1.000000,0.000000,-1.000000
0.003851606,3,11,snapshot,256,57,1.000000,1.000000,1.000000,{"1":57},1.000000,0.000000,0.000000,0.000000,1.000000,0.000000,-1.000000
0.003851606,3,11,snapshot,1024,57,1.000000,1.000000,1.000000,{"1":57},1.000000,0.000000,0.000000,0.000000,1.000000,0.000000,-1.000000
0.003851606,3,11,snapshot,4096,57,1.000000,1.000000,1.000000,{"1":57},1.000000,0.000000,0.000000,0.000000,1.000000,0.000000,-1.000000
0.003851606,3,11,snapshot,16384,57,1.000000,1.000000,1.000000,{"1":57},1.000000,0.000000,0.000000,0.000000,1.000000,0.000000,-1.000000
0.004085562,3,12,snapshot,64,57,1.000000,1.000000,1.000000,{"1":57},1.000000,0.000000,0.000000,0.000000,1.000000,0.000000,-1.000000
0.004085562,3,12,snapshot,256,57,1.000000,1.000000,1.000000,{"1":57},1.000000,0.000000,0.000000,0.000000,1.000000,0.000000,-1.000000
0.004085562,3,12,snapshot,1024,57,1.000000,1.000000,1.000000,{"1":57},1.000000,0.000000,0.000000,0.000000,1.000000,0.000000,-1.000000
0.004085562,3,12,snapshot,4096,57,1.000000,1.000000,1.000000,{"1":57},1.000000,0.000000,0.000000,0.000000,1.000000,0.000000,-1.000000
0.004085562,3,12,snapshot,16384,57,1.000000,1.000000,1.000000,{"1":57},1.000000,0.000000,0.000000,0.000000,1.000000,0.000000,-1.000000
0.004318913,3,13,read_only,64,2,1.000000,1.000000,1.000000,{"1":2},1.000000,0.000000,0.000000,0.000000,1.000000,0.000000,-1.000000
0.004318913,3,13,union,64,2,1.000000,1.000000,1.000000,{"1":2},1.000000,0.000000,0.000000,0.000000,1.000000,0.000000,-1.000000
0.004318913,3,13,snapshot,64,59,1.000000,1.000000,1.000000,{"1":59},1.000000,0.000000,0.000000,0.000000,1.000000,0.000000,-1.000000
0.004318913,3,13,read_only,256,2,1.000000,1.000000,1.000000,{"1":2},1.000000,0.000000,0.000000,0.000000,1.000000,0.000000,-1.000000
0.004318913,3,13,union,256,2,1.000000,1.000000,1.000000,{"1":2},1.000000,0.000000,0.000000,0.000000,1.000000,0.000000,-1.000000
0.004318913,3,13,snapshot,256,59,1.000000,1.000000,1.000000,{"1":59},1.000000,0.000000,0.000000,0.000000,1.000000,0.000000,-1.000000
0.004318913,3,13,read_only,1024,2,1.000000,1.000000,1.000000,{"1":2},1.000000,0.000000,0.000000,0.000000,1.000000,0.000000,-1.000000
0.004318913,3,13,union,1024,2,1.000000,1.000000,1.000000,{"1":2},1.000000,0.000000,0.000000,0.000000,1.000000,0.000000,-1.000000
0.004318913,3,13,snapshot,1024,59,1.000000,1.000000,1.000000,{"1":59},1.000000,0.000000,0.000000,0.000000,1.000000,0.000000,-1.000000
0.004318913,3,13,read_only,4096,2,1.000000,1.000000,1.000000,{"1":2},1.000000,0.000000,0.000000,0.000000,1.000000,0.000000,-1.000000
0.004318913,3,13,union,4096,2,1.000000,1.000000,1.000000,{"1":2},1.000000,0.000000,0.000000,0.000000,1.000000,0.000000,-1.000000
0.004318913,3,13,snapshot,4096,59,1.000000,1.000000,1.000000,{"1":59},1.000000,0.000000,0.000000,0.000000,1.000000,0.000000,-1.000000
0.004318913,3,13,read_only,16384,2,1.000000,1.000000,1.000000,{"1":2},1.000000,0.000000,0.000000,0.000000,1.000000,0.000000,-1.000000
0.004318913,3,13,union,16384,2,1.000000,1.000000,1.000000,{"1":2},1.000000,0.000000,0.000000,0.000000,1.000000,0.000000,-1.000000
0.004318913,3,13,snapshot,16384,59,1.000000,1.000000,1.000000,{"1":59},1.000000,0.000000,0.000000,0.000000,1.000000,0.000000,-1.000000
0.004728536,3,14,read_only,64,1,1.000000,1.000000,1.000000,{"1":1},1.000000,0.000000,0.000000,0.000000,1.000000,0.000000,-1.000000
0.004728536,3,14,union,64,1,1.000000,1.000000,1.000000,{"1":1},1.000000,0.000000,0.000000,0.000000,1.000000,0.000000,-1.000000
0.004728536,3,14,snapshot,64,60,1.000000,1.000000,1.000000,{"1":60},1.000000,0.000000,0.000000,0.000000,1.000000,0.000000,-1.000000
0.004728536,3,14,read_only,256,1,1.000000,1.000000,1.000000,{"1":1},1.000000,0.000000,0.000000,0.000000,1.000000,0.000000,-1.000000
0.004728536,3,14,union,256,1,1.000000,1.000000,1.000000,{"1":1},1.000000,0.000000,0.000000,0.000000,1.000000,0.000000,-1.000000
0.004728536,3,14,snapshot,256,60,1.000000,1.000000,1.000000,{"1":60},1.000000,0.000000,0.000000,0.000000,1.000000,0.000000,-1.000000
0.004728536,3,14,read_only,1024,1,1.000000,1.000000,1.000000,{"1":1},1.000000,0.000000,0.000000,0.000000,1.000000,0.000000,-1.000000
0.004728536,3,14,union,1024,1,1.000000,1.000000,1.000000,{"1":1},1.000000,0.000000,0.000000,0.000000,1.000000,0.000000,-1.000000
0.004728536,3,14,snapshot,1024,60,1.000000,1.000000,1.000000,{"1":60},1.000000,0.000000,0.000000,0.000000,1.000000,0.000000,-1.000000
0.004728536,3,14,read_only,4096,1,1.000000,1.000000,1.000000,{"1":1},1.000000,0.000000,0.000000,0.000000,1.000000,0.000000,-1.000000
0.004728536,3,14,union,4096,1,1.000000,1.000000,1.000000,{"1":1},1.000000,0.000000,0.000000,0.000000,1.000000,0.000000,-1.000000
0.004728536,3,14,snapshot,4096,60,1.000000,1.000000,1.000000,{"1":60},1.000000,0.000000,0.000000,0.000000,1.000000,0.000000,-1.000000
0.004728536,3,14,read_only,16384,1,1.000000,1.000000,1.000000,{"1":1},1.000000,0.000000,0.000000,0.000000,1.000000,0.000000,-1.000000
0.004728536,3,14,union,16384,1,1.000000,1.000000,1.000000,{"1":1},1.000000,0.000000,0.000000,0.000000,1.000000,0.000000,-1.000000
0.004728536,3,14,snapshot,16384,60,1.000000,1.000000,1.000000,{"1":60},1.000000,0.000000,0.000000,0.000000,1.000000,0.000000,-1.000000
0.004961853,3,15,snapshot,64,60,1.000000,1.000000,1.000000,{"1":60},1.000000,0.000000,0.000000,0.000000,1.000000,0.000000,-1.000000
0.004961853,3,15,snapshot,256,60,1.000000,1.000000,1.000000,{"1":60},1.000000,0.000000,0.000000,0.000000,1.000000,0.000000,-1.000000
0.004961853,3,15,snapshot,1024,60,1.000000,1.000000,1.000000,{"1":60},1.000000,0.000000,0.000000,0.000000,1.000000,0.000000,-1.000000
0.004961853,3,15,snapshot,4096,60,1.000000,1.000000,1.000000,{"1":60},1.000000,0.000000,0.000000,0.000000,1.000000,0.000000,-1.000000
0.004961853,3,15,snapshot,16384,60,1.000000,1.000000,1.000000,{"1":60},1.000000,0.000000,0.000000,0.000000,1.000000,0.000000,-1.000000
0.005196843,3,16,read_only,64,1,1.000000,1.000000,1.000000,{"1":1},1.000000,0.000000,0.000000,0.000000,1.000000,0.000000,-1.000000
0.005196843,3,16,union,64,1,1.000000,1.000000,1.000000,{"1":1},1.000000,0.000000,0.000000,0.000000,1.000000,0.000000,-1.000000
0.005196843,3,16,snapshot,64,61,1.000000,1.000000,1.000000,{"1":61},1.000000,0.000000,0.000000,0.000000,1.000000,0.000000,-1.000000
0.005196843,3,16,read_only,256,1,1.000000,1.000000,1.000000,{"1":1},1.000000,0.000000,0.000000,0.000000,1.000000,0.000000,-1.000000
0.005196843,3,16,union,256,1,1.000000,1.000000,1.000000,{"1":1},1.000000,0.000000,0.000000,0.000000,1.000000,0.000000,-1.000000
0.005196843,3,16,snapshot,256,61,1.000000,1.000000,1.000000,{"1":61},1.000000,0.000000,0.000000,0.000000,1.000000,0.000000,-1.000000
0.005196843,3,16,read_only,1024,1,1.000000,1.000000,1.000000,{"1":1},1.000000,0.000000,0.000000,0.000000,1.000000,0.000000,-1.000000
0.005196843,3,16,union,1024,1,1.000000,1.000000,1.000000,{"1":1},1.000000,0.000000,0.000000,0.000000,1.000000,0.000000,-1.000000
0.005196843,3,16,snapshot,1024,61,1.000000,1.000000,1.000000,{"1":61},1.000000,0.000000,0.000000,0.000000,1.000000,0.000000,-1.000000
0.005196843,3,16,read_only,4096,1,1.000000,1.000000,1.000000,{"1":1},1.000000,0.000000,0.000000,0.000000,1.000000,0.000000,-1.000000
0.005196843,3,16,union,4096,1,1.000000,1.000000,1.000000,{"1":1},1.000000,0.000000,0.000000,0.000000,1.000000,0.000000,-1.000000
0.005196843,3,16,snapshot,4096,61,1.000000,1.000000,1.000000,{"1":61},1.000000,0.000000,0.000000,0.000000,1.000000,0.000000,-1.000000
0.005196843,3,16,read_only,16384,1,1.000000,1.000000,1.000000,{"1":1},1.000000,0.000000,0.000000,0.000000,1.000000,0.000000,-1.000000
0.005196843,3,16,union,16384,1,1.000000,1.000000,1.000000,{"1":1},1.000000,0.000000,0.000000,0.000000,1.000000,0.000000,-1.000000
0.005196843,3,16,snapshot,16384,61,1.000000,1.000000,1.000000,{"1":61},1.000000,0.000000,0.000000,0.000000,1.000000,0.000000,-1.000000
0.005428992,3,17,snapshot,64,61,1.000000,1.000000,1.000000,{"1":61},1.000000,0.000000,0.000000,0.000000,1.000000,0.000000,-1.000000
0.005428992,3,17,snapshot,256,61,1.000000,1.000000,1.000000,{"1":61},1.000000,0.000000,0.000000,0.000000,1.000000,0.000000,-1.000000
0.005428992,3,17,snapshot,1024,61,1.000000,1.000000,1.000000,{"1":61},1.000000,0.000000,0.000000,0.000000,1.000000,0.000000,-1.000000
0.005428992,3,17,snapshot,4096,61,1.000000,1.000000,1.000000,{"1":61},1.000000,0.000000,0.000000,0.000000,1.000000,0.000000,-1.000000
0.005428992,3,17,snapshot,16384,61,1.000000,1.000000,1.000000,{"1":61},1.000000,0.000000,0.000000,0.000000,1.000000,0.000000,-1.000000
0.005669813,3,18,read_only,64,3,1.000000,1.000000,1.000000,{"1":3},1.000000,0.000000,0.000000,0.000000,1.000000,0.000000,-1.000000
0.005669813,3,18,union,64,3,1.000000,1.000000,1.000000,{"1":3},1.000000,0.000000,0.000000,0.000000,1.000000,0.000000,-1.000000
0.005669813,3,18,snapshot,64,64,1.000000,1.000000,1.000000,{"1":64},1.000000,0.000000,0.000000,0.000000,1.000000,0.000000,-1.000000
0.005669813,3,18,read_only,256,3,1.000000,1.000000,1.000000,{"1":3},1.000000,0.000000,0.000000,0.000000,1.000000,0.000000,-1.000000
0.005669813,3,18,union,256,3,1.000000,1.000000,1.000000,{"1":3},1.000000,0.000000,0.000000,0.000000,1.000000,0.000000,-1.000000
0.005669813,3,18,snapshot,256,64,1.000000,1.000000,1.000000,{"1":64},1.000000,0.000000,0.000000,0.000000,1.000000,0.000000,-1.000000
0.005669813,3,18,read_only,1024,3,1.000000,1.000000,1.000000,{"1":3},1.000000,0.000000,0.000000,0.000000,1.000000,0.000000,-1.000000
0.005669813,3,18,union,1024,3,1.000000,1.000000,1.000000,{"1":3},1.000000,0.000000,0.000000,0.000000,1.000000,0.000000,-1.000000
0.005669813,3,18,snapshot,1024,64,1.000000,1.000000,1.000000,{"1":64},1.000000,0.000000,0.000000,0.000000,1.000000,0.000000,-1.000000
0.005669813,3,18,read_only,4096,3,1.000000,1.000000,1.000000,{"1":3},1.000000,0.000000,0.000000,0.000000,1.000000,0.000000,-1.000000
0.005669813,3,18,union,4096,3,1.000000,1.000000,1.000000,{"1":3},1.000000,0.000000,0.000000,0.000000,1.000000,0.000000,-1.000000
0.005669813,3,18,snapshot,4096,64,1.000000,1.000000,1.000000,{"1":64},1.000000,0.000000,0.000000,0.000000,1.000000,0.000000,-1.000000
0.005669813,3,18,read_only,16384,3,1.000000,1.000000,1.000000,{"1":3},1.000000,0.000000,0.000000,0.000000,1.000000,0.000000,-1.000000
0.005669813,3,18,union,16384,3,1.000000,1.000000,1.000000,{"1":3},1.000000,0.000000,0.000000,0.000000,1.000000,0.000000,-1.000000
0.005669813,3,18,snapshot,16384,64,1.000000,1.000000,1.000000,{"1":64},1.000000,0.000000,0.000000,0.000000,1.000000,0.000000,-1.000000
0.005901730,3,19,snapshot,64,64,1.000000,1.000000,1.000000,{"1":64},1.000000,0.000000,0.000000,0.000000,1.000000,0.000000,-1.000000
0.005901730,3,19,snapshot,256,64,1.000000,1.000000,1.000000,{"1":64},1.000000,0.000000,0.000000,0.000000,1.000000,0.000000,-1.000000
0.005901730,3,19,snapshot,1024,64,1.000000,1.000000,1.000000,{"1":64},1.000000,0.000000,0.000000,0.000000,1.000000,0.000000,-1.000000
0.005901730,3,19,snapshot,4096,64,1.000000,1.000000,1.000000,{"1":64},1.000000,0.000000,0.000000,0.000000,1.000000,0.000000,-1.000000
0.005901730,3,19,snapshot,16384,64,1.000000,1.000000,1.000000,{"1":64},1.000000,0.000000,0.000000,0.000000,1.000000,0.000000,-1.000000
0.006136806,3,20,snapshot,64,64,1.000000,1.000000,1.000000,{"1":64},1.000000,0.000000,0.000000,0.000000,1.000000,0.000000,-1.000000
0.006136806,3,20,snapshot,256,64,1.000000,1.000000,1.000000,{"1":64},1.000000,0.000000,0.000000,0.000000,1.000000,0.000000,-1.000000
0.006136806,3,20,snapshot,1024,64,1.000000,1.000000,1.000000,{"1":64},1.000000,0.000000,0.000000,0.000000,1.000000,0.000000,-1.000000
0.006136806,3,20,snapshot,4096,64,1.000000,1.000000,1.000000,{"1":64},1.000000,0.000000,0.000000,0.000000,1.000000,0.000000,-1.000000
0.006136806,3,20,snapshot,16384,64,1.000000,1.000000,1.000000,{"1":64},1.000000,0.000000,0.000000,0.000000,1.000000,0.000000,-1.000000
0.006369967,3,21,read_only,64,1,1.000000,1.000000,1.000000,{"1":1},1.000000,0.000000,0.000000,0.000000,1.000000,0.000000,-1.000000
0.006369967,3,21,union,64,1,1.000000,1.000000,1.000000,{"1":1},1.000000,0.000000,0.000000,0.000000,1.000000,0.000000,-1.000000
0.006369967,3,21,snapshot,64,65,1.000000,1.000000,1.000000,{"1":65},1.000000,0.000000,0.000000,0.000000,1.000000,0.000000,-1.000000
0.006369967,3,21,read_only,256,1,1.000000,1.000000,1.000000,{"1":1},1.000000,0.000000,0.000000,0.000000,1.000000,0.000000,-1.000000
0.006369967,3,21,union,256,1,1.000000,1.000000,1.000000,{"1":1},1.000000,0.000000,0.000000,0.000000,1.000000,0.000000,-1.000000
0.006369967,3,21,snapshot,256,65,1.000000,1.000000,1.000000,{"1":65},1.000000,0.000000,0.000000,0.000000,1.000000,0.000000,-1.000000
0.006369967,3,21,read_only,1024,1,1.000000,1.000000,1.000000,{"1":1},1.000000,0.000000,0.000000,0.000000,1.000000,0.000000,-1.000000
0.006369967,3,21,union,1024,1,1.000000,1.000000,1.000000,{"1":1},1.000000,0.000000,0.000000,0.000000,1.000000,0.000000,-1.000000
0.006369967,3,21,snapshot,1024,65,1.000000,1.000000,1.000000,{"1":65},1.000000,0.000000,0.000000,0.000000,1.000000,0.000000,-1.000000
0.006369967,3,21,read_only,4096,1,1.000000,1.000000,1.000000,{"1":1},1.000000,0.000000,0.000000,0.000000,1.000000,0.000000,-1.000000
0.006369967,3,21,union,4096,1,1.000000,1.000000,1.000000,{"1":1},1.000000,0.000000,0.000000,0.000000,1.000000,0.000000,-1.000000
0.006369967,3,21,snapshot,4096,65,1.000000,1.000000,1.000000,{"1":65},1.000000,0.000000,0.000000,0.000000,1.000000,0.000000,-1.000000
0.006369967,3,21,read_only,16384,1,1.000000,1.000000,1.000000,{"1":1},1.000000,0.000000,0.000000,0.000000,1.000000,0.000000,-1.000000
0.006369967,3,21,union,16384,1,1.000000,1.000000,1.000000,{"1":1},1.000000,0.000000,0.000000,0.000000,1.000000,0.000000,-1.000000
0.006369967,3,21,snapshot,16384,65,1.000000,1.000000,1.000000,{"1":65},1.000000,0.000000,0.000000,0.000000,1.000000,0.000000,-1.000000
0.006678849,3,22,snapshot,64,65,1.000000,1.000000,1.000000,{"1":65},1.000000,0.000000,0.000000,0.000000,1.000000,0.000000,-1.000000
0.006678849,3,22,snapshot,256,65,1.000000,1.000000,1.000000,{"1":65},1.000000,0.000000,0.000000,0.000000,1.000000,0.000000,-1.000000
0.006678849,3,22,snapshot,1024,65,1.000000,1.000000,1.000000,{"1":65},1.000000,0.000000,0.000000,0.000000,1.000000,0.000000,-1.000000
0.006678849,3,22,snapshot,4096,65,1.000000,1.000000,1.000000,{"1":65},1.000000,0.000000,0.000000,0.000000,1.000000,0.000000,-1.000000
0.006678849,3,22,snapshot,16384,65,1.000000,1.000000,1.000000,{"1":65},1.000000,0.000000,0.000000,0.000000,1.000000,0.000000,-1.000000
0.006911968,3,23,read_only,64,1,1.000000,1.000000,1.000000,{"1":1},1.000000,0.000000,0.000000,0.000000,1.000000,0.000000,-1.000000
0.006911968,3,23,union,64,1,1.000000,1.000000,1.000000,{"1":1},1.000000,0.000000,0.000000,0.000000,1.000000,0.000000,-1.000000
0.006911968,3,23,snapshot,64,66,1.000000,1.000000,1.000000,{"1":66},1.000000,0.000000,0.000000,0.000000,1.000000,0.000000,-1.000000
0.006911968,3,23,read_only,256,1,1.000000,1.000000,1.000000,{"1":1},1.000000,0.000000,0.000000,0.000000,1.000000,0.000000,-1.000000
0.006911968,3,23,union,256,1,1.000000,1.000000,1.000000,{"1":1},1.000000,0.000000,0.000000,0.000000,1.000000,0.000000,-1.000000
0.006911968,3,23,snapshot,256,66,1.000000,1.000000,1.000000,{"1":66},1.000000,0.000000,0.000000,0.000000,1.000000,0.000000,-1.000000
0.006911968,3,23,read_only,1024,1,1.000000,1.000000,1.000000,{"1":1},1.000000,0.000000,0.000000,0.000000,1.000000,0.000000,-1.000000
0.006911968,3,23,union,1024,1,1.000000,1.000000,1.000000,{"1":1},1.000000,0.000000,0.000000,0.000000,1.000000,0.000000,-1.000000
0.006911968,3,23,snapshot,1024,66,1.000000,1.000000,1.000000,{"1":66},1.000000,0.000000,0.000000,0.000000,1.000000,0.000000,-1.000000
0.006911968,3,23,read_only,4096,1,1.000000,1.000000,1.000000,{"1":1},1.000000,0.000000,0.000000,0.000000,1.000000,0.000000,-1.000000
0.006911968,3,23,union,4096,1,1.000000,1.000000,1.000000,{"1":1},1.000000,0.000000,0.000000,0.000000,1.000000,0.000000,-1.000000
0.006911968,3,23,snapshot,4096,66,1.000000,1.000000,1.000000,{"1":66},1.000000,0.000000,0.000000,0.000000,1.000000,0.000000,-1.000000
0.006911968,3,23,read_only,16384,1,1.000000,1.000000,1.000000,{"1":1},1.000000,0.000000,0.000000,0.000000,1.000000,0.000000,-1.000000
0.006911968,3,23,union,16384,1,1.000000,1.000000,1.000000,{"1":1},1.000000,0.000000,0.000000,0.000000,1.000000,0.000000,-1.000000
0.006911968,3,23,snapshot,16384,66,1.000000,1.000000,1.000000,{"1":66},1.000000,0.000000,0.000000,0.000000,1.000000,0.000000,-1.000000
0.007145167,3,24,snapshot,64,66,1.000000,1.000000,1.000000,{"1":66},1.000000,0.000000,0.000000,0.000000,1.000000,0.000000,-1.000000
0.007145167,3,24,snapshot,256,66,1.000000,1.000000,1.000000,{"1":66},1.000000,0.000000,0.000000,0.000000,1.000000,0.000000,-1.000000
0.007145167,3,24,snapshot,1024,66,1.000000,1.000000,1.000000,{"1":66},1.000000,0.000000,0.000000,0.000000,1.000000,0.000000,-1.000000
0.007145167,3,24,snapshot,4096,66,1.000000,1.000000,1.000000,{"1":66},1.000000,0.000000,0.000000,0.000000,1.000000,0.000000,-1.000000
0.007145167,3,24,snapshot,16384,66,1.000000,1.000000,1.000000,{"1":66},1.000000,0.000000,0.000000,0.000000,1.000000,0.000000,-1.000000
0.007378433,3,25,snapshot,64,66,1.000000,1.000000,1.000000,{"1":66},1.000000,0.000000,0.000000,0.000000,1.000000,0.000000,-1.000000
0.007378433,3,25,snapshot,256,66,1.000000,1.000000,1.000000,{"1":66},1.000000,0.000000,0.000000,0.000000,1.000000,0.000000,-1.000000
0.007378433,3,25,snapshot,1024,66,1.000000,1.000000,1.000000,{"1":66},1.000000,0.000000,0.000000,0.000000,1.000000,0.000000,-1.000000
0.007378433,3,25,snapshot,4096,66,1.000000,1.000000,1.000000,{"1":66},1.000000,0.000000,0.000000,0.000000,1.000000,0.000000,-1.000000
0.007378433,3,25,snapshot,16384,66,1.000000,1.000000,1.000000,{"1":66},1.000000,0.000000,0.000000,0.000000,1.000000,0.000000,-1.000000
0.007613121,3,26,read_only,64,1,1.000000,1.000000,1.000000,{"1":1},1.000000,0.000000,0.000000,0.000000,1.000000,0.000000,-1.000000
0.007613121,3,26,union,64,1,1.000000,1.000000,1.000000,{"1":1},1.000000,0.000000,0.000000,0.000000,1.000000,0.000000,-1.000000
0.007613121,3,26,snapshot,64,67,1.000000,1.000000,1.000000,{"1":67},1.000000,0.000000,0.000000,0.000000,1.000000,0.000000,-1.000000
0.007613121,3,26,read_only,256,1,1.000000,1.000000,1.000000,{"1":1},1.000000,0.000000,0.000000,0.000000,1.000000,0.000000,-1.000000
0.007613121,3,26,union,256,1,1.000000,1.000000,1.000000,{"1":1},1.000000,0.000000,0.000000,0.000000,1.000000,0.000000,-1.000000
0.007613121,3,26,snapshot,256,67,1.000000,1.000000,1.000000,{"1":67},1.000000,0.000000,0.000000,0.000000,1.000000,0.000000,-1.000000
0.007613121,3,26,read_only,1024,1,1.000000,1.000000,1.000000,{"1":1},1.000000,0.000000,0.000000,0.000000,1.000000,0.000000,-1.000000
0.007613121,3,26,union,1024,1,1.000000,1.000000,1.000000,{"1":1},1.000000,0.000000,0.000000,0.000000,1.000000,0.000000,-1.000000
0.007613121,3,26,snapshot,1024,67,1.000000,1.000000,1.000000,{"1":67},1.000000,0.000000,0.000000,0.000000,1.000000,0.000000,-1.000000
0.007613121,3,26,read_only,4096,1,1.000000,1.000000,1.000000,{"1":1},1.000000,0.000000,0.000000,0.000000,1.000000,0.000000,-1.000000
0.007613121,3,26,union,4096,1,1.000000,1.000000,1.000000,{"1":1},1.000000,0.000000,0.000000,0.000000,1.000000,0.000000,-1.000000
0.007613121,3,26,snapshot,4096,67,1.000000,1.000000,1.000000,{"1":67},1.000000,0.000000,0.000000,0.000000,1.000000,0.000000,-1.000000
0.007613121,3,26,read_only,16384,1,1.000000,1.000000,1.000000,{"1":1},1.000000,0.000000,0.000000,0.000000,1.000000,0.000000,-1.000000
0.007613121,3,26,union,16384,1,1.000000,1.000000,1.000000,{"1":1},1.000000,0.000000,0.000000,0.000000,1.000000,0.000000,-1.000000
0.007613121,3,26,snapshot,16384,67,1.000000,1.000000,1.000000,{"1":67},1.000000,0.000000,0.000000,0.000000,1.000000,0.000000,-1.000000
0.007847088,3,27,snapshot,64,67,1.000000,1.000000,1.000000,{"1":67},1.000000,0.000000,0.000000,0.000000,1.000000,0.000000,-1.000000
0.007847088,3,27,snapshot,256,67,1.000000,1.000000,1.000000,{"1":67},1.000000,0.000000,0.000000,0.000000,1.000000,0.000000,-1.000000
0.007847088,3,27,snapshot,1024,67,1.000000,1.000000,1.000000,{"1":67},1.000000,0.000000,0.000000,0.000000,1.000000,0.000000,-1.000000
0.007847088,3,27,snapshot,4096,67,1.000000,1.000000,1.000000,{"1":67},1.000000,0.000000,0.000000,0.000000,1.000000,0.000000,-1.000000
0.007847088,3,27,snapshot,16384,67,1.000000,1.000000,1.000000,{"1":67},1.000000,0.000000,0.000000,0.000000,1.000000,0.000000,-1.000000
0.008080956,3,28,read_only,64,1,1.000000,1.000000,1.000000,{"1":1},1.000000,0.000000,0.000000,0.000000,1.000000,0.000000,-1.000000
0.008080956,3,28,union,64,1,1.000000,1.000000,1.000000,{"1":1},1.000000,0.000000,0.000000,0.000000,1.000000,0.000000,-1.000000
0.008080956,3,28,snapshot,64,68,1.000000,1.000000,1.000000,{"1":68},1.000000,0.000000,0.000000,0.000000,1.000000,0.000000,-1.000000
0.008080956,3,28,read_only,256,1,1.000000,1.000000,1.000000,{"1":1},1.000000,0.000000,0.000000,0.000000,1.000000,0.000000,-1.000000
0.008080956,3,28,union,256,1,1.000000,1.000000,1.000000,{"1":1},1.000000,0.000000,0.000000,0.000000,1.000000,0.000000,-1.000000
0.008080956,3,28,snapshot,256,68,1.000000,1.000000,1.000000,{"1":68},1.000000,0.000000,0.000000,0.000000,1.000000,0.000000,-1.000000
0.008080956,3,28,read_only,1024,1,1.000000,1.000000,1.000000,{"1":1},1.000000,0.000000,0.000000,0.000000,1.000000,0.000000,-1.000000
0.008080956,3,28,union,1024,1,1.000000,1.000000,1.000000,{"1":1},1.000000,0.000000,0.000000,0.000000,1.000000,0.000000,-1.000000
0.008080956,3,28,snapshot,1024,68,1.000000,1.000000,1.000000,{"1":68},1.000000,0.000000,0.000000,0.000000,1.000000,0.000000,-1.000000
0.008080956,3,28,read_only,4096,1,1.000000,1.000000,1.000000,{"1":1},1.000000,0.000000,0.000000,0.000000,1.000000,0.000000,-1.000000
0.008080956,3,28,union,4096,1,1.000000,1.000000,1.000000,{"1":1},1.000000,0.000000,0.000000,0.000000,1.000000,0.000000,-1.000000
0.008080956,3,28,snapshot,4096,68,1.000000,1.000000,1.000000,{"1":68},1.000000,0.000000,0.000000,0.000000,1.000000,0.000000,-1.000000
0.008080956,3,28,read_only,16384,1,1.000000,1.000000,1.000000,{"1":1},1.000000,0.000000,0.000000,0.000000,1.000000,0.000000,-1.000000
0.008080956,3,28,union,16384,1,1.000000,1.000000,1.000000,{"1":1},1.000000,0.000000,0.000000,0.000000,1.000000,0.000000,-1.000000
0.008080956,3,28,snapshot,16384,68,1.000000,1.000000,1.000000,{"1":68},1.000000,0.000000,0.000000,0.000000,1.000000,0.000000,-1.000000
0.008313764,3,29,snapshot,64,68,1.000000,1.000000,1.000000,{"1":68},1.000000,0.000000,0.000000,0.000000,1.000000,0.000000,-1.000000
0.008313764,3,29,snapshot,256,68,1.000000,1.000000,1.000000,{"1":68},1.000000,0.000000,0.000000,0.000000,1.000000,0.000000,-1.000000
0.008313764,3,29,snapshot,1024,68,1.000000,1.000000,1.000000,{"1":68},1.000000,0.000000,0.000000,0.000000,1.000000,0.000000,-1.000000
0.008313764,3,29,snapshot,4096,68,1.000000,1.000000,1.000000,{"1":68},1.000000,0.000000,0.000000,0.000000,1.000000,0.000000,-1.000000
0.008313764,3,29,snapshot,16384,68,1.000000,1.000000,1.000000,{"1":68},1.000000,0.000000,0.000000,0.000000,1.000000,0.000000,-1.000000
0.008569477,3,30,snapshot,64,68,1.000000,1.000000,1.000000,{"1":68},1.000000,0.000000,0.000000,0.000000,1.000000,0.000000,-1.000000
0.008569477,3,30,snapshot,256,68,1.000000,1.000000,1.000000,{"1":68},1.000000,0.000000,0.000000,0.000000,1.000000,0.000000,-1.000000
0.008569477,3,30,snapshot,1024,68,1.000000,1.000000,1.000000,{"1":68},1.000000,0.000000,0.000000,0.000000,1.000000,0.000000,-1.000000
0.008569477,3,30,snapshot,4096,68,1.000000,1.000000,1.000000,{"1":68},1.000000,0.000000,0.000000,0.000000,1.000000,0.000000,-1.000000
0.008569477,3,30,snapshot,16384,68,1.000000,1.000000,1.000000,{"1":68},1.000000,0.000000,0.000000,0.000000,1.000000,0.000000,-1.000000
0.008832337,3,31,snapshot,64,68,1.000000,1.000000,1.000000,{"1":68},1.000000,0.000000,0.000000,0.000000,1.000000,0.000000,-1.000000
0.008832337,3,31,snapshot,256,68,1.000000,1.000000,1.000000,{"1":68},1.000000,0.000000,0.000000,0.000000,1.000000,0.000000,-1.000000
0.008832337,3,31,snapshot,1024,68,1.000000,1.000000,1.000000,{"1":68},1.000000,0.000000,0.000000,0.000000,1.000000,0.000000,-1.000000
0.008832337,3,31,snapshot,4096,68,1.000000,1.000000,1.000000,{"1":68},1.000000,0.000000,0.000000,0.000000,1.000000,0.000000,-1.000000
0.008832337,3,31,snapshot,16384,68,1.000000,1.000000,1.000000,{"1":68},1.000000,0.000000,0.000000,0.000000,1.000000,0.000000,-1.000000
0.009084087,3,32,read_only,64,1,1.000000,1.000000,1.000000,{"1":1},1.000000,0.000000,0.000000,0.000000,1.000000,0.000000,-1.000000
0.009084087,3,32,union,64,1,1.000000,1.000000,1.000000,{"1":1},1.000000,0.000000,0.000000,0.000000,1.000000,0.000000,-1.000000
0.009084087,3,32,snapshot,64,69,1.000000,1.000000,1.000000,{"1":69},1.000000,0.000000,0.000000,0.000000,1.000000,0.000000,-1.000000
0.009084087,3,32,read_only,256,1,1.000000,1.000000,1.000000,{"1":1},1.000000,0.000000,0.000000,0.000000,1.000000,0.000000,-1.000000
0.009084087,3,32,union,256,1,1.000000,1.000000,1.000000,{"1":1},1.000000,0.000000,0.000000,0.000000,1.000000,0.000000,-1.000000
0.009084087,3,32,snapshot,256,69,1.000000,1.000000,1.000000,{"1":69},1.000000,0.000000,0.000000,0.000000,1.000000,0.000000,-1.000000
0.009084087,3,32,read_only,1024,1,1.000000,1.000000,1.000000,{"1":1},1.000000,0.000000,0.000000,0.000000,1.000000,0.000000,-1.000000
0.009084087,3,32,union,1024,1,1.000000,1.000000,1.000000,{"1":1},1.000000,0.000000,0.000000,0.000000,1.000000,0.000000,-1.000000
0.009084087,3,32,snapshot,1024,69,1.000000,1.000000,1.000000,{"1":69},1.000000,0.000000,0.000000,0.000000,1.000000,0.000000,-1.000000
0.009084087,3,32,read_only,4096,1,1.000000,1.000000,1.000000,{"1":1},1.000000,0.000000,0.000000,0.000000,1.000000,0.000000,-1.000000
0.009084087,3,32,union,4096,1,1.000000,1.000000,1.000000,{"1":1},1.000000,0.000000,0.000000,0.000000,1.000000,0.000000,-1.000000
0.009084087,3,32,snapshot,4096,69,1.000000,1.000000,1.000000,{"1":69},1.000000,0.000000,0.000000,0.000000,1.000000,0.000000,-1.000000
0.009084087,3,32,read_only,16384,1,1.000000,1.000000,1.000000,{"1":1},1.000000,0.000000,0.000000,0.000000,1.000000,0.000000,-1.000000
0.009084087,3,32,union,16384,1,1.000000,1.000000,1.000000,{"1":1},1.000000,0.000000,0.000000,0.000000,1.000000,0.000000,-1.000000
0.009084087,3,32,snapshot,16384,69,1.000000,1.000000,1.000000,{"1":69},1.000000,0.000000,0.000000,0.000000,1.000000,0.000000,-1.000000
0.010391290,3,37,read_only,64,3,1.000000,1.000000,1.000000,{"1":3},1.000000,0.000000,0.000000,0.000000,1.000000,0.000000,-1.000000
0.010391290,3,37,union,64,3,1.000000,1.000000,1.000000,{"1":3},1.000000,0.000000,0.000000,0.000000,1.000000,0.000000,-1.000000
0.010391290,3,37,snapshot,64,3,1.000000,1.000000,1.000000,{"1":3},1.000000,0.000000,0.000000,0.000000,1.000000,0.000000,-1.000000
0.010391290,3,37,read_only,256,3,1.000000,1.000000,1.000000,{"1":3},1.000000,0.000000,0.000000,0.000000,1.000000,0.000000,-1.000000
0.010391290,3,37,union,256,3,1.000000,1.000000,1.000000,{"1":3},1.000000,0.000000,0.000000,0.000000,1.000000,0.000000,-1.000000
0.010391290,3,37,snapshot,256,3,1.000000,1.000000,1.000000,{"1":3},1.000000,0.000000,0.000000,0.000000,1.000000,0.000000,-1.000000
0.010391290,3,37,read_only,1024,3,1.000000,1.000000,1.000000,{"1":3},1.000000,0.000000,0.000000,0.000000,1.000000,0.000000,-1.000000
0.010391290,3,37,union,1024,3,1.000000,1.000000,1.000000,{"1":3},1.000000,0.000000,0.000000,0.000000,1.000000,0.000000,-1.000000
0.010391290,3,37,snapshot,1024,3,1.000000,1.000000,1.000000,{"1":3},1.000000,0.000000,0.000000,0.000000,1.000000,0.000000,-1.000000
0.010391290,3,37,read_only,4096,3,1.000000,1.000000,1.000000,{"1":3},1.000000,0.000000,0.000000,0.000000,1.000000,0.000000,-1.000000
0.010391290,3,37,union,4096,3,1.000000,1.000000,1.000000,{"1":3},1.000000,0.000000,0.000000,0.000000,1.000000,0.000000,-1.000000
0.010391290,3,37,snapshot,4096,3,1.000000,1.000000,1.000000,{"1":3},1.000000,0.000000,0.000000,0.000000,1.000000,0.000000,-1.000000
0.010391290,3,37,read_only,16384,3,1.000000,1.000000,1.000000,{"1":3},1.000000,0.000000,0.000000,0.000000,1.000000,0.000000,-1.000000
0.010391290,3,37,union,16384,3,1.000000,1.000000,1.000000,{"1":3},1.000000,0.000000,0.000000,0.000000,1.000000,0.000000,-1.000000
0.010391290,3,37,snapshot,16384,3,1.000000,1.000000,1.000000,{"1":3},1.000000,0.000000,0.000000,0.000000,1.000000,0.000000,-1.000000
0.010632757,3,38,snapshot,64,3,1.000000,1.000000,1.000000,{"1":3},1.000000,0.000000,0.000000,0.000000,1.000000,0.000000,-1.000000
0.010632757,3,38,snapshot,256,3,1.000000,1.000000,1.000000,{"1":3},1.000000,0.000000,0.000000,0.000000,1.000000,0.000000,-1.000000
0.010632757,3,38,snapshot,1024,3,1.000000,1.000000,1.000000,{"1":3},1.000000,0.000000,0.000000,0.000000,1.000000,0.000000,-1.000000
0.010632757,3,38,snapshot,4096,3,1.000000,1.000000,1.000000,{"1":3},1.000000,0.000000,0.000000,0.000000,1.000000,0.000000,-1.000000
0.010632757,3,38,snapshot,16384,3,1.000000,1.000000,1.000000,{"1":3},1.000000,0.000000,0.000000,0.000000,1.000000,0.000000,-1.000000
0.010897180,3,39,snapshot,64,3,1.000000,1.000000,1.000000,{"1":3},1.000000,0.000000,0.000000,0.000000,1.000000,0.000000,-1.000000
0.010897180,3,39,snapshot,256,3,1.000000,1.000000,1.000000,{"1":3},1.000000,0.000000,0.000000,0.000000,1.000000,0.000000,-1.000000
0.010897180,3,39,snapshot,1024,3,1.000000,1.000000,1.000000,{"1":3},1.000000,0.000000,0.000000,0.000000,1.000000,0.000000,-1.000000
0.010897180,3,39,snapshot,4096,3,1.000000,1.000000,1.000000,{"1":3},1.000000,0.000000,0.000000,0.000000,1.000000,0.000000,-1.000000
0.010897180,3,39,snapshot,16384,3,1.000000,1.000000,1.000000,{"1":3},1.000000,0.000000,0.000000,0.000000,1.000000,0.000000,-1.000000
0.011175549,3,40,snapshot,64,3,1.000000,1.000000,1.000000,{"1":3},1.000000,0.000000,0.000000,0.000000,1.000000,0.000000,-1.000000
0.011175549,3,40,snapshot,256,3,1.000000,1.000000,1.000000,{"1":3},1.000000,0.000000,0.000000,0.000000,1.000000,0.000000,-1.000000
0.011175549,3,40,snapshot,1024,3,1.000000,1.000000,1.000000,{"1":3},1.000000,0.000000,0.000000,0.000000,1.000000,0.000000,-1.000000
0.011175549,3,40,snapshot,4096,3,1.000000,1.000000,1.000000,{"1":3},1.000000,0.000000,0.000000,0.000000,1.000000,0.000000,-1.000000
0.011175549,3,40,snapshot,16384,3,1.000000,1.000000,1.000000,{"1":3},1.000000,0.000000,0.000000,0.000000,1.000000,0.000000,-1.000000
0.011408589,3,41,snapshot,64,3,1.000000,1.000000,1.000000,{"1":3},1.000000,0.000000,0.000000,0.000000,1.000000,0.000000,-1.000000
0.011408589,3,41,snapshot,256,3,1.000000,1.000000,1.000000,{"1":3},1.000000,0.000000,0.000000,0.000000,1.000000,0.000000,-1.000000
0.011408589,3,41,snapshot,1024,3,1.000000,1.000000,1.000000,{"1":3},1.000000,0.000000,0.000000,0.000000,1.000000,0.000000,-1.000000
0.011408589,3,41,snapshot,4096,3,1.000000,1.000000,1.000000,{"1":3},1.000000,0.000000,0.000000,0.000000,1.000000,0.000000,-1.000000
0.011408589,3,41,snapshot,16384,3,1.000000,1.000000,1.000000,{"1":3},1.000000,0.000000,0.000000,0.000000,1.000000,0.000000,-1.000000
0.011643318,3,42,read_only,64,2,1.000000,1.000000,1.000000,{"1":2},1.000000,0.000000,0.000000,0.000000,1.000000,0.000000,-1.000000
0.011643318,3,42,union,64,2,1.000000,1.000000,1.000000,{"1":2},1.000000,0.000000,0.000000,0.000000,1.000000,0.000000,-1.000000
0.011643318,3,42,snapshot,64,5,1.000000,1.000000,1.000000,{"1":5},1.000000,0.000000,0.000000,0.000000,1.000000,0.000000,-1.000000
0.011643318,3,42,read_only,256,2,1.000000,1.000000,1.000000,{"1":2},1.000000,0.000000,0.000000,0.000000,1.000000,0.000000,-1.000000
0.011643318,3,42,union,256,2,1.000000,1.000000,1.000000,{"1":2},1.000000,0.000000,0.000000,0.000000,1.000000,0.000000,-1.000000
0.011643318,3,42,snapshot,256,5,1.000000,1.000000,1.000000,{"1":5},1.000000,0.000000,0.000000,0.000000,1.000000,0.000000,-1.000000
0.011643318,3,42,read_only,1024,2,1.000000,1.000000,1.000000,{"1":2},1.000000,0.000000,0.000000,0.000000,1.000000,0.000000,-1.000000
0.011643318,3,42,union,1024,2,1.000000,1.000000,1.000000,{"1":2},1.000000,0.000000,0.000000,0.000000,1.000000,0.000000,-1.000000
0.011643318,3,42,snapshot,1024,5,1.000000,1.000000,1.000000,{"1":5},1.000000,0.000000,0.000000,0.000000,1.000000,0.000000,-1.000000
0.011643318,3,42,read_only,4096,2,1.000000,1.000000,1.000000,{"1":2},1.000000,0.000000,0.000000,0.000000,1.000000,0.000000,-1.000000
0.011643318,3,42,union,4096,2,1.000000,1.000000,1.000000,{"1":2},1.000000,0.000000,0.000000,0.000000,1.000000,0.000000,-1.000000
0.011643318,3,42,snapshot,4096,5,1.000000,1.000000,1.000000,{"1":5},1.000000,0.000000,0.000000,0.000000,1.000000,0.000000,-1.000000
0.011643318,3,42,read_only,16384,2,1.000000,1.000000,1.000000,{"1":2},1.000000,0.000000,0.000000,0.000000,1.000000,0.000000,-1.000000
0.011643318,3,42,union,16384,2,1.000000,1.000000,1.000000,{"1":2},1.000000,0.000000,0.000000,0.000000,1.000000,0.000000,-1.000000
0.011643318,3,42,snapshot,16384,5,1.000000,1.000000,1.000000,{"1":5},1.000000,0.000000,0.000000,0.000000,1.000000,0.000000,-1.000000
0.011936951,3,43,snapshot,64,5,1.000000,1.000000,1.000000,{"1":5},1.000000,0.000000,0.000000,0.000000,1.000000,0.000000,-1.000000
0.011936951,3,43,snapshot,256,5,1.000000,1.000000,1.000000,{"1":5},1.000000,0.000000,0.000000,0.000000,1.000000,0.000000,-1.000000
0.011936951,3,43,snapshot,1024,5,1.000000,1.000000,1.000000,{"1":5},1.000000,0.000000,0.000000,0.000000,1.000000,0.000000,-1.000000
0.011936951,3,43,snapshot,4096,5,1.000000,1.000000,1.000000,{"1":5},1.000000,0.000000,0.000000,0.000000,1.000000,0.000000,-1.000000
0.011936951,3,43,snapshot,16384,5,1.000000,1.000000,1.000000,{"1":5},1.000000,0.000000,0.000000,0.000000,1.000000,0.000000,-1.000000
0.012181315,3,44,read_only,64,1,1.000000,1.000000,1.000000,{"1":1},1.000000,0.000000,0.000000,0.000000,1.000000,0.000000,-1.000000
0.012181315,3,44,union,64,1,1.000000,1.000000,1.000000,{"1":1},1.000000,0.000000,0.000000,0.000000,1.000000,0.000000,-1.000000
0.012181315,3,44,snapshot,64,6,1.000000,1.000000,1.000000,{"1":6},1.000000,0.000000,0.000000,0.000000,1.000000,0.000000,-1.000000
0.012181315,3,44,read_only,256,1,1.000000,1.000000,1.000000,{"1":1},1.000000,0.000000,0.000000,0.000000,1.000000,0.000000,-1.000000
0.012181315,3,44,union,256,1,1.000000,1.000000,1.000000,{"1":1},1.000000,0.000000,0.000000,0.000000,1.000000,0.000000,-1.000000
0.012181315,3,44,snapshot,256,6,1.000000,1.000000,1.000000,{"1":6},1.000000,0.000000,0.000000,0.000000,1.000000,0.000000,-1.000000
0.012181315,3,44,read_only,1024,1,1.000000,1.000000,1.000000,{"1":1},1.000000,0.000000,0.000000,0.000000,1.000000,0.000000,-1.000000
0.012181315,3,44,union,1024,1,1.000000,1.000000,1.000000,{"1":1},1.000000,0.000000,0.000000,0.000000,1.000000,0.000000,-1.000000
0.012181315,3,44,snapshot,1024,6,1.000000,1.000000,1.000000,{"1":6},1.000000,0.000000,0.000000,0.000000,1.000000,0.000000,-1.000000
0.012181315,3,44,read_only,4096,1,1.000000,1.000000,1.000000,{"1":1},1.000000,0.000000,0.000000,0.000000,1.000000,0.000000,-1.000000
0.012181315,3,44,union,4096,1,1.000000,1.000000,1.000000,{"1":1},1.000000,0.000000,0.000000,0.000000,1.000000,0.000000,-1.000000
0.012181315,3,44,snapshot,4096,6,1.000000,1.000000,1.000000,{"1":6},1.000000,0.000000,0.000000,0.000000,1.000000,0.000000,-1.000000
0.012181315,3,44,read_only,16384,1,1.000000,1.000000,1.000000,{"1":1},1.000000,0.000000,0.000000,0.000000,1.000000,0.000000,-1.000000
0.012181315,3,44,union,16384,1,1.000000,1.000000,1.000000,{"1":1},1.000000,0.000000,0.000000,0.000000,1.000000,0.000000,-1.000000
0.012181315,3,44,snapshot,16384,6,1.000000,1.000000,1.000000,{"1":6},1.000000,0.000000,0.000000,0.000000,1.000000,0.000000,-1.000000
0.012420591,3,45,read_only,64,1,1.000000,1.000000,1.000000,{"1":1},1.000000,0.000000,0.000000,0.000000,1.000000,0.000000,-1.000000
0.012420591,3,45,union,64,1,1.000000,1.000000,1.000000,{"1":1},1.000000,0.000000,0.000000,0.000000,1.000000,0.000000,-1.000000
0.012420591,3,45,snapshot,64,7,1.000000,1.000000,1.000000,{"1":7},1.000000,0.000000,0.000000,0.000000,1.000000,0.000000,-1.000000
0.012420591,3,45,read_only,256,1,1.000000,1.000000,1.000000,{"1":1},1.000000,0.000000,0.000000,0.000000,1.000000,0.000000,-1.000000
0.012420591,3,45,union,256,1,1.000000,1.000000,1.000000,{"1":1},1.000000,0.000000,0.000000,0.000000,1.000000,0.000000,-1.000000
0.012420591,3,45,snapshot,256,7,1.000000,1.000000,1.000000,{"1":7},1.000000,0.000000,0.000000,0.000000,1.000000,0.000000,-1.000000
0.012420591,3,45,read_only,1024,1,1.000000,1.000000,1.000000,{"1":1},1.000000,0.000000,0.000000,0.000000,1.000000,0.000000,-1.000000
0.012420591,3,45,union,1024,1,1.000000,1.000000,1.000000,{"1":1},1.000000,0.000000,0.000000,0.000000,1.000000,0.000000,-1.000000
0.012420591,3,45,snapshot,1024,7,1.000000,1.000000,1.000000,{"1":7},1.000000,0.000000,0.000000,0.000000,1.000000,0.000000,-1.000000
0.012420591,3,45,read_only,4096,1,1.000000,1.000000,1.000000,{"1":1},1.000000,0.000000,0.000000,0.000000,1.000000,0.000000,-1.000000
0.012420591,3,45,union,4096,1,1.000000,1.000000,1.000000,{"1":1},1.000000,0.000000,0.000000,0.000000,1.000000,0.000000,-1.000000
0.012420591,3,45,snapshot,4096,7,1.000000,1.000000,1.000000,{"1":7},1.000000,0.000000,0.000000,0.000000,1.000000,0.000000,-1.000000
0.012420591,3,45,read_only,16384,1,1.000000,1.000000,1.000000,{"1":1},1.000000,0.000000,0.000000,0.000000,1.000000,0.000000,-1.000000
0.012420591,3,45,union,16384,1,1.000000,1.000000,1.000000,{"1":1},1.000000,0.000000,0.000000,0.000000,1.000000,0.000000,-1.000000
0.012420591,3,45,snapshot,16384,7,1.000000,1.000000,1.000000,{"1":7},1.000000,0.000000,0.000000,0.000000,1.000000,0.000000,-1.000000
0.012674908,3,46,read_only,64,2,1.000000,1.000000,1.000000,{"1":2},1.000000,0.000000,0.000000,0.000000,1.000000,0.000000,-1.000000
0.012674908,3,46,union,64,2,1.000000,1.000000,1.000000,{"1":2},1.000000,0.000000,0.000000,0.000000,1.000000,0.000000,-1.000000
0.012674908,3,46,read_only,256,2,1.000000,1.000000,1.000000,{"1":2},1.000000,0.000000,0.000000,0.000000,1.000000,0.000000,-1.000000
0.012674908,3,46,union,256,2,1.000000,1.000000,1.000000,{"1":2},1.000000,0.000000,0.000000,0.000000,1.000000,0.000000,-1.000000
0.012674908,3,46,read_only,1024,2,1.000000,1.000000,1.000000,{"1":2},1.000000,0.000000,0.000000,0.000000,1.000000,0.000000,-1.000000
0.012674908,3,46,union,1024,2,1.000000,1.000000,1.000000,{"1":2},1.000000,0.000000,0.000000,0.000000,1.000000,0.000000,-1.000000
0.012674908,3,46,read_only,4096,2,1.000000,1.000000,1.000000,{"1":2},1.000000,0.000000,0.000000,0.000000,1.000000,0.000000,-1.000000
0.012674908,3,46,union,4096,2,1.000000,1.000000,1.000000,{"1":2},1.000000,0.000000,0.000000,0.000000,1.000000,0.000000,-1.000000
0.012674908,3,46,read_only,16384,2,1.000000,1.000000,1.000000,{"1":2},1.000000,0.000000,0.000000,0.000000,1.000000,0.000000,-1.000000
0.012674908,3,46,union,16384,2,1.000000,1.000000,1.000000,{"1":2},1.000000,0.000000,0.000000,0.000000,1.000000,0.000000,-1.000000
0.013203729,3,48,read_only,64,3,1.000000,1.000000,1.000000,{"1":3},1.000000,0.000000,0.000000,0.000000,1.000000,0.000000,-1.000000
0.013203729,3,48,union,64,3,1.000000,1.000000,1.000000,{"1":3},1.000000,0.000000,0.000000,0.000000,1.000000,0.000000,-1.000000
0.013203729,3,48,snapshot,64,3,1.000000,1.000000,1.000000,{"1":3},1.000000,0.000000,0.000000,0.000000,1.000000,0.000000,-1.000000
0.013203729,3,48,read_only,256,3,1.000000,1.000000,1.000000,{"1":3},1.000000,0.000000,0.000000,0.000000,1.000000,0.000000,-1.000000
0.013203729,3,48,union,256,3,1.000000,1.000000,1.000000,{"1":3},1.000000,0.000000,0.000000,0.000000,1.000000,0.000000,-1.000000
0.013203729,3,48,snapshot,256,3,1.000000,1.000000,1.000000,{"1":3},1.000000,0.000000,0.000000,0.000000,1.000000,0.000000,-1.000000
0.013203729,3,48,read_only,1024,3,1.000000,1.000000,1.000000,{"1":3},1.000000,0.000000,0.000000,0.000000,1.000000,0.000000,-1.000000
0.013203729,3,48,union,1024,3,1.000000,1.000000,1.000000,{"1":3},1.000000,0.000000,0.000000,0.000000,1.000000,0.000000,-1.000000
0.013203729,3,48,snapshot,1024,3,1.000000,1.000000,1.000000,{"1":3},1.000000,0.000000,0.000000,0.000000,1.000000,0.000000,-1.000000
0.013203729,3,48,read_only,4096,3,1.000000,1.000000,1.000000,{"1":3},1.000000,0.000000,0.000000,0.000000,1.000000,0.000000,-1.000000
0.013203729,3,48,union,4096,3,1.000000,1.000000,1.000000,{"1":3},1.000000,0.000000,0.000000,0.000000,1.000000,0.000000,-1.000000
0.013203729,3,48,snapshot,4096,3,1.000000,1.000000,1.000000,{"1":3},1.000000,0.000000,0.000000,0.000000,1.000000,0.000000,-1.000000
0.013203729,3,48,read_only,16384,3,1.000000,1.000000,1.000000,{"1":3},1.000000,0.000000,0.000000,0.000000,1.000000,0.000000,-1.000000
0.013203729,3,48,union,16384,3,1.000000,1.000000,1.000000,{"1":3},1.000000,0.000000,0.000000,0.000000,1.000000,0.000000,-1.000000
0.013203729,3,48,snapshot,16384,3,1.000000,1.000000,1.000000,{"1":3},1.000000,0.000000,0.000000,0.000000,1.000000,0.000000,-1.000000
0.013449485,3,49,read_only,64,1,1.000000,1.000000,1.000000,{"1":1},1.000000,0.000000,0.000000,0.000000,1.000000,0.000000,-1.000000
0.013449485,3,49,union,64,1,1.000000,1.000000,1.000000,{"1":1},1.000000,0.000000,0.000000,0.000000,1.000000,0.000000,-1.000000
0.013449485,3,49,snapshot,64,4,1.000000,1.000000,1.000000,{"1":4},1.000000,0.000000,0.000000,0.000000,1.000000,0.000000,-1.000000
0.013449485,3,49,read_only,256,1,1.000000,1.000000,1.000000,{"1":1},1.000000,0.000000,0.000000,0.000000,1.000000,0.000000,-1.000000
0.013449485,3,49,union,256,1,1.000000,1.000000,1.000000,{"1":1},1.000000,0.000000,0.000000,0.000000,1.000000,0.000000,-1.000000
0.013449485,3,49,snapshot,256,4,1.000000,1.000000,1.000000,{"1":4},1.000000,0.000000,0.000000,0.000000,1.000000,0.000000,-1.000000
0.013449485,3,49,read_only,1024,1,1.000000,1.000000,1.000000,{"1":1},1.000000,0.000000,0.000000,0.000000,1.000000,0.000000,-1.000000
0.013449485,3,49,union,1024,1,1.000000,1.000000,1.000000,{"1":1},1.000000,0.000000,0.000000,0.000000,1.000000,0.000000,-1.000000
0.013449485,3,49,snapshot,1024,4,1.000000,1.000000,1.000000,{"1":4},1.000000,0.000000,0.000000,0.000000,1.000000,0.000000,-1.000000
0.013449485,3,49,read_only,4096,1,1.000000,1.000000,1.000000,{"1":1},1.000000,0.000000,0.000000,0.000000,1.000000,0.000000,-1.000000
0.013449485,3,49,union,4096,1,1.000000,1.000000,1.000000,{"1":1},1.000000,0.000000,0.000000,0.000000,1.000000,0.000000,-1.000000
0.013449485,3,49,snapshot,4096,4,1.000000,1.000000,1.000000,{"1":4},1.000000,0.000000,0.000000,0.000000,1.000000,0.000000,-1.000000
0.013449485,3,49,read_only,16384,1,1.000000,1.000000,1.000000,{"1":1},1.000000,0.000000,0.000000,0.000000,1.000000,0.000000,-1.000000
0.013449485,3,49,union,16384,1,1.000000,1.000000,1.000000,{"1":1},1.000000,0.000000,0.000000,0.000000,1.000000,0.000000,-1.000000
0.013449485,3,49,snapshot,16384,4,1.000000,1.000000,1.000000,{"1":4},1.000000,0.000000,0.000000,0.000000,1.000000,0.000000,-1.000000
0.013701349,3,50,read_only,64,2,1.000000,1.000000,1.000000,{"1":2},1.000000,0.000000,0.000000,0.000000,1.000000,0.000000,-1.000000
0.013701349,3,50,union,64,2,1.000000,1.000000,1.000000,{"1":2},1.000000,0.000000,0.000000,0.000000,1.000000,0.000000,-1.000000
0.013701349,3,50,snapshot,64,6,1.000000,1.000000,1.000000,{"1":6},1.000000,0.000000,0.000000,0.000000,1.000000,0.000000,-1.000000
0.013701349,3,50,read_only,256,2,1.000000,1.000000,1.000000,{"1":2},1.000000,0.000000,0.000000,0.000000,1.000000,0.000000,-1.000000
0.013701349,3,50,union,256,2,1.000000,1.000000,1.000000,{"1":2},1.000000,0.000000,0.000000,0.000000,1.000000,0.000000,-1.000000
0.013701349,3,50,snapshot,256,6,1.000000,1.000000,1.000000,{"1":6},1.000000,0.000000,0.000000,0.000000,1.000000,0.000000,-1.000000
0.013701349,3,50,read_only,1024,2,1.000000,1.000000,1.000000,{"1":2},1.000000,0.000000,0.000000,0.000000,1.000000,0.000000,-1.000000
0.013701349,3,50,union,1024,2,1.000000,1.000000,1.000000,{"1":2},1.000000,0.000000,0.000000,0.000000,1.000000,0.000000,-1.000000
0.013701349,3,50,snapshot,1024,6,1.000000,1.000000,1.000000,{"1":6},1.000000,0.000000,0.000000,0.000000,1.000000,0.000000,-1.000000
0.013701349,3,50,read_only,4096,2,1.000000,1.000000,1.000000,{"1":2},1.000000,0.000000,0.000000,0.000000,1.000000,0.000000,-1.000000
0.013701349,3,50,union,4096,2,1.000000,1.000000,1.000000,{"1":2},1.000000,0.000000,0.000000,0.000000,1.000000,0.000000,-1.000000
0.013701349,3,50,snapshot,4096,6,1.000000,1.000000,1.000000,{"1":6},1.000000,0.000000,0.000000,0.000000,1.000000,0.000000,-1.000000
0.013701349,3,50,read_only,16384,2,1.000000,1.000000,1.000000,{"1":2},1.000000,0.000000,0.000000,0.000000,1.000000,0.000000,-1.000000
0.013701349,3,50,union,16384,2,1.000000,1.000000,1.000000,{"1":2},1.000000,0.000000,0.000000,0.000000,1.000000,0.000000,-1.000000
0.013701349,3,50,snapshot,16384,6,1.000000,1.000000,1.000000,{"1":6},1.000000,0.000000,0.000000,0.000000,1.000000,0.000000,-1.000000
0.013961479,3,51,snapshot,64,6,1.000000,1.000000,1.000000,{"1":6},1.000000,0.000000,0.000000,0.000000,1.000000,0.000000,-1.000000
0.013961479,3,51,snapshot,256,6,1.000000,1.000000,1.000000,{"1":6},1.000000,0.000000,0.000000,0.000000,1.000000,0.000000,-1.000000
0.013961479,3,51,snapshot,1024,6,1.000000,1.000000,1.000000,{"1":6},1.000000,0.000000,0.000000,0.000000,1.000000,0.000000,-1.000000
0.013961479,3,51,snapshot,4096,6,1.000000,1.000000,1.000000,{"1":6},1.000000,0.000000,0.000000,0.000000,1.000000,0.000000,-1.000000
0.013961479,3,51,snapshot,16384,6,1.000000,1.000000,1.000000,{"1":6},1.000000,0.000000,0.000000,0.000000,1.000000,0.000000,-1.000000
0.014235853,3,52,read_only,64,1,1.000000,1.000000,1.000000,{"1":1},1.000000,0.000000,0.000000,0.000000,1.000000,0.000000,-1.000000
0.014235853,3,52,union,64,1,1.000000,1.000000,1.000000,{"1":1},1.000000,0.000000,0.000000,0.000000,1.000000,0.000000,-1.000000
0.014235853,3,52,snapshot,64,7,1.000000,1.000000,1.000000,{"1":7},1.000000,0.000000,0.000000,0.000000,1.000000,0.000000,-1.000000
0.014235853,3,52,read_only,256,1,1.000000,1.000000,1.000000,{"1":1},1.000000,0.000000,0.000000,0.000000,1.000000,0.000000,-1.000000
0.014235853,3,52,union,256,1,1.000000,1.000000,1.000000,{"1":1},1.000000,0.000000,0.000000,0.000000,1.000000,0.000000,-1.000000
0.014235853,3,52,snapshot,256,7,1.000000,1.000000,1.000000,{"1":7},1.000000,0.000000,0.000000,0.000000,1.000000,0.000000,-1.000000
0.014235853,3,52,read_only,1024,1,1.000000,1.000000,1.000000,{"1":1},1.000000,0.000000,0.000000,0.000000,1.000000,0.000000,-1.000000
0.014235853,3,52,union,1024,1,1.000000,1.000000,1.000000,{"1":1},1.000000,0.000000,0.000000,0.000000,1.000000,0.000000,-1.000000
0.014235853,3,52,snapshot,1024,7,1.000000,1.000000,1.000000,{"1":7},1.000000,0.000000,0.000000,0.000000,1.000000,0.000000,-1.000000
0.014235853,3,52,read_only,4096,1,1.000000,1.000000,1.000000,{"1":1},1.000000,0.000000,0.000000,0.000000,1.000000,0.000000,-1.000000
0.014235853,3,52,union,4096,1,1.000000,1.000000,1.000000,{"1":1},1.000000,0.000000,0.000000,0.000000,1.000000,0.000000,-1.000000
0.014235853,3,52,snapshot,4096,7,1.000000,1.000000,1.000000,{"1":7},1.000000,0.000000,0.000000,0.000000,1.000000,0.000000,-1.000000
0.014235853,3,52,read_only,16384,1,1.000000,1.000000,1.000000,{"1":1},1.000000,0.000000,0.000000,0.000000,1.000000,0.000000,-1.000000
0.014235853,3,52,union,16384,1,1.000000,1.000000,1.000000,{"1":1},1.000000,0.000000,0.000000,0.000000,1.000000,0.000000,-1.000000
0.014235853,3,52,snapshot,16384,7,1.000000,1.000000,1.000000,{"1":7},1.000000,0.000000,0.000000,0.000000,1.000000,0.000000,-1.000000
0.014474034,3,53,read_only,64,4,1.000000,1.000000,1.000000,{"1":4},1.000000,0.000000,0.000000,0.000000,1.000000,0.000000,-1.000000
0.014474034,3,53,union,64,4,1.000000,1.000000,1.000000,{"1":4},1.000000,0.000000,0.000000,0.000000,1.000000,0.000000,-1.000000
0.014474034,3,53,snapshot,64,11,1.000000,1.000000,1.000000,{"1":11},1.000000,0.000000,0.000000,0.000000,1.000000,0.000000,-1.000000
0.014474034,3,53,read_only,256,4,1.000000,1.000000,1.000000,{"1":4},1.000000,0.000000,0.000000,0.000000,1.000000,0.000000,-1.000000
0.014474034,3,53,union,256,4,1.000000,1.000000,1.000000,{"1":4},1.000000,0.000000,0.000000,0.000000,1.000000,0.000000,-1.000000
0.014474034,3,53,snapshot,256,11,1.000000,1.000000,1.000000,{"1":11},1.000000,0.000000,0.000000,0.000000,1.000000,0.000000,-1.000000
0.014474034,3,53,read_only,1024,4,1.000000,1.000000,1.000000,{"1":4},1.000000,0.000000,0.000000,0.000000,1.000000,0.000000,-1.000000
0.014474034,3,53,union,1024,4,1.000000,1.000000,1.000000,{"1":4},1.000000,0.000000,0.000000,0.000000,1.000000,0.000000,-1.000000
0.014474034,3,53,snapshot,1024,11,1.000000,1.000000,1.000000,{"1":11},1.000000,0.000000,0.000000,0.000000,1.000000,0.000000,-1.000000
0.014474034,3,53,read_only,4096,4,1.000000,1.000000,1.000000,{"1":4},1.000000,0.000000,0.000000,0.000000,1.000000,0.000000,-1.000000
0.014474034,3,53,union,4096,4,1.000000,1.000000,1.000000,{"1":4},1.000000,0.000000,0.000000,0.000000,1.000000,0.000000,-1.000000
0.014474034,3,53,snapshot,4096,11,1.000000,1.000000,1.000000,{"1":11},1.000000,0.000000,0.000000,0.000000,1.000000,0.000000,-1.000000
0.014474034,3,53,read_only,16384,4,1.000000,1.000000,1.000000,{"1":4},1.000000,0.000000,0.000000,0.000000,1.000000,0.000000,-1.000000
0.014474034,3,53,union,16384,4,1.000000,1.000000,1.000000,{"1":4},1.000000,0.000000,0.000000,0.000000,1.000000,0.000000,-1.000000
0.014474034,3,53,snapshot,16384,11,1.000000,1.000000,1.000000,{"1":11},1.000000,0.000000,0.000000,0.000000,1.000000,0.000000,-1.000000
0.014703279,3,54,union,64,1,1.000000,1.000000,1.000000,{"1":1},1.000000,0.000000,0.000000,0.000000,1.000000,0.000000,-1.000000
0.014703279,3,54,snapshot,64,11,1.000000,1.000000,1.000000,{"1":11},1.000000,0.000000,0.000000,0.000000,1.000000,0.000000,-1.000000
0.014703279,3,54,union,256,1,1.000000,1.000000,1.000000,{"1":1},1.000000,0.000000,0.000000,0.000000,1.000000,0.000000,-1.000000
0.014703279,3,54,snapshot,256,11,1.000000,1.000000,1.000000,{"1":11},1.000000,0.000000,0.000000,0.000000,1.000000,0.000000,-1.000000
0.014703279,3,54,union,1024,1,1.000000,1.000000,1.000000,{"1":1},1.000000,0.000000,0.000000,0.000000,1.000000,0.000000,-1.000000
0.014703279,3,54,snapshot,1024,11,1.000000,1.000000,1.000000,{"1":11},1.000000,0.000000,0.000000,0.000000,1.000000,0.000000,-1.000000
0.014703279,3,54,union,4096,1,1.000000,1.000000,1.000000,{"1":1},1.000000,0.000000,0.000000,0.000000,1.000000,0.000000,-1.000000
0.014703279,3,54,snapshot,4096,11,1.000000,1.000000,1.000000,{"1":11},1.000000,0.000000,0.000000,0.000000,1.000000,0.000000,-1.000000
0.014703279,3,54,union,16384,1,1.000000,1.000000,1.000000,{"1":1},1.000000,0.000000,0.000000,0.000000,1.000000,0.000000,-1.000000
0.014703279,3,54,snapshot,16384,11,1.000000,1.000000,1.000000,{"1":11},1.000000,0.000000,0.000000,0.000000,1.000000,0.000000,-1.000000
0.015034933,3,55,read_only,64,3,1.000000,1.000000,1.000000,{"1":3},1.000000,0.000000,0.000000,0.000000,1.000000,0.000000,-1.000000
0.015034933,3,55,union,64,5,1.000000,1.000000,1.000000,{"1":5},1.000000,0.000000,0.000000,0.000000,1.000000,0.000000,-1.000000
0.015034933,3,55,snapshot,64,16,1.000000,1.000000,1.000000,{"1":16},1.000000,0.000000,0.000000,0.000000,1.000000,0.000000,-1.000000
0.015034933,3,55,read_only,256,3,1.000000,1.000000,1.000000,{"1":3},1.000000,0.000000,0.000000,0.000000,1.000000,0.000000,-1.000000
0.015034933,3,55,union,256,5,1.000000,1.000000,1.000000,{"1":5},1.000000,0.000000,0.000000,0.000000,1.000000,0.000000,-1.000000
0.015034933,3,55,snapshot,256,16,1.000000,1.000000,1.000000,{"1":16},1.000000,0.000000,0.000000,0.000000,1.000000,0.000000,-1.000000
0.015034933,3,55,read_only,1024,3,1.000000,1.000000,1.000000,{"1":3},1.000000,0.000000,0.000000,0.000000,1.000000,0.000000,-1.000000
0.015034933,3,55,union,1024,5,1.000000,1.000000,1.000000,{"1":5},1.000000,0.000000,0.000000,0.000000,1.000000,0.000000,-1.000000
0.015034933,3,55,snapshot,1024,16,1.000000,1.000000,1.000000,{"1":16},1.000000,0.000000,0.000000,0.000000,1.000000,0.000000,-1.000000
0.015034933,3,55,read_only,4096,3,1.000000,1.000000,1.000000,{"1":3},1.000000,0.000000,0.000000,0.000000,1.000000,0.000000,-1.000000
0.015034933,3,55,union,4096,5,1.000000,1.000000,1.000000,{"1":5},1.000000,0.000000,0.000000,0.000000,1.000000,0.000000,-1.000000
0.015034933,3,55,snapshot,4096,16,1.000000,1.000000,1.000000,{"1":16},1.000000,0.000000,0.000000,0.000000,1.000000,0.000000,-1.000000
0.015034933,3,55,read_only,16384,3,1.000000,1.000000,1.000000,{"1":3},1.000000,0.000000,0.000000,0.000000,1.000000,0.000000,-1.000000
0.015034933,3,55,union,16384,5,1.000000,1.000000,1.000000,{"1":5},1.000000,0.000000,0.000000,0.000000,1.000000,0.000000,-1.000000
0.015034933,3,55,snapshot,16384,16,1.000000,1.000000,1.000000,{"1":16},1.000000,0.000000,0.000000,0.000000,1.000000,0.000000,-1.000000
0.015265883,3,56,snapshot,64,16,1.000000,1.000000,1.000000,{"1":16},1.000000,0.000000,0.000000,0.000000,1.000000,0.000000,-1.000000
0.015265883,3,56,snapshot,256,16,1.000000,1.000000,1.000000,{"1":16},1.000000,0.000000,0.000000,0.000000,1.000000,0.000000,-1.000000
0.015265883,3,56,snapshot,1024,16,1.000000,1.000000,1.000000,{"1":16},1.000000,0.000000,0.000000,0.000000,1.000000,0.000000,-1.000000
0.015265883,3,56,snapshot,4096,16,1.000000,1.000000,1.000000,{"1":16},1.000000,0.000000,0.000000,0.000000,1.000000,0.000000,-1.000000
0.015265883,3,56,snapshot,16384,16,1.000000,1.000000,1.000000,{"1":16},1.000000,0.000000,0.000000,0.000000,1.000000,0.000000,-1.000000
0.015567779,3,57,snapshot,64,16,1.000000,1.000000,1.000000,{"1":16},1.000000,0.000000,0.000000,0.000000,1.000000,0.000000,-1.000000
0.015567779,3,57,snapshot,256,16,1.000000,1.000000,1.000000,{"1":16},1.000000,0.000000,0.000000,0.000000,1.000000,0.000000,-1.000000
0.015567779,3,57,snapshot,1024,16,1.000000,1.000000,1.000000,{"1":16},1.000000,0.000000,0.000000,0.000000,1.000000,0.000000,-1.000000
0.015567779,3,57,snapshot,4096,16,1.000000,1.000000,1.000000,{"1":16},1.000000,0.000000,0.000000,0.000000,1.000000,0.000000,-1.000000
0.015567779,3,57,snapshot,16384,16,1.000000,1.000000,1.000000,{"1":16},1.000000,0.000000,0.000000,0.000000,1.000000,0.000000,-1.000000
0.015828812,3,58,read_only,64,2,1.000000,1.000000,1.000000,{"1":2},1.000000,0.000000,0.000000,0.000000,1.000000,0.000000,-1.000000
0.015828812,3,58,union,64,2,1.000000,1.000000,1.000000,{"1":2},1.000000,0.000000,0.000000,0.000000,1.000000,0.000000,-1.000000
0.015828812,3,58,read_only,256,2,1.000000,1.000000,1.000000,{"1":2},1.000000,0.000000,0.000000,0.000000,1.000000,0.000000,-1.000000
0.015828812,3,58,union,256,2,1.000000,1.000000,1.000000,{"1":2},1.000000,0.000000,0.000000,0.000000,1.000000,0.000000,-1.000000
0.015828812,3,58,read_only,1024,2,1.000000,1.000000,1.000000,{"1":2},1.000000,0.000000,0.000000,0.000000,1.000000,0.000000,-1.000000
0.015828812,3,58,union,1024,2,1.000000,1.000000,1.000000,{"1":2},1.000000,0.000000,0.000000,0.000000,1.000000,0.000000,-1.000000
0.015828812,3,58,read_only,4096,2,1.000000,1.000000,1.000000,{"1":2},1.000000,0.000000,0.000000,0.000000,1.000000,0.000000,-1.000000
0.015828812,3,58,union,4096,2,1.000000,1.000000,1.000000,{"1":2},1.000000,0.000000,0.000000,0.000000,1.000000,0.000000,-1.000000
0.015828812,3,58,read_only,16384,2,1.000000,1.000000,1.000000,{"1":2},1.000000,0.000000,0.000000,0.000000,1.000000,0.000000,-1.000000
0.015828812,3,58,union,16384,2,1.000000,1.000000,1.000000,{"1":2},1.000000,0.000000,0.000000,0.000000,1.000000,0.000000,-1.000000
0.016382336,3,60,read_only,64,3,1.000000,1.000000,1.000000,{"1":3},1.000000,0.000000,0.000000,0.000000,1.000000,0.000000,-1.000000
0.016382336,3,60,union,64,4,1.000000,1.000000,1.000000,{"1":4},1.000000,0.000000,0.000000,0.000000,1.000000,0.000000,-1.000000
0.016382336,3,60,snapshot,64,4,1.000000,1.000000,1.000000,{"1":4},1.000000,0.000000,0.000000,0.000000,1.000000,0.000000,-1.000000
0.016382336,3,60,read_only,256,3,1.000000,1.000000,1.000000,{"1":3},1.000000,0.000000,0.000000,0.000000,1.000000,0.000000,-1.000000
0.016382336,3,60,union,256,4,1.000000,1.000000,1.000000,{"1":4},1.000000,0.000000,0.000000,0.000000,1.000000,0.000000,-1.000000
0.016382336,3,60,snapshot,256,4,1.000000,1.000000,1.000000,{"1":4},1.000000,0.000000,0.000000,0.000000,1.000000,0.000000,-1.000000
0.016382336,3,60,read_only,1024,3,1.000000,1.000000,1.000000,{"1":3},1.000000,0.000000,0.000000,0.000000,1.000000,0.000000,-1.000000
0.016382336,3,60,union,1024,4,1.000000,1.000000,1.000000,{"1":4},1.000000,0.000000,0.000000,0.000000,1.000000,0.000000,-1.000000
0.016382336,3,60,snapshot,1024,4,1.000000,1.000000,1.000000,{"1":4},1.000000,0.000000,0.000000,0.000000,1.000000,0.000000,-1.000000
0.016382336,3,60,read_only,4096,3,1.000000,1.000000,1.000000,{"1":3},1.000000,0.000000,0.000000,0.000000,1.000000,0.000000,-1.000000
0.016382336,3,60,union,4096,4,1.000000,1.000000,1.000000,{"1":4},1.000000,0.000000,0.000000,0.000000,1.000000,0.000000,-1.000000
0.016382336,3,60,snapshot,4096,4,1.000000,1.000000,1.000000,{"1":4},1.000000,0.000000,0.000000,0.000000,1.000000,0.000000,-1.000000
0.016382336,3,60,read_only,16384,3,1.000000,1.000000,1.000000,{"1":3},1.000000,0.000000,0.000000,0.000000,1.000000,0.000000,-1.000000
0.016382336,3,60,union,16384,4,1.000000,1.000000,1.000000,{"1":4},1.000000,0.000000,0.000000,0.000000,1.000000,0.000000,-1.000000
0.016382336,3,60,snapshot,16384,4,1.000000,1.000000,1.000000,{"1":4},1.000000,0.000000,0.000000,0.000000,1.000000,0.000000,-1.000000
0.016664957,3,61,read_only,64,6,1.000000,1.000000,1.000000,{"1":6},1.000000,0.000000,0.000000,0.000000,1.000000,0.000000,-1.000000
0.016664957,3,61,union,64,6,1.000000,1.000000,1.000000,{"1":6},1.000000,0.000000,0.000000,0.000000,1.000000,0.000000,-1.000000
0.016664957,3,61,snapshot,64,10,1.000000,1.000000,1.000000,{"1":10},1.000000,0.000000,0.000000,0.000000,1.000000,0.000000,-1.000000
0.016664957,3,61,read_only,256,6,1.000000,1.000000,1.000000,{"1":6},1.000000,0.000000,0.000000,0.000000,1.000000,0.000000,-1.000000
0.016664957,3,61,union,256,6,1.000000,1.000000,1.000000,{"1":6},1.000000,0.000000,0.000000,0.000000,1.000000,0.000000,-1.000000
0.016664957,3,61,snapshot,256,10,1.000000,1.000000,1.000000,{"1":10},1.000000,0.000000,0.000000,0.000000,1.000000,0.000000,-1.000000
0.016664957,3,61,read_only,1024,6,1.000000,1.000000,1.000000,{"1":6},1.000000,0.000000,0.000000,0.000000,1.000000,0.000000,-1.000000
0.016664957,3,61,union,1024,6,1.000000,1.000000,1.000000,{"1":6},1.000000,0.000000,0.000000,0.000000,1.000000,0.000000,-1.000000
0.016664957,3,61,snapshot,1024,10,1.000000,1.000000,1.000000,{"1":10},1.000000,0.000000,0.000000,0.000000,1.000000,0.000000,-1.000000
0.016664957,3,61,read_only,4096,6,1.000000,1.000000,1.000000,{"1":6},1.000000,0.000000,0.000000,0.000000,1.000000,0.000000,-1.000000
0.016664957,3,61,union,4096,6,1.000000,1.000000,1.000000,{"1":6},1.000000,0.000000,0.000000,0.000000,1.000000,0.000000,-1.000000
0.016664957,3,61,snapshot,4096,10,1.000000,1.000000,1.000000,{"1":10},1.000000,0.000000,0.000000,0.000000,1.000000,0.000000,-1.000000
0.016664957,3,61,read_only,16384,6,1.000000,1.000000,1.000000,{"1":6},1.000000,0.000000,0.000000,0.000000,1.000000,0.000000,-1.000000
0.016664957,3,61,union,16384,6,1.000000,1.000000,1.000000,{"1":6},1.000000,0.000000,0.000000,0.000000,1.000000,0.000000,-1.000000
0.016664957,3,61,snapshot,16384,10,1.000000,1.000000,1.000000,{"1":10},1.000000,0.000000,0.000000,0.000000,1.000000,0.000000,-1.000000
0.016897885,3,62,read_only,64,2,1.000000,1.000000,1.000000,{"1":2},1.000000,0.000000,0.000000,0.000000,1.000000,0.000000,-1.000000
0.016897885,3,62,union,64,2,1.000000,1.000000,1.000000,{"1":2},1.000000,0.000000,0.000000,0.000000,1.000000,0.000000,-1.000000
0.016897885,3,62,snapshot,64,12,1.000000,1.000000,1.000000,{"1":12},1.000000,0.000000,0.000000,0.000000,1.000000,0.000000,-1.000000
0.016897885,3,62,read_only,256,2,1.000000,1.000000,1.000000,{"1":2},1.000000,0.000000,0.000000,0.000000,1.000000,0.000000,-1.000000
0.016897885,3,62,union,256,2,1.000000,1.000000,1.000000,{"1":2},1.000000,0.000000,0.000000,0.000000,1.000000,0.000000,-1.000000
0.016897885,3,62,snapshot,256,12,1.000000,1.000000,1.000000,{"1":12},1.000000,0.000000,0.000000,0.000000,1.000000,0.000000,-1.000000
0.016897885,3,62,read_only,1024,2,1.000000,1.000000,1.000000,{"1":2},1.000000,0.000000,0.000000,0.000000,1.000000,0.000000,-1.000000
0.016897885,3,62,union,1024,2,1.000000,1.000000,1.000000,{"1":2},1.000000,0.000000,0.000000,0.000000,1.000000,0.000000,-1.000000
0.016897885,3,62,snapshot,1024,12,1.000000,1.000000,1.000000,{"1":12},1.000000,0.000000,0.000000,0.000000,1.000000,0.000000,-1.000000
0.016897885,3,62,read_only,4096,2,1.000000,1.000000,1.000000,{"1":2},1.000000,0.000000,0.000000,0.000000,1.000000,0.000000,-1.000000
0.016897885,3,62,union,4096,2,1.000000,1.000000,1.000000,{"1":2},1.000000,0.000000,0.000000,0.000000,1.000000,0.000000,-1.000000
0.016897885,3,62,snapshot,4096,12,1.000000,1.000000,1.000000,{"1":12},1.000000,0.000000,0.000000,0.000000,1.000000,0.000000,-1.000000
0.016897885,3,62,read_only,16384,2,1.000000,1.000000,1.000000,{"1":2},1.000000,0.000000,0.000000,0.000000,1.000000,0.000000,-1.000000
0.016897885,3,62,union,16384,2,1.000000,1.000000,1.000000,{"1":2},1.000000,0.000000,0.000000,0.000000,1.000000,0.000000,-1.000000
0.016897885,3,62,snapshot,16384,12,1.000000,1.000000,1.000000,{"1":12},1.000000,0.000000,0.000000,0.000000,1.000000,0.000000,-1.000000
0.017163823,3,63,snapshot,64,12,1.000000,1.000000,1.000000,{"1":12},1.000000,0.000000,0.000000,0.000000,1.000000,0.000000,-1.000000
0.017163823,3,63,snapshot,256,12,1.000000,1.000000,1.000000,{"1":12},1.000000,0.000000,0.000000,0.000000,1.000000,0.000000,-1.000000
0.017163823,3,63,snapshot,1024,12,1.000000,1.000000,1.000000,{"1":12},1.000000,0.000000,0.000000,0.000000,1.000000,0.000000,-1.000000
0.017163823,3,63,snapshot,4096,12,1.000000,1.000000,1.000000,{"1":12},1.000000,0.000000,0.000000,0.000000,1.000000,0.000000,-1.000000
0.017163823,3,63,snapshot,16384,12,1.000000,1.000000,1.000000,{"1":12},1.000000,0.000000,0.000000,0.000000,1.000000,0.000000,-1.000000
0.017442145,3,64,snapshot,64,12,1.000000,1.000000,1.000000,{"1":12},1.000000,0.000000,0.000000,0.000000,1.000000,0.000000,-1.000000
0.017442145,3,64,snapshot,256,12,1.000000,1.000000,1.000000,{"1":12},1.000000,0.000000,0.000000,0.000000,1.000000,0.000000,-1.000000
0.017442145,3,64,snapshot,1024,12,1.000000,1.000000,1.000000,{"1":12},1.000000,0.000000,0.000000,0.000000,1.000000,0.000000,-1.000000
0.017442145,3,64,snapshot,4096,12,1.000000,1.000000,1.000000,{"1":12},1.000000,0.000000,0.000000,0.000000,1.000000,0.000000,-1.000000
0.017442145,3,64,snapshot,16384,12,1.000000,1.000000,1.000000,{"1":12},1.000000,0.000000,0.000000,0.000000,1.000000,0.000000,-1.000000
0.017684499,3,65,snapshot,64,12,1.000000,1.000000,1.000000,{"1":12},1.000000,0.000000,0.000000,0.000000,1.000000,0.000000,-1.000000
0.017684499,3,65,snapshot,256,12,1.000000,1.000000,1.000000,{"1":12},1.000000,0.000000,0.000000,0.000000,1.000000,0.000000,-1.000000
0.017684499,3,65,snapshot,1024,12,1.000000,1.000000,1.000000,{"1":12},1.000000,0.000000,0.000000,0.000000,1.000000,0.000000,-1.000000
0.017684499,3,65,snapshot,4096,12,1.000000,1.000000,1.000000,{"1":12},1.000000,0.000000,0.000000,0.000000,1.000000,0.000000,-1.000000
0.017684499,3,65,snapshot,16384,12,1.000000,1.000000,1.000000,{"1":12},1.000000,0.000000,0.000000,0.000000,1.000000,0.000000,-1.000000
0.017915255,3,66,snapshot,64,12,1.000000,1.000000,1.000000,{"1":12},1.000000,0.000000,0.000000,0.000000,1.000000,0.000000,-1.000000
0.017915255,3,66,snapshot,256,12,1.000000,1.000000,1.000000,{"1":12},1.000000,0.000000,0.000000,0.000000,1.000000,0.000000,-1.000000
0.017915255,3,66,snapshot,1024,12,1.000000,1.000000,1.000000,{"1":12},1.000000,0.000000,0.000000,0.000000,1.000000,0.000000,-1.000000
0.017915255,3,66,snapshot,4096,12,1.000000,1.000000,1.000000,{"1":12},1.000000,0.000000,0.000000,0.000000,1.000000,0.000000,-1.000000
0.017915255,3,66,snapshot,16384,12,1.000000,1.000000,1.000000,{"1":12},1.000000,0.000000,0.000000,0.000000,1.000000,0.000000,-1.000000
0.018282174,3,67,read_only,64,6,1.000000,1.000000,1.000000,{"1":6},1.000000,0.000000,0.000000,0.000000,1.000000,0.000000,-1.000000
0.018282174,3,67,union,64,12,1.000000,1.000000,1.000000,{"1":12},1.000000,0.000000,0.000000,0.000000,1.000000,0.000000,-1.000000
0.018282174,3,67,snapshot,64,24,1.000000,1.000000,1.000000,{"1":24},1.000000,0.000000,0.000000,0.000000,1.000000,0.000000,-1.000000
0.018282174,3,67,read_only,256,6,1.000000,1.000000,1.000000,{"1":6},1.000000,0.000000,0.000000,0.000000,1.000000,0.000000,-1.000000
0.018282174,3,67,union,256,12,1.000000,1.000000,1.000000,{"1":12},1.000000,0.000000,0.000000,0.000000,1.000000,0.000000,-1.000000
0.018282174,3,67,snapshot,256,24,1.000000,1.000000,1.000000,{"1":24},1.000000,0.000000,0.000000,0.000000,1.000000,0.000000,-1.000000
0.018282174,3,67,read_only,1024,6,1.000000,1.000000,1.000000,{"1":6},1.000000,0.000000,0.000000,0.000000,1.000000,0.000000,-1.000000
0.018282174,3,67,union,1024,12,1.000000,1.000000,1.000000,{"1":12},1.000000,0.000000,0.000000,0.000000,1.000000,0.000000,-1.000000
0.018282174,3,67,snapshot,1024,24,1.000000,1.000000,1.000000,{"1":24},1.000000,0.000000,0.000000,0.000000,1.000000,0.000000,-1.000000
0.018282174,3,67,read_only,4096,6,1.000000,1.000000,1.000000,{"1":6},1.000000,0.000000,0.000000,0.000000,1.000000,0.000000,-1.000000
0.018282174,3,67,union,4096,12,1.000000,1.000000,1.000000,{"1":12},1.000000,0.000000,0.000000,0.000000,1.000000,0.000000,-1.000000
0.018282174,3,67,snapshot,4096,24,1.000000,1.000000,1.000000,{"1":24},1.000000,0.000000,0.000000,0.000000,1.000000,0.000000,-1.000000
0.018282174,3,67,read_only,16384,6,1.000000,1.000000,1.000000,{"1":6},1.000000,0.000000,0.000000,0.000000,1.000000,0.000000,-1.000000
0.018282174,3,67,union,16384,12,1.000000,1.000000,1.000000,{"1":12},1.000000,0.000000,0.000000,0.000000,1.000000,0.000000,-1.000000
0.018282174,3,67,snapshot,16384,24,1.000000,1.000000,1.000000,{"1":24},1.000000,0.000000,0.000000,0.000000,1.000000,0.000000,-1.000000
0.018520005,3,68,union,64,2,1.000000,1.000000,1.000000,{"1":2},1.000000,0.000000,0.000000,0.000000,1.000000,0.000000,-1.000000
0.018520005,3,68,snapshot,64,24,1.000000,1.000000,1.000000,{"1":24},1.000000,0.000000,0.000000,0.000000,1.000000,0.000000,-1.000000
0.018520005,3,68,union,256,2,1.000000,1.000000,1.000000,{"1":2},1.000000,0.000000,0.000000,0.000000,1.000000,0.000000,-1.000000
0.018520005,3,68,snapshot,256,24,1.000000,1.000000,1.000000,{"1":24},1.000000,0.000000,0.000000,0.000000,1.000000,0.000000,-1.000000
0.018520005,3,68,union,1024,2,1.000000,1.000000,1.000000,{"1":2},1.000000,0.000000,0.000000,0.000000,1.000000,0.000000,-1.000000
0.018520005,3,68,snapshot,1024,24,1.000000,1.000000,1.000000,{"1":24},1.000000,0.000000,0.000000,0.000000,1.000000,0.000000,-1.000000
0.018520005,3,68,union,4096,2,1.000000,1.000000,1.000000,{"1":2},1.000000,0.000000,0.000000,0.000000,1.000000,0.000000,-1.000000
0.018520005,3,68,snapshot,4096,24,1.000000,1.000000,1.000000,{"1":24},1.000000,0.000000,0.000000,0.000000,1.000000,0.000000,-1.000000
0.018520005,3,68,union,16384,2,1.000000,1.000000,1.000000,{"1":2},1.000000,0.000000,0.000000,0.000000,1.000000,0.000000,-1.000000
0.018520005,3,68,snapshot,16384,24,1.000000,1.000000,1.000000,{"1":24},1.000000,0.000000,0.000000,0.000000,1.000000,0.000000,-1.000000
0.018853893,3,69,read_only,64,1,1.000000,1.000000,1.000000,{"1":1},1.000000,0.000000,0.000000,0.000000,1.000000,0.000000,-1.000000
0.018853893,3,69,union,64,1,1.000000,1.000000,1.000000,{"1":1},1.000000,0.000000,0.000000,0.000000,1.000000,0.000000,-1.000000
0.018853893,3,69,snapshot,64,25,1.000000,1.000000,1.000000,{"1":25},1.000000,0.000000,0.000000,0.000000,1.000000,0.000000,-1.000000
0.018853893,3,69,read_only,256,1,1.000000,1.000000,1.000000,{"1":1},1.000000,0.000000,0.000000,0.000000,1.000000,0.000000,-1.000000
0.018853893,3,69,union,256,1,1.000000,1.000000,1.000000,{"1":1},1.000000,0.000000,0.000000,0.000000,1.000000,0.000000,-1.000000
0.018853893,3,69,snapshot,256,25,1.000000,1.000000,1.000000,{"1":25},1.000000,0.000000,0.000000,0.000000,1.000000,0.000000,-1.000000
0.018853893,3,69,read_only,1024,1,1.000000,1.000000,1.000000,{"1":1},1.000000,0.000000,0.000000,0.000000,1.000000,0.000000,-1.000000
0.018853893,3,69,union,1024,1,1.000000,1.000000,1.000000,{"1":1},1.000000,0.000000,0.000000,0.000000,1.000000,0.000000,-1.000000
0.018853893,3,69,snapshot,1024,25,1.000000,1.000000,1.000000,{"1":25},1.000000,0.000000,0.000000,0.000000,1.000000,0.000000,-1.000000
0.018853893,3,69,read_only,4096,1,1.000000,1.000000,1.000000,{"1":1},1.000000,0.000000,0.000000,0.000000,1.000000,0.000000,-1.000000
0.018853893,3,69,union,4096,1,1.000000,1.000000,1.000000,{"1":1},1.000000,0.000000,0.000000,0.000000,1.000000,0.000000,-1.000000
0.018853893,3,69,snapshot,4096,25,1.000000,1.000000,1.000000,{"1":25},1.000000,0.000000,0.000000,0.000000,1.000000,0.000000,-1.000000
0.018853893,3,69,read_only,16384,1,1.000000,1.000000,1.000000,{"1":1},1.000000,0.000000,0.000000,0.000000,1.000000,0.000000,-1.000000
0.018853893,3,69,union,16384,1,1.000000,1.000000,1.000000,{"1":1},1.000000,0.000000,0.000000,0.000000,1.000000,0.000000,-1.000000
0.018853893,3,69,snapshot,16384,25,1.000000,1.000000,1.000000,{"1":25},1.000000,0.000000,0.000000,0.000000,1.000000,0.000000,-1.000000
0.019145833,3,70,read_only,64,3,1.000000,1.000000,1.000000,{"1":3},1.000000,0.000000,0.000000,0.000000,1.000000,0.000000,-1.000000
0.019145833,3,70,union,64,4,1.000000,1.000000,1.000000,{"1":4},1.000000,0.000000,0.000000,0.000000,1.000000,0.000000,-1.000000
0.019145833,3,70,snapshot,64,4,1.000000,1.000000,1.000000,{"1":4},1.000000,0.000000,0.000000,0.000000,1.000000,0.000000,-1.000000
0.019145833,3,70,read_only,256,3,1.000000,1.000000,1.000000,{"1":3},1.000000,0.000000,0.000000,0.000000,1.000000,0.000000,-1.000000
0.019145833,3,70,union,256,4,1.000000,1.000000,1.000000,{"1":4},1.000000,0.000000,0.000000,0.000000,1.000000,0.000000,-1.000000
0.019145833,3,70,snapshot,256,4,1.000000,1.000000,1.000000,{"1":4},1.000000,0.000000,0.000000,0.000000,1.000000,0.000000,-1.000000
0.019145833,3,70,read_only,1024,3,1.000000,1.000000,1.000000,{"1":3},1.000000,0.000000,0.000000,0.000000,1.000000,0.000000,-1.000000
0.019145833,3,70,union,1024,4,1.000000,1.000000,1.000000,{"1":4},1.000000,0.000000,0.000000,0.000000,1.000000,0.000000,-1.000000
0.019145833,3,70,snapshot,1024,4,1.000000,1.000000,1.000000,{"1":4},1.000000,0.000000,0.000000,0.000000,1.000000,0.000000,-1.000000
0.019145833,3,70,read_only,4096,3,1.000000,1.000000,1.000000,{"1":3},1.000000,0.000000,0.000000,0.000000,1.000000,0.000000,-1.000000
0.019145833,3,70,union,4096,4,1.000000,1.000000,1.000000,{"1":4},1.000000,0.000000,0.000000,0.000000,1.000000,0.000000,-1.000000
0.019145833,3,70,snapshot,4096,4,1.000000,1.000000,1.000000,{"1":4},1.000000,0.000000,0.000000,0.000000,1.000000,0.000000,-1.000000
0.019145833,3,70,read_only,16384,3,1.000000,1.000000,1.000000,{"1":3},1.000000,0.000000,0.000000,0.000000,1.000000,0.000000,-1.000000
0.019145833,3,70,union,16384,4,1.000000,1.000000,1.000000,{"1":4},1.000000,0.000000,0.000000,0.000000,1.000000,0.000000,-1.000000
0.019145833,3,70,snapshot,16384,4,1.000000,1.000000,1.000000,{"1":4},1.000000,0.000000,0.000000,0.000000,1.000000,0.000000,-1.000000
0.019386379,3,71,snapshot,64,4,1.000000,1.000000,1.000000,{"1":4},1.000000,0.000000,0.000000,0.000000,1.000000,0.000000,-1.000000
0.019386379,3,71,snapshot,256,4,1.000000,1.000000,1.000000,{"1":4},1.000000,0.000000,0.000000,0.000000,1.000000,0.000000,-1.000000
0.019386379,3,71,snapshot,1024,4,1.000000,1.000000,1.000000,{"1":4},1.000000,0.000000,0.000000,0.000000,1.000000,0.000000,-1.000000
0.019386379,3,71,snapshot,4096,4,1.000000,1.000000,1.000000,{"1":4},1.000000,0.000000,0.000000,0.000000,1.000000,0.000000,-1.000000
0.019386379,3,71,snapshot,16384,4,1.000000,1.000000,1.000000,{"1":4},1.000000,0.000000,0.000000,0.000000,1.000000,0.000000,-1.000000
0.019771690,3,72,read_only,64,3,1.000000,1.000000,1.000000,{"1":3},1.000000,0.000000,0.000000,0.000000,1.000000,0.000000,-1.000000
0.019771690,3,72,union,64,6,1.000000,1.000000,1.000000,{"1":6},1.000000,0.000000,0.000000,0.000000,1.000000,0.000000,-1.000000
0.019771690,3,72,snapshot,64,10,1.000000,1.000000,1.000000,{"1":10},1.000000,0.000000,0.000000,0.000000,1.000000,0.000000,-1.000000
0.019771690,3,72,read_only,256,3,1.000000,1.000000,1.000000,{"1":3},1.000000,0.000000,0.000000,0.000000,1.000000,0.000000,-1.000000
0.019771690,3,72,union,256,6,1.000000,1.000000,1.000000,{"1":6},1.000000,0.000000,0.000000,0.000000,1.000000,0.000000,-1.000000
0.019771690,3,72,snapshot,256,10,1.000000,1.000000,1.000000,{"1":10},1.000000,0.000000,0.000000,0.000000,1.000000,0.000000,-1.000000
0.019771690,3,72,read_only,1024,3,1.000000,1.000000,1.000000,{"1":3},1.000000,0.000000,0.000000,0.000000,1.000000,0.000000,-1.000000
0.019771690,3,72,union,1024,6,1.000000,1.000000,1.000000,{"1":6},1.000000,0.000000,0.000000,0.000000,1.000000,0.000000,-1.000000
0.019771690,3,72,snapshot,1024,10,1.000000,1.000000,1.000000,{"1":10},1.000000,0.000000,0.000000,0.000000,1.000000,0.000000,-1.000000
0.019771690,3,72,read_only,4096,3,1.000000,1.000000,1.000000,{"1":3},1.000000,0.000000,0.000000,0.000000,1.000000,0.000000,-1.000000
0.019771690,3,72,union,4096,6,1.000000,1.000000,1.000000,{"1":6},1.000000,0.000000,0.000000,0.000000,1.000000,0.000000,-1.000000
0.019771690,3,72,snapshot,4096,10,1.000000,1.000000,1.000000,{"1":10},1.000000,0.000000,0.000000,0.000000,1.000000,0.000000,-1.000000
0.019771690,3,72,read_only,16384,3,1.000000,1.000000,1.000000,{"1":3},1.000000,0.000000,0.000000,0.000000,1.000000,0.000000,-1.000000
0.019771690,3,72,union,16384,6,1.000000,1.000000,1.000000,{"1":6},1.000000,0.000000,0.000000,0.000000,1.000000,0.000000,-1.000000
0.019771690,3,72,snapshot,16384,10,1.000000,1.000000,1.000000,{"1":10},1.000000,0.000000,0.000000,0.000000,1.000000,0.000000,-1.000000
0.020062897,3,73,read_only,64,25,1.000000,1.000000,1.000000,{"1":25},1.000000,0.000000,0.000000,0.000000,1.000000,0.000000,-1.000000
0.020062897,3,73,union,64,26,1.000000,1.000000,1.000000,{"1":26},1.000000,0.000000,0.000000,0.000000,1.000000,0.000000,-1.000000
0.020062897,3,73,snapshot,64,35,1.000000,1.000000,1.000000,{"1":35},1.000000,0.000000,0.000000,0.000000,1.000000,0.000000,-1.000000
0.020062897,3,73,read_only,256,25,1.000000,1.000000,1.000000,{"1":25},1.000000,0.000000,0.000000,0.000000,1.000000,0.000000,-1.000000
0.020062897,3,73,union,256,26,1.000000,1.000000,1.000000,{"1":26},1.000000,0.000000,0.000000,0.000000,1.000000,0.000000,-1.000000
0.020062897,3,73,snapshot,256,35,1.000000,1.000000,1.000000,{"1":35},1.000000,0.000000,0.000000,0.000000,1.000000,0.000000,-1.000000
0.020062897,3,73,read_only,1024,25,1.000000,1.000000,1.000000,{"1":25},1.000000,0.000000,0.000000,0.000000,1.000000,0.000000,-1.000000
0.020062897,3,73,union,1024,26,1.000000,1.000000,1.000000,{"1":26},1.000000,0.000000,0.000000,0.000000,1.000000,0.000000,-1.000000
0.020062897,3,73,snapshot,1024,35,1.000000,1.000000,1.000000,{"1":35},1.000000,0.000000,0.000000,0.000000,1.000000,0.000000,-1.000000
0.020062897,3,73,read_only,4096,25,1.000000,1.000000,1.000000,{"1":25},1.000000,0.000000,0.000000,0.000000,1.000000,0.000000,-1.000000
0.020062897,3,73,union,4096,26,1.000000,1.000000,1.000000,{"1":26},1.000000,0.000000,0.000000,0.000000,1.000000,0.000000,-1.000000
0.020062897,3,73,snapshot,4096,35,1.000000,1.000000,1.000000,{"1":35},1.000000,0.000000,0.000000,0.000000,1.000000,0.000000,-1.000000
0.020062897,3,73,read_only,16384,25,1.000000,1.000000,1.000000,{"1":25},1.000000,0.000000,0.000000,0.000000,1.000000,0.000000,-1.000000
0.020062897,3,73,union,16384,26,1.000000,1.000000,1.000000,{"1":26},1.000000,0.000000,0.000000,0.000000,1.000000,0.000000,-1.000000
0.020062897,3,73,snapshot,16384,35,1.000000,1.000000,1.000000,{"1":35},1.000000,0.000000,0.000000,0.000000,1.000000,0.000000,-1.000000
0.020326810,3,74,read_only,64,20,1.000000,1.000000,1.000000,{"1":20},1.000000,0.000000,0.000000,0.000000,1.000000,0.000000,-1.000000
0.020326810,3,74,union,64,20,1.000000,1.000000,1.000000,{"1":20},1.000000,0.000000,0.000000,0.000000,1.000000,0.000000,-1.000000
0.020326810,3,74,snapshot,64,55,1.000000,1.000000,1.000000,{"1":55},1.000000,0.000000,0.000000,0.000000,1.000000,0.000000,-1.000000
0.020326810,3,74,read_only,256,20,1.000000,1.000000,1.000000,{"1":20},1.000000,0.000000,0.000000,0.000000,1.000000,0.000000,-1.000000
0.020326810,3,74,union,256,20,1.000000,1.000000,1.000000,{"1":20},1.000000,0.000000,0.000000,0.000000,1.000000,0.000000,-1.000000
0.020326810,3,74,snapshot,256,55,1.000000,1.000000,1.000000,{"1":55},1.000000,0.000000,0.000000,0.000000,1.000000,0.000000,-1.000000
0.020326810,3,74,read_only,1024,20,1.000000,1.000000,1.000000,{"1":20},1.000000,0.000000,0.000000,0.000000,1.000000,0.000000,-1.000000
0.020326810,3,74,union,1024,20,1.000000,1.000000,1.000000,{"1":20},1.000000,0.000000,0.000000,0.000000,1.000000,0.000000,-1.000000
0.020326810,3,74,snapshot,1024,55,1.000000,1.000000,1.000000,{"1":55},1.000000,0.000000,0.000000,0.000000,1.000000,0.000000,-1.000000
0.020326810,3,74,read_only,4096,20,1.000000,1.000000,1.000000,{"1":20},1.000000,0.000000,0.000000,0.000000,1.000000,0.000000,-1.000000
0.020326810,3,74,union,4096,20,1.000000,1.000000,1.000000,{"1":20},1.000000,0.000000,0.000000,0.000000,1.000000,0.000000,-1.000000
0.020326810,3,74,snapshot,4096,55,1.000000,1.000000,1.000000,{"1":55},1.000000,0.000000,0.000000,0.000000,1.000000,0.000000,-1.000000
0.020326810,3,74,read_only,16384,20,1.000000,1.000000,1.000000,{"1":20},1.000000,0.000000,0.000000,0.000000,1.000000,0.000000,-1.000000
0.020326810,3,74,union,16384,20,1.000000,1.000000,1.000000,{"1":20},1.000000,0.000000,0.000000,0.000000,1.000000,0.000000,-1.000000
0.020326810,3,74,snapshot,16384,55,1.000000,1.000000,1.000000,{"1":55},1.000000,0.000000,0.000000,0.000000,1.000000,0.000000,-1.000000
0.020610033,3,75,read_only,64,25,1.000000,1.000000,1.000000,{"1":24,"2":1},0.960000,0.040000,0.000000,0.000000,0.960000,0.040000,1.000000
0.020610033,3,75,union,64,26,1.000000,1.000000,1.000000,{"1":25,"2":1},0.961538,0.038462,0.000000,0.000000,0.961538,0.038462,1.000000
0.020610033,3,75,snapshot,64,81,1.000000,1.000000,1.000000,{"1":80,"2":1},0.987654,0.012346,0.000000,0.000000,0.987654,0.012346,1.000000
0.020610033,3,75,read_only,256,25,1.000000,1.000000,1.000000,{"1":24,"2":1},0.960000,0.040000,0.000000,0.000000,0.960000,0.040000,1.000000
0.020610033,3,75,union,256,26,1.000000,1.000000,1.000000,{"1":25,"2":1},0.961538,0.038462,0.000000,0.000000,0.961538,0.038462,1.000000
0.020610033,3,75,snapshot,256,81,1.000000,1.000000,1.000000,{"1":80,"2":1},0.987654,0.012346,0.000000,0.000000,0.987654,0.012346,1.000000
0.020610033,3,75,read_only,1024,25,1.000000,1.000000,1.000000,{"1":24,"2":1},0.960000,0.040000,0.000000,0.000000,0.960000,0.040000,1.000000
0.020610033,3,75,union,1024,26,1.000000,1.000000,1.000000,{"1":25,"2":1},0.961538,0.038462,0.000000,0.000000,0.961538,0.038462,1.000000
0.020610033,3,75,snapshot,1024,81,1.000000,1.000000,1.000000,{"1":80,"2":1},0.987654,0.012346,0.000000,0.000000,0.987654,0.012346,1.000000
0.020610033,3,75,read_only,4096,25,1.000000,1.000000,1.000000,{"1":24,"2":1},0.960000,0.040000,0.000000,0.000000,0.960000,0.040000,1.000000
0.020610033,3,75,union,4096,26,1.000000,1.000000,1.000000,{"1":25,"2":1},0.961538,0.038462,0.000000,0.000000,0.961538,0.038462,1.000000
0.020610033,3,75,snapshot,4096,81,1.000000,1.000000,1.000000,{"1":80,"2":1},0.987654,0.012346,0.000000,0.000000,0.987654,0.012346,1.000000
0.020610033,3,75,read_only,16384,25,1.000000,1.000000,1.000000,{"1":24,"2":1},0.960000,0.040000,0.000000,0.000000,0.960000,0.040000,1.000000
0.020610033,3,75,union,16384,26,1.000000,1.000000,1.000000,{"1":25,"2":1},0.961538,0.038462,0.000000,0.000000,0.961538,0.038462,1.000000
0.020610033,3,75,snapshot,16384,81,1.000000,1.000000,1.000000,{"1":80,"2":1},0.987654,0.012346,0.000000,0.000000,0.987654,0.012346,1.000000
0.020903288,3,76,read_only,64,1,1.000000,1.000000,1.000000,{"1":1},1.000000,0.000000,0.000000,0.000000,1.000000,0.000000,-1.000000
0.020903288,3,76,union,64,1,1.000000,1.000000,1.000000,{"1":1},1.000000,0.000000,0.000000,0.000000,1.000000,0.000000,-1.000000
0.020903288,3,76,snapshot,64,82,1.000000,1.000000,1.000000,{"1":81,"2":1},0.987805,0.012195,0.000000,0.000000,0.987805,0.012195,1.000000
0.020903288,3,76,read_only,256,1,1.000000,1.000000,1.000000,{"1":1},1.000000,0.000000,0.000000,0.000000,1.000000,0.000000,-1.000000
0.020903288,3,76,union,256,1,1.000000,1.000000,1.000000,{"1":1},1.000000,0.000000,0.000000,0.000000,1.000000,0.000000,-1.000000
0.020903288,3,76,snapshot,256,82,1.000000,1.000000,1.000000,{"1":81,"2":1},0.987805,0.012195,0.000000,0.000000,0.987805,0.012195,1.000000
0.020903288,3,76,read_only,1024,1,1.000000,1.000000,1.000000,{"1":1},1.000000,0.000000,0.000000,0.000000,1.000000,0.000000,-1.000000
0.020903288,3,76,union,1024,1,1.000000,1.000000,1.000000,{"1":1},1.000000,0.000000,0.000000,0.000000,1.000000,0.000000,-1.000000
0.020903288,3,76,snapshot,1024,82,1.000000,1.000000,1.000000,{"1":81,"2":1},0.987805,0.012195,0.000000,0.000000,0.987805,0.012195,1.000000
0.020903288,3,76,read_only,4096,1,1.000000,1.000000,1.000000,{"1":1},1.000000,0.000000,0.000000,0.000000,1.000000,0.000000,-1.000000
0.020903288,3,76,union,4096,1,1.000000,1.000000,1.000000,{"1":1},1.000000,0.000000,0.000000,0.000000,1.000000,0.000000,-1.000000
0.020903288,3,76,snapshot,4096,82,1.000000,1.000000,1.000000,{"1":81,"2":1},0.987805,0.012195,0.000000,0.000000,0.987805,0.012195,1.000000
0.020903288,3,76,read_only,16384,1,1.000000,1.000000,1.000000,{"1":1},1.000000,0.000000,0.000000,0.000000,1.000000,0.000000,-1.000000
0.020903288,3,76,union,16384,1,1.000000,1.000000,1.000000,{"1":1},1.000000,0.000000,0.000000,0.000000,1.000000,0.000000,-1.000000
0.020903288,3,76,snapshot,16384,82,1.000000,1.000000,1.000000,{"1":81,"2":1},0.987805,0.012195,0.000000,0.000000,0.987805,0.012195,1.000000
0.021150145,3,77,union,64,1,1.000000,1.000000,1.000000,{"1":1},1.000000,0.000000,0.000000,0.000000,1.000000,0.000000,-1.000000
0.021150145,3,77,snapshot,64,82,1.000000,1.000000,1.000000,{"1":82},1.000000,0.000000,0.000000,0.000000,1.000000,0.000000,-1.000000
0.021150145,3,77,union,256,1,1.000000,1.000000,1.000000,{"1":1},1.000000,0.000000,0.000000,0.000000,1.000000,0.000000,-1.000000
0.021150145,3,77,snapshot,256,82,1.000000,1.000000,1.000000,{"1":82},1.000000,0.000000,0.000000,0.000000,1.000000,0.000000,-1.000000
0.021150145,3,77,union,1024,1,1.000000,1.000000,1.000000,{"1":1},1.000000,0.000000,0.000000,0.000000,1.000000,0.000000,-1.000000
0.021150145,3,77,snapshot,1024,82,1.000000,1.000000,1.000000,{"1":82},1.000000,0.000000,0.000000,0.000000,1.000000,0.000000,-1.000000
0.021150145,3,77,union,4096,1,1.000000,1.000000,1.000000,{"1":1},1.000000,0.000000,0.000000,0.000000,1.000000,0.000000,-1.000000
0.021150145,3,77,snapshot,4096,82,1.000000,1.000000,1.000000,{"1":82},1.000000,0.000000,0.000000,0.000000,1.000000,0.000000,-1.000000
0.021150145,3,77,union,16384,1,1.000000,1.000000,1.000000,{"1":1},1.000000,0.000000,0.000000,0.000000,1.000000,0.000000,-1.000000
0.021150145,3,77,snapshot,16384,82,1.000000,1.000000,1.000000,{"1":82},1.000000,0.000000,0.000000,0.000000,1.000000,0.000000,-1.000000
0.021401295,3,78,read_only,64,9,1.000000,1.000000,1.000000,{"1":9},1.000000,0.000000,0.000000,0.000000,1.000000,0.000000,-1.000000
0.021401295,3,78,union,64,10,1.000000,1.000000,1.000000,{"1":10},1.000000,0.000000,0.000000,0.000000,1.000000,0.000000,-1.000000
0.021401295,3,78,snapshot,64,92,1.000000,1.000000,1.000000,{"1":92},1.000000,0.000000,0.000000,0.000000,1.000000,0.000000,-1.000000
0.021401295,3,78,read_only,256,9,1.000000,1.000000,1.000000,{"1":9},1.000000,0.000000,0.000000,0.000000,1.000000,0.000000,-1.000000
0.021401295,3,78,union,256,10,1.000000,1.000000,1.000000,{"1":10},1.000000,0.000000,0.000000,0.000000,1.000000,0.000000,-1.000000
0.021401295,3,78,snapshot,256,92,1.000000,1.000000,1.000000,{"1":92},1.000000,0.000000,0.000000,0.000000,1.000000,0.000000,-1.000000
0.021401295,3,78,read_only,1024,9,1.000000,1.000000,1.000000,{"1":9},1.000000,0.000000,0.000000,0.000000,1.000000,0.000000,-1.000000
0.021401295,3,78,union,1024,10,1.000000,1.000000,1.000000,{"1":10},1.000000,0.000000,0.000000,0.000000,1.000000,0.000000,-1.000000
0.021401295,3,78,snapshot,1024,92,1.000000,1.000000,1.000000,{"1":92},1.000000,0.000000,0.000000,0.000000,1.000000,0.000000,-1.000000
0.021401295,3,78,read_only,4096,9,1.000000,1.000000,1.000000,{"1":9},1.000000,0.000000,0.000000,0.000000,1.000000,0.000000,-1.000000
0.021401295,3,78,union,4096,10,1.000000,1.000000,1.000000,{"1":10},1.000000,0.000000,0.000000,0.000000,1.000000,0.000000,-1.000000
0.021401295,3,78,snapshot,4096,92,1.000000,1.000000,1.000000,{"1":92},1.000000,0.000000,0.000000,0.000000,1.000000,0.000000,-1.000000
0.021401295,3,78,read_only,16384,9,1.000000,1.000000,1.000000,{"1":9},1.000000,0.000000,0.000000,0.000000,1.000000,0.000000,-1.000000
0.021401295,3,78,union,16384,10,1.000000,1.000000,1.000000,{"1":10},1.000000,0.000000,0.000000,0.000000,1.000000,0.000000,-1.000000
0.021401295,3,78,snapshot,16384,92,1.000000,1.000000,1.000000,{"1":92},1.000000,0.000000,0.000000,0.000000,1.000000,0.000000,-1.000000
0.021679157,3,79,read_only,64,28,1.000000,1.000000,1.000000,{"1":28},1.000000,0.000000,0.000000,0.000000,1.000000,0.000000,-1.000000
0.021679157,3,79,union,64,29,1.000000,1.000000,1.000000,{"1":29},1.000000,0.000000,0.000000,0.000000,1.000000,0.000000,-1.000000
0.021679157,3,79,snapshot,64,120,1.000000,1.000000,1.000000,{"1":120},1.000000,0.000000,0.000000,0.000000,1.000000,0.000000,-1.000000
0.021679157,3,79,read_only,256,28,1.000000,1.000000,1.000000,{"1":28},1.000000,0.000000,0.000000,0.000000,1.000000,0.000000,-1.000000
0.021679157,3,79,union,256,29,1.000000,1.000000,1.000000,{"1":29},1.000000,0.000000,0.000000,0.000000,1.000000,0.000000,-1.000000
0.021679157,3,79,snapshot,256,120,1.000000,1.000000,1.000000,{"1":120},1.000000,0.000000,0.000000,0.000000,1.000000,0.000000,-1.000000
0.021679157,3,79,read_only,1024,28,1.000000,1.000000,1.000000,{"1":28},1.000000,0.000000,0.000000,0.000000,1.000000,0.000000,-1.000000
0.021679157,3,79,union,1024,29,1.000000,1.000000,1.000000,{"1":29},1.000000,0.000000,0.000000,0.000000,1.000000,0.000000,-1.000000
0.021679157,3,79,snapshot,1024,120,1.000000,1.000000,1.000000,{"1":120},1.000000,0.000000,0.000000,0.000000,1.000000,0.000000,-1.000000
0.021679157,3,79,read_only,4096,28,1.000000,1.000000,1.000000,{"1":28},1.000000,0.000000,0.000000,0.000000,1.000000,0.000000,-1.000000
0.021679157,3,79,union,4096,29,1.000000,1.000000,1.000000,{"1":29},1.000000,0.000000,0.000000,0.000000,1.000000,0.000000,-1.000000
0.021679157,3,79,snapshot,4096,120,1.000000,1.000000,1.000000,{"1":120},1.000000,0.000000,0.000000,0.000000,1.000000,0.000000,-1.000000
0.021679157,3,79,read_only,16384,28,1.000000,1.000000,1.000000,{"1":28},1.000000,0.000000,0.000000,0.000000,1.000000,0.000000,-1.000000
0.021679157,3,79,union,16384,29,1.000000,1.000000,1.000000,{"1":29},1.000000,0.000000,0.000000,0.000000,1.000000,0.000000,-1.000000
0.021679157,3,79,snapshot,16384,120,1.000000,1.000000,1.000000,{"1":120},1.000000,0.000000,0.000000,0.000000,1.000000,0.000000,-1.000000
0.021975934,3,80,snapshot,64,120,1.000000,1.000000,1.000000,{"1":120},1.000000,0.000000,0.000000,0.000000,1.000000,0.000000,-1.000000
0.021975934,3,80,snapshot,256,120,1.000000,1.000000,1.000000,{"1":120},1.000000,0.000000,0.000000,0.000000,1.000000,0.000000,-1.000000
0.021975934,3,80,snapshot,1024,120,1.000000,1.000000,1.000000,{"1":120},1.000000,0.000000,0.000000,0.000000,1.000000,0.000000,-1.000000
0.021975934,3,80,snapshot,4096,120,1.000000,1.000000,1.000000,{"1":120},1.000000,0.000000,0.000000,0.000000,1.000000,0.000000,-1.000000
0.021975934,3,80,snapshot,16384,120,1.000000,1.000000,1.000000,{"1":120},1.000000,0.000000,0.000000,0.000000,1.000000,0.000000,-1.000000
0.022221043,3,81,snapshot,64,120,1.000000,1.000000,1.000000,{"1":120},1.000000,0.000000,0.000000,0.000000,1.000000,0.000000,-1.000000
0.022221043,3,81,snapshot,256,120,1.000000,1.000000,1.000000,{"1":120},1.000000,0.000000,0.000000,0.000000,1.000000,0.000000,-1.000000
0.022221043,3,81,snapshot,1024,120,1.000000,1.000000,1.000000,{"1":120},1.000000,0.000000,0.000000,0.000000,1.000000,0.000000,-1.000000
0.022221043,3,81,snapshot,4096,120,1.000000,1.000000,1.000000,{"1":120},1.000000,0.000000,0.000000,0.000000,1.000000,0.000000,-1.000000
0.022221043,3,81,snapshot,16384,120,1.000000,1.000000,1.000000,{"1":120},1.000000,0.000000,0.000000,0.000000,1.000000,0.000000,-1.000000
0.022472247,3,82,read_only,64,2,1.000000,1.000000,1.000000,{"1":2},1.000000,0.000000,0.000000,0.000000,1.000000,0.000000,-1.000000
0.022472247,3,82,union,64,2,1.000000,1.000000,1.000000,{"1":2},1.000000,0.000000,0.000000,0.000000,1.000000,0.000000,-1.000000
0.022472247,3,82,snapshot,64,122,1.000000,1.000000,1.000000,{"1":122},1.000000,0.000000,0.000000,0.000000,1.000000,0.000000,-1.000000
0.022472247,3,82,read_only,256,2,1.000000,1.000000,1.000000,{"1":2},1.000000,0.000000,0.000000,0.000000,1.000000,0.000000,-1.000000
0.022472247,3,82,union,256,2,1.000000,1.000000,1.000000,{"1":2},1.000000,0.000000,0.000000,0.000000,1.000000,0.000000,-1.000000
0.022472247,3,82,snapshot,256,122,1.000000,1.000000,1.000000,{"1":122},1.000000,0.000000,0.000000,0.000000,1.000000,0.000000,-1.000000
0.022472247,3,82,read_only,1024,2,1.000000,1.000000,1.000000,{"1":2},1.000000,0.000000,0.000000,0.000000,1.000000,0.000000,-1.000000
0.022472247,3,82,union,1024,2,1.000000,1.000000,1.000000,{"1":2},1.000000,0.000000,0.000000,0.000000,1.000000,0.000000,-1.000000
0.022472247,3,82,snapshot,1024,122,1.000000,1.000000,1.000000,{"1":122},1.000000,0.000000,0.000000,0.000000,1.000000,0.000000,-1.000000
0.022472247,3,82,read_only,4096,2,1.000000,1.000000,1.000000,{"1":2},1.000000,0.000000,0.000000,0.000000,1.000000,0.000000,-1.000000
0.022472247,3,82,union,4096,2,1.000000,1.000000,1.000000,{"1":2},1.000000,0.000000,0.000000,0.000000,1.000000,0.000000,-1.000000
0.022472247,3,82,snapshot,4096,122,1.000000,1.000000,1.000000,{"1":122},1.000000,0.000000,0.000000,0.000000,1.000000,0.000000,-1.000000
0.022472247,3,82,read_only,16384,2,1.000000,1.000000,1.000000,{"1":2},1.000000,0.000000,0.000000,0.000000,1.000000,0.000000,-1.000000
0.022472247,3,82,union,16384,2,1.000000,1.000000,1.000000,{"1":2},1.000000,0.000000,0.000000,0.000000,1.000000,0.000000,-1.000000
0.022472247,3,82,snapshot,16384,122,1.000000,1.000000,1.000000,{"1":122},1.000000,0.000000,0.000000,0.000000,1.000000,0.000000,-1.000000
0.022704736,3,83,snapshot,64,122,1.000000,1.000000,1.000000,{"1":122},1.000000,0.000000,0.000000,0.000000,1.000000,0.000000,-1.000000
0.022704736,3,83,snapshot,256,122,1.000000,1.000000,1.000000,{"1":122},1.000000,0.000000,0.000000,0.000000,1.000000,0.000000,-1.000000
0.022704736,3,83,snapshot,1024,122,1.000000,1.000000,1.000000,{"1":122},1.000000,0.000000,0.000000,0.000000,1.000000,0.000000,-1.000000
0.022704736,3,83,snapshot,4096,122,1.000000,1.000000,1.000000,{"1":122},1.000000,0.000000,0.000000,0.000000,1.000000,0.000000,-1.000000
0.022704736,3,83,snapshot,16384,122,1.000000,1.000000,1.000000,{"1":122},1.000000,0.000000,0.000000,0.000000,1.000000,0.000000,-1.000000
0.022950945,3,84,snapshot,64,122,1.000000,1.000000,1.000000,{"1":122},1.000000,0.000000,0.000000,0.000000,1.000000,0.000000,-1.000000
0.022950945,3,84,snapshot,256,122,1.000000,1.000000,1.000000,{"1":122},1.000000,0.000000,0.000000,0.000000,1.000000,0.000000,-1.000000
0.022950945,3,84,snapshot,1024,122,1.000000,1.000000,1.000000,{"1":122},1.000000,0.000000,0.000000,0.000000,1.000000,0.000000,-1.000000
0.022950945,3,84,snapshot,4096,122,1.000000,1.000000,1.000000,{"1":122},1.000000,0.000000,0.000000,0.000000,1.000000,0.000000,-1.000000
0.022950945,3,84,snapshot,16384,122,1.000000,1.000000,1.000000,{"1":122},1.000000,0.000000,0.000000,0.000000,1.000000,0.000000,-1.000000
0.023188064,3,85,read_only,64,1,1.000000,1.000000,1.000000,{"1":1},1.000000,0.000000,0.000000,0.000000,1.000000,0.000000,-1.000000
0.023188064,3,85,union,64,3,1.000000,1.000000,1.000000,{"1":3},1.000000,0.000000,0.000000,0.000000,1.000000,0.000000,-1.000000
0.023188064,3,85,snapshot,64,125,1.000000,1.000000,1.000000,{"1":125},1.000000,0.000000,0.000000,0.000000,1.000000,0.000000,-1.000000
0.023188064,3,85,read_only,256,1,1.000000,1.000000,1.000000,{"1":1},1.000000,0.000000,0.000000,0.000000,1.000000,0.000000,-1.000000
0.023188064,3,85,union,256,3,1.000000,1.000000,1.000000,{"1":3},1.000000,0.000000,0.000000,0.000000,1.000000,0.000000,-1.000000
0.023188064,3,85,snapshot,256,125,1.000000,1.000000,1.000000,{"1":125},1.000000,0.000000,0.000000,0.000000,1.000000,0.000000,-1.000000
0.023188064,3,85,read_only,1024,1,1.000000,1.000000,1.000000,{"1":1},1.000000,0.000000,0.000000,0.000000,1.000000,0.000000,-1.000000
0.023188064,3,85,union,1024,3,1.000000,1.000000,1.000000,{"1":3},1.000000,0.000000,0.000000,0.000000,1.000000,0.000000,-1.000000
0.023188064,3,85,snapshot,1024,125,1.000000,1.000000,1.000000,{"1":125},1.000000,0.000000,0.000000,0.000000,1.000000,0.000000,-1.000000
0.023188064,3,85,read_only,4096,1,1.000000,1.000000,1.000000,{"1":1},1.000000,0.000000,0.000000,0.000000,1.000000,0.000000,-1.000000
0.023188064,3,85,union,4096,3,1.000000,1.000000,1.000000,{"1":3},1.000000,0.000000,0.000000,0.000000,1.000000,0.000000,-1.000000
0.023188064,3,85,snapshot,4096,125,1.000000,1.000000,1.000000,{"1":125},1.000000,0.000000,0.000000,0.000000,1.000000,0.000000,-1.000000
0.023188064,3,85,read_only,16384,1,1.000000,1.000000,1.000000,{"1":1},1.000000,0.000000,0.000000,0.000000,1.000000,0.000000,-1.000000
0.023188064,3,85,union,16384,3,1.000000,1.000000,1.000000,{"1":3},1.000000,0.000000,0.000000,0.000000,1.000000,0.000000,-1.000000
0.023188064,3,85,snapshot,16384,125,1.000000,1.000000,1.000000,{"1":125},1.000000,0.000000,0.000000,0.000000,1.000000,0.000000,-1.000000
0.023421035,3,86,snapshot,64,125,1.000000,1.000000,1.000000,{"1":125},1.000000,0.000000,0.000000,0.000000,1.000000,0.000000,-1.000000
0.023421035,3,86,snapshot,256,125,1.000000,1.000000,1.000000,{"1":125},1.000000,0.000000,0.000000,0.000000,1.000000,0.000000,-1.000000
0.023421035,3,86,snapshot,1024,125,1.000000,1.000000,1.000000,{"1":125},1.000000,0.000000,0.000000,0.000000,1.000000,0.000000,-1.000000
0.023421035,3,86,snapshot,4096,125,1.000000,1.000000,1.000000,{"1":125},1.000000,0.000000,0.000000,0.000000,1.000000,0.000000,-1.000000
0.023421035,3,86,snapshot,16384,125,1.000000,1.000000,1.000000,{"1":125},1.000000,0.000000,0.000000,0.000000,1.000000,0.000000,-1.000000
0.023654434,3,87,snapshot,64,125,1.000000,1.000000,1.000000,{"1":125},1.000000,0.000000,0.000000,0.000000,1.000000,0.000000,-1.000000
0.023654434,3,87,snapshot,256,125,1.000000,1.000000,1.000000,{"1":125},1.000000,0.000000,0.000000,0.000000,1.000000,0.000000,-1.000000
0.023654434,3,87,snapshot,1024,125,1.000000,1.000000,1.000000,{"1":125},1.000000,0.000000,0.000000,0.000000,1.000000,0.000000,-1.000000
0.023654434,3,87,snapshot,4096,125,1.000000,1.000000,1.000000,{"1":125},1.000000,0.000000,0.000000,0.000000,1.000000,0.000000,-1.000000
0.023654434,3,87,snapshot,16384,125,1.000000,1.000000,1.000000,{"1":125},1.000000,0.000000,0.000000,0.000000,1.000000,0.000000,-1.000000
0.023890668,3,88,union,64,3,1.000000,1.000000,1.000000,{"1":3},1.000000,0.000000,0.000000,0.000000,1.000000,0.000000,-1.000000
0.023890668,3,88,snapshot,64,125,1.000000,1.000000,1.000000,{"1":125},1.000000,0.000000,0.000000,0.000000,1.000000,0.000000,-1.000000
0.023890668,3,88,union,256,3,1.000000,1.000000,1.000000,{"1":3},1.000000,0.000000,0.000000,0.000000,1.000000,0.000000,-1.000000
0.023890668,3,88,snapshot,256,125,1.000000,1.000000,1.000000,{"1":125},1.000000,0.000000,0.000000,0.000000,1.000000,0.000000,-1.000000
0.023890668,3,88,union,1024,3,1.000000,1.000000,1.000000,{"1":3},1.000000,0.000000,0.000000,0.000000,1.000000,0.000000,-1.000000
0.023890668,3,88,snapshot,1024,125,1.000000,1.000000,1.000000,{"1":125},1.000000,0.000000,0.000000,0.000000,1.000000,0.000000,-1.000000
0.023890668,3,88,union,4096,3,1.000000,1.000000,1.000000,{"1":3},1.000000,0.000000,0.000000,0.000000,1.000000,0.000000,-1.000000
0.023890668,3,88,snapshot,4096,125,1.000000,1.000000,1.000000,{"1":125},1.000000,0.000000,0.000000,0.000000,1.000000,0.000000,-1.000000
0.023890668,3,88,union,16384,3,1.000000,1.000000,1.000000,{"1":3},1.000000,0.000000,0.000000,0.000000,1.000000,0.000000,-1.000000
0.023890668,3,88,snapshot,16384,125,1.000000,1.000000,1.000000,{"1":125},1.000000,0.000000,0.000000,0.000000,1.000000,0.000000,-1.000000
0.024125388,3,89,union,64,1,1.000000,1.000000,1.000000,{"1":1},1.000000,0.000000,0.000000,0.000000,1.000000,0.000000,-1.000000
0.024125388,3,89,snapshot,64,125,1.000000,1.000000,1.000000,{"1":125},1.000000,0.000000,0.000000,0.000000,1.000000,0.000000,-1.000000
0.024125388,3,89,union,256,1,1.000000,1.000000,1.000000,{"1":1},1.000000,0.000000,0.000000,0.000000,1.000000,0.000000,-1.000000
0.024125388,3,89,snapshot,256,125,1.000000,1.000000,1.000000,{"1":125},1.000000,0.000000,0.000000,0.000000,1.000000,0.000000,-1.000000
0.024125388,3,89,union,1024,1,1.000000,1.000000,1.000000,{"1":1},1.000000,0.000000,0.000000,0.000000,1.000000,0.000000,-1.000000
0.024125388,3,89,snapshot,1024,125,1.000000,1.000000,1.000000,{"1":125},1.000000,0.000000,0.000000,0.000000,1.000000,0.000000,-1.000000
0.024125388,3,89,union,4096,1,1.000000,1.000000,1.000000,{"1":1},1.000000,0.000000,0.000000,0.000000,1.000000,0.000000,-1.000000
0.024125388,3,89,snapshot,4096,125,1.000000,1.000000,1.000000,{"1":125},1.000000,0.000000,0.000000,0.000000,1.000000,0.000000,-1.000000
0.024125388,3,89,union,16384,1,1.000000,1.000000,1.000000,{"1":1},1.000000,0.000000,0.000000,0.000000,1.000000,0.000000,-1.000000
0.024125388,3,89,snapshot,16384,125,1.000000,1.000000,1.000000,{"1":125},1.000000,0.000000,0.000000,0.000000,1.000000,0.000000,-1.000000
0.024358704,3,90,snapshot,64,125,1.000000,1.000000,1.000000,{"1":125},1.000000,0.000000,0.000000,0.000000,1.000000,0.000000,-1.000000
0.024358704,3,90,snapshot,256,125,1.000000,1.000000,1.000000,{"1":125},1.000000,0.000000,0.000000,0.000000,1.000000,0.000000,-1.000000
0.024358704,3,90,snapshot,1024,125,1.000000,1.000000,1.000000,{"1":125},1.000000,0.000000,0.000000,0.000000,1.000000,0.000000,-1.000000
0.024358704,3,90,snapshot,4096,125,1.000000,1.000000,1.000000,{"1":125},1.000000,0.000000,0.000000,0.000000,1.000000,0.000000,-1.000000
0.024358704,3,90,snapshot,16384,125,1.000000,1.000000,1.000000,{"1":125},1.000000,0.000000,0.000000,0.000000,1.000000,0.000000,-1.000000
0.024591011,3,91,snapshot,64,125,1.000000,1.000000,1.000000,{"1":125},1.000000,0.000000,0.000000,0.000000,1.000000,0.000000,-1.000000
0.024591011,3,91,snapshot,256,125,1.000000,1.000000,1.000000,{"1":125},1.000000,0.000000,0.000000,0.000000,1.000000,0.000000,-1.000000
0.024591011,3,91,snapshot,1024,125,1.000000,1.000000,1.000000,{"1":125},1.000000,0.000000,0.000000,0.000000,1.000000,0.000000,-1.000000
0.024591011,3,91,snapshot,4096,125,1.000000,1.000000,1.000000,{"1":125},1.000000,0.000000,0.000000,0.000000,1.000000,0.000000,-1.000000
0.024591011,3,91,snapshot,16384,125,1.000000,1.000000,1.000000,{"1":125},1.000000,0.000000,0.000000,0.000000,1.000000,0.000000,-1.000000
0.024824834,3,92,read_only,64,1,1.000000,1.000000,1.000000,{"1":1},1.000000,0.000000,0.000000,0.000000,1.000000,0.000000,-1.000000
0.024824834,3,92,union,64,1,1.000000,1.000000,1.000000,{"1":1},1.000000,0.000000,0.000000,0.000000,1.000000,0.000000,-1.000000
0.024824834,3,92,snapshot,64,126,1.000000,1.000000,1.000000,{"1":126},1.000000,0.000000,0.000000,0.000000,1.000000,0.000000,-1.000000
0.024824834,3,92,read_only,256,1,1.000000,1.000000,1.000000,{"1":1},1.000000,0.000000,0.000000,0.000000,1.000000,0.000000,-1.000000
0.024824834,3,92,union,256,1,1.000000,1.000000,1.000000,{"1":1},1.000000,0.000000,0.000000,0.000000,1.000000,0.000000,-1.000000
0.024824834,3,92,snapshot,256,126,1.000000,1.000000,1.000000,{"1":126},1.000000,0.000000,0.000000,0.000000,1.000000,0.000000,-1.000000
0.024824834,3,92,read_only,1024,1,1.000000,1.000000,1.000000,{"1":1},1.000000,0.000000,0.000000,0.000000,1.000000,0.000000,-1.000000
0.024824834,3,92,union,1024,1,1.000000,1.000000,1.000000,{"1":1},1.000000,0.000000,0.000000,0.000000,1.000000,0.000000,-1.000000
0.024824834,3,92,snapshot,1024,126,1.000000,1.000000,1.000000,{"1":126},1.000000,0.000000,0.000000,0.000000,1.000000,0.000000,-1.000000
0.024824834,3,92,read_only,4096,1,1.000000,1.000000,1.000000,{"1":1},1.000000,0.000000,0.000000,0.000000,1.000000,0.000000,-1.000000
0.024824834,3,92,union,4096,1,1.000000,1.000000,1.000000,{"1":1},1.000000,0.000000,0.000000,0.000000,1.000000,0.000000,-1.000000
0.024824834,3,92,snapshot,4096,126,1.000000,1.000000,1.000000,{"1":126},1.000000,0.000000,0.000000,0.000000,1.000000,0.000000,-1.000000
0.024824834,3,92,read_only,16384,1,1.000000,1.000000,1.000000,{"1":1},1.000000,0.000000,0.000000,0.000000,1.000000,0.000000,-1.000000
0.024824834,3,92,union,16384,1,1.000000,1.000000,1.000000,{"1":1},1.000000,0.000000,0.000000,0.000000,1.000000,0.000000,-1.000000
0.024824834,3,92,snapshot,16384,126,1.000000,1.000000,1.000000,{"1":126},1.000000,0.000000,0.000000,0.000000,1.000000,0.000000,-1.000000
0.025086169,3,93,snapshot,64,126,1.000000,1.000000,1.000000,{"1":126},1.000000,0.000000,0.000000,0.000000,1.000000,0.000000,-1.000000
0.025086169,3,93,snapshot,256,126,1.000000,1.000000,1.000000,{"1":126},1.000000,0.000000,0.000000,0.000000,1.000000,0.000000,-1.000000
0.025086169,3,93,snapshot,1024,126,1.000000,1.000000,1.000000,{"1":126},1.000000,0.000000,0.000000,0.000000,1.000000,0.000000,-1.000000
0.025086169,3,93,snapshot,4096,126,1.000000,1.000000,1.000000,{"1":126},1.000000,0.000000,0.000000,0.000000,1.000000,0.000000,-1.000000
0.025086169,3,93,snapshot,16384,126,1.000000,1.000000,1.000000,{"1":126},1.000000,0.000000,0.000000,0.000000,1.000000,0.000000,-1.000000
0.025331976,3,94,read_only,64,2,1.000000,1.000000,1.000000,{"1":2},1.000000,0.000000,0.000000,0.000000,1.000000,0.000000,-1.000000
0.025331976,3,94,union,64,2,1.000000,1.000000,1.000000,{"1":2},1.000000,0.000000,0.000000,0.000000,1.000000,0.000000,-1.000000
0.025331976,3,94,snapshot,64,128,1.000000,1.000000,1.000000,{"1":128},1.000000,0.000000,0.000000,0.000000,1.000000,0.000000,-1.000000
0.025331976,3,94,read_only,256,2,1.000000,1.000000,1.000000,{"1":2},1.000000,0.000000,0.000000,0.000000,1.000000,0.000000,-1.000000
0.025331976,3,94,union,256,2,1.000000,1.000000,1.000000,{"1":2},1.000000,0.000000,0.000000,0.000000,1.000000,0.000000,-1.000000
0.025331976,3,94,snapshot,256,128,1.000000,1.000000,1.000000,{"1":128},1.000000,0.000000,0.000000,0.000000,1.000000,0.000000,-1.000000
0.025331976,3,94,read_only,1024,2,1.000000,1.000000,1.000000,{"1":2},1.000000,0.000000,0.000000,0.000000,1.000000,0.000000,-1.000000
0.025331976,3,94,union,1024,2,1.000000,1.000000,1.000000,{"1":2},1.000000,0.000000,0.000000,0.000000,1.000000,0.000000,-1.000000
0.025331976,3,94,snapshot,1024,128,1.000000,1.000000,1.000000,{"1":128},1.000000,0.000000,0.000000,0.000000,1.000000,0.000000,-1.000000
0.025331976,3,94,read_only,4096,2,1.000000,1.000000,1.000000,{"1":2},1.000000,0.000000,0.000000,0.000000,1.000000,0.000000,-1.000000
0.025331976,3,94,union,4096,2,1.000000,1.000000,1.000000,{"1":2},1.000000,0.000000,0.000000,0.000000,1.000000,0.000000,-1.000000
0.025331976,3,94,snapshot,4096,128,1.000000,1.000000,1.000000,{"1":128},1.000000,0.000000,0.000000,0.000000,1.000000,0.000000,-1.000000
0.025331976,3,94,read_only,16384,2,1.000000,1.000000,1.000000,{"1":2},1.000000,0.000000,0.000000,0.000000,1.000000,0.000000,-1.000000
0.025331976,3,94,union,16384,2,1.000000,1.000000,1.000000,{"1":2},1.000000,0.000000,0.000000,0.000000,1.000000,0.000000,-1.000000
0.025331976,3,94,snapshot,16384,128,1.000000,1.000000,1.000000,{"1":128},1.000000,0.000000,0.000000,0.000000,1.000000,0.000000,-1.000000
0.025570728,3,95,snapshot,64,128,1.000000,1.000000,1.000000,{"1":128},1.000000,0.000000,0.000000,0.000000,1.000000,0.000000,-1.000000
0.025570728,3,95,snapshot,256,128,1.000000,1.000000,1.000000,{"1":128},1.000000,0.000000,0.000000,0.000000,1.000000,0.000000,-1.000000
0.025570728,3,95,snapshot,1024,128,1.000000,1.000000,1.000000,{"1":128},1.000000,0.000000,0.000000,0.000000,1.000000,0.000000,-1.000000
0.025570728,3,95,snapshot,4096,128,1.000000,1.000000,1.000000,{"1":128},1.000000,0.000000,0.000000,0.000000,1.000000,0.000000,-1.000000
0.025570728,3,95,snapshot,16384,128,1.000000,1.000000,1.000000,{"1":128},1.000000,0.000000,0.000000,0.000000,1.000000,0.000000,-1.000000
0.025813619,3,96,read_only,64,1,1.000000,1.000000,1.000000,{"1":1},1.000000,0.000000,0.000000,0.000000,1.000000,0.000000,-1.000000
0.025813619,3,96,union,64,1,1.000000,1.000000,1.000000,{"1":1},1.000000,0.000000,0.000000,0.000000,1.000000,0.000000,-1.000000
0.025813619,3,96,snapshot,64,129,1.000000,1.000000,1.000000,{"1":129},1.000000,0.000000,0.000000,0.000000,1.000000,0.000000,-1.000000
0.025813619,3,96,read_only,256,1,1.000000,1.000000,1.000000,{"1":1},1.000000,0.000000,0.000000,0.000000,1.000000,0.000000,-1.000000
0.025813619,3,96,union,256,1,1.000000,1.000000,1.000000,{"1":1},1.000000,0.000000,0.000000,0.000000,1.000000,0.000000,-1.000000
0.025813619,3,96,snapshot,256,129,1.000000,1.000000,1.000000,{"1":129},1.000000,0.000000,0.000000,0.000000,1.000000,0.000000,-1.000000
0.025813619,3,96,read_only,1024,1,1.000000,1.000000,1.000000,{"1":1},1.000000,0.000000,0.000000,0.000000,1.000000,0.000000,-1.000000
0.025813619,3,96,union,1024,1,1.000000,1.000000,1.000000,{"1":1},1.000000,0.000000,0.000000,0.000000,1.000000,0.000000,-1.000000
0.025813619,3,96,snapshot,1024,129,1.000000,1.000000,1.000000,{"1":129},1.000000,0.000000,0.000000,0.000000,1.000000,0.000000,-1.000000
0.025813619,3,96,read_only,4096,1,1.000000,1.000000,1.000000,{"1":1},1.000000,0.000000,0.000000,0.000000,1.000000,0.000000,-1.000000
0.025813619,3,96,union,4096,1,1.000000,1.000000,1.000000,{"1":1},1.000000,0.000000,0.000000,0.000000,1.000000,0.000000,-1.000000
0.025813619,3,96,snapshot,4096,129,1.000000,1.000000,1.000000,{"1":129},1.000000,0.000000,0.000000,0.000000,1.000000,0.000000,-1.000000
0.025813619,3,96,read_only,16384,1,1.000000,1.000000,1.000000,{"1":1},1.000000,0.000000,0.000000,0.000000,1.000000,0.000000,-1.000000
0.025813619,3,96,union,16384,1,1.000000,1.000000,1.000000,{"1":1},1.000000,0.000000,0.000000,0.000000,1.000000,0.000000,-1.000000
0.025813619,3,96,snapshot,16384,129,1.000000,1.000000,1.000000,{"1":129},1.000000,0.000000,0.000000,0.000000,1.000000,0.000000,-1.000000
0.026045926,3,97,snapshot,64,129,1.000000,1.000000,1.000000,{"1":129},1.000000,0.000000,0.000000,0.000000,1.000000,0.000000,-1.000000
0.026045926,3,97,snapshot,256,129,1.000000,1.000000,1.000000,{"1":129},1.000000,0.000000,0.000000,0.000000,1.000000,0.000000,-1.000000
0.026045926,3,97,snapshot,1024,129,1.000000,1.000000,1.000000,{"1":129},1.000000,0.000000,0.000000,0.000000,1.000000,0.000000,-1.000000
0.026045926,3,97,snapshot,4096,129,1.000000,1.000000,1.000000,{"1":129},1.000000,0.000000,0.000000,0.000000,1.000000,0.000000,-1.000000
0.026045926,3,97,snapshot,16384,129,1.000000,1.000000,1.000000,{"1":129},1.000000,0.000000,0.000000,0.000000,1.000000,0.000000,-1.000000
0.026275273,3,98,snapshot,64,129,1.000000,1.000000,1.000000,{"1":129},1.000000,0.000000,0.000000,0.000000,1.000000,0.000000,-1.000000
0.026275273,3,98,snapshot,256,129,1.000000,1.000000,1.000000,{"1":129},1.000000,0.000000,0.000000,0.000000,1.000000,0.000000,-1.000000
0.026275273,3,98,snapshot,1024,129,1.000000,1.000000,1.000000,{"1":129},1.000000,0.000000,0.000000,0.000000,1.000000,0.000000,-1.000000
0.026275273,3,98,snapshot,4096,129,1.000000,1.000000,1.000000,{"1":129},1.000000,0.000000,0.000000,0.000000,1.000000,0.000000,-1.000000
0.026275273,3,98,snapshot,16384,129,1.000000,1.000000,1.000000,{"1":129},1.000000,0.000000,0.000000,0.000000,1.000000,0.000000,-1.000000
0.026834734,3,99,read_only,64,1,1.000000,1.000000,1.000000,{"1":1},1.000000,0.000000,0.000000,0.000000,1.000000,0.000000,-1.000000
0.026834734,3,99,union,64,1,1.000000,1.000000,1.000000,{"1":1},1.000000,0.000000,0.000000,0.000000,1.000000,0.000000,-1.000000
0.026834734,3,99,snapshot,64,130,1.000000,1.000000,1.000000,{"1":130},1.000000,0.000000,0.000000,0.000000,1.000000,0.000000,-1.000000
0.026834734,3,99,read_only,256,1,1.000000,1.000000,1.000000,{"1":1},1.000000,0.000000,0.000000,0.000000,1.000000,0.000000,-1.000000
0.026834734,3,99,union,256,1,1.000000,1.000000,1.000000,{"1":1},1.000000,0.000000,0.000000,0.000000,1.000000,0.000000,-1.000000
0.026834734,3,99,snapshot,256,130,1.000000,1.000000,1.000000,{"1":130},1.000000,0.000000,0.000000,0.000000,1.000000,0.000000,-1.000000
0.026834734,3,99,read_only,1024,1,1.000000,1.000000,1.000000,{"1":1},1.000000,0.000000,0.000000,0.000000,1.000000,0.000000,-1.000000
0.026834734,3,99,union,1024,1,1.000000,1.000000,1.000000,{"1":1},1.000000,0.000000,0.000000,0.000000,1.000000,0.000000,-1.000000
0.026834734,3,99,snapshot,1024,130,1.000000,1.000000,1.000000,{"1":130},1.000000,0.000000,0.000000,0.000000,1.000000,0.000000,-1.000000
0.026834734,3,99,read_only,4096,1,1.000000,1.000000,1.000000,{"1":1},1.000000,0.000000,0.000000,0.000000,1.000000,0.000000,-1.000000
0.026834734,3,99,union,4096,1,1.000000,1.000000,1.000000,{"1":1},1.000000,0.000000,0.000000,0.000000,1.000000,0.000000,-1.000000
0.026834734,3,99,snapshot,4096,130,1.000000,1.000000,1.000000,{"1":130},1.000000,0.000000,0.000000,0.000000,1.000000,0.000000,-1.000000
0.026834734,3,99,read_only,16384,1,1.000000,1.000000,1.000000,{"1":1},1.000000,0.000000,0.000000,0.000000,1.000000,0.000000,-1.000000
0.026834734,3,99,union,16384,1,1.000000,1.000000,1.000000,{"1":1},1.000000,0.000000,0.000000,0.000000,1.000000,0.000000,-1.000000
0.026834734,3,99,snapshot,16384,130,1.000000,1.000000,1.000000,{"1":130},1.000000,0.000000,0.000000,0.000000,1.000000,0.000000,-1.000000
0.027067583,3,100,snapshot,64,130,1.000000,1.000000,1.000000,{"1":130},1.000000,0.000000,0.000000,0.000000,1.000000,0.000000,-1.000000
0.027067583,3,100,snapshot,256,130,1.000000,1.000000,1.000000,{"1":130},1.000000,0.000000,0.000000,0.000000,1.000000,0.000000,-1.000000
0.027067583,3,100,snapshot,1024,130,1.000000,1.000000,1.000000,{"1":130},1.000000,0.000000,0.000000,0.000000,1.000000,0.000000,-1.000000
0.027067583,3,100,snapshot,4096,130,1.000000,1.000000,1.000000,{"1":130},1.000000,0.000000,0.000000,0.000000,1.000000,0.000000,-1.000000
0.027067583,3,100,snapshot,16384,130,1.000000,1.000000,1.000000,{"1":130},1.000000,0.000000,0.000000,0.000000,1.000000,0.000000,-1.000000
0.027299891,3,101,snapshot,64,130,1.000000,1.000000,1.000000,{"1":130},1.000000,0.000000,0.000000,0.000000,1.000000,0.000000,-1.000000
0.027299891,3,101,snapshot,256,130,1.000000,1.000000,1.000000,{"1":130},1.000000,0.000000,0.000000,0.000000,1.000000,0.000000,-1.000000
0.027299891,3,101,snapshot,1024,130,1.000000,1.000000,1.000000,{"1":130},1.000000,0.000000,0.000000,0.000000,1.000000,0.000000,-1.000000
0.027299891,3,101,snapshot,4096,130,1.000000,1.000000,1.000000,{"1":130},1.000000,0.000000,0.000000,0.000000,1.000000,0.000000,-1.000000
0.027299891,3,101,snapshot,16384,130,1.000000,1.000000,1.000000,{"1":130},1.000000,0.000000,0.000000,0.000000,1.000000,0.000000,-1.000000
0.027532728,3,102,read_only,64,1,1.000000,1.000000,1.000000,{"1":1},1.000000,0.000000,0.000000,0.000000,1.000000,0.000000,-1.000000
0.027532728,3,102,union,64,1,1.000000,1.000000,1.000000,{"1":1},1.000000,0.000000,0.000000,0.000000,1.000000,0.000000,-1.000000
0.027532728,3,102,snapshot,64,131,1.000000,1.000000,1.000000,{"1":131},1.000000,0.000000,0.000000,0.000000,1.000000,0.000000,-1.000000
0.027532728,3,102,read_only,256,1,1.000000,1.000000,1.000000,{"1":1},1.000000,0.000000,0.000000,0.000000,1.000000,0.000000,-1.000000
0.027532728,3,102,union,256,1,1.000000,1.000000,1.000000,{"1":1},1.000000,0.000000,0.000000,0.000000,1.000000,0.000000,-1.000000
0.027532728,3,102,snapshot,256,131,1.000000,1.000000,1.000000,{"1":131},1.000000,0.000000,0.000000,0.000000,1.000000,0.000000,-1.000000
0.027532728,3,102,read_only,1024,1,1.000000,1.000000,1.000000,{"1":1},1.000000,0.000000,0.000000,0.000000,1.000000,0.000000,-1.000000
0.027532728,3,102,union,1024,1,1.000000,1.000000,1.000000,{"1":1},1.000000,0.000000,0.000000,0.000000,1.000000,0.000000,-1.000000
0.027532728,3,102,snapshot,1024,131,1.000000,1.000000,1.000000,{"1":131},1.000000,0.000000,0.000000,0.000000,1.000000,0.000000,-1.000000
0.027532728,3,102,read_only,4096,1,1.000000,1.000000,1.000000,{"1":1},1.000000,0.000000,0.000000,0.000000,1.000000,0.000000,-1.000000
0.027532728,3,102,union,4096,1,1.000000,1.000000,1.000000,{"1":1},1.000000,0.000000,0.000000,0.000000,1.000000,0.000000,-1.000000
0.027532728,3,102,snapshot,4096,131,1.000000,1.000000,1.000000,{"1":131},1.000000,0.000000,0.000000,0.000000,1.000000,0.000000,-1.000000
0.027532728,3,102,read_only,16384,1,1.000000,1.000000,1.000000,{"1":1},1.000000,0.000000,0.000000,0.000000,1.000000,0.000000,-1.000000
0.027532728,3,102,union,16384,1,1.000000,1.000000,1.000000,{"1":1},1.000000,0.000000,0.000000,0.000000,1.000000,0.000000,-1.000000
0.027532728,3,102,snapshot,16384,131,1.000000,1.000000,1.000000,{"1":131},1.000000,0.000000,0.000000,0.000000,1.000000,0.000000,-1.000000
0.027766731,3,103,snapshot,64,131,1.000000,1.000000,1.000000,{"1":131},1.000000,0.000000,0.000000,0.000000,1.000000,0.000000,-1.000000
0.027766731,3,103,snapshot,256,131,1.000000,1.000000,1.000000,{"1":131},1.000000,0.000000,0.000000,0.000000,1.000000,0.000000,-1.000000
0.027766731,3,103,snapshot,1024,131,1.000000,1.000000,1.000000,{"1":131},1.000000,0.000000,0.000000,0.000000,1.000000,0.000000,-1.000000
0.027766731,3,103,snapshot,4096,131,1.000000,1.000000,1.000000,{"1":131},1.000000,0.000000,0.000000,0.000000,1.000000,0.000000,-1.000000
0.027766731,3,103,snapshot,16384,131,1.000000,1.000000,1.000000,{"1":131},1.000000,0.000000,0.000000,0.000000,1.000000,0.000000,-1.000000
0.027996749,3,104,snapshot,64,131,1.000000,1.000000,1.000000,{"1":131},1.000000,0.000000,0.000000,0.000000,1.000000,0.000000,-1.000000
0.027996749,3,104,snapshot,256,131,1.000000,1.000000,1.000000,{"1":131},1.000000,0.000000,0.000000,0.000000,1.000000,0.000000,-1.000000
0.027996749,3,104,snapshot,1024,131,1.000000,1.000000,1.000000,{"1":131},1.000000,0.000000,0.000000,0.000000,1.000000,0.000000,-1.000000
0.027996749,3,104,snapshot,4096,131,1.000000,1.000000,1.000000,{"1":131},1.000000,0.000000,0.000000,0.000000,1.000000,0.000000,-1.000000
0.027996749,3,104,snapshot,16384,131,1.000000,1.000000,1.000000,{"1":131},1.000000,0.000000,0.000000,0.000000,1.000000,0.000000,-1.000000
0.028232454,3,105,snapshot,64,131,1.000000,1.000000,1.000000,{"1":131},1.000000,0.000000,0.000000,0.000000,1.000000,0.000000,-1.000000
0.028232454,3,105,snapshot,256,131,1.000000,1.000000,1.000000,{"1":131},1.000000,0.000000,0.000000,0.000000,1.000000,0.000000,-1.000000
0.028232454,3,105,snapshot,1024,131,1.000000,1.000000,1.000000,{"1":131},1.000000,0.000000,0.000000,0.000000,1.000000,0.000000,-1.000000
0.028232454,3,105,snapshot,4096,131,1.000000,1.000000,1.000000,{"1":131},1.000000,0.000000,0.000000,0.000000,1.000000,0.000000,-1.000000
0.028232454,3,105,snapshot,16384,131,1.000000,1.000000,1.000000,{"1":131},1.000000,0.000000,0.000000,0.000000,1.000000,0.000000,-1.000000
0.028464813,3,106,snapshot,64,131,1.000000,1.000000,1.000000,{"1":131},1.000000,0.000000,0.000000,0.000000,1.000000,0.000000,-1.000000
0.028464813,3,106,snapshot,256,131,1.000000,1.000000,1.000000,{"1":131},1.000000,0.000000,0.000000,0.000000,1.000000,0.000000,-1.000000
0.028464813,3,106,snapshot,1024,131,1.000000,1.000000,1.000000,{"1":131},1.000000,0.000000,0.000000,0.000000,1.000000,0.000000,-1.000000
0.028464813,3,106,snapshot,4096,131,1.000000,1.000000,1.000000,{"1":131},1.000000,0.000000,0.000000,0.000000,1.000000,0.000000,-1.000000
0.028464813,3,106,snapshot,16384,131,1.000000,1.000000,1.000000,{"1":131},1.000000,0.000000,0.000000,0.000000,1.000000,0.000000,-1.000000
0.028922003,3,107,read_only,64,2,1.000000,1.000000,1.000000,{"1":2},1.000000,0.000000,0.000000,0.000000,1.000000,0.000000,-1.000000
0.028922003,3,107,union,64,2,1.000000,1.000000,1.000000,{"1":2},1.000000,0.000000,0.000000,0.000000,1.000000,0.000000,-1.000000
0.028922003,3,107,snapshot,64,133,1.000000,1.000000,1.000000,{"1":133},1.000000,0.000000,0.000000,0.000000,1.000000,0.000000,-1.000000
0.028922003,3,107,read_only,256,2,1.000000,1.000000,1.000000,{"1":2},1.000000,0.000000,0.000000,0.000000,1.000000,0.000000,-1.000000
0.028922003,3,107,union,256,2,1.000000,1.000000,1.000000,{"1":2},1.000000,0.000000,0.000000,0.000000,1.000000,0.000000,-1.000000
0.028922003,3,107,snapshot,256,133,1.000000,1.000000,1.000000,{"1":133},1.000000,0.000000,0.000000,0.000000,1.000000,0.000000,-1.000000
0.028922003,3,107,read_only,1024,2,1.000000,1.000000,1.000000,{"1":2},1.000000,0.000000,0.000000,0.000000,1.000000,0.000000,-1.000000
0.028922003,3,107,union,1024,2,1.000000,1.000000,1.000000,{"1":2},1.000000,0.000000,0.000000,0.000000,1.000000,0.000000,-1.000000
0.028922003,3,107,snapshot,1024,133,1.000000,1.000000,1.000000,{"1":133},1.000000,0.000000,0.000000,0.000000,1.000000,0.000000,-1.000000
0.028922003,3,107,read_only,4096,2,1.000000,1.000000,1.000000,{"1":2},1.000000,0.000000,0.000000,0.000000,1.000000,0.000000,-1.000000
0.028922003,3,107,union,4096,2,1.000000,1.000000,1.000000,{"1":2},1.000000,0.000000,0.000000,0.000000,1.000000,0.000000,-1.000000
0.028922003,3,107,snapshot,4096,133,1.000000,1.000000,1.000000,{"1":133},1.000000,0.000000,0.000000,0.000000,1.000000,0.000000,-1.000000
0.028922003,3,107,read_only,16384,2,1.000000,1.000000,1.000000,{"1":2},1.000000,0.000000,0.000000,0.000000,1.000000,0.000000,-1.000000
0.028922003,3,107,union,16384,2,1.000000,1.000000,1.000000,{"1":2},1.000000,0.000000,0.000000,0.000000,1.000000,0.000000,-1.000000
0.028922003,3,107,snapshot,16384,133,1.000000,1.000000,1.000000,{"1":133},1.000000,0.000000,0.000000,0.000000,1.000000,0.000000,-1.000000
0.029154309,3,108,snapshot,64,133,1.000000,1.000000,1.000000,{"1":133},1.000000,0.000000,0.000000,0.000000,1.000000,0.000000,-1.000000
0.029154309,3,108,snapshot,256,133,1.000000,1.000000,1.000000,{"1":133},1.000000,0.000000,0.000000,0.000000,1.000000,0.000000,-1.000000
0.029154309,3,108,snapshot,1024,133,1.000000,1.000000,1.000000,{"1":133},1.000000,0.000000,0.000000,0.000000,1.000000,0.000000,-1.000000
0.029154309,3,108,snapshot,4096,133,1.000000,1.000000,1.000000,{"1":133},1.000000,0.000000,0.000000,0.000000,1.000000,0.000000,-1.000000
0.029154309,3,108,snapshot,16384,133,1.000000,1.000000,1.000000,{"1":133},1.000000,0.000000,0.000000,0.000000,1.000000,0.000000,-1.000000
0.029387143,3,109,snapshot,64,133,1.000000,1.000000,1.000000,{"1":133},1.000000,0.000000,0.000000,0.000000,1.000000,0.000000,-1.000000
0.029387143,3,109,snapshot,256,133,1.000000,1.000000,1.000000,{"1":133},1.000000,0.000000,0.000000,0.000000,1.000000,0.000000,-1.000000
0.029387143,3,109,snapshot,1024,133,1.000000,1.000000,1.000000,{"1":133},1.000000,0.000000,0.000000,0.000000,1.000000,0.000000,-1.000000
0.029387143,3,109,snapshot,4096,133,1.000000,1.000000,1.000000,{"1":133},1.000000,0.000000,0.000000,0.000000,1.000000,0.000000,-1.000000
0.029387143,3,109,snapshot,16384,133,1.000000,1.000000,1.000000,{"1":133},1.000000,0.000000,0.000000,0.000000,1.000000,0.000000,-1.000000
0.029621886,3,110,read_only,64,1,1.000000,1.000000,1.000000,{"1":1},1.000000,0.000000,0.000000,0.000000,1.000000,0.000000,-1.000000
0.029621886,3,110,union,64,1,1.000000,1.000000,1.000000,{"1":1},1.000000,0.000000,0.000000,0.000000,1.000000,0.000000,-1.000000
0.029621886,3,110,snapshot,64,134,1.000000,1.000000,1.000000,{"1":134},1.000000,0.000000,0.000000,0.000000,1.000000,0.000000,-1.000000
0.029621886,3,110,read_only,256,1,1.000000,1.000000,1.000000,{"1":1},1.000000,0.000000,0.000000,0.000000,1.000000,0.000000,-1.000000
0.029621886,3,110,union,256,1,1.000000,1.000000,1.000000,{"1":1},1.000000,0.000000,0.000000,0.000000,1.000000,0.000000,-1.000000
0.029621886,3,110,snapshot,256,134,1.000000,1.000000,1.000000,{"1":134},1.000000,0.000000,0.000000,0.000000,1.000000,0.000000,-1.000000
0.029621886,3,110,read_only,1024,1,1.000000,1.000000,1.000000,{"1":1},1.000000,0.000000,0.000000,0.000000,1.000000,0.000000,-1.000000
0.029621886,3,110,union,1024,1,1.000000,1.000000,1.000000,{"1":1},1.000000,0.000000,0.000000,0.000000,1.000000,0.000000,-1.000000
0.029621886,3,110,snapshot,1024,134,1.000000,1.000000,1.000000,{"1":134},1.000000,0.000000,0.000000,0.000000,1.000000,0.000000,-1.000000
0.029621886,3,110,read_only,4096,1,1.000000,1.000000,1.000000,{"1":1},1.000000,0.000000,0.000000,0.000000,1.000000,0.000000,-1.000000
0.029621886,3,110,union,4096,1,1.000000,1.000000,1.000000,{"1":1},1.000000,0.000000,0.000000,0.000000,1.000000,0.000000,-1.000000
0.029621886,3,110,snapshot,4096,134,1.000000,1.000000,1.000000,{"1":134},1.000000,0.000000,0.000000,0.000000,1.000000,0.000000,-1.000000
0.029621886,3,110,read_only,16384,1,1.000000,1.000000,1.000000,{"1":1},1.000000,0.000000,0.000000,0.000000,1.000000,0.000000,-1.000000
0.029621886,3,110,union,16384,1,1.000000,1.000000,1.000000,{"1":1},1.000000,0.000000,0.000000,0.000000,1.000000,0.000000,-1.000000
0.029621886,3,110,snapshot,16384,134,1.000000,1.000000,1.000000,{"1":134},1.000000,0.000000,0.000000,0.000000,1.000000,0.000000,-1.000000
0.029859073,3,111,read_only,64,1,1.000000,1.000000,1.000000,{"1":1},1.000000,0.000000,0.000000,0.000000,1.000000,0.000000,-1.000000
0.029859073,3,111,union,64,1,1.000000,1.000000,1.000000,{"1":1},1.000000,0.000000,0.000000,0.000000,1.000000,0.000000,-1.000000
0.029859073,3,111,snapshot,64,135,1.000000,1.000000,1.000000,{"1":135},1.000000,0.000000,0.000000,0.000000,1.000000,0.000000,-1.000000
0.029859073,3,111,read_only,256,1,1.000000,1.000000,1.000000,{"1":1},1.000000,0.000000,0.000000,0.000000,1.000000,0.000000,-1.000000
0.029859073,3,111,union,256,1,1.000000,1.000000,1.000000,{"1":1},1.000000,0.000000,0.000000,0.000000,1.000000,0.000000,-1.000000
0.029859073,3,111,snapshot,256,135,1.000000,1.000000,1.000000,{"1":135},1.000000,0.000000,0.000000,0.000000,1.000000,0.000000,-1.000000
0.029859073,3,111,read_only,1024,1,1.000000,1.000000,1.000000,{"1":1},1.000000,0.000000,0.000000,0.000000,1.000000,0.000000,-1.000000
0.029859073,3,111,union,1024,1,1.000000,1.000000,1.000000,{"1":1},1.000000,0.000000,0.000000,0.000000,1.000000,0.000000,-1.000000
0.029859073,3,111,snapshot,1024,135,1.000000,1.000000,1.000000,{"1":135},1.000000,0.000000,0.000000,0.000000,1.000000,0.000000,-1.000000
0.029859073,3,111,read_only,4096,1,1.000000,1.000000,1.000000,{"1":1},1.000000,0.000000,0.000000,0.000000,1.000000,0.000000,-1.000000
0.029859073,3,111,union,4096,1,1.000000,1.000000,1.000000,{"1":1},1.000000,0.000000,0.000000,0.000000,1.000000,0.000000,-1.000000
0.029859073,3,111,snapshot,4096,135,1.000000,1.000000,1.000000,{"1":135},1.000000,0.000000,0.000000,0.000000,1.000000,0.000000,-1.000000
0.029859073,3,111,read_only,16384,1,1.000000,1.000000,1.000000,{"1":1},1.000000,0.000000,0.000000,0.000000,1.000000,0.000000,-1.000000
0.029859073,3,111,union,16384,1,1.000000,1.000000,1.000000,{"1":1},1.000000,0.000000,0.000000,0.000000,1.000000,0.000000,-1.000000
0.029859073,3,111,snapshot,16384,135,1.000000,1.000000,1.000000,{"1":135},1.000000,0.000000,0.000000,0.000000,1.000000,0.000000,-1.000000
0.030087746,3,112,snapshot,64,135,1.000000,1.000000,1.000000,{"1":135},1.000000,0.000000,0.000000,0.000000,1.000000,0.000000,-1.000000
0.030087746,3,112,snapshot,256,135,1.000000,1.000000,1.000000,{"1":135},1.000000,0.000000,0.000000,0.000000,1.000000,0.000000,-1.000000
0.030087746,3,112,snapshot,1024,135,1.000000,1.000000,1.000000,{"1":135},1.000000,0.000000,0.000000,0.000000,1.000000,0.000000,-1.000000
0.030087746,3,112,snapshot,4096,135,1.000000,1.000000,1.000000,{"1":135},1.000000,0.000000,0.000000,0.000000,1.000000,0.000000,-1.000000
0.030087746,3,112,snapshot,16384,135,1.000000,1.000000,1.000000,{"1":135},1.000000,0.000000,0.000000,0.000000,1.000000,0.000000,-1.000000
0.030321590,3,113,snapshot,64,135,1.000000,1.000000,1.000000,{"1":135},1.000000,0.000000,0.000000,0.000000,1.000000,0.000000,-1.000000
0.030321590,3,113,snapshot,256,135,1.000000,1.000000,1.000000,{"1":135},1.000000,0.000000,0.000000,0.000000,1.000000,0.000000,-1.000000
0.030321590,3,113,snapshot,1024,135,1.000000,1.000000,1.000000,{"1":135},1.000000,0.000000,0.000000,0.000000,1.000000,0.000000,-1.000000
0.030321590,3,113,snapshot,4096,135,1.000000,1.000000,1.000000,{"1":135},1.000000,0.000000,0.000000,0.000000,1.000000,0.000000,-1.000000
0.030321590,3,113,snapshot,16384,135,1.000000,1.000000,1.000000,{"1":135},1.000000,0.000000,0.000000,0.000000,1.000000,0.000000,-1.000000
0.030553946,3,114,snapshot,64,135,1.000000,1.000000,1.000000,{"1":135},1.000000,0.000000,0.000000,0.000000,1.000000,0.000000,-1.000000
0.030553946,3,114,snapshot,256,135,1.000000,1.000000,1.000000,{"1":135},1.000000,0.000000,0.000000,0.000000,1.000000,0.000000,-1.000000
0.030553946,3,114,snapshot,1024,135,1.000000,1.000000,1.000000,{"1":135},1.000000,0.000000,0.000000,0.000000,1.000000,0.000000,-1.000000
0.030553946,3,114,snapshot,4096,135,1.000000,1.000000,1.000000,{"1":135},1.000000,0.000000,0.000000,0.000000,1.000000,0.000000,-1.000000
0.030553946,3,114,snapshot,16384,135,1.000000,1.000000,1.000000,{"1":135},1.000000,0.000000,0.000000,0.000000,1.000000,0.000000,-1.000000
0.030865735,3,115,read_only,64,1,1.000000,1.000000,1.000000,{"1":1},1.000000,0.000000,0.000000,0.000000,1.000000,0.000000,-1.000000
0.030865735,3,115,union,64,1,1.000000,1.000000,1.000000,{"1":1},1.000000,0.000000,0.000000,0.000000,1.000000,0.000000,-1.000000
0.030865735,3,115,snapshot,64,136,1.000000,1.000000,1.000000,{"1":136},1.000000,0.000000,0.000000,0.000000,1.000000,0.000000,-1.000000
0.030865735,3,115,read_only,256,1,1.000000,1.000000,1.000000,{"1":1},1.000000,0.000000,0.000000,0.000000,1.000000,0.000000,-1.000000
0.030865735,3,115,union,256,1,1.000000,1.000000,1.000000,{"1":1},1.000000,0.000000,0.000000,0.000000,1.000000,0.000000,-1.000000
0.030865735,3,115,snapshot,256,136,1.000000,1.000000,1.000000,{"1":136},1.000000,0.000000,0.000000,0.000000,1.000000,0.000000,-1.000000
0.030865735,3,115,read_only,1024,1,1.000000,1.000000,1.000000,{"1":1},1.000000,0.000000,0.000000,0.000000,1.000000,0.000000,-1.000000
0.030865735,3,115,union,1024,1,1.000000,1.000000,1.000000,{"1":1},1.000000,0.000000,0.000000,0.000000,1.000000,0.000000,-1.000000
0.030865735,3,115,snapshot,1024,136,1.000000,1.000000,1.000000,{"1":136},1.000000,0.000000,0.000000,0.000000,1.000000,0.000000,-1.000000
0.030865735,3,115,read_only,4096,1,1.000000,1.000000,1.000000,{"1":1},1.000000,0.000000,0.000000,0.000000,1.000000,0.000000,-1.000000
0.030865735,3,115,union,4096,1,1.000000,1.000000,1.000000,{"1":1},1.000000,0.000000,0.000000,0.000000,1.000000,0.000000,-1.000000
0.030865735,3,115,snapshot,4096,136,1.000000,1.000000,1.000000,{"1":136},1.000000,0.000000,0.000000,0.000000,1.000000,0.000000,-1.000000
0.030865735,3,115,read_only,16384,1,1.000000,1.000000,1.000000,{"1":1},1.000000,0.000000,0.000000,0.000000,1.000000,0.000000,-1.000000
0.030865735,3,115,union,16384,1,1.000000,1.000000,1.000000,{"1":1},1.000000,0.000000,0.000000,0.000000,1.000000,0.000000,-1.000000
0.030865735,3,115,snapshot,16384,136,1.000000,1.000000,1.000000,{"1":136},1.000000,0.000000,0.000000,0.000000,1.000000,0.000000,-1.000000
0.031098014,3,116,snapshot,64,136,1.000000,1.000000,1.000000,{"1":136},1.000000,0.000000,0.000000,0.000000,1.000000,0.000000,-1.000000
0.031098014,3,116,snapshot,256,136,1.000000,1.000000,1.000000,{"1":136},1.000000,0.000000,0.000000,0.000000,1.000000,0.000000,-1.000000
0.031098014,3,116,snapshot,1024,136,1.000000,1.000000,1.000000,{"1":136},1.000000,0.000000,0.000000,0.000000,1.000000,0.000000,-1.000000
0.031098014,3,116,snapshot,4096,136,1.000000,1.000000,1.000000,{"1":136},1.000000,0.000000,0.000000,0.000000,1.000000,0.000000,-1.000000
0.031098014,3,116,snapshot,16384,136,1.000000,1.000000,1.000000,{"1":136},1.000000,0.000000,0.000000,0.000000,1.000000,0.000000,-1.000000
0.031330986,3,117,read_only,64,2,1.000000,1.000000,1.000000,{"1":2},1.000000,0.000000,0.000000,0.000000,1.000000,0.000000,-1.000000
0.031330986,3,117,union,64,2,1.000000,1.000000,1.000000,{"1":2},1.000000,0.000000,0.000000,0.000000,1.000000,0.000000,-1.000000
0.031330986,3,117,snapshot,64,138,1.000000,1.000000,1.000000,{"1":138},1.000000,0.000000,0.000000,0.000000,1.000000,0.000000,-1.000000
0.031330986,3,117,read_only,256,2,1.000000,1.000000,1.000000,{"1":2},1.000000,0.000000,0.000000,0.000000,1.000000,0.000000,-1.000000
0.031330986,3,117,union,256,2,1.000000,1.000000,1.000000,{"1":2},1.000000,0.000000,0.000000,0.000000,1.000000,0.000000,-1.000000
0.031330986,3,117,snapshot,256,138,1.000000,1.000000,1.000000,{"1":138},1.000000,0.000000,0.000000,0.000000,1.000000,0.000000,-1.000000
0.031330986,3,117,read_only,1024,2,1.000000,1.000000,1.000000,{"1":2},1.000000,0.000000,0.000000,0.000000,1.000000,0.000000,-1.000000
0.031330986,3,117,union,1024,2,1.000000,1.000000,1.000000,{"1":2},1.000000,0.000000,0.000000,0.000000,1.000000,0.000000,-1.000000
0.031330986,3,117,snapshot,1024,138,1.000000,1.000000,1.000000,{"1":138},1.000000,0.000000,0.000000,0.000000,1.000000,0.000000,-1.000000
0.031330986,3,117,read_only,4096,2,1.000000,1.000000,1.000000,{"1":2},1.000000,0.000000,0.000000,0.000000,1.000000,0.000000,-1.000000
0.031330986,3,117,union,4096,2,1.000000,1.000000,1.000000,{"1":2},1.000000,0.000000,0.000000,0.000000,1.000000,0.000000,-1.000000
0.031330986,3,117,snapshot,4096,138,1.000000,1.000000,1.000000,{"1":138},1.000000,0.000000,0.000000,0.000000,1.000000,0.000000,-1.000000
0.031330986,3,117,read_only,16384,2,1.000000,1.000000,1.000000,{"1":2},1.000000,0.000000,0.000000,0.000000,1.000000,0.000000,-1.000000
0.031330986,3,117,union,16384,2,1.000000,1.000000,1.000000,{"1":2},1.000000,0.000000,0.000000,0.000000,1.000000,0.000000,-1.000000
0.031330986,3,117,snapshot,16384,138,1.000000,1.000000,1.000000,{"1":138},1.000000,0.000000,0.000000,0.000000,1.000000,0.000000,-1.000000
0.031564145,3,118,snapshot,64,138,1.000000,1.000000,1.000000,{"1":138},1.000000,0.000000,0.000000,0.000000,1.000000,0.000000,-1.000000
0.031564145,3,118,snapshot,256,138,1.000000,1.000000,1.000000,{"1":138},1.000000,0.000000,0.000000,0.000000,1.000000,0.000000,-1.000000
0.031564145,3,118,snapshot,1024,138,1.000000,1.000000,1.000000,{"1":138},1.000000,0.000000,0.000000,0.000000,1.000000,0.000000,-1.000000
0.031564145,3,118,snapshot,4096,138,1.000000,1.000000,1.000000,{"1":138},1.000000,0.000000,0.000000,0.000000,1.000000,0.000000,-1.000000
0.031564145,3,118,snapshot,16384,138,1.000000,1.000000,1.000000,{"1":138},1.000000,0.000000,0.000000,0.000000,1.000000,0.000000,-1.000000
0.031797267,3,119,snapshot,64,138,1.000000,1.000000,1.000000,{"1":138},1.000000,0.000000,0.000000,0.000000,1.000000,0.000000,-1.000000
0.031797267,3,119,snapshot,256,138,1.000000,1.000000,1.000000,{"1":138},1.000000,0.000000,0.000000,0.000000,1.000000,0.000000,-1.000000
0.031797267,3,119,snapshot,1024,138,1.000000,1.000000,1.000000,{"1":138},1.000000,0.000000,0.000000,0.000000,1.000000,0.000000,-1.000000
0.031797267,3,119,snapshot,4096,138,1.000000,1.000000,1.000000,{"1":138},1.000000,0.000000,0.000000,0.000000,1.000000,0.000000,-1.000000
0.031797267,3,119,snapshot,16384,138,1.000000,1.000000,1.000000,{"1":138},1.000000,0.000000,0.000000,0.000000,1.000000,0.000000,-1.000000
0.032031412,3,120,read_only,64,1,1.000000,1.000000,1.000000,{"1":1},1.000000,0.000000,0.000000,0.000000,1.000000,0.000000,-1.000000
0.032031412,3,120,union,64,1,1.000000,1.000000,1.000000,{"1":1},1.000000,0.000000,0.000000,0.000000,1.000000,0.000000,-1.000000
0.032031412,3,120,snapshot,64,139,1.000000,1.000000,1.000000,{"1":139},1.000000,0.000000,0.000000,0.000000,1.000000,0.000000,-1.000000
0.032031412,3,120,read_only,256,1,1.000000,1.000000,1.000000,{"1":1},1.000000,0.000000,0.000000,0.000000,1.000000,0.000000,-1.000000
0.032031412,3,120,union,256,1,1.000000,1.000000,1.000000,{"1":1},1.000000,0.000000,0.000000,0.000000,1.000000,0.000000,-1.000000
0.032031412,3,120,snapshot,256,139,1.000000,1.000000,1.000000,{"1":139},1.000000,0.000000,0.000000,0.000000,1.000000,0.000000,-1.000000
0.032031412,3,120,read_only,1024,1,1.000000,1.000000,1.000000,{"1":1},1.000000,0.000000,0.000000,0.000000,1.000000,0.000000,-1.000000
0.032031412,3,120,union,1024,1,1.000000,1.000000,1.000000,{"1":1},1.000000,0.000000,0.000000,0.000000,1.000000,0.000000,-1.000000
0.032031412,3,120,snapshot,1024,139,1.000000,1.000000,1.000000,{"1":139},1.000000,0.000000,0.000000,0.000000,1.000000,0.000000,-1.000000
0.032031412,3,120,read_only,4096,1,1.000000,1.000000,1.000000,{"1":1},1.000000,0.000000,0.000000,0.000000,1.000000,0.000000,-1.000000
0.032031412,3,120,union,4096,1,1.000000,1.000000,1.000000,{"1":1},1.000000,0.000000,0.000000,0.000000,1.000000,0.000000,-1.000000
0.032031412,3,120,snapshot,4096,139,1.000000,1.000000,1.000000,{"1":139},1.000000,0.000000,0.000000,0.000000,1.000000,0.000000,-1.000000
0.032031412,3,120,read_only,16384,1,1.000000,1.000000,1.000000,{"1":1},1.000000,0.000000,0.000000,0.000000,1.000000,0.000000,-1.000000
0.032031412,3,120,union,16384,1,1.000000,1.000000,1.000000,{"1":1},1.000000,0.000000,0.000000,0.000000,1.000000,0.000000,-1.000000
0.032031412,3,120,snapshot,16384,139,1.000000,1.000000,1.000000,{"1":139},1.000000,0.000000,0.000000,0.000000,1.000000,0.000000,-1.000000
0.032264566,3,121,snapshot,64,139,1.000000,1.000000,1.000000,{"1":139},1.000000,0.000000,0.000000,0.000000,1.000000,0.000000,-1.000000
0.032264566,3,121,snapshot,256,139,1.000000,1.000000,1.000000,{"1":139},1.000000,0.000000,0.000000,0.000000,1.000000,0.000000,-1.000000
0.032264566,3,121,snapshot,1024,139,1.000000,1.000000,1.000000,{"1":139},1.000000,0.000000,0.000000,0.000000,1.000000,0.000000,-1.000000
0.032264566,3,121,snapshot,4096,139,1.000000,1.000000,1.000000,{"1":139},1.000000,0.000000,0.000000,0.000000,1.000000,0.000000,-1.000000
0.032264566,3,121,snapshot,16384,139,1.000000,1.000000,1.000000,{"1":139},1.000000,0.000000,0.000000,0.000000,1.000000,0.000000,-1.000000
0.032497435,3,122,read_only,64,1,1.000000,1.000000,1.000000,{"1":1},1.000000,0.000000,0.000000,0.000000,1.000000,0.000000,-1.000000
0.032497435,3,122,union,64,1,1.000000,1.000000,1.000000,{"1":1},1.000000,0.000000,0.000000,0.000000,1.000000,0.000000,-1.000000
0.032497435,3,122,snapshot,64,140,1.000000,1.000000,1.000000,{"1":140},1.000000,0.000000,0.000000,0.000000,1.000000,0.000000,-1.000000
0.032497435,3,122,read_only,256,1,1.000000,1.000000,1.000000,{"1":1},1.000000,0.000000,0.000000,0.000000,1.000000,0.000000,-1.000000
0.032497435,3,122,union,256,1,1.000000,1.000000,1.000000,{"1":1},1.000000,0.000000,0.000000,0.000000,1.000000,0.000000,-1.000000
0.032497435,3,122,snapshot,256,140,1.000000,1.000000,1.000000,{"1":140},1.000000,0.000000,0.000000,0.000000,1.000000,0.000000,-1.000000
0.032497435,3,122,read_only,1024,1,1.000000,1.000000,1.000000,{"1":1},1.000000,0.000000,0.000000,0.000000,1.000000,0.000000,-1.000000
0.032497435,3,122,union,1024,1,1.000000,1.000000,1.000000,{"1":1},1.000000,0.000000,0.000000,0.000000,1.000000,0.000000,-1.000000
0.032497435,3,122,snapshot,1024,140,1.000000,1.000000,1.000000,{"1":140},1.000000,0.000000,0.000000,0.000000,1.000000,0.000000,-1.000000
0.032497435,3,122,read_only,4096,1,1.000000,1.000000,1.000000,{"1":1},1.000000,0.000000,0.000000,0.000000,1.000000,0.000000,-1.000000
0.032497435,3,122,union,4096,1,1.000000,1.000000,1.000000,{"1":1},1.000000,0.000000,0.000000,0.000000,1.000000,0.000000,-1.000000
0.032497435,3,122,snapshot,4096,140,1.000000,1.000000,1.000000,{"1":140},1.000000,0.000000,0.000000,0.000000,1.000000,0.000000,-1.000000
0.032497435,3,122,read_only,16384,1,1.000000,1.000000,1.000000,{"1":1},1.000000,0.000000,0.000000,0.000000,1.000000,0.000000,-1.000000
0.032497435,3,122,union,16384,1,1.000000,1.000000,1.000000,{"1":1},1.000000,0.000000,0.000000,0.000000,1.000000,0.000000,-1.000000
0.032497435,3,122,snapshot,16384,140,1.000000,1.000000,1.000000,{"1":140},1.000000,0.000000,0.000000,0.000000,1.000000,0.000000,-1.000000
0.032752246,3,123,snapshot,64,140,1.000000,1.000000,1.000000,{"1":140},1.000000,0.000000,0.000000,0.000000,1.000000,0.000000,-1.000000
0.032752246,3,123,snapshot,256,140,1.000000,1.000000,1.000000,{"1":140},1.000000,0.000000,0.000000,0.000000,1.000000,0.000000,-1.000000
0.032752246,3,123,snapshot,1024,140,1.000000,1.000000,1.000000,{"1":140},1.000000,0.000000,0.000000,0.000000,1.000000,0.000000,-1.000000
0.032752246,3,123,snapshot,4096,140,1.000000,1.000000,1.000000,{"1":140},1.000000,0.000000,0.000000,0.000000,1.000000,0.000000,-1.000000
0.032752246,3,123,snapshot,16384,140,1.000000,1.000000,1.000000,{"1":140},1.000000,0.000000,0.000000,0.000000,1.000000,0.000000,-1.000000
0.033015740,3,124,snapshot,64,140,1.000000,1.000000,1.000000,{"1":140},1.000000,0.000000,0.000000,0.000000,1.000000,0.000000,-1.000000
0.033015740,3,124,snapshot,256,140,1.000000,1.000000,1.000000,{"1":140},1.000000,0.000000,0.000000,0.000000,1.000000,0.000000,-1.000000
0.033015740,3,124,snapshot,1024,140,1.000000,1.000000,1.000000,{"1":140},1.000000,0.000000,0.000000,0.000000,1.000000,0.000000,-1.000000
0.033015740,3,124,snapshot,4096,140,1.000000,1.000000,1.000000,{"1":140},1.000000,0.000000,0.000000,0.000000,1.000000,0.000000,-1.000000
0.033015740,3,124,snapshot,16384,140,1.000000,1.000000,1.000000,{"1":140},1.000000,0.000000,0.000000,0.000000,1.000000,0.000000,-1.000000
0.033267023,3,125,read_only,64,1,1.000000,1.000000,1.000000,{"1":1},1.000000,0.000000,0.000000,0.000000,1.000000,0.000000,-1.000000
0.033267023,3,125,union,64,1,1.000000,1.000000,1.000000,{"1":1},1.000000,0.000000,0.000000,0.000000,1.000000,0.000000,-1.000000
0.033267023,3,125,snapshot,64,141,1.000000,1.000000,1.000000,{"1":141},1.000000,0.000000,0.000000,0.000000,1.000000,0.000000,-1.000000
0.033267023,3,125,read_only,256,1,1.000000,1.000000,1.000000,{"1":1},1.000000,0.000000,0.000000,0.000000,1.000000,0.000000,-1.000000
0.033267023,3,125,union,256,1,1.000000,1.000000,1.000000,{"1":1},1.000000,0.000000,0.000000,0.000000,1.000000,0.000000,-1.000000
0.033267023,3,125,snapshot,256,141,1.000000,1.000000,1.000000,{"1":141},1.000000,0.000000,0.000000,0.000000,1.000000,0.000000,-1.000000
0.033267023,3,125,read_only,1024,1,1.000000,1.000000,1.000000,{"1":1},1.000000,0.000000,0.000000,0.000000,1.000000,0.000000,-1.000000
0.033267023,3,125,union,1024,1,1.000000,1.000000,1.000000,{"1":1},1.000000,0.000000,0.000000,0.000000,1.000000,0.000000,-1.000000
0.033267023,3,125,snapshot,1024,141,1.000000,1.000000,1.000000,{"1":141},1.000000,0.000000,0.000000,0.000000,1.000000,0.000000,-1.000000
0.033267023,3,125,read_only,4096,1,1.000000,1.000000,1.000000,{"1":1},1.000000,0.000000,0.000000,0.000000,1.000000,0.000000,-1.000000
0.033267023,3,125,union,4096,1,1.000000,1.000000,1.000000,{"1":1},1.000000,0.000000,0.000000,0.000000,1.000000,0.000000,-1.000000
0.033267023,3,125,snapshot,4096,141,1.000000,1.000000,1.000000,{"1":141},1.000000,0.000000,0.000000,0.000000,1.000000,0.000000,-1.000000
0.033267023,3,125,read_only,16384,1,1.000000,1.000000,1.000000,{"1":1},1.000000,0.000000,0.000000,0.000000,1.000000,0.000000,-1.000000
0.033267023,3,125,union,16384,1,1.000000,1.000000,1.000000,{"1":1},1.000000,0.000000,0.000000,0.000000,1.000000,0.000000,-1.000000
0.033267023,3,125,snapshot,16384,141,1.000000,1.000000,1.000000,{"1":141},1.000000,0.000000,0.000000,0.000000,1.000000,0.000000,-1.000000
0.033800153,3,127,read_only,64,1,1.000000,1.000000,1.000000,{"1":1},1.000000,0.000000,0.000000,0.000000,1.000000,0.000000,-1.000000
0.033800153,3,127,union,64,1,1.000000,1.000000,1.000000,{"1":1},1.000000,0.000000,0.000000,0.000000,1.000000,0.000000,-1.000000
0.033800153,3,127,read_only,256,1,1.000000,1.000000,1.000000,{"1":1},1.000000,0.000000,0.000000,0.000000,1.000000,0.000000,-1.000000
0.033800153,3,127,union,256,1,1.000000,1.000000,1.000000,{"1":1},1.000000,0.000000,0.000000,0.000000,1.000000,0.000000,-1.000000
0.033800153,3,127,read_only,1024,1,1.000000,1.000000,1.000000,{"1":1},1.000000,0.000000,0.000000,0.000000,1.000000,0.000000,-1.000000
0.033800153,3,127,union,1024,1,1.000000,1.000000,1.000000,{"1":1},1.000000,0.000000,0.000000,0.000000,1.000000,0.000000,-1.000000
0.033800153,3,127,read_only,4096,1,1.000000,1.000000,1.000000,{"1":1},1.000000,0.000000,0.000000,0.000000,1.000000,0.000000,-1.000000
0.033800153,3,127,union,4096,1,1.000000,1.000000,1.000000,{"1":1},1.000000,0.000000,0.000000,0.000000,1.000000,0.000000,-1.000000
0.033800153,3,127,read_only,16384,1,1.000000,1.000000,1.000000,{"1":1},1.000000,0.000000,0.000000,0.000000,1.000000,0.000000,-1.000000
0.033800153,3,127,union,16384,1,1.000000,1.000000,1.000000,{"1":1},1.000000,0.000000,0.000000,0.000000,1.000000,0.000000,-1.000000
0.034329452,3,129,read_only,64,1,1.000000,1.000000,1.000000,{"1":1},1.000000,0.000000,0.000000,0.000000,1.000000,0.000000,-1.000000
0.034329452,3,129,union,64,1,1.000000,1.000000,1.000000,{"1":1},1.000000,0.000000,0.000000,0.000000,1.000000,0.000000,-1.000000
0.034329452,3,129,snapshot,64,1,1.000000,1.000000,1.000000,{"1":1},1.000000,0.000000,0.000000,0.000000,1.000000,0.000000,-1.000000
0.034329452,3,129,read_only,256,1,1.000000,1.000000,1.000000,{"1":1},1.000000,0.000000,0.000000,0.000000,1.000000,0.000000,-1.000000
0.034329452,3,129,union,256,1,1.000000,1.000000,1.000000,{"1":1},1.000000,0.000000,0.000000,0.000000,1.000000,0.000000,-1.000000
0.034329452,3,129,snapshot,256,1,1.000000,1.000000,1.000000,{"1":1},1.000000,0.000000,0.000000,0.000000,1.000000,0.000000,-1.000000
0.034329452,3,129,read_only,1024,1,1.000000,1.000000,1.000000,{"1":1},1.000000,0.000000,0.000000,0.000000,1.000000,0.000000,-1.000000
0.034329452,3,129,union,1024,1,1.000000,1.000000,1.000000,{"1":1},1.000000,0.000000,0.000000,0.000000,1.000000,0.000000,-1.000000
0.034329452,3,129,snapshot,1024,1,1.000000,1.000000,1.000000,{"1":1},1.000000,0.000000,0.000000,0.000000,1.000000,0.000000,-1.000000
0.034329452,3,129,read_only,4096,1,1.000000,1.000000,1.000000,{"1":1},1.000000,0.000000,0.000000,0.000000,1.000000,0.000000,-1.000000
0.034329452,3,129,union,4096,1,1.000000,1.000000,1.000000,{"1":1},1.000000,0.000000,0.000000,0.000000,1.000000,0.000000,-1.000000
0.034329452,3,129,snapshot,4096,1,1.000000,1.000000,1.000000,{"1":1},1.000000,0.000000,0.000000,0.000000,1.000000,0.000000,-1.000000
0.034329452,3,129,read_only,16384,1,1.000000,1.000000,1.000000,{"1":1},1.000000,0.000000,0.000000,0.000000,1.000000,0.000000,-1.000000
0.034329452,3,129,union,16384,1,1.000000,1.000000,1.000000,{"1":1},1.000000,0.000000,0.000000,0.000000,1.000000,0.000000,-1.000000
0.034329452,3,129,snapshot,16384,1,1.000000,1.000000,1.000000,{"1":1},1.000000,0.000000,0.000000,0.000000,1.000000,0.000000,-1.000000
0.034574862,3,130,read_only,64,2,1.000000,1.000000,1.000000,{"1":2},1.000000,0.000000,0.000000,0.000000,1.000000,0.000000,-1.000000
0.034574862,3,130,union,64,2,1.000000,1.000000,1.000000,{"1":2},1.000000,0.000000,0.000000,0.000000,1.000000,0.000000,-1.000000
0.034574862,3,130,snapshot,64,3,1.000000,1.000000,1.000000,{"1":3},1.000000,0.000000,0.000000,0.000000,1.000000,0.000000,-1.000000
0.034574862,3,130,read_only,256,2,1.000000,1.000000,1.000000,{"1":2},1.000000,0.000000,0.000000,0.000000,1.000000,0.000000,-1.000000
0.034574862,3,130,union,256,2,1.000000,1.000000,1.000000,{"1":2},1.000000,0.000000,0.000000,0.000000,1.000000,0.000000,-1.000000
0.034574862,3,130,snapshot,256,3,1.000000,1.000000,1.000000,{"1":3},1.000000,0.000000,0.000000,0.000000,1.000000,0.000000,-1.000000
0.034574862,3,130,read_only,1024,2,1.000000,1.000000,1.000000,{"1":2},1.000000,0.000000,0.000000,0.000000,1.000000,0.000000,-1.000000
0.034574862,3,130,union,1024,2,1.000000,1.000000,1.000000,{"1":2},1.000000,0.000000,0.000000,0.000000,1.000000,0.000000,-1.000000
0.034574862,3,130,snapshot,1024,3,1.000000,1.000000,1.000000,{"1":3},1.000000,0.000000,0.000000,0.000000,1.000000,0.000000,-1.000000
0.034574862,3,130,read_only,4096,2,1.000000,1.000000,1.000000,{"1":2},1.000000,0.000000,0.000000,0.000000,1.000000,0.000000,-1.000000
0.034574862,3,130,union,4096,2,1.000000,1.000000,1.000000,{"1":2},1.000000,0.000000,0.000000,0.000000,1.000000,0.000000,-1.000000
0.034574862,3,130,snapshot,4096,3,1.000000,1.000000,1.000000,{"1":3},1.000000,0.000000,0.000000,0.000000,1.000000,0.000000,-1.000000
0.034574862,3,130,read_only,16384,2,1.000000,1.000000,1.000000,{"1":2},1.000000,0.000000,0.000000,0.000000,1.000000,0.000000,-1.000000
0.034574862,3,130,union,16384,2,1.000000,1.000000,1.000000,{"1":2},1.000000,0.000000,0.000000,0.000000,1.000000,0.000000,-1.000000
0.034574862,3,130,snapshot,16384,3,1.000000,1.000000,1.000000,{"1":3},1.000000,0.000000,0.000000,0.000000,1.000000,0.000000,-1.000000
0.034817283,3,131,read_only,64,1,1.000000,1.000000,1.000000,{"1":1},1.000000,0.000000,0.000000,0.000000,1.000000,0.000000,-1.000000
0.034817283,3,131,union,64,1,1.000000,1.000000,1.000000,{"1":1},1.000000,0.000000,0.000000,0.000000,1.000000,0.000000,-1.000000
0.034817283,3,131,snapshot,64,4,1.000000,1.000000,1.000000,{"1":4},1.000000,0.000000,0.000000,0.000000,1.000000,0.000000,-1.000000
0.034817283,3,131,read_only,256,1,1.000000,1.000000,1.000000,{"1":1},1.000000,0.000000,0.000000,0.000000,1.000000,0.000000,-1.000000
0.034817283,3,131,union,256,1,1.000000,1.000000,1.000000,{"1":1},1.000000,0.000000,0.000000,0.000000,1.000000,0.000000,-1.000000
0.034817283,3,131,snapshot,256,4,1.000000,1.000000,1.000000,{"1":4},1.000000,0.000000,0.000000,0.000000,1.000000,0.000000,-1.000000
0.034817283,3,131,read_only,1024,1,1.000000,1.000000,1.000000,{"1":1},1.000000,0.000000,0.000000,0.000000,1.000000,0.000000,-1.000000
0.034817283,3,131,union,1024,1,1.000000,1.000000,1.000000,{"1":1},1.000000,0.000000,0.000000,0.000000,1.000000,0.000000,-1.000000
0.034817283,3,131,snapshot,1024,4,1.000000,1.000000,1.000000,{"1":4},1.000000,0.000000,0.000000,0.000000,1.000000,0.000000,-1.000000
0.034817283,3,131,read_only,4096,1,1.000000,1.000000,1.000000,{"1":1},1.000000,0.000000,0.000000,0.000000,1.000000,0.000000,-1.000000
0.034817283,3,131,union,4096,1,1.000000,1.000000,1.000000,{"1":1},1.000000,0.000000,0.000000,0.000000,1.000000,0.000000,-1.000000
0.034817283,3,131,snapshot,4096,4,1.000000,1.000000,1.000000,{"1":4},1.000000,0.000000,0.000000,0.000000,1.000000,0.000000,-1.000000
0.034817283,3,131,read_only,16384,1,1.000000,1.000000,1.000000,{"1":1},1.000000,0.000000,0.000000,0.000000,1.000000,0.000000,-1.000000
0.034817283,3,131,union,16384,1,1.000000,1.000000,1.000000,{"1":1},1.000000,0.000000,0.000000,0.000000,1.000000,0.000000,-1.000000
0.034817283,3,131,snapshot,16384,4,1.000000,1.000000,1.000000,{"1":4},1.000000,0.000000,0.000000,0.000000,1.000000,0.000000,-1.000000
0.035080997,3,132,snapshot,64,4,1.000000,1.000000,1.000000,{"1":4},1.000000,0.000000,0.000000,0.000000,1.000000,0.000000,-1.000000
0.035080997,3,132,snapshot,256,4,1.000000,1.000000,1.000000,{"1":4},1.000000,0.000000,0.000000,0.000000,1.000000,0.000000,-1.000000
0.035080997,3,132,snapshot,1024,4,1.000000,1.000000,1.000000,{"1":4},1.000000,0.000000,0.000000,0.000000,1.000000,0.000000,-1.000000
0.035080997,3,132,snapshot,4096,4,1.000000,1.000000,1.000000,{"1":4},1.000000,0.000000,0.000000,0.000000,1.000000,0.000000,-1.000000
0.035080997,3,132,snapshot,16384,4,1.000000,1.000000,1.000000,{"1":4},1.000000,0.000000,0.000000,0.000000,1.000000,0.000000,-1.000000
0.035360267,3,133,read_only,64,1,1.000000,1.000000,1.000000,{"1":1},1.000000,0.000000,0.000000,0.000000,1.000000,0.000000,-1.000000
0.035360267,3,133,union,64,1,1.000000,1.000000,1.000000,{"1":1},1.000000,0.000000,0.000000,0.000000,1.000000,0.000000,-1.000000
0.035360267,3,133,snapshot,64,5,1.000000,1.000000,1.000000,{"1":5},1.000000,0.000000,0.000000,0.000000,1.000000,0.000000,-1.000000
0.035360267,3,133,read_only,256,1,1.000000,1.000000,1.000000,{"1":1},1.000000,0.000000,0.000000,0.000000,1.000000,0.000000,-1.000000
0.035360267,3,133,union,256,1,1.000000,1.000000,1.000000,{"1":1},1.000000,0.000000,0.000000,0.000000,1.000000,0.000000,-1.000000
0.035360267,3,133,snapshot,256,5,1.000000,1.000000,1.000000,{"1":5},1.000000,0.000000,0.000000,0.000000,1.000000,0.000000,-1.000000
0.035360267,3,133,read_only,1024,1,1.000000,1.000000,1.000000,{"1":1},1.000000,0.000000,0.000000,0.000000,1.000000,0.000000,-1.000000
0.035360267,3,133,union,1024,1,1.000000,1.000000,1.000000,{"1":1},1.000000,0.000000,0.000000,0.000000,1.000000,0.000000,-1.000000
0.035360267,3,133,snapshot,1024,5,1.000000,1.000000,1.000000,{"1":5},1.000000,0.000000,0.000000,0.000000,1.000000,0.000000,-1.000000
0.035360267,3,133,read_only,4096,1,1.000000,1.000000,1.000000,{"1":1},1.000000,0.000000,0.000000,0.000000,1.000000,0.000000,-1.000000
0.035360267,3,133,union,4096,1,1.000000,1.000000,1.000000,{"1":1},1.000000,0.000000,0.000000,0.000000,1.000000,0.000000,-1.000000
0.035360267,3,133,snapshot,4096,5,1.000000,1.000000,1.000000,{"1":5},1.000000,0.000000,0.000000,0.000000,1.000000,0.000000,-1.000000
0.035360267,3,133,read_only,16384,1,1.000000,1.000000,1.000000,{"1":1},1.000000,0.000000,0.000000,0.000000,1.000000,0.000000,-1.000000
0.035360267,3,133,union,16384,1,1.000000,1.000000,1.000000,{"1":1},1.000000,0.000000,0.000000,0.000000,1.000000,0.000000,-1.000000
0.035360267,3,133,snapshot,16384,5,1.000000,1.000000,1.000000,{"1":5},1.000000,0.000000,0.000000,0.000000,1.000000,0.000000,-1.000000
0.035593307,3,134,snapshot,64,5,1.000000,1.000000,1.000000,{"1":5},1.000000,0.000000,0.000000,0.000000,1.000000,0.000000,-1.000000
0.035593307,3,134,snapshot,256,5,1.000000,1.000000,1.000000,{"1":5},1.000000,0.000000,0.000000,0.000000,1.000000,0.000000,-1.000000
0.035593307,3,134,snapshot,1024,5,1.000000,1.000000,1.000000,{"1":5},1.000000,0.000000,0.000000,0.000000,1.000000,0.000000,-1.000000
0.035593307,3,134,snapshot,4096,5,1.000000,1.000000,1.000000,{"1":5},1.000000,0.000000,0.000000,0.000000,1.000000,0.000000,-1.000000
0.035593307,3,134,snapshot,16384,5,1.000000,1.000000,1.000000,{"1":5},1.000000,0.000000,0.000000,0.000000,1.000000,0.000000,-1.000000
0.035828036,3,135,read_only,64,1,1.000000,1.000000,1.000000,{"1":1},1.000000,0.000000,0.000000,0.000000,1.000000,0.000000,-1.000000
0.035828036,3,135,union,64,1,1.000000,1.000000,1.000000,{"1":1},1.000000,0.000000,0.000000,0.000000,1.000000,0.000000,-1.000000
0.035828036,3,135,snapshot,64,6,1.000000,1.000000,1.000000,{"1":6},1.000000,0.000000,0.000000,0.000000,1.000000,0.000000,-1.000000
0.035828036,3,135,read_only,256,1,1.000000,1.000000,1.000000,{"1":1},1.000000,0.000000,0.000000,0.000000,1.000000,0.000000,-1.000000
0.035828036,3,135,union,256,1,1.000000,1.000000,1.000000,{"1":1},1.000000,0.000000,0.000000,0.000000,1.000000,0.000000,-1.000000
0.035828036,3,135,snapshot,256,6,1.000000,1.000000,1.000000,{"1":6},1.000000,0.000000,0.000000,0.000000,1.000000,0.000000,-1.000000
0.035828036,3,135,read_only,1024,1,1.000000,1.000000,1.000000,{"1":1},1.000000,0.000000,0.000000,0.000000,1.000000,0.000000,-1.000000
0.035828036,3,135,union,1024,1,1.000000,1.000000,1.000000,{"1":1},1.000000,0.000000,0.000000,0.000000,1.000000,0.000000,-1.000000
0.035828036,3,135,snapshot,1024,6,1.000000,1.000000,1.000000,{"1":6},1.000000,0.000000,0.000000,0.000000,1.000000,0.000000,-1.000000
0.035828036,3,135,read_only,4096,1,1.000000,1.000000,1.000000,{"1":1},1.000000,0.000000,0.000000,0.000000,1.000000,0.000000,-1.000000
0.035828036,3,135,union,4096,1,1.000000,1.000000,1.000000,{"1":1},1.000000,0.000000,0.000000,0.000000,1.000000,0.000000,-1.000000
0.035828036,3,135,snapshot,4096,6,1.000000,1.000000,1.000000,{"1":6},1.000000,0.000000,0.000000,0.000000,1.000000,0.000000,-1.000000
0.035828036,3,135,read_only,16384,1,1.000000,1.000000,1.000000,{"1":1},1.000000,0.000000,0.000000,0.000000,1.000000,0.000000,-1.000000
0.035828036,3,135,union,16384,1,1.000000,1.000000,1.000000,{"1":1},1.000000,0.000000,0.000000,0.000000,1.000000,0.000000,-1.000000
0.035828036,3,135,snapshot,16384,6,1.000000,1.000000,1.000000,{"1":6},1.000000,0.000000,0.000000,0.000000,1.000000,0.000000,-1.000000
0.036121669,3,136,snapshot,64,6,1.000000,1.000000,1.000000,{"1":6},1.000000,0.000000,0.000000,0.000000,1.000000,0.000000,-1.000000
0.036121669,3,136,snapshot,256,6,1.000000,1.000000,1.000000,{"1":6},1.000000,0.000000,0.000000,0.000000,1.000000,0.000000,-1.000000
0.036121669,3,136,snapshot,1024,6,1.000000,1.000000,1.000000,{"1":6},1.000000,0.000000,0.000000,0.000000,1.000000,0.000000,-1.000000
0.036121669,3,136,snapshot,4096,6,1.000000,1.000000,1.000000,{"1":6},1.000000,0.000000,0.000000,0.000000,1.000000,0.000000,-1.000000
0.036121669,3,136,snapshot,16384,6,1.000000,1.000000,1.000000,{"1":6},1.000000,0.000000,0.000000,0.000000,1.000000,0.000000,-1.000000
0.036364486,3,137,read_only,64,1,1.000000,1.000000,1.000000,{"1":1},1.000000,0.000000,0.000000,0.000000,1.000000,0.000000,-1.000000
0.036364486,3,137,union,64,1,1.000000,1.000000,1.000000,{"1":1},1.000000,0.000000,0.000000,0.000000,1.000000,0.000000,-1.000000
0.036364486,3,137,snapshot,64,7,1.000000,1.000000,1.000000,{"1":7},1.000000,0.000000,0.000000,0.000000,1.000000,0.000000,-1.000000
0.036364486,3,137,read_only,256,1,1.000000,1.000000,1.000000,{"1":1},1.000000,0.000000,0.000000,0.000000,1.000000,0.000000,-1.000000
0.036364486,3,137,union,256,1,1.000000,1.000000,1.000000,{"1":1},1.000000,0.000000,0.000000,0.000000,1.000000,0.000000,-1.000000
0.036364486,3,137,snapshot,256,7,1.000000,1.000000,1.000000,{"1":7},1.000000,0.000000,0.000000,0.000000,1.000000,0.000000,-1.000000
0.036364486,3,137,read_only,1024,1,1.000000,1.000000,1.000000,{"1":1},1.000000,0.000000,0.000000,0.000000,1.000000,0.000000,-1.000000
0.036364486,3,137,union,1024,1,1.000000,1.000000,1.000000,{"1":1},1.000000,0.000000,0.000000,0.000000,1.000000,0.000000,-1.000000
0.036364486,3,137,snapshot,1024,7,1.000000,1.000000,1.000000,{"1":7},1.000000,0.000000,0.000000,0.000000,1.000000,0.000000,-1.000000
0.036364486,3,137,read_only,4096,1,1.000000,1.000000,1.000000,{"1":1},1.000000,0.000000,0.000000,0.000000,1.000000,0.000000,-1.000000
0.036364486,3,137,union,4096,1,1.000000,1.000000,1.000000,{"1":1},1.000000,0.000000,0.000000,0.000000,1.000000,0.000000,-1.000000
0.036364486,3,137,snapshot,4096,7,1.000000,1.000000,1.000000,{"1":7},1.000000,0.000000,0.000000,0.000000,1.000000,0.000000,-1.000000
0.036364486,3,137,read_only,16384,1,1.000000,1.000000,1.000000,{"1":1},1.000000,0.000000,0.000000,0.000000,1.000000,0.000000,-1.000000
0.036364486,3,137,union,16384,1,1.000000,1.000000,1.000000,{"1":1},1.000000,0.000000,0.000000,0.000000,1.000000,0.000000,-1.000000
0.036364486,3,137,snapshot,16384,7,1.000000,1.000000,1.000000,{"1":7},1.000000,0.000000,0.000000,0.000000,1.000000,0.000000,-1.000000
0.036602619,3,138,snapshot,64,7,1.000000,1.000000,1.000000,{"1":7},1.000000,0.000000,0.000000,0.000000,1.000000,0.000000,-1.000000
0.036602619,3,138,snapshot,256,7,1.000000,1.000000,1.000000,{"1":7},1.000000,0.000000,0.000000,0.000000,1.000000,0.000000,-1.000000
0.036602619,3,138,snapshot,1024,7,1.000000,1.000000,1.000000,{"1":7},1.000000,0.000000,0.000000,0.000000,1.000000,0.000000,-1.000000
0.036602619,3,138,snapshot,4096,7,1.000000,1.000000,1.000000,{"1":7},1.000000,0.000000,0.000000,0.000000,1.000000,0.000000,-1.000000
0.036602619,3,138,snapshot,16384,7,1.000000,1.000000,1.000000,{"1":7},1.000000,0.000000,0.000000,0.000000,1.000000,0.000000,-1.000000
0.037089468,3,140,read_only,64,2,1.000000,1.000000,1.000000,{"1":2},1.000000,0.000000,0.000000,0.000000,1.000000,0.000000,-1.000000
0.037089468,3,140,union,64,2,1.000000,1.000000,1.000000,{"1":2},1.000000,0.000000,0.000000,0.000000,1.000000,0.000000,-1.000000
0.037089468,3,140,snapshot,64,2,1.000000,1.000000,1.000000,{"1":2},1.000000,0.000000,0.000000,0.000000,1.000000,0.000000,-1.000000
0.037089468,3,140,read_only,256,2,1.000000,1.000000,1.000000,{"1":2},1.000000,0.000000,0.000000,0.000000,1.000000,0.000000,-1.000000
0.037089468,3,140,union,256,2,1.000000,1.000000,1.000000,{"1":2},1.000000,0.000000,0.000000,0.000000,1.000000,0.000000,-1.000000
0.037089468,3,140,snapshot,256,2,1.000000,1.000000,1.000000,{"1":2},1.000000,0.000000,0.000000,0.000000,1.000000,0.000000,-1.000000
0.037089468,3,140,read_only,1024,2,1.000000,1.000000,1.000000,{"1":2},1.000000,0.000000,0.000000,0.000000,1.000000,0.000000,-1.000000
0.037089468,3,140,union,1024,2,1.000000,1.000000,1.000000,{"1":2},1.000000,0.000000,0.000000,0.000000,1.000000,0.000000,-1.000000
0.037089468,3,140,snapshot,1024,2,1.000000,1.000000,1.000000,{"1":2},1.000000,0.000000,0.000000,0.000000,1.000000,0.000000,-1.000000
0.037089468,3,140,read_only,4096,2,1.000000,1.000000,1.000000,{"1":2},1.000000,0.000000,0.000000,0.000000,1.000000,0.000000,-1.000000
0.037089468,3,140,union,4096,2,1.000000,1.000000,1.000000,{"1":2},1.000000,0.000000,0.000000,0.000000,1.000000,0.000000,-1.000000
0.037089468,3,140,snapshot,4096,2,1.000000,1.000000,1.000000,{"1":2},1.000000,0.000000,0.000000,0.000000,1.000000,0.000000,-1.000000
0.037089468,3,140,read_only,16384,2,1.000000,1.000000,1.000000,{"1":2},1.000000,0.000000,0.000000,0.000000,1.000000,0.000000,-1.000000
0.037089468,3,140,union,16384,2,1.000000,1.000000,1.000000,{"1":2},1.000000,0.000000,0.000000,0.000000,1.000000,0.000000,-1.000000
0.037089468,3,140,snapshot,16384,2,1.000000,1.000000,1.000000,{"1":2},1.000000,0.000000,0.000000,0.000000,1.000000,0.000000,-1.000000
0.037385671,3,141,snapshot,64,2,1.000000,1.000000,1.000000,{"1":2},1.000000,0.000000,0.000000,0.000000,1.000000,0.000000,-1.000000
0.037385671,3,141,snapshot,256,2,1.000000,1.000000,1.000000,{"1":2},1.000000,0.000000,0.000000,0.000000,1.000000,0.000000,-1.000000
0.037385671,3,141,snapshot,1024,2,1.000000,1.000000,1.000000,{"1":2},1.000000,0.000000,0.000000,0.000000,1.000000,0.000000,-1.000000
0.037385671,3,141,snapshot,4096,2,1.000000,1.000000,1.000000,{"1":2},1.000000,0.000000,0.000000,0.000000,1.000000,0.000000,-1.000000
0.037385671,3,141,snapshot,16384,2,1.000000,1.000000,1.000000,{"1":2},1.000000,0.000000,0.000000,0.000000,1.000000,0.000000,-1.000000
0.037628662,3,142,read_only,64,1,1.000000,1.000000,1.000000,{"1":1},1.000000,0.000000,0.000000,0.000000,1.000000,0.000000,-1.000000
0.037628662,3,142,union,64,1,1.000000,1.000000,1.000000,{"1":1},1.000000,0.000000,0.000000,0.000000,1.000000,0.000000,-1.000000
0.037628662,3,142,snapshot,64,3,1.000000,1.000000,1.000000,{"1":3},1.000000,0.000000,0.000000,0.000000,1.000000,0.000000,-1.000000
0.037628662,3,142,read_only,256,1,1.000000,1.000000,1.000000,{"1":1},1.000000,0.000000,0.000000,0.000000,1.000000,0.000000,-1.000000
0.037628662,3,142,union,256,1,1.000000,1.000000,1.000000,{"1":1},1.000000,0.000000,0.000000,0.000000,1.000000,0.000000,-1.000000
0.037628662,3,142,snapshot,256,3,1.000000,1.000000,1.000000,{"1":3},1.000000,0.000000,0.000000,0.000000,1.000000,0.000000,-1.000000
0.037628662,3,142,read_only,1024,1,1.000000,1.000000,1.000000,{"1":1},1.000000,0.000000,0.000000,0.000000,1.000000,0.000000,-1.000000
0.037628662,3,142,union,1024,1,1.000000,1.000000,1.000000,{"1":1},1.000000,0.000000,0.000000,0.000000,1.000000,0.000000,-1.000000
0.037628662,3,142,snapshot,1024,3,1.000000,1.000000,1.000000,{"1":3},1.000000,0.000000,0.000000,0.000000,1.000000,0.000000,-1.000000
0.037628662,3,142,read_only,4096,1,1.000000,1.000000,1.000000,{"1":1},1.000000,0.000000,0.000000,0.000000,1.000000,0.000000,-1.000000
0.037628662,3,142,union,4096,1,1.000000,1.000000,1.000000,{"1":1},1.000000,0.000000,0.000000,0.000000,1.000000,0.000000,-1.000000
0.037628662,3,142,snapshot,4096,3,1.000000,1.000000,1.000000,{"1":3},1.000000,0.000000,0.000000,0.000000,1.000000,0.000000,-1.000000
0.037628662,3,142,read_only,16384,1,1.000000,1.000000,1.000000,{"1":1},1.000000,0.000000,0.000000,0.000000,1.000000,0.000000,-1.000000
0.037628662,3,142,union,16384,1,1.000000,1.000000,1.000000,{"1":1},1.000000,0.000000,0.000000,0.000000,1.000000,0.000000,-1.000000
0.037628662,3,142,snapshot,16384,3,1.000000,1.000000,1.000000,{"1":3},1.000000,0.000000,0.000000,0.000000,1.000000,0.000000,-1.000000
0.037879177,3,143,read_only,64,3,1.000000,1.000000,1.000000,{"1":3},1.000000,0.000000,0.000000,0.000000,1.000000,0.000000,-1.000000
0.037879177,3,143,union,64,3,1.000000,1.000000,1.000000,{"1":3},1.000000,0.000000,0.000000,0.000000,1.000000,0.000000,-1.000000
0.037879177,3,143,snapshot,64,6,1.000000,1.000000,1.000000,{"1":6},1.000000,0.000000,0.000000,0.000000,1.000000,0.000000,-1.000000
0.037879177,3,143,read_only,256,3,1.000000,1.000000,1.000000,{"1":3},1.000000,0.000000,0.000000,0.000000,1.000000,0.000000,-1.000000
0.037879177,3,143,union,256,3,1.000000,1.000000,1.000000,{"1":3},1.000000,0.000000,0.000000,0.000000,1.000000,0.000000,-1.000000
0.037879177,3,143,snapshot,256,6,1.000000,1.000000,1.000000,{"1":6},1.000000,0.000000,0.000000,0.000000,1.000000,0.000000,-1.000000
0.037879177,3,143,read_only,1024,3,1.000000,1.000000,1.000000,{"1":3},1.000000,0.000000,0.000000,0.000000,1.000000,0.000000,-1.000000
0.037879177,3,143,union,1024,3,1.000000,1.000000,1.000000,{"1":3},1.000000,0.000000,0.000000,0.000000,1.000000,0.000000,-1.000000
0.037879177,3,143,snapshot,1024,6,1.000000,1.000000,1.000000,{"1":6},1.000000,0.000000,0.000000,0.000000,1.000000,0.000000,-1.000000
0.037879177,3,143,read_only,4096,3,1.000000,1.000000,1.000000,{"1":3},1.000000,0.000000,0.000000,0.000000,1.000000,0.000000,-1.000000
0.037879177,3,143,union,4096,3,1.000000,1.000000,1.000000,{"1":3},1.000000,0.000000,0.000000,0.000000,1.000000,0.000000,-1.000000
0.037879177,3,143,snapshot,4096,6,1.000000,1.000000,1.000000,{"1":6},1.000000,0.000000,0.000000,0.000000,1.000000,0.000000,-1.000000
0.037879177,3,143,read_only,16384,3,1.000000,1.000000,1.000000,{"1":3},1.000000,0.000000,0.000000,0.000000,1.000000,0.000000,-1.000000
0.037879177,3,143,union,16384,3,1.000000,1.000000,1.000000,{"1":3},1.000000,0.000000,0.000000,0.000000,1.000000,0.000000,-1.000000
0.037879177,3,143,snapshot,16384,6,1.000000,1.000000,1.000000,{"1":6},1.000000,0.000000,0.000000,0.000000,1.000000,0.000000,-1.000000
0.038139088,3,144,snapshot,64,6,1.000000,1.000000,1.000000,{"1":6},1.000000,0.000000,0.000000,0.000000,1.000000,0.000000,-1.000000
0.038139088,3,144,snapshot,256,6,1.000000,1.000000,1.000000,{"1":6},1.000000,0.000000,0.000000,0.000000,1.000000,0.000000,-1.000000
0.038139088,3,144,snapshot,1024,6,1.000000,1.000000,1.000000,{"1":6},1.000000,0.000000,0.000000,0.000000,1.000000,0.000000,-1.000000
0.038139088,3,144,snapshot,4096,6,1.000000,1.000000,1.000000,{"1":6},1.000000,0.000000,0.000000,0.000000,1.000000,0.000000,-1.000000
0.038139088,3,144,snapshot,16384,6,1.000000,1.000000,1.000000,{"1":6},1.000000,0.000000,0.000000,0.000000,1.000000,0.000000,-1.000000
0.038415950,3,145,read_only,64,1,1.000000,1.000000,1.000000,{"1":1},1.000000,0.000000,0.000000,0.000000,1.000000,0.000000,-1.000000
0.038415950,3,145,union,64,1,1.000000,1.000000,1.000000,{"1":1},1.000000,0.000000,0.000000,0.000000,1.000000,0.000000,-1.000000
0.038415950,3,145,snapshot,64,7,1.000000,1.000000,1.000000,{"1":7},1.000000,0.000000,0.000000,0.000000,1.000000,0.000000,-1.000000
0.038415950,3,145,read_only,256,1,1.000000,1.000000,1.000000,{"1":1},1.000000,0.000000,0.000000,0.000000,1.000000,0.000000,-1.000000
0.038415950,3,145,union,256,1,1.000000,1.000000,1.000000,{"1":1},1.000000,0.000000,0.000000,0.000000,1.000000,0.000000,-1.000000
0.038415950,3,145,snapshot,256,7,1.000000,1.000000,1.000000,{"1":7},1.000000,0.000000,0.000000,0.000000,1.000000,0.000000,-1.000000
0.038415950,3,145,read_only,1024,1,1.000000,1.000000,1.000000,{"1":1},1.000000,0.000000,0.000000,0.000000,1.000000,0.000000,-1.000000
0.038415950,3,145,union,1024,1,1.000000,1.000000,1.000000,{"1":1},1.000000,0.000000,0.000000,0.000000,1.000000,0.000000,-1.000000
0.038415950,3,145,snapshot,1024,7,1.000000,1.000000,1.000000,{"1":7},1.000000,0.000000,0.000000,0.000000,1.000000,0.000000,-1.000000
0.038415950,3,145,read_only,4096,1,1.000000,1.000000,1.000000,{"1":1},1.000000,0.000000,0.000000,0.000000,1.000000,0.000000,-1.000000
0.038415950,3,145,union,4096,1,1.000000,1.000000,1.000000,{"1":1},1.000000,0.000000,0.000000,0.000000,1.000000,0.000000,-1.000000
0.038415950,3,145,snapshot,4096,7,1.000000,1.000000,1.000000,{"1":7},1.000000,0.000000,0.000000,0.000000,1.000000,0.000000,-1.000000
0.038415950,3,145,read_only,16384,1,1.000000,1.000000,1.000000,{"1":1},1.000000,0.000000,0.000000,0.000000,1.000000,0.000000,-1.000000
0.038415950,3,145,union,16384,1,1.000000,1.000000,1.000000,{"1":1},1.000000,0.000000,0.000000,0.000000,1.000000,0.000000,-1.000000
0.038415950,3,145,snapshot,16384,7,1.000000,1.000000,1.000000,{"1":7},1.000000,0.000000,0.000000,0.000000,1.000000,0.000000,-1.000000
0.038653205,3,146,read_only,64,1,1.000000,1.000000,1.000000,{"2":1},0.000000,1.000000,0.000000,0.000000,0.000000,1.000000,1.000000
0.038653205,3,146,union,64,1,1.000000,1.000000,1.000000,{"2":1},0.000000,1.000000,0.000000,0.000000,0.000000,1.000000,1.000000
0.038653205,3,146,snapshot,64,8,1.000000,1.000000,1.000000,{"1":7,"2":1},0.875000,0.125000,0.000000,0.000000,0.875000,0.125000,1.000000
0.038653205,3,146,read_only,256,1,1.000000,1.000000,1.000000,{"2":1},0.000000,1.000000,0.000000,0.000000,0.000000,1.000000,1.000000
0.038653205,3,146,union,256,1,1.000000,1.000000,1.000000,{"2":1},0.000000,1.000000,0.000000,0.000000,0.000000,1.000000,1.000000
0.038653205,3,146,snapshot,256,8,1.000000,1.000000,1.000000,{"1":7,"2":1},0.875000,0.125000,0.000000,0.000000,0.875000,0.125000,1.000000
0.038653205,3,146,read_only,1024,1,1.000000,1.000000,1.000000,{"2":1},0.000000,1.000000,0.000000,0.000000,0.000000,1.000000,1.000000
0.038653205,3,146,union,1024,1,1.000000,1.000000,1.000000,{"2":1},0.000000,1.000000,0.000000,0.000000,0.000000,1.000000,1.000000
0.038653205,3,146,snapshot,1024,8,1.000000,1.000000,1.000000,{"1":7,"2":1},0.875000,0.125000,0.000000,0.000000,0.875000,0.125000,1.000000
0.038653205,3,146,read_only,4096,1,1.000000,1.000000,1.000000,{"2":1},0.000000,1.000000,0.000000,0.000000,0.000000,1.000000,1.000000
0.038653205,3,146,union,4096,1,1.000000,1.000000,1.000000,{"2":1},0.000000,1.000000,0.000000,0.000000,0.000000,1.000000,1.000000
0.038653205,3,146,snapshot,4096,8,1.000000,1.000000,1.000000,{"1":7,"2":1},0.875000,0.125000,0.000000,0.000000,0.875000,0.125000,1.000000
0.038653205,3,146,read_only,16384,1,1.000000,1.000000,1.000000,{"2":1},0.000000,1.000000,0.000000,0.000000,0.000000,1.000000,1.000000
0.038653205,3,146,union,16384,1,1.000000,1.000000,1.000000,{"2":1},0.000000,1.000000,0.000000,0.000000,0.000000,1.000000,1.000000
0.038653205,3,146,snapshot,16384,8,1.000000,1.000000,1.000000,{"1":7,"2":1},0.875000,0.125000,0.000000,0.000000,0.875000,0.125000,1.000000
0.038882614,3,147,snapshot,64,8,1.000000,1.000000,1.000000,{"1":7,"2":1},0.875000,0.125000,0.000000,0.000000,0.875000,0.125000,1.000000
0.038882614,3,147,snapshot,256,8,1.000000,1.000000,1.000000,{"1":7,"2":1},0.875000,0.125000,0.000000,0.000000,0.875000,0.125000,1.000000
0.038882614,3,147,snapshot,1024,8,1.000000,1.000000,1.000000,{"1":7,"2":1},0.875000,0.125000,0.000000,0.000000,0.875000,0.125000,1.000000
0.038882614,3,147,snapshot,4096,8,1.000000,1.000000,1.000000,{"1":7,"2":1},0.875000,0.125000,0.000000,0.000000,0.875000,0.125000,1.000000
0.038882614,3,147,snapshot,16384,8,1.000000,1.000000,1.000000,{"1":7,"2":1},0.875000,0.125000,0.000000,0.000000,0.875000,0.125000,1.000000
0.039206463,3,148,read_only,64,3,1.000000,1.000000,1.000000,{"1":3},1.000000,0.000000,0.000000,0.000000,1.000000,0.000000,-1.000000
0.039206463,3,148,union,64,6,1.000000,1.000000,1.000000,{"1":6},1.000000,0.000000,0.000000,0.000000,1.000000,0.000000,-1.000000
0.039206463,3,148,snapshot,64,14,1.000000,1.000000,1.000000,{"1":13,"2":1},0.928571,0.071429,0.000000,0.000000,0.928571,0.071429,1.000000
0.039206463,3,148,read_only,256,3,1.000000,1.000000,1.000000,{"1":3},1.000000,0.000000,0.000000,0.000000,1.000000,0.000000,-1.000000
0.039206463,3,148,union,256,6,1.000000,1.000000,1.000000,{"1":6},1.000000,0.000000,0.000000,0.000000,1.000000,0.000000,-1.000000
0.039206463,3,148,snapshot,256,14,1.000000,1.000000,1.000000,{"1":13,"2":1},0.928571,0.071429,0.000000,0.000000,0.928571,0.071429,1.000000
0.039206463,3,148,read_only,1024,3,1.000000,1.000000,1.000000,{"1":3},1.000000,0.000000,0.000000,0.000000,1.000000,0.000000,-1.000000
0.039206463,3,148,union,1024,6,1.000000,1.000000,1.000000,{"1":6},1.000000,0.000000,0.000000,0.000000,1.000000,0.000000,-1.000000
0.039206463,3,148,snapshot,1024,14,1.000000,1.000000,1.000000,{"1":13,"2":1},0.928571,0.071429,0.000000,0.000000,0.928571,0.071429,1.000000
0.039206463,3,148,read_only,4096,3,1.000000,1.000000,1.000000,{"1":3},1.000000,0.000000,0.000000,0.000000,1.000000,0.000000,-1.000000
0.039206463,3,148,union,4096,6,1.000000,1.000000,1.000000,{"1":6},1.000000,0.000000,0.000000,0.000000,1.000000,0.000000,-1.000000
0.039206463,3,148,snapshot,4096,14,1.000000,1.000000,1.000000,{"1":13,"2":1},0.928571,0.071429,0.000000,0.000000,0.928571,0.071429,1.000000
0.039206463,3,148,read_only,16384,3,1.000000,1.000000,1.000000,{"1":3},1.000000,0.000000,0.000000,0.000000,1.000000,0.000000,-1.000000
0.039206463,3,148,union,16384,6,1.000000,1.000000,1.000000,{"1":6},1.000000,0.000000,0.000000,0.000000,1.000000,0.000000,-1.000000
0.039206463,3,148,snapshot,16384,14,1.000000,1.000000,1.000000,{"1":13,"2":1},0.928571,0.071429,0.000000,0.000000,0.928571,0.071429,1.000000
0.039441885,3,149,snapshot,64,14,1.000000,1.000000,1.000000,{"1":13,"2":1},0.928571,0.071429,0.000000,0.000000,0.928571,0.071429,1.000000
0.039441885,3,149,snapshot,256,14,1.000000,1.000000,1.000000,{"1":13,"2":1},0.928571,0.071429,0.000000,0.000000,0.928571,0.071429,1.000000
0.039441885,3,149,snapshot,1024,14,1.000000,1.000000,1.000000,{"1":13,"2":1},0.928571,0.071429,0.000000,0.000000,0.928571,0.071429,1.000000
0.039441885,3,149,snapshot,4096,14,1.000000,1.000000,1.000000,{"1":13,"2":1},0.928571,0.071429,0.000000,0.000000,0.928571,0.071429,1.000000
0.039441885,3,149,snapshot,16384,14,1.000000,1.000000,1.000000,{"1":13,"2":1},0.928571,0.071429,0.000000,0.000000,0.928571,0.071429,1.000000
0.039759161,3,150,snapshot,64,14,1.000000,1.000000,1.000000,{"1":13,"2":1},0.928571,0.071429,0.000000,0.000000,0.928571,0.071429,1.000000
0.039759161,3,150,snapshot,256,14,1.000000,1.000000,1.000000,{"1":13,"2":1},0.928571,0.071429,0.000000,0.000000,0.928571,0.071429,1.000000
0.039759161,3,150,snapshot,1024,14,1.000000,1.000000,1.000000,{"1":13,"2":1},0.928571,0.071429,0.000000,0.000000,0.928571,0.071429,1.000000
0.039759161,3,150,snapshot,4096,14,1.000000,1.000000,1.000000,{"1":13,"2":1},0.928571,0.071429,0.000000,0.000000,0.928571,0.071429,1.000000
0.039759161,3,150,snapshot,16384,14,1.000000,1.000000,1.000000,{"1":13,"2":1},0.928571,0.071429,0.000000,0.000000,0.928571,0.071429,1.000000
0.040018639,3,151,read_only,64,2,1.000000,1.000000,1.000000,{"1":2},1.000000,0.000000,0.000000,0.000000,1.000000,0.000000,-1.000000
0.040018639,3,151,union,64,2,1.000000,1.000000,1.000000,{"1":2},1.000000,0.000000,0.000000,0.000000,1.000000,0.000000,-1.000000
0.040018639,3,151,snapshot,64,2,1.000000,1.000000,1.000000,{"1":2},1.000000,0.000000,0.000000,0.000000,1.000000,0.000000,-1.000000
0.040018639,3,151,read_only,256,2,1.000000,1.000000,1.000000,{"1":2},1.000000,0.000000,0.000000,0.000000,1.000000,0.000000,-1.000000
0.040018639,3,151,union,256,2,1.000000,1.000000,1.000000,{"1":2},1.000000,0.000000,0.000000,0.000000,1.000000,0.000000,-1.000000
0.040018639,3,151,snapshot,256,2,1.000000,1.000000,1.000000,{"1":2},1.000000,0.000000,0.000000,0.000000,1.000000,0.000000,-1.000000
0.040018639,3,151,read_only,1024,2,1.000000,1.000000,1.000000,{"1":2},1.000000,0.000000,0.000000,0.000000,1.000000,0.000000,-1.000000
0.040018639,3,151,union,1024,2,1.000000,1.000000,1.000000,{"1":2},1.000000,0.000000,0.000000,0.000000,1.000000,0.000000,-1.000000
0.040018639,3,151,snapshot,1024,2,1.000000,1.000000,1.000000,{"1":2},1.000000,0.000000,0.000000,0.000000,1.000000,0.000000,-1.000000
0.040018639,3,151,read_only,4096,2,1.000000,1.000000,1.000000,{"1":2},1.000000,0.000000,0.000000,0.000000,1.000000,0.000000,-1.000000
0.040018639,3,151,union,4096,2,1.000000,1.000000,1.000000,{"1":2},1.000000,0.000000,0.000000,0.000000,1.000000,0.000000,-1.000000
0.040018639,3,151,snapshot,4096,2,1.000000,1.000000,1.000000,{"1":2},1.000000,0.000000,0.000000,0.000000,1.000000,0.000000,-1.000000
0.040018639,3,151,read_only,16384,2,1.000000,1.000000,1.000000,{"1":2},1.000000,0.000000,0.000000,0.000000,1.000000,0.000000,-1.000000
0.040018639,3,151,union,16384,2,1.000000,1.000000,1.000000,{"1":2},1.000000,0.000000,0.000000,0.000000,1.000000,0.000000,-1.000000
0.040018639,3,151,snapshot,16384,2,1.000000,1.000000,1.000000,{"1":2},1.000000,0.000000,0.000000,0.000000,1.000000,0.000000,-1.000000
0.040249499,3,152,read_only,64,2,1.000000,1.000000,1.000000,{"1":2},1.000000,0.000000,0.000000,0.000000,1.000000,0.000000,-1.000000
0.040249499,3,152,union,64,2,1.000000,1.000000,1.000000,{"1":2},1.000000,0.000000,0.000000,0.000000,1.000000,0.000000,-1.000000
0.040249499,3,152,snapshot,64,4,1.000000,1.000000,1.000000,{"1":4},1.000000,0.000000,0.000000,0.000000,1.000000,0.000000,-1.000000
0.040249499,3,152,read_only,256,2,1.000000,1.000000,1.000000,{"1":2},1.000000,0.000000,0.000000,0.000000,1.000000,0.000000,-1.000000
0.040249499,3,152,union,256,2,1.000000,1.000000,1.000000,{"1":2},1.000000,0.000000,0.000000,0.000000,1.000000,0.000000,-1.000000
0.040249499,3,152,snapshot,256,4,1.000000,1.000000,1.000000,{"1":4},1.000000,0.000000,0.000000,0.000000,1.000000,0.000000,-1.000000
0.040249499,3,152,read_only,1024,2,1.000000,1.000000,1.000000,{"1":2},1.000000,0.000000,0.000000,0.000000,1.000000,0.000000,-1.000000
0.040249499,3,152,union,1024,2,1.000000,1.000000,1.000000,{"1":2},1.000000,0.000000,0.000000,0.000000,1.000000,0.000000,-1.000000
0.040249499,3,152,snapshot,1024,4,1.000000,1.000000,1.000000,{"1":4},1.000000,0.000000,0.000000,0.000000,1.000000,0.000000,-1.000000
0.040249499,3,152,read_only,4096,2,1.000000,1.000000,1.000000,{"1":2},1.000000,0.000000,0.000000,0.000000,1.000000,0.000000,-1.000000
0.040249499,3,152,union,4096,2,1.000000,1.000000,1.000000,{"1":2},1.000000,0.000000,0.000000,0.000000,1.000000,0.000000,-1.000000
0.040249499,3,152,snapshot,4096,4,1.000000,1.000000,1.000000,{"1":4},1.000000,0.000000,0.000000,0.000000,1.000000,0.000000,-1.000000
0.040249499,3,152,read_only,16384,2,1.000000,1.000000,1.000000,{"1":2},1.000000,0.000000,0.000000,0.000000,1.000000,0.000000,-1.000000
0.040249499,3,152,union,16384,2,1.000000,1.000000,1.000000,{"1":2},1.000000,0.000000,0.000000,0.000000,1.000000,0.000000,-1.000000
0.040249499,3,152,snapshot,16384,4,1.000000,1.000000,1.000000,{"1":4},1.000000,0.000000,0.000000,0.000000,1.000000,0.000000,-1.000000
0.040570349,3,153,read_only,64,3,1.000000,1.000000,1.000000,{"1":3},1.000000,0.000000,0.000000,0.000000,1.000000,0.000000,-1.000000
0.040570349,3,153,union,64,4,1.000000,1.000000,1.000000,{"1":4},1.000000,0.000000,0.000000,0.000000,1.000000,0.000000,-1.000000
0.040570349,3,153,snapshot,64,8,1.000000,1.000000,1.000000,{"1":8},1.000000,0.000000,0.000000,0.000000,1.000000,0.000000,-1.000000
0.040570349,3,153,read_only,256,3,1.000000,1.000000,1.000000,{"1":3},1.000000,0.000000,0.000000,0.000000,1.000000,0.000000,-1.000000
0.040570349,3,153,union,256,4,1.000000,1.000000,1.000000,{"1":4},1.000000,0.000000,0.000000,0.000000,1.000000,0.000000,-1.000000
0.040570349,3,153,snapshot,256,8,1.000000,1.000000,1.000000,{"1":8},1.000000,0.000000,0.000000,0.000000,1.000000,0.000000,-1.000000
0.040570349,3,153,read_only,1024,3,1.000000,1.000000,1.000000,{"1":3},1.000000,0.000000,0.000000,0.000000,1.000000,0.000000,-1.000000
0.040570349,3,153,union,1024,4,1.000000,1.000000,1.000000,{"1":4},1.000000,0.000000,0.000000,0.000000,1.000000,0.000000,-1.000000
0.040570349,3,153,snapshot,1024,8,1.000000,1.000000,1.000000,{"1":8},1.000000,0.000000,0.000000,0.000000,1.000000,0.000000,-1.000000
0.040570349,3,153,read_only,4096,3,1.000000,1.000000,1.000000,{"1":3},1.000000,0.000000,0.000000,0.000000,1.000000,0.000000,-1.000000
0.040570349,3,153,union,4096,4,1.000000,1.000000,1.000000,{"1":4},1.000000,0.000000,0.000000,0.000000,1.000000,0.000000,-1.000000
0.040570349,3,153,snapshot,4096,8,1.000000,1.000000,1.000000,{"1":8},1.000000,0.000000,0.000000,0.000000,1.000000,0.000000,-1.000000
0.040570349,3,153,read_only,16384,3,1.000000,1.000000,1.000000,{"1":3},1.000000,0.000000,0.000000,0.000000,1.000000,0.000000,-1.000000
0.040570349,3,153,union,16384,4,1.000000,1.000000,1.000000,{"1":4},1.000000,0.000000,0.000000,0.000000,1.000000,0.000000,-1.000000
0.040570349,3,153,snapshot,16384,8,1.000000,1.000000,1.000000,{"1":8},1.000000,0.000000,0.000000,0.000000,1.000000,0.000000,-1.000000
0.040833408,3,154,union,64,1,1.000000,1.000000,1.000000,{"1":1},1.000000,0.000000,0.000000,0.000000,1.000000,0.000000,-1.000000
0.040833408,3,154,snapshot,64,8,1.000000,1.000000,1.000000,{"1":8},1.000000,0.000000,0.000000,0.000000,1.000000,0.000000,-1.000000
0.040833408,3,154,union,256,1,1.000000,1.000000,1.000000,{"1":1},1.000000,0.000000,0.000000,0.000000,1.000000,0.000000,-1.000000
0.040833408,3,154,snapshot,256,8,1.000000,1.000000,1.000000,{"1":8},1.000000,0.000000,0.000000,0.000000,1.000000,0.000000,-1.000000
0.040833408,3,154,union,1024,1,1.000000,1.000000,1.000000,{"1":1},1.000000,0.000000,0.000000,0.000000,1.000000,0.000000,-1.000000
0.040833408,3,154,snapshot,1024,8,1.000000,1.000000,1.000000,{"1":8},1.000000,0.000000,0.000000,0.000000,1.000000,0.000000,-1.000000
0.040833408,3,154,union,4096,1,1.000000,1.000000,1.000000,{"1":1},1.000000,0.000000,0.000000,0.000000,1.000000,0.000000,-1.000000
0.040833408,3,154,snapshot,4096,8,1.000000,1.000000,1.000000,{"1":8},1.000000,0.000000,0.000000,0.000000,1.000000,0.000000,-1.000000
0.040833408,3,154,union,16384,1,1.000000,1.000000,1.000000,{"1":1},1.000000,0.000000,0.000000,0.000000,1.000000,0.000000,-1.000000
0.040833408,3,154,snapshot,16384,8,1.000000,1.000000,1.000000,{"1":8},1.000000,0.000000,0.000000,0.000000,1.000000,0.000000,-1.000000
0.041070118,3,155,snapshot,64,8,1.000000,1.000000,1.000000,{"1":8},1.000000,0.000000,0.000000,0.000000,1.000000,0.000000,-1.000000
0.041070118,3,155,snapshot,256,8,1.000000,1.000000,1.000000,{"1":8},1.000000,0.000000,0.000000,0.000000,1.000000,0.000000,-1.000000
0.041070118,3,155,snapshot,1024,8,1.000000,1.000000,1.000000,{"1":8},1.000000,0.000000,0.000000,0.000000,1.000000,0.000000,-1.000000
0.041070118,3,155,snapshot,4096,8,1.000000,1.000000,1.000000,{"1":8},1.000000,0.000000,0.000000,0.000000,1.000000,0.000000,-1.000000
0.041070118,3,155,snapshot,16384,8,1.000000,1.000000,1.000000,{"1":8},1.000000,0.000000,0.000000,0.000000,1.000000,0.000000,-1.000000
0.041331162,3,156,snapshot,64,8,1.000000,1.000000,1.000000,{"1":8},1.000000,0.000000,0.000000,0.000000,1.000000,0.000000,-1.000000
0.041331162,3,156,snapshot,256,8,1.000000,1.000000,1.000000,{"1":8},1.000000,0.000000,0.000000,0.000000,1.000000,0.000000,-1.000000
0.041331162,3,156,snapshot,1024,8,1.000000,1.000000,1.000000,{"1":8},1.000000,0.000000,0.000000,0.000000,1.000000,0.000000,-1.000000
0.041331162,3,156,snapshot,4096,8,1.000000,1.000000,1.000000,{"1":8},1.000000,0.000000,0.000000,0.000000,1.000000,0.000000,-1.000000
0.041331162,3,156,snapshot,16384,8,1.000000,1.000000,1.000000,{"1":8},1.000000,0.000000,0.000000,0.000000,1.000000,0.000000,-1.000000
0.041608606,3,157,read_only,64,1,1.000000,1.000000,1.000000,{"1":1},1.000000,0.000000,0.000000,0.000000,1.000000,0.000000,-1.000000
0.041608606,3,157,union,64,1,1.000000,1.000000,1.000000,{"1":1},1.000000,0.000000,0.000000,0.000000,1.000000,0.000000,-1.000000
0.041608606,3,157,snapshot,64,9,1.000000,1.000000,1.000000,{"1":9},1.000000,0.000000,0.000000,0.000000,1.000000,0.000000,-1.000000
0.041608606,3,157,read_only,256,1,1.000000,1.000000,1.000000,{"1":1},1.000000,0.000000,0.000000,0.000000,1.000000,0.000000,-1.000000
0.041608606,3,157,union,256,1,1.000000,1.000000,1.000000,{"1":1},1.000000,0.000000,0.000000,0.000000,1.000000,0.000000,-1.000000
0.041608606,3,157,snapshot,256,9,1.000000,1.000000,1.000000,{"1":9},1.000000,0.000000,0.000000,0.000000,1.000000,0.000000,-1.000000
0.041608606,3,157,read_only,1024,1,1.000000,1.000000,1.000000,{"1":1},1.000000,0.000000,0.000000,0.000000,1.000000,0.000000,-1.000000
0.041608606,3,157,union,1024,1,1.000000,1.000000,1.000000,{"1":1},1.000000,0.000000,0.000000,0.000000,1.000000,0.000000,-1.000000
0.041608606,3,157,snapshot,1024,9,1.000000,1.000000,1.000000,{"1":9},1.000000,0.000000,0.000000,0.000000,1.000000,0.000000,-1.000000
0.041608606,3,157,read_only,4096,1,1.000000,1.000000,1.000000,{"1":1},1.000000,0.000000,0.000000,0.000000,1.000000,0.000000,-1.000000
0.041608606,3,157,union,4096,1,1.000000,1.000000,1.000000,{"1":1},1.000000,0.000000,0.000000,0.000000,1.000000,0.000000,-1.000000
0.041608606,3,157,snapshot,4096,9,1.000000,1.000000,1.000000,{"1":9},1.000000,0.000000,0.000000,0.000000,1.000000,0.000000,-1.000000
0.041608606,3,157,read_only,16384,1,1.000000,1.000000,1.000000,{"1":1},1.000000,0.000000,0.000000,0.000000,1.000000,0.000000,-1.000000
0.041608606,3,157,union,16384,1,1.000000,1.000000,1.000000,{"1":1},1.000000,0.000000,0.000000,0.000000,1.000000,0.000000,-1.000000
0.041608606,3,157,snapshot,16384,9,1.000000,1.000000,1.000000,{"1":9},1.000000,0.000000,0.000000,0.000000,1.000000,0.000000,-1.000000
0.041847809,3,158,snapshot,64,9,1.000000,1.000000,1.000000,{"1":9},1.000000,0.000000,0.000000,0.000000,1.000000,0.000000,-1.000000
0.041847809,3,158,snapshot,256,9,1.000000,1.000000,1.000000,{"1":9},1.000000,0.000000,0.000000,0.000000,1.000000,0.000000,-1.000000
0.041847809,3,158,snapshot,1024,9,1.000000,1.000000,1.000000,{"1":9},1.000000,0.000000,0.000000,0.000000,1.000000,0.000000,-1.000000
0.041847809,3,158,snapshot,4096,9,1.000000,1.000000,1.000000,{"1":9},1.000000,0.000000,0.000000,0.000000,1.000000,0.000000,-1.000000
0.041847809,3,158,snapshot,16384,9,1.000000,1.000000,1.000000,{"1":9},1.000000,0.000000,0.000000,0.000000,1.000000,0.000000,-1.000000
0.042078160,3,159,snapshot,64,9,1.000000,1.000000,1.000000,{"1":9},1.000000,0.000000,0.000000,0.000000,1.000000,0.000000,-1.000000
0.042078160,3,159,snapshot,256,9,1.000000,1.000000,1.000000,{"1":9},1.000000,0.000000,0.000000,0.000000,1.000000,0.000000,-1.000000
0.042078160,3,159,snapshot,1024,9,1.000000,1.000000,1.000000,{"1":9},1.000000,0.000000,0.000000,0.000000,1.000000,0.000000,-1.000000
0.042078160,3,159,snapshot,4096,9,1.000000,1.000000,1.000000,{"1":9},1.000000,0.000000,0.000000,0.000000,1.000000,0.000000,-1.000000
0.042078160,3,159,snapshot,16384,9,1.000000,1.000000,1.000000,{"1":9},1.000000,0.000000,0.000000,0.000000,1.000000,0.000000,-1.000000
0.042439955,3,160,read_only,64,3,1.000000,1.000000,1.000000,{"1":3},1.000000,0.000000,0.000000,0.000000,1.000000,0.000000,-1.000000
0.042439955,3,160,union,64,6,1.000000,1.000000,1.000000,{"1":6},1.000000,0.000000,0.000000,0.000000,1.000000,0.000000,-1.000000
0.042439955,3,160,snapshot,64,15,1.000000,1.000000,1.000000,{"1":15},1.000000,0.000000,0.000000,0.000000,1.000000,0.000000,-1.000000
0.042439955,3,160,read_only,256,3,1.000000,1.000000,1.000000,{"1":3},1.000000,0.000000,0.000000,0.000000,1.000000,0.000000,-1.000000
0.042439955,3,160,union,256,6,1.000000,1.000000,1.000000,{"1":6},1.000000,0.000000,0.000000,0.000000,1.000000,0.000000,-1.000000
0.042439955,3,160,snapshot,256,15,1.000000,1.000000,1.000000,{"1":15},1.000000,0.000000,0.000000,0.000000,1.000000,0.000000,-1.000000
0.042439955,3,160,read_only,1024,3,1.000000,1.000000,1.000000,{"1":3},1.000000,0.000000,0.000000,0.000000,1.000000,0.000000,-1.000000
0.042439955,3,160,union,1024,6,1.000000,1.000000,1.000000,{"1":6},1.000000,0.000000,0.000000,0.000000,1.000000,0.000000,-1.000000
0.042439955,3,160,snapshot,1024,15,1.000000,1.000000,1.000000,{"1":15},1.000000,0.000000,0.000000,0.000000,1.000000,0.000000,-1.000000
0.042439955,3,160,read_only,4096,3,1.000000,1.000000,1.000000,{"1":3},1.000000,0.000000,0.000000,0.000000,1.000000,0.000000,-1.000000
0.042439955,3,160,union,4096,6,1.000000,1.000000,1.000000,{"1":6},1.000000,0.000000,0.000000,0.000000,1.000000,0.000000,-1.000000
0.042439955,3,160,snapshot,4096,15,1.000000,1.000000,1.000000,{"1":15},1.000000,0.000000,0.000000,0.000000,1.000000,0.000000,-1.000000
0.042439955,3,160,read_only,16384,3,1.000000,1.000000,1.000000,{"1":3},1.000000,0.000000,0.000000,0.000000,1.000000,0.000000,-1.000000
0.042439955,3,160,union,16384,6,1.000000,1.000000,1.000000,{"1":6},1.000000,0.000000,0.000000,0.000000,1.000000,0.000000,-1.000000
0.042439955,3,160,snapshot,16384,15,1.000000,1.000000,1.000000,{"1":15},1.000000,0.000000,0.000000,0.000000,1.000000,0.000000,-1.000000
0.042677958,3,161,snapshot,64,15,1.000000,1.000000,1.000000,{"1":15},1.000000,0.000000,0.000000,0.000000,1.000000,0.000000,-1.000000
0.042677958,3,161,snapshot,256,15,1.000000,1.000000,1.000000,{"1":15},1.000000,0.000000,0.000000,0.000000,1.000000,0.000000,-1.000000
0.042677958,3,161,snapshot,1024,15,1.000000,1.000000,1.000000,{"1":15},1.000000,0.000000,0.000000,0.000000,1.000000,0.000000,-1.000000
0.042677958,3,161,snapshot,4096,15,1.000000,1.000000,1.000000,{"1":15},1.000000,0.000000,0.000000,0.000000,1.000000,0.000000,-1.000000
0.042677958,3,161,snapshot,16384,15,1.000000,1.000000,1.000000,{"1":15},1.000000,0.000000,0.000000,0.000000,1.000000,0.000000,-1.000000
0.042954108,3,162,read_only,64,4,1.000000,1.000000,1.000000,{"1":4},1.000000,0.000000,0.000000,0.000000,1.000000,0.000000,-1.000000
0.042954108,3,162,union,64,4,1.000000,1.000000,1.000000,{"1":4},1.000000,0.000000,0.000000,0.000000,1.000000,0.000000,-1.000000
0.042954108,3,162,snapshot,64,19,1.000000,1.000000,1.000000,{"1":19},1.000000,0.000000,0.000000,0.000000,1.000000,0.000000,-1.000000
0.042954108,3,162,read_only,256,4,1.000000,1.000000,1.000000,{"1":4},1.000000,0.000000,0.000000,0.000000,1.000000,0.000000,-1.000000
0.042954108,3,162,union,256,4,1.000000,1.000000,1.000000,{"1":4},1.000000,0.000000,0.000000,0.000000,1.000000,0.000000,-1.000000
0.042954108,3,162,snapshot,256,19,1.000000,1.000000,1.000000,{"1":19},1.000000,0.000000,0.000000,0.000000,1.000000,0.000000,-1.000000
0.042954108,3,162,read_only,1024,4,1.000000,1.000000,1.000000,{"1":4},1.000000,0.000000,0.000000,0.000000,1.000000,0.000000,-1.000000
0.042954108,3,162,union,1024,4,1.000000,1.000000,1.000000,{"1":4},1.000000,0.000000,0.000000,0.000000,1.000000,0.000000,-1.000000
0.042954108,3,162,snapshot,1024,19,1.000000,1.000000,1.000000,{"1":19},1.000000,0.000000,0.000000,0.000000,1.000000,0.000000,-1.000000
0.042954108,3,162,read_only,4096,4,1.000000,1.000000,1.000000,{"1":4},1.000000,0.000000,0.000000,0.000000,1.000000,0.000000,-1.000000
0.042954108,3,162,union,4096,4,1.000000,1.000000,1.000000,{"1":4},1.000000,0.000000,0.000000,0.000000,1.000000,0.000000,-1.000000
0.042954108,3,162,snapshot,4096,19,1.000000,1.000000,1.000000,{"1":19},1.000000,0.000000,0.000000,0.000000,1.000000,0.000000,-1.000000
0.042954108,3,162,read_only,16384,4,1.000000,1.000000,1.000000,{"1":4},1.000000,0.000000,0.000000,0.000000,1.000000,0.000000,-1.000000
0.042954108,3,162,union,16384,4,1.000000,1.000000,1.000000,{"1":4},1.000000,0.000000,0.000000,0.000000,1.000000,0.000000,-1.000000
0.042954108,3,162,snapshot,16384,19,1.000000,1.000000,1.000000,{"1":19},1.000000,0.000000,0.000000,0.000000,1.000000,0.000000,-1.000000
0.043483035,3,164,read_only,64,1,1.000000,1.000000,1.000000,{"1":1},1.000000,0.000000,0.000000,0.000000,1.000000,0.000000,-1.000000
0.043483035,3,164,union,64,1,1.000000,1.000000,1.000000,{"1":1},1.000000,0.000000,0.000000,0.000000,1.000000,0.000000,-1.000000
0.043483035,3,164,snapshot,64,1,1.000000,1.000000,1.000000,{"1":1},1.000000,0.000000,0.000000,0.000000,1.000000,0.000000,-1.000000
0.043483035,3,164,read_only,256,1,1.000000,1.000000,1.000000,{"1":1},1.000000,0.000000,0.000000,0.000000,1.000000,0.000000,-1.000000
0.043483035,3,164,union,256,1,1.000000,1.000000,1.000000,{"1":1},1.000000,0.000000,0.000000,0.000000,1.000000,0.000000,-1.000000
0.043483035,3,164,snapshot,256,1,1.000000,1.000000,1.000000,{"1":1},1.000000,0.000000,0.000000,0.000000,1.000000,0.000000,-1.000000
0.043483035,3,164,read_only,1024,1,1.000000,1.000000,1.000000,{"1":1},1.000000,0.000000,0.000000,0.000000,1.000000,0.000000,-1.000000
0.043483035,3,164,union,1024,1,1.000000,1.000000,1.000000,{"1":1},1.000000,0.000000,0.000000,0.000000,1.000000,0.000000,-1.000000
0.043483035,3,164,snapshot,1024,1,1.000000,1.000000,1.000000,{"1":1},1.000000,0.000000,0.000000,0.000000,1.000000,0.000000,-1.000000
0.043483035,3,164,read_only,4096,1,1.000000,1.000000,1.000000,{"1":1},1.000000,0.000000,0.000000,0.000000,1.000000,0.000000,-1.000000
0.043483035,3,164,union,4096,1,1.000000,1.000000,1.000000,{"1":1},1.000000,0.000000,0.000000,0.000000,1.000000,0.000000,-1.000000
0.043483035,3,164,snapshot,4096,1,1.000000,1.000000,1.000000,{"1":1},1.000000,0.000000,0.000000,0.000000,1.000000,0.000000,-1.000000
0.043483035,3,164,read_only,16384,1,1.000000,1.000000,1.000000,{"1":1},1.000000,0.000000,0.000000,0.000000,1.000000,0.000000,-1.000000
0.043483035,3,164,union,16384,1,1.000000,1.000000,1.000000,{"1":1},1.000000,0.000000,0.000000,0.000000,1.000000,0.000000,-1.000000
0.043483035,3,164,snapshot,16384,1,1.000000,1.000000,1.000000,{"1":1},1.000000,0.000000,0.000000,0.000000,1.000000,0.000000,-1.000000
0.043872334,3,165,read_only,64,6,1.000000,1.000000,1.000000,{"1":6},1.000000,0.000000,0.000000,0.000000,1.000000,0.000000,-1.000000
0.043872334,3,165,union,64,11,1.000000,1.000000,1.000000,{"1":11},1.000000,0.000000,0.000000,0.000000,1.000000,0.000000,-1.000000
0.043872334,3,165,snapshot,64,12,1.000000,1.000000,1.000000,{"1":12},1.000000,0.000000,0.000000,0.000000,1.000000,0.000000,-1.000000
0.043872334,3,165,read_only,256,6,1.000000,1.000000,1.000000,{"1":6},1.000000,0.000000,0.000000,0.000000,1.000000,0.000000,-1.000000
0.043872334,3,165,union,256,11,1.000000,1.000000,1.000000,{"1":11},1.000000,0.000000,0.000000,0.000000,1.000000,0.000000,-1.000000
0.043872334,3,165,snapshot,256,12,1.000000,1.000000,1.000000,{"1":12},1.000000,0.000000,0.000000,0.000000,1.000000,0.000000,-1.000000
0.043872334,3,165,read_only,1024,6,1.000000,1.000000,1.000000,{"1":6},1.000000,0.000000,0.000000,0.000000,1.000000,0.000000,-1.000000
0.043872334,3,165,union,1024,11,1.000000,1.000000,1.000000,{"1":11},1.000000,0.000000,0.000000,0.000000,1.000000,0.000000,-1.000000
0.043872334,3,165,snapshot,1024,12,1.000000,1.000000,1.000000,{"1":12},1.000000,0.000000,0.000000,0.000000,1.000000,0.000000,-1.000000
0.043872334,3,165,read_only,4096,6,1.000000,1.000000,1.000000,{"1":6},1.000000,0.000000,0.000000,0.000000,1.000000,0.000000,-1.000000
0.043872334,3,165,union,4096,11,1.000000,1.000000,1.000000,{"1":11},1.000000,0.000000,0.000000,0.000000,1.000000,0.000000,-1.000000
0.043872334,3,165,snapshot,4096,12,1.000000,1.000000,1.000000,{"1":12},1.000000,0.000000,0.000000,0.000000,1.000000,0.000000,-1.000000
0.043872334,3,165,read_only,16384,6,1.000000,1.000000,1.000000,{"1":6},1.000000,0.000000,0.000000,0.000000,1.000000,0.000000,-1.000000
0.043872334,3,165,union,16384,11,1.000000,1.000000,1.000000,{"1":11},1.000000,0.000000,0.000000,0.000000,1.000000,0.000000,-1.000000
0.043872334,3,165,snapshot,16384,12,1.000000,1.000000,1.000000,{"1":12},1.000000,0.000000,0.000000,0.000000,1.000000,0.000000,-1.000000
0.044181273,3,166,union,64,3,1.000000,1.000000,1.000000,{"1":3},1.000000,0.000000,0.000000,0.000000,1.000000,0.000000,-1.000000
0.044181273,3,166,snapshot,64,12,1.000000,1.000000,1.000000,{"1":12},1.000000,0.000000,0.000000,0.000000,1.000000,0.000000,-1.000000
0.044181273,3,166,union,256,3,1.000000,1.000000,1.000000,{"1":3},1.000000,0.000000,0.000000,0.000000,1.000000,0.000000,-1.000000
0.044181273,3,166,snapshot,256,12,1.000000,1.000000,1.000000,{"1":12},1.000000,0.000000,0.000000,0.000000,1.000000,0.000000,-1.000000
0.044181273,3,166,union,1024,3,1.000000,1.000000,1.000000,{"1":3},1.000000,0.000000,0.000000,0.000000,1.000000,0.000000,-1.000000
0.044181273,3,166,snapshot,1024,12,1.000000,1.000000,1.000000,{"1":12},1.000000,0.000000,0.000000,0.000000,1.000000,0.000000,-1.000000
0.044181273,3,166,union,4096,3,1.000000,1.000000,1.000000,{"1":3},1.000000,0.000000,0.000000,0.000000,1.000000,0.000000,-1.000000
0.044181273,3,166,snapshot,4096,12,1.000000,1.000000,1.000000,{"1":12},1.000000,0.000000,0.000000,0.000000,1.000000,0.000000,-1.000000
0.044181273,3,166,union,16384,3,1.000000,1.000000,1.000000,{"1":3},1.000000,0.000000,0.000000,0.000000,1.000000,0.000000,-1.000000
0.044181273,3,166,snapshot,16384,12,1.000000,1.000000,1.000000,{"1":12},1.000000,0.000000,0.000000,0.000000,1.000000,0.000000,-1.000000
0.044425425,3,167,read_only,64,15,1.000000,1.000000,1.000000,{"1":15},1.000000,0.000000,0.000000,0.000000,1.000000,0.000000,-1.000000
0.044425425,3,167,union,64,16,1.000000,1.000000,1.000000,{"1":16},1.000000,0.000000,0.000000,0.000000,1.000000,0.000000,-1.000000
0.044425425,3,167,snapshot,64,28,1.000000,1.000000,1.000000,{"1":28},1.000000,0.000000,0.000000,0.000000,1.000000,0.000000,-1.000000
0.044425425,3,167,read_only,256,15,1.000000,1.000000,1.000000,{"1":15},1.000000,0.000000,0.000000,0.000000,1.000000,0.000000,-1.000000
0.044425425,3,167,union,256,16,1.000000,1.000000,1.000000,{"1":16},1.000000,0.000000,0.000000,0.000000,1.000000,0.000000,-1.000000
0.044425425,3,167,snapshot,256,28,1.000000,1.000000,1.000000,{"1":28},1.000000,0.000000,0.000000,0.000000,1.000000,0.000000,-1.000000
0.044425425,3,167,read_only,1024,15,1.000000,1.000000,1.000000,{"1":15},1.000000,0.000000,0.000000,0.000000,1.000000,0.000000,-1.000000
0.044425425,3,167,union,1024,16,1.000000,1.000000,1.000000,{"1":16},1.000000,0.000000,0.000000,0.000000,1.000000,0.000000,-1.000000
0.044425425,3,167,snapshot,1024,28,1.000000,1.000000,1.000000,{"1":28},1.000000,0.000000,0.000000,0.000000,1.000000,0.000000,-1.000000
0.044425425,3,167,read_only,4096,15,1.000000,1.000000,1.000000,{"1":15},1.000000,0.000000,0.000000,0.000000,1.000000,0.000000,-1.000000
0.044425425,3,167,union,4096,16,1.000000,1.000000,1.000000,{"1":16},1.000000,0.000000,0.000000,0.000000,1.000000,0.000000,-1.000000
0.044425425,3,167,snapshot,4096,28,1.000000,1.000000,1.000000,{"1":28},1.000000,0.000000,0.000000,0.000000,1.000000,0.000000,-1.000000
0.044425425,3,167,read_only,16384,15,1.000000,1.000000,1.000000,{"1":15},1.000000,0.000000,0.000000,0.000000,1.000000,0.000000,-1.000000
0.044425425,3,167,union,16384,16,1.000000,1.000000,1.000000,{"1":16},1.000000,0.000000,0.000000,0.000000,1.000000,0.000000,-1.000000
0.044425425,3,167,snapshot,16384,28,1.000000,1.000000,1.000000,{"1":28},1.000000,0.000000,0.000000,0.000000,1.000000,0.000000,-1.000000
0.044707677,3,168,read_only,64,21,1.000000,1.000000,1.000000,{"1":20,"3":1},0.952381,0.000000,0.047619,0.000000,0.952381,0.047619,1.000000
0.044707677,3,168,union,64,22,1.000000,1.000000,1.000000,{"1":21,"3":1},0.954545,0.000000,0.045455,0.000000,0.954545,0.045455,1.000000
0.044707677,3,168,snapshot,64,50,1.000000,1.000000,1.000000,{"1":49,"3":1},0.980000,0.000000,0.020000,0.000000,0.980000,0.020000,1.000000
0.044707677,3,168,read_only,256,21,1.000000,1.000000,1.000000,{"1":20,"3":1},0.952381,0.000000,0.047619,0.000000,0.952381,0.047619,1.000000
0.044707677,3,168,union,256,22,1.000000,1.000000,1.000000,{"1":21,"3":1},0.954545,0.000000,0.045455,0.000000,0.954545,0.045455,1.000000
0.044707677,3,168,snapshot,256,50,1.000000,1.000000,1.000000,{"1":49,"3":1},0.980000,0.000000,0.020000,0.000000,0.980000,0.020000,1.000000
0.044707677,3,168,read_only,1024,21,1.000000,1.000000,1.000000,{"1":20,"3":1},0.952381,0.000000,0.047619,0.000000,0.952381,0.047619,1.000000
0.044707677,3,168,union,1024,22,1.000000,1.000000,1.000000,{"1":21,"3":1},0.954545,0.000000,0.045455,0.000000,0.954545,0.045455,1.000000
0.044707677,3,168,snapshot,1024,50,1.000000,1.000000,1.000000,{"1":49,"3":1},0.980000,0.000000,0.020000,0.000000,0.980000,0.020000,1.000000
0.044707677,3,168,read_only,4096,21,1.000000,1.000000,1.000000,{"1":20,"3":1},0.952381,0.000000,0.047619,0.000000,0.952381,0.047619,1.000000
0.044707677,3,168,union,4096,22,1.000000,1.000000,1.000000,{"1":21,"3":1},0.954545,0.000000,0.045455,0.000000,0.954545,0.045455,1.000000
0.044707677,3,168,snapshot,4096,50,1.000000,1.000000,1.000000,{"1":49,"3":1},0.980000,0.000000,0.020000,0.000000,0.980000,0.020000,1.000000
0.044707677,3,168,read_only,16384,21,1.000000,1.000000,1.000000,{"1":20,"3":1},0.952381,0.000000,0.047619,0.000000,0.952381,0.047619,1.000000
0.044707677,3,168,union,16384,22,1.000000,1.000000,1.000000,{"1":21,"3":1},0.954545,0.000000,0.045455,0.000000,0.954545,0.045455,1.000000
0.044707677,3,168,snapshot,16384,50,1.000000,1.000000,1.000000,{"1":49,"3":1},0.980000,0.000000,0.020000,0.000000,0.980000,0.020000,1.000000
0.045000609,3,169,read_only,64,1,1.000000,1.000000,1.000000,{"1":1},1.000000,0.000000,0.000000,0.000000,1.000000,0.000000,-1.000000
0.045000609,3,169,union,64,1,1.000000,1.000000,1.000000,{"1":1},1.000000,0.000000,0.000000,0.000000,1.000000,0.000000,-1.000000
0.045000609,3,169,snapshot,64,51,1.000000,1.000000,1.000000,{"1":50,"3":1},0.980392,0.000000,0.019608,0.000000,0.980392,0.019608,1.000000
0.045000609,3,169,read_only,256,1,1.000000,1.000000,1.000000,{"1":1},1.000000,0.000000,0.000000,0.000000,1.000000,0.000000,-1.000000
0.045000609,3,169,union,256,1,1.000000,1.000000,1.000000,{"1":1},1.000000,0.000000,0.000000,0.000000,1.000000,0.000000,-1.000000
0.045000609,3,169,snapshot,256,51,1.000000,1.000000,1.000000,{"1":50,"3":1},0.980392,0.000000,0.019608,0.000000,0.980392,0.019608,1.000000
0.045000609,3,169,read_only,1024,1,1.000000,1.000000,1.000000,{"1":1},1.000000,0.000000,0.000000,0.000000,1.000000,0.000000,-1.000000
0.045000609,3,169,union,1024,1,1.000000,1.000000,1.000000,{"1":1},1.000000,0.000000,0.000000,0.000000,1.000000,0.000000,-1.000000
0.045000609,3,169,snapshot,1024,51,1.000000,1.000000,1.000000,{"1":50,"3":1},0.980392,0.000000,0.019608,0.000000,0.980392,0.019608,1.000000
0.045000609,3,169,read_only,4096,1,1.000000,1.000000,1.000000,{"1":1},1.000000,0.000000,0.000000,0.000000,1.000000,0.000000,-1.000000
0.045000609,3,169,union,4096,1,1.000000,1.000000,1.000000,{"1":1},1.000000,0.000000,0.000000,0.000000,1.000000,0.000000,-1.000000
0.045000609,3,169,snapshot,4096,51,1.000000,1.000000,1.000000,{"1":50,"3":1},0.980392,0.000000,0.019608,0.000000,0.980392,0.019608,1.000000
0.045000609,3,169,read_only,16384,1,1.000000,1.000000,1.000000,{"1":1},1.000000,0.000000,0.000000,0.000000,1.000000,0.000000,-1.000000
0.045000609,3,169,union,16384,1,1.000000,1.000000,1.000000,{"1":1},1.000000,0.000000,0.000000,0.000000,1.000000,0.000000,-1.000000
0.045000609,3,169,snapshot,16384,51,1.000000,1.000000,1.000000,{"1":50,"3":1},0.980392,0.000000,0.019608,0.000000,0.980392,0.019608,1.000000
0.045340272,3,170,union,64,2,1.000000,1.000000,1.000000,{"1":2},1.000000,0.000000,0.000000,0.000000,1.000000,0.000000,-1.000000
0.045340272,3,170,snapshot,64,51,1.000000,1.000000,1.000000,{"1":51},1.000000,0.000000,0.000000,0.000000,1.000000,0.000000,-1.000000
0.045340272,3,170,union,256,2,1.000000,1.000000,1.000000,{"1":2},1.000000,0.000000,0.000000,0.000000,1.000000,0.000000,-1.000000
0.045340272,3,170,snapshot,256,51,1.000000,1.000000,1.000000,{"1":51},1.000000,0.000000,0.000000,0.000000,1.000000,0.000000,-1.000000
0.045340272,3,170,union,1024,2,1.000000,1.000000,1.000000,{"1":2},1.000000,0.000000,0.000000,0.000000,1.000000,0.000000,-1.000000
0.045340272,3,170,snapshot,1024,51,1.000000,1.000000,1.000000,{"1":51},1.000000,0.000000,0.000000,0.000000,1.000000,0.000000,-1.000000
0.045340272,3,170,union,4096,2,1.000000,1.000000,1.000000,{"1":2},1.000000,0.000000,0.000000,0.000000,1.000000,0.000000,-1.000000
0.045340272,3,170,snapshot,4096,51,1.000000,1.000000,1.000000,{"1":51},1.000000,0.000000,0.000000,0.000000,1.000000,0.000000,-1.000000
0.045340272,3,170,union,16384,2,1.000000,1.000000,1.000000,{"1":2},1.000000,0.000000,0.000000,0.000000,1.000000,0.000000,-1.000000
0.045340272,3,170,snapshot,16384,51,1.000000,1.000000,1.000000,{"1":51},1.000000,0.000000,0.000000,0.000000,1.000000,0.000000,-1.000000
0.045591039,3,171,snapshot,64,51,1.000000,1.000000,1.000000,{"1":51},1.000000,0.000000,0.000000,0.000000,1.000000,0.000000,-1.000000
0.045591039,3,171,snapshot,256,51,1.000000,1.000000,1.000000,{"1":51},1.000000,0.000000,0.000000,0.000000,1.000000,0.000000,-1.000000
0.045591039,3,171,snapshot,1024,51,1.000000,1.000000,1.000000,{"1":51},1.000000,0.000000,0.000000,0.000000,1.000000,0.000000,-1.000000
0.045591039,3,171,snapshot,4096,51,1.000000,1.000000,1.000000,{"1":51},1.000000,0.000000,0.000000,0.000000,1.000000,0.000000,-1.000000
0.045591039,3,171,snapshot,16384,51,1.000000,1.000000,1.000000,{"1":51},1.000000,0.000000,0.000000,0.000000,1.000000,0.000000,-1.000000
0.045829083,3,172,read_only,64,1,1.000000,1.000000,1.000000,{"1":1},1.000000,0.000000,0.000000,0.000000,1.000000,0.000000,-1.000000
0.045829083,3,172,union,64,4,1.000000,1.000000,1.000000,{"1":4},1.000000,0.000000,0.000000,0.000000,1.000000,0.000000,-1.000000
0.045829083,3,172,snapshot,64,54,1.000000,1.000000,1.000000,{"1":54},1.000000,0.000000,0.000000,0.000000,1.000000,0.000000,-1.000000
0.045829083,3,172,read_only,256,1,1.000000,1.000000,1.000000,{"1":1},1.000000,0.000000,0.000000,0.000000,1.000000,0.000000,-1.000000
0.045829083,3,172,union,256,4,1.000000,1.000000,1.000000,{"1":4},1.000000,0.000000,0.000000,0.000000,1.000000,0.000000,-1.000000
0.045829083,3,172,snapshot,256,54,1.000000,1.000000,1.000000,{"1":54},1.000000,0.000000,0.000000,0.000000,1.000000,0.000000,-1.000000
0.045829083,3,172,read_only,1024,1,1.000000,1.000000,1.000000,{"1":1},1.000000,0.000000,0.000000,0.000000,1.000000,0.000000,-1.000000
0.045829083,3,172,union,1024,4,1.000000,1.000000,1.000000,{"1":4},1.000000,0.000000,0.000000,0.000000,1.000000,0.000000,-1.000000
0.045829083,3,172,snapshot,1024,54,1.000000,1.000000,1.000000,{"1":54},1.000000,0.000000,0.000000,0.000000,1.000000,0.000000,-1.000000
0.045829083,3,172,read_only,4096,1,1.000000,1.000000,1.000000,{"1":1},1.000000,0.000000,0.000000,0.000000,1.000000,0.000000,-1.000000
0.045829083,3,172,union,4096,4,1.000000,1.000000,1.000000,{"1":4},1.000000,0.000000,0.000000,0.000000,1.000000,0.000000,-1.000000
0.045829083,3,172,snapshot,4096,54,1.000000,1.000000,1.000000,{"1":54},1.000000,0.000000,0.000000,0.000000,1.000000,0.000000,-1.000000
0.045829083,3,172,read_only,16384,1,1.000000,1.000000,1.000000,{"1":1},1.000000,0.000000,0.000000,0.000000,1.000000,0.000000,-1.000000
0.045829083,3,172,union,16384,4,1.000000,1.000000,1.000000,{"1":4},1.000000,0.000000,0.000000,0.000000,1.000000,0.000000,-1.000000
0.045829083,3,172,snapshot,16384,54,1.000000,1.000000,1.000000,{"1":54},1.000000,0.000000,0.000000,0.000000,1.000000,0.000000,-1.000000
0.046059855,3,173,union,64,1,1.000000,1.000000,1.000000,{"1":1},1.000000,0.000000,0.000000,0.000000,1.000000,0.000000,-1.000000
0.046059855,3,173,snapshot,64,54,1.000000,1.000000,1.000000,{"1":54},1.000000,0.000000,0.000000,0.000000,1.000000,0.000000,-1.000000
0.046059855,3,173,union,256,1,1.000000,1.000000,1.000000,{"1":1},1.000000,0.000000,0.000000,0.000000,1.000000,0.000000,-1.000000
0.046059855,3,173,snapshot,256,54,1.000000,1.000000,1.000000,{"1":54},1.000000,0.000000,0.000000,0.000000,1.000000,0.000000,-1.000000
0.046059855,3,173,union,1024,1,1.000000,1.000000,1.000000,{"1":1},1.000000,0.000000,0.000000,0.000000,1.000000,0.000000,-1.000000
0.046059855,3,173,snapshot,1024,54,1.000000,1.000000,1.000000,{"1":54},1.000000,0.000000,0.000000,0.000000,1.000000,0.000000,-1.000000
0.046059855,3,173,union,4096,1,1.000000,1.000000,1.000000,{"1":1},1.000000,0.000000,0.000000,0.000000,1.000000,0.000000,-1.000000
0.046059855,3,173,snapshot,4096,54,1.000000,1.000000,1.000000,{"1":54},1.000000,0.000000,0.000000,0.000000,1.000000,0.000000,-1.000000
0.046059855,3,173,union,16384,1,1.000000,1.000000,1.000000,{"1":1},1.000000,0.000000,0.000000,0.000000,1.000000,0.000000,-1.000000
0.046059855,3,173,snapshot,16384,54,1.000000,1.000000,1.000000,{"1":54},1.000000,0.000000,0.000000,0.000000,1.000000,0.000000,-1.000000
