sim_time,gpu_id,kernel_id,view,region_size_bytes,num_regions_with_entries,strict_coalescable_ratio,avg_relaxed_ratio,full_redundant_ratio,sharer_set_cardinality_dist_json,reg_card1_ratio,reg_card2_ratio,reg_card3_ratio,reg_card4plus_ratio,coalescable_private_ratio,coalescable_shared_ratio,shared_only_strict_ratio
0.000417607,2,0,union,64,1,1.000000,1.000000,1.000000,{"1":1},1.000000,0.000000,0.000000,0.000000,1.000000,0.000000,-1.000000
0.000417607,2,0,snapshot,64,1,1.000000,1.000000,1.000000,{"1":1},1.000000,0.000000,0.000000,0.000000,1.000000,0.000000,-1.000000
0.000417607,2,0,union,256,1,1.000000,1.000000,1.000000,{"1":1},1.000000,0.000000,0.000000,0.000000,1.000000,0.000000,-1.000000
0.000417607,2,0,snapshot,256,1,1.000000,1.000000,1.000000,{"1":1},1.000000,0.000000,0.000000,0.000000,1.000000,0.000000,-1.000000
0.000417607,2,0,union,1024,1,1.000000,1.000000,1.000000,{"1":1},1.000000,0.000000,0.000000,0.000000,1.000000,0.000000,-1.000000
0.000417607,2,0,snapshot,1024,1,1.000000,1.000000,1.000000,{"1":1},1.000000,0.000000,0.000000,0.000000,1.000000,0.000000,-1.000000
0.000417607,2,0,union,4096,1,1.000000,1.000000,1.000000,{"1":1},1.000000,0.000000,0.000000,0.000000,1.000000,0.000000,-1.000000
0.000417607,2,0,snapshot,4096,1,1.000000,1.000000,1.000000,{"1":1},1.000000,0.000000,0.000000,0.000000,1.000000,0.000000,-1.000000
0.000417607,2,0,union,16384,1,1.000000,1.000000,1.000000,{"1":1},1.000000,0.000000,0.000000,0.000000,1.000000,0.000000,-1.000000
0.000417607,2,0,snapshot,16384,1,1.000000,1.000000,1.000000,{"1":1},1.000000,0.000000,0.000000,0.000000,1.000000,0.000000,-1.000000
0.000655968,2,1,snapshot,64,1,1.000000,1.000000,1.000000,{"1":1},1.000000,0.000000,0.000000,0.000000,1.000000,0.000000,-1.000000
0.000655968,2,1,snapshot,256,1,1.000000,1.000000,1.000000,{"1":1},1.000000,0.000000,0.000000,0.000000,1.000000,0.000000,-1.000000
0.000655968,2,1,snapshot,1024,1,1.000000,1.000000,1.000000,{"1":1},1.000000,0.000000,0.000000,0.000000,1.000000,0.000000,-1.000000
0.000655968,2,1,snapshot,4096,1,1.000000,1.000000,1.000000,{"1":1},1.000000,0.000000,0.000000,0.000000,1.000000,0.000000,-1.000000
0.000655968,2,1,snapshot,16384,1,1.000000,1.000000,1.000000,{"1":1},1.000000,0.000000,0.000000,0.000000,1.000000,0.000000,-1.000000
0.000936004,2,2,read_only,64,42,1.000000,1.000000,1.000000,{"1":42},1.000000,0.000000,0.000000,0.000000,1.000000,0.000000,-1.000000
0.000936004,2,2,union,64,42,1.000000,1.000000,1.000000,{"1":42},1.000000,0.000000,0.000000,0.000000,1.000000,0.000000,-1.000000
0.000936004,2,2,snapshot,64,43,1.000000,1.000000,1.000000,{"1":43},1.000000,0.000000,0.000000,0.000000,1.000000,0.000000,-1.000000
0.000936004,2,2,read_only,256,42,1.000000,1.000000,1.000000,{"1":42},1.000000,0.000000,0.000000,0.000000,1.000000,0.000000,-1.000000
0.000936004,2,2,union,256,42,1.000000,1.000000,1.000000,{"1":42},1.000000,0.000000,0.000000,0.000000,1.000000,0.000000,-1.000000
0.000936004,2,2,snapshot,256,43,1.000000,1.000000,1.000000,{"1":43},1.000000,0.000000,0.000000,0.000000,1.000000,0.000000,-1.000000
0.000936004,2,2,read_only,1024,42,1.000000,1.000000,1.000000,{"1":42},1.000000,0.000000,0.000000,0.000000,1.000000,0.000000,-1.000000
0.000936004,2,2,union,1024,42,1.000000,1.000000,1.000000,{"1":42},1.000000,0.000000,0.000000,0.000000,1.000000,0.000000,-1.000000
0.000936004,2,2,snapshot,1024,43,1.000000,1.000000,1.000000,{"1":43},1.000000,0.000000,0.000000,0.000000,1.000000,0.000000,-1.000000
0.000936004,2,2,read_only,4096,42,1.000000,1.000000,1.000000,{"1":42},1.000000,0.000000,0.000000,0.000000,1.000000,0.000000,-1.000000
0.000936004,2,2,union,4096,42,1.000000,1.000000,1.000000,{"1":42},1.000000,0.000000,0.000000,0.000000,1.000000,0.000000,-1.000000
0.000936004,2,2,snapshot,4096,43,1.000000,1.000000,1.000000,{"1":43},1.000000,0.000000,0.000000,0.000000,1.000000,0.000000,-1.000000
0.000936004,2,2,read_only,16384,42,1.000000,1.000000,1.000000,{"1":42},1.000000,0.000000,0.000000,0.000000,1.000000,0.000000,-1.000000
0.000936004,2,2,union,16384,42,1.000000,1.000000,1.000000,{"1":42},1.000000,0.000000,0.000000,0.000000,1.000000,0.000000,-1.000000
0.000936004,2,2,snapshot,16384,43,1.000000,1.000000,1.000000,{"1":43},1.000000,0.000000,0.000000,0.000000,1.000000,0.000000,-1.000000
0.001177150,2,3,snapshot,64,43,1.000000,1.000000,1.000000,{"1":43},1.000000,0.000000,0.000000,0.000000,1.000000,0.000000,-1.000000
0.001177150,2,3,snapshot,256,43,1.000000,1.000000,1.000000,{"1":43},1.000000,0.000000,0.000000,0.000000,1.000000,0.000000,-1.000000
0.001177150,2,3,snapshot,1024,43,1.000000,1.000000,1.000000,{"1":43},1.000000,0.000000,0.000000,0.000000,1.000000,0.000000,-1.000000
0.001177150,2,3,snapshot,4096,43,1.000000,1.000000,1.000000,{"1":43},1.000000,0.000000,0.000000,0.000000,1.000000,0.000000,-1.000000
0.001177150,2,3,snapshot,16384,43,1.000000,1.000000,1.000000,{"1":43},1.000000,0.000000,0.000000,0.000000,1.000000,0.000000,-1.000000
0.001413109,2,4,snapshot,64,43,1.000000,1.000000,1.000000,{"1":43},1.000000,0.000000,0.000000,0.000000,1.000000,0.000000,-1.000000
0.001413109,2,4,snapshot,256,43,1.000000,1.000000,1.000000,{"1":43},1.000000,0.000000,0.000000,0.000000,1.000000,0.000000,-1.000000
0.001413109,2,4,snapshot,1024,43,1.000000,1.000000,1.000000,{"1":43},1.000000,0.000000,0.000000,0.000000,1.000000,0.000000,-1.000000
0.001413109,2,4,snapshot,4096,43,1.000000,1.000000,1.000000,{"1":43},1.000000,0.000000,0.000000,0.000000,1.000000,0.000000,-1.000000
0.001413109,2,4,snapshot,16384,43,1.000000,1.000000,1.000000,{"1":43},1.000000,0.000000,0.000000,0.000000,1.000000,0.000000,-1.000000
0.002432423,2,5,snapshot,64,43,1.000000,1.000000,1.000000,{"1":43},1.000000,0.000000,0.000000,0.000000,1.000000,0.000000,-1.000000
0.002432423,2,5,snapshot,256,43,1.000000,1.000000,1.000000,{"1":43},1.000000,0.000000,0.000000,0.000000,1.000000,0.000000,-1.000000
0.002432423,2,5,snapshot,1024,43,1.000000,1.000000,1.000000,{"1":43},1.000000,0.000000,0.000000,0.000000,1.000000,0.000000,-1.000000
0.002432423,2,5,snapshot,4096,43,1.000000,1.000000,1.000000,{"1":43},1.000000,0.000000,0.000000,0.000000,1.000000,0.000000,-1.000000
0.002432423,2,5,snapshot,16384,43,1.000000,1.000000,1.000000,{"1":43},1.000000,0.000000,0.000000,0.000000,1.000000,0.000000,-1.000000
0.002664591,2,6,snapshot,64,43,1.000000,1.000000,1.000000,{"1":43},1.000000,0.000000,0.000000,0.000000,1.000000,0.000000,-1.000000
0.002664591,2,6,snapshot,256,43,1.000000,1.000000,1.000000,{"1":43},1.000000,0.000000,0.000000,0.000000,1.000000,0.000000,-1.000000
0.002664591,2,6,snapshot,1024,43,1.000000,1.000000,1.000000,{"1":43},1.000000,0.000000,0.000000,0.000000,1.000000,0.000000,-1.000000
0.002664591,2,6,snapshot,4096,43,1.000000,1.000000,1.000000,{"1":43},1.000000,0.000000,0.000000,0.000000,1.000000,0.000000,-1.000000
0.002664591,2,6,snapshot,16384,43,1.000000,1.000000,1.000000,{"1":43},1.000000,0.000000,0.000000,0.000000,1.000000,0.000000,-1.000000
0.002899468,2,7,read_only,64,3,1.000000,1.000000,1.000000,{"1":3},1.000000,0.000000,0.000000,0.000000,1.000000,0.000000,-1.000000
0.002899468,2,7,union,64,3,1.000000,1.000000,1.000000,{"1":3},1.000000,0.000000,0.000000,0.000000,1.000000,0.000000,-1.000000
0.002899468,2,7,snapshot,64,46,1.000000,1.000000,1.000000,{"1":46},1.000000,0.000000,0.000000,0.000000,1.000000,0.000000,-1.000000
0.002899468,2,7,read_only,256,3,1.000000,1.000000,1.000000,{"1":3},1.000000,0.000000,0.000000,0.000000,1.000000,0.000000,-1.000000
0.002899468,2,7,union,256,3,1.000000,1.000000,1.000000,{"1":3},1.000000,0.000000,0.000000,0.000000,1.000000,0.000000,-1.000000
0.002899468,2,7,snapshot,256,46,1.000000,1.000000,1.000000,{"1":46},1.000000,0.000000,0.000000,0.000000,1.000000,0.000000,-1.000000
0.002899468,2,7,read_only,1024,3,1.000000,1.000000,1.000000,{"1":3},1.000000,0.000000,0.000000,0.000000,1.000000,0.000000,-1.000000
0.002899468,2,7,union,1024,3,1.000000,1.000000,1.000000,{"1":3},1.000000,0.000000,0.000000,0.000000,1.000000,0.000000,-1.000000
0.002899468,2,7,snapshot,1024,46,1.000000,1.000000,1.000000,{"1":46},1.000000,0.000000,0.000000,0.000000,1.000000,0.000000,-1.000000
0.002899468,2,7,read_only,4096,3,1.000000,1.000000,1.000000,{"1":3},1.000000,0.000000,0.000000,0.000000,1.000000,0.000000,-1.000000
0.002899468,2,7,union,4096,3,1.000000,1.000000,1.000000,{"1":3},1.000000,0.000000,0.000000,0.000000,1.000000,0.000000,-1.000000
0.002899468,2,7,snapshot,4096,46,1.000000,1.000000,1.000000,{"1":46},1.000000,0.000000,0.000000,0.000000,1.000000,0.000000,-1.000000
0.002899468,2,7,read_only,16384,3,1.000000,1.000000,1.000000,{"1":3},1.000000,0.000000,0.000000,0.000000,1.000000,0.000000,-1.000000
0.002899468,2,7,union,16384,3,1.000000,1.000000,1.000000,{"1":3},1.000000,0.000000,0.000000,0.000000,1.000000,0.000000,-1.000000
0.002899468,2,7,snapshot,16384,46,1.000000,1.000000,1.000000,{"1":46},1.000000,0.000000,0.000000,0.000000,1.000000,0.000000,-1.000000
0.003132925,2,8,snapshot,64,46,1.000000,1.000000,1.000000,{"1":46},1.000000,0.000000,0.000000,0.000000,1.000000,0.000000,-1.000000
0.003132925,2,8,snapshot,256,46,1.000000,1.000000,1.000000,{"1":46},1.000000,0.000000,0.000000,0.000000,1.000000,0.000000,-1.000000
0.003132925,2,8,snapshot,1024,46,1.000000,1.000000,1.000000,{"1":46},1.000000,0.000000,0.000000,0.000000,1.000000,0.000000,-1.000000
0.003132925,2,8,snapshot,4096,46,1.000000,1.000000,1.000000,{"1":46},1.000000,0.000000,0.000000,0.000000,1.000000,0.000000,-1.000000
0.003132925,2,8,snapshot,16384,46,1.000000,1.000000,1.000000,{"1":46},1.000000,0.000000,0.000000,0.000000,1.000000,0.000000,-1.000000
0.003370287,2,9,snapshot,64,46,1.000000,1.000000,1.000000,{"1":46},1.000000,0.000000,0.000000,0.000000,1.000000,0.000000,-1.000000
0.003370287,2,9,snapshot,256,46,1.000000,1.000000,1.000000,{"1":46},1.000000,0.000000,0.000000,0.000000,1.000000,0.000000,-1.000000
0.003370287,2,9,snapshot,1024,46,1.000000,1.000000,1.000000,{"1":46},1.000000,0.000000,0.000000,0.000000,1.000000,0.000000,-1.000000
0.003370287,2,9,snapshot,4096,46,1.000000,1.000000,1.000000,{"1":46},1.000000,0.000000,0.000000,0.000000,1.000000,0.000000,-1.000000
0.003370287,2,9,snapshot,16384,46,1.000000,1.000000,1.000000,{"1":46},1.000000,0.000000,0.000000,0.000000,1.000000,0.000000,-1.000000
0.003622933,2,10,read_only,64,1,1.000000,1.000000,1.000000,{"1":1},1.000000,0.000000,0.000000,0.000000,1.000000,0.000000,-1.000000
0.003622933,2,10,union,64,2,1.000000,1.000000,1.000000,{"1":2},1.000000,0.000000,0.000000,0.000000,1.000000,0.000000,-1.000000
0.003622933,2,10,snapshot,64,48,1.000000,1.000000,1.000000,{"1":48},1.000000,0.000000,0.000000,0.000000,1.000000,0.000000,-1.000000
0.003622933,2,10,read_only,256,1,1.000000,1.000000,1.000000,{"1":1},1.000000,0.000000,0.000000,0.000000,1.000000,0.000000,-1.000000
0.003622933,2,10,union,256,2,1.000000,1.000000,1.000000,{"1":2},1.000000,0.000000,0.000000,0.000000,1.000000,0.000000,-1.000000
0.003622933,2,10,snapshot,256,48,1.000000,1.000000,1.000000,{"1":48},1.000000,0.000000,0.000000,0.000000,1.000000,0.000000,-1.000000
0.003622933,2,10,read_only,1024,1,1.000000,1.000000,1.000000,{"1":1},1.000000,0.000000,0.000000,0.000000,1.000000,0.000000,-1.000000
0.003622933,2,10,union,1024,2,1.000000,1.000000,1.000000,{"1":2},1.000000,0.000000,0.000000,0.000000,1.000000,0.000000,-1.000000
0.003622933,2,10,snapshot,1024,48,1.000000,1.000000,1.000000,{"1":48},1.000000,0.000000,0.000000,0.000000,1.000000,0.000000,-1.000000
0.003622933,2,10,read_only,4096,1,1.000000,1.000000,1.000000,{"1":1},1.000000,0.000000,0.000000,0.000000,1.000000,0.000000,-1.000000
0.003622933,2,10,union,4096,2,1.000000,1.000000,1.000000,{"1":2},1.000000,0.000000,0.000000,0.000000,1.000000,0.000000,-1.000000
0.003622933,2,10,snapshot,4096,48,1.000000,1.000000,1.000000,{"1":48},1.000000,0.000000,0.000000,0.000000,1.000000,0.000000,-1.000000
0.003622933,2,10,read_only,16384,1,1.000000,1.000000,1.000000,{"1":1},1.000000,0.000000,0.000000,0.000000,1.000000,0.000000,-1.000000
0.003622933,2,10,union,16384,2,1.000000,1.000000,1.000000,{"1":2},1.000000,0.000000,0.000000,0.000000,1.000000,0.000000,-1.000000
0.003622933,2,10,snapshot,16384,48,1.000000,1.000000,1.000000,{"1":48},1.000000,0.000000,0.000000,0.000000,1.000000,0.000000,-1.000000
0.003856919,2,11,snapshot,64,48,1.000000,1.000000,1.000000,{"1":48},1.000000,0.000000,0.000000,0.000000,1.000000,0.000000,-1.000000
0.003856919,2,11,snapshot,256,48,1.000000,1.000000,1.000000,{"1":48},1.000000,0.000000,0.000000,0.000000,1.000000,0.000000,-1.000000
0.003856919,2,11,snapshot,1024,48,1.000000,1.000000,1.000000,{"1":48},1.000000,0.000000,0.000000,0.000000,1.000000,0.000000,-1.000000
0.003856919,2,11,snapshot,4096,48,1.000000,1.000000,1.000000,{"1":48},1.000000,0.000000,0.000000,0.000000,1.000000,0.000000,-1.000000
0.003856919,2,11,snapshot,16384,48,1.000000,1.000000,1.000000,{"1":48},1.000000,0.000000,0.000000,0.000000,1.000000,0.000000,-1.000000
0.004089065,2,12,snapshot,64,48,1.000000,1.000000,1.000000,{"1":48},1.000000,0.000000,0.000000,0.000000,1.000000,0.000000,-1.000000
0.004089065,2,12,snapshot,256,48,1.000000,1.000000,1.000000,{"1":48},1.000000,0.000000,0.000000,0.000000,1.000000,0.000000,-1.000000
0.004089065,2,12,snapshot,1024,48,1.000000,1.000000,1.000000,{"1":48},1.000000,0.000000,0.000000,0.000000,1.000000,0.000000,-1.000000
0.004089065,2,12,snapshot,4096,48,1.000000,1.000000,1.000000,{"1":48},1.000000,0.000000,0.000000,0.000000,1.000000,0.000000,-1.000000
0.004089065,2,12,snapshot,16384,48,1.000000,1.000000,1.000000,{"1":48},1.000000,0.000000,0.000000,0.000000,1.000000,0.000000,-1.000000
0.004499301,2,13,snapshot,64,48,1.000000,1.000000,1.000000,{"1":48},1.000000,0.000000,0.000000,0.000000,1.000000,0.000000,-1.000000
0.004499301,2,13,snapshot,256,48,1.000000,1.000000,1.000000,{"1":48},1.000000,0.000000,0.000000,0.000000,1.000000,0.000000,-1.000000
0.004499301,2,13,snapshot,1024,48,1.000000,1.000000,1.000000,{"1":48},1.000000,0.000000,0.000000,0.000000,1.000000,0.000000,-1.000000
0.004499301,2,13,snapshot,4096,48,1.000000,1.000000,1.000000,{"1":48},1.000000,0.000000,0.000000,0.000000,1.000000,0.000000,-1.000000
0.004499301,2,13,snapshot,16384,48,1.000000,1.000000,1.000000,{"1":48},1.000000,0.000000,0.000000,0.000000,1.000000,0.000000,-1.000000
0.004732063,2,14,snapshot,64,48,1.000000,1.000000,1.000000,{"1":48},1.000000,0.000000,0.000000,0.000000,1.000000,0.000000,-1.000000
0.004732063,2,14,snapshot,256,48,1.000000,1.000000,1.000000,{"1":48},1.000000,0.000000,0.000000,0.000000,1.000000,0.000000,-1.000000
0.004732063,2,14,snapshot,1024,48,1.000000,1.000000,1.000000,{"1":48},1.000000,0.000000,0.000000,0.000000,1.000000,0.000000,-1.000000
0.004732063,2,14,snapshot,4096,48,1.000000,1.000000,1.000000,{"1":48},1.000000,0.000000,0.000000,0.000000,1.000000,0.000000,-1.000000
0.004732063,2,14,snapshot,16384,48,1.000000,1.000000,1.000000,{"1":48},1.000000,0.000000,0.000000,0.000000,1.000000,0.000000,-1.000000
0.004968200,2,15,snapshot,64,48,1.000000,1.000000,1.000000,{"1":48},1.000000,0.000000,0.000000,0.000000,1.000000,0.000000,-1.000000
0.004968200,2,15,snapshot,256,48,1.000000,1.000000,1.000000,{"1":48},1.000000,0.000000,0.000000,0.000000,1.000000,0.000000,-1.000000
0.004968200,2,15,snapshot,1024,48,1.000000,1.000000,1.000000,{"1":48},1.000000,0.000000,0.000000,0.000000,1.000000,0.000000,-1.000000
0.004968200,2,15,snapshot,4096,48,1.000000,1.000000,1.000000,{"1":48},1.000000,0.000000,0.000000,0.000000,1.000000,0.000000,-1.000000
0.004968200,2,15,snapshot,16384,48,1.000000,1.000000,1.000000,{"1":48},1.000000,0.000000,0.000000,0.000000,1.000000,0.000000,-1.000000
0.005200349,2,16,snapshot,64,48,1.000000,1.000000,1.000000,{"1":48},1.000000,0.000000,0.000000,0.000000,1.000000,0.000000,-1.000000
0.005200349,2,16,snapshot,256,48,1.000000,1.000000,1.000000,{"1":48},1.000000,0.000000,0.000000,0.000000,1.000000,0.000000,-1.000000
0.005200349,2,16,snapshot,1024,48,1.000000,1.000000,1.000000,{"1":48},1.000000,0.000000,0.000000,0.000000,1.000000,0.000000,-1.000000
0.005200349,2,16,snapshot,4096,48,1.000000,1.000000,1.000000,{"1":48},1.000000,0.000000,0.000000,0.000000,1.000000,0.000000,-1.000000
0.005200349,2,16,snapshot,16384,48,1.000000,1.000000,1.000000,{"1":48},1.000000,0.000000,0.000000,0.000000,1.000000,0.000000,-1.000000
0.005432495,2,17,snapshot,64,48,1.000000,1.000000,1.000000,{"1":48},1.000000,0.000000,0.000000,0.000000,1.000000,0.000000,-1.000000
0.005432495,2,17,snapshot,256,48,1.000000,1.000000,1.000000,{"1":48},1.000000,0.000000,0.000000,0.000000,1.000000,0.000000,-1.000000
0.005432495,2,17,snapshot,1024,48,1.000000,1.000000,1.000000,{"1":48},1.000000,0.000000,0.000000,0.000000,1.000000,0.000000,-1.000000
0.005432495,2,17,snapshot,4096,48,1.000000,1.000000,1.000000,{"1":48},1.000000,0.000000,0.000000,0.000000,1.000000,0.000000,-1.000000
0.005432495,2,17,snapshot,16384,48,1.000000,1.000000,1.000000,{"1":48},1.000000,0.000000,0.000000,0.000000,1.000000,0.000000,-1.000000
0.005672291,2,18,snapshot,64,48,1.000000,1.000000,1.000000,{"1":48},1.000000,0.000000,0.000000,0.000000,1.000000,0.000000,-1.000000
0.005672291,2,18,snapshot,256,48,1.000000,1.000000,1.000000,{"1":48},1.000000,0.000000,0.000000,0.000000,1.000000,0.000000,-1.000000
0.005672291,2,18,snapshot,1024,48,1.000000,1.000000,1.000000,{"1":48},1.000000,0.000000,0.000000,0.000000,1.000000,0.000000,-1.000000
0.005672291,2,18,snapshot,4096,48,1.000000,1.000000,1.000000,{"1":48},1.000000,0.000000,0.000000,0.000000,1.000000,0.000000,-1.000000
0.005672291,2,18,snapshot,16384,48,1.000000,1.000000,1.000000,{"1":48},1.000000,0.000000,0.000000,0.000000,1.000000,0.000000,-1.000000
0.005907050,2,19,snapshot,64,48,1.000000,1.000000,1.000000,{"1":48},1.000000,0.000000,0.000000,0.000000,1.000000,0.000000,-1.000000
0.005907050,2,19,snapshot,256,48,1.000000,1.000000,1.000000,{"1":48},1.000000,0.000000,0.000000,0.000000,1.000000,0.000000,-1.000000
0.005907050,2,19,snapshot,1024,48,1.000000,1.000000,1.000000,{"1":48},1.000000,0.000000,0.000000,0.000000,1.000000,0.000000,-1.000000
0.005907050,2,19,snapshot,4096,48,1.000000,1.000000,1.000000,{"1":48},1.000000,0.000000,0.000000,0.000000,1.000000,0.000000,-1.000000
0.005907050,2,19,snapshot,16384,48,1.000000,1.000000,1.000000,{"1":48},1.000000,0.000000,0.000000,0.000000,1.000000,0.000000,-1.000000
0.006140309,2,20,snapshot,64,48,1.000000,1.000000,1.000000,{"1":48},1.000000,0.000000,0.000000,0.000000,1.000000,0.000000,-1.000000
0.006140309,2,20,snapshot,256,48,1.000000,1.000000,1.000000,{"1":48},1.000000,0.000000,0.000000,0.000000,1.000000,0.000000,-1.000000
0.006140309,2,20,snapshot,1024,48,1.000000,1.000000,1.000000,{"1":48},1.000000,0.000000,0.000000,0.000000,1.000000,0.000000,-1.000000
0.006140309,2,20,snapshot,4096,48,1.000000,1.000000,1.000000,{"1":48},1.000000,0.000000,0.000000,0.000000,1.000000,0.000000,-1.000000
0.006140309,2,20,snapshot,16384,48,1.000000,1.000000,1.000000,{"1":48},1.000000,0.000000,0.000000,0.000000,1.000000,0.000000,-1.000000
0.006450206,2,21,snapshot,64,48,1.000000,1.000000,1.000000,{"1":48},1.000000,0.000000,0.000000,0.000000,1.000000,0.000000,-1.000000
0.006450206,2,21,snapshot,256,48,1.000000,1.000000,1.000000,{"1":48},1.000000,0.000000,0.000000,0.000000,1.000000,0.000000,-1.000000
0.006450206,2,21,snapshot,1024,48,1.000000,1.000000,1.000000,{"1":48},1.000000,0.000000,0.000000,0.000000,1.000000,0.000000,-1.000000
0.006450206,2,21,snapshot,4096,48,1.000000,1.000000,1.000000,{"1":48},1.000000,0.000000,0.000000,0.000000,1.000000,0.000000,-1.000000
0.006450206,2,21,snapshot,16384,48,1.000000,1.000000,1.000000,{"1":48},1.000000,0.000000,0.000000,0.000000,1.000000,0.000000,-1.000000
0.006682379,2,22,snapshot,64,48,1.000000,1.000000,1.000000,{"1":48},1.000000,0.000000,0.000000,0.000000,1.000000,0.000000,-1.000000
0.006682379,2,22,snapshot,256,48,1.000000,1.000000,1.000000,{"1":48},1.000000,0.000000,0.000000,0.000000,1.000000,0.000000,-1.000000
0.006682379,2,22,snapshot,1024,48,1.000000,1.000000,1.000000,{"1":48},1.000000,0.000000,0.000000,0.000000,1.000000,0.000000,-1.000000
0.006682379,2,22,snapshot,4096,48,1.000000,1.000000,1.000000,{"1":48},1.000000,0.000000,0.000000,0.000000,1.000000,0.000000,-1.000000
0.006682379,2,22,snapshot,16384,48,1.000000,1.000000,1.000000,{"1":48},1.000000,0.000000,0.000000,0.000000,1.000000,0.000000,-1.000000
0.006915486,2,23,snapshot,64,48,1.000000,1.000000,1.000000,{"1":48},1.000000,0.000000,0.000000,0.000000,1.000000,0.000000,-1.000000
0.006915486,2,23,snapshot,256,48,1.000000,1.000000,1.000000,{"1":48},1.000000,0.000000,0.000000,0.000000,1.000000,0.000000,-1.000000
0.006915486,2,23,snapshot,1024,48,1.000000,1.000000,1.000000,{"1":48},1.000000,0.000000,0.000000,0.000000,1.000000,0.000000,-1.000000
0.006915486,2,23,snapshot,4096,48,1.000000,1.000000,1.000000,{"1":48},1.000000,0.000000,0.000000,0.000000,1.000000,0.000000,-1.000000
0.006915486,2,23,snapshot,16384,48,1.000000,1.000000,1.000000,{"1":48},1.000000,0.000000,0.000000,0.000000,1.000000,0.000000,-1.000000
0.007148671,2,24,snapshot,64,48,1.000000,1.000000,1.000000,{"1":48},1.000000,0.000000,0.000000,0.000000,1.000000,0.000000,-1.000000
0.007148671,2,24,snapshot,256,48,1.000000,1.000000,1.000000,{"1":48},1.000000,0.000000,0.000000,0.000000,1.000000,0.000000,-1.000000
0.007148671,2,24,snapshot,1024,48,1.000000,1.000000,1.000000,{"1":48},1.000000,0.000000,0.000000,0.000000,1.000000,0.000000,-1.000000
0.007148671,2,24,snapshot,4096,48,1.000000,1.000000,1.000000,{"1":48},1.000000,0.000000,0.000000,0.000000,1.000000,0.000000,-1.000000
0.007148671,2,24,snapshot,16384,48,1.000000,1.000000,1.000000,{"1":48},1.000000,0.000000,0.000000,0.000000,1.000000,0.000000,-1.000000
0.007384478,2,25,snapshot,64,48,1.000000,1.000000,1.000000,{"1":48},1.000000,0.000000,0.000000,0.000000,1.000000,0.000000,-1.000000
0.007384478,2,25,snapshot,256,48,1.000000,1.000000,1.000000,{"1":48},1.000000,0.000000,0.000000,0.000000,1.000000,0.000000,-1.000000
0.007384478,2,25,snapshot,1024,48,1.000000,1.000000,1.000000,{"1":48},1.000000,0.000000,0.000000,0.000000,1.000000,0.000000,-1.000000
0.007384478,2,25,snapshot,4096,48,1.000000,1.000000,1.000000,{"1":48},1.000000,0.000000,0.000000,0.000000,1.000000,0.000000,-1.000000
0.007384478,2,25,snapshot,16384,48,1.000000,1.000000,1.000000,{"1":48},1.000000,0.000000,0.000000,0.000000,1.000000,0.000000,-1.000000
0.007618415,2,26,snapshot,64,48,1.000000,1.000000,1.000000,{"1":48},1.000000,0.000000,0.000000,0.000000,1.000000,0.000000,-1.000000
0.007618415,2,26,snapshot,256,48,1.000000,1.000000,1.000000,{"1":48},1.000000,0.000000,0.000000,0.000000,1.000000,0.000000,-1.000000
0.007618415,2,26,snapshot,1024,48,1.000000,1.000000,1.000000,{"1":48},1.000000,0.000000,0.000000,0.000000,1.000000,0.000000,-1.000000
0.007618415,2,26,snapshot,4096,48,1.000000,1.000000,1.000000,{"1":48},1.000000,0.000000,0.000000,0.000000,1.000000,0.000000,-1.000000
0.007618415,2,26,snapshot,16384,48,1.000000,1.000000,1.000000,{"1":48},1.000000,0.000000,0.000000,0.000000,1.000000,0.000000,-1.000000
0.007851666,2,27,snapshot,64,48,1.000000,1.000000,1.000000,{"1":48},1.000000,0.000000,0.000000,0.000000,1.000000,0.000000,-1.000000
0.007851666,2,27,snapshot,256,48,1.000000,1.000000,1.000000,{"1":48},1.000000,0.000000,0.000000,0.000000,1.000000,0.000000,-1.000000
0.007851666,2,27,snapshot,1024,48,1.000000,1.000000,1.000000,{"1":48},1.000000,0.000000,0.000000,0.000000,1.000000,0.000000,-1.000000
0.007851666,2,27,snapshot,4096,48,1.000000,1.000000,1.000000,{"1":48},1.000000,0.000000,0.000000,0.000000,1.000000,0.000000,-1.000000
0.007851666,2,27,snapshot,16384,48,1.000000,1.000000,1.000000,{"1":48},1.000000,0.000000,0.000000,0.000000,1.000000,0.000000,-1.000000
0.008084454,2,28,snapshot,64,48,1.000000,1.000000,1.000000,{"1":48},1.000000,0.000000,0.000000,0.000000,1.000000,0.000000,-1.000000
0.008084454,2,28,snapshot,256,48,1.000000,1.000000,1.000000,{"1":48},1.000000,0.000000,0.000000,0.000000,1.000000,0.000000,-1.000000
0.008084454,2,28,snapshot,1024,48,1.000000,1.000000,1.000000,{"1":48},1.000000,0.000000,0.000000,0.000000,1.000000,0.000000,-1.000000
0.008084454,2,28,snapshot,4096,48,1.000000,1.000000,1.000000,{"1":48},1.000000,0.000000,0.000000,0.000000,1.000000,0.000000,-1.000000
0.008084454,2,28,snapshot,16384,48,1.000000,1.000000,1.000000,{"1":48},1.000000,0.000000,0.000000,0.000000,1.000000,0.000000,-1.000000
0.008340212,2,29,snapshot,64,48,1.000000,1.000000,1.000000,{"1":48},1.000000,0.000000,0.000000,0.000000,1.000000,0.000000,-1.000000
0.008340212,2,29,snapshot,256,48,1.000000,1.000000,1.000000,{"1":48},1.000000,0.000000,0.000000,0.000000,1.000000,0.000000,-1.000000
0.008340212,2,29,snapshot,1024,48,1.000000,1.000000,1.000000,{"1":48},1.000000,0.000000,0.000000,0.000000,1.000000,0.000000,-1.000000
0.008340212,2,29,snapshot,4096,48,1.000000,1.000000,1.000000,{"1":48},1.000000,0.000000,0.000000,0.000000,1.000000,0.000000,-1.000000
0.008340212,2,29,snapshot,16384,48,1.000000,1.000000,1.000000,{"1":48},1.000000,0.000000,0.000000,0.000000,1.000000,0.000000,-1.000000
0.008573028,2,30,snapshot,64,48,1.000000,1.000000,1.000000,{"1":48},1.000000,0.000000,0.000000,0.000000,1.000000,0.000000,-1.000000
0.008573028,2,30,snapshot,256,48,1.000000,1.000000,1.000000,{"1":48},1.000000,0.000000,0.000000,0.000000,1.000000,0.000000,-1.000000
0.008573028,2,30,snapshot,1024,48,1.000000,1.000000,1.000000,{"1":48},1.000000,0.000000,0.000000,0.000000,1.000000,0.000000,-1.000000
0.008573028,2,30,snapshot,4096,48,1.000000,1.000000,1.000000,{"1":48},1.000000,0.000000,0.000000,0.000000,1.000000,0.000000,-1.000000
0.008573028,2,30,snapshot,16384,48,1.000000,1.000000,1.000000,{"1":48},1.000000,0.000000,0.000000,0.000000,1.000000,0.000000,-1.000000
0.008854746,2,31,snapshot,64,48,1.000000,1.000000,1.000000,{"1":48},1.000000,0.000000,0.000000,0.000000,1.000000,0.000000,-1.000000
0.008854746,2,31,snapshot,256,48,1.000000,1.000000,1.000000,{"1":48},1.000000,0.000000,0.000000,0.000000,1.000000,0.000000,-1.000000
0.008854746,2,31,snapshot,1024,48,1.000000,1.000000,1.000000,{"1":48},1.000000,0.000000,0.000000,0.000000,1.000000,0.000000,-1.000000
0.008854746,2,31,snapshot,4096,48,1.000000,1.000000,1.000000,{"1":48},1.000000,0.000000,0.000000,0.000000,1.000000,0.000000,-1.000000
0.008854746,2,31,snapshot,16384,48,1.000000,1.000000,1.000000,{"1":48},1.000000,0.000000,0.000000,0.000000,1.000000,0.000000,-1.000000
0.009088061,2,32,snapshot,64,48,1.000000,1.000000,1.000000,{"1":48},1.000000,0.000000,0.000000,0.000000,1.000000,0.000000,-1.000000
0.009088061,2,32,snapshot,256,48,1.000000,1.000000,1.000000,{"1":48},1.000000,0.000000,0.000000,0.000000,1.000000,0.000000,-1.000000
0.009088061,2,32,snapshot,1024,48,1.000000,1.000000,1.000000,{"1":48},1.000000,0.000000,0.000000,0.000000,1.000000,0.000000,-1.000000
0.009088061,2,32,snapshot,4096,48,1.000000,1.000000,1.000000,{"1":48},1.000000,0.000000,0.000000,0.000000,1.000000,0.000000,-1.000000
0.009088061,2,32,snapshot,16384,48,1.000000,1.000000,1.000000,{"1":48},1.000000,0.000000,0.000000,0.000000,1.000000,0.000000,-1.000000
0.014007210,2,51,read_only,64,4,1.000000,1.000000,1.000000,{"1":4},1.000000,0.000000,0.000000,0.000000,1.000000,0.000000,-1.000000
0.014007210,2,51,union,64,4,1.000000,1.000000,1.000000,{"1":4},1.000000,0.000000,0.000000,0.000000,1.000000,0.000000,-1.000000
0.014007210,2,51,snapshot,64,4,1.000000,1.000000,1.000000,{"1":4},1.000000,0.000000,0.000000,0.000000,1.000000,0.000000,-1.000000
0.014007210,2,51,read_only,256,4,1.000000,1.000000,1.000000,{"1":4},1.000000,0.000000,0.000000,0.000000,1.000000,0.000000,-1.000000
0.014007210,2,51,union,256,4,1.000000,1.000000,1.000000,{"1":4},1.000000,0.000000,0.000000,0.000000,1.000000,0.000000,-1.000000
0.014007210,2,51,snapshot,256,4,1.000000,1.000000,1.000000,{"1":4},1.000000,0.000000,0.000000,0.000000,1.000000,0.000000,-1.000000
0.014007210,2,51,read_only,1024,4,1.000000,1.000000,1.000000,{"1":4},1.000000,0.000000,0.000000,0.000000,1.000000,0.000000,-1.000000
0.014007210,2,51,union,1024,4,1.000000,1.000000,1.000000,{"1":4},1.000000,0.000000,0.000000,0.000000,1.000000,0.000000,-1.000000
0.014007210,2,51,snapshot,1024,4,1.000000,1.000000,1.000000,{"1":4},1.000000,0.000000,0.000000,0.000000,1.000000,0.000000,-1.000000
0.014007210,2,51,read_only,4096,4,1.000000,1.000000,1.000000,{"1":4},1.000000,0.000000,0.000000,0.000000,1.000000,0.000000,-1.000000
0.014007210,2,51,union,4096,4,1.000000,1.000000,1.000000,{"1":4},1.000000,0.000000,0.000000,0.000000,1.000000,0.000000,-1.000000
0.014007210,2,51,snapshot,4096,4,1.000000,1.000000,1.000000,{"1":4},1.000000,0.000000,0.000000,0.000000,1.000000,0.000000,-1.000000
0.014007210,2,51,read_only,16384,4,1.000000,1.000000,1.000000,{"1":4},1.000000,0.000000,0.000000,0.000000,1.000000,0.000000,-1.000000
0.014007210,2,51,union,16384,4,1.000000,1.000000,1.000000,{"1":4},1.000000,0.000000,0.000000,0.000000,1.000000,0.000000,-1.000000
0.014007210,2,51,snapshot,16384,4,1.000000,1.000000,1.000000,{"1":4},1.000000,0.000000,0.000000,0.000000,1.000000,0.000000,-1.000000
0.014239466,2,52,snapshot,64,4,1.000000,1.000000,1.000000,{"1":4},1.000000,0.000000,0.000000,0.000000,1.000000,0.000000,-1.000000
0.014239466,2,52,snapshot,256,4,1.000000,1.000000,1.000000,{"1":4},1.000000,0.000000,0.000000,0.000000,1.000000,0.000000,-1.000000
0.014239466,2,52,snapshot,1024,4,1.000000,1.000000,1.000000,{"1":4},1.000000,0.000000,0.000000,0.000000,1.000000,0.000000,-1.000000
0.014239466,2,52,snapshot,4096,4,1.000000,1.000000,1.000000,{"1":4},1.000000,0.000000,0.000000,0.000000,1.000000,0.000000,-1.000000
0.014239466,2,52,snapshot,16384,4,1.000000,1.000000,1.000000,{"1":4},1.000000,0.000000,0.000000,0.000000,1.000000,0.000000,-1.000000
0.014473695,2,53,read_only,64,1,1.000000,1.000000,1.000000,{"2":1},0.000000,1.000000,0.000000,0.000000,0.000000,1.000000,1.000000
0.014473695,2,53,union,64,1,1.000000,1.000000,1.000000,{"2":1},0.000000,1.000000,0.000000,0.000000,0.000000,1.000000,1.000000
0.014473695,2,53,snapshot,64,5,1.000000,1.000000,1.000000,{"1":4,"2":1},0.800000,0.200000,0.000000,0.000000,0.800000,0.200000,1.000000
0.014473695,2,53,read_only,256,1,1.000000,1.000000,1.000000,{"2":1},0.000000,1.000000,0.000000,0.000000,0.000000,1.000000,1.000000
0.014473695,2,53,union,256,1,1.000000,1.000000,1.000000,{"2":1},0.000000,1.000000,0.000000,0.000000,0.000000,1.000000,1.000000
0.014473695,2,53,snapshot,256,5,1.000000,1.000000,1.000000,{"1":4,"2":1},0.800000,0.200000,0.000000,0.000000,0.800000,0.200000,1.000000
0.014473695,2,53,read_only,1024,1,1.000000,1.000000,1.000000,{"2":1},0.000000,1.000000,0.000000,0.000000,0.000000,1.000000,1.000000
0.014473695,2,53,union,1024,1,1.000000,1.000000,1.000000,{"2":1},0.000000,1.000000,0.000000,0.000000,0.000000,1.000000,1.000000
0.014473695,2,53,snapshot,1024,5,1.000000,1.000000,1.000000,{"1":4,"2":1},0.800000,0.200000,0.000000,0.000000,0.800000,0.200000,1.000000
0.014473695,2,53,read_only,4096,1,1.000000,1.000000,1.000000,{"2":1},0.000000,1.000000,0.000000,0.000000,0.000000,1.000000,1.000000
0.014473695,2,53,union,4096,1,1.000000,1.000000,1.000000,{"2":1},0.000000,1.000000,0.000000,0.000000,0.000000,1.000000,1.000000
0.014473695,2,53,snapshot,4096,5,1.000000,1.000000,1.000000,{"1":4,"2":1},0.800000,0.200000,0.000000,0.000000,0.800000,0.200000,1.000000
0.014473695,2,53,read_only,16384,1,1.000000,1.000000,1.000000,{"2":1},0.000000,1.000000,0.000000,0.000000,0.000000,1.000000,1.000000
0.014473695,2,53,union,16384,1,1.000000,1.000000,1.000000,{"2":1},0.000000,1.000000,0.000000,0.000000,0.000000,1.000000,1.000000
0.014473695,2,53,snapshot,16384,5,1.000000,1.000000,1.000000,{"1":4,"2":1},0.800000,0.200000,0.000000,0.000000,0.800000,0.200000,1.000000
0.014706782,2,54,snapshot,64,5,1.000000,1.000000,1.000000,{"1":4,"2":1},0.800000,0.200000,0.000000,0.000000,0.800000,0.200000,1.000000
0.014706782,2,54,snapshot,256,5,1.000000,1.000000,1.000000,{"1":4,"2":1},0.800000,0.200000,0.000000,0.000000,0.800000,0.200000,1.000000
0.014706782,2,54,snapshot,1024,5,1.000000,1.000000,1.000000,{"1":4,"2":1},0.800000,0.200000,0.000000,0.000000,0.800000,0.200000,1.000000
0.014706782,2,54,snapshot,4096,5,1.000000,1.000000,1.000000,{"1":4,"2":1},0.800000,0.200000,0.000000,0.000000,0.800000,0.200000,1.000000
0.014706782,2,54,snapshot,16384,5,1.000000,1.000000,1.000000,{"1":4,"2":1},0.800000,0.200000,0.000000,0.000000,0.800000,0.200000,1.000000
0.015037175,2,55,union,64,3,1.000000,1.000000,1.000000,{"1":3},1.000000,0.000000,0.000000,0.000000,1.000000,0.000000,-1.000000
0.015037175,2,55,snapshot,64,8,1.000000,1.000000,1.000000,{"1":7,"2":1},0.875000,0.125000,0.000000,0.000000,0.875000,0.125000,1.000000
0.015037175,2,55,union,256,3,1.000000,1.000000,1.000000,{"1":3},1.000000,0.000000,0.000000,0.000000,1.000000,0.000000,-1.000000
0.015037175,2,55,snapshot,256,8,1.000000,1.000000,1.000000,{"1":7,"2":1},0.875000,0.125000,0.000000,0.000000,0.875000,0.125000,1.000000
0.015037175,2,55,union,1024,3,1.000000,1.000000,1.000000,{"1":3},1.000000,0.000000,0.000000,0.000000,1.000000,0.000000,-1.000000
0.015037175,2,55,snapshot,1024,8,1.000000,1.000000,1.000000,{"1":7,"2":1},0.875000,0.125000,0.000000,0.000000,0.875000,0.125000,1.000000
0.015037175,2,55,union,4096,3,1.000000,1.000000,1.000000,{"1":3},1.000000,0.000000,0.000000,0.000000,1.000000,0.000000,-1.000000
0.015037175,2,55,snapshot,4096,8,1.000000,1.000000,1.000000,{"1":7,"2":1},0.875000,0.125000,0.000000,0.000000,0.875000,0.125000,1.000000
0.015037175,2,55,union,16384,3,1.000000,1.000000,1.000000,{"1":3},1.000000,0.000000,0.000000,0.000000,1.000000,0.000000,-1.000000
0.015037175,2,55,snapshot,16384,8,1.000000,1.000000,1.000000,{"1":7,"2":1},0.875000,0.125000,0.000000,0.000000,0.875000,0.125000,1.000000
0.015339106,2,56,snapshot,64,8,1.000000,1.000000,1.000000,{"1":7,"2":1},0.875000,0.125000,0.000000,0.000000,0.875000,0.125000,1.000000
0.015339106,2,56,snapshot,256,8,1.000000,1.000000,1.000000,{"1":7,"2":1},0.875000,0.125000,0.000000,0.000000,0.875000,0.125000,1.000000
0.015339106,2,56,snapshot,1024,8,1.000000,1.000000,1.000000,{"1":7,"2":1},0.875000,0.125000,0.000000,0.000000,0.875000,0.125000,1.000000
0.015339106,2,56,snapshot,4096,8,1.000000,1.000000,1.000000,{"1":7,"2":1},0.875000,0.125000,0.000000,0.000000,0.875000,0.125000,1.000000
0.015339106,2,56,snapshot,16384,8,1.000000,1.000000,1.000000,{"1":7,"2":1},0.875000,0.125000,0.000000,0.000000,0.875000,0.125000,1.000000
0.015572987,2,57,snapshot,64,8,1.000000,1.000000,1.000000,{"1":7,"2":1},0.875000,0.125000,0.000000,0.000000,0.875000,0.125000,1.000000
0.015572987,2,57,snapshot,256,8,1.000000,1.000000,1.000000,{"1":7,"2":1},0.875000,0.125000,0.000000,0.000000,0.875000,0.125000,1.000000
0.015572987,2,57,snapshot,1024,8,1.000000,1.000000,1.000000,{"1":7,"2":1},0.875000,0.125000,0.000000,0.000000,0.875000,0.125000,1.000000
0.015572987,2,57,snapshot,4096,8,1.000000,1.000000,1.000000,{"1":7,"2":1},0.875000,0.125000,0.000000,0.000000,0.875000,0.125000,1.000000
0.015572987,2,57,snapshot,16384,8,1.000000,1.000000,1.000000,{"1":7,"2":1},0.875000,0.125000,0.000000,0.000000,0.875000,0.125000,1.000000
0.016386488,2,60,read_only,64,4,1.000000,1.000000,1.000000,{"1":4},1.000000,0.000000,0.000000,0.000000,1.000000,0.000000,-1.000000
0.016386488,2,60,union,64,5,1.000000,1.000000,1.000000,{"1":5},1.000000,0.000000,0.000000,0.000000,1.000000,0.000000,-1.000000
0.016386488,2,60,snapshot,64,5,1.000000,1.000000,1.000000,{"1":5},1.000000,0.000000,0.000000,0.000000,1.000000,0.000000,-1.000000
0.016386488,2,60,read_only,256,4,1.000000,1.000000,1.000000,{"1":4},1.000000,0.000000,0.000000,0.000000,1.000000,0.000000,-1.000000
0.016386488,2,60,union,256,5,1.000000,1.000000,1.000000,{"1":5},1.000000,0.000000,0.000000,0.000000,1.000000,0.000000,-1.000000
0.016386488,2,60,snapshot,256,5,1.000000,1.000000,1.000000,{"1":5},1.000000,0.000000,0.000000,0.000000,1.000000,0.000000,-1.000000
0.016386488,2,60,read_only,1024,4,1.000000,1.000000,1.000000,{"1":4},1.000000,0.000000,0.000000,0.000000,1.000000,0.000000,-1.000000
0.016386488,2,60,union,1024,5,1.000000,1.000000,1.000000,{"1":5},1.000000,0.000000,0.000000,0.000000,1.000000,0.000000,-1.000000
0.016386488,2,60,snapshot,1024,5,1.000000,1.000000,1.000000,{"1":5},1.000000,0.000000,0.000000,0.000000,1.000000,0.000000,-1.000000
0.016386488,2,60,read_only,4096,4,1.000000,1.000000,1.000000,{"1":4},1.000000,0.000000,0.000000,0.000000,1.000000,0.000000,-1.000000
0.016386488,2,60,union,4096,5,1.000000,1.000000,1.000000,{"1":5},1.000000,0.000000,0.000000,0.000000,1.000000,0.000000,-1.000000
0.016386488,2,60,snapshot,4096,5,1.000000,1.000000,1.000000,{"1":5},1.000000,0.000000,0.000000,0.000000,1.000000,0.000000,-1.000000
0.016386488,2,60,read_only,16384,4,1.000000,1.000000,1.000000,{"1":4},1.000000,0.000000,0.000000,0.000000,1.000000,0.000000,-1.000000
0.016386488,2,60,union,16384,5,1.000000,1.000000,1.000000,{"1":5},1.000000,0.000000,0.000000,0.000000,1.000000,0.000000,-1.000000
0.016386488,2,60,snapshot,16384,5,1.000000,1.000000,1.000000,{"1":5},1.000000,0.000000,0.000000,0.000000,1.000000,0.000000,-1.000000
0.016636321,2,61,snapshot,64,5,1.000000,1.000000,1.000000,{"1":5},1.000000,0.000000,0.000000,0.000000,1.000000,0.000000,-1.000000
0.016636321,2,61,snapshot,256,5,1.000000,1.000000,1.000000,{"1":5},1.000000,0.000000,0.000000,0.000000,1.000000,0.000000,-1.000000
0.016636321,2,61,snapshot,1024,5,1.000000,1.000000,1.000000,{"1":5},1.000000,0.000000,0.000000,0.000000,1.000000,0.000000,-1.000000
0.016636321,2,61,snapshot,4096,5,1.000000,1.000000,1.000000,{"1":5},1.000000,0.000000,0.000000,0.000000,1.000000,0.000000,-1.000000
0.016636321,2,61,snapshot,16384,5,1.000000,1.000000,1.000000,{"1":5},1.000000,0.000000,0.000000,0.000000,1.000000,0.000000,-1.000000
0.016897218,2,62,read_only,64,1,1.000000,1.000000,1.000000,{"1":1},1.000000,0.000000,0.000000,0.000000,1.000000,0.000000,-1.000000
0.016897218,2,62,union,64,1,1.000000,1.000000,1.000000,{"1":1},1.000000,0.000000,0.000000,0.000000,1.000000,0.000000,-1.000000
0.016897218,2,62,snapshot,64,6,1.000000,1.000000,1.000000,{"1":6},1.000000,0.000000,0.000000,0.000000,1.000000,0.000000,-1.000000
0.016897218,2,62,read_only,256,1,1.000000,1.000000,1.000000,{"1":1},1.000000,0.000000,0.000000,0.000000,1.000000,0.000000,-1.000000
0.016897218,2,62,union,256,1,1.000000,1.000000,1.000000,{"1":1},1.000000,0.000000,0.000000,0.000000,1.000000,0.000000,-1.000000
0.016897218,2,62,snapshot,256,6,1.000000,1.000000,1.000000,{"1":6},1.000000,0.000000,0.000000,0.000000,1.000000,0.000000,-1.000000
0.016897218,2,62,read_only,1024,1,1.000000,1.000000,1.000000,{"1":1},1.000000,0.000000,0.000000,0.000000,1.000000,0.000000,-1.000000
0.016897218,2,62,union,1024,1,1.000000,1.000000,1.000000,{"1":1},1.000000,0.000000,0.000000,0.000000,1.000000,0.000000,-1.000000
0.016897218,2,62,snapshot,1024,6,1.000000,1.000000,1.000000,{"1":6},1.000000,0.000000,0.000000,0.000000,1.000000,0.000000,-1.000000
0.016897218,2,62,read_only,4096,1,1.000000,1.000000,1.000000,{"1":1},1.000000,0.000000,0.000000,0.000000,1.000000,0.000000,-1.000000
0.016897218,2,62,union,4096,1,1.000000,1.000000,1.000000,{"1":1},1.000000,0.000000,0.000000,0.000000,1.000000,0.000000,-1.000000
0.016897218,2,62,snapshot,4096,6,1.000000,1.000000,1.000000,{"1":6},1.000000,0.000000,0.000000,0.000000,1.000000,0.000000,-1.000000
0.016897218,2,62,read_only,16384,1,1.000000,1.000000,1.000000,{"1":1},1.000000,0.000000,0.000000,0.000000,1.000000,0.000000,-1.000000
0.016897218,2,62,union,16384,1,1.000000,1.000000,1.000000,{"1":1},1.000000,0.000000,0.000000,0.000000,1.000000,0.000000,-1.000000
0.016897218,2,62,snapshot,16384,6,1.000000,1.000000,1.000000,{"1":6},1.000000,0.000000,0.000000,0.000000,1.000000,0.000000,-1.000000
0.017212907,2,63,snapshot,64,6,1.000000,1.000000,1.000000,{"1":6},1.000000,0.000000,0.000000,0.000000,1.000000,0.000000,-1.000000
0.017212907,2,63,snapshot,256,6,1.000000,1.000000,1.000000,{"1":6},1.000000,0.000000,0.000000,0.000000,1.000000,0.000000,-1.000000
0.017212907,2,63,snapshot,1024,6,1.000000,1.000000,1.000000,{"1":6},1.000000,0.000000,0.000000,0.000000,1.000000,0.000000,-1.000000
0.017212907,2,63,snapshot,4096,6,1.000000,1.000000,1.000000,{"1":6},1.000000,0.000000,0.000000,0.000000,1.000000,0.000000,-1.000000
0.017212907,2,63,snapshot,16384,6,1.000000,1.000000,1.000000,{"1":6},1.000000,0.000000,0.000000,0.000000,1.000000,0.000000,-1.000000
0.017446630,2,64,snapshot,64,6,1.000000,1.000000,1.000000,{"1":6},1.000000,0.000000,0.000000,0.000000,1.000000,0.000000,-1.000000
0.017446630,2,64,snapshot,256,6,1.000000,1.000000,1.000000,{"1":6},1.000000,0.000000,0.000000,0.000000,1.000000,0.000000,-1.000000
0.017446630,2,64,snapshot,1024,6,1.000000,1.000000,1.000000,{"1":6},1.000000,0.000000,0.000000,0.000000,1.000000,0.000000,-1.000000
0.017446630,2,64,snapshot,4096,6,1.000000,1.000000,1.000000,{"1":6},1.000000,0.000000,0.000000,0.000000,1.000000,0.000000,-1.000000
0.017446630,2,64,snapshot,16384,6,1.000000,1.000000,1.000000,{"1":6},1.000000,0.000000,0.000000,0.000000,1.000000,0.000000,-1.000000
0.017685862,2,65,snapshot,64,6,1.000000,1.000000,1.000000,{"1":6},1.000000,0.000000,0.000000,0.000000,1.000000,0.000000,-1.000000
0.017685862,2,65,snapshot,256,6,1.000000,1.000000,1.000000,{"1":6},1.000000,0.000000,0.000000,0.000000,1.000000,0.000000,-1.000000
0.017685862,2,65,snapshot,1024,6,1.000000,1.000000,1.000000,{"1":6},1.000000,0.000000,0.000000,0.000000,1.000000,0.000000,-1.000000
0.017685862,2,65,snapshot,4096,6,1.000000,1.000000,1.000000,{"1":6},1.000000,0.000000,0.000000,0.000000,1.000000,0.000000,-1.000000
0.017685862,2,65,snapshot,16384,6,1.000000,1.000000,1.000000,{"1":6},1.000000,0.000000,0.000000,0.000000,1.000000,0.000000,-1.000000
0.017921563,2,66,snapshot,64,6,1.000000,1.000000,1.000000,{"1":6},1.000000,0.000000,0.000000,0.000000,1.000000,0.000000,-1.000000
0.017921563,2,66,snapshot,256,6,1.000000,1.000000,1.000000,{"1":6},1.000000,0.000000,0.000000,0.000000,1.000000,0.000000,-1.000000
0.017921563,2,66,snapshot,1024,6,1.000000,1.000000,1.000000,{"1":6},1.000000,0.000000,0.000000,0.000000,1.000000,0.000000,-1.000000
0.017921563,2,66,snapshot,4096,6,1.000000,1.000000,1.000000,{"1":6},1.000000,0.000000,0.000000,0.000000,1.000000,0.000000,-1.000000
0.017921563,2,66,snapshot,16384,6,1.000000,1.000000,1.000000,{"1":6},1.000000,0.000000,0.000000,0.000000,1.000000,0.000000,-1.000000
0.018290636,2,67,read_only,64,3,1.000000,1.000000,1.000000,{"1":3},1.000000,0.000000,0.000000,0.000000,1.000000,0.000000,-1.000000
0.018290636,2,67,union,64,6,1.000000,1.000000,1.000000,{"1":6},1.000000,0.000000,0.000000,0.000000,1.000000,0.000000,-1.000000
0.018290636,2,67,snapshot,64,12,1.000000,1.000000,1.000000,{"1":12},1.000000,0.000000,0.000000,0.000000,1.000000,0.000000,-1.000000
0.018290636,2,67,read_only,256,3,1.000000,1.000000,1.000000,{"1":3},1.000000,0.000000,0.000000,0.000000,1.000000,0.000000,-1.000000
0.018290636,2,67,union,256,6,1.000000,1.000000,1.000000,{"1":6},1.000000,0.000000,0.000000,0.000000,1.000000,0.000000,-1.000000
0.018290636,2,67,snapshot,256,12,1.000000,1.000000,1.000000,{"1":12},1.000000,0.000000,0.000000,0.000000,1.000000,0.000000,-1.000000
0.018290636,2,67,read_only,1024,3,1.000000,1.000000,1.000000,{"1":3},1.000000,0.000000,0.000000,0.000000,1.000000,0.000000,-1.000000
0.018290636,2,67,union,1024,6,1.000000,1.000000,1.000000,{"1":6},1.000000,0.000000,0.000000,0.000000,1.000000,0.000000,-1.000000
0.018290636,2,67,snapshot,1024,12,1.000000,1.000000,1.000000,{"1":12},1.000000,0.000000,0.000000,0.000000,1.000000,0.000000,-1.000000
0.018290636,2,67,read_only,4096,3,1.000000,1.000000,1.000000,{"1":3},1.000000,0.000000,0.000000,0.000000,1.000000,0.000000,-1.000000
0.018290636,2,67,union,4096,6,1.000000,1.000000,1.000000,{"1":6},1.000000,0.000000,0.000000,0.000000,1.000000,0.000000,-1.000000
0.018290636,2,67,snapshot,4096,12,1.000000,1.000000,1.000000,{"1":12},1.000000,0.000000,0.000000,0.000000,1.000000,0.000000,-1.000000
0.018290636,2,67,read_only,16384,3,1.000000,1.000000,1.000000,{"1":3},1.000000,0.000000,0.000000,0.000000,1.000000,0.000000,-1.000000
0.018290636,2,67,union,16384,6,1.000000,1.000000,1.000000,{"1":6},1.000000,0.000000,0.000000,0.000000,1.000000,0.000000,-1.000000
0.018290636,2,67,snapshot,16384,12,1.000000,1.000000,1.000000,{"1":12},1.000000,0.000000,0.000000,0.000000,1.000000,0.000000,-1.000000
0.018616947,2,68,snapshot,64,12,1.000000,1.000000,1.000000,{"1":12},1.000000,0.000000,0.000000,0.000000,1.000000,0.000000,-1.000000
0.018616947,2,68,snapshot,256,12,1.000000,1.000000,1.000000,{"1":12},1.000000,0.000000,0.000000,0.000000,1.000000,0.000000,-1.000000
0.018616947,2,68,snapshot,1024,12,1.000000,1.000000,1.000000,{"1":12},1.000000,0.000000,0.000000,0.000000,1.000000,0.000000,-1.000000
0.018616947,2,68,snapshot,4096,12,1.000000,1.000000,1.000000,{"1":12},1.000000,0.000000,0.000000,0.000000,1.000000,0.000000,-1.000000
0.018616947,2,68,snapshot,16384,12,1.000000,1.000000,1.000000,{"1":12},1.000000,0.000000,0.000000,0.000000,1.000000,0.000000,-1.000000
0.018851478,2,69,read_only,64,1,1.000000,1.000000,1.000000,{"1":1},1.000000,0.000000,0.000000,0.000000,1.000000,0.000000,-1.000000
0.018851478,2,69,union,64,1,1.000000,1.000000,1.000000,{"1":1},1.000000,0.000000,0.000000,0.000000,1.000000,0.000000,-1.000000
0.018851478,2,69,snapshot,64,13,1.000000,1.000000,1.000000,{"1":13},1.000000,0.000000,0.000000,0.000000,1.000000,0.000000,-1.000000
0.018851478,2,69,read_only,256,1,1.000000,1.000000,1.000000,{"1":1},1.000000,0.000000,0.000000,0.000000,1.000000,0.000000,-1.000000
0.018851478,2,69,union,256,1,1.000000,1.000000,1.000000,{"1":1},1.000000,0.000000,0.000000,0.000000,1.000000,0.000000,-1.000000
0.018851478,2,69,snapshot,256,13,1.000000,1.000000,1.000000,{"1":13},1.000000,0.000000,0.000000,0.000000,1.000000,0.000000,-1.000000
0.018851478,2,69,read_only,1024,1,1.000000,1.000000,1.000000,{"1":1},1.000000,0.000000,0.000000,0.000000,1.000000,0.000000,-1.000000
0.018851478,2,69,union,1024,1,1.000000,1.000000,1.000000,{"1":1},1.000000,0.000000,0.000000,0.000000,1.000000,0.000000,-1.000000
0.018851478,2,69,snapshot,1024,13,1.000000,1.000000,1.000000,{"1":13},1.000000,0.000000,0.000000,0.000000,1.000000,0.000000,-1.000000
0.018851478,2,69,read_only,4096,1,1.000000,1.000000,1.000000,{"1":1},1.000000,0.000000,0.000000,0.000000,1.000000,0.000000,-1.000000
0.018851478,2,69,union,4096,1,1.000000,1.000000,1.000000,{"1":1},1.000000,0.000000,0.000000,0.000000,1.000000,0.000000,-1.000000
0.018851478,2,69,snapshot,4096,13,1.000000,1.000000,1.000000,{"1":13},1.000000,0.000000,0.000000,0.000000,1.000000,0.000000,-1.000000
0.018851478,2,69,read_only,16384,1,1.000000,1.000000,1.000000,{"1":1},1.000000,0.000000,0.000000,0.000000,1.000000,0.000000,-1.000000
0.018851478,2,69,union,16384,1,1.000000,1.000000,1.000000,{"1":1},1.000000,0.000000,0.000000,0.000000,1.000000,0.000000,-1.000000
0.018851478,2,69,snapshot,16384,13,1.000000,1.000000,1.000000,{"1":13},1.000000,0.000000,0.000000,0.000000,1.000000,0.000000,-1.000000
0.019142763,2,70,read_only,64,2,1.000000,1.000000,1.000000,{"1":2},1.000000,0.000000,0.000000,0.000000,1.000000,0.000000,-1.000000
0.019142763,2,70,union,64,3,1.000000,1.000000,1.000000,{"1":3},1.000000,0.000000,0.000000,0.000000,1.000000,0.000000,-1.000000
0.019142763,2,70,snapshot,64,3,1.000000,1.000000,1.000000,{"1":3},1.000000,0.000000,0.000000,0.000000,1.000000,0.000000,-1.000000
0.019142763,2,70,read_only,256,2,1.000000,1.000000,1.000000,{"1":2},1.000000,0.000000,0.000000,0.000000,1.000000,0.000000,-1.000000
0.019142763,2,70,union,256,3,1.000000,1.000000,1.000000,{"1":3},1.000000,0.000000,0.000000,0.000000,1.000000,0.000000,-1.000000
0.019142763,2,70,snapshot,256,3,1.000000,1.000000,1.000000,{"1":3},1.000000,0.000000,0.000000,0.000000,1.000000,0.000000,-1.000000
0.019142763,2,70,read_only,1024,2,1.000000,1.000000,1.000000,{"1":2},1.000000,0.000000,0.000000,0.000000,1.000000,0.000000,-1.000000
0.019142763,2,70,union,1024,3,1.000000,1.000000,1.000000,{"1":3},1.000000,0.000000,0.000000,0.000000,1.000000,0.000000,-1.000000
0.019142763,2,70,snapshot,1024,3,1.000000,1.000000,1.000000,{"1":3},1.000000,0.000000,0.000000,0.000000,1.000000,0.000000,-1.000000
0.019142763,2,70,read_only,4096,2,1.000000,1.000000,1.000000,{"1":2},1.000000,0.000000,0.000000,0.000000,1.000000,0.000000,-1.000000
0.019142763,2,70,union,4096,3,1.000000,1.000000,1.000000,{"1":3},1.000000,0.000000,0.000000,0.000000,1.000000,0.000000,-1.000000
0.019142763,2,70,snapshot,4096,3,1.000000,1.000000,1.000000,{"1":3},1.000000,0.000000,0.000000,0.000000,1.000000,0.000000,-1.000000
0.019142763,2,70,read_only,16384,2,1.000000,1.000000,1.000000,{"1":2},1.000000,0.000000,0.000000,0.000000,1.000000,0.000000,-1.000000
0.019142763,2,70,union,16384,3,1.000000,1.000000,1.000000,{"1":3},1.000000,0.000000,0.000000,0.000000,1.000000,0.000000,-1.000000
0.019142763,2,70,snapshot,16384,3,1.000000,1.000000,1.000000,{"1":3},1.000000,0.000000,0.000000,0.000000,1.000000,0.000000,-1.000000
0.019385797,2,71,snapshot,64,3,1.000000,1.000000,1.000000,{"1":3},1.000000,0.000000,0.000000,0.000000,1.000000,0.000000,-1.000000
0.019385797,2,71,snapshot,256,3,1.000000,1.000000,1.000000,{"1":3},1.000000,0.000000,0.000000,0.000000,1.000000,0.000000,-1.000000
0.019385797,2,71,snapshot,1024,3,1.000000,1.000000,1.000000,{"1":3},1.000000,0.000000,0.000000,0.000000,1.000000,0.000000,-1.000000
0.019385797,2,71,snapshot,4096,3,1.000000,1.000000,1.000000,{"1":3},1.000000,0.000000,0.000000,0.000000,1.000000,0.000000,-1.000000
0.019385797,2,71,snapshot,16384,3,1.000000,1.000000,1.000000,{"1":3},1.000000,0.000000,0.000000,0.000000,1.000000,0.000000,-1.000000
0.019771154,2,72,read_only,64,8,1.000000,1.000000,1.000000,{"1":8},1.000000,0.000000,0.000000,0.000000,1.000000,0.000000,-1.000000
0.019771154,2,72,union,64,10,1.000000,1.000000,1.000000,{"1":10},1.000000,0.000000,0.000000,0.000000,1.000000,0.000000,-1.000000
0.019771154,2,72,snapshot,64,13,1.000000,1.000000,1.000000,{"1":13},1.000000,0.000000,0.000000,0.000000,1.000000,0.000000,-1.000000
0.019771154,2,72,read_only,256,8,1.000000,1.000000,1.000000,{"1":8},1.000000,0.000000,0.000000,0.000000,1.000000,0.000000,-1.000000
0.019771154,2,72,union,256,10,1.000000,1.000000,1.000000,{"1":10},1.000000,0.000000,0.000000,0.000000,1.000000,0.000000,-1.000000
0.019771154,2,72,snapshot,256,13,1.000000,1.000000,1.000000,{"1":13},1.000000,0.000000,0.000000,0.000000,1.000000,0.000000,-1.000000
0.019771154,2,72,read_only,1024,8,1.000000,1.000000,1.000000,{"1":8},1.000000,0.000000,0.000000,0.000000,1.000000,0.000000,-1.000000
0.019771154,2,72,union,1024,10,1.000000,1.000000,1.000000,{"1":10},1.000000,0.000000,0.000000,0.000000,1.000000,0.000000,-1.000000
0.019771154,2,72,snapshot,1024,13,1.000000,1.000000,1.000000,{"1":13},1.000000,0.000000,0.000000,0.000000,1.000000,0.000000,-1.000000
0.019771154,2,72,read_only,4096,8,1.000000,1.000000,1.000000,{"1":8},1.000000,0.000000,0.000000,0.000000,1.000000,0.000000,-1.000000
0.019771154,2,72,union,4096,10,1.000000,1.000000,1.000000,{"1":10},1.000000,0.000000,0.000000,0.000000,1.000000,0.000000,-1.000000
0.019771154,2,72,snapshot,4096,13,1.000000,1.000000,1.000000,{"1":13},1.000000,0.000000,0.000000,0.000000,1.000000,0.000000,-1.000000
0.019771154,2,72,read_only,16384,8,1.000000,1.000000,1.000000,{"1":8},1.000000,0.000000,0.000000,0.000000,1.000000,0.000000,-1.000000
0.019771154,2,72,union,16384,10,1.000000,1.000000,1.000000,{"1":10},1.000000,0.000000,0.000000,0.000000,1.000000,0.000000,-1.000000
0.019771154,2,72,snapshot,16384,13,1.000000,1.000000,1.000000,{"1":13},1.000000,0.000000,0.000000,0.000000,1.000000,0.000000,-1.000000
0.020057850,2,73,snapshot,64,13,1.000000,1.000000,1.000000,{"1":13},1.000000,0.000000,0.000000,0.000000,1.000000,0.000000,-1.000000
0.020057850,2,73,snapshot,256,13,1.000000,1.000000,1.000000,{"1":13},1.000000,0.000000,0.000000,0.000000,1.000000,0.000000,-1.000000
0.020057850,2,73,snapshot,1024,13,1.000000,1.000000,1.000000,{"1":13},1.000000,0.000000,0.000000,0.000000,1.000000,0.000000,-1.000000
0.020057850,2,73,snapshot,4096,13,1.000000,1.000000,1.000000,{"1":13},1.000000,0.000000,0.000000,0.000000,1.000000,0.000000,-1.000000
0.020057850,2,73,snapshot,16384,13,1.000000,1.000000,1.000000,{"1":13},1.000000,0.000000,0.000000,0.000000,1.000000,0.000000,-1.000000
0.020333480,2,74,snapshot,64,13,1.000000,1.000000,1.000000,{"1":13},1.000000,0.000000,0.000000,0.000000,1.000000,0.000000,-1.000000
0.020333480,2,74,snapshot,256,13,1.000000,1.000000,1.000000,{"1":13},1.000000,0.000000,0.000000,0.000000,1.000000,0.000000,-1.000000
0.020333480,2,74,snapshot,1024,13,1.000000,1.000000,1.000000,{"1":13},1.000000,0.000000,0.000000,0.000000,1.000000,0.000000,-1.000000
0.020333480,2,74,snapshot,4096,13,1.000000,1.000000,1.000000,{"1":13},1.000000,0.000000,0.000000,0.000000,1.000000,0.000000,-1.000000
0.020333480,2,74,snapshot,16384,13,1.000000,1.000000,1.000000,{"1":13},1.000000,0.000000,0.000000,0.000000,1.000000,0.000000,-1.000000
0.020674645,2,75,snapshot,64,13,1.000000,1.000000,1.000000,{"1":13},1.000000,0.000000,0.000000,0.000000,1.000000,0.000000,-1.000000
0.020674645,2,75,snapshot,256,13,1.000000,1.000000,1.000000,{"1":13},1.000000,0.000000,0.000000,0.000000,1.000000,0.000000,-1.000000
0.020674645,2,75,snapshot,1024,13,1.000000,1.000000,1.000000,{"1":13},1.000000,0.000000,0.000000,0.000000,1.000000,0.000000,-1.000000
0.020674645,2,75,snapshot,4096,13,1.000000,1.000000,1.000000,{"1":13},1.000000,0.000000,0.000000,0.000000,1.000000,0.000000,-1.000000
0.020674645,2,75,snapshot,16384,13,1.000000,1.000000,1.000000,{"1":13},1.000000,0.000000,0.000000,0.000000,1.000000,0.000000,-1.000000
0.020906777,2,76,snapshot,64,13,1.000000,1.000000,1.000000,{"1":13},1.000000,0.000000,0.000000,0.000000,1.000000,0.000000,-1.000000
0.020906777,2,76,snapshot,256,13,1.000000,1.000000,1.000000,{"1":13},1.000000,0.000000,0.000000,0.000000,1.000000,0.000000,-1.000000
0.020906777,2,76,snapshot,1024,13,1.000000,1.000000,1.000000,{"1":13},1.000000,0.000000,0.000000,0.000000,1.000000,0.000000,-1.000000
0.020906777,2,76,snapshot,4096,13,1.000000,1.000000,1.000000,{"1":13},1.000000,0.000000,0.000000,0.000000,1.000000,0.000000,-1.000000
0.020906777,2,76,snapshot,16384,13,1.000000,1.000000,1.000000,{"1":13},1.000000,0.000000,0.000000,0.000000,1.000000,0.000000,-1.000000
0.021142619,2,77,read_only,64,13,1.000000,1.000000,1.000000,{"1":13},1.000000,0.000000,0.000000,0.000000,1.000000,0.000000,-1.000000
0.021142619,2,77,union,64,13,1.000000,1.000000,1.000000,{"1":13},1.000000,0.000000,0.000000,0.000000,1.000000,0.000000,-1.000000
0.021142619,2,77,snapshot,64,26,1.000000,1.000000,1.000000,{"1":26},1.000000,0.000000,0.000000,0.000000,1.000000,0.000000,-1.000000
0.021142619,2,77,read_only,256,13,1.000000,1.000000,1.000000,{"1":13},1.000000,0.000000,0.000000,0.000000,1.000000,0.000000,-1.000000
0.021142619,2,77,union,256,13,1.000000,1.000000,1.000000,{"1":13},1.000000,0.000000,0.000000,0.000000,1.000000,0.000000,-1.000000
0.021142619,2,77,snapshot,256,26,1.000000,1.000000,1.000000,{"1":26},1.000000,0.000000,0.000000,0.000000,1.000000,0.000000,-1.000000
0.021142619,2,77,read_only,1024,13,1.000000,1.000000,1.000000,{"1":13},1.000000,0.000000,0.000000,0.000000,1.000000,0.000000,-1.000000
0.021142619,2,77,union,1024,13,1.000000,1.000000,1.000000,{"1":13},1.000000,0.000000,0.000000,0.000000,1.000000,0.000000,-1.000000
0.021142619,2,77,snapshot,1024,26,1.000000,1.000000,1.000000,{"1":26},1.000000,0.000000,0.000000,0.000000,1.000000,0.000000,-1.000000
0.021142619,2,77,read_only,4096,13,1.000000,1.000000,1.000000,{"1":13},1.000000,0.000000,0.000000,0.000000,1.000000,0.000000,-1.000000
0.021142619,2,77,union,4096,13,1.000000,1.000000,1.000000,{"1":13},1.000000,0.000000,0.000000,0.000000,1.000000,0.000000,-1.000000
0.021142619,2,77,snapshot,4096,26,1.000000,1.000000,1.000000,{"1":26},1.000000,0.000000,0.000000,0.000000,1.000000,0.000000,-1.000000
0.021142619,2,77,read_only,16384,13,1.000000,1.000000,1.000000,{"1":13},1.000000,0.000000,0.000000,0.000000,1.000000,0.000000,-1.000000
0.021142619,2,77,union,16384,13,1.000000,1.000000,1.000000,{"1":13},1.000000,0.000000,0.000000,0.000000,1.000000,0.000000,-1.000000
0.021142619,2,77,snapshot,16384,26,1.000000,1.000000,1.000000,{"1":26},1.000000,0.000000,0.000000,0.000000,1.000000,0.000000,-1.000000
0.021421214,2,78,read_only,64,23,1.000000,1.000000,1.000000,{"1":23},1.000000,0.000000,0.000000,0.000000,1.000000,0.000000,-1.000000
0.021421214,2,78,union,64,25,1.000000,1.000000,1.000000,{"1":25},1.000000,0.000000,0.000000,0.000000,1.000000,0.000000,-1.000000
0.021421214,2,78,snapshot,64,50,1.000000,1.000000,1.000000,{"1":50},1.000000,0.000000,0.000000,0.000000,1.000000,0.000000,-1.000000
0.021421214,2,78,read_only,256,23,1.000000,1.000000,1.000000,{"1":23},1.000000,0.000000,0.000000,0.000000,1.000000,0.000000,-1.000000
0.021421214,2,78,union,256,25,1.000000,1.000000,1.000000,{"1":25},1.000000,0.000000,0.000000,0.000000,1.000000,0.000000,-1.000000
0.021421214,2,78,snapshot,256,50,1.000000,1.000000,1.000000,{"1":50},1.000000,0.000000,0.000000,0.000000,1.000000,0.000000,-1.000000
0.021421214,2,78,read_only,1024,23,1.000000,1.000000,1.000000,{"1":23},1.000000,0.000000,0.000000,0.000000,1.000000,0.000000,-1.000000
0.021421214,2,78,union,1024,25,1.000000,1.000000,1.000000,{"1":25},1.000000,0.000000,0.000000,0.000000,1.000000,0.000000,-1.000000
0.021421214,2,78,snapshot,1024,50,1.000000,1.000000,1.000000,{"1":50},1.000000,0.000000,0.000000,0.000000,1.000000,0.000000,-1.000000
0.021421214,2,78,read_only,4096,23,1.000000,1.000000,1.000000,{"1":23},1.000000,0.000000,0.000000,0.000000,1.000000,0.000000,-1.000000
0.021421214,2,78,union,4096,25,1.000000,1.000000,1.000000,{"1":25},1.000000,0.000000,0.000000,0.000000,1.000000,0.000000,-1.000000
0.021421214,2,78,snapshot,4096,50,1.000000,1.000000,1.000000,{"1":50},1.000000,0.000000,0.000000,0.000000,1.000000,0.000000,-1.000000
0.021421214,2,78,read_only,16384,23,1.000000,1.000000,1.000000,{"1":23},1.000000,0.000000,0.000000,0.000000,1.000000,0.000000,-1.000000
0.021421214,2,78,union,16384,25,1.000000,1.000000,1.000000,{"1":25},1.000000,0.000000,0.000000,0.000000,1.000000,0.000000,-1.000000
0.021421214,2,78,snapshot,16384,50,1.000000,1.000000,1.000000,{"1":50},1.000000,0.000000,0.000000,0.000000,1.000000,0.000000,-1.000000
0.021673268,2,79,snapshot,64,50,1.000000,1.000000,1.000000,{"1":50},1.000000,0.000000,0.000000,0.000000,1.000000,0.000000,-1.000000
0.021673268,2,79,snapshot,256,50,1.000000,1.000000,1.000000,{"1":50},1.000000,0.000000,0.000000,0.000000,1.000000,0.000000,-1.000000
0.021673268,2,79,snapshot,1024,50,1.000000,1.000000,1.000000,{"1":50},1.000000,0.000000,0.000000,0.000000,1.000000,0.000000,-1.000000
0.021673268,2,79,snapshot,4096,50,1.000000,1.000000,1.000000,{"1":50},1.000000,0.000000,0.000000,0.000000,1.000000,0.000000,-1.000000
0.021673268,2,79,snapshot,16384,50,1.000000,1.000000,1.000000,{"1":50},1.000000,0.000000,0.000000,0.000000,1.000000,0.000000,-1.000000
0.021915691,2,80,read_only,64,1,1.000000,1.000000,1.000000,{"1":1},1.000000,0.000000,0.000000,0.000000,1.000000,0.000000,-1.000000
0.021915691,2,80,union,64,1,1.000000,1.000000,1.000000,{"1":1},1.000000,0.000000,0.000000,0.000000,1.000000,0.000000,-1.000000
0.021915691,2,80,snapshot,64,51,1.000000,1.000000,1.000000,{"1":51},1.000000,0.000000,0.000000,0.000000,1.000000,0.000000,-1.000000
0.021915691,2,80,read_only,256,1,1.000000,1.000000,1.000000,{"1":1},1.000000,0.000000,0.000000,0.000000,1.000000,0.000000,-1.000000
0.021915691,2,80,union,256,1,1.000000,1.000000,1.000000,{"1":1},1.000000,0.000000,0.000000,0.000000,1.000000,0.000000,-1.000000
0.021915691,2,80,snapshot,256,51,1.000000,1.000000,1.000000,{"1":51},1.000000,0.000000,0.000000,0.000000,1.000000,0.000000,-1.000000
0.021915691,2,80,read_only,1024,1,1.000000,1.000000,1.000000,{"1":1},1.000000,0.000000,0.000000,0.000000,1.000000,0.000000,-1.000000
0.021915691,2,80,union,1024,1,1.000000,1.000000,1.000000,{"1":1},1.000000,0.000000,0.000000,0.000000,1.000000,0.000000,-1.000000
0.021915691,2,80,snapshot,1024,51,1.000000,1.000000,1.000000,{"1":51},1.000000,0.000000,0.000000,0.000000,1.000000,0.000000,-1.000000
0.021915691,2,80,read_only,4096,1,1.000000,1.000000,1.000000,{"1":1},1.000000,0.000000,0.000000,0.000000,1.000000,0.000000,-1.000000
0.021915691,2,80,union,4096,1,1.000000,1.000000,1.000000,{"1":1},1.000000,0.000000,0.000000,0.000000,1.000000,0.000000,-1.000000
0.021915691,2,80,snapshot,4096,51,1.000000,1.000000,1.000000,{"1":51},1.000000,0.000000,0.000000,0.000000,1.000000,0.000000,-1.000000
0.021915691,2,80,read_only,16384,1,1.000000,1.000000,1.000000,{"1":1},1.000000,0.000000,0.000000,0.000000,1.000000,0.000000,-1.000000
0.021915691,2,80,union,16384,1,1.000000,1.000000,1.000000,{"1":1},1.000000,0.000000,0.000000,0.000000,1.000000,0.000000,-1.000000
0.021915691,2,80,snapshot,16384,51,1.000000,1.000000,1.000000,{"1":51},1.000000,0.000000,0.000000,0.000000,1.000000,0.000000,-1.000000
0.022219261,2,81,read_only,64,34,1.000000,1.000000,1.000000,{"1":33,"2":1},0.970588,0.029412,0.000000,0.000000,0.970588,0.029412,1.000000
0.022219261,2,81,union,64,39,1.000000,1.000000,1.000000,{"1":38,"2":1},0.974359,0.025641,0.000000,0.000000,0.974359,0.025641,1.000000
0.022219261,2,81,snapshot,64,87,1.000000,1.000000,1.000000,{"1":86,"2":1},0.988506,0.011494,0.000000,0.000000,0.988506,0.011494,1.000000
0.022219261,2,81,read_only,256,34,1.000000,1.000000,1.000000,{"1":33,"2":1},0.970588,0.029412,0.000000,0.000000,0.970588,0.029412,1.000000
0.022219261,2,81,union,256,39,1.000000,1.000000,1.000000,{"1":38,"2":1},0.974359,0.025641,0.000000,0.000000,0.974359,0.025641,1.000000
0.022219261,2,81,snapshot,256,87,1.000000,1.000000,1.000000,{"1":86,"2":1},0.988506,0.011494,0.000000,0.000000,0.988506,0.011494,1.000000
0.022219261,2,81,read_only,1024,34,1.000000,1.000000,1.000000,{"1":33,"2":1},0.970588,0.029412,0.000000,0.000000,0.970588,0.029412,1.000000
0.022219261,2,81,union,1024,39,1.000000,1.000000,1.000000,{"1":38,"2":1},0.974359,0.025641,0.000000,0.000000,0.974359,0.025641,1.000000
0.022219261,2,81,snapshot,1024,87,1.000000,1.000000,1.000000,{"1":86,"2":1},0.988506,0.011494,0.000000,0.000000,0.988506,0.011494,1.000000
0.022219261,2,81,read_only,4096,34,1.000000,1.000000,1.000000,{"1":33,"2":1},0.970588,0.029412,0.000000,0.000000,0.970588,0.029412,1.000000
0.022219261,2,81,union,4096,39,1.000000,1.000000,1.000000,{"1":38,"2":1},0.974359,0.025641,0.000000,0.000000,0.974359,0.025641,1.000000
0.022219261,2,81,snapshot,4096,87,1.000000,1.000000,1.000000,{"1":86,"2":1},0.988506,0.011494,0.000000,0.000000,0.988506,0.011494,1.000000
0.022219261,2,81,read_only,16384,34,1.000000,1.000000,1.000000,{"1":33,"2":1},0.970588,0.029412,0.000000,0.000000,0.970588,0.029412,1.000000
0.022219261,2,81,union,16384,39,1.000000,1.000000,1.000000,{"1":38,"2":1},0.974359,0.025641,0.000000,0.000000,0.974359,0.025641,1.000000
0.022219261,2,81,snapshot,16384,87,1.000000,1.000000,1.000000,{"1":86,"2":1},0.988506,0.011494,0.000000,0.000000,0.988506,0.011494,1.000000
0.022463041,2,82,read_only,64,1,1.000000,1.000000,1.000000,{"1":1},1.000000,0.000000,0.000000,0.000000,1.000000,0.000000,-1.000000
0.022463041,2,82,union,64,1,1.000000,1.000000,1.000000,{"1":1},1.000000,0.000000,0.000000,0.000000,1.000000,0.000000,-1.000000
0.022463041,2,82,snapshot,64,88,1.000000,1.000000,1.000000,{"1":87,"2":1},0.988636,0.011364,0.000000,0.000000,0.988636,0.011364,1.000000
0.022463041,2,82,read_only,256,1,1.000000,1.000000,1.000000,{"1":1},1.000000,0.000000,0.000000,0.000000,1.000000,0.000000,-1.000000
0.022463041,2,82,union,256,1,1.000000,1.000000,1.000000,{"1":1},1.000000,0.000000,0.000000,0.000000,1.000000,0.000000,-1.000000
0.022463041,2,82,snapshot,256,88,1.000000,1.000000,1.000000,{"1":87,"2":1},0.988636,0.011364,0.000000,0.000000,0.988636,0.011364,1.000000
0.022463041,2,82,read_only,1024,1,1.000000,1.000000,1.000000,{"1":1},1.000000,0.000000,0.000000,0.000000,1.000000,0.000000,-1.000000
0.022463041,2,82,union,1024,1,1.000000,1.000000,1.000000,{"1":1},1.000000,0.000000,0.000000,0.000000,1.000000,0.000000,-1.000000
0.022463041,2,82,snapshot,1024,88,1.000000,1.000000,1.000000,{"1":87,"2":1},0.988636,0.011364,0.000000,0.000000,0.988636,0.011364,1.000000
0.022463041,2,82,read_only,4096,1,1.000000,1.000000,1.000000,{"1":1},1.000000,0.000000,0.000000,0.000000,1.000000,0.000000,-1.000000
0.022463041,2,82,union,4096,1,1.000000,1.000000,1.000000,{"1":1},1.000000,0.000000,0.000000,0.000000,1.000000,0.000000,-1.000000
0.022463041,2,82,snapshot,4096,88,1.000000,1.000000,1.000000,{"1":87,"2":1},0.988636,0.011364,0.000000,0.000000,0.988636,0.011364,1.000000
0.022463041,2,82,read_only,16384,1,1.000000,1.000000,1.000000,{"1":1},1.000000,0.000000,0.000000,0.000000,1.000000,0.000000,-1.000000
0.022463041,2,82,union,16384,1,1.000000,1.000000,1.000000,{"1":1},1.000000,0.000000,0.000000,0.000000,1.000000,0.000000,-1.000000
0.022463041,2,82,snapshot,16384,88,1.000000,1.000000,1.000000,{"1":87,"2":1},0.988636,0.011364,0.000000,0.000000,0.988636,0.011364,1.000000
0.022704625,2,83,snapshot,64,88,1.000000,1.000000,1.000000,{"1":87,"2":1},0.988636,0.011364,0.000000,0.000000,0.988636,0.011364,1.000000
0.022704625,2,83,snapshot,256,88,1.000000,1.000000,1.000000,{"1":87,"2":1},0.988636,0.011364,0.000000,0.000000,0.988636,0.011364,1.000000
0.022704625,2,83,snapshot,1024,88,1.000000,1.000000,1.000000,{"1":87,"2":1},0.988636,0.011364,0.000000,0.000000,0.988636,0.011364,1.000000
0.022704625,2,83,snapshot,4096,88,1.000000,1.000000,1.000000,{"1":87,"2":1},0.988636,0.011364,0.000000,0.000000,0.988636,0.011364,1.000000
0.022704625,2,83,snapshot,16384,88,1.000000,1.000000,1.000000,{"1":87,"2":1},0.988636,0.011364,0.000000,0.000000,0.988636,0.011364,1.000000
0.022948427,2,84,read_only,64,4,1.000000,1.000000,1.000000,{"1":4},1.000000,0.000000,0.000000,0.000000,1.000000,0.000000,-1.000000
0.022948427,2,84,union,64,6,1.000000,1.000000,1.000000,{"1":6},1.000000,0.000000,0.000000,0.000000,1.000000,0.000000,-1.000000
0.022948427,2,84,snapshot,64,94,1.000000,1.000000,1.000000,{"1":93,"2":1},0.989362,0.010638,0.000000,0.000000,0.989362,0.010638,1.000000
0.022948427,2,84,read_only,256,4,1.000000,1.000000,1.000000,{"1":4},1.000000,0.000000,0.000000,0.000000,1.000000,0.000000,-1.000000
0.022948427,2,84,union,256,6,1.000000,1.000000,1.000000,{"1":6},1.000000,0.000000,0.000000,0.000000,1.000000,0.000000,-1.000000
0.022948427,2,84,snapshot,256,94,1.000000,1.000000,1.000000,{"1":93,"2":1},0.989362,0.010638,0.000000,0.000000,0.989362,0.010638,1.000000
0.022948427,2,84,read_only,1024,4,1.000000,1.000000,1.000000,{"1":4},1.000000,0.000000,0.000000,0.000000,1.000000,0.000000,-1.000000
0.022948427,2,84,union,1024,6,1.000000,1.000000,1.000000,{"1":6},1.000000,0.000000,0.000000,0.000000,1.000000,0.000000,-1.000000
0.022948427,2,84,snapshot,1024,94,1.000000,1.000000,1.000000,{"1":93,"2":1},0.989362,0.010638,0.000000,0.000000,0.989362,0.010638,1.000000
0.022948427,2,84,read_only,4096,4,1.000000,1.000000,1.000000,{"1":4},1.000000,0.000000,0.000000,0.000000,1.000000,0.000000,-1.000000
0.022948427,2,84,union,4096,6,1.000000,1.000000,1.000000,{"1":6},1.000000,0.000000,0.000000,0.000000,1.000000,0.000000,-1.000000
0.022948427,2,84,snapshot,4096,94,1.000000,1.000000,1.000000,{"1":93,"2":1},0.989362,0.010638,0.000000,0.000000,0.989362,0.010638,1.000000
0.022948427,2,84,read_only,16384,4,1.000000,1.000000,1.000000,{"1":4},1.000000,0.000000,0.000000,0.000000,1.000000,0.000000,-1.000000
0.022948427,2,84,union,16384,6,1.000000,1.000000,1.000000,{"1":6},1.000000,0.000000,0.000000,0.000000,1.000000,0.000000,-1.000000
0.022948427,2,84,snapshot,16384,94,1.000000,1.000000,1.000000,{"1":93,"2":1},0.989362,0.010638,0.000000,0.000000,0.989362,0.010638,1.000000
0.023186154,2,85,read_only,64,2,1.000000,1.000000,1.000000,{"1":2},1.000000,0.000000,0.000000,0.000000,1.000000,0.000000,-1.000000
0.023186154,2,85,union,64,2,1.000000,1.000000,1.000000,{"1":2},1.000000,0.000000,0.000000,0.000000,1.000000,0.000000,-1.000000
0.023186154,2,85,snapshot,64,96,1.000000,1.000000,1.000000,{"1":95,"2":1},0.989583,0.010417,0.000000,0.000000,0.989583,0.010417,1.000000
0.023186154,2,85,read_only,256,2,1.000000,1.000000,1.000000,{"1":2},1.000000,0.000000,0.000000,0.000000,1.000000,0.000000,-1.000000
0.023186154,2,85,union,256,2,1.000000,1.000000,1.000000,{"1":2},1.000000,0.000000,0.000000,0.000000,1.000000,0.000000,-1.000000
0.023186154,2,85,snapshot,256,96,1.000000,1.000000,1.000000,{"1":95,"2":1},0.989583,0.010417,0.000000,0.000000,0.989583,0.010417,1.000000
0.023186154,2,85,read_only,1024,2,1.000000,1.000000,1.000000,{"1":2},1.000000,0.000000,0.000000,0.000000,1.000000,0.000000,-1.000000
0.023186154,2,85,union,1024,2,1.000000,1.000000,1.000000,{"1":2},1.000000,0.000000,0.000000,0.000000,1.000000,0.000000,-1.000000
0.023186154,2,85,snapshot,1024,96,1.000000,1.000000,1.000000,{"1":95,"2":1},0.989583,0.010417,0.000000,0.000000,0.989583,0.010417,1.000000
0.023186154,2,85,read_only,4096,2,1.000000,1.000000,1.000000,{"1":2},1.000000,0.000000,0.000000,0.000000,1.000000,0.000000,-1.000000
0.023186154,2,85,union,4096,2,1.000000,1.000000,1.000000,{"1":2},1.000000,0.000000,0.000000,0.000000,1.000000,0.000000,-1.000000
0.023186154,2,85,snapshot,4096,96,1.000000,1.000000,1.000000,{"1":95,"2":1},0.989583,0.010417,0.000000,0.000000,0.989583,0.010417,1.000000
0.023186154,2,85,read_only,16384,2,1.000000,1.000000,1.000000,{"1":2},1.000000,0.000000,0.000000,0.000000,1.000000,0.000000,-1.000000
0.023186154,2,85,union,16384,2,1.000000,1.000000,1.000000,{"1":2},1.000000,0.000000,0.000000,0.000000,1.000000,0.000000,-1.000000
0.023186154,2,85,snapshot,16384,96,1.000000,1.000000,1.000000,{"1":95,"2":1},0.989583,0.010417,0.000000,0.000000,0.989583,0.010417,1.000000
0.023420924,2,86,snapshot,64,96,1.000000,1.000000,1.000000,{"1":95,"2":1},0.989583,0.010417,0.000000,0.000000,0.989583,0.010417,1.000000
0.023420924,2,86,snapshot,256,96,1.000000,1.000000,1.000000,{"1":95,"2":1},0.989583,0.010417,0.000000,0.000000,0.989583,0.010417,1.000000
0.023420924,2,86,snapshot,1024,96,1.000000,1.000000,1.000000,{"1":95,"2":1},0.989583,0.010417,0.000000,0.000000,0.989583,0.010417,1.000000
0.023420924,2,86,snapshot,4096,96,1.000000,1.000000,1.000000,{"1":95,"2":1},0.989583,0.010417,0.000000,0.000000,0.989583,0.010417,1.000000
0.023420924,2,86,snapshot,16384,96,1.000000,1.000000,1.000000,{"1":95,"2":1},0.989583,0.010417,0.000000,0.000000,0.989583,0.010417,1.000000
0.023654326,2,87,snapshot,64,96,1.000000,1.000000,1.000000,{"1":95,"2":1},0.989583,0.010417,0.000000,0.000000,0.989583,0.010417,1.000000
0.023654326,2,87,snapshot,256,96,1.000000,1.000000,1.000000,{"1":95,"2":1},0.989583,0.010417,0.000000,0.000000,0.989583,0.010417,1.000000
0.023654326,2,87,snapshot,1024,96,1.000000,1.000000,1.000000,{"1":95,"2":1},0.989583,0.010417,0.000000,0.000000,0.989583,0.010417,1.000000
0.023654326,2,87,snapshot,4096,96,1.000000,1.000000,1.000000,{"1":95,"2":1},0.989583,0.010417,0.000000,0.000000,0.989583,0.010417,1.000000
0.023654326,2,87,snapshot,16384,96,1.000000,1.000000,1.000000,{"1":95,"2":1},0.989583,0.010417,0.000000,0.000000,0.989583,0.010417,1.000000
0.023890777,2,88,union,64,1,1.000000,1.000000,1.000000,{"1":1},1.000000,0.000000,0.000000,0.000000,1.000000,0.000000,-1.000000
0.023890777,2,88,snapshot,64,96,1.000000,1.000000,1.000000,{"1":96},1.000000,0.000000,0.000000,0.000000,1.000000,0.000000,-1.000000
0.023890777,2,88,union,256,1,1.000000,1.000000,1.000000,{"1":1},1.000000,0.000000,0.000000,0.000000,1.000000,0.000000,-1.000000
0.023890777,2,88,snapshot,256,96,1.000000,1.000000,1.000000,{"1":96},1.000000,0.000000,0.000000,0.000000,1.000000,0.000000,-1.000000
0.023890777,2,88,union,1024,1,1.000000,1.000000,1.000000,{"1":1},1.000000,0.000000,0.000000,0.000000,1.000000,0.000000,-1.000000
0.023890777,2,88,snapshot,1024,96,1.000000,1.000000,1.000000,{"1":96},1.000000,0.000000,0.000000,0.000000,1.000000,0.000000,-1.000000
0.023890777,2,88,union,4096,1,1.000000,1.000000,1.000000,{"1":1},1.000000,0.000000,0.000000,0.000000,1.000000,0.000000,-1.000000
0.023890777,2,88,snapshot,4096,96,1.000000,1.000000,1.000000,{"1":96},1.000000,0.000000,0.000000,0.000000,1.000000,0.000000,-1.000000
0.023890777,2,88,union,16384,1,1.000000,1.000000,1.000000,{"1":1},1.000000,0.000000,0.000000,0.000000,1.000000,0.000000,-1.000000
0.023890777,2,88,snapshot,16384,96,1.000000,1.000000,1.000000,{"1":96},1.000000,0.000000,0.000000,0.000000,1.000000,0.000000,-1.000000
0.024130061,2,89,snapshot,64,96,1.000000,1.000000,1.000000,{"1":96},1.000000,0.000000,0.000000,0.000000,1.000000,0.000000,-1.000000
0.024130061,2,89,snapshot,256,96,1.000000,1.000000,1.000000,{"1":96},1.000000,0.000000,0.000000,0.000000,1.000000,0.000000,-1.000000
0.024130061,2,89,snapshot,1024,96,1.000000,1.000000,1.000000,{"1":96},1.000000,0.000000,0.000000,0.000000,1.000000,0.000000,-1.000000
0.024130061,2,89,snapshot,4096,96,1.000000,1.000000,1.000000,{"1":96},1.000000,0.000000,0.000000,0.000000,1.000000,0.000000,-1.000000
0.024130061,2,89,snapshot,16384,96,1.000000,1.000000,1.000000,{"1":96},1.000000,0.000000,0.000000,0.000000,1.000000,0.000000,-1.000000
0.024362353,2,90,snapshot,64,96,1.000000,1.000000,1.000000,{"1":96},1.000000,0.000000,0.000000,0.000000,1.000000,0.000000,-1.000000
0.024362353,2,90,snapshot,256,96,1.000000,1.000000,1.000000,{"1":96},1.000000,0.000000,0.000000,0.000000,1.000000,0.000000,-1.000000
0.024362353,2,90,snapshot,1024,96,1.000000,1.000000,1.000000,{"1":96},1.000000,0.000000,0.000000,0.000000,1.000000,0.000000,-1.000000
0.024362353,2,90,snapshot,4096,96,1.000000,1.000000,1.000000,{"1":96},1.000000,0.000000,0.000000,0.000000,1.000000,0.000000,-1.000000
0.024362353,2,90,snapshot,16384,96,1.000000,1.000000,1.000000,{"1":96},1.000000,0.000000,0.000000,0.000000,1.000000,0.000000,-1.000000
0.024595526,2,91,snapshot,64,96,1.000000,1.000000,1.000000,{"1":96},1.000000,0.000000,0.000000,0.000000,1.000000,0.000000,-1.000000
0.024595526,2,91,snapshot,256,96,1.000000,1.000000,1.000000,{"1":96},1.000000,0.000000,0.000000,0.000000,1.000000,0.000000,-1.000000
0.024595526,2,91,snapshot,1024,96,1.000000,1.000000,1.000000,{"1":96},1.000000,0.000000,0.000000,0.000000,1.000000,0.000000,-1.000000
0.024595526,2,91,snapshot,4096,96,1.000000,1.000000,1.000000,{"1":96},1.000000,0.000000,0.000000,0.000000,1.000000,0.000000,-1.000000
0.024595526,2,91,snapshot,16384,96,1.000000,1.000000,1.000000,{"1":96},1.000000,0.000000,0.000000,0.000000,1.000000,0.000000,-1.000000
0.024828551,2,92,snapshot,64,96,1.000000,1.000000,1.000000,{"1":96},1.000000,0.000000,0.000000,0.000000,1.000000,0.000000,-1.000000
0.024828551,2,92,snapshot,256,96,1.000000,1.000000,1.000000,{"1":96},1.000000,0.000000,0.000000,0.000000,1.000000,0.000000,-1.000000
0.024828551,2,92,snapshot,1024,96,1.000000,1.000000,1.000000,{"1":96},1.000000,0.000000,0.000000,0.000000,1.000000,0.000000,-1.000000
0.024828551,2,92,snapshot,4096,96,1.000000,1.000000,1.000000,{"1":96},1.000000,0.000000,0.000000,0.000000,1.000000,0.000000,-1.000000
0.024828551,2,92,snapshot,16384,96,1.000000,1.000000,1.000000,{"1":96},1.000000,0.000000,0.000000,0.000000,1.000000,0.000000,-1.000000
0.025086420,2,93,snapshot,64,96,1.000000,1.000000,1.000000,{"1":96},1.000000,0.000000,0.000000,0.000000,1.000000,0.000000,-1.000000
0.025086420,2,93,snapshot,256,96,1.000000,1.000000,1.000000,{"1":96},1.000000,0.000000,0.000000,0.000000,1.000000,0.000000,-1.000000
0.025086420,2,93,snapshot,1024,96,1.000000,1.000000,1.000000,{"1":96},1.000000,0.000000,0.000000,0.000000,1.000000,0.000000,-1.000000
0.025086420,2,93,snapshot,4096,96,1.000000,1.000000,1.000000,{"1":96},1.000000,0.000000,0.000000,0.000000,1.000000,0.000000,-1.000000
0.025086420,2,93,snapshot,16384,96,1.000000,1.000000,1.000000,{"1":96},1.000000,0.000000,0.000000,0.000000,1.000000,0.000000,-1.000000
0.025334461,2,94,read_only,64,1,1.000000,1.000000,1.000000,{"1":1},1.000000,0.000000,0.000000,0.000000,1.000000,0.000000,-1.000000
0.025334461,2,94,union,64,1,1.000000,1.000000,1.000000,{"1":1},1.000000,0.000000,0.000000,0.000000,1.000000,0.000000,-1.000000
0.025334461,2,94,snapshot,64,97,1.000000,1.000000,1.000000,{"1":97},1.000000,0.000000,0.000000,0.000000,1.000000,0.000000,-1.000000
0.025334461,2,94,read_only,256,1,1.000000,1.000000,1.000000,{"1":1},1.000000,0.000000,0.000000,0.000000,1.000000,0.000000,-1.000000
0.025334461,2,94,union,256,1,1.000000,1.000000,1.000000,{"1":1},1.000000,0.000000,0.000000,0.000000,1.000000,0.000000,-1.000000
0.025334461,2,94,snapshot,256,97,1.000000,1.000000,1.000000,{"1":97},1.000000,0.000000,0.000000,0.000000,1.000000,0.000000,-1.000000
0.025334461,2,94,read_only,1024,1,1.000000,1.000000,1.000000,{"1":1},1.000000,0.000000,0.000000,0.000000,1.000000,0.000000,-1.000000
0.025334461,2,94,union,1024,1,1.000000,1.000000,1.000000,{"1":1},1.000000,0.000000,0.000000,0.000000,1.000000,0.000000,-1.000000
0.025334461,2,94,snapshot,1024,97,1.000000,1.000000,1.000000,{"1":97},1.000000,0.000000,0.000000,0.000000,1.000000,0.000000,-1.000000
0.025334461,2,94,read_only,4096,1,1.000000,1.000000,1.000000,{"1":1},1.000000,0.000000,0.000000,0.000000,1.000000,0.000000,-1.000000
0.025334461,2,94,union,4096,1,1.000000,1.000000,1.000000,{"1":1},1.000000,0.000000,0.000000,0.000000,1.000000,0.000000,-1.000000
0.025334461,2,94,snapshot,4096,97,1.000000,1.000000,1.000000,{"1":97},1.000000,0.000000,0.000000,0.000000,1.000000,0.000000,-1.000000
0.025334461,2,94,read_only,16384,1,1.000000,1.000000,1.000000,{"1":1},1.000000,0.000000,0.000000,0.000000,1.000000,0.000000,-1.000000
0.025334461,2,94,union,16384,1,1.000000,1.000000,1.000000,{"1":1},1.000000,0.000000,0.000000,0.000000,1.000000,0.000000,-1.000000
0.025334461,2,94,snapshot,16384,97,1.000000,1.000000,1.000000,{"1":97},1.000000,0.000000,0.000000,0.000000,1.000000,0.000000,-1.000000
0.025570134,2,95,read_only,64,16,1.000000,1.000000,1.000000,{"1":16},1.000000,0.000000,0.000000,0.000000,1.000000,0.000000,-1.000000
0.025570134,2,95,union,64,16,1.000000,1.000000,1.000000,{"1":16},1.000000,0.000000,0.000000,0.000000,1.000000,0.000000,-1.000000
0.025570134,2,95,snapshot,64,113,1.000000,1.000000,1.000000,{"1":113},1.000000,0.000000,0.000000,0.000000,1.000000,0.000000,-1.000000
0.025570134,2,95,read_only,256,16,1.000000,1.000000,1.000000,{"1":16},1.000000,0.000000,0.000000,0.000000,1.000000,0.000000,-1.000000
0.025570134,2,95,union,256,16,1.000000,1.000000,1.000000,{"1":16},1.000000,0.000000,0.000000,0.000000,1.000000,0.000000,-1.000000
0.025570134,2,95,snapshot,256,113,1.000000,1.000000,1.000000,{"1":113},1.000000,0.000000,0.000000,0.000000,1.000000,0.000000,-1.000000
0.025570134,2,95,read_only,1024,16,1.000000,1.000000,1.000000,{"1":16},1.000000,0.000000,0.000000,0.000000,1.000000,0.000000,-1.000000
0.025570134,2,95,union,1024,16,1.000000,1.000000,1.000000,{"1":16},1.000000,0.000000,0.000000,0.000000,1.000000,0.000000,-1.000000
0.025570134,2,95,snapshot,1024,113,1.000000,1.000000,1.000000,{"1":113},1.000000,0.000000,0.000000,0.000000,1.000000,0.000000,-1.000000
0.025570134,2,95,read_only,4096,16,1.000000,1.000000,1.000000,{"1":16},1.000000,0.000000,0.000000,0.000000,1.000000,0.000000,-1.000000
0.025570134,2,95,union,4096,16,1.000000,1.000000,1.000000,{"1":16},1.000000,0.000000,0.000000,0.000000,1.000000,0.000000,-1.000000
0.025570134,2,95,snapshot,4096,113,1.000000,1.000000,1.000000,{"1":113},1.000000,0.000000,0.000000,0.000000,1.000000,0.000000,-1.000000
0.025570134,2,95,read_only,16384,16,1.000000,1.000000,1.000000,{"1":16},1.000000,0.000000,0.000000,0.000000,1.000000,0.000000,-1.000000
0.025570134,2,95,union,16384,16,1.000000,1.000000,1.000000,{"1":16},1.000000,0.000000,0.000000,0.000000,1.000000,0.000000,-1.000000
0.025570134,2,95,snapshot,16384,113,1.000000,1.000000,1.000000,{"1":113},1.000000,0.000000,0.000000,0.000000,1.000000,0.000000,-1.000000
0.025812709,2,96,read_only,64,8,1.000000,1.000000,1.000000,{"1":8},1.000000,0.000000,0.000000,0.000000,1.000000,0.000000,-1.000000
0.025812709,2,96,union,64,8,1.000000,1.000000,1.000000,{"1":8},1.000000,0.000000,0.000000,0.000000,1.000000,0.000000,-1.000000
0.025812709,2,96,snapshot,64,121,1.000000,1.000000,1.000000,{"1":121},1.000000,0.000000,0.000000,0.000000,1.000000,0.000000,-1.000000
0.025812709,2,96,read_only,256,8,1.000000,1.000000,1.000000,{"1":8},1.000000,0.000000,0.000000,0.000000,1.000000,0.000000,-1.000000
0.025812709,2,96,union,256,8,1.000000,1.000000,1.000000,{"1":8},1.000000,0.000000,0.000000,0.000000,1.000000,0.000000,-1.000000
0.025812709,2,96,snapshot,256,121,1.000000,1.000000,1.000000,{"1":121},1.000000,0.000000,0.000000,0.000000,1.000000,0.000000,-1.000000
0.025812709,2,96,read_only,1024,8,1.000000,1.000000,1.000000,{"1":8},1.000000,0.000000,0.000000,0.000000,1.000000,0.000000,-1.000000
0.025812709,2,96,union,1024,8,1.000000,1.000000,1.000000,{"1":8},1.000000,0.000000,0.000000,0.000000,1.000000,0.000000,-1.000000
0.025812709,2,96,snapshot,1024,121,1.000000,1.000000,1.000000,{"1":121},1.000000,0.000000,0.000000,0.000000,1.000000,0.000000,-1.000000
0.025812709,2,96,read_only,4096,8,1.000000,1.000000,1.000000,{"1":8},1.000000,0.000000,0.000000,0.000000,1.000000,0.000000,-1.000000
0.025812709,2,96,union,4096,8,1.000000,1.000000,1.000000,{"1":8},1.000000,0.000000,0.000000,0.000000,1.000000,0.000000,-1.000000
0.025812709,2,96,snapshot,4096,121,1.000000,1.000000,1.000000,{"1":121},1.000000,0.000000,0.000000,0.000000,1.000000,0.000000,-1.000000
0.025812709,2,96,read_only,16384,8,1.000000,1.000000,1.000000,{"1":8},1.000000,0.000000,0.000000,0.000000,1.000000,0.000000,-1.000000
0.025812709,2,96,union,16384,8,1.000000,1.000000,1.000000,{"1":8},1.000000,0.000000,0.000000,0.000000,1.000000,0.000000,-1.000000
0.025812709,2,96,snapshot,16384,121,1.000000,1.000000,1.000000,{"1":121},1.000000,0.000000,0.000000,0.000000,1.000000,0.000000,-1.000000
0.026045908,2,97,snapshot,64,121,1.000000,1.000000,1.000000,{"1":121},1.000000,0.000000,0.000000,0.000000,1.000000,0.000000,-1.000000
0.026045908,2,97,snapshot,256,121,1.000000,1.000000,1.000000,{"1":121},1.000000,0.000000,0.000000,0.000000,1.000000,0.000000,-1.000000
0.026045908,2,97,snapshot,1024,121,1.000000,1.000000,1.000000,{"1":121},1.000000,0.000000,0.000000,0.000000,1.000000,0.000000,-1.000000
0.026045908,2,97,snapshot,4096,121,1.000000,1.000000,1.000000,{"1":121},1.000000,0.000000,0.000000,0.000000,1.000000,0.000000,-1.000000
0.026045908,2,97,snapshot,16384,121,1.000000,1.000000,1.000000,{"1":121},1.000000,0.000000,0.000000,0.000000,1.000000,0.000000,-1.000000
0.026599637,2,98,snapshot,64,121,1.000000,1.000000,1.000000,{"1":121},1.000000,0.000000,0.000000,0.000000,1.000000,0.000000,-1.000000
0.026599637,2,98,snapshot,256,121,1.000000,1.000000,1.000000,{"1":121},1.000000,0.000000,0.000000,0.000000,1.000000,0.000000,-1.000000
0.026599637,2,98,snapshot,1024,121,1.000000,1.000000,1.000000,{"1":121},1.000000,0.000000,0.000000,0.000000,1.000000,0.000000,-1.000000
0.026599637,2,98,snapshot,4096,121,1.000000,1.000000,1.000000,{"1":121},1.000000,0.000000,0.000000,0.000000,1.000000,0.000000,-1.000000
0.026599637,2,98,snapshot,16384,121,1.000000,1.000000,1.000000,{"1":121},1.000000,0.000000,0.000000,0.000000,1.000000,0.000000,-1.000000
0.026835211,2,99,snapshot,64,121,1.000000,1.000000,1.000000,{"1":121},1.000000,0.000000,0.000000,0.000000,1.000000,0.000000,-1.000000
0.026835211,2,99,snapshot,256,121,1.000000,1.000000,1.000000,{"1":121},1.000000,0.000000,0.000000,0.000000,1.000000,0.000000,-1.000000
0.026835211,2,99,snapshot,1024,121,1.000000,1.000000,1.000000,{"1":121},1.000000,0.000000,0.000000,0.000000,1.000000,0.000000,-1.000000
0.026835211,2,99,snapshot,4096,121,1.000000,1.000000,1.000000,{"1":121},1.000000,0.000000,0.000000,0.000000,1.000000,0.000000,-1.000000
0.026835211,2,99,snapshot,16384,121,1.000000,1.000000,1.000000,{"1":121},1.000000,0.000000,0.000000,0.000000,1.000000,0.000000,-1.000000
0.027067560,2,100,snapshot,64,121,1.000000,1.000000,1.000000,{"1":121},1.000000,0.000000,0.000000,0.000000,1.000000,0.000000,-1.000000
0.027067560,2,100,snapshot,256,121,1.000000,1.000000,1.000000,{"1":121},1.000000,0.000000,0.000000,0.000000,1.000000,0.000000,-1.000000
0.027067560,2,100,snapshot,1024,121,1.000000,1.000000,1.000000,{"1":121},1.000000,0.000000,0.000000,0.000000,1.000000,0.000000,-1.000000
0.027067560,2,100,snapshot,4096,121,1.000000,1.000000,1.000000,{"1":121},1.000000,0.000000,0.000000,0.000000,1.000000,0.000000,-1.000000
0.027067560,2,100,snapshot,16384,121,1.000000,1.000000,1.000000,{"1":121},1.000000,0.000000,0.000000,0.000000,1.000000,0.000000,-1.000000
0.027299875,2,101,snapshot,64,121,1.000000,1.000000,1.000000,{"1":121},1.000000,0.000000,0.000000,0.000000,1.000000,0.000000,-1.000000
0.027299875,2,101,snapshot,256,121,1.000000,1.000000,1.000000,{"1":121},1.000000,0.000000,0.000000,0.000000,1.000000,0.000000,-1.000000
0.027299875,2,101,snapshot,1024,121,1.000000,1.000000,1.000000,{"1":121},1.000000,0.000000,0.000000,0.000000,1.000000,0.000000,-1.000000
0.027299875,2,101,snapshot,4096,121,1.000000,1.000000,1.000000,{"1":121},1.000000,0.000000,0.000000,0.000000,1.000000,0.000000,-1.000000
0.027299875,2,101,snapshot,16384,121,1.000000,1.000000,1.000000,{"1":121},1.000000,0.000000,0.000000,0.000000,1.000000,0.000000,-1.000000
0.027532651,2,102,snapshot,64,121,1.000000,1.000000,1.000000,{"1":121},1.000000,0.000000,0.000000,0.000000,1.000000,0.000000,-1.000000
0.027532651,2,102,snapshot,256,121,1.000000,1.000000,1.000000,{"1":121},1.000000,0.000000,0.000000,0.000000,1.000000,0.000000,-1.000000
0.027532651,2,102,snapshot,1024,121,1.000000,1.000000,1.000000,{"1":121},1.000000,0.000000,0.000000,0.000000,1.000000,0.000000,-1.000000
0.027532651,2,102,snapshot,4096,121,1.000000,1.000000,1.000000,{"1":121},1.000000,0.000000,0.000000,0.000000,1.000000,0.000000,-1.000000
0.027532651,2,102,snapshot,16384,121,1.000000,1.000000,1.000000,{"1":121},1.000000,0.000000,0.000000,0.000000,1.000000,0.000000,-1.000000
0.027767140,2,103,snapshot,64,121,1.000000,1.000000,1.000000,{"1":121},1.000000,0.000000,0.000000,0.000000,1.000000,0.000000,-1.000000
0.027767140,2,103,snapshot,256,121,1.000000,1.000000,1.000000,{"1":121},1.000000,0.000000,0.000000,0.000000,1.000000,0.000000,-1.000000
0.027767140,2,103,snapshot,1024,121,1.000000,1.000000,1.000000,{"1":121},1.000000,0.000000,0.000000,0.000000,1.000000,0.000000,-1.000000
0.027767140,2,103,snapshot,4096,121,1.000000,1.000000,1.000000,{"1":121},1.000000,0.000000,0.000000,0.000000,1.000000,0.000000,-1.000000
0.027767140,2,103,snapshot,16384,121,1.000000,1.000000,1.000000,{"1":121},1.000000,0.000000,0.000000,0.000000,1.000000,0.000000,-1.000000
0.028003811,2,104,snapshot,64,121,1.000000,1.000000,1.000000,{"1":121},1.000000,0.000000,0.000000,0.000000,1.000000,0.000000,-1.000000
0.028003811,2,104,snapshot,256,121,1.000000,1.000000,1.000000,{"1":121},1.000000,0.000000,0.000000,0.000000,1.000000,0.000000,-1.000000
0.028003811,2,104,snapshot,1024,121,1.000000,1.000000,1.000000,{"1":121},1.000000,0.000000,0.000000,0.000000,1.000000,0.000000,-1.000000
0.028003811,2,104,snapshot,4096,121,1.000000,1.000000,1.000000,{"1":121},1.000000,0.000000,0.000000,0.000000,1.000000,0.000000,-1.000000
0.028003811,2,104,snapshot,16384,121,1.000000,1.000000,1.000000,{"1":121},1.000000,0.000000,0.000000,0.000000,1.000000,0.000000,-1.000000
0.028236105,2,105,snapshot,64,121,1.000000,1.000000,1.000000,{"1":121},1.000000,0.000000,0.000000,0.000000,1.000000,0.000000,-1.000000
0.028236105,2,105,snapshot,256,121,1.000000,1.000000,1.000000,{"1":121},1.000000,0.000000,0.000000,0.000000,1.000000,0.000000,-1.000000
0.028236105,2,105,snapshot,1024,121,1.000000,1.000000,1.000000,{"1":121},1.000000,0.000000,0.000000,0.000000,1.000000,0.000000,-1.000000
0.028236105,2,105,snapshot,4096,121,1.000000,1.000000,1.000000,{"1":121},1.000000,0.000000,0.000000,0.000000,1.000000,0.000000,-1.000000
0.028236105,2,105,snapshot,16384,121,1.000000,1.000000,1.000000,{"1":121},1.000000,0.000000,0.000000,0.000000,1.000000,0.000000,-1.000000
0.028692766,2,106,snapshot,64,121,1.000000,1.000000,1.000000,{"1":121},1.000000,0.000000,0.000000,0.000000,1.000000,0.000000,-1.000000
0.028692766,2,106,snapshot,256,121,1.000000,1.000000,1.000000,{"1":121},1.000000,0.000000,0.000000,0.000000,1.000000,0.000000,-1.000000
0.028692766,2,106,snapshot,1024,121,1.000000,1.000000,1.000000,{"1":121},1.000000,0.000000,0.000000,0.000000,1.000000,0.000000,-1.000000
0.028692766,2,106,snapshot,4096,121,1.000000,1.000000,1.000000,{"1":121},1.000000,0.000000,0.000000,0.000000,1.000000,0.000000,-1.000000
0.028692766,2,106,snapshot,16384,121,1.000000,1.000000,1.000000,{"1":121},1.000000,0.000000,0.000000,0.000000,1.000000,0.000000,-1.000000
0.028925661,2,107,snapshot,64,121,1.000000,1.000000,1.000000,{"1":121},1.000000,0.000000,0.000000,0.000000,1.000000,0.000000,-1.000000
0.028925661,2,107,snapshot,256,121,1.000000,1.000000,1.000000,{"1":121},1.000000,0.000000,0.000000,0.000000,1.000000,0.000000,-1.000000
0.028925661,2,107,snapshot,1024,121,1.000000,1.000000,1.000000,{"1":121},1.000000,0.000000,0.000000,0.000000,1.000000,0.000000,-1.000000
0.028925661,2,107,snapshot,4096,121,1.000000,1.000000,1.000000,{"1":121},1.000000,0.000000,0.000000,0.000000,1.000000,0.000000,-1.000000
0.028925661,2,107,snapshot,16384,121,1.000000,1.000000,1.000000,{"1":121},1.000000,0.000000,0.000000,0.000000,1.000000,0.000000,-1.000000
0.029157922,2,108,snapshot,64,121,1.000000,1.000000,1.000000,{"1":121},1.000000,0.000000,0.000000,0.000000,1.000000,0.000000,-1.000000
0.029157922,2,108,snapshot,256,121,1.000000,1.000000,1.000000,{"1":121},1.000000,0.000000,0.000000,0.000000,1.000000,0.000000,-1.000000
0.029157922,2,108,snapshot,1024,121,1.000000,1.000000,1.000000,{"1":121},1.000000,0.000000,0.000000,0.000000,1.000000,0.000000,-1.000000
0.029157922,2,108,snapshot,4096,121,1.000000,1.000000,1.000000,{"1":121},1.000000,0.000000,0.000000,0.000000,1.000000,0.000000,-1.000000
0.029157922,2,108,snapshot,16384,121,1.000000,1.000000,1.000000,{"1":121},1.000000,0.000000,0.000000,0.000000,1.000000,0.000000,-1.000000
0.029393243,2,109,snapshot,64,121,1.000000,1.000000,1.000000,{"1":121},1.000000,0.000000,0.000000,0.000000,1.000000,0.000000,-1.000000
0.029393243,2,109,snapshot,256,121,1.000000,1.000000,1.000000,{"1":121},1.000000,0.000000,0.000000,0.000000,1.000000,0.000000,-1.000000
0.029393243,2,109,snapshot,1024,121,1.000000,1.000000,1.000000,{"1":121},1.000000,0.000000,0.000000,0.000000,1.000000,0.000000,-1.000000
0.029393243,2,109,snapshot,4096,121,1.000000,1.000000,1.000000,{"1":121},1.000000,0.000000,0.000000,0.000000,1.000000,0.000000,-1.000000
0.029393243,2,109,snapshot,16384,121,1.000000,1.000000,1.000000,{"1":121},1.000000,0.000000,0.000000,0.000000,1.000000,0.000000,-1.000000
0.029625481,2,110,snapshot,64,121,1.000000,1.000000,1.000000,{"1":121},1.000000,0.000000,0.000000,0.000000,1.000000,0.000000,-1.000000
0.029625481,2,110,snapshot,256,121,1.000000,1.000000,1.000000,{"1":121},1.000000,0.000000,0.000000,0.000000,1.000000,0.000000,-1.000000
0.029625481,2,110,snapshot,1024,121,1.000000,1.000000,1.000000,{"1":121},1.000000,0.000000,0.000000,0.000000,1.000000,0.000000,-1.000000
0.029625481,2,110,snapshot,4096,121,1.000000,1.000000,1.000000,{"1":121},1.000000,0.000000,0.000000,0.000000,1.000000,0.000000,-1.000000
0.029625481,2,110,snapshot,16384,121,1.000000,1.000000,1.000000,{"1":121},1.000000,0.000000,0.000000,0.000000,1.000000,0.000000,-1.000000
0.029858630,2,111,snapshot,64,121,1.000000,1.000000,1.000000,{"1":121},1.000000,0.000000,0.000000,0.000000,1.000000,0.000000,-1.000000
0.029858630,2,111,snapshot,256,121,1.000000,1.000000,1.000000,{"1":121},1.000000,0.000000,0.000000,0.000000,1.000000,0.000000,-1.000000
0.029858630,2,111,snapshot,1024,121,1.000000,1.000000,1.000000,{"1":121},1.000000,0.000000,0.000000,0.000000,1.000000,0.000000,-1.000000
0.029858630,2,111,snapshot,4096,121,1.000000,1.000000,1.000000,{"1":121},1.000000,0.000000,0.000000,0.000000,1.000000,0.000000,-1.000000
0.029858630,2,111,snapshot,16384,121,1.000000,1.000000,1.000000,{"1":121},1.000000,0.000000,0.000000,0.000000,1.000000,0.000000,-1.000000
0.030092425,2,112,snapshot,64,121,1.000000,1.000000,1.000000,{"1":121},1.000000,0.000000,0.000000,0.000000,1.000000,0.000000,-1.000000
0.030092425,2,112,snapshot,256,121,1.000000,1.000000,1.000000,{"1":121},1.000000,0.000000,0.000000,0.000000,1.000000,0.000000,-1.000000
0.030092425,2,112,snapshot,1024,121,1.000000,1.000000,1.000000,{"1":121},1.000000,0.000000,0.000000,0.000000,1.000000,0.000000,-1.000000
0.030092425,2,112,snapshot,4096,121,1.000000,1.000000,1.000000,{"1":121},1.000000,0.000000,0.000000,0.000000,1.000000,0.000000,-1.000000
0.030092425,2,112,snapshot,16384,121,1.000000,1.000000,1.000000,{"1":121},1.000000,0.000000,0.000000,0.000000,1.000000,0.000000,-1.000000
0.030325238,2,113,snapshot,64,121,1.000000,1.000000,1.000000,{"1":121},1.000000,0.000000,0.000000,0.000000,1.000000,0.000000,-1.000000
0.030325238,2,113,snapshot,256,121,1.000000,1.000000,1.000000,{"1":121},1.000000,0.000000,0.000000,0.000000,1.000000,0.000000,-1.000000
0.030325238,2,113,snapshot,1024,121,1.000000,1.000000,1.000000,{"1":121},1.000000,0.000000,0.000000,0.000000,1.000000,0.000000,-1.000000
0.030325238,2,113,snapshot,4096,121,1.000000,1.000000,1.000000,{"1":121},1.000000,0.000000,0.000000,0.000000,1.000000,0.000000,-1.000000
0.030325238,2,113,snapshot,16384,121,1.000000,1.000000,1.000000,{"1":121},1.000000,0.000000,0.000000,0.000000,1.000000,0.000000,-1.000000
0.030637092,2,114,snapshot,64,121,1.000000,1.000000,1.000000,{"1":121},1.000000,0.000000,0.000000,0.000000,1.000000,0.000000,-1.000000
0.030637092,2,114,snapshot,256,121,1.000000,1.000000,1.000000,{"1":121},1.000000,0.000000,0.000000,0.000000,1.000000,0.000000,-1.000000
0.030637092,2,114,snapshot,1024,121,1.000000,1.000000,1.000000,{"1":121},1.000000,0.000000,0.000000,0.000000,1.000000,0.000000,-1.000000
0.030637092,2,114,snapshot,4096,121,1.000000,1.000000,1.000000,{"1":121},1.000000,0.000000,0.000000,0.000000,1.000000,0.000000,-1.000000
0.030637092,2,114,snapshot,16384,121,1.000000,1.000000,1.000000,{"1":121},1.000000,0.000000,0.000000,0.000000,1.000000,0.000000,-1.000000
0.030869366,2,115,snapshot,64,121,1.000000,1.000000,1.000000,{"1":121},1.000000,0.000000,0.000000,0.000000,1.000000,0.000000,-1.000000
0.030869366,2,115,snapshot,256,121,1.000000,1.000000,1.000000,{"1":121},1.000000,0.000000,0.000000,0.000000,1.000000,0.000000,-1.000000
0.030869366,2,115,snapshot,1024,121,1.000000,1.000000,1.000000,{"1":121},1.000000,0.000000,0.000000,0.000000,1.000000,0.000000,-1.000000
0.030869366,2,115,snapshot,4096,121,1.000000,1.000000,1.000000,{"1":121},1.000000,0.000000,0.000000,0.000000,1.000000,0.000000,-1.000000
0.030869366,2,115,snapshot,16384,121,1.000000,1.000000,1.000000,{"1":121},1.000000,0.000000,0.000000,0.000000,1.000000,0.000000,-1.000000
0.031101618,2,116,snapshot,64,121,1.000000,1.000000,1.000000,{"1":121},1.000000,0.000000,0.000000,0.000000,1.000000,0.000000,-1.000000
0.031101618,2,116,snapshot,256,121,1.000000,1.000000,1.000000,{"1":121},1.000000,0.000000,0.000000,0.000000,1.000000,0.000000,-1.000000
0.031101618,2,116,snapshot,1024,121,1.000000,1.000000,1.000000,{"1":121},1.000000,0.000000,0.000000,0.000000,1.000000,0.000000,-1.000000
0.031101618,2,116,snapshot,4096,121,1.000000,1.000000,1.000000,{"1":121},1.000000,0.000000,0.000000,0.000000,1.000000,0.000000,-1.000000
0.031101618,2,116,snapshot,16384,121,1.000000,1.000000,1.000000,{"1":121},1.000000,0.000000,0.000000,0.000000,1.000000,0.000000,-1.000000
0.031334524,2,117,snapshot,64,121,1.000000,1.000000,1.000000,{"1":121},1.000000,0.000000,0.000000,0.000000,1.000000,0.000000,-1.000000
0.031334524,2,117,snapshot,256,121,1.000000,1.000000,1.000000,{"1":121},1.000000,0.000000,0.000000,0.000000,1.000000,0.000000,-1.000000
0.031334524,2,117,snapshot,1024,121,1.000000,1.000000,1.000000,{"1":121},1.000000,0.000000,0.000000,0.000000,1.000000,0.000000,-1.000000
0.031334524,2,117,snapshot,4096,121,1.000000,1.000000,1.000000,{"1":121},1.000000,0.000000,0.000000,0.000000,1.000000,0.000000,-1.000000
0.031334524,2,117,snapshot,16384,121,1.000000,1.000000,1.000000,{"1":121},1.000000,0.000000,0.000000,0.000000,1.000000,0.000000,-1.000000
0.031567701,2,118,snapshot,64,121,1.000000,1.000000,1.000000,{"1":121},1.000000,0.000000,0.000000,0.000000,1.000000,0.000000,-1.000000
0.031567701,2,118,snapshot,256,121,1.000000,1.000000,1.000000,{"1":121},1.000000,0.000000,0.000000,0.000000,1.000000,0.000000,-1.000000
0.031567701,2,118,snapshot,1024,121,1.000000,1.000000,1.000000,{"1":121},1.000000,0.000000,0.000000,0.000000,1.000000,0.000000,-1.000000
0.031567701,2,118,snapshot,4096,121,1.000000,1.000000,1.000000,{"1":121},1.000000,0.000000,0.000000,0.000000,1.000000,0.000000,-1.000000
0.031567701,2,118,snapshot,16384,121,1.000000,1.000000,1.000000,{"1":121},1.000000,0.000000,0.000000,0.000000,1.000000,0.000000,-1.000000
0.031802739,2,119,snapshot,64,121,1.000000,1.000000,1.000000,{"1":121},1.000000,0.000000,0.000000,0.000000,1.000000,0.000000,-1.000000
0.031802739,2,119,snapshot,256,121,1.000000,1.000000,1.000000,{"1":121},1.000000,0.000000,0.000000,0.000000,1.000000,0.000000,-1.000000
0.031802739,2,119,snapshot,1024,121,1.000000,1.000000,1.000000,{"1":121},1.000000,0.000000,0.000000,0.000000,1.000000,0.000000,-1.000000
0.031802739,2,119,snapshot,4096,121,1.000000,1.000000,1.000000,{"1":121},1.000000,0.000000,0.000000,0.000000,1.000000,0.000000,-1.000000
0.031802739,2,119,snapshot,16384,121,1.000000,1.000000,1.000000,{"1":121},1.000000,0.000000,0.000000,0.000000,1.000000,0.000000,-1.000000
0.032035923,2,120,snapshot,64,121,1.000000,1.000000,1.000000,{"1":121},1.000000,0.000000,0.000000,0.000000,1.000000,0.000000,-1.000000
0.032035923,2,120,snapshot,256,121,1.000000,1.000000,1.000000,{"1":121},1.000000,0.000000,0.000000,0.000000,1.000000,0.000000,-1.000000
0.032035923,2,120,snapshot,1024,121,1.000000,1.000000,1.000000,{"1":121},1.000000,0.000000,0.000000,0.000000,1.000000,0.000000,-1.000000
0.032035923,2,120,snapshot,4096,121,1.000000,1.000000,1.000000,{"1":121},1.000000,0.000000,0.000000,0.000000,1.000000,0.000000,-1.000000
0.032035923,2,120,snapshot,16384,121,1.000000,1.000000,1.000000,{"1":121},1.000000,0.000000,0.000000,0.000000,1.000000,0.000000,-1.000000
0.032268092,2,121,snapshot,64,121,1.000000,1.000000,1.000000,{"1":121},1.000000,0.000000,0.000000,0.000000,1.000000,0.000000,-1.000000
0.032268092,2,121,snapshot,256,121,1.000000,1.000000,1.000000,{"1":121},1.000000,0.000000,0.000000,0.000000,1.000000,0.000000,-1.000000
0.032268092,2,121,snapshot,1024,121,1.000000,1.000000,1.000000,{"1":121},1.000000,0.000000,0.000000,0.000000,1.000000,0.000000,-1.000000
0.032268092,2,121,snapshot,4096,121,1.000000,1.000000,1.000000,{"1":121},1.000000,0.000000,0.000000,0.000000,1.000000,0.000000,-1.000000
0.032268092,2,121,snapshot,16384,121,1.000000,1.000000,1.000000,{"1":121},1.000000,0.000000,0.000000,0.000000,1.000000,0.000000,-1.000000
0.032522988,2,122,snapshot,64,121,1.000000,1.000000,1.000000,{"1":121},1.000000,0.000000,0.000000,0.000000,1.000000,0.000000,-1.000000
0.032522988,2,122,snapshot,256,121,1.000000,1.000000,1.000000,{"1":121},1.000000,0.000000,0.000000,0.000000,1.000000,0.000000,-1.000000
0.032522988,2,122,snapshot,1024,121,1.000000,1.000000,1.000000,{"1":121},1.000000,0.000000,0.000000,0.000000,1.000000,0.000000,-1.000000
0.032522988,2,122,snapshot,4096,121,1.000000,1.000000,1.000000,{"1":121},1.000000,0.000000,0.000000,0.000000,1.000000,0.000000,-1.000000
0.032522988,2,122,snapshot,16384,121,1.000000,1.000000,1.000000,{"1":121},1.000000,0.000000,0.000000,0.000000,1.000000,0.000000,-1.000000
0.032755842,2,123,snapshot,64,121,1.000000,1.000000,1.000000,{"1":121},1.000000,0.000000,0.000000,0.000000,1.000000,0.000000,-1.000000
0.032755842,2,123,snapshot,256,121,1.000000,1.000000,1.000000,{"1":121},1.000000,0.000000,0.000000,0.000000,1.000000,0.000000,-1.000000
0.032755842,2,123,snapshot,1024,121,1.000000,1.000000,1.000000,{"1":121},1.000000,0.000000,0.000000,0.000000,1.000000,0.000000,-1.000000
0.032755842,2,123,snapshot,4096,121,1.000000,1.000000,1.000000,{"1":121},1.000000,0.000000,0.000000,0.000000,1.000000,0.000000,-1.000000
0.032755842,2,123,snapshot,16384,121,1.000000,1.000000,1.000000,{"1":121},1.000000,0.000000,0.000000,0.000000,1.000000,0.000000,-1.000000
0.033038280,2,124,snapshot,64,121,1.000000,1.000000,1.000000,{"1":121},1.000000,0.000000,0.000000,0.000000,1.000000,0.000000,-1.000000
0.033038280,2,124,snapshot,256,121,1.000000,1.000000,1.000000,{"1":121},1.000000,0.000000,0.000000,0.000000,1.000000,0.000000,-1.000000
0.033038280,2,124,snapshot,1024,121,1.000000,1.000000,1.000000,{"1":121},1.000000,0.000000,0.000000,0.000000,1.000000,0.000000,-1.000000
0.033038280,2,124,snapshot,4096,121,1.000000,1.000000,1.000000,{"1":121},1.000000,0.000000,0.000000,0.000000,1.000000,0.000000,-1.000000
0.033038280,2,124,snapshot,16384,121,1.000000,1.000000,1.000000,{"1":121},1.000000,0.000000,0.000000,0.000000,1.000000,0.000000,-1.000000
0.033271079,2,125,snapshot,64,121,1.000000,1.000000,1.000000,{"1":121},1.000000,0.000000,0.000000,0.000000,1.000000,0.000000,-1.000000
0.033271079,2,125,snapshot,256,121,1.000000,1.000000,1.000000,{"1":121},1.000000,0.000000,0.000000,0.000000,1.000000,0.000000,-1.000000
0.033271079,2,125,snapshot,1024,121,1.000000,1.000000,1.000000,{"1":121},1.000000,0.000000,0.000000,0.000000,1.000000,0.000000,-1.000000
0.033271079,2,125,snapshot,4096,121,1.000000,1.000000,1.000000,{"1":121},1.000000,0.000000,0.000000,0.000000,1.000000,0.000000,-1.000000
0.033271079,2,125,snapshot,16384,121,1.000000,1.000000,1.000000,{"1":121},1.000000,0.000000,0.000000,0.000000,1.000000,0.000000,-1.000000
0.038187307,2,144,read_only,64,2,1.000000,1.000000,1.000000,{"1":2},1.000000,0.000000,0.000000,0.000000,1.000000,0.000000,-1.000000
0.038187307,2,144,union,64,2,1.000000,1.000000,1.000000,{"1":2},1.000000,0.000000,0.000000,0.000000,1.000000,0.000000,-1.000000
0.038187307,2,144,snapshot,64,2,1.000000,1.000000,1.000000,{"1":2},1.000000,0.000000,0.000000,0.000000,1.000000,0.000000,-1.000000
0.038187307,2,144,read_only,256,2,1.000000,1.000000,1.000000,{"1":2},1.000000,0.000000,0.000000,0.000000,1.000000,0.000000,-1.000000
0.038187307,2,144,union,256,2,1.000000,1.000000,1.000000,{"1":2},1.000000,0.000000,0.000000,0.000000,1.000000,0.000000,-1.000000
0.038187307,2,144,snapshot,256,2,1.000000,1.000000,1.000000,{"1":2},1.000000,0.000000,0.000000,0.000000,1.000000,0.000000,-1.000000
0.038187307,2,144,read_only,1024,2,1.000000,1.000000,1.000000,{"1":2},1.000000,0.000000,0.000000,0.000000,1.000000,0.000000,-1.000000
0.038187307,2,144,union,1024,2,1.000000,1.000000,1.000000,{"1":2},1.000000,0.000000,0.000000,0.000000,1.000000,0.000000,-1.000000
0.038187307,2,144,snapshot,1024,2,1.000000,1.000000,1.000000,{"1":2},1.000000,0.000000,0.000000,0.000000,1.000000,0.000000,-1.000000
0.038187307,2,144,read_only,4096,2,1.000000,1.000000,1.000000,{"1":2},1.000000,0.000000,0.000000,0.000000,1.000000,0.000000,-1.000000
0.038187307,2,144,union,4096,2,1.000000,1.000000,1.000000,{"1":2},1.000000,0.000000,0.000000,0.000000,1.000000,0.000000,-1.000000
0.038187307,2,144,snapshot,4096,2,1.000000,1.000000,1.000000,{"1":2},1.000000,0.000000,0.000000,0.000000,1.000000,0.000000,-1.000000
0.038187307,2,144,read_only,16384,2,1.000000,1.000000,1.000000,{"1":2},1.000000,0.000000,0.000000,0.000000,1.000000,0.000000,-1.000000
0.038187307,2,144,union,16384,2,1.000000,1.000000,1.000000,{"1":2},1.000000,0.000000,0.000000,0.000000,1.000000,0.000000,-1.000000
0.038187307,2,144,snapshot,16384,2,1.000000,1.000000,1.000000,{"1":2},1.000000,0.000000,0.000000,0.000000,1.000000,0.000000,-1.000000
0.038418866,2,145,snapshot,64,2,1.000000,1.000000,1.000000,{"1":2},1.000000,0.000000,0.000000,0.000000,1.000000,0.000000,-1.000000
0.038418866,2,145,snapshot,256,2,1.000000,1.000000,1.000000,{"1":2},1.000000,0.000000,0.000000,0.000000,1.000000,0.000000,-1.000000
0.038418866,2,145,snapshot,1024,2,1.000000,1.000000,1.000000,{"1":2},1.000000,0.000000,0.000000,0.000000,1.000000,0.000000,-1.000000
0.038418866,2,145,snapshot,4096,2,1.000000,1.000000,1.000000,{"1":2},1.000000,0.000000,0.000000,0.000000,1.000000,0.000000,-1.000000
0.038418866,2,145,snapshot,16384,2,1.000000,1.000000,1.000000,{"1":2},1.000000,0.000000,0.000000,0.000000,1.000000,0.000000,-1.000000
0.038652704,2,146,read_only,64,3,1.000000,1.000000,1.000000,{"1":3},1.000000,0.000000,0.000000,0.000000,1.000000,0.000000,-1.000000
0.038652704,2,146,union,64,3,1.000000,1.000000,1.000000,{"1":3},1.000000,0.000000,0.000000,0.000000,1.000000,0.000000,-1.000000
0.038652704,2,146,snapshot,64,5,1.000000,1.000000,1.000000,{"1":5},1.000000,0.000000,0.000000,0.000000,1.000000,0.000000,-1.000000
0.038652704,2,146,read_only,256,3,1.000000,1.000000,1.000000,{"1":3},1.000000,0.000000,0.000000,0.000000,1.000000,0.000000,-1.000000
0.038652704,2,146,union,256,3,1.000000,1.000000,1.000000,{"1":3},1.000000,0.000000,0.000000,0.000000,1.000000,0.000000,-1.000000
0.038652704,2,146,snapshot,256,5,1.000000,1.000000,1.000000,{"1":5},1.000000,0.000000,0.000000,0.000000,1.000000,0.000000,-1.000000
0.038652704,2,146,read_only,1024,3,1.000000,1.000000,1.000000,{"1":3},1.000000,0.000000,0.000000,0.000000,1.000000,0.000000,-1.000000
0.038652704,2,146,union,1024,3,1.000000,1.000000,1.000000,{"1":3},1.000000,0.000000,0.000000,0.000000,1.000000,0.000000,-1.000000
0.038652704,2,146,snapshot,1024,5,1.000000,1.000000,1.000000,{"1":5},1.000000,0.000000,0.000000,0.000000,1.000000,0.000000,-1.000000
0.038652704,2,146,read_only,4096,3,1.000000,1.000000,1.000000,{"1":3},1.000000,0.000000,0.000000,0.000000,1.000000,0.000000,-1.000000
0.038652704,2,146,union,4096,3,1.000000,1.000000,1.000000,{"1":3},1.000000,0.000000,0.000000,0.000000,1.000000,0.000000,-1.000000
0.038652704,2,146,snapshot,4096,5,1.000000,1.000000,1.000000,{"1":5},1.000000,0.000000,0.000000,0.000000,1.000000,0.000000,-1.000000
0.038652704,2,146,read_only,16384,3,1.000000,1.000000,1.000000,{"1":3},1.000000,0.000000,0.000000,0.000000,1.000000,0.000000,-1.000000
0.038652704,2,146,union,16384,3,1.000000,1.000000,1.000000,{"1":3},1.000000,0.000000,0.000000,0.000000,1.000000,0.000000,-1.000000
0.038652704,2,146,snapshot,16384,5,1.000000,1.000000,1.000000,{"1":5},1.000000,0.000000,0.000000,0.000000,1.000000,0.000000,-1.000000
0.038886117,2,147,snapshot,64,5,1.000000,1.000000,1.000000,{"1":5},1.000000,0.000000,0.000000,0.000000,1.000000,0.000000,-1.000000
0.038886117,2,147,snapshot,256,5,1.000000,1.000000,1.000000,{"1":5},1.000000,0.000000,0.000000,0.000000,1.000000,0.000000,-1.000000
0.038886117,2,147,snapshot,1024,5,1.000000,1.000000,1.000000,{"1":5},1.000000,0.000000,0.000000,0.000000,1.000000,0.000000,-1.000000
0.038886117,2,147,snapshot,4096,5,1.000000,1.000000,1.000000,{"1":5},1.000000,0.000000,0.000000,0.000000,1.000000,0.000000,-1.000000
0.038886117,2,147,snapshot,16384,5,1.000000,1.000000,1.000000,{"1":5},1.000000,0.000000,0.000000,0.000000,1.000000,0.000000,-1.000000
0.039212014,2,148,read_only,64,2,1.000000,1.000000,1.000000,{"1":2},1.000000,0.000000,0.000000,0.000000,1.000000,0.000000,-1.000000
0.039212014,2,148,union,64,4,1.000000,1.000000,1.000000,{"1":4},1.000000,0.000000,0.000000,0.000000,1.000000,0.000000,-1.000000
0.039212014,2,148,snapshot,64,9,1.000000,1.000000,1.000000,{"1":9},1.000000,0.000000,0.000000,0.000000,1.000000,0.000000,-1.000000
0.039212014,2,148,read_only,256,2,1.000000,1.000000,1.000000,{"1":2},1.000000,0.000000,0.000000,0.000000,1.000000,0.000000,-1.000000
0.039212014,2,148,union,256,4,1.000000,1.000000,1.000000,{"1":4},1.000000,0.000000,0.000000,0.000000,1.000000,0.000000,-1.000000
0.039212014,2,148,snapshot,256,9,1.000000,1.000000,1.000000,{"1":9},1.000000,0.000000,0.000000,0.000000,1.000000,0.000000,-1.000000
0.039212014,2,148,read_only,1024,2,1.000000,1.000000,1.000000,{"1":2},1.000000,0.000000,0.000000,0.000000,1.000000,0.000000,-1.000000
0.039212014,2,148,union,1024,4,1.000000,1.000000,1.000000,{"1":4},1.000000,0.000000,0.000000,0.000000,1.000000,0.000000,-1.000000
0.039212014,2,148,snapshot,1024,9,1.000000,1.000000,1.000000,{"1":9},1.000000,0.000000,0.000000,0.000000,1.000000,0.000000,-1.000000
0.039212014,2,148,read_only,4096,2,1.000000,1.000000,1.000000,{"1":2},1.000000,0.000000,0.000000,0.000000,1.000000,0.000000,-1.000000
0.039212014,2,148,union,4096,4,1.000000,1.000000,1.000000,{"1":4},1.000000,0.000000,0.000000,0.000000,1.000000,0.000000,-1.000000
0.039212014,2,148,snapshot,4096,9,1.000000,1.000000,1.000000,{"1":9},1.000000,0.000000,0.000000,0.000000,1.000000,0.000000,-1.000000
0.039212014,2,148,read_only,16384,2,1.000000,1.000000,1.000000,{"1":2},1.000000,0.000000,0.000000,0.000000,1.000000,0.000000,-1.000000
0.039212014,2,148,union,16384,4,1.000000,1.000000,1.000000,{"1":4},1.000000,0.000000,0.000000,0.000000,1.000000,0.000000,-1.000000
0.039212014,2,148,snapshot,16384,9,1.000000,1.000000,1.000000,{"1":9},1.000000,0.000000,0.000000,0.000000,1.000000,0.000000,-1.000000
0.039530465,2,149,snapshot,64,9,1.000000,1.000000,1.000000,{"1":9},1.000000,0.000000,0.000000,0.000000,1.000000,0.000000,-1.000000
0.039530465,2,149,snapshot,256,9,1.000000,1.000000,1.000000,{"1":9},1.000000,0.000000,0.000000,0.000000,1.000000,0.000000,-1.000000
0.039530465,2,149,snapshot,1024,9,1.000000,1.000000,1.000000,{"1":9},1.000000,0.000000,0.000000,0.000000,1.000000,0.000000,-1.000000
0.039530465,2,149,snapshot,4096,9,1.000000,1.000000,1.000000,{"1":9},1.000000,0.000000,0.000000,0.000000,1.000000,0.000000,-1.000000
0.039530465,2,149,snapshot,16384,9,1.000000,1.000000,1.000000,{"1":9},1.000000,0.000000,0.000000,0.000000,1.000000,0.000000,-1.000000
0.039763936,2,150,snapshot,64,9,1.000000,1.000000,1.000000,{"1":9},1.000000,0.000000,0.000000,0.000000,1.000000,0.000000,-1.000000
0.039763936,2,150,snapshot,256,9,1.000000,1.000000,1.000000,{"1":9},1.000000,0.000000,0.000000,0.000000,1.000000,0.000000,-1.000000
0.039763936,2,150,snapshot,1024,9,1.000000,1.000000,1.000000,{"1":9},1.000000,0.000000,0.000000,0.000000,1.000000,0.000000,-1.000000
0.039763936,2,150,snapshot,4096,9,1.000000,1.000000,1.000000,{"1":9},1.000000,0.000000,0.000000,0.000000,1.000000,0.000000,-1.000000
0.039763936,2,150,snapshot,16384,9,1.000000,1.000000,1.000000,{"1":9},1.000000,0.000000,0.000000,0.000000,1.000000,0.000000,-1.000000
0.040576593,2,153,read_only,64,1,1.000000,1.000000,1.000000,{"1":1},1.000000,0.000000,0.000000,0.000000,1.000000,0.000000,-1.000000
0.040576593,2,153,union,64,3,1.000000,1.000000,1.000000,{"1":3},1.000000,0.000000,0.000000,0.000000,1.000000,0.000000,-1.000000
0.040576593,2,153,snapshot,64,3,1.000000,1.000000,1.000000,{"1":3},1.000000,0.000000,0.000000,0.000000,1.000000,0.000000,-1.000000
0.040576593,2,153,read_only,256,1,1.000000,1.000000,1.000000,{"1":1},1.000000,0.000000,0.000000,0.000000,1.000000,0.000000,-1.000000
0.040576593,2,153,union,256,3,1.000000,1.000000,1.000000,{"1":3},1.000000,0.000000,0.000000,0.000000,1.000000,0.000000,-1.000000
0.040576593,2,153,snapshot,256,3,1.000000,1.000000,1.000000,{"1":3},1.000000,0.000000,0.000000,0.000000,1.000000,0.000000,-1.000000
0.040576593,2,153,read_only,1024,1,1.000000,1.000000,1.000000,{"1":1},1.000000,0.000000,0.000000,0.000000,1.000000,0.000000,-1.000000
0.040576593,2,153,union,1024,3,1.000000,1.000000,1.000000,{"1":3},1.000000,0.000000,0.000000,0.000000,1.000000,0.000000,-1.000000
0.040576593,2,153,snapshot,1024,3,1.000000,1.000000,1.000000,{"1":3},1.000000,0.000000,0.000000,0.000000,1.000000,0.000000,-1.000000
0.040576593,2,153,read_only,4096,1,1.000000,1.000000,1.000000,{"1":1},1.000000,0.000000,0.000000,0.000000,1.000000,0.000000,-1.000000
0.040576593,2,153,union,4096,3,1.000000,1.000000,1.000000,{"1":3},1.000000,0.000000,0.000000,0.000000,1.000000,0.000000,-1.000000
0.040576593,2,153,snapshot,4096,3,1.000000,1.000000,1.000000,{"1":3},1.000000,0.000000,0.000000,0.000000,1.000000,0.000000,-1.000000
0.040576593,2,153,read_only,16384,1,1.000000,1.000000,1.000000,{"1":1},1.000000,0.000000,0.000000,0.000000,1.000000,0.000000,-1.000000
0.040576593,2,153,union,16384,3,1.000000,1.000000,1.000000,{"1":3},1.000000,0.000000,0.000000,0.000000,1.000000,0.000000,-1.000000
0.040576593,2,153,snapshot,16384,3,1.000000,1.000000,1.000000,{"1":3},1.000000,0.000000,0.000000,0.000000,1.000000,0.000000,-1.000000
0.040820220,2,154,snapshot,64,3,1.000000,1.000000,1.000000,{"1":3},1.000000,0.000000,0.000000,0.000000,1.000000,0.000000,-1.000000
0.040820220,2,154,snapshot,256,3,1.000000,1.000000,1.000000,{"1":3},1.000000,0.000000,0.000000,0.000000,1.000000,0.000000,-1.000000
0.040820220,2,154,snapshot,1024,3,1.000000,1.000000,1.000000,{"1":3},1.000000,0.000000,0.000000,0.000000,1.000000,0.000000,-1.000000
0.040820220,2,154,snapshot,4096,3,1.000000,1.000000,1.000000,{"1":3},1.000000,0.000000,0.000000,0.000000,1.000000,0.000000,-1.000000
0.040820220,2,154,snapshot,16384,3,1.000000,1.000000,1.000000,{"1":3},1.000000,0.000000,0.000000,0.000000,1.000000,0.000000,-1.000000
0.041065576,2,155,read_only,64,3,1.000000,1.000000,1.000000,{"1":3},1.000000,0.000000,0.000000,0.000000,1.000000,0.000000,-1.000000
0.041065576,2,155,union,64,3,1.000000,1.000000,1.000000,{"1":3},1.000000,0.000000,0.000000,0.000000,1.000000,0.000000,-1.000000
0.041065576,2,155,snapshot,64,6,1.000000,1.000000,1.000000,{"1":6},1.000000,0.000000,0.000000,0.000000,1.000000,0.000000,-1.000000
0.041065576,2,155,read_only,256,3,1.000000,1.000000,1.000000,{"1":3},1.000000,0.000000,0.000000,0.000000,1.000000,0.000000,-1.000000
0.041065576,2,155,union,256,3,1.000000,1.000000,1.000000,{"1":3},1.000000,0.000000,0.000000,0.000000,1.000000,0.000000,-1.000000
0.041065576,2,155,snapshot,256,6,1.000000,1.000000,1.000000,{"1":6},1.000000,0.000000,0.000000,0.000000,1.000000,0.000000,-1.000000
0.041065576,2,155,read_only,1024,3,1.000000,1.000000,1.000000,{"1":3},1.000000,0.000000,0.000000,0.000000,1.000000,0.000000,-1.000000
0.041065576,2,155,union,1024,3,1.000000,1.000000,1.000000,{"1":3},1.000000,0.000000,0.000000,0.000000,1.000000,0.000000,-1.000000
0.041065576,2,155,snapshot,1024,6,1.000000,1.000000,1.000000,{"1":6},1.000000,0.000000,0.000000,0.000000,1.000000,0.000000,-1.000000
0.041065576,2,155,read_only,4096,3,1.000000,1.000000,1.000000,{"1":3},1.000000,0.000000,0.000000,0.000000,1.000000,0.000000,-1.000000
0.041065576,2,155,union,4096,3,1.000000,1.000000,1.000000,{"1":3},1.000000,0.000000,0.000000,0.000000,1.000000,0.000000,-1.000000
0.041065576,2,155,snapshot,4096,6,1.000000,1.000000,1.000000,{"1":6},1.000000,0.000000,0.000000,0.000000,1.000000,0.000000,-1.000000
0.041065576,2,155,read_only,16384,3,1.000000,1.000000,1.000000,{"1":3},1.000000,0.000000,0.000000,0.000000,1.000000,0.000000,-1.000000
0.041065576,2,155,union,16384,3,1.000000,1.000000,1.000000,{"1":3},1.000000,0.000000,0.000000,0.000000,1.000000,0.000000,-1.000000
0.041065576,2,155,snapshot,16384,6,1.000000,1.000000,1.000000,{"1":6},1.000000,0.000000,0.000000,0.000000,1.000000,0.000000,-1.000000
0.041379368,2,156,read_only,64,2,1.000000,1.000000,1.000000,{"1":2},1.000000,0.000000,0.000000,0.000000,1.000000,0.000000,-1.000000
0.041379368,2,156,union,64,2,1.000000,1.000000,1.000000,{"1":2},1.000000,0.000000,0.000000,0.000000,1.000000,0.000000,-1.000000
0.041379368,2,156,snapshot,64,8,1.000000,1.000000,1.000000,{"1":8},1.000000,0.000000,0.000000,0.000000,1.000000,0.000000,-1.000000
0.041379368,2,156,read_only,256,2,1.000000,1.000000,1.000000,{"1":2},1.000000,0.000000,0.000000,0.000000,1.000000,0.000000,-1.000000
0.041379368,2,156,union,256,2,1.000000,1.000000,1.000000,{"1":2},1.000000,0.000000,0.000000,0.000000,1.000000,0.000000,-1.000000
0.041379368,2,156,snapshot,256,8,1.000000,1.000000,1.000000,{"1":8},1.000000,0.000000,0.000000,0.000000,1.000000,0.000000,-1.000000
0.041379368,2,156,read_only,1024,2,1.000000,1.000000,1.000000,{"1":2},1.000000,0.000000,0.000000,0.000000,1.000000,0.000000,-1.000000
0.041379368,2,156,union,1024,2,1.000000,1.000000,1.000000,{"1":2},1.000000,0.000000,0.000000,0.000000,1.000000,0.000000,-1.000000
0.041379368,2,156,snapshot,1024,8,1.000000,1.000000,1.000000,{"1":8},1.000000,0.000000,0.000000,0.000000,1.000000,0.000000,-1.000000
0.041379368,2,156,read_only,4096,2,1.000000,1.000000,1.000000,{"1":2},1.000000,0.000000,0.000000,0.000000,1.000000,0.000000,-1.000000
0.041379368,2,156,union,4096,2,1.000000,1.000000,1.000000,{"1":2},1.000000,0.000000,0.000000,0.000000,1.000000,0.000000,-1.000000
0.041379368,2,156,snapshot,4096,8,1.000000,1.000000,1.000000,{"1":8},1.000000,0.000000,0.000000,0.000000,1.000000,0.000000,-1.000000
0.041379368,2,156,read_only,16384,2,1.000000,1.000000,1.000000,{"1":2},1.000000,0.000000,0.000000,0.000000,1.000000,0.000000,-1.000000
0.041379368,2,156,union,16384,2,1.000000,1.000000,1.000000,{"1":2},1.000000,0.000000,0.000000,0.000000,1.000000,0.000000,-1.000000
0.041379368,2,156,snapshot,16384,8,1.000000,1.000000,1.000000,{"1":8},1.000000,0.000000,0.000000,0.000000,1.000000,0.000000,-1.000000
0.041612410,2,157,snapshot,64,8,1.000000,1.000000,1.000000,{"1":8},1.000000,0.000000,0.000000,0.000000,1.000000,0.000000,-1.000000
0.041612410,2,157,snapshot,256,8,1.000000,1.000000,1.000000,{"1":8},1.000000,0.000000,0.000000,0.000000,1.000000,0.000000,-1.000000
0.041612410,2,157,snapshot,1024,8,1.000000,1.000000,1.000000,{"1":8},1.000000,0.000000,0.000000,0.000000,1.000000,0.000000,-1.000000
0.041612410,2,157,snapshot,4096,8,1.000000,1.000000,1.000000,{"1":8},1.000000,0.000000,0.000000,0.000000,1.000000,0.000000,-1.000000
0.041612410,2,157,snapshot,16384,8,1.000000,1.000000,1.000000,{"1":8},1.000000,0.000000,0.000000,0.000000,1.000000,0.000000,-1.000000
0.041848698,2,158,snapshot,64,8,1.000000,1.000000,1.000000,{"1":8},1.000000,0.000000,0.000000,0.000000,1.000000,0.000000,-1.000000
0.041848698,2,158,snapshot,256,8,1.000000,1.000000,1.000000,{"1":8},1.000000,0.000000,0.000000,0.000000,1.000000,0.000000,-1.000000
0.041848698,2,158,snapshot,1024,8,1.000000,1.000000,1.000000,{"1":8},1.000000,0.000000,0.000000,0.000000,1.000000,0.000000,-1.000000
0.041848698,2,158,snapshot,4096,8,1.000000,1.000000,1.000000,{"1":8},1.000000,0.000000,0.000000,0.000000,1.000000,0.000000,-1.000000
0.041848698,2,158,snapshot,16384,8,1.000000,1.000000,1.000000,{"1":8},1.000000,0.000000,0.000000,0.000000,1.000000,0.000000,-1.000000
0.042081662,2,159,snapshot,64,8,1.000000,1.000000,1.000000,{"1":8},1.000000,0.000000,0.000000,0.000000,1.000000,0.000000,-1.000000
0.042081662,2,159,snapshot,256,8,1.000000,1.000000,1.000000,{"1":8},1.000000,0.000000,0.000000,0.000000,1.000000,0.000000,-1.000000
0.042081662,2,159,snapshot,1024,8,1.000000,1.000000,1.000000,{"1":8},1.000000,0.000000,0.000000,0.000000,1.000000,0.000000,-1.000000
0.042081662,2,159,snapshot,4096,8,1.000000,1.000000,1.000000,{"1":8},1.000000,0.000000,0.000000,0.000000,1.000000,0.000000,-1.000000
0.042081662,2,159,snapshot,16384,8,1.000000,1.000000,1.000000,{"1":8},1.000000,0.000000,0.000000,0.000000,1.000000,0.000000,-1.000000
0.042442565,2,160,read_only,64,3,1.000000,1.000000,1.000000,{"1":3},1.000000,0.000000,0.000000,0.000000,1.000000,0.000000,-1.000000
0.042442565,2,160,union,64,10,1.000000,1.000000,1.000000,{"1":10},1.000000,0.000000,0.000000,0.000000,1.000000,0.000000,-1.000000
0.042442565,2,160,snapshot,64,18,1.000000,1.000000,1.000000,{"1":18},1.000000,0.000000,0.000000,0.000000,1.000000,0.000000,-1.000000
0.042442565,2,160,read_only,256,3,1.000000,1.000000,1.000000,{"1":3},1.000000,0.000000,0.000000,0.000000,1.000000,0.000000,-1.000000
0.042442565,2,160,union,256,10,1.000000,1.000000,1.000000,{"1":10},1.000000,0.000000,0.000000,0.000000,1.000000,0.000000,-1.000000
0.042442565,2,160,snapshot,256,18,1.000000,1.000000,1.000000,{"1":18},1.000000,0.000000,0.000000,0.000000,1.000000,0.000000,-1.000000
0.042442565,2,160,read_only,1024,3,1.000000,1.000000,1.000000,{"1":3},1.000000,0.000000,0.000000,0.000000,1.000000,0.000000,-1.000000
0.042442565,2,160,union,1024,10,1.000000,1.000000,1.000000,{"1":10},1.000000,0.000000,0.000000,0.000000,1.000000,0.000000,-1.000000
0.042442565,2,160,snapshot,1024,18,1.000000,1.000000,1.000000,{"1":18},1.000000,0.000000,0.000000,0.000000,1.000000,0.000000,-1.000000
0.042442565,2,160,read_only,4096,3,1.000000,1.000000,1.000000,{"1":3},1.000000,0.000000,0.000000,0.000000,1.000000,0.000000,-1.000000
0.042442565,2,160,union,4096,10,1.000000,1.000000,1.000000,{"1":10},1.000000,0.000000,0.000000,0.000000,1.000000,0.000000,-1.000000
0.042442565,2,160,snapshot,4096,18,1.000000,1.000000,1.000000,{"1":18},1.000000,0.000000,0.000000,0.000000,1.000000,0.000000,-1.000000
0.042442565,2,160,read_only,16384,3,1.000000,1.000000,1.000000,{"1":3},1.000000,0.000000,0.000000,0.000000,1.000000,0.000000,-1.000000
0.042442565,2,160,union,16384,10,1.000000,1.000000,1.000000,{"1":10},1.000000,0.000000,0.000000,0.000000,1.000000,0.000000,-1.000000
0.042442565,2,160,snapshot,16384,18,1.000000,1.000000,1.000000,{"1":18},1.000000,0.000000,0.000000,0.000000,1.000000,0.000000,-1.000000
0.042719911,2,161,union,64,1,1.000000,1.000000,1.000000,{"1":1},1.000000,0.000000,0.000000,0.000000,1.000000,0.000000,-1.000000
0.042719911,2,161,snapshot,64,18,1.000000,1.000000,1.000000,{"1":18},1.000000,0.000000,0.000000,0.000000,1.000000,0.000000,-1.000000
0.042719911,2,161,union,256,1,1.000000,1.000000,1.000000,{"1":1},1.000000,0.000000,0.000000,0.000000,1.000000,0.000000,-1.000000
0.042719911,2,161,snapshot,256,18,1.000000,1.000000,1.000000,{"1":18},1.000000,0.000000,0.000000,0.000000,1.000000,0.000000,-1.000000
0.042719911,2,161,union,1024,1,1.000000,1.000000,1.000000,{"1":1},1.000000,0.000000,0.000000,0.000000,1.000000,0.000000,-1.000000
0.042719911,2,161,snapshot,1024,18,1.000000,1.000000,1.000000,{"1":18},1.000000,0.000000,0.000000,0.000000,1.000000,0.000000,-1.000000
0.042719911,2,161,union,4096,1,1.000000,1.000000,1.000000,{"1":1},1.000000,0.000000,0.000000,0.000000,1.000000,0.000000,-1.000000
0.042719911,2,161,snapshot,4096,18,1.000000,1.000000,1.000000,{"1":18},1.000000,0.000000,0.000000,0.000000,1.000000,0.000000,-1.000000
0.042719911,2,161,union,16384,1,1.000000,1.000000,1.000000,{"1":1},1.000000,0.000000,0.000000,0.000000,1.000000,0.000000,-1.000000
0.042719911,2,161,snapshot,16384,18,1.000000,1.000000,1.000000,{"1":18},1.000000,0.000000,0.000000,0.000000,1.000000,0.000000,-1.000000
0.042954221,2,162,read_only,64,1,1.000000,1.000000,1.000000,{"1":1},1.000000,0.000000,0.000000,0.000000,1.000000,0.000000,-1.000000
0.042954221,2,162,union,64,1,1.000000,1.000000,1.000000,{"1":1},1.000000,0.000000,0.000000,0.000000,1.000000,0.000000,-1.000000
0.042954221,2,162,snapshot,64,19,1.000000,1.000000,1.000000,{"1":19},1.000000,0.000000,0.000000,0.000000,1.000000,0.000000,-1.000000
0.042954221,2,162,read_only,256,1,1.000000,1.000000,1.000000,{"1":1},1.000000,0.000000,0.000000,0.000000,1.000000,0.000000,-1.000000
0.042954221,2,162,union,256,1,1.000000,1.000000,1.000000,{"1":1},1.000000,0.000000,0.000000,0.000000,1.000000,0.000000,-1.000000
0.042954221,2,162,snapshot,256,19,1.000000,1.000000,1.000000,{"1":19},1.000000,0.000000,0.000000,0.000000,1.000000,0.000000,-1.000000
0.042954221,2,162,read_only,1024,1,1.000000,1.000000,1.000000,{"1":1},1.000000,0.000000,0.000000,0.000000,1.000000,0.000000,-1.000000
0.042954221,2,162,union,1024,1,1.000000,1.000000,1.000000,{"1":1},1.000000,0.000000,0.000000,0.000000,1.000000,0.000000,-1.000000
0.042954221,2,162,snapshot,1024,19,1.000000,1.000000,1.000000,{"1":19},1.000000,0.000000,0.000000,0.000000,1.000000,0.000000,-1.000000
0.042954221,2,162,read_only,4096,1,1.000000,1.000000,1.000000,{"1":1},1.000000,0.000000,0.000000,0.000000,1.000000,0.000000,-1.000000
0.042954221,2,162,union,4096,1,1.000000,1.000000,1.000000,{"1":1},1.000000,0.000000,0.000000,0.000000,1.000000,0.000000,-1.000000
0.042954221,2,162,snapshot,4096,19,1.000000,1.000000,1.000000,{"1":19},1.000000,0.000000,0.000000,0.000000,1.000000,0.000000,-1.000000
0.042954221,2,162,read_only,16384,1,1.000000,1.000000,1.000000,{"1":1},1.000000,0.000000,0.000000,0.000000,1.000000,0.000000,-1.000000
0.042954221,2,162,union,16384,1,1.000000,1.000000,1.000000,{"1":1},1.000000,0.000000,0.000000,0.000000,1.000000,0.000000,-1.000000
0.042954221,2,162,snapshot,16384,19,1.000000,1.000000,1.000000,{"1":19},1.000000,0.000000,0.000000,0.000000,1.000000,0.000000,-1.000000
0.043485514,2,164,read_only,64,1,1.000000,1.000000,1.000000,{"1":1},1.000000,0.000000,0.000000,0.000000,1.000000,0.000000,-1.000000
0.043485514,2,164,union,64,1,1.000000,1.000000,1.000000,{"1":1},1.000000,0.000000,0.000000,0.000000,1.000000,0.000000,-1.000000
0.043485514,2,164,snapshot,64,1,1.000000,1.000000,1.000000,{"1":1},1.000000,0.000000,0.000000,0.000000,1.000000,0.000000,-1.000000
0.043485514,2,164,read_only,256,1,1.000000,1.000000,1.000000,{"1":1},1.000000,0.000000,0.000000,0.000000,1.000000,0.000000,-1.000000
0.043485514,2,164,union,256,1,1.000000,1.000000,1.000000,{"1":1},1.000000,0.000000,0.000000,0.000000,1.000000,0.000000,-1.000000
0.043485514,2,164,snapshot,256,1,1.000000,1.000000,1.000000,{"1":1},1.000000,0.000000,0.000000,0.000000,1.000000,0.000000,-1.000000
0.043485514,2,164,read_only,1024,1,1.000000,1.000000,1.000000,{"1":1},1.000000,0.000000,0.000000,0.000000,1.000000,0.000000,-1.000000
0.043485514,2,164,union,1024,1,1.000000,1.000000,1.000000,{"1":1},1.000000,0.000000,0.000000,0.000000,1.000000,0.000000,-1.000000
0.043485514,2,164,snapshot,1024,1,1.000000,1.000000,1.000000,{"1":1},1.000000,0.000000,0.000000,0.000000,1.000000,0.000000,-1.000000
0.043485514,2,164,read_only,4096,1,1.000000,1.000000,1.000000,{"1":1},1.000000,0.000000,0.000000,0.000000,1.000000,0.000000,-1.000000
0.043485514,2,164,union,4096,1,1.000000,1.000000,1.000000,{"1":1},1.000000,0.000000,0.000000,0.000000,1.000000,0.000000,-1.000000
0.043485514,2,164,snapshot,4096,1,1.000000,1.000000,1.000000,{"1":1},1.000000,0.000000,0.000000,0.000000,1.000000,0.000000,-1.000000
0.043485514,2,164,read_only,16384,1,1.000000,1.000000,1.000000,{"1":1},1.000000,0.000000,0.000000,0.000000,1.000000,0.000000,-1.000000
0.043485514,2,164,union,16384,1,1.000000,1.000000,1.000000,{"1":1},1.000000,0.000000,0.000000,0.000000,1.000000,0.000000,-1.000000
0.043485514,2,164,snapshot,16384,1,1.000000,1.000000,1.000000,{"1":1},1.000000,0.000000,0.000000,0.000000,1.000000,0.000000,-1.000000
0.043880618,2,165,read_only,64,1,1.000000,1.000000,1.000000,{"1":1},1.000000,0.000000,0.000000,0.000000,1.000000,0.000000,-1.000000
0.043880618,2,165,union,64,5,1.000000,1.000000,1.000000,{"1":5},1.000000,0.000000,0.000000,0.000000,1.000000,0.000000,-1.000000
0.043880618,2,165,snapshot,64,6,1.000000,1.000000,1.000000,{"1":6},1.000000,0.000000,0.000000,0.000000,1.000000,0.000000,-1.000000
0.043880618,2,165,read_only,256,1,1.000000,1.000000,1.000000,{"1":1},1.000000,0.000000,0.000000,0.000000,1.000000,0.000000,-1.000000
0.043880618,2,165,union,256,5,1.000000,1.000000,1.000000,{"1":5},1.000000,0.000000,0.000000,0.000000,1.000000,0.000000,-1.000000
0.043880618,2,165,snapshot,256,6,1.000000,1.000000,1.000000,{"1":6},1.000000,0.000000,0.000000,0.000000,1.000000,0.000000,-1.000000
0.043880618,2,165,read_only,1024,1,1.000000,1.000000,1.000000,{"1":1},1.000000,0.000000,0.000000,0.000000,1.000000,0.000000,-1.000000
0.043880618,2,165,union,1024,5,1.000000,1.000000,1.000000,{"1":5},1.000000,0.000000,0.000000,0.000000,1.000000,0.000000,-1.000000
0.043880618,2,165,snapshot,1024,6,1.000000,1.000000,1.000000,{"1":6},1.000000,0.000000,0.000000,0.000000,1.000000,0.000000,-1.000000
0.043880618,2,165,read_only,4096,1,1.000000,1.000000,1.000000,{"1":1},1.000000,0.000000,0.000000,0.000000,1.000000,0.000000,-1.000000
0.043880618,2,165,union,4096,5,1.000000,1.000000,1.000000,{"1":5},1.000000,0.000000,0.000000,0.000000,1.000000,0.000000,-1.000000
0.043880618,2,165,snapshot,4096,6,1.000000,1.000000,1.000000,{"1":6},1.000000,0.000000,0.000000,0.000000,1.000000,0.000000,-1.000000
0.043880618,2,165,read_only,16384,1,1.000000,1.000000,1.000000,{"1":1},1.000000,0.000000,0.000000,0.000000,1.000000,0.000000,-1.000000
0.043880618,2,165,union,16384,5,1.000000,1.000000,1.000000,{"1":5},1.000000,0.000000,0.000000,0.000000,1.000000,0.000000,-1.000000
0.043880618,2,165,snapshot,16384,6,1.000000,1.000000,1.000000,{"1":6},1.000000,0.000000,0.000000,0.000000,1.000000,0.000000,-1.000000
0.044159565,2,166,read_only,64,23,1.000000,1.000000,1.000000,{"1":23},1.000000,0.000000,0.000000,0.000000,1.000000,0.000000,-1.000000
0.044159565,2,166,union,64,23,1.000000,1.000000,1.000000,{"1":23},1.000000,0.000000,0.000000,0.000000,1.000000,0.000000,-1.000000
0.044159565,2,166,snapshot,64,29,1.000000,1.000000,1.000000,{"1":29},1.000000,0.000000,0.000000,0.000000,1.000000,0.000000,-1.000000
0.044159565,2,166,read_only,256,23,1.000000,1.000000,1.000000,{"1":23},1.000000,0.000000,0.000000,0.000000,1.000000,0.000000,-1.000000
0.044159565,2,166,union,256,23,1.000000,1.000000,1.000000,{"1":23},1.000000,0.000000,0.000000,0.000000,1.000000,0.000000,-1.000000
0.044159565,2,166,snapshot,256,29,1.000000,1.000000,1.000000,{"1":29},1.000000,0.000000,0.000000,0.000000,1.000000,0.000000,-1.000000
0.044159565,2,166,read_only,1024,23,1.000000,1.000000,1.000000,{"1":23},1.000000,0.000000,0.000000,0.000000,1.000000,0.000000,-1.000000
0.044159565,2,166,union,1024,23,1.000000,1.000000,1.000000,{"1":23},1.000000,0.000000,0.000000,0.000000,1.000000,0.000000,-1.000000
0.044159565,2,166,snapshot,1024,29,1.000000,1.000000,1.000000,{"1":29},1.000000,0.000000,0.000000,0.000000,1.000000,0.000000,-1.000000
0.044159565,2,166,read_only,4096,23,1.000000,1.000000,1.000000,{"1":23},1.000000,0.000000,0.000000,0.000000,1.000000,0.000000,-1.000000
0.044159565,2,166,union,4096,23,1.000000,1.000000,1.000000,{"1":23},1.000000,0.000000,0.000000,0.000000,1.000000,0.000000,-1.000000
0.044159565,2,166,snapshot,4096,29,1.000000,1.000000,1.000000,{"1":29},1.000000,0.000000,0.000000,0.000000,1.000000,0.000000,-1.000000
0.044159565,2,166,read_only,16384,23,1.000000,1.000000,1.000000,{"1":23},1.000000,0.000000,0.000000,0.000000,1.000000,0.000000,-1.000000
0.044159565,2,166,union,16384,23,1.000000,1.000000,1.000000,{"1":23},1.000000,0.000000,0.000000,0.000000,1.000000,0.000000,-1.000000
0.044159565,2,166,snapshot,16384,29,1.000000,1.000000,1.000000,{"1":29},1.000000,0.000000,0.000000,0.000000,1.000000,0.000000,-1.000000
0.044417538,2,167,read_only,64,12,1.000000,1.000000,1.000000,{"1":12},1.000000,0.000000,0.000000,0.000000,1.000000,0.000000,-1.000000
0.044417538,2,167,union,64,12,1.000000,1.000000,1.000000,{"1":12},1.000000,0.000000,0.000000,0.000000,1.000000,0.000000,-1.000000
0.044417538,2,167,snapshot,64,41,1.000000,1.000000,1.000000,{"1":41},1.000000,0.000000,0.000000,0.000000,1.000000,0.000000,-1.000000
0.044417538,2,167,read_only,256,12,1.000000,1.000000,1.000000,{"1":12},1.000000,0.000000,0.000000,0.000000,1.000000,0.000000,-1.000000
0.044417538,2,167,union,256,12,1.000000,1.000000,1.000000,{"1":12},1.000000,0.000000,0.000000,0.000000,1.000000,0.000000,-1.000000
0.044417538,2,167,snapshot,256,41,1.000000,1.000000,1.000000,{"1":41},1.000000,0.000000,0.000000,0.000000,1.000000,0.000000,-1.000000
0.044417538,2,167,read_only,1024,12,1.000000,1.000000,1.000000,{"1":12},1.000000,0.000000,0.000000,0.000000,1.000000,0.000000,-1.000000
0.044417538,2,167,union,1024,12,1.000000,1.000000,1.000000,{"1":12},1.000000,0.000000,0.000000,0.000000,1.000000,0.000000,-1.000000
0.044417538,2,167,snapshot,1024,41,1.000000,1.000000,1.000000,{"1":41},1.000000,0.000000,0.000000,0.000000,1.000000,0.000000,-1.000000
0.044417538,2,167,read_only,4096,12,1.000000,1.000000,1.000000,{"1":12},1.000000,0.000000,0.000000,0.000000,1.000000,0.000000,-1.000000
0.044417538,2,167,union,4096,12,1.000000,1.000000,1.000000,{"1":12},1.000000,0.000000,0.000000,0.000000,1.000000,0.000000,-1.000000
0.044417538,2,167,snapshot,4096,41,1.000000,1.000000,1.000000,{"1":41},1.000000,0.000000,0.000000,0.000000,1.000000,0.000000,-1.000000
0.044417538,2,167,read_only,16384,12,1.000000,1.000000,1.000000,{"1":12},1.000000,0.000000,0.000000,0.000000,1.000000,0.000000,-1.000000
0.044417538,2,167,union,16384,12,1.000000,1.000000,1.000000,{"1":12},1.000000,0.000000,0.000000,0.000000,1.000000,0.000000,-1.000000
0.044417538,2,167,snapshot,16384,41,1.000000,1.000000,1.000000,{"1":41},1.000000,0.000000,0.000000,0.000000,1.000000,0.000000,-1.000000
0.044771330,2,168,snapshot,64,41,1.000000,1.000000,1.000000,{"1":41},1.000000,0.000000,0.000000,0.000000,1.000000,0.000000,-1.000000
0.044771330,2,168,snapshot,256,41,1.000000,1.000000,1.000000,{"1":41},1.000000,0.000000,0.000000,0.000000,1.000000,0.000000,-1.000000
0.044771330,2,168,snapshot,1024,41,1.000000,1.000000,1.000000,{"1":41},1.000000,0.000000,0.000000,0.000000,1.000000,0.000000,-1.000000
0.044771330,2,168,snapshot,4096,41,1.000000,1.000000,1.000000,{"1":41},1.000000,0.000000,0.000000,0.000000,1.000000,0.000000,-1.000000
0.044771330,2,168,snapshot,16384,41,1.000000,1.000000,1.000000,{"1":41},1.000000,0.000000,0.000000,0.000000,1.000000,0.000000,-1.000000
0.045003417,2,169,snapshot,64,41,1.000000,1.000000,1.000000,{"1":41},1.000000,0.000000,0.000000,0.000000,1.000000,0.000000,-1.000000
0.045003417,2,169,snapshot,256,41,1.000000,1.000000,1.000000,{"1":41},1.000000,0.000000,0.000000,0.000000,1.000000,0.000000,-1.000000
0.045003417,2,169,snapshot,1024,41,1.000000,1.000000,1.000000,{"1":41},1.000000,0.000000,0.000000,0.000000,1.000000,0.000000,-1.000000
0.045003417,2,169,snapshot,4096,41,1.000000,1.000000,1.000000,{"1":41},1.000000,0.000000,0.000000,0.000000,1.000000,0.000000,-1.000000
0.045003417,2,169,snapshot,16384,41,1.000000,1.000000,1.000000,{"1":41},1.000000,0.000000,0.000000,0.000000,1.000000,0.000000,-1.000000
0.045298331,2,170,read_only,64,55,1.000000,1.000000,1.000000,{"1":54,"2":1},0.981818,0.018182,0.000000,0.000000,0.981818,0.018182,1.000000
0.045298331,2,170,union,64,58,1.000000,1.000000,1.000000,{"1":57,"2":1},0.982759,0.017241,0.000000,0.000000,0.982759,0.017241,1.000000
0.045298331,2,170,snapshot,64,99,1.000000,1.000000,1.000000,{"1":98,"2":1},0.989899,0.010101,0.000000,0.000000,0.989899,0.010101,1.000000
0.045298331,2,170,read_only,256,55,1.000000,1.000000,1.000000,{"1":54,"2":1},0.981818,0.018182,0.000000,0.000000,0.981818,0.018182,1.000000
0.045298331,2,170,union,256,58,1.000000,1.000000,1.000000,{"1":57,"2":1},0.982759,0.017241,0.000000,0.000000,0.982759,0.017241,1.000000
0.045298331,2,170,snapshot,256,99,1.000000,1.000000,1.000000,{"1":98,"2":1},0.989899,0.010101,0.000000,0.000000,0.989899,0.010101,1.000000
0.045298331,2,170,read_only,1024,55,1.000000,1.000000,1.000000,{"1":54,"2":1},0.981818,0.018182,0.000000,0.000000,0.981818,0.018182,1.000000
0.045298331,2,170,union,1024,58,1.000000,1.000000,1.000000,{"1":57,"2":1},0.982759,0.017241,0.000000,0.000000,0.982759,0.017241,1.000000
0.045298331,2,170,snapshot,1024,99,1.000000,1.000000,1.000000,{"1":98,"2":1},0.989899,0.010101,0.000000,0.000000,0.989899,0.010101,1.000000
0.045298331,2,170,read_only,4096,55,1.000000,1.000000,1.000000,{"1":54,"2":1},0.981818,0.018182,0.000000,0.000000,0.981818,0.018182,1.000000
0.045298331,2,170,union,4096,58,1.000000,1.000000,1.000000,{"1":57,"2":1},0.982759,0.017241,0.000000,0.000000,0.982759,0.017241,1.000000
0.045298331,2,170,snapshot,4096,99,1.000000,1.000000,1.000000,{"1":98,"2":1},0.989899,0.010101,0.000000,0.000000,0.989899,0.010101,1.000000
0.045298331,2,170,read_only,16384,55,1.000000,1.000000,1.000000,{"1":54,"2":1},0.981818,0.018182,0.000000,0.000000,0.981818,0.018182,1.000000
0.045298331,2,170,union,16384,58,1.000000,1.000000,1.000000,{"1":57,"2":1},0.982759,0.017241,0.000000,0.000000,0.982759,0.017241,1.000000
0.045298331,2,170,snapshot,16384,99,1.000000,1.000000,1.000000,{"1":98,"2":1},0.989899,0.010101,0.000000,0.000000,0.989899,0.010101,1.000000
0.045585649,2,171,read_only,64,20,1.000000,1.000000,1.000000,{"1":20},1.000000,0.000000,0.000000,0.000000,1.000000,0.000000,-1.000000
0.045585649,2,171,union,64,26,1.000000,1.000000,1.000000,{"1":26},1.000000,0.000000,0.000000,0.000000,1.000000,0.000000,-1.000000
0.045585649,2,171,snapshot,64,121,1.000000,1.000000,1.000000,{"1":120,"2":1},0.991736,0.008264,0.000000,0.000000,0.991736,0.008264,1.000000
0.045585649,2,171,read_only,256,20,1.000000,1.000000,1.000000,{"1":20},1.000000,0.000000,0.000000,0.000000,1.000000,0.000000,-1.000000
0.045585649,2,171,union,256,26,1.000000,1.000000,1.000000,{"1":26},1.000000,0.000000,0.000000,0.000000,1.000000,0.000000,-1.000000
0.045585649,2,171,snapshot,256,121,1.000000,1.000000,1.000000,{"1":120,"2":1},0.991736,0.008264,0.000000,0.000000,0.991736,0.008264,1.000000
0.045585649,2,171,read_only,1024,20,1.000000,1.000000,1.000000,{"1":20},1.000000,0.000000,0.000000,0.000000,1.000000,0.000000,-1.000000
0.045585649,2,171,union,1024,26,1.000000,1.000000,1.000000,{"1":26},1.000000,0.000000,0.000000,0.000000,1.000000,0.000000,-1.000000
0.045585649,2,171,snapshot,1024,121,1.000000,1.000000,1.000000,{"1":120,"2":1},0.991736,0.008264,0.000000,0.000000,0.991736,0.008264,1.000000
0.045585649,2,171,read_only,4096,20,1.000000,1.000000,1.000000,{"1":20},1.000000,0.000000,0.000000,0.000000,1.000000,0.000000,-1.000000
0.045585649,2,171,union,4096,26,1.000000,1.000000,1.000000,{"1":26},1.000000,0.000000,0.000000,0.000000,1.000000,0.000000,-1.000000
0.045585649,2,171,snapshot,4096,121,1.000000,1.000000,1.000000,{"1":120,"2":1},0.991736,0.008264,0.000000,0.000000,0.991736,0.008264,1.000000
0.045585649,2,171,read_only,16384,20,1.000000,1.000000,1.000000,{"1":20},1.000000,0.000000,0.000000,0.000000,1.000000,0.000000,-1.000000
0.045585649,2,171,union,16384,26,1.000000,1.000000,1.000000,{"1":26},1.000000,0.000000,0.000000,0.000000,1.000000,0.000000,-1.000000
0.045585649,2,171,snapshot,16384,121,1.000000,1.000000,1.000000,{"1":120,"2":1},0.991736,0.008264,0.000000,0.000000,0.991736,0.008264,1.000000
0.045829842,2,172,read_only,64,2,1.000000,1.000000,1.000000,{"1":2},1.000000,0.000000,0.000000,0.000000,1.000000,0.000000,-1.000000
0.045829842,2,172,union,64,4,1.000000,1.000000,1.000000,{"1":4},1.000000,0.000000,0.000000,0.000000,1.000000,0.000000,-1.000000
0.045829842,2,172,snapshot,64,123,1.000000,1.000000,1.000000,{"1":123},1.000000,0.000000,0.000000,0.000000,1.000000,0.000000,-1.000000
0.045829842,2,172,read_only,256,2,1.000000,1.000000,1.000000,{"1":2},1.000000,0.000000,0.000000,0.000000,1.000000,0.000000,-1.000000
0.045829842,2,172,union,256,4,1.000000,1.000000,1.000000,{"1":4},1.000000,0.000000,0.000000,0.000000,1.000000,0.000000,-1.000000
0.045829842,2,172,snapshot,256,123,1.000000,1.000000,1.000000,{"1":123},1.000000,0.000000,0.000000,0.000000,1.000000,0.000000,-1.000000
0.045829842,2,172,read_only,1024,2,1.000000,1.000000,1.000000,{"1":2},1.000000,0.000000,0.000000,0.000000,1.000000,0.000000,-1.000000
0.045829842,2,172,union,1024,4,1.000000,1.000000,1.000000,{"1":4},1.000000,0.000000,0.000000,0.000000,1.000000,0.000000,-1.000000
0.045829842,2,172,snapshot,1024,123,1.000000,1.000000,1.000000,{"1":123},1.000000,0.000000,0.000000,0.000000,1.000000,0.000000,-1.000000
0.045829842,2,172,read_only,4096,2,1.000000,1.000000,1.000000,{"1":2},1.000000,0.000000,0.000000,0.000000,1.000000,0.000000,-1.000000
0.045829842,2,172,union,4096,4,1.000000,1.000000,1.000000,{"1":4},1.000000,0.000000,0.000000,0.000000,1.000000,0.000000,-1.000000
0.045829842,2,172,snapshot,4096,123,1.000000,1.000000,1.000000,{"1":123},1.000000,0.000000,0.000000,0.000000,1.000000,0.000000,-1.000000
0.045829842,2,172,read_only,16384,2,1.000000,1.000000,1.000000,{"1":2},1.000000,0.000000,0.000000,0.000000,1.000000,0.000000,-1.000000
0.045829842,2,172,union,16384,4,1.000000,1.000000,1.000000,{"1":4},1.000000,0.000000,0.000000,0.000000,1.000000,0.000000,-1.000000
0.045829842,2,172,snapshot,16384,123,1.000000,1.000000,1.000000,{"1":123},1.000000,0.000000,0.000000,0.000000,1.000000,0.000000,-1.000000
0.046065469,2,173,snapshot,64,123,1.000000,1.000000,1.000000,{"1":123},1.000000,0.000000,0.000000,0.000000,1.000000,0.000000,-1.000000
0.046065469,2,173,snapshot,256,123,1.000000,1.000000,1.000000,{"1":123},1.000000,0.000000,0.000000,0.000000,1.000000,0.000000,-1.000000
0.046065469,2,173,snapshot,1024,123,1.000000,1.000000,1.000000,{"1":123},1.000000,0.000000,0.000000,0.000000,1.000000,0.000000,-1.000000
0.046065469,2,173,snapshot,4096,123,1.000000,1.000000,1.000000,{"1":123},1.000000,0.000000,0.000000,0.000000,1.000000,0.000000,-1.000000
0.046065469,2,173,snapshot,16384,123,1.000000,1.000000,1.000000,{"1":123},1.000000,0.000000,0.000000,0.000000,1.000000,0.000000,-1.000000
