sim_time,gpu_id,kernel_id,view,region_size_bytes,num_regions_with_entries,strict_coalescable_ratio,avg_relaxed_ratio,full_redundant_ratio,sharer_set_cardinality_dist_json,reg_card1_ratio,reg_card2_ratio,reg_card3_ratio,reg_card4plus_ratio,coalescable_private_ratio,coalescable_shared_ratio,shared_only_strict_ratio
0.000408476,5,0,read_only,64,6,1.000000,1.000000,1.000000,{"1":6},1.000000,0.000000,0.000000,0.000000,1.000000,0.000000,-1.000000
0.000408476,5,0,union,64,6,1.000000,1.000000,1.000000,{"1":6},1.000000,0.000000,0.000000,0.000000,1.000000,0.000000,-1.000000
0.000408476,5,0,snapshot,64,6,1.000000,1.000000,1.000000,{"1":6},1.000000,0.000000,0.000000,0.000000,1.000000,0.000000,-1.000000
0.000408476,5,0,read_only,256,6,1.000000,1.000000,1.000000,{"1":6},1.000000,0.000000,0.000000,0.000000,1.000000,0.000000,-1.000000
0.000408476,5,0,union,256,6,1.000000,1.000000,1.000000,{"1":6},1.000000,0.000000,0.000000,0.000000,1.000000,0.000000,-1.000000
0.000408476,5,0,snapshot,256,6,1.000000,1.000000,1.000000,{"1":6},1.000000,0.000000,0.000000,0.000000,1.000000,0.000000,-1.000000
0.000408476,5,0,read_only,1024,6,1.000000,1.000000,1.000000,{"1":6},1.000000,0.000000,0.000000,0.000000,1.000000,0.000000,-1.000000
0.000408476,5,0,union,1024,6,1.000000,1.000000,1.000000,{"1":6},1.000000,0.000000,0.000000,0.000000,1.000000,0.000000,-1.000000
0.000408476,5,0,snapshot,1024,6,1.000000,1.000000,1.000000,{"1":6},1.000000,0.000000,0.000000,0.000000,1.000000,0.000000,-1.000000
0.000408476,5,0,read_only,4096,6,1.000000,1.000000,1.000000,{"1":6},1.000000,0.000000,0.000000,0.000000,1.000000,0.000000,-1.000000
0.000408476,5,0,union,4096,6,1.000000,1.000000,1.000000,{"1":6},1.000000,0.000000,0.000000,0.000000,1.000000,0.000000,-1.000000
0.000408476,5,0,snapshot,4096,6,1.000000,1.000000,1.000000,{"1":6},1.000000,0.000000,0.000000,0.000000,1.000000,0.000000,-1.000000
0.000408476,5,0,read_only,16384,6,1.000000,1.000000,1.000000,{"1":6},1.000000,0.000000,0.000000,0.000000,1.000000,0.000000,-1.000000
0.000408476,5,0,union,16384,6,1.000000,1.000000,1.000000,{"1":6},1.000000,0.000000,0.000000,0.000000,1.000000,0.000000,-1.000000
0.000408476,5,0,snapshot,16384,6,1.000000,1.000000,1.000000,{"1":6},1.000000,0.000000,0.000000,0.000000,1.000000,0.000000,-1.000000
0.000655837,5,1,union,64,2,1.000000,1.000000,1.000000,{"1":2},1.000000,0.000000,0.000000,0.000000,1.000000,0.000000,-1.000000
0.000655837,5,1,snapshot,64,8,1.000000,1.000000,1.000000,{"1":8},1.000000,0.000000,0.000000,0.000000,1.000000,0.000000,-1.000000
0.000655837,5,1,union,256,2,1.000000,1.000000,1.000000,{"1":2},1.000000,0.000000,0.000000,0.000000,1.000000,0.000000,-1.000000
0.000655837,5,1,snapshot,256,8,1.000000,1.000000,1.000000,{"1":8},1.000000,0.000000,0.000000,0.000000,1.000000,0.000000,-1.000000
0.000655837,5,1,union,1024,2,1.000000,1.000000,1.000000,{"1":2},1.000000,0.000000,0.000000,0.000000,1.000000,0.000000,-1.000000
0.000655837,5,1,snapshot,1024,8,1.000000,1.000000,1.000000,{"1":8},1.000000,0.000000,0.000000,0.000000,1.000000,0.000000,-1.000000
0.000655837,5,1,union,4096,2,1.000000,1.000000,1.000000,{"1":2},1.000000,0.000000,0.000000,0.000000,1.000000,0.000000,-1.000000
0.000655837,5,1,snapshot,4096,8,1.000000,1.000000,1.000000,{"1":8},1.000000,0.000000,0.000000,0.000000,1.000000,0.000000,-1.000000
0.000655837,5,1,union,16384,2,1.000000,1.000000,1.000000,{"1":2},1.000000,0.000000,0.000000,0.000000,1.000000,0.000000,-1.000000
0.000655837,5,1,snapshot,16384,8,1.000000,1.000000,1.000000,{"1":8},1.000000,0.000000,0.000000,0.000000,1.000000,0.000000,-1.000000
0.000940923,5,2,snapshot,64,8,1.000000,1.000000,1.000000,{"1":8},1.000000,0.000000,0.000000,0.000000,1.000000,0.000000,-1.000000
0.000940923,5,2,snapshot,256,8,1.000000,1.000000,1.000000,{"1":8},1.000000,0.000000,0.000000,0.000000,1.000000,0.000000,-1.000000
0.000940923,5,2,snapshot,1024,8,1.000000,1.000000,1.000000,{"1":8},1.000000,0.000000,0.000000,0.000000,1.000000,0.000000,-1.000000
0.000940923,5,2,snapshot,4096,8,1.000000,1.000000,1.000000,{"1":8},1.000000,0.000000,0.000000,0.000000,1.000000,0.000000,-1.000000
0.000940923,5,2,snapshot,16384,8,1.000000,1.000000,1.000000,{"1":8},1.000000,0.000000,0.000000,0.000000,1.000000,0.000000,-1.000000
0.001172741,5,3,snapshot,64,8,1.000000,1.000000,1.000000,{"1":8},1.000000,0.000000,0.000000,0.000000,1.000000,0.000000,-1.000000
0.001172741,5,3,snapshot,256,8,1.000000,1.000000,1.000000,{"1":8},1.000000,0.000000,0.000000,0.000000,1.000000,0.000000,-1.000000
0.001172741,5,3,snapshot,1024,8,1.000000,1.000000,1.000000,{"1":8},1.000000,0.000000,0.000000,0.000000,1.000000,0.000000,-1.000000
0.001172741,5,3,snapshot,4096,8,1.000000,1.000000,1.000000,{"1":8},1.000000,0.000000,0.000000,0.000000,1.000000,0.000000,-1.000000
0.001172741,5,3,snapshot,16384,8,1.000000,1.000000,1.000000,{"1":8},1.000000,0.000000,0.000000,0.000000,1.000000,0.000000,-1.000000
0.001408308,5,4,snapshot,64,8,1.000000,1.000000,1.000000,{"1":8},1.000000,0.000000,0.000000,0.000000,1.000000,0.000000,-1.000000
0.001408308,5,4,snapshot,256,8,1.000000,1.000000,1.000000,{"1":8},1.000000,0.000000,0.000000,0.000000,1.000000,0.000000,-1.000000
0.001408308,5,4,snapshot,1024,8,1.000000,1.000000,1.000000,{"1":8},1.000000,0.000000,0.000000,0.000000,1.000000,0.000000,-1.000000
0.001408308,5,4,snapshot,4096,8,1.000000,1.000000,1.000000,{"1":8},1.000000,0.000000,0.000000,0.000000,1.000000,0.000000,-1.000000
0.001408308,5,4,snapshot,16384,8,1.000000,1.000000,1.000000,{"1":8},1.000000,0.000000,0.000000,0.000000,1.000000,0.000000,-1.000000
0.001642822,5,5,read_only,64,2,1.000000,1.000000,1.000000,{"1":2},1.000000,0.000000,0.000000,0.000000,1.000000,0.000000,-1.000000
0.001642822,5,5,union,64,3,1.000000,1.000000,1.000000,{"1":3},1.000000,0.000000,0.000000,0.000000,1.000000,0.000000,-1.000000
0.001642822,5,5,snapshot,64,11,1.000000,1.000000,1.000000,{"1":11},1.000000,0.000000,0.000000,0.000000,1.000000,0.000000,-1.000000
0.001642822,5,5,read_only,256,2,1.000000,1.000000,1.000000,{"1":2},1.000000,0.000000,0.000000,0.000000,1.000000,0.000000,-1.000000
0.001642822,5,5,union,256,3,1.000000,1.000000,1.000000,{"1":3},1.000000,0.000000,0.000000,0.000000,1.000000,0.000000,-1.000000
0.001642822,5,5,snapshot,256,11,1.000000,1.000000,1.000000,{"1":11},1.000000,0.000000,0.000000,0.000000,1.000000,0.000000,-1.000000
0.001642822,5,5,read_only,1024,2,1.000000,1.000000,1.000000,{"1":2},1.000000,0.000000,0.000000,0.000000,1.000000,0.000000,-1.000000
0.001642822,5,5,union,1024,3,1.000000,1.000000,1.000000,{"1":3},1.000000,0.000000,0.000000,0.000000,1.000000,0.000000,-1.000000
0.001642822,5,5,snapshot,1024,11,1.000000,1.000000,1.000000,{"1":11},1.000000,0.000000,0.000000,0.000000,1.000000,0.000000,-1.000000
0.001642822,5,5,read_only,4096,2,1.000000,1.000000,1.000000,{"1":2},1.000000,0.000000,0.000000,0.000000,1.000000,0.000000,-1.000000
0.001642822,5,5,union,4096,3,1.000000,1.000000,1.000000,{"1":3},1.000000,0.000000,0.000000,0.000000,1.000000,0.000000,-1.000000
0.001642822,5,5,snapshot,4096,11,1.000000,1.000000,1.000000,{"1":11},1.000000,0.000000,0.000000,0.000000,1.000000,0.000000,-1.000000
0.001642822,5,5,read_only,16384,2,1.000000,1.000000,1.000000,{"1":2},1.000000,0.000000,0.000000,0.000000,1.000000,0.000000,-1.000000
0.001642822,5,5,union,16384,3,1.000000,1.000000,1.000000,{"1":3},1.000000,0.000000,0.000000,0.000000,1.000000,0.000000,-1.000000
0.001642822,5,5,snapshot,16384,11,1.000000,1.000000,1.000000,{"1":11},1.000000,0.000000,0.000000,0.000000,1.000000,0.000000,-1.000000
0.002661068,5,6,read_only,64,1,1.000000,1.000000,1.000000,{"1":1},1.000000,0.000000,0.000000,0.000000,1.000000,0.000000,-1.000000
0.002661068,5,6,union,64,1,1.000000,1.000000,1.000000,{"1":1},1.000000,0.000000,0.000000,0.000000,1.000000,0.000000,-1.000000
0.002661068,5,6,snapshot,64,12,1.000000,1.000000,1.000000,{"1":12},1.000000,0.000000,0.000000,0.000000,1.000000,0.000000,-1.000000
0.002661068,5,6,read_only,256,1,1.000000,1.000000,1.000000,{"1":1},1.000000,0.000000,0.000000,0.000000,1.000000,0.000000,-1.000000
0.002661068,5,6,union,256,1,1.000000,1.000000,1.000000,{"1":1},1.000000,0.000000,0.000000,0.000000,1.000000,0.000000,-1.000000
0.002661068,5,6,snapshot,256,12,1.000000,1.000000,1.000000,{"1":12},1.000000,0.000000,0.000000,0.000000,1.000000,0.000000,-1.000000
0.002661068,5,6,read_only,1024,1,1.000000,1.000000,1.000000,{"1":1},1.000000,0.000000,0.000000,0.000000,1.000000,0.000000,-1.000000
0.002661068,5,6,union,1024,1,1.000000,1.000000,1.000000,{"1":1},1.000000,0.000000,0.000000,0.000000,1.000000,0.000000,-1.000000
0.002661068,5,6,snapshot,1024,12,1.000000,1.000000,1.000000,{"1":12},1.000000,0.000000,0.000000,0.000000,1.000000,0.000000,-1.000000
0.002661068,5,6,read_only,4096,1,1.000000,1.000000,1.000000,{"1":1},1.000000,0.000000,0.000000,0.000000,1.000000,0.000000,-1.000000
0.002661068,5,6,union,4096,1,1.000000,1.000000,1.000000,{"1":1},1.000000,0.000000,0.000000,0.000000,1.000000,0.000000,-1.000000
0.002661068,5,6,snapshot,4096,12,1.000000,1.000000,1.000000,{"1":12},1.000000,0.000000,0.000000,0.000000,1.000000,0.000000,-1.000000
0.002661068,5,6,read_only,16384,1,1.000000,1.000000,1.000000,{"1":1},1.000000,0.000000,0.000000,0.000000,1.000000,0.000000,-1.000000
0.002661068,5,6,union,16384,1,1.000000,1.000000,1.000000,{"1":1},1.000000,0.000000,0.000000,0.000000,1.000000,0.000000,-1.000000
0.002661068,5,6,snapshot,16384,12,1.000000,1.000000,1.000000,{"1":12},1.000000,0.000000,0.000000,0.000000,1.000000,0.000000,-1.000000
0.002895906,5,7,snapshot,64,12,1.000000,1.000000,1.000000,{"1":12},1.000000,0.000000,0.000000,0.000000,1.000000,0.000000,-1.000000
0.002895906,5,7,snapshot,256,12,1.000000,1.000000,1.000000,{"1":12},1.000000,0.000000,0.000000,0.000000,1.000000,0.000000,-1.000000
0.002895906,5,7,snapshot,1024,12,1.000000,1.000000,1.000000,{"1":12},1.000000,0.000000,0.000000,0.000000,1.000000,0.000000,-1.000000
0.002895906,5,7,snapshot,4096,12,1.000000,1.000000,1.000000,{"1":12},1.000000,0.000000,0.000000,0.000000,1.000000,0.000000,-1.000000
0.002895906,5,7,snapshot,16384,12,1.000000,1.000000,1.000000,{"1":12},1.000000,0.000000,0.000000,0.000000,1.000000,0.000000,-1.000000
0.003129409,5,8,snapshot,64,12,1.000000,1.000000,1.000000,{"1":12},1.000000,0.000000,0.000000,0.000000,1.000000,0.000000,-1.000000
0.003129409,5,8,snapshot,256,12,1.000000,1.000000,1.000000,{"1":12},1.000000,0.000000,0.000000,0.000000,1.000000,0.000000,-1.000000
0.003129409,5,8,snapshot,1024,12,1.000000,1.000000,1.000000,{"1":12},1.000000,0.000000,0.000000,0.000000,1.000000,0.000000,-1.000000
0.003129409,5,8,snapshot,4096,12,1.000000,1.000000,1.000000,{"1":12},1.000000,0.000000,0.000000,0.000000,1.000000,0.000000,-1.000000
0.003129409,5,8,snapshot,16384,12,1.000000,1.000000,1.000000,{"1":12},1.000000,0.000000,0.000000,0.000000,1.000000,0.000000,-1.000000
0.003366731,5,9,snapshot,64,12,1.000000,1.000000,1.000000,{"1":12},1.000000,0.000000,0.000000,0.000000,1.000000,0.000000,-1.000000
0.003366731,5,9,snapshot,256,12,1.000000,1.000000,1.000000,{"1":12},1.000000,0.000000,0.000000,0.000000,1.000000,0.000000,-1.000000
0.003366731,5,9,snapshot,1024,12,1.000000,1.000000,1.000000,{"1":12},1.000000,0.000000,0.000000,0.000000,1.000000,0.000000,-1.000000
0.003366731,5,9,snapshot,4096,12,1.000000,1.000000,1.000000,{"1":12},1.000000,0.000000,0.000000,0.000000,1.000000,0.000000,-1.000000
0.003366731,5,9,snapshot,16384,12,1.000000,1.000000,1.000000,{"1":12},1.000000,0.000000,0.000000,0.000000,1.000000,0.000000,-1.000000
0.003606732,5,10,read_only,64,2,1.000000,1.000000,1.000000,{"1":2},1.000000,0.000000,0.000000,0.000000,1.000000,0.000000,-1.000000
0.003606732,5,10,union,64,2,1.000000,1.000000,1.000000,{"1":2},1.000000,0.000000,0.000000,0.000000,1.000000,0.000000,-1.000000
0.003606732,5,10,snapshot,64,14,1.000000,1.000000,1.000000,{"1":14},1.000000,0.000000,0.000000,0.000000,1.000000,0.000000,-1.000000
0.003606732,5,10,read_only,256,2,1.000000,1.000000,1.000000,{"1":2},1.000000,0.000000,0.000000,0.000000,1.000000,0.000000,-1.000000
0.003606732,5,10,union,256,2,1.000000,1.000000,1.000000,{"1":2},1.000000,0.000000,0.000000,0.000000,1.000000,0.000000,-1.000000
0.003606732,5,10,snapshot,256,14,1.000000,1.000000,1.000000,{"1":14},1.000000,0.000000,0.000000,0.000000,1.000000,0.000000,-1.000000
0.003606732,5,10,read_only,1024,2,1.000000,1.000000,1.000000,{"1":2},1.000000,0.000000,0.000000,0.000000,1.000000,0.000000,-1.000000
0.003606732,5,10,union,1024,2,1.000000,1.000000,1.000000,{"1":2},1.000000,0.000000,0.000000,0.000000,1.000000,0.000000,-1.000000
0.003606732,5,10,snapshot,1024,14,1.000000,1.000000,1.000000,{"1":14},1.000000,0.000000,0.000000,0.000000,1.000000,0.000000,-1.000000
0.003606732,5,10,read_only,4096,2,1.000000,1.000000,1.000000,{"1":2},1.000000,0.000000,0.000000,0.000000,1.000000,0.000000,-1.000000
0.003606732,5,10,union,4096,2,1.000000,1.000000,1.000000,{"1":2},1.000000,0.000000,0.000000,0.000000,1.000000,0.000000,-1.000000
0.003606732,5,10,snapshot,4096,14,1.000000,1.000000,1.000000,{"1":14},1.000000,0.000000,0.000000,0.000000,1.000000,0.000000,-1.000000
0.003606732,5,10,read_only,16384,2,1.000000,1.000000,1.000000,{"1":2},1.000000,0.000000,0.000000,0.000000,1.000000,0.000000,-1.000000
0.003606732,5,10,union,16384,2,1.000000,1.000000,1.000000,{"1":2},1.000000,0.000000,0.000000,0.000000,1.000000,0.000000,-1.000000
0.003606732,5,10,snapshot,16384,14,1.000000,1.000000,1.000000,{"1":14},1.000000,0.000000,0.000000,0.000000,1.000000,0.000000,-1.000000
0.003851608,5,11,read_only,64,1,1.000000,1.000000,1.000000,{"1":1},1.000000,0.000000,0.000000,0.000000,1.000000,0.000000,-1.000000
0.003851608,5,11,union,64,2,1.000000,1.000000,1.000000,{"1":2},1.000000,0.000000,0.000000,0.000000,1.000000,0.000000,-1.000000
0.003851608,5,11,snapshot,64,16,1.000000,1.000000,1.000000,{"1":16},1.000000,0.000000,0.000000,0.000000,1.000000,0.000000,-1.000000
0.003851608,5,11,read_only,256,1,1.000000,1.000000,1.000000,{"1":1},1.000000,0.000000,0.000000,0.000000,1.000000,0.000000,-1.000000
0.003851608,5,11,union,256,2,1.000000,1.000000,1.000000,{"1":2},1.000000,0.000000,0.000000,0.000000,1.000000,0.000000,-1.000000
0.003851608,5,11,snapshot,256,16,1.000000,1.000000,1.000000,{"1":16},1.000000,0.000000,0.000000,0.000000,1.000000,0.000000,-1.000000
0.003851608,5,11,read_only,1024,1,1.000000,1.000000,1.000000,{"1":1},1.000000,0.000000,0.000000,0.000000,1.000000,0.000000,-1.000000
0.003851608,5,11,union,1024,2,1.000000,1.000000,1.000000,{"1":2},1.000000,0.000000,0.000000,0.000000,1.000000,0.000000,-1.000000
0.003851608,5,11,snapshot,1024,16,1.000000,1.000000,1.000000,{"1":16},1.000000,0.000000,0.000000,0.000000,1.000000,0.000000,-1.000000
0.003851608,5,11,read_only,4096,1,1.000000,1.000000,1.000000,{"1":1},1.000000,0.000000,0.000000,0.000000,1.000000,0.000000,-1.000000
0.003851608,5,11,union,4096,2,1.000000,1.000000,1.000000,{"1":2},1.000000,0.000000,0.000000,0.000000,1.000000,0.000000,-1.000000
0.003851608,5,11,snapshot,4096,16,1.000000,1.000000,1.000000,{"1":16},1.000000,0.000000,0.000000,0.000000,1.000000,0.000000,-1.000000
0.003851608,5,11,read_only,16384,1,1.000000,1.000000,1.000000,{"1":1},1.000000,0.000000,0.000000,0.000000,1.000000,0.000000,-1.000000
0.003851608,5,11,union,16384,2,1.000000,1.000000,1.000000,{"1":2},1.000000,0.000000,0.000000,0.000000,1.000000,0.000000,-1.000000
0.003851608,5,11,snapshot,16384,16,1.000000,1.000000,1.000000,{"1":16},1.000000,0.000000,0.000000,0.000000,1.000000,0.000000,-1.000000
0.004085564,5,12,snapshot,64,16,1.000000,1.000000,1.000000,{"1":16},1.000000,0.000000,0.000000,0.000000,1.000000,0.000000,-1.000000
0.004085564,5,12,snapshot,256,16,1.000000,1.000000,1.000000,{"1":16},1.000000,0.000000,0.000000,0.000000,1.000000,0.000000,-1.000000
0.004085564,5,12,snapshot,1024,16,1.000000,1.000000,1.000000,{"1":16},1.000000,0.000000,0.000000,0.000000,1.000000,0.000000,-1.000000
0.004085564,5,12,snapshot,4096,16,1.000000,1.000000,1.000000,{"1":16},1.000000,0.000000,0.000000,0.000000,1.000000,0.000000,-1.000000
0.004085564,5,12,snapshot,16384,16,1.000000,1.000000,1.000000,{"1":16},1.000000,0.000000,0.000000,0.000000,1.000000,0.000000,-1.000000
0.004318915,5,13,snapshot,64,16,1.000000,1.000000,1.000000,{"1":16},1.000000,0.000000,0.000000,0.000000,1.000000,0.000000,-1.000000
0.004318915,5,13,snapshot,256,16,1.000000,1.000000,1.000000,{"1":16},1.000000,0.000000,0.000000,0.000000,1.000000,0.000000,-1.000000
0.004318915,5,13,snapshot,1024,16,1.000000,1.000000,1.000000,{"1":16},1.000000,0.000000,0.000000,0.000000,1.000000,0.000000,-1.000000
0.004318915,5,13,snapshot,4096,16,1.000000,1.000000,1.000000,{"1":16},1.000000,0.000000,0.000000,0.000000,1.000000,0.000000,-1.000000
0.004318915,5,13,snapshot,16384,16,1.000000,1.000000,1.000000,{"1":16},1.000000,0.000000,0.000000,0.000000,1.000000,0.000000,-1.000000
0.004728538,5,14,snapshot,64,16,1.000000,1.000000,1.000000,{"1":16},1.000000,0.000000,0.000000,0.000000,1.000000,0.000000,-1.000000
0.004728538,5,14,snapshot,256,16,1.000000,1.000000,1.000000,{"1":16},1.000000,0.000000,0.000000,0.000000,1.000000,0.000000,-1.000000
0.004728538,5,14,snapshot,1024,16,1.000000,1.000000,1.000000,{"1":16},1.000000,0.000000,0.000000,0.000000,1.000000,0.000000,-1.000000
0.004728538,5,14,snapshot,4096,16,1.000000,1.000000,1.000000,{"1":16},1.000000,0.000000,0.000000,0.000000,1.000000,0.000000,-1.000000
0.004728538,5,14,snapshot,16384,16,1.000000,1.000000,1.000000,{"1":16},1.000000,0.000000,0.000000,0.000000,1.000000,0.000000,-1.000000
0.004961855,5,15,read_only,64,1,1.000000,1.000000,1.000000,{"1":1},1.000000,0.000000,0.000000,0.000000,1.000000,0.000000,-1.000000
0.004961855,5,15,union,64,1,1.000000,1.000000,1.000000,{"1":1},1.000000,0.000000,0.000000,0.000000,1.000000,0.000000,-1.000000
0.004961855,5,15,snapshot,64,17,1.000000,1.000000,1.000000,{"1":17},1.000000,0.000000,0.000000,0.000000,1.000000,0.000000,-1.000000
0.004961855,5,15,read_only,256,1,1.000000,1.000000,1.000000,{"1":1},1.000000,0.000000,0.000000,0.000000,1.000000,0.000000,-1.000000
0.004961855,5,15,union,256,1,1.000000,1.000000,1.000000,{"1":1},1.000000,0.000000,0.000000,0.000000,1.000000,0.000000,-1.000000
0.004961855,5,15,snapshot,256,17,1.000000,1.000000,1.000000,{"1":17},1.000000,0.000000,0.000000,0.000000,1.000000,0.000000,-1.000000
0.004961855,5,15,read_only,1024,1,1.000000,1.000000,1.000000,{"1":1},1.000000,0.000000,0.000000,0.000000,1.000000,0.000000,-1.000000
0.004961855,5,15,union,1024,1,1.000000,1.000000,1.000000,{"1":1},1.000000,0.000000,0.000000,0.000000,1.000000,0.000000,-1.000000
0.004961855,5,15,snapshot,1024,17,1.000000,1.000000,1.000000,{"1":17},1.000000,0.000000,0.000000,0.000000,1.000000,0.000000,-1.000000
0.004961855,5,15,read_only,4096,1,1.000000,1.000000,1.000000,{"1":1},1.000000,0.000000,0.000000,0.000000,1.000000,0.000000,-1.000000
0.004961855,5,15,union,4096,1,1.000000,1.000000,1.000000,{"1":1},1.000000,0.000000,0.000000,0.000000,1.000000,0.000000,-1.000000
0.004961855,5,15,snapshot,4096,17,1.000000,1.000000,1.000000,{"1":17},1.000000,0.000000,0.000000,0.000000,1.000000,0.000000,-1.000000
0.004961855,5,15,read_only,16384,1,1.000000,1.000000,1.000000,{"1":1},1.000000,0.000000,0.000000,0.000000,1.000000,0.000000,-1.000000
0.004961855,5,15,union,16384,1,1.000000,1.000000,1.000000,{"1":1},1.000000,0.000000,0.000000,0.000000,1.000000,0.000000,-1.000000
0.004961855,5,15,snapshot,16384,17,1.000000,1.000000,1.000000,{"1":17},1.000000,0.000000,0.000000,0.000000,1.000000,0.000000,-1.000000
0.005196845,5,16,read_only,64,1,1.000000,1.000000,1.000000,{"1":1},1.000000,0.000000,0.000000,0.000000,1.000000,0.000000,-1.000000
0.005196845,5,16,union,64,1,1.000000,1.000000,1.000000,{"1":1},1.000000,0.000000,0.000000,0.000000,1.000000,0.000000,-1.000000
0.005196845,5,16,snapshot,64,18,1.000000,1.000000,1.000000,{"1":18},1.000000,0.000000,0.000000,0.000000,1.000000,0.000000,-1.000000
0.005196845,5,16,read_only,256,1,1.000000,1.000000,1.000000,{"1":1},1.000000,0.000000,0.000000,0.000000,1.000000,0.000000,-1.000000
0.005196845,5,16,union,256,1,1.000000,1.000000,1.000000,{"1":1},1.000000,0.000000,0.000000,0.000000,1.000000,0.000000,-1.000000
0.005196845,5,16,snapshot,256,18,1.000000,1.000000,1.000000,{"1":18},1.000000,0.000000,0.000000,0.000000,1.000000,0.000000,-1.000000
0.005196845,5,16,read_only,1024,1,1.000000,1.000000,1.000000,{"1":1},1.000000,0.000000,0.000000,0.000000,1.000000,0.000000,-1.000000
0.005196845,5,16,union,1024,1,1.000000,1.000000,1.000000,{"1":1},1.000000,0.000000,0.000000,0.000000,1.000000,0.000000,-1.000000
0.005196845,5,16,snapshot,1024,18,1.000000,1.000000,1.000000,{"1":18},1.000000,0.000000,0.000000,0.000000,1.000000,0.000000,-1.000000
0.005196845,5,16,read_only,4096,1,1.000000,1.000000,1.000000,{"1":1},1.000000,0.000000,0.000000,0.000000,1.000000,0.000000,-1.000000
0.005196845,5,16,union,4096,1,1.000000,1.000000,1.000000,{"1":1},1.000000,0.000000,0.000000,0.000000,1.000000,0.000000,-1.000000
0.005196845,5,16,snapshot,4096,18,1.000000,1.000000,1.000000,{"1":18},1.000000,0.000000,0.000000,0.000000,1.000000,0.000000,-1.000000
0.005196845,5,16,read_only,16384,1,1.000000,1.000000,1.000000,{"1":1},1.000000,0.000000,0.000000,0.000000,1.000000,0.000000,-1.000000
0.005196845,5,16,union,16384,1,1.000000,1.000000,1.000000,{"1":1},1.000000,0.000000,0.000000,0.000000,1.000000,0.000000,-1.000000
0.005196845,5,16,snapshot,16384,18,1.000000,1.000000,1.000000,{"1":18},1.000000,0.000000,0.000000,0.000000,1.000000,0.000000,-1.000000
0.005428994,5,17,snapshot,64,18,1.000000,1.000000,1.000000,{"1":18},1.000000,0.000000,0.000000,0.000000,1.000000,0.000000,-1.000000
0.005428994,5,17,snapshot,256,18,1.000000,1.000000,1.000000,{"1":18},1.000000,0.000000,0.000000,0.000000,1.000000,0.000000,-1.000000
0.005428994,5,17,snapshot,1024,18,1.000000,1.000000,1.000000,{"1":18},1.000000,0.000000,0.000000,0.000000,1.000000,0.000000,-1.000000
0.005428994,5,17,snapshot,4096,18,1.000000,1.000000,1.000000,{"1":18},1.000000,0.000000,0.000000,0.000000,1.000000,0.000000,-1.000000
0.005428994,5,17,snapshot,16384,18,1.000000,1.000000,1.000000,{"1":18},1.000000,0.000000,0.000000,0.000000,1.000000,0.000000,-1.000000
0.005662264,5,18,snapshot,64,18,1.000000,1.000000,1.000000,{"1":18},1.000000,0.000000,0.000000,0.000000,1.000000,0.000000,-1.000000
0.005662264,5,18,snapshot,256,18,1.000000,1.000000,1.000000,{"1":18},1.000000,0.000000,0.000000,0.000000,1.000000,0.000000,-1.000000
0.005662264,5,18,snapshot,1024,18,1.000000,1.000000,1.000000,{"1":18},1.000000,0.000000,0.000000,0.000000,1.000000,0.000000,-1.000000
0.005662264,5,18,snapshot,4096,18,1.000000,1.000000,1.000000,{"1":18},1.000000,0.000000,0.000000,0.000000,1.000000,0.000000,-1.000000
0.005662264,5,18,snapshot,16384,18,1.000000,1.000000,1.000000,{"1":18},1.000000,0.000000,0.000000,0.000000,1.000000,0.000000,-1.000000
0.005901732,5,19,read_only,64,1,1.000000,1.000000,1.000000,{"1":1},1.000000,0.000000,0.000000,0.000000,1.000000,0.000000,-1.000000
0.005901732,5,19,union,64,1,1.000000,1.000000,1.000000,{"1":1},1.000000,0.000000,0.000000,0.000000,1.000000,0.000000,-1.000000
0.005901732,5,19,snapshot,64,19,1.000000,1.000000,1.000000,{"1":19},1.000000,0.000000,0.000000,0.000000,1.000000,0.000000,-1.000000
0.005901732,5,19,read_only,256,1,1.000000,1.000000,1.000000,{"1":1},1.000000,0.000000,0.000000,0.000000,1.000000,0.000000,-1.000000
0.005901732,5,19,union,256,1,1.000000,1.000000,1.000000,{"1":1},1.000000,0.000000,0.000000,0.000000,1.000000,0.000000,-1.000000
0.005901732,5,19,snapshot,256,19,1.000000,1.000000,1.000000,{"1":19},1.000000,0.000000,0.000000,0.000000,1.000000,0.000000,-1.000000
0.005901732,5,19,read_only,1024,1,1.000000,1.000000,1.000000,{"1":1},1.000000,0.000000,0.000000,0.000000,1.000000,0.000000,-1.000000
0.005901732,5,19,union,1024,1,1.000000,1.000000,1.000000,{"1":1},1.000000,0.000000,0.000000,0.000000,1.000000,0.000000,-1.000000
0.005901732,5,19,snapshot,1024,19,1.000000,1.000000,1.000000,{"1":19},1.000000,0.000000,0.000000,0.000000,1.000000,0.000000,-1.000000
0.005901732,5,19,read_only,4096,1,1.000000,1.000000,1.000000,{"1":1},1.000000,0.000000,0.000000,0.000000,1.000000,0.000000,-1.000000
0.005901732,5,19,union,4096,1,1.000000,1.000000,1.000000,{"1":1},1.000000,0.000000,0.000000,0.000000,1.000000,0.000000,-1.000000
0.005901732,5,19,snapshot,4096,19,1.000000,1.000000,1.000000,{"1":19},1.000000,0.000000,0.000000,0.000000,1.000000,0.000000,-1.000000
0.005901732,5,19,read_only,16384,1,1.000000,1.000000,1.000000,{"1":1},1.000000,0.000000,0.000000,0.000000,1.000000,0.000000,-1.000000
0.005901732,5,19,union,16384,1,1.000000,1.000000,1.000000,{"1":1},1.000000,0.000000,0.000000,0.000000,1.000000,0.000000,-1.000000
0.005901732,5,19,snapshot,16384,19,1.000000,1.000000,1.000000,{"1":19},1.000000,0.000000,0.000000,0.000000,1.000000,0.000000,-1.000000
0.006136808,5,20,read_only,64,1,1.000000,1.000000,1.000000,{"1":1},1.000000,0.000000,0.000000,0.000000,1.000000,0.000000,-1.000000
0.006136808,5,20,union,64,1,1.000000,1.000000,1.000000,{"1":1},1.000000,0.000000,0.000000,0.000000,1.000000,0.000000,-1.000000
0.006136808,5,20,snapshot,64,20,1.000000,1.000000,1.000000,{"1":20},1.000000,0.000000,0.000000,0.000000,1.000000,0.000000,-1.000000
0.006136808,5,20,read_only,256,1,1.000000,1.000000,1.000000,{"1":1},1.000000,0.000000,0.000000,0.000000,1.000000,0.000000,-1.000000
0.006136808,5,20,union,256,1,1.000000,1.000000,1.000000,{"1":1},1.000000,0.000000,0.000000,0.000000,1.000000,0.000000,-1.000000
0.006136808,5,20,snapshot,256,20,1.000000,1.000000,1.000000,{"1":20},1.000000,0.000000,0.000000,0.000000,1.000000,0.000000,-1.000000
0.006136808,5,20,read_only,1024,1,1.000000,1.000000,1.000000,{"1":1},1.000000,0.000000,0.000000,0.000000,1.000000,0.000000,-1.000000
0.006136808,5,20,union,1024,1,1.000000,1.000000,1.000000,{"1":1},1.000000,0.000000,0.000000,0.000000,1.000000,0.000000,-1.000000
0.006136808,5,20,snapshot,1024,20,1.000000,1.000000,1.000000,{"1":20},1.000000,0.000000,0.000000,0.000000,1.000000,0.000000,-1.000000
0.006136808,5,20,read_only,4096,1,1.000000,1.000000,1.000000,{"1":1},1.000000,0.000000,0.000000,0.000000,1.000000,0.000000,-1.000000
0.006136808,5,20,union,4096,1,1.000000,1.000000,1.000000,{"1":1},1.000000,0.000000,0.000000,0.000000,1.000000,0.000000,-1.000000
0.006136808,5,20,snapshot,4096,20,1.000000,1.000000,1.000000,{"1":20},1.000000,0.000000,0.000000,0.000000,1.000000,0.000000,-1.000000
0.006136808,5,20,read_only,16384,1,1.000000,1.000000,1.000000,{"1":1},1.000000,0.000000,0.000000,0.000000,1.000000,0.000000,-1.000000
0.006136808,5,20,union,16384,1,1.000000,1.000000,1.000000,{"1":1},1.000000,0.000000,0.000000,0.000000,1.000000,0.000000,-1.000000
0.006136808,5,20,snapshot,16384,20,1.000000,1.000000,1.000000,{"1":20},1.000000,0.000000,0.000000,0.000000,1.000000,0.000000,-1.000000
0.006369969,5,21,read_only,64,1,1.000000,1.000000,1.000000,{"1":1},1.000000,0.000000,0.000000,0.000000,1.000000,0.000000,-1.000000
0.006369969,5,21,union,64,1,1.000000,1.000000,1.000000,{"1":1},1.000000,0.000000,0.000000,0.000000,1.000000,0.000000,-1.000000
0.006369969,5,21,snapshot,64,21,1.000000,1.000000,1.000000,{"1":21},1.000000,0.000000,0.000000,0.000000,1.000000,0.000000,-1.000000
0.006369969,5,21,read_only,256,1,1.000000,1.000000,1.000000,{"1":1},1.000000,0.000000,0.000000,0.000000,1.000000,0.000000,-1.000000
0.006369969,5,21,union,256,1,1.000000,1.000000,1.000000,{"1":1},1.000000,0.000000,0.000000,0.000000,1.000000,0.000000,-1.000000
0.006369969,5,21,snapshot,256,21,1.000000,1.000000,1.000000,{"1":21},1.000000,0.000000,0.000000,0.000000,1.000000,0.000000,-1.000000
0.006369969,5,21,read_only,1024,1,1.000000,1.000000,1.000000,{"1":1},1.000000,0.000000,0.000000,0.000000,1.000000,0.000000,-1.000000
0.006369969,5,21,union,1024,1,1.000000,1.000000,1.000000,{"1":1},1.000000,0.000000,0.000000,0.000000,1.000000,0.000000,-1.000000
0.006369969,5,21,snapshot,1024,21,1.000000,1.000000,1.000000,{"1":21},1.000000,0.000000,0.000000,0.000000,1.000000,0.000000,-1.000000
0.006369969,5,21,read_only,4096,1,1.000000,1.000000,1.000000,{"1":1},1.000000,0.000000,0.000000,0.000000,1.000000,0.000000,-1.000000
0.006369969,5,21,union,4096,1,1.000000,1.000000,1.000000,{"1":1},1.000000,0.000000,0.000000,0.000000,1.000000,0.000000,-1.000000
0.006369969,5,21,snapshot,4096,21,1.000000,1.000000,1.000000,{"1":21},1.000000,0.000000,0.000000,0.000000,1.000000,0.000000,-1.000000
0.006369969,5,21,read_only,16384,1,1.000000,1.000000,1.000000,{"1":1},1.000000,0.000000,0.000000,0.000000,1.000000,0.000000,-1.000000
0.006369969,5,21,union,16384,1,1.000000,1.000000,1.000000,{"1":1},1.000000,0.000000,0.000000,0.000000,1.000000,0.000000,-1.000000
0.006369969,5,21,snapshot,16384,21,1.000000,1.000000,1.000000,{"1":21},1.000000,0.000000,0.000000,0.000000,1.000000,0.000000,-1.000000
0.006678851,5,22,snapshot,64,21,1.000000,1.000000,1.000000,{"1":21},1.000000,0.000000,0.000000,0.000000,1.000000,0.000000,-1.000000
0.006678851,5,22,snapshot,256,21,1.000000,1.000000,1.000000,{"1":21},1.000000,0.000000,0.000000,0.000000,1.000000,0.000000,-1.000000
0.006678851,5,22,snapshot,1024,21,1.000000,1.000000,1.000000,{"1":21},1.000000,0.000000,0.000000,0.000000,1.000000,0.000000,-1.000000
0.006678851,5,22,snapshot,4096,21,1.000000,1.000000,1.000000,{"1":21},1.000000,0.000000,0.000000,0.000000,1.000000,0.000000,-1.000000
0.006678851,5,22,snapshot,16384,21,1.000000,1.000000,1.000000,{"1":21},1.000000,0.000000,0.000000,0.000000,1.000000,0.000000,-1.000000
0.006911970,5,23,snapshot,64,21,1.000000,1.000000,1.000000,{"1":21},1.000000,0.000000,0.000000,0.000000,1.000000,0.000000,-1.000000
0.006911970,5,23,snapshot,256,21,1.000000,1.000000,1.000000,{"1":21},1.000000,0.000000,0.000000,0.000000,1.000000,0.000000,-1.000000
0.006911970,5,23,snapshot,1024,21,1.000000,1.000000,1.000000,{"1":21},1.000000,0.000000,0.000000,0.000000,1.000000,0.000000,-1.000000
0.006911970,5,23,snapshot,4096,21,1.000000,1.000000,1.000000,{"1":21},1.000000,0.000000,0.000000,0.000000,1.000000,0.000000,-1.000000
0.006911970,5,23,snapshot,16384,21,1.000000,1.000000,1.000000,{"1":21},1.000000,0.000000,0.000000,0.000000,1.000000,0.000000,-1.000000
0.007145169,5,24,snapshot,64,21,1.000000,1.000000,1.000000,{"1":21},1.000000,0.000000,0.000000,0.000000,1.000000,0.000000,-1.000000
0.007145169,5,24,snapshot,256,21,1.000000,1.000000,1.000000,{"1":21},1.000000,0.000000,0.000000,0.000000,1.000000,0.000000,-1.000000
0.007145169,5,24,snapshot,1024,21,1.000000,1.000000,1.000000,{"1":21},1.000000,0.000000,0.000000,0.000000,1.000000,0.000000,-1.000000
0.007145169,5,24,snapshot,4096,21,1.000000,1.000000,1.000000,{"1":21},1.000000,0.000000,0.000000,0.000000,1.000000,0.000000,-1.000000
0.007145169,5,24,snapshot,16384,21,1.000000,1.000000,1.000000,{"1":21},1.000000,0.000000,0.000000,0.000000,1.000000,0.000000,-1.000000
0.007378435,5,25,read_only,64,1,1.000000,1.000000,1.000000,{"1":1},1.000000,0.000000,0.000000,0.000000,1.000000,0.000000,-1.000000
0.007378435,5,25,union,64,1,1.000000,1.000000,1.000000,{"1":1},1.000000,0.000000,0.000000,0.000000,1.000000,0.000000,-1.000000
0.007378435,5,25,snapshot,64,22,1.000000,1.000000,1.000000,{"1":22},1.000000,0.000000,0.000000,0.000000,1.000000,0.000000,-1.000000
0.007378435,5,25,read_only,256,1,1.000000,1.000000,1.000000,{"1":1},1.000000,0.000000,0.000000,0.000000,1.000000,0.000000,-1.000000
0.007378435,5,25,union,256,1,1.000000,1.000000,1.000000,{"1":1},1.000000,0.000000,0.000000,0.000000,1.000000,0.000000,-1.000000
0.007378435,5,25,snapshot,256,22,1.000000,1.000000,1.000000,{"1":22},1.000000,0.000000,0.000000,0.000000,1.000000,0.000000,-1.000000
0.007378435,5,25,read_only,1024,1,1.000000,1.000000,1.000000,{"1":1},1.000000,0.000000,0.000000,0.000000,1.000000,0.000000,-1.000000
0.007378435,5,25,union,1024,1,1.000000,1.000000,1.000000,{"1":1},1.000000,0.000000,0.000000,0.000000,1.000000,0.000000,-1.000000
0.007378435,5,25,snapshot,1024,22,1.000000,1.000000,1.000000,{"1":22},1.000000,0.000000,0.000000,0.000000,1.000000,0.000000,-1.000000
0.007378435,5,25,read_only,4096,1,1.000000,1.000000,1.000000,{"1":1},1.000000,0.000000,0.000000,0.000000,1.000000,0.000000,-1.000000
0.007378435,5,25,union,4096,1,1.000000,1.000000,1.000000,{"1":1},1.000000,0.000000,0.000000,0.000000,1.000000,0.000000,-1.000000
0.007378435,5,25,snapshot,4096,22,1.000000,1.000000,1.000000,{"1":22},1.000000,0.000000,0.000000,0.000000,1.000000,0.000000,-1.000000
0.007378435,5,25,read_only,16384,1,1.000000,1.000000,1.000000,{"1":1},1.000000,0.000000,0.000000,0.000000,1.000000,0.000000,-1.000000
0.007378435,5,25,union,16384,1,1.000000,1.000000,1.000000,{"1":1},1.000000,0.000000,0.000000,0.000000,1.000000,0.000000,-1.000000
0.007378435,5,25,snapshot,16384,22,1.000000,1.000000,1.000000,{"1":22},1.000000,0.000000,0.000000,0.000000,1.000000,0.000000,-1.000000
0.007613123,5,26,snapshot,64,22,1.000000,1.000000,1.000000,{"1":22},1.000000,0.000000,0.000000,0.000000,1.000000,0.000000,-1.000000
0.007613123,5,26,snapshot,256,22,1.000000,1.000000,1.000000,{"1":22},1.000000,0.000000,0.000000,0.000000,1.000000,0.000000,-1.000000
0.007613123,5,26,snapshot,1024,22,1.000000,1.000000,1.000000,{"1":22},1.000000,0.000000,0.000000,0.000000,1.000000,0.000000,-1.000000
0.007613123,5,26,snapshot,4096,22,1.000000,1.000000,1.000000,{"1":22},1.000000,0.000000,0.000000,0.000000,1.000000,0.000000,-1.000000
0.007613123,5,26,snapshot,16384,22,1.000000,1.000000,1.000000,{"1":22},1.000000,0.000000,0.000000,0.000000,1.000000,0.000000,-1.000000
0.007847090,5,27,snapshot,64,22,1.000000,1.000000,1.000000,{"1":22},1.000000,0.000000,0.000000,0.000000,1.000000,0.000000,-1.000000
0.007847090,5,27,snapshot,256,22,1.000000,1.000000,1.000000,{"1":22},1.000000,0.000000,0.000000,0.000000,1.000000,0.000000,-1.000000
0.007847090,5,27,snapshot,1024,22,1.000000,1.000000,1.000000,{"1":22},1.000000,0.000000,0.000000,0.000000,1.000000,0.000000,-1.000000
0.007847090,5,27,snapshot,4096,22,1.000000,1.000000,1.000000,{"1":22},1.000000,0.000000,0.000000,0.000000,1.000000,0.000000,-1.000000
0.007847090,5,27,snapshot,16384,22,1.000000,1.000000,1.000000,{"1":22},1.000000,0.000000,0.000000,0.000000,1.000000,0.000000,-1.000000
0.008080958,5,28,snapshot,64,22,1.000000,1.000000,1.000000,{"1":22},1.000000,0.000000,0.000000,0.000000,1.000000,0.000000,-1.000000
0.008080958,5,28,snapshot,256,22,1.000000,1.000000,1.000000,{"1":22},1.000000,0.000000,0.000000,0.000000,1.000000,0.000000,-1.000000
0.008080958,5,28,snapshot,1024,22,1.000000,1.000000,1.000000,{"1":22},1.000000,0.000000,0.000000,0.000000,1.000000,0.000000,-1.000000
0.008080958,5,28,snapshot,4096,22,1.000000,1.000000,1.000000,{"1":22},1.000000,0.000000,0.000000,0.000000,1.000000,0.000000,-1.000000
0.008080958,5,28,snapshot,16384,22,1.000000,1.000000,1.000000,{"1":22},1.000000,0.000000,0.000000,0.000000,1.000000,0.000000,-1.000000
0.008313766,5,29,snapshot,64,22,1.000000,1.000000,1.000000,{"1":22},1.000000,0.000000,0.000000,0.000000,1.000000,0.000000,-1.000000
0.008313766,5,29,snapshot,256,22,1.000000,1.000000,1.000000,{"1":22},1.000000,0.000000,0.000000,0.000000,1.000000,0.000000,-1.000000
0.008313766,5,29,snapshot,1024,22,1.000000,1.000000,1.000000,{"1":22},1.000000,0.000000,0.000000,0.000000,1.000000,0.000000,-1.000000
0.008313766,5,29,snapshot,4096,22,1.000000,1.000000,1.000000,{"1":22},1.000000,0.000000,0.000000,0.000000,1.000000,0.000000,-1.000000
0.008313766,5,29,snapshot,16384,22,1.000000,1.000000,1.000000,{"1":22},1.000000,0.000000,0.000000,0.000000,1.000000,0.000000,-1.000000
0.008569479,5,30,read_only,64,1,1.000000,1.000000,1.000000,{"1":1},1.000000,0.000000,0.000000,0.000000,1.000000,0.000000,-1.000000
0.008569479,5,30,union,64,1,1.000000,1.000000,1.000000,{"1":1},1.000000,0.000000,0.000000,0.000000,1.000000,0.000000,-1.000000
0.008569479,5,30,snapshot,64,23,1.000000,1.000000,1.000000,{"1":23},1.000000,0.000000,0.000000,0.000000,1.000000,0.000000,-1.000000
0.008569479,5,30,read_only,256,1,1.000000,1.000000,1.000000,{"1":1},1.000000,0.000000,0.000000,0.000000,1.000000,0.000000,-1.000000
0.008569479,5,30,union,256,1,1.000000,1.000000,1.000000,{"1":1},1.000000,0.000000,0.000000,0.000000,1.000000,0.000000,-1.000000
0.008569479,5,30,snapshot,256,23,1.000000,1.000000,1.000000,{"1":23},1.000000,0.000000,0.000000,0.000000,1.000000,0.000000,-1.000000
0.008569479,5,30,read_only,1024,1,1.000000,1.000000,1.000000,{"1":1},1.000000,0.000000,0.000000,0.000000,1.000000,0.000000,-1.000000
0.008569479,5,30,union,1024,1,1.000000,1.000000,1.000000,{"1":1},1.000000,0.000000,0.000000,0.000000,1.000000,0.000000,-1.000000
0.008569479,5,30,snapshot,1024,23,1.000000,1.000000,1.000000,{"1":23},1.000000,0.000000,0.000000,0.000000,1.000000,0.000000,-1.000000
0.008569479,5,30,read_only,4096,1,1.000000,1.000000,1.000000,{"1":1},1.000000,0.000000,0.000000,0.000000,1.000000,0.000000,-1.000000
0.008569479,5,30,union,4096,1,1.000000,1.000000,1.000000,{"1":1},1.000000,0.000000,0.000000,0.000000,1.000000,0.000000,-1.000000
0.008569479,5,30,snapshot,4096,23,1.000000,1.000000,1.000000,{"1":23},1.000000,0.000000,0.000000,0.000000,1.000000,0.000000,-1.000000
0.008569479,5,30,read_only,16384,1,1.000000,1.000000,1.000000,{"1":1},1.000000,0.000000,0.000000,0.000000,1.000000,0.000000,-1.000000
0.008569479,5,30,union,16384,1,1.000000,1.000000,1.000000,{"1":1},1.000000,0.000000,0.000000,0.000000,1.000000,0.000000,-1.000000
0.008569479,5,30,snapshot,16384,23,1.000000,1.000000,1.000000,{"1":23},1.000000,0.000000,0.000000,0.000000,1.000000,0.000000,-1.000000
0.008832339,5,31,snapshot,64,23,1.000000,1.000000,1.000000,{"1":23},1.000000,0.000000,0.000000,0.000000,1.000000,0.000000,-1.000000
0.008832339,5,31,snapshot,256,23,1.000000,1.000000,1.000000,{"1":23},1.000000,0.000000,0.000000,0.000000,1.000000,0.000000,-1.000000
0.008832339,5,31,snapshot,1024,23,1.000000,1.000000,1.000000,{"1":23},1.000000,0.000000,0.000000,0.000000,1.000000,0.000000,-1.000000
0.008832339,5,31,snapshot,4096,23,1.000000,1.000000,1.000000,{"1":23},1.000000,0.000000,0.000000,0.000000,1.000000,0.000000,-1.000000
0.008832339,5,31,snapshot,16384,23,1.000000,1.000000,1.000000,{"1":23},1.000000,0.000000,0.000000,0.000000,1.000000,0.000000,-1.000000
0.009084089,5,32,snapshot,64,23,1.000000,1.000000,1.000000,{"1":23},1.000000,0.000000,0.000000,0.000000,1.000000,0.000000,-1.000000
0.009084089,5,32,snapshot,256,23,1.000000,1.000000,1.000000,{"1":23},1.000000,0.000000,0.000000,0.000000,1.000000,0.000000,-1.000000
0.009084089,5,32,snapshot,1024,23,1.000000,1.000000,1.000000,{"1":23},1.000000,0.000000,0.000000,0.000000,1.000000,0.000000,-1.000000
0.009084089,5,32,snapshot,4096,23,1.000000,1.000000,1.000000,{"1":23},1.000000,0.000000,0.000000,0.000000,1.000000,0.000000,-1.000000
0.009084089,5,32,snapshot,16384,23,1.000000,1.000000,1.000000,{"1":23},1.000000,0.000000,0.000000,0.000000,1.000000,0.000000,-1.000000
0.009353404,5,33,read_only,64,1,1.000000,1.000000,1.000000,{"1":1},1.000000,0.000000,0.000000,0.000000,1.000000,0.000000,-1.000000
0.009353404,5,33,union,64,1,1.000000,1.000000,1.000000,{"1":1},1.000000,0.000000,0.000000,0.000000,1.000000,0.000000,-1.000000
0.009353404,5,33,read_only,256,1,1.000000,1.000000,1.000000,{"1":1},1.000000,0.000000,0.000000,0.000000,1.000000,0.000000,-1.000000
0.009353404,5,33,union,256,1,1.000000,1.000000,1.000000,{"1":1},1.000000,0.000000,0.000000,0.000000,1.000000,0.000000,-1.000000
0.009353404,5,33,read_only,1024,1,1.000000,1.000000,1.000000,{"1":1},1.000000,0.000000,0.000000,0.000000,1.000000,0.000000,-1.000000
0.009353404,5,33,union,1024,1,1.000000,1.000000,1.000000,{"1":1},1.000000,0.000000,0.000000,0.000000,1.000000,0.000000,-1.000000
0.009353404,5,33,read_only,4096,1,1.000000,1.000000,1.000000,{"1":1},1.000000,0.000000,0.000000,0.000000,1.000000,0.000000,-1.000000
0.009353404,5,33,union,4096,1,1.000000,1.000000,1.000000,{"1":1},1.000000,0.000000,0.000000,0.000000,1.000000,0.000000,-1.000000
0.009353404,5,33,read_only,16384,1,1.000000,1.000000,1.000000,{"1":1},1.000000,0.000000,0.000000,0.000000,1.000000,0.000000,-1.000000
0.009353404,5,33,union,16384,1,1.000000,1.000000,1.000000,{"1":1},1.000000,0.000000,0.000000,0.000000,1.000000,0.000000,-1.000000
0.009616738,5,34,read_only,64,2,1.000000,1.000000,1.000000,{"1":2},1.000000,0.000000,0.000000,0.000000,1.000000,0.000000,-1.000000
0.009616738,5,34,union,64,2,1.000000,1.000000,1.000000,{"1":2},1.000000,0.000000,0.000000,0.000000,1.000000,0.000000,-1.000000
0.009616738,5,34,read_only,256,2,1.000000,1.000000,1.000000,{"1":2},1.000000,0.000000,0.000000,0.000000,1.000000,0.000000,-1.000000
0.009616738,5,34,union,256,2,1.000000,1.000000,1.000000,{"1":2},1.000000,0.000000,0.000000,0.000000,1.000000,0.000000,-1.000000
0.009616738,5,34,read_only,1024,2,1.000000,1.000000,1.000000,{"1":2},1.000000,0.000000,0.000000,0.000000,1.000000,0.000000,-1.000000
0.009616738,5,34,union,1024,2,1.000000,1.000000,1.000000,{"1":2},1.000000,0.000000,0.000000,0.000000,1.000000,0.000000,-1.000000
0.009616738,5,34,read_only,4096,2,1.000000,1.000000,1.000000,{"1":2},1.000000,0.000000,0.000000,0.000000,1.000000,0.000000,-1.000000
0.009616738,5,34,union,4096,2,1.000000,1.000000,1.000000,{"1":2},1.000000,0.000000,0.000000,0.000000,1.000000,0.000000,-1.000000
0.009616738,5,34,read_only,16384,2,1.000000,1.000000,1.000000,{"1":2},1.000000,0.000000,0.000000,0.000000,1.000000,0.000000,-1.000000
0.009616738,5,34,union,16384,2,1.000000,1.000000,1.000000,{"1":2},1.000000,0.000000,0.000000,0.000000,1.000000,0.000000,-1.000000
0.009851060,5,35,read_only,64,3,1.000000,1.000000,1.000000,{"1":3},1.000000,0.000000,0.000000,0.000000,1.000000,0.000000,-1.000000
0.009851060,5,35,union,64,3,1.000000,1.000000,1.000000,{"1":3},1.000000,0.000000,0.000000,0.000000,1.000000,0.000000,-1.000000
0.009851060,5,35,snapshot,64,3,1.000000,1.000000,1.000000,{"1":3},1.000000,0.000000,0.000000,0.000000,1.000000,0.000000,-1.000000
0.009851060,5,35,read_only,256,3,1.000000,1.000000,1.000000,{"1":3},1.000000,0.000000,0.000000,0.000000,1.000000,0.000000,-1.000000
0.009851060,5,35,union,256,3,1.000000,1.000000,1.000000,{"1":3},1.000000,0.000000,0.000000,0.000000,1.000000,0.000000,-1.000000
0.009851060,5,35,snapshot,256,3,1.000000,1.000000,1.000000,{"1":3},1.000000,0.000000,0.000000,0.000000,1.000000,0.000000,-1.000000
0.009851060,5,35,read_only,1024,3,1.000000,1.000000,1.000000,{"1":3},1.000000,0.000000,0.000000,0.000000,1.000000,0.000000,-1.000000
0.009851060,5,35,union,1024,3,1.000000,1.000000,1.000000,{"1":3},1.000000,0.000000,0.000000,0.000000,1.000000,0.000000,-1.000000
0.009851060,5,35,snapshot,1024,3,1.000000,1.000000,1.000000,{"1":3},1.000000,0.000000,0.000000,0.000000,1.000000,0.000000,-1.000000
0.009851060,5,35,read_only,4096,3,1.000000,1.000000,1.000000,{"1":3},1.000000,0.000000,0.000000,0.000000,1.000000,0.000000,-1.000000
0.009851060,5,35,union,4096,3,1.000000,1.000000,1.000000,{"1":3},1.000000,0.000000,0.000000,0.000000,1.000000,0.000000,-1.000000
0.009851060,5,35,snapshot,4096,3,1.000000,1.000000,1.000000,{"1":3},1.000000,0.000000,0.000000,0.000000,1.000000,0.000000,-1.000000
0.009851060,5,35,read_only,16384,3,1.000000,1.000000,1.000000,{"1":3},1.000000,0.000000,0.000000,0.000000,1.000000,0.000000,-1.000000
0.009851060,5,35,union,16384,3,1.000000,1.000000,1.000000,{"1":3},1.000000,0.000000,0.000000,0.000000,1.000000,0.000000,-1.000000
0.009851060,5,35,snapshot,16384,3,1.000000,1.000000,1.000000,{"1":3},1.000000,0.000000,0.000000,0.000000,1.000000,0.000000,-1.000000
0.010147870,5,36,snapshot,64,3,1.000000,1.000000,1.000000,{"1":3},1.000000,0.000000,0.000000,0.000000,1.000000,0.000000,-1.000000
0.010147870,5,36,snapshot,256,3,1.000000,1.000000,1.000000,{"1":3},1.000000,0.000000,0.000000,0.000000,1.000000,0.000000,-1.000000
0.010147870,5,36,snapshot,1024,3,1.000000,1.000000,1.000000,{"1":3},1.000000,0.000000,0.000000,0.000000,1.000000,0.000000,-1.000000
0.010147870,5,36,snapshot,4096,3,1.000000,1.000000,1.000000,{"1":3},1.000000,0.000000,0.000000,0.000000,1.000000,0.000000,-1.000000
0.010147870,5,36,snapshot,16384,3,1.000000,1.000000,1.000000,{"1":3},1.000000,0.000000,0.000000,0.000000,1.000000,0.000000,-1.000000
0.010391292,5,37,read_only,64,2,1.000000,1.000000,1.000000,{"1":2},1.000000,0.000000,0.000000,0.000000,1.000000,0.000000,-1.000000
0.010391292,5,37,union,64,2,1.000000,1.000000,1.000000,{"1":2},1.000000,0.000000,0.000000,0.000000,1.000000,0.000000,-1.000000
0.010391292,5,37,snapshot,64,5,1.000000,1.000000,1.000000,{"1":5},1.000000,0.000000,0.000000,0.000000,1.000000,0.000000,-1.000000
0.010391292,5,37,read_only,256,2,1.000000,1.000000,1.000000,{"1":2},1.000000,0.000000,0.000000,0.000000,1.000000,0.000000,-1.000000
0.010391292,5,37,union,256,2,1.000000,1.000000,1.000000,{"1":2},1.000000,0.000000,0.000000,0.000000,1.000000,0.000000,-1.000000
0.010391292,5,37,snapshot,256,5,1.000000,1.000000,1.000000,{"1":5},1.000000,0.000000,0.000000,0.000000,1.000000,0.000000,-1.000000
0.010391292,5,37,read_only,1024,2,1.000000,1.000000,1.000000,{"1":2},1.000000,0.000000,0.000000,0.000000,1.000000,0.000000,-1.000000
0.010391292,5,37,union,1024,2,1.000000,1.000000,1.000000,{"1":2},1.000000,0.000000,0.000000,0.000000,1.000000,0.000000,-1.000000
0.010391292,5,37,snapshot,1024,5,1.000000,1.000000,1.000000,{"1":5},1.000000,0.000000,0.000000,0.000000,1.000000,0.000000,-1.000000
0.010391292,5,37,read_only,4096,2,1.000000,1.000000,1.000000,{"1":2},1.000000,0.000000,0.000000,0.000000,1.000000,0.000000,-1.000000
0.010391292,5,37,union,4096,2,1.000000,1.000000,1.000000,{"1":2},1.000000,0.000000,0.000000,0.000000,1.000000,0.000000,-1.000000
0.010391292,5,37,snapshot,4096,5,1.000000,1.000000,1.000000,{"1":5},1.000000,0.000000,0.000000,0.000000,1.000000,0.000000,-1.000000
0.010391292,5,37,read_only,16384,2,1.000000,1.000000,1.000000,{"1":2},1.000000,0.000000,0.000000,0.000000,1.000000,0.000000,-1.000000
0.010391292,5,37,union,16384,2,1.000000,1.000000,1.000000,{"1":2},1.000000,0.000000,0.000000,0.000000,1.000000,0.000000,-1.000000
0.010391292,5,37,snapshot,16384,5,1.000000,1.000000,1.000000,{"1":5},1.000000,0.000000,0.000000,0.000000,1.000000,0.000000,-1.000000
0.010632759,5,38,snapshot,64,5,1.000000,1.000000,1.000000,{"1":5},1.000000,0.000000,0.000000,0.000000,1.000000,0.000000,-1.000000
0.010632759,5,38,snapshot,256,5,1.000000,1.000000,1.000000,{"1":5},1.000000,0.000000,0.000000,0.000000,1.000000,0.000000,-1.000000
0.010632759,5,38,snapshot,1024,5,1.000000,1.000000,1.000000,{"1":5},1.000000,0.000000,0.000000,0.000000,1.000000,0.000000,-1.000000
0.010632759,5,38,snapshot,4096,5,1.000000,1.000000,1.000000,{"1":5},1.000000,0.000000,0.000000,0.000000,1.000000,0.000000,-1.000000
0.010632759,5,38,snapshot,16384,5,1.000000,1.000000,1.000000,{"1":5},1.000000,0.000000,0.000000,0.000000,1.000000,0.000000,-1.000000
0.010897182,5,39,snapshot,64,5,1.000000,1.000000,1.000000,{"1":5},1.000000,0.000000,0.000000,0.000000,1.000000,0.000000,-1.000000
0.010897182,5,39,snapshot,256,5,1.000000,1.000000,1.000000,{"1":5},1.000000,0.000000,0.000000,0.000000,1.000000,0.000000,-1.000000
0.010897182,5,39,snapshot,1024,5,1.000000,1.000000,1.000000,{"1":5},1.000000,0.000000,0.000000,0.000000,1.000000,0.000000,-1.000000
0.010897182,5,39,snapshot,4096,5,1.000000,1.000000,1.000000,{"1":5},1.000000,0.000000,0.000000,0.000000,1.000000,0.000000,-1.000000
0.010897182,5,39,snapshot,16384,5,1.000000,1.000000,1.000000,{"1":5},1.000000,0.000000,0.000000,0.000000,1.000000,0.000000,-1.000000
0.011175551,5,40,read_only,64,2,1.000000,1.000000,1.000000,{"1":2},1.000000,0.000000,0.000000,0.000000,1.000000,0.000000,-1.000000
0.011175551,5,40,union,64,2,1.000000,1.000000,1.000000,{"1":2},1.000000,0.000000,0.000000,0.000000,1.000000,0.000000,-1.000000
0.011175551,5,40,snapshot,64,7,1.000000,1.000000,1.000000,{"1":7},1.000000,0.000000,0.000000,0.000000,1.000000,0.000000,-1.000000
0.011175551,5,40,read_only,256,2,1.000000,1.000000,1.000000,{"1":2},1.000000,0.000000,0.000000,0.000000,1.000000,0.000000,-1.000000
0.011175551,5,40,union,256,2,1.000000,1.000000,1.000000,{"1":2},1.000000,0.000000,0.000000,0.000000,1.000000,0.000000,-1.000000
0.011175551,5,40,snapshot,256,7,1.000000,1.000000,1.000000,{"1":7},1.000000,0.000000,0.000000,0.000000,1.000000,0.000000,-1.000000
0.011175551,5,40,read_only,1024,2,1.000000,1.000000,1.000000,{"1":2},1.000000,0.000000,0.000000,0.000000,1.000000,0.000000,-1.000000
0.011175551,5,40,union,1024,2,1.000000,1.000000,1.000000,{"1":2},1.000000,0.000000,0.000000,0.000000,1.000000,0.000000,-1.000000
0.011175551,5,40,snapshot,1024,7,1.000000,1.000000,1.000000,{"1":7},1.000000,0.000000,0.000000,0.000000,1.000000,0.000000,-1.000000
0.011175551,5,40,read_only,4096,2,1.000000,1.000000,1.000000,{"1":2},1.000000,0.000000,0.000000,0.000000,1.000000,0.000000,-1.000000
0.011175551,5,40,union,4096,2,1.000000,1.000000,1.000000,{"1":2},1.000000,0.000000,0.000000,0.000000,1.000000,0.000000,-1.000000
0.011175551,5,40,snapshot,4096,7,1.000000,1.000000,1.000000,{"1":7},1.000000,0.000000,0.000000,0.000000,1.000000,0.000000,-1.000000
0.011175551,5,40,read_only,16384,2,1.000000,1.000000,1.000000,{"1":2},1.000000,0.000000,0.000000,0.000000,1.000000,0.000000,-1.000000
0.011175551,5,40,union,16384,2,1.000000,1.000000,1.000000,{"1":2},1.000000,0.000000,0.000000,0.000000,1.000000,0.000000,-1.000000
0.011175551,5,40,snapshot,16384,7,1.000000,1.000000,1.000000,{"1":7},1.000000,0.000000,0.000000,0.000000,1.000000,0.000000,-1.000000
0.011408591,5,41,snapshot,64,7,1.000000,1.000000,1.000000,{"1":7},1.000000,0.000000,0.000000,0.000000,1.000000,0.000000,-1.000000
0.011408591,5,41,snapshot,256,7,1.000000,1.000000,1.000000,{"1":7},1.000000,0.000000,0.000000,0.000000,1.000000,0.000000,-1.000000
0.011408591,5,41,snapshot,1024,7,1.000000,1.000000,1.000000,{"1":7},1.000000,0.000000,0.000000,0.000000,1.000000,0.000000,-1.000000
0.011408591,5,41,snapshot,4096,7,1.000000,1.000000,1.000000,{"1":7},1.000000,0.000000,0.000000,0.000000,1.000000,0.000000,-1.000000
0.011408591,5,41,snapshot,16384,7,1.000000,1.000000,1.000000,{"1":7},1.000000,0.000000,0.000000,0.000000,1.000000,0.000000,-1.000000
0.011643320,5,42,snapshot,64,7,1.000000,1.000000,1.000000,{"1":7},1.000000,0.000000,0.000000,0.000000,1.000000,0.000000,-1.000000
0.011643320,5,42,snapshot,256,7,1.000000,1.000000,1.000000,{"1":7},1.000000,0.000000,0.000000,0.000000,1.000000,0.000000,-1.000000
0.011643320,5,42,snapshot,1024,7,1.000000,1.000000,1.000000,{"1":7},1.000000,0.000000,0.000000,0.000000,1.000000,0.000000,-1.000000
0.011643320,5,42,snapshot,4096,7,1.000000,1.000000,1.000000,{"1":7},1.000000,0.000000,0.000000,0.000000,1.000000,0.000000,-1.000000
0.011643320,5,42,snapshot,16384,7,1.000000,1.000000,1.000000,{"1":7},1.000000,0.000000,0.000000,0.000000,1.000000,0.000000,-1.000000
0.011936953,5,43,snapshot,64,7,1.000000,1.000000,1.000000,{"1":7},1.000000,0.000000,0.000000,0.000000,1.000000,0.000000,-1.000000
0.011936953,5,43,snapshot,256,7,1.000000,1.000000,1.000000,{"1":7},1.000000,0.000000,0.000000,0.000000,1.000000,0.000000,-1.000000
0.011936953,5,43,snapshot,1024,7,1.000000,1.000000,1.000000,{"1":7},1.000000,0.000000,0.000000,0.000000,1.000000,0.000000,-1.000000
0.011936953,5,43,snapshot,4096,7,1.000000,1.000000,1.000000,{"1":7},1.000000,0.000000,0.000000,0.000000,1.000000,0.000000,-1.000000
0.011936953,5,43,snapshot,16384,7,1.000000,1.000000,1.000000,{"1":7},1.000000,0.000000,0.000000,0.000000,1.000000,0.000000,-1.000000
0.012181317,5,44,read_only,64,1,1.000000,1.000000,1.000000,{"1":1},1.000000,0.000000,0.000000,0.000000,1.000000,0.000000,-1.000000
0.012181317,5,44,union,64,1,1.000000,1.000000,1.000000,{"1":1},1.000000,0.000000,0.000000,0.000000,1.000000,0.000000,-1.000000
0.012181317,5,44,snapshot,64,8,1.000000,1.000000,1.000000,{"1":8},1.000000,0.000000,0.000000,0.000000,1.000000,0.000000,-1.000000
0.012181317,5,44,read_only,256,1,1.000000,1.000000,1.000000,{"1":1},1.000000,0.000000,0.000000,0.000000,1.000000,0.000000,-1.000000
0.012181317,5,44,union,256,1,1.000000,1.000000,1.000000,{"1":1},1.000000,0.000000,0.000000,0.000000,1.000000,0.000000,-1.000000
0.012181317,5,44,snapshot,256,8,1.000000,1.000000,1.000000,{"1":8},1.000000,0.000000,0.000000,0.000000,1.000000,0.000000,-1.000000
0.012181317,5,44,read_only,1024,1,1.000000,1.000000,1.000000,{"1":1},1.000000,0.000000,0.000000,0.000000,1.000000,0.000000,-1.000000
0.012181317,5,44,union,1024,1,1.000000,1.000000,1.000000,{"1":1},1.000000,0.000000,0.000000,0.000000,1.000000,0.000000,-1.000000
0.012181317,5,44,snapshot,1024,8,1.000000,1.000000,1.000000,{"1":8},1.000000,0.000000,0.000000,0.000000,1.000000,0.000000,-1.000000
0.012181317,5,44,read_only,4096,1,1.000000,1.000000,1.000000,{"1":1},1.000000,0.000000,0.000000,0.000000,1.000000,0.000000,-1.000000
0.012181317,5,44,union,4096,1,1.000000,1.000000,1.000000,{"1":1},1.000000,0.000000,0.000000,0.000000,1.000000,0.000000,-1.000000
0.012181317,5,44,snapshot,4096,8,1.000000,1.000000,1.000000,{"1":8},1.000000,0.000000,0.000000,0.000000,1.000000,0.000000,-1.000000
0.012181317,5,44,read_only,16384,1,1.000000,1.000000,1.000000,{"1":1},1.000000,0.000000,0.000000,0.000000,1.000000,0.000000,-1.000000
0.012181317,5,44,union,16384,1,1.000000,1.000000,1.000000,{"1":1},1.000000,0.000000,0.000000,0.000000,1.000000,0.000000,-1.000000
0.012181317,5,44,snapshot,16384,8,1.000000,1.000000,1.000000,{"1":8},1.000000,0.000000,0.000000,0.000000,1.000000,0.000000,-1.000000
0.012420593,5,45,read_only,64,2,1.000000,1.000000,1.000000,{"1":2},1.000000,0.000000,0.000000,0.000000,1.000000,0.000000,-1.000000
0.012420593,5,45,union,64,2,1.000000,1.000000,1.000000,{"1":2},1.000000,0.000000,0.000000,0.000000,1.000000,0.000000,-1.000000
0.012420593,5,45,snapshot,64,10,1.000000,1.000000,1.000000,{"1":10},1.000000,0.000000,0.000000,0.000000,1.000000,0.000000,-1.000000
0.012420593,5,45,read_only,256,2,1.000000,1.000000,1.000000,{"1":2},1.000000,0.000000,0.000000,0.000000,1.000000,0.000000,-1.000000
0.012420593,5,45,union,256,2,1.000000,1.000000,1.000000,{"1":2},1.000000,0.000000,0.000000,0.000000,1.000000,0.000000,-1.000000
0.012420593,5,45,snapshot,256,10,1.000000,1.000000,1.000000,{"1":10},1.000000,0.000000,0.000000,0.000000,1.000000,0.000000,-1.000000
0.012420593,5,45,read_only,1024,2,1.000000,1.000000,1.000000,{"1":2},1.000000,0.000000,0.000000,0.000000,1.000000,0.000000,-1.000000
0.012420593,5,45,union,1024,2,1.000000,1.000000,1.000000,{"1":2},1.000000,0.000000,0.000000,0.000000,1.000000,0.000000,-1.000000
0.012420593,5,45,snapshot,1024,10,1.000000,1.000000,1.000000,{"1":10},1.000000,0.000000,0.000000,0.000000,1.000000,0.000000,-1.000000
0.012420593,5,45,read_only,4096,2,1.000000,1.000000,1.000000,{"1":2},1.000000,0.000000,0.000000,0.000000,1.000000,0.000000,-1.000000
0.012420593,5,45,union,4096,2,1.000000,1.000000,1.000000,{"1":2},1.000000,0.000000,0.000000,0.000000,1.000000,0.000000,-1.000000
0.012420593,5,45,snapshot,4096,10,1.000000,1.000000,1.000000,{"1":10},1.000000,0.000000,0.000000,0.000000,1.000000,0.000000,-1.000000
0.012420593,5,45,read_only,16384,2,1.000000,1.000000,1.000000,{"1":2},1.000000,0.000000,0.000000,0.000000,1.000000,0.000000,-1.000000
0.012420593,5,45,union,16384,2,1.000000,1.000000,1.000000,{"1":2},1.000000,0.000000,0.000000,0.000000,1.000000,0.000000,-1.000000
0.012420593,5,45,snapshot,16384,10,1.000000,1.000000,1.000000,{"1":10},1.000000,0.000000,0.000000,0.000000,1.000000,0.000000,-1.000000
0.013449487,5,49,read_only,64,3,1.000000,1.000000,1.000000,{"1":3},1.000000,0.000000,0.000000,0.000000,1.000000,0.000000,-1.000000
0.013449487,5,49,union,64,3,1.000000,1.000000,1.000000,{"1":3},1.000000,0.000000,0.000000,0.000000,1.000000,0.000000,-1.000000
0.013449487,5,49,snapshot,64,3,1.000000,1.000000,1.000000,{"1":3},1.000000,0.000000,0.000000,0.000000,1.000000,0.000000,-1.000000
0.013449487,5,49,read_only,256,3,1.000000,1.000000,1.000000,{"1":3},1.000000,0.000000,0.000000,0.000000,1.000000,0.000000,-1.000000
0.013449487,5,49,union,256,3,1.000000,1.000000,1.000000,{"1":3},1.000000,0.000000,0.000000,0.000000,1.000000,0.000000,-1.000000
0.013449487,5,49,snapshot,256,3,1.000000,1.000000,1.000000,{"1":3},1.000000,0.000000,0.000000,0.000000,1.000000,0.000000,-1.000000
0.013449487,5,49,read_only,1024,3,1.000000,1.000000,1.000000,{"1":3},1.000000,0.000000,0.000000,0.000000,1.000000,0.000000,-1.000000
0.013449487,5,49,union,1024,3,1.000000,1.000000,1.000000,{"1":3},1.000000,0.000000,0.000000,0.000000,1.000000,0.000000,-1.000000
0.013449487,5,49,snapshot,1024,3,1.000000,1.000000,1.000000,{"1":3},1.000000,0.000000,0.000000,0.000000,1.000000,0.000000,-1.000000
0.013449487,5,49,read_only,4096,3,1.000000,1.000000,1.000000,{"1":3},1.000000,0.000000,0.000000,0.000000,1.000000,0.000000,-1.000000
0.013449487,5,49,union,4096,3,1.000000,1.000000,1.000000,{"1":3},1.000000,0.000000,0.000000,0.000000,1.000000,0.000000,-1.000000
0.013449487,5,49,snapshot,4096,3,1.000000,1.000000,1.000000,{"1":3},1.000000,0.000000,0.000000,0.000000,1.000000,0.000000,-1.000000
0.013449487,5,49,read_only,16384,3,1.000000,1.000000,1.000000,{"1":3},1.000000,0.000000,0.000000,0.000000,1.000000,0.000000,-1.000000
0.013449487,5,49,union,16384,3,1.000000,1.000000,1.000000,{"1":3},1.000000,0.000000,0.000000,0.000000,1.000000,0.000000,-1.000000
0.013449487,5,49,snapshot,16384,3,1.000000,1.000000,1.000000,{"1":3},1.000000,0.000000,0.000000,0.000000,1.000000,0.000000,-1.000000
0.013695803,5,50,read_only,64,1,1.000000,1.000000,1.000000,{"1":1},1.000000,0.000000,0.000000,0.000000,1.000000,0.000000,-1.000000
0.013695803,5,50,union,64,1,1.000000,1.000000,1.000000,{"1":1},1.000000,0.000000,0.000000,0.000000,1.000000,0.000000,-1.000000
0.013695803,5,50,snapshot,64,4,1.000000,1.000000,1.000000,{"1":4},1.000000,0.000000,0.000000,0.000000,1.000000,0.000000,-1.000000
0.013695803,5,50,read_only,256,1,1.000000,1.000000,1.000000,{"1":1},1.000000,0.000000,0.000000,0.000000,1.000000,0.000000,-1.000000
0.013695803,5,50,union,256,1,1.000000,1.000000,1.000000,{"1":1},1.000000,0.000000,0.000000,0.000000,1.000000,0.000000,-1.000000
0.013695803,5,50,snapshot,256,4,1.000000,1.000000,1.000000,{"1":4},1.000000,0.000000,0.000000,0.000000,1.000000,0.000000,-1.000000
0.013695803,5,50,read_only,1024,1,1.000000,1.000000,1.000000,{"1":1},1.000000,0.000000,0.000000,0.000000,1.000000,0.000000,-1.000000
0.013695803,5,50,union,1024,1,1.000000,1.000000,1.000000,{"1":1},1.000000,0.000000,0.000000,0.000000,1.000000,0.000000,-1.000000
0.013695803,5,50,snapshot,1024,4,1.000000,1.000000,1.000000,{"1":4},1.000000,0.000000,0.000000,0.000000,1.000000,0.000000,-1.000000
0.013695803,5,50,read_only,4096,1,1.000000,1.000000,1.000000,{"1":1},1.000000,0.000000,0.000000,0.000000,1.000000,0.000000,-1.000000
0.013695803,5,50,union,4096,1,1.000000,1.000000,1.000000,{"1":1},1.000000,0.000000,0.000000,0.000000,1.000000,0.000000,-1.000000
0.013695803,5,50,snapshot,4096,4,1.000000,1.000000,1.000000,{"1":4},1.000000,0.000000,0.000000,0.000000,1.000000,0.000000,-1.000000
0.013695803,5,50,read_only,16384,1,1.000000,1.000000,1.000000,{"1":1},1.000000,0.000000,0.000000,0.000000,1.000000,0.000000,-1.000000
0.013695803,5,50,union,16384,1,1.000000,1.000000,1.000000,{"1":1},1.000000,0.000000,0.000000,0.000000,1.000000,0.000000,-1.000000
0.013695803,5,50,snapshot,16384,4,1.000000,1.000000,1.000000,{"1":4},1.000000,0.000000,0.000000,0.000000,1.000000,0.000000,-1.000000
0.013961481,5,51,snapshot,64,4,1.000000,1.000000,1.000000,{"1":4},1.000000,0.000000,0.000000,0.000000,1.000000,0.000000,-1.000000
0.013961481,5,51,snapshot,256,4,1.000000,1.000000,1.000000,{"1":4},1.000000,0.000000,0.000000,0.000000,1.000000,0.000000,-1.000000
0.013961481,5,51,snapshot,1024,4,1.000000,1.000000,1.000000,{"1":4},1.000000,0.000000,0.000000,0.000000,1.000000,0.000000,-1.000000
0.013961481,5,51,snapshot,4096,4,1.000000,1.000000,1.000000,{"1":4},1.000000,0.000000,0.000000,0.000000,1.000000,0.000000,-1.000000
0.013961481,5,51,snapshot,16384,4,1.000000,1.000000,1.000000,{"1":4},1.000000,0.000000,0.000000,0.000000,1.000000,0.000000,-1.000000
0.014235855,5,52,read_only,64,1,1.000000,1.000000,1.000000,{"1":1},1.000000,0.000000,0.000000,0.000000,1.000000,0.000000,-1.000000
0.014235855,5,52,union,64,1,1.000000,1.000000,1.000000,{"1":1},1.000000,0.000000,0.000000,0.000000,1.000000,0.000000,-1.000000
0.014235855,5,52,snapshot,64,5,1.000000,1.000000,1.000000,{"1":5},1.000000,0.000000,0.000000,0.000000,1.000000,0.000000,-1.000000
0.014235855,5,52,read_only,256,1,1.000000,1.000000,1.000000,{"1":1},1.000000,0.000000,0.000000,0.000000,1.000000,0.000000,-1.000000
0.014235855,5,52,union,256,1,1.000000,1.000000,1.000000,{"1":1},1.000000,0.000000,0.000000,0.000000,1.000000,0.000000,-1.000000
0.014235855,5,52,snapshot,256,5,1.000000,1.000000,1.000000,{"1":5},1.000000,0.000000,0.000000,0.000000,1.000000,0.000000,-1.000000
0.014235855,5,52,read_only,1024,1,1.000000,1.000000,1.000000,{"1":1},1.000000,0.000000,0.000000,0.000000,1.000000,0.000000,-1.000000
0.014235855,5,52,union,1024,1,1.000000,1.000000,1.000000,{"1":1},1.000000,0.000000,0.000000,0.000000,1.000000,0.000000,-1.000000
0.014235855,5,52,snapshot,1024,5,1.000000,1.000000,1.000000,{"1":5},1.000000,0.000000,0.000000,0.000000,1.000000,0.000000,-1.000000
0.014235855,5,52,read_only,4096,1,1.000000,1.000000,1.000000,{"1":1},1.000000,0.000000,0.000000,0.000000,1.000000,0.000000,-1.000000
0.014235855,5,52,union,4096,1,1.000000,1.000000,1.000000,{"1":1},1.000000,0.000000,0.000000,0.000000,1.000000,0.000000,-1.000000
0.014235855,5,52,snapshot,4096,5,1.000000,1.000000,1.000000,{"1":5},1.000000,0.000000,0.000000,0.000000,1.000000,0.000000,-1.000000
0.014235855,5,52,read_only,16384,1,1.000000,1.000000,1.000000,{"1":1},1.000000,0.000000,0.000000,0.000000,1.000000,0.000000,-1.000000
0.014235855,5,52,union,16384,1,1.000000,1.000000,1.000000,{"1":1},1.000000,0.000000,0.000000,0.000000,1.000000,0.000000,-1.000000
0.014235855,5,52,snapshot,16384,5,1.000000,1.000000,1.000000,{"1":5},1.000000,0.000000,0.000000,0.000000,1.000000,0.000000,-1.000000
0.014468695,5,53,snapshot,64,5,1.000000,1.000000,1.000000,{"1":5},1.000000,0.000000,0.000000,0.000000,1.000000,0.000000,-1.000000
0.014468695,5,53,snapshot,256,5,1.000000,1.000000,1.000000,{"1":5},1.000000,0.000000,0.000000,0.000000,1.000000,0.000000,-1.000000
0.014468695,5,53,snapshot,1024,5,1.000000,1.000000,1.000000,{"1":5},1.000000,0.000000,0.000000,0.000000,1.000000,0.000000,-1.000000
0.014468695,5,53,snapshot,4096,5,1.000000,1.000000,1.000000,{"1":5},1.000000,0.000000,0.000000,0.000000,1.000000,0.000000,-1.000000
0.014468695,5,53,snapshot,16384,5,1.000000,1.000000,1.000000,{"1":5},1.000000,0.000000,0.000000,0.000000,1.000000,0.000000,-1.000000
0.014703281,5,54,read_only,64,2,1.000000,1.000000,1.000000,{"1":1,"2":1},0.500000,0.500000,0.000000,0.000000,0.500000,0.500000,1.000000
0.014703281,5,54,union,64,2,1.000000,1.000000,1.000000,{"1":1,"2":1},0.500000,0.500000,0.000000,0.000000,0.500000,0.500000,1.000000
0.014703281,5,54,snapshot,64,7,1.000000,1.000000,1.000000,{"1":6,"2":1},0.857143,0.142857,0.000000,0.000000,0.857143,0.142857,1.000000
0.014703281,5,54,read_only,256,2,1.000000,1.000000,1.000000,{"1":1,"2":1},0.500000,0.500000,0.000000,0.000000,0.500000,0.500000,1.000000
0.014703281,5,54,union,256,2,1.000000,1.000000,1.000000,{"1":1,"2":1},0.500000,0.500000,0.000000,0.000000,0.500000,0.500000,1.000000
0.014703281,5,54,snapshot,256,7,1.000000,1.000000,1.000000,{"1":6,"2":1},0.857143,0.142857,0.000000,0.000000,0.857143,0.142857,1.000000
0.014703281,5,54,read_only,1024,2,1.000000,1.000000,1.000000,{"1":1,"2":1},0.500000,0.500000,0.000000,0.000000,0.500000,0.500000,1.000000
0.014703281,5,54,union,1024,2,1.000000,1.000000,1.000000,{"1":1,"2":1},0.500000,0.500000,0.000000,0.000000,0.500000,0.500000,1.000000
0.014703281,5,54,snapshot,1024,7,1.000000,1.000000,1.000000,{"1":6,"2":1},0.857143,0.142857,0.000000,0.000000,0.857143,0.142857,1.000000
0.014703281,5,54,read_only,4096,2,1.000000,1.000000,1.000000,{"1":1,"2":1},0.500000,0.500000,0.000000,0.000000,0.500000,0.500000,1.000000
0.014703281,5,54,union,4096,2,1.000000,1.000000,1.000000,{"1":1,"2":1},0.500000,0.500000,0.000000,0.000000,0.500000,0.500000,1.000000
0.014703281,5,54,snapshot,4096,7,1.000000,1.000000,1.000000,{"1":6,"2":1},0.857143,0.142857,0.000000,0.000000,0.857143,0.142857,1.000000
0.014703281,5,54,read_only,16384,2,1.000000,1.000000,1.000000,{"1":1,"2":1},0.500000,0.500000,0.000000,0.000000,0.500000,0.500000,1.000000
0.014703281,5,54,union,16384,2,1.000000,1.000000,1.000000,{"1":1,"2":1},0.500000,0.500000,0.000000,0.000000,0.500000,0.500000,1.000000
0.014703281,5,54,snapshot,16384,7,1.000000,1.000000,1.000000,{"1":6,"2":1},0.857143,0.142857,0.000000,0.000000,0.857143,0.142857,1.000000
0.014998079,5,55,snapshot,64,7,1.000000,1.000000,1.000000,{"1":6,"2":1},0.857143,0.142857,0.000000,0.000000,0.857143,0.142857,1.000000
0.014998079,5,55,snapshot,256,7,1.000000,1.000000,1.000000,{"1":6,"2":1},0.857143,0.142857,0.000000,0.000000,0.857143,0.142857,1.000000
0.014998079,5,55,snapshot,1024,7,1.000000,1.000000,1.000000,{"1":6,"2":1},0.857143,0.142857,0.000000,0.000000,0.857143,0.142857,1.000000
0.014998079,5,55,snapshot,4096,7,1.000000,1.000000,1.000000,{"1":6,"2":1},0.857143,0.142857,0.000000,0.000000,0.857143,0.142857,1.000000
0.014998079,5,55,snapshot,16384,7,1.000000,1.000000,1.000000,{"1":6,"2":1},0.857143,0.142857,0.000000,0.000000,0.857143,0.142857,1.000000
0.015265885,5,56,union,64,3,1.000000,1.000000,1.000000,{"1":3},1.000000,0.000000,0.000000,0.000000,1.000000,0.000000,-1.000000
0.015265885,5,56,snapshot,64,10,1.000000,1.000000,1.000000,{"1":9,"2":1},0.900000,0.100000,0.000000,0.000000,0.900000,0.100000,1.000000
0.015265885,5,56,union,256,3,1.000000,1.000000,1.000000,{"1":3},1.000000,0.000000,0.000000,0.000000,1.000000,0.000000,-1.000000
0.015265885,5,56,snapshot,256,10,1.000000,1.000000,1.000000,{"1":9,"2":1},0.900000,0.100000,0.000000,0.000000,0.900000,0.100000,1.000000
0.015265885,5,56,union,1024,3,1.000000,1.000000,1.000000,{"1":3},1.000000,0.000000,0.000000,0.000000,1.000000,0.000000,-1.000000
0.015265885,5,56,snapshot,1024,10,1.000000,1.000000,1.000000,{"1":9,"2":1},0.900000,0.100000,0.000000,0.000000,0.900000,0.100000,1.000000
0.015265885,5,56,union,4096,3,1.000000,1.000000,1.000000,{"1":3},1.000000,0.000000,0.000000,0.000000,1.000000,0.000000,-1.000000
0.015265885,5,56,snapshot,4096,10,1.000000,1.000000,1.000000,{"1":9,"2":1},0.900000,0.100000,0.000000,0.000000,0.900000,0.100000,1.000000
0.015265885,5,56,union,16384,3,1.000000,1.000000,1.000000,{"1":3},1.000000,0.000000,0.000000,0.000000,1.000000,0.000000,-1.000000
0.015265885,5,56,snapshot,16384,10,1.000000,1.000000,1.000000,{"1":9,"2":1},0.900000,0.100000,0.000000,0.000000,0.900000,0.100000,1.000000
0.015567781,5,57,read_only,64,1,1.000000,1.000000,1.000000,{"1":1},1.000000,0.000000,0.000000,0.000000,1.000000,0.000000,-1.000000
0.015567781,5,57,union,64,1,1.000000,1.000000,1.000000,{"1":1},1.000000,0.000000,0.000000,0.000000,1.000000,0.000000,-1.000000
0.015567781,5,57,snapshot,64,11,1.000000,1.000000,1.000000,{"1":10,"2":1},0.909091,0.090909,0.000000,0.000000,0.909091,0.090909,1.000000
0.015567781,5,57,read_only,256,1,1.000000,1.000000,1.000000,{"1":1},1.000000,0.000000,0.000000,0.000000,1.000000,0.000000,-1.000000
0.015567781,5,57,union,256,1,1.000000,1.000000,1.000000,{"1":1},1.000000,0.000000,0.000000,0.000000,1.000000,0.000000,-1.000000
0.015567781,5,57,snapshot,256,11,1.000000,1.000000,1.000000,{"1":10,"2":1},0.909091,0.090909,0.000000,0.000000,0.909091,0.090909,1.000000
0.015567781,5,57,read_only,1024,1,1.000000,1.000000,1.000000,{"1":1},1.000000,0.000000,0.000000,0.000000,1.000000,0.000000,-1.000000
0.015567781,5,57,union,1024,1,1.000000,1.000000,1.000000,{"1":1},1.000000,0.000000,0.000000,0.000000,1.000000,0.000000,-1.000000
0.015567781,5,57,snapshot,1024,11,1.000000,1.000000,1.000000,{"1":10,"2":1},0.909091,0.090909,0.000000,0.000000,0.909091,0.090909,1.000000
0.015567781,5,57,read_only,4096,1,1.000000,1.000000,1.000000,{"1":1},1.000000,0.000000,0.000000,0.000000,1.000000,0.000000,-1.000000
0.015567781,5,57,union,4096,1,1.000000,1.000000,1.000000,{"1":1},1.000000,0.000000,0.000000,0.000000,1.000000,0.000000,-1.000000
0.015567781,5,57,snapshot,4096,11,1.000000,1.000000,1.000000,{"1":10,"2":1},0.909091,0.090909,0.000000,0.000000,0.909091,0.090909,1.000000
0.015567781,5,57,read_only,16384,1,1.000000,1.000000,1.000000,{"1":1},1.000000,0.000000,0.000000,0.000000,1.000000,0.000000,-1.000000
0.015567781,5,57,union,16384,1,1.000000,1.000000,1.000000,{"1":1},1.000000,0.000000,0.000000,0.000000,1.000000,0.000000,-1.000000
0.015567781,5,57,snapshot,16384,11,1.000000,1.000000,1.000000,{"1":10,"2":1},0.909091,0.090909,0.000000,0.000000,0.909091,0.090909,1.000000
0.015824405,5,58,read_only,64,1,1.000000,1.000000,1.000000,{"1":1},1.000000,0.000000,0.000000,0.000000,1.000000,0.000000,-1.000000
0.015824405,5,58,union,64,1,1.000000,1.000000,1.000000,{"1":1},1.000000,0.000000,0.000000,0.000000,1.000000,0.000000,-1.000000
0.015824405,5,58,read_only,256,1,1.000000,1.000000,1.000000,{"1":1},1.000000,0.000000,0.000000,0.000000,1.000000,0.000000,-1.000000
0.015824405,5,58,union,256,1,1.000000,1.000000,1.000000,{"1":1},1.000000,0.000000,0.000000,0.000000,1.000000,0.000000,-1.000000
0.015824405,5,58,read_only,1024,1,1.000000,1.000000,1.000000,{"1":1},1.000000,0.000000,0.000000,0.000000,1.000000,0.000000,-1.000000
0.015824405,5,58,union,1024,1,1.000000,1.000000,1.000000,{"1":1},1.000000,0.000000,0.000000,0.000000,1.000000,0.000000,-1.000000
0.015824405,5,58,read_only,4096,1,1.000000,1.000000,1.000000,{"1":1},1.000000,0.000000,0.000000,0.000000,1.000000,0.000000,-1.000000
0.015824405,5,58,union,4096,1,1.000000,1.000000,1.000000,{"1":1},1.000000,0.000000,0.000000,0.000000,1.000000,0.000000,-1.000000
0.015824405,5,58,read_only,16384,1,1.000000,1.000000,1.000000,{"1":1},1.000000,0.000000,0.000000,0.000000,1.000000,0.000000,-1.000000
0.015824405,5,58,union,16384,1,1.000000,1.000000,1.000000,{"1":1},1.000000,0.000000,0.000000,0.000000,1.000000,0.000000,-1.000000
0.016358513,5,60,read_only,64,1,1.000000,1.000000,1.000000,{"1":1},1.000000,0.000000,0.000000,0.000000,1.000000,0.000000,-1.000000
0.016358513,5,60,union,64,1,1.000000,1.000000,1.000000,{"1":1},1.000000,0.000000,0.000000,0.000000,1.000000,0.000000,-1.000000
0.016358513,5,60,snapshot,64,1,1.000000,1.000000,1.000000,{"1":1},1.000000,0.000000,0.000000,0.000000,1.000000,0.000000,-1.000000
0.016358513,5,60,read_only,256,1,1.000000,1.000000,1.000000,{"1":1},1.000000,0.000000,0.000000,0.000000,1.000000,0.000000,-1.000000
0.016358513,5,60,union,256,1,1.000000,1.000000,1.000000,{"1":1},1.000000,0.000000,0.000000,0.000000,1.000000,0.000000,-1.000000
0.016358513,5,60,snapshot,256,1,1.000000,1.000000,1.000000,{"1":1},1.000000,0.000000,0.000000,0.000000,1.000000,0.000000,-1.000000
0.016358513,5,60,read_only,1024,1,1.000000,1.000000,1.000000,{"1":1},1.000000,0.000000,0.000000,0.000000,1.000000,0.000000,-1.000000
0.016358513,5,60,union,1024,1,1.000000,1.000000,1.000000,{"1":1},1.000000,0.000000,0.000000,0.000000,1.000000,0.000000,-1.000000
0.016358513,5,60,snapshot,1024,1,1.000000,1.000000,1.000000,{"1":1},1.000000,0.000000,0.000000,0.000000,1.000000,0.000000,-1.000000
0.016358513,5,60,read_only,4096,1,1.000000,1.000000,1.000000,{"1":1},1.000000,0.000000,0.000000,0.000000,1.000000,0.000000,-1.000000
0.016358513,5,60,union,4096,1,1.000000,1.000000,1.000000,{"1":1},1.000000,0.000000,0.000000,0.000000,1.000000,0.000000,-1.000000
0.016358513,5,60,snapshot,4096,1,1.000000,1.000000,1.000000,{"1":1},1.000000,0.000000,0.000000,0.000000,1.000000,0.000000,-1.000000
0.016358513,5,60,read_only,16384,1,1.000000,1.000000,1.000000,{"1":1},1.000000,0.000000,0.000000,0.000000,1.000000,0.000000,-1.000000
0.016358513,5,60,union,16384,1,1.000000,1.000000,1.000000,{"1":1},1.000000,0.000000,0.000000,0.000000,1.000000,0.000000,-1.000000
0.016358513,5,60,snapshot,16384,1,1.000000,1.000000,1.000000,{"1":1},1.000000,0.000000,0.000000,0.000000,1.000000,0.000000,-1.000000
0.016615785,5,61,union,64,2,1.000000,1.000000,1.000000,{"1":2},1.000000,0.000000,0.000000,0.000000,1.000000,0.000000,-1.000000
0.016615785,5,61,snapshot,64,3,1.000000,1.000000,1.000000,{"1":3},1.000000,0.000000,0.000000,0.000000,1.000000,0.000000,-1.000000
0.016615785,5,61,union,256,2,1.000000,1.000000,1.000000,{"1":2},1.000000,0.000000,0.000000,0.000000,1.000000,0.000000,-1.000000
0.016615785,5,61,snapshot,256,3,1.000000,1.000000,1.000000,{"1":3},1.000000,0.000000,0.000000,0.000000,1.000000,0.000000,-1.000000
0.016615785,5,61,union,1024,2,1.000000,1.000000,1.000000,{"1":2},1.000000,0.000000,0.000000,0.000000,1.000000,0.000000,-1.000000
0.016615785,5,61,snapshot,1024,3,1.000000,1.000000,1.000000,{"1":3},1.000000,0.000000,0.000000,0.000000,1.000000,0.000000,-1.000000
0.016615785,5,61,union,4096,2,1.000000,1.000000,1.000000,{"1":2},1.000000,0.000000,0.000000,0.000000,1.000000,0.000000,-1.000000
0.016615785,5,61,snapshot,4096,3,1.000000,1.000000,1.000000,{"1":3},1.000000,0.000000,0.000000,0.000000,1.000000,0.000000,-1.000000
0.016615785,5,61,union,16384,2,1.000000,1.000000,1.000000,{"1":2},1.000000,0.000000,0.000000,0.000000,1.000000,0.000000,-1.000000
0.016615785,5,61,snapshot,16384,3,1.000000,1.000000,1.000000,{"1":3},1.000000,0.000000,0.000000,0.000000,1.000000,0.000000,-1.000000
0.016899575,5,62,read_only,64,7,1.000000,1.000000,1.000000,{"1":7},1.000000,0.000000,0.000000,0.000000,1.000000,0.000000,-1.000000
0.016899575,5,62,union,64,7,1.000000,1.000000,1.000000,{"1":7},1.000000,0.000000,0.000000,0.000000,1.000000,0.000000,-1.000000
0.016899575,5,62,snapshot,64,10,1.000000,1.000000,1.000000,{"1":10},1.000000,0.000000,0.000000,0.000000,1.000000,0.000000,-1.000000
0.016899575,5,62,read_only,256,7,1.000000,1.000000,1.000000,{"1":7},1.000000,0.000000,0.000000,0.000000,1.000000,0.000000,-1.000000
0.016899575,5,62,union,256,7,1.000000,1.000000,1.000000,{"1":7},1.000000,0.000000,0.000000,0.000000,1.000000,0.000000,-1.000000
0.016899575,5,62,snapshot,256,10,1.000000,1.000000,1.000000,{"1":10},1.000000,0.000000,0.000000,0.000000,1.000000,0.000000,-1.000000
0.016899575,5,62,read_only,1024,7,1.000000,1.000000,1.000000,{"1":7},1.000000,0.000000,0.000000,0.000000,1.000000,0.000000,-1.000000
0.016899575,5,62,union,1024,7,1.000000,1.000000,1.000000,{"1":7},1.000000,0.000000,0.000000,0.000000,1.000000,0.000000,-1.000000
0.016899575,5,62,snapshot,1024,10,1.000000,1.000000,1.000000,{"1":10},1.000000,0.000000,0.000000,0.000000,1.000000,0.000000,-1.000000
0.016899575,5,62,read_only,4096,7,1.000000,1.000000,1.000000,{"1":7},1.000000,0.000000,0.000000,0.000000,1.000000,0.000000,-1.000000
0.016899575,5,62,union,4096,7,1.000000,1.000000,1.000000,{"1":7},1.000000,0.000000,0.000000,0.000000,1.000000,0.000000,-1.000000
0.016899575,5,62,snapshot,4096,10,1.000000,1.000000,1.000000,{"1":10},1.000000,0.000000,0.000000,0.000000,1.000000,0.000000,-1.000000
0.016899575,5,62,read_only,16384,7,1.000000,1.000000,1.000000,{"1":7},1.000000,0.000000,0.000000,0.000000,1.000000,0.000000,-1.000000
0.016899575,5,62,union,16384,7,1.000000,1.000000,1.000000,{"1":7},1.000000,0.000000,0.000000,0.000000,1.000000,0.000000,-1.000000
0.016899575,5,62,snapshot,16384,10,1.000000,1.000000,1.000000,{"1":10},1.000000,0.000000,0.000000,0.000000,1.000000,0.000000,-1.000000
0.017163825,5,63,read_only,64,2,1.000000,1.000000,1.000000,{"1":1,"2":1},0.500000,0.500000,0.000000,0.000000,0.500000,0.500000,1.000000
0.017163825,5,63,union,64,4,1.000000,1.000000,1.000000,{"1":3,"2":1},0.750000,0.250000,0.000000,0.000000,0.750000,0.250000,1.000000
0.017163825,5,63,snapshot,64,12,1.000000,1.000000,1.000000,{"1":11,"2":1},0.916667,0.083333,0.000000,0.000000,0.916667,0.083333,1.000000
0.017163825,5,63,read_only,256,2,1.000000,1.000000,1.000000,{"1":1,"2":1},0.500000,0.500000,0.000000,0.000000,0.500000,0.500000,1.000000
0.017163825,5,63,union,256,4,1.000000,1.000000,1.000000,{"1":3,"2":1},0.750000,0.250000,0.000000,0.000000,0.750000,0.250000,1.000000
0.017163825,5,63,snapshot,256,12,1.000000,1.000000,1.000000,{"1":11,"2":1},0.916667,0.083333,0.000000,0.000000,0.916667,0.083333,1.000000
0.017163825,5,63,read_only,1024,2,1.000000,1.000000,1.000000,{"1":1,"2":1},0.500000,0.500000,0.000000,0.000000,0.500000,0.500000,1.000000
0.017163825,5,63,union,1024,4,1.000000,1.000000,1.000000,{"1":3,"2":1},0.750000,0.250000,0.000000,0.000000,0.750000,0.250000,1.000000
0.017163825,5,63,snapshot,1024,12,1.000000,1.000000,1.000000,{"1":11,"2":1},0.916667,0.083333,0.000000,0.000000,0.916667,0.083333,1.000000
0.017163825,5,63,read_only,4096,2,1.000000,1.000000,1.000000,{"1":1,"2":1},0.500000,0.500000,0.000000,0.000000,0.500000,0.500000,1.000000
0.017163825,5,63,union,4096,4,1.000000,1.000000,1.000000,{"1":3,"2":1},0.750000,0.250000,0.000000,0.000000,0.750000,0.250000,1.000000
0.017163825,5,63,snapshot,4096,12,1.000000,1.000000,1.000000,{"1":11,"2":1},0.916667,0.083333,0.000000,0.000000,0.916667,0.083333,1.000000
0.017163825,5,63,read_only,16384,2,1.000000,1.000000,1.000000,{"1":1,"2":1},0.500000,0.500000,0.000000,0.000000,0.500000,0.500000,1.000000
0.017163825,5,63,union,16384,4,1.000000,1.000000,1.000000,{"1":3,"2":1},0.750000,0.250000,0.000000,0.000000,0.750000,0.250000,1.000000
0.017163825,5,63,snapshot,16384,12,1.000000,1.000000,1.000000,{"1":11,"2":1},0.916667,0.083333,0.000000,0.000000,0.916667,0.083333,1.000000
0.017442147,5,64,read_only,64,1,1.000000,1.000000,1.000000,{"1":1},1.000000,0.000000,0.000000,0.000000,1.000000,0.000000,-1.000000
0.017442147,5,64,union,64,1,1.000000,1.000000,1.000000,{"1":1},1.000000,0.000000,0.000000,0.000000,1.000000,0.000000,-1.000000
0.017442147,5,64,snapshot,64,13,1.000000,1.000000,1.000000,{"1":12,"2":1},0.923077,0.076923,0.000000,0.000000,0.923077,0.076923,1.000000
0.017442147,5,64,read_only,256,1,1.000000,1.000000,1.000000,{"1":1},1.000000,0.000000,0.000000,0.000000,1.000000,0.000000,-1.000000
0.017442147,5,64,union,256,1,1.000000,1.000000,1.000000,{"1":1},1.000000,0.000000,0.000000,0.000000,1.000000,0.000000,-1.000000
0.017442147,5,64,snapshot,256,13,1.000000,1.000000,1.000000,{"1":12,"2":1},0.923077,0.076923,0.000000,0.000000,0.923077,0.076923,1.000000
0.017442147,5,64,read_only,1024,1,1.000000,1.000000,1.000000,{"1":1},1.000000,0.000000,0.000000,0.000000,1.000000,0.000000,-1.000000
0.017442147,5,64,union,1024,1,1.000000,1.000000,1.000000,{"1":1},1.000000,0.000000,0.000000,0.000000,1.000000,0.000000,-1.000000
0.017442147,5,64,snapshot,1024,13,1.000000,1.000000,1.000000,{"1":12,"2":1},0.923077,0.076923,0.000000,0.000000,0.923077,0.076923,1.000000
0.017442147,5,64,read_only,4096,1,1.000000,1.000000,1.000000,{"1":1},1.000000,0.000000,0.000000,0.000000,1.000000,0.000000,-1.000000
0.017442147,5,64,union,4096,1,1.000000,1.000000,1.000000,{"1":1},1.000000,0.000000,0.000000,0.000000,1.000000,0.000000,-1.000000
0.017442147,5,64,snapshot,4096,13,1.000000,1.000000,1.000000,{"1":12,"2":1},0.923077,0.076923,0.000000,0.000000,0.923077,0.076923,1.000000
0.017442147,5,64,read_only,16384,1,1.000000,1.000000,1.000000,{"1":1},1.000000,0.000000,0.000000,0.000000,1.000000,0.000000,-1.000000
0.017442147,5,64,union,16384,1,1.000000,1.000000,1.000000,{"1":1},1.000000,0.000000,0.000000,0.000000,1.000000,0.000000,-1.000000
0.017442147,5,64,snapshot,16384,13,1.000000,1.000000,1.000000,{"1":12,"2":1},0.923077,0.076923,0.000000,0.000000,0.923077,0.076923,1.000000
0.017680957,5,65,read_only,64,2,1.000000,1.000000,1.000000,{"1":2},1.000000,0.000000,0.000000,0.000000,1.000000,0.000000,-1.000000
0.017680957,5,65,union,64,3,1.000000,1.000000,1.000000,{"1":3},1.000000,0.000000,0.000000,0.000000,1.000000,0.000000,-1.000000
0.017680957,5,65,snapshot,64,15,1.000000,1.000000,1.000000,{"1":15},1.000000,0.000000,0.000000,0.000000,1.000000,0.000000,-1.000000
0.017680957,5,65,read_only,256,2,1.000000,1.000000,1.000000,{"1":2},1.000000,0.000000,0.000000,0.000000,1.000000,0.000000,-1.000000
0.017680957,5,65,union,256,3,1.000000,1.000000,1.000000,{"1":3},1.000000,0.000000,0.000000,0.000000,1.000000,0.000000,-1.000000
0.017680957,5,65,snapshot,256,15,1.000000,1.000000,1.000000,{"1":15},1.000000,0.000000,0.000000,0.000000,1.000000,0.000000,-1.000000
0.017680957,5,65,read_only,1024,2,1.000000,1.000000,1.000000,{"1":2},1.000000,0.000000,0.000000,0.000000,1.000000,0.000000,-1.000000
0.017680957,5,65,union,1024,3,1.000000,1.000000,1.000000,{"1":3},1.000000,0.000000,0.000000,0.000000,1.000000,0.000000,-1.000000
0.017680957,5,65,snapshot,1024,15,1.000000,1.000000,1.000000,{"1":15},1.000000,0.000000,0.000000,0.000000,1.000000,0.000000,-1.000000
0.017680957,5,65,read_only,4096,2,1.000000,1.000000,1.000000,{"1":2},1.000000,0.000000,0.000000,0.000000,1.000000,0.000000,-1.000000
0.017680957,5,65,union,4096,3,1.000000,1.000000,1.000000,{"1":3},1.000000,0.000000,0.000000,0.000000,1.000000,0.000000,-1.000000
0.017680957,5,65,snapshot,4096,15,1.000000,1.000000,1.000000,{"1":15},1.000000,0.000000,0.000000,0.000000,1.000000,0.000000,-1.000000
0.017680957,5,65,read_only,16384,2,1.000000,1.000000,1.000000,{"1":2},1.000000,0.000000,0.000000,0.000000,1.000000,0.000000,-1.000000
0.017680957,5,65,union,16384,3,1.000000,1.000000,1.000000,{"1":3},1.000000,0.000000,0.000000,0.000000,1.000000,0.000000,-1.000000
0.017680957,5,65,snapshot,16384,15,1.000000,1.000000,1.000000,{"1":15},1.000000,0.000000,0.000000,0.000000,1.000000,0.000000,-1.000000
0.017915257,5,66,read_only,64,4,1.000000,1.000000,1.000000,{"1":4},1.000000,0.000000,0.000000,0.000000,1.000000,0.000000,-1.000000
0.017915257,5,66,union,64,6,1.000000,1.000000,1.000000,{"1":6},1.000000,0.000000,0.000000,0.000000,1.000000,0.000000,-1.000000
0.017915257,5,66,snapshot,64,20,1.000000,1.000000,1.000000,{"1":20},1.000000,0.000000,0.000000,0.000000,1.000000,0.000000,-1.000000
0.017915257,5,66,read_only,256,4,1.000000,1.000000,1.000000,{"1":4},1.000000,0.000000,0.000000,0.000000,1.000000,0.000000,-1.000000
0.017915257,5,66,union,256,6,1.000000,1.000000,1.000000,{"1":6},1.000000,0.000000,0.000000,0.000000,1.000000,0.000000,-1.000000
0.017915257,5,66,snapshot,256,20,1.000000,1.000000,1.000000,{"1":20},1.000000,0.000000,0.000000,0.000000,1.000000,0.000000,-1.000000
0.017915257,5,66,read_only,1024,4,1.000000,1.000000,1.000000,{"1":4},1.000000,0.000000,0.000000,0.000000,1.000000,0.000000,-1.000000
0.017915257,5,66,union,1024,6,1.000000,1.000000,1.000000,{"1":6},1.000000,0.000000,0.000000,0.000000,1.000000,0.000000,-1.000000
0.017915257,5,66,snapshot,1024,20,1.000000,1.000000,1.000000,{"1":20},1.000000,0.000000,0.000000,0.000000,1.000000,0.000000,-1.000000
0.017915257,5,66,read_only,4096,4,1.000000,1.000000,1.000000,{"1":4},1.000000,0.000000,0.000000,0.000000,1.000000,0.000000,-1.000000
0.017915257,5,66,union,4096,6,1.000000,1.000000,1.000000,{"1":6},1.000000,0.000000,0.000000,0.000000,1.000000,0.000000,-1.000000
0.017915257,5,66,snapshot,4096,20,1.000000,1.000000,1.000000,{"1":20},1.000000,0.000000,0.000000,0.000000,1.000000,0.000000,-1.000000
0.017915257,5,66,read_only,16384,4,1.000000,1.000000,1.000000,{"1":4},1.000000,0.000000,0.000000,0.000000,1.000000,0.000000,-1.000000
0.017915257,5,66,union,16384,6,1.000000,1.000000,1.000000,{"1":6},1.000000,0.000000,0.000000,0.000000,1.000000,0.000000,-1.000000
0.017915257,5,66,snapshot,16384,20,1.000000,1.000000,1.000000,{"1":20},1.000000,0.000000,0.000000,0.000000,1.000000,0.000000,-1.000000
0.018237472,5,67,read_only,64,3,1.000000,1.000000,1.000000,{"1":3},1.000000,0.000000,0.000000,0.000000,1.000000,0.000000,-1.000000
0.018237472,5,67,union,64,7,1.000000,1.000000,1.000000,{"1":7},1.000000,0.000000,0.000000,0.000000,1.000000,0.000000,-1.000000
0.018237472,5,67,snapshot,64,27,1.000000,1.000000,1.000000,{"1":27},1.000000,0.000000,0.000000,0.000000,1.000000,0.000000,-1.000000
0.018237472,5,67,read_only,256,3,1.000000,1.000000,1.000000,{"1":3},1.000000,0.000000,0.000000,0.000000,1.000000,0.000000,-1.000000
0.018237472,5,67,union,256,7,1.000000,1.000000,1.000000,{"1":7},1.000000,0.000000,0.000000,0.000000,1.000000,0.000000,-1.000000
0.018237472,5,67,snapshot,256,27,1.000000,1.000000,1.000000,{"1":27},1.000000,0.000000,0.000000,0.000000,1.000000,0.000000,-1.000000
0.018237472,5,67,read_only,1024,3,1.000000,1.000000,1.000000,{"1":3},1.000000,0.000000,0.000000,0.000000,1.000000,0.000000,-1.000000
0.018237472,5,67,union,1024,7,1.000000,1.000000,1.000000,{"1":7},1.000000,0.000000,0.000000,0.000000,1.000000,0.000000,-1.000000
0.018237472,5,67,snapshot,1024,27,1.000000,1.000000,1.000000,{"1":27},1.000000,0.000000,0.000000,0.000000,1.000000,0.000000,-1.000000
0.018237472,5,67,read_only,4096,3,1.000000,1.000000,1.000000,{"1":3},1.000000,0.000000,0.000000,0.000000,1.000000,0.000000,-1.000000
0.018237472,5,67,union,4096,7,1.000000,1.000000,1.000000,{"1":7},1.000000,0.000000,0.000000,0.000000,1.000000,0.000000,-1.000000
0.018237472,5,67,snapshot,4096,27,1.000000,1.000000,1.000000,{"1":27},1.000000,0.000000,0.000000,0.000000,1.000000,0.000000,-1.000000
0.018237472,5,67,read_only,16384,3,1.000000,1.000000,1.000000,{"1":3},1.000000,0.000000,0.000000,0.000000,1.000000,0.000000,-1.000000
0.018237472,5,67,union,16384,7,1.000000,1.000000,1.000000,{"1":7},1.000000,0.000000,0.000000,0.000000,1.000000,0.000000,-1.000000
0.018237472,5,67,snapshot,16384,27,1.000000,1.000000,1.000000,{"1":27},1.000000,0.000000,0.000000,0.000000,1.000000,0.000000,-1.000000
0.018520007,5,68,snapshot,64,27,1.000000,1.000000,1.000000,{"1":27},1.000000,0.000000,0.000000,0.000000,1.000000,0.000000,-1.000000
0.018520007,5,68,snapshot,256,27,1.000000,1.000000,1.000000,{"1":27},1.000000,0.000000,0.000000,0.000000,1.000000,0.000000,-1.000000
0.018520007,5,68,snapshot,1024,27,1.000000,1.000000,1.000000,{"1":27},1.000000,0.000000,0.000000,0.000000,1.000000,0.000000,-1.000000
0.018520007,5,68,snapshot,4096,27,1.000000,1.000000,1.000000,{"1":27},1.000000,0.000000,0.000000,0.000000,1.000000,0.000000,-1.000000
0.018520007,5,68,snapshot,16384,27,1.000000,1.000000,1.000000,{"1":27},1.000000,0.000000,0.000000,0.000000,1.000000,0.000000,-1.000000
0.018847694,5,69,snapshot,64,27,1.000000,1.000000,1.000000,{"1":27},1.000000,0.000000,0.000000,0.000000,1.000000,0.000000,-1.000000
0.018847694,5,69,snapshot,256,27,1.000000,1.000000,1.000000,{"1":27},1.000000,0.000000,0.000000,0.000000,1.000000,0.000000,-1.000000
0.018847694,5,69,snapshot,1024,27,1.000000,1.000000,1.000000,{"1":27},1.000000,0.000000,0.000000,0.000000,1.000000,0.000000,-1.000000
0.018847694,5,69,snapshot,4096,27,1.000000,1.000000,1.000000,{"1":27},1.000000,0.000000,0.000000,0.000000,1.000000,0.000000,-1.000000
0.018847694,5,69,snapshot,16384,27,1.000000,1.000000,1.000000,{"1":27},1.000000,0.000000,0.000000,0.000000,1.000000,0.000000,-1.000000
0.019138733,5,70,read_only,64,5,1.000000,1.000000,1.000000,{"1":4,"2":1},0.800000,0.200000,0.000000,0.000000,0.800000,0.200000,1.000000
0.019138733,5,70,union,64,6,1.000000,1.000000,1.000000,{"1":5,"2":1},0.833333,0.166667,0.000000,0.000000,0.833333,0.166667,1.000000
0.019138733,5,70,snapshot,64,3,1.000000,1.000000,1.000000,{"1":2,"2":1},0.666667,0.333333,0.000000,0.000000,0.666667,0.333333,1.000000
0.019138733,5,70,read_only,256,5,1.000000,1.000000,1.000000,{"1":4,"2":1},0.800000,0.200000,0.000000,0.000000,0.800000,0.200000,1.000000
0.019138733,5,70,union,256,6,1.000000,1.000000,1.000000,{"1":5,"2":1},0.833333,0.166667,0.000000,0.000000,0.833333,0.166667,1.000000
0.019138733,5,70,snapshot,256,3,1.000000,1.000000,1.000000,{"1":2,"2":1},0.666667,0.333333,0.000000,0.000000,0.666667,0.333333,1.000000
0.019138733,5,70,read_only,1024,5,1.000000,1.000000,1.000000,{"1":4,"2":1},0.800000,0.200000,0.000000,0.000000,0.800000,0.200000,1.000000
0.019138733,5,70,union,1024,6,1.000000,1.000000,1.000000,{"1":5,"2":1},0.833333,0.166667,0.000000,0.000000,0.833333,0.166667,1.000000
0.019138733,5,70,snapshot,1024,3,1.000000,1.000000,1.000000,{"1":2,"2":1},0.666667,0.333333,0.000000,0.000000,0.666667,0.333333,1.000000
0.019138733,5,70,read_only,4096,5,1.000000,1.000000,1.000000,{"1":4,"2":1},0.800000,0.200000,0.000000,0.000000,0.800000,0.200000,1.000000
0.019138733,5,70,union,4096,6,1.000000,1.000000,1.000000,{"1":5,"2":1},0.833333,0.166667,0.000000,0.000000,0.833333,0.166667,1.000000
0.019138733,5,70,snapshot,4096,3,1.000000,1.000000,1.000000,{"1":2,"2":1},0.666667,0.333333,0.000000,0.000000,0.666667,0.333333,1.000000
0.019138733,5,70,read_only,16384,5,1.000000,1.000000,1.000000,{"1":4,"2":1},0.800000,0.200000,0.000000,0.000000,0.800000,0.200000,1.000000
0.019138733,5,70,union,16384,6,1.000000,1.000000,1.000000,{"1":5,"2":1},0.833333,0.166667,0.000000,0.000000,0.833333,0.166667,1.000000
0.019138733,5,70,snapshot,16384,3,1.000000,1.000000,1.000000,{"1":2,"2":1},0.666667,0.333333,0.000000,0.000000,0.666667,0.333333,1.000000
0.019380570,5,71,read_only,64,1,1.000000,1.000000,1.000000,{"1":1},1.000000,0.000000,0.000000,0.000000,1.000000,0.000000,-1.000000
0.019380570,5,71,union,64,2,1.000000,1.000000,1.000000,{"1":2},1.000000,0.000000,0.000000,0.000000,1.000000,0.000000,-1.000000
0.019380570,5,71,snapshot,64,4,1.000000,1.000000,1.000000,{"1":3,"2":1},0.750000,0.250000,0.000000,0.000000,0.750000,0.250000,1.000000
0.019380570,5,71,read_only,256,1,1.000000,1.000000,1.000000,{"1":1},1.000000,0.000000,0.000000,0.000000,1.000000,0.000000,-1.000000
0.019380570,5,71,union,256,2,1.000000,1.000000,1.000000,{"1":2},1.000000,0.000000,0.000000,0.000000,1.000000,0.000000,-1.000000
0.019380570,5,71,snapshot,256,4,1.000000,1.000000,1.000000,{"1":3,"2":1},0.750000,0.250000,0.000000,0.000000,0.750000,0.250000,1.000000
0.019380570,5,71,read_only,1024,1,1.000000,1.000000,1.000000,{"1":1},1.000000,0.000000,0.000000,0.000000,1.000000,0.000000,-1.000000
0.019380570,5,71,union,1024,2,1.000000,1.000000,1.000000,{"1":2},1.000000,0.000000,0.000000,0.000000,1.000000,0.000000,-1.000000
0.019380570,5,71,snapshot,1024,4,1.000000,1.000000,1.000000,{"1":3,"2":1},0.750000,0.250000,0.000000,0.000000,0.750000,0.250000,1.000000
0.019380570,5,71,read_only,4096,1,1.000000,1.000000,1.000000,{"1":1},1.000000,0.000000,0.000000,0.000000,1.000000,0.000000,-1.000000
0.019380570,5,71,union,4096,2,1.000000,1.000000,1.000000,{"1":2},1.000000,0.000000,0.000000,0.000000,1.000000,0.000000,-1.000000
0.019380570,5,71,snapshot,4096,4,1.000000,1.000000,1.000000,{"1":3,"2":1},0.750000,0.250000,0.000000,0.000000,0.750000,0.250000,1.000000
0.019380570,5,71,read_only,16384,1,1.000000,1.000000,1.000000,{"1":1},1.000000,0.000000,0.000000,0.000000,1.000000,0.000000,-1.000000
0.019380570,5,71,union,16384,2,1.000000,1.000000,1.000000,{"1":2},1.000000,0.000000,0.000000,0.000000,1.000000,0.000000,-1.000000
0.019380570,5,71,snapshot,16384,4,1.000000,1.000000,1.000000,{"1":3,"2":1},0.750000,0.250000,0.000000,0.000000,0.750000,0.250000,1.000000
0.019774957,5,72,read_only,64,5,1.000000,1.000000,1.000000,{"1":5},1.000000,0.000000,0.000000,0.000000,1.000000,0.000000,-1.000000
0.019774957,5,72,union,64,9,1.000000,1.000000,1.000000,{"1":9},1.000000,0.000000,0.000000,0.000000,1.000000,0.000000,-1.000000
0.019774957,5,72,snapshot,64,13,1.000000,1.000000,1.000000,{"1":12,"2":1},0.923077,0.076923,0.000000,0.000000,0.923077,0.076923,1.000000
0.019774957,5,72,read_only,256,5,1.000000,1.000000,1.000000,{"1":5},1.000000,0.000000,0.000000,0.000000,1.000000,0.000000,-1.000000
0.019774957,5,72,union,256,9,1.000000,1.000000,1.000000,{"1":9},1.000000,0.000000,0.000000,0.000000,1.000000,0.000000,-1.000000
0.019774957,5,72,snapshot,256,13,1.000000,1.000000,1.000000,{"1":12,"2":1},0.923077,0.076923,0.000000,0.000000,0.923077,0.076923,1.000000
0.019774957,5,72,read_only,1024,5,1.000000,1.000000,1.000000,{"1":5},1.000000,0.000000,0.000000,0.000000,1.000000,0.000000,-1.000000
0.019774957,5,72,union,1024,9,1.000000,1.000000,1.000000,{"1":9},1.000000,0.000000,0.000000,0.000000,1.000000,0.000000,-1.000000
0.019774957,5,72,snapshot,1024,13,1.000000,1.000000,1.000000,{"1":12,"2":1},0.923077,0.076923,0.000000,0.000000,0.923077,0.076923,1.000000
0.019774957,5,72,read_only,4096,5,1.000000,1.000000,1.000000,{"1":5},1.000000,0.000000,0.000000,0.000000,1.000000,0.000000,-1.000000
0.019774957,5,72,union,4096,9,1.000000,1.000000,1.000000,{"1":9},1.000000,0.000000,0.000000,0.000000,1.000000,0.000000,-1.000000
0.019774957,5,72,snapshot,4096,13,1.000000,1.000000,1.000000,{"1":12,"2":1},0.923077,0.076923,0.000000,0.000000,0.923077,0.076923,1.000000
0.019774957,5,72,read_only,16384,5,1.000000,1.000000,1.000000,{"1":5},1.000000,0.000000,0.000000,0.000000,1.000000,0.000000,-1.000000
0.019774957,5,72,union,16384,9,1.000000,1.000000,1.000000,{"1":9},1.000000,0.000000,0.000000,0.000000,1.000000,0.000000,-1.000000
0.019774957,5,72,snapshot,16384,13,1.000000,1.000000,1.000000,{"1":12,"2":1},0.923077,0.076923,0.000000,0.000000,0.923077,0.076923,1.000000
0.020061218,5,73,read_only,64,28,1.000000,1.000000,1.000000,{"1":28},1.000000,0.000000,0.000000,0.000000,1.000000,0.000000,-1.000000
0.020061218,5,73,union,64,28,1.000000,1.000000,1.000000,{"1":28},1.000000,0.000000,0.000000,0.000000,1.000000,0.000000,-1.000000
0.020061218,5,73,snapshot,64,41,1.000000,1.000000,1.000000,{"1":40,"2":1},0.975610,0.024390,0.000000,0.000000,0.975610,0.024390,1.000000
0.020061218,5,73,read_only,256,28,1.000000,1.000000,1.000000,{"1":28},1.000000,0.000000,0.000000,0.000000,1.000000,0.000000,-1.000000
0.020061218,5,73,union,256,28,1.000000,1.000000,1.000000,{"1":28},1.000000,0.000000,0.000000,0.000000,1.000000,0.000000,-1.000000
0.020061218,5,73,snapshot,256,41,1.000000,1.000000,1.000000,{"1":40,"2":1},0.975610,0.024390,0.000000,0.000000,0.975610,0.024390,1.000000
0.020061218,5,73,read_only,1024,28,1.000000,1.000000,1.000000,{"1":28},1.000000,0.000000,0.000000,0.000000,1.000000,0.000000,-1.000000
0.020061218,5,73,union,1024,28,1.000000,1.000000,1.000000,{"1":28},1.000000,0.000000,0.000000,0.000000,1.000000,0.000000,-1.000000
0.020061218,5,73,snapshot,1024,41,1.000000,1.000000,1.000000,{"1":40,"2":1},0.975610,0.024390,0.000000,0.000000,0.975610,0.024390,1.000000
0.020061218,5,73,read_only,4096,28,1.000000,1.000000,1.000000,{"1":28},1.000000,0.000000,0.000000,0.000000,1.000000,0.000000,-1.000000
0.020061218,5,73,union,4096,28,1.000000,1.000000,1.000000,{"1":28},1.000000,0.000000,0.000000,0.000000,1.000000,0.000000,-1.000000
0.020061218,5,73,snapshot,4096,41,1.000000,1.000000,1.000000,{"1":40,"2":1},0.975610,0.024390,0.000000,0.000000,0.975610,0.024390,1.000000
0.020061218,5,73,read_only,16384,28,1.000000,1.000000,1.000000,{"1":28},1.000000,0.000000,0.000000,0.000000,1.000000,0.000000,-1.000000
0.020061218,5,73,union,16384,28,1.000000,1.000000,1.000000,{"1":28},1.000000,0.000000,0.000000,0.000000,1.000000,0.000000,-1.000000
0.020061218,5,73,snapshot,16384,41,1.000000,1.000000,1.000000,{"1":40,"2":1},0.975610,0.024390,0.000000,0.000000,0.975610,0.024390,1.000000
0.020348093,5,74,read_only,64,20,1.000000,1.000000,1.000000,{"1":20},1.000000,0.000000,0.000000,0.000000,1.000000,0.000000,-1.000000
0.020348093,5,74,union,64,20,1.000000,1.000000,1.000000,{"1":20},1.000000,0.000000,0.000000,0.000000,1.000000,0.000000,-1.000000
0.020348093,5,74,snapshot,64,61,1.000000,1.000000,1.000000,{"1":60,"2":1},0.983607,0.016393,0.000000,0.000000,0.983607,0.016393,1.000000
0.020348093,5,74,read_only,256,20,1.000000,1.000000,1.000000,{"1":20},1.000000,0.000000,0.000000,0.000000,1.000000,0.000000,-1.000000
0.020348093,5,74,union,256,20,1.000000,1.000000,1.000000,{"1":20},1.000000,0.000000,0.000000,0.000000,1.000000,0.000000,-1.000000
0.020348093,5,74,snapshot,256,61,1.000000,1.000000,1.000000,{"1":60,"2":1},0.983607,0.016393,0.000000,0.000000,0.983607,0.016393,1.000000
0.020348093,5,74,read_only,1024,20,1.000000,1.000000,1.000000,{"1":20},1.000000,0.000000,0.000000,0.000000,1.000000,0.000000,-1.000000
0.020348093,5,74,union,1024,20,1.000000,1.000000,1.000000,{"1":20},1.000000,0.000000,0.000000,0.000000,1.000000,0.000000,-1.000000
0.020348093,5,74,snapshot,1024,61,1.000000,1.000000,1.000000,{"1":60,"2":1},0.983607,0.016393,0.000000,0.000000,0.983607,0.016393,1.000000
0.020348093,5,74,read_only,4096,20,1.000000,1.000000,1.000000,{"1":20},1.000000,0.000000,0.000000,0.000000,1.000000,0.000000,-1.000000
0.020348093,5,74,union,4096,20,1.000000,1.000000,1.000000,{"1":20},1.000000,0.000000,0.000000,0.000000,1.000000,0.000000,-1.000000
0.020348093,5,74,snapshot,4096,61,1.000000,1.000000,1.000000,{"1":60,"2":1},0.983607,0.016393,0.000000,0.000000,0.983607,0.016393,1.000000
0.020348093,5,74,read_only,16384,20,1.000000,1.000000,1.000000,{"1":20},1.000000,0.000000,0.000000,0.000000,1.000000,0.000000,-1.000000
0.020348093,5,74,union,16384,20,1.000000,1.000000,1.000000,{"1":20},1.000000,0.000000,0.000000,0.000000,1.000000,0.000000,-1.000000
0.020348093,5,74,snapshot,16384,61,1.000000,1.000000,1.000000,{"1":60,"2":1},0.983607,0.016393,0.000000,0.000000,0.983607,0.016393,1.000000
0.020610035,5,75,snapshot,64,61,1.000000,1.000000,1.000000,{"1":60,"2":1},0.983607,0.016393,0.000000,0.000000,0.983607,0.016393,1.000000
0.020610035,5,75,snapshot,256,61,1.000000,1.000000,1.000000,{"1":60,"2":1},0.983607,0.016393,0.000000,0.000000,0.983607,0.016393,1.000000
0.020610035,5,75,snapshot,1024,61,1.000000,1.000000,1.000000,{"1":60,"2":1},0.983607,0.016393,0.000000,0.000000,0.983607,0.016393,1.000000
0.020610035,5,75,snapshot,4096,61,1.000000,1.000000,1.000000,{"1":60,"2":1},0.983607,0.016393,0.000000,0.000000,0.983607,0.016393,1.000000
0.020610035,5,75,snapshot,16384,61,1.000000,1.000000,1.000000,{"1":60,"2":1},0.983607,0.016393,0.000000,0.000000,0.983607,0.016393,1.000000
0.020903290,5,76,read_only,64,1,1.000000,1.000000,1.000000,{"1":1},1.000000,0.000000,0.000000,0.000000,1.000000,0.000000,-1.000000
0.020903290,5,76,union,64,1,1.000000,1.000000,1.000000,{"1":1},1.000000,0.000000,0.000000,0.000000,1.000000,0.000000,-1.000000
0.020903290,5,76,snapshot,64,62,1.000000,1.000000,1.000000,{"1":61,"2":1},0.983871,0.016129,0.000000,0.000000,0.983871,0.016129,1.000000
0.020903290,5,76,read_only,256,1,1.000000,1.000000,1.000000,{"1":1},1.000000,0.000000,0.000000,0.000000,1.000000,0.000000,-1.000000
0.020903290,5,76,union,256,1,1.000000,1.000000,1.000000,{"1":1},1.000000,0.000000,0.000000,0.000000,1.000000,0.000000,-1.000000
0.020903290,5,76,snapshot,256,62,1.000000,1.000000,1.000000,{"1":61,"2":1},0.983871,0.016129,0.000000,0.000000,0.983871,0.016129,1.000000
0.020903290,5,76,read_only,1024,1,1.000000,1.000000,1.000000,{"1":1},1.000000,0.000000,0.000000,0.000000,1.000000,0.000000,-1.000000
0.020903290,5,76,union,1024,1,1.000000,1.000000,1.000000,{"1":1},1.000000,0.000000,0.000000,0.000000,1.000000,0.000000,-1.000000
0.020903290,5,76,snapshot,1024,62,1.000000,1.000000,1.000000,{"1":61,"2":1},0.983871,0.016129,0.000000,0.000000,0.983871,0.016129,1.000000
0.020903290,5,76,read_only,4096,1,1.000000,1.000000,1.000000,{"1":1},1.000000,0.000000,0.000000,0.000000,1.000000,0.000000,-1.000000
0.020903290,5,76,union,4096,1,1.000000,1.000000,1.000000,{"1":1},1.000000,0.000000,0.000000,0.000000,1.000000,0.000000,-1.000000
0.020903290,5,76,snapshot,4096,62,1.000000,1.000000,1.000000,{"1":61,"2":1},0.983871,0.016129,0.000000,0.000000,0.983871,0.016129,1.000000
0.020903290,5,76,read_only,16384,1,1.000000,1.000000,1.000000,{"1":1},1.000000,0.000000,0.000000,0.000000,1.000000,0.000000,-1.000000
0.020903290,5,76,union,16384,1,1.000000,1.000000,1.000000,{"1":1},1.000000,0.000000,0.000000,0.000000,1.000000,0.000000,-1.000000
0.020903290,5,76,snapshot,16384,62,1.000000,1.000000,1.000000,{"1":61,"2":1},0.983871,0.016129,0.000000,0.000000,0.983871,0.016129,1.000000
0.021164179,5,77,snapshot,64,62,1.000000,1.000000,1.000000,{"1":61,"2":1},0.983871,0.016129,0.000000,0.000000,0.983871,0.016129,1.000000
0.021164179,5,77,snapshot,256,62,1.000000,1.000000,1.000000,{"1":61,"2":1},0.983871,0.016129,0.000000,0.000000,0.983871,0.016129,1.000000
0.021164179,5,77,snapshot,1024,62,1.000000,1.000000,1.000000,{"1":61,"2":1},0.983871,0.016129,0.000000,0.000000,0.983871,0.016129,1.000000
0.021164179,5,77,snapshot,4096,62,1.000000,1.000000,1.000000,{"1":61,"2":1},0.983871,0.016129,0.000000,0.000000,0.983871,0.016129,1.000000
0.021164179,5,77,snapshot,16384,62,1.000000,1.000000,1.000000,{"1":61,"2":1},0.983871,0.016129,0.000000,0.000000,0.983871,0.016129,1.000000
0.021420436,5,78,snapshot,64,62,1.000000,1.000000,1.000000,{"1":61,"2":1},0.983871,0.016129,0.000000,0.000000,0.983871,0.016129,1.000000
0.021420436,5,78,snapshot,256,62,1.000000,1.000000,1.000000,{"1":61,"2":1},0.983871,0.016129,0.000000,0.000000,0.983871,0.016129,1.000000
0.021420436,5,78,snapshot,1024,62,1.000000,1.000000,1.000000,{"1":61,"2":1},0.983871,0.016129,0.000000,0.000000,0.983871,0.016129,1.000000
0.021420436,5,78,snapshot,4096,62,1.000000,1.000000,1.000000,{"1":61,"2":1},0.983871,0.016129,0.000000,0.000000,0.983871,0.016129,1.000000
0.021420436,5,78,snapshot,16384,62,1.000000,1.000000,1.000000,{"1":61,"2":1},0.983871,0.016129,0.000000,0.000000,0.983871,0.016129,1.000000
0.021674863,5,79,snapshot,64,62,1.000000,1.000000,1.000000,{"1":61,"2":1},0.983871,0.016129,0.000000,0.000000,0.983871,0.016129,1.000000
0.021674863,5,79,snapshot,256,62,1.000000,1.000000,1.000000,{"1":61,"2":1},0.983871,0.016129,0.000000,0.000000,0.983871,0.016129,1.000000
0.021674863,5,79,snapshot,1024,62,1.000000,1.000000,1.000000,{"1":61,"2":1},0.983871,0.016129,0.000000,0.000000,0.983871,0.016129,1.000000
0.021674863,5,79,snapshot,4096,62,1.000000,1.000000,1.000000,{"1":61,"2":1},0.983871,0.016129,0.000000,0.000000,0.983871,0.016129,1.000000
0.021674863,5,79,snapshot,16384,62,1.000000,1.000000,1.000000,{"1":61,"2":1},0.983871,0.016129,0.000000,0.000000,0.983871,0.016129,1.000000
0.021983477,5,80,snapshot,64,62,1.000000,1.000000,1.000000,{"1":61,"2":1},0.983871,0.016129,0.000000,0.000000,0.983871,0.016129,1.000000
0.021983477,5,80,snapshot,256,62,1.000000,1.000000,1.000000,{"1":61,"2":1},0.983871,0.016129,0.000000,0.000000,0.983871,0.016129,1.000000
0.021983477,5,80,snapshot,1024,62,1.000000,1.000000,1.000000,{"1":61,"2":1},0.983871,0.016129,0.000000,0.000000,0.983871,0.016129,1.000000
0.021983477,5,80,snapshot,4096,62,1.000000,1.000000,1.000000,{"1":61,"2":1},0.983871,0.016129,0.000000,0.000000,0.983871,0.016129,1.000000
0.021983477,5,80,snapshot,16384,62,1.000000,1.000000,1.000000,{"1":61,"2":1},0.983871,0.016129,0.000000,0.000000,0.983871,0.016129,1.000000
0.022218479,5,81,read_only,64,8,1.000000,1.000000,1.000000,{"1":7,"2":1},0.875000,0.125000,0.000000,0.000000,0.875000,0.125000,1.000000
0.022218479,5,81,union,64,8,1.000000,1.000000,1.000000,{"1":7,"2":1},0.875000,0.125000,0.000000,0.000000,0.875000,0.125000,1.000000
0.022218479,5,81,snapshot,64,70,1.000000,1.000000,1.000000,{"1":68,"2":2},0.971429,0.028571,0.000000,0.000000,0.971429,0.028571,1.000000
0.022218479,5,81,read_only,256,8,1.000000,1.000000,1.000000,{"1":7,"2":1},0.875000,0.125000,0.000000,0.000000,0.875000,0.125000,1.000000
0.022218479,5,81,union,256,8,1.000000,1.000000,1.000000,{"1":7,"2":1},0.875000,0.125000,0.000000,0.000000,0.875000,0.125000,1.000000
0.022218479,5,81,snapshot,256,70,1.000000,1.000000,1.000000,{"1":68,"2":2},0.971429,0.028571,0.000000,0.000000,0.971429,0.028571,1.000000
0.022218479,5,81,read_only,1024,8,1.000000,1.000000,1.000000,{"1":7,"2":1},0.875000,0.125000,0.000000,0.000000,0.875000,0.125000,1.000000
0.022218479,5,81,union,1024,8,1.000000,1.000000,1.000000,{"1":7,"2":1},0.875000,0.125000,0.000000,0.000000,0.875000,0.125000,1.000000
0.022218479,5,81,snapshot,1024,70,1.000000,1.000000,1.000000,{"1":68,"2":2},0.971429,0.028571,0.000000,0.000000,0.971429,0.028571,1.000000
0.022218479,5,81,read_only,4096,8,1.000000,1.000000,1.000000,{"1":7,"2":1},0.875000,0.125000,0.000000,0.000000,0.875000,0.125000,1.000000
0.022218479,5,81,union,4096,8,1.000000,1.000000,1.000000,{"1":7,"2":1},0.875000,0.125000,0.000000,0.000000,0.875000,0.125000,1.000000
0.022218479,5,81,snapshot,4096,70,1.000000,1.000000,1.000000,{"1":68,"2":2},0.971429,0.028571,0.000000,0.000000,0.971429,0.028571,1.000000
0.022218479,5,81,read_only,16384,8,1.000000,1.000000,1.000000,{"1":7,"2":1},0.875000,0.125000,0.000000,0.000000,0.875000,0.125000,1.000000
0.022218479,5,81,union,16384,8,1.000000,1.000000,1.000000,{"1":7,"2":1},0.875000,0.125000,0.000000,0.000000,0.875000,0.125000,1.000000
0.022218479,5,81,snapshot,16384,70,1.000000,1.000000,1.000000,{"1":68,"2":2},0.971429,0.028571,0.000000,0.000000,0.971429,0.028571,1.000000
0.022458168,5,82,read_only,64,7,1.000000,1.000000,1.000000,{"1":7},1.000000,0.000000,0.000000,0.000000,1.000000,0.000000,-1.000000
0.022458168,5,82,union,64,7,1.000000,1.000000,1.000000,{"1":7},1.000000,0.000000,0.000000,0.000000,1.000000,0.000000,-1.000000
0.022458168,5,82,snapshot,64,77,1.000000,1.000000,1.000000,{"1":75,"2":2},0.974026,0.025974,0.000000,0.000000,0.974026,0.025974,1.000000
0.022458168,5,82,read_only,256,7,1.000000,1.000000,1.000000,{"1":7},1.000000,0.000000,0.000000,0.000000,1.000000,0.000000,-1.000000
0.022458168,5,82,union,256,7,1.000000,1.000000,1.000000,{"1":7},1.000000,0.000000,0.000000,0.000000,1.000000,0.000000,-1.000000
0.022458168,5,82,snapshot,256,77,1.000000,1.000000,1.000000,{"1":75,"2":2},0.974026,0.025974,0.000000,0.000000,0.974026,0.025974,1.000000
0.022458168,5,82,read_only,1024,7,1.000000,1.000000,1.000000,{"1":7},1.000000,0.000000,0.000000,0.000000,1.000000,0.000000,-1.000000
0.022458168,5,82,union,1024,7,1.000000,1.000000,1.000000,{"1":7},1.000000,0.000000,0.000000,0.000000,1.000000,0.000000,-1.000000
0.022458168,5,82,snapshot,1024,77,1.000000,1.000000,1.000000,{"1":75,"2":2},0.974026,0.025974,0.000000,0.000000,0.974026,0.025974,1.000000
0.022458168,5,82,read_only,4096,7,1.000000,1.000000,1.000000,{"1":7},1.000000,0.000000,0.000000,0.000000,1.000000,0.000000,-1.000000
0.022458168,5,82,union,4096,7,1.000000,1.000000,1.000000,{"1":7},1.000000,0.000000,0.000000,0.000000,1.000000,0.000000,-1.000000
0.022458168,5,82,snapshot,4096,77,1.000000,1.000000,1.000000,{"1":75,"2":2},0.974026,0.025974,0.000000,0.000000,0.974026,0.025974,1.000000
0.022458168,5,82,read_only,16384,7,1.000000,1.000000,1.000000,{"1":7},1.000000,0.000000,0.000000,0.000000,1.000000,0.000000,-1.000000
0.022458168,5,82,union,16384,7,1.000000,1.000000,1.000000,{"1":7},1.000000,0.000000,0.000000,0.000000,1.000000,0.000000,-1.000000
0.022458168,5,82,snapshot,16384,77,1.000000,1.000000,1.000000,{"1":75,"2":2},0.974026,0.025974,0.000000,0.000000,0.974026,0.025974,1.000000
0.022705365,5,83,snapshot,64,77,1.000000,1.000000,1.000000,{"1":75,"2":2},0.974026,0.025974,0.000000,0.000000,0.974026,0.025974,1.000000
0.022705365,5,83,snapshot,256,77,1.000000,1.000000,1.000000,{"1":75,"2":2},0.974026,0.025974,0.000000,0.000000,0.974026,0.025974,1.000000
0.022705365,5,83,snapshot,1024,77,1.000000,1.000000,1.000000,{"1":75,"2":2},0.974026,0.025974,0.000000,0.000000,0.974026,0.025974,1.000000
0.022705365,5,83,snapshot,4096,77,1.000000,1.000000,1.000000,{"1":75,"2":2},0.974026,0.025974,0.000000,0.000000,0.974026,0.025974,1.000000
0.022705365,5,83,snapshot,16384,77,1.000000,1.000000,1.000000,{"1":75,"2":2},0.974026,0.025974,0.000000,0.000000,0.974026,0.025974,1.000000
0.022948477,5,84,union,64,3,1.000000,1.000000,1.000000,{"1":3},1.000000,0.000000,0.000000,0.000000,1.000000,0.000000,-1.000000
0.022948477,5,84,snapshot,64,77,1.000000,1.000000,1.000000,{"1":75,"2":2},0.974026,0.025974,0.000000,0.000000,0.974026,0.025974,1.000000
0.022948477,5,84,union,256,3,1.000000,1.000000,1.000000,{"1":3},1.000000,0.000000,0.000000,0.000000,1.000000,0.000000,-1.000000
0.022948477,5,84,snapshot,256,77,1.000000,1.000000,1.000000,{"1":75,"2":2},0.974026,0.025974,0.000000,0.000000,0.974026,0.025974,1.000000
0.022948477,5,84,union,1024,3,1.000000,1.000000,1.000000,{"1":3},1.000000,0.000000,0.000000,0.000000,1.000000,0.000000,-1.000000
0.022948477,5,84,snapshot,1024,77,1.000000,1.000000,1.000000,{"1":75,"2":2},0.974026,0.025974,0.000000,0.000000,0.974026,0.025974,1.000000
0.022948477,5,84,union,4096,3,1.000000,1.000000,1.000000,{"1":3},1.000000,0.000000,0.000000,0.000000,1.000000,0.000000,-1.000000
0.022948477,5,84,snapshot,4096,77,1.000000,1.000000,1.000000,{"1":75,"2":2},0.974026,0.025974,0.000000,0.000000,0.974026,0.025974,1.000000
0.022948477,5,84,union,16384,3,1.000000,1.000000,1.000000,{"1":3},1.000000,0.000000,0.000000,0.000000,1.000000,0.000000,-1.000000
0.022948477,5,84,snapshot,16384,77,1.000000,1.000000,1.000000,{"1":75,"2":2},0.974026,0.025974,0.000000,0.000000,0.974026,0.025974,1.000000
0.023182512,5,85,snapshot,64,77,1.000000,1.000000,1.000000,{"1":75,"2":2},0.974026,0.025974,0.000000,0.000000,0.974026,0.025974,1.000000
0.023182512,5,85,snapshot,256,77,1.000000,1.000000,1.000000,{"1":75,"2":2},0.974026,0.025974,0.000000,0.000000,0.974026,0.025974,1.000000
0.023182512,5,85,snapshot,1024,77,1.000000,1.000000,1.000000,{"1":75,"2":2},0.974026,0.025974,0.000000,0.000000,0.974026,0.025974,1.000000
0.023182512,5,85,snapshot,4096,77,1.000000,1.000000,1.000000,{"1":75,"2":2},0.974026,0.025974,0.000000,0.000000,0.974026,0.025974,1.000000
0.023182512,5,85,snapshot,16384,77,1.000000,1.000000,1.000000,{"1":75,"2":2},0.974026,0.025974,0.000000,0.000000,0.974026,0.025974,1.000000
0.023417343,5,86,snapshot,64,77,1.000000,1.000000,1.000000,{"1":75,"2":2},0.974026,0.025974,0.000000,0.000000,0.974026,0.025974,1.000000
0.023417343,5,86,snapshot,256,77,1.000000,1.000000,1.000000,{"1":75,"2":2},0.974026,0.025974,0.000000,0.000000,0.974026,0.025974,1.000000
0.023417343,5,86,snapshot,1024,77,1.000000,1.000000,1.000000,{"1":75,"2":2},0.974026,0.025974,0.000000,0.000000,0.974026,0.025974,1.000000
0.023417343,5,86,snapshot,4096,77,1.000000,1.000000,1.000000,{"1":75,"2":2},0.974026,0.025974,0.000000,0.000000,0.974026,0.025974,1.000000
0.023417343,5,86,snapshot,16384,77,1.000000,1.000000,1.000000,{"1":75,"2":2},0.974026,0.025974,0.000000,0.000000,0.974026,0.025974,1.000000
0.023650673,5,87,snapshot,64,77,1.000000,1.000000,1.000000,{"1":75,"2":2},0.974026,0.025974,0.000000,0.000000,0.974026,0.025974,1.000000
0.023650673,5,87,snapshot,256,77,1.000000,1.000000,1.000000,{"1":75,"2":2},0.974026,0.025974,0.000000,0.000000,0.974026,0.025974,1.000000
0.023650673,5,87,snapshot,1024,77,1.000000,1.000000,1.000000,{"1":75,"2":2},0.974026,0.025974,0.000000,0.000000,0.974026,0.025974,1.000000
0.023650673,5,87,snapshot,4096,77,1.000000,1.000000,1.000000,{"1":75,"2":2},0.974026,0.025974,0.000000,0.000000,0.974026,0.025974,1.000000
0.023650673,5,87,snapshot,16384,77,1.000000,1.000000,1.000000,{"1":75,"2":2},0.974026,0.025974,0.000000,0.000000,0.974026,0.025974,1.000000
0.023884473,5,88,read_only,64,3,1.000000,1.000000,1.000000,{"1":3},1.000000,0.000000,0.000000,0.000000,1.000000,0.000000,-1.000000
0.023884473,5,88,union,64,4,1.000000,1.000000,1.000000,{"1":4},1.000000,0.000000,0.000000,0.000000,1.000000,0.000000,-1.000000
0.023884473,5,88,snapshot,64,81,1.000000,1.000000,1.000000,{"1":79,"2":2},0.975309,0.024691,0.000000,0.000000,0.975309,0.024691,1.000000
0.023884473,5,88,read_only,256,3,1.000000,1.000000,1.000000,{"1":3},1.000000,0.000000,0.000000,0.000000,1.000000,0.000000,-1.000000
0.023884473,5,88,union,256,4,1.000000,1.000000,1.000000,{"1":4},1.000000,0.000000,0.000000,0.000000,1.000000,0.000000,-1.000000
0.023884473,5,88,snapshot,256,81,1.000000,1.000000,1.000000,{"1":79,"2":2},0.975309,0.024691,0.000000,0.000000,0.975309,0.024691,1.000000
0.023884473,5,88,read_only,1024,3,1.000000,1.000000,1.000000,{"1":3},1.000000,0.000000,0.000000,0.000000,1.000000,0.000000,-1.000000
0.023884473,5,88,union,1024,4,1.000000,1.000000,1.000000,{"1":4},1.000000,0.000000,0.000000,0.000000,1.000000,0.000000,-1.000000
0.023884473,5,88,snapshot,1024,81,1.000000,1.000000,1.000000,{"1":79,"2":2},0.975309,0.024691,0.000000,0.000000,0.975309,0.024691,1.000000
0.023884473,5,88,read_only,4096,3,1.000000,1.000000,1.000000,{"1":3},1.000000,0.000000,0.000000,0.000000,1.000000,0.000000,-1.000000
0.023884473,5,88,union,4096,4,1.000000,1.000000,1.000000,{"1":4},1.000000,0.000000,0.000000,0.000000,1.000000,0.000000,-1.000000
0.023884473,5,88,snapshot,4096,81,1.000000,1.000000,1.000000,{"1":79,"2":2},0.975309,0.024691,0.000000,0.000000,0.975309,0.024691,1.000000
0.023884473,5,88,read_only,16384,3,1.000000,1.000000,1.000000,{"1":3},1.000000,0.000000,0.000000,0.000000,1.000000,0.000000,-1.000000
0.023884473,5,88,union,16384,4,1.000000,1.000000,1.000000,{"1":4},1.000000,0.000000,0.000000,0.000000,1.000000,0.000000,-1.000000
0.023884473,5,88,snapshot,16384,81,1.000000,1.000000,1.000000,{"1":79,"2":2},0.975309,0.024691,0.000000,0.000000,0.975309,0.024691,1.000000
0.024125390,5,89,read_only,64,1,1.000000,1.000000,1.000000,{"2":1},0.000000,1.000000,0.000000,0.000000,0.000000,1.000000,1.000000
0.024125390,5,89,union,64,4,1.000000,1.000000,1.000000,{"1":3,"2":1},0.750000,0.250000,0.000000,0.000000,0.750000,0.250000,1.000000
0.024125390,5,89,snapshot,64,82,1.000000,1.000000,1.000000,{"1":80,"2":2},0.975610,0.024390,0.000000,0.000000,0.975610,0.024390,1.000000
0.024125390,5,89,read_only,256,1,1.000000,1.000000,1.000000,{"2":1},0.000000,1.000000,0.000000,0.000000,0.000000,1.000000,1.000000
0.024125390,5,89,union,256,4,1.000000,1.000000,1.000000,{"1":3,"2":1},0.750000,0.250000,0.000000,0.000000,0.750000,0.250000,1.000000
0.024125390,5,89,snapshot,256,82,1.000000,1.000000,1.000000,{"1":80,"2":2},0.975610,0.024390,0.000000,0.000000,0.975610,0.024390,1.000000
0.024125390,5,89,read_only,1024,1,1.000000,1.000000,1.000000,{"2":1},0.000000,1.000000,0.000000,0.000000,0.000000,1.000000,1.000000
0.024125390,5,89,union,1024,4,1.000000,1.000000,1.000000,{"1":3,"2":1},0.750000,0.250000,0.000000,0.000000,0.750000,0.250000,1.000000
0.024125390,5,89,snapshot,1024,82,1.000000,1.000000,1.000000,{"1":80,"2":2},0.975610,0.024390,0.000000,0.000000,0.975610,0.024390,1.000000
0.024125390,5,89,read_only,4096,1,1.000000,1.000000,1.000000,{"2":1},0.000000,1.000000,0.000000,0.000000,0.000000,1.000000,1.000000
0.024125390,5,89,union,4096,4,1.000000,1.000000,1.000000,{"1":3,"2":1},0.750000,0.250000,0.000000,0.000000,0.750000,0.250000,1.000000
0.024125390,5,89,snapshot,4096,82,1.000000,1.000000,1.000000,{"1":80,"2":2},0.975610,0.024390,0.000000,0.000000,0.975610,0.024390,1.000000
0.024125390,5,89,read_only,16384,1,1.000000,1.000000,1.000000,{"2":1},0.000000,1.000000,0.000000,0.000000,0.000000,1.000000,1.000000
0.024125390,5,89,union,16384,4,1.000000,1.000000,1.000000,{"1":3,"2":1},0.750000,0.250000,0.000000,0.000000,0.750000,0.250000,1.000000
0.024125390,5,89,snapshot,16384,82,1.000000,1.000000,1.000000,{"1":80,"2":2},0.975610,0.024390,0.000000,0.000000,0.975610,0.024390,1.000000
0.024358706,5,90,snapshot,64,82,1.000000,1.000000,1.000000,{"1":80,"2":2},0.975610,0.024390,0.000000,0.000000,0.975610,0.024390,1.000000
0.024358706,5,90,snapshot,256,82,1.000000,1.000000,1.000000,{"1":80,"2":2},0.975610,0.024390,0.000000,0.000000,0.975610,0.024390,1.000000
0.024358706,5,90,snapshot,1024,82,1.000000,1.000000,1.000000,{"1":80,"2":2},0.975610,0.024390,0.000000,0.000000,0.975610,0.024390,1.000000
0.024358706,5,90,snapshot,4096,82,1.000000,1.000000,1.000000,{"1":80,"2":2},0.975610,0.024390,0.000000,0.000000,0.975610,0.024390,1.000000
0.024358706,5,90,snapshot,16384,82,1.000000,1.000000,1.000000,{"1":80,"2":2},0.975610,0.024390,0.000000,0.000000,0.975610,0.024390,1.000000
0.024591013,5,91,snapshot,64,82,1.000000,1.000000,1.000000,{"1":80,"2":2},0.975610,0.024390,0.000000,0.000000,0.975610,0.024390,1.000000
0.024591013,5,91,snapshot,256,82,1.000000,1.000000,1.000000,{"1":80,"2":2},0.975610,0.024390,0.000000,0.000000,0.975610,0.024390,1.000000
0.024591013,5,91,snapshot,1024,82,1.000000,1.000000,1.000000,{"1":80,"2":2},0.975610,0.024390,0.000000,0.000000,0.975610,0.024390,1.000000
0.024591013,5,91,snapshot,4096,82,1.000000,1.000000,1.000000,{"1":80,"2":2},0.975610,0.024390,0.000000,0.000000,0.975610,0.024390,1.000000
0.024591013,5,91,snapshot,16384,82,1.000000,1.000000,1.000000,{"1":80,"2":2},0.975610,0.024390,0.000000,0.000000,0.975610,0.024390,1.000000
0.024824836,5,92,snapshot,64,82,1.000000,1.000000,1.000000,{"1":80,"2":2},0.975610,0.024390,0.000000,0.000000,0.975610,0.024390,1.000000
0.024824836,5,92,snapshot,256,82,1.000000,1.000000,1.000000,{"1":80,"2":2},0.975610,0.024390,0.000000,0.000000,0.975610,0.024390,1.000000
0.024824836,5,92,snapshot,1024,82,1.000000,1.000000,1.000000,{"1":80,"2":2},0.975610,0.024390,0.000000,0.000000,0.975610,0.024390,1.000000
0.024824836,5,92,snapshot,4096,82,1.000000,1.000000,1.000000,{"1":80,"2":2},0.975610,0.024390,0.000000,0.000000,0.975610,0.024390,1.000000
0.024824836,5,92,snapshot,16384,82,1.000000,1.000000,1.000000,{"1":80,"2":2},0.975610,0.024390,0.000000,0.000000,0.975610,0.024390,1.000000
0.025082391,5,93,read_only,64,1,1.000000,1.000000,1.000000,{"1":1},1.000000,0.000000,0.000000,0.000000,1.000000,0.000000,-1.000000
0.025082391,5,93,union,64,1,1.000000,1.000000,1.000000,{"1":1},1.000000,0.000000,0.000000,0.000000,1.000000,0.000000,-1.000000
0.025082391,5,93,snapshot,64,83,1.000000,1.000000,1.000000,{"1":81,"2":2},0.975904,0.024096,0.000000,0.000000,0.975904,0.024096,1.000000
0.025082391,5,93,read_only,256,1,1.000000,1.000000,1.000000,{"1":1},1.000000,0.000000,0.000000,0.000000,1.000000,0.000000,-1.000000
0.025082391,5,93,union,256,1,1.000000,1.000000,1.000000,{"1":1},1.000000,0.000000,0.000000,0.000000,1.000000,0.000000,-1.000000
0.025082391,5,93,snapshot,256,83,1.000000,1.000000,1.000000,{"1":81,"2":2},0.975904,0.024096,0.000000,0.000000,0.975904,0.024096,1.000000
0.025082391,5,93,read_only,1024,1,1.000000,1.000000,1.000000,{"1":1},1.000000,0.000000,0.000000,0.000000,1.000000,0.000000,-1.000000
0.025082391,5,93,union,1024,1,1.000000,1.000000,1.000000,{"1":1},1.000000,0.000000,0.000000,0.000000,1.000000,0.000000,-1.000000
0.025082391,5,93,snapshot,1024,83,1.000000,1.000000,1.000000,{"1":81,"2":2},0.975904,0.024096,0.000000,0.000000,0.975904,0.024096,1.000000
0.025082391,5,93,read_only,4096,1,1.000000,1.000000,1.000000,{"1":1},1.000000,0.000000,0.000000,0.000000,1.000000,0.000000,-1.000000
0.025082391,5,93,union,4096,1,1.000000,1.000000,1.000000,{"1":1},1.000000,0.000000,0.000000,0.000000,1.000000,0.000000,-1.000000
0.025082391,5,93,snapshot,4096,83,1.000000,1.000000,1.000000,{"1":81,"2":2},0.975904,0.024096,0.000000,0.000000,0.975904,0.024096,1.000000
0.025082391,5,93,read_only,16384,1,1.000000,1.000000,1.000000,{"1":1},1.000000,0.000000,0.000000,0.000000,1.000000,0.000000,-1.000000
0.025082391,5,93,union,16384,1,1.000000,1.000000,1.000000,{"1":1},1.000000,0.000000,0.000000,0.000000,1.000000,0.000000,-1.000000
0.025082391,5,93,snapshot,16384,83,1.000000,1.000000,1.000000,{"1":81,"2":2},0.975904,0.024096,0.000000,0.000000,0.975904,0.024096,1.000000
0.025319348,5,94,read_only,64,4,1.000000,1.000000,1.000000,{"1":4},1.000000,0.000000,0.000000,0.000000,1.000000,0.000000,-1.000000
0.025319348,5,94,union,64,6,1.000000,1.000000,1.000000,{"1":6},1.000000,0.000000,0.000000,0.000000,1.000000,0.000000,-1.000000
0.025319348,5,94,snapshot,64,89,1.000000,1.000000,1.000000,{"1":87,"2":2},0.977528,0.022472,0.000000,0.000000,0.977528,0.022472,1.000000
0.025319348,5,94,read_only,256,4,1.000000,1.000000,1.000000,{"1":4},1.000000,0.000000,0.000000,0.000000,1.000000,0.000000,-1.000000
0.025319348,5,94,union,256,6,1.000000,1.000000,1.000000,{"1":6},1.000000,0.000000,0.000000,0.000000,1.000000,0.000000,-1.000000
0.025319348,5,94,snapshot,256,89,1.000000,1.000000,1.000000,{"1":87,"2":2},0.977528,0.022472,0.000000,0.000000,0.977528,0.022472,1.000000
0.025319348,5,94,read_only,1024,4,1.000000,1.000000,1.000000,{"1":4},1.000000,0.000000,0.000000,0.000000,1.000000,0.000000,-1.000000
0.025319348,5,94,union,1024,6,1.000000,1.000000,1.000000,{"1":6},1.000000,0.000000,0.000000,0.000000,1.000000,0.000000,-1.000000
0.025319348,5,94,snapshot,1024,89,1.000000,1.000000,1.000000,{"1":87,"2":2},0.977528,0.022472,0.000000,0.000000,0.977528,0.022472,1.000000
0.025319348,5,94,read_only,4096,4,1.000000,1.000000,1.000000,{"1":4},1.000000,0.000000,0.000000,0.000000,1.000000,0.000000,-1.000000
0.025319348,5,94,union,4096,6,1.000000,1.000000,1.000000,{"1":6},1.000000,0.000000,0.000000,0.000000,1.000000,0.000000,-1.000000
0.025319348,5,94,snapshot,4096,89,1.000000,1.000000,1.000000,{"1":87,"2":2},0.977528,0.022472,0.000000,0.000000,0.977528,0.022472,1.000000
0.025319348,5,94,read_only,16384,4,1.000000,1.000000,1.000000,{"1":4},1.000000,0.000000,0.000000,0.000000,1.000000,0.000000,-1.000000
0.025319348,5,94,union,16384,6,1.000000,1.000000,1.000000,{"1":6},1.000000,0.000000,0.000000,0.000000,1.000000,0.000000,-1.000000
0.025319348,5,94,snapshot,16384,89,1.000000,1.000000,1.000000,{"1":87,"2":2},0.977528,0.022472,0.000000,0.000000,0.977528,0.022472,1.000000
0.025577179,5,95,read_only,64,1,1.000000,1.000000,1.000000,{"1":1},1.000000,0.000000,0.000000,0.000000,1.000000,0.000000,-1.000000
0.025577179,5,95,union,64,2,1.000000,1.000000,1.000000,{"1":2},1.000000,0.000000,0.000000,0.000000,1.000000,0.000000,-1.000000
0.025577179,5,95,snapshot,64,91,1.000000,1.000000,1.000000,{"1":89,"2":2},0.978022,0.021978,0.000000,0.000000,0.978022,0.021978,1.000000
0.025577179,5,95,read_only,256,1,1.000000,1.000000,1.000000,{"1":1},1.000000,0.000000,0.000000,0.000000,1.000000,0.000000,-1.000000
0.025577179,5,95,union,256,2,1.000000,1.000000,1.000000,{"1":2},1.000000,0.000000,0.000000,0.000000,1.000000,0.000000,-1.000000
0.025577179,5,95,snapshot,256,91,1.000000,1.000000,1.000000,{"1":89,"2":2},0.978022,0.021978,0.000000,0.000000,0.978022,0.021978,1.000000
0.025577179,5,95,read_only,1024,1,1.000000,1.000000,1.000000,{"1":1},1.000000,0.000000,0.000000,0.000000,1.000000,0.000000,-1.000000
0.025577179,5,95,union,1024,2,1.000000,1.000000,1.000000,{"1":2},1.000000,0.000000,0.000000,0.000000,1.000000,0.000000,-1.000000
0.025577179,5,95,snapshot,1024,91,1.000000,1.000000,1.000000,{"1":89,"2":2},0.978022,0.021978,0.000000,0.000000,0.978022,0.021978,1.000000
0.025577179,5,95,read_only,4096,1,1.000000,1.000000,1.000000,{"1":1},1.000000,0.000000,0.000000,0.000000,1.000000,0.000000,-1.000000
0.025577179,5,95,union,4096,2,1.000000,1.000000,1.000000,{"1":2},1.000000,0.000000,0.000000,0.000000,1.000000,0.000000,-1.000000
0.025577179,5,95,snapshot,4096,91,1.000000,1.000000,1.000000,{"1":89,"2":2},0.978022,0.021978,0.000000,0.000000,0.978022,0.021978,1.000000
0.025577179,5,95,read_only,16384,1,1.000000,1.000000,1.000000,{"1":1},1.000000,0.000000,0.000000,0.000000,1.000000,0.000000,-1.000000
0.025577179,5,95,union,16384,2,1.000000,1.000000,1.000000,{"1":2},1.000000,0.000000,0.000000,0.000000,1.000000,0.000000,-1.000000
0.025577179,5,95,snapshot,16384,91,1.000000,1.000000,1.000000,{"1":89,"2":2},0.978022,0.021978,0.000000,0.000000,0.978022,0.021978,1.000000
0.025808937,5,96,snapshot,64,91,1.000000,1.000000,1.000000,{"1":89,"2":2},0.978022,0.021978,0.000000,0.000000,0.978022,0.021978,1.000000
0.025808937,5,96,snapshot,256,91,1.000000,1.000000,1.000000,{"1":89,"2":2},0.978022,0.021978,0.000000,0.000000,0.978022,0.021978,1.000000
0.025808937,5,96,snapshot,1024,91,1.000000,1.000000,1.000000,{"1":89,"2":2},0.978022,0.021978,0.000000,0.000000,0.978022,0.021978,1.000000
0.025808937,5,96,snapshot,4096,91,1.000000,1.000000,1.000000,{"1":89,"2":2},0.978022,0.021978,0.000000,0.000000,0.978022,0.021978,1.000000
0.025808937,5,96,snapshot,16384,91,1.000000,1.000000,1.000000,{"1":89,"2":2},0.978022,0.021978,0.000000,0.000000,0.978022,0.021978,1.000000
0.026042264,5,97,snapshot,64,91,1.000000,1.000000,1.000000,{"1":89,"2":2},0.978022,0.021978,0.000000,0.000000,0.978022,0.021978,1.000000
0.026042264,5,97,snapshot,256,91,1.000000,1.000000,1.000000,{"1":89,"2":2},0.978022,0.021978,0.000000,0.000000,0.978022,0.021978,1.000000
0.026042264,5,97,snapshot,1024,91,1.000000,1.000000,1.000000,{"1":89,"2":2},0.978022,0.021978,0.000000,0.000000,0.978022,0.021978,1.000000
0.026042264,5,97,snapshot,4096,91,1.000000,1.000000,1.000000,{"1":89,"2":2},0.978022,0.021978,0.000000,0.000000,0.978022,0.021978,1.000000
0.026042264,5,97,snapshot,16384,91,1.000000,1.000000,1.000000,{"1":89,"2":2},0.978022,0.021978,0.000000,0.000000,0.978022,0.021978,1.000000
0.026275275,5,98,snapshot,64,91,1.000000,1.000000,1.000000,{"1":89,"2":2},0.978022,0.021978,0.000000,0.000000,0.978022,0.021978,1.000000
0.026275275,5,98,snapshot,256,91,1.000000,1.000000,1.000000,{"1":89,"2":2},0.978022,0.021978,0.000000,0.000000,0.978022,0.021978,1.000000
0.026275275,5,98,snapshot,1024,91,1.000000,1.000000,1.000000,{"1":89,"2":2},0.978022,0.021978,0.000000,0.000000,0.978022,0.021978,1.000000
0.026275275,5,98,snapshot,4096,91,1.000000,1.000000,1.000000,{"1":89,"2":2},0.978022,0.021978,0.000000,0.000000,0.978022,0.021978,1.000000
0.026275275,5,98,snapshot,16384,91,1.000000,1.000000,1.000000,{"1":89,"2":2},0.978022,0.021978,0.000000,0.000000,0.978022,0.021978,1.000000
0.026829182,5,99,read_only,64,2,1.000000,1.000000,1.000000,{"1":2},1.000000,0.000000,0.000000,0.000000,1.000000,0.000000,-1.000000
0.026829182,5,99,union,64,2,1.000000,1.000000,1.000000,{"1":2},1.000000,0.000000,0.000000,0.000000,1.000000,0.000000,-1.000000
0.026829182,5,99,snapshot,64,93,1.000000,1.000000,1.000000,{"1":91,"2":2},0.978495,0.021505,0.000000,0.000000,0.978495,0.021505,1.000000
0.026829182,5,99,read_only,256,2,1.000000,1.000000,1.000000,{"1":2},1.000000,0.000000,0.000000,0.000000,1.000000,0.000000,-1.000000
0.026829182,5,99,union,256,2,1.000000,1.000000,1.000000,{"1":2},1.000000,0.000000,0.000000,0.000000,1.000000,0.000000,-1.000000
0.026829182,5,99,snapshot,256,93,1.000000,1.000000,1.000000,{"1":91,"2":2},0.978495,0.021505,0.000000,0.000000,0.978495,0.021505,1.000000
0.026829182,5,99,read_only,1024,2,1.000000,1.000000,1.000000,{"1":2},1.000000,0.000000,0.000000,0.000000,1.000000,0.000000,-1.000000
0.026829182,5,99,union,1024,2,1.000000,1.000000,1.000000,{"1":2},1.000000,0.000000,0.000000,0.000000,1.000000,0.000000,-1.000000
0.026829182,5,99,snapshot,1024,93,1.000000,1.000000,1.000000,{"1":91,"2":2},0.978495,0.021505,0.000000,0.000000,0.978495,0.021505,1.000000
0.026829182,5,99,read_only,4096,2,1.000000,1.000000,1.000000,{"1":2},1.000000,0.000000,0.000000,0.000000,1.000000,0.000000,-1.000000
0.026829182,5,99,union,4096,2,1.000000,1.000000,1.000000,{"1":2},1.000000,0.000000,0.000000,0.000000,1.000000,0.000000,-1.000000
0.026829182,5,99,snapshot,4096,93,1.000000,1.000000,1.000000,{"1":91,"2":2},0.978495,0.021505,0.000000,0.000000,0.978495,0.021505,1.000000
0.026829182,5,99,read_only,16384,2,1.000000,1.000000,1.000000,{"1":2},1.000000,0.000000,0.000000,0.000000,1.000000,0.000000,-1.000000
0.026829182,5,99,union,16384,2,1.000000,1.000000,1.000000,{"1":2},1.000000,0.000000,0.000000,0.000000,1.000000,0.000000,-1.000000
0.026829182,5,99,snapshot,16384,93,1.000000,1.000000,1.000000,{"1":91,"2":2},0.978495,0.021505,0.000000,0.000000,0.978495,0.021505,1.000000
0.027063861,5,100,read_only,64,1,1.000000,1.000000,1.000000,{"1":1},1.000000,0.000000,0.000000,0.000000,1.000000,0.000000,-1.000000
0.027063861,5,100,union,64,1,1.000000,1.000000,1.000000,{"1":1},1.000000,0.000000,0.000000,0.000000,1.000000,0.000000,-1.000000
0.027063861,5,100,snapshot,64,94,1.000000,1.000000,1.000000,{"1":92,"2":2},0.978723,0.021277,0.000000,0.000000,0.978723,0.021277,1.000000
0.027063861,5,100,read_only,256,1,1.000000,1.000000,1.000000,{"1":1},1.000000,0.000000,0.000000,0.000000,1.000000,0.000000,-1.000000
0.027063861,5,100,union,256,1,1.000000,1.000000,1.000000,{"1":1},1.000000,0.000000,0.000000,0.000000,1.000000,0.000000,-1.000000
0.027063861,5,100,snapshot,256,94,1.000000,1.000000,1.000000,{"1":92,"2":2},0.978723,0.021277,0.000000,0.000000,0.978723,0.021277,1.000000
0.027063861,5,100,read_only,1024,1,1.000000,1.000000,1.000000,{"1":1},1.000000,0.000000,0.000000,0.000000,1.000000,0.000000,-1.000000
0.027063861,5,100,union,1024,1,1.000000,1.000000,1.000000,{"1":1},1.000000,0.000000,0.000000,0.000000,1.000000,0.000000,-1.000000
0.027063861,5,100,snapshot,1024,94,1.000000,1.000000,1.000000,{"1":92,"2":2},0.978723,0.021277,0.000000,0.000000,0.978723,0.021277,1.000000
0.027063861,5,100,read_only,4096,1,1.000000,1.000000,1.000000,{"1":1},1.000000,0.000000,0.000000,0.000000,1.000000,0.000000,-1.000000
0.027063861,5,100,union,4096,1,1.000000,1.000000,1.000000,{"1":1},1.000000,0.000000,0.000000,0.000000,1.000000,0.000000,-1.000000
0.027063861,5,100,snapshot,4096,94,1.000000,1.000000,1.000000,{"1":92,"2":2},0.978723,0.021277,0.000000,0.000000,0.978723,0.021277,1.000000
0.027063861,5,100,read_only,16384,1,1.000000,1.000000,1.000000,{"1":1},1.000000,0.000000,0.000000,0.000000,1.000000,0.000000,-1.000000
0.027063861,5,100,union,16384,1,1.000000,1.000000,1.000000,{"1":1},1.000000,0.000000,0.000000,0.000000,1.000000,0.000000,-1.000000
0.027063861,5,100,snapshot,16384,94,1.000000,1.000000,1.000000,{"1":92,"2":2},0.978723,0.021277,0.000000,0.000000,0.978723,0.021277,1.000000
0.027296228,5,101,snapshot,64,94,1.000000,1.000000,1.000000,{"1":92,"2":2},0.978723,0.021277,0.000000,0.000000,0.978723,0.021277,1.000000
0.027296228,5,101,snapshot,256,94,1.000000,1.000000,1.000000,{"1":92,"2":2},0.978723,0.021277,0.000000,0.000000,0.978723,0.021277,1.000000
0.027296228,5,101,snapshot,1024,94,1.000000,1.000000,1.000000,{"1":92,"2":2},0.978723,0.021277,0.000000,0.000000,0.978723,0.021277,1.000000
0.027296228,5,101,snapshot,4096,94,1.000000,1.000000,1.000000,{"1":92,"2":2},0.978723,0.021277,0.000000,0.000000,0.978723,0.021277,1.000000
0.027296228,5,101,snapshot,16384,94,1.000000,1.000000,1.000000,{"1":92,"2":2},0.978723,0.021277,0.000000,0.000000,0.978723,0.021277,1.000000
0.027529012,5,102,snapshot,64,94,1.000000,1.000000,1.000000,{"1":92,"2":2},0.978723,0.021277,0.000000,0.000000,0.978723,0.021277,1.000000
0.027529012,5,102,snapshot,256,94,1.000000,1.000000,1.000000,{"1":92,"2":2},0.978723,0.021277,0.000000,0.000000,0.978723,0.021277,1.000000
0.027529012,5,102,snapshot,1024,94,1.000000,1.000000,1.000000,{"1":92,"2":2},0.978723,0.021277,0.000000,0.000000,0.978723,0.021277,1.000000
0.027529012,5,102,snapshot,4096,94,1.000000,1.000000,1.000000,{"1":92,"2":2},0.978723,0.021277,0.000000,0.000000,0.978723,0.021277,1.000000
0.027529012,5,102,snapshot,16384,94,1.000000,1.000000,1.000000,{"1":92,"2":2},0.978723,0.021277,0.000000,0.000000,0.978723,0.021277,1.000000
0.027767220,5,103,read_only,64,2,1.000000,1.000000,1.000000,{"1":2},1.000000,0.000000,0.000000,0.000000,1.000000,0.000000,-1.000000
0.027767220,5,103,union,64,3,1.000000,1.000000,1.000000,{"1":3},1.000000,0.000000,0.000000,0.000000,1.000000,0.000000,-1.000000
0.027767220,5,103,snapshot,64,97,1.000000,1.000000,1.000000,{"1":95,"2":2},0.979381,0.020619,0.000000,0.000000,0.979381,0.020619,1.000000
0.027767220,5,103,read_only,256,2,1.000000,1.000000,1.000000,{"1":2},1.000000,0.000000,0.000000,0.000000,1.000000,0.000000,-1.000000
0.027767220,5,103,union,256,3,1.000000,1.000000,1.000000,{"1":3},1.000000,0.000000,0.000000,0.000000,1.000000,0.000000,-1.000000
0.027767220,5,103,snapshot,256,97,1.000000,1.000000,1.000000,{"1":95,"2":2},0.979381,0.020619,0.000000,0.000000,0.979381,0.020619,1.000000
0.027767220,5,103,read_only,1024,2,1.000000,1.000000,1.000000,{"1":2},1.000000,0.000000,0.000000,0.000000,1.000000,0.000000,-1.000000
0.027767220,5,103,union,1024,3,1.000000,1.000000,1.000000,{"1":3},1.000000,0.000000,0.000000,0.000000,1.000000,0.000000,-1.000000
0.027767220,5,103,snapshot,1024,97,1.000000,1.000000,1.000000,{"1":95,"2":2},0.979381,0.020619,0.000000,0.000000,0.979381,0.020619,1.000000
0.027767220,5,103,read_only,4096,2,1.000000,1.000000,1.000000,{"1":2},1.000000,0.000000,0.000000,0.000000,1.000000,0.000000,-1.000000
0.027767220,5,103,union,4096,3,1.000000,1.000000,1.000000,{"1":3},1.000000,0.000000,0.000000,0.000000,1.000000,0.000000,-1.000000
0.027767220,5,103,snapshot,4096,97,1.000000,1.000000,1.000000,{"1":95,"2":2},0.979381,0.020619,0.000000,0.000000,0.979381,0.020619,1.000000
0.027767220,5,103,read_only,16384,2,1.000000,1.000000,1.000000,{"1":2},1.000000,0.000000,0.000000,0.000000,1.000000,0.000000,-1.000000
0.027767220,5,103,union,16384,3,1.000000,1.000000,1.000000,{"1":3},1.000000,0.000000,0.000000,0.000000,1.000000,0.000000,-1.000000
0.027767220,5,103,snapshot,16384,97,1.000000,1.000000,1.000000,{"1":95,"2":2},0.979381,0.020619,0.000000,0.000000,0.979381,0.020619,1.000000
0.027996751,5,104,union,64,1,1.000000,1.000000,1.000000,{"1":1},1.000000,0.000000,0.000000,0.000000,1.000000,0.000000,-1.000000
0.027996751,5,104,snapshot,64,97,1.000000,1.000000,1.000000,{"1":95,"2":2},0.979381,0.020619,0.000000,0.000000,0.979381,0.020619,1.000000
0.027996751,5,104,union,256,1,1.000000,1.000000,1.000000,{"1":1},1.000000,0.000000,0.000000,0.000000,1.000000,0.000000,-1.000000
0.027996751,5,104,snapshot,256,97,1.000000,1.000000,1.000000,{"1":95,"2":2},0.979381,0.020619,0.000000,0.000000,0.979381,0.020619,1.000000
0.027996751,5,104,union,1024,1,1.000000,1.000000,1.000000,{"1":1},1.000000,0.000000,0.000000,0.000000,1.000000,0.000000,-1.000000
0.027996751,5,104,snapshot,1024,97,1.000000,1.000000,1.000000,{"1":95,"2":2},0.979381,0.020619,0.000000,0.000000,0.979381,0.020619,1.000000
0.027996751,5,104,union,4096,1,1.000000,1.000000,1.000000,{"1":1},1.000000,0.000000,0.000000,0.000000,1.000000,0.000000,-1.000000
0.027996751,5,104,snapshot,4096,97,1.000000,1.000000,1.000000,{"1":95,"2":2},0.979381,0.020619,0.000000,0.000000,0.979381,0.020619,1.000000
0.027996751,5,104,union,16384,1,1.000000,1.000000,1.000000,{"1":1},1.000000,0.000000,0.000000,0.000000,1.000000,0.000000,-1.000000
0.027996751,5,104,snapshot,16384,97,1.000000,1.000000,1.000000,{"1":95,"2":2},0.979381,0.020619,0.000000,0.000000,0.979381,0.020619,1.000000
0.028232456,5,105,snapshot,64,97,1.000000,1.000000,1.000000,{"1":95,"2":2},0.979381,0.020619,0.000000,0.000000,0.979381,0.020619,1.000000
0.028232456,5,105,snapshot,256,97,1.000000,1.000000,1.000000,{"1":95,"2":2},0.979381,0.020619,0.000000,0.000000,0.979381,0.020619,1.000000
0.028232456,5,105,snapshot,1024,97,1.000000,1.000000,1.000000,{"1":95,"2":2},0.979381,0.020619,0.000000,0.000000,0.979381,0.020619,1.000000
0.028232456,5,105,snapshot,4096,97,1.000000,1.000000,1.000000,{"1":95,"2":2},0.979381,0.020619,0.000000,0.000000,0.979381,0.020619,1.000000
0.028232456,5,105,snapshot,16384,97,1.000000,1.000000,1.000000,{"1":95,"2":2},0.979381,0.020619,0.000000,0.000000,0.979381,0.020619,1.000000
0.028464815,5,106,snapshot,64,97,1.000000,1.000000,1.000000,{"1":95,"2":2},0.979381,0.020619,0.000000,0.000000,0.979381,0.020619,1.000000
0.028464815,5,106,snapshot,256,97,1.000000,1.000000,1.000000,{"1":95,"2":2},0.979381,0.020619,0.000000,0.000000,0.979381,0.020619,1.000000
0.028464815,5,106,snapshot,1024,97,1.000000,1.000000,1.000000,{"1":95,"2":2},0.979381,0.020619,0.000000,0.000000,0.979381,0.020619,1.000000
0.028464815,5,106,snapshot,4096,97,1.000000,1.000000,1.000000,{"1":95,"2":2},0.979381,0.020619,0.000000,0.000000,0.979381,0.020619,1.000000
0.028464815,5,106,snapshot,16384,97,1.000000,1.000000,1.000000,{"1":95,"2":2},0.979381,0.020619,0.000000,0.000000,0.979381,0.020619,1.000000
0.028922005,5,107,read_only,64,2,1.000000,1.000000,1.000000,{"1":2},1.000000,0.000000,0.000000,0.000000,1.000000,0.000000,-1.000000
0.028922005,5,107,union,64,2,1.000000,1.000000,1.000000,{"1":2},1.000000,0.000000,0.000000,0.000000,1.000000,0.000000,-1.000000
0.028922005,5,107,snapshot,64,99,1.000000,1.000000,1.000000,{"1":97,"2":2},0.979798,0.020202,0.000000,0.000000,0.979798,0.020202,1.000000
0.028922005,5,107,read_only,256,2,1.000000,1.000000,1.000000,{"1":2},1.000000,0.000000,0.000000,0.000000,1.000000,0.000000,-1.000000
0.028922005,5,107,union,256,2,1.000000,1.000000,1.000000,{"1":2},1.000000,0.000000,0.000000,0.000000,1.000000,0.000000,-1.000000
0.028922005,5,107,snapshot,256,99,1.000000,1.000000,1.000000,{"1":97,"2":2},0.979798,0.020202,0.000000,0.000000,0.979798,0.020202,1.000000
0.028922005,5,107,read_only,1024,2,1.000000,1.000000,1.000000,{"1":2},1.000000,0.000000,0.000000,0.000000,1.000000,0.000000,-1.000000
0.028922005,5,107,union,1024,2,1.000000,1.000000,1.000000,{"1":2},1.000000,0.000000,0.000000,0.000000,1.000000,0.000000,-1.000000
0.028922005,5,107,snapshot,1024,99,1.000000,1.000000,1.000000,{"1":97,"2":2},0.979798,0.020202,0.000000,0.000000,0.979798,0.020202,1.000000
0.028922005,5,107,read_only,4096,2,1.000000,1.000000,1.000000,{"1":2},1.000000,0.000000,0.000000,0.000000,1.000000,0.000000,-1.000000
0.028922005,5,107,union,4096,2,1.000000,1.000000,1.000000,{"1":2},1.000000,0.000000,0.000000,0.000000,1.000000,0.000000,-1.000000
0.028922005,5,107,snapshot,4096,99,1.000000,1.000000,1.000000,{"1":97,"2":2},0.979798,0.020202,0.000000,0.000000,0.979798,0.020202,1.000000
0.028922005,5,107,read_only,16384,2,1.000000,1.000000,1.000000,{"1":2},1.000000,0.000000,0.000000,0.000000,1.000000,0.000000,-1.000000
0.028922005,5,107,union,16384,2,1.000000,1.000000,1.000000,{"1":2},1.000000,0.000000,0.000000,0.000000,1.000000,0.000000,-1.000000
0.028922005,5,107,snapshot,16384,99,1.000000,1.000000,1.000000,{"1":97,"2":2},0.979798,0.020202,0.000000,0.000000,0.979798,0.020202,1.000000
0.029154311,5,108,snapshot,64,99,1.000000,1.000000,1.000000,{"1":97,"2":2},0.979798,0.020202,0.000000,0.000000,0.979798,0.020202,1.000000
0.029154311,5,108,snapshot,256,99,1.000000,1.000000,1.000000,{"1":97,"2":2},0.979798,0.020202,0.000000,0.000000,0.979798,0.020202,1.000000
0.029154311,5,108,snapshot,1024,99,1.000000,1.000000,1.000000,{"1":97,"2":2},0.979798,0.020202,0.000000,0.000000,0.979798,0.020202,1.000000
0.029154311,5,108,snapshot,4096,99,1.000000,1.000000,1.000000,{"1":97,"2":2},0.979798,0.020202,0.000000,0.000000,0.979798,0.020202,1.000000
0.029154311,5,108,snapshot,16384,99,1.000000,1.000000,1.000000,{"1":97,"2":2},0.979798,0.020202,0.000000,0.000000,0.979798,0.020202,1.000000
0.029387145,5,109,read_only,64,2,1.000000,1.000000,1.000000,{"1":2},1.000000,0.000000,0.000000,0.000000,1.000000,0.000000,-1.000000
0.029387145,5,109,union,64,2,1.000000,1.000000,1.000000,{"1":2},1.000000,0.000000,0.000000,0.000000,1.000000,0.000000,-1.000000
0.029387145,5,109,snapshot,64,101,1.000000,1.000000,1.000000,{"1":99,"2":2},0.980198,0.019802,0.000000,0.000000,0.980198,0.019802,1.000000
0.029387145,5,109,read_only,256,2,1.000000,1.000000,1.000000,{"1":2},1.000000,0.000000,0.000000,0.000000,1.000000,0.000000,-1.000000
0.029387145,5,109,union,256,2,1.000000,1.000000,1.000000,{"1":2},1.000000,0.000000,0.000000,0.000000,1.000000,0.000000,-1.000000
0.029387145,5,109,snapshot,256,101,1.000000,1.000000,1.000000,{"1":99,"2":2},0.980198,0.019802,0.000000,0.000000,0.980198,0.019802,1.000000
0.029387145,5,109,read_only,1024,2,1.000000,1.000000,1.000000,{"1":2},1.000000,0.000000,0.000000,0.000000,1.000000,0.000000,-1.000000
0.029387145,5,109,union,1024,2,1.000000,1.000000,1.000000,{"1":2},1.000000,0.000000,0.000000,0.000000,1.000000,0.000000,-1.000000
0.029387145,5,109,snapshot,1024,101,1.000000,1.000000,1.000000,{"1":99,"2":2},0.980198,0.019802,0.000000,0.000000,0.980198,0.019802,1.000000
0.029387145,5,109,read_only,4096,2,1.000000,1.000000,1.000000,{"1":2},1.000000,0.000000,0.000000,0.000000,1.000000,0.000000,-1.000000
0.029387145,5,109,union,4096,2,1.000000,1.000000,1.000000,{"1":2},1.000000,0.000000,0.000000,0.000000,1.000000,0.000000,-1.000000
0.029387145,5,109,snapshot,4096,101,1.000000,1.000000,1.000000,{"1":99,"2":2},0.980198,0.019802,0.000000,0.000000,0.980198,0.019802,1.000000
0.029387145,5,109,read_only,16384,2,1.000000,1.000000,1.000000,{"1":2},1.000000,0.000000,0.000000,0.000000,1.000000,0.000000,-1.000000
0.029387145,5,109,union,16384,2,1.000000,1.000000,1.000000,{"1":2},1.000000,0.000000,0.000000,0.000000,1.000000,0.000000,-1.000000
0.029387145,5,109,snapshot,16384,101,1.000000,1.000000,1.000000,{"1":99,"2":2},0.980198,0.019802,0.000000,0.000000,0.980198,0.019802,1.000000
0.029621888,5,110,read_only,64,1,1.000000,1.000000,1.000000,{"1":1},1.000000,0.000000,0.000000,0.000000,1.000000,0.000000,-1.000000
0.029621888,5,110,union,64,1,1.000000,1.000000,1.000000,{"1":1},1.000000,0.000000,0.000000,0.000000,1.000000,0.000000,-1.000000
0.029621888,5,110,snapshot,64,102,1.000000,1.000000,1.000000,{"1":100,"2":2},0.980392,0.019608,0.000000,0.000000,0.980392,0.019608,1.000000
0.029621888,5,110,read_only,256,1,1.000000,1.000000,1.000000,{"1":1},1.000000,0.000000,0.000000,0.000000,1.000000,0.000000,-1.000000
0.029621888,5,110,union,256,1,1.000000,1.000000,1.000000,{"1":1},1.000000,0.000000,0.000000,0.000000,1.000000,0.000000,-1.000000
0.029621888,5,110,snapshot,256,102,1.000000,1.000000,1.000000,{"1":100,"2":2},0.980392,0.019608,0.000000,0.000000,0.980392,0.019608,1.000000
0.029621888,5,110,read_only,1024,1,1.000000,1.000000,1.000000,{"1":1},1.000000,0.000000,0.000000,0.000000,1.000000,0.000000,-1.000000
0.029621888,5,110,union,1024,1,1.000000,1.000000,1.000000,{"1":1},1.000000,0.000000,0.000000,0.000000,1.000000,0.000000,-1.000000
0.029621888,5,110,snapshot,1024,102,1.000000,1.000000,1.000000,{"1":100,"2":2},0.980392,0.019608,0.000000,0.000000,0.980392,0.019608,1.000000
0.029621888,5,110,read_only,4096,1,1.000000,1.000000,1.000000,{"1":1},1.000000,0.000000,0.000000,0.000000,1.000000,0.000000,-1.000000
0.029621888,5,110,union,4096,1,1.000000,1.000000,1.000000,{"1":1},1.000000,0.000000,0.000000,0.000000,1.000000,0.000000,-1.000000
0.029621888,5,110,snapshot,4096,102,1.000000,1.000000,1.000000,{"1":100,"2":2},0.980392,0.019608,0.000000,0.000000,0.980392,0.019608,1.000000
0.029621888,5,110,read_only,16384,1,1.000000,1.000000,1.000000,{"1":1},1.000000,0.000000,0.000000,0.000000,1.000000,0.000000,-1.000000
0.029621888,5,110,union,16384,1,1.000000,1.000000,1.000000,{"1":1},1.000000,0.000000,0.000000,0.000000,1.000000,0.000000,-1.000000
0.029621888,5,110,snapshot,16384,102,1.000000,1.000000,1.000000,{"1":100,"2":2},0.980392,0.019608,0.000000,0.000000,0.980392,0.019608,1.000000
0.029854126,5,111,snapshot,64,102,1.000000,1.000000,1.000000,{"1":100,"2":2},0.980392,0.019608,0.000000,0.000000,0.980392,0.019608,1.000000
0.029854126,5,111,snapshot,256,102,1.000000,1.000000,1.000000,{"1":100,"2":2},0.980392,0.019608,0.000000,0.000000,0.980392,0.019608,1.000000
0.029854126,5,111,snapshot,1024,102,1.000000,1.000000,1.000000,{"1":100,"2":2},0.980392,0.019608,0.000000,0.000000,0.980392,0.019608,1.000000
0.029854126,5,111,snapshot,4096,102,1.000000,1.000000,1.000000,{"1":100,"2":2},0.980392,0.019608,0.000000,0.000000,0.980392,0.019608,1.000000
0.029854126,5,111,snapshot,16384,102,1.000000,1.000000,1.000000,{"1":100,"2":2},0.980392,0.019608,0.000000,0.000000,0.980392,0.019608,1.000000
0.030087748,5,112,snapshot,64,102,1.000000,1.000000,1.000000,{"1":100,"2":2},0.980392,0.019608,0.000000,0.000000,0.980392,0.019608,1.000000
0.030087748,5,112,snapshot,256,102,1.000000,1.000000,1.000000,{"1":100,"2":2},0.980392,0.019608,0.000000,0.000000,0.980392,0.019608,1.000000
0.030087748,5,112,snapshot,1024,102,1.000000,1.000000,1.000000,{"1":100,"2":2},0.980392,0.019608,0.000000,0.000000,0.980392,0.019608,1.000000
0.030087748,5,112,snapshot,4096,102,1.000000,1.000000,1.000000,{"1":100,"2":2},0.980392,0.019608,0.000000,0.000000,0.980392,0.019608,1.000000
0.030087748,5,112,snapshot,16384,102,1.000000,1.000000,1.000000,{"1":100,"2":2},0.980392,0.019608,0.000000,0.000000,0.980392,0.019608,1.000000
0.030321592,5,113,snapshot,64,102,1.000000,1.000000,1.000000,{"1":100,"2":2},0.980392,0.019608,0.000000,0.000000,0.980392,0.019608,1.000000
0.030321592,5,113,snapshot,256,102,1.000000,1.000000,1.000000,{"1":100,"2":2},0.980392,0.019608,0.000000,0.000000,0.980392,0.019608,1.000000
0.030321592,5,113,snapshot,1024,102,1.000000,1.000000,1.000000,{"1":100,"2":2},0.980392,0.019608,0.000000,0.000000,0.980392,0.019608,1.000000
0.030321592,5,113,snapshot,4096,102,1.000000,1.000000,1.000000,{"1":100,"2":2},0.980392,0.019608,0.000000,0.000000,0.980392,0.019608,1.000000
0.030321592,5,113,snapshot,16384,102,1.000000,1.000000,1.000000,{"1":100,"2":2},0.980392,0.019608,0.000000,0.000000,0.980392,0.019608,1.000000
0.030553948,5,114,snapshot,64,102,1.000000,1.000000,1.000000,{"1":100,"2":2},0.980392,0.019608,0.000000,0.000000,0.980392,0.019608,1.000000
0.030553948,5,114,snapshot,256,102,1.000000,1.000000,1.000000,{"1":100,"2":2},0.980392,0.019608,0.000000,0.000000,0.980392,0.019608,1.000000
0.030553948,5,114,snapshot,1024,102,1.000000,1.000000,1.000000,{"1":100,"2":2},0.980392,0.019608,0.000000,0.000000,0.980392,0.019608,1.000000
0.030553948,5,114,snapshot,4096,102,1.000000,1.000000,1.000000,{"1":100,"2":2},0.980392,0.019608,0.000000,0.000000,0.980392,0.019608,1.000000
0.030553948,5,114,snapshot,16384,102,1.000000,1.000000,1.000000,{"1":100,"2":2},0.980392,0.019608,0.000000,0.000000,0.980392,0.019608,1.000000
0.030865737,5,115,read_only,64,1,1.000000,1.000000,1.000000,{"1":1},1.000000,0.000000,0.000000,0.000000,1.000000,0.000000,-1.000000
0.030865737,5,115,union,64,1,1.000000,1.000000,1.000000,{"1":1},1.000000,0.000000,0.000000,0.000000,1.000000,0.000000,-1.000000
0.030865737,5,115,snapshot,64,103,1.000000,1.000000,1.000000,{"1":101,"2":2},0.980583,0.019417,0.000000,0.000000,0.980583,0.019417,1.000000
0.030865737,5,115,read_only,256,1,1.000000,1.000000,1.000000,{"1":1},1.000000,0.000000,0.000000,0.000000,1.000000,0.000000,-1.000000
0.030865737,5,115,union,256,1,1.000000,1.000000,1.000000,{"1":1},1.000000,0.000000,0.000000,0.000000,1.000000,0.000000,-1.000000
0.030865737,5,115,snapshot,256,103,1.000000,1.000000,1.000000,{"1":101,"2":2},0.980583,0.019417,0.000000,0.000000,0.980583,0.019417,1.000000
0.030865737,5,115,read_only,1024,1,1.000000,1.000000,1.000000,{"1":1},1.000000,0.000000,0.000000,0.000000,1.000000,0.000000,-1.000000
0.030865737,5,115,union,1024,1,1.000000,1.000000,1.000000,{"1":1},1.000000,0.000000,0.000000,0.000000,1.000000,0.000000,-1.000000
0.030865737,5,115,snapshot,1024,103,1.000000,1.000000,1.000000,{"1":101,"2":2},0.980583,0.019417,0.000000,0.000000,0.980583,0.019417,1.000000
0.030865737,5,115,read_only,4096,1,1.000000,1.000000,1.000000,{"1":1},1.000000,0.000000,0.000000,0.000000,1.000000,0.000000,-1.000000
0.030865737,5,115,union,4096,1,1.000000,1.000000,1.000000,{"1":1},1.000000,0.000000,0.000000,0.000000,1.000000,0.000000,-1.000000
0.030865737,5,115,snapshot,4096,103,1.000000,1.000000,1.000000,{"1":101,"2":2},0.980583,0.019417,0.000000,0.000000,0.980583,0.019417,1.000000
0.030865737,5,115,read_only,16384,1,1.000000,1.000000,1.000000,{"1":1},1.000000,0.000000,0.000000,0.000000,1.000000,0.000000,-1.000000
0.030865737,5,115,union,16384,1,1.000000,1.000000,1.000000,{"1":1},1.000000,0.000000,0.000000,0.000000,1.000000,0.000000,-1.000000
0.030865737,5,115,snapshot,16384,103,1.000000,1.000000,1.000000,{"1":101,"2":2},0.980583,0.019417,0.000000,0.000000,0.980583,0.019417,1.000000
0.031098016,5,116,snapshot,64,103,1.000000,1.000000,1.000000,{"1":101,"2":2},0.980583,0.019417,0.000000,0.000000,0.980583,0.019417,1.000000
0.031098016,5,116,snapshot,256,103,1.000000,1.000000,1.000000,{"1":101,"2":2},0.980583,0.019417,0.000000,0.000000,0.980583,0.019417,1.000000
0.031098016,5,116,snapshot,1024,103,1.000000,1.000000,1.000000,{"1":101,"2":2},0.980583,0.019417,0.000000,0.000000,0.980583,0.019417,1.000000
0.031098016,5,116,snapshot,4096,103,1.000000,1.000000,1.000000,{"1":101,"2":2},0.980583,0.019417,0.000000,0.000000,0.980583,0.019417,1.000000
0.031098016,5,116,snapshot,16384,103,1.000000,1.000000,1.000000,{"1":101,"2":2},0.980583,0.019417,0.000000,0.000000,0.980583,0.019417,1.000000
0.031330988,5,117,snapshot,64,103,1.000000,1.000000,1.000000,{"1":101,"2":2},0.980583,0.019417,0.000000,0.000000,0.980583,0.019417,1.000000
0.031330988,5,117,snapshot,256,103,1.000000,1.000000,1.000000,{"1":101,"2":2},0.980583,0.019417,0.000000,0.000000,0.980583,0.019417,1.000000
0.031330988,5,117,snapshot,1024,103,1.000000,1.000000,1.000000,{"1":101,"2":2},0.980583,0.019417,0.000000,0.000000,0.980583,0.019417,1.000000
0.031330988,5,117,snapshot,4096,103,1.000000,1.000000,1.000000,{"1":101,"2":2},0.980583,0.019417,0.000000,0.000000,0.980583,0.019417,1.000000
0.031330988,5,117,snapshot,16384,103,1.000000,1.000000,1.000000,{"1":101,"2":2},0.980583,0.019417,0.000000,0.000000,0.980583,0.019417,1.000000
0.031564147,5,118,snapshot,64,103,1.000000,1.000000,1.000000,{"1":101,"2":2},0.980583,0.019417,0.000000,0.000000,0.980583,0.019417,1.000000
0.031564147,5,118,snapshot,256,103,1.000000,1.000000,1.000000,{"1":101,"2":2},0.980583,0.019417,0.000000,0.000000,0.980583,0.019417,1.000000
0.031564147,5,118,snapshot,1024,103,1.000000,1.000000,1.000000,{"1":101,"2":2},0.980583,0.019417,0.000000,0.000000,0.980583,0.019417,1.000000
0.031564147,5,118,snapshot,4096,103,1.000000,1.000000,1.000000,{"1":101,"2":2},0.980583,0.019417,0.000000,0.000000,0.980583,0.019417,1.000000
0.031564147,5,118,snapshot,16384,103,1.000000,1.000000,1.000000,{"1":101,"2":2},0.980583,0.019417,0.000000,0.000000,0.980583,0.019417,1.000000
0.031797269,5,119,read_only,64,2,1.000000,1.000000,1.000000,{"1":2},1.000000,0.000000,0.000000,0.000000,1.000000,0.000000,-1.000000
0.031797269,5,119,union,64,2,1.000000,1.000000,1.000000,{"1":2},1.000000,0.000000,0.000000,0.000000,1.000000,0.000000,-1.000000
0.031797269,5,119,snapshot,64,105,1.000000,1.000000,1.000000,{"1":103,"2":2},0.980952,0.019048,0.000000,0.000000,0.980952,0.019048,1.000000
0.031797269,5,119,read_only,256,2,1.000000,1.000000,1.000000,{"1":2},1.000000,0.000000,0.000000,0.000000,1.000000,0.000000,-1.000000
0.031797269,5,119,union,256,2,1.000000,1.000000,1.000000,{"1":2},1.000000,0.000000,0.000000,0.000000,1.000000,0.000000,-1.000000
0.031797269,5,119,snapshot,256,105,1.000000,1.000000,1.000000,{"1":103,"2":2},0.980952,0.019048,0.000000,0.000000,0.980952,0.019048,1.000000
0.031797269,5,119,read_only,1024,2,1.000000,1.000000,1.000000,{"1":2},1.000000,0.000000,0.000000,0.000000,1.000000,0.000000,-1.000000
0.031797269,5,119,union,1024,2,1.000000,1.000000,1.000000,{"1":2},1.000000,0.000000,0.000000,0.000000,1.000000,0.000000,-1.000000
0.031797269,5,119,snapshot,1024,105,1.000000,1.000000,1.000000,{"1":103,"2":2},0.980952,0.019048,0.000000,0.000000,0.980952,0.019048,1.000000
0.031797269,5,119,read_only,4096,2,1.000000,1.000000,1.000000,{"1":2},1.000000,0.000000,0.000000,0.000000,1.000000,0.000000,-1.000000
0.031797269,5,119,union,4096,2,1.000000,1.000000,1.000000,{"1":2},1.000000,0.000000,0.000000,0.000000,1.000000,0.000000,-1.000000
0.031797269,5,119,snapshot,4096,105,1.000000,1.000000,1.000000,{"1":103,"2":2},0.980952,0.019048,0.000000,0.000000,0.980952,0.019048,1.000000
0.031797269,5,119,read_only,16384,2,1.000000,1.000000,1.000000,{"1":2},1.000000,0.000000,0.000000,0.000000,1.000000,0.000000,-1.000000
0.031797269,5,119,union,16384,2,1.000000,1.000000,1.000000,{"1":2},1.000000,0.000000,0.000000,0.000000,1.000000,0.000000,-1.000000
0.031797269,5,119,snapshot,16384,105,1.000000,1.000000,1.000000,{"1":103,"2":2},0.980952,0.019048,0.000000,0.000000,0.980952,0.019048,1.000000
0.032031414,5,120,snapshot,64,105,1.000000,1.000000,1.000000,{"1":103,"2":2},0.980952,0.019048,0.000000,0.000000,0.980952,0.019048,1.000000
0.032031414,5,120,snapshot,256,105,1.000000,1.000000,1.000000,{"1":103,"2":2},0.980952,0.019048,0.000000,0.000000,0.980952,0.019048,1.000000
0.032031414,5,120,snapshot,1024,105,1.000000,1.000000,1.000000,{"1":103,"2":2},0.980952,0.019048,0.000000,0.000000,0.980952,0.019048,1.000000
0.032031414,5,120,snapshot,4096,105,1.000000,1.000000,1.000000,{"1":103,"2":2},0.980952,0.019048,0.000000,0.000000,0.980952,0.019048,1.000000
0.032031414,5,120,snapshot,16384,105,1.000000,1.000000,1.000000,{"1":103,"2":2},0.980952,0.019048,0.000000,0.000000,0.980952,0.019048,1.000000
0.032264568,5,121,snapshot,64,105,1.000000,1.000000,1.000000,{"1":103,"2":2},0.980952,0.019048,0.000000,0.000000,0.980952,0.019048,1.000000
0.032264568,5,121,snapshot,256,105,1.000000,1.000000,1.000000,{"1":103,"2":2},0.980952,0.019048,0.000000,0.000000,0.980952,0.019048,1.000000
0.032264568,5,121,snapshot,1024,105,1.000000,1.000000,1.000000,{"1":103,"2":2},0.980952,0.019048,0.000000,0.000000,0.980952,0.019048,1.000000
0.032264568,5,121,snapshot,4096,105,1.000000,1.000000,1.000000,{"1":103,"2":2},0.980952,0.019048,0.000000,0.000000,0.980952,0.019048,1.000000
0.032264568,5,121,snapshot,16384,105,1.000000,1.000000,1.000000,{"1":103,"2":2},0.980952,0.019048,0.000000,0.000000,0.980952,0.019048,1.000000
0.032497437,5,122,snapshot,64,105,1.000000,1.000000,1.000000,{"1":103,"2":2},0.980952,0.019048,0.000000,0.000000,0.980952,0.019048,1.000000
0.032497437,5,122,snapshot,256,105,1.000000,1.000000,1.000000,{"1":103,"2":2},0.980952,0.019048,0.000000,0.000000,0.980952,0.019048,1.000000
0.032497437,5,122,snapshot,1024,105,1.000000,1.000000,1.000000,{"1":103,"2":2},0.980952,0.019048,0.000000,0.000000,0.980952,0.019048,1.000000
0.032497437,5,122,snapshot,4096,105,1.000000,1.000000,1.000000,{"1":103,"2":2},0.980952,0.019048,0.000000,0.000000,0.980952,0.019048,1.000000
0.032497437,5,122,snapshot,16384,105,1.000000,1.000000,1.000000,{"1":103,"2":2},0.980952,0.019048,0.000000,0.000000,0.980952,0.019048,1.000000
0.032752248,5,123,snapshot,64,105,1.000000,1.000000,1.000000,{"1":103,"2":2},0.980952,0.019048,0.000000,0.000000,0.980952,0.019048,1.000000
0.032752248,5,123,snapshot,256,105,1.000000,1.000000,1.000000,{"1":103,"2":2},0.980952,0.019048,0.000000,0.000000,0.980952,0.019048,1.000000
0.032752248,5,123,snapshot,1024,105,1.000000,1.000000,1.000000,{"1":103,"2":2},0.980952,0.019048,0.000000,0.000000,0.980952,0.019048,1.000000
0.032752248,5,123,snapshot,4096,105,1.000000,1.000000,1.000000,{"1":103,"2":2},0.980952,0.019048,0.000000,0.000000,0.980952,0.019048,1.000000
0.032752248,5,123,snapshot,16384,105,1.000000,1.000000,1.000000,{"1":103,"2":2},0.980952,0.019048,0.000000,0.000000,0.980952,0.019048,1.000000
0.033015742,5,124,snapshot,64,105,1.000000,1.000000,1.000000,{"1":103,"2":2},0.980952,0.019048,0.000000,0.000000,0.980952,0.019048,1.000000
0.033015742,5,124,snapshot,256,105,1.000000,1.000000,1.000000,{"1":103,"2":2},0.980952,0.019048,0.000000,0.000000,0.980952,0.019048,1.000000
0.033015742,5,124,snapshot,1024,105,1.000000,1.000000,1.000000,{"1":103,"2":2},0.980952,0.019048,0.000000,0.000000,0.980952,0.019048,1.000000
0.033015742,5,124,snapshot,4096,105,1.000000,1.000000,1.000000,{"1":103,"2":2},0.980952,0.019048,0.000000,0.000000,0.980952,0.019048,1.000000
0.033015742,5,124,snapshot,16384,105,1.000000,1.000000,1.000000,{"1":103,"2":2},0.980952,0.019048,0.000000,0.000000,0.980952,0.019048,1.000000
0.033267025,5,125,read_only,64,1,1.000000,1.000000,1.000000,{"1":1},1.000000,0.000000,0.000000,0.000000,1.000000,0.000000,-1.000000
0.033267025,5,125,union,64,1,1.000000,1.000000,1.000000,{"1":1},1.000000,0.000000,0.000000,0.000000,1.000000,0.000000,-1.000000
0.033267025,5,125,snapshot,64,106,1.000000,1.000000,1.000000,{"1":104,"2":2},0.981132,0.018868,0.000000,0.000000,0.981132,0.018868,1.000000
0.033267025,5,125,read_only,256,1,1.000000,1.000000,1.000000,{"1":1},1.000000,0.000000,0.000000,0.000000,1.000000,0.000000,-1.000000
0.033267025,5,125,union,256,1,1.000000,1.000000,1.000000,{"1":1},1.000000,0.000000,0.000000,0.000000,1.000000,0.000000,-1.000000
0.033267025,5,125,snapshot,256,106,1.000000,1.000000,1.000000,{"1":104,"2":2},0.981132,0.018868,0.000000,0.000000,0.981132,0.018868,1.000000
0.033267025,5,125,read_only,1024,1,1.000000,1.000000,1.000000,{"1":1},1.000000,0.000000,0.000000,0.000000,1.000000,0.000000,-1.000000
0.033267025,5,125,union,1024,1,1.000000,1.000000,1.000000,{"1":1},1.000000,0.000000,0.000000,0.000000,1.000000,0.000000,-1.000000
0.033267025,5,125,snapshot,1024,106,1.000000,1.000000,1.000000,{"1":104,"2":2},0.981132,0.018868,0.000000,0.000000,0.981132,0.018868,1.000000
0.033267025,5,125,read_only,4096,1,1.000000,1.000000,1.000000,{"1":1},1.000000,0.000000,0.000000,0.000000,1.000000,0.000000,-1.000000
0.033267025,5,125,union,4096,1,1.000000,1.000000,1.000000,{"1":1},1.000000,0.000000,0.000000,0.000000,1.000000,0.000000,-1.000000
0.033267025,5,125,snapshot,4096,106,1.000000,1.000000,1.000000,{"1":104,"2":2},0.981132,0.018868,0.000000,0.000000,0.981132,0.018868,1.000000
0.033267025,5,125,read_only,16384,1,1.000000,1.000000,1.000000,{"1":1},1.000000,0.000000,0.000000,0.000000,1.000000,0.000000,-1.000000
0.033267025,5,125,union,16384,1,1.000000,1.000000,1.000000,{"1":1},1.000000,0.000000,0.000000,0.000000,1.000000,0.000000,-1.000000
0.033267025,5,125,snapshot,16384,106,1.000000,1.000000,1.000000,{"1":104,"2":2},0.981132,0.018868,0.000000,0.000000,0.981132,0.018868,1.000000
0.034329454,5,129,read_only,64,1,1.000000,1.000000,1.000000,{"1":1},1.000000,0.000000,0.000000,0.000000,1.000000,0.000000,-1.000000
0.034329454,5,129,union,64,1,1.000000,1.000000,1.000000,{"1":1},1.000000,0.000000,0.000000,0.000000,1.000000,0.000000,-1.000000
0.034329454,5,129,snapshot,64,1,1.000000,1.000000,1.000000,{"1":1},1.000000,0.000000,0.000000,0.000000,1.000000,0.000000,-1.000000
0.034329454,5,129,read_only,256,1,1.000000,1.000000,1.000000,{"1":1},1.000000,0.000000,0.000000,0.000000,1.000000,0.000000,-1.000000
0.034329454,5,129,union,256,1,1.000000,1.000000,1.000000,{"1":1},1.000000,0.000000,0.000000,0.000000,1.000000,0.000000,-1.000000
0.034329454,5,129,snapshot,256,1,1.000000,1.000000,1.000000,{"1":1},1.000000,0.000000,0.000000,0.000000,1.000000,0.000000,-1.000000
0.034329454,5,129,read_only,1024,1,1.000000,1.000000,1.000000,{"1":1},1.000000,0.000000,0.000000,0.000000,1.000000,0.000000,-1.000000
0.034329454,5,129,union,1024,1,1.000000,1.000000,1.000000,{"1":1},1.000000,0.000000,0.000000,0.000000,1.000000,0.000000,-1.000000
0.034329454,5,129,snapshot,1024,1,1.000000,1.000000,1.000000,{"1":1},1.000000,0.000000,0.000000,0.000000,1.000000,0.000000,-1.000000
0.034329454,5,129,read_only,4096,1,1.000000,1.000000,1.000000,{"1":1},1.000000,0.000000,0.000000,0.000000,1.000000,0.000000,-1.000000
0.034329454,5,129,union,4096,1,1.000000,1.000000,1.000000,{"1":1},1.000000,0.000000,0.000000,0.000000,1.000000,0.000000,-1.000000
0.034329454,5,129,snapshot,4096,1,1.000000,1.000000,1.000000,{"1":1},1.000000,0.000000,0.000000,0.000000,1.000000,0.000000,-1.000000
0.034329454,5,129,read_only,16384,1,1.000000,1.000000,1.000000,{"1":1},1.000000,0.000000,0.000000,0.000000,1.000000,0.000000,-1.000000
0.034329454,5,129,union,16384,1,1.000000,1.000000,1.000000,{"1":1},1.000000,0.000000,0.000000,0.000000,1.000000,0.000000,-1.000000
0.034329454,5,129,snapshot,16384,1,1.000000,1.000000,1.000000,{"1":1},1.000000,0.000000,0.000000,0.000000,1.000000,0.000000,-1.000000
0.034574864,5,130,read_only,64,2,1.000000,1.000000,1.000000,{"1":2},1.000000,0.000000,0.000000,0.000000,1.000000,0.000000,-1.000000
0.034574864,5,130,union,64,2,1.000000,1.000000,1.000000,{"1":2},1.000000,0.000000,0.000000,0.000000,1.000000,0.000000,-1.000000
0.034574864,5,130,snapshot,64,3,1.000000,1.000000,1.000000,{"1":3},1.000000,0.000000,0.000000,0.000000,1.000000,0.000000,-1.000000
0.034574864,5,130,read_only,256,2,1.000000,1.000000,1.000000,{"1":2},1.000000,0.000000,0.000000,0.000000,1.000000,0.000000,-1.000000
0.034574864,5,130,union,256,2,1.000000,1.000000,1.000000,{"1":2},1.000000,0.000000,0.000000,0.000000,1.000000,0.000000,-1.000000
0.034574864,5,130,snapshot,256,3,1.000000,1.000000,1.000000,{"1":3},1.000000,0.000000,0.000000,0.000000,1.000000,0.000000,-1.000000
0.034574864,5,130,read_only,1024,2,1.000000,1.000000,1.000000,{"1":2},1.000000,0.000000,0.000000,0.000000,1.000000,0.000000,-1.000000
0.034574864,5,130,union,1024,2,1.000000,1.000000,1.000000,{"1":2},1.000000,0.000000,0.000000,0.000000,1.000000,0.000000,-1.000000
0.034574864,5,130,snapshot,1024,3,1.000000,1.000000,1.000000,{"1":3},1.000000,0.000000,0.000000,0.000000,1.000000,0.000000,-1.000000
0.034574864,5,130,read_only,4096,2,1.000000,1.000000,1.000000,{"1":2},1.000000,0.000000,0.000000,0.000000,1.000000,0.000000,-1.000000
0.034574864,5,130,union,4096,2,1.000000,1.000000,1.000000,{"1":2},1.000000,0.000000,0.000000,0.000000,1.000000,0.000000,-1.000000
0.034574864,5,130,snapshot,4096,3,1.000000,1.000000,1.000000,{"1":3},1.000000,0.000000,0.000000,0.000000,1.000000,0.000000,-1.000000
0.034574864,5,130,read_only,16384,2,1.000000,1.000000,1.000000,{"1":2},1.000000,0.000000,0.000000,0.000000,1.000000,0.000000,-1.000000
0.034574864,5,130,union,16384,2,1.000000,1.000000,1.000000,{"1":2},1.000000,0.000000,0.000000,0.000000,1.000000,0.000000,-1.000000
0.034574864,5,130,snapshot,16384,3,1.000000,1.000000,1.000000,{"1":3},1.000000,0.000000,0.000000,0.000000,1.000000,0.000000,-1.000000
0.034817285,5,131,snapshot,64,3,1.000000,1.000000,1.000000,{"1":3},1.000000,0.000000,0.000000,0.000000,1.000000,0.000000,-1.000000
0.034817285,5,131,snapshot,256,3,1.000000,1.000000,1.000000,{"1":3},1.000000,0.000000,0.000000,0.000000,1.000000,0.000000,-1.000000
0.034817285,5,131,snapshot,1024,3,1.000000,1.000000,1.000000,{"1":3},1.000000,0.000000,0.000000,0.000000,1.000000,0.000000,-1.000000
0.034817285,5,131,snapshot,4096,3,1.000000,1.000000,1.000000,{"1":3},1.000000,0.000000,0.000000,0.000000,1.000000,0.000000,-1.000000
0.034817285,5,131,snapshot,16384,3,1.000000,1.000000,1.000000,{"1":3},1.000000,0.000000,0.000000,0.000000,1.000000,0.000000,-1.000000
0.035080999,5,132,snapshot,64,3,1.000000,1.000000,1.000000,{"1":3},1.000000,0.000000,0.000000,0.000000,1.000000,0.000000,-1.000000
0.035080999,5,132,snapshot,256,3,1.000000,1.000000,1.000000,{"1":3},1.000000,0.000000,0.000000,0.000000,1.000000,0.000000,-1.000000
0.035080999,5,132,snapshot,1024,3,1.000000,1.000000,1.000000,{"1":3},1.000000,0.000000,0.000000,0.000000,1.000000,0.000000,-1.000000
0.035080999,5,132,snapshot,4096,3,1.000000,1.000000,1.000000,{"1":3},1.000000,0.000000,0.000000,0.000000,1.000000,0.000000,-1.000000
0.035080999,5,132,snapshot,16384,3,1.000000,1.000000,1.000000,{"1":3},1.000000,0.000000,0.000000,0.000000,1.000000,0.000000,-1.000000
0.035360269,5,133,read_only,64,1,1.000000,1.000000,1.000000,{"1":1},1.000000,0.000000,0.000000,0.000000,1.000000,0.000000,-1.000000
0.035360269,5,133,union,64,1,1.000000,1.000000,1.000000,{"1":1},1.000000,0.000000,0.000000,0.000000,1.000000,0.000000,-1.000000
0.035360269,5,133,snapshot,64,4,1.000000,1.000000,1.000000,{"1":4},1.000000,0.000000,0.000000,0.000000,1.000000,0.000000,-1.000000
0.035360269,5,133,read_only,256,1,1.000000,1.000000,1.000000,{"1":1},1.000000,0.000000,0.000000,0.000000,1.000000,0.000000,-1.000000
0.035360269,5,133,union,256,1,1.000000,1.000000,1.000000,{"1":1},1.000000,0.000000,0.000000,0.000000,1.000000,0.000000,-1.000000
0.035360269,5,133,snapshot,256,4,1.000000,1.000000,1.000000,{"1":4},1.000000,0.000000,0.000000,0.000000,1.000000,0.000000,-1.000000
0.035360269,5,133,read_only,1024,1,1.000000,1.000000,1.000000,{"1":1},1.000000,0.000000,0.000000,0.000000,1.000000,0.000000,-1.000000
0.035360269,5,133,union,1024,1,1.000000,1.000000,1.000000,{"1":1},1.000000,0.000000,0.000000,0.000000,1.000000,0.000000,-1.000000
0.035360269,5,133,snapshot,1024,4,1.000000,1.000000,1.000000,{"1":4},1.000000,0.000000,0.000000,0.000000,1.000000,0.000000,-1.000000
0.035360269,5,133,read_only,4096,1,1.000000,1.000000,1.000000,{"1":1},1.000000,0.000000,0.000000,0.000000,1.000000,0.000000,-1.000000
0.035360269,5,133,union,4096,1,1.000000,1.000000,1.000000,{"1":1},1.000000,0.000000,0.000000,0.000000,1.000000,0.000000,-1.000000
0.035360269,5,133,snapshot,4096,4,1.000000,1.000000,1.000000,{"1":4},1.000000,0.000000,0.000000,0.000000,1.000000,0.000000,-1.000000
0.035360269,5,133,read_only,16384,1,1.000000,1.000000,1.000000,{"1":1},1.000000,0.000000,0.000000,0.000000,1.000000,0.000000,-1.000000
0.035360269,5,133,union,16384,1,1.000000,1.000000,1.000000,{"1":1},1.000000,0.000000,0.000000,0.000000,1.000000,0.000000,-1.000000
0.035360269,5,133,snapshot,16384,4,1.000000,1.000000,1.000000,{"1":4},1.000000,0.000000,0.000000,0.000000,1.000000,0.000000,-1.000000
0.035593309,5,134,snapshot,64,4,1.000000,1.000000,1.000000,{"1":4},1.000000,0.000000,0.000000,0.000000,1.000000,0.000000,-1.000000
0.035593309,5,134,snapshot,256,4,1.000000,1.000000,1.000000,{"1":4},1.000000,0.000000,0.000000,0.000000,1.000000,0.000000,-1.000000
0.035593309,5,134,snapshot,1024,4,1.000000,1.000000,1.000000,{"1":4},1.000000,0.000000,0.000000,0.000000,1.000000,0.000000,-1.000000
0.035593309,5,134,snapshot,4096,4,1.000000,1.000000,1.000000,{"1":4},1.000000,0.000000,0.000000,0.000000,1.000000,0.000000,-1.000000
0.035593309,5,134,snapshot,16384,4,1.000000,1.000000,1.000000,{"1":4},1.000000,0.000000,0.000000,0.000000,1.000000,0.000000,-1.000000
0.035828038,5,135,read_only,64,1,1.000000,1.000000,1.000000,{"1":1},1.000000,0.000000,0.000000,0.000000,1.000000,0.000000,-1.000000
0.035828038,5,135,union,64,1,1.000000,1.000000,1.000000,{"1":1},1.000000,0.000000,0.000000,0.000000,1.000000,0.000000,-1.000000
0.035828038,5,135,snapshot,64,5,1.000000,1.000000,1.000000,{"1":5},1.000000,0.000000,0.000000,0.000000,1.000000,0.000000,-1.000000
0.035828038,5,135,read_only,256,1,1.000000,1.000000,1.000000,{"1":1},1.000000,0.000000,0.000000,0.000000,1.000000,0.000000,-1.000000
0.035828038,5,135,union,256,1,1.000000,1.000000,1.000000,{"1":1},1.000000,0.000000,0.000000,0.000000,1.000000,0.000000,-1.000000
0.035828038,5,135,snapshot,256,5,1.000000,1.000000,1.000000,{"1":5},1.000000,0.000000,0.000000,0.000000,1.000000,0.000000,-1.000000
0.035828038,5,135,read_only,1024,1,1.000000,1.000000,1.000000,{"1":1},1.000000,0.000000,0.000000,0.000000,1.000000,0.000000,-1.000000
0.035828038,5,135,union,1024,1,1.000000,1.000000,1.000000,{"1":1},1.000000,0.000000,0.000000,0.000000,1.000000,0.000000,-1.000000
0.035828038,5,135,snapshot,1024,5,1.000000,1.000000,1.000000,{"1":5},1.000000,0.000000,0.000000,0.000000,1.000000,0.000000,-1.000000
0.035828038,5,135,read_only,4096,1,1.000000,1.000000,1.000000,{"1":1},1.000000,0.000000,0.000000,0.000000,1.000000,0.000000,-1.000000
0.035828038,5,135,union,4096,1,1.000000,1.000000,1.000000,{"1":1},1.000000,0.000000,0.000000,0.000000,1.000000,0.000000,-1.000000
0.035828038,5,135,snapshot,4096,5,1.000000,1.000000,1.000000,{"1":5},1.000000,0.000000,0.000000,0.000000,1.000000,0.000000,-1.000000
0.035828038,5,135,read_only,16384,1,1.000000,1.000000,1.000000,{"1":1},1.000000,0.000000,0.000000,0.000000,1.000000,0.000000,-1.000000
0.035828038,5,135,union,16384,1,1.000000,1.000000,1.000000,{"1":1},1.000000,0.000000,0.000000,0.000000,1.000000,0.000000,-1.000000
0.035828038,5,135,snapshot,16384,5,1.000000,1.000000,1.000000,{"1":5},1.000000,0.000000,0.000000,0.000000,1.000000,0.000000,-1.000000
0.036121671,5,136,snapshot,64,5,1.000000,1.000000,1.000000,{"1":5},1.000000,0.000000,0.000000,0.000000,1.000000,0.000000,-1.000000
0.036121671,5,136,snapshot,256,5,1.000000,1.000000,1.000000,{"1":5},1.000000,0.000000,0.000000,0.000000,1.000000,0.000000,-1.000000
0.036121671,5,136,snapshot,1024,5,1.000000,1.000000,1.000000,{"1":5},1.000000,0.000000,0.000000,0.000000,1.000000,0.000000,-1.000000
0.036121671,5,136,snapshot,4096,5,1.000000,1.000000,1.000000,{"1":5},1.000000,0.000000,0.000000,0.000000,1.000000,0.000000,-1.000000
0.036121671,5,136,snapshot,16384,5,1.000000,1.000000,1.000000,{"1":5},1.000000,0.000000,0.000000,0.000000,1.000000,0.000000,-1.000000
0.036364488,5,137,read_only,64,1,1.000000,1.000000,1.000000,{"1":1},1.000000,0.000000,0.000000,0.000000,1.000000,0.000000,-1.000000
0.036364488,5,137,union,64,1,1.000000,1.000000,1.000000,{"1":1},1.000000,0.000000,0.000000,0.000000,1.000000,0.000000,-1.000000
0.036364488,5,137,snapshot,64,6,1.000000,1.000000,1.000000,{"1":6},1.000000,0.000000,0.000000,0.000000,1.000000,0.000000,-1.000000
0.036364488,5,137,read_only,256,1,1.000000,1.000000,1.000000,{"1":1},1.000000,0.000000,0.000000,0.000000,1.000000,0.000000,-1.000000
0.036364488,5,137,union,256,1,1.000000,1.000000,1.000000,{"1":1},1.000000,0.000000,0.000000,0.000000,1.000000,0.000000,-1.000000
0.036364488,5,137,snapshot,256,6,1.000000,1.000000,1.000000,{"1":6},1.000000,0.000000,0.000000,0.000000,1.000000,0.000000,-1.000000
0.036364488,5,137,read_only,1024,1,1.000000,1.000000,1.000000,{"1":1},1.000000,0.000000,0.000000,0.000000,1.000000,0.000000,-1.000000
0.036364488,5,137,union,1024,1,1.000000,1.000000,1.000000,{"1":1},1.000000,0.000000,0.000000,0.000000,1.000000,0.000000,-1.000000
0.036364488,5,137,snapshot,1024,6,1.000000,1.000000,1.000000,{"1":6},1.000000,0.000000,0.000000,0.000000,1.000000,0.000000,-1.000000
0.036364488,5,137,read_only,4096,1,1.000000,1.000000,1.000000,{"1":1},1.000000,0.000000,0.000000,0.000000,1.000000,0.000000,-1.000000
0.036364488,5,137,union,4096,1,1.000000,1.000000,1.000000,{"1":1},1.000000,0.000000,0.000000,0.000000,1.000000,0.000000,-1.000000
0.036364488,5,137,snapshot,4096,6,1.000000,1.000000,1.000000,{"1":6},1.000000,0.000000,0.000000,0.000000,1.000000,0.000000,-1.000000
0.036364488,5,137,read_only,16384,1,1.000000,1.000000,1.000000,{"1":1},1.000000,0.000000,0.000000,0.000000,1.000000,0.000000,-1.000000
0.036364488,5,137,union,16384,1,1.000000,1.000000,1.000000,{"1":1},1.000000,0.000000,0.000000,0.000000,1.000000,0.000000,-1.000000
0.036364488,5,137,snapshot,16384,6,1.000000,1.000000,1.000000,{"1":6},1.000000,0.000000,0.000000,0.000000,1.000000,0.000000,-1.000000
0.036602621,5,138,snapshot,64,6,1.000000,1.000000,1.000000,{"1":6},1.000000,0.000000,0.000000,0.000000,1.000000,0.000000,-1.000000
0.036602621,5,138,snapshot,256,6,1.000000,1.000000,1.000000,{"1":6},1.000000,0.000000,0.000000,0.000000,1.000000,0.000000,-1.000000
0.036602621,5,138,snapshot,1024,6,1.000000,1.000000,1.000000,{"1":6},1.000000,0.000000,0.000000,0.000000,1.000000,0.000000,-1.000000
0.036602621,5,138,snapshot,4096,6,1.000000,1.000000,1.000000,{"1":6},1.000000,0.000000,0.000000,0.000000,1.000000,0.000000,-1.000000
0.036602621,5,138,snapshot,16384,6,1.000000,1.000000,1.000000,{"1":6},1.000000,0.000000,0.000000,0.000000,1.000000,0.000000,-1.000000
0.036854754,5,139,read_only,64,2,1.000000,1.000000,1.000000,{"1":2},1.000000,0.000000,0.000000,0.000000,1.000000,0.000000,-1.000000
0.036854754,5,139,union,64,2,1.000000,1.000000,1.000000,{"1":2},1.000000,0.000000,0.000000,0.000000,1.000000,0.000000,-1.000000
0.036854754,5,139,read_only,256,2,1.000000,1.000000,1.000000,{"1":2},1.000000,0.000000,0.000000,0.000000,1.000000,0.000000,-1.000000
0.036854754,5,139,union,256,2,1.000000,1.000000,1.000000,{"1":2},1.000000,0.000000,0.000000,0.000000,1.000000,0.000000,-1.000000
0.036854754,5,139,read_only,1024,2,1.000000,1.000000,1.000000,{"1":2},1.000000,0.000000,0.000000,0.000000,1.000000,0.000000,-1.000000
0.036854754,5,139,union,1024,2,1.000000,1.000000,1.000000,{"1":2},1.000000,0.000000,0.000000,0.000000,1.000000,0.000000,-1.000000
0.036854754,5,139,read_only,4096,2,1.000000,1.000000,1.000000,{"1":2},1.000000,0.000000,0.000000,0.000000,1.000000,0.000000,-1.000000
0.036854754,5,139,union,4096,2,1.000000,1.000000,1.000000,{"1":2},1.000000,0.000000,0.000000,0.000000,1.000000,0.000000,-1.000000
0.036854754,5,139,read_only,16384,2,1.000000,1.000000,1.000000,{"1":2},1.000000,0.000000,0.000000,0.000000,1.000000,0.000000,-1.000000
0.036854754,5,139,union,16384,2,1.000000,1.000000,1.000000,{"1":2},1.000000,0.000000,0.000000,0.000000,1.000000,0.000000,-1.000000
0.037089470,5,140,read_only,64,2,1.000000,1.000000,1.000000,{"1":2},1.000000,0.000000,0.000000,0.000000,1.000000,0.000000,-1.000000
0.037089470,5,140,union,64,2,1.000000,1.000000,1.000000,{"1":2},1.000000,0.000000,0.000000,0.000000,1.000000,0.000000,-1.000000
0.037089470,5,140,snapshot,64,2,1.000000,1.000000,1.000000,{"1":2},1.000000,0.000000,0.000000,0.000000,1.000000,0.000000,-1.000000
0.037089470,5,140,read_only,256,2,1.000000,1.000000,1.000000,{"1":2},1.000000,0.000000,0.000000,0.000000,1.000000,0.000000,-1.000000
0.037089470,5,140,union,256,2,1.000000,1.000000,1.000000,{"1":2},1.000000,0.000000,0.000000,0.000000,1.000000,0.000000,-1.000000
0.037089470,5,140,snapshot,256,2,1.000000,1.000000,1.000000,{"1":2},1.000000,0.000000,0.000000,0.000000,1.000000,0.000000,-1.000000
0.037089470,5,140,read_only,1024,2,1.000000,1.000000,1.000000,{"1":2},1.000000,0.000000,0.000000,0.000000,1.000000,0.000000,-1.000000
0.037089470,5,140,union,1024,2,1.000000,1.000000,1.000000,{"1":2},1.000000,0.000000,0.000000,0.000000,1.000000,0.000000,-1.000000
0.037089470,5,140,snapshot,1024,2,1.000000,1.000000,1.000000,{"1":2},1.000000,0.000000,0.000000,0.000000,1.000000,0.000000,-1.000000
0.037089470,5,140,read_only,4096,2,1.000000,1.000000,1.000000,{"1":2},1.000000,0.000000,0.000000,0.000000,1.000000,0.000000,-1.000000
0.037089470,5,140,union,4096,2,1.000000,1.000000,1.000000,{"1":2},1.000000,0.000000,0.000000,0.000000,1.000000,0.000000,-1.000000
0.037089470,5,140,snapshot,4096,2,1.000000,1.000000,1.000000,{"1":2},1.000000,0.000000,0.000000,0.000000,1.000000,0.000000,-1.000000
0.037089470,5,140,read_only,16384,2,1.000000,1.000000,1.000000,{"1":2},1.000000,0.000000,0.000000,0.000000,1.000000,0.000000,-1.000000
0.037089470,5,140,union,16384,2,1.000000,1.000000,1.000000,{"1":2},1.000000,0.000000,0.000000,0.000000,1.000000,0.000000,-1.000000
0.037089470,5,140,snapshot,16384,2,1.000000,1.000000,1.000000,{"1":2},1.000000,0.000000,0.000000,0.000000,1.000000,0.000000,-1.000000
0.037385673,5,141,read_only,64,2,1.000000,1.000000,1.000000,{"1":2},1.000000,0.000000,0.000000,0.000000,1.000000,0.000000,-1.000000
0.037385673,5,141,union,64,2,1.000000,1.000000,1.000000,{"1":2},1.000000,0.000000,0.000000,0.000000,1.000000,0.000000,-1.000000
0.037385673,5,141,snapshot,64,4,1.000000,1.000000,1.000000,{"1":4},1.000000,0.000000,0.000000,0.000000,1.000000,0.000000,-1.000000
0.037385673,5,141,read_only,256,2,1.000000,1.000000,1.000000,{"1":2},1.000000,0.000000,0.000000,0.000000,1.000000,0.000000,-1.000000
0.037385673,5,141,union,256,2,1.000000,1.000000,1.000000,{"1":2},1.000000,0.000000,0.000000,0.000000,1.000000,0.000000,-1.000000
0.037385673,5,141,snapshot,256,4,1.000000,1.000000,1.000000,{"1":4},1.000000,0.000000,0.000000,0.000000,1.000000,0.000000,-1.000000
0.037385673,5,141,read_only,1024,2,1.000000,1.000000,1.000000,{"1":2},1.000000,0.000000,0.000000,0.000000,1.000000,0.000000,-1.000000
0.037385673,5,141,union,1024,2,1.000000,1.000000,1.000000,{"1":2},1.000000,0.000000,0.000000,0.000000,1.000000,0.000000,-1.000000
0.037385673,5,141,snapshot,1024,4,1.000000,1.000000,1.000000,{"1":4},1.000000,0.000000,0.000000,0.000000,1.000000,0.000000,-1.000000
0.037385673,5,141,read_only,4096,2,1.000000,1.000000,1.000000,{"1":2},1.000000,0.000000,0.000000,0.000000,1.000000,0.000000,-1.000000
0.037385673,5,141,union,4096,2,1.000000,1.000000,1.000000,{"1":2},1.000000,0.000000,0.000000,0.000000,1.000000,0.000000,-1.000000
0.037385673,5,141,snapshot,4096,4,1.000000,1.000000,1.000000,{"1":4},1.000000,0.000000,0.000000,0.000000,1.000000,0.000000,-1.000000
0.037385673,5,141,read_only,16384,2,1.000000,1.000000,1.000000,{"1":2},1.000000,0.000000,0.000000,0.000000,1.000000,0.000000,-1.000000
0.037385673,5,141,union,16384,2,1.000000,1.000000,1.000000,{"1":2},1.000000,0.000000,0.000000,0.000000,1.000000,0.000000,-1.000000
0.037385673,5,141,snapshot,16384,4,1.000000,1.000000,1.000000,{"1":4},1.000000,0.000000,0.000000,0.000000,1.000000,0.000000,-1.000000
0.037628664,5,142,read_only,64,2,1.000000,1.000000,1.000000,{"1":2},1.000000,0.000000,0.000000,0.000000,1.000000,0.000000,-1.000000
0.037628664,5,142,union,64,2,1.000000,1.000000,1.000000,{"1":2},1.000000,0.000000,0.000000,0.000000,1.000000,0.000000,-1.000000
0.037628664,5,142,snapshot,64,6,1.000000,1.000000,1.000000,{"1":6},1.000000,0.000000,0.000000,0.000000,1.000000,0.000000,-1.000000
0.037628664,5,142,read_only,256,2,1.000000,1.000000,1.000000,{"1":2},1.000000,0.000000,0.000000,0.000000,1.000000,0.000000,-1.000000
0.037628664,5,142,union,256,2,1.000000,1.000000,1.000000,{"1":2},1.000000,0.000000,0.000000,0.000000,1.000000,0.000000,-1.000000
0.037628664,5,142,snapshot,256,6,1.000000,1.000000,1.000000,{"1":6},1.000000,0.000000,0.000000,0.000000,1.000000,0.000000,-1.000000
0.037628664,5,142,read_only,1024,2,1.000000,1.000000,1.000000,{"1":2},1.000000,0.000000,0.000000,0.000000,1.000000,0.000000,-1.000000
0.037628664,5,142,union,1024,2,1.000000,1.000000,1.000000,{"1":2},1.000000,0.000000,0.000000,0.000000,1.000000,0.000000,-1.000000
0.037628664,5,142,snapshot,1024,6,1.000000,1.000000,1.000000,{"1":6},1.000000,0.000000,0.000000,0.000000,1.000000,0.000000,-1.000000
0.037628664,5,142,read_only,4096,2,1.000000,1.000000,1.000000,{"1":2},1.000000,0.000000,0.000000,0.000000,1.000000,0.000000,-1.000000
0.037628664,5,142,union,4096,2,1.000000,1.000000,1.000000,{"1":2},1.000000,0.000000,0.000000,0.000000,1.000000,0.000000,-1.000000
0.037628664,5,142,snapshot,4096,6,1.000000,1.000000,1.000000,{"1":6},1.000000,0.000000,0.000000,0.000000,1.000000,0.000000,-1.000000
0.037628664,5,142,read_only,16384,2,1.000000,1.000000,1.000000,{"1":2},1.000000,0.000000,0.000000,0.000000,1.000000,0.000000,-1.000000
0.037628664,5,142,union,16384,2,1.000000,1.000000,1.000000,{"1":2},1.000000,0.000000,0.000000,0.000000,1.000000,0.000000,-1.000000
0.037628664,5,142,snapshot,16384,6,1.000000,1.000000,1.000000,{"1":6},1.000000,0.000000,0.000000,0.000000,1.000000,0.000000,-1.000000
0.037873708,5,143,read_only,64,3,1.000000,1.000000,1.000000,{"1":3},1.000000,0.000000,0.000000,0.000000,1.000000,0.000000,-1.000000
0.037873708,5,143,union,64,3,1.000000,1.000000,1.000000,{"1":3},1.000000,0.000000,0.000000,0.000000,1.000000,0.000000,-1.000000
0.037873708,5,143,snapshot,64,9,1.000000,1.000000,1.000000,{"1":9},1.000000,0.000000,0.000000,0.000000,1.000000,0.000000,-1.000000
0.037873708,5,143,read_only,256,3,1.000000,1.000000,1.000000,{"1":3},1.000000,0.000000,0.000000,0.000000,1.000000,0.000000,-1.000000
0.037873708,5,143,union,256,3,1.000000,1.000000,1.000000,{"1":3},1.000000,0.000000,0.000000,0.000000,1.000000,0.000000,-1.000000
0.037873708,5,143,snapshot,256,9,1.000000,1.000000,1.000000,{"1":9},1.000000,0.000000,0.000000,0.000000,1.000000,0.000000,-1.000000
0.037873708,5,143,read_only,1024,3,1.000000,1.000000,1.000000,{"1":3},1.000000,0.000000,0.000000,0.000000,1.000000,0.000000,-1.000000
0.037873708,5,143,union,1024,3,1.000000,1.000000,1.000000,{"1":3},1.000000,0.000000,0.000000,0.000000,1.000000,0.000000,-1.000000
0.037873708,5,143,snapshot,1024,9,1.000000,1.000000,1.000000,{"1":9},1.000000,0.000000,0.000000,0.000000,1.000000,0.000000,-1.000000
0.037873708,5,143,read_only,4096,3,1.000000,1.000000,1.000000,{"1":3},1.000000,0.000000,0.000000,0.000000,1.000000,0.000000,-1.000000
0.037873708,5,143,union,4096,3,1.000000,1.000000,1.000000,{"1":3},1.000000,0.000000,0.000000,0.000000,1.000000,0.000000,-1.000000
0.037873708,5,143,snapshot,4096,9,1.000000,1.000000,1.000000,{"1":9},1.000000,0.000000,0.000000,0.000000,1.000000,0.000000,-1.000000
0.037873708,5,143,read_only,16384,3,1.000000,1.000000,1.000000,{"1":3},1.000000,0.000000,0.000000,0.000000,1.000000,0.000000,-1.000000
0.037873708,5,143,union,16384,3,1.000000,1.000000,1.000000,{"1":3},1.000000,0.000000,0.000000,0.000000,1.000000,0.000000,-1.000000
0.037873708,5,143,snapshot,16384,9,1.000000,1.000000,1.000000,{"1":9},1.000000,0.000000,0.000000,0.000000,1.000000,0.000000,-1.000000
0.038139090,5,144,snapshot,64,9,1.000000,1.000000,1.000000,{"1":9},1.000000,0.000000,0.000000,0.000000,1.000000,0.000000,-1.000000
0.038139090,5,144,snapshot,256,9,1.000000,1.000000,1.000000,{"1":9},1.000000,0.000000,0.000000,0.000000,1.000000,0.000000,-1.000000
0.038139090,5,144,snapshot,1024,9,1.000000,1.000000,1.000000,{"1":9},1.000000,0.000000,0.000000,0.000000,1.000000,0.000000,-1.000000
0.038139090,5,144,snapshot,4096,9,1.000000,1.000000,1.000000,{"1":9},1.000000,0.000000,0.000000,0.000000,1.000000,0.000000,-1.000000
0.038139090,5,144,snapshot,16384,9,1.000000,1.000000,1.000000,{"1":9},1.000000,0.000000,0.000000,0.000000,1.000000,0.000000,-1.000000
0.038415952,5,145,read_only,64,1,1.000000,1.000000,1.000000,{"1":1},1.000000,0.000000,0.000000,0.000000,1.000000,0.000000,-1.000000
0.038415952,5,145,union,64,1,1.000000,1.000000,1.000000,{"1":1},1.000000,0.000000,0.000000,0.000000,1.000000,0.000000,-1.000000
0.038415952,5,145,snapshot,64,10,1.000000,1.000000,1.000000,{"1":10},1.000000,0.000000,0.000000,0.000000,1.000000,0.000000,-1.000000
0.038415952,5,145,read_only,256,1,1.000000,1.000000,1.000000,{"1":1},1.000000,0.000000,0.000000,0.000000,1.000000,0.000000,-1.000000
0.038415952,5,145,union,256,1,1.000000,1.000000,1.000000,{"1":1},1.000000,0.000000,0.000000,0.000000,1.000000,0.000000,-1.000000
0.038415952,5,145,snapshot,256,10,1.000000,1.000000,1.000000,{"1":10},1.000000,0.000000,0.000000,0.000000,1.000000,0.000000,-1.000000
0.038415952,5,145,read_only,1024,1,1.000000,1.000000,1.000000,{"1":1},1.000000,0.000000,0.000000,0.000000,1.000000,0.000000,-1.000000
0.038415952,5,145,union,1024,1,1.000000,1.000000,1.000000,{"1":1},1.000000,0.000000,0.000000,0.000000,1.000000,0.000000,-1.000000
0.038415952,5,145,snapshot,1024,10,1.000000,1.000000,1.000000,{"1":10},1.000000,0.000000,0.000000,0.000000,1.000000,0.000000,-1.000000
0.038415952,5,145,read_only,4096,1,1.000000,1.000000,1.000000,{"1":1},1.000000,0.000000,0.000000,0.000000,1.000000,0.000000,-1.000000
0.038415952,5,145,union,4096,1,1.000000,1.000000,1.000000,{"1":1},1.000000,0.000000,0.000000,0.000000,1.000000,0.000000,-1.000000
0.038415952,5,145,snapshot,4096,10,1.000000,1.000000,1.000000,{"1":10},1.000000,0.000000,0.000000,0.000000,1.000000,0.000000,-1.000000
0.038415952,5,145,read_only,16384,1,1.000000,1.000000,1.000000,{"1":1},1.000000,0.000000,0.000000,0.000000,1.000000,0.000000,-1.000000
0.038415952,5,145,union,16384,1,1.000000,1.000000,1.000000,{"1":1},1.000000,0.000000,0.000000,0.000000,1.000000,0.000000,-1.000000
0.038415952,5,145,snapshot,16384,10,1.000000,1.000000,1.000000,{"1":10},1.000000,0.000000,0.000000,0.000000,1.000000,0.000000,-1.000000
0.038648111,5,146,snapshot,64,10,1.000000,1.000000,1.000000,{"1":10},1.000000,0.000000,0.000000,0.000000,1.000000,0.000000,-1.000000
0.038648111,5,146,snapshot,256,10,1.000000,1.000000,1.000000,{"1":10},1.000000,0.000000,0.000000,0.000000,1.000000,0.000000,-1.000000
0.038648111,5,146,snapshot,1024,10,1.000000,1.000000,1.000000,{"1":10},1.000000,0.000000,0.000000,0.000000,1.000000,0.000000,-1.000000
0.038648111,5,146,snapshot,4096,10,1.000000,1.000000,1.000000,{"1":10},1.000000,0.000000,0.000000,0.000000,1.000000,0.000000,-1.000000
0.038648111,5,146,snapshot,16384,10,1.000000,1.000000,1.000000,{"1":10},1.000000,0.000000,0.000000,0.000000,1.000000,0.000000,-1.000000
0.038882616,5,147,read_only,64,2,1.000000,1.000000,1.000000,{"1":1,"2":1},0.500000,0.500000,0.000000,0.000000,0.500000,0.500000,1.000000
0.038882616,5,147,union,64,2,1.000000,1.000000,1.000000,{"1":1,"2":1},0.500000,0.500000,0.000000,0.000000,0.500000,0.500000,1.000000
0.038882616,5,147,snapshot,64,12,1.000000,1.000000,1.000000,{"1":11,"2":1},0.916667,0.083333,0.000000,0.000000,0.916667,0.083333,1.000000
0.038882616,5,147,read_only,256,2,1.000000,1.000000,1.000000,{"1":1,"2":1},0.500000,0.500000,0.000000,0.000000,0.500000,0.500000,1.000000
0.038882616,5,147,union,256,2,1.000000,1.000000,1.000000,{"1":1,"2":1},0.500000,0.500000,0.000000,0.000000,0.500000,0.500000,1.000000
0.038882616,5,147,snapshot,256,12,1.000000,1.000000,1.000000,{"1":11,"2":1},0.916667,0.083333,0.000000,0.000000,0.916667,0.083333,1.000000
0.038882616,5,147,read_only,1024,2,1.000000,1.000000,1.000000,{"1":1,"2":1},0.500000,0.500000,0.000000,0.000000,0.500000,0.500000,1.000000
0.038882616,5,147,union,1024,2,1.000000,1.000000,1.000000,{"1":1,"2":1},0.500000,0.500000,0.000000,0.000000,0.500000,0.500000,1.000000
0.038882616,5,147,snapshot,1024,12,1.000000,1.000000,1.000000,{"1":11,"2":1},0.916667,0.083333,0.000000,0.000000,0.916667,0.083333,1.000000
0.038882616,5,147,read_only,4096,2,1.000000,1.000000,1.000000,{"1":1,"2":1},0.500000,0.500000,0.000000,0.000000,0.500000,0.500000,1.000000
0.038882616,5,147,union,4096,2,1.000000,1.000000,1.000000,{"1":1,"2":1},0.500000,0.500000,0.000000,0.000000,0.500000,0.500000,1.000000
0.038882616,5,147,snapshot,4096,12,1.000000,1.000000,1.000000,{"1":11,"2":1},0.916667,0.083333,0.000000,0.000000,0.916667,0.083333,1.000000
0.038882616,5,147,read_only,16384,2,1.000000,1.000000,1.000000,{"1":1,"2":1},0.500000,0.500000,0.000000,0.000000,0.500000,0.500000,1.000000
0.038882616,5,147,union,16384,2,1.000000,1.000000,1.000000,{"1":1,"2":1},0.500000,0.500000,0.000000,0.000000,0.500000,0.500000,1.000000
0.038882616,5,147,snapshot,16384,12,1.000000,1.000000,1.000000,{"1":11,"2":1},0.916667,0.083333,0.000000,0.000000,0.916667,0.083333,1.000000
0.039177414,5,148,snapshot,64,12,1.000000,1.000000,1.000000,{"1":11,"2":1},0.916667,0.083333,0.000000,0.000000,0.916667,0.083333,1.000000
0.039177414,5,148,snapshot,256,12,1.000000,1.000000,1.000000,{"1":11,"2":1},0.916667,0.083333,0.000000,0.000000,0.916667,0.083333,1.000000
0.039177414,5,148,snapshot,1024,12,1.000000,1.000000,1.000000,{"1":11,"2":1},0.916667,0.083333,0.000000,0.000000,0.916667,0.083333,1.000000
0.039177414,5,148,snapshot,4096,12,1.000000,1.000000,1.000000,{"1":11,"2":1},0.916667,0.083333,0.000000,0.000000,0.916667,0.083333,1.000000
0.039177414,5,148,snapshot,16384,12,1.000000,1.000000,1.000000,{"1":11,"2":1},0.916667,0.083333,0.000000,0.000000,0.916667,0.083333,1.000000
0.039441887,5,149,read_only,64,1,1.000000,1.000000,1.000000,{"1":1},1.000000,0.000000,0.000000,0.000000,1.000000,0.000000,-1.000000
0.039441887,5,149,union,64,5,1.000000,1.000000,1.000000,{"1":5},1.000000,0.000000,0.000000,0.000000,1.000000,0.000000,-1.000000
0.039441887,5,149,snapshot,64,17,1.000000,1.000000,1.000000,{"1":16,"2":1},0.941176,0.058824,0.000000,0.000000,0.941176,0.058824,1.000000
0.039441887,5,149,read_only,256,1,1.000000,1.000000,1.000000,{"1":1},1.000000,0.000000,0.000000,0.000000,1.000000,0.000000,-1.000000
0.039441887,5,149,union,256,5,1.000000,1.000000,1.000000,{"1":5},1.000000,0.000000,0.000000,0.000000,1.000000,0.000000,-1.000000
0.039441887,5,149,snapshot,256,17,1.000000,1.000000,1.000000,{"1":16,"2":1},0.941176,0.058824,0.000000,0.000000,0.941176,0.058824,1.000000
0.039441887,5,149,read_only,1024,1,1.000000,1.000000,1.000000,{"1":1},1.000000,0.000000,0.000000,0.000000,1.000000,0.000000,-1.000000
0.039441887,5,149,union,1024,5,1.000000,1.000000,1.000000,{"1":5},1.000000,0.000000,0.000000,0.000000,1.000000,0.000000,-1.000000
0.039441887,5,149,snapshot,1024,17,1.000000,1.000000,1.000000,{"1":16,"2":1},0.941176,0.058824,0.000000,0.000000,0.941176,0.058824,1.000000
0.039441887,5,149,read_only,4096,1,1.000000,1.000000,1.000000,{"1":1},1.000000,0.000000,0.000000,0.000000,1.000000,0.000000,-1.000000
0.039441887,5,149,union,4096,5,1.000000,1.000000,1.000000,{"1":5},1.000000,0.000000,0.000000,0.000000,1.000000,0.000000,-1.000000
0.039441887,5,149,snapshot,4096,17,1.000000,1.000000,1.000000,{"1":16,"2":1},0.941176,0.058824,0.000000,0.000000,0.941176,0.058824,1.000000
0.039441887,5,149,read_only,16384,1,1.000000,1.000000,1.000000,{"1":1},1.000000,0.000000,0.000000,0.000000,1.000000,0.000000,-1.000000
0.039441887,5,149,union,16384,5,1.000000,1.000000,1.000000,{"1":5},1.000000,0.000000,0.000000,0.000000,1.000000,0.000000,-1.000000
0.039441887,5,149,snapshot,16384,17,1.000000,1.000000,1.000000,{"1":16,"2":1},0.941176,0.058824,0.000000,0.000000,0.941176,0.058824,1.000000
0.039759163,5,150,read_only,64,1,1.000000,1.000000,1.000000,{"1":1},1.000000,0.000000,0.000000,0.000000,1.000000,0.000000,-1.000000
0.039759163,5,150,union,64,1,1.000000,1.000000,1.000000,{"1":1},1.000000,0.000000,0.000000,0.000000,1.000000,0.000000,-1.000000
0.039759163,5,150,snapshot,64,18,1.000000,1.000000,1.000000,{"1":17,"2":1},0.944444,0.055556,0.000000,0.000000,0.944444,0.055556,1.000000
0.039759163,5,150,read_only,256,1,1.000000,1.000000,1.000000,{"1":1},1.000000,0.000000,0.000000,0.000000,1.000000,0.000000,-1.000000
0.039759163,5,150,union,256,1,1.000000,1.000000,1.000000,{"1":1},1.000000,0.000000,0.000000,0.000000,1.000000,0.000000,-1.000000
0.039759163,5,150,snapshot,256,18,1.000000,1.000000,1.000000,{"1":17,"2":1},0.944444,0.055556,0.000000,0.000000,0.944444,0.055556,1.000000
0.039759163,5,150,read_only,1024,1,1.000000,1.000000,1.000000,{"1":1},1.000000,0.000000,0.000000,0.000000,1.000000,0.000000,-1.000000
0.039759163,5,150,union,1024,1,1.000000,1.000000,1.000000,{"1":1},1.000000,0.000000,0.000000,0.000000,1.000000,0.000000,-1.000000
0.039759163,5,150,snapshot,1024,18,1.000000,1.000000,1.000000,{"1":17,"2":1},0.944444,0.055556,0.000000,0.000000,0.944444,0.055556,1.000000
0.039759163,5,150,read_only,4096,1,1.000000,1.000000,1.000000,{"1":1},1.000000,0.000000,0.000000,0.000000,1.000000,0.000000,-1.000000
0.039759163,5,150,union,4096,1,1.000000,1.000000,1.000000,{"1":1},1.000000,0.000000,0.000000,0.000000,1.000000,0.000000,-1.000000
0.039759163,5,150,snapshot,4096,18,1.000000,1.000000,1.000000,{"1":17,"2":1},0.944444,0.055556,0.000000,0.000000,0.944444,0.055556,1.000000
0.039759163,5,150,read_only,16384,1,1.000000,1.000000,1.000000,{"1":1},1.000000,0.000000,0.000000,0.000000,1.000000,0.000000,-1.000000
0.039759163,5,150,union,16384,1,1.000000,1.000000,1.000000,{"1":1},1.000000,0.000000,0.000000,0.000000,1.000000,0.000000,-1.000000
0.039759163,5,150,snapshot,16384,18,1.000000,1.000000,1.000000,{"1":17,"2":1},0.944444,0.055556,0.000000,0.000000,0.944444,0.055556,1.000000
0.040805303,5,154,read_only,64,1,1.000000,1.000000,1.000000,{"1":1},1.000000,0.000000,0.000000,0.000000,1.000000,0.000000,-1.000000
0.040805303,5,154,union,64,3,1.000000,1.000000,1.000000,{"1":3},1.000000,0.000000,0.000000,0.000000,1.000000,0.000000,-1.000000
0.040805303,5,154,snapshot,64,3,1.000000,1.000000,1.000000,{"1":3},1.000000,0.000000,0.000000,0.000000,1.000000,0.000000,-1.000000
0.040805303,5,154,read_only,256,1,1.000000,1.000000,1.000000,{"1":1},1.000000,0.000000,0.000000,0.000000,1.000000,0.000000,-1.000000
0.040805303,5,154,union,256,3,1.000000,1.000000,1.000000,{"1":3},1.000000,0.000000,0.000000,0.000000,1.000000,0.000000,-1.000000
0.040805303,5,154,snapshot,256,3,1.000000,1.000000,1.000000,{"1":3},1.000000,0.000000,0.000000,0.000000,1.000000,0.000000,-1.000000
0.040805303,5,154,read_only,1024,1,1.000000,1.000000,1.000000,{"1":1},1.000000,0.000000,0.000000,0.000000,1.000000,0.000000,-1.000000
0.040805303,5,154,union,1024,3,1.000000,1.000000,1.000000,{"1":3},1.000000,0.000000,0.000000,0.000000,1.000000,0.000000,-1.000000
0.040805303,5,154,snapshot,1024,3,1.000000,1.000000,1.000000,{"1":3},1.000000,0.000000,0.000000,0.000000,1.000000,0.000000,-1.000000
0.040805303,5,154,read_only,4096,1,1.000000,1.000000,1.000000,{"1":1},1.000000,0.000000,0.000000,0.000000,1.000000,0.000000,-1.000000
0.040805303,5,154,union,4096,3,1.000000,1.000000,1.000000,{"1":3},1.000000,0.000000,0.000000,0.000000,1.000000,0.000000,-1.000000
0.040805303,5,154,snapshot,4096,3,1.000000,1.000000,1.000000,{"1":3},1.000000,0.000000,0.000000,0.000000,1.000000,0.000000,-1.000000
0.040805303,5,154,read_only,16384,1,1.000000,1.000000,1.000000,{"1":1},1.000000,0.000000,0.000000,0.000000,1.000000,0.000000,-1.000000
0.040805303,5,154,union,16384,3,1.000000,1.000000,1.000000,{"1":3},1.000000,0.000000,0.000000,0.000000,1.000000,0.000000,-1.000000
0.040805303,5,154,snapshot,16384,3,1.000000,1.000000,1.000000,{"1":3},1.000000,0.000000,0.000000,0.000000,1.000000,0.000000,-1.000000
0.041068570,5,155,read_only,64,11,1.000000,1.000000,1.000000,{"1":11},1.000000,0.000000,0.000000,0.000000,1.000000,0.000000,-1.000000
0.041068570,5,155,union,64,12,1.000000,1.000000,1.000000,{"1":12},1.000000,0.000000,0.000000,0.000000,1.000000,0.000000,-1.000000
0.041068570,5,155,snapshot,64,15,1.000000,1.000000,1.000000,{"1":15},1.000000,0.000000,0.000000,0.000000,1.000000,0.000000,-1.000000
0.041068570,5,155,read_only,256,11,1.000000,1.000000,1.000000,{"1":11},1.000000,0.000000,0.000000,0.000000,1.000000,0.000000,-1.000000
0.041068570,5,155,union,256,12,1.000000,1.000000,1.000000,{"1":12},1.000000,0.000000,0.000000,0.000000,1.000000,0.000000,-1.000000
0.041068570,5,155,snapshot,256,15,1.000000,1.000000,1.000000,{"1":15},1.000000,0.000000,0.000000,0.000000,1.000000,0.000000,-1.000000
0.041068570,5,155,read_only,1024,11,1.000000,1.000000,1.000000,{"1":11},1.000000,0.000000,0.000000,0.000000,1.000000,0.000000,-1.000000
0.041068570,5,155,union,1024,12,1.000000,1.000000,1.000000,{"1":12},1.000000,0.000000,0.000000,0.000000,1.000000,0.000000,-1.000000
0.041068570,5,155,snapshot,1024,15,1.000000,1.000000,1.000000,{"1":15},1.000000,0.000000,0.000000,0.000000,1.000000,0.000000,-1.000000
0.041068570,5,155,read_only,4096,11,1.000000,1.000000,1.000000,{"1":11},1.000000,0.000000,0.000000,0.000000,1.000000,0.000000,-1.000000
0.041068570,5,155,union,4096,12,1.000000,1.000000,1.000000,{"1":12},1.000000,0.000000,0.000000,0.000000,1.000000,0.000000,-1.000000
0.041068570,5,155,snapshot,4096,15,1.000000,1.000000,1.000000,{"1":15},1.000000,0.000000,0.000000,0.000000,1.000000,0.000000,-1.000000
0.041068570,5,155,read_only,16384,11,1.000000,1.000000,1.000000,{"1":11},1.000000,0.000000,0.000000,0.000000,1.000000,0.000000,-1.000000
0.041068570,5,155,union,16384,12,1.000000,1.000000,1.000000,{"1":12},1.000000,0.000000,0.000000,0.000000,1.000000,0.000000,-1.000000
0.041068570,5,155,snapshot,16384,15,1.000000,1.000000,1.000000,{"1":15},1.000000,0.000000,0.000000,0.000000,1.000000,0.000000,-1.000000
0.041331164,5,156,read_only,64,2,1.000000,1.000000,1.000000,{"1":1,"2":1},0.500000,0.500000,0.000000,0.000000,0.500000,0.500000,1.000000
0.041331164,5,156,union,64,3,1.000000,1.000000,1.000000,{"1":2,"2":1},0.666667,0.333333,0.000000,0.000000,0.666667,0.333333,1.000000
0.041331164,5,156,snapshot,64,17,1.000000,1.000000,1.000000,{"1":16,"2":1},0.941176,0.058824,0.000000,0.000000,0.941176,0.058824,1.000000
0.041331164,5,156,read_only,256,2,1.000000,1.000000,1.000000,{"1":1,"2":1},0.500000,0.500000,0.000000,0.000000,0.500000,0.500000,1.000000
0.041331164,5,156,union,256,3,1.000000,1.000000,1.000000,{"1":2,"2":1},0.666667,0.333333,0.000000,0.000000,0.666667,0.333333,1.000000
0.041331164,5,156,snapshot,256,17,1.000000,1.000000,1.000000,{"1":16,"2":1},0.941176,0.058824,0.000000,0.000000,0.941176,0.058824,1.000000
0.041331164,5,156,read_only,1024,2,1.000000,1.000000,1.000000,{"1":1,"2":1},0.500000,0.500000,0.000000,0.000000,0.500000,0.500000,1.000000
0.041331164,5,156,union,1024,3,1.000000,1.000000,1.000000,{"1":2,"2":1},0.666667,0.333333,0.000000,0.000000,0.666667,0.333333,1.000000
0.041331164,5,156,snapshot,1024,17,1.000000,1.000000,1.000000,{"1":16,"2":1},0.941176,0.058824,0.000000,0.000000,0.941176,0.058824,1.000000
0.041331164,5,156,read_only,4096,2,1.000000,1.000000,1.000000,{"1":1,"2":1},0.500000,0.500000,0.000000,0.000000,0.500000,0.500000,1.000000
0.041331164,5,156,union,4096,3,1.000000,1.000000,1.000000,{"1":2,"2":1},0.666667,0.333333,0.000000,0.000000,0.666667,0.333333,1.000000
0.041331164,5,156,snapshot,4096,17,1.000000,1.000000,1.000000,{"1":16,"2":1},0.941176,0.058824,0.000000,0.000000,0.941176,0.058824,1.000000
0.041331164,5,156,read_only,16384,2,1.000000,1.000000,1.000000,{"1":1,"2":1},0.500000,0.500000,0.000000,0.000000,0.500000,0.500000,1.000000
0.041331164,5,156,union,16384,3,1.000000,1.000000,1.000000,{"1":2,"2":1},0.666667,0.333333,0.000000,0.000000,0.666667,0.333333,1.000000
0.041331164,5,156,snapshot,16384,17,1.000000,1.000000,1.000000,{"1":16,"2":1},0.941176,0.058824,0.000000,0.000000,0.941176,0.058824,1.000000
0.041608608,5,157,snapshot,64,17,1.000000,1.000000,1.000000,{"1":16,"2":1},0.941176,0.058824,0.000000,0.000000,0.941176,0.058824,1.000000
0.041608608,5,157,snapshot,256,17,1.000000,1.000000,1.000000,{"1":16,"2":1},0.941176,0.058824,0.000000,0.000000,0.941176,0.058824,1.000000
0.041608608,5,157,snapshot,1024,17,1.000000,1.000000,1.000000,{"1":16,"2":1},0.941176,0.058824,0.000000,0.000000,0.941176,0.058824,1.000000
0.041608608,5,157,snapshot,4096,17,1.000000,1.000000,1.000000,{"1":16,"2":1},0.941176,0.058824,0.000000,0.000000,0.941176,0.058824,1.000000
0.041608608,5,157,snapshot,16384,17,1.000000,1.000000,1.000000,{"1":16,"2":1},0.941176,0.058824,0.000000,0.000000,0.941176,0.058824,1.000000
0.041846914,5,158,union,64,1,1.000000,1.000000,1.000000,{"1":1},1.000000,0.000000,0.000000,0.000000,1.000000,0.000000,-1.000000
0.041846914,5,158,snapshot,64,17,1.000000,1.000000,1.000000,{"1":17},1.000000,0.000000,0.000000,0.000000,1.000000,0.000000,-1.000000
0.041846914,5,158,union,256,1,1.000000,1.000000,1.000000,{"1":1},1.000000,0.000000,0.000000,0.000000,1.000000,0.000000,-1.000000
0.041846914,5,158,snapshot,256,17,1.000000,1.000000,1.000000,{"1":17},1.000000,0.000000,0.000000,0.000000,1.000000,0.000000,-1.000000
0.041846914,5,158,union,1024,1,1.000000,1.000000,1.000000,{"1":1},1.000000,0.000000,0.000000,0.000000,1.000000,0.000000,-1.000000
0.041846914,5,158,snapshot,1024,17,1.000000,1.000000,1.000000,{"1":17},1.000000,0.000000,0.000000,0.000000,1.000000,0.000000,-1.000000
0.041846914,5,158,union,4096,1,1.000000,1.000000,1.000000,{"1":1},1.000000,0.000000,0.000000,0.000000,1.000000,0.000000,-1.000000
0.041846914,5,158,snapshot,4096,17,1.000000,1.000000,1.000000,{"1":17},1.000000,0.000000,0.000000,0.000000,1.000000,0.000000,-1.000000
0.041846914,5,158,union,16384,1,1.000000,1.000000,1.000000,{"1":1},1.000000,0.000000,0.000000,0.000000,1.000000,0.000000,-1.000000
0.041846914,5,158,snapshot,16384,17,1.000000,1.000000,1.000000,{"1":17},1.000000,0.000000,0.000000,0.000000,1.000000,0.000000,-1.000000
0.042078162,5,159,snapshot,64,17,1.000000,1.000000,1.000000,{"1":17},1.000000,0.000000,0.000000,0.000000,1.000000,0.000000,-1.000000
0.042078162,5,159,snapshot,256,17,1.000000,1.000000,1.000000,{"1":17},1.000000,0.000000,0.000000,0.000000,1.000000,0.000000,-1.000000
0.042078162,5,159,snapshot,1024,17,1.000000,1.000000,1.000000,{"1":17},1.000000,0.000000,0.000000,0.000000,1.000000,0.000000,-1.000000
0.042078162,5,159,snapshot,4096,17,1.000000,1.000000,1.000000,{"1":17},1.000000,0.000000,0.000000,0.000000,1.000000,0.000000,-1.000000
0.042078162,5,159,snapshot,16384,17,1.000000,1.000000,1.000000,{"1":17},1.000000,0.000000,0.000000,0.000000,1.000000,0.000000,-1.000000
0.042403057,5,160,read_only,64,2,1.000000,1.000000,1.000000,{"1":2},1.000000,0.000000,0.000000,0.000000,1.000000,0.000000,-1.000000
0.042403057,5,160,union,64,7,1.000000,1.000000,1.000000,{"1":7},1.000000,0.000000,0.000000,0.000000,1.000000,0.000000,-1.000000
0.042403057,5,160,snapshot,64,24,1.000000,1.000000,1.000000,{"1":24},1.000000,0.000000,0.000000,0.000000,1.000000,0.000000,-1.000000
0.042403057,5,160,read_only,256,2,1.000000,1.000000,1.000000,{"1":2},1.000000,0.000000,0.000000,0.000000,1.000000,0.000000,-1.000000
0.042403057,5,160,union,256,7,1.000000,1.000000,1.000000,{"1":7},1.000000,0.000000,0.000000,0.000000,1.000000,0.000000,-1.000000
0.042403057,5,160,snapshot,256,24,1.000000,1.000000,1.000000,{"1":24},1.000000,0.000000,0.000000,0.000000,1.000000,0.000000,-1.000000
0.042403057,5,160,read_only,1024,2,1.000000,1.000000,1.000000,{"1":2},1.000000,0.000000,0.000000,0.000000,1.000000,0.000000,-1.000000
0.042403057,5,160,union,1024,7,1.000000,1.000000,1.000000,{"1":7},1.000000,0.000000,0.000000,0.000000,1.000000,0.000000,-1.000000
0.042403057,5,160,snapshot,1024,24,1.000000,1.000000,1.000000,{"1":24},1.000000,0.000000,0.000000,0.000000,1.000000,0.000000,-1.000000
0.042403057,5,160,read_only,4096,2,1.000000,1.000000,1.000000,{"1":2},1.000000,0.000000,0.000000,0.000000,1.000000,0.000000,-1.000000
0.042403057,5,160,union,4096,7,1.000000,1.000000,1.000000,{"1":7},1.000000,0.000000,0.000000,0.000000,1.000000,0.000000,-1.000000
0.042403057,5,160,snapshot,4096,24,1.000000,1.000000,1.000000,{"1":24},1.000000,0.000000,0.000000,0.000000,1.000000,0.000000,-1.000000
0.042403057,5,160,read_only,16384,2,1.000000,1.000000,1.000000,{"1":2},1.000000,0.000000,0.000000,0.000000,1.000000,0.000000,-1.000000
0.042403057,5,160,union,16384,7,1.000000,1.000000,1.000000,{"1":7},1.000000,0.000000,0.000000,0.000000,1.000000,0.000000,-1.000000
0.042403057,5,160,snapshot,16384,24,1.000000,1.000000,1.000000,{"1":24},1.000000,0.000000,0.000000,0.000000,1.000000,0.000000,-1.000000
0.042677960,5,161,snapshot,64,24,1.000000,1.000000,1.000000,{"1":24},1.000000,0.000000,0.000000,0.000000,1.000000,0.000000,-1.000000
0.042677960,5,161,snapshot,256,24,1.000000,1.000000,1.000000,{"1":24},1.000000,0.000000,0.000000,0.000000,1.000000,0.000000,-1.000000
0.042677960,5,161,snapshot,1024,24,1.000000,1.000000,1.000000,{"1":24},1.000000,0.000000,0.000000,0.000000,1.000000,0.000000,-1.000000
0.042677960,5,161,snapshot,4096,24,1.000000,1.000000,1.000000,{"1":24},1.000000,0.000000,0.000000,0.000000,1.000000,0.000000,-1.000000
0.042677960,5,161,snapshot,16384,24,1.000000,1.000000,1.000000,{"1":24},1.000000,0.000000,0.000000,0.000000,1.000000,0.000000,-1.000000
0.042949350,5,162,read_only,64,1,1.000000,1.000000,1.000000,{"1":1},1.000000,0.000000,0.000000,0.000000,1.000000,0.000000,-1.000000
0.042949350,5,162,union,64,1,1.000000,1.000000,1.000000,{"1":1},1.000000,0.000000,0.000000,0.000000,1.000000,0.000000,-1.000000
0.042949350,5,162,snapshot,64,25,1.000000,1.000000,1.000000,{"1":25},1.000000,0.000000,0.000000,0.000000,1.000000,0.000000,-1.000000
0.042949350,5,162,read_only,256,1,1.000000,1.000000,1.000000,{"1":1},1.000000,0.000000,0.000000,0.000000,1.000000,0.000000,-1.000000
0.042949350,5,162,union,256,1,1.000000,1.000000,1.000000,{"1":1},1.000000,0.000000,0.000000,0.000000,1.000000,0.000000,-1.000000
0.042949350,5,162,snapshot,256,25,1.000000,1.000000,1.000000,{"1":25},1.000000,0.000000,0.000000,0.000000,1.000000,0.000000,-1.000000
0.042949350,5,162,read_only,1024,1,1.000000,1.000000,1.000000,{"1":1},1.000000,0.000000,0.000000,0.000000,1.000000,0.000000,-1.000000
0.042949350,5,162,union,1024,1,1.000000,1.000000,1.000000,{"1":1},1.000000,0.000000,0.000000,0.000000,1.000000,0.000000,-1.000000
0.042949350,5,162,snapshot,1024,25,1.000000,1.000000,1.000000,{"1":25},1.000000,0.000000,0.000000,0.000000,1.000000,0.000000,-1.000000
0.042949350,5,162,read_only,4096,1,1.000000,1.000000,1.000000,{"1":1},1.000000,0.000000,0.000000,0.000000,1.000000,0.000000,-1.000000
0.042949350,5,162,union,4096,1,1.000000,1.000000,1.000000,{"1":1},1.000000,0.000000,0.000000,0.000000,1.000000,0.000000,-1.000000
0.042949350,5,162,snapshot,4096,25,1.000000,1.000000,1.000000,{"1":25},1.000000,0.000000,0.000000,0.000000,1.000000,0.000000,-1.000000
0.042949350,5,162,read_only,16384,1,1.000000,1.000000,1.000000,{"1":1},1.000000,0.000000,0.000000,0.000000,1.000000,0.000000,-1.000000
0.042949350,5,162,union,16384,1,1.000000,1.000000,1.000000,{"1":1},1.000000,0.000000,0.000000,0.000000,1.000000,0.000000,-1.000000
0.042949350,5,162,snapshot,16384,25,1.000000,1.000000,1.000000,{"1":25},1.000000,0.000000,0.000000,0.000000,1.000000,0.000000,-1.000000
0.043237761,5,163,read_only,64,8,1.000000,1.000000,1.000000,{"1":8},1.000000,0.000000,0.000000,0.000000,1.000000,0.000000,-1.000000
0.043237761,5,163,union,64,8,1.000000,1.000000,1.000000,{"1":8},1.000000,0.000000,0.000000,0.000000,1.000000,0.000000,-1.000000
0.043237761,5,163,snapshot,64,6,1.000000,1.000000,1.000000,{"1":6},1.000000,0.000000,0.000000,0.000000,1.000000,0.000000,-1.000000
0.043237761,5,163,read_only,256,8,1.000000,1.000000,1.000000,{"1":8},1.000000,0.000000,0.000000,0.000000,1.000000,0.000000,-1.000000
0.043237761,5,163,union,256,8,1.000000,1.000000,1.000000,{"1":8},1.000000,0.000000,0.000000,0.000000,1.000000,0.000000,-1.000000
0.043237761,5,163,snapshot,256,6,1.000000,1.000000,1.000000,{"1":6},1.000000,0.000000,0.000000,0.000000,1.000000,0.000000,-1.000000
0.043237761,5,163,read_only,1024,8,1.000000,1.000000,1.000000,{"1":8},1.000000,0.000000,0.000000,0.000000,1.000000,0.000000,-1.000000
0.043237761,5,163,union,1024,8,1.000000,1.000000,1.000000,{"1":8},1.000000,0.000000,0.000000,0.000000,1.000000,0.000000,-1.000000
0.043237761,5,163,snapshot,1024,6,1.000000,1.000000,1.000000,{"1":6},1.000000,0.000000,0.000000,0.000000,1.000000,0.000000,-1.000000
0.043237761,5,163,read_only,4096,8,1.000000,1.000000,1.000000,{"1":8},1.000000,0.000000,0.000000,0.000000,1.000000,0.000000,-1.000000
0.043237761,5,163,union,4096,8,1.000000,1.000000,1.000000,{"1":8},1.000000,0.000000,0.000000,0.000000,1.000000,0.000000,-1.000000
0.043237761,5,163,snapshot,4096,6,1.000000,1.000000,1.000000,{"1":6},1.000000,0.000000,0.000000,0.000000,1.000000,0.000000,-1.000000
0.043237761,5,163,read_only,16384,8,1.000000,1.000000,1.000000,{"1":8},1.000000,0.000000,0.000000,0.000000,1.000000,0.000000,-1.000000
0.043237761,5,163,union,16384,8,1.000000,1.000000,1.000000,{"1":8},1.000000,0.000000,0.000000,0.000000,1.000000,0.000000,-1.000000
0.043237761,5,163,snapshot,16384,6,1.000000,1.000000,1.000000,{"1":6},1.000000,0.000000,0.000000,0.000000,1.000000,0.000000,-1.000000
0.043475325,5,164,read_only,64,6,1.000000,1.000000,1.000000,{"1":6},1.000000,0.000000,0.000000,0.000000,1.000000,0.000000,-1.000000
0.043475325,5,164,union,64,8,1.000000,1.000000,1.000000,{"1":8},1.000000,0.000000,0.000000,0.000000,1.000000,0.000000,-1.000000
0.043475325,5,164,snapshot,64,14,1.000000,1.000000,1.000000,{"1":14},1.000000,0.000000,0.000000,0.000000,1.000000,0.000000,-1.000000
0.043475325,5,164,read_only,256,6,1.000000,1.000000,1.000000,{"1":6},1.000000,0.000000,0.000000,0.000000,1.000000,0.000000,-1.000000
0.043475325,5,164,union,256,8,1.000000,1.000000,1.000000,{"1":8},1.000000,0.000000,0.000000,0.000000,1.000000,0.000000,-1.000000
0.043475325,5,164,snapshot,256,14,1.000000,1.000000,1.000000,{"1":14},1.000000,0.000000,0.000000,0.000000,1.000000,0.000000,-1.000000
0.043475325,5,164,read_only,1024,6,1.000000,1.000000,1.000000,{"1":6},1.000000,0.000000,0.000000,0.000000,1.000000,0.000000,-1.000000
0.043475325,5,164,union,1024,8,1.000000,1.000000,1.000000,{"1":8},1.000000,0.000000,0.000000,0.000000,1.000000,0.000000,-1.000000
0.043475325,5,164,snapshot,1024,14,1.000000,1.000000,1.000000,{"1":14},1.000000,0.000000,0.000000,0.000000,1.000000,0.000000,-1.000000
0.043475325,5,164,read_only,4096,6,1.000000,1.000000,1.000000,{"1":6},1.000000,0.000000,0.000000,0.000000,1.000000,0.000000,-1.000000
0.043475325,5,164,union,4096,8,1.000000,1.000000,1.000000,{"1":8},1.000000,0.000000,0.000000,0.000000,1.000000,0.000000,-1.000000
0.043475325,5,164,snapshot,4096,14,1.000000,1.000000,1.000000,{"1":14},1.000000,0.000000,0.000000,0.000000,1.000000,0.000000,-1.000000
0.043475325,5,164,read_only,16384,6,1.000000,1.000000,1.000000,{"1":6},1.000000,0.000000,0.000000,0.000000,1.000000,0.000000,-1.000000
0.043475325,5,164,union,16384,8,1.000000,1.000000,1.000000,{"1":8},1.000000,0.000000,0.000000,0.000000,1.000000,0.000000,-1.000000
0.043475325,5,164,snapshot,16384,14,1.000000,1.000000,1.000000,{"1":14},1.000000,0.000000,0.000000,0.000000,1.000000,0.000000,-1.000000
0.043831022,5,165,read_only,64,6,1.000000,1.000000,1.000000,{"1":6},1.000000,0.000000,0.000000,0.000000,1.000000,0.000000,-1.000000
0.043831022,5,165,union,64,8,1.000000,1.000000,1.000000,{"1":8},1.000000,0.000000,0.000000,0.000000,1.000000,0.000000,-1.000000
0.043831022,5,165,snapshot,64,22,1.000000,1.000000,1.000000,{"1":22},1.000000,0.000000,0.000000,0.000000,1.000000,0.000000,-1.000000
0.043831022,5,165,read_only,256,6,1.000000,1.000000,1.000000,{"1":6},1.000000,0.000000,0.000000,0.000000,1.000000,0.000000,-1.000000
0.043831022,5,165,union,256,8,1.000000,1.000000,1.000000,{"1":8},1.000000,0.000000,0.000000,0.000000,1.000000,0.000000,-1.000000
0.043831022,5,165,snapshot,256,22,1.000000,1.000000,1.000000,{"1":22},1.000000,0.000000,0.000000,0.000000,1.000000,0.000000,-1.000000
0.043831022,5,165,read_only,1024,6,1.000000,1.000000,1.000000,{"1":6},1.000000,0.000000,0.000000,0.000000,1.000000,0.000000,-1.000000
0.043831022,5,165,union,1024,8,1.000000,1.000000,1.000000,{"1":8},1.000000,0.000000,0.000000,0.000000,1.000000,0.000000,-1.000000
0.043831022,5,165,snapshot,1024,22,1.000000,1.000000,1.000000,{"1":22},1.000000,0.000000,0.000000,0.000000,1.000000,0.000000,-1.000000
0.043831022,5,165,read_only,4096,6,1.000000,1.000000,1.000000,{"1":6},1.000000,0.000000,0.000000,0.000000,1.000000,0.000000,-1.000000
0.043831022,5,165,union,4096,8,1.000000,1.000000,1.000000,{"1":8},1.000000,0.000000,0.000000,0.000000,1.000000,0.000000,-1.000000
0.043831022,5,165,snapshot,4096,22,1.000000,1.000000,1.000000,{"1":22},1.000000,0.000000,0.000000,0.000000,1.000000,0.000000,-1.000000
0.043831022,5,165,read_only,16384,6,1.000000,1.000000,1.000000,{"1":6},1.000000,0.000000,0.000000,0.000000,1.000000,0.000000,-1.000000
0.043831022,5,165,union,16384,8,1.000000,1.000000,1.000000,{"1":8},1.000000,0.000000,0.000000,0.000000,1.000000,0.000000,-1.000000
0.043831022,5,165,snapshot,16384,22,1.000000,1.000000,1.000000,{"1":22},1.000000,0.000000,0.000000,0.000000,1.000000,0.000000,-1.000000
0.044172761,5,166,union,64,1,1.000000,1.000000,1.000000,{"1":1},1.000000,0.000000,0.000000,0.000000,1.000000,0.000000,-1.000000
0.044172761,5,166,snapshot,64,22,1.000000,1.000000,1.000000,{"1":22},1.000000,0.000000,0.000000,0.000000,1.000000,0.000000,-1.000000
0.044172761,5,166,union,256,1,1.000000,1.000000,1.000000,{"1":1},1.000000,0.000000,0.000000,0.000000,1.000000,0.000000,-1.000000
0.044172761,5,166,snapshot,256,22,1.000000,1.000000,1.000000,{"1":22},1.000000,0.000000,0.000000,0.000000,1.000000,0.000000,-1.000000
0.044172761,5,166,union,1024,1,1.000000,1.000000,1.000000,{"1":1},1.000000,0.000000,0.000000,0.000000,1.000000,0.000000,-1.000000
0.044172761,5,166,snapshot,1024,22,1.000000,1.000000,1.000000,{"1":22},1.000000,0.000000,0.000000,0.000000,1.000000,0.000000,-1.000000
0.044172761,5,166,union,4096,1,1.000000,1.000000,1.000000,{"1":1},1.000000,0.000000,0.000000,0.000000,1.000000,0.000000,-1.000000
0.044172761,5,166,snapshot,4096,22,1.000000,1.000000,1.000000,{"1":22},1.000000,0.000000,0.000000,0.000000,1.000000,0.000000,-1.000000
0.044172761,5,166,union,16384,1,1.000000,1.000000,1.000000,{"1":1},1.000000,0.000000,0.000000,0.000000,1.000000,0.000000,-1.000000
0.044172761,5,166,snapshot,16384,22,1.000000,1.000000,1.000000,{"1":22},1.000000,0.000000,0.000000,0.000000,1.000000,0.000000,-1.000000
0.044444962,5,167,snapshot,64,22,1.000000,1.000000,1.000000,{"1":22},1.000000,0.000000,0.000000,0.000000,1.000000,0.000000,-1.000000
0.044444962,5,167,snapshot,256,22,1.000000,1.000000,1.000000,{"1":22},1.000000,0.000000,0.000000,0.000000,1.000000,0.000000,-1.000000
0.044444962,5,167,snapshot,1024,22,1.000000,1.000000,1.000000,{"1":22},1.000000,0.000000,0.000000,0.000000,1.000000,0.000000,-1.000000
0.044444962,5,167,snapshot,4096,22,1.000000,1.000000,1.000000,{"1":22},1.000000,0.000000,0.000000,0.000000,1.000000,0.000000,-1.000000
0.044444962,5,167,snapshot,16384,22,1.000000,1.000000,1.000000,{"1":22},1.000000,0.000000,0.000000,0.000000,1.000000,0.000000,-1.000000
0.044707679,5,168,snapshot,64,22,1.000000,1.000000,1.000000,{"1":22},1.000000,0.000000,0.000000,0.000000,1.000000,0.000000,-1.000000
0.044707679,5,168,snapshot,256,22,1.000000,1.000000,1.000000,{"1":22},1.000000,0.000000,0.000000,0.000000,1.000000,0.000000,-1.000000
0.044707679,5,168,snapshot,1024,22,1.000000,1.000000,1.000000,{"1":22},1.000000,0.000000,0.000000,0.000000,1.000000,0.000000,-1.000000
0.044707679,5,168,snapshot,4096,22,1.000000,1.000000,1.000000,{"1":22},1.000000,0.000000,0.000000,0.000000,1.000000,0.000000,-1.000000
0.044707679,5,168,snapshot,16384,22,1.000000,1.000000,1.000000,{"1":22},1.000000,0.000000,0.000000,0.000000,1.000000,0.000000,-1.000000
0.045000611,5,169,read_only,64,1,1.000000,1.000000,1.000000,{"1":1},1.000000,0.000000,0.000000,0.000000,1.000000,0.000000,-1.000000
0.045000611,5,169,union,64,1,1.000000,1.000000,1.000000,{"1":1},1.000000,0.000000,0.000000,0.000000,1.000000,0.000000,-1.000000
0.045000611,5,169,snapshot,64,23,1.000000,1.000000,1.000000,{"1":23},1.000000,0.000000,0.000000,0.000000,1.000000,0.000000,-1.000000
0.045000611,5,169,read_only,256,1,1.000000,1.000000,1.000000,{"1":1},1.000000,0.000000,0.000000,0.000000,1.000000,0.000000,-1.000000
0.045000611,5,169,union,256,1,1.000000,1.000000,1.000000,{"1":1},1.000000,0.000000,0.000000,0.000000,1.000000,0.000000,-1.000000
0.045000611,5,169,snapshot,256,23,1.000000,1.000000,1.000000,{"1":23},1.000000,0.000000,0.000000,0.000000,1.000000,0.000000,-1.000000
0.045000611,5,169,read_only,1024,1,1.000000,1.000000,1.000000,{"1":1},1.000000,0.000000,0.000000,0.000000,1.000000,0.000000,-1.000000
0.045000611,5,169,union,1024,1,1.000000,1.000000,1.000000,{"1":1},1.000000,0.000000,0.000000,0.000000,1.000000,0.000000,-1.000000
0.045000611,5,169,snapshot,1024,23,1.000000,1.000000,1.000000,{"1":23},1.000000,0.000000,0.000000,0.000000,1.000000,0.000000,-1.000000
0.045000611,5,169,read_only,4096,1,1.000000,1.000000,1.000000,{"1":1},1.000000,0.000000,0.000000,0.000000,1.000000,0.000000,-1.000000
0.045000611,5,169,union,4096,1,1.000000,1.000000,1.000000,{"1":1},1.000000,0.000000,0.000000,0.000000,1.000000,0.000000,-1.000000
0.045000611,5,169,snapshot,4096,23,1.000000,1.000000,1.000000,{"1":23},1.000000,0.000000,0.000000,0.000000,1.000000,0.000000,-1.000000
0.045000611,5,169,read_only,16384,1,1.000000,1.000000,1.000000,{"1":1},1.000000,0.000000,0.000000,0.000000,1.000000,0.000000,-1.000000
0.045000611,5,169,union,16384,1,1.000000,1.000000,1.000000,{"1":1},1.000000,0.000000,0.000000,0.000000,1.000000,0.000000,-1.000000
0.045000611,5,169,snapshot,16384,23,1.000000,1.000000,1.000000,{"1":23},1.000000,0.000000,0.000000,0.000000,1.000000,0.000000,-1.000000
0.045332312,5,170,snapshot,64,23,1.000000,1.000000,1.000000,{"1":23},1.000000,0.000000,0.000000,0.000000,1.000000,0.000000,-1.000000
0.045332312,5,170,snapshot,256,23,1.000000,1.000000,1.000000,{"1":23},1.000000,0.000000,0.000000,0.000000,1.000000,0.000000,-1.000000
0.045332312,5,170,snapshot,1024,23,1.000000,1.000000,1.000000,{"1":23},1.000000,0.000000,0.000000,0.000000,1.000000,0.000000,-1.000000
0.045332312,5,170,snapshot,4096,23,1.000000,1.000000,1.000000,{"1":23},1.000000,0.000000,0.000000,0.000000,1.000000,0.000000,-1.000000
0.045332312,5,170,snapshot,16384,23,1.000000,1.000000,1.000000,{"1":23},1.000000,0.000000,0.000000,0.000000,1.000000,0.000000,-1.000000
0.045577975,5,171,read_only,64,13,1.000000,1.000000,1.000000,{"1":11,"2":2},0.846154,0.153846,0.000000,0.000000,0.846154,0.153846,1.000000
0.045577975,5,171,union,64,14,1.000000,1.000000,1.000000,{"1":12,"2":2},0.857143,0.142857,0.000000,0.000000,0.857143,0.142857,1.000000
0.045577975,5,171,snapshot,64,37,1.000000,1.000000,1.000000,{"1":35,"2":2},0.945946,0.054054,0.000000,0.000000,0.945946,0.054054,1.000000
0.045577975,5,171,read_only,256,13,1.000000,1.000000,1.000000,{"1":11,"2":2},0.846154,0.153846,0.000000,0.000000,0.846154,0.153846,1.000000
0.045577975,5,171,union,256,14,1.000000,1.000000,1.000000,{"1":12,"2":2},0.857143,0.142857,0.000000,0.000000,0.857143,0.142857,1.000000
0.045577975,5,171,snapshot,256,37,1.000000,1.000000,1.000000,{"1":35,"2":2},0.945946,0.054054,0.000000,0.000000,0.945946,0.054054,1.000000
0.045577975,5,171,read_only,1024,13,1.000000,1.000000,1.000000,{"1":11,"2":2},0.846154,0.153846,0.000000,0.000000,0.846154,0.153846,1.000000
0.045577975,5,171,union,1024,14,1.000000,1.000000,1.000000,{"1":12,"2":2},0.857143,0.142857,0.000000,0.000000,0.857143,0.142857,1.000000
0.045577975,5,171,snapshot,1024,37,1.000000,1.000000,1.000000,{"1":35,"2":2},0.945946,0.054054,0.000000,0.000000,0.945946,0.054054,1.000000
0.045577975,5,171,read_only,4096,13,1.000000,1.000000,1.000000,{"1":11,"2":2},0.846154,0.153846,0.000000,0.000000,0.846154,0.153846,1.000000
0.045577975,5,171,union,4096,14,1.000000,1.000000,1.000000,{"1":12,"2":2},0.857143,0.142857,0.000000,0.000000,0.857143,0.142857,1.000000
0.045577975,5,171,snapshot,4096,37,1.000000,1.000000,1.000000,{"1":35,"2":2},0.945946,0.054054,0.000000,0.000000,0.945946,0.054054,1.000000
0.045577975,5,171,read_only,16384,13,1.000000,1.000000,1.000000,{"1":11,"2":2},0.846154,0.153846,0.000000,0.000000,0.846154,0.153846,1.000000
0.045577975,5,171,union,16384,14,1.000000,1.000000,1.000000,{"1":12,"2":2},0.857143,0.142857,0.000000,0.000000,0.857143,0.142857,1.000000
0.045577975,5,171,snapshot,16384,37,1.000000,1.000000,1.000000,{"1":35,"2":2},0.945946,0.054054,0.000000,0.000000,0.945946,0.054054,1.000000
0.045820901,5,172,union,64,2,1.000000,1.000000,1.000000,{"1":2},1.000000,0.000000,0.000000,0.000000,1.000000,0.000000,-1.000000
0.045820901,5,172,snapshot,64,37,1.000000,1.000000,1.000000,{"1":36,"2":1},0.972973,0.027027,0.000000,0.000000,0.972973,0.027027,1.000000
0.045820901,5,172,union,256,2,1.000000,1.000000,1.000000,{"1":2},1.000000,0.000000,0.000000,0.000000,1.000000,0.000000,-1.000000
0.045820901,5,172,snapshot,256,37,1.000000,1.000000,1.000000,{"1":36,"2":1},0.972973,0.027027,0.000000,0.000000,0.972973,0.027027,1.000000
0.045820901,5,172,union,1024,2,1.000000,1.000000,1.000000,{"1":2},1.000000,0.000000,0.000000,0.000000,1.000000,0.000000,-1.000000
0.045820901,5,172,snapshot,1024,37,1.000000,1.000000,1.000000,{"1":36,"2":1},0.972973,0.027027,0.000000,0.000000,0.972973,0.027027,1.000000
0.045820901,5,172,union,4096,2,1.000000,1.000000,1.000000,{"1":2},1.000000,0.000000,0.000000,0.000000,1.000000,0.000000,-1.000000
0.045820901,5,172,snapshot,4096,37,1.000000,1.000000,1.000000,{"1":36,"2":1},0.972973,0.027027,0.000000,0.000000,0.972973,0.027027,1.000000
0.045820901,5,172,union,16384,2,1.000000,1.000000,1.000000,{"1":2},1.000000,0.000000,0.000000,0.000000,1.000000,0.000000,-1.000000
0.045820901,5,172,snapshot,16384,37,1.000000,1.000000,1.000000,{"1":36,"2":1},0.972973,0.027027,0.000000,0.000000,0.972973,0.027027,1.000000
0.046059857,5,173,read_only,64,3,1.000000,1.000000,1.000000,{"1":2,"2":1},0.666667,0.333333,0.000000,0.000000,0.666667,0.333333,1.000000
0.046059857,5,173,union,64,6,1.000000,1.000000,1.000000,{"1":5,"2":1},0.833333,0.166667,0.000000,0.000000,0.833333,0.166667,1.000000
0.046059857,5,173,snapshot,64,42,1.000000,1.000000,1.000000,{"1":41,"2":1},0.976190,0.023810,0.000000,0.000000,0.976190,0.023810,1.000000
0.046059857,5,173,read_only,256,3,1.000000,1.000000,1.000000,{"1":2,"2":1},0.666667,0.333333,0.000000,0.000000,0.666667,0.333333,1.000000
0.046059857,5,173,union,256,6,1.000000,1.000000,1.000000,{"1":5,"2":1},0.833333,0.166667,0.000000,0.000000,0.833333,0.166667,1.000000
0.046059857,5,173,snapshot,256,42,1.000000,1.000000,1.000000,{"1":41,"2":1},0.976190,0.023810,0.000000,0.000000,0.976190,0.023810,1.000000
0.046059857,5,173,read_only,1024,3,1.000000,1.000000,1.000000,{"1":2,"2":1},0.666667,0.333333,0.000000,0.000000,0.666667,0.333333,1.000000
0.046059857,5,173,union,1024,6,1.000000,1.000000,1.000000,{"1":5,"2":1},0.833333,0.166667,0.000000,0.000000,0.833333,0.166667,1.000000
0.046059857,5,173,snapshot,1024,42,1.000000,1.000000,1.000000,{"1":41,"2":1},0.976190,0.023810,0.000000,0.000000,0.976190,0.023810,1.000000
0.046059857,5,173,read_only,4096,3,1.000000,1.000000,1.000000,{"1":2,"2":1},0.666667,0.333333,0.000000,0.000000,0.666667,0.333333,1.000000
0.046059857,5,173,union,4096,6,1.000000,1.000000,1.000000,{"1":5,"2":1},0.833333,0.166667,0.000000,0.000000,0.833333,0.166667,1.000000
0.046059857,5,173,snapshot,4096,42,1.000000,1.000000,1.000000,{"1":41,"2":1},0.976190,0.023810,0.000000,0.000000,0.976190,0.023810,1.000000
0.046059857,5,173,read_only,16384,3,1.000000,1.000000,1.000000,{"1":2,"2":1},0.666667,0.333333,0.000000,0.000000,0.666667,0.333333,1.000000
0.046059857,5,173,union,16384,6,1.000000,1.000000,1.000000,{"1":5,"2":1},0.833333,0.166667,0.000000,0.000000,0.833333,0.166667,1.000000
0.046059857,5,173,snapshot,16384,42,1.000000,1.000000,1.000000,{"1":41,"2":1},0.976190,0.023810,0.000000,0.000000,0.976190,0.023810,1.000000
