sim_time,gpu_id,kernel_id,view,region_size_bytes,num_regions_with_entries,strict_coalescable_ratio,avg_relaxed_ratio,full_redundant_ratio,sharer_set_cardinality_dist_json,reg_card1_ratio,reg_card2_ratio,reg_card3_ratio,reg_card4plus_ratio,coalescable_private_ratio,coalescable_shared_ratio,shared_only_strict_ratio
0.000423699,4,0,union,64,2,1.000000,1.000000,1.000000,{"1":2},1.000000,0.000000,0.000000,0.000000,1.000000,0.000000,-1.000000
0.000423699,4,0,snapshot,64,2,1.000000,1.000000,1.000000,{"1":2},1.000000,0.000000,0.000000,0.000000,1.000000,0.000000,-1.000000
0.000423699,4,0,union,256,2,1.000000,1.000000,1.000000,{"1":2},1.000000,0.000000,0.000000,0.000000,1.000000,0.000000,-1.000000
0.000423699,4,0,snapshot,256,2,1.000000,1.000000,1.000000,{"1":2},1.000000,0.000000,0.000000,0.000000,1.000000,0.000000,-1.000000
0.000423699,4,0,union,1024,2,1.000000,1.000000,1.000000,{"1":2},1.000000,0.000000,0.000000,0.000000,1.000000,0.000000,-1.000000
0.000423699,4,0,snapshot,1024,2,1.000000,1.000000,1.000000,{"1":2},1.000000,0.000000,0.000000,0.000000,1.000000,0.000000,-1.000000
0.000423699,4,0,union,4096,2,1.000000,1.000000,1.000000,{"1":2},1.000000,0.000000,0.000000,0.000000,1.000000,0.000000,-1.000000
0.000423699,4,0,snapshot,4096,2,1.000000,1.000000,1.000000,{"1":2},1.000000,0.000000,0.000000,0.000000,1.000000,0.000000,-1.000000
0.000423699,4,0,union,16384,2,1.000000,1.000000,1.000000,{"1":2},1.000000,0.000000,0.000000,0.000000,1.000000,0.000000,-1.000000
0.000423699,4,0,snapshot,16384,2,1.000000,1.000000,1.000000,{"1":2},1.000000,0.000000,0.000000,0.000000,1.000000,0.000000,-1.000000
0.000656012,4,1,snapshot,64,2,1.000000,1.000000,1.000000,{"1":2},1.000000,0.000000,0.000000,0.000000,1.000000,0.000000,-1.000000
0.000656012,4,1,snapshot,256,2,1.000000,1.000000,1.000000,{"1":2},1.000000,0.000000,0.000000,0.000000,1.000000,0.000000,-1.000000
0.000656012,4,1,snapshot,1024,2,1.000000,1.000000,1.000000,{"1":2},1.000000,0.000000,0.000000,0.000000,1.000000,0.000000,-1.000000
0.000656012,4,1,snapshot,4096,2,1.000000,1.000000,1.000000,{"1":2},1.000000,0.000000,0.000000,0.000000,1.000000,0.000000,-1.000000
0.000656012,4,1,snapshot,16384,2,1.000000,1.000000,1.000000,{"1":2},1.000000,0.000000,0.000000,0.000000,1.000000,0.000000,-1.000000
0.000944002,4,2,snapshot,64,2,1.000000,1.000000,1.000000,{"1":2},1.000000,0.000000,0.000000,0.000000,1.000000,0.000000,-1.000000
0.000944002,4,2,snapshot,256,2,1.000000,1.000000,1.000000,{"1":2},1.000000,0.000000,0.000000,0.000000,1.000000,0.000000,-1.000000
0.000944002,4,2,snapshot,1024,2,1.000000,1.000000,1.000000,{"1":2},1.000000,0.000000,0.000000,0.000000,1.000000,0.000000,-1.000000
0.000944002,4,2,snapshot,4096,2,1.000000,1.000000,1.000000,{"1":2},1.000000,0.000000,0.000000,0.000000,1.000000,0.000000,-1.000000
0.000944002,4,2,snapshot,16384,2,1.000000,1.000000,1.000000,{"1":2},1.000000,0.000000,0.000000,0.000000,1.000000,0.000000,-1.000000
0.001172740,4,3,snapshot,64,2,1.000000,1.000000,1.000000,{"1":2},1.000000,0.000000,0.000000,0.000000,1.000000,0.000000,-1.000000
0.001172740,4,3,snapshot,256,2,1.000000,1.000000,1.000000,{"1":2},1.000000,0.000000,0.000000,0.000000,1.000000,0.000000,-1.000000
0.001172740,4,3,snapshot,1024,2,1.000000,1.000000,1.000000,{"1":2},1.000000,0.000000,0.000000,0.000000,1.000000,0.000000,-1.000000
0.001172740,4,3,snapshot,4096,2,1.000000,1.000000,1.000000,{"1":2},1.000000,0.000000,0.000000,0.000000,1.000000,0.000000,-1.000000
0.001172740,4,3,snapshot,16384,2,1.000000,1.000000,1.000000,{"1":2},1.000000,0.000000,0.000000,0.000000,1.000000,0.000000,-1.000000
0.001408307,4,4,read_only,64,2,1.000000,1.000000,1.000000,{"1":2},1.000000,0.000000,0.000000,0.000000,1.000000,0.000000,-1.000000
0.001408307,4,4,union,64,3,1.000000,1.000000,1.000000,{"1":3},1.000000,0.000000,0.000000,0.000000,1.000000,0.000000,-1.000000
0.001408307,4,4,snapshot,64,5,1.000000,1.000000,1.000000,{"1":5},1.000000,0.000000,0.000000,0.000000,1.000000,0.000000,-1.000000
0.001408307,4,4,read_only,256,2,1.000000,1.000000,1.000000,{"1":2},1.000000,0.000000,0.000000,0.000000,1.000000,0.000000,-1.000000
0.001408307,4,4,union,256,3,1.000000,1.000000,1.000000,{"1":3},1.000000,0.000000,0.000000,0.000000,1.000000,0.000000,-1.000000
0.001408307,4,4,snapshot,256,5,1.000000,1.000000,1.000000,{"1":5},1.000000,0.000000,0.000000,0.000000,1.000000,0.000000,-1.000000
0.001408307,4,4,read_only,1024,2,1.000000,1.000000,1.000000,{"1":2},1.000000,0.000000,0.000000,0.000000,1.000000,0.000000,-1.000000
0.001408307,4,4,union,1024,3,1.000000,1.000000,1.000000,{"1":3},1.000000,0.000000,0.000000,0.000000,1.000000,0.000000,-1.000000
0.001408307,4,4,snapshot,1024,5,1.000000,1.000000,1.000000,{"1":5},1.000000,0.000000,0.000000,0.000000,1.000000,0.000000,-1.000000
0.001408307,4,4,read_only,4096,2,1.000000,1.000000,1.000000,{"1":2},1.000000,0.000000,0.000000,0.000000,1.000000,0.000000,-1.000000
0.001408307,4,4,union,4096,3,1.000000,1.000000,1.000000,{"1":3},1.000000,0.000000,0.000000,0.000000,1.000000,0.000000,-1.000000
0.001408307,4,4,snapshot,4096,5,1.000000,1.000000,1.000000,{"1":5},1.000000,0.000000,0.000000,0.000000,1.000000,0.000000,-1.000000
0.001408307,4,4,read_only,16384,2,1.000000,1.000000,1.000000,{"1":2},1.000000,0.000000,0.000000,0.000000,1.000000,0.000000,-1.000000
0.001408307,4,4,union,16384,3,1.000000,1.000000,1.000000,{"1":3},1.000000,0.000000,0.000000,0.000000,1.000000,0.000000,-1.000000
0.001408307,4,4,snapshot,16384,5,1.000000,1.000000,1.000000,{"1":5},1.000000,0.000000,0.000000,0.000000,1.000000,0.000000,-1.000000
0.001642821,4,5,snapshot,64,5,1.000000,1.000000,1.000000,{"1":5},1.000000,0.000000,0.000000,0.000000,1.000000,0.000000,-1.000000
0.001642821,4,5,snapshot,256,5,1.000000,1.000000,1.000000,{"1":5},1.000000,0.000000,0.000000,0.000000,1.000000,0.000000,-1.000000
0.001642821,4,5,snapshot,1024,5,1.000000,1.000000,1.000000,{"1":5},1.000000,0.000000,0.000000,0.000000,1.000000,0.000000,-1.000000
0.001642821,4,5,snapshot,4096,5,1.000000,1.000000,1.000000,{"1":5},1.000000,0.000000,0.000000,0.000000,1.000000,0.000000,-1.000000
0.001642821,4,5,snapshot,16384,5,1.000000,1.000000,1.000000,{"1":5},1.000000,0.000000,0.000000,0.000000,1.000000,0.000000,-1.000000
0.002661067,4,6,read_only,64,1,1.000000,1.000000,1.000000,{"1":1},1.000000,0.000000,0.000000,0.000000,1.000000,0.000000,-1.000000
0.002661067,4,6,union,64,1,1.000000,1.000000,1.000000,{"1":1},1.000000,0.000000,0.000000,0.000000,1.000000,0.000000,-1.000000
0.002661067,4,6,snapshot,64,6,1.000000,1.000000,1.000000,{"1":6},1.000000,0.000000,0.000000,0.000000,1.000000,0.000000,-1.000000
0.002661067,4,6,read_only,256,1,1.000000,1.000000,1.000000,{"1":1},1.000000,0.000000,0.000000,0.000000,1.000000,0.000000,-1.000000
0.002661067,4,6,union,256,1,1.000000,1.000000,1.000000,{"1":1},1.000000,0.000000,0.000000,0.000000,1.000000,0.000000,-1.000000
0.002661067,4,6,snapshot,256,6,1.000000,1.000000,1.000000,{"1":6},1.000000,0.000000,0.000000,0.000000,1.000000,0.000000,-1.000000
0.002661067,4,6,read_only,1024,1,1.000000,1.000000,1.000000,{"1":1},1.000000,0.000000,0.000000,0.000000,1.000000,0.000000,-1.000000
0.002661067,4,6,union,1024,1,1.000000,1.000000,1.000000,{"1":1},1.000000,0.000000,0.000000,0.000000,1.000000,0.000000,-1.000000
0.002661067,4,6,snapshot,1024,6,1.000000,1.000000,1.000000,{"1":6},1.000000,0.000000,0.000000,0.000000,1.000000,0.000000,-1.000000
0.002661067,4,6,read_only,4096,1,1.000000,1.000000,1.000000,{"1":1},1.000000,0.000000,0.000000,0.000000,1.000000,0.000000,-1.000000
0.002661067,4,6,union,4096,1,1.000000,1.000000,1.000000,{"1":1},1.000000,0.000000,0.000000,0.000000,1.000000,0.000000,-1.000000
0.002661067,4,6,snapshot,4096,6,1.000000,1.000000,1.000000,{"1":6},1.000000,0.000000,0.000000,0.000000,1.000000,0.000000,-1.000000
0.002661067,4,6,read_only,16384,1,1.000000,1.000000,1.000000,{"1":1},1.000000,0.000000,0.000000,0.000000,1.000000,0.000000,-1.000000
0.002661067,4,6,union,16384,1,1.000000,1.000000,1.000000,{"1":1},1.000000,0.000000,0.000000,0.000000,1.000000,0.000000,-1.000000
0.002661067,4,6,snapshot,16384,6,1.000000,1.000000,1.000000,{"1":6},1.000000,0.000000,0.000000,0.000000,1.000000,0.000000,-1.000000
0.002895905,4,7,snapshot,64,6,1.000000,1.000000,1.000000,{"1":6},1.000000,0.000000,0.000000,0.000000,1.000000,0.000000,-1.000000
0.002895905,4,7,snapshot,256,6,1.000000,1.000000,1.000000,{"1":6},1.000000,0.000000,0.000000,0.000000,1.000000,0.000000,-1.000000
0.002895905,4,7,snapshot,1024,6,1.000000,1.000000,1.000000,{"1":6},1.000000,0.000000,0.000000,0.000000,1.000000,0.000000,-1.000000
0.002895905,4,7,snapshot,4096,6,1.000000,1.000000,1.000000,{"1":6},1.000000,0.000000,0.000000,0.000000,1.000000,0.000000,-1.000000
0.002895905,4,7,snapshot,16384,6,1.000000,1.000000,1.000000,{"1":6},1.000000,0.000000,0.000000,0.000000,1.000000,0.000000,-1.000000
0.003129408,4,8,snapshot,64,6,1.000000,1.000000,1.000000,{"1":6},1.000000,0.000000,0.000000,0.000000,1.000000,0.000000,-1.000000
0.003129408,4,8,snapshot,256,6,1.000000,1.000000,1.000000,{"1":6},1.000000,0.000000,0.000000,0.000000,1.000000,0.000000,-1.000000
0.003129408,4,8,snapshot,1024,6,1.000000,1.000000,1.000000,{"1":6},1.000000,0.000000,0.000000,0.000000,1.000000,0.000000,-1.000000
0.003129408,4,8,snapshot,4096,6,1.000000,1.000000,1.000000,{"1":6},1.000000,0.000000,0.000000,0.000000,1.000000,0.000000,-1.000000
0.003129408,4,8,snapshot,16384,6,1.000000,1.000000,1.000000,{"1":6},1.000000,0.000000,0.000000,0.000000,1.000000,0.000000,-1.000000
0.003366730,4,9,read_only,64,2,1.000000,1.000000,1.000000,{"1":2},1.000000,0.000000,0.000000,0.000000,1.000000,0.000000,-1.000000
0.003366730,4,9,union,64,3,1.000000,1.000000,1.000000,{"1":3},1.000000,0.000000,0.000000,0.000000,1.000000,0.000000,-1.000000
0.003366730,4,9,snapshot,64,9,1.000000,1.000000,1.000000,{"1":9},1.000000,0.000000,0.000000,0.000000,1.000000,0.000000,-1.000000
0.003366730,4,9,read_only,256,2,1.000000,1.000000,1.000000,{"1":2},1.000000,0.000000,0.000000,0.000000,1.000000,0.000000,-1.000000
0.003366730,4,9,union,256,3,1.000000,1.000000,1.000000,{"1":3},1.000000,0.000000,0.000000,0.000000,1.000000,0.000000,-1.000000
0.003366730,4,9,snapshot,256,9,1.000000,1.000000,1.000000,{"1":9},1.000000,0.000000,0.000000,0.000000,1.000000,0.000000,-1.000000
0.003366730,4,9,read_only,1024,2,1.000000,1.000000,1.000000,{"1":2},1.000000,0.000000,0.000000,0.000000,1.000000,0.000000,-1.000000
0.003366730,4,9,union,1024,3,1.000000,1.000000,1.000000,{"1":3},1.000000,0.000000,0.000000,0.000000,1.000000,0.000000,-1.000000
0.003366730,4,9,snapshot,1024,9,1.000000,1.000000,1.000000,{"1":9},1.000000,0.000000,0.000000,0.000000,1.000000,0.000000,-1.000000
0.003366730,4,9,read_only,4096,2,1.000000,1.000000,1.000000,{"1":2},1.000000,0.000000,0.000000,0.000000,1.000000,0.000000,-1.000000
0.003366730,4,9,union,4096,3,1.000000,1.000000,1.000000,{"1":3},1.000000,0.000000,0.000000,0.000000,1.000000,0.000000,-1.000000
0.003366730,4,9,snapshot,4096,9,1.000000,1.000000,1.000000,{"1":9},1.000000,0.000000,0.000000,0.000000,1.000000,0.000000,-1.000000
0.003366730,4,9,read_only,16384,2,1.000000,1.000000,1.000000,{"1":2},1.000000,0.000000,0.000000,0.000000,1.000000,0.000000,-1.000000
0.003366730,4,9,union,16384,3,1.000000,1.000000,1.000000,{"1":3},1.000000,0.000000,0.000000,0.000000,1.000000,0.000000,-1.000000
0.003366730,4,9,snapshot,16384,9,1.000000,1.000000,1.000000,{"1":9},1.000000,0.000000,0.000000,0.000000,1.000000,0.000000,-1.000000
0.003614346,4,10,read_only,64,6,1.000000,1.000000,1.000000,{"1":6},1.000000,0.000000,0.000000,0.000000,1.000000,0.000000,-1.000000
0.003614346,4,10,union,64,7,1.000000,1.000000,1.000000,{"1":7},1.000000,0.000000,0.000000,0.000000,1.000000,0.000000,-1.000000
0.003614346,4,10,snapshot,64,16,1.000000,1.000000,1.000000,{"1":16},1.000000,0.000000,0.000000,0.000000,1.000000,0.000000,-1.000000
0.003614346,4,10,read_only,256,6,1.000000,1.000000,1.000000,{"1":6},1.000000,0.000000,0.000000,0.000000,1.000000,0.000000,-1.000000
0.003614346,4,10,union,256,7,1.000000,1.000000,1.000000,{"1":7},1.000000,0.000000,0.000000,0.000000,1.000000,0.000000,-1.000000
0.003614346,4,10,snapshot,256,16,1.000000,1.000000,1.000000,{"1":16},1.000000,0.000000,0.000000,0.000000,1.000000,0.000000,-1.000000
0.003614346,4,10,read_only,1024,6,1.000000,1.000000,1.000000,{"1":6},1.000000,0.000000,0.000000,0.000000,1.000000,0.000000,-1.000000
0.003614346,4,10,union,1024,7,1.000000,1.000000,1.000000,{"1":7},1.000000,0.000000,0.000000,0.000000,1.000000,0.000000,-1.000000
0.003614346,4,10,snapshot,1024,16,1.000000,1.000000,1.000000,{"1":16},1.000000,0.000000,0.000000,0.000000,1.000000,0.000000,-1.000000
0.003614346,4,10,read_only,4096,6,1.000000,1.000000,1.000000,{"1":6},1.000000,0.000000,0.000000,0.000000,1.000000,0.000000,-1.000000
0.003614346,4,10,union,4096,7,1.000000,1.000000,1.000000,{"1":7},1.000000,0.000000,0.000000,0.000000,1.000000,0.000000,-1.000000
0.003614346,4,10,snapshot,4096,16,1.000000,1.000000,1.000000,{"1":16},1.000000,0.000000,0.000000,0.000000,1.000000,0.000000,-1.000000
0.003614346,4,10,read_only,16384,6,1.000000,1.000000,1.000000,{"1":6},1.000000,0.000000,0.000000,0.000000,1.000000,0.000000,-1.000000
0.003614346,4,10,union,16384,7,1.000000,1.000000,1.000000,{"1":7},1.000000,0.000000,0.000000,0.000000,1.000000,0.000000,-1.000000
0.003614346,4,10,snapshot,16384,16,1.000000,1.000000,1.000000,{"1":16},1.000000,0.000000,0.000000,0.000000,1.000000,0.000000,-1.000000
0.003851607,4,11,snapshot,64,16,1.000000,1.000000,1.000000,{"1":16},1.000000,0.000000,0.000000,0.000000,1.000000,0.000000,-1.000000
0.003851607,4,11,snapshot,256,16,1.000000,1.000000,1.000000,{"1":16},1.000000,0.000000,0.000000,0.000000,1.000000,0.000000,-1.000000
0.003851607,4,11,snapshot,1024,16,1.000000,1.000000,1.000000,{"1":16},1.000000,0.000000,0.000000,0.000000,1.000000,0.000000,-1.000000
0.003851607,4,11,snapshot,4096,16,1.000000,1.000000,1.000000,{"1":16},1.000000,0.000000,0.000000,0.000000,1.000000,0.000000,-1.000000
0.003851607,4,11,snapshot,16384,16,1.000000,1.000000,1.000000,{"1":16},1.000000,0.000000,0.000000,0.000000,1.000000,0.000000,-1.000000
0.004085563,4,12,snapshot,64,16,1.000000,1.000000,1.000000,{"1":16},1.000000,0.000000,0.000000,0.000000,1.000000,0.000000,-1.000000
0.004085563,4,12,snapshot,256,16,1.000000,1.000000,1.000000,{"1":16},1.000000,0.000000,0.000000,0.000000,1.000000,0.000000,-1.000000
0.004085563,4,12,snapshot,1024,16,1.000000,1.000000,1.000000,{"1":16},1.000000,0.000000,0.000000,0.000000,1.000000,0.000000,-1.000000
0.004085563,4,12,snapshot,4096,16,1.000000,1.000000,1.000000,{"1":16},1.000000,0.000000,0.000000,0.000000,1.000000,0.000000,-1.000000
0.004085563,4,12,snapshot,16384,16,1.000000,1.000000,1.000000,{"1":16},1.000000,0.000000,0.000000,0.000000,1.000000,0.000000,-1.000000
0.004318914,4,13,snapshot,64,16,1.000000,1.000000,1.000000,{"1":16},1.000000,0.000000,0.000000,0.000000,1.000000,0.000000,-1.000000
0.004318914,4,13,snapshot,256,16,1.000000,1.000000,1.000000,{"1":16},1.000000,0.000000,0.000000,0.000000,1.000000,0.000000,-1.000000
0.004318914,4,13,snapshot,1024,16,1.000000,1.000000,1.000000,{"1":16},1.000000,0.000000,0.000000,0.000000,1.000000,0.000000,-1.000000
0.004318914,4,13,snapshot,4096,16,1.000000,1.000000,1.000000,{"1":16},1.000000,0.000000,0.000000,0.000000,1.000000,0.000000,-1.000000
0.004318914,4,13,snapshot,16384,16,1.000000,1.000000,1.000000,{"1":16},1.000000,0.000000,0.000000,0.000000,1.000000,0.000000,-1.000000
0.004728537,4,14,read_only,64,3,1.000000,1.000000,1.000000,{"1":3},1.000000,0.000000,0.000000,0.000000,1.000000,0.000000,-1.000000
0.004728537,4,14,union,64,3,1.000000,1.000000,1.000000,{"1":3},1.000000,0.000000,0.000000,0.000000,1.000000,0.000000,-1.000000
0.004728537,4,14,snapshot,64,19,1.000000,1.000000,1.000000,{"1":19},1.000000,0.000000,0.000000,0.000000,1.000000,0.000000,-1.000000
0.004728537,4,14,read_only,256,3,1.000000,1.000000,1.000000,{"1":3},1.000000,0.000000,0.000000,0.000000,1.000000,0.000000,-1.000000
0.004728537,4,14,union,256,3,1.000000,1.000000,1.000000,{"1":3},1.000000,0.000000,0.000000,0.000000,1.000000,0.000000,-1.000000
0.004728537,4,14,snapshot,256,19,1.000000,1.000000,1.000000,{"1":19},1.000000,0.000000,0.000000,0.000000,1.000000,0.000000,-1.000000
0.004728537,4,14,read_only,1024,3,1.000000,1.000000,1.000000,{"1":3},1.000000,0.000000,0.000000,0.000000,1.000000,0.000000,-1.000000
0.004728537,4,14,union,1024,3,1.000000,1.000000,1.000000,{"1":3},1.000000,0.000000,0.000000,0.000000,1.000000,0.000000,-1.000000
0.004728537,4,14,snapshot,1024,19,1.000000,1.000000,1.000000,{"1":19},1.000000,0.000000,0.000000,0.000000,1.000000,0.000000,-1.000000
0.004728537,4,14,read_only,4096,3,1.000000,1.000000,1.000000,{"1":3},1.000000,0.000000,0.000000,0.000000,1.000000,0.000000,-1.000000
0.004728537,4,14,union,4096,3,1.000000,1.000000,1.000000,{"1":3},1.000000,0.000000,0.000000,0.000000,1.000000,0.000000,-1.000000
0.004728537,4,14,snapshot,4096,19,1.000000,1.000000,1.000000,{"1":19},1.000000,0.000000,0.000000,0.000000,1.000000,0.000000,-1.000000
0.004728537,4,14,read_only,16384,3,1.000000,1.000000,1.000000,{"1":3},1.000000,0.000000,0.000000,0.000000,1.000000,0.000000,-1.000000
0.004728537,4,14,union,16384,3,1.000000,1.000000,1.000000,{"1":3},1.000000,0.000000,0.000000,0.000000,1.000000,0.000000,-1.000000
0.004728537,4,14,snapshot,16384,19,1.000000,1.000000,1.000000,{"1":19},1.000000,0.000000,0.000000,0.000000,1.000000,0.000000,-1.000000
0.004961854,4,15,snapshot,64,19,1.000000,1.000000,1.000000,{"1":19},1.000000,0.000000,0.000000,0.000000,1.000000,0.000000,-1.000000
0.004961854,4,15,snapshot,256,19,1.000000,1.000000,1.000000,{"1":19},1.000000,0.000000,0.000000,0.000000,1.000000,0.000000,-1.000000
0.004961854,4,15,snapshot,1024,19,1.000000,1.000000,1.000000,{"1":19},1.000000,0.000000,0.000000,0.000000,1.000000,0.000000,-1.000000
0.004961854,4,15,snapshot,4096,19,1.000000,1.000000,1.000000,{"1":19},1.000000,0.000000,0.000000,0.000000,1.000000,0.000000,-1.000000
0.004961854,4,15,snapshot,16384,19,1.000000,1.000000,1.000000,{"1":19},1.000000,0.000000,0.000000,0.000000,1.000000,0.000000,-1.000000
0.005196844,4,16,read_only,64,1,1.000000,1.000000,1.000000,{"1":1},1.000000,0.000000,0.000000,0.000000,1.000000,0.000000,-1.000000
0.005196844,4,16,union,64,1,1.000000,1.000000,1.000000,{"1":1},1.000000,0.000000,0.000000,0.000000,1.000000,0.000000,-1.000000
0.005196844,4,16,snapshot,64,20,1.000000,1.000000,1.000000,{"1":20},1.000000,0.000000,0.000000,0.000000,1.000000,0.000000,-1.000000
0.005196844,4,16,read_only,256,1,1.000000,1.000000,1.000000,{"1":1},1.000000,0.000000,0.000000,0.000000,1.000000,0.000000,-1.000000
0.005196844,4,16,union,256,1,1.000000,1.000000,1.000000,{"1":1},1.000000,0.000000,0.000000,0.000000,1.000000,0.000000,-1.000000
0.005196844,4,16,snapshot,256,20,1.000000,1.000000,1.000000,{"1":20},1.000000,0.000000,0.000000,0.000000,1.000000,0.000000,-1.000000
0.005196844,4,16,read_only,1024,1,1.000000,1.000000,1.000000,{"1":1},1.000000,0.000000,0.000000,0.000000,1.000000,0.000000,-1.000000
0.005196844,4,16,union,1024,1,1.000000,1.000000,1.000000,{"1":1},1.000000,0.000000,0.000000,0.000000,1.000000,0.000000,-1.000000
0.005196844,4,16,snapshot,1024,20,1.000000,1.000000,1.000000,{"1":20},1.000000,0.000000,0.000000,0.000000,1.000000,0.000000,-1.000000
0.005196844,4,16,read_only,4096,1,1.000000,1.000000,1.000000,{"1":1},1.000000,0.000000,0.000000,0.000000,1.000000,0.000000,-1.000000
0.005196844,4,16,union,4096,1,1.000000,1.000000,1.000000,{"1":1},1.000000,0.000000,0.000000,0.000000,1.000000,0.000000,-1.000000
0.005196844,4,16,snapshot,4096,20,1.000000,1.000000,1.000000,{"1":20},1.000000,0.000000,0.000000,0.000000,1.000000,0.000000,-1.000000
0.005196844,4,16,read_only,16384,1,1.000000,1.000000,1.000000,{"1":1},1.000000,0.000000,0.000000,0.000000,1.000000,0.000000,-1.000000
0.005196844,4,16,union,16384,1,1.000000,1.000000,1.000000,{"1":1},1.000000,0.000000,0.000000,0.000000,1.000000,0.000000,-1.000000
0.005196844,4,16,snapshot,16384,20,1.000000,1.000000,1.000000,{"1":20},1.000000,0.000000,0.000000,0.000000,1.000000,0.000000,-1.000000
0.005428993,4,17,snapshot,64,20,1.000000,1.000000,1.000000,{"1":20},1.000000,0.000000,0.000000,0.000000,1.000000,0.000000,-1.000000
0.005428993,4,17,snapshot,256,20,1.000000,1.000000,1.000000,{"1":20},1.000000,0.000000,0.000000,0.000000,1.000000,0.000000,-1.000000
0.005428993,4,17,snapshot,1024,20,1.000000,1.000000,1.000000,{"1":20},1.000000,0.000000,0.000000,0.000000,1.000000,0.000000,-1.000000
0.005428993,4,17,snapshot,4096,20,1.000000,1.000000,1.000000,{"1":20},1.000000,0.000000,0.000000,0.000000,1.000000,0.000000,-1.000000
0.005428993,4,17,snapshot,16384,20,1.000000,1.000000,1.000000,{"1":20},1.000000,0.000000,0.000000,0.000000,1.000000,0.000000,-1.000000
0.005666859,4,18,snapshot,64,20,1.000000,1.000000,1.000000,{"1":20},1.000000,0.000000,0.000000,0.000000,1.000000,0.000000,-1.000000
0.005666859,4,18,snapshot,256,20,1.000000,1.000000,1.000000,{"1":20},1.000000,0.000000,0.000000,0.000000,1.000000,0.000000,-1.000000
0.005666859,4,18,snapshot,1024,20,1.000000,1.000000,1.000000,{"1":20},1.000000,0.000000,0.000000,0.000000,1.000000,0.000000,-1.000000
0.005666859,4,18,snapshot,4096,20,1.000000,1.000000,1.000000,{"1":20},1.000000,0.000000,0.000000,0.000000,1.000000,0.000000,-1.000000
0.005666859,4,18,snapshot,16384,20,1.000000,1.000000,1.000000,{"1":20},1.000000,0.000000,0.000000,0.000000,1.000000,0.000000,-1.000000
0.005901731,4,19,read_only,64,2,1.000000,1.000000,1.000000,{"1":2},1.000000,0.000000,0.000000,0.000000,1.000000,0.000000,-1.000000
0.005901731,4,19,union,64,2,1.000000,1.000000,1.000000,{"1":2},1.000000,0.000000,0.000000,0.000000,1.000000,0.000000,-1.000000
0.005901731,4,19,snapshot,64,22,1.000000,1.000000,1.000000,{"1":22},1.000000,0.000000,0.000000,0.000000,1.000000,0.000000,-1.000000
0.005901731,4,19,read_only,256,2,1.000000,1.000000,1.000000,{"1":2},1.000000,0.000000,0.000000,0.000000,1.000000,0.000000,-1.000000
0.005901731,4,19,union,256,2,1.000000,1.000000,1.000000,{"1":2},1.000000,0.000000,0.000000,0.000000,1.000000,0.000000,-1.000000
0.005901731,4,19,snapshot,256,22,1.000000,1.000000,1.000000,{"1":22},1.000000,0.000000,0.000000,0.000000,1.000000,0.000000,-1.000000
0.005901731,4,19,read_only,1024,2,1.000000,1.000000,1.000000,{"1":2},1.000000,0.000000,0.000000,0.000000,1.000000,0.000000,-1.000000
0.005901731,4,19,union,1024,2,1.000000,1.000000,1.000000,{"1":2},1.000000,0.000000,0.000000,0.000000,1.000000,0.000000,-1.000000
0.005901731,4,19,snapshot,1024,22,1.000000,1.000000,1.000000,{"1":22},1.000000,0.000000,0.000000,0.000000,1.000000,0.000000,-1.000000
0.005901731,4,19,read_only,4096,2,1.000000,1.000000,1.000000,{"1":2},1.000000,0.000000,0.000000,0.000000,1.000000,0.000000,-1.000000
0.005901731,4,19,union,4096,2,1.000000,1.000000,1.000000,{"1":2},1.000000,0.000000,0.000000,0.000000,1.000000,0.000000,-1.000000
0.005901731,4,19,snapshot,4096,22,1.000000,1.000000,1.000000,{"1":22},1.000000,0.000000,0.000000,0.000000,1.000000,0.000000,-1.000000
0.005901731,4,19,read_only,16384,2,1.000000,1.000000,1.000000,{"1":2},1.000000,0.000000,0.000000,0.000000,1.000000,0.000000,-1.000000
0.005901731,4,19,union,16384,2,1.000000,1.000000,1.000000,{"1":2},1.000000,0.000000,0.000000,0.000000,1.000000,0.000000,-1.000000
0.005901731,4,19,snapshot,16384,22,1.000000,1.000000,1.000000,{"1":22},1.000000,0.000000,0.000000,0.000000,1.000000,0.000000,-1.000000
0.006136807,4,20,snapshot,64,22,1.000000,1.000000,1.000000,{"1":22},1.000000,0.000000,0.000000,0.000000,1.000000,0.000000,-1.000000
0.006136807,4,20,snapshot,256,22,1.000000,1.000000,1.000000,{"1":22},1.000000,0.000000,0.000000,0.000000,1.000000,0.000000,-1.000000
0.006136807,4,20,snapshot,1024,22,1.000000,1.000000,1.000000,{"1":22},1.000000,0.000000,0.000000,0.000000,1.000000,0.000000,-1.000000
0.006136807,4,20,snapshot,4096,22,1.000000,1.000000,1.000000,{"1":22},1.000000,0.000000,0.000000,0.000000,1.000000,0.000000,-1.000000
0.006136807,4,20,snapshot,16384,22,1.000000,1.000000,1.000000,{"1":22},1.000000,0.000000,0.000000,0.000000,1.000000,0.000000,-1.000000
0.006369968,4,21,read_only,64,1,1.000000,1.000000,1.000000,{"1":1},1.000000,0.000000,0.000000,0.000000,1.000000,0.000000,-1.000000
0.006369968,4,21,union,64,1,1.000000,1.000000,1.000000,{"1":1},1.000000,0.000000,0.000000,0.000000,1.000000,0.000000,-1.000000
0.006369968,4,21,snapshot,64,23,1.000000,1.000000,1.000000,{"1":23},1.000000,0.000000,0.000000,0.000000,1.000000,0.000000,-1.000000
0.006369968,4,21,read_only,256,1,1.000000,1.000000,1.000000,{"1":1},1.000000,0.000000,0.000000,0.000000,1.000000,0.000000,-1.000000
0.006369968,4,21,union,256,1,1.000000,1.000000,1.000000,{"1":1},1.000000,0.000000,0.000000,0.000000,1.000000,0.000000,-1.000000
0.006369968,4,21,snapshot,256,23,1.000000,1.000000,1.000000,{"1":23},1.000000,0.000000,0.000000,0.000000,1.000000,0.000000,-1.000000
0.006369968,4,21,read_only,1024,1,1.000000,1.000000,1.000000,{"1":1},1.000000,0.000000,0.000000,0.000000,1.000000,0.000000,-1.000000
0.006369968,4,21,union,1024,1,1.000000,1.000000,1.000000,{"1":1},1.000000,0.000000,0.000000,0.000000,1.000000,0.000000,-1.000000
0.006369968,4,21,snapshot,1024,23,1.000000,1.000000,1.000000,{"1":23},1.000000,0.000000,0.000000,0.000000,1.000000,0.000000,-1.000000
0.006369968,4,21,read_only,4096,1,1.000000,1.000000,1.000000,{"1":1},1.000000,0.000000,0.000000,0.000000,1.000000,0.000000,-1.000000
0.006369968,4,21,union,4096,1,1.000000,1.000000,1.000000,{"1":1},1.000000,0.000000,0.000000,0.000000,1.000000,0.000000,-1.000000
0.006369968,4,21,snapshot,4096,23,1.000000,1.000000,1.000000,{"1":23},1.000000,0.000000,0.000000,0.000000,1.000000,0.000000,-1.000000
0.006369968,4,21,read_only,16384,1,1.000000,1.000000,1.000000,{"1":1},1.000000,0.000000,0.000000,0.000000,1.000000,0.000000,-1.000000
0.006369968,4,21,union,16384,1,1.000000,1.000000,1.000000,{"1":1},1.000000,0.000000,0.000000,0.000000,1.000000,0.000000,-1.000000
0.006369968,4,21,snapshot,16384,23,1.000000,1.000000,1.000000,{"1":23},1.000000,0.000000,0.000000,0.000000,1.000000,0.000000,-1.000000
0.006678850,4,22,read_only,64,1,1.000000,1.000000,1.000000,{"1":1},1.000000,0.000000,0.000000,0.000000,1.000000,0.000000,-1.000000
0.006678850,4,22,union,64,1,1.000000,1.000000,1.000000,{"1":1},1.000000,0.000000,0.000000,0.000000,1.000000,0.000000,-1.000000
0.006678850,4,22,snapshot,64,24,1.000000,1.000000,1.000000,{"1":24},1.000000,0.000000,0.000000,0.000000,1.000000,0.000000,-1.000000
0.006678850,4,22,read_only,256,1,1.000000,1.000000,1.000000,{"1":1},1.000000,0.000000,0.000000,0.000000,1.000000,0.000000,-1.000000
0.006678850,4,22,union,256,1,1.000000,1.000000,1.000000,{"1":1},1.000000,0.000000,0.000000,0.000000,1.000000,0.000000,-1.000000
0.006678850,4,22,snapshot,256,24,1.000000,1.000000,1.000000,{"1":24},1.000000,0.000000,0.000000,0.000000,1.000000,0.000000,-1.000000
0.006678850,4,22,read_only,1024,1,1.000000,1.000000,1.000000,{"1":1},1.000000,0.000000,0.000000,0.000000,1.000000,0.000000,-1.000000
0.006678850,4,22,union,1024,1,1.000000,1.000000,1.000000,{"1":1},1.000000,0.000000,0.000000,0.000000,1.000000,0.000000,-1.000000
0.006678850,4,22,snapshot,1024,24,1.000000,1.000000,1.000000,{"1":24},1.000000,0.000000,0.000000,0.000000,1.000000,0.000000,-1.000000
0.006678850,4,22,read_only,4096,1,1.000000,1.000000,1.000000,{"1":1},1.000000,0.000000,0.000000,0.000000,1.000000,0.000000,-1.000000
0.006678850,4,22,union,4096,1,1.000000,1.000000,1.000000,{"1":1},1.000000,0.000000,0.000000,0.000000,1.000000,0.000000,-1.000000
0.006678850,4,22,snapshot,4096,24,1.000000,1.000000,1.000000,{"1":24},1.000000,0.000000,0.000000,0.000000,1.000000,0.000000,-1.000000
0.006678850,4,22,read_only,16384,1,1.000000,1.000000,1.000000,{"1":1},1.000000,0.000000,0.000000,0.000000,1.000000,0.000000,-1.000000
0.006678850,4,22,union,16384,1,1.000000,1.000000,1.000000,{"1":1},1.000000,0.000000,0.000000,0.000000,1.000000,0.000000,-1.000000
0.006678850,4,22,snapshot,16384,24,1.000000,1.000000,1.000000,{"1":24},1.000000,0.000000,0.000000,0.000000,1.000000,0.000000,-1.000000
0.006911969,4,23,snapshot,64,24,1.000000,1.000000,1.000000,{"1":24},1.000000,0.000000,0.000000,0.000000,1.000000,0.000000,-1.000000
0.006911969,4,23,snapshot,256,24,1.000000,1.000000,1.000000,{"1":24},1.000000,0.000000,0.000000,0.000000,1.000000,0.000000,-1.000000
0.006911969,4,23,snapshot,1024,24,1.000000,1.000000,1.000000,{"1":24},1.000000,0.000000,0.000000,0.000000,1.000000,0.000000,-1.000000
0.006911969,4,23,snapshot,4096,24,1.000000,1.000000,1.000000,{"1":24},1.000000,0.000000,0.000000,0.000000,1.000000,0.000000,-1.000000
0.006911969,4,23,snapshot,16384,24,1.000000,1.000000,1.000000,{"1":24},1.000000,0.000000,0.000000,0.000000,1.000000,0.000000,-1.000000
0.007145168,4,24,read_only,64,2,1.000000,1.000000,1.000000,{"1":2},1.000000,0.000000,0.000000,0.000000,1.000000,0.000000,-1.000000
0.007145168,4,24,union,64,2,1.000000,1.000000,1.000000,{"1":2},1.000000,0.000000,0.000000,0.000000,1.000000,0.000000,-1.000000
0.007145168,4,24,snapshot,64,26,1.000000,1.000000,1.000000,{"1":26},1.000000,0.000000,0.000000,0.000000,1.000000,0.000000,-1.000000
0.007145168,4,24,read_only,256,2,1.000000,1.000000,1.000000,{"1":2},1.000000,0.000000,0.000000,0.000000,1.000000,0.000000,-1.000000
0.007145168,4,24,union,256,2,1.000000,1.000000,1.000000,{"1":2},1.000000,0.000000,0.000000,0.000000,1.000000,0.000000,-1.000000
0.007145168,4,24,snapshot,256,26,1.000000,1.000000,1.000000,{"1":26},1.000000,0.000000,0.000000,0.000000,1.000000,0.000000,-1.000000
0.007145168,4,24,read_only,1024,2,1.000000,1.000000,1.000000,{"1":2},1.000000,0.000000,0.000000,0.000000,1.000000,0.000000,-1.000000
0.007145168,4,24,union,1024,2,1.000000,1.000000,1.000000,{"1":2},1.000000,0.000000,0.000000,0.000000,1.000000,0.000000,-1.000000
0.007145168,4,24,snapshot,1024,26,1.000000,1.000000,1.000000,{"1":26},1.000000,0.000000,0.000000,0.000000,1.000000,0.000000,-1.000000
0.007145168,4,24,read_only,4096,2,1.000000,1.000000,1.000000,{"1":2},1.000000,0.000000,0.000000,0.000000,1.000000,0.000000,-1.000000
0.007145168,4,24,union,4096,2,1.000000,1.000000,1.000000,{"1":2},1.000000,0.000000,0.000000,0.000000,1.000000,0.000000,-1.000000
0.007145168,4,24,snapshot,4096,26,1.000000,1.000000,1.000000,{"1":26},1.000000,0.000000,0.000000,0.000000,1.000000,0.000000,-1.000000
0.007145168,4,24,read_only,16384,2,1.000000,1.000000,1.000000,{"1":2},1.000000,0.000000,0.000000,0.000000,1.000000,0.000000,-1.000000
0.007145168,4,24,union,16384,2,1.000000,1.000000,1.000000,{"1":2},1.000000,0.000000,0.000000,0.000000,1.000000,0.000000,-1.000000
0.007145168,4,24,snapshot,16384,26,1.000000,1.000000,1.000000,{"1":26},1.000000,0.000000,0.000000,0.000000,1.000000,0.000000,-1.000000
0.007378434,4,25,snapshot,64,26,1.000000,1.000000,1.000000,{"1":26},1.000000,0.000000,0.000000,0.000000,1.000000,0.000000,-1.000000
0.007378434,4,25,snapshot,256,26,1.000000,1.000000,1.000000,{"1":26},1.000000,0.000000,0.000000,0.000000,1.000000,0.000000,-1.000000
0.007378434,4,25,snapshot,1024,26,1.000000,1.000000,1.000000,{"1":26},1.000000,0.000000,0.000000,0.000000,1.000000,0.000000,-1.000000
0.007378434,4,25,snapshot,4096,26,1.000000,1.000000,1.000000,{"1":26},1.000000,0.000000,0.000000,0.000000,1.000000,0.000000,-1.000000
0.007378434,4,25,snapshot,16384,26,1.000000,1.000000,1.000000,{"1":26},1.000000,0.000000,0.000000,0.000000,1.000000,0.000000,-1.000000
0.007613122,4,26,read_only,64,1,1.000000,1.000000,1.000000,{"1":1},1.000000,0.000000,0.000000,0.000000,1.000000,0.000000,-1.000000
0.007613122,4,26,union,64,1,1.000000,1.000000,1.000000,{"1":1},1.000000,0.000000,0.000000,0.000000,1.000000,0.000000,-1.000000
0.007613122,4,26,snapshot,64,27,1.000000,1.000000,1.000000,{"1":27},1.000000,0.000000,0.000000,0.000000,1.000000,0.000000,-1.000000
0.007613122,4,26,read_only,256,1,1.000000,1.000000,1.000000,{"1":1},1.000000,0.000000,0.000000,0.000000,1.000000,0.000000,-1.000000
0.007613122,4,26,union,256,1,1.000000,1.000000,1.000000,{"1":1},1.000000,0.000000,0.000000,0.000000,1.000000,0.000000,-1.000000
0.007613122,4,26,snapshot,256,27,1.000000,1.000000,1.000000,{"1":27},1.000000,0.000000,0.000000,0.000000,1.000000,0.000000,-1.000000
0.007613122,4,26,read_only,1024,1,1.000000,1.000000,1.000000,{"1":1},1.000000,0.000000,0.000000,0.000000,1.000000,0.000000,-1.000000
0.007613122,4,26,union,1024,1,1.000000,1.000000,1.000000,{"1":1},1.000000,0.000000,0.000000,0.000000,1.000000,0.000000,-1.000000
0.007613122,4,26,snapshot,1024,27,1.000000,1.000000,1.000000,{"1":27},1.000000,0.000000,0.000000,0.000000,1.000000,0.000000,-1.000000
0.007613122,4,26,read_only,4096,1,1.000000,1.000000,1.000000,{"1":1},1.000000,0.000000,0.000000,0.000000,1.000000,0.000000,-1.000000
0.007613122,4,26,union,4096,1,1.000000,1.000000,1.000000,{"1":1},1.000000,0.000000,0.000000,0.000000,1.000000,0.000000,-1.000000
0.007613122,4,26,snapshot,4096,27,1.000000,1.000000,1.000000,{"1":27},1.000000,0.000000,0.000000,0.000000,1.000000,0.000000,-1.000000
0.007613122,4,26,read_only,16384,1,1.000000,1.000000,1.000000,{"1":1},1.000000,0.000000,0.000000,0.000000,1.000000,0.000000,-1.000000
0.007613122,4,26,union,16384,1,1.000000,1.000000,1.000000,{"1":1},1.000000,0.000000,0.000000,0.000000,1.000000,0.000000,-1.000000
0.007613122,4,26,snapshot,16384,27,1.000000,1.000000,1.000000,{"1":27},1.000000,0.000000,0.000000,0.000000,1.000000,0.000000,-1.000000
0.007847089,4,27,snapshot,64,27,1.000000,1.000000,1.000000,{"1":27},1.000000,0.000000,0.000000,0.000000,1.000000,0.000000,-1.000000
0.007847089,4,27,snapshot,256,27,1.000000,1.000000,1.000000,{"1":27},1.000000,0.000000,0.000000,0.000000,1.000000,0.000000,-1.000000
0.007847089,4,27,snapshot,1024,27,1.000000,1.000000,1.000000,{"1":27},1.000000,0.000000,0.000000,0.000000,1.000000,0.000000,-1.000000
0.007847089,4,27,snapshot,4096,27,1.000000,1.000000,1.000000,{"1":27},1.000000,0.000000,0.000000,0.000000,1.000000,0.000000,-1.000000
0.007847089,4,27,snapshot,16384,27,1.000000,1.000000,1.000000,{"1":27},1.000000,0.000000,0.000000,0.000000,1.000000,0.000000,-1.000000
0.008080957,4,28,snapshot,64,27,1.000000,1.000000,1.000000,{"1":27},1.000000,0.000000,0.000000,0.000000,1.000000,0.000000,-1.000000
0.008080957,4,28,snapshot,256,27,1.000000,1.000000,1.000000,{"1":27},1.000000,0.000000,0.000000,0.000000,1.000000,0.000000,-1.000000
0.008080957,4,28,snapshot,1024,27,1.000000,1.000000,1.000000,{"1":27},1.000000,0.000000,0.000000,0.000000,1.000000,0.000000,-1.000000
0.008080957,4,28,snapshot,4096,27,1.000000,1.000000,1.000000,{"1":27},1.000000,0.000000,0.000000,0.000000,1.000000,0.000000,-1.000000
0.008080957,4,28,snapshot,16384,27,1.000000,1.000000,1.000000,{"1":27},1.000000,0.000000,0.000000,0.000000,1.000000,0.000000,-1.000000
0.008313765,4,29,read_only,64,1,1.000000,1.000000,1.000000,{"1":1},1.000000,0.000000,0.000000,0.000000,1.000000,0.000000,-1.000000
0.008313765,4,29,union,64,1,1.000000,1.000000,1.000000,{"1":1},1.000000,0.000000,0.000000,0.000000,1.000000,0.000000,-1.000000
0.008313765,4,29,snapshot,64,28,1.000000,1.000000,1.000000,{"1":28},1.000000,0.000000,0.000000,0.000000,1.000000,0.000000,-1.000000
0.008313765,4,29,read_only,256,1,1.000000,1.000000,1.000000,{"1":1},1.000000,0.000000,0.000000,0.000000,1.000000,0.000000,-1.000000
0.008313765,4,29,union,256,1,1.000000,1.000000,1.000000,{"1":1},1.000000,0.000000,0.000000,0.000000,1.000000,0.000000,-1.000000
0.008313765,4,29,snapshot,256,28,1.000000,1.000000,1.000000,{"1":28},1.000000,0.000000,0.000000,0.000000,1.000000,0.000000,-1.000000
0.008313765,4,29,read_only,1024,1,1.000000,1.000000,1.000000,{"1":1},1.000000,0.000000,0.000000,0.000000,1.000000,0.000000,-1.000000
0.008313765,4,29,union,1024,1,1.000000,1.000000,1.000000,{"1":1},1.000000,0.000000,0.000000,0.000000,1.000000,0.000000,-1.000000
0.008313765,4,29,snapshot,1024,28,1.000000,1.000000,1.000000,{"1":28},1.000000,0.000000,0.000000,0.000000,1.000000,0.000000,-1.000000
0.008313765,4,29,read_only,4096,1,1.000000,1.000000,1.000000,{"1":1},1.000000,0.000000,0.000000,0.000000,1.000000,0.000000,-1.000000
0.008313765,4,29,union,4096,1,1.000000,1.000000,1.000000,{"1":1},1.000000,0.000000,0.000000,0.000000,1.000000,0.000000,-1.000000
0.008313765,4,29,snapshot,4096,28,1.000000,1.000000,1.000000,{"1":28},1.000000,0.000000,0.000000,0.000000,1.000000,0.000000,-1.000000
0.008313765,4,29,read_only,16384,1,1.000000,1.000000,1.000000,{"1":1},1.000000,0.000000,0.000000,0.000000,1.000000,0.000000,-1.000000
0.008313765,4,29,union,16384,1,1.000000,1.000000,1.000000,{"1":1},1.000000,0.000000,0.000000,0.000000,1.000000,0.000000,-1.000000
0.008313765,4,29,snapshot,16384,28,1.000000,1.000000,1.000000,{"1":28},1.000000,0.000000,0.000000,0.000000,1.000000,0.000000,-1.000000
0.008569478,4,30,snapshot,64,28,1.000000,1.000000,1.000000,{"1":28},1.000000,0.000000,0.000000,0.000000,1.000000,0.000000,-1.000000
0.008569478,4,30,snapshot,256,28,1.000000,1.000000,1.000000,{"1":28},1.000000,0.000000,0.000000,0.000000,1.000000,0.000000,-1.000000
0.008569478,4,30,snapshot,1024,28,1.000000,1.000000,1.000000,{"1":28},1.000000,0.000000,0.000000,0.000000,1.000000,0.000000,-1.000000
0.008569478,4,30,snapshot,4096,28,1.000000,1.000000,1.000000,{"1":28},1.000000,0.000000,0.000000,0.000000,1.000000,0.000000,-1.000000
0.008569478,4,30,snapshot,16384,28,1.000000,1.000000,1.000000,{"1":28},1.000000,0.000000,0.000000,0.000000,1.000000,0.000000,-1.000000
0.008832338,4,31,snapshot,64,28,1.000000,1.000000,1.000000,{"1":28},1.000000,0.000000,0.000000,0.000000,1.000000,0.000000,-1.000000
0.008832338,4,31,snapshot,256,28,1.000000,1.000000,1.000000,{"1":28},1.000000,0.000000,0.000000,0.000000,1.000000,0.000000,-1.000000
0.008832338,4,31,snapshot,1024,28,1.000000,1.000000,1.000000,{"1":28},1.000000,0.000000,0.000000,0.000000,1.000000,0.000000,-1.000000
0.008832338,4,31,snapshot,4096,28,1.000000,1.000000,1.000000,{"1":28},1.000000,0.000000,0.000000,0.000000,1.000000,0.000000,-1.000000
0.008832338,4,31,snapshot,16384,28,1.000000,1.000000,1.000000,{"1":28},1.000000,0.000000,0.000000,0.000000,1.000000,0.000000,-1.000000
0.009084088,4,32,read_only,64,1,1.000000,1.000000,1.000000,{"1":1},1.000000,0.000000,0.000000,0.000000,1.000000,0.000000,-1.000000
0.009084088,4,32,union,64,1,1.000000,1.000000,1.000000,{"1":1},1.000000,0.000000,0.000000,0.000000,1.000000,0.000000,-1.000000
0.009084088,4,32,snapshot,64,29,1.000000,1.000000,1.000000,{"1":29},1.000000,0.000000,0.000000,0.000000,1.000000,0.000000,-1.000000
0.009084088,4,32,read_only,256,1,1.000000,1.000000,1.000000,{"1":1},1.000000,0.000000,0.000000,0.000000,1.000000,0.000000,-1.000000
0.009084088,4,32,union,256,1,1.000000,1.000000,1.000000,{"1":1},1.000000,0.000000,0.000000,0.000000,1.000000,0.000000,-1.000000
0.009084088,4,32,snapshot,256,29,1.000000,1.000000,1.000000,{"1":29},1.000000,0.000000,0.000000,0.000000,1.000000,0.000000,-1.000000
0.009084088,4,32,read_only,1024,1,1.000000,1.000000,1.000000,{"1":1},1.000000,0.000000,0.000000,0.000000,1.000000,0.000000,-1.000000
0.009084088,4,32,union,1024,1,1.000000,1.000000,1.000000,{"1":1},1.000000,0.000000,0.000000,0.000000,1.000000,0.000000,-1.000000
0.009084088,4,32,snapshot,1024,29,1.000000,1.000000,1.000000,{"1":29},1.000000,0.000000,0.000000,0.000000,1.000000,0.000000,-1.000000
0.009084088,4,32,read_only,4096,1,1.000000,1.000000,1.000000,{"1":1},1.000000,0.000000,0.000000,0.000000,1.000000,0.000000,-1.000000
0.009084088,4,32,union,4096,1,1.000000,1.000000,1.000000,{"1":1},1.000000,0.000000,0.000000,0.000000,1.000000,0.000000,-1.000000
0.009084088,4,32,snapshot,4096,29,1.000000,1.000000,1.000000,{"1":29},1.000000,0.000000,0.000000,0.000000,1.000000,0.000000,-1.000000
0.009084088,4,32,read_only,16384,1,1.000000,1.000000,1.000000,{"1":1},1.000000,0.000000,0.000000,0.000000,1.000000,0.000000,-1.000000
0.009084088,4,32,union,16384,1,1.000000,1.000000,1.000000,{"1":1},1.000000,0.000000,0.000000,0.000000,1.000000,0.000000,-1.000000
0.009084088,4,32,snapshot,16384,29,1.000000,1.000000,1.000000,{"1":29},1.000000,0.000000,0.000000,0.000000,1.000000,0.000000,-1.000000
0.009616737,4,34,read_only,64,1,1.000000,1.000000,1.000000,{"1":1},1.000000,0.000000,0.000000,0.000000,1.000000,0.000000,-1.000000
0.009616737,4,34,union,64,1,1.000000,1.000000,1.000000,{"1":1},1.000000,0.000000,0.000000,0.000000,1.000000,0.000000,-1.000000
0.009616737,4,34,read_only,256,1,1.000000,1.000000,1.000000,{"1":1},1.000000,0.000000,0.000000,0.000000,1.000000,0.000000,-1.000000
0.009616737,4,34,union,256,1,1.000000,1.000000,1.000000,{"1":1},1.000000,0.000000,0.000000,0.000000,1.000000,0.000000,-1.000000
0.009616737,4,34,read_only,1024,1,1.000000,1.000000,1.000000,{"1":1},1.000000,0.000000,0.000000,0.000000,1.000000,0.000000,-1.000000
0.009616737,4,34,union,1024,1,1.000000,1.000000,1.000000,{"1":1},1.000000,0.000000,0.000000,0.000000,1.000000,0.000000,-1.000000
0.009616737,4,34,read_only,4096,1,1.000000,1.000000,1.000000,{"1":1},1.000000,0.000000,0.000000,0.000000,1.000000,0.000000,-1.000000
0.009616737,4,34,union,4096,1,1.000000,1.000000,1.000000,{"1":1},1.000000,0.000000,0.000000,0.000000,1.000000,0.000000,-1.000000
0.009616737,4,34,read_only,16384,1,1.000000,1.000000,1.000000,{"1":1},1.000000,0.000000,0.000000,0.000000,1.000000,0.000000,-1.000000
0.009616737,4,34,union,16384,1,1.000000,1.000000,1.000000,{"1":1},1.000000,0.000000,0.000000,0.000000,1.000000,0.000000,-1.000000
0.010147869,4,36,read_only,64,1,1.000000,1.000000,1.000000,{"1":1},1.000000,0.000000,0.000000,0.000000,1.000000,0.000000,-1.000000
0.010147869,4,36,union,64,1,1.000000,1.000000,1.000000,{"1":1},1.000000,0.000000,0.000000,0.000000,1.000000,0.000000,-1.000000
0.010147869,4,36,snapshot,64,1,1.000000,1.000000,1.000000,{"1":1},1.000000,0.000000,0.000000,0.000000,1.000000,0.000000,-1.000000
0.010147869,4,36,read_only,256,1,1.000000,1.000000,1.000000,{"1":1},1.000000,0.000000,0.000000,0.000000,1.000000,0.000000,-1.000000
0.010147869,4,36,union,256,1,1.000000,1.000000,1.000000,{"1":1},1.000000,0.000000,0.000000,0.000000,1.000000,0.000000,-1.000000
0.010147869,4,36,snapshot,256,1,1.000000,1.000000,1.000000,{"1":1},1.000000,0.000000,0.000000,0.000000,1.000000,0.000000,-1.000000
0.010147869,4,36,read_only,1024,1,1.000000,1.000000,1.000000,{"1":1},1.000000,0.000000,0.000000,0.000000,1.000000,0.000000,-1.000000
0.010147869,4,36,union,1024,1,1.000000,1.000000,1.000000,{"1":1},1.000000,0.000000,0.000000,0.000000,1.000000,0.000000,-1.000000
0.010147869,4,36,snapshot,1024,1,1.000000,1.000000,1.000000,{"1":1},1.000000,0.000000,0.000000,0.000000,1.000000,0.000000,-1.000000
0.010147869,4,36,read_only,4096,1,1.000000,1.000000,1.000000,{"1":1},1.000000,0.000000,0.000000,0.000000,1.000000,0.000000,-1.000000
0.010147869,4,36,union,4096,1,1.000000,1.000000,1.000000,{"1":1},1.000000,0.000000,0.000000,0.000000,1.000000,0.000000,-1.000000
0.010147869,4,36,snapshot,4096,1,1.000000,1.000000,1.000000,{"1":1},1.000000,0.000000,0.000000,0.000000,1.000000,0.000000,-1.000000
0.010147869,4,36,read_only,16384,1,1.000000,1.000000,1.000000,{"1":1},1.000000,0.000000,0.000000,0.000000,1.000000,0.000000,-1.000000
0.010147869,4,36,union,16384,1,1.000000,1.000000,1.000000,{"1":1},1.000000,0.000000,0.000000,0.000000,1.000000,0.000000,-1.000000
0.010147869,4,36,snapshot,16384,1,1.000000,1.000000,1.000000,{"1":1},1.000000,0.000000,0.000000,0.000000,1.000000,0.000000,-1.000000
0.010391291,4,37,read_only,64,1,1.000000,1.000000,1.000000,{"1":1},1.000000,0.000000,0.000000,0.000000,1.000000,0.000000,-1.000000
0.010391291,4,37,union,64,1,1.000000,1.000000,1.000000,{"1":1},1.000000,0.000000,0.000000,0.000000,1.000000,0.000000,-1.000000
0.010391291,4,37,snapshot,64,2,1.000000,1.000000,1.000000,{"1":2},1.000000,0.000000,0.000000,0.000000,1.000000,0.000000,-1.000000
0.010391291,4,37,read_only,256,1,1.000000,1.000000,1.000000,{"1":1},1.000000,0.000000,0.000000,0.000000,1.000000,0.000000,-1.000000
0.010391291,4,37,union,256,1,1.000000,1.000000,1.000000,{"1":1},1.000000,0.000000,0.000000,0.000000,1.000000,0.000000,-1.000000
0.010391291,4,37,snapshot,256,2,1.000000,1.000000,1.000000,{"1":2},1.000000,0.000000,0.000000,0.000000,1.000000,0.000000,-1.000000
0.010391291,4,37,read_only,1024,1,1.000000,1.000000,1.000000,{"1":1},1.000000,0.000000,0.000000,0.000000,1.000000,0.000000,-1.000000
0.010391291,4,37,union,1024,1,1.000000,1.000000,1.000000,{"1":1},1.000000,0.000000,0.000000,0.000000,1.000000,0.000000,-1.000000
0.010391291,4,37,snapshot,1024,2,1.000000,1.000000,1.000000,{"1":2},1.000000,0.000000,0.000000,0.000000,1.000000,0.000000,-1.000000
0.010391291,4,37,read_only,4096,1,1.000000,1.000000,1.000000,{"1":1},1.000000,0.000000,0.000000,0.000000,1.000000,0.000000,-1.000000
0.010391291,4,37,union,4096,1,1.000000,1.000000,1.000000,{"1":1},1.000000,0.000000,0.000000,0.000000,1.000000,0.000000,-1.000000
0.010391291,4,37,snapshot,4096,2,1.000000,1.000000,1.000000,{"1":2},1.000000,0.000000,0.000000,0.000000,1.000000,0.000000,-1.000000
0.010391291,4,37,read_only,16384,1,1.000000,1.000000,1.000000,{"1":1},1.000000,0.000000,0.000000,0.000000,1.000000,0.000000,-1.000000
0.010391291,4,37,union,16384,1,1.000000,1.000000,1.000000,{"1":1},1.000000,0.000000,0.000000,0.000000,1.000000,0.000000,-1.000000
0.010391291,4,37,snapshot,16384,2,1.000000,1.000000,1.000000,{"1":2},1.000000,0.000000,0.000000,0.000000,1.000000,0.000000,-1.000000
0.010632758,4,38,read_only,64,1,1.000000,1.000000,1.000000,{"1":1},1.000000,0.000000,0.000000,0.000000,1.000000,0.000000,-1.000000
0.010632758,4,38,union,64,1,1.000000,1.000000,1.000000,{"1":1},1.000000,0.000000,0.000000,0.000000,1.000000,0.000000,-1.000000
0.010632758,4,38,snapshot,64,3,1.000000,1.000000,1.000000,{"1":3},1.000000,0.000000,0.000000,0.000000,1.000000,0.000000,-1.000000
0.010632758,4,38,read_only,256,1,1.000000,1.000000,1.000000,{"1":1},1.000000,0.000000,0.000000,0.000000,1.000000,0.000000,-1.000000
0.010632758,4,38,union,256,1,1.000000,1.000000,1.000000,{"1":1},1.000000,0.000000,0.000000,0.000000,1.000000,0.000000,-1.000000
0.010632758,4,38,snapshot,256,3,1.000000,1.000000,1.000000,{"1":3},1.000000,0.000000,0.000000,0.000000,1.000000,0.000000,-1.000000
0.010632758,4,38,read_only,1024,1,1.000000,1.000000,1.000000,{"1":1},1.000000,0.000000,0.000000,0.000000,1.000000,0.000000,-1.000000
0.010632758,4,38,union,1024,1,1.000000,1.000000,1.000000,{"1":1},1.000000,0.000000,0.000000,0.000000,1.000000,0.000000,-1.000000
0.010632758,4,38,snapshot,1024,3,1.000000,1.000000,1.000000,{"1":3},1.000000,0.000000,0.000000,0.000000,1.000000,0.000000,-1.000000
0.010632758,4,38,read_only,4096,1,1.000000,1.000000,1.000000,{"1":1},1.000000,0.000000,0.000000,0.000000,1.000000,0.000000,-1.000000
0.010632758,4,38,union,4096,1,1.000000,1.000000,1.000000,{"1":1},1.000000,0.000000,0.000000,0.000000,1.000000,0.000000,-1.000000
0.010632758,4,38,snapshot,4096,3,1.000000,1.000000,1.000000,{"1":3},1.000000,0.000000,0.000000,0.000000,1.000000,0.000000,-1.000000
0.010632758,4,38,read_only,16384,1,1.000000,1.000000,1.000000,{"1":1},1.000000,0.000000,0.000000,0.000000,1.000000,0.000000,-1.000000
0.010632758,4,38,union,16384,1,1.000000,1.000000,1.000000,{"1":1},1.000000,0.000000,0.000000,0.000000,1.000000,0.000000,-1.000000
0.010632758,4,38,snapshot,16384,3,1.000000,1.000000,1.000000,{"1":3},1.000000,0.000000,0.000000,0.000000,1.000000,0.000000,-1.000000
0.010897181,4,39,read_only,64,1,1.000000,1.000000,1.000000,{"2":1},0.000000,1.000000,0.000000,0.000000,0.000000,1.000000,1.000000
0.010897181,4,39,union,64,1,1.000000,1.000000,1.000000,{"2":1},0.000000,1.000000,0.000000,0.000000,0.000000,1.000000,1.000000
0.010897181,4,39,snapshot,64,4,1.000000,1.000000,1.000000,{"1":3,"2":1},0.750000,0.250000,0.000000,0.000000,0.750000,0.250000,1.000000
0.010897181,4,39,read_only,256,1,1.000000,1.000000,1.000000,{"2":1},0.000000,1.000000,0.000000,0.000000,0.000000,1.000000,1.000000
0.010897181,4,39,union,256,1,1.000000,1.000000,1.000000,{"2":1},0.000000,1.000000,0.000000,0.000000,0.000000,1.000000,1.000000
0.010897181,4,39,snapshot,256,4,1.000000,1.000000,1.000000,{"1":3,"2":1},0.750000,0.250000,0.000000,0.000000,0.750000,0.250000,1.000000
0.010897181,4,39,read_only,1024,1,1.000000,1.000000,1.000000,{"2":1},0.000000,1.000000,0.000000,0.000000,0.000000,1.000000,1.000000
0.010897181,4,39,union,1024,1,1.000000,1.000000,1.000000,{"2":1},0.000000,1.000000,0.000000,0.000000,0.000000,1.000000,1.000000
0.010897181,4,39,snapshot,1024,4,1.000000,1.000000,1.000000,{"1":3,"2":1},0.750000,0.250000,0.000000,0.000000,0.750000,0.250000,1.000000
0.010897181,4,39,read_only,4096,1,1.000000,1.000000,1.000000,{"2":1},0.000000,1.000000,0.000000,0.000000,0.000000,1.000000,1.000000
0.010897181,4,39,union,4096,1,1.000000,1.000000,1.000000,{"2":1},0.000000,1.000000,0.000000,0.000000,0.000000,1.000000,1.000000
0.010897181,4,39,snapshot,4096,4,1.000000,1.000000,1.000000,{"1":3,"2":1},0.750000,0.250000,0.000000,0.000000,0.750000,0.250000,1.000000
0.010897181,4,39,read_only,16384,1,1.000000,1.000000,1.000000,{"2":1},0.000000,1.000000,0.000000,0.000000,0.000000,1.000000,1.000000
0.010897181,4,39,union,16384,1,1.000000,1.000000,1.000000,{"2":1},0.000000,1.000000,0.000000,0.000000,0.000000,1.000000,1.000000
0.010897181,4,39,snapshot,16384,4,1.000000,1.000000,1.000000,{"1":3,"2":1},0.750000,0.250000,0.000000,0.000000,0.750000,0.250000,1.000000
0.011175550,4,40,read_only,64,1,1.000000,1.000000,1.000000,{"1":1},1.000000,0.000000,0.000000,0.000000,1.000000,0.000000,-1.000000
0.011175550,4,40,union,64,1,1.000000,1.000000,1.000000,{"1":1},1.000000,0.000000,0.000000,0.000000,1.000000,0.000000,-1.000000
0.011175550,4,40,snapshot,64,5,1.000000,1.000000,1.000000,{"1":4,"2":1},0.800000,0.200000,0.000000,0.000000,0.800000,0.200000,1.000000
0.011175550,4,40,read_only,256,1,1.000000,1.000000,1.000000,{"1":1},1.000000,0.000000,0.000000,0.000000,1.000000,0.000000,-1.000000
0.011175550,4,40,union,256,1,1.000000,1.000000,1.000000,{"1":1},1.000000,0.000000,0.000000,0.000000,1.000000,0.000000,-1.000000
0.011175550,4,40,snapshot,256,5,1.000000,1.000000,1.000000,{"1":4,"2":1},0.800000,0.200000,0.000000,0.000000,0.800000,0.200000,1.000000
0.011175550,4,40,read_only,1024,1,1.000000,1.000000,1.000000,{"1":1},1.000000,0.000000,0.000000,0.000000,1.000000,0.000000,-1.000000
0.011175550,4,40,union,1024,1,1.000000,1.000000,1.000000,{"1":1},1.000000,0.000000,0.000000,0.000000,1.000000,0.000000,-1.000000
0.011175550,4,40,snapshot,1024,5,1.000000,1.000000,1.000000,{"1":4,"2":1},0.800000,0.200000,0.000000,0.000000,0.800000,0.200000,1.000000
0.011175550,4,40,read_only,4096,1,1.000000,1.000000,1.000000,{"1":1},1.000000,0.000000,0.000000,0.000000,1.000000,0.000000,-1.000000
0.011175550,4,40,union,4096,1,1.000000,1.000000,1.000000,{"1":1},1.000000,0.000000,0.000000,0.000000,1.000000,0.000000,-1.000000
0.011175550,4,40,snapshot,4096,5,1.000000,1.000000,1.000000,{"1":4,"2":1},0.800000,0.200000,0.000000,0.000000,0.800000,0.200000,1.000000
0.011175550,4,40,read_only,16384,1,1.000000,1.000000,1.000000,{"1":1},1.000000,0.000000,0.000000,0.000000,1.000000,0.000000,-1.000000
0.011175550,4,40,union,16384,1,1.000000,1.000000,1.000000,{"1":1},1.000000,0.000000,0.000000,0.000000,1.000000,0.000000,-1.000000
0.011175550,4,40,snapshot,16384,5,1.000000,1.000000,1.000000,{"1":4,"2":1},0.800000,0.200000,0.000000,0.000000,0.800000,0.200000,1.000000
0.011408590,4,41,snapshot,64,5,1.000000,1.000000,1.000000,{"1":4,"2":1},0.800000,0.200000,0.000000,0.000000,0.800000,0.200000,1.000000
0.011408590,4,41,snapshot,256,5,1.000000,1.000000,1.000000,{"1":4,"2":1},0.800000,0.200000,0.000000,0.000000,0.800000,0.200000,1.000000
0.011408590,4,41,snapshot,1024,5,1.000000,1.000000,1.000000,{"1":4,"2":1},0.800000,0.200000,0.000000,0.000000,0.800000,0.200000,1.000000
0.011408590,4,41,snapshot,4096,5,1.000000,1.000000,1.000000,{"1":4,"2":1},0.800000,0.200000,0.000000,0.000000,0.800000,0.200000,1.000000
0.011408590,4,41,snapshot,16384,5,1.000000,1.000000,1.000000,{"1":4,"2":1},0.800000,0.200000,0.000000,0.000000,0.800000,0.200000,1.000000
0.011643319,4,42,snapshot,64,5,1.000000,1.000000,1.000000,{"1":4,"2":1},0.800000,0.200000,0.000000,0.000000,0.800000,0.200000,1.000000
0.011643319,4,42,snapshot,256,5,1.000000,1.000000,1.000000,{"1":4,"2":1},0.800000,0.200000,0.000000,0.000000,0.800000,0.200000,1.000000
0.011643319,4,42,snapshot,1024,5,1.000000,1.000000,1.000000,{"1":4,"2":1},0.800000,0.200000,0.000000,0.000000,0.800000,0.200000,1.000000
0.011643319,4,42,snapshot,4096,5,1.000000,1.000000,1.000000,{"1":4,"2":1},0.800000,0.200000,0.000000,0.000000,0.800000,0.200000,1.000000
0.011643319,4,42,snapshot,16384,5,1.000000,1.000000,1.000000,{"1":4,"2":1},0.800000,0.200000,0.000000,0.000000,0.800000,0.200000,1.000000
0.011936952,4,43,snapshot,64,5,1.000000,1.000000,1.000000,{"1":4,"2":1},0.800000,0.200000,0.000000,0.000000,0.800000,0.200000,1.000000
0.011936952,4,43,snapshot,256,5,1.000000,1.000000,1.000000,{"1":4,"2":1},0.800000,0.200000,0.000000,0.000000,0.800000,0.200000,1.000000
0.011936952,4,43,snapshot,1024,5,1.000000,1.000000,1.000000,{"1":4,"2":1},0.800000,0.200000,0.000000,0.000000,0.800000,0.200000,1.000000
0.011936952,4,43,snapshot,4096,5,1.000000,1.000000,1.000000,{"1":4,"2":1},0.800000,0.200000,0.000000,0.000000,0.800000,0.200000,1.000000
0.011936952,4,43,snapshot,16384,5,1.000000,1.000000,1.000000,{"1":4,"2":1},0.800000,0.200000,0.000000,0.000000,0.800000,0.200000,1.000000
0.012181316,4,44,read_only,64,2,1.000000,1.000000,1.000000,{"1":2},1.000000,0.000000,0.000000,0.000000,1.000000,0.000000,-1.000000
0.012181316,4,44,union,64,2,1.000000,1.000000,1.000000,{"1":2},1.000000,0.000000,0.000000,0.000000,1.000000,0.000000,-1.000000
0.012181316,4,44,snapshot,64,7,1.000000,1.000000,1.000000,{"1":6,"2":1},0.857143,0.142857,0.000000,0.000000,0.857143,0.142857,1.000000
0.012181316,4,44,read_only,256,2,1.000000,1.000000,1.000000,{"1":2},1.000000,0.000000,0.000000,0.000000,1.000000,0.000000,-1.000000
0.012181316,4,44,union,256,2,1.000000,1.000000,1.000000,{"1":2},1.000000,0.000000,0.000000,0.000000,1.000000,0.000000,-1.000000
0.012181316,4,44,snapshot,256,7,1.000000,1.000000,1.000000,{"1":6,"2":1},0.857143,0.142857,0.000000,0.000000,0.857143,0.142857,1.000000
0.012181316,4,44,read_only,1024,2,1.000000,1.000000,1.000000,{"1":2},1.000000,0.000000,0.000000,0.000000,1.000000,0.000000,-1.000000
0.012181316,4,44,union,1024,2,1.000000,1.000000,1.000000,{"1":2},1.000000,0.000000,0.000000,0.000000,1.000000,0.000000,-1.000000
0.012181316,4,44,snapshot,1024,7,1.000000,1.000000,1.000000,{"1":6,"2":1},0.857143,0.142857,0.000000,0.000000,0.857143,0.142857,1.000000
0.012181316,4,44,read_only,4096,2,1.000000,1.000000,1.000000,{"1":2},1.000000,0.000000,0.000000,0.000000,1.000000,0.000000,-1.000000
0.012181316,4,44,union,4096,2,1.000000,1.000000,1.000000,{"1":2},1.000000,0.000000,0.000000,0.000000,1.000000,0.000000,-1.000000
0.012181316,4,44,snapshot,4096,7,1.000000,1.000000,1.000000,{"1":6,"2":1},0.857143,0.142857,0.000000,0.000000,0.857143,0.142857,1.000000
0.012181316,4,44,read_only,16384,2,1.000000,1.000000,1.000000,{"1":2},1.000000,0.000000,0.000000,0.000000,1.000000,0.000000,-1.000000
0.012181316,4,44,union,16384,2,1.000000,1.000000,1.000000,{"1":2},1.000000,0.000000,0.000000,0.000000,1.000000,0.000000,-1.000000
0.012181316,4,44,snapshot,16384,7,1.000000,1.000000,1.000000,{"1":6,"2":1},0.857143,0.142857,0.000000,0.000000,0.857143,0.142857,1.000000
0.012420592,4,45,snapshot,64,7,1.000000,1.000000,1.000000,{"1":6,"2":1},0.857143,0.142857,0.000000,0.000000,0.857143,0.142857,1.000000
0.012420592,4,45,snapshot,256,7,1.000000,1.000000,1.000000,{"1":6,"2":1},0.857143,0.142857,0.000000,0.000000,0.857143,0.142857,1.000000
0.012420592,4,45,snapshot,1024,7,1.000000,1.000000,1.000000,{"1":6,"2":1},0.857143,0.142857,0.000000,0.000000,0.857143,0.142857,1.000000
0.012420592,4,45,snapshot,4096,7,1.000000,1.000000,1.000000,{"1":6,"2":1},0.857143,0.142857,0.000000,0.000000,0.857143,0.142857,1.000000
0.012420592,4,45,snapshot,16384,7,1.000000,1.000000,1.000000,{"1":6,"2":1},0.857143,0.142857,0.000000,0.000000,0.857143,0.142857,1.000000
0.012674909,4,46,read_only,64,1,1.000000,1.000000,1.000000,{"1":1},1.000000,0.000000,0.000000,0.000000,1.000000,0.000000,-1.000000
0.012674909,4,46,union,64,1,1.000000,1.000000,1.000000,{"1":1},1.000000,0.000000,0.000000,0.000000,1.000000,0.000000,-1.000000
0.012674909,4,46,read_only,256,1,1.000000,1.000000,1.000000,{"1":1},1.000000,0.000000,0.000000,0.000000,1.000000,0.000000,-1.000000
0.012674909,4,46,union,256,1,1.000000,1.000000,1.000000,{"1":1},1.000000,0.000000,0.000000,0.000000,1.000000,0.000000,-1.000000
0.012674909,4,46,read_only,1024,1,1.000000,1.000000,1.000000,{"1":1},1.000000,0.000000,0.000000,0.000000,1.000000,0.000000,-1.000000
0.012674909,4,46,union,1024,1,1.000000,1.000000,1.000000,{"1":1},1.000000,0.000000,0.000000,0.000000,1.000000,0.000000,-1.000000
0.012674909,4,46,read_only,4096,1,1.000000,1.000000,1.000000,{"1":1},1.000000,0.000000,0.000000,0.000000,1.000000,0.000000,-1.000000
0.012674909,4,46,union,4096,1,1.000000,1.000000,1.000000,{"1":1},1.000000,0.000000,0.000000,0.000000,1.000000,0.000000,-1.000000
0.012674909,4,46,read_only,16384,1,1.000000,1.000000,1.000000,{"1":1},1.000000,0.000000,0.000000,0.000000,1.000000,0.000000,-1.000000
0.012674909,4,46,union,16384,1,1.000000,1.000000,1.000000,{"1":1},1.000000,0.000000,0.000000,0.000000,1.000000,0.000000,-1.000000
0.013203730,4,48,read_only,64,1,1.000000,1.000000,1.000000,{"1":1},1.000000,0.000000,0.000000,0.000000,1.000000,0.000000,-1.000000
0.013203730,4,48,union,64,1,1.000000,1.000000,1.000000,{"1":1},1.000000,0.000000,0.000000,0.000000,1.000000,0.000000,-1.000000
0.013203730,4,48,snapshot,64,1,1.000000,1.000000,1.000000,{"1":1},1.000000,0.000000,0.000000,0.000000,1.000000,0.000000,-1.000000
0.013203730,4,48,read_only,256,1,1.000000,1.000000,1.000000,{"1":1},1.000000,0.000000,0.000000,0.000000,1.000000,0.000000,-1.000000
0.013203730,4,48,union,256,1,1.000000,1.000000,1.000000,{"1":1},1.000000,0.000000,0.000000,0.000000,1.000000,0.000000,-1.000000
0.013203730,4,48,snapshot,256,1,1.000000,1.000000,1.000000,{"1":1},1.000000,0.000000,0.000000,0.000000,1.000000,0.000000,-1.000000
0.013203730,4,48,read_only,1024,1,1.000000,1.000000,1.000000,{"1":1},1.000000,0.000000,0.000000,0.000000,1.000000,0.000000,-1.000000
0.013203730,4,48,union,1024,1,1.000000,1.000000,1.000000,{"1":1},1.000000,0.000000,0.000000,0.000000,1.000000,0.000000,-1.000000
0.013203730,4,48,snapshot,1024,1,1.000000,1.000000,1.000000,{"1":1},1.000000,0.000000,0.000000,0.000000,1.000000,0.000000,-1.000000
0.013203730,4,48,read_only,4096,1,1.000000,1.000000,1.000000,{"1":1},1.000000,0.000000,0.000000,0.000000,1.000000,0.000000,-1.000000
0.013203730,4,48,union,4096,1,1.000000,1.000000,1.000000,{"1":1},1.000000,0.000000,0.000000,0.000000,1.000000,0.000000,-1.000000
0.013203730,4,48,snapshot,4096,1,1.000000,1.000000,1.000000,{"1":1},1.000000,0.000000,0.000000,0.000000,1.000000,0.000000,-1.000000
0.013203730,4,48,read_only,16384,1,1.000000,1.000000,1.000000,{"1":1},1.000000,0.000000,0.000000,0.000000,1.000000,0.000000,-1.000000
0.013203730,4,48,union,16384,1,1.000000,1.000000,1.000000,{"1":1},1.000000,0.000000,0.000000,0.000000,1.000000,0.000000,-1.000000
0.013203730,4,48,snapshot,16384,1,1.000000,1.000000,1.000000,{"1":1},1.000000,0.000000,0.000000,0.000000,1.000000,0.000000,-1.000000
0.013449486,4,49,read_only,64,1,1.000000,1.000000,1.000000,{"1":1},1.000000,0.000000,0.000000,0.000000,1.000000,0.000000,-1.000000
0.013449486,4,49,union,64,1,1.000000,1.000000,1.000000,{"1":1},1.000000,0.000000,0.000000,0.000000,1.000000,0.000000,-1.000000
0.013449486,4,49,snapshot,64,2,1.000000,1.000000,1.000000,{"1":2},1.000000,0.000000,0.000000,0.000000,1.000000,0.000000,-1.000000
0.013449486,4,49,read_only,256,1,1.000000,1.000000,1.000000,{"1":1},1.000000,0.000000,0.000000,0.000000,1.000000,0.000000,-1.000000
0.013449486,4,49,union,256,1,1.000000,1.000000,1.000000,{"1":1},1.000000,0.000000,0.000000,0.000000,1.000000,0.000000,-1.000000
0.013449486,4,49,snapshot,256,2,1.000000,1.000000,1.000000,{"1":2},1.000000,0.000000,0.000000,0.000000,1.000000,0.000000,-1.000000
0.013449486,4,49,read_only,1024,1,1.000000,1.000000,1.000000,{"1":1},1.000000,0.000000,0.000000,0.000000,1.000000,0.000000,-1.000000
0.013449486,4,49,union,1024,1,1.000000,1.000000,1.000000,{"1":1},1.000000,0.000000,0.000000,0.000000,1.000000,0.000000,-1.000000
0.013449486,4,49,snapshot,1024,2,1.000000,1.000000,1.000000,{"1":2},1.000000,0.000000,0.000000,0.000000,1.000000,0.000000,-1.000000
0.013449486,4,49,read_only,4096,1,1.000000,1.000000,1.000000,{"1":1},1.000000,0.000000,0.000000,0.000000,1.000000,0.000000,-1.000000
0.013449486,4,49,union,4096,1,1.000000,1.000000,1.000000,{"1":1},1.000000,0.000000,0.000000,0.000000,1.000000,0.000000,-1.000000
0.013449486,4,49,snapshot,4096,2,1.000000,1.000000,1.000000,{"1":2},1.000000,0.000000,0.000000,0.000000,1.000000,0.000000,-1.000000
0.013449486,4,49,read_only,16384,1,1.000000,1.000000,1.000000,{"1":1},1.000000,0.000000,0.000000,0.000000,1.000000,0.000000,-1.000000
0.013449486,4,49,union,16384,1,1.000000,1.000000,1.000000,{"1":1},1.000000,0.000000,0.000000,0.000000,1.000000,0.000000,-1.000000
0.013449486,4,49,snapshot,16384,2,1.000000,1.000000,1.000000,{"1":2},1.000000,0.000000,0.000000,0.000000,1.000000,0.000000,-1.000000
0.013700944,4,50,read_only,64,4,1.000000,1.000000,1.000000,{"1":4},1.000000,0.000000,0.000000,0.000000,1.000000,0.000000,-1.000000
0.013700944,4,50,union,64,4,1.000000,1.000000,1.000000,{"1":4},1.000000,0.000000,0.000000,0.000000,1.000000,0.000000,-1.000000
0.013700944,4,50,snapshot,64,6,1.000000,1.000000,1.000000,{"1":6},1.000000,0.000000,0.000000,0.000000,1.000000,0.000000,-1.000000
0.013700944,4,50,read_only,256,4,1.000000,1.000000,1.000000,{"1":4},1.000000,0.000000,0.000000,0.000000,1.000000,0.000000,-1.000000
0.013700944,4,50,union,256,4,1.000000,1.000000,1.000000,{"1":4},1.000000,0.000000,0.000000,0.000000,1.000000,0.000000,-1.000000
0.013700944,4,50,snapshot,256,6,1.000000,1.000000,1.000000,{"1":6},1.000000,0.000000,0.000000,0.000000,1.000000,0.000000,-1.000000
0.013700944,4,50,read_only,1024,4,1.000000,1.000000,1.000000,{"1":4},1.000000,0.000000,0.000000,0.000000,1.000000,0.000000,-1.000000
0.013700944,4,50,union,1024,4,1.000000,1.000000,1.000000,{"1":4},1.000000,0.000000,0.000000,0.000000,1.000000,0.000000,-1.000000
0.013700944,4,50,snapshot,1024,6,1.000000,1.000000,1.000000,{"1":6},1.000000,0.000000,0.000000,0.000000,1.000000,0.000000,-1.000000
0.013700944,4,50,read_only,4096,4,1.000000,1.000000,1.000000,{"1":4},1.000000,0.000000,0.000000,0.000000,1.000000,0.000000,-1.000000
0.013700944,4,50,union,4096,4,1.000000,1.000000,1.000000,{"1":4},1.000000,0.000000,0.000000,0.000000,1.000000,0.000000,-1.000000
0.013700944,4,50,snapshot,4096,6,1.000000,1.000000,1.000000,{"1":6},1.000000,0.000000,0.000000,0.000000,1.000000,0.000000,-1.000000
0.013700944,4,50,read_only,16384,4,1.000000,1.000000,1.000000,{"1":4},1.000000,0.000000,0.000000,0.000000,1.000000,0.000000,-1.000000
0.013700944,4,50,union,16384,4,1.000000,1.000000,1.000000,{"1":4},1.000000,0.000000,0.000000,0.000000,1.000000,0.000000,-1.000000
0.013700944,4,50,snapshot,16384,6,1.000000,1.000000,1.000000,{"1":6},1.000000,0.000000,0.000000,0.000000,1.000000,0.000000,-1.000000
0.013961480,4,51,snapshot,64,6,1.000000,1.000000,1.000000,{"1":6},1.000000,0.000000,0.000000,0.000000,1.000000,0.000000,-1.000000
0.013961480,4,51,snapshot,256,6,1.000000,1.000000,1.000000,{"1":6},1.000000,0.000000,0.000000,0.000000,1.000000,0.000000,-1.000000
0.013961480,4,51,snapshot,1024,6,1.000000,1.000000,1.000000,{"1":6},1.000000,0.000000,0.000000,0.000000,1.000000,0.000000,-1.000000
0.013961480,4,51,snapshot,4096,6,1.000000,1.000000,1.000000,{"1":6},1.000000,0.000000,0.000000,0.000000,1.000000,0.000000,-1.000000
0.013961480,4,51,snapshot,16384,6,1.000000,1.000000,1.000000,{"1":6},1.000000,0.000000,0.000000,0.000000,1.000000,0.000000,-1.000000
0.014235854,4,52,read_only,64,1,1.000000,1.000000,1.000000,{"1":1},1.000000,0.000000,0.000000,0.000000,1.000000,0.000000,-1.000000
0.014235854,4,52,union,64,1,1.000000,1.000000,1.000000,{"1":1},1.000000,0.000000,0.000000,0.000000,1.000000,0.000000,-1.000000
0.014235854,4,52,snapshot,64,7,1.000000,1.000000,1.000000,{"1":7},1.000000,0.000000,0.000000,0.000000,1.000000,0.000000,-1.000000
0.014235854,4,52,read_only,256,1,1.000000,1.000000,1.000000,{"1":1},1.000000,0.000000,0.000000,0.000000,1.000000,0.000000,-1.000000
0.014235854,4,52,union,256,1,1.000000,1.000000,1.000000,{"1":1},1.000000,0.000000,0.000000,0.000000,1.000000,0.000000,-1.000000
0.014235854,4,52,snapshot,256,7,1.000000,1.000000,1.000000,{"1":7},1.000000,0.000000,0.000000,0.000000,1.000000,0.000000,-1.000000
0.014235854,4,52,read_only,1024,1,1.000000,1.000000,1.000000,{"1":1},1.000000,0.000000,0.000000,0.000000,1.000000,0.000000,-1.000000
0.014235854,4,52,union,1024,1,1.000000,1.000000,1.000000,{"1":1},1.000000,0.000000,0.000000,0.000000,1.000000,0.000000,-1.000000
0.014235854,4,52,snapshot,1024,7,1.000000,1.000000,1.000000,{"1":7},1.000000,0.000000,0.000000,0.000000,1.000000,0.000000,-1.000000
0.014235854,4,52,read_only,4096,1,1.000000,1.000000,1.000000,{"1":1},1.000000,0.000000,0.000000,0.000000,1.000000,0.000000,-1.000000
0.014235854,4,52,union,4096,1,1.000000,1.000000,1.000000,{"1":1},1.000000,0.000000,0.000000,0.000000,1.000000,0.000000,-1.000000
0.014235854,4,52,snapshot,4096,7,1.000000,1.000000,1.000000,{"1":7},1.000000,0.000000,0.000000,0.000000,1.000000,0.000000,-1.000000
0.014235854,4,52,read_only,16384,1,1.000000,1.000000,1.000000,{"1":1},1.000000,0.000000,0.000000,0.000000,1.000000,0.000000,-1.000000
0.014235854,4,52,union,16384,1,1.000000,1.000000,1.000000,{"1":1},1.000000,0.000000,0.000000,0.000000,1.000000,0.000000,-1.000000
0.014235854,4,52,snapshot,16384,7,1.000000,1.000000,1.000000,{"1":7},1.000000,0.000000,0.000000,0.000000,1.000000,0.000000,-1.000000
0.014472744,4,53,read_only,64,1,1.000000,1.000000,1.000000,{"2":1},0.000000,1.000000,0.000000,0.000000,0.000000,1.000000,1.000000
0.014472744,4,53,union,64,1,1.000000,1.000000,1.000000,{"2":1},0.000000,1.000000,0.000000,0.000000,0.000000,1.000000,1.000000
0.014472744,4,53,snapshot,64,8,1.000000,1.000000,1.000000,{"1":7,"2":1},0.875000,0.125000,0.000000,0.000000,0.875000,0.125000,1.000000
0.014472744,4,53,read_only,256,1,1.000000,1.000000,1.000000,{"2":1},0.000000,1.000000,0.000000,0.000000,0.000000,1.000000,1.000000
0.014472744,4,53,union,256,1,1.000000,1.000000,1.000000,{"2":1},0.000000,1.000000,0.000000,0.000000,0.000000,1.000000,1.000000
0.014472744,4,53,snapshot,256,8,1.000000,1.000000,1.000000,{"1":7,"2":1},0.875000,0.125000,0.000000,0.000000,0.875000,0.125000,1.000000
0.014472744,4,53,read_only,1024,1,1.000000,1.000000,1.000000,{"2":1},0.000000,1.000000,0.000000,0.000000,0.000000,1.000000,1.000000
0.014472744,4,53,union,1024,1,1.000000,1.000000,1.000000,{"2":1},0.000000,1.000000,0.000000,0.000000,0.000000,1.000000,1.000000
0.014472744,4,53,snapshot,1024,8,1.000000,1.000000,1.000000,{"1":7,"2":1},0.875000,0.125000,0.000000,0.000000,0.875000,0.125000,1.000000
0.014472744,4,53,read_only,4096,1,1.000000,1.000000,1.000000,{"2":1},0.000000,1.000000,0.000000,0.000000,0.000000,1.000000,1.000000
0.014472744,4,53,union,4096,1,1.000000,1.000000,1.000000,{"2":1},0.000000,1.000000,0.000000,0.000000,0.000000,1.000000,1.000000
0.014472744,4,53,snapshot,4096,8,1.000000,1.000000,1.000000,{"1":7,"2":1},0.875000,0.125000,0.000000,0.000000,0.875000,0.125000,1.000000
0.014472744,4,53,read_only,16384,1,1.000000,1.000000,1.000000,{"2":1},0.000000,1.000000,0.000000,0.000000,0.000000,1.000000,1.000000
0.014472744,4,53,union,16384,1,1.000000,1.000000,1.000000,{"2":1},0.000000,1.000000,0.000000,0.000000,0.000000,1.000000,1.000000
0.014472744,4,53,snapshot,16384,8,1.000000,1.000000,1.000000,{"1":7,"2":1},0.875000,0.125000,0.000000,0.000000,0.875000,0.125000,1.000000
0.014703280,4,54,snapshot,64,8,1.000000,1.000000,1.000000,{"1":7,"2":1},0.875000,0.125000,0.000000,0.000000,0.875000,0.125000,1.000000
0.014703280,4,54,snapshot,256,8,1.000000,1.000000,1.000000,{"1":7,"2":1},0.875000,0.125000,0.000000,0.000000,0.875000,0.125000,1.000000
0.014703280,4,54,snapshot,1024,8,1.000000,1.000000,1.000000,{"1":7,"2":1},0.875000,0.125000,0.000000,0.000000,0.875000,0.125000,1.000000
0.014703280,4,54,snapshot,4096,8,1.000000,1.000000,1.000000,{"1":7,"2":1},0.875000,0.125000,0.000000,0.000000,0.875000,0.125000,1.000000
0.014703280,4,54,snapshot,16384,8,1.000000,1.000000,1.000000,{"1":7,"2":1},0.875000,0.125000,0.000000,0.000000,0.875000,0.125000,1.000000
0.015028578,4,55,read_only,64,3,1.000000,1.000000,1.000000,{"1":3},1.000000,0.000000,0.000000,0.000000,1.000000,0.000000,-1.000000
0.015028578,4,55,union,64,5,1.000000,1.000000,1.000000,{"1":5},1.000000,0.000000,0.000000,0.000000,1.000000,0.000000,-1.000000
0.015028578,4,55,snapshot,64,13,1.000000,1.000000,1.000000,{"1":12,"2":1},0.923077,0.076923,0.000000,0.000000,0.923077,0.076923,1.000000
0.015028578,4,55,read_only,256,3,1.000000,1.000000,1.000000,{"1":3},1.000000,0.000000,0.000000,0.000000,1.000000,0.000000,-1.000000
0.015028578,4,55,union,256,5,1.000000,1.000000,1.000000,{"1":5},1.000000,0.000000,0.000000,0.000000,1.000000,0.000000,-1.000000
0.015028578,4,55,snapshot,256,13,1.000000,1.000000,1.000000,{"1":12,"2":1},0.923077,0.076923,0.000000,0.000000,0.923077,0.076923,1.000000
0.015028578,4,55,read_only,1024,3,1.000000,1.000000,1.000000,{"1":3},1.000000,0.000000,0.000000,0.000000,1.000000,0.000000,-1.000000
0.015028578,4,55,union,1024,5,1.000000,1.000000,1.000000,{"1":5},1.000000,0.000000,0.000000,0.000000,1.000000,0.000000,-1.000000
0.015028578,4,55,snapshot,1024,13,1.000000,1.000000,1.000000,{"1":12,"2":1},0.923077,0.076923,0.000000,0.000000,0.923077,0.076923,1.000000
0.015028578,4,55,read_only,4096,3,1.000000,1.000000,1.000000,{"1":3},1.000000,0.000000,0.000000,0.000000,1.000000,0.000000,-1.000000
0.015028578,4,55,union,4096,5,1.000000,1.000000,1.000000,{"1":5},1.000000,0.000000,0.000000,0.000000,1.000000,0.000000,-1.000000
0.015028578,4,55,snapshot,4096,13,1.000000,1.000000,1.000000,{"1":12,"2":1},0.923077,0.076923,0.000000,0.000000,0.923077,0.076923,1.000000
0.015028578,4,55,read_only,16384,3,1.000000,1.000000,1.000000,{"1":3},1.000000,0.000000,0.000000,0.000000,1.000000,0.000000,-1.000000
0.015028578,4,55,union,16384,5,1.000000,1.000000,1.000000,{"1":5},1.000000,0.000000,0.000000,0.000000,1.000000,0.000000,-1.000000
0.015028578,4,55,snapshot,16384,13,1.000000,1.000000,1.000000,{"1":12,"2":1},0.923077,0.076923,0.000000,0.000000,0.923077,0.076923,1.000000
0.015265884,4,56,snapshot,64,13,1.000000,1.000000,1.000000,{"1":12,"2":1},0.923077,0.076923,0.000000,0.000000,0.923077,0.076923,1.000000
0.015265884,4,56,snapshot,256,13,1.000000,1.000000,1.000000,{"1":12,"2":1},0.923077,0.076923,0.000000,0.000000,0.923077,0.076923,1.000000
0.015265884,4,56,snapshot,1024,13,1.000000,1.000000,1.000000,{"1":12,"2":1},0.923077,0.076923,0.000000,0.000000,0.923077,0.076923,1.000000
0.015265884,4,56,snapshot,4096,13,1.000000,1.000000,1.000000,{"1":12,"2":1},0.923077,0.076923,0.000000,0.000000,0.923077,0.076923,1.000000
0.015265884,4,56,snapshot,16384,13,1.000000,1.000000,1.000000,{"1":12,"2":1},0.923077,0.076923,0.000000,0.000000,0.923077,0.076923,1.000000
0.015567780,4,57,snapshot,64,13,1.000000,1.000000,1.000000,{"1":12,"2":1},0.923077,0.076923,0.000000,0.000000,0.923077,0.076923,1.000000
0.015567780,4,57,snapshot,256,13,1.000000,1.000000,1.000000,{"1":12,"2":1},0.923077,0.076923,0.000000,0.000000,0.923077,0.076923,1.000000
0.015567780,4,57,snapshot,1024,13,1.000000,1.000000,1.000000,{"1":12,"2":1},0.923077,0.076923,0.000000,0.000000,0.923077,0.076923,1.000000
0.015567780,4,57,snapshot,4096,13,1.000000,1.000000,1.000000,{"1":12,"2":1},0.923077,0.076923,0.000000,0.000000,0.923077,0.076923,1.000000
0.015567780,4,57,snapshot,16384,13,1.000000,1.000000,1.000000,{"1":12,"2":1},0.923077,0.076923,0.000000,0.000000,0.923077,0.076923,1.000000
0.016059359,4,59,read_only,64,5,1.000000,1.000000,1.000000,{"1":5},1.000000,0.000000,0.000000,0.000000,1.000000,0.000000,-1.000000
0.016059359,4,59,union,64,5,1.000000,1.000000,1.000000,{"1":5},1.000000,0.000000,0.000000,0.000000,1.000000,0.000000,-1.000000
0.016059359,4,59,snapshot,64,5,1.000000,1.000000,1.000000,{"1":5},1.000000,0.000000,0.000000,0.000000,1.000000,0.000000,-1.000000
0.016059359,4,59,read_only,256,5,1.000000,1.000000,1.000000,{"1":5},1.000000,0.000000,0.000000,0.000000,1.000000,0.000000,-1.000000
0.016059359,4,59,union,256,5,1.000000,1.000000,1.000000,{"1":5},1.000000,0.000000,0.000000,0.000000,1.000000,0.000000,-1.000000
0.016059359,4,59,snapshot,256,5,1.000000,1.000000,1.000000,{"1":5},1.000000,0.000000,0.000000,0.000000,1.000000,0.000000,-1.000000
0.016059359,4,59,read_only,1024,5,1.000000,1.000000,1.000000,{"1":5},1.000000,0.000000,0.000000,0.000000,1.000000,0.000000,-1.000000
0.016059359,4,59,union,1024,5,1.000000,1.000000,1.000000,{"1":5},1.000000,0.000000,0.000000,0.000000,1.000000,0.000000,-1.000000
0.016059359,4,59,snapshot,1024,5,1.000000,1.000000,1.000000,{"1":5},1.000000,0.000000,0.000000,0.000000,1.000000,0.000000,-1.000000
0.016059359,4,59,read_only,4096,5,1.000000,1.000000,1.000000,{"1":5},1.000000,0.000000,0.000000,0.000000,1.000000,0.000000,-1.000000
0.016059359,4,59,union,4096,5,1.000000,1.000000,1.000000,{"1":5},1.000000,0.000000,0.000000,0.000000,1.000000,0.000000,-1.000000
0.016059359,4,59,snapshot,4096,5,1.000000,1.000000,1.000000,{"1":5},1.000000,0.000000,0.000000,0.000000,1.000000,0.000000,-1.000000
0.016059359,4,59,read_only,16384,5,1.000000,1.000000,1.000000,{"1":5},1.000000,0.000000,0.000000,0.000000,1.000000,0.000000,-1.000000
0.016059359,4,59,union,16384,5,1.000000,1.000000,1.000000,{"1":5},1.000000,0.000000,0.000000,0.000000,1.000000,0.000000,-1.000000
0.016059359,4,59,snapshot,16384,5,1.000000,1.000000,1.000000,{"1":5},1.000000,0.000000,0.000000,0.000000,1.000000,0.000000,-1.000000
0.016358512,4,60,snapshot,64,5,1.000000,1.000000,1.000000,{"1":5},1.000000,0.000000,0.000000,0.000000,1.000000,0.000000,-1.000000
0.016358512,4,60,snapshot,256,5,1.000000,1.000000,1.000000,{"1":5},1.000000,0.000000,0.000000,0.000000,1.000000,0.000000,-1.000000
0.016358512,4,60,snapshot,1024,5,1.000000,1.000000,1.000000,{"1":5},1.000000,0.000000,0.000000,0.000000,1.000000,0.000000,-1.000000
0.016358512,4,60,snapshot,4096,5,1.000000,1.000000,1.000000,{"1":5},1.000000,0.000000,0.000000,0.000000,1.000000,0.000000,-1.000000
0.016358512,4,60,snapshot,16384,5,1.000000,1.000000,1.000000,{"1":5},1.000000,0.000000,0.000000,0.000000,1.000000,0.000000,-1.000000
0.016615784,4,61,read_only,64,1,1.000000,1.000000,1.000000,{"1":1},1.000000,0.000000,0.000000,0.000000,1.000000,0.000000,-1.000000
0.016615784,4,61,union,64,3,1.000000,1.000000,1.000000,{"1":3},1.000000,0.000000,0.000000,0.000000,1.000000,0.000000,-1.000000
0.016615784,4,61,snapshot,64,8,1.000000,1.000000,1.000000,{"1":8},1.000000,0.000000,0.000000,0.000000,1.000000,0.000000,-1.000000
0.016615784,4,61,read_only,256,1,1.000000,1.000000,1.000000,{"1":1},1.000000,0.000000,0.000000,0.000000,1.000000,0.000000,-1.000000
0.016615784,4,61,union,256,3,1.000000,1.000000,1.000000,{"1":3},1.000000,0.000000,0.000000,0.000000,1.000000,0.000000,-1.000000
0.016615784,4,61,snapshot,256,8,1.000000,1.000000,1.000000,{"1":8},1.000000,0.000000,0.000000,0.000000,1.000000,0.000000,-1.000000
0.016615784,4,61,read_only,1024,1,1.000000,1.000000,1.000000,{"1":1},1.000000,0.000000,0.000000,0.000000,1.000000,0.000000,-1.000000
0.016615784,4,61,union,1024,3,1.000000,1.000000,1.000000,{"1":3},1.000000,0.000000,0.000000,0.000000,1.000000,0.000000,-1.000000
0.016615784,4,61,snapshot,1024,8,1.000000,1.000000,1.000000,{"1":8},1.000000,0.000000,0.000000,0.000000,1.000000,0.000000,-1.000000
0.016615784,4,61,read_only,4096,1,1.000000,1.000000,1.000000,{"1":1},1.000000,0.000000,0.000000,0.000000,1.000000,0.000000,-1.000000
0.016615784,4,61,union,4096,3,1.000000,1.000000,1.000000,{"1":3},1.000000,0.000000,0.000000,0.000000,1.000000,0.000000,-1.000000
0.016615784,4,61,snapshot,4096,8,1.000000,1.000000,1.000000,{"1":8},1.000000,0.000000,0.000000,0.000000,1.000000,0.000000,-1.000000
0.016615784,4,61,read_only,16384,1,1.000000,1.000000,1.000000,{"1":1},1.000000,0.000000,0.000000,0.000000,1.000000,0.000000,-1.000000
0.016615784,4,61,union,16384,3,1.000000,1.000000,1.000000,{"1":3},1.000000,0.000000,0.000000,0.000000,1.000000,0.000000,-1.000000
0.016615784,4,61,snapshot,16384,8,1.000000,1.000000,1.000000,{"1":8},1.000000,0.000000,0.000000,0.000000,1.000000,0.000000,-1.000000
0.016900504,4,62,read_only,64,1,1.000000,1.000000,1.000000,{"1":1},1.000000,0.000000,0.000000,0.000000,1.000000,0.000000,-1.000000
0.016900504,4,62,union,64,1,1.000000,1.000000,1.000000,{"1":1},1.000000,0.000000,0.000000,0.000000,1.000000,0.000000,-1.000000
0.016900504,4,62,snapshot,64,9,1.000000,1.000000,1.000000,{"1":9},1.000000,0.000000,0.000000,0.000000,1.000000,0.000000,-1.000000
0.016900504,4,62,read_only,256,1,1.000000,1.000000,1.000000,{"1":1},1.000000,0.000000,0.000000,0.000000,1.000000,0.000000,-1.000000
0.016900504,4,62,union,256,1,1.000000,1.000000,1.000000,{"1":1},1.000000,0.000000,0.000000,0.000000,1.000000,0.000000,-1.000000
0.016900504,4,62,snapshot,256,9,1.000000,1.000000,1.000000,{"1":9},1.000000,0.000000,0.000000,0.000000,1.000000,0.000000,-1.000000
0.016900504,4,62,read_only,1024,1,1.000000,1.000000,1.000000,{"1":1},1.000000,0.000000,0.000000,0.000000,1.000000,0.000000,-1.000000
0.016900504,4,62,union,1024,1,1.000000,1.000000,1.000000,{"1":1},1.000000,0.000000,0.000000,0.000000,1.000000,0.000000,-1.000000
0.016900504,4,62,snapshot,1024,9,1.000000,1.000000,1.000000,{"1":9},1.000000,0.000000,0.000000,0.000000,1.000000,0.000000,-1.000000
0.016900504,4,62,read_only,4096,1,1.000000,1.000000,1.000000,{"1":1},1.000000,0.000000,0.000000,0.000000,1.000000,0.000000,-1.000000
0.016900504,4,62,union,4096,1,1.000000,1.000000,1.000000,{"1":1},1.000000,0.000000,0.000000,0.000000,1.000000,0.000000,-1.000000
0.016900504,4,62,snapshot,4096,9,1.000000,1.000000,1.000000,{"1":9},1.000000,0.000000,0.000000,0.000000,1.000000,0.000000,-1.000000
0.016900504,4,62,read_only,16384,1,1.000000,1.000000,1.000000,{"1":1},1.000000,0.000000,0.000000,0.000000,1.000000,0.000000,-1.000000
0.016900504,4,62,union,16384,1,1.000000,1.000000,1.000000,{"1":1},1.000000,0.000000,0.000000,0.000000,1.000000,0.000000,-1.000000
0.016900504,4,62,snapshot,16384,9,1.000000,1.000000,1.000000,{"1":9},1.000000,0.000000,0.000000,0.000000,1.000000,0.000000,-1.000000
0.017163824,4,63,snapshot,64,9,1.000000,1.000000,1.000000,{"1":9},1.000000,0.000000,0.000000,0.000000,1.000000,0.000000,-1.000000
0.017163824,4,63,snapshot,256,9,1.000000,1.000000,1.000000,{"1":9},1.000000,0.000000,0.000000,0.000000,1.000000,0.000000,-1.000000
0.017163824,4,63,snapshot,1024,9,1.000000,1.000000,1.000000,{"1":9},1.000000,0.000000,0.000000,0.000000,1.000000,0.000000,-1.000000
0.017163824,4,63,snapshot,4096,9,1.000000,1.000000,1.000000,{"1":9},1.000000,0.000000,0.000000,0.000000,1.000000,0.000000,-1.000000
0.017163824,4,63,snapshot,16384,9,1.000000,1.000000,1.000000,{"1":9},1.000000,0.000000,0.000000,0.000000,1.000000,0.000000,-1.000000
0.017442146,4,64,read_only,64,2,1.000000,1.000000,1.000000,{"1":2},1.000000,0.000000,0.000000,0.000000,1.000000,0.000000,-1.000000
0.017442146,4,64,union,64,2,1.000000,1.000000,1.000000,{"1":2},1.000000,0.000000,0.000000,0.000000,1.000000,0.000000,-1.000000
0.017442146,4,64,snapshot,64,11,1.000000,1.000000,1.000000,{"1":11},1.000000,0.000000,0.000000,0.000000,1.000000,0.000000,-1.000000
0.017442146,4,64,read_only,256,2,1.000000,1.000000,1.000000,{"1":2},1.000000,0.000000,0.000000,0.000000,1.000000,0.000000,-1.000000
0.017442146,4,64,union,256,2,1.000000,1.000000,1.000000,{"1":2},1.000000,0.000000,0.000000,0.000000,1.000000,0.000000,-1.000000
0.017442146,4,64,snapshot,256,11,1.000000,1.000000,1.000000,{"1":11},1.000000,0.000000,0.000000,0.000000,1.000000,0.000000,-1.000000
0.017442146,4,64,read_only,1024,2,1.000000,1.000000,1.000000,{"1":2},1.000000,0.000000,0.000000,0.000000,1.000000,0.000000,-1.000000
0.017442146,4,64,union,1024,2,1.000000,1.000000,1.000000,{"1":2},1.000000,0.000000,0.000000,0.000000,1.000000,0.000000,-1.000000
0.017442146,4,64,snapshot,1024,11,1.000000,1.000000,1.000000,{"1":11},1.000000,0.000000,0.000000,0.000000,1.000000,0.000000,-1.000000
0.017442146,4,64,read_only,4096,2,1.000000,1.000000,1.000000,{"1":2},1.000000,0.000000,0.000000,0.000000,1.000000,0.000000,-1.000000
0.017442146,4,64,union,4096,2,1.000000,1.000000,1.000000,{"1":2},1.000000,0.000000,0.000000,0.000000,1.000000,0.000000,-1.000000
0.017442146,4,64,snapshot,4096,11,1.000000,1.000000,1.000000,{"1":11},1.000000,0.000000,0.000000,0.000000,1.000000,0.000000,-1.000000
0.017442146,4,64,read_only,16384,2,1.000000,1.000000,1.000000,{"1":2},1.000000,0.000000,0.000000,0.000000,1.000000,0.000000,-1.000000
0.017442146,4,64,union,16384,2,1.000000,1.000000,1.000000,{"1":2},1.000000,0.000000,0.000000,0.000000,1.000000,0.000000,-1.000000
0.017442146,4,64,snapshot,16384,11,1.000000,1.000000,1.000000,{"1":11},1.000000,0.000000,0.000000,0.000000,1.000000,0.000000,-1.000000
0.017679658,4,65,read_only,64,6,1.000000,1.000000,1.000000,{"1":5,"2":1},0.833333,0.166667,0.000000,0.000000,0.833333,0.166667,1.000000
0.017679658,4,65,union,64,6,1.000000,1.000000,1.000000,{"1":5,"2":1},0.833333,0.166667,0.000000,0.000000,0.833333,0.166667,1.000000
0.017679658,4,65,snapshot,64,17,1.000000,1.000000,1.000000,{"1":16,"2":1},0.941176,0.058824,0.000000,0.000000,0.941176,0.058824,1.000000
0.017679658,4,65,read_only,256,6,1.000000,1.000000,1.000000,{"1":5,"2":1},0.833333,0.166667,0.000000,0.000000,0.833333,0.166667,1.000000
0.017679658,4,65,union,256,6,1.000000,1.000000,1.000000,{"1":5,"2":1},0.833333,0.166667,0.000000,0.000000,0.833333,0.166667,1.000000
0.017679658,4,65,snapshot,256,17,1.000000,1.000000,1.000000,{"1":16,"2":1},0.941176,0.058824,0.000000,0.000000,0.941176,0.058824,1.000000
0.017679658,4,65,read_only,1024,6,1.000000,1.000000,1.000000,{"1":5,"2":1},0.833333,0.166667,0.000000,0.000000,0.833333,0.166667,1.000000
0.017679658,4,65,union,1024,6,1.000000,1.000000,1.000000,{"1":5,"2":1},0.833333,0.166667,0.000000,0.000000,0.833333,0.166667,1.000000
0.017679658,4,65,snapshot,1024,17,1.000000,1.000000,1.000000,{"1":16,"2":1},0.941176,0.058824,0.000000,0.000000,0.941176,0.058824,1.000000
0.017679658,4,65,read_only,4096,6,1.000000,1.000000,1.000000,{"1":5,"2":1},0.833333,0.166667,0.000000,0.000000,0.833333,0.166667,1.000000
0.017679658,4,65,union,4096,6,1.000000,1.000000,1.000000,{"1":5,"2":1},0.833333,0.166667,0.000000,0.000000,0.833333,0.166667,1.000000
0.017679658,4,65,snapshot,4096,17,1.000000,1.000000,1.000000,{"1":16,"2":1},0.941176,0.058824,0.000000,0.000000,0.941176,0.058824,1.000000
0.017679658,4,65,read_only,16384,6,1.000000,1.000000,1.000000,{"1":5,"2":1},0.833333,0.166667,0.000000,0.000000,0.833333,0.166667,1.000000
0.017679658,4,65,union,16384,6,1.000000,1.000000,1.000000,{"1":5,"2":1},0.833333,0.166667,0.000000,0.000000,0.833333,0.166667,1.000000
0.017679658,4,65,snapshot,16384,17,1.000000,1.000000,1.000000,{"1":16,"2":1},0.941176,0.058824,0.000000,0.000000,0.941176,0.058824,1.000000
0.017915256,4,66,snapshot,64,17,1.000000,1.000000,1.000000,{"1":16,"2":1},0.941176,0.058824,0.000000,0.000000,0.941176,0.058824,1.000000
0.017915256,4,66,snapshot,256,17,1.000000,1.000000,1.000000,{"1":16,"2":1},0.941176,0.058824,0.000000,0.000000,0.941176,0.058824,1.000000
0.017915256,4,66,snapshot,1024,17,1.000000,1.000000,1.000000,{"1":16,"2":1},0.941176,0.058824,0.000000,0.000000,0.941176,0.058824,1.000000
0.017915256,4,66,snapshot,4096,17,1.000000,1.000000,1.000000,{"1":16,"2":1},0.941176,0.058824,0.000000,0.000000,0.941176,0.058824,1.000000
0.017915256,4,66,snapshot,16384,17,1.000000,1.000000,1.000000,{"1":16,"2":1},0.941176,0.058824,0.000000,0.000000,0.941176,0.058824,1.000000
0.018269769,4,67,read_only,64,2,1.000000,1.000000,1.000000,{"1":2},1.000000,0.000000,0.000000,0.000000,1.000000,0.000000,-1.000000
0.018269769,4,67,union,64,7,1.000000,1.000000,1.000000,{"1":7},1.000000,0.000000,0.000000,0.000000,1.000000,0.000000,-1.000000
0.018269769,4,67,snapshot,64,24,1.000000,1.000000,1.000000,{"1":23,"2":1},0.958333,0.041667,0.000000,0.000000,0.958333,0.041667,1.000000
0.018269769,4,67,read_only,256,2,1.000000,1.000000,1.000000,{"1":2},1.000000,0.000000,0.000000,0.000000,1.000000,0.000000,-1.000000
0.018269769,4,67,union,256,7,1.000000,1.000000,1.000000,{"1":7},1.000000,0.000000,0.000000,0.000000,1.000000,0.000000,-1.000000
0.018269769,4,67,snapshot,256,24,1.000000,1.000000,1.000000,{"1":23,"2":1},0.958333,0.041667,0.000000,0.000000,0.958333,0.041667,1.000000
0.018269769,4,67,read_only,1024,2,1.000000,1.000000,1.000000,{"1":2},1.000000,0.000000,0.000000,0.000000,1.000000,0.000000,-1.000000
0.018269769,4,67,union,1024,7,1.000000,1.000000,1.000000,{"1":7},1.000000,0.000000,0.000000,0.000000,1.000000,0.000000,-1.000000
0.018269769,4,67,snapshot,1024,24,1.000000,1.000000,1.000000,{"1":23,"2":1},0.958333,0.041667,0.000000,0.000000,0.958333,0.041667,1.000000
0.018269769,4,67,read_only,4096,2,1.000000,1.000000,1.000000,{"1":2},1.000000,0.000000,0.000000,0.000000,1.000000,0.000000,-1.000000
0.018269769,4,67,union,4096,7,1.000000,1.000000,1.000000,{"1":7},1.000000,0.000000,0.000000,0.000000,1.000000,0.000000,-1.000000
0.018269769,4,67,snapshot,4096,24,1.000000,1.000000,1.000000,{"1":23,"2":1},0.958333,0.041667,0.000000,0.000000,0.958333,0.041667,1.000000
0.018269769,4,67,read_only,16384,2,1.000000,1.000000,1.000000,{"1":2},1.000000,0.000000,0.000000,0.000000,1.000000,0.000000,-1.000000
0.018269769,4,67,union,16384,7,1.000000,1.000000,1.000000,{"1":7},1.000000,0.000000,0.000000,0.000000,1.000000,0.000000,-1.000000
0.018269769,4,67,snapshot,16384,24,1.000000,1.000000,1.000000,{"1":23,"2":1},0.958333,0.041667,0.000000,0.000000,0.958333,0.041667,1.000000
0.018520006,4,68,union,64,2,1.000000,1.000000,1.000000,{"1":2},1.000000,0.000000,0.000000,0.000000,1.000000,0.000000,-1.000000
0.018520006,4,68,snapshot,64,24,1.000000,1.000000,1.000000,{"1":23,"2":1},0.958333,0.041667,0.000000,0.000000,0.958333,0.041667,1.000000
0.018520006,4,68,union,256,2,1.000000,1.000000,1.000000,{"1":2},1.000000,0.000000,0.000000,0.000000,1.000000,0.000000,-1.000000
0.018520006,4,68,snapshot,256,24,1.000000,1.000000,1.000000,{"1":23,"2":1},0.958333,0.041667,0.000000,0.000000,0.958333,0.041667,1.000000
0.018520006,4,68,union,1024,2,1.000000,1.000000,1.000000,{"1":2},1.000000,0.000000,0.000000,0.000000,1.000000,0.000000,-1.000000
0.018520006,4,68,snapshot,1024,24,1.000000,1.000000,1.000000,{"1":23,"2":1},0.958333,0.041667,0.000000,0.000000,0.958333,0.041667,1.000000
0.018520006,4,68,union,4096,2,1.000000,1.000000,1.000000,{"1":2},1.000000,0.000000,0.000000,0.000000,1.000000,0.000000,-1.000000
0.018520006,4,68,snapshot,4096,24,1.000000,1.000000,1.000000,{"1":23,"2":1},0.958333,0.041667,0.000000,0.000000,0.958333,0.041667,1.000000
0.018520006,4,68,union,16384,2,1.000000,1.000000,1.000000,{"1":2},1.000000,0.000000,0.000000,0.000000,1.000000,0.000000,-1.000000
0.018520006,4,68,snapshot,16384,24,1.000000,1.000000,1.000000,{"1":23,"2":1},0.958333,0.041667,0.000000,0.000000,0.958333,0.041667,1.000000
0.018847693,4,69,read_only,64,2,1.000000,1.000000,1.000000,{"1":2},1.000000,0.000000,0.000000,0.000000,1.000000,0.000000,-1.000000
0.018847693,4,69,union,64,2,1.000000,1.000000,1.000000,{"1":2},1.000000,0.000000,0.000000,0.000000,1.000000,0.000000,-1.000000
0.018847693,4,69,snapshot,64,26,1.000000,1.000000,1.000000,{"1":25,"2":1},0.961538,0.038462,0.000000,0.000000,0.961538,0.038462,1.000000
0.018847693,4,69,read_only,256,2,1.000000,1.000000,1.000000,{"1":2},1.000000,0.000000,0.000000,0.000000,1.000000,0.000000,-1.000000
0.018847693,4,69,union,256,2,1.000000,1.000000,1.000000,{"1":2},1.000000,0.000000,0.000000,0.000000,1.000000,0.000000,-1.000000
0.018847693,4,69,snapshot,256,26,1.000000,1.000000,1.000000,{"1":25,"2":1},0.961538,0.038462,0.000000,0.000000,0.961538,0.038462,1.000000
0.018847693,4,69,read_only,1024,2,1.000000,1.000000,1.000000,{"1":2},1.000000,0.000000,0.000000,0.000000,1.000000,0.000000,-1.000000
0.018847693,4,69,union,1024,2,1.000000,1.000000,1.000000,{"1":2},1.000000,0.000000,0.000000,0.000000,1.000000,0.000000,-1.000000
0.018847693,4,69,snapshot,1024,26,1.000000,1.000000,1.000000,{"1":25,"2":1},0.961538,0.038462,0.000000,0.000000,0.961538,0.038462,1.000000
0.018847693,4,69,read_only,4096,2,1.000000,1.000000,1.000000,{"1":2},1.000000,0.000000,0.000000,0.000000,1.000000,0.000000,-1.000000
0.018847693,4,69,union,4096,2,1.000000,1.000000,1.000000,{"1":2},1.000000,0.000000,0.000000,0.000000,1.000000,0.000000,-1.000000
0.018847693,4,69,snapshot,4096,26,1.000000,1.000000,1.000000,{"1":25,"2":1},0.961538,0.038462,0.000000,0.000000,0.961538,0.038462,1.000000
0.018847693,4,69,read_only,16384,2,1.000000,1.000000,1.000000,{"1":2},1.000000,0.000000,0.000000,0.000000,1.000000,0.000000,-1.000000
0.018847693,4,69,union,16384,2,1.000000,1.000000,1.000000,{"1":2},1.000000,0.000000,0.000000,0.000000,1.000000,0.000000,-1.000000
0.018847693,4,69,snapshot,16384,26,1.000000,1.000000,1.000000,{"1":25,"2":1},0.961538,0.038462,0.000000,0.000000,0.961538,0.038462,1.000000
0.019151925,4,70,read_only,64,2,1.000000,1.000000,1.000000,{"1":1,"2":1},0.500000,0.500000,0.000000,0.000000,0.500000,0.500000,1.000000
0.019151925,4,70,union,64,4,1.000000,1.000000,1.000000,{"1":3,"2":1},0.750000,0.250000,0.000000,0.000000,0.750000,0.250000,1.000000
0.019151925,4,70,snapshot,64,4,1.000000,1.000000,1.000000,{"1":3,"2":1},0.750000,0.250000,0.000000,0.000000,0.750000,0.250000,1.000000
0.019151925,4,70,read_only,256,2,1.000000,1.000000,1.000000,{"1":1,"2":1},0.500000,0.500000,0.000000,0.000000,0.500000,0.500000,1.000000
0.019151925,4,70,union,256,4,1.000000,1.000000,1.000000,{"1":3,"2":1},0.750000,0.250000,0.000000,0.000000,0.750000,0.250000,1.000000
0.019151925,4,70,snapshot,256,4,1.000000,1.000000,1.000000,{"1":3,"2":1},0.750000,0.250000,0.000000,0.000000,0.750000,0.250000,1.000000
0.019151925,4,70,read_only,1024,2,1.000000,1.000000,1.000000,{"1":1,"2":1},0.500000,0.500000,0.000000,0.000000,0.500000,0.500000,1.000000
0.019151925,4,70,union,1024,4,1.000000,1.000000,1.000000,{"1":3,"2":1},0.750000,0.250000,0.000000,0.000000,0.750000,0.250000,1.000000
0.019151925,4,70,snapshot,1024,4,1.000000,1.000000,1.000000,{"1":3,"2":1},0.750000,0.250000,0.000000,0.000000,0.750000,0.250000,1.000000
0.019151925,4,70,read_only,4096,2,1.000000,1.000000,1.000000,{"1":1,"2":1},0.500000,0.500000,0.000000,0.000000,0.500000,0.500000,1.000000
0.019151925,4,70,union,4096,4,1.000000,1.000000,1.000000,{"1":3,"2":1},0.750000,0.250000,0.000000,0.000000,0.750000,0.250000,1.000000
0.019151925,4,70,snapshot,4096,4,1.000000,1.000000,1.000000,{"1":3,"2":1},0.750000,0.250000,0.000000,0.000000,0.750000,0.250000,1.000000
0.019151925,4,70,read_only,16384,2,1.000000,1.000000,1.000000,{"1":1,"2":1},0.500000,0.500000,0.000000,0.000000,0.500000,0.500000,1.000000
0.019151925,4,70,union,16384,4,1.000000,1.000000,1.000000,{"1":3,"2":1},0.750000,0.250000,0.000000,0.000000,0.750000,0.250000,1.000000
0.019151925,4,70,snapshot,16384,4,1.000000,1.000000,1.000000,{"1":3,"2":1},0.750000,0.250000,0.000000,0.000000,0.750000,0.250000,1.000000
0.019380569,4,71,snapshot,64,4,1.000000,1.000000,1.000000,{"1":3,"2":1},0.750000,0.250000,0.000000,0.000000,0.750000,0.250000,1.000000
0.019380569,4,71,snapshot,256,4,1.000000,1.000000,1.000000,{"1":3,"2":1},0.750000,0.250000,0.000000,0.000000,0.750000,0.250000,1.000000
0.019380569,4,71,snapshot,1024,4,1.000000,1.000000,1.000000,{"1":3,"2":1},0.750000,0.250000,0.000000,0.000000,0.750000,0.250000,1.000000
0.019380569,4,71,snapshot,4096,4,1.000000,1.000000,1.000000,{"1":3,"2":1},0.750000,0.250000,0.000000,0.000000,0.750000,0.250000,1.000000
0.019380569,4,71,snapshot,16384,4,1.000000,1.000000,1.000000,{"1":3,"2":1},0.750000,0.250000,0.000000,0.000000,0.750000,0.250000,1.000000
0.019779072,4,72,read_only,64,6,1.000000,1.000000,1.000000,{"1":6},1.000000,0.000000,0.000000,0.000000,1.000000,0.000000,-1.000000
0.019779072,4,72,union,64,11,1.000000,1.000000,1.000000,{"1":11},1.000000,0.000000,0.000000,0.000000,1.000000,0.000000,-1.000000
0.019779072,4,72,snapshot,64,15,1.000000,1.000000,1.000000,{"1":14,"2":1},0.933333,0.066667,0.000000,0.000000,0.933333,0.066667,1.000000
0.019779072,4,72,read_only,256,6,1.000000,1.000000,1.000000,{"1":6},1.000000,0.000000,0.000000,0.000000,1.000000,0.000000,-1.000000
0.019779072,4,72,union,256,11,1.000000,1.000000,1.000000,{"1":11},1.000000,0.000000,0.000000,0.000000,1.000000,0.000000,-1.000000
0.019779072,4,72,snapshot,256,15,1.000000,1.000000,1.000000,{"1":14,"2":1},0.933333,0.066667,0.000000,0.000000,0.933333,0.066667,1.000000
0.019779072,4,72,read_only,1024,6,1.000000,1.000000,1.000000,{"1":6},1.000000,0.000000,0.000000,0.000000,1.000000,0.000000,-1.000000
0.019779072,4,72,union,1024,11,1.000000,1.000000,1.000000,{"1":11},1.000000,0.000000,0.000000,0.000000,1.000000,0.000000,-1.000000
0.019779072,4,72,snapshot,1024,15,1.000000,1.000000,1.000000,{"1":14,"2":1},0.933333,0.066667,0.000000,0.000000,0.933333,0.066667,1.000000
0.019779072,4,72,read_only,4096,6,1.000000,1.000000,1.000000,{"1":6},1.000000,0.000000,0.000000,0.000000,1.000000,0.000000,-1.000000
0.019779072,4,72,union,4096,11,1.000000,1.000000,1.000000,{"1":11},1.000000,0.000000,0.000000,0.000000,1.000000,0.000000,-1.000000
0.019779072,4,72,snapshot,4096,15,1.000000,1.000000,1.000000,{"1":14,"2":1},0.933333,0.066667,0.000000,0.000000,0.933333,0.066667,1.000000
0.019779072,4,72,read_only,16384,6,1.000000,1.000000,1.000000,{"1":6},1.000000,0.000000,0.000000,0.000000,1.000000,0.000000,-1.000000
0.019779072,4,72,union,16384,11,1.000000,1.000000,1.000000,{"1":11},1.000000,0.000000,0.000000,0.000000,1.000000,0.000000,-1.000000
0.019779072,4,72,snapshot,16384,15,1.000000,1.000000,1.000000,{"1":14,"2":1},0.933333,0.066667,0.000000,0.000000,0.933333,0.066667,1.000000
0.020080747,4,73,snapshot,64,15,1.000000,1.000000,1.000000,{"1":14,"2":1},0.933333,0.066667,0.000000,0.000000,0.933333,0.066667,1.000000
0.020080747,4,73,snapshot,256,15,1.000000,1.000000,1.000000,{"1":14,"2":1},0.933333,0.066667,0.000000,0.000000,0.933333,0.066667,1.000000
0.020080747,4,73,snapshot,1024,15,1.000000,1.000000,1.000000,{"1":14,"2":1},0.933333,0.066667,0.000000,0.000000,0.933333,0.066667,1.000000
0.020080747,4,73,snapshot,4096,15,1.000000,1.000000,1.000000,{"1":14,"2":1},0.933333,0.066667,0.000000,0.000000,0.933333,0.066667,1.000000
0.020080747,4,73,snapshot,16384,15,1.000000,1.000000,1.000000,{"1":14,"2":1},0.933333,0.066667,0.000000,0.000000,0.933333,0.066667,1.000000
0.020346202,4,74,snapshot,64,15,1.000000,1.000000,1.000000,{"1":14,"2":1},0.933333,0.066667,0.000000,0.000000,0.933333,0.066667,1.000000
0.020346202,4,74,snapshot,256,15,1.000000,1.000000,1.000000,{"1":14,"2":1},0.933333,0.066667,0.000000,0.000000,0.933333,0.066667,1.000000
0.020346202,4,74,snapshot,1024,15,1.000000,1.000000,1.000000,{"1":14,"2":1},0.933333,0.066667,0.000000,0.000000,0.933333,0.066667,1.000000
0.020346202,4,74,snapshot,4096,15,1.000000,1.000000,1.000000,{"1":14,"2":1},0.933333,0.066667,0.000000,0.000000,0.933333,0.066667,1.000000
0.020346202,4,74,snapshot,16384,15,1.000000,1.000000,1.000000,{"1":14,"2":1},0.933333,0.066667,0.000000,0.000000,0.933333,0.066667,1.000000
0.020610034,4,75,snapshot,64,15,1.000000,1.000000,1.000000,{"1":14,"2":1},0.933333,0.066667,0.000000,0.000000,0.933333,0.066667,1.000000
0.020610034,4,75,snapshot,256,15,1.000000,1.000000,1.000000,{"1":14,"2":1},0.933333,0.066667,0.000000,0.000000,0.933333,0.066667,1.000000
0.020610034,4,75,snapshot,1024,15,1.000000,1.000000,1.000000,{"1":14,"2":1},0.933333,0.066667,0.000000,0.000000,0.933333,0.066667,1.000000
0.020610034,4,75,snapshot,4096,15,1.000000,1.000000,1.000000,{"1":14,"2":1},0.933333,0.066667,0.000000,0.000000,0.933333,0.066667,1.000000
0.020610034,4,75,snapshot,16384,15,1.000000,1.000000,1.000000,{"1":14,"2":1},0.933333,0.066667,0.000000,0.000000,0.933333,0.066667,1.000000
0.020903289,4,76,read_only,64,1,1.000000,1.000000,1.000000,{"1":1},1.000000,0.000000,0.000000,0.000000,1.000000,0.000000,-1.000000
0.020903289,4,76,union,64,1,1.000000,1.000000,1.000000,{"1":1},1.000000,0.000000,0.000000,0.000000,1.000000,0.000000,-1.000000
0.020903289,4,76,snapshot,64,16,1.000000,1.000000,1.000000,{"1":15,"2":1},0.937500,0.062500,0.000000,0.000000,0.937500,0.062500,1.000000
0.020903289,4,76,read_only,256,1,1.000000,1.000000,1.000000,{"1":1},1.000000,0.000000,0.000000,0.000000,1.000000,0.000000,-1.000000
0.020903289,4,76,union,256,1,1.000000,1.000000,1.000000,{"1":1},1.000000,0.000000,0.000000,0.000000,1.000000,0.000000,-1.000000
0.020903289,4,76,snapshot,256,16,1.000000,1.000000,1.000000,{"1":15,"2":1},0.937500,0.062500,0.000000,0.000000,0.937500,0.062500,1.000000
0.020903289,4,76,read_only,1024,1,1.000000,1.000000,1.000000,{"1":1},1.000000,0.000000,0.000000,0.000000,1.000000,0.000000,-1.000000
0.020903289,4,76,union,1024,1,1.000000,1.000000,1.000000,{"1":1},1.000000,0.000000,0.000000,0.000000,1.000000,0.000000,-1.000000
0.020903289,4,76,snapshot,1024,16,1.000000,1.000000,1.000000,{"1":15,"2":1},0.937500,0.062500,0.000000,0.000000,0.937500,0.062500,1.000000
0.020903289,4,76,read_only,4096,1,1.000000,1.000000,1.000000,{"1":1},1.000000,0.000000,0.000000,0.000000,1.000000,0.000000,-1.000000
0.020903289,4,76,union,4096,1,1.000000,1.000000,1.000000,{"1":1},1.000000,0.000000,0.000000,0.000000,1.000000,0.000000,-1.000000
0.020903289,4,76,snapshot,4096,16,1.000000,1.000000,1.000000,{"1":15,"2":1},0.937500,0.062500,0.000000,0.000000,0.937500,0.062500,1.000000
0.020903289,4,76,read_only,16384,1,1.000000,1.000000,1.000000,{"1":1},1.000000,0.000000,0.000000,0.000000,1.000000,0.000000,-1.000000
0.020903289,4,76,union,16384,1,1.000000,1.000000,1.000000,{"1":1},1.000000,0.000000,0.000000,0.000000,1.000000,0.000000,-1.000000
0.020903289,4,76,snapshot,16384,16,1.000000,1.000000,1.000000,{"1":15,"2":1},0.937500,0.062500,0.000000,0.000000,0.937500,0.062500,1.000000
0.021161431,4,77,snapshot,64,16,1.000000,1.000000,1.000000,{"1":15,"2":1},0.937500,0.062500,0.000000,0.000000,0.937500,0.062500,1.000000
0.021161431,4,77,snapshot,256,16,1.000000,1.000000,1.000000,{"1":15,"2":1},0.937500,0.062500,0.000000,0.000000,0.937500,0.062500,1.000000
0.021161431,4,77,snapshot,1024,16,1.000000,1.000000,1.000000,{"1":15,"2":1},0.937500,0.062500,0.000000,0.000000,0.937500,0.062500,1.000000
0.021161431,4,77,snapshot,4096,16,1.000000,1.000000,1.000000,{"1":15,"2":1},0.937500,0.062500,0.000000,0.000000,0.937500,0.062500,1.000000
0.021161431,4,77,snapshot,16384,16,1.000000,1.000000,1.000000,{"1":15,"2":1},0.937500,0.062500,0.000000,0.000000,0.937500,0.062500,1.000000
0.021410699,4,78,snapshot,64,16,1.000000,1.000000,1.000000,{"1":15,"2":1},0.937500,0.062500,0.000000,0.000000,0.937500,0.062500,1.000000
0.021410699,4,78,snapshot,256,16,1.000000,1.000000,1.000000,{"1":15,"2":1},0.937500,0.062500,0.000000,0.000000,0.937500,0.062500,1.000000
0.021410699,4,78,snapshot,1024,16,1.000000,1.000000,1.000000,{"1":15,"2":1},0.937500,0.062500,0.000000,0.000000,0.937500,0.062500,1.000000
0.021410699,4,78,snapshot,4096,16,1.000000,1.000000,1.000000,{"1":15,"2":1},0.937500,0.062500,0.000000,0.000000,0.937500,0.062500,1.000000
0.021410699,4,78,snapshot,16384,16,1.000000,1.000000,1.000000,{"1":15,"2":1},0.937500,0.062500,0.000000,0.000000,0.937500,0.062500,1.000000
0.021660139,4,79,read_only,64,10,1.000000,1.000000,1.000000,{"1":10},1.000000,0.000000,0.000000,0.000000,1.000000,0.000000,-1.000000
0.021660139,4,79,union,64,10,1.000000,1.000000,1.000000,{"1":10},1.000000,0.000000,0.000000,0.000000,1.000000,0.000000,-1.000000
0.021660139,4,79,snapshot,64,26,1.000000,1.000000,1.000000,{"1":25,"2":1},0.961538,0.038462,0.000000,0.000000,0.961538,0.038462,1.000000
0.021660139,4,79,read_only,256,10,1.000000,1.000000,1.000000,{"1":10},1.000000,0.000000,0.000000,0.000000,1.000000,0.000000,-1.000000
0.021660139,4,79,union,256,10,1.000000,1.000000,1.000000,{"1":10},1.000000,0.000000,0.000000,0.000000,1.000000,0.000000,-1.000000
0.021660139,4,79,snapshot,256,26,1.000000,1.000000,1.000000,{"1":25,"2":1},0.961538,0.038462,0.000000,0.000000,0.961538,0.038462,1.000000
0.021660139,4,79,read_only,1024,10,1.000000,1.000000,1.000000,{"1":10},1.000000,0.000000,0.000000,0.000000,1.000000,0.000000,-1.000000
0.021660139,4,79,union,1024,10,1.000000,1.000000,1.000000,{"1":10},1.000000,0.000000,0.000000,0.000000,1.000000,0.000000,-1.000000
0.021660139,4,79,snapshot,1024,26,1.000000,1.000000,1.000000,{"1":25,"2":1},0.961538,0.038462,0.000000,0.000000,0.961538,0.038462,1.000000
0.021660139,4,79,read_only,4096,10,1.000000,1.000000,1.000000,{"1":10},1.000000,0.000000,0.000000,0.000000,1.000000,0.000000,-1.000000
0.021660139,4,79,union,4096,10,1.000000,1.000000,1.000000,{"1":10},1.000000,0.000000,0.000000,0.000000,1.000000,0.000000,-1.000000
0.021660139,4,79,snapshot,4096,26,1.000000,1.000000,1.000000,{"1":25,"2":1},0.961538,0.038462,0.000000,0.000000,0.961538,0.038462,1.000000
0.021660139,4,79,read_only,16384,10,1.000000,1.000000,1.000000,{"1":10},1.000000,0.000000,0.000000,0.000000,1.000000,0.000000,-1.000000
0.021660139,4,79,union,16384,10,1.000000,1.000000,1.000000,{"1":10},1.000000,0.000000,0.000000,0.000000,1.000000,0.000000,-1.000000
0.021660139,4,79,snapshot,16384,26,1.000000,1.000000,1.000000,{"1":25,"2":1},0.961538,0.038462,0.000000,0.000000,0.961538,0.038462,1.000000
0.021979510,4,80,read_only,64,27,1.000000,1.000000,1.000000,{"1":27},1.000000,0.000000,0.000000,0.000000,1.000000,0.000000,-1.000000
0.021979510,4,80,union,64,27,1.000000,1.000000,1.000000,{"1":27},1.000000,0.000000,0.000000,0.000000,1.000000,0.000000,-1.000000
0.021979510,4,80,snapshot,64,53,1.000000,1.000000,1.000000,{"1":52,"2":1},0.981132,0.018868,0.000000,0.000000,0.981132,0.018868,1.000000
0.021979510,4,80,read_only,256,27,1.000000,1.000000,1.000000,{"1":27},1.000000,0.000000,0.000000,0.000000,1.000000,0.000000,-1.000000
0.021979510,4,80,union,256,27,1.000000,1.000000,1.000000,{"1":27},1.000000,0.000000,0.000000,0.000000,1.000000,0.000000,-1.000000
0.021979510,4,80,snapshot,256,53,1.000000,1.000000,1.000000,{"1":52,"2":1},0.981132,0.018868,0.000000,0.000000,0.981132,0.018868,1.000000
0.021979510,4,80,read_only,1024,27,1.000000,1.000000,1.000000,{"1":27},1.000000,0.000000,0.000000,0.000000,1.000000,0.000000,-1.000000
0.021979510,4,80,union,1024,27,1.000000,1.000000,1.000000,{"1":27},1.000000,0.000000,0.000000,0.000000,1.000000,0.000000,-1.000000
0.021979510,4,80,snapshot,1024,53,1.000000,1.000000,1.000000,{"1":52,"2":1},0.981132,0.018868,0.000000,0.000000,0.981132,0.018868,1.000000
0.021979510,4,80,read_only,4096,27,1.000000,1.000000,1.000000,{"1":27},1.000000,0.000000,0.000000,0.000000,1.000000,0.000000,-1.000000
0.021979510,4,80,union,4096,27,1.000000,1.000000,1.000000,{"1":27},1.000000,0.000000,0.000000,0.000000,1.000000,0.000000,-1.000000
0.021979510,4,80,snapshot,4096,53,1.000000,1.000000,1.000000,{"1":52,"2":1},0.981132,0.018868,0.000000,0.000000,0.981132,0.018868,1.000000
0.021979510,4,80,read_only,16384,27,1.000000,1.000000,1.000000,{"1":27},1.000000,0.000000,0.000000,0.000000,1.000000,0.000000,-1.000000
0.021979510,4,80,union,16384,27,1.000000,1.000000,1.000000,{"1":27},1.000000,0.000000,0.000000,0.000000,1.000000,0.000000,-1.000000
0.021979510,4,80,snapshot,16384,53,1.000000,1.000000,1.000000,{"1":52,"2":1},0.981132,0.018868,0.000000,0.000000,0.981132,0.018868,1.000000
0.022222115,4,81,snapshot,64,53,1.000000,1.000000,1.000000,{"1":52,"2":1},0.981132,0.018868,0.000000,0.000000,0.981132,0.018868,1.000000
0.022222115,4,81,snapshot,256,53,1.000000,1.000000,1.000000,{"1":52,"2":1},0.981132,0.018868,0.000000,0.000000,0.981132,0.018868,1.000000
0.022222115,4,81,snapshot,1024,53,1.000000,1.000000,1.000000,{"1":52,"2":1},0.981132,0.018868,0.000000,0.000000,0.981132,0.018868,1.000000
0.022222115,4,81,snapshot,4096,53,1.000000,1.000000,1.000000,{"1":52,"2":1},0.981132,0.018868,0.000000,0.000000,0.981132,0.018868,1.000000
0.022222115,4,81,snapshot,16384,53,1.000000,1.000000,1.000000,{"1":52,"2":1},0.981132,0.018868,0.000000,0.000000,0.981132,0.018868,1.000000
0.022466095,4,82,read_only,64,1,1.000000,1.000000,1.000000,{"1":1},1.000000,0.000000,0.000000,0.000000,1.000000,0.000000,-1.000000
0.022466095,4,82,union,64,1,1.000000,1.000000,1.000000,{"1":1},1.000000,0.000000,0.000000,0.000000,1.000000,0.000000,-1.000000
0.022466095,4,82,snapshot,64,54,1.000000,1.000000,1.000000,{"1":53,"2":1},0.981481,0.018519,0.000000,0.000000,0.981481,0.018519,1.000000
0.022466095,4,82,read_only,256,1,1.000000,1.000000,1.000000,{"1":1},1.000000,0.000000,0.000000,0.000000,1.000000,0.000000,-1.000000
0.022466095,4,82,union,256,1,1.000000,1.000000,1.000000,{"1":1},1.000000,0.000000,0.000000,0.000000,1.000000,0.000000,-1.000000
0.022466095,4,82,snapshot,256,54,1.000000,1.000000,1.000000,{"1":53,"2":1},0.981481,0.018519,0.000000,0.000000,0.981481,0.018519,1.000000
0.022466095,4,82,read_only,1024,1,1.000000,1.000000,1.000000,{"1":1},1.000000,0.000000,0.000000,0.000000,1.000000,0.000000,-1.000000
0.022466095,4,82,union,1024,1,1.000000,1.000000,1.000000,{"1":1},1.000000,0.000000,0.000000,0.000000,1.000000,0.000000,-1.000000
0.022466095,4,82,snapshot,1024,54,1.000000,1.000000,1.000000,{"1":53,"2":1},0.981481,0.018519,0.000000,0.000000,0.981481,0.018519,1.000000
0.022466095,4,82,read_only,4096,1,1.000000,1.000000,1.000000,{"1":1},1.000000,0.000000,0.000000,0.000000,1.000000,0.000000,-1.000000
0.022466095,4,82,union,4096,1,1.000000,1.000000,1.000000,{"1":1},1.000000,0.000000,0.000000,0.000000,1.000000,0.000000,-1.000000
0.022466095,4,82,snapshot,4096,54,1.000000,1.000000,1.000000,{"1":53,"2":1},0.981481,0.018519,0.000000,0.000000,0.981481,0.018519,1.000000
0.022466095,4,82,read_only,16384,1,1.000000,1.000000,1.000000,{"1":1},1.000000,0.000000,0.000000,0.000000,1.000000,0.000000,-1.000000
0.022466095,4,82,union,16384,1,1.000000,1.000000,1.000000,{"1":1},1.000000,0.000000,0.000000,0.000000,1.000000,0.000000,-1.000000
0.022466095,4,82,snapshot,16384,54,1.000000,1.000000,1.000000,{"1":53,"2":1},0.981481,0.018519,0.000000,0.000000,0.981481,0.018519,1.000000
0.022704578,4,83,snapshot,64,54,1.000000,1.000000,1.000000,{"1":53,"2":1},0.981481,0.018519,0.000000,0.000000,0.981481,0.018519,1.000000
0.022704578,4,83,snapshot,256,54,1.000000,1.000000,1.000000,{"1":53,"2":1},0.981481,0.018519,0.000000,0.000000,0.981481,0.018519,1.000000
0.022704578,4,83,snapshot,1024,54,1.000000,1.000000,1.000000,{"1":53,"2":1},0.981481,0.018519,0.000000,0.000000,0.981481,0.018519,1.000000
0.022704578,4,83,snapshot,4096,54,1.000000,1.000000,1.000000,{"1":53,"2":1},0.981481,0.018519,0.000000,0.000000,0.981481,0.018519,1.000000
0.022704578,4,83,snapshot,16384,54,1.000000,1.000000,1.000000,{"1":53,"2":1},0.981481,0.018519,0.000000,0.000000,0.981481,0.018519,1.000000
0.022951476,4,84,read_only,64,3,1.000000,1.000000,1.000000,{"1":3},1.000000,0.000000,0.000000,0.000000,1.000000,0.000000,-1.000000
0.022951476,4,84,union,64,6,1.000000,1.000000,1.000000,{"1":6},1.000000,0.000000,0.000000,0.000000,1.000000,0.000000,-1.000000
0.022951476,4,84,snapshot,64,60,1.000000,1.000000,1.000000,{"1":59,"2":1},0.983333,0.016667,0.000000,0.000000,0.983333,0.016667,1.000000
0.022951476,4,84,read_only,256,3,1.000000,1.000000,1.000000,{"1":3},1.000000,0.000000,0.000000,0.000000,1.000000,0.000000,-1.000000
0.022951476,4,84,union,256,6,1.000000,1.000000,1.000000,{"1":6},1.000000,0.000000,0.000000,0.000000,1.000000,0.000000,-1.000000
0.022951476,4,84,snapshot,256,60,1.000000,1.000000,1.000000,{"1":59,"2":1},0.983333,0.016667,0.000000,0.000000,0.983333,0.016667,1.000000
0.022951476,4,84,read_only,1024,3,1.000000,1.000000,1.000000,{"1":3},1.000000,0.000000,0.000000,0.000000,1.000000,0.000000,-1.000000
0.022951476,4,84,union,1024,6,1.000000,1.000000,1.000000,{"1":6},1.000000,0.000000,0.000000,0.000000,1.000000,0.000000,-1.000000
0.022951476,4,84,snapshot,1024,60,1.000000,1.000000,1.000000,{"1":59,"2":1},0.983333,0.016667,0.000000,0.000000,0.983333,0.016667,1.000000
0.022951476,4,84,read_only,4096,3,1.000000,1.000000,1.000000,{"1":3},1.000000,0.000000,0.000000,0.000000,1.000000,0.000000,-1.000000
0.022951476,4,84,union,4096,6,1.000000,1.000000,1.000000,{"1":6},1.000000,0.000000,0.000000,0.000000,1.000000,0.000000,-1.000000
0.022951476,4,84,snapshot,4096,60,1.000000,1.000000,1.000000,{"1":59,"2":1},0.983333,0.016667,0.000000,0.000000,0.983333,0.016667,1.000000
0.022951476,4,84,read_only,16384,3,1.000000,1.000000,1.000000,{"1":3},1.000000,0.000000,0.000000,0.000000,1.000000,0.000000,-1.000000
0.022951476,4,84,union,16384,6,1.000000,1.000000,1.000000,{"1":6},1.000000,0.000000,0.000000,0.000000,1.000000,0.000000,-1.000000
0.022951476,4,84,snapshot,16384,60,1.000000,1.000000,1.000000,{"1":59,"2":1},0.983333,0.016667,0.000000,0.000000,0.983333,0.016667,1.000000
0.023188441,4,85,snapshot,64,60,1.000000,1.000000,1.000000,{"1":59,"2":1},0.983333,0.016667,0.000000,0.000000,0.983333,0.016667,1.000000
0.023188441,4,85,snapshot,256,60,1.000000,1.000000,1.000000,{"1":59,"2":1},0.983333,0.016667,0.000000,0.000000,0.983333,0.016667,1.000000
0.023188441,4,85,snapshot,1024,60,1.000000,1.000000,1.000000,{"1":59,"2":1},0.983333,0.016667,0.000000,0.000000,0.983333,0.016667,1.000000
0.023188441,4,85,snapshot,4096,60,1.000000,1.000000,1.000000,{"1":59,"2":1},0.983333,0.016667,0.000000,0.000000,0.983333,0.016667,1.000000
0.023188441,4,85,snapshot,16384,60,1.000000,1.000000,1.000000,{"1":59,"2":1},0.983333,0.016667,0.000000,0.000000,0.983333,0.016667,1.000000
0.023420932,4,86,snapshot,64,60,1.000000,1.000000,1.000000,{"1":59,"2":1},0.983333,0.016667,0.000000,0.000000,0.983333,0.016667,1.000000
0.023420932,4,86,snapshot,256,60,1.000000,1.000000,1.000000,{"1":59,"2":1},0.983333,0.016667,0.000000,0.000000,0.983333,0.016667,1.000000
0.023420932,4,86,snapshot,1024,60,1.000000,1.000000,1.000000,{"1":59,"2":1},0.983333,0.016667,0.000000,0.000000,0.983333,0.016667,1.000000
0.023420932,4,86,snapshot,4096,60,1.000000,1.000000,1.000000,{"1":59,"2":1},0.983333,0.016667,0.000000,0.000000,0.983333,0.016667,1.000000
0.023420932,4,86,snapshot,16384,60,1.000000,1.000000,1.000000,{"1":59,"2":1},0.983333,0.016667,0.000000,0.000000,0.983333,0.016667,1.000000
0.023655163,4,87,read_only,64,1,1.000000,1.000000,1.000000,{"1":1},1.000000,0.000000,0.000000,0.000000,1.000000,0.000000,-1.000000
0.023655163,4,87,union,64,1,1.000000,1.000000,1.000000,{"1":1},1.000000,0.000000,0.000000,0.000000,1.000000,0.000000,-1.000000
0.023655163,4,87,snapshot,64,61,1.000000,1.000000,1.000000,{"1":60,"2":1},0.983607,0.016393,0.000000,0.000000,0.983607,0.016393,1.000000
0.023655163,4,87,read_only,256,1,1.000000,1.000000,1.000000,{"1":1},1.000000,0.000000,0.000000,0.000000,1.000000,0.000000,-1.000000
0.023655163,4,87,union,256,1,1.000000,1.000000,1.000000,{"1":1},1.000000,0.000000,0.000000,0.000000,1.000000,0.000000,-1.000000
0.023655163,4,87,snapshot,256,61,1.000000,1.000000,1.000000,{"1":60,"2":1},0.983607,0.016393,0.000000,0.000000,0.983607,0.016393,1.000000
0.023655163,4,87,read_only,1024,1,1.000000,1.000000,1.000000,{"1":1},1.000000,0.000000,0.000000,0.000000,1.000000,0.000000,-1.000000
0.023655163,4,87,union,1024,1,1.000000,1.000000,1.000000,{"1":1},1.000000,0.000000,0.000000,0.000000,1.000000,0.000000,-1.000000
0.023655163,4,87,snapshot,1024,61,1.000000,1.000000,1.000000,{"1":60,"2":1},0.983607,0.016393,0.000000,0.000000,0.983607,0.016393,1.000000
0.023655163,4,87,read_only,4096,1,1.000000,1.000000,1.000000,{"1":1},1.000000,0.000000,0.000000,0.000000,1.000000,0.000000,-1.000000
0.023655163,4,87,union,4096,1,1.000000,1.000000,1.000000,{"1":1},1.000000,0.000000,0.000000,0.000000,1.000000,0.000000,-1.000000
0.023655163,4,87,snapshot,4096,61,1.000000,1.000000,1.000000,{"1":60,"2":1},0.983607,0.016393,0.000000,0.000000,0.983607,0.016393,1.000000
0.023655163,4,87,read_only,16384,1,1.000000,1.000000,1.000000,{"1":1},1.000000,0.000000,0.000000,0.000000,1.000000,0.000000,-1.000000
0.023655163,4,87,union,16384,1,1.000000,1.000000,1.000000,{"1":1},1.000000,0.000000,0.000000,0.000000,1.000000,0.000000,-1.000000
0.023655163,4,87,snapshot,16384,61,1.000000,1.000000,1.000000,{"1":60,"2":1},0.983607,0.016393,0.000000,0.000000,0.983607,0.016393,1.000000
0.023890515,4,88,union,64,1,1.000000,1.000000,1.000000,{"1":1},1.000000,0.000000,0.000000,0.000000,1.000000,0.000000,-1.000000
0.023890515,4,88,snapshot,64,61,1.000000,1.000000,1.000000,{"1":60,"2":1},0.983607,0.016393,0.000000,0.000000,0.983607,0.016393,1.000000
0.023890515,4,88,union,256,1,1.000000,1.000000,1.000000,{"1":1},1.000000,0.000000,0.000000,0.000000,1.000000,0.000000,-1.000000
0.023890515,4,88,snapshot,256,61,1.000000,1.000000,1.000000,{"1":60,"2":1},0.983607,0.016393,0.000000,0.000000,0.983607,0.016393,1.000000
0.023890515,4,88,union,1024,1,1.000000,1.000000,1.000000,{"1":1},1.000000,0.000000,0.000000,0.000000,1.000000,0.000000,-1.000000
0.023890515,4,88,snapshot,1024,61,1.000000,1.000000,1.000000,{"1":60,"2":1},0.983607,0.016393,0.000000,0.000000,0.983607,0.016393,1.000000
0.023890515,4,88,union,4096,1,1.000000,1.000000,1.000000,{"1":1},1.000000,0.000000,0.000000,0.000000,1.000000,0.000000,-1.000000
0.023890515,4,88,snapshot,4096,61,1.000000,1.000000,1.000000,{"1":60,"2":1},0.983607,0.016393,0.000000,0.000000,0.983607,0.016393,1.000000
0.023890515,4,88,union,16384,1,1.000000,1.000000,1.000000,{"1":1},1.000000,0.000000,0.000000,0.000000,1.000000,0.000000,-1.000000
0.023890515,4,88,snapshot,16384,61,1.000000,1.000000,1.000000,{"1":60,"2":1},0.983607,0.016393,0.000000,0.000000,0.983607,0.016393,1.000000
0.024125389,4,89,snapshot,64,61,1.000000,1.000000,1.000000,{"1":60,"2":1},0.983607,0.016393,0.000000,0.000000,0.983607,0.016393,1.000000
0.024125389,4,89,snapshot,256,61,1.000000,1.000000,1.000000,{"1":60,"2":1},0.983607,0.016393,0.000000,0.000000,0.983607,0.016393,1.000000
0.024125389,4,89,snapshot,1024,61,1.000000,1.000000,1.000000,{"1":60,"2":1},0.983607,0.016393,0.000000,0.000000,0.983607,0.016393,1.000000
0.024125389,4,89,snapshot,4096,61,1.000000,1.000000,1.000000,{"1":60,"2":1},0.983607,0.016393,0.000000,0.000000,0.983607,0.016393,1.000000
0.024125389,4,89,snapshot,16384,61,1.000000,1.000000,1.000000,{"1":60,"2":1},0.983607,0.016393,0.000000,0.000000,0.983607,0.016393,1.000000
0.024358705,4,90,snapshot,64,61,1.000000,1.000000,1.000000,{"1":60,"2":1},0.983607,0.016393,0.000000,0.000000,0.983607,0.016393,1.000000
0.024358705,4,90,snapshot,256,61,1.000000,1.000000,1.000000,{"1":60,"2":1},0.983607,0.016393,0.000000,0.000000,0.983607,0.016393,1.000000
0.024358705,4,90,snapshot,1024,61,1.000000,1.000000,1.000000,{"1":60,"2":1},0.983607,0.016393,0.000000,0.000000,0.983607,0.016393,1.000000
0.024358705,4,90,snapshot,4096,61,1.000000,1.000000,1.000000,{"1":60,"2":1},0.983607,0.016393,0.000000,0.000000,0.983607,0.016393,1.000000
0.024358705,4,90,snapshot,16384,61,1.000000,1.000000,1.000000,{"1":60,"2":1},0.983607,0.016393,0.000000,0.000000,0.983607,0.016393,1.000000
0.024591012,4,91,snapshot,64,61,1.000000,1.000000,1.000000,{"1":60,"2":1},0.983607,0.016393,0.000000,0.000000,0.983607,0.016393,1.000000
0.024591012,4,91,snapshot,256,61,1.000000,1.000000,1.000000,{"1":60,"2":1},0.983607,0.016393,0.000000,0.000000,0.983607,0.016393,1.000000
0.024591012,4,91,snapshot,1024,61,1.000000,1.000000,1.000000,{"1":60,"2":1},0.983607,0.016393,0.000000,0.000000,0.983607,0.016393,1.000000
0.024591012,4,91,snapshot,4096,61,1.000000,1.000000,1.000000,{"1":60,"2":1},0.983607,0.016393,0.000000,0.000000,0.983607,0.016393,1.000000
0.024591012,4,91,snapshot,16384,61,1.000000,1.000000,1.000000,{"1":60,"2":1},0.983607,0.016393,0.000000,0.000000,0.983607,0.016393,1.000000
0.024824835,4,92,snapshot,64,61,1.000000,1.000000,1.000000,{"1":60,"2":1},0.983607,0.016393,0.000000,0.000000,0.983607,0.016393,1.000000
0.024824835,4,92,snapshot,256,61,1.000000,1.000000,1.000000,{"1":60,"2":1},0.983607,0.016393,0.000000,0.000000,0.983607,0.016393,1.000000
0.024824835,4,92,snapshot,1024,61,1.000000,1.000000,1.000000,{"1":60,"2":1},0.983607,0.016393,0.000000,0.000000,0.983607,0.016393,1.000000
0.024824835,4,92,snapshot,4096,61,1.000000,1.000000,1.000000,{"1":60,"2":1},0.983607,0.016393,0.000000,0.000000,0.983607,0.016393,1.000000
0.024824835,4,92,snapshot,16384,61,1.000000,1.000000,1.000000,{"1":60,"2":1},0.983607,0.016393,0.000000,0.000000,0.983607,0.016393,1.000000
0.025081250,4,93,read_only,64,6,1.000000,1.000000,1.000000,{"1":6},1.000000,0.000000,0.000000,0.000000,1.000000,0.000000,-1.000000
0.025081250,4,93,union,64,6,1.000000,1.000000,1.000000,{"1":6},1.000000,0.000000,0.000000,0.000000,1.000000,0.000000,-1.000000
0.025081250,4,93,snapshot,64,67,1.000000,1.000000,1.000000,{"1":66,"2":1},0.985075,0.014925,0.000000,0.000000,0.985075,0.014925,1.000000
0.025081250,4,93,read_only,256,6,1.000000,1.000000,1.000000,{"1":6},1.000000,0.000000,0.000000,0.000000,1.000000,0.000000,-1.000000
0.025081250,4,93,union,256,6,1.000000,1.000000,1.000000,{"1":6},1.000000,0.000000,0.000000,0.000000,1.000000,0.000000,-1.000000
0.025081250,4,93,snapshot,256,67,1.000000,1.000000,1.000000,{"1":66,"2":1},0.985075,0.014925,0.000000,0.000000,0.985075,0.014925,1.000000
0.025081250,4,93,read_only,1024,6,1.000000,1.000000,1.000000,{"1":6},1.000000,0.000000,0.000000,0.000000,1.000000,0.000000,-1.000000
0.025081250,4,93,union,1024,6,1.000000,1.000000,1.000000,{"1":6},1.000000,0.000000,0.000000,0.000000,1.000000,0.000000,-1.000000
0.025081250,4,93,snapshot,1024,67,1.000000,1.000000,1.000000,{"1":66,"2":1},0.985075,0.014925,0.000000,0.000000,0.985075,0.014925,1.000000
0.025081250,4,93,read_only,4096,6,1.000000,1.000000,1.000000,{"1":6},1.000000,0.000000,0.000000,0.000000,1.000000,0.000000,-1.000000
0.025081250,4,93,union,4096,6,1.000000,1.000000,1.000000,{"1":6},1.000000,0.000000,0.000000,0.000000,1.000000,0.000000,-1.000000
0.025081250,4,93,snapshot,4096,67,1.000000,1.000000,1.000000,{"1":66,"2":1},0.985075,0.014925,0.000000,0.000000,0.985075,0.014925,1.000000
0.025081250,4,93,read_only,16384,6,1.000000,1.000000,1.000000,{"1":6},1.000000,0.000000,0.000000,0.000000,1.000000,0.000000,-1.000000
0.025081250,4,93,union,16384,6,1.000000,1.000000,1.000000,{"1":6},1.000000,0.000000,0.000000,0.000000,1.000000,0.000000,-1.000000
0.025081250,4,93,snapshot,16384,67,1.000000,1.000000,1.000000,{"1":66,"2":1},0.985075,0.014925,0.000000,0.000000,0.985075,0.014925,1.000000
0.025325832,4,94,read_only,64,2,1.000000,1.000000,1.000000,{"1":2},1.000000,0.000000,0.000000,0.000000,1.000000,0.000000,-1.000000
0.025325832,4,94,union,64,2,1.000000,1.000000,1.000000,{"1":2},1.000000,0.000000,0.000000,0.000000,1.000000,0.000000,-1.000000
0.025325832,4,94,snapshot,64,69,1.000000,1.000000,1.000000,{"1":68,"2":1},0.985507,0.014493,0.000000,0.000000,0.985507,0.014493,1.000000
0.025325832,4,94,read_only,256,2,1.000000,1.000000,1.000000,{"1":2},1.000000,0.000000,0.000000,0.000000,1.000000,0.000000,-1.000000
0.025325832,4,94,union,256,2,1.000000,1.000000,1.000000,{"1":2},1.000000,0.000000,0.000000,0.000000,1.000000,0.000000,-1.000000
0.025325832,4,94,snapshot,256,69,1.000000,1.000000,1.000000,{"1":68,"2":1},0.985507,0.014493,0.000000,0.000000,0.985507,0.014493,1.000000
0.025325832,4,94,read_only,1024,2,1.000000,1.000000,1.000000,{"1":2},1.000000,0.000000,0.000000,0.000000,1.000000,0.000000,-1.000000
0.025325832,4,94,union,1024,2,1.000000,1.000000,1.000000,{"1":2},1.000000,0.000000,0.000000,0.000000,1.000000,0.000000,-1.000000
0.025325832,4,94,snapshot,1024,69,1.000000,1.000000,1.000000,{"1":68,"2":1},0.985507,0.014493,0.000000,0.000000,0.985507,0.014493,1.000000
0.025325832,4,94,read_only,4096,2,1.000000,1.000000,1.000000,{"1":2},1.000000,0.000000,0.000000,0.000000,1.000000,0.000000,-1.000000
0.025325832,4,94,union,4096,2,1.000000,1.000000,1.000000,{"1":2},1.000000,0.000000,0.000000,0.000000,1.000000,0.000000,-1.000000
0.025325832,4,94,snapshot,4096,69,1.000000,1.000000,1.000000,{"1":68,"2":1},0.985507,0.014493,0.000000,0.000000,0.985507,0.014493,1.000000
0.025325832,4,94,read_only,16384,2,1.000000,1.000000,1.000000,{"1":2},1.000000,0.000000,0.000000,0.000000,1.000000,0.000000,-1.000000
0.025325832,4,94,union,16384,2,1.000000,1.000000,1.000000,{"1":2},1.000000,0.000000,0.000000,0.000000,1.000000,0.000000,-1.000000
0.025325832,4,94,snapshot,16384,69,1.000000,1.000000,1.000000,{"1":68,"2":1},0.985507,0.014493,0.000000,0.000000,0.985507,0.014493,1.000000
0.025579482,4,95,snapshot,64,69,1.000000,1.000000,1.000000,{"1":68,"2":1},0.985507,0.014493,0.000000,0.000000,0.985507,0.014493,1.000000
0.025579482,4,95,snapshot,256,69,1.000000,1.000000,1.000000,{"1":68,"2":1},0.985507,0.014493,0.000000,0.000000,0.985507,0.014493,1.000000
0.025579482,4,95,snapshot,1024,69,1.000000,1.000000,1.000000,{"1":68,"2":1},0.985507,0.014493,0.000000,0.000000,0.985507,0.014493,1.000000
0.025579482,4,95,snapshot,4096,69,1.000000,1.000000,1.000000,{"1":68,"2":1},0.985507,0.014493,0.000000,0.000000,0.985507,0.014493,1.000000
0.025579482,4,95,snapshot,16384,69,1.000000,1.000000,1.000000,{"1":68,"2":1},0.985507,0.014493,0.000000,0.000000,0.985507,0.014493,1.000000
0.025808936,4,96,snapshot,64,69,1.000000,1.000000,1.000000,{"1":68,"2":1},0.985507,0.014493,0.000000,0.000000,0.985507,0.014493,1.000000
0.025808936,4,96,snapshot,256,69,1.000000,1.000000,1.000000,{"1":68,"2":1},0.985507,0.014493,0.000000,0.000000,0.985507,0.014493,1.000000
0.025808936,4,96,snapshot,1024,69,1.000000,1.000000,1.000000,{"1":68,"2":1},0.985507,0.014493,0.000000,0.000000,0.985507,0.014493,1.000000
0.025808936,4,96,snapshot,4096,69,1.000000,1.000000,1.000000,{"1":68,"2":1},0.985507,0.014493,0.000000,0.000000,0.985507,0.014493,1.000000
0.025808936,4,96,snapshot,16384,69,1.000000,1.000000,1.000000,{"1":68,"2":1},0.985507,0.014493,0.000000,0.000000,0.985507,0.014493,1.000000
0.026042263,4,97,snapshot,64,69,1.000000,1.000000,1.000000,{"1":68,"2":1},0.985507,0.014493,0.000000,0.000000,0.985507,0.014493,1.000000
0.026042263,4,97,snapshot,256,69,1.000000,1.000000,1.000000,{"1":68,"2":1},0.985507,0.014493,0.000000,0.000000,0.985507,0.014493,1.000000
0.026042263,4,97,snapshot,1024,69,1.000000,1.000000,1.000000,{"1":68,"2":1},0.985507,0.014493,0.000000,0.000000,0.985507,0.014493,1.000000
0.026042263,4,97,snapshot,4096,69,1.000000,1.000000,1.000000,{"1":68,"2":1},0.985507,0.014493,0.000000,0.000000,0.985507,0.014493,1.000000
0.026042263,4,97,snapshot,16384,69,1.000000,1.000000,1.000000,{"1":68,"2":1},0.985507,0.014493,0.000000,0.000000,0.985507,0.014493,1.000000
0.026275274,4,98,read_only,64,1,1.000000,1.000000,1.000000,{"1":1},1.000000,0.000000,0.000000,0.000000,1.000000,0.000000,-1.000000
0.026275274,4,98,union,64,1,1.000000,1.000000,1.000000,{"1":1},1.000000,0.000000,0.000000,0.000000,1.000000,0.000000,-1.000000
0.026275274,4,98,snapshot,64,70,1.000000,1.000000,1.000000,{"1":69,"2":1},0.985714,0.014286,0.000000,0.000000,0.985714,0.014286,1.000000
0.026275274,4,98,read_only,256,1,1.000000,1.000000,1.000000,{"1":1},1.000000,0.000000,0.000000,0.000000,1.000000,0.000000,-1.000000
0.026275274,4,98,union,256,1,1.000000,1.000000,1.000000,{"1":1},1.000000,0.000000,0.000000,0.000000,1.000000,0.000000,-1.000000
0.026275274,4,98,snapshot,256,70,1.000000,1.000000,1.000000,{"1":69,"2":1},0.985714,0.014286,0.000000,0.000000,0.985714,0.014286,1.000000
0.026275274,4,98,read_only,1024,1,1.000000,1.000000,1.000000,{"1":1},1.000000,0.000000,0.000000,0.000000,1.000000,0.000000,-1.000000
0.026275274,4,98,union,1024,1,1.000000,1.000000,1.000000,{"1":1},1.000000,0.000000,0.000000,0.000000,1.000000,0.000000,-1.000000
0.026275274,4,98,snapshot,1024,70,1.000000,1.000000,1.000000,{"1":69,"2":1},0.985714,0.014286,0.000000,0.000000,0.985714,0.014286,1.000000
0.026275274,4,98,read_only,4096,1,1.000000,1.000000,1.000000,{"1":1},1.000000,0.000000,0.000000,0.000000,1.000000,0.000000,-1.000000
0.026275274,4,98,union,4096,1,1.000000,1.000000,1.000000,{"1":1},1.000000,0.000000,0.000000,0.000000,1.000000,0.000000,-1.000000
0.026275274,4,98,snapshot,4096,70,1.000000,1.000000,1.000000,{"1":69,"2":1},0.985714,0.014286,0.000000,0.000000,0.985714,0.014286,1.000000
0.026275274,4,98,read_only,16384,1,1.000000,1.000000,1.000000,{"1":1},1.000000,0.000000,0.000000,0.000000,1.000000,0.000000,-1.000000
0.026275274,4,98,union,16384,1,1.000000,1.000000,1.000000,{"1":1},1.000000,0.000000,0.000000,0.000000,1.000000,0.000000,-1.000000
0.026275274,4,98,snapshot,16384,70,1.000000,1.000000,1.000000,{"1":69,"2":1},0.985714,0.014286,0.000000,0.000000,0.985714,0.014286,1.000000
0.026829181,4,99,read_only,64,3,1.000000,1.000000,1.000000,{"1":3},1.000000,0.000000,0.000000,0.000000,1.000000,0.000000,-1.000000
0.026829181,4,99,union,64,3,1.000000,1.000000,1.000000,{"1":3},1.000000,0.000000,0.000000,0.000000,1.000000,0.000000,-1.000000
0.026829181,4,99,snapshot,64,73,1.000000,1.000000,1.000000,{"1":72,"2":1},0.986301,0.013699,0.000000,0.000000,0.986301,0.013699,1.000000
0.026829181,4,99,read_only,256,3,1.000000,1.000000,1.000000,{"1":3},1.000000,0.000000,0.000000,0.000000,1.000000,0.000000,-1.000000
0.026829181,4,99,union,256,3,1.000000,1.000000,1.000000,{"1":3},1.000000,0.000000,0.000000,0.000000,1.000000,0.000000,-1.000000
0.026829181,4,99,snapshot,256,73,1.000000,1.000000,1.000000,{"1":72,"2":1},0.986301,0.013699,0.000000,0.000000,0.986301,0.013699,1.000000
0.026829181,4,99,read_only,1024,3,1.000000,1.000000,1.000000,{"1":3},1.000000,0.000000,0.000000,0.000000,1.000000,0.000000,-1.000000
0.026829181,4,99,union,1024,3,1.000000,1.000000,1.000000,{"1":3},1.000000,0.000000,0.000000,0.000000,1.000000,0.000000,-1.000000
0.026829181,4,99,snapshot,1024,73,1.000000,1.000000,1.000000,{"1":72,"2":1},0.986301,0.013699,0.000000,0.000000,0.986301,0.013699,1.000000
0.026829181,4,99,read_only,4096,3,1.000000,1.000000,1.000000,{"1":3},1.000000,0.000000,0.000000,0.000000,1.000000,0.000000,-1.000000
0.026829181,4,99,union,4096,3,1.000000,1.000000,1.000000,{"1":3},1.000000,0.000000,0.000000,0.000000,1.000000,0.000000,-1.000000
0.026829181,4,99,snapshot,4096,73,1.000000,1.000000,1.000000,{"1":72,"2":1},0.986301,0.013699,0.000000,0.000000,0.986301,0.013699,1.000000
0.026829181,4,99,read_only,16384,3,1.000000,1.000000,1.000000,{"1":3},1.000000,0.000000,0.000000,0.000000,1.000000,0.000000,-1.000000
0.026829181,4,99,union,16384,3,1.000000,1.000000,1.000000,{"1":3},1.000000,0.000000,0.000000,0.000000,1.000000,0.000000,-1.000000
0.026829181,4,99,snapshot,16384,73,1.000000,1.000000,1.000000,{"1":72,"2":1},0.986301,0.013699,0.000000,0.000000,0.986301,0.013699,1.000000
0.027063860,4,100,read_only,64,1,1.000000,1.000000,1.000000,{"1":1},1.000000,0.000000,0.000000,0.000000,1.000000,0.000000,-1.000000
0.027063860,4,100,union,64,1,1.000000,1.000000,1.000000,{"1":1},1.000000,0.000000,0.000000,0.000000,1.000000,0.000000,-1.000000
0.027063860,4,100,snapshot,64,74,1.000000,1.000000,1.000000,{"1":73,"2":1},0.986486,0.013514,0.000000,0.000000,0.986486,0.013514,1.000000
0.027063860,4,100,read_only,256,1,1.000000,1.000000,1.000000,{"1":1},1.000000,0.000000,0.000000,0.000000,1.000000,0.000000,-1.000000
0.027063860,4,100,union,256,1,1.000000,1.000000,1.000000,{"1":1},1.000000,0.000000,0.000000,0.000000,1.000000,0.000000,-1.000000
0.027063860,4,100,snapshot,256,74,1.000000,1.000000,1.000000,{"1":73,"2":1},0.986486,0.013514,0.000000,0.000000,0.986486,0.013514,1.000000
0.027063860,4,100,read_only,1024,1,1.000000,1.000000,1.000000,{"1":1},1.000000,0.000000,0.000000,0.000000,1.000000,0.000000,-1.000000
0.027063860,4,100,union,1024,1,1.000000,1.000000,1.000000,{"1":1},1.000000,0.000000,0.000000,0.000000,1.000000,0.000000,-1.000000
0.027063860,4,100,snapshot,1024,74,1.000000,1.000000,1.000000,{"1":73,"2":1},0.986486,0.013514,0.000000,0.000000,0.986486,0.013514,1.000000
0.027063860,4,100,read_only,4096,1,1.000000,1.000000,1.000000,{"1":1},1.000000,0.000000,0.000000,0.000000,1.000000,0.000000,-1.000000
0.027063860,4,100,union,4096,1,1.000000,1.000000,1.000000,{"1":1},1.000000,0.000000,0.000000,0.000000,1.000000,0.000000,-1.000000
0.027063860,4,100,snapshot,4096,74,1.000000,1.000000,1.000000,{"1":73,"2":1},0.986486,0.013514,0.000000,0.000000,0.986486,0.013514,1.000000
0.027063860,4,100,read_only,16384,1,1.000000,1.000000,1.000000,{"1":1},1.000000,0.000000,0.000000,0.000000,1.000000,0.000000,-1.000000
0.027063860,4,100,union,16384,1,1.000000,1.000000,1.000000,{"1":1},1.000000,0.000000,0.000000,0.000000,1.000000,0.000000,-1.000000
0.027063860,4,100,snapshot,16384,74,1.000000,1.000000,1.000000,{"1":73,"2":1},0.986486,0.013514,0.000000,0.000000,0.986486,0.013514,1.000000
0.027296227,4,101,snapshot,64,74,1.000000,1.000000,1.000000,{"1":73,"2":1},0.986486,0.013514,0.000000,0.000000,0.986486,0.013514,1.000000
0.027296227,4,101,snapshot,256,74,1.000000,1.000000,1.000000,{"1":73,"2":1},0.986486,0.013514,0.000000,0.000000,0.986486,0.013514,1.000000
0.027296227,4,101,snapshot,1024,74,1.000000,1.000000,1.000000,{"1":73,"2":1},0.986486,0.013514,0.000000,0.000000,0.986486,0.013514,1.000000
0.027296227,4,101,snapshot,4096,74,1.000000,1.000000,1.000000,{"1":73,"2":1},0.986486,0.013514,0.000000,0.000000,0.986486,0.013514,1.000000
0.027296227,4,101,snapshot,16384,74,1.000000,1.000000,1.000000,{"1":73,"2":1},0.986486,0.013514,0.000000,0.000000,0.986486,0.013514,1.000000
0.027529011,4,102,snapshot,64,74,1.000000,1.000000,1.000000,{"1":73,"2":1},0.986486,0.013514,0.000000,0.000000,0.986486,0.013514,1.000000
0.027529011,4,102,snapshot,256,74,1.000000,1.000000,1.000000,{"1":73,"2":1},0.986486,0.013514,0.000000,0.000000,0.986486,0.013514,1.000000
0.027529011,4,102,snapshot,1024,74,1.000000,1.000000,1.000000,{"1":73,"2":1},0.986486,0.013514,0.000000,0.000000,0.986486,0.013514,1.000000
0.027529011,4,102,snapshot,4096,74,1.000000,1.000000,1.000000,{"1":73,"2":1},0.986486,0.013514,0.000000,0.000000,0.986486,0.013514,1.000000
0.027529011,4,102,snapshot,16384,74,1.000000,1.000000,1.000000,{"1":73,"2":1},0.986486,0.013514,0.000000,0.000000,0.986486,0.013514,1.000000
0.027765821,4,103,read_only,64,1,1.000000,1.000000,1.000000,{"1":1},1.000000,0.000000,0.000000,0.000000,1.000000,0.000000,-1.000000
0.027765821,4,103,union,64,1,1.000000,1.000000,1.000000,{"1":1},1.000000,0.000000,0.000000,0.000000,1.000000,0.000000,-1.000000
0.027765821,4,103,snapshot,64,75,1.000000,1.000000,1.000000,{"1":74,"2":1},0.986667,0.013333,0.000000,0.000000,0.986667,0.013333,1.000000
0.027765821,4,103,read_only,256,1,1.000000,1.000000,1.000000,{"1":1},1.000000,0.000000,0.000000,0.000000,1.000000,0.000000,-1.000000
0.027765821,4,103,union,256,1,1.000000,1.000000,1.000000,{"1":1},1.000000,0.000000,0.000000,0.000000,1.000000,0.000000,-1.000000
0.027765821,4,103,snapshot,256,75,1.000000,1.000000,1.000000,{"1":74,"2":1},0.986667,0.013333,0.000000,0.000000,0.986667,0.013333,1.000000
0.027765821,4,103,read_only,1024,1,1.000000,1.000000,1.000000,{"1":1},1.000000,0.000000,0.000000,0.000000,1.000000,0.000000,-1.000000
0.027765821,4,103,union,1024,1,1.000000,1.000000,1.000000,{"1":1},1.000000,0.000000,0.000000,0.000000,1.000000,0.000000,-1.000000
0.027765821,4,103,snapshot,1024,75,1.000000,1.000000,1.000000,{"1":74,"2":1},0.986667,0.013333,0.000000,0.000000,0.986667,0.013333,1.000000
0.027765821,4,103,read_only,4096,1,1.000000,1.000000,1.000000,{"1":1},1.000000,0.000000,0.000000,0.000000,1.000000,0.000000,-1.000000
0.027765821,4,103,union,4096,1,1.000000,1.000000,1.000000,{"1":1},1.000000,0.000000,0.000000,0.000000,1.000000,0.000000,-1.000000
0.027765821,4,103,snapshot,4096,75,1.000000,1.000000,1.000000,{"1":74,"2":1},0.986667,0.013333,0.000000,0.000000,0.986667,0.013333,1.000000
0.027765821,4,103,read_only,16384,1,1.000000,1.000000,1.000000,{"1":1},1.000000,0.000000,0.000000,0.000000,1.000000,0.000000,-1.000000
0.027765821,4,103,union,16384,1,1.000000,1.000000,1.000000,{"1":1},1.000000,0.000000,0.000000,0.000000,1.000000,0.000000,-1.000000
0.027765821,4,103,snapshot,16384,75,1.000000,1.000000,1.000000,{"1":74,"2":1},0.986667,0.013333,0.000000,0.000000,0.986667,0.013333,1.000000
0.027996750,4,104,snapshot,64,75,1.000000,1.000000,1.000000,{"1":74,"2":1},0.986667,0.013333,0.000000,0.000000,0.986667,0.013333,1.000000
0.027996750,4,104,snapshot,256,75,1.000000,1.000000,1.000000,{"1":74,"2":1},0.986667,0.013333,0.000000,0.000000,0.986667,0.013333,1.000000
0.027996750,4,104,snapshot,1024,75,1.000000,1.000000,1.000000,{"1":74,"2":1},0.986667,0.013333,0.000000,0.000000,0.986667,0.013333,1.000000
0.027996750,4,104,snapshot,4096,75,1.000000,1.000000,1.000000,{"1":74,"2":1},0.986667,0.013333,0.000000,0.000000,0.986667,0.013333,1.000000
0.027996750,4,104,snapshot,16384,75,1.000000,1.000000,1.000000,{"1":74,"2":1},0.986667,0.013333,0.000000,0.000000,0.986667,0.013333,1.000000
0.028232455,4,105,snapshot,64,75,1.000000,1.000000,1.000000,{"1":74,"2":1},0.986667,0.013333,0.000000,0.000000,0.986667,0.013333,1.000000
0.028232455,4,105,snapshot,256,75,1.000000,1.000000,1.000000,{"1":74,"2":1},0.986667,0.013333,0.000000,0.000000,0.986667,0.013333,1.000000
0.028232455,4,105,snapshot,1024,75,1.000000,1.000000,1.000000,{"1":74,"2":1},0.986667,0.013333,0.000000,0.000000,0.986667,0.013333,1.000000
0.028232455,4,105,snapshot,4096,75,1.000000,1.000000,1.000000,{"1":74,"2":1},0.986667,0.013333,0.000000,0.000000,0.986667,0.013333,1.000000
0.028232455,4,105,snapshot,16384,75,1.000000,1.000000,1.000000,{"1":74,"2":1},0.986667,0.013333,0.000000,0.000000,0.986667,0.013333,1.000000
0.028464814,4,106,snapshot,64,75,1.000000,1.000000,1.000000,{"1":74,"2":1},0.986667,0.013333,0.000000,0.000000,0.986667,0.013333,1.000000
0.028464814,4,106,snapshot,256,75,1.000000,1.000000,1.000000,{"1":74,"2":1},0.986667,0.013333,0.000000,0.000000,0.986667,0.013333,1.000000
0.028464814,4,106,snapshot,1024,75,1.000000,1.000000,1.000000,{"1":74,"2":1},0.986667,0.013333,0.000000,0.000000,0.986667,0.013333,1.000000
0.028464814,4,106,snapshot,4096,75,1.000000,1.000000,1.000000,{"1":74,"2":1},0.986667,0.013333,0.000000,0.000000,0.986667,0.013333,1.000000
0.028464814,4,106,snapshot,16384,75,1.000000,1.000000,1.000000,{"1":74,"2":1},0.986667,0.013333,0.000000,0.000000,0.986667,0.013333,1.000000
0.028922004,4,107,read_only,64,1,1.000000,1.000000,1.000000,{"1":1},1.000000,0.000000,0.000000,0.000000,1.000000,0.000000,-1.000000
0.028922004,4,107,union,64,1,1.000000,1.000000,1.000000,{"1":1},1.000000,0.000000,0.000000,0.000000,1.000000,0.000000,-1.000000
0.028922004,4,107,snapshot,64,76,1.000000,1.000000,1.000000,{"1":75,"2":1},0.986842,0.013158,0.000000,0.000000,0.986842,0.013158,1.000000
0.028922004,4,107,read_only,256,1,1.000000,1.000000,1.000000,{"1":1},1.000000,0.000000,0.000000,0.000000,1.000000,0.000000,-1.000000
0.028922004,4,107,union,256,1,1.000000,1.000000,1.000000,{"1":1},1.000000,0.000000,0.000000,0.000000,1.000000,0.000000,-1.000000
0.028922004,4,107,snapshot,256,76,1.000000,1.000000,1.000000,{"1":75,"2":1},0.986842,0.013158,0.000000,0.000000,0.986842,0.013158,1.000000
0.028922004,4,107,read_only,1024,1,1.000000,1.000000,1.000000,{"1":1},1.000000,0.000000,0.000000,0.000000,1.000000,0.000000,-1.000000
0.028922004,4,107,union,1024,1,1.000000,1.000000,1.000000,{"1":1},1.000000,0.000000,0.000000,0.000000,1.000000,0.000000,-1.000000
0.028922004,4,107,snapshot,1024,76,1.000000,1.000000,1.000000,{"1":75,"2":1},0.986842,0.013158,0.000000,0.000000,0.986842,0.013158,1.000000
0.028922004,4,107,read_only,4096,1,1.000000,1.000000,1.000000,{"1":1},1.000000,0.000000,0.000000,0.000000,1.000000,0.000000,-1.000000
0.028922004,4,107,union,4096,1,1.000000,1.000000,1.000000,{"1":1},1.000000,0.000000,0.000000,0.000000,1.000000,0.000000,-1.000000
0.028922004,4,107,snapshot,4096,76,1.000000,1.000000,1.000000,{"1":75,"2":1},0.986842,0.013158,0.000000,0.000000,0.986842,0.013158,1.000000
0.028922004,4,107,read_only,16384,1,1.000000,1.000000,1.000000,{"1":1},1.000000,0.000000,0.000000,0.000000,1.000000,0.000000,-1.000000
0.028922004,4,107,union,16384,1,1.000000,1.000000,1.000000,{"1":1},1.000000,0.000000,0.000000,0.000000,1.000000,0.000000,-1.000000
0.028922004,4,107,snapshot,16384,76,1.000000,1.000000,1.000000,{"1":75,"2":1},0.986842,0.013158,0.000000,0.000000,0.986842,0.013158,1.000000
0.029154310,4,108,snapshot,64,76,1.000000,1.000000,1.000000,{"1":75,"2":1},0.986842,0.013158,0.000000,0.000000,0.986842,0.013158,1.000000
0.029154310,4,108,snapshot,256,76,1.000000,1.000000,1.000000,{"1":75,"2":1},0.986842,0.013158,0.000000,0.000000,0.986842,0.013158,1.000000
0.029154310,4,108,snapshot,1024,76,1.000000,1.000000,1.000000,{"1":75,"2":1},0.986842,0.013158,0.000000,0.000000,0.986842,0.013158,1.000000
0.029154310,4,108,snapshot,4096,76,1.000000,1.000000,1.000000,{"1":75,"2":1},0.986842,0.013158,0.000000,0.000000,0.986842,0.013158,1.000000
0.029154310,4,108,snapshot,16384,76,1.000000,1.000000,1.000000,{"1":75,"2":1},0.986842,0.013158,0.000000,0.000000,0.986842,0.013158,1.000000
0.029387144,4,109,snapshot,64,76,1.000000,1.000000,1.000000,{"1":75,"2":1},0.986842,0.013158,0.000000,0.000000,0.986842,0.013158,1.000000
0.029387144,4,109,snapshot,256,76,1.000000,1.000000,1.000000,{"1":75,"2":1},0.986842,0.013158,0.000000,0.000000,0.986842,0.013158,1.000000
0.029387144,4,109,snapshot,1024,76,1.000000,1.000000,1.000000,{"1":75,"2":1},0.986842,0.013158,0.000000,0.000000,0.986842,0.013158,1.000000
0.029387144,4,109,snapshot,4096,76,1.000000,1.000000,1.000000,{"1":75,"2":1},0.986842,0.013158,0.000000,0.000000,0.986842,0.013158,1.000000
0.029387144,4,109,snapshot,16384,76,1.000000,1.000000,1.000000,{"1":75,"2":1},0.986842,0.013158,0.000000,0.000000,0.986842,0.013158,1.000000
0.029621887,4,110,snapshot,64,76,1.000000,1.000000,1.000000,{"1":75,"2":1},0.986842,0.013158,0.000000,0.000000,0.986842,0.013158,1.000000
0.029621887,4,110,snapshot,256,76,1.000000,1.000000,1.000000,{"1":75,"2":1},0.986842,0.013158,0.000000,0.000000,0.986842,0.013158,1.000000
0.029621887,4,110,snapshot,1024,76,1.000000,1.000000,1.000000,{"1":75,"2":1},0.986842,0.013158,0.000000,0.000000,0.986842,0.013158,1.000000
0.029621887,4,110,snapshot,4096,76,1.000000,1.000000,1.000000,{"1":75,"2":1},0.986842,0.013158,0.000000,0.000000,0.986842,0.013158,1.000000
0.029621887,4,110,snapshot,16384,76,1.000000,1.000000,1.000000,{"1":75,"2":1},0.986842,0.013158,0.000000,0.000000,0.986842,0.013158,1.000000
0.029858065,4,111,snapshot,64,76,1.000000,1.000000,1.000000,{"1":75,"2":1},0.986842,0.013158,0.000000,0.000000,0.986842,0.013158,1.000000
0.029858065,4,111,snapshot,256,76,1.000000,1.000000,1.000000,{"1":75,"2":1},0.986842,0.013158,0.000000,0.000000,0.986842,0.013158,1.000000
0.029858065,4,111,snapshot,1024,76,1.000000,1.000000,1.000000,{"1":75,"2":1},0.986842,0.013158,0.000000,0.000000,0.986842,0.013158,1.000000
0.029858065,4,111,snapshot,4096,76,1.000000,1.000000,1.000000,{"1":75,"2":1},0.986842,0.013158,0.000000,0.000000,0.986842,0.013158,1.000000
0.029858065,4,111,snapshot,16384,76,1.000000,1.000000,1.000000,{"1":75,"2":1},0.986842,0.013158,0.000000,0.000000,0.986842,0.013158,1.000000
0.030087747,4,112,snapshot,64,76,1.000000,1.000000,1.000000,{"1":75,"2":1},0.986842,0.013158,0.000000,0.000000,0.986842,0.013158,1.000000
0.030087747,4,112,snapshot,256,76,1.000000,1.000000,1.000000,{"1":75,"2":1},0.986842,0.013158,0.000000,0.000000,0.986842,0.013158,1.000000
0.030087747,4,112,snapshot,1024,76,1.000000,1.000000,1.000000,{"1":75,"2":1},0.986842,0.013158,0.000000,0.000000,0.986842,0.013158,1.000000
0.030087747,4,112,snapshot,4096,76,1.000000,1.000000,1.000000,{"1":75,"2":1},0.986842,0.013158,0.000000,0.000000,0.986842,0.013158,1.000000
0.030087747,4,112,snapshot,16384,76,1.000000,1.000000,1.000000,{"1":75,"2":1},0.986842,0.013158,0.000000,0.000000,0.986842,0.013158,1.000000
0.030321591,4,113,read_only,64,2,1.000000,1.000000,1.000000,{"1":2},1.000000,0.000000,0.000000,0.000000,1.000000,0.000000,-1.000000
0.030321591,4,113,union,64,2,1.000000,1.000000,1.000000,{"1":2},1.000000,0.000000,0.000000,0.000000,1.000000,0.000000,-1.000000
0.030321591,4,113,snapshot,64,78,1.000000,1.000000,1.000000,{"1":77,"2":1},0.987179,0.012821,0.000000,0.000000,0.987179,0.012821,1.000000
0.030321591,4,113,read_only,256,2,1.000000,1.000000,1.000000,{"1":2},1.000000,0.000000,0.000000,0.000000,1.000000,0.000000,-1.000000
0.030321591,4,113,union,256,2,1.000000,1.000000,1.000000,{"1":2},1.000000,0.000000,0.000000,0.000000,1.000000,0.000000,-1.000000
0.030321591,4,113,snapshot,256,78,1.000000,1.000000,1.000000,{"1":77,"2":1},0.987179,0.012821,0.000000,0.000000,0.987179,0.012821,1.000000
0.030321591,4,113,read_only,1024,2,1.000000,1.000000,1.000000,{"1":2},1.000000,0.000000,0.000000,0.000000,1.000000,0.000000,-1.000000
0.030321591,4,113,union,1024,2,1.000000,1.000000,1.000000,{"1":2},1.000000,0.000000,0.000000,0.000000,1.000000,0.000000,-1.000000
0.030321591,4,113,snapshot,1024,78,1.000000,1.000000,1.000000,{"1":77,"2":1},0.987179,0.012821,0.000000,0.000000,0.987179,0.012821,1.000000
0.030321591,4,113,read_only,4096,2,1.000000,1.000000,1.000000,{"1":2},1.000000,0.000000,0.000000,0.000000,1.000000,0.000000,-1.000000
0.030321591,4,113,union,4096,2,1.000000,1.000000,1.000000,{"1":2},1.000000,0.000000,0.000000,0.000000,1.000000,0.000000,-1.000000
0.030321591,4,113,snapshot,4096,78,1.000000,1.000000,1.000000,{"1":77,"2":1},0.987179,0.012821,0.000000,0.000000,0.987179,0.012821,1.000000
0.030321591,4,113,read_only,16384,2,1.000000,1.000000,1.000000,{"1":2},1.000000,0.000000,0.000000,0.000000,1.000000,0.000000,-1.000000
0.030321591,4,113,union,16384,2,1.000000,1.000000,1.000000,{"1":2},1.000000,0.000000,0.000000,0.000000,1.000000,0.000000,-1.000000
0.030321591,4,113,snapshot,16384,78,1.000000,1.000000,1.000000,{"1":77,"2":1},0.987179,0.012821,0.000000,0.000000,0.987179,0.012821,1.000000
0.030553947,4,114,snapshot,64,78,1.000000,1.000000,1.000000,{"1":77,"2":1},0.987179,0.012821,0.000000,0.000000,0.987179,0.012821,1.000000
0.030553947,4,114,snapshot,256,78,1.000000,1.000000,1.000000,{"1":77,"2":1},0.987179,0.012821,0.000000,0.000000,0.987179,0.012821,1.000000
0.030553947,4,114,snapshot,1024,78,1.000000,1.000000,1.000000,{"1":77,"2":1},0.987179,0.012821,0.000000,0.000000,0.987179,0.012821,1.000000
0.030553947,4,114,snapshot,4096,78,1.000000,1.000000,1.000000,{"1":77,"2":1},0.987179,0.012821,0.000000,0.000000,0.987179,0.012821,1.000000
0.030553947,4,114,snapshot,16384,78,1.000000,1.000000,1.000000,{"1":77,"2":1},0.987179,0.012821,0.000000,0.000000,0.987179,0.012821,1.000000
0.030865736,4,115,read_only,64,1,1.000000,1.000000,1.000000,{"1":1},1.000000,0.000000,0.000000,0.000000,1.000000,0.000000,-1.000000
0.030865736,4,115,union,64,1,1.000000,1.000000,1.000000,{"1":1},1.000000,0.000000,0.000000,0.000000,1.000000,0.000000,-1.000000
0.030865736,4,115,snapshot,64,79,1.000000,1.000000,1.000000,{"1":78,"2":1},0.987342,0.012658,0.000000,0.000000,0.987342,0.012658,1.000000
0.030865736,4,115,read_only,256,1,1.000000,1.000000,1.000000,{"1":1},1.000000,0.000000,0.000000,0.000000,1.000000,0.000000,-1.000000
0.030865736,4,115,union,256,1,1.000000,1.000000,1.000000,{"1":1},1.000000,0.000000,0.000000,0.000000,1.000000,0.000000,-1.000000
0.030865736,4,115,snapshot,256,79,1.000000,1.000000,1.000000,{"1":78,"2":1},0.987342,0.012658,0.000000,0.000000,0.987342,0.012658,1.000000
0.030865736,4,115,read_only,1024,1,1.000000,1.000000,1.000000,{"1":1},1.000000,0.000000,0.000000,0.000000,1.000000,0.000000,-1.000000
0.030865736,4,115,union,1024,1,1.000000,1.000000,1.000000,{"1":1},1.000000,0.000000,0.000000,0.000000,1.000000,0.000000,-1.000000
0.030865736,4,115,snapshot,1024,79,1.000000,1.000000,1.000000,{"1":78,"2":1},0.987342,0.012658,0.000000,0.000000,0.987342,0.012658,1.000000
0.030865736,4,115,read_only,4096,1,1.000000,1.000000,1.000000,{"1":1},1.000000,0.000000,0.000000,0.000000,1.000000,0.000000,-1.000000
0.030865736,4,115,union,4096,1,1.000000,1.000000,1.000000,{"1":1},1.000000,0.000000,0.000000,0.000000,1.000000,0.000000,-1.000000
0.030865736,4,115,snapshot,4096,79,1.000000,1.000000,1.000000,{"1":78,"2":1},0.987342,0.012658,0.000000,0.000000,0.987342,0.012658,1.000000
0.030865736,4,115,read_only,16384,1,1.000000,1.000000,1.000000,{"1":1},1.000000,0.000000,0.000000,0.000000,1.000000,0.000000,-1.000000
0.030865736,4,115,union,16384,1,1.000000,1.000000,1.000000,{"1":1},1.000000,0.000000,0.000000,0.000000,1.000000,0.000000,-1.000000
0.030865736,4,115,snapshot,16384,79,1.000000,1.000000,1.000000,{"1":78,"2":1},0.987342,0.012658,0.000000,0.000000,0.987342,0.012658,1.000000
0.031098015,4,116,snapshot,64,79,1.000000,1.000000,1.000000,{"1":78,"2":1},0.987342,0.012658,0.000000,0.000000,0.987342,0.012658,1.000000
0.031098015,4,116,snapshot,256,79,1.000000,1.000000,1.000000,{"1":78,"2":1},0.987342,0.012658,0.000000,0.000000,0.987342,0.012658,1.000000
0.031098015,4,116,snapshot,1024,79,1.000000,1.000000,1.000000,{"1":78,"2":1},0.987342,0.012658,0.000000,0.000000,0.987342,0.012658,1.000000
0.031098015,4,116,snapshot,4096,79,1.000000,1.000000,1.000000,{"1":78,"2":1},0.987342,0.012658,0.000000,0.000000,0.987342,0.012658,1.000000
0.031098015,4,116,snapshot,16384,79,1.000000,1.000000,1.000000,{"1":78,"2":1},0.987342,0.012658,0.000000,0.000000,0.987342,0.012658,1.000000
0.031330987,4,117,snapshot,64,79,1.000000,1.000000,1.000000,{"1":78,"2":1},0.987342,0.012658,0.000000,0.000000,0.987342,0.012658,1.000000
0.031330987,4,117,snapshot,256,79,1.000000,1.000000,1.000000,{"1":78,"2":1},0.987342,0.012658,0.000000,0.000000,0.987342,0.012658,1.000000
0.031330987,4,117,snapshot,1024,79,1.000000,1.000000,1.000000,{"1":78,"2":1},0.987342,0.012658,0.000000,0.000000,0.987342,0.012658,1.000000
0.031330987,4,117,snapshot,4096,79,1.000000,1.000000,1.000000,{"1":78,"2":1},0.987342,0.012658,0.000000,0.000000,0.987342,0.012658,1.000000
0.031330987,4,117,snapshot,16384,79,1.000000,1.000000,1.000000,{"1":78,"2":1},0.987342,0.012658,0.000000,0.000000,0.987342,0.012658,1.000000
0.031564146,4,118,read_only,64,2,1.000000,1.000000,1.000000,{"1":2},1.000000,0.000000,0.000000,0.000000,1.000000,0.000000,-1.000000
0.031564146,4,118,union,64,2,1.000000,1.000000,1.000000,{"1":2},1.000000,0.000000,0.000000,0.000000,1.000000,0.000000,-1.000000
0.031564146,4,118,snapshot,64,81,1.000000,1.000000,1.000000,{"1":80,"2":1},0.987654,0.012346,0.000000,0.000000,0.987654,0.012346,1.000000
0.031564146,4,118,read_only,256,2,1.000000,1.000000,1.000000,{"1":2},1.000000,0.000000,0.000000,0.000000,1.000000,0.000000,-1.000000
0.031564146,4,118,union,256,2,1.000000,1.000000,1.000000,{"1":2},1.000000,0.000000,0.000000,0.000000,1.000000,0.000000,-1.000000
0.031564146,4,118,snapshot,256,81,1.000000,1.000000,1.000000,{"1":80,"2":1},0.987654,0.012346,0.000000,0.000000,0.987654,0.012346,1.000000
0.031564146,4,118,read_only,1024,2,1.000000,1.000000,1.000000,{"1":2},1.000000,0.000000,0.000000,0.000000,1.000000,0.000000,-1.000000
0.031564146,4,118,union,1024,2,1.000000,1.000000,1.000000,{"1":2},1.000000,0.000000,0.000000,0.000000,1.000000,0.000000,-1.000000
0.031564146,4,118,snapshot,1024,81,1.000000,1.000000,1.000000,{"1":80,"2":1},0.987654,0.012346,0.000000,0.000000,0.987654,0.012346,1.000000
0.031564146,4,118,read_only,4096,2,1.000000,1.000000,1.000000,{"1":2},1.000000,0.000000,0.000000,0.000000,1.000000,0.000000,-1.000000
0.031564146,4,118,union,4096,2,1.000000,1.000000,1.000000,{"1":2},1.000000,0.000000,0.000000,0.000000,1.000000,0.000000,-1.000000
0.031564146,4,118,snapshot,4096,81,1.000000,1.000000,1.000000,{"1":80,"2":1},0.987654,0.012346,0.000000,0.000000,0.987654,0.012346,1.000000
0.031564146,4,118,read_only,16384,2,1.000000,1.000000,1.000000,{"1":2},1.000000,0.000000,0.000000,0.000000,1.000000,0.000000,-1.000000
0.031564146,4,118,union,16384,2,1.000000,1.000000,1.000000,{"1":2},1.000000,0.000000,0.000000,0.000000,1.000000,0.000000,-1.000000
0.031564146,4,118,snapshot,16384,81,1.000000,1.000000,1.000000,{"1":80,"2":1},0.987654,0.012346,0.000000,0.000000,0.987654,0.012346,1.000000
0.031797268,4,119,snapshot,64,81,1.000000,1.000000,1.000000,{"1":80,"2":1},0.987654,0.012346,0.000000,0.000000,0.987654,0.012346,1.000000
0.031797268,4,119,snapshot,256,81,1.000000,1.000000,1.000000,{"1":80,"2":1},0.987654,0.012346,0.000000,0.000000,0.987654,0.012346,1.000000
0.031797268,4,119,snapshot,1024,81,1.000000,1.000000,1.000000,{"1":80,"2":1},0.987654,0.012346,0.000000,0.000000,0.987654,0.012346,1.000000
0.031797268,4,119,snapshot,4096,81,1.000000,1.000000,1.000000,{"1":80,"2":1},0.987654,0.012346,0.000000,0.000000,0.987654,0.012346,1.000000
0.031797268,4,119,snapshot,16384,81,1.000000,1.000000,1.000000,{"1":80,"2":1},0.987654,0.012346,0.000000,0.000000,0.987654,0.012346,1.000000
0.032031413,4,120,snapshot,64,81,1.000000,1.000000,1.000000,{"1":80,"2":1},0.987654,0.012346,0.000000,0.000000,0.987654,0.012346,1.000000
0.032031413,4,120,snapshot,256,81,1.000000,1.000000,1.000000,{"1":80,"2":1},0.987654,0.012346,0.000000,0.000000,0.987654,0.012346,1.000000
0.032031413,4,120,snapshot,1024,81,1.000000,1.000000,1.000000,{"1":80,"2":1},0.987654,0.012346,0.000000,0.000000,0.987654,0.012346,1.000000
0.032031413,4,120,snapshot,4096,81,1.000000,1.000000,1.000000,{"1":80,"2":1},0.987654,0.012346,0.000000,0.000000,0.987654,0.012346,1.000000
0.032031413,4,120,snapshot,16384,81,1.000000,1.000000,1.000000,{"1":80,"2":1},0.987654,0.012346,0.000000,0.000000,0.987654,0.012346,1.000000
0.032264567,4,121,snapshot,64,81,1.000000,1.000000,1.000000,{"1":80,"2":1},0.987654,0.012346,0.000000,0.000000,0.987654,0.012346,1.000000
0.032264567,4,121,snapshot,256,81,1.000000,1.000000,1.000000,{"1":80,"2":1},0.987654,0.012346,0.000000,0.000000,0.987654,0.012346,1.000000
0.032264567,4,121,snapshot,1024,81,1.000000,1.000000,1.000000,{"1":80,"2":1},0.987654,0.012346,0.000000,0.000000,0.987654,0.012346,1.000000
0.032264567,4,121,snapshot,4096,81,1.000000,1.000000,1.000000,{"1":80,"2":1},0.987654,0.012346,0.000000,0.000000,0.987654,0.012346,1.000000
0.032264567,4,121,snapshot,16384,81,1.000000,1.000000,1.000000,{"1":80,"2":1},0.987654,0.012346,0.000000,0.000000,0.987654,0.012346,1.000000
0.032497436,4,122,snapshot,64,81,1.000000,1.000000,1.000000,{"1":80,"2":1},0.987654,0.012346,0.000000,0.000000,0.987654,0.012346,1.000000
0.032497436,4,122,snapshot,256,81,1.000000,1.000000,1.000000,{"1":80,"2":1},0.987654,0.012346,0.000000,0.000000,0.987654,0.012346,1.000000
0.032497436,4,122,snapshot,1024,81,1.000000,1.000000,1.000000,{"1":80,"2":1},0.987654,0.012346,0.000000,0.000000,0.987654,0.012346,1.000000
0.032497436,4,122,snapshot,4096,81,1.000000,1.000000,1.000000,{"1":80,"2":1},0.987654,0.012346,0.000000,0.000000,0.987654,0.012346,1.000000
0.032497436,4,122,snapshot,16384,81,1.000000,1.000000,1.000000,{"1":80,"2":1},0.987654,0.012346,0.000000,0.000000,0.987654,0.012346,1.000000
0.032752247,4,123,read_only,64,1,1.000000,1.000000,1.000000,{"1":1},1.000000,0.000000,0.000000,0.000000,1.000000,0.000000,-1.000000
0.032752247,4,123,union,64,1,1.000000,1.000000,1.000000,{"1":1},1.000000,0.000000,0.000000,0.000000,1.000000,0.000000,-1.000000
0.032752247,4,123,snapshot,64,82,1.000000,1.000000,1.000000,{"1":81,"2":1},0.987805,0.012195,0.000000,0.000000,0.987805,0.012195,1.000000
0.032752247,4,123,read_only,256,1,1.000000,1.000000,1.000000,{"1":1},1.000000,0.000000,0.000000,0.000000,1.000000,0.000000,-1.000000
0.032752247,4,123,union,256,1,1.000000,1.000000,1.000000,{"1":1},1.000000,0.000000,0.000000,0.000000,1.000000,0.000000,-1.000000
0.032752247,4,123,snapshot,256,82,1.000000,1.000000,1.000000,{"1":81,"2":1},0.987805,0.012195,0.000000,0.000000,0.987805,0.012195,1.000000
0.032752247,4,123,read_only,1024,1,1.000000,1.000000,1.000000,{"1":1},1.000000,0.000000,0.000000,0.000000,1.000000,0.000000,-1.000000
0.032752247,4,123,union,1024,1,1.000000,1.000000,1.000000,{"1":1},1.000000,0.000000,0.000000,0.000000,1.000000,0.000000,-1.000000
0.032752247,4,123,snapshot,1024,82,1.000000,1.000000,1.000000,{"1":81,"2":1},0.987805,0.012195,0.000000,0.000000,0.987805,0.012195,1.000000
0.032752247,4,123,read_only,4096,1,1.000000,1.000000,1.000000,{"1":1},1.000000,0.000000,0.000000,0.000000,1.000000,0.000000,-1.000000
0.032752247,4,123,union,4096,1,1.000000,1.000000,1.000000,{"1":1},1.000000,0.000000,0.000000,0.000000,1.000000,0.000000,-1.000000
0.032752247,4,123,snapshot,4096,82,1.000000,1.000000,1.000000,{"1":81,"2":1},0.987805,0.012195,0.000000,0.000000,0.987805,0.012195,1.000000
0.032752247,4,123,read_only,16384,1,1.000000,1.000000,1.000000,{"1":1},1.000000,0.000000,0.000000,0.000000,1.000000,0.000000,-1.000000
0.032752247,4,123,union,16384,1,1.000000,1.000000,1.000000,{"1":1},1.000000,0.000000,0.000000,0.000000,1.000000,0.000000,-1.000000
0.032752247,4,123,snapshot,16384,82,1.000000,1.000000,1.000000,{"1":81,"2":1},0.987805,0.012195,0.000000,0.000000,0.987805,0.012195,1.000000
0.033015741,4,124,read_only,64,1,1.000000,1.000000,1.000000,{"1":1},1.000000,0.000000,0.000000,0.000000,1.000000,0.000000,-1.000000
0.033015741,4,124,union,64,1,1.000000,1.000000,1.000000,{"1":1},1.000000,0.000000,0.000000,0.000000,1.000000,0.000000,-1.000000
0.033015741,4,124,snapshot,64,83,1.000000,1.000000,1.000000,{"1":82,"2":1},0.987952,0.012048,0.000000,0.000000,0.987952,0.012048,1.000000
0.033015741,4,124,read_only,256,1,1.000000,1.000000,1.000000,{"1":1},1.000000,0.000000,0.000000,0.000000,1.000000,0.000000,-1.000000
0.033015741,4,124,union,256,1,1.000000,1.000000,1.000000,{"1":1},1.000000,0.000000,0.000000,0.000000,1.000000,0.000000,-1.000000
0.033015741,4,124,snapshot,256,83,1.000000,1.000000,1.000000,{"1":82,"2":1},0.987952,0.012048,0.000000,0.000000,0.987952,0.012048,1.000000
0.033015741,4,124,read_only,1024,1,1.000000,1.000000,1.000000,{"1":1},1.000000,0.000000,0.000000,0.000000,1.000000,0.000000,-1.000000
0.033015741,4,124,union,1024,1,1.000000,1.000000,1.000000,{"1":1},1.000000,0.000000,0.000000,0.000000,1.000000,0.000000,-1.000000
0.033015741,4,124,snapshot,1024,83,1.000000,1.000000,1.000000,{"1":82,"2":1},0.987952,0.012048,0.000000,0.000000,0.987952,0.012048,1.000000
0.033015741,4,124,read_only,4096,1,1.000000,1.000000,1.000000,{"1":1},1.000000,0.000000,0.000000,0.000000,1.000000,0.000000,-1.000000
0.033015741,4,124,union,4096,1,1.000000,1.000000,1.000000,{"1":1},1.000000,0.000000,0.000000,0.000000,1.000000,0.000000,-1.000000
0.033015741,4,124,snapshot,4096,83,1.000000,1.000000,1.000000,{"1":82,"2":1},0.987952,0.012048,0.000000,0.000000,0.987952,0.012048,1.000000
0.033015741,4,124,read_only,16384,1,1.000000,1.000000,1.000000,{"1":1},1.000000,0.000000,0.000000,0.000000,1.000000,0.000000,-1.000000
0.033015741,4,124,union,16384,1,1.000000,1.000000,1.000000,{"1":1},1.000000,0.000000,0.000000,0.000000,1.000000,0.000000,-1.000000
0.033015741,4,124,snapshot,16384,83,1.000000,1.000000,1.000000,{"1":82,"2":1},0.987952,0.012048,0.000000,0.000000,0.987952,0.012048,1.000000
0.033267024,4,125,snapshot,64,83,1.000000,1.000000,1.000000,{"1":82,"2":1},0.987952,0.012048,0.000000,0.000000,0.987952,0.012048,1.000000
0.033267024,4,125,snapshot,256,83,1.000000,1.000000,1.000000,{"1":82,"2":1},0.987952,0.012048,0.000000,0.000000,0.987952,0.012048,1.000000
0.033267024,4,125,snapshot,1024,83,1.000000,1.000000,1.000000,{"1":82,"2":1},0.987952,0.012048,0.000000,0.000000,0.987952,0.012048,1.000000
0.033267024,4,125,snapshot,4096,83,1.000000,1.000000,1.000000,{"1":82,"2":1},0.987952,0.012048,0.000000,0.000000,0.987952,0.012048,1.000000
0.033267024,4,125,snapshot,16384,83,1.000000,1.000000,1.000000,{"1":82,"2":1},0.987952,0.012048,0.000000,0.000000,0.987952,0.012048,1.000000
0.033800154,4,127,read_only,64,2,1.000000,1.000000,1.000000,{"1":2},1.000000,0.000000,0.000000,0.000000,1.000000,0.000000,-1.000000
0.033800154,4,127,union,64,2,1.000000,1.000000,1.000000,{"1":2},1.000000,0.000000,0.000000,0.000000,1.000000,0.000000,-1.000000
0.033800154,4,127,read_only,256,2,1.000000,1.000000,1.000000,{"1":2},1.000000,0.000000,0.000000,0.000000,1.000000,0.000000,-1.000000
0.033800154,4,127,union,256,2,1.000000,1.000000,1.000000,{"1":2},1.000000,0.000000,0.000000,0.000000,1.000000,0.000000,-1.000000
0.033800154,4,127,read_only,1024,2,1.000000,1.000000,1.000000,{"1":2},1.000000,0.000000,0.000000,0.000000,1.000000,0.000000,-1.000000
0.033800154,4,127,union,1024,2,1.000000,1.000000,1.000000,{"1":2},1.000000,0.000000,0.000000,0.000000,1.000000,0.000000,-1.000000
0.033800154,4,127,read_only,4096,2,1.000000,1.000000,1.000000,{"1":2},1.000000,0.000000,0.000000,0.000000,1.000000,0.000000,-1.000000
0.033800154,4,127,union,4096,2,1.000000,1.000000,1.000000,{"1":2},1.000000,0.000000,0.000000,0.000000,1.000000,0.000000,-1.000000
0.033800154,4,127,read_only,16384,2,1.000000,1.000000,1.000000,{"1":2},1.000000,0.000000,0.000000,0.000000,1.000000,0.000000,-1.000000
0.033800154,4,127,union,16384,2,1.000000,1.000000,1.000000,{"1":2},1.000000,0.000000,0.000000,0.000000,1.000000,0.000000,-1.000000
0.034034476,4,128,read_only,64,3,1.000000,1.000000,1.000000,{"1":3},1.000000,0.000000,0.000000,0.000000,1.000000,0.000000,-1.000000
0.034034476,4,128,union,64,3,1.000000,1.000000,1.000000,{"1":3},1.000000,0.000000,0.000000,0.000000,1.000000,0.000000,-1.000000
0.034034476,4,128,snapshot,64,3,1.000000,1.000000,1.000000,{"1":3},1.000000,0.000000,0.000000,0.000000,1.000000,0.000000,-1.000000
0.034034476,4,128,read_only,256,3,1.000000,1.000000,1.000000,{"1":3},1.000000,0.000000,0.000000,0.000000,1.000000,0.000000,-1.000000
0.034034476,4,128,union,256,3,1.000000,1.000000,1.000000,{"1":3},1.000000,0.000000,0.000000,0.000000,1.000000,0.000000,-1.000000
0.034034476,4,128,snapshot,256,3,1.000000,1.000000,1.000000,{"1":3},1.000000,0.000000,0.000000,0.000000,1.000000,0.000000,-1.000000
0.034034476,4,128,read_only,1024,3,1.000000,1.000000,1.000000,{"1":3},1.000000,0.000000,0.000000,0.000000,1.000000,0.000000,-1.000000
0.034034476,4,128,union,1024,3,1.000000,1.000000,1.000000,{"1":3},1.000000,0.000000,0.000000,0.000000,1.000000,0.000000,-1.000000
0.034034476,4,128,snapshot,1024,3,1.000000,1.000000,1.000000,{"1":3},1.000000,0.000000,0.000000,0.000000,1.000000,0.000000,-1.000000
0.034034476,4,128,read_only,4096,3,1.000000,1.000000,1.000000,{"1":3},1.000000,0.000000,0.000000,0.000000,1.000000,0.000000,-1.000000
0.034034476,4,128,union,4096,3,1.000000,1.000000,1.000000,{"1":3},1.000000,0.000000,0.000000,0.000000,1.000000,0.000000,-1.000000
0.034034476,4,128,snapshot,4096,3,1.000000,1.000000,1.000000,{"1":3},1.000000,0.000000,0.000000,0.000000,1.000000,0.000000,-1.000000
0.034034476,4,128,read_only,16384,3,1.000000,1.000000,1.000000,{"1":3},1.000000,0.000000,0.000000,0.000000,1.000000,0.000000,-1.000000
0.034034476,4,128,union,16384,3,1.000000,1.000000,1.000000,{"1":3},1.000000,0.000000,0.000000,0.000000,1.000000,0.000000,-1.000000
0.034034476,4,128,snapshot,16384,3,1.000000,1.000000,1.000000,{"1":3},1.000000,0.000000,0.000000,0.000000,1.000000,0.000000,-1.000000
0.034329453,4,129,snapshot,64,3,1.000000,1.000000,1.000000,{"1":3},1.000000,0.000000,0.000000,0.000000,1.000000,0.000000,-1.000000
0.034329453,4,129,snapshot,256,3,1.000000,1.000000,1.000000,{"1":3},1.000000,0.000000,0.000000,0.000000,1.000000,0.000000,-1.000000
0.034329453,4,129,snapshot,1024,3,1.000000,1.000000,1.000000,{"1":3},1.000000,0.000000,0.000000,0.000000,1.000000,0.000000,-1.000000
0.034329453,4,129,snapshot,4096,3,1.000000,1.000000,1.000000,{"1":3},1.000000,0.000000,0.000000,0.000000,1.000000,0.000000,-1.000000
0.034329453,4,129,snapshot,16384,3,1.000000,1.000000,1.000000,{"1":3},1.000000,0.000000,0.000000,0.000000,1.000000,0.000000,-1.000000
0.034574863,4,130,read_only,64,2,1.000000,1.000000,1.000000,{"1":2},1.000000,0.000000,0.000000,0.000000,1.000000,0.000000,-1.000000
0.034574863,4,130,union,64,2,1.000000,1.000000,1.000000,{"1":2},1.000000,0.000000,0.000000,0.000000,1.000000,0.000000,-1.000000
0.034574863,4,130,snapshot,64,5,1.000000,1.000000,1.000000,{"1":5},1.000000,0.000000,0.000000,0.000000,1.000000,0.000000,-1.000000
0.034574863,4,130,read_only,256,2,1.000000,1.000000,1.000000,{"1":2},1.000000,0.000000,0.000000,0.000000,1.000000,0.000000,-1.000000
0.034574863,4,130,union,256,2,1.000000,1.000000,1.000000,{"1":2},1.000000,0.000000,0.000000,0.000000,1.000000,0.000000,-1.000000
0.034574863,4,130,snapshot,256,5,1.000000,1.000000,1.000000,{"1":5},1.000000,0.000000,0.000000,0.000000,1.000000,0.000000,-1.000000
0.034574863,4,130,read_only,1024,2,1.000000,1.000000,1.000000,{"1":2},1.000000,0.000000,0.000000,0.000000,1.000000,0.000000,-1.000000
0.034574863,4,130,union,1024,2,1.000000,1.000000,1.000000,{"1":2},1.000000,0.000000,0.000000,0.000000,1.000000,0.000000,-1.000000
0.034574863,4,130,snapshot,1024,5,1.000000,1.000000,1.000000,{"1":5},1.000000,0.000000,0.000000,0.000000,1.000000,0.000000,-1.000000
0.034574863,4,130,read_only,4096,2,1.000000,1.000000,1.000000,{"1":2},1.000000,0.000000,0.000000,0.000000,1.000000,0.000000,-1.000000
0.034574863,4,130,union,4096,2,1.000000,1.000000,1.000000,{"1":2},1.000000,0.000000,0.000000,0.000000,1.000000,0.000000,-1.000000
0.034574863,4,130,snapshot,4096,5,1.000000,1.000000,1.000000,{"1":5},1.000000,0.000000,0.000000,0.000000,1.000000,0.000000,-1.000000
0.034574863,4,130,read_only,16384,2,1.000000,1.000000,1.000000,{"1":2},1.000000,0.000000,0.000000,0.000000,1.000000,0.000000,-1.000000
0.034574863,4,130,union,16384,2,1.000000,1.000000,1.000000,{"1":2},1.000000,0.000000,0.000000,0.000000,1.000000,0.000000,-1.000000
0.034574863,4,130,snapshot,16384,5,1.000000,1.000000,1.000000,{"1":5},1.000000,0.000000,0.000000,0.000000,1.000000,0.000000,-1.000000
0.034817284,4,131,snapshot,64,5,1.000000,1.000000,1.000000,{"1":5},1.000000,0.000000,0.000000,0.000000,1.000000,0.000000,-1.000000
0.034817284,4,131,snapshot,256,5,1.000000,1.000000,1.000000,{"1":5},1.000000,0.000000,0.000000,0.000000,1.000000,0.000000,-1.000000
0.034817284,4,131,snapshot,1024,5,1.000000,1.000000,1.000000,{"1":5},1.000000,0.000000,0.000000,0.000000,1.000000,0.000000,-1.000000
0.034817284,4,131,snapshot,4096,5,1.000000,1.000000,1.000000,{"1":5},1.000000,0.000000,0.000000,0.000000,1.000000,0.000000,-1.000000
0.034817284,4,131,snapshot,16384,5,1.000000,1.000000,1.000000,{"1":5},1.000000,0.000000,0.000000,0.000000,1.000000,0.000000,-1.000000
0.035080998,4,132,read_only,64,1,1.000000,1.000000,1.000000,{"2":1},0.000000,1.000000,0.000000,0.000000,0.000000,1.000000,1.000000
0.035080998,4,132,union,64,1,1.000000,1.000000,1.000000,{"2":1},0.000000,1.000000,0.000000,0.000000,0.000000,1.000000,1.000000
0.035080998,4,132,snapshot,64,6,1.000000,1.000000,1.000000,{"1":5,"2":1},0.833333,0.166667,0.000000,0.000000,0.833333,0.166667,1.000000
0.035080998,4,132,read_only,256,1,1.000000,1.000000,1.000000,{"2":1},0.000000,1.000000,0.000000,0.000000,0.000000,1.000000,1.000000
0.035080998,4,132,union,256,1,1.000000,1.000000,1.000000,{"2":1},0.000000,1.000000,0.000000,0.000000,0.000000,1.000000,1.000000
0.035080998,4,132,snapshot,256,6,1.000000,1.000000,1.000000,{"1":5,"2":1},0.833333,0.166667,0.000000,0.000000,0.833333,0.166667,1.000000
0.035080998,4,132,read_only,1024,1,1.000000,1.000000,1.000000,{"2":1},0.000000,1.000000,0.000000,0.000000,0.000000,1.000000,1.000000
0.035080998,4,132,union,1024,1,1.000000,1.000000,1.000000,{"2":1},0.000000,1.000000,0.000000,0.000000,0.000000,1.000000,1.000000
0.035080998,4,132,snapshot,1024,6,1.000000,1.000000,1.000000,{"1":5,"2":1},0.833333,0.166667,0.000000,0.000000,0.833333,0.166667,1.000000
0.035080998,4,132,read_only,4096,1,1.000000,1.000000,1.000000,{"2":1},0.000000,1.000000,0.000000,0.000000,0.000000,1.000000,1.000000
0.035080998,4,132,union,4096,1,1.000000,1.000000,1.000000,{"2":1},0.000000,1.000000,0.000000,0.000000,0.000000,1.000000,1.000000
0.035080998,4,132,snapshot,4096,6,1.000000,1.000000,1.000000,{"1":5,"2":1},0.833333,0.166667,0.000000,0.000000,0.833333,0.166667,1.000000
0.035080998,4,132,read_only,16384,1,1.000000,1.000000,1.000000,{"2":1},0.000000,1.000000,0.000000,0.000000,0.000000,1.000000,1.000000
0.035080998,4,132,union,16384,1,1.000000,1.000000,1.000000,{"2":1},0.000000,1.000000,0.000000,0.000000,0.000000,1.000000,1.000000
0.035080998,4,132,snapshot,16384,6,1.000000,1.000000,1.000000,{"1":5,"2":1},0.833333,0.166667,0.000000,0.000000,0.833333,0.166667,1.000000
0.035360268,4,133,read_only,64,1,1.000000,1.000000,1.000000,{"1":1},1.000000,0.000000,0.000000,0.000000,1.000000,0.000000,-1.000000
0.035360268,4,133,union,64,1,1.000000,1.000000,1.000000,{"1":1},1.000000,0.000000,0.000000,0.000000,1.000000,0.000000,-1.000000
0.035360268,4,133,snapshot,64,7,1.000000,1.000000,1.000000,{"1":6,"2":1},0.857143,0.142857,0.000000,0.000000,0.857143,0.142857,1.000000
0.035360268,4,133,read_only,256,1,1.000000,1.000000,1.000000,{"1":1},1.000000,0.000000,0.000000,0.000000,1.000000,0.000000,-1.000000
0.035360268,4,133,union,256,1,1.000000,1.000000,1.000000,{"1":1},1.000000,0.000000,0.000000,0.000000,1.000000,0.000000,-1.000000
0.035360268,4,133,snapshot,256,7,1.000000,1.000000,1.000000,{"1":6,"2":1},0.857143,0.142857,0.000000,0.000000,0.857143,0.142857,1.000000
0.035360268,4,133,read_only,1024,1,1.000000,1.000000,1.000000,{"1":1},1.000000,0.000000,0.000000,0.000000,1.000000,0.000000,-1.000000
0.035360268,4,133,union,1024,1,1.000000,1.000000,1.000000,{"1":1},1.000000,0.000000,0.000000,0.000000,1.000000,0.000000,-1.000000
0.035360268,4,133,snapshot,1024,7,1.000000,1.000000,1.000000,{"1":6,"2":1},0.857143,0.142857,0.000000,0.000000,0.857143,0.142857,1.000000
0.035360268,4,133,read_only,4096,1,1.000000,1.000000,1.000000,{"1":1},1.000000,0.000000,0.000000,0.000000,1.000000,0.000000,-1.000000
0.035360268,4,133,union,4096,1,1.000000,1.000000,1.000000,{"1":1},1.000000,0.000000,0.000000,0.000000,1.000000,0.000000,-1.000000
0.035360268,4,133,snapshot,4096,7,1.000000,1.000000,1.000000,{"1":6,"2":1},0.857143,0.142857,0.000000,0.000000,0.857143,0.142857,1.000000
0.035360268,4,133,read_only,16384,1,1.000000,1.000000,1.000000,{"1":1},1.000000,0.000000,0.000000,0.000000,1.000000,0.000000,-1.000000
0.035360268,4,133,union,16384,1,1.000000,1.000000,1.000000,{"1":1},1.000000,0.000000,0.000000,0.000000,1.000000,0.000000,-1.000000
0.035360268,4,133,snapshot,16384,7,1.000000,1.000000,1.000000,{"1":6,"2":1},0.857143,0.142857,0.000000,0.000000,0.857143,0.142857,1.000000
0.035593308,4,134,snapshot,64,7,1.000000,1.000000,1.000000,{"1":6,"2":1},0.857143,0.142857,0.000000,0.000000,0.857143,0.142857,1.000000
0.035593308,4,134,snapshot,256,7,1.000000,1.000000,1.000000,{"1":6,"2":1},0.857143,0.142857,0.000000,0.000000,0.857143,0.142857,1.000000
0.035593308,4,134,snapshot,1024,7,1.000000,1.000000,1.000000,{"1":6,"2":1},0.857143,0.142857,0.000000,0.000000,0.857143,0.142857,1.000000
0.035593308,4,134,snapshot,4096,7,1.000000,1.000000,1.000000,{"1":6,"2":1},0.857143,0.142857,0.000000,0.000000,0.857143,0.142857,1.000000
0.035593308,4,134,snapshot,16384,7,1.000000,1.000000,1.000000,{"1":6,"2":1},0.857143,0.142857,0.000000,0.000000,0.857143,0.142857,1.000000
0.035828037,4,135,snapshot,64,7,1.000000,1.000000,1.000000,{"1":6,"2":1},0.857143,0.142857,0.000000,0.000000,0.857143,0.142857,1.000000
0.035828037,4,135,snapshot,256,7,1.000000,1.000000,1.000000,{"1":6,"2":1},0.857143,0.142857,0.000000,0.000000,0.857143,0.142857,1.000000
0.035828037,4,135,snapshot,1024,7,1.000000,1.000000,1.000000,{"1":6,"2":1},0.857143,0.142857,0.000000,0.000000,0.857143,0.142857,1.000000
0.035828037,4,135,snapshot,4096,7,1.000000,1.000000,1.000000,{"1":6,"2":1},0.857143,0.142857,0.000000,0.000000,0.857143,0.142857,1.000000
0.035828037,4,135,snapshot,16384,7,1.000000,1.000000,1.000000,{"1":6,"2":1},0.857143,0.142857,0.000000,0.000000,0.857143,0.142857,1.000000
0.036121670,4,136,snapshot,64,7,1.000000,1.000000,1.000000,{"1":6,"2":1},0.857143,0.142857,0.000000,0.000000,0.857143,0.142857,1.000000
0.036121670,4,136,snapshot,256,7,1.000000,1.000000,1.000000,{"1":6,"2":1},0.857143,0.142857,0.000000,0.000000,0.857143,0.142857,1.000000
0.036121670,4,136,snapshot,1024,7,1.000000,1.000000,1.000000,{"1":6,"2":1},0.857143,0.142857,0.000000,0.000000,0.857143,0.142857,1.000000
0.036121670,4,136,snapshot,4096,7,1.000000,1.000000,1.000000,{"1":6,"2":1},0.857143,0.142857,0.000000,0.000000,0.857143,0.142857,1.000000
0.036121670,4,136,snapshot,16384,7,1.000000,1.000000,1.000000,{"1":6,"2":1},0.857143,0.142857,0.000000,0.000000,0.857143,0.142857,1.000000
0.036364487,4,137,read_only,64,1,1.000000,1.000000,1.000000,{"1":1},1.000000,0.000000,0.000000,0.000000,1.000000,0.000000,-1.000000
0.036364487,4,137,union,64,1,1.000000,1.000000,1.000000,{"1":1},1.000000,0.000000,0.000000,0.000000,1.000000,0.000000,-1.000000
0.036364487,4,137,snapshot,64,8,1.000000,1.000000,1.000000,{"1":7,"2":1},0.875000,0.125000,0.000000,0.000000,0.875000,0.125000,1.000000
0.036364487,4,137,read_only,256,1,1.000000,1.000000,1.000000,{"1":1},1.000000,0.000000,0.000000,0.000000,1.000000,0.000000,-1.000000
0.036364487,4,137,union,256,1,1.000000,1.000000,1.000000,{"1":1},1.000000,0.000000,0.000000,0.000000,1.000000,0.000000,-1.000000
0.036364487,4,137,snapshot,256,8,1.000000,1.000000,1.000000,{"1":7,"2":1},0.875000,0.125000,0.000000,0.000000,0.875000,0.125000,1.000000
0.036364487,4,137,read_only,1024,1,1.000000,1.000000,1.000000,{"1":1},1.000000,0.000000,0.000000,0.000000,1.000000,0.000000,-1.000000
0.036364487,4,137,union,1024,1,1.000000,1.000000,1.000000,{"1":1},1.000000,0.000000,0.000000,0.000000,1.000000,0.000000,-1.000000
0.036364487,4,137,snapshot,1024,8,1.000000,1.000000,1.000000,{"1":7,"2":1},0.875000,0.125000,0.000000,0.000000,0.875000,0.125000,1.000000
0.036364487,4,137,read_only,4096,1,1.000000,1.000000,1.000000,{"1":1},1.000000,0.000000,0.000000,0.000000,1.000000,0.000000,-1.000000
0.036364487,4,137,union,4096,1,1.000000,1.000000,1.000000,{"1":1},1.000000,0.000000,0.000000,0.000000,1.000000,0.000000,-1.000000
0.036364487,4,137,snapshot,4096,8,1.000000,1.000000,1.000000,{"1":7,"2":1},0.875000,0.125000,0.000000,0.000000,0.875000,0.125000,1.000000
0.036364487,4,137,read_only,16384,1,1.000000,1.000000,1.000000,{"1":1},1.000000,0.000000,0.000000,0.000000,1.000000,0.000000,-1.000000
0.036364487,4,137,union,16384,1,1.000000,1.000000,1.000000,{"1":1},1.000000,0.000000,0.000000,0.000000,1.000000,0.000000,-1.000000
0.036364487,4,137,snapshot,16384,8,1.000000,1.000000,1.000000,{"1":7,"2":1},0.875000,0.125000,0.000000,0.000000,0.875000,0.125000,1.000000
0.036602620,4,138,read_only,64,2,1.000000,1.000000,1.000000,{"1":2},1.000000,0.000000,0.000000,0.000000,1.000000,0.000000,-1.000000
0.036602620,4,138,union,64,2,1.000000,1.000000,1.000000,{"1":2},1.000000,0.000000,0.000000,0.000000,1.000000,0.000000,-1.000000
0.036602620,4,138,snapshot,64,10,1.000000,1.000000,1.000000,{"1":9,"2":1},0.900000,0.100000,0.000000,0.000000,0.900000,0.100000,1.000000
0.036602620,4,138,read_only,256,2,1.000000,1.000000,1.000000,{"1":2},1.000000,0.000000,0.000000,0.000000,1.000000,0.000000,-1.000000
0.036602620,4,138,union,256,2,1.000000,1.000000,1.000000,{"1":2},1.000000,0.000000,0.000000,0.000000,1.000000,0.000000,-1.000000
0.036602620,4,138,snapshot,256,10,1.000000,1.000000,1.000000,{"1":9,"2":1},0.900000,0.100000,0.000000,0.000000,0.900000,0.100000,1.000000
0.036602620,4,138,read_only,1024,2,1.000000,1.000000,1.000000,{"1":2},1.000000,0.000000,0.000000,0.000000,1.000000,0.000000,-1.000000
0.036602620,4,138,union,1024,2,1.000000,1.000000,1.000000,{"1":2},1.000000,0.000000,0.000000,0.000000,1.000000,0.000000,-1.000000
0.036602620,4,138,snapshot,1024,10,1.000000,1.000000,1.000000,{"1":9,"2":1},0.900000,0.100000,0.000000,0.000000,0.900000,0.100000,1.000000
0.036602620,4,138,read_only,4096,2,1.000000,1.000000,1.000000,{"1":2},1.000000,0.000000,0.000000,0.000000,1.000000,0.000000,-1.000000
0.036602620,4,138,union,4096,2,1.000000,1.000000,1.000000,{"1":2},1.000000,0.000000,0.000000,0.000000,1.000000,0.000000,-1.000000
0.036602620,4,138,snapshot,4096,10,1.000000,1.000000,1.000000,{"1":9,"2":1},0.900000,0.100000,0.000000,0.000000,0.900000,0.100000,1.000000
0.036602620,4,138,read_only,16384,2,1.000000,1.000000,1.000000,{"1":2},1.000000,0.000000,0.000000,0.000000,1.000000,0.000000,-1.000000
0.036602620,4,138,union,16384,2,1.000000,1.000000,1.000000,{"1":2},1.000000,0.000000,0.000000,0.000000,1.000000,0.000000,-1.000000
0.036602620,4,138,snapshot,16384,10,1.000000,1.000000,1.000000,{"1":9,"2":1},0.900000,0.100000,0.000000,0.000000,0.900000,0.100000,1.000000
0.037628663,4,142,read_only,64,3,1.000000,1.000000,1.000000,{"1":3},1.000000,0.000000,0.000000,0.000000,1.000000,0.000000,-1.000000
0.037628663,4,142,union,64,3,1.000000,1.000000,1.000000,{"1":3},1.000000,0.000000,0.000000,0.000000,1.000000,0.000000,-1.000000
0.037628663,4,142,snapshot,64,3,1.000000,1.000000,1.000000,{"1":3},1.000000,0.000000,0.000000,0.000000,1.000000,0.000000,-1.000000
0.037628663,4,142,read_only,256,3,1.000000,1.000000,1.000000,{"1":3},1.000000,0.000000,0.000000,0.000000,1.000000,0.000000,-1.000000
0.037628663,4,142,union,256,3,1.000000,1.000000,1.000000,{"1":3},1.000000,0.000000,0.000000,0.000000,1.000000,0.000000,-1.000000
0.037628663,4,142,snapshot,256,3,1.000000,1.000000,1.000000,{"1":3},1.000000,0.000000,0.000000,0.000000,1.000000,0.000000,-1.000000
0.037628663,4,142,read_only,1024,3,1.000000,1.000000,1.000000,{"1":3},1.000000,0.000000,0.000000,0.000000,1.000000,0.000000,-1.000000
0.037628663,4,142,union,1024,3,1.000000,1.000000,1.000000,{"1":3},1.000000,0.000000,0.000000,0.000000,1.000000,0.000000,-1.000000
0.037628663,4,142,snapshot,1024,3,1.000000,1.000000,1.000000,{"1":3},1.000000,0.000000,0.000000,0.000000,1.000000,0.000000,-1.000000
0.037628663,4,142,read_only,4096,3,1.000000,1.000000,1.000000,{"1":3},1.000000,0.000000,0.000000,0.000000,1.000000,0.000000,-1.000000
0.037628663,4,142,union,4096,3,1.000000,1.000000,1.000000,{"1":3},1.000000,0.000000,0.000000,0.000000,1.000000,0.000000,-1.000000
0.037628663,4,142,snapshot,4096,3,1.000000,1.000000,1.000000,{"1":3},1.000000,0.000000,0.000000,0.000000,1.000000,0.000000,-1.000000
0.037628663,4,142,read_only,16384,3,1.000000,1.000000,1.000000,{"1":3},1.000000,0.000000,0.000000,0.000000,1.000000,0.000000,-1.000000
0.037628663,4,142,union,16384,3,1.000000,1.000000,1.000000,{"1":3},1.000000,0.000000,0.000000,0.000000,1.000000,0.000000,-1.000000
0.037628663,4,142,snapshot,16384,3,1.000000,1.000000,1.000000,{"1":3},1.000000,0.000000,0.000000,0.000000,1.000000,0.000000,-1.000000
0.037878983,4,143,snapshot,64,3,1.000000,1.000000,1.000000,{"1":3},1.000000,0.000000,0.000000,0.000000,1.000000,0.000000,-1.000000
0.037878983,4,143,snapshot,256,3,1.000000,1.000000,1.000000,{"1":3},1.000000,0.000000,0.000000,0.000000,1.000000,0.000000,-1.000000
0.037878983,4,143,snapshot,1024,3,1.000000,1.000000,1.000000,{"1":3},1.000000,0.000000,0.000000,0.000000,1.000000,0.000000,-1.000000
0.037878983,4,143,snapshot,4096,3,1.000000,1.000000,1.000000,{"1":3},1.000000,0.000000,0.000000,0.000000,1.000000,0.000000,-1.000000
0.037878983,4,143,snapshot,16384,3,1.000000,1.000000,1.000000,{"1":3},1.000000,0.000000,0.000000,0.000000,1.000000,0.000000,-1.000000
0.038139089,4,144,snapshot,64,3,1.000000,1.000000,1.000000,{"1":3},1.000000,0.000000,0.000000,0.000000,1.000000,0.000000,-1.000000
0.038139089,4,144,snapshot,256,3,1.000000,1.000000,1.000000,{"1":3},1.000000,0.000000,0.000000,0.000000,1.000000,0.000000,-1.000000
0.038139089,4,144,snapshot,1024,3,1.000000,1.000000,1.000000,{"1":3},1.000000,0.000000,0.000000,0.000000,1.000000,0.000000,-1.000000
0.038139089,4,144,snapshot,4096,3,1.000000,1.000000,1.000000,{"1":3},1.000000,0.000000,0.000000,0.000000,1.000000,0.000000,-1.000000
0.038139089,4,144,snapshot,16384,3,1.000000,1.000000,1.000000,{"1":3},1.000000,0.000000,0.000000,0.000000,1.000000,0.000000,-1.000000
0.038415951,4,145,read_only,64,1,1.000000,1.000000,1.000000,{"1":1},1.000000,0.000000,0.000000,0.000000,1.000000,0.000000,-1.000000
0.038415951,4,145,union,64,1,1.000000,1.000000,1.000000,{"1":1},1.000000,0.000000,0.000000,0.000000,1.000000,0.000000,-1.000000
0.038415951,4,145,snapshot,64,4,1.000000,1.000000,1.000000,{"1":4},1.000000,0.000000,0.000000,0.000000,1.000000,0.000000,-1.000000
0.038415951,4,145,read_only,256,1,1.000000,1.000000,1.000000,{"1":1},1.000000,0.000000,0.000000,0.000000,1.000000,0.000000,-1.000000
0.038415951,4,145,union,256,1,1.000000,1.000000,1.000000,{"1":1},1.000000,0.000000,0.000000,0.000000,1.000000,0.000000,-1.000000
0.038415951,4,145,snapshot,256,4,1.000000,1.000000,1.000000,{"1":4},1.000000,0.000000,0.000000,0.000000,1.000000,0.000000,-1.000000
0.038415951,4,145,read_only,1024,1,1.000000,1.000000,1.000000,{"1":1},1.000000,0.000000,0.000000,0.000000,1.000000,0.000000,-1.000000
0.038415951,4,145,union,1024,1,1.000000,1.000000,1.000000,{"1":1},1.000000,0.000000,0.000000,0.000000,1.000000,0.000000,-1.000000
0.038415951,4,145,snapshot,1024,4,1.000000,1.000000,1.000000,{"1":4},1.000000,0.000000,0.000000,0.000000,1.000000,0.000000,-1.000000
0.038415951,4,145,read_only,4096,1,1.000000,1.000000,1.000000,{"1":1},1.000000,0.000000,0.000000,0.000000,1.000000,0.000000,-1.000000
0.038415951,4,145,union,4096,1,1.000000,1.000000,1.000000,{"1":1},1.000000,0.000000,0.000000,0.000000,1.000000,0.000000,-1.000000
0.038415951,4,145,snapshot,4096,4,1.000000,1.000000,1.000000,{"1":4},1.000000,0.000000,0.000000,0.000000,1.000000,0.000000,-1.000000
0.038415951,4,145,read_only,16384,1,1.000000,1.000000,1.000000,{"1":1},1.000000,0.000000,0.000000,0.000000,1.000000,0.000000,-1.000000
0.038415951,4,145,union,16384,1,1.000000,1.000000,1.000000,{"1":1},1.000000,0.000000,0.000000,0.000000,1.000000,0.000000,-1.000000
0.038415951,4,145,snapshot,16384,4,1.000000,1.000000,1.000000,{"1":4},1.000000,0.000000,0.000000,0.000000,1.000000,0.000000,-1.000000
0.038652064,4,146,read_only,64,1,1.000000,1.000000,1.000000,{"1":1},1.000000,0.000000,0.000000,0.000000,1.000000,0.000000,-1.000000
0.038652064,4,146,union,64,1,1.000000,1.000000,1.000000,{"1":1},1.000000,0.000000,0.000000,0.000000,1.000000,0.000000,-1.000000
0.038652064,4,146,snapshot,64,5,1.000000,1.000000,1.000000,{"1":5},1.000000,0.000000,0.000000,0.000000,1.000000,0.000000,-1.000000
0.038652064,4,146,read_only,256,1,1.000000,1.000000,1.000000,{"1":1},1.000000,0.000000,0.000000,0.000000,1.000000,0.000000,-1.000000
0.038652064,4,146,union,256,1,1.000000,1.000000,1.000000,{"1":1},1.000000,0.000000,0.000000,0.000000,1.000000,0.000000,-1.000000
0.038652064,4,146,snapshot,256,5,1.000000,1.000000,1.000000,{"1":5},1.000000,0.000000,0.000000,0.000000,1.000000,0.000000,-1.000000
0.038652064,4,146,read_only,1024,1,1.000000,1.000000,1.000000,{"1":1},1.000000,0.000000,0.000000,0.000000,1.000000,0.000000,-1.000000
0.038652064,4,146,union,1024,1,1.000000,1.000000,1.000000,{"1":1},1.000000,0.000000,0.000000,0.000000,1.000000,0.000000,-1.000000
0.038652064,4,146,snapshot,1024,5,1.000000,1.000000,1.000000,{"1":5},1.000000,0.000000,0.000000,0.000000,1.000000,0.000000,-1.000000
0.038652064,4,146,read_only,4096,1,1.000000,1.000000,1.000000,{"1":1},1.000000,0.000000,0.000000,0.000000,1.000000,0.000000,-1.000000
0.038652064,4,146,union,4096,1,1.000000,1.000000,1.000000,{"1":1},1.000000,0.000000,0.000000,0.000000,1.000000,0.000000,-1.000000
0.038652064,4,146,snapshot,4096,5,1.000000,1.000000,1.000000,{"1":5},1.000000,0.000000,0.000000,0.000000,1.000000,0.000000,-1.000000
0.038652064,4,146,read_only,16384,1,1.000000,1.000000,1.000000,{"1":1},1.000000,0.000000,0.000000,0.000000,1.000000,0.000000,-1.000000
0.038652064,4,146,union,16384,1,1.000000,1.000000,1.000000,{"1":1},1.000000,0.000000,0.000000,0.000000,1.000000,0.000000,-1.000000
0.038652064,4,146,snapshot,16384,5,1.000000,1.000000,1.000000,{"1":5},1.000000,0.000000,0.000000,0.000000,1.000000,0.000000,-1.000000
0.038882615,4,147,snapshot,64,5,1.000000,1.000000,1.000000,{"1":5},1.000000,0.000000,0.000000,0.000000,1.000000,0.000000,-1.000000
0.038882615,4,147,snapshot,256,5,1.000000,1.000000,1.000000,{"1":5},1.000000,0.000000,0.000000,0.000000,1.000000,0.000000,-1.000000
0.038882615,4,147,snapshot,1024,5,1.000000,1.000000,1.000000,{"1":5},1.000000,0.000000,0.000000,0.000000,1.000000,0.000000,-1.000000
0.038882615,4,147,snapshot,4096,5,1.000000,1.000000,1.000000,{"1":5},1.000000,0.000000,0.000000,0.000000,1.000000,0.000000,-1.000000
0.038882615,4,147,snapshot,16384,5,1.000000,1.000000,1.000000,{"1":5},1.000000,0.000000,0.000000,0.000000,1.000000,0.000000,-1.000000
0.039207954,4,148,read_only,64,1,1.000000,1.000000,1.000000,{"1":1},1.000000,0.000000,0.000000,0.000000,1.000000,0.000000,-1.000000
0.039207954,4,148,union,64,3,1.000000,1.000000,1.000000,{"1":3},1.000000,0.000000,0.000000,0.000000,1.000000,0.000000,-1.000000
0.039207954,4,148,snapshot,64,8,1.000000,1.000000,1.000000,{"1":8},1.000000,0.000000,0.000000,0.000000,1.000000,0.000000,-1.000000
0.039207954,4,148,read_only,256,1,1.000000,1.000000,1.000000,{"1":1},1.000000,0.000000,0.000000,0.000000,1.000000,0.000000,-1.000000
0.039207954,4,148,union,256,3,1.000000,1.000000,1.000000,{"1":3},1.000000,0.000000,0.000000,0.000000,1.000000,0.000000,-1.000000
0.039207954,4,148,snapshot,256,8,1.000000,1.000000,1.000000,{"1":8},1.000000,0.000000,0.000000,0.000000,1.000000,0.000000,-1.000000
0.039207954,4,148,read_only,1024,1,1.000000,1.000000,1.000000,{"1":1},1.000000,0.000000,0.000000,0.000000,1.000000,0.000000,-1.000000
0.039207954,4,148,union,1024,3,1.000000,1.000000,1.000000,{"1":3},1.000000,0.000000,0.000000,0.000000,1.000000,0.000000,-1.000000
0.039207954,4,148,snapshot,1024,8,1.000000,1.000000,1.000000,{"1":8},1.000000,0.000000,0.000000,0.000000,1.000000,0.000000,-1.000000
0.039207954,4,148,read_only,4096,1,1.000000,1.000000,1.000000,{"1":1},1.000000,0.000000,0.000000,0.000000,1.000000,0.000000,-1.000000
0.039207954,4,148,union,4096,3,1.000000,1.000000,1.000000,{"1":3},1.000000,0.000000,0.000000,0.000000,1.000000,0.000000,-1.000000
0.039207954,4,148,snapshot,4096,8,1.000000,1.000000,1.000000,{"1":8},1.000000,0.000000,0.000000,0.000000,1.000000,0.000000,-1.000000
0.039207954,4,148,read_only,16384,1,1.000000,1.000000,1.000000,{"1":1},1.000000,0.000000,0.000000,0.000000,1.000000,0.000000,-1.000000
0.039207954,4,148,union,16384,3,1.000000,1.000000,1.000000,{"1":3},1.000000,0.000000,0.000000,0.000000,1.000000,0.000000,-1.000000
0.039207954,4,148,snapshot,16384,8,1.000000,1.000000,1.000000,{"1":8},1.000000,0.000000,0.000000,0.000000,1.000000,0.000000,-1.000000
0.039441886,4,149,snapshot,64,8,1.000000,1.000000,1.000000,{"1":8},1.000000,0.000000,0.000000,0.000000,1.000000,0.000000,-1.000000
0.039441886,4,149,snapshot,256,8,1.000000,1.000000,1.000000,{"1":8},1.000000,0.000000,0.000000,0.000000,1.000000,0.000000,-1.000000
0.039441886,4,149,snapshot,1024,8,1.000000,1.000000,1.000000,{"1":8},1.000000,0.000000,0.000000,0.000000,1.000000,0.000000,-1.000000
0.039441886,4,149,snapshot,4096,8,1.000000,1.000000,1.000000,{"1":8},1.000000,0.000000,0.000000,0.000000,1.000000,0.000000,-1.000000
0.039441886,4,149,snapshot,16384,8,1.000000,1.000000,1.000000,{"1":8},1.000000,0.000000,0.000000,0.000000,1.000000,0.000000,-1.000000
0.039759162,4,150,read_only,64,2,1.000000,1.000000,1.000000,{"1":2},1.000000,0.000000,0.000000,0.000000,1.000000,0.000000,-1.000000
0.039759162,4,150,union,64,2,1.000000,1.000000,1.000000,{"1":2},1.000000,0.000000,0.000000,0.000000,1.000000,0.000000,-1.000000
0.039759162,4,150,snapshot,64,10,1.000000,1.000000,1.000000,{"1":10},1.000000,0.000000,0.000000,0.000000,1.000000,0.000000,-1.000000
0.039759162,4,150,read_only,256,2,1.000000,1.000000,1.000000,{"1":2},1.000000,0.000000,0.000000,0.000000,1.000000,0.000000,-1.000000
0.039759162,4,150,union,256,2,1.000000,1.000000,1.000000,{"1":2},1.000000,0.000000,0.000000,0.000000,1.000000,0.000000,-1.000000
0.039759162,4,150,snapshot,256,10,1.000000,1.000000,1.000000,{"1":10},1.000000,0.000000,0.000000,0.000000,1.000000,0.000000,-1.000000
0.039759162,4,150,read_only,1024,2,1.000000,1.000000,1.000000,{"1":2},1.000000,0.000000,0.000000,0.000000,1.000000,0.000000,-1.000000
0.039759162,4,150,union,1024,2,1.000000,1.000000,1.000000,{"1":2},1.000000,0.000000,0.000000,0.000000,1.000000,0.000000,-1.000000
0.039759162,4,150,snapshot,1024,10,1.000000,1.000000,1.000000,{"1":10},1.000000,0.000000,0.000000,0.000000,1.000000,0.000000,-1.000000
0.039759162,4,150,read_only,4096,2,1.000000,1.000000,1.000000,{"1":2},1.000000,0.000000,0.000000,0.000000,1.000000,0.000000,-1.000000
0.039759162,4,150,union,4096,2,1.000000,1.000000,1.000000,{"1":2},1.000000,0.000000,0.000000,0.000000,1.000000,0.000000,-1.000000
0.039759162,4,150,snapshot,4096,10,1.000000,1.000000,1.000000,{"1":10},1.000000,0.000000,0.000000,0.000000,1.000000,0.000000,-1.000000
0.039759162,4,150,read_only,16384,2,1.000000,1.000000,1.000000,{"1":2},1.000000,0.000000,0.000000,0.000000,1.000000,0.000000,-1.000000
0.039759162,4,150,union,16384,2,1.000000,1.000000,1.000000,{"1":2},1.000000,0.000000,0.000000,0.000000,1.000000,0.000000,-1.000000
0.039759162,4,150,snapshot,16384,10,1.000000,1.000000,1.000000,{"1":10},1.000000,0.000000,0.000000,0.000000,1.000000,0.000000,-1.000000
0.040015031,4,151,read_only,64,1,1.000000,1.000000,1.000000,{"1":1},1.000000,0.000000,0.000000,0.000000,1.000000,0.000000,-1.000000
0.040015031,4,151,union,64,1,1.000000,1.000000,1.000000,{"1":1},1.000000,0.000000,0.000000,0.000000,1.000000,0.000000,-1.000000
0.040015031,4,151,read_only,256,1,1.000000,1.000000,1.000000,{"1":1},1.000000,0.000000,0.000000,0.000000,1.000000,0.000000,-1.000000
0.040015031,4,151,union,256,1,1.000000,1.000000,1.000000,{"1":1},1.000000,0.000000,0.000000,0.000000,1.000000,0.000000,-1.000000
0.040015031,4,151,read_only,1024,1,1.000000,1.000000,1.000000,{"1":1},1.000000,0.000000,0.000000,0.000000,1.000000,0.000000,-1.000000
0.040015031,4,151,union,1024,1,1.000000,1.000000,1.000000,{"1":1},1.000000,0.000000,0.000000,0.000000,1.000000,0.000000,-1.000000
0.040015031,4,151,read_only,4096,1,1.000000,1.000000,1.000000,{"1":1},1.000000,0.000000,0.000000,0.000000,1.000000,0.000000,-1.000000
0.040015031,4,151,union,4096,1,1.000000,1.000000,1.000000,{"1":1},1.000000,0.000000,0.000000,0.000000,1.000000,0.000000,-1.000000
0.040015031,4,151,read_only,16384,1,1.000000,1.000000,1.000000,{"1":1},1.000000,0.000000,0.000000,0.000000,1.000000,0.000000,-1.000000
0.040015031,4,151,union,16384,1,1.000000,1.000000,1.000000,{"1":1},1.000000,0.000000,0.000000,0.000000,1.000000,0.000000,-1.000000
0.040547717,4,153,read_only,64,2,1.000000,1.000000,1.000000,{"1":2},1.000000,0.000000,0.000000,0.000000,1.000000,0.000000,-1.000000
0.040547717,4,153,union,64,2,1.000000,1.000000,1.000000,{"1":2},1.000000,0.000000,0.000000,0.000000,1.000000,0.000000,-1.000000
0.040547717,4,153,snapshot,64,2,1.000000,1.000000,1.000000,{"1":2},1.000000,0.000000,0.000000,0.000000,1.000000,0.000000,-1.000000
0.040547717,4,153,read_only,256,2,1.000000,1.000000,1.000000,{"1":2},1.000000,0.000000,0.000000,0.000000,1.000000,0.000000,-1.000000
0.040547717,4,153,union,256,2,1.000000,1.000000,1.000000,{"1":2},1.000000,0.000000,0.000000,0.000000,1.000000,0.000000,-1.000000
0.040547717,4,153,snapshot,256,2,1.000000,1.000000,1.000000,{"1":2},1.000000,0.000000,0.000000,0.000000,1.000000,0.000000,-1.000000
0.040547717,4,153,read_only,1024,2,1.000000,1.000000,1.000000,{"1":2},1.000000,0.000000,0.000000,0.000000,1.000000,0.000000,-1.000000
0.040547717,4,153,union,1024,2,1.000000,1.000000,1.000000,{"1":2},1.000000,0.000000,0.000000,0.000000,1.000000,0.000000,-1.000000
0.040547717,4,153,snapshot,1024,2,1.000000,1.000000,1.000000,{"1":2},1.000000,0.000000,0.000000,0.000000,1.000000,0.000000,-1.000000
0.040547717,4,153,read_only,4096,2,1.000000,1.000000,1.000000,{"1":2},1.000000,0.000000,0.000000,0.000000,1.000000,0.000000,-1.000000
0.040547717,4,153,union,4096,2,1.000000,1.000000,1.000000,{"1":2},1.000000,0.000000,0.000000,0.000000,1.000000,0.000000,-1.000000
0.040547717,4,153,snapshot,4096,2,1.000000,1.000000,1.000000,{"1":2},1.000000,0.000000,0.000000,0.000000,1.000000,0.000000,-1.000000
0.040547717,4,153,read_only,16384,2,1.000000,1.000000,1.000000,{"1":2},1.000000,0.000000,0.000000,0.000000,1.000000,0.000000,-1.000000
0.040547717,4,153,union,16384,2,1.000000,1.000000,1.000000,{"1":2},1.000000,0.000000,0.000000,0.000000,1.000000,0.000000,-1.000000
0.040547717,4,153,snapshot,16384,2,1.000000,1.000000,1.000000,{"1":2},1.000000,0.000000,0.000000,0.000000,1.000000,0.000000,-1.000000
0.040805302,4,154,read_only,64,1,1.000000,1.000000,1.000000,{"1":1},1.000000,0.000000,0.000000,0.000000,1.000000,0.000000,-1.000000
0.040805302,4,154,union,64,3,1.000000,1.000000,1.000000,{"1":3},1.000000,0.000000,0.000000,0.000000,1.000000,0.000000,-1.000000
0.040805302,4,154,snapshot,64,5,1.000000,1.000000,1.000000,{"1":5},1.000000,0.000000,0.000000,0.000000,1.000000,0.000000,-1.000000
0.040805302,4,154,read_only,256,1,1.000000,1.000000,1.000000,{"1":1},1.000000,0.000000,0.000000,0.000000,1.000000,0.000000,-1.000000
0.040805302,4,154,union,256,3,1.000000,1.000000,1.000000,{"1":3},1.000000,0.000000,0.000000,0.000000,1.000000,0.000000,-1.000000
0.040805302,4,154,snapshot,256,5,1.000000,1.000000,1.000000,{"1":5},1.000000,0.000000,0.000000,0.000000,1.000000,0.000000,-1.000000
0.040805302,4,154,read_only,1024,1,1.000000,1.000000,1.000000,{"1":1},1.000000,0.000000,0.000000,0.000000,1.000000,0.000000,-1.000000
0.040805302,4,154,union,1024,3,1.000000,1.000000,1.000000,{"1":3},1.000000,0.000000,0.000000,0.000000,1.000000,0.000000,-1.000000
0.040805302,4,154,snapshot,1024,5,1.000000,1.000000,1.000000,{"1":5},1.000000,0.000000,0.000000,0.000000,1.000000,0.000000,-1.000000
0.040805302,4,154,read_only,4096,1,1.000000,1.000000,1.000000,{"1":1},1.000000,0.000000,0.000000,0.000000,1.000000,0.000000,-1.000000
0.040805302,4,154,union,4096,3,1.000000,1.000000,1.000000,{"1":3},1.000000,0.000000,0.000000,0.000000,1.000000,0.000000,-1.000000
0.040805302,4,154,snapshot,4096,5,1.000000,1.000000,1.000000,{"1":5},1.000000,0.000000,0.000000,0.000000,1.000000,0.000000,-1.000000
0.040805302,4,154,read_only,16384,1,1.000000,1.000000,1.000000,{"1":1},1.000000,0.000000,0.000000,0.000000,1.000000,0.000000,-1.000000
0.040805302,4,154,union,16384,3,1.000000,1.000000,1.000000,{"1":3},1.000000,0.000000,0.000000,0.000000,1.000000,0.000000,-1.000000
0.040805302,4,154,snapshot,16384,5,1.000000,1.000000,1.000000,{"1":5},1.000000,0.000000,0.000000,0.000000,1.000000,0.000000,-1.000000
0.041071252,4,155,snapshot,64,5,1.000000,1.000000,1.000000,{"1":5},1.000000,0.000000,0.000000,0.000000,1.000000,0.000000,-1.000000
0.041071252,4,155,snapshot,256,5,1.000000,1.000000,1.000000,{"1":5},1.000000,0.000000,0.000000,0.000000,1.000000,0.000000,-1.000000
0.041071252,4,155,snapshot,1024,5,1.000000,1.000000,1.000000,{"1":5},1.000000,0.000000,0.000000,0.000000,1.000000,0.000000,-1.000000
0.041071252,4,155,snapshot,4096,5,1.000000,1.000000,1.000000,{"1":5},1.000000,0.000000,0.000000,0.000000,1.000000,0.000000,-1.000000
0.041071252,4,155,snapshot,16384,5,1.000000,1.000000,1.000000,{"1":5},1.000000,0.000000,0.000000,0.000000,1.000000,0.000000,-1.000000
0.041331163,4,156,snapshot,64,5,1.000000,1.000000,1.000000,{"1":5},1.000000,0.000000,0.000000,0.000000,1.000000,0.000000,-1.000000
0.041331163,4,156,snapshot,256,5,1.000000,1.000000,1.000000,{"1":5},1.000000,0.000000,0.000000,0.000000,1.000000,0.000000,-1.000000
0.041331163,4,156,snapshot,1024,5,1.000000,1.000000,1.000000,{"1":5},1.000000,0.000000,0.000000,0.000000,1.000000,0.000000,-1.000000
0.041331163,4,156,snapshot,4096,5,1.000000,1.000000,1.000000,{"1":5},1.000000,0.000000,0.000000,0.000000,1.000000,0.000000,-1.000000
0.041331163,4,156,snapshot,16384,5,1.000000,1.000000,1.000000,{"1":5},1.000000,0.000000,0.000000,0.000000,1.000000,0.000000,-1.000000
0.041608607,4,157,read_only,64,1,1.000000,1.000000,1.000000,{"1":1},1.000000,0.000000,0.000000,0.000000,1.000000,0.000000,-1.000000
0.041608607,4,157,union,64,1,1.000000,1.000000,1.000000,{"1":1},1.000000,0.000000,0.000000,0.000000,1.000000,0.000000,-1.000000
0.041608607,4,157,snapshot,64,6,1.000000,1.000000,1.000000,{"1":6},1.000000,0.000000,0.000000,0.000000,1.000000,0.000000,-1.000000
0.041608607,4,157,read_only,256,1,1.000000,1.000000,1.000000,{"1":1},1.000000,0.000000,0.000000,0.000000,1.000000,0.000000,-1.000000
0.041608607,4,157,union,256,1,1.000000,1.000000,1.000000,{"1":1},1.000000,0.000000,0.000000,0.000000,1.000000,0.000000,-1.000000
0.041608607,4,157,snapshot,256,6,1.000000,1.000000,1.000000,{"1":6},1.000000,0.000000,0.000000,0.000000,1.000000,0.000000,-1.000000
0.041608607,4,157,read_only,1024,1,1.000000,1.000000,1.000000,{"1":1},1.000000,0.000000,0.000000,0.000000,1.000000,0.000000,-1.000000
0.041608607,4,157,union,1024,1,1.000000,1.000000,1.000000,{"1":1},1.000000,0.000000,0.000000,0.000000,1.000000,0.000000,-1.000000
0.041608607,4,157,snapshot,1024,6,1.000000,1.000000,1.000000,{"1":6},1.000000,0.000000,0.000000,0.000000,1.000000,0.000000,-1.000000
0.041608607,4,157,read_only,4096,1,1.000000,1.000000,1.000000,{"1":1},1.000000,0.000000,0.000000,0.000000,1.000000,0.000000,-1.000000
0.041608607,4,157,union,4096,1,1.000000,1.000000,1.000000,{"1":1},1.000000,0.000000,0.000000,0.000000,1.000000,0.000000,-1.000000
0.041608607,4,157,snapshot,4096,6,1.000000,1.000000,1.000000,{"1":6},1.000000,0.000000,0.000000,0.000000,1.000000,0.000000,-1.000000
0.041608607,4,157,read_only,16384,1,1.000000,1.000000,1.000000,{"1":1},1.000000,0.000000,0.000000,0.000000,1.000000,0.000000,-1.000000
0.041608607,4,157,union,16384,1,1.000000,1.000000,1.000000,{"1":1},1.000000,0.000000,0.000000,0.000000,1.000000,0.000000,-1.000000
0.041608607,4,157,snapshot,16384,6,1.000000,1.000000,1.000000,{"1":6},1.000000,0.000000,0.000000,0.000000,1.000000,0.000000,-1.000000
0.041845683,4,158,read_only,64,6,1.000000,1.000000,1.000000,{"1":5,"2":1},0.833333,0.166667,0.000000,0.000000,0.833333,0.166667,1.000000
0.041845683,4,158,union,64,6,1.000000,1.000000,1.000000,{"1":5,"2":1},0.833333,0.166667,0.000000,0.000000,0.833333,0.166667,1.000000
0.041845683,4,158,snapshot,64,12,1.000000,1.000000,1.000000,{"1":11,"2":1},0.916667,0.083333,0.000000,0.000000,0.916667,0.083333,1.000000
0.041845683,4,158,read_only,256,6,1.000000,1.000000,1.000000,{"1":5,"2":1},0.833333,0.166667,0.000000,0.000000,0.833333,0.166667,1.000000
0.041845683,4,158,union,256,6,1.000000,1.000000,1.000000,{"1":5,"2":1},0.833333,0.166667,0.000000,0.000000,0.833333,0.166667,1.000000
0.041845683,4,158,snapshot,256,12,1.000000,1.000000,1.000000,{"1":11,"2":1},0.916667,0.083333,0.000000,0.000000,0.916667,0.083333,1.000000
0.041845683,4,158,read_only,1024,6,1.000000,1.000000,1.000000,{"1":5,"2":1},0.833333,0.166667,0.000000,0.000000,0.833333,0.166667,1.000000
0.041845683,4,158,union,1024,6,1.000000,1.000000,1.000000,{"1":5,"2":1},0.833333,0.166667,0.000000,0.000000,0.833333,0.166667,1.000000
0.041845683,4,158,snapshot,1024,12,1.000000,1.000000,1.000000,{"1":11,"2":1},0.916667,0.083333,0.000000,0.000000,0.916667,0.083333,1.000000
0.041845683,4,158,read_only,4096,6,1.000000,1.000000,1.000000,{"1":5,"2":1},0.833333,0.166667,0.000000,0.000000,0.833333,0.166667,1.000000
0.041845683,4,158,union,4096,6,1.000000,1.000000,1.000000,{"1":5,"2":1},0.833333,0.166667,0.000000,0.000000,0.833333,0.166667,1.000000
0.041845683,4,158,snapshot,4096,12,1.000000,1.000000,1.000000,{"1":11,"2":1},0.916667,0.083333,0.000000,0.000000,0.916667,0.083333,1.000000
0.041845683,4,158,read_only,16384,6,1.000000,1.000000,1.000000,{"1":5,"2":1},0.833333,0.166667,0.000000,0.000000,0.833333,0.166667,1.000000
0.041845683,4,158,union,16384,6,1.000000,1.000000,1.000000,{"1":5,"2":1},0.833333,0.166667,0.000000,0.000000,0.833333,0.166667,1.000000
0.041845683,4,158,snapshot,16384,12,1.000000,1.000000,1.000000,{"1":11,"2":1},0.916667,0.083333,0.000000,0.000000,0.916667,0.083333,1.000000
0.042078161,4,159,read_only,64,5,1.000000,1.000000,1.000000,{"1":5},1.000000,0.000000,0.000000,0.000000,1.000000,0.000000,-1.000000
0.042078161,4,159,union,64,6,1.000000,1.000000,1.000000,{"1":6},1.000000,0.000000,0.000000,0.000000,1.000000,0.000000,-1.000000
0.042078161,4,159,snapshot,64,18,1.000000,1.000000,1.000000,{"1":17,"2":1},0.944444,0.055556,0.000000,0.000000,0.944444,0.055556,1.000000
0.042078161,4,159,read_only,256,5,1.000000,1.000000,1.000000,{"1":5},1.000000,0.000000,0.000000,0.000000,1.000000,0.000000,-1.000000
0.042078161,4,159,union,256,6,1.000000,1.000000,1.000000,{"1":6},1.000000,0.000000,0.000000,0.000000,1.000000,0.000000,-1.000000
0.042078161,4,159,snapshot,256,18,1.000000,1.000000,1.000000,{"1":17,"2":1},0.944444,0.055556,0.000000,0.000000,0.944444,0.055556,1.000000
0.042078161,4,159,read_only,1024,5,1.000000,1.000000,1.000000,{"1":5},1.000000,0.000000,0.000000,0.000000,1.000000,0.000000,-1.000000
0.042078161,4,159,union,1024,6,1.000000,1.000000,1.000000,{"1":6},1.000000,0.000000,0.000000,0.000000,1.000000,0.000000,-1.000000
0.042078161,4,159,snapshot,1024,18,1.000000,1.000000,1.000000,{"1":17,"2":1},0.944444,0.055556,0.000000,0.000000,0.944444,0.055556,1.000000
0.042078161,4,159,read_only,4096,5,1.000000,1.000000,1.000000,{"1":5},1.000000,0.000000,0.000000,0.000000,1.000000,0.000000,-1.000000
0.042078161,4,159,union,4096,6,1.000000,1.000000,1.000000,{"1":6},1.000000,0.000000,0.000000,0.000000,1.000000,0.000000,-1.000000
0.042078161,4,159,snapshot,4096,18,1.000000,1.000000,1.000000,{"1":17,"2":1},0.944444,0.055556,0.000000,0.000000,0.944444,0.055556,1.000000
0.042078161,4,159,read_only,16384,5,1.000000,1.000000,1.000000,{"1":5},1.000000,0.000000,0.000000,0.000000,1.000000,0.000000,-1.000000
0.042078161,4,159,union,16384,6,1.000000,1.000000,1.000000,{"1":6},1.000000,0.000000,0.000000,0.000000,1.000000,0.000000,-1.000000
0.042078161,4,159,snapshot,16384,18,1.000000,1.000000,1.000000,{"1":17,"2":1},0.944444,0.055556,0.000000,0.000000,0.944444,0.055556,1.000000
0.042448558,4,160,read_only,64,1,1.000000,1.000000,1.000000,{"1":1},1.000000,0.000000,0.000000,0.000000,1.000000,0.000000,-1.000000
0.042448558,4,160,union,64,7,1.000000,1.000000,1.000000,{"1":7},1.000000,0.000000,0.000000,0.000000,1.000000,0.000000,-1.000000
0.042448558,4,160,snapshot,64,25,1.000000,1.000000,1.000000,{"1":24,"2":1},0.960000,0.040000,0.000000,0.000000,0.960000,0.040000,1.000000
0.042448558,4,160,read_only,256,1,1.000000,1.000000,1.000000,{"1":1},1.000000,0.000000,0.000000,0.000000,1.000000,0.000000,-1.000000
0.042448558,4,160,union,256,7,1.000000,1.000000,1.000000,{"1":7},1.000000,0.000000,0.000000,0.000000,1.000000,0.000000,-1.000000
0.042448558,4,160,snapshot,256,25,1.000000,1.000000,1.000000,{"1":24,"2":1},0.960000,0.040000,0.000000,0.000000,0.960000,0.040000,1.000000
0.042448558,4,160,read_only,1024,1,1.000000,1.000000,1.000000,{"1":1},1.000000,0.000000,0.000000,0.000000,1.000000,0.000000,-1.000000
0.042448558,4,160,union,1024,7,1.000000,1.000000,1.000000,{"1":7},1.000000,0.000000,0.000000,0.000000,1.000000,0.000000,-1.000000
0.042448558,4,160,snapshot,1024,25,1.000000,1.000000,1.000000,{"1":24,"2":1},0.960000,0.040000,0.000000,0.000000,0.960000,0.040000,1.000000
0.042448558,4,160,read_only,4096,1,1.000000,1.000000,1.000000,{"1":1},1.000000,0.000000,0.000000,0.000000,1.000000,0.000000,-1.000000
0.042448558,4,160,union,4096,7,1.000000,1.000000,1.000000,{"1":7},1.000000,0.000000,0.000000,0.000000,1.000000,0.000000,-1.000000
0.042448558,4,160,snapshot,4096,25,1.000000,1.000000,1.000000,{"1":24,"2":1},0.960000,0.040000,0.000000,0.000000,0.960000,0.040000,1.000000
0.042448558,4,160,read_only,16384,1,1.000000,1.000000,1.000000,{"1":1},1.000000,0.000000,0.000000,0.000000,1.000000,0.000000,-1.000000
0.042448558,4,160,union,16384,7,1.000000,1.000000,1.000000,{"1":7},1.000000,0.000000,0.000000,0.000000,1.000000,0.000000,-1.000000
0.042448558,4,160,snapshot,16384,25,1.000000,1.000000,1.000000,{"1":24,"2":1},0.960000,0.040000,0.000000,0.000000,0.960000,0.040000,1.000000
0.042677959,4,161,snapshot,64,25,1.000000,1.000000,1.000000,{"1":24,"2":1},0.960000,0.040000,0.000000,0.000000,0.960000,0.040000,1.000000
0.042677959,4,161,snapshot,256,25,1.000000,1.000000,1.000000,{"1":24,"2":1},0.960000,0.040000,0.000000,0.000000,0.960000,0.040000,1.000000
0.042677959,4,161,snapshot,1024,25,1.000000,1.000000,1.000000,{"1":24,"2":1},0.960000,0.040000,0.000000,0.000000,0.960000,0.040000,1.000000
0.042677959,4,161,snapshot,4096,25,1.000000,1.000000,1.000000,{"1":24,"2":1},0.960000,0.040000,0.000000,0.000000,0.960000,0.040000,1.000000
0.042677959,4,161,snapshot,16384,25,1.000000,1.000000,1.000000,{"1":24,"2":1},0.960000,0.040000,0.000000,0.000000,0.960000,0.040000,1.000000
0.042949349,4,162,snapshot,64,25,1.000000,1.000000,1.000000,{"1":24,"2":1},0.960000,0.040000,0.000000,0.000000,0.960000,0.040000,1.000000
0.042949349,4,162,snapshot,256,25,1.000000,1.000000,1.000000,{"1":24,"2":1},0.960000,0.040000,0.000000,0.000000,0.960000,0.040000,1.000000
0.042949349,4,162,snapshot,1024,25,1.000000,1.000000,1.000000,{"1":24,"2":1},0.960000,0.040000,0.000000,0.000000,0.960000,0.040000,1.000000
0.042949349,4,162,snapshot,4096,25,1.000000,1.000000,1.000000,{"1":24,"2":1},0.960000,0.040000,0.000000,0.000000,0.960000,0.040000,1.000000
0.042949349,4,162,snapshot,16384,25,1.000000,1.000000,1.000000,{"1":24,"2":1},0.960000,0.040000,0.000000,0.000000,0.960000,0.040000,1.000000
0.043243172,4,163,read_only,64,3,1.000000,1.000000,1.000000,{"1":3},1.000000,0.000000,0.000000,0.000000,1.000000,0.000000,-1.000000
0.043243172,4,163,union,64,4,1.000000,1.000000,1.000000,{"1":4},1.000000,0.000000,0.000000,0.000000,1.000000,0.000000,-1.000000
0.043243172,4,163,read_only,256,3,1.000000,1.000000,1.000000,{"1":3},1.000000,0.000000,0.000000,0.000000,1.000000,0.000000,-1.000000
0.043243172,4,163,union,256,4,1.000000,1.000000,1.000000,{"1":4},1.000000,0.000000,0.000000,0.000000,1.000000,0.000000,-1.000000
0.043243172,4,163,read_only,1024,3,1.000000,1.000000,1.000000,{"1":3},1.000000,0.000000,0.000000,0.000000,1.000000,0.000000,-1.000000
0.043243172,4,163,union,1024,4,1.000000,1.000000,1.000000,{"1":4},1.000000,0.000000,0.000000,0.000000,1.000000,0.000000,-1.000000
0.043243172,4,163,read_only,4096,3,1.000000,1.000000,1.000000,{"1":3},1.000000,0.000000,0.000000,0.000000,1.000000,0.000000,-1.000000
0.043243172,4,163,union,4096,4,1.000000,1.000000,1.000000,{"1":4},1.000000,0.000000,0.000000,0.000000,1.000000,0.000000,-1.000000
0.043243172,4,163,read_only,16384,3,1.000000,1.000000,1.000000,{"1":3},1.000000,0.000000,0.000000,0.000000,1.000000,0.000000,-1.000000
0.043243172,4,163,union,16384,4,1.000000,1.000000,1.000000,{"1":4},1.000000,0.000000,0.000000,0.000000,1.000000,0.000000,-1.000000
0.043863517,4,165,read_only,64,4,1.000000,1.000000,1.000000,{"1":3,"2":1},0.750000,0.250000,0.000000,0.000000,0.750000,0.250000,1.000000
0.043863517,4,165,union,64,9,1.000000,1.000000,1.000000,{"1":8,"2":1},0.888889,0.111111,0.000000,0.000000,0.888889,0.111111,1.000000
0.043863517,4,165,snapshot,64,9,1.000000,1.000000,1.000000,{"1":8,"2":1},0.888889,0.111111,0.000000,0.000000,0.888889,0.111111,1.000000
0.043863517,4,165,read_only,256,4,1.000000,1.000000,1.000000,{"1":3,"2":1},0.750000,0.250000,0.000000,0.000000,0.750000,0.250000,1.000000
0.043863517,4,165,union,256,9,1.000000,1.000000,1.000000,{"1":8,"2":1},0.888889,0.111111,0.000000,0.000000,0.888889,0.111111,1.000000
0.043863517,4,165,snapshot,256,9,1.000000,1.000000,1.000000,{"1":8,"2":1},0.888889,0.111111,0.000000,0.000000,0.888889,0.111111,1.000000
0.043863517,4,165,read_only,1024,4,1.000000,1.000000,1.000000,{"1":3,"2":1},0.750000,0.250000,0.000000,0.000000,0.750000,0.250000,1.000000
0.043863517,4,165,union,1024,9,1.000000,1.000000,1.000000,{"1":8,"2":1},0.888889,0.111111,0.000000,0.000000,0.888889,0.111111,1.000000
0.043863517,4,165,snapshot,1024,9,1.000000,1.000000,1.000000,{"1":8,"2":1},0.888889,0.111111,0.000000,0.000000,0.888889,0.111111,1.000000
0.043863517,4,165,read_only,4096,4,1.000000,1.000000,1.000000,{"1":3,"2":1},0.750000,0.250000,0.000000,0.000000,0.750000,0.250000,1.000000
0.043863517,4,165,union,4096,9,1.000000,1.000000,1.000000,{"1":8,"2":1},0.888889,0.111111,0.000000,0.000000,0.888889,0.111111,1.000000
0.043863517,4,165,snapshot,4096,9,1.000000,1.000000,1.000000,{"1":8,"2":1},0.888889,0.111111,0.000000,0.000000,0.888889,0.111111,1.000000
0.043863517,4,165,read_only,16384,4,1.000000,1.000000,1.000000,{"1":3,"2":1},0.750000,0.250000,0.000000,0.000000,0.750000,0.250000,1.000000
0.043863517,4,165,union,16384,9,1.000000,1.000000,1.000000,{"1":8,"2":1},0.888889,0.111111,0.000000,0.000000,0.888889,0.111111,1.000000
0.043863517,4,165,snapshot,16384,9,1.000000,1.000000,1.000000,{"1":8,"2":1},0.888889,0.111111,0.000000,0.000000,0.888889,0.111111,1.000000
0.044184164,4,166,read_only,64,33,1.000000,1.000000,1.000000,{"1":33},1.000000,0.000000,0.000000,0.000000,1.000000,0.000000,-1.000000
0.044184164,4,166,union,64,36,1.000000,1.000000,1.000000,{"1":36},1.000000,0.000000,0.000000,0.000000,1.000000,0.000000,-1.000000
0.044184164,4,166,snapshot,64,44,1.000000,1.000000,1.000000,{"1":43,"2":1},0.977273,0.022727,0.000000,0.000000,0.977273,0.022727,1.000000
0.044184164,4,166,read_only,256,33,1.000000,1.000000,1.000000,{"1":33},1.000000,0.000000,0.000000,0.000000,1.000000,0.000000,-1.000000
0.044184164,4,166,union,256,36,1.000000,1.000000,1.000000,{"1":36},1.000000,0.000000,0.000000,0.000000,1.000000,0.000000,-1.000000
0.044184164,4,166,snapshot,256,44,1.000000,1.000000,1.000000,{"1":43,"2":1},0.977273,0.022727,0.000000,0.000000,0.977273,0.022727,1.000000
0.044184164,4,166,read_only,1024,33,1.000000,1.000000,1.000000,{"1":33},1.000000,0.000000,0.000000,0.000000,1.000000,0.000000,-1.000000
0.044184164,4,166,union,1024,36,1.000000,1.000000,1.000000,{"1":36},1.000000,0.000000,0.000000,0.000000,1.000000,0.000000,-1.000000
0.044184164,4,166,snapshot,1024,44,1.000000,1.000000,1.000000,{"1":43,"2":1},0.977273,0.022727,0.000000,0.000000,0.977273,0.022727,1.000000
0.044184164,4,166,read_only,4096,33,1.000000,1.000000,1.000000,{"1":33},1.000000,0.000000,0.000000,0.000000,1.000000,0.000000,-1.000000
0.044184164,4,166,union,4096,36,1.000000,1.000000,1.000000,{"1":36},1.000000,0.000000,0.000000,0.000000,1.000000,0.000000,-1.000000
0.044184164,4,166,snapshot,4096,44,1.000000,1.000000,1.000000,{"1":43,"2":1},0.977273,0.022727,0.000000,0.000000,0.977273,0.022727,1.000000
0.044184164,4,166,read_only,16384,33,1.000000,1.000000,1.000000,{"1":33},1.000000,0.000000,0.000000,0.000000,1.000000,0.000000,-1.000000
0.044184164,4,166,union,16384,36,1.000000,1.000000,1.000000,{"1":36},1.000000,0.000000,0.000000,0.000000,1.000000,0.000000,-1.000000
0.044184164,4,166,snapshot,16384,44,1.000000,1.000000,1.000000,{"1":43,"2":1},0.977273,0.022727,0.000000,0.000000,0.977273,0.022727,1.000000
0.044418058,4,167,read_only,64,4,1.000000,1.000000,1.000000,{"1":4},1.000000,0.000000,0.000000,0.000000,1.000000,0.000000,-1.000000
0.044418058,4,167,union,64,4,1.000000,1.000000,1.000000,{"1":4},1.000000,0.000000,0.000000,0.000000,1.000000,0.000000,-1.000000
0.044418058,4,167,snapshot,64,48,1.000000,1.000000,1.000000,{"1":47,"2":1},0.979167,0.020833,0.000000,0.000000,0.979167,0.020833,1.000000
0.044418058,4,167,read_only,256,4,1.000000,1.000000,1.000000,{"1":4},1.000000,0.000000,0.000000,0.000000,1.000000,0.000000,-1.000000
0.044418058,4,167,union,256,4,1.000000,1.000000,1.000000,{"1":4},1.000000,0.000000,0.000000,0.000000,1.000000,0.000000,-1.000000
0.044418058,4,167,snapshot,256,48,1.000000,1.000000,1.000000,{"1":47,"2":1},0.979167,0.020833,0.000000,0.000000,0.979167,0.020833,1.000000
0.044418058,4,167,read_only,1024,4,1.000000,1.000000,1.000000,{"1":4},1.000000,0.000000,0.000000,0.000000,1.000000,0.000000,-1.000000
0.044418058,4,167,union,1024,4,1.000000,1.000000,1.000000,{"1":4},1.000000,0.000000,0.000000,0.000000,1.000000,0.000000,-1.000000
0.044418058,4,167,snapshot,1024,48,1.000000,1.000000,1.000000,{"1":47,"2":1},0.979167,0.020833,0.000000,0.000000,0.979167,0.020833,1.000000
0.044418058,4,167,read_only,4096,4,1.000000,1.000000,1.000000,{"1":4},1.000000,0.000000,0.000000,0.000000,1.000000,0.000000,-1.000000
0.044418058,4,167,union,4096,4,1.000000,1.000000,1.000000,{"1":4},1.000000,0.000000,0.000000,0.000000,1.000000,0.000000,-1.000000
0.044418058,4,167,snapshot,4096,48,1.000000,1.000000,1.000000,{"1":47,"2":1},0.979167,0.020833,0.000000,0.000000,0.979167,0.020833,1.000000
0.044418058,4,167,read_only,16384,4,1.000000,1.000000,1.000000,{"1":4},1.000000,0.000000,0.000000,0.000000,1.000000,0.000000,-1.000000
0.044418058,4,167,union,16384,4,1.000000,1.000000,1.000000,{"1":4},1.000000,0.000000,0.000000,0.000000,1.000000,0.000000,-1.000000
0.044418058,4,167,snapshot,16384,48,1.000000,1.000000,1.000000,{"1":47,"2":1},0.979167,0.020833,0.000000,0.000000,0.979167,0.020833,1.000000
0.044707678,4,168,read_only,64,5,1.000000,1.000000,1.000000,{"1":5},1.000000,0.000000,0.000000,0.000000,1.000000,0.000000,-1.000000
0.044707678,4,168,union,64,5,1.000000,1.000000,1.000000,{"1":5},1.000000,0.000000,0.000000,0.000000,1.000000,0.000000,-1.000000
0.044707678,4,168,snapshot,64,53,1.000000,1.000000,1.000000,{"1":52,"2":1},0.981132,0.018868,0.000000,0.000000,0.981132,0.018868,1.000000
0.044707678,4,168,read_only,256,5,1.000000,1.000000,1.000000,{"1":5},1.000000,0.000000,0.000000,0.000000,1.000000,0.000000,-1.000000
0.044707678,4,168,union,256,5,1.000000,1.000000,1.000000,{"1":5},1.000000,0.000000,0.000000,0.000000,1.000000,0.000000,-1.000000
0.044707678,4,168,snapshot,256,53,1.000000,1.000000,1.000000,{"1":52,"2":1},0.981132,0.018868,0.000000,0.000000,0.981132,0.018868,1.000000
0.044707678,4,168,read_only,1024,5,1.000000,1.000000,1.000000,{"1":5},1.000000,0.000000,0.000000,0.000000,1.000000,0.000000,-1.000000
0.044707678,4,168,union,1024,5,1.000000,1.000000,1.000000,{"1":5},1.000000,0.000000,0.000000,0.000000,1.000000,0.000000,-1.000000
0.044707678,4,168,snapshot,1024,53,1.000000,1.000000,1.000000,{"1":52,"2":1},0.981132,0.018868,0.000000,0.000000,0.981132,0.018868,1.000000
0.044707678,4,168,read_only,4096,5,1.000000,1.000000,1.000000,{"1":5},1.000000,0.000000,0.000000,0.000000,1.000000,0.000000,-1.000000
0.044707678,4,168,union,4096,5,1.000000,1.000000,1.000000,{"1":5},1.000000,0.000000,0.000000,0.000000,1.000000,0.000000,-1.000000
0.044707678,4,168,snapshot,4096,53,1.000000,1.000000,1.000000,{"1":52,"2":1},0.981132,0.018868,0.000000,0.000000,0.981132,0.018868,1.000000
0.044707678,4,168,read_only,16384,5,1.000000,1.000000,1.000000,{"1":5},1.000000,0.000000,0.000000,0.000000,1.000000,0.000000,-1.000000
0.044707678,4,168,union,16384,5,1.000000,1.000000,1.000000,{"1":5},1.000000,0.000000,0.000000,0.000000,1.000000,0.000000,-1.000000
0.044707678,4,168,snapshot,16384,53,1.000000,1.000000,1.000000,{"1":52,"2":1},0.981132,0.018868,0.000000,0.000000,0.981132,0.018868,1.000000
0.045000610,4,169,snapshot,64,53,1.000000,1.000000,1.000000,{"1":52,"2":1},0.981132,0.018868,0.000000,0.000000,0.981132,0.018868,1.000000
0.045000610,4,169,snapshot,256,53,1.000000,1.000000,1.000000,{"1":52,"2":1},0.981132,0.018868,0.000000,0.000000,0.981132,0.018868,1.000000
0.045000610,4,169,snapshot,1024,53,1.000000,1.000000,1.000000,{"1":52,"2":1},0.981132,0.018868,0.000000,0.000000,0.981132,0.018868,1.000000
0.045000610,4,169,snapshot,4096,53,1.000000,1.000000,1.000000,{"1":52,"2":1},0.981132,0.018868,0.000000,0.000000,0.981132,0.018868,1.000000
0.045000610,4,169,snapshot,16384,53,1.000000,1.000000,1.000000,{"1":52,"2":1},0.981132,0.018868,0.000000,0.000000,0.981132,0.018868,1.000000
0.045333262,4,170,read_only,64,37,1.000000,1.000000,1.000000,{"1":37},1.000000,0.000000,0.000000,0.000000,1.000000,0.000000,-1.000000
0.045333262,4,170,union,64,37,1.000000,1.000000,1.000000,{"1":37},1.000000,0.000000,0.000000,0.000000,1.000000,0.000000,-1.000000
0.045333262,4,170,snapshot,64,90,1.000000,1.000000,1.000000,{"1":89,"2":1},0.988889,0.011111,0.000000,0.000000,0.988889,0.011111,1.000000
0.045333262,4,170,read_only,256,37,1.000000,1.000000,1.000000,{"1":37},1.000000,0.000000,0.000000,0.000000,1.000000,0.000000,-1.000000
0.045333262,4,170,union,256,37,1.000000,1.000000,1.000000,{"1":37},1.000000,0.000000,0.000000,0.000000,1.000000,0.000000,-1.000000
0.045333262,4,170,snapshot,256,90,1.000000,1.000000,1.000000,{"1":89,"2":1},0.988889,0.011111,0.000000,0.000000,0.988889,0.011111,1.000000
0.045333262,4,170,read_only,1024,37,1.000000,1.000000,1.000000,{"1":37},1.000000,0.000000,0.000000,0.000000,1.000000,0.000000,-1.000000
0.045333262,4,170,union,1024,37,1.000000,1.000000,1.000000,{"1":37},1.000000,0.000000,0.000000,0.000000,1.000000,0.000000,-1.000000
0.045333262,4,170,snapshot,1024,90,1.000000,1.000000,1.000000,{"1":89,"2":1},0.988889,0.011111,0.000000,0.000000,0.988889,0.011111,1.000000
0.045333262,4,170,read_only,4096,37,1.000000,1.000000,1.000000,{"1":37},1.000000,0.000000,0.000000,0.000000,1.000000,0.000000,-1.000000
0.045333262,4,170,union,4096,37,1.000000,1.000000,1.000000,{"1":37},1.000000,0.000000,0.000000,0.000000,1.000000,0.000000,-1.000000
0.045333262,4,170,snapshot,4096,90,1.000000,1.000000,1.000000,{"1":89,"2":1},0.988889,0.011111,0.000000,0.000000,0.988889,0.011111,1.000000
0.045333262,4,170,read_only,16384,37,1.000000,1.000000,1.000000,{"1":37},1.000000,0.000000,0.000000,0.000000,1.000000,0.000000,-1.000000
0.045333262,4,170,union,16384,37,1.000000,1.000000,1.000000,{"1":37},1.000000,0.000000,0.000000,0.000000,1.000000,0.000000,-1.000000
0.045333262,4,170,snapshot,16384,90,1.000000,1.000000,1.000000,{"1":89,"2":1},0.988889,0.011111,0.000000,0.000000,0.988889,0.011111,1.000000
0.045591899,4,171,read_only,64,3,1.000000,1.000000,1.000000,{"1":3},1.000000,0.000000,0.000000,0.000000,1.000000,0.000000,-1.000000
0.045591899,4,171,union,64,6,1.000000,1.000000,1.000000,{"1":6},1.000000,0.000000,0.000000,0.000000,1.000000,0.000000,-1.000000
0.045591899,4,171,snapshot,64,96,1.000000,1.000000,1.000000,{"1":95,"2":1},0.989583,0.010417,0.000000,0.000000,0.989583,0.010417,1.000000
0.045591899,4,171,read_only,256,3,1.000000,1.000000,1.000000,{"1":3},1.000000,0.000000,0.000000,0.000000,1.000000,0.000000,-1.000000
0.045591899,4,171,union,256,6,1.000000,1.000000,1.000000,{"1":6},1.000000,0.000000,0.000000,0.000000,1.000000,0.000000,-1.000000
0.045591899,4,171,snapshot,256,96,1.000000,1.000000,1.000000,{"1":95,"2":1},0.989583,0.010417,0.000000,0.000000,0.989583,0.010417,1.000000
0.045591899,4,171,read_only,1024,3,1.000000,1.000000,1.000000,{"1":3},1.000000,0.000000,0.000000,0.000000,1.000000,0.000000,-1.000000
0.045591899,4,171,union,1024,6,1.000000,1.000000,1.000000,{"1":6},1.000000,0.000000,0.000000,0.000000,1.000000,0.000000,-1.000000
0.045591899,4,171,snapshot,1024,96,1.000000,1.000000,1.000000,{"1":95,"2":1},0.989583,0.010417,0.000000,0.000000,0.989583,0.010417,1.000000
0.045591899,4,171,read_only,4096,3,1.000000,1.000000,1.000000,{"1":3},1.000000,0.000000,0.000000,0.000000,1.000000,0.000000,-1.000000
0.045591899,4,171,union,4096,6,1.000000,1.000000,1.000000,{"1":6},1.000000,0.000000,0.000000,0.000000,1.000000,0.000000,-1.000000
0.045591899,4,171,snapshot,4096,96,1.000000,1.000000,1.000000,{"1":95,"2":1},0.989583,0.010417,0.000000,0.000000,0.989583,0.010417,1.000000
0.045591899,4,171,read_only,16384,3,1.000000,1.000000,1.000000,{"1":3},1.000000,0.000000,0.000000,0.000000,1.000000,0.000000,-1.000000
0.045591899,4,171,union,16384,6,1.000000,1.000000,1.000000,{"1":6},1.000000,0.000000,0.000000,0.000000,1.000000,0.000000,-1.000000
0.045591899,4,171,snapshot,16384,96,1.000000,1.000000,1.000000,{"1":95,"2":1},0.989583,0.010417,0.000000,0.000000,0.989583,0.010417,1.000000
0.045828195,4,172,union,64,1,1.000000,1.000000,1.000000,{"1":1},1.000000,0.000000,0.000000,0.000000,1.000000,0.000000,-1.000000
0.045828195,4,172,snapshot,64,96,1.000000,1.000000,1.000000,{"1":95,"2":1},0.989583,0.010417,0.000000,0.000000,0.989583,0.010417,1.000000
0.045828195,4,172,union,256,1,1.000000,1.000000,1.000000,{"1":1},1.000000,0.000000,0.000000,0.000000,1.000000,0.000000,-1.000000
0.045828195,4,172,snapshot,256,96,1.000000,1.000000,1.000000,{"1":95,"2":1},0.989583,0.010417,0.000000,0.000000,0.989583,0.010417,1.000000
0.045828195,4,172,union,1024,1,1.000000,1.000000,1.000000,{"1":1},1.000000,0.000000,0.000000,0.000000,1.000000,0.000000,-1.000000
0.045828195,4,172,snapshot,1024,96,1.000000,1.000000,1.000000,{"1":95,"2":1},0.989583,0.010417,0.000000,0.000000,0.989583,0.010417,1.000000
0.045828195,4,172,union,4096,1,1.000000,1.000000,1.000000,{"1":1},1.000000,0.000000,0.000000,0.000000,1.000000,0.000000,-1.000000
0.045828195,4,172,snapshot,4096,96,1.000000,1.000000,1.000000,{"1":95,"2":1},0.989583,0.010417,0.000000,0.000000,0.989583,0.010417,1.000000
0.045828195,4,172,union,16384,1,1.000000,1.000000,1.000000,{"1":1},1.000000,0.000000,0.000000,0.000000,1.000000,0.000000,-1.000000
0.045828195,4,172,snapshot,16384,96,1.000000,1.000000,1.000000,{"1":95,"2":1},0.989583,0.010417,0.000000,0.000000,0.989583,0.010417,1.000000
0.046059856,4,173,snapshot,64,96,1.000000,1.000000,1.000000,{"1":95,"2":1},0.989583,0.010417,0.000000,0.000000,0.989583,0.010417,1.000000
0.046059856,4,173,snapshot,256,96,1.000000,1.000000,1.000000,{"1":95,"2":1},0.989583,0.010417,0.000000,0.000000,0.989583,0.010417,1.000000
0.046059856,4,173,snapshot,1024,96,1.000000,1.000000,1.000000,{"1":95,"2":1},0.989583,0.010417,0.000000,0.000000,0.989583,0.010417,1.000000
0.046059856,4,173,snapshot,4096,96,1.000000,1.000000,1.000000,{"1":95,"2":1},0.989583,0.010417,0.000000,0.000000,0.989583,0.010417,1.000000
0.046059856,4,173,snapshot,16384,96,1.000000,1.000000,1.000000,{"1":95,"2":1},0.989583,0.010417,0.000000,0.000000,0.989583,0.010417,1.000000
