sim_time,gpu_id,kernel_id,view,region_size_bytes,num_regions_with_entries,strict_coalescable_ratio,avg_relaxed_ratio,full_redundant_ratio,sharer_set_cardinality_dist_json,reg_card1_ratio,reg_card2_ratio,reg_card3_ratio,reg_card4plus_ratio,coalescable_private_ratio,coalescable_shared_ratio,shared_only_strict_ratio
0.000412983,2,0,read_only,64,5,1.000000,1.000000,1.000000,{"1":5},1.000000,0.000000,0.000000,0.000000,1.000000,0.000000,-1.000000
0.000412983,2,0,union,64,5,1.000000,1.000000,1.000000,{"1":5},1.000000,0.000000,0.000000,0.000000,1.000000,0.000000,-1.000000
0.000412983,2,0,snapshot,64,5,1.000000,1.000000,1.000000,{"1":5},1.000000,0.000000,0.000000,0.000000,1.000000,0.000000,-1.000000
0.000412983,2,0,read_only,256,5,1.000000,1.000000,1.000000,{"1":5},1.000000,0.000000,0.000000,0.000000,1.000000,0.000000,-1.000000
0.000412983,2,0,union,256,5,1.000000,1.000000,1.000000,{"1":5},1.000000,0.000000,0.000000,0.000000,1.000000,0.000000,-1.000000
0.000412983,2,0,snapshot,256,5,1.000000,1.000000,1.000000,{"1":5},1.000000,0.000000,0.000000,0.000000,1.000000,0.000000,-1.000000
0.000412983,2,0,read_only,1024,5,1.000000,1.000000,1.000000,{"1":5},1.000000,0.000000,0.000000,0.000000,1.000000,0.000000,-1.000000
0.000412983,2,0,union,1024,5,1.000000,1.000000,1.000000,{"1":5},1.000000,0.000000,0.000000,0.000000,1.000000,0.000000,-1.000000
0.000412983,2,0,snapshot,1024,5,1.000000,1.000000,1.000000,{"1":5},1.000000,0.000000,0.000000,0.000000,1.000000,0.000000,-1.000000
0.000412983,2,0,read_only,4096,5,1.000000,1.000000,1.000000,{"1":5},1.000000,0.000000,0.000000,0.000000,1.000000,0.000000,-1.000000
0.000412983,2,0,union,4096,5,1.000000,1.000000,1.000000,{"1":5},1.000000,0.000000,0.000000,0.000000,1.000000,0.000000,-1.000000
0.000412983,2,0,snapshot,4096,5,1.000000,1.000000,1.000000,{"1":5},1.000000,0.000000,0.000000,0.000000,1.000000,0.000000,-1.000000
0.000412983,2,0,read_only,16384,5,1.000000,1.000000,1.000000,{"1":5},1.000000,0.000000,0.000000,0.000000,1.000000,0.000000,-1.000000
0.000412983,2,0,union,16384,5,1.000000,1.000000,1.000000,{"1":5},1.000000,0.000000,0.000000,0.000000,1.000000,0.000000,-1.000000
0.000412983,2,0,snapshot,16384,5,1.000000,1.000000,1.000000,{"1":5},1.000000,0.000000,0.000000,0.000000,1.000000,0.000000,-1.000000
0.000797692,2,1,read_only,64,2,1.000000,1.000000,1.000000,{"1":2},1.000000,0.000000,0.000000,0.000000,1.000000,0.000000,-1.000000
0.000797692,2,1,union,64,2,1.000000,1.000000,1.000000,{"1":2},1.000000,0.000000,0.000000,0.000000,1.000000,0.000000,-1.000000
0.000797692,2,1,snapshot,64,7,1.000000,1.000000,1.000000,{"1":7},1.000000,0.000000,0.000000,0.000000,1.000000,0.000000,-1.000000
0.000797692,2,1,read_only,256,2,1.000000,1.000000,1.000000,{"1":2},1.000000,0.000000,0.000000,0.000000,1.000000,0.000000,-1.000000
0.000797692,2,1,union,256,2,1.000000,1.000000,1.000000,{"1":2},1.000000,0.000000,0.000000,0.000000,1.000000,0.000000,-1.000000
0.000797692,2,1,snapshot,256,7,1.000000,1.000000,1.000000,{"1":7},1.000000,0.000000,0.000000,0.000000,1.000000,0.000000,-1.000000
0.000797692,2,1,read_only,1024,2,1.000000,1.000000,1.000000,{"1":2},1.000000,0.000000,0.000000,0.000000,1.000000,0.000000,-1.000000
0.000797692,2,1,union,1024,2,1.000000,1.000000,1.000000,{"1":2},1.000000,0.000000,0.000000,0.000000,1.000000,0.000000,-1.000000
0.000797692,2,1,snapshot,1024,7,1.000000,1.000000,1.000000,{"1":7},1.000000,0.000000,0.000000,0.000000,1.000000,0.000000,-1.000000
0.000797692,2,1,read_only,4096,2,1.000000,1.000000,1.000000,{"1":2},1.000000,0.000000,0.000000,0.000000,1.000000,0.000000,-1.000000
0.000797692,2,1,union,4096,2,1.000000,1.000000,1.000000,{"1":2},1.000000,0.000000,0.000000,0.000000,1.000000,0.000000,-1.000000
0.000797692,2,1,snapshot,4096,7,1.000000,1.000000,1.000000,{"1":7},1.000000,0.000000,0.000000,0.000000,1.000000,0.000000,-1.000000
0.000797692,2,1,read_only,16384,2,1.000000,1.000000,1.000000,{"1":2},1.000000,0.000000,0.000000,0.000000,1.000000,0.000000,-1.000000
0.000797692,2,1,union,16384,2,1.000000,1.000000,1.000000,{"1":2},1.000000,0.000000,0.000000,0.000000,1.000000,0.000000,-1.000000
0.000797692,2,1,snapshot,16384,7,1.000000,1.000000,1.000000,{"1":7},1.000000,0.000000,0.000000,0.000000,1.000000,0.000000,-1.000000
0.001047662,2,2,snapshot,64,7,1.000000,1.000000,1.000000,{"1":7},1.000000,0.000000,0.000000,0.000000,1.000000,0.000000,-1.000000
0.001047662,2,2,snapshot,256,7,1.000000,1.000000,1.000000,{"1":7},1.000000,0.000000,0.000000,0.000000,1.000000,0.000000,-1.000000
0.001047662,2,2,snapshot,1024,7,1.000000,1.000000,1.000000,{"1":7},1.000000,0.000000,0.000000,0.000000,1.000000,0.000000,-1.000000
0.001047662,2,2,snapshot,4096,7,1.000000,1.000000,1.000000,{"1":7},1.000000,0.000000,0.000000,0.000000,1.000000,0.000000,-1.000000
0.001047662,2,2,snapshot,16384,7,1.000000,1.000000,1.000000,{"1":7},1.000000,0.000000,0.000000,0.000000,1.000000,0.000000,-1.000000
0.001282335,2,3,read_only,64,1,1.000000,1.000000,1.000000,{"1":1},1.000000,0.000000,0.000000,0.000000,1.000000,0.000000,-1.000000
0.001282335,2,3,union,64,1,1.000000,1.000000,1.000000,{"1":1},1.000000,0.000000,0.000000,0.000000,1.000000,0.000000,-1.000000
0.001282335,2,3,snapshot,64,8,1.000000,1.000000,1.000000,{"1":8},1.000000,0.000000,0.000000,0.000000,1.000000,0.000000,-1.000000
0.001282335,2,3,read_only,256,1,1.000000,1.000000,1.000000,{"1":1},1.000000,0.000000,0.000000,0.000000,1.000000,0.000000,-1.000000
0.001282335,2,3,union,256,1,1.000000,1.000000,1.000000,{"1":1},1.000000,0.000000,0.000000,0.000000,1.000000,0.000000,-1.000000
0.001282335,2,3,snapshot,256,8,1.000000,1.000000,1.000000,{"1":8},1.000000,0.000000,0.000000,0.000000,1.000000,0.000000,-1.000000
0.001282335,2,3,read_only,1024,1,1.000000,1.000000,1.000000,{"1":1},1.000000,0.000000,0.000000,0.000000,1.000000,0.000000,-1.000000
0.001282335,2,3,union,1024,1,1.000000,1.000000,1.000000,{"1":1},1.000000,0.000000,0.000000,0.000000,1.000000,0.000000,-1.000000
0.001282335,2,3,snapshot,1024,8,1.000000,1.000000,1.000000,{"1":8},1.000000,0.000000,0.000000,0.000000,1.000000,0.000000,-1.000000
0.001282335,2,3,read_only,4096,1,1.000000,1.000000,1.000000,{"1":1},1.000000,0.000000,0.000000,0.000000,1.000000,0.000000,-1.000000
0.001282335,2,3,union,4096,1,1.000000,1.000000,1.000000,{"1":1},1.000000,0.000000,0.000000,0.000000,1.000000,0.000000,-1.000000
0.001282335,2,3,snapshot,4096,8,1.000000,1.000000,1.000000,{"1":8},1.000000,0.000000,0.000000,0.000000,1.000000,0.000000,-1.000000
0.001282335,2,3,read_only,16384,1,1.000000,1.000000,1.000000,{"1":1},1.000000,0.000000,0.000000,0.000000,1.000000,0.000000,-1.000000
0.001282335,2,3,union,16384,1,1.000000,1.000000,1.000000,{"1":1},1.000000,0.000000,0.000000,0.000000,1.000000,0.000000,-1.000000
0.001282335,2,3,snapshot,16384,8,1.000000,1.000000,1.000000,{"1":8},1.000000,0.000000,0.000000,0.000000,1.000000,0.000000,-1.000000
0.001959972,2,4,read_only,64,46,1.000000,1.000000,1.000000,{"1":46},1.000000,0.000000,0.000000,0.000000,1.000000,0.000000,-1.000000
0.001959972,2,4,union,64,61,1.000000,1.000000,1.000000,{"1":61},1.000000,0.000000,0.000000,0.000000,1.000000,0.000000,-1.000000
0.001959972,2,4,snapshot,64,69,1.000000,1.000000,1.000000,{"1":69},1.000000,0.000000,0.000000,0.000000,1.000000,0.000000,-1.000000
0.001959972,2,4,read_only,256,46,1.000000,1.000000,1.000000,{"1":46},1.000000,0.000000,0.000000,0.000000,1.000000,0.000000,-1.000000
0.001959972,2,4,union,256,61,1.000000,1.000000,1.000000,{"1":61},1.000000,0.000000,0.000000,0.000000,1.000000,0.000000,-1.000000
0.001959972,2,4,snapshot,256,69,1.000000,1.000000,1.000000,{"1":69},1.000000,0.000000,0.000000,0.000000,1.000000,0.000000,-1.000000
0.001959972,2,4,read_only,1024,46,1.000000,1.000000,1.000000,{"1":46},1.000000,0.000000,0.000000,0.000000,1.000000,0.000000,-1.000000
0.001959972,2,4,union,1024,61,1.000000,1.000000,1.000000,{"1":61},1.000000,0.000000,0.000000,0.000000,1.000000,0.000000,-1.000000
0.001959972,2,4,snapshot,1024,69,1.000000,1.000000,1.000000,{"1":69},1.000000,0.000000,0.000000,0.000000,1.000000,0.000000,-1.000000
0.001959972,2,4,read_only,4096,46,1.000000,1.000000,1.000000,{"1":46},1.000000,0.000000,0.000000,0.000000,1.000000,0.000000,-1.000000
0.001959972,2,4,union,4096,61,1.000000,1.000000,1.000000,{"1":61},1.000000,0.000000,0.000000,0.000000,1.000000,0.000000,-1.000000
0.001959972,2,4,snapshot,4096,69,1.000000,1.000000,1.000000,{"1":69},1.000000,0.000000,0.000000,0.000000,1.000000,0.000000,-1.000000
0.001959972,2,4,read_only,16384,46,1.000000,1.000000,1.000000,{"1":46},1.000000,0.000000,0.000000,0.000000,1.000000,0.000000,-1.000000
0.001959972,2,4,union,16384,61,1.000000,1.000000,1.000000,{"1":61},1.000000,0.000000,0.000000,0.000000,1.000000,0.000000,-1.000000
0.001959972,2,4,snapshot,16384,69,1.000000,1.000000,1.000000,{"1":69},1.000000,0.000000,0.000000,0.000000,1.000000,0.000000,-1.000000
0.002309326,2,5,union,64,4,1.000000,1.000000,1.000000,{"1":4},1.000000,0.000000,0.000000,0.000000,1.000000,0.000000,-1.000000
0.002309326,2,5,snapshot,64,69,1.000000,1.000000,1.000000,{"1":69},1.000000,0.000000,0.000000,0.000000,1.000000,0.000000,-1.000000
0.002309326,2,5,union,256,4,1.000000,1.000000,1.000000,{"1":4},1.000000,0.000000,0.000000,0.000000,1.000000,0.000000,-1.000000
0.002309326,2,5,snapshot,256,69,1.000000,1.000000,1.000000,{"1":69},1.000000,0.000000,0.000000,0.000000,1.000000,0.000000,-1.000000
0.002309326,2,5,union,1024,4,1.000000,1.000000,1.000000,{"1":4},1.000000,0.000000,0.000000,0.000000,1.000000,0.000000,-1.000000
0.002309326,2,5,snapshot,1024,69,1.000000,1.000000,1.000000,{"1":69},1.000000,0.000000,0.000000,0.000000,1.000000,0.000000,-1.000000
0.002309326,2,5,union,4096,4,1.000000,1.000000,1.000000,{"1":4},1.000000,0.000000,0.000000,0.000000,1.000000,0.000000,-1.000000
0.002309326,2,5,snapshot,4096,69,1.000000,1.000000,1.000000,{"1":69},1.000000,0.000000,0.000000,0.000000,1.000000,0.000000,-1.000000
0.002309326,2,5,union,16384,4,1.000000,1.000000,1.000000,{"1":4},1.000000,0.000000,0.000000,0.000000,1.000000,0.000000,-1.000000
0.002309326,2,5,snapshot,16384,69,1.000000,1.000000,1.000000,{"1":69},1.000000,0.000000,0.000000,0.000000,1.000000,0.000000,-1.000000
0.003358421,2,6,read_only,64,43,1.000000,1.000000,1.000000,{"1":43},1.000000,0.000000,0.000000,0.000000,1.000000,0.000000,-1.000000
0.003358421,2,6,union,64,46,1.000000,1.000000,1.000000,{"1":46},1.000000,0.000000,0.000000,0.000000,1.000000,0.000000,-1.000000
0.003358421,2,6,snapshot,64,115,1.000000,1.000000,1.000000,{"1":115},1.000000,0.000000,0.000000,0.000000,1.000000,0.000000,-1.000000
0.003358421,2,6,read_only,256,43,1.000000,1.000000,1.000000,{"1":43},1.000000,0.000000,0.000000,0.000000,1.000000,0.000000,-1.000000
0.003358421,2,6,union,256,46,1.000000,1.000000,1.000000,{"1":46},1.000000,0.000000,0.000000,0.000000,1.000000,0.000000,-1.000000
0.003358421,2,6,snapshot,256,115,1.000000,1.000000,1.000000,{"1":115},1.000000,0.000000,0.000000,0.000000,1.000000,0.000000,-1.000000
0.003358421,2,6,read_only,1024,43,1.000000,1.000000,1.000000,{"1":43},1.000000,0.000000,0.000000,0.000000,1.000000,0.000000,-1.000000
0.003358421,2,6,union,1024,46,1.000000,1.000000,1.000000,{"1":46},1.000000,0.000000,0.000000,0.000000,1.000000,0.000000,-1.000000
0.003358421,2,6,snapshot,1024,115,1.000000,1.000000,1.000000,{"1":115},1.000000,0.000000,0.000000,0.000000,1.000000,0.000000,-1.000000
0.003358421,2,6,read_only,4096,43,1.000000,1.000000,1.000000,{"1":43},1.000000,0.000000,0.000000,0.000000,1.000000,0.000000,-1.000000
0.003358421,2,6,union,4096,46,1.000000,1.000000,1.000000,{"1":46},1.000000,0.000000,0.000000,0.000000,1.000000,0.000000,-1.000000
0.003358421,2,6,snapshot,4096,115,1.000000,1.000000,1.000000,{"1":115},1.000000,0.000000,0.000000,0.000000,1.000000,0.000000,-1.000000
0.003358421,2,6,read_only,16384,43,1.000000,1.000000,1.000000,{"1":43},1.000000,0.000000,0.000000,0.000000,1.000000,0.000000,-1.000000
0.003358421,2,6,union,16384,46,1.000000,1.000000,1.000000,{"1":46},1.000000,0.000000,0.000000,0.000000,1.000000,0.000000,-1.000000
0.003358421,2,6,snapshot,16384,115,1.000000,1.000000,1.000000,{"1":115},1.000000,0.000000,0.000000,0.000000,1.000000,0.000000,-1.000000
0.003698017,2,7,read_only,64,4,1.000000,1.000000,1.000000,{"1":4},1.000000,0.000000,0.000000,0.000000,1.000000,0.000000,-1.000000
0.003698017,2,7,union,64,5,1.000000,1.000000,1.000000,{"1":5},1.000000,0.000000,0.000000,0.000000,1.000000,0.000000,-1.000000
0.003698017,2,7,snapshot,64,120,1.000000,1.000000,1.000000,{"1":120},1.000000,0.000000,0.000000,0.000000,1.000000,0.000000,-1.000000
0.003698017,2,7,read_only,256,4,1.000000,1.000000,1.000000,{"1":4},1.000000,0.000000,0.000000,0.000000,1.000000,0.000000,-1.000000
0.003698017,2,7,union,256,5,1.000000,1.000000,1.000000,{"1":5},1.000000,0.000000,0.000000,0.000000,1.000000,0.000000,-1.000000
0.003698017,2,7,snapshot,256,120,1.000000,1.000000,1.000000,{"1":120},1.000000,0.000000,0.000000,0.000000,1.000000,0.000000,-1.000000
0.003698017,2,7,read_only,1024,4,1.000000,1.000000,1.000000,{"1":4},1.000000,0.000000,0.000000,0.000000,1.000000,0.000000,-1.000000
0.003698017,2,7,union,1024,5,1.000000,1.000000,1.000000,{"1":5},1.000000,0.000000,0.000000,0.000000,1.000000,0.000000,-1.000000
0.003698017,2,7,snapshot,1024,120,1.000000,1.000000,1.000000,{"1":120},1.000000,0.000000,0.000000,0.000000,1.000000,0.000000,-1.000000
0.003698017,2,7,read_only,4096,4,1.000000,1.000000,1.000000,{"1":4},1.000000,0.000000,0.000000,0.000000,1.000000,0.000000,-1.000000
0.003698017,2,7,union,4096,5,1.000000,1.000000,1.000000,{"1":5},1.000000,0.000000,0.000000,0.000000,1.000000,0.000000,-1.000000
0.003698017,2,7,snapshot,4096,120,1.000000,1.000000,1.000000,{"1":120},1.000000,0.000000,0.000000,0.000000,1.000000,0.000000,-1.000000
0.003698017,2,7,read_only,16384,4,1.000000,1.000000,1.000000,{"1":4},1.000000,0.000000,0.000000,0.000000,1.000000,0.000000,-1.000000
0.003698017,2,7,union,16384,5,1.000000,1.000000,1.000000,{"1":5},1.000000,0.000000,0.000000,0.000000,1.000000,0.000000,-1.000000
0.003698017,2,7,snapshot,16384,120,1.000000,1.000000,1.000000,{"1":120},1.000000,0.000000,0.000000,0.000000,1.000000,0.000000,-1.000000
0.003934697,2,8,read_only,64,23,1.000000,1.000000,1.000000,{"1":23},1.000000,0.000000,0.000000,0.000000,1.000000,0.000000,-1.000000
0.003934697,2,8,union,64,23,1.000000,1.000000,1.000000,{"1":23},1.000000,0.000000,0.000000,0.000000,1.000000,0.000000,-1.000000
0.003934697,2,8,snapshot,64,143,1.000000,1.000000,1.000000,{"1":143},1.000000,0.000000,0.000000,0.000000,1.000000,0.000000,-1.000000
0.003934697,2,8,read_only,256,23,1.000000,1.000000,1.000000,{"1":23},1.000000,0.000000,0.000000,0.000000,1.000000,0.000000,-1.000000
0.003934697,2,8,union,256,23,1.000000,1.000000,1.000000,{"1":23},1.000000,0.000000,0.000000,0.000000,1.000000,0.000000,-1.000000
0.003934697,2,8,snapshot,256,143,1.000000,1.000000,1.000000,{"1":143},1.000000,0.000000,0.000000,0.000000,1.000000,0.000000,-1.000000
0.003934697,2,8,read_only,1024,23,1.000000,1.000000,1.000000,{"1":23},1.000000,0.000000,0.000000,0.000000,1.000000,0.000000,-1.000000
0.003934697,2,8,union,1024,23,1.000000,1.000000,1.000000,{"1":23},1.000000,0.000000,0.000000,0.000000,1.000000,0.000000,-1.000000
0.003934697,2,8,snapshot,1024,143,1.000000,1.000000,1.000000,{"1":143},1.000000,0.000000,0.000000,0.000000,1.000000,0.000000,-1.000000
0.003934697,2,8,read_only,4096,23,1.000000,1.000000,1.000000,{"1":23},1.000000,0.000000,0.000000,0.000000,1.000000,0.000000,-1.000000
0.003934697,2,8,union,4096,23,1.000000,1.000000,1.000000,{"1":23},1.000000,0.000000,0.000000,0.000000,1.000000,0.000000,-1.000000
0.003934697,2,8,snapshot,4096,143,1.000000,1.000000,1.000000,{"1":143},1.000000,0.000000,0.000000,0.000000,1.000000,0.000000,-1.000000
0.003934697,2,8,read_only,16384,23,1.000000,1.000000,1.000000,{"1":23},1.000000,0.000000,0.000000,0.000000,1.000000,0.000000,-1.000000
0.003934697,2,8,union,16384,23,1.000000,1.000000,1.000000,{"1":23},1.000000,0.000000,0.000000,0.000000,1.000000,0.000000,-1.000000
0.003934697,2,8,snapshot,16384,143,1.000000,1.000000,1.000000,{"1":143},1.000000,0.000000,0.000000,0.000000,1.000000,0.000000,-1.000000
0.004177267,2,9,read_only,64,5,1.000000,1.000000,1.000000,{"1":5},1.000000,0.000000,0.000000,0.000000,1.000000,0.000000,-1.000000
0.004177267,2,9,union,64,7,1.000000,1.000000,1.000000,{"1":7},1.000000,0.000000,0.000000,0.000000,1.000000,0.000000,-1.000000
0.004177267,2,9,snapshot,64,148,1.000000,1.000000,1.000000,{"1":148},1.000000,0.000000,0.000000,0.000000,1.000000,0.000000,-1.000000
0.004177267,2,9,read_only,256,5,1.000000,1.000000,1.000000,{"1":5},1.000000,0.000000,0.000000,0.000000,1.000000,0.000000,-1.000000
0.004177267,2,9,union,256,7,1.000000,1.000000,1.000000,{"1":7},1.000000,0.000000,0.000000,0.000000,1.000000,0.000000,-1.000000
0.004177267,2,9,snapshot,256,148,1.000000,1.000000,1.000000,{"1":148},1.000000,0.000000,0.000000,0.000000,1.000000,0.000000,-1.000000
0.004177267,2,9,read_only,1024,5,1.000000,1.000000,1.000000,{"1":5},1.000000,0.000000,0.000000,0.000000,1.000000,0.000000,-1.000000
0.004177267,2,9,union,1024,7,1.000000,1.000000,1.000000,{"1":7},1.000000,0.000000,0.000000,0.000000,1.000000,0.000000,-1.000000
0.004177267,2,9,snapshot,1024,148,1.000000,1.000000,1.000000,{"1":148},1.000000,0.000000,0.000000,0.000000,1.000000,0.000000,-1.000000
0.004177267,2,9,read_only,4096,5,1.000000,1.000000,1.000000,{"1":5},1.000000,0.000000,0.000000,0.000000,1.000000,0.000000,-1.000000
0.004177267,2,9,union,4096,7,1.000000,1.000000,1.000000,{"1":7},1.000000,0.000000,0.000000,0.000000,1.000000,0.000000,-1.000000
0.004177267,2,9,snapshot,4096,148,1.000000,1.000000,1.000000,{"1":148},1.000000,0.000000,0.000000,0.000000,1.000000,0.000000,-1.000000
0.004177267,2,9,read_only,16384,5,1.000000,1.000000,1.000000,{"1":5},1.000000,0.000000,0.000000,0.000000,1.000000,0.000000,-1.000000
0.004177267,2,9,union,16384,7,1.000000,1.000000,1.000000,{"1":7},1.000000,0.000000,0.000000,0.000000,1.000000,0.000000,-1.000000
0.004177267,2,9,snapshot,16384,148,1.000000,1.000000,1.000000,{"1":148},1.000000,0.000000,0.000000,0.000000,1.000000,0.000000,-1.000000
0.004415915,2,10,snapshot,64,148,1.000000,1.000000,1.000000,{"1":148},1.000000,0.000000,0.000000,0.000000,1.000000,0.000000,-1.000000
0.004415915,2,10,snapshot,256,148,1.000000,1.000000,1.000000,{"1":148},1.000000,0.000000,0.000000,0.000000,1.000000,0.000000,-1.000000
0.004415915,2,10,snapshot,1024,148,1.000000,1.000000,1.000000,{"1":148},1.000000,0.000000,0.000000,0.000000,1.000000,0.000000,-1.000000
0.004415915,2,10,snapshot,4096,148,1.000000,1.000000,1.000000,{"1":148},1.000000,0.000000,0.000000,0.000000,1.000000,0.000000,-1.000000
0.004415915,2,10,snapshot,16384,148,1.000000,1.000000,1.000000,{"1":148},1.000000,0.000000,0.000000,0.000000,1.000000,0.000000,-1.000000
0.004656032,2,11,snapshot,64,148,1.000000,1.000000,1.000000,{"1":148},1.000000,0.000000,0.000000,0.000000,1.000000,0.000000,-1.000000
0.004656032,2,11,snapshot,256,148,1.000000,1.000000,1.000000,{"1":148},1.000000,0.000000,0.000000,0.000000,1.000000,0.000000,-1.000000
0.004656032,2,11,snapshot,1024,148,1.000000,1.000000,1.000000,{"1":148},1.000000,0.000000,0.000000,0.000000,1.000000,0.000000,-1.000000
0.004656032,2,11,snapshot,4096,148,1.000000,1.000000,1.000000,{"1":148},1.000000,0.000000,0.000000,0.000000,1.000000,0.000000,-1.000000
0.004656032,2,11,snapshot,16384,148,1.000000,1.000000,1.000000,{"1":148},1.000000,0.000000,0.000000,0.000000,1.000000,0.000000,-1.000000
0.005180039,2,12,read_only,64,15,1.000000,1.000000,1.000000,{"1":15},1.000000,0.000000,0.000000,0.000000,1.000000,0.000000,-1.000000
0.005180039,2,12,union,64,19,1.000000,1.000000,1.000000,{"1":19},1.000000,0.000000,0.000000,0.000000,1.000000,0.000000,-1.000000
0.005180039,2,12,snapshot,64,167,1.000000,1.000000,1.000000,{"1":167},1.000000,0.000000,0.000000,0.000000,1.000000,0.000000,-1.000000
0.005180039,2,12,read_only,256,15,1.000000,1.000000,1.000000,{"1":15},1.000000,0.000000,0.000000,0.000000,1.000000,0.000000,-1.000000
0.005180039,2,12,union,256,19,1.000000,1.000000,1.000000,{"1":19},1.000000,0.000000,0.000000,0.000000,1.000000,0.000000,-1.000000
0.005180039,2,12,snapshot,256,167,1.000000,1.000000,1.000000,{"1":167},1.000000,0.000000,0.000000,0.000000,1.000000,0.000000,-1.000000
0.005180039,2,12,read_only,1024,15,1.000000,1.000000,1.000000,{"1":15},1.000000,0.000000,0.000000,0.000000,1.000000,0.000000,-1.000000
0.005180039,2,12,union,1024,19,1.000000,1.000000,1.000000,{"1":19},1.000000,0.000000,0.000000,0.000000,1.000000,0.000000,-1.000000
0.005180039,2,12,snapshot,1024,167,1.000000,1.000000,1.000000,{"1":167},1.000000,0.000000,0.000000,0.000000,1.000000,0.000000,-1.000000
0.005180039,2,12,read_only,4096,15,1.000000,1.000000,1.000000,{"1":15},1.000000,0.000000,0.000000,0.000000,1.000000,0.000000,-1.000000
0.005180039,2,12,union,4096,19,1.000000,1.000000,1.000000,{"1":19},1.000000,0.000000,0.000000,0.000000,1.000000,0.000000,-1.000000
0.005180039,2,12,snapshot,4096,167,1.000000,1.000000,1.000000,{"1":167},1.000000,0.000000,0.000000,0.000000,1.000000,0.000000,-1.000000
0.005180039,2,12,read_only,16384,15,1.000000,1.000000,1.000000,{"1":15},1.000000,0.000000,0.000000,0.000000,1.000000,0.000000,-1.000000
0.005180039,2,12,union,16384,19,1.000000,1.000000,1.000000,{"1":19},1.000000,0.000000,0.000000,0.000000,1.000000,0.000000,-1.000000
0.005180039,2,12,snapshot,16384,167,1.000000,1.000000,1.000000,{"1":167},1.000000,0.000000,0.000000,0.000000,1.000000,0.000000,-1.000000
0.005423243,2,13,snapshot,64,167,1.000000,1.000000,1.000000,{"1":167},1.000000,0.000000,0.000000,0.000000,1.000000,0.000000,-1.000000
0.005423243,2,13,snapshot,256,167,1.000000,1.000000,1.000000,{"1":167},1.000000,0.000000,0.000000,0.000000,1.000000,0.000000,-1.000000
0.005423243,2,13,snapshot,1024,167,1.000000,1.000000,1.000000,{"1":167},1.000000,0.000000,0.000000,0.000000,1.000000,0.000000,-1.000000
0.005423243,2,13,snapshot,4096,167,1.000000,1.000000,1.000000,{"1":167},1.000000,0.000000,0.000000,0.000000,1.000000,0.000000,-1.000000
0.005423243,2,13,snapshot,16384,167,1.000000,1.000000,1.000000,{"1":167},1.000000,0.000000,0.000000,0.000000,1.000000,0.000000,-1.000000
0.005657499,2,14,snapshot,64,167,1.000000,1.000000,1.000000,{"1":167},1.000000,0.000000,0.000000,0.000000,1.000000,0.000000,-1.000000
0.005657499,2,14,snapshot,256,167,1.000000,1.000000,1.000000,{"1":167},1.000000,0.000000,0.000000,0.000000,1.000000,0.000000,-1.000000
0.005657499,2,14,snapshot,1024,167,1.000000,1.000000,1.000000,{"1":167},1.000000,0.000000,0.000000,0.000000,1.000000,0.000000,-1.000000
0.005657499,2,14,snapshot,4096,167,1.000000,1.000000,1.000000,{"1":167},1.000000,0.000000,0.000000,0.000000,1.000000,0.000000,-1.000000
0.005657499,2,14,snapshot,16384,167,1.000000,1.000000,1.000000,{"1":167},1.000000,0.000000,0.000000,0.000000,1.000000,0.000000,-1.000000
0.006036423,2,15,read_only,64,7,1.000000,1.000000,1.000000,{"1":7},1.000000,0.000000,0.000000,0.000000,1.000000,0.000000,-1.000000
0.006036423,2,15,union,64,16,1.000000,1.000000,1.000000,{"1":16},1.000000,0.000000,0.000000,0.000000,1.000000,0.000000,-1.000000
0.006036423,2,15,snapshot,64,177,1.000000,1.000000,1.000000,{"1":177},1.000000,0.000000,0.000000,0.000000,1.000000,0.000000,-1.000000
0.006036423,2,15,read_only,256,7,1.000000,1.000000,1.000000,{"1":7},1.000000,0.000000,0.000000,0.000000,1.000000,0.000000,-1.000000
0.006036423,2,15,union,256,16,1.000000,1.000000,1.000000,{"1":16},1.000000,0.000000,0.000000,0.000000,1.000000,0.000000,-1.000000
0.006036423,2,15,snapshot,256,177,1.000000,1.000000,1.000000,{"1":177},1.000000,0.000000,0.000000,0.000000,1.000000,0.000000,-1.000000
0.006036423,2,15,read_only,1024,7,1.000000,1.000000,1.000000,{"1":7},1.000000,0.000000,0.000000,0.000000,1.000000,0.000000,-1.000000
0.006036423,2,15,union,1024,16,1.000000,1.000000,1.000000,{"1":16},1.000000,0.000000,0.000000,0.000000,1.000000,0.000000,-1.000000
0.006036423,2,15,snapshot,1024,177,1.000000,1.000000,1.000000,{"1":177},1.000000,0.000000,0.000000,0.000000,1.000000,0.000000,-1.000000
0.006036423,2,15,read_only,4096,7,1.000000,1.000000,1.000000,{"1":7},1.000000,0.000000,0.000000,0.000000,1.000000,0.000000,-1.000000
0.006036423,2,15,union,4096,16,1.000000,1.000000,1.000000,{"1":16},1.000000,0.000000,0.000000,0.000000,1.000000,0.000000,-1.000000
0.006036423,2,15,snapshot,4096,177,1.000000,1.000000,1.000000,{"1":177},1.000000,0.000000,0.000000,0.000000,1.000000,0.000000,-1.000000
0.006036423,2,15,read_only,16384,7,1.000000,1.000000,1.000000,{"1":7},1.000000,0.000000,0.000000,0.000000,1.000000,0.000000,-1.000000
0.006036423,2,15,union,16384,16,1.000000,1.000000,1.000000,{"1":16},1.000000,0.000000,0.000000,0.000000,1.000000,0.000000,-1.000000
0.006036423,2,15,snapshot,16384,177,1.000000,1.000000,1.000000,{"1":177},1.000000,0.000000,0.000000,0.000000,1.000000,0.000000,-1.000000
0.006495776,2,16,read_only,64,12,1.000000,1.000000,1.000000,{"1":12},1.000000,0.000000,0.000000,0.000000,1.000000,0.000000,-1.000000
0.006495776,2,16,union,64,30,1.000000,1.000000,1.000000,{"1":30},1.000000,0.000000,0.000000,0.000000,1.000000,0.000000,-1.000000
0.006495776,2,16,snapshot,64,189,1.000000,1.000000,1.000000,{"1":189},1.000000,0.000000,0.000000,0.000000,1.000000,0.000000,-1.000000
0.006495776,2,16,read_only,256,12,1.000000,1.000000,1.000000,{"1":12},1.000000,0.000000,0.000000,0.000000,1.000000,0.000000,-1.000000
0.006495776,2,16,union,256,30,1.000000,1.000000,1.000000,{"1":30},1.000000,0.000000,0.000000,0.000000,1.000000,0.000000,-1.000000
0.006495776,2,16,snapshot,256,189,1.000000,1.000000,1.000000,{"1":189},1.000000,0.000000,0.000000,0.000000,1.000000,0.000000,-1.000000
0.006495776,2,16,read_only,1024,12,1.000000,1.000000,1.000000,{"1":12},1.000000,0.000000,0.000000,0.000000,1.000000,0.000000,-1.000000
0.006495776,2,16,union,1024,30,1.000000,1.000000,1.000000,{"1":30},1.000000,0.000000,0.000000,0.000000,1.000000,0.000000,-1.000000
0.006495776,2,16,snapshot,1024,189,1.000000,1.000000,1.000000,{"1":189},1.000000,0.000000,0.000000,0.000000,1.000000,0.000000,-1.000000
0.006495776,2,16,read_only,4096,12,1.000000,1.000000,1.000000,{"1":12},1.000000,0.000000,0.000000,0.000000,1.000000,0.000000,-1.000000
0.006495776,2,16,union,4096,30,1.000000,1.000000,1.000000,{"1":30},1.000000,0.000000,0.000000,0.000000,1.000000,0.000000,-1.000000
0.006495776,2,16,snapshot,4096,189,1.000000,1.000000,1.000000,{"1":189},1.000000,0.000000,0.000000,0.000000,1.000000,0.000000,-1.000000
0.006495776,2,16,read_only,16384,12,1.000000,1.000000,1.000000,{"1":12},1.000000,0.000000,0.000000,0.000000,1.000000,0.000000,-1.000000
0.006495776,2,16,union,16384,30,1.000000,1.000000,1.000000,{"1":30},1.000000,0.000000,0.000000,0.000000,1.000000,0.000000,-1.000000
0.006495776,2,16,snapshot,16384,189,1.000000,1.000000,1.000000,{"1":189},1.000000,0.000000,0.000000,0.000000,1.000000,0.000000,-1.000000
0.007105931,2,17,read_only,64,9,1.000000,1.000000,1.000000,{"1":9},1.000000,0.000000,0.000000,0.000000,1.000000,0.000000,-1.000000
0.007105931,2,17,union,64,23,1.000000,1.000000,1.000000,{"1":23},1.000000,0.000000,0.000000,0.000000,1.000000,0.000000,-1.000000
0.007105931,2,17,snapshot,64,205,1.000000,1.000000,1.000000,{"1":205},1.000000,0.000000,0.000000,0.000000,1.000000,0.000000,-1.000000
0.007105931,2,17,read_only,256,9,1.000000,1.000000,1.000000,{"1":9},1.000000,0.000000,0.000000,0.000000,1.000000,0.000000,-1.000000
0.007105931,2,17,union,256,23,1.000000,1.000000,1.000000,{"1":23},1.000000,0.000000,0.000000,0.000000,1.000000,0.000000,-1.000000
0.007105931,2,17,snapshot,256,205,1.000000,1.000000,1.000000,{"1":205},1.000000,0.000000,0.000000,0.000000,1.000000,0.000000,-1.000000
0.007105931,2,17,read_only,1024,9,1.000000,1.000000,1.000000,{"1":9},1.000000,0.000000,0.000000,0.000000,1.000000,0.000000,-1.000000
0.007105931,2,17,union,1024,23,1.000000,1.000000,1.000000,{"1":23},1.000000,0.000000,0.000000,0.000000,1.000000,0.000000,-1.000000
0.007105931,2,17,snapshot,1024,205,1.000000,1.000000,1.000000,{"1":205},1.000000,0.000000,0.000000,0.000000,1.000000,0.000000,-1.000000
0.007105931,2,17,read_only,4096,9,1.000000,1.000000,1.000000,{"1":9},1.000000,0.000000,0.000000,0.000000,1.000000,0.000000,-1.000000
0.007105931,2,17,union,4096,23,1.000000,1.000000,1.000000,{"1":23},1.000000,0.000000,0.000000,0.000000,1.000000,0.000000,-1.000000
0.007105931,2,17,snapshot,4096,205,1.000000,1.000000,1.000000,{"1":205},1.000000,0.000000,0.000000,0.000000,1.000000,0.000000,-1.000000
0.007105931,2,17,read_only,16384,9,1.000000,1.000000,1.000000,{"1":9},1.000000,0.000000,0.000000,0.000000,1.000000,0.000000,-1.000000
0.007105931,2,17,union,16384,23,1.000000,1.000000,1.000000,{"1":23},1.000000,0.000000,0.000000,0.000000,1.000000,0.000000,-1.000000
0.007105931,2,17,snapshot,16384,205,1.000000,1.000000,1.000000,{"1":205},1.000000,0.000000,0.000000,0.000000,1.000000,0.000000,-1.000000
0.007340854,2,18,read_only,64,9,1.000000,1.000000,1.000000,{"1":9},1.000000,0.000000,0.000000,0.000000,1.000000,0.000000,-1.000000
0.007340854,2,18,union,64,9,1.000000,1.000000,1.000000,{"1":9},1.000000,0.000000,0.000000,0.000000,1.000000,0.000000,-1.000000
0.007340854,2,18,snapshot,64,214,1.000000,1.000000,1.000000,{"1":214},1.000000,0.000000,0.000000,0.000000,1.000000,0.000000,-1.000000
0.007340854,2,18,read_only,256,9,1.000000,1.000000,1.000000,{"1":9},1.000000,0.000000,0.000000,0.000000,1.000000,0.000000,-1.000000
0.007340854,2,18,union,256,9,1.000000,1.000000,1.000000,{"1":9},1.000000,0.000000,0.000000,0.000000,1.000000,0.000000,-1.000000
0.007340854,2,18,snapshot,256,214,1.000000,1.000000,1.000000,{"1":214},1.000000,0.000000,0.000000,0.000000,1.000000,0.000000,-1.000000
0.007340854,2,18,read_only,1024,9,1.000000,1.000000,1.000000,{"1":9},1.000000,0.000000,0.000000,0.000000,1.000000,0.000000,-1.000000
0.007340854,2,18,union,1024,9,1.000000,1.000000,1.000000,{"1":9},1.000000,0.000000,0.000000,0.000000,1.000000,0.000000,-1.000000
0.007340854,2,18,snapshot,1024,214,1.000000,1.000000,1.000000,{"1":214},1.000000,0.000000,0.000000,0.000000,1.000000,0.000000,-1.000000
0.007340854,2,18,read_only,4096,9,1.000000,1.000000,1.000000,{"1":9},1.000000,0.000000,0.000000,0.000000,1.000000,0.000000,-1.000000
0.007340854,2,18,union,4096,9,1.000000,1.000000,1.000000,{"1":9},1.000000,0.000000,0.000000,0.000000,1.000000,0.000000,-1.000000
0.007340854,2,18,snapshot,4096,214,1.000000,1.000000,1.000000,{"1":214},1.000000,0.000000,0.000000,0.000000,1.000000,0.000000,-1.000000
0.007340854,2,18,read_only,16384,9,1.000000,1.000000,1.000000,{"1":9},1.000000,0.000000,0.000000,0.000000,1.000000,0.000000,-1.000000
0.007340854,2,18,union,16384,9,1.000000,1.000000,1.000000,{"1":9},1.000000,0.000000,0.000000,0.000000,1.000000,0.000000,-1.000000
0.007340854,2,18,snapshot,16384,214,1.000000,1.000000,1.000000,{"1":214},1.000000,0.000000,0.000000,0.000000,1.000000,0.000000,-1.000000
0.007576810,2,19,union,64,1,1.000000,1.000000,1.000000,{"1":1},1.000000,0.000000,0.000000,0.000000,1.000000,0.000000,-1.000000
0.007576810,2,19,snapshot,64,214,1.000000,1.000000,1.000000,{"1":214},1.000000,0.000000,0.000000,0.000000,1.000000,0.000000,-1.000000
0.007576810,2,19,union,256,1,1.000000,1.000000,1.000000,{"1":1},1.000000,0.000000,0.000000,0.000000,1.000000,0.000000,-1.000000
0.007576810,2,19,snapshot,256,214,1.000000,1.000000,1.000000,{"1":214},1.000000,0.000000,0.000000,0.000000,1.000000,0.000000,-1.000000
0.007576810,2,19,union,1024,1,1.000000,1.000000,1.000000,{"1":1},1.000000,0.000000,0.000000,0.000000,1.000000,0.000000,-1.000000
0.007576810,2,19,snapshot,1024,214,1.000000,1.000000,1.000000,{"1":214},1.000000,0.000000,0.000000,0.000000,1.000000,0.000000,-1.000000
0.007576810,2,19,union,4096,1,1.000000,1.000000,1.000000,{"1":1},1.000000,0.000000,0.000000,0.000000,1.000000,0.000000,-1.000000
0.007576810,2,19,snapshot,4096,214,1.000000,1.000000,1.000000,{"1":214},1.000000,0.000000,0.000000,0.000000,1.000000,0.000000,-1.000000
0.007576810,2,19,union,16384,1,1.000000,1.000000,1.000000,{"1":1},1.000000,0.000000,0.000000,0.000000,1.000000,0.000000,-1.000000
0.007576810,2,19,snapshot,16384,214,1.000000,1.000000,1.000000,{"1":214},1.000000,0.000000,0.000000,0.000000,1.000000,0.000000,-1.000000
0.007812867,2,20,snapshot,64,214,1.000000,1.000000,1.000000,{"1":214},1.000000,0.000000,0.000000,0.000000,1.000000,0.000000,-1.000000
0.007812867,2,20,snapshot,256,214,1.000000,1.000000,1.000000,{"1":214},1.000000,0.000000,0.000000,0.000000,1.000000,0.000000,-1.000000
0.007812867,2,20,snapshot,1024,214,1.000000,1.000000,1.000000,{"1":214},1.000000,0.000000,0.000000,0.000000,1.000000,0.000000,-1.000000
0.007812867,2,20,snapshot,4096,214,1.000000,1.000000,1.000000,{"1":214},1.000000,0.000000,0.000000,0.000000,1.000000,0.000000,-1.000000
0.007812867,2,20,snapshot,16384,214,1.000000,1.000000,1.000000,{"1":214},1.000000,0.000000,0.000000,0.000000,1.000000,0.000000,-1.000000
0.008052688,2,21,snapshot,64,214,1.000000,1.000000,1.000000,{"1":214},1.000000,0.000000,0.000000,0.000000,1.000000,0.000000,-1.000000
0.008052688,2,21,snapshot,256,214,1.000000,1.000000,1.000000,{"1":214},1.000000,0.000000,0.000000,0.000000,1.000000,0.000000,-1.000000
0.008052688,2,21,snapshot,1024,214,1.000000,1.000000,1.000000,{"1":214},1.000000,0.000000,0.000000,0.000000,1.000000,0.000000,-1.000000
0.008052688,2,21,snapshot,4096,214,1.000000,1.000000,1.000000,{"1":214},1.000000,0.000000,0.000000,0.000000,1.000000,0.000000,-1.000000
0.008052688,2,21,snapshot,16384,214,1.000000,1.000000,1.000000,{"1":214},1.000000,0.000000,0.000000,0.000000,1.000000,0.000000,-1.000000
0.008290507,2,22,read_only,64,2,1.000000,1.000000,1.000000,{"1":2},1.000000,0.000000,0.000000,0.000000,1.000000,0.000000,-1.000000
0.008290507,2,22,union,64,2,1.000000,1.000000,1.000000,{"1":2},1.000000,0.000000,0.000000,0.000000,1.000000,0.000000,-1.000000
0.008290507,2,22,snapshot,64,216,1.000000,1.000000,1.000000,{"1":216},1.000000,0.000000,0.000000,0.000000,1.000000,0.000000,-1.000000
0.008290507,2,22,read_only,256,2,1.000000,1.000000,1.000000,{"1":2},1.000000,0.000000,0.000000,0.000000,1.000000,0.000000,-1.000000
0.008290507,2,22,union,256,2,1.000000,1.000000,1.000000,{"1":2},1.000000,0.000000,0.000000,0.000000,1.000000,0.000000,-1.000000
0.008290507,2,22,snapshot,256,216,1.000000,1.000000,1.000000,{"1":216},1.000000,0.000000,0.000000,0.000000,1.000000,0.000000,-1.000000
0.008290507,2,22,read_only,1024,2,1.000000,1.000000,1.000000,{"1":2},1.000000,0.000000,0.000000,0.000000,1.000000,0.000000,-1.000000
0.008290507,2,22,union,1024,2,1.000000,1.000000,1.000000,{"1":2},1.000000,0.000000,0.000000,0.000000,1.000000,0.000000,-1.000000
0.008290507,2,22,snapshot,1024,216,1.000000,1.000000,1.000000,{"1":216},1.000000,0.000000,0.000000,0.000000,1.000000,0.000000,-1.000000
0.008290507,2,22,read_only,4096,2,1.000000,1.000000,1.000000,{"1":2},1.000000,0.000000,0.000000,0.000000,1.000000,0.000000,-1.000000
0.008290507,2,22,union,4096,2,1.000000,1.000000,1.000000,{"1":2},1.000000,0.000000,0.000000,0.000000,1.000000,0.000000,-1.000000
0.008290507,2,22,snapshot,4096,216,1.000000,1.000000,1.000000,{"1":216},1.000000,0.000000,0.000000,0.000000,1.000000,0.000000,-1.000000
0.008290507,2,22,read_only,16384,2,1.000000,1.000000,1.000000,{"1":2},1.000000,0.000000,0.000000,0.000000,1.000000,0.000000,-1.000000
0.008290507,2,22,union,16384,2,1.000000,1.000000,1.000000,{"1":2},1.000000,0.000000,0.000000,0.000000,1.000000,0.000000,-1.000000
0.008290507,2,22,snapshot,16384,216,1.000000,1.000000,1.000000,{"1":216},1.000000,0.000000,0.000000,0.000000,1.000000,0.000000,-1.000000
0.008529017,2,23,snapshot,64,216,1.000000,1.000000,1.000000,{"1":216},1.000000,0.000000,0.000000,0.000000,1.000000,0.000000,-1.000000
0.008529017,2,23,snapshot,256,216,1.000000,1.000000,1.000000,{"1":216},1.000000,0.000000,0.000000,0.000000,1.000000,0.000000,-1.000000
0.008529017,2,23,snapshot,1024,216,1.000000,1.000000,1.000000,{"1":216},1.000000,0.000000,0.000000,0.000000,1.000000,0.000000,-1.000000
0.008529017,2,23,snapshot,4096,216,1.000000,1.000000,1.000000,{"1":216},1.000000,0.000000,0.000000,0.000000,1.000000,0.000000,-1.000000
0.008529017,2,23,snapshot,16384,216,1.000000,1.000000,1.000000,{"1":216},1.000000,0.000000,0.000000,0.000000,1.000000,0.000000,-1.000000
0.008789082,2,24,read_only,64,3,1.000000,1.000000,1.000000,{"1":3},1.000000,0.000000,0.000000,0.000000,1.000000,0.000000,-1.000000
0.008789082,2,24,union,64,5,1.000000,1.000000,1.000000,{"1":5},1.000000,0.000000,0.000000,0.000000,1.000000,0.000000,-1.000000
0.008789082,2,24,snapshot,64,221,1.000000,1.000000,1.000000,{"1":221},1.000000,0.000000,0.000000,0.000000,1.000000,0.000000,-1.000000
0.008789082,2,24,read_only,256,3,1.000000,1.000000,1.000000,{"1":3},1.000000,0.000000,0.000000,0.000000,1.000000,0.000000,-1.000000
0.008789082,2,24,union,256,5,1.000000,1.000000,1.000000,{"1":5},1.000000,0.000000,0.000000,0.000000,1.000000,0.000000,-1.000000
0.008789082,2,24,snapshot,256,221,1.000000,1.000000,1.000000,{"1":221},1.000000,0.000000,0.000000,0.000000,1.000000,0.000000,-1.000000
0.008789082,2,24,read_only,1024,3,1.000000,1.000000,1.000000,{"1":3},1.000000,0.000000,0.000000,0.000000,1.000000,0.000000,-1.000000
0.008789082,2,24,union,1024,5,1.000000,1.000000,1.000000,{"1":5},1.000000,0.000000,0.000000,0.000000,1.000000,0.000000,-1.000000
0.008789082,2,24,snapshot,1024,221,1.000000,1.000000,1.000000,{"1":221},1.000000,0.000000,0.000000,0.000000,1.000000,0.000000,-1.000000
0.008789082,2,24,read_only,4096,3,1.000000,1.000000,1.000000,{"1":3},1.000000,0.000000,0.000000,0.000000,1.000000,0.000000,-1.000000
0.008789082,2,24,union,4096,5,1.000000,1.000000,1.000000,{"1":5},1.000000,0.000000,0.000000,0.000000,1.000000,0.000000,-1.000000
0.008789082,2,24,snapshot,4096,221,1.000000,1.000000,1.000000,{"1":221},1.000000,0.000000,0.000000,0.000000,1.000000,0.000000,-1.000000
0.008789082,2,24,read_only,16384,3,1.000000,1.000000,1.000000,{"1":3},1.000000,0.000000,0.000000,0.000000,1.000000,0.000000,-1.000000
0.008789082,2,24,union,16384,5,1.000000,1.000000,1.000000,{"1":5},1.000000,0.000000,0.000000,0.000000,1.000000,0.000000,-1.000000
0.008789082,2,24,snapshot,16384,221,1.000000,1.000000,1.000000,{"1":221},1.000000,0.000000,0.000000,0.000000,1.000000,0.000000,-1.000000
0.009030431,2,25,snapshot,64,221,1.000000,1.000000,1.000000,{"1":221},1.000000,0.000000,0.000000,0.000000,1.000000,0.000000,-1.000000
0.009030431,2,25,snapshot,256,221,1.000000,1.000000,1.000000,{"1":221},1.000000,0.000000,0.000000,0.000000,1.000000,0.000000,-1.000000
0.009030431,2,25,snapshot,1024,221,1.000000,1.000000,1.000000,{"1":221},1.000000,0.000000,0.000000,0.000000,1.000000,0.000000,-1.000000
0.009030431,2,25,snapshot,4096,221,1.000000,1.000000,1.000000,{"1":221},1.000000,0.000000,0.000000,0.000000,1.000000,0.000000,-1.000000
0.009030431,2,25,snapshot,16384,221,1.000000,1.000000,1.000000,{"1":221},1.000000,0.000000,0.000000,0.000000,1.000000,0.000000,-1.000000
0.009263387,2,26,snapshot,64,221,1.000000,1.000000,1.000000,{"1":221},1.000000,0.000000,0.000000,0.000000,1.000000,0.000000,-1.000000
0.009263387,2,26,snapshot,256,221,1.000000,1.000000,1.000000,{"1":221},1.000000,0.000000,0.000000,0.000000,1.000000,0.000000,-1.000000
0.009263387,2,26,snapshot,1024,221,1.000000,1.000000,1.000000,{"1":221},1.000000,0.000000,0.000000,0.000000,1.000000,0.000000,-1.000000
0.009263387,2,26,snapshot,4096,221,1.000000,1.000000,1.000000,{"1":221},1.000000,0.000000,0.000000,0.000000,1.000000,0.000000,-1.000000
0.009263387,2,26,snapshot,16384,221,1.000000,1.000000,1.000000,{"1":221},1.000000,0.000000,0.000000,0.000000,1.000000,0.000000,-1.000000
0.009861964,2,27,snapshot,64,221,1.000000,1.000000,1.000000,{"1":221},1.000000,0.000000,0.000000,0.000000,1.000000,0.000000,-1.000000
0.009861964,2,27,snapshot,256,221,1.000000,1.000000,1.000000,{"1":221},1.000000,0.000000,0.000000,0.000000,1.000000,0.000000,-1.000000
0.009861964,2,27,snapshot,1024,221,1.000000,1.000000,1.000000,{"1":221},1.000000,0.000000,0.000000,0.000000,1.000000,0.000000,-1.000000
0.009861964,2,27,snapshot,4096,221,1.000000,1.000000,1.000000,{"1":221},1.000000,0.000000,0.000000,0.000000,1.000000,0.000000,-1.000000
0.009861964,2,27,snapshot,16384,221,1.000000,1.000000,1.000000,{"1":221},1.000000,0.000000,0.000000,0.000000,1.000000,0.000000,-1.000000
0.010094727,2,28,snapshot,64,221,1.000000,1.000000,1.000000,{"1":221},1.000000,0.000000,0.000000,0.000000,1.000000,0.000000,-1.000000
0.010094727,2,28,snapshot,256,221,1.000000,1.000000,1.000000,{"1":221},1.000000,0.000000,0.000000,0.000000,1.000000,0.000000,-1.000000
0.010094727,2,28,snapshot,1024,221,1.000000,1.000000,1.000000,{"1":221},1.000000,0.000000,0.000000,0.000000,1.000000,0.000000,-1.000000
0.010094727,2,28,snapshot,4096,221,1.000000,1.000000,1.000000,{"1":221},1.000000,0.000000,0.000000,0.000000,1.000000,0.000000,-1.000000
0.010094727,2,28,snapshot,16384,221,1.000000,1.000000,1.000000,{"1":221},1.000000,0.000000,0.000000,0.000000,1.000000,0.000000,-1.000000
0.010327550,2,29,snapshot,64,221,1.000000,1.000000,1.000000,{"1":221},1.000000,0.000000,0.000000,0.000000,1.000000,0.000000,-1.000000
0.010327550,2,29,snapshot,256,221,1.000000,1.000000,1.000000,{"1":221},1.000000,0.000000,0.000000,0.000000,1.000000,0.000000,-1.000000
0.010327550,2,29,snapshot,1024,221,1.000000,1.000000,1.000000,{"1":221},1.000000,0.000000,0.000000,0.000000,1.000000,0.000000,-1.000000
0.010327550,2,29,snapshot,4096,221,1.000000,1.000000,1.000000,{"1":221},1.000000,0.000000,0.000000,0.000000,1.000000,0.000000,-1.000000
0.010327550,2,29,snapshot,16384,221,1.000000,1.000000,1.000000,{"1":221},1.000000,0.000000,0.000000,0.000000,1.000000,0.000000,-1.000000
0.010561406,2,30,snapshot,64,221,1.000000,1.000000,1.000000,{"1":221},1.000000,0.000000,0.000000,0.000000,1.000000,0.000000,-1.000000
0.010561406,2,30,snapshot,256,221,1.000000,1.000000,1.000000,{"1":221},1.000000,0.000000,0.000000,0.000000,1.000000,0.000000,-1.000000
0.010561406,2,30,snapshot,1024,221,1.000000,1.000000,1.000000,{"1":221},1.000000,0.000000,0.000000,0.000000,1.000000,0.000000,-1.000000
0.010561406,2,30,snapshot,4096,221,1.000000,1.000000,1.000000,{"1":221},1.000000,0.000000,0.000000,0.000000,1.000000,0.000000,-1.000000
0.010561406,2,30,snapshot,16384,221,1.000000,1.000000,1.000000,{"1":221},1.000000,0.000000,0.000000,0.000000,1.000000,0.000000,-1.000000
0.010795393,2,31,snapshot,64,221,1.000000,1.000000,1.000000,{"1":221},1.000000,0.000000,0.000000,0.000000,1.000000,0.000000,-1.000000
0.010795393,2,31,snapshot,256,221,1.000000,1.000000,1.000000,{"1":221},1.000000,0.000000,0.000000,0.000000,1.000000,0.000000,-1.000000
0.010795393,2,31,snapshot,1024,221,1.000000,1.000000,1.000000,{"1":221},1.000000,0.000000,0.000000,0.000000,1.000000,0.000000,-1.000000
0.010795393,2,31,snapshot,4096,221,1.000000,1.000000,1.000000,{"1":221},1.000000,0.000000,0.000000,0.000000,1.000000,0.000000,-1.000000
0.010795393,2,31,snapshot,16384,221,1.000000,1.000000,1.000000,{"1":221},1.000000,0.000000,0.000000,0.000000,1.000000,0.000000,-1.000000
0.011035625,2,32,union,64,1,1.000000,1.000000,1.000000,{"1":1},1.000000,0.000000,0.000000,0.000000,1.000000,0.000000,-1.000000
0.011035625,2,32,snapshot,64,222,1.000000,1.000000,1.000000,{"1":222},1.000000,0.000000,0.000000,0.000000,1.000000,0.000000,-1.000000
0.011035625,2,32,union,256,1,1.000000,1.000000,1.000000,{"1":1},1.000000,0.000000,0.000000,0.000000,1.000000,0.000000,-1.000000
0.011035625,2,32,snapshot,256,222,1.000000,1.000000,1.000000,{"1":222},1.000000,0.000000,0.000000,0.000000,1.000000,0.000000,-1.000000
0.011035625,2,32,union,1024,1,1.000000,1.000000,1.000000,{"1":1},1.000000,0.000000,0.000000,0.000000,1.000000,0.000000,-1.000000
0.011035625,2,32,snapshot,1024,222,1.000000,1.000000,1.000000,{"1":222},1.000000,0.000000,0.000000,0.000000,1.000000,0.000000,-1.000000
0.011035625,2,32,union,4096,1,1.000000,1.000000,1.000000,{"1":1},1.000000,0.000000,0.000000,0.000000,1.000000,0.000000,-1.000000
0.011035625,2,32,snapshot,4096,222,1.000000,1.000000,1.000000,{"1":222},1.000000,0.000000,0.000000,0.000000,1.000000,0.000000,-1.000000
0.011035625,2,32,union,16384,1,1.000000,1.000000,1.000000,{"1":1},1.000000,0.000000,0.000000,0.000000,1.000000,0.000000,-1.000000
0.011035625,2,32,snapshot,16384,222,1.000000,1.000000,1.000000,{"1":222},1.000000,0.000000,0.000000,0.000000,1.000000,0.000000,-1.000000
0.011269724,2,33,snapshot,64,222,1.000000,1.000000,1.000000,{"1":222},1.000000,0.000000,0.000000,0.000000,1.000000,0.000000,-1.000000
0.011269724,2,33,snapshot,256,222,1.000000,1.000000,1.000000,{"1":222},1.000000,0.000000,0.000000,0.000000,1.000000,0.000000,-1.000000
0.011269724,2,33,snapshot,1024,222,1.000000,1.000000,1.000000,{"1":222},1.000000,0.000000,0.000000,0.000000,1.000000,0.000000,-1.000000
0.011269724,2,33,snapshot,4096,222,1.000000,1.000000,1.000000,{"1":222},1.000000,0.000000,0.000000,0.000000,1.000000,0.000000,-1.000000
0.011269724,2,33,snapshot,16384,222,1.000000,1.000000,1.000000,{"1":222},1.000000,0.000000,0.000000,0.000000,1.000000,0.000000,-1.000000
0.011501924,2,34,snapshot,64,222,1.000000,1.000000,1.000000,{"1":222},1.000000,0.000000,0.000000,0.000000,1.000000,0.000000,-1.000000
0.011501924,2,34,snapshot,256,222,1.000000,1.000000,1.000000,{"1":222},1.000000,0.000000,0.000000,0.000000,1.000000,0.000000,-1.000000
0.011501924,2,34,snapshot,1024,222,1.000000,1.000000,1.000000,{"1":222},1.000000,0.000000,0.000000,0.000000,1.000000,0.000000,-1.000000
0.011501924,2,34,snapshot,4096,222,1.000000,1.000000,1.000000,{"1":222},1.000000,0.000000,0.000000,0.000000,1.000000,0.000000,-1.000000
0.011501924,2,34,snapshot,16384,222,1.000000,1.000000,1.000000,{"1":222},1.000000,0.000000,0.000000,0.000000,1.000000,0.000000,-1.000000
0.011813393,2,35,snapshot,64,222,1.000000,1.000000,1.000000,{"1":222},1.000000,0.000000,0.000000,0.000000,1.000000,0.000000,-1.000000
0.011813393,2,35,snapshot,256,222,1.000000,1.000000,1.000000,{"1":222},1.000000,0.000000,0.000000,0.000000,1.000000,0.000000,-1.000000
0.011813393,2,35,snapshot,1024,222,1.000000,1.000000,1.000000,{"1":222},1.000000,0.000000,0.000000,0.000000,1.000000,0.000000,-1.000000
0.011813393,2,35,snapshot,4096,222,1.000000,1.000000,1.000000,{"1":222},1.000000,0.000000,0.000000,0.000000,1.000000,0.000000,-1.000000
0.011813393,2,35,snapshot,16384,222,1.000000,1.000000,1.000000,{"1":222},1.000000,0.000000,0.000000,0.000000,1.000000,0.000000,-1.000000
0.012046142,2,36,snapshot,64,222,1.000000,1.000000,1.000000,{"1":222},1.000000,0.000000,0.000000,0.000000,1.000000,0.000000,-1.000000
0.012046142,2,36,snapshot,256,222,1.000000,1.000000,1.000000,{"1":222},1.000000,0.000000,0.000000,0.000000,1.000000,0.000000,-1.000000
0.012046142,2,36,snapshot,1024,222,1.000000,1.000000,1.000000,{"1":222},1.000000,0.000000,0.000000,0.000000,1.000000,0.000000,-1.000000
0.012046142,2,36,snapshot,4096,222,1.000000,1.000000,1.000000,{"1":222},1.000000,0.000000,0.000000,0.000000,1.000000,0.000000,-1.000000
0.012046142,2,36,snapshot,16384,222,1.000000,1.000000,1.000000,{"1":222},1.000000,0.000000,0.000000,0.000000,1.000000,0.000000,-1.000000
0.012279516,2,37,snapshot,64,222,1.000000,1.000000,1.000000,{"1":222},1.000000,0.000000,0.000000,0.000000,1.000000,0.000000,-1.000000
0.012279516,2,37,snapshot,256,222,1.000000,1.000000,1.000000,{"1":222},1.000000,0.000000,0.000000,0.000000,1.000000,0.000000,-1.000000
0.012279516,2,37,snapshot,1024,222,1.000000,1.000000,1.000000,{"1":222},1.000000,0.000000,0.000000,0.000000,1.000000,0.000000,-1.000000
0.012279516,2,37,snapshot,4096,222,1.000000,1.000000,1.000000,{"1":222},1.000000,0.000000,0.000000,0.000000,1.000000,0.000000,-1.000000
0.012279516,2,37,snapshot,16384,222,1.000000,1.000000,1.000000,{"1":222},1.000000,0.000000,0.000000,0.000000,1.000000,0.000000,-1.000000
0.012512800,2,38,snapshot,64,222,1.000000,1.000000,1.000000,{"1":222},1.000000,0.000000,0.000000,0.000000,1.000000,0.000000,-1.000000
0.012512800,2,38,snapshot,256,222,1.000000,1.000000,1.000000,{"1":222},1.000000,0.000000,0.000000,0.000000,1.000000,0.000000,-1.000000
0.012512800,2,38,snapshot,1024,222,1.000000,1.000000,1.000000,{"1":222},1.000000,0.000000,0.000000,0.000000,1.000000,0.000000,-1.000000
0.012512800,2,38,snapshot,4096,222,1.000000,1.000000,1.000000,{"1":222},1.000000,0.000000,0.000000,0.000000,1.000000,0.000000,-1.000000
0.012512800,2,38,snapshot,16384,222,1.000000,1.000000,1.000000,{"1":222},1.000000,0.000000,0.000000,0.000000,1.000000,0.000000,-1.000000
0.012745045,2,39,snapshot,64,222,1.000000,1.000000,1.000000,{"1":222},1.000000,0.000000,0.000000,0.000000,1.000000,0.000000,-1.000000
0.012745045,2,39,snapshot,256,222,1.000000,1.000000,1.000000,{"1":222},1.000000,0.000000,0.000000,0.000000,1.000000,0.000000,-1.000000
0.012745045,2,39,snapshot,1024,222,1.000000,1.000000,1.000000,{"1":222},1.000000,0.000000,0.000000,0.000000,1.000000,0.000000,-1.000000
0.012745045,2,39,snapshot,4096,222,1.000000,1.000000,1.000000,{"1":222},1.000000,0.000000,0.000000,0.000000,1.000000,0.000000,-1.000000
0.012745045,2,39,snapshot,16384,222,1.000000,1.000000,1.000000,{"1":222},1.000000,0.000000,0.000000,0.000000,1.000000,0.000000,-1.000000
0.012981056,2,40,snapshot,64,222,1.000000,1.000000,1.000000,{"1":222},1.000000,0.000000,0.000000,0.000000,1.000000,0.000000,-1.000000
0.012981056,2,40,snapshot,256,222,1.000000,1.000000,1.000000,{"1":222},1.000000,0.000000,0.000000,0.000000,1.000000,0.000000,-1.000000
0.012981056,2,40,snapshot,1024,222,1.000000,1.000000,1.000000,{"1":222},1.000000,0.000000,0.000000,0.000000,1.000000,0.000000,-1.000000
0.012981056,2,40,snapshot,4096,222,1.000000,1.000000,1.000000,{"1":222},1.000000,0.000000,0.000000,0.000000,1.000000,0.000000,-1.000000
0.012981056,2,40,snapshot,16384,222,1.000000,1.000000,1.000000,{"1":222},1.000000,0.000000,0.000000,0.000000,1.000000,0.000000,-1.000000
0.013214378,2,41,snapshot,64,222,1.000000,1.000000,1.000000,{"1":222},1.000000,0.000000,0.000000,0.000000,1.000000,0.000000,-1.000000
0.013214378,2,41,snapshot,256,222,1.000000,1.000000,1.000000,{"1":222},1.000000,0.000000,0.000000,0.000000,1.000000,0.000000,-1.000000
0.013214378,2,41,snapshot,1024,222,1.000000,1.000000,1.000000,{"1":222},1.000000,0.000000,0.000000,0.000000,1.000000,0.000000,-1.000000
0.013214378,2,41,snapshot,4096,222,1.000000,1.000000,1.000000,{"1":222},1.000000,0.000000,0.000000,0.000000,1.000000,0.000000,-1.000000
0.013214378,2,41,snapshot,16384,222,1.000000,1.000000,1.000000,{"1":222},1.000000,0.000000,0.000000,0.000000,1.000000,0.000000,-1.000000
0.013449626,2,42,snapshot,64,222,1.000000,1.000000,1.000000,{"1":222},1.000000,0.000000,0.000000,0.000000,1.000000,0.000000,-1.000000
0.013449626,2,42,snapshot,256,222,1.000000,1.000000,1.000000,{"1":222},1.000000,0.000000,0.000000,0.000000,1.000000,0.000000,-1.000000
0.013449626,2,42,snapshot,1024,222,1.000000,1.000000,1.000000,{"1":222},1.000000,0.000000,0.000000,0.000000,1.000000,0.000000,-1.000000
0.013449626,2,42,snapshot,4096,222,1.000000,1.000000,1.000000,{"1":222},1.000000,0.000000,0.000000,0.000000,1.000000,0.000000,-1.000000
0.013449626,2,42,snapshot,16384,222,1.000000,1.000000,1.000000,{"1":222},1.000000,0.000000,0.000000,0.000000,1.000000,0.000000,-1.000000
0.013700361,2,43,snapshot,64,222,1.000000,1.000000,1.000000,{"1":222},1.000000,0.000000,0.000000,0.000000,1.000000,0.000000,-1.000000
0.013700361,2,43,snapshot,256,222,1.000000,1.000000,1.000000,{"1":222},1.000000,0.000000,0.000000,0.000000,1.000000,0.000000,-1.000000
0.013700361,2,43,snapshot,1024,222,1.000000,1.000000,1.000000,{"1":222},1.000000,0.000000,0.000000,0.000000,1.000000,0.000000,-1.000000
0.013700361,2,43,snapshot,4096,222,1.000000,1.000000,1.000000,{"1":222},1.000000,0.000000,0.000000,0.000000,1.000000,0.000000,-1.000000
0.013700361,2,43,snapshot,16384,222,1.000000,1.000000,1.000000,{"1":222},1.000000,0.000000,0.000000,0.000000,1.000000,0.000000,-1.000000
0.013932618,2,44,snapshot,64,222,1.000000,1.000000,1.000000,{"1":222},1.000000,0.000000,0.000000,0.000000,1.000000,0.000000,-1.000000
0.013932618,2,44,snapshot,256,222,1.000000,1.000000,1.000000,{"1":222},1.000000,0.000000,0.000000,0.000000,1.000000,0.000000,-1.000000
0.013932618,2,44,snapshot,1024,222,1.000000,1.000000,1.000000,{"1":222},1.000000,0.000000,0.000000,0.000000,1.000000,0.000000,-1.000000
0.013932618,2,44,snapshot,4096,222,1.000000,1.000000,1.000000,{"1":222},1.000000,0.000000,0.000000,0.000000,1.000000,0.000000,-1.000000
0.013932618,2,44,snapshot,16384,222,1.000000,1.000000,1.000000,{"1":222},1.000000,0.000000,0.000000,0.000000,1.000000,0.000000,-1.000000
0.014213931,2,45,snapshot,64,222,1.000000,1.000000,1.000000,{"1":222},1.000000,0.000000,0.000000,0.000000,1.000000,0.000000,-1.000000
0.014213931,2,45,snapshot,256,222,1.000000,1.000000,1.000000,{"1":222},1.000000,0.000000,0.000000,0.000000,1.000000,0.000000,-1.000000
0.014213931,2,45,snapshot,1024,222,1.000000,1.000000,1.000000,{"1":222},1.000000,0.000000,0.000000,0.000000,1.000000,0.000000,-1.000000
0.014213931,2,45,snapshot,4096,222,1.000000,1.000000,1.000000,{"1":222},1.000000,0.000000,0.000000,0.000000,1.000000,0.000000,-1.000000
0.014213931,2,45,snapshot,16384,222,1.000000,1.000000,1.000000,{"1":222},1.000000,0.000000,0.000000,0.000000,1.000000,0.000000,-1.000000
0.014447329,2,46,snapshot,64,222,1.000000,1.000000,1.000000,{"1":222},1.000000,0.000000,0.000000,0.000000,1.000000,0.000000,-1.000000
0.014447329,2,46,snapshot,256,222,1.000000,1.000000,1.000000,{"1":222},1.000000,0.000000,0.000000,0.000000,1.000000,0.000000,-1.000000
0.014447329,2,46,snapshot,1024,222,1.000000,1.000000,1.000000,{"1":222},1.000000,0.000000,0.000000,0.000000,1.000000,0.000000,-1.000000
0.014447329,2,46,snapshot,4096,222,1.000000,1.000000,1.000000,{"1":222},1.000000,0.000000,0.000000,0.000000,1.000000,0.000000,-1.000000
0.014447329,2,46,snapshot,16384,222,1.000000,1.000000,1.000000,{"1":222},1.000000,0.000000,0.000000,0.000000,1.000000,0.000000,-1.000000
0.020390898,2,69,read_only,64,1,1.000000,1.000000,1.000000,{"1":1},1.000000,0.000000,0.000000,0.000000,1.000000,0.000000,-1.000000
0.020390898,2,69,union,64,3,1.000000,1.000000,1.000000,{"1":3},1.000000,0.000000,0.000000,0.000000,1.000000,0.000000,-1.000000
0.020390898,2,69,snapshot,64,3,1.000000,1.000000,1.000000,{"1":3},1.000000,0.000000,0.000000,0.000000,1.000000,0.000000,-1.000000
0.020390898,2,69,read_only,256,1,1.000000,1.000000,1.000000,{"1":1},1.000000,0.000000,0.000000,0.000000,1.000000,0.000000,-1.000000
0.020390898,2,69,union,256,3,1.000000,1.000000,1.000000,{"1":3},1.000000,0.000000,0.000000,0.000000,1.000000,0.000000,-1.000000
0.020390898,2,69,snapshot,256,3,1.000000,1.000000,1.000000,{"1":3},1.000000,0.000000,0.000000,0.000000,1.000000,0.000000,-1.000000
0.020390898,2,69,read_only,1024,1,1.000000,1.000000,1.000000,{"1":1},1.000000,0.000000,0.000000,0.000000,1.000000,0.000000,-1.000000
0.020390898,2,69,union,1024,3,1.000000,1.000000,1.000000,{"1":3},1.000000,0.000000,0.000000,0.000000,1.000000,0.000000,-1.000000
0.020390898,2,69,snapshot,1024,3,1.000000,1.000000,1.000000,{"1":3},1.000000,0.000000,0.000000,0.000000,1.000000,0.000000,-1.000000
0.020390898,2,69,read_only,4096,1,1.000000,1.000000,1.000000,{"1":1},1.000000,0.000000,0.000000,0.000000,1.000000,0.000000,-1.000000
0.020390898,2,69,union,4096,3,1.000000,1.000000,1.000000,{"1":3},1.000000,0.000000,0.000000,0.000000,1.000000,0.000000,-1.000000
0.020390898,2,69,snapshot,4096,3,1.000000,1.000000,1.000000,{"1":3},1.000000,0.000000,0.000000,0.000000,1.000000,0.000000,-1.000000
0.020390898,2,69,read_only,16384,1,1.000000,1.000000,1.000000,{"1":1},1.000000,0.000000,0.000000,0.000000,1.000000,0.000000,-1.000000
0.020390898,2,69,union,16384,3,1.000000,1.000000,1.000000,{"1":3},1.000000,0.000000,0.000000,0.000000,1.000000,0.000000,-1.000000
0.020390898,2,69,snapshot,16384,3,1.000000,1.000000,1.000000,{"1":3},1.000000,0.000000,0.000000,0.000000,1.000000,0.000000,-1.000000
0.020717620,2,70,snapshot,64,3,1.000000,1.000000,1.000000,{"1":3},1.000000,0.000000,0.000000,0.000000,1.000000,0.000000,-1.000000
0.020717620,2,70,snapshot,256,3,1.000000,1.000000,1.000000,{"1":3},1.000000,0.000000,0.000000,0.000000,1.000000,0.000000,-1.000000
0.020717620,2,70,snapshot,1024,3,1.000000,1.000000,1.000000,{"1":3},1.000000,0.000000,0.000000,0.000000,1.000000,0.000000,-1.000000
0.020717620,2,70,snapshot,4096,3,1.000000,1.000000,1.000000,{"1":3},1.000000,0.000000,0.000000,0.000000,1.000000,0.000000,-1.000000
0.020717620,2,70,snapshot,16384,3,1.000000,1.000000,1.000000,{"1":3},1.000000,0.000000,0.000000,0.000000,1.000000,0.000000,-1.000000
0.020950652,2,71,snapshot,64,3,1.000000,1.000000,1.000000,{"1":3},1.000000,0.000000,0.000000,0.000000,1.000000,0.000000,-1.000000
0.020950652,2,71,snapshot,256,3,1.000000,1.000000,1.000000,{"1":3},1.000000,0.000000,0.000000,0.000000,1.000000,0.000000,-1.000000
0.020950652,2,71,snapshot,1024,3,1.000000,1.000000,1.000000,{"1":3},1.000000,0.000000,0.000000,0.000000,1.000000,0.000000,-1.000000
0.020950652,2,71,snapshot,4096,3,1.000000,1.000000,1.000000,{"1":3},1.000000,0.000000,0.000000,0.000000,1.000000,0.000000,-1.000000
0.020950652,2,71,snapshot,16384,3,1.000000,1.000000,1.000000,{"1":3},1.000000,0.000000,0.000000,0.000000,1.000000,0.000000,-1.000000
0.021212281,2,72,read_only,64,2,1.000000,1.000000,1.000000,{"1":2},1.000000,0.000000,0.000000,0.000000,1.000000,0.000000,-1.000000
0.021212281,2,72,union,64,3,1.000000,1.000000,1.000000,{"1":3},1.000000,0.000000,0.000000,0.000000,1.000000,0.000000,-1.000000
0.021212281,2,72,snapshot,64,3,1.000000,1.000000,1.000000,{"1":3},1.000000,0.000000,0.000000,0.000000,1.000000,0.000000,-1.000000
0.021212281,2,72,read_only,256,2,1.000000,1.000000,1.000000,{"1":2},1.000000,0.000000,0.000000,0.000000,1.000000,0.000000,-1.000000
0.021212281,2,72,union,256,3,1.000000,1.000000,1.000000,{"1":3},1.000000,0.000000,0.000000,0.000000,1.000000,0.000000,-1.000000
0.021212281,2,72,snapshot,256,3,1.000000,1.000000,1.000000,{"1":3},1.000000,0.000000,0.000000,0.000000,1.000000,0.000000,-1.000000
0.021212281,2,72,read_only,1024,2,1.000000,1.000000,1.000000,{"1":2},1.000000,0.000000,0.000000,0.000000,1.000000,0.000000,-1.000000
0.021212281,2,72,union,1024,3,1.000000,1.000000,1.000000,{"1":3},1.000000,0.000000,0.000000,0.000000,1.000000,0.000000,-1.000000
0.021212281,2,72,snapshot,1024,3,1.000000,1.000000,1.000000,{"1":3},1.000000,0.000000,0.000000,0.000000,1.000000,0.000000,-1.000000
0.021212281,2,72,read_only,4096,2,1.000000,1.000000,1.000000,{"1":2},1.000000,0.000000,0.000000,0.000000,1.000000,0.000000,-1.000000
0.021212281,2,72,union,4096,3,1.000000,1.000000,1.000000,{"1":3},1.000000,0.000000,0.000000,0.000000,1.000000,0.000000,-1.000000
0.021212281,2,72,snapshot,4096,3,1.000000,1.000000,1.000000,{"1":3},1.000000,0.000000,0.000000,0.000000,1.000000,0.000000,-1.000000
0.021212281,2,72,read_only,16384,2,1.000000,1.000000,1.000000,{"1":2},1.000000,0.000000,0.000000,0.000000,1.000000,0.000000,-1.000000
0.021212281,2,72,union,16384,3,1.000000,1.000000,1.000000,{"1":3},1.000000,0.000000,0.000000,0.000000,1.000000,0.000000,-1.000000
0.021212281,2,72,snapshot,16384,3,1.000000,1.000000,1.000000,{"1":3},1.000000,0.000000,0.000000,0.000000,1.000000,0.000000,-1.000000
0.021451843,2,73,snapshot,64,3,1.000000,1.000000,1.000000,{"1":3},1.000000,0.000000,0.000000,0.000000,1.000000,0.000000,-1.000000
0.021451843,2,73,snapshot,256,3,1.000000,1.000000,1.000000,{"1":3},1.000000,0.000000,0.000000,0.000000,1.000000,0.000000,-1.000000
0.021451843,2,73,snapshot,1024,3,1.000000,1.000000,1.000000,{"1":3},1.000000,0.000000,0.000000,0.000000,1.000000,0.000000,-1.000000
0.021451843,2,73,snapshot,4096,3,1.000000,1.000000,1.000000,{"1":3},1.000000,0.000000,0.000000,0.000000,1.000000,0.000000,-1.000000
0.021451843,2,73,snapshot,16384,3,1.000000,1.000000,1.000000,{"1":3},1.000000,0.000000,0.000000,0.000000,1.000000,0.000000,-1.000000
0.021789470,2,74,read_only,64,2,1.000000,1.000000,1.000000,{"1":2},1.000000,0.000000,0.000000,0.000000,1.000000,0.000000,-1.000000
0.021789470,2,74,union,64,4,1.000000,1.000000,1.000000,{"1":4},1.000000,0.000000,0.000000,0.000000,1.000000,0.000000,-1.000000
0.021789470,2,74,snapshot,64,7,1.000000,1.000000,1.000000,{"1":7},1.000000,0.000000,0.000000,0.000000,1.000000,0.000000,-1.000000
0.021789470,2,74,read_only,256,2,1.000000,1.000000,1.000000,{"1":2},1.000000,0.000000,0.000000,0.000000,1.000000,0.000000,-1.000000
0.021789470,2,74,union,256,4,1.000000,1.000000,1.000000,{"1":4},1.000000,0.000000,0.000000,0.000000,1.000000,0.000000,-1.000000
0.021789470,2,74,snapshot,256,7,1.000000,1.000000,1.000000,{"1":7},1.000000,0.000000,0.000000,0.000000,1.000000,0.000000,-1.000000
0.021789470,2,74,read_only,1024,2,1.000000,1.000000,1.000000,{"1":2},1.000000,0.000000,0.000000,0.000000,1.000000,0.000000,-1.000000
0.021789470,2,74,union,1024,4,1.000000,1.000000,1.000000,{"1":4},1.000000,0.000000,0.000000,0.000000,1.000000,0.000000,-1.000000
0.021789470,2,74,snapshot,1024,7,1.000000,1.000000,1.000000,{"1":7},1.000000,0.000000,0.000000,0.000000,1.000000,0.000000,-1.000000
0.021789470,2,74,read_only,4096,2,1.000000,1.000000,1.000000,{"1":2},1.000000,0.000000,0.000000,0.000000,1.000000,0.000000,-1.000000
0.021789470,2,74,union,4096,4,1.000000,1.000000,1.000000,{"1":4},1.000000,0.000000,0.000000,0.000000,1.000000,0.000000,-1.000000
0.021789470,2,74,snapshot,4096,7,1.000000,1.000000,1.000000,{"1":7},1.000000,0.000000,0.000000,0.000000,1.000000,0.000000,-1.000000
0.021789470,2,74,read_only,16384,2,1.000000,1.000000,1.000000,{"1":2},1.000000,0.000000,0.000000,0.000000,1.000000,0.000000,-1.000000
0.021789470,2,74,union,16384,4,1.000000,1.000000,1.000000,{"1":4},1.000000,0.000000,0.000000,0.000000,1.000000,0.000000,-1.000000
0.021789470,2,74,snapshot,16384,7,1.000000,1.000000,1.000000,{"1":7},1.000000,0.000000,0.000000,0.000000,1.000000,0.000000,-1.000000
0.022035411,2,75,read_only,64,1,1.000000,1.000000,1.000000,{"1":1},1.000000,0.000000,0.000000,0.000000,1.000000,0.000000,-1.000000
0.022035411,2,75,union,64,1,1.000000,1.000000,1.000000,{"1":1},1.000000,0.000000,0.000000,0.000000,1.000000,0.000000,-1.000000
0.022035411,2,75,snapshot,64,8,1.000000,1.000000,1.000000,{"1":8},1.000000,0.000000,0.000000,0.000000,1.000000,0.000000,-1.000000
0.022035411,2,75,read_only,256,1,1.000000,1.000000,1.000000,{"1":1},1.000000,0.000000,0.000000,0.000000,1.000000,0.000000,-1.000000
0.022035411,2,75,union,256,1,1.000000,1.000000,1.000000,{"1":1},1.000000,0.000000,0.000000,0.000000,1.000000,0.000000,-1.000000
0.022035411,2,75,snapshot,256,8,1.000000,1.000000,1.000000,{"1":8},1.000000,0.000000,0.000000,0.000000,1.000000,0.000000,-1.000000
0.022035411,2,75,read_only,1024,1,1.000000,1.000000,1.000000,{"1":1},1.000000,0.000000,0.000000,0.000000,1.000000,0.000000,-1.000000
0.022035411,2,75,union,1024,1,1.000000,1.000000,1.000000,{"1":1},1.000000,0.000000,0.000000,0.000000,1.000000,0.000000,-1.000000
0.022035411,2,75,snapshot,1024,8,1.000000,1.000000,1.000000,{"1":8},1.000000,0.000000,0.000000,0.000000,1.000000,0.000000,-1.000000
0.022035411,2,75,read_only,4096,1,1.000000,1.000000,1.000000,{"1":1},1.000000,0.000000,0.000000,0.000000,1.000000,0.000000,-1.000000
0.022035411,2,75,union,4096,1,1.000000,1.000000,1.000000,{"1":1},1.000000,0.000000,0.000000,0.000000,1.000000,0.000000,-1.000000
0.022035411,2,75,snapshot,4096,8,1.000000,1.000000,1.000000,{"1":8},1.000000,0.000000,0.000000,0.000000,1.000000,0.000000,-1.000000
0.022035411,2,75,read_only,16384,1,1.000000,1.000000,1.000000,{"1":1},1.000000,0.000000,0.000000,0.000000,1.000000,0.000000,-1.000000
0.022035411,2,75,union,16384,1,1.000000,1.000000,1.000000,{"1":1},1.000000,0.000000,0.000000,0.000000,1.000000,0.000000,-1.000000
0.022035411,2,75,snapshot,16384,8,1.000000,1.000000,1.000000,{"1":8},1.000000,0.000000,0.000000,0.000000,1.000000,0.000000,-1.000000
0.022302290,2,76,snapshot,64,8,1.000000,1.000000,1.000000,{"1":8},1.000000,0.000000,0.000000,0.000000,1.000000,0.000000,-1.000000
0.022302290,2,76,snapshot,256,8,1.000000,1.000000,1.000000,{"1":8},1.000000,0.000000,0.000000,0.000000,1.000000,0.000000,-1.000000
0.022302290,2,76,snapshot,1024,8,1.000000,1.000000,1.000000,{"1":8},1.000000,0.000000,0.000000,0.000000,1.000000,0.000000,-1.000000
0.022302290,2,76,snapshot,4096,8,1.000000,1.000000,1.000000,{"1":8},1.000000,0.000000,0.000000,0.000000,1.000000,0.000000,-1.000000
0.022302290,2,76,snapshot,16384,8,1.000000,1.000000,1.000000,{"1":8},1.000000,0.000000,0.000000,0.000000,1.000000,0.000000,-1.000000
0.022618974,2,77,read_only,64,8,1.000000,1.000000,1.000000,{"1":7,"2":1},0.875000,0.125000,0.000000,0.000000,0.875000,0.125000,1.000000
0.022618974,2,77,union,64,10,1.000000,1.000000,1.000000,{"1":9,"2":1},0.900000,0.100000,0.000000,0.000000,0.900000,0.100000,1.000000
0.022618974,2,77,snapshot,64,18,1.000000,1.000000,1.000000,{"1":17,"2":1},0.944444,0.055556,0.000000,0.000000,0.944444,0.055556,1.000000
0.022618974,2,77,read_only,256,8,1.000000,1.000000,1.000000,{"1":7,"2":1},0.875000,0.125000,0.000000,0.000000,0.875000,0.125000,1.000000
0.022618974,2,77,union,256,10,1.000000,1.000000,1.000000,{"1":9,"2":1},0.900000,0.100000,0.000000,0.000000,0.900000,0.100000,1.000000
0.022618974,2,77,snapshot,256,18,1.000000,1.000000,1.000000,{"1":17,"2":1},0.944444,0.055556,0.000000,0.000000,0.944444,0.055556,1.000000
0.022618974,2,77,read_only,1024,8,1.000000,1.000000,1.000000,{"1":7,"2":1},0.875000,0.125000,0.000000,0.000000,0.875000,0.125000,1.000000
0.022618974,2,77,union,1024,10,1.000000,1.000000,1.000000,{"1":9,"2":1},0.900000,0.100000,0.000000,0.000000,0.900000,0.100000,1.000000
0.022618974,2,77,snapshot,1024,18,1.000000,1.000000,1.000000,{"1":17,"2":1},0.944444,0.055556,0.000000,0.000000,0.944444,0.055556,1.000000
0.022618974,2,77,read_only,4096,8,1.000000,1.000000,1.000000,{"1":7,"2":1},0.875000,0.125000,0.000000,0.000000,0.875000,0.125000,1.000000
0.022618974,2,77,union,4096,10,1.000000,1.000000,1.000000,{"1":9,"2":1},0.900000,0.100000,0.000000,0.000000,0.900000,0.100000,1.000000
0.022618974,2,77,snapshot,4096,18,1.000000,1.000000,1.000000,{"1":17,"2":1},0.944444,0.055556,0.000000,0.000000,0.944444,0.055556,1.000000
0.022618974,2,77,read_only,16384,8,1.000000,1.000000,1.000000,{"1":7,"2":1},0.875000,0.125000,0.000000,0.000000,0.875000,0.125000,1.000000
0.022618974,2,77,union,16384,10,1.000000,1.000000,1.000000,{"1":9,"2":1},0.900000,0.100000,0.000000,0.000000,0.900000,0.100000,1.000000
0.022618974,2,77,snapshot,16384,18,1.000000,1.000000,1.000000,{"1":17,"2":1},0.944444,0.055556,0.000000,0.000000,0.944444,0.055556,1.000000
0.022852120,2,78,snapshot,64,18,1.000000,1.000000,1.000000,{"1":17,"2":1},0.944444,0.055556,0.000000,0.000000,0.944444,0.055556,1.000000
0.022852120,2,78,snapshot,256,18,1.000000,1.000000,1.000000,{"1":17,"2":1},0.944444,0.055556,0.000000,0.000000,0.944444,0.055556,1.000000
0.022852120,2,78,snapshot,1024,18,1.000000,1.000000,1.000000,{"1":17,"2":1},0.944444,0.055556,0.000000,0.000000,0.944444,0.055556,1.000000
0.022852120,2,78,snapshot,4096,18,1.000000,1.000000,1.000000,{"1":17,"2":1},0.944444,0.055556,0.000000,0.000000,0.944444,0.055556,1.000000
0.022852120,2,78,snapshot,16384,18,1.000000,1.000000,1.000000,{"1":17,"2":1},0.944444,0.055556,0.000000,0.000000,0.944444,0.055556,1.000000
0.023088402,2,79,read_only,64,8,1.000000,1.000000,1.000000,{"1":8},1.000000,0.000000,0.000000,0.000000,1.000000,0.000000,-1.000000
0.023088402,2,79,union,64,10,1.000000,1.000000,1.000000,{"1":10},1.000000,0.000000,0.000000,0.000000,1.000000,0.000000,-1.000000
0.023088402,2,79,snapshot,64,28,1.000000,1.000000,1.000000,{"1":27,"2":1},0.964286,0.035714,0.000000,0.000000,0.964286,0.035714,1.000000
0.023088402,2,79,read_only,256,8,1.000000,1.000000,1.000000,{"1":8},1.000000,0.000000,0.000000,0.000000,1.000000,0.000000,-1.000000
0.023088402,2,79,union,256,10,1.000000,1.000000,1.000000,{"1":10},1.000000,0.000000,0.000000,0.000000,1.000000,0.000000,-1.000000
0.023088402,2,79,snapshot,256,28,1.000000,1.000000,1.000000,{"1":27,"2":1},0.964286,0.035714,0.000000,0.000000,0.964286,0.035714,1.000000
0.023088402,2,79,read_only,1024,8,1.000000,1.000000,1.000000,{"1":8},1.000000,0.000000,0.000000,0.000000,1.000000,0.000000,-1.000000
0.023088402,2,79,union,1024,10,1.000000,1.000000,1.000000,{"1":10},1.000000,0.000000,0.000000,0.000000,1.000000,0.000000,-1.000000
0.023088402,2,79,snapshot,1024,28,1.000000,1.000000,1.000000,{"1":27,"2":1},0.964286,0.035714,0.000000,0.000000,0.964286,0.035714,1.000000
0.023088402,2,79,read_only,4096,8,1.000000,1.000000,1.000000,{"1":8},1.000000,0.000000,0.000000,0.000000,1.000000,0.000000,-1.000000
0.023088402,2,79,union,4096,10,1.000000,1.000000,1.000000,{"1":10},1.000000,0.000000,0.000000,0.000000,1.000000,0.000000,-1.000000
0.023088402,2,79,snapshot,4096,28,1.000000,1.000000,1.000000,{"1":27,"2":1},0.964286,0.035714,0.000000,0.000000,0.964286,0.035714,1.000000
0.023088402,2,79,read_only,16384,8,1.000000,1.000000,1.000000,{"1":8},1.000000,0.000000,0.000000,0.000000,1.000000,0.000000,-1.000000
0.023088402,2,79,union,16384,10,1.000000,1.000000,1.000000,{"1":10},1.000000,0.000000,0.000000,0.000000,1.000000,0.000000,-1.000000
0.023088402,2,79,snapshot,16384,28,1.000000,1.000000,1.000000,{"1":27,"2":1},0.964286,0.035714,0.000000,0.000000,0.964286,0.035714,1.000000
0.023325394,2,80,read_only,64,2,1.000000,1.000000,1.000000,{"1":2},1.000000,0.000000,0.000000,0.000000,1.000000,0.000000,-1.000000
0.023325394,2,80,union,64,4,1.000000,1.000000,1.000000,{"1":4},1.000000,0.000000,0.000000,0.000000,1.000000,0.000000,-1.000000
0.023325394,2,80,snapshot,64,30,1.000000,1.000000,1.000000,{"1":29,"2":1},0.966667,0.033333,0.000000,0.000000,0.966667,0.033333,1.000000
0.023325394,2,80,read_only,256,2,1.000000,1.000000,1.000000,{"1":2},1.000000,0.000000,0.000000,0.000000,1.000000,0.000000,-1.000000
0.023325394,2,80,union,256,4,1.000000,1.000000,1.000000,{"1":4},1.000000,0.000000,0.000000,0.000000,1.000000,0.000000,-1.000000
0.023325394,2,80,snapshot,256,30,1.000000,1.000000,1.000000,{"1":29,"2":1},0.966667,0.033333,0.000000,0.000000,0.966667,0.033333,1.000000
0.023325394,2,80,read_only,1024,2,1.000000,1.000000,1.000000,{"1":2},1.000000,0.000000,0.000000,0.000000,1.000000,0.000000,-1.000000
0.023325394,2,80,union,1024,4,1.000000,1.000000,1.000000,{"1":4},1.000000,0.000000,0.000000,0.000000,1.000000,0.000000,-1.000000
0.023325394,2,80,snapshot,1024,30,1.000000,1.000000,1.000000,{"1":29,"2":1},0.966667,0.033333,0.000000,0.000000,0.966667,0.033333,1.000000
0.023325394,2,80,read_only,4096,2,1.000000,1.000000,1.000000,{"1":2},1.000000,0.000000,0.000000,0.000000,1.000000,0.000000,-1.000000
0.023325394,2,80,union,4096,4,1.000000,1.000000,1.000000,{"1":4},1.000000,0.000000,0.000000,0.000000,1.000000,0.000000,-1.000000
0.023325394,2,80,snapshot,4096,30,1.000000,1.000000,1.000000,{"1":29,"2":1},0.966667,0.033333,0.000000,0.000000,0.966667,0.033333,1.000000
0.023325394,2,80,read_only,16384,2,1.000000,1.000000,1.000000,{"1":2},1.000000,0.000000,0.000000,0.000000,1.000000,0.000000,-1.000000
0.023325394,2,80,union,16384,4,1.000000,1.000000,1.000000,{"1":4},1.000000,0.000000,0.000000,0.000000,1.000000,0.000000,-1.000000
0.023325394,2,80,snapshot,16384,30,1.000000,1.000000,1.000000,{"1":29,"2":1},0.966667,0.033333,0.000000,0.000000,0.966667,0.033333,1.000000
0.023758316,2,81,read_only,64,8,1.000000,1.000000,1.000000,{"1":8},1.000000,0.000000,0.000000,0.000000,1.000000,0.000000,-1.000000
0.023758316,2,81,union,64,13,1.000000,1.000000,1.000000,{"1":13},1.000000,0.000000,0.000000,0.000000,1.000000,0.000000,-1.000000
0.023758316,2,81,snapshot,64,43,1.000000,1.000000,1.000000,{"1":42,"2":1},0.976744,0.023256,0.000000,0.000000,0.976744,0.023256,1.000000
0.023758316,2,81,read_only,256,8,1.000000,1.000000,1.000000,{"1":8},1.000000,0.000000,0.000000,0.000000,1.000000,0.000000,-1.000000
0.023758316,2,81,union,256,13,1.000000,1.000000,1.000000,{"1":13},1.000000,0.000000,0.000000,0.000000,1.000000,0.000000,-1.000000
0.023758316,2,81,snapshot,256,43,1.000000,1.000000,1.000000,{"1":42,"2":1},0.976744,0.023256,0.000000,0.000000,0.976744,0.023256,1.000000
0.023758316,2,81,read_only,1024,8,1.000000,1.000000,1.000000,{"1":8},1.000000,0.000000,0.000000,0.000000,1.000000,0.000000,-1.000000
0.023758316,2,81,union,1024,13,1.000000,1.000000,1.000000,{"1":13},1.000000,0.000000,0.000000,0.000000,1.000000,0.000000,-1.000000
0.023758316,2,81,snapshot,1024,43,1.000000,1.000000,1.000000,{"1":42,"2":1},0.976744,0.023256,0.000000,0.000000,0.976744,0.023256,1.000000
0.023758316,2,81,read_only,4096,8,1.000000,1.000000,1.000000,{"1":8},1.000000,0.000000,0.000000,0.000000,1.000000,0.000000,-1.000000
0.023758316,2,81,union,4096,13,1.000000,1.000000,1.000000,{"1":13},1.000000,0.000000,0.000000,0.000000,1.000000,0.000000,-1.000000
0.023758316,2,81,snapshot,4096,43,1.000000,1.000000,1.000000,{"1":42,"2":1},0.976744,0.023256,0.000000,0.000000,0.976744,0.023256,1.000000
0.023758316,2,81,read_only,16384,8,1.000000,1.000000,1.000000,{"1":8},1.000000,0.000000,0.000000,0.000000,1.000000,0.000000,-1.000000
0.023758316,2,81,union,16384,13,1.000000,1.000000,1.000000,{"1":13},1.000000,0.000000,0.000000,0.000000,1.000000,0.000000,-1.000000
0.023758316,2,81,snapshot,16384,43,1.000000,1.000000,1.000000,{"1":42,"2":1},0.976744,0.023256,0.000000,0.000000,0.976744,0.023256,1.000000
0.024112551,2,82,snapshot,64,43,1.000000,1.000000,1.000000,{"1":42,"2":1},0.976744,0.023256,0.000000,0.000000,0.976744,0.023256,1.000000
0.024112551,2,82,snapshot,256,43,1.000000,1.000000,1.000000,{"1":42,"2":1},0.976744,0.023256,0.000000,0.000000,0.976744,0.023256,1.000000
0.024112551,2,82,snapshot,1024,43,1.000000,1.000000,1.000000,{"1":42,"2":1},0.976744,0.023256,0.000000,0.000000,0.976744,0.023256,1.000000
0.024112551,2,82,snapshot,4096,43,1.000000,1.000000,1.000000,{"1":42,"2":1},0.976744,0.023256,0.000000,0.000000,0.976744,0.023256,1.000000
0.024112551,2,82,snapshot,16384,43,1.000000,1.000000,1.000000,{"1":42,"2":1},0.976744,0.023256,0.000000,0.000000,0.976744,0.023256,1.000000
0.024349273,2,83,read_only,64,3,1.000000,1.000000,1.000000,{"1":3},1.000000,0.000000,0.000000,0.000000,1.000000,0.000000,-1.000000
0.024349273,2,83,union,64,3,1.000000,1.000000,1.000000,{"1":3},1.000000,0.000000,0.000000,0.000000,1.000000,0.000000,-1.000000
0.024349273,2,83,snapshot,64,46,1.000000,1.000000,1.000000,{"1":45,"2":1},0.978261,0.021739,0.000000,0.000000,0.978261,0.021739,1.000000
0.024349273,2,83,read_only,256,3,1.000000,1.000000,1.000000,{"1":3},1.000000,0.000000,0.000000,0.000000,1.000000,0.000000,-1.000000
0.024349273,2,83,union,256,3,1.000000,1.000000,1.000000,{"1":3},1.000000,0.000000,0.000000,0.000000,1.000000,0.000000,-1.000000
0.024349273,2,83,snapshot,256,46,1.000000,1.000000,1.000000,{"1":45,"2":1},0.978261,0.021739,0.000000,0.000000,0.978261,0.021739,1.000000
0.024349273,2,83,read_only,1024,3,1.000000,1.000000,1.000000,{"1":3},1.000000,0.000000,0.000000,0.000000,1.000000,0.000000,-1.000000
0.024349273,2,83,union,1024,3,1.000000,1.000000,1.000000,{"1":3},1.000000,0.000000,0.000000,0.000000,1.000000,0.000000,-1.000000
0.024349273,2,83,snapshot,1024,46,1.000000,1.000000,1.000000,{"1":45,"2":1},0.978261,0.021739,0.000000,0.000000,0.978261,0.021739,1.000000
0.024349273,2,83,read_only,4096,3,1.000000,1.000000,1.000000,{"1":3},1.000000,0.000000,0.000000,0.000000,1.000000,0.000000,-1.000000
0.024349273,2,83,union,4096,3,1.000000,1.000000,1.000000,{"1":3},1.000000,0.000000,0.000000,0.000000,1.000000,0.000000,-1.000000
0.024349273,2,83,snapshot,4096,46,1.000000,1.000000,1.000000,{"1":45,"2":1},0.978261,0.021739,0.000000,0.000000,0.978261,0.021739,1.000000
0.024349273,2,83,read_only,16384,3,1.000000,1.000000,1.000000,{"1":3},1.000000,0.000000,0.000000,0.000000,1.000000,0.000000,-1.000000
0.024349273,2,83,union,16384,3,1.000000,1.000000,1.000000,{"1":3},1.000000,0.000000,0.000000,0.000000,1.000000,0.000000,-1.000000
0.024349273,2,83,snapshot,16384,46,1.000000,1.000000,1.000000,{"1":45,"2":1},0.978261,0.021739,0.000000,0.000000,0.978261,0.021739,1.000000
0.024589664,2,84,read_only,64,15,1.000000,1.000000,1.000000,{"1":15},1.000000,0.000000,0.000000,0.000000,1.000000,0.000000,-1.000000
0.024589664,2,84,union,64,17,1.000000,1.000000,1.000000,{"1":17},1.000000,0.000000,0.000000,0.000000,1.000000,0.000000,-1.000000
0.024589664,2,84,snapshot,64,63,1.000000,1.000000,1.000000,{"1":62,"2":1},0.984127,0.015873,0.000000,0.000000,0.984127,0.015873,1.000000
0.024589664,2,84,read_only,256,15,1.000000,1.000000,1.000000,{"1":15},1.000000,0.000000,0.000000,0.000000,1.000000,0.000000,-1.000000
0.024589664,2,84,union,256,17,1.000000,1.000000,1.000000,{"1":17},1.000000,0.000000,0.000000,0.000000,1.000000,0.000000,-1.000000
0.024589664,2,84,snapshot,256,63,1.000000,1.000000,1.000000,{"1":62,"2":1},0.984127,0.015873,0.000000,0.000000,0.984127,0.015873,1.000000
0.024589664,2,84,read_only,1024,15,1.000000,1.000000,1.000000,{"1":15},1.000000,0.000000,0.000000,0.000000,1.000000,0.000000,-1.000000
0.024589664,2,84,union,1024,17,1.000000,1.000000,1.000000,{"1":17},1.000000,0.000000,0.000000,0.000000,1.000000,0.000000,-1.000000
0.024589664,2,84,snapshot,1024,63,1.000000,1.000000,1.000000,{"1":62,"2":1},0.984127,0.015873,0.000000,0.000000,0.984127,0.015873,1.000000
0.024589664,2,84,read_only,4096,15,1.000000,1.000000,1.000000,{"1":15},1.000000,0.000000,0.000000,0.000000,1.000000,0.000000,-1.000000
0.024589664,2,84,union,4096,17,1.000000,1.000000,1.000000,{"1":17},1.000000,0.000000,0.000000,0.000000,1.000000,0.000000,-1.000000
0.024589664,2,84,snapshot,4096,63,1.000000,1.000000,1.000000,{"1":62,"2":1},0.984127,0.015873,0.000000,0.000000,0.984127,0.015873,1.000000
0.024589664,2,84,read_only,16384,15,1.000000,1.000000,1.000000,{"1":15},1.000000,0.000000,0.000000,0.000000,1.000000,0.000000,-1.000000
0.024589664,2,84,union,16384,17,1.000000,1.000000,1.000000,{"1":17},1.000000,0.000000,0.000000,0.000000,1.000000,0.000000,-1.000000
0.024589664,2,84,snapshot,16384,63,1.000000,1.000000,1.000000,{"1":62,"2":1},0.984127,0.015873,0.000000,0.000000,0.984127,0.015873,1.000000
0.025082520,2,85,read_only,64,9,1.000000,1.000000,1.000000,{"1":9},1.000000,0.000000,0.000000,0.000000,1.000000,0.000000,-1.000000
0.025082520,2,85,union,64,13,1.000000,1.000000,1.000000,{"1":13},1.000000,0.000000,0.000000,0.000000,1.000000,0.000000,-1.000000
0.025082520,2,85,snapshot,64,76,1.000000,1.000000,1.000000,{"1":75,"2":1},0.986842,0.013158,0.000000,0.000000,0.986842,0.013158,1.000000
0.025082520,2,85,read_only,256,9,1.000000,1.000000,1.000000,{"1":9},1.000000,0.000000,0.000000,0.000000,1.000000,0.000000,-1.000000
0.025082520,2,85,union,256,13,1.000000,1.000000,1.000000,{"1":13},1.000000,0.000000,0.000000,0.000000,1.000000,0.000000,-1.000000
0.025082520,2,85,snapshot,256,76,1.000000,1.000000,1.000000,{"1":75,"2":1},0.986842,0.013158,0.000000,0.000000,0.986842,0.013158,1.000000
0.025082520,2,85,read_only,1024,9,1.000000,1.000000,1.000000,{"1":9},1.000000,0.000000,0.000000,0.000000,1.000000,0.000000,-1.000000
0.025082520,2,85,union,1024,13,1.000000,1.000000,1.000000,{"1":13},1.000000,0.000000,0.000000,0.000000,1.000000,0.000000,-1.000000
0.025082520,2,85,snapshot,1024,76,1.000000,1.000000,1.000000,{"1":75,"2":1},0.986842,0.013158,0.000000,0.000000,0.986842,0.013158,1.000000
0.025082520,2,85,read_only,4096,9,1.000000,1.000000,1.000000,{"1":9},1.000000,0.000000,0.000000,0.000000,1.000000,0.000000,-1.000000
0.025082520,2,85,union,4096,13,1.000000,1.000000,1.000000,{"1":13},1.000000,0.000000,0.000000,0.000000,1.000000,0.000000,-1.000000
0.025082520,2,85,snapshot,4096,76,1.000000,1.000000,1.000000,{"1":75,"2":1},0.986842,0.013158,0.000000,0.000000,0.986842,0.013158,1.000000
0.025082520,2,85,read_only,16384,9,1.000000,1.000000,1.000000,{"1":9},1.000000,0.000000,0.000000,0.000000,1.000000,0.000000,-1.000000
0.025082520,2,85,union,16384,13,1.000000,1.000000,1.000000,{"1":13},1.000000,0.000000,0.000000,0.000000,1.000000,0.000000,-1.000000
0.025082520,2,85,snapshot,16384,76,1.000000,1.000000,1.000000,{"1":75,"2":1},0.986842,0.013158,0.000000,0.000000,0.986842,0.013158,1.000000
0.025673257,2,86,read_only,64,10,1.000000,1.000000,1.000000,{"1":10},1.000000,0.000000,0.000000,0.000000,1.000000,0.000000,-1.000000
0.025673257,2,86,union,64,15,1.000000,1.000000,1.000000,{"1":15},1.000000,0.000000,0.000000,0.000000,1.000000,0.000000,-1.000000
0.025673257,2,86,snapshot,64,91,1.000000,1.000000,1.000000,{"1":90,"2":1},0.989011,0.010989,0.000000,0.000000,0.989011,0.010989,1.000000
0.025673257,2,86,read_only,256,10,1.000000,1.000000,1.000000,{"1":10},1.000000,0.000000,0.000000,0.000000,1.000000,0.000000,-1.000000
0.025673257,2,86,union,256,15,1.000000,1.000000,1.000000,{"1":15},1.000000,0.000000,0.000000,0.000000,1.000000,0.000000,-1.000000
0.025673257,2,86,snapshot,256,91,1.000000,1.000000,1.000000,{"1":90,"2":1},0.989011,0.010989,0.000000,0.000000,0.989011,0.010989,1.000000
0.025673257,2,86,read_only,1024,10,1.000000,1.000000,1.000000,{"1":10},1.000000,0.000000,0.000000,0.000000,1.000000,0.000000,-1.000000
0.025673257,2,86,union,1024,15,1.000000,1.000000,1.000000,{"1":15},1.000000,0.000000,0.000000,0.000000,1.000000,0.000000,-1.000000
0.025673257,2,86,snapshot,1024,91,1.000000,1.000000,1.000000,{"1":90,"2":1},0.989011,0.010989,0.000000,0.000000,0.989011,0.010989,1.000000
0.025673257,2,86,read_only,4096,10,1.000000,1.000000,1.000000,{"1":10},1.000000,0.000000,0.000000,0.000000,1.000000,0.000000,-1.000000
0.025673257,2,86,union,4096,15,1.000000,1.000000,1.000000,{"1":15},1.000000,0.000000,0.000000,0.000000,1.000000,0.000000,-1.000000
0.025673257,2,86,snapshot,4096,91,1.000000,1.000000,1.000000,{"1":90,"2":1},0.989011,0.010989,0.000000,0.000000,0.989011,0.010989,1.000000
0.025673257,2,86,read_only,16384,10,1.000000,1.000000,1.000000,{"1":10},1.000000,0.000000,0.000000,0.000000,1.000000,0.000000,-1.000000
0.025673257,2,86,union,16384,15,1.000000,1.000000,1.000000,{"1":15},1.000000,0.000000,0.000000,0.000000,1.000000,0.000000,-1.000000
0.025673257,2,86,snapshot,16384,91,1.000000,1.000000,1.000000,{"1":90,"2":1},0.989011,0.010989,0.000000,0.000000,0.989011,0.010989,1.000000
0.026185898,2,87,read_only,64,17,1.000000,1.000000,1.000000,{"1":17},1.000000,0.000000,0.000000,0.000000,1.000000,0.000000,-1.000000
0.026185898,2,87,union,64,18,1.000000,1.000000,1.000000,{"1":18},1.000000,0.000000,0.000000,0.000000,1.000000,0.000000,-1.000000
0.026185898,2,87,snapshot,64,109,1.000000,1.000000,1.000000,{"1":108,"2":1},0.990826,0.009174,0.000000,0.000000,0.990826,0.009174,1.000000
0.026185898,2,87,read_only,256,17,1.000000,1.000000,1.000000,{"1":17},1.000000,0.000000,0.000000,0.000000,1.000000,0.000000,-1.000000
0.026185898,2,87,union,256,18,1.000000,1.000000,1.000000,{"1":18},1.000000,0.000000,0.000000,0.000000,1.000000,0.000000,-1.000000
0.026185898,2,87,snapshot,256,109,1.000000,1.000000,1.000000,{"1":108,"2":1},0.990826,0.009174,0.000000,0.000000,0.990826,0.009174,1.000000
0.026185898,2,87,read_only,1024,17,1.000000,1.000000,1.000000,{"1":17},1.000000,0.000000,0.000000,0.000000,1.000000,0.000000,-1.000000
0.026185898,2,87,union,1024,18,1.000000,1.000000,1.000000,{"1":18},1.000000,0.000000,0.000000,0.000000,1.000000,0.000000,-1.000000
0.026185898,2,87,snapshot,1024,109,1.000000,1.000000,1.000000,{"1":108,"2":1},0.990826,0.009174,0.000000,0.000000,0.990826,0.009174,1.000000
0.026185898,2,87,read_only,4096,17,1.000000,1.000000,1.000000,{"1":17},1.000000,0.000000,0.000000,0.000000,1.000000,0.000000,-1.000000
0.026185898,2,87,union,4096,18,1.000000,1.000000,1.000000,{"1":18},1.000000,0.000000,0.000000,0.000000,1.000000,0.000000,-1.000000
0.026185898,2,87,snapshot,4096,109,1.000000,1.000000,1.000000,{"1":108,"2":1},0.990826,0.009174,0.000000,0.000000,0.990826,0.009174,1.000000
0.026185898,2,87,read_only,16384,17,1.000000,1.000000,1.000000,{"1":17},1.000000,0.000000,0.000000,0.000000,1.000000,0.000000,-1.000000
0.026185898,2,87,union,16384,18,1.000000,1.000000,1.000000,{"1":18},1.000000,0.000000,0.000000,0.000000,1.000000,0.000000,-1.000000
0.026185898,2,87,snapshot,16384,109,1.000000,1.000000,1.000000,{"1":108,"2":1},0.990826,0.009174,0.000000,0.000000,0.990826,0.009174,1.000000
0.029031667,2,88,snapshot,64,109,1.000000,1.000000,1.000000,{"1":108,"2":1},0.990826,0.009174,0.000000,0.000000,0.990826,0.009174,1.000000
0.029031667,2,88,snapshot,256,109,1.000000,1.000000,1.000000,{"1":108,"2":1},0.990826,0.009174,0.000000,0.000000,0.990826,0.009174,1.000000
0.029031667,2,88,snapshot,1024,109,1.000000,1.000000,1.000000,{"1":108,"2":1},0.990826,0.009174,0.000000,0.000000,0.990826,0.009174,1.000000
0.029031667,2,88,snapshot,4096,109,1.000000,1.000000,1.000000,{"1":108,"2":1},0.990826,0.009174,0.000000,0.000000,0.990826,0.009174,1.000000
0.029031667,2,88,snapshot,16384,109,1.000000,1.000000,1.000000,{"1":108,"2":1},0.990826,0.009174,0.000000,0.000000,0.990826,0.009174,1.000000
0.029264388,2,89,snapshot,64,109,1.000000,1.000000,1.000000,{"1":108,"2":1},0.990826,0.009174,0.000000,0.000000,0.990826,0.009174,1.000000
0.029264388,2,89,snapshot,256,109,1.000000,1.000000,1.000000,{"1":108,"2":1},0.990826,0.009174,0.000000,0.000000,0.990826,0.009174,1.000000
0.029264388,2,89,snapshot,1024,109,1.000000,1.000000,1.000000,{"1":108,"2":1},0.990826,0.009174,0.000000,0.000000,0.990826,0.009174,1.000000
0.029264388,2,89,snapshot,4096,109,1.000000,1.000000,1.000000,{"1":108,"2":1},0.990826,0.009174,0.000000,0.000000,0.990826,0.009174,1.000000
0.029264388,2,89,snapshot,16384,109,1.000000,1.000000,1.000000,{"1":108,"2":1},0.990826,0.009174,0.000000,0.000000,0.990826,0.009174,1.000000
0.029653696,2,90,snapshot,64,109,1.000000,1.000000,1.000000,{"1":108,"2":1},0.990826,0.009174,0.000000,0.000000,0.990826,0.009174,1.000000
0.029653696,2,90,snapshot,256,109,1.000000,1.000000,1.000000,{"1":108,"2":1},0.990826,0.009174,0.000000,0.000000,0.990826,0.009174,1.000000
0.029653696,2,90,snapshot,1024,109,1.000000,1.000000,1.000000,{"1":108,"2":1},0.990826,0.009174,0.000000,0.000000,0.990826,0.009174,1.000000
0.029653696,2,90,snapshot,4096,109,1.000000,1.000000,1.000000,{"1":108,"2":1},0.990826,0.009174,0.000000,0.000000,0.990826,0.009174,1.000000
0.029653696,2,90,snapshot,16384,109,1.000000,1.000000,1.000000,{"1":108,"2":1},0.990826,0.009174,0.000000,0.000000,0.990826,0.009174,1.000000
0.029943423,2,91,snapshot,64,109,1.000000,1.000000,1.000000,{"1":108,"2":1},0.990826,0.009174,0.000000,0.000000,0.990826,0.009174,1.000000
0.029943423,2,91,snapshot,256,109,1.000000,1.000000,1.000000,{"1":108,"2":1},0.990826,0.009174,0.000000,0.000000,0.990826,0.009174,1.000000
0.029943423,2,91,snapshot,1024,109,1.000000,1.000000,1.000000,{"1":108,"2":1},0.990826,0.009174,0.000000,0.000000,0.990826,0.009174,1.000000
0.029943423,2,91,snapshot,4096,109,1.000000,1.000000,1.000000,{"1":108,"2":1},0.990826,0.009174,0.000000,0.000000,0.990826,0.009174,1.000000
0.029943423,2,91,snapshot,16384,109,1.000000,1.000000,1.000000,{"1":108,"2":1},0.990826,0.009174,0.000000,0.000000,0.990826,0.009174,1.000000
0.030227112,2,92,snapshot,64,109,1.000000,1.000000,1.000000,{"1":108,"2":1},0.990826,0.009174,0.000000,0.000000,0.990826,0.009174,1.000000
0.030227112,2,92,snapshot,256,109,1.000000,1.000000,1.000000,{"1":108,"2":1},0.990826,0.009174,0.000000,0.000000,0.990826,0.009174,1.000000
0.030227112,2,92,snapshot,1024,109,1.000000,1.000000,1.000000,{"1":108,"2":1},0.990826,0.009174,0.000000,0.000000,0.990826,0.009174,1.000000
0.030227112,2,92,snapshot,4096,109,1.000000,1.000000,1.000000,{"1":108,"2":1},0.990826,0.009174,0.000000,0.000000,0.990826,0.009174,1.000000
0.030227112,2,92,snapshot,16384,109,1.000000,1.000000,1.000000,{"1":108,"2":1},0.990826,0.009174,0.000000,0.000000,0.990826,0.009174,1.000000
0.030458593,2,93,snapshot,64,109,1.000000,1.000000,1.000000,{"1":108,"2":1},0.990826,0.009174,0.000000,0.000000,0.990826,0.009174,1.000000
0.030458593,2,93,snapshot,256,109,1.000000,1.000000,1.000000,{"1":108,"2":1},0.990826,0.009174,0.000000,0.000000,0.990826,0.009174,1.000000
0.030458593,2,93,snapshot,1024,109,1.000000,1.000000,1.000000,{"1":108,"2":1},0.990826,0.009174,0.000000,0.000000,0.990826,0.009174,1.000000
0.030458593,2,93,snapshot,4096,109,1.000000,1.000000,1.000000,{"1":108,"2":1},0.990826,0.009174,0.000000,0.000000,0.990826,0.009174,1.000000
0.030458593,2,93,snapshot,16384,109,1.000000,1.000000,1.000000,{"1":108,"2":1},0.990826,0.009174,0.000000,0.000000,0.990826,0.009174,1.000000
0.031033938,2,94,read_only,64,18,1.000000,1.000000,1.000000,{"1":18},1.000000,0.000000,0.000000,0.000000,1.000000,0.000000,-1.000000
0.031033938,2,94,union,64,23,1.000000,1.000000,1.000000,{"1":23},1.000000,0.000000,0.000000,0.000000,1.000000,0.000000,-1.000000
0.031033938,2,94,snapshot,64,132,1.000000,1.000000,1.000000,{"1":131,"2":1},0.992424,0.007576,0.000000,0.000000,0.992424,0.007576,1.000000
0.031033938,2,94,read_only,256,18,1.000000,1.000000,1.000000,{"1":18},1.000000,0.000000,0.000000,0.000000,1.000000,0.000000,-1.000000
0.031033938,2,94,union,256,23,1.000000,1.000000,1.000000,{"1":23},1.000000,0.000000,0.000000,0.000000,1.000000,0.000000,-1.000000
0.031033938,2,94,snapshot,256,132,1.000000,1.000000,1.000000,{"1":131,"2":1},0.992424,0.007576,0.000000,0.000000,0.992424,0.007576,1.000000
0.031033938,2,94,read_only,1024,18,1.000000,1.000000,1.000000,{"1":18},1.000000,0.000000,0.000000,0.000000,1.000000,0.000000,-1.000000
0.031033938,2,94,union,1024,23,1.000000,1.000000,1.000000,{"1":23},1.000000,0.000000,0.000000,0.000000,1.000000,0.000000,-1.000000
0.031033938,2,94,snapshot,1024,132,1.000000,1.000000,1.000000,{"1":131,"2":1},0.992424,0.007576,0.000000,0.000000,0.992424,0.007576,1.000000
0.031033938,2,94,read_only,4096,18,1.000000,1.000000,1.000000,{"1":18},1.000000,0.000000,0.000000,0.000000,1.000000,0.000000,-1.000000
0.031033938,2,94,union,4096,23,1.000000,1.000000,1.000000,{"1":23},1.000000,0.000000,0.000000,0.000000,1.000000,0.000000,-1.000000
0.031033938,2,94,snapshot,4096,132,1.000000,1.000000,1.000000,{"1":131,"2":1},0.992424,0.007576,0.000000,0.000000,0.992424,0.007576,1.000000
0.031033938,2,94,read_only,16384,18,1.000000,1.000000,1.000000,{"1":18},1.000000,0.000000,0.000000,0.000000,1.000000,0.000000,-1.000000
0.031033938,2,94,union,16384,23,1.000000,1.000000,1.000000,{"1":23},1.000000,0.000000,0.000000,0.000000,1.000000,0.000000,-1.000000
0.031033938,2,94,snapshot,16384,132,1.000000,1.000000,1.000000,{"1":131,"2":1},0.992424,0.007576,0.000000,0.000000,0.992424,0.007576,1.000000
0.031835455,2,95,read_only,64,127,1.000000,1.000000,1.000000,{"1":127},1.000000,0.000000,0.000000,0.000000,1.000000,0.000000,-1.000000
0.031835455,2,95,union,64,139,1.000000,1.000000,1.000000,{"1":139},1.000000,0.000000,0.000000,0.000000,1.000000,0.000000,-1.000000
0.031835455,2,95,snapshot,64,262,1.000000,1.000000,1.000000,{"1":261,"2":1},0.996183,0.003817,0.000000,0.000000,0.996183,0.003817,1.000000
0.031835455,2,95,read_only,256,127,1.000000,1.000000,1.000000,{"1":127},1.000000,0.000000,0.000000,0.000000,1.000000,0.000000,-1.000000
0.031835455,2,95,union,256,139,1.000000,1.000000,1.000000,{"1":139},1.000000,0.000000,0.000000,0.000000,1.000000,0.000000,-1.000000
0.031835455,2,95,snapshot,256,262,1.000000,1.000000,1.000000,{"1":261,"2":1},0.996183,0.003817,0.000000,0.000000,0.996183,0.003817,1.000000
0.031835455,2,95,read_only,1024,127,1.000000,1.000000,1.000000,{"1":127},1.000000,0.000000,0.000000,0.000000,1.000000,0.000000,-1.000000
0.031835455,2,95,union,1024,139,1.000000,1.000000,1.000000,{"1":139},1.000000,0.000000,0.000000,0.000000,1.000000,0.000000,-1.000000
0.031835455,2,95,snapshot,1024,262,1.000000,1.000000,1.000000,{"1":261,"2":1},0.996183,0.003817,0.000000,0.000000,0.996183,0.003817,1.000000
0.031835455,2,95,read_only,4096,127,1.000000,1.000000,1.000000,{"1":127},1.000000,0.000000,0.000000,0.000000,1.000000,0.000000,-1.000000
0.031835455,2,95,union,4096,139,1.000000,1.000000,1.000000,{"1":139},1.000000,0.000000,0.000000,0.000000,1.000000,0.000000,-1.000000
0.031835455,2,95,snapshot,4096,262,1.000000,1.000000,1.000000,{"1":261,"2":1},0.996183,0.003817,0.000000,0.000000,0.996183,0.003817,1.000000
0.031835455,2,95,read_only,16384,127,1.000000,1.000000,1.000000,{"1":127},1.000000,0.000000,0.000000,0.000000,1.000000,0.000000,-1.000000
0.031835455,2,95,union,16384,139,1.000000,1.000000,1.000000,{"1":139},1.000000,0.000000,0.000000,0.000000,1.000000,0.000000,-1.000000
0.031835455,2,95,snapshot,16384,262,1.000000,1.000000,1.000000,{"1":261,"2":1},0.996183,0.003817,0.000000,0.000000,0.996183,0.003817,1.000000
0.032154329,2,96,snapshot,64,262,1.000000,1.000000,1.000000,{"1":261,"2":1},0.996183,0.003817,0.000000,0.000000,0.996183,0.003817,1.000000
0.032154329,2,96,snapshot,256,262,1.000000,1.000000,1.000000,{"1":261,"2":1},0.996183,0.003817,0.000000,0.000000,0.996183,0.003817,1.000000
0.032154329,2,96,snapshot,1024,262,1.000000,1.000000,1.000000,{"1":261,"2":1},0.996183,0.003817,0.000000,0.000000,0.996183,0.003817,1.000000
0.032154329,2,96,snapshot,4096,262,1.000000,1.000000,1.000000,{"1":261,"2":1},0.996183,0.003817,0.000000,0.000000,0.996183,0.003817,1.000000
0.032154329,2,96,snapshot,16384,262,1.000000,1.000000,1.000000,{"1":261,"2":1},0.996183,0.003817,0.000000,0.000000,0.996183,0.003817,1.000000
0.032452439,2,97,snapshot,64,262,1.000000,1.000000,1.000000,{"1":261,"2":1},0.996183,0.003817,0.000000,0.000000,0.996183,0.003817,1.000000
0.032452439,2,97,snapshot,256,262,1.000000,1.000000,1.000000,{"1":261,"2":1},0.996183,0.003817,0.000000,0.000000,0.996183,0.003817,1.000000
0.032452439,2,97,snapshot,1024,262,1.000000,1.000000,1.000000,{"1":261,"2":1},0.996183,0.003817,0.000000,0.000000,0.996183,0.003817,1.000000
0.032452439,2,97,snapshot,4096,262,1.000000,1.000000,1.000000,{"1":261,"2":1},0.996183,0.003817,0.000000,0.000000,0.996183,0.003817,1.000000
0.032452439,2,97,snapshot,16384,262,1.000000,1.000000,1.000000,{"1":261,"2":1},0.996183,0.003817,0.000000,0.000000,0.996183,0.003817,1.000000
0.033301192,2,98,union,64,9,1.000000,1.000000,1.000000,{"1":9},1.000000,0.000000,0.000000,0.000000,1.000000,0.000000,-1.000000
0.033301192,2,98,snapshot,64,264,1.000000,1.000000,1.000000,{"1":263,"2":1},0.996212,0.003788,0.000000,0.000000,0.996212,0.003788,1.000000
0.033301192,2,98,union,256,9,1.000000,1.000000,1.000000,{"1":9},1.000000,0.000000,0.000000,0.000000,1.000000,0.000000,-1.000000
0.033301192,2,98,snapshot,256,264,1.000000,1.000000,1.000000,{"1":263,"2":1},0.996212,0.003788,0.000000,0.000000,0.996212,0.003788,1.000000
0.033301192,2,98,union,1024,9,1.000000,1.000000,1.000000,{"1":9},1.000000,0.000000,0.000000,0.000000,1.000000,0.000000,-1.000000
0.033301192,2,98,snapshot,1024,264,1.000000,1.000000,1.000000,{"1":263,"2":1},0.996212,0.003788,0.000000,0.000000,0.996212,0.003788,1.000000
0.033301192,2,98,union,4096,9,1.000000,1.000000,1.000000,{"1":9},1.000000,0.000000,0.000000,0.000000,1.000000,0.000000,-1.000000
0.033301192,2,98,snapshot,4096,264,1.000000,1.000000,1.000000,{"1":263,"2":1},0.996212,0.003788,0.000000,0.000000,0.996212,0.003788,1.000000
0.033301192,2,98,union,16384,9,1.000000,1.000000,1.000000,{"1":9},1.000000,0.000000,0.000000,0.000000,1.000000,0.000000,-1.000000
0.033301192,2,98,snapshot,16384,264,1.000000,1.000000,1.000000,{"1":263,"2":1},0.996212,0.003788,0.000000,0.000000,0.996212,0.003788,1.000000
0.033782008,2,99,read_only,64,15,1.000000,1.000000,1.000000,{"1":15},1.000000,0.000000,0.000000,0.000000,1.000000,0.000000,-1.000000
0.033782008,2,99,union,64,20,1.000000,1.000000,1.000000,{"1":20},1.000000,0.000000,0.000000,0.000000,1.000000,0.000000,-1.000000
0.033782008,2,99,snapshot,64,284,1.000000,1.000000,1.000000,{"1":283,"2":1},0.996479,0.003521,0.000000,0.000000,0.996479,0.003521,1.000000
0.033782008,2,99,read_only,256,15,1.000000,1.000000,1.000000,{"1":15},1.000000,0.000000,0.000000,0.000000,1.000000,0.000000,-1.000000
0.033782008,2,99,union,256,20,1.000000,1.000000,1.000000,{"1":20},1.000000,0.000000,0.000000,0.000000,1.000000,0.000000,-1.000000
0.033782008,2,99,snapshot,256,284,1.000000,1.000000,1.000000,{"1":283,"2":1},0.996479,0.003521,0.000000,0.000000,0.996479,0.003521,1.000000
0.033782008,2,99,read_only,1024,15,1.000000,1.000000,1.000000,{"1":15},1.000000,0.000000,0.000000,0.000000,1.000000,0.000000,-1.000000
0.033782008,2,99,union,1024,20,1.000000,1.000000,1.000000,{"1":20},1.000000,0.000000,0.000000,0.000000,1.000000,0.000000,-1.000000
0.033782008,2,99,snapshot,1024,284,1.000000,1.000000,1.000000,{"1":283,"2":1},0.996479,0.003521,0.000000,0.000000,0.996479,0.003521,1.000000
0.033782008,2,99,read_only,4096,15,1.000000,1.000000,1.000000,{"1":15},1.000000,0.000000,0.000000,0.000000,1.000000,0.000000,-1.000000
0.033782008,2,99,union,4096,20,1.000000,1.000000,1.000000,{"1":20},1.000000,0.000000,0.000000,0.000000,1.000000,0.000000,-1.000000
0.033782008,2,99,snapshot,4096,284,1.000000,1.000000,1.000000,{"1":283,"2":1},0.996479,0.003521,0.000000,0.000000,0.996479,0.003521,1.000000
0.033782008,2,99,read_only,16384,15,1.000000,1.000000,1.000000,{"1":15},1.000000,0.000000,0.000000,0.000000,1.000000,0.000000,-1.000000
0.033782008,2,99,union,16384,20,1.000000,1.000000,1.000000,{"1":20},1.000000,0.000000,0.000000,0.000000,1.000000,0.000000,-1.000000
0.033782008,2,99,snapshot,16384,284,1.000000,1.000000,1.000000,{"1":283,"2":1},0.996479,0.003521,0.000000,0.000000,0.996479,0.003521,1.000000
0.034058635,2,100,union,64,1,1.000000,1.000000,1.000000,{"1":1},1.000000,0.000000,0.000000,0.000000,1.000000,0.000000,-1.000000
0.034058635,2,100,snapshot,64,284,1.000000,1.000000,1.000000,{"1":283,"2":1},0.996479,0.003521,0.000000,0.000000,0.996479,0.003521,1.000000
0.034058635,2,100,union,256,1,1.000000,1.000000,1.000000,{"1":1},1.000000,0.000000,0.000000,0.000000,1.000000,0.000000,-1.000000
0.034058635,2,100,snapshot,256,284,1.000000,1.000000,1.000000,{"1":283,"2":1},0.996479,0.003521,0.000000,0.000000,0.996479,0.003521,1.000000
0.034058635,2,100,union,1024,1,1.000000,1.000000,1.000000,{"1":1},1.000000,0.000000,0.000000,0.000000,1.000000,0.000000,-1.000000
0.034058635,2,100,snapshot,1024,284,1.000000,1.000000,1.000000,{"1":283,"2":1},0.996479,0.003521,0.000000,0.000000,0.996479,0.003521,1.000000
0.034058635,2,100,union,4096,1,1.000000,1.000000,1.000000,{"1":1},1.000000,0.000000,0.000000,0.000000,1.000000,0.000000,-1.000000
0.034058635,2,100,snapshot,4096,284,1.000000,1.000000,1.000000,{"1":283,"2":1},0.996479,0.003521,0.000000,0.000000,0.996479,0.003521,1.000000
0.034058635,2,100,union,16384,1,1.000000,1.000000,1.000000,{"1":1},1.000000,0.000000,0.000000,0.000000,1.000000,0.000000,-1.000000
0.034058635,2,100,snapshot,16384,284,1.000000,1.000000,1.000000,{"1":283,"2":1},0.996479,0.003521,0.000000,0.000000,0.996479,0.003521,1.000000
0.034318987,2,101,read_only,64,6,1.000000,1.000000,1.000000,{"1":5,"2":1},0.833333,0.166667,0.000000,0.000000,0.833333,0.166667,1.000000
0.034318987,2,101,union,64,6,1.000000,1.000000,1.000000,{"1":5,"2":1},0.833333,0.166667,0.000000,0.000000,0.833333,0.166667,1.000000
0.034318987,2,101,snapshot,64,290,1.000000,1.000000,1.000000,{"1":288,"2":2},0.993103,0.006897,0.000000,0.000000,0.993103,0.006897,1.000000
0.034318987,2,101,read_only,256,6,1.000000,1.000000,1.000000,{"1":5,"2":1},0.833333,0.166667,0.000000,0.000000,0.833333,0.166667,1.000000
0.034318987,2,101,union,256,6,1.000000,1.000000,1.000000,{"1":5,"2":1},0.833333,0.166667,0.000000,0.000000,0.833333,0.166667,1.000000
0.034318987,2,101,snapshot,256,290,1.000000,1.000000,1.000000,{"1":288,"2":2},0.993103,0.006897,0.000000,0.000000,0.993103,0.006897,1.000000
0.034318987,2,101,read_only,1024,6,1.000000,1.000000,1.000000,{"1":5,"2":1},0.833333,0.166667,0.000000,0.000000,0.833333,0.166667,1.000000
0.034318987,2,101,union,1024,6,1.000000,1.000000,1.000000,{"1":5,"2":1},0.833333,0.166667,0.000000,0.000000,0.833333,0.166667,1.000000
0.034318987,2,101,snapshot,1024,290,1.000000,1.000000,1.000000,{"1":288,"2":2},0.993103,0.006897,0.000000,0.000000,0.993103,0.006897,1.000000
0.034318987,2,101,read_only,4096,6,1.000000,1.000000,1.000000,{"1":5,"2":1},0.833333,0.166667,0.000000,0.000000,0.833333,0.166667,1.000000
0.034318987,2,101,union,4096,6,1.000000,1.000000,1.000000,{"1":5,"2":1},0.833333,0.166667,0.000000,0.000000,0.833333,0.166667,1.000000
0.034318987,2,101,snapshot,4096,290,1.000000,1.000000,1.000000,{"1":288,"2":2},0.993103,0.006897,0.000000,0.000000,0.993103,0.006897,1.000000
0.034318987,2,101,read_only,16384,6,1.000000,1.000000,1.000000,{"1":5,"2":1},0.833333,0.166667,0.000000,0.000000,0.833333,0.166667,1.000000
0.034318987,2,101,union,16384,6,1.000000,1.000000,1.000000,{"1":5,"2":1},0.833333,0.166667,0.000000,0.000000,0.833333,0.166667,1.000000
0.034318987,2,101,snapshot,16384,290,1.000000,1.000000,1.000000,{"1":288,"2":2},0.993103,0.006897,0.000000,0.000000,0.993103,0.006897,1.000000
0.034760620,2,102,read_only,64,5,1.000000,1.000000,1.000000,{"1":5},1.000000,0.000000,0.000000,0.000000,1.000000,0.000000,-1.000000
0.034760620,2,102,union,64,10,1.000000,1.000000,1.000000,{"1":10},1.000000,0.000000,0.000000,0.000000,1.000000,0.000000,-1.000000
0.034760620,2,102,snapshot,64,299,1.000000,1.000000,1.000000,{"1":297,"2":2},0.993311,0.006689,0.000000,0.000000,0.993311,0.006689,1.000000
0.034760620,2,102,read_only,256,5,1.000000,1.000000,1.000000,{"1":5},1.000000,0.000000,0.000000,0.000000,1.000000,0.000000,-1.000000
0.034760620,2,102,union,256,10,1.000000,1.000000,1.000000,{"1":10},1.000000,0.000000,0.000000,0.000000,1.000000,0.000000,-1.000000
0.034760620,2,102,snapshot,256,299,1.000000,1.000000,1.000000,{"1":297,"2":2},0.993311,0.006689,0.000000,0.000000,0.993311,0.006689,1.000000
0.034760620,2,102,read_only,1024,5,1.000000,1.000000,1.000000,{"1":5},1.000000,0.000000,0.000000,0.000000,1.000000,0.000000,-1.000000
0.034760620,2,102,union,1024,10,1.000000,1.000000,1.000000,{"1":10},1.000000,0.000000,0.000000,0.000000,1.000000,0.000000,-1.000000
0.034760620,2,102,snapshot,1024,299,1.000000,1.000000,1.000000,{"1":297,"2":2},0.993311,0.006689,0.000000,0.000000,0.993311,0.006689,1.000000
0.034760620,2,102,read_only,4096,5,1.000000,1.000000,1.000000,{"1":5},1.000000,0.000000,0.000000,0.000000,1.000000,0.000000,-1.000000
0.034760620,2,102,union,4096,10,1.000000,1.000000,1.000000,{"1":10},1.000000,0.000000,0.000000,0.000000,1.000000,0.000000,-1.000000
0.034760620,2,102,snapshot,4096,299,1.000000,1.000000,1.000000,{"1":297,"2":2},0.993311,0.006689,0.000000,0.000000,0.993311,0.006689,1.000000
0.034760620,2,102,read_only,16384,5,1.000000,1.000000,1.000000,{"1":5},1.000000,0.000000,0.000000,0.000000,1.000000,0.000000,-1.000000
0.034760620,2,102,union,16384,10,1.000000,1.000000,1.000000,{"1":10},1.000000,0.000000,0.000000,0.000000,1.000000,0.000000,-1.000000
0.034760620,2,102,snapshot,16384,299,1.000000,1.000000,1.000000,{"1":297,"2":2},0.993311,0.006689,0.000000,0.000000,0.993311,0.006689,1.000000
0.035906060,2,103,read_only,64,43,1.000000,1.000000,1.000000,{"1":43},1.000000,0.000000,0.000000,0.000000,1.000000,0.000000,-1.000000
0.035906060,2,103,union,64,53,1.000000,1.000000,1.000000,{"1":53},1.000000,0.000000,0.000000,0.000000,1.000000,0.000000,-1.000000
0.035906060,2,103,snapshot,64,350,1.000000,1.000000,1.000000,{"1":348,"2":2},0.994286,0.005714,0.000000,0.000000,0.994286,0.005714,1.000000
0.035906060,2,103,read_only,256,43,1.000000,1.000000,1.000000,{"1":43},1.000000,0.000000,0.000000,0.000000,1.000000,0.000000,-1.000000
0.035906060,2,103,union,256,53,1.000000,1.000000,1.000000,{"1":53},1.000000,0.000000,0.000000,0.000000,1.000000,0.000000,-1.000000
0.035906060,2,103,snapshot,256,350,1.000000,1.000000,1.000000,{"1":348,"2":2},0.994286,0.005714,0.000000,0.000000,0.994286,0.005714,1.000000
0.035906060,2,103,read_only,1024,43,1.000000,1.000000,1.000000,{"1":43},1.000000,0.000000,0.000000,0.000000,1.000000,0.000000,-1.000000
0.035906060,2,103,union,1024,53,1.000000,1.000000,1.000000,{"1":53},1.000000,0.000000,0.000000,0.000000,1.000000,0.000000,-1.000000
0.035906060,2,103,snapshot,1024,350,1.000000,1.000000,1.000000,{"1":348,"2":2},0.994286,0.005714,0.000000,0.000000,0.994286,0.005714,1.000000
0.035906060,2,103,read_only,4096,43,1.000000,1.000000,1.000000,{"1":43},1.000000,0.000000,0.000000,0.000000,1.000000,0.000000,-1.000000
0.035906060,2,103,union,4096,53,1.000000,1.000000,1.000000,{"1":53},1.000000,0.000000,0.000000,0.000000,1.000000,0.000000,-1.000000
0.035906060,2,103,snapshot,4096,350,1.000000,1.000000,1.000000,{"1":348,"2":2},0.994286,0.005714,0.000000,0.000000,0.994286,0.005714,1.000000
0.035906060,2,103,read_only,16384,43,1.000000,1.000000,1.000000,{"1":43},1.000000,0.000000,0.000000,0.000000,1.000000,0.000000,-1.000000
0.035906060,2,103,union,16384,53,1.000000,1.000000,1.000000,{"1":53},1.000000,0.000000,0.000000,0.000000,1.000000,0.000000,-1.000000
0.035906060,2,103,snapshot,16384,350,1.000000,1.000000,1.000000,{"1":348,"2":2},0.994286,0.005714,0.000000,0.000000,0.994286,0.005714,1.000000
0.036192882,2,104,read_only,64,63,1.000000,1.000000,1.000000,{"1":63},1.000000,0.000000,0.000000,0.000000,1.000000,0.000000,-1.000000
0.036192882,2,104,union,64,63,1.000000,1.000000,1.000000,{"1":63},1.000000,0.000000,0.000000,0.000000,1.000000,0.000000,-1.000000
0.036192882,2,104,snapshot,64,413,1.000000,1.000000,1.000000,{"1":411,"2":2},0.995157,0.004843,0.000000,0.000000,0.995157,0.004843,1.000000
0.036192882,2,104,read_only,256,63,1.000000,1.000000,1.000000,{"1":63},1.000000,0.000000,0.000000,0.000000,1.000000,0.000000,-1.000000
0.036192882,2,104,union,256,63,1.000000,1.000000,1.000000,{"1":63},1.000000,0.000000,0.000000,0.000000,1.000000,0.000000,-1.000000
0.036192882,2,104,snapshot,256,413,1.000000,1.000000,1.000000,{"1":411,"2":2},0.995157,0.004843,0.000000,0.000000,0.995157,0.004843,1.000000
0.036192882,2,104,read_only,1024,63,1.000000,1.000000,1.000000,{"1":63},1.000000,0.000000,0.000000,0.000000,1.000000,0.000000,-1.000000
0.036192882,2,104,union,1024,63,1.000000,1.000000,1.000000,{"1":63},1.000000,0.000000,0.000000,0.000000,1.000000,0.000000,-1.000000
0.036192882,2,104,snapshot,1024,413,1.000000,1.000000,1.000000,{"1":411,"2":2},0.995157,0.004843,0.000000,0.000000,0.995157,0.004843,1.000000
0.036192882,2,104,read_only,4096,63,1.000000,1.000000,1.000000,{"1":63},1.000000,0.000000,0.000000,0.000000,1.000000,0.000000,-1.000000
0.036192882,2,104,union,4096,63,1.000000,1.000000,1.000000,{"1":63},1.000000,0.000000,0.000000,0.000000,1.000000,0.000000,-1.000000
0.036192882,2,104,snapshot,4096,413,1.000000,1.000000,1.000000,{"1":411,"2":2},0.995157,0.004843,0.000000,0.000000,0.995157,0.004843,1.000000
0.036192882,2,104,read_only,16384,63,1.000000,1.000000,1.000000,{"1":63},1.000000,0.000000,0.000000,0.000000,1.000000,0.000000,-1.000000
0.036192882,2,104,union,16384,63,1.000000,1.000000,1.000000,{"1":63},1.000000,0.000000,0.000000,0.000000,1.000000,0.000000,-1.000000
0.036192882,2,104,snapshot,16384,413,1.000000,1.000000,1.000000,{"1":411,"2":2},0.995157,0.004843,0.000000,0.000000,0.995157,0.004843,1.000000
0.047276887,2,105,read_only,64,27,1.000000,1.000000,1.000000,{"1":27},1.000000,0.000000,0.000000,0.000000,1.000000,0.000000,-1.000000
0.047276887,2,105,union,64,29,1.000000,1.000000,1.000000,{"1":29},1.000000,0.000000,0.000000,0.000000,1.000000,0.000000,-1.000000
0.047276887,2,105,snapshot,64,440,1.000000,1.000000,1.000000,{"1":438,"2":2},0.995455,0.004545,0.000000,0.000000,0.995455,0.004545,1.000000
0.047276887,2,105,read_only,256,27,1.000000,1.000000,1.000000,{"1":27},1.000000,0.000000,0.000000,0.000000,1.000000,0.000000,-1.000000
0.047276887,2,105,union,256,29,1.000000,1.000000,1.000000,{"1":29},1.000000,0.000000,0.000000,0.000000,1.000000,0.000000,-1.000000
0.047276887,2,105,snapshot,256,440,1.000000,1.000000,1.000000,{"1":438,"2":2},0.995455,0.004545,0.000000,0.000000,0.995455,0.004545,1.000000
0.047276887,2,105,read_only,1024,27,1.000000,1.000000,1.000000,{"1":27},1.000000,0.000000,0.000000,0.000000,1.000000,0.000000,-1.000000
0.047276887,2,105,union,1024,29,1.000000,1.000000,1.000000,{"1":29},1.000000,0.000000,0.000000,0.000000,1.000000,0.000000,-1.000000
0.047276887,2,105,snapshot,1024,440,1.000000,1.000000,1.000000,{"1":438,"2":2},0.995455,0.004545,0.000000,0.000000,0.995455,0.004545,1.000000
0.047276887,2,105,read_only,4096,27,1.000000,1.000000,1.000000,{"1":27},1.000000,0.000000,0.000000,0.000000,1.000000,0.000000,-1.000000
0.047276887,2,105,union,4096,29,1.000000,1.000000,1.000000,{"1":29},1.000000,0.000000,0.000000,0.000000,1.000000,0.000000,-1.000000
0.047276887,2,105,snapshot,4096,440,1.000000,1.000000,1.000000,{"1":438,"2":2},0.995455,0.004545,0.000000,0.000000,0.995455,0.004545,1.000000
0.047276887,2,105,read_only,16384,27,1.000000,1.000000,1.000000,{"1":27},1.000000,0.000000,0.000000,0.000000,1.000000,0.000000,-1.000000
0.047276887,2,105,union,16384,29,1.000000,1.000000,1.000000,{"1":29},1.000000,0.000000,0.000000,0.000000,1.000000,0.000000,-1.000000
0.047276887,2,105,snapshot,16384,440,1.000000,1.000000,1.000000,{"1":438,"2":2},0.995455,0.004545,0.000000,0.000000,0.995455,0.004545,1.000000
0.047510068,2,106,snapshot,64,440,1.000000,1.000000,1.000000,{"1":438,"2":2},0.995455,0.004545,0.000000,0.000000,0.995455,0.004545,1.000000
0.047510068,2,106,snapshot,256,440,1.000000,1.000000,1.000000,{"1":438,"2":2},0.995455,0.004545,0.000000,0.000000,0.995455,0.004545,1.000000
0.047510068,2,106,snapshot,1024,440,1.000000,1.000000,1.000000,{"1":438,"2":2},0.995455,0.004545,0.000000,0.000000,0.995455,0.004545,1.000000
0.047510068,2,106,snapshot,4096,440,1.000000,1.000000,1.000000,{"1":438,"2":2},0.995455,0.004545,0.000000,0.000000,0.995455,0.004545,1.000000
0.047510068,2,106,snapshot,16384,440,1.000000,1.000000,1.000000,{"1":438,"2":2},0.995455,0.004545,0.000000,0.000000,0.995455,0.004545,1.000000
0.048109131,2,107,read_only,64,2,1.000000,1.000000,1.000000,{"1":2},1.000000,0.000000,0.000000,0.000000,1.000000,0.000000,-1.000000
0.048109131,2,107,union,64,2,1.000000,1.000000,1.000000,{"1":2},1.000000,0.000000,0.000000,0.000000,1.000000,0.000000,-1.000000
0.048109131,2,107,snapshot,64,442,1.000000,1.000000,1.000000,{"1":440,"2":2},0.995475,0.004525,0.000000,0.000000,0.995475,0.004525,1.000000
0.048109131,2,107,read_only,256,2,1.000000,1.000000,1.000000,{"1":2},1.000000,0.000000,0.000000,0.000000,1.000000,0.000000,-1.000000
0.048109131,2,107,union,256,2,1.000000,1.000000,1.000000,{"1":2},1.000000,0.000000,0.000000,0.000000,1.000000,0.000000,-1.000000
0.048109131,2,107,snapshot,256,442,1.000000,1.000000,1.000000,{"1":440,"2":2},0.995475,0.004525,0.000000,0.000000,0.995475,0.004525,1.000000
0.048109131,2,107,read_only,1024,2,1.000000,1.000000,1.000000,{"1":2},1.000000,0.000000,0.000000,0.000000,1.000000,0.000000,-1.000000
0.048109131,2,107,union,1024,2,1.000000,1.000000,1.000000,{"1":2},1.000000,0.000000,0.000000,0.000000,1.000000,0.000000,-1.000000
0.048109131,2,107,snapshot,1024,442,1.000000,1.000000,1.000000,{"1":440,"2":2},0.995475,0.004525,0.000000,0.000000,0.995475,0.004525,1.000000
0.048109131,2,107,read_only,4096,2,1.000000,1.000000,1.000000,{"1":2},1.000000,0.000000,0.000000,0.000000,1.000000,0.000000,-1.000000
0.048109131,2,107,union,4096,2,1.000000,1.000000,1.000000,{"1":2},1.000000,0.000000,0.000000,0.000000,1.000000,0.000000,-1.000000
0.048109131,2,107,snapshot,4096,442,1.000000,1.000000,1.000000,{"1":440,"2":2},0.995475,0.004525,0.000000,0.000000,0.995475,0.004525,1.000000
0.048109131,2,107,read_only,16384,2,1.000000,1.000000,1.000000,{"1":2},1.000000,0.000000,0.000000,0.000000,1.000000,0.000000,-1.000000
0.048109131,2,107,union,16384,2,1.000000,1.000000,1.000000,{"1":2},1.000000,0.000000,0.000000,0.000000,1.000000,0.000000,-1.000000
0.048109131,2,107,snapshot,16384,442,1.000000,1.000000,1.000000,{"1":440,"2":2},0.995475,0.004525,0.000000,0.000000,0.995475,0.004525,1.000000
0.048448975,2,108,snapshot,64,442,1.000000,1.000000,1.000000,{"1":440,"2":2},0.995475,0.004525,0.000000,0.000000,0.995475,0.004525,1.000000
0.048448975,2,108,snapshot,256,442,1.000000,1.000000,1.000000,{"1":440,"2":2},0.995475,0.004525,0.000000,0.000000,0.995475,0.004525,1.000000
0.048448975,2,108,snapshot,1024,442,1.000000,1.000000,1.000000,{"1":440,"2":2},0.995475,0.004525,0.000000,0.000000,0.995475,0.004525,1.000000
0.048448975,2,108,snapshot,4096,442,1.000000,1.000000,1.000000,{"1":440,"2":2},0.995475,0.004525,0.000000,0.000000,0.995475,0.004525,1.000000
0.048448975,2,108,snapshot,16384,442,1.000000,1.000000,1.000000,{"1":440,"2":2},0.995475,0.004525,0.000000,0.000000,0.995475,0.004525,1.000000
0.048752348,2,109,snapshot,64,442,1.000000,1.000000,1.000000,{"1":440,"2":2},0.995475,0.004525,0.000000,0.000000,0.995475,0.004525,1.000000
0.048752348,2,109,snapshot,256,442,1.000000,1.000000,1.000000,{"1":440,"2":2},0.995475,0.004525,0.000000,0.000000,0.995475,0.004525,1.000000
0.048752348,2,109,snapshot,1024,442,1.000000,1.000000,1.000000,{"1":440,"2":2},0.995475,0.004525,0.000000,0.000000,0.995475,0.004525,1.000000
0.048752348,2,109,snapshot,4096,442,1.000000,1.000000,1.000000,{"1":440,"2":2},0.995475,0.004525,0.000000,0.000000,0.995475,0.004525,1.000000
0.048752348,2,109,snapshot,16384,442,1.000000,1.000000,1.000000,{"1":440,"2":2},0.995475,0.004525,0.000000,0.000000,0.995475,0.004525,1.000000
0.048984398,2,110,snapshot,64,442,1.000000,1.000000,1.000000,{"1":440,"2":2},0.995475,0.004525,0.000000,0.000000,0.995475,0.004525,1.000000
0.048984398,2,110,snapshot,256,442,1.000000,1.000000,1.000000,{"1":440,"2":2},0.995475,0.004525,0.000000,0.000000,0.995475,0.004525,1.000000
0.048984398,2,110,snapshot,1024,442,1.000000,1.000000,1.000000,{"1":440,"2":2},0.995475,0.004525,0.000000,0.000000,0.995475,0.004525,1.000000
0.048984398,2,110,snapshot,4096,442,1.000000,1.000000,1.000000,{"1":440,"2":2},0.995475,0.004525,0.000000,0.000000,0.995475,0.004525,1.000000
0.048984398,2,110,snapshot,16384,442,1.000000,1.000000,1.000000,{"1":440,"2":2},0.995475,0.004525,0.000000,0.000000,0.995475,0.004525,1.000000
0.049218126,2,111,snapshot,64,442,1.000000,1.000000,1.000000,{"1":440,"2":2},0.995475,0.004525,0.000000,0.000000,0.995475,0.004525,1.000000
0.049218126,2,111,snapshot,256,442,1.000000,1.000000,1.000000,{"1":440,"2":2},0.995475,0.004525,0.000000,0.000000,0.995475,0.004525,1.000000
0.049218126,2,111,snapshot,1024,442,1.000000,1.000000,1.000000,{"1":440,"2":2},0.995475,0.004525,0.000000,0.000000,0.995475,0.004525,1.000000
0.049218126,2,111,snapshot,4096,442,1.000000,1.000000,1.000000,{"1":440,"2":2},0.995475,0.004525,0.000000,0.000000,0.995475,0.004525,1.000000
0.049218126,2,111,snapshot,16384,442,1.000000,1.000000,1.000000,{"1":440,"2":2},0.995475,0.004525,0.000000,0.000000,0.995475,0.004525,1.000000
0.049451853,2,112,snapshot,64,442,1.000000,1.000000,1.000000,{"1":440,"2":2},0.995475,0.004525,0.000000,0.000000,0.995475,0.004525,1.000000
0.049451853,2,112,snapshot,256,442,1.000000,1.000000,1.000000,{"1":440,"2":2},0.995475,0.004525,0.000000,0.000000,0.995475,0.004525,1.000000
0.049451853,2,112,snapshot,1024,442,1.000000,1.000000,1.000000,{"1":440,"2":2},0.995475,0.004525,0.000000,0.000000,0.995475,0.004525,1.000000
0.049451853,2,112,snapshot,4096,442,1.000000,1.000000,1.000000,{"1":440,"2":2},0.995475,0.004525,0.000000,0.000000,0.995475,0.004525,1.000000
0.049451853,2,112,snapshot,16384,442,1.000000,1.000000,1.000000,{"1":440,"2":2},0.995475,0.004525,0.000000,0.000000,0.995475,0.004525,1.000000
0.049685601,2,113,snapshot,64,442,1.000000,1.000000,1.000000,{"1":440,"2":2},0.995475,0.004525,0.000000,0.000000,0.995475,0.004525,1.000000
0.049685601,2,113,snapshot,256,442,1.000000,1.000000,1.000000,{"1":440,"2":2},0.995475,0.004525,0.000000,0.000000,0.995475,0.004525,1.000000
0.049685601,2,113,snapshot,1024,442,1.000000,1.000000,1.000000,{"1":440,"2":2},0.995475,0.004525,0.000000,0.000000,0.995475,0.004525,1.000000
0.049685601,2,113,snapshot,4096,442,1.000000,1.000000,1.000000,{"1":440,"2":2},0.995475,0.004525,0.000000,0.000000,0.995475,0.004525,1.000000
0.049685601,2,113,snapshot,16384,442,1.000000,1.000000,1.000000,{"1":440,"2":2},0.995475,0.004525,0.000000,0.000000,0.995475,0.004525,1.000000
0.049917370,2,114,snapshot,64,442,1.000000,1.000000,1.000000,{"1":440,"2":2},0.995475,0.004525,0.000000,0.000000,0.995475,0.004525,1.000000
0.049917370,2,114,snapshot,256,442,1.000000,1.000000,1.000000,{"1":440,"2":2},0.995475,0.004525,0.000000,0.000000,0.995475,0.004525,1.000000
0.049917370,2,114,snapshot,1024,442,1.000000,1.000000,1.000000,{"1":440,"2":2},0.995475,0.004525,0.000000,0.000000,0.995475,0.004525,1.000000
0.049917370,2,114,snapshot,4096,442,1.000000,1.000000,1.000000,{"1":440,"2":2},0.995475,0.004525,0.000000,0.000000,0.995475,0.004525,1.000000
0.049917370,2,114,snapshot,16384,442,1.000000,1.000000,1.000000,{"1":440,"2":2},0.995475,0.004525,0.000000,0.000000,0.995475,0.004525,1.000000
0.050151196,2,115,snapshot,64,442,1.000000,1.000000,1.000000,{"1":440,"2":2},0.995475,0.004525,0.000000,0.000000,0.995475,0.004525,1.000000
0.050151196,2,115,snapshot,256,442,1.000000,1.000000,1.000000,{"1":440,"2":2},0.995475,0.004525,0.000000,0.000000,0.995475,0.004525,1.000000
0.050151196,2,115,snapshot,1024,442,1.000000,1.000000,1.000000,{"1":440,"2":2},0.995475,0.004525,0.000000,0.000000,0.995475,0.004525,1.000000
0.050151196,2,115,snapshot,4096,442,1.000000,1.000000,1.000000,{"1":440,"2":2},0.995475,0.004525,0.000000,0.000000,0.995475,0.004525,1.000000
0.050151196,2,115,snapshot,16384,442,1.000000,1.000000,1.000000,{"1":440,"2":2},0.995475,0.004525,0.000000,0.000000,0.995475,0.004525,1.000000
0.050383370,2,116,snapshot,64,442,1.000000,1.000000,1.000000,{"1":440,"2":2},0.995475,0.004525,0.000000,0.000000,0.995475,0.004525,1.000000
0.050383370,2,116,snapshot,256,442,1.000000,1.000000,1.000000,{"1":440,"2":2},0.995475,0.004525,0.000000,0.000000,0.995475,0.004525,1.000000
0.050383370,2,116,snapshot,1024,442,1.000000,1.000000,1.000000,{"1":440,"2":2},0.995475,0.004525,0.000000,0.000000,0.995475,0.004525,1.000000
0.050383370,2,116,snapshot,4096,442,1.000000,1.000000,1.000000,{"1":440,"2":2},0.995475,0.004525,0.000000,0.000000,0.995475,0.004525,1.000000
0.050383370,2,116,snapshot,16384,442,1.000000,1.000000,1.000000,{"1":440,"2":2},0.995475,0.004525,0.000000,0.000000,0.995475,0.004525,1.000000
0.050616820,2,117,snapshot,64,442,1.000000,1.000000,1.000000,{"1":440,"2":2},0.995475,0.004525,0.000000,0.000000,0.995475,0.004525,1.000000
0.050616820,2,117,snapshot,256,442,1.000000,1.000000,1.000000,{"1":440,"2":2},0.995475,0.004525,0.000000,0.000000,0.995475,0.004525,1.000000
0.050616820,2,117,snapshot,1024,442,1.000000,1.000000,1.000000,{"1":440,"2":2},0.995475,0.004525,0.000000,0.000000,0.995475,0.004525,1.000000
0.050616820,2,117,snapshot,4096,442,1.000000,1.000000,1.000000,{"1":440,"2":2},0.995475,0.004525,0.000000,0.000000,0.995475,0.004525,1.000000
0.050616820,2,117,snapshot,16384,442,1.000000,1.000000,1.000000,{"1":440,"2":2},0.995475,0.004525,0.000000,0.000000,0.995475,0.004525,1.000000
0.050850995,2,118,snapshot,64,442,1.000000,1.000000,1.000000,{"1":440,"2":2},0.995475,0.004525,0.000000,0.000000,0.995475,0.004525,1.000000
0.050850995,2,118,snapshot,256,442,1.000000,1.000000,1.000000,{"1":440,"2":2},0.995475,0.004525,0.000000,0.000000,0.995475,0.004525,1.000000
0.050850995,2,118,snapshot,1024,442,1.000000,1.000000,1.000000,{"1":440,"2":2},0.995475,0.004525,0.000000,0.000000,0.995475,0.004525,1.000000
0.050850995,2,118,snapshot,4096,442,1.000000,1.000000,1.000000,{"1":440,"2":2},0.995475,0.004525,0.000000,0.000000,0.995475,0.004525,1.000000
0.050850995,2,118,snapshot,16384,442,1.000000,1.000000,1.000000,{"1":440,"2":2},0.995475,0.004525,0.000000,0.000000,0.995475,0.004525,1.000000
0.051084196,2,119,snapshot,64,442,1.000000,1.000000,1.000000,{"1":440,"2":2},0.995475,0.004525,0.000000,0.000000,0.995475,0.004525,1.000000
0.051084196,2,119,snapshot,256,442,1.000000,1.000000,1.000000,{"1":440,"2":2},0.995475,0.004525,0.000000,0.000000,0.995475,0.004525,1.000000
0.051084196,2,119,snapshot,1024,442,1.000000,1.000000,1.000000,{"1":440,"2":2},0.995475,0.004525,0.000000,0.000000,0.995475,0.004525,1.000000
0.051084196,2,119,snapshot,4096,442,1.000000,1.000000,1.000000,{"1":440,"2":2},0.995475,0.004525,0.000000,0.000000,0.995475,0.004525,1.000000
0.051084196,2,119,snapshot,16384,442,1.000000,1.000000,1.000000,{"1":440,"2":2},0.995475,0.004525,0.000000,0.000000,0.995475,0.004525,1.000000
0.051344259,2,120,union,64,2,1.000000,1.000000,1.000000,{"1":2},1.000000,0.000000,0.000000,0.000000,1.000000,0.000000,-1.000000
0.051344259,2,120,snapshot,64,444,1.000000,1.000000,1.000000,{"1":442,"2":2},0.995495,0.004505,0.000000,0.000000,0.995495,0.004505,1.000000
0.051344259,2,120,union,256,2,1.000000,1.000000,1.000000,{"1":2},1.000000,0.000000,0.000000,0.000000,1.000000,0.000000,-1.000000
0.051344259,2,120,snapshot,256,444,1.000000,1.000000,1.000000,{"1":442,"2":2},0.995495,0.004505,0.000000,0.000000,0.995495,0.004505,1.000000
0.051344259,2,120,union,1024,2,1.000000,1.000000,1.000000,{"1":2},1.000000,0.000000,0.000000,0.000000,1.000000,0.000000,-1.000000
0.051344259,2,120,snapshot,1024,444,1.000000,1.000000,1.000000,{"1":442,"2":2},0.995495,0.004505,0.000000,0.000000,0.995495,0.004505,1.000000
0.051344259,2,120,union,4096,2,1.000000,1.000000,1.000000,{"1":2},1.000000,0.000000,0.000000,0.000000,1.000000,0.000000,-1.000000
0.051344259,2,120,snapshot,4096,444,1.000000,1.000000,1.000000,{"1":442,"2":2},0.995495,0.004505,0.000000,0.000000,0.995495,0.004505,1.000000
0.051344259,2,120,union,16384,2,1.000000,1.000000,1.000000,{"1":2},1.000000,0.000000,0.000000,0.000000,1.000000,0.000000,-1.000000
0.051344259,2,120,snapshot,16384,444,1.000000,1.000000,1.000000,{"1":442,"2":2},0.995495,0.004505,0.000000,0.000000,0.995495,0.004505,1.000000
0.051590727,2,121,read_only,64,6,1.000000,1.000000,1.000000,{"1":6},1.000000,0.000000,0.000000,0.000000,1.000000,0.000000,-1.000000
0.051590727,2,121,union,64,6,1.000000,1.000000,1.000000,{"1":6},1.000000,0.000000,0.000000,0.000000,1.000000,0.000000,-1.000000
0.051590727,2,121,snapshot,64,450,1.000000,1.000000,1.000000,{"1":448,"2":2},0.995556,0.004444,0.000000,0.000000,0.995556,0.004444,1.000000
0.051590727,2,121,read_only,256,6,1.000000,1.000000,1.000000,{"1":6},1.000000,0.000000,0.000000,0.000000,1.000000,0.000000,-1.000000
0.051590727,2,121,union,256,6,1.000000,1.000000,1.000000,{"1":6},1.000000,0.000000,0.000000,0.000000,1.000000,0.000000,-1.000000
0.051590727,2,121,snapshot,256,450,1.000000,1.000000,1.000000,{"1":448,"2":2},0.995556,0.004444,0.000000,0.000000,0.995556,0.004444,1.000000
0.051590727,2,121,read_only,1024,6,1.000000,1.000000,1.000000,{"1":6},1.000000,0.000000,0.000000,0.000000,1.000000,0.000000,-1.000000
0.051590727,2,121,union,1024,6,1.000000,1.000000,1.000000,{"1":6},1.000000,0.000000,0.000000,0.000000,1.000000,0.000000,-1.000000
0.051590727,2,121,snapshot,1024,450,1.000000,1.000000,1.000000,{"1":448,"2":2},0.995556,0.004444,0.000000,0.000000,0.995556,0.004444,1.000000
0.051590727,2,121,read_only,4096,6,1.000000,1.000000,1.000000,{"1":6},1.000000,0.000000,0.000000,0.000000,1.000000,0.000000,-1.000000
0.051590727,2,121,union,4096,6,1.000000,1.000000,1.000000,{"1":6},1.000000,0.000000,0.000000,0.000000,1.000000,0.000000,-1.000000
0.051590727,2,121,snapshot,4096,450,1.000000,1.000000,1.000000,{"1":448,"2":2},0.995556,0.004444,0.000000,0.000000,0.995556,0.004444,1.000000
0.051590727,2,121,read_only,16384,6,1.000000,1.000000,1.000000,{"1":6},1.000000,0.000000,0.000000,0.000000,1.000000,0.000000,-1.000000
0.051590727,2,121,union,16384,6,1.000000,1.000000,1.000000,{"1":6},1.000000,0.000000,0.000000,0.000000,1.000000,0.000000,-1.000000
0.051590727,2,121,snapshot,16384,450,1.000000,1.000000,1.000000,{"1":448,"2":2},0.995556,0.004444,0.000000,0.000000,0.995556,0.004444,1.000000
0.051840619,2,122,union,64,5,1.000000,1.000000,1.000000,{"1":5},1.000000,0.000000,0.000000,0.000000,1.000000,0.000000,-1.000000
0.051840619,2,122,snapshot,64,453,1.000000,1.000000,1.000000,{"1":451,"2":2},0.995585,0.004415,0.000000,0.000000,0.995585,0.004415,1.000000
0.051840619,2,122,union,256,5,1.000000,1.000000,1.000000,{"1":5},1.000000,0.000000,0.000000,0.000000,1.000000,0.000000,-1.000000
0.051840619,2,122,snapshot,256,453,1.000000,1.000000,1.000000,{"1":451,"2":2},0.995585,0.004415,0.000000,0.000000,0.995585,0.004415,1.000000
0.051840619,2,122,union,1024,5,1.000000,1.000000,1.000000,{"1":5},1.000000,0.000000,0.000000,0.000000,1.000000,0.000000,-1.000000
0.051840619,2,122,snapshot,1024,453,1.000000,1.000000,1.000000,{"1":451,"2":2},0.995585,0.004415,0.000000,0.000000,0.995585,0.004415,1.000000
0.051840619,2,122,union,4096,5,1.000000,1.000000,1.000000,{"1":5},1.000000,0.000000,0.000000,0.000000,1.000000,0.000000,-1.000000
0.051840619,2,122,snapshot,4096,453,1.000000,1.000000,1.000000,{"1":451,"2":2},0.995585,0.004415,0.000000,0.000000,0.995585,0.004415,1.000000
0.051840619,2,122,union,16384,5,1.000000,1.000000,1.000000,{"1":5},1.000000,0.000000,0.000000,0.000000,1.000000,0.000000,-1.000000
0.051840619,2,122,snapshot,16384,453,1.000000,1.000000,1.000000,{"1":451,"2":2},0.995585,0.004415,0.000000,0.000000,0.995585,0.004415,1.000000
0.052080620,2,123,union,64,4,1.000000,1.000000,1.000000,{"1":4},1.000000,0.000000,0.000000,0.000000,1.000000,0.000000,-1.000000
0.052080620,2,123,snapshot,64,453,1.000000,1.000000,1.000000,{"1":451,"2":2},0.995585,0.004415,0.000000,0.000000,0.995585,0.004415,1.000000
0.052080620,2,123,union,256,4,1.000000,1.000000,1.000000,{"1":4},1.000000,0.000000,0.000000,0.000000,1.000000,0.000000,-1.000000
0.052080620,2,123,snapshot,256,453,1.000000,1.000000,1.000000,{"1":451,"2":2},0.995585,0.004415,0.000000,0.000000,0.995585,0.004415,1.000000
0.052080620,2,123,union,1024,4,1.000000,1.000000,1.000000,{"1":4},1.000000,0.000000,0.000000,0.000000,1.000000,0.000000,-1.000000
0.052080620,2,123,snapshot,1024,453,1.000000,1.000000,1.000000,{"1":451,"2":2},0.995585,0.004415,0.000000,0.000000,0.995585,0.004415,1.000000
0.052080620,2,123,union,4096,4,1.000000,1.000000,1.000000,{"1":4},1.000000,0.000000,0.000000,0.000000,1.000000,0.000000,-1.000000
0.052080620,2,123,snapshot,4096,453,1.000000,1.000000,1.000000,{"1":451,"2":2},0.995585,0.004415,0.000000,0.000000,0.995585,0.004415,1.000000
0.052080620,2,123,union,16384,4,1.000000,1.000000,1.000000,{"1":4},1.000000,0.000000,0.000000,0.000000,1.000000,0.000000,-1.000000
0.052080620,2,123,snapshot,16384,453,1.000000,1.000000,1.000000,{"1":451,"2":2},0.995585,0.004415,0.000000,0.000000,0.995585,0.004415,1.000000
0.052313801,2,124,snapshot,64,453,1.000000,1.000000,1.000000,{"1":451,"2":2},0.995585,0.004415,0.000000,0.000000,0.995585,0.004415,1.000000
0.052313801,2,124,snapshot,256,453,1.000000,1.000000,1.000000,{"1":451,"2":2},0.995585,0.004415,0.000000,0.000000,0.995585,0.004415,1.000000
0.052313801,2,124,snapshot,1024,453,1.000000,1.000000,1.000000,{"1":451,"2":2},0.995585,0.004415,0.000000,0.000000,0.995585,0.004415,1.000000
0.052313801,2,124,snapshot,4096,453,1.000000,1.000000,1.000000,{"1":451,"2":2},0.995585,0.004415,0.000000,0.000000,0.995585,0.004415,1.000000
0.052313801,2,124,snapshot,16384,453,1.000000,1.000000,1.000000,{"1":451,"2":2},0.995585,0.004415,0.000000,0.000000,0.995585,0.004415,1.000000
0.052549158,2,125,snapshot,64,453,1.000000,1.000000,1.000000,{"1":451,"2":2},0.995585,0.004415,0.000000,0.000000,0.995585,0.004415,1.000000
0.052549158,2,125,snapshot,256,453,1.000000,1.000000,1.000000,{"1":451,"2":2},0.995585,0.004415,0.000000,0.000000,0.995585,0.004415,1.000000
0.052549158,2,125,snapshot,1024,453,1.000000,1.000000,1.000000,{"1":451,"2":2},0.995585,0.004415,0.000000,0.000000,0.995585,0.004415,1.000000
0.052549158,2,125,snapshot,4096,453,1.000000,1.000000,1.000000,{"1":451,"2":2},0.995585,0.004415,0.000000,0.000000,0.995585,0.004415,1.000000
0.052549158,2,125,snapshot,16384,453,1.000000,1.000000,1.000000,{"1":451,"2":2},0.995585,0.004415,0.000000,0.000000,0.995585,0.004415,1.000000
0.052785125,2,126,snapshot,64,453,1.000000,1.000000,1.000000,{"1":451,"2":2},0.995585,0.004415,0.000000,0.000000,0.995585,0.004415,1.000000
0.052785125,2,126,snapshot,256,453,1.000000,1.000000,1.000000,{"1":451,"2":2},0.995585,0.004415,0.000000,0.000000,0.995585,0.004415,1.000000
0.052785125,2,126,snapshot,1024,453,1.000000,1.000000,1.000000,{"1":451,"2":2},0.995585,0.004415,0.000000,0.000000,0.995585,0.004415,1.000000
0.052785125,2,126,snapshot,4096,453,1.000000,1.000000,1.000000,{"1":451,"2":2},0.995585,0.004415,0.000000,0.000000,0.995585,0.004415,1.000000
0.052785125,2,126,snapshot,16384,453,1.000000,1.000000,1.000000,{"1":451,"2":2},0.995585,0.004415,0.000000,0.000000,0.995585,0.004415,1.000000
0.053018307,2,127,snapshot,64,453,1.000000,1.000000,1.000000,{"1":451,"2":2},0.995585,0.004415,0.000000,0.000000,0.995585,0.004415,1.000000
0.053018307,2,127,snapshot,256,453,1.000000,1.000000,1.000000,{"1":451,"2":2},0.995585,0.004415,0.000000,0.000000,0.995585,0.004415,1.000000
0.053018307,2,127,snapshot,1024,453,1.000000,1.000000,1.000000,{"1":451,"2":2},0.995585,0.004415,0.000000,0.000000,0.995585,0.004415,1.000000
0.053018307,2,127,snapshot,4096,453,1.000000,1.000000,1.000000,{"1":451,"2":2},0.995585,0.004415,0.000000,0.000000,0.995585,0.004415,1.000000
0.053018307,2,127,snapshot,16384,453,1.000000,1.000000,1.000000,{"1":451,"2":2},0.995585,0.004415,0.000000,0.000000,0.995585,0.004415,1.000000
0.053250542,2,128,snapshot,64,453,1.000000,1.000000,1.000000,{"1":451,"2":2},0.995585,0.004415,0.000000,0.000000,0.995585,0.004415,1.000000
0.053250542,2,128,snapshot,256,453,1.000000,1.000000,1.000000,{"1":451,"2":2},0.995585,0.004415,0.000000,0.000000,0.995585,0.004415,1.000000
0.053250542,2,128,snapshot,1024,453,1.000000,1.000000,1.000000,{"1":451,"2":2},0.995585,0.004415,0.000000,0.000000,0.995585,0.004415,1.000000
0.053250542,2,128,snapshot,4096,453,1.000000,1.000000,1.000000,{"1":451,"2":2},0.995585,0.004415,0.000000,0.000000,0.995585,0.004415,1.000000
0.053250542,2,128,snapshot,16384,453,1.000000,1.000000,1.000000,{"1":451,"2":2},0.995585,0.004415,0.000000,0.000000,0.995585,0.004415,1.000000
0.053483700,2,129,snapshot,64,453,1.000000,1.000000,1.000000,{"1":451,"2":2},0.995585,0.004415,0.000000,0.000000,0.995585,0.004415,1.000000
0.053483700,2,129,snapshot,256,453,1.000000,1.000000,1.000000,{"1":451,"2":2},0.995585,0.004415,0.000000,0.000000,0.995585,0.004415,1.000000
0.053483700,2,129,snapshot,1024,453,1.000000,1.000000,1.000000,{"1":451,"2":2},0.995585,0.004415,0.000000,0.000000,0.995585,0.004415,1.000000
0.053483700,2,129,snapshot,4096,453,1.000000,1.000000,1.000000,{"1":451,"2":2},0.995585,0.004415,0.000000,0.000000,0.995585,0.004415,1.000000
0.053483700,2,129,snapshot,16384,453,1.000000,1.000000,1.000000,{"1":451,"2":2},0.995585,0.004415,0.000000,0.000000,0.995585,0.004415,1.000000
0.053716664,2,130,snapshot,64,453,1.000000,1.000000,1.000000,{"1":451,"2":2},0.995585,0.004415,0.000000,0.000000,0.995585,0.004415,1.000000
0.053716664,2,130,snapshot,256,453,1.000000,1.000000,1.000000,{"1":451,"2":2},0.995585,0.004415,0.000000,0.000000,0.995585,0.004415,1.000000
0.053716664,2,130,snapshot,1024,453,1.000000,1.000000,1.000000,{"1":451,"2":2},0.995585,0.004415,0.000000,0.000000,0.995585,0.004415,1.000000
0.053716664,2,130,snapshot,4096,453,1.000000,1.000000,1.000000,{"1":451,"2":2},0.995585,0.004415,0.000000,0.000000,0.995585,0.004415,1.000000
0.053716664,2,130,snapshot,16384,453,1.000000,1.000000,1.000000,{"1":451,"2":2},0.995585,0.004415,0.000000,0.000000,0.995585,0.004415,1.000000
0.053975581,2,131,snapshot,64,453,1.000000,1.000000,1.000000,{"1":451,"2":2},0.995585,0.004415,0.000000,0.000000,0.995585,0.004415,1.000000
0.053975581,2,131,snapshot,256,453,1.000000,1.000000,1.000000,{"1":451,"2":2},0.995585,0.004415,0.000000,0.000000,0.995585,0.004415,1.000000
0.053975581,2,131,snapshot,1024,453,1.000000,1.000000,1.000000,{"1":451,"2":2},0.995585,0.004415,0.000000,0.000000,0.995585,0.004415,1.000000
0.053975581,2,131,snapshot,4096,453,1.000000,1.000000,1.000000,{"1":451,"2":2},0.995585,0.004415,0.000000,0.000000,0.995585,0.004415,1.000000
0.053975581,2,131,snapshot,16384,453,1.000000,1.000000,1.000000,{"1":451,"2":2},0.995585,0.004415,0.000000,0.000000,0.995585,0.004415,1.000000
0.054458615,2,132,read_only,64,40,1.000000,1.000000,1.000000,{"1":40},1.000000,0.000000,0.000000,0.000000,1.000000,0.000000,-1.000000
0.054458615,2,132,union,64,43,1.000000,1.000000,1.000000,{"1":43},1.000000,0.000000,0.000000,0.000000,1.000000,0.000000,-1.000000
0.054458615,2,132,snapshot,64,495,1.000000,1.000000,1.000000,{"1":493,"2":2},0.995960,0.004040,0.000000,0.000000,0.995960,0.004040,1.000000
0.054458615,2,132,read_only,256,40,1.000000,1.000000,1.000000,{"1":40},1.000000,0.000000,0.000000,0.000000,1.000000,0.000000,-1.000000
0.054458615,2,132,union,256,43,1.000000,1.000000,1.000000,{"1":43},1.000000,0.000000,0.000000,0.000000,1.000000,0.000000,-1.000000
0.054458615,2,132,snapshot,256,495,1.000000,1.000000,1.000000,{"1":493,"2":2},0.995960,0.004040,0.000000,0.000000,0.995960,0.004040,1.000000
0.054458615,2,132,read_only,1024,40,1.000000,1.000000,1.000000,{"1":40},1.000000,0.000000,0.000000,0.000000,1.000000,0.000000,-1.000000
0.054458615,2,132,union,1024,43,1.000000,1.000000,1.000000,{"1":43},1.000000,0.000000,0.000000,0.000000,1.000000,0.000000,-1.000000
0.054458615,2,132,snapshot,1024,495,1.000000,1.000000,1.000000,{"1":493,"2":2},0.995960,0.004040,0.000000,0.000000,0.995960,0.004040,1.000000
0.054458615,2,132,read_only,4096,40,1.000000,1.000000,1.000000,{"1":40},1.000000,0.000000,0.000000,0.000000,1.000000,0.000000,-1.000000
0.054458615,2,132,union,4096,43,1.000000,1.000000,1.000000,{"1":43},1.000000,0.000000,0.000000,0.000000,1.000000,0.000000,-1.000000
0.054458615,2,132,snapshot,4096,495,1.000000,1.000000,1.000000,{"1":493,"2":2},0.995960,0.004040,0.000000,0.000000,0.995960,0.004040,1.000000
0.054458615,2,132,read_only,16384,40,1.000000,1.000000,1.000000,{"1":40},1.000000,0.000000,0.000000,0.000000,1.000000,0.000000,-1.000000
0.054458615,2,132,union,16384,43,1.000000,1.000000,1.000000,{"1":43},1.000000,0.000000,0.000000,0.000000,1.000000,0.000000,-1.000000
0.054458615,2,132,snapshot,16384,495,1.000000,1.000000,1.000000,{"1":493,"2":2},0.995960,0.004040,0.000000,0.000000,0.995960,0.004040,1.000000
0.054760533,2,133,union,64,2,1.000000,1.000000,1.000000,{"1":2},1.000000,0.000000,0.000000,0.000000,1.000000,0.000000,-1.000000
0.054760533,2,133,snapshot,64,495,1.000000,1.000000,1.000000,{"1":493,"2":2},0.995960,0.004040,0.000000,0.000000,0.995960,0.004040,1.000000
0.054760533,2,133,union,256,2,1.000000,1.000000,1.000000,{"1":2},1.000000,0.000000,0.000000,0.000000,1.000000,0.000000,-1.000000
0.054760533,2,133,snapshot,256,495,1.000000,1.000000,1.000000,{"1":493,"2":2},0.995960,0.004040,0.000000,0.000000,0.995960,0.004040,1.000000
0.054760533,2,133,union,1024,2,1.000000,1.000000,1.000000,{"1":2},1.000000,0.000000,0.000000,0.000000,1.000000,0.000000,-1.000000
0.054760533,2,133,snapshot,1024,495,1.000000,1.000000,1.000000,{"1":493,"2":2},0.995960,0.004040,0.000000,0.000000,0.995960,0.004040,1.000000
0.054760533,2,133,union,4096,2,1.000000,1.000000,1.000000,{"1":2},1.000000,0.000000,0.000000,0.000000,1.000000,0.000000,-1.000000
0.054760533,2,133,snapshot,4096,495,1.000000,1.000000,1.000000,{"1":493,"2":2},0.995960,0.004040,0.000000,0.000000,0.995960,0.004040,1.000000
0.054760533,2,133,union,16384,2,1.000000,1.000000,1.000000,{"1":2},1.000000,0.000000,0.000000,0.000000,1.000000,0.000000,-1.000000
0.054760533,2,133,snapshot,16384,495,1.000000,1.000000,1.000000,{"1":493,"2":2},0.995960,0.004040,0.000000,0.000000,0.995960,0.004040,1.000000
0.055000337,2,134,read_only,64,1,1.000000,1.000000,1.000000,{"1":1},1.000000,0.000000,0.000000,0.000000,1.000000,0.000000,-1.000000
0.055000337,2,134,union,64,1,1.000000,1.000000,1.000000,{"1":1},1.000000,0.000000,0.000000,0.000000,1.000000,0.000000,-1.000000
0.055000337,2,134,snapshot,64,496,1.000000,1.000000,1.000000,{"1":494,"2":2},0.995968,0.004032,0.000000,0.000000,0.995968,0.004032,1.000000
0.055000337,2,134,read_only,256,1,1.000000,1.000000,1.000000,{"1":1},1.000000,0.000000,0.000000,0.000000,1.000000,0.000000,-1.000000
0.055000337,2,134,union,256,1,1.000000,1.000000,1.000000,{"1":1},1.000000,0.000000,0.000000,0.000000,1.000000,0.000000,-1.000000
0.055000337,2,134,snapshot,256,496,1.000000,1.000000,1.000000,{"1":494,"2":2},0.995968,0.004032,0.000000,0.000000,0.995968,0.004032,1.000000
0.055000337,2,134,read_only,1024,1,1.000000,1.000000,1.000000,{"1":1},1.000000,0.000000,0.000000,0.000000,1.000000,0.000000,-1.000000
0.055000337,2,134,union,1024,1,1.000000,1.000000,1.000000,{"1":1},1.000000,0.000000,0.000000,0.000000,1.000000,0.000000,-1.000000
0.055000337,2,134,snapshot,1024,496,1.000000,1.000000,1.000000,{"1":494,"2":2},0.995968,0.004032,0.000000,0.000000,0.995968,0.004032,1.000000
0.055000337,2,134,read_only,4096,1,1.000000,1.000000,1.000000,{"1":1},1.000000,0.000000,0.000000,0.000000,1.000000,0.000000,-1.000000
0.055000337,2,134,union,4096,1,1.000000,1.000000,1.000000,{"1":1},1.000000,0.000000,0.000000,0.000000,1.000000,0.000000,-1.000000
0.055000337,2,134,snapshot,4096,496,1.000000,1.000000,1.000000,{"1":494,"2":2},0.995968,0.004032,0.000000,0.000000,0.995968,0.004032,1.000000
0.055000337,2,134,read_only,16384,1,1.000000,1.000000,1.000000,{"1":1},1.000000,0.000000,0.000000,0.000000,1.000000,0.000000,-1.000000
0.055000337,2,134,union,16384,1,1.000000,1.000000,1.000000,{"1":1},1.000000,0.000000,0.000000,0.000000,1.000000,0.000000,-1.000000
0.055000337,2,134,snapshot,16384,496,1.000000,1.000000,1.000000,{"1":494,"2":2},0.995968,0.004032,0.000000,0.000000,0.995968,0.004032,1.000000
0.055637962,2,135,read_only,64,20,1.000000,1.000000,1.000000,{"1":20},1.000000,0.000000,0.000000,0.000000,1.000000,0.000000,-1.000000
0.055637962,2,135,union,64,25,1.000000,1.000000,1.000000,{"1":25},1.000000,0.000000,0.000000,0.000000,1.000000,0.000000,-1.000000
0.055637962,2,135,snapshot,64,521,1.000000,1.000000,1.000000,{"1":519,"2":2},0.996161,0.003839,0.000000,0.000000,0.996161,0.003839,1.000000
0.055637962,2,135,read_only,256,20,1.000000,1.000000,1.000000,{"1":20},1.000000,0.000000,0.000000,0.000000,1.000000,0.000000,-1.000000
0.055637962,2,135,union,256,25,1.000000,1.000000,1.000000,{"1":25},1.000000,0.000000,0.000000,0.000000,1.000000,0.000000,-1.000000
0.055637962,2,135,snapshot,256,521,1.000000,1.000000,1.000000,{"1":519,"2":2},0.996161,0.003839,0.000000,0.000000,0.996161,0.003839,1.000000
0.055637962,2,135,read_only,1024,20,1.000000,1.000000,1.000000,{"1":20},1.000000,0.000000,0.000000,0.000000,1.000000,0.000000,-1.000000
0.055637962,2,135,union,1024,25,1.000000,1.000000,1.000000,{"1":25},1.000000,0.000000,0.000000,0.000000,1.000000,0.000000,-1.000000
0.055637962,2,135,snapshot,1024,521,1.000000,1.000000,1.000000,{"1":519,"2":2},0.996161,0.003839,0.000000,0.000000,0.996161,0.003839,1.000000
0.055637962,2,135,read_only,4096,20,1.000000,1.000000,1.000000,{"1":20},1.000000,0.000000,0.000000,0.000000,1.000000,0.000000,-1.000000
0.055637962,2,135,union,4096,25,1.000000,1.000000,1.000000,{"1":25},1.000000,0.000000,0.000000,0.000000,1.000000,0.000000,-1.000000
0.055637962,2,135,snapshot,4096,521,1.000000,1.000000,1.000000,{"1":519,"2":2},0.996161,0.003839,0.000000,0.000000,0.996161,0.003839,1.000000
0.055637962,2,135,read_only,16384,20,1.000000,1.000000,1.000000,{"1":20},1.000000,0.000000,0.000000,0.000000,1.000000,0.000000,-1.000000
0.055637962,2,135,union,16384,25,1.000000,1.000000,1.000000,{"1":25},1.000000,0.000000,0.000000,0.000000,1.000000,0.000000,-1.000000
0.055637962,2,135,snapshot,16384,521,1.000000,1.000000,1.000000,{"1":519,"2":2},0.996161,0.003839,0.000000,0.000000,0.996161,0.003839,1.000000
0.056042849,2,136,read_only,64,18,1.000000,1.000000,1.000000,{"1":18},1.000000,0.000000,0.000000,0.000000,1.000000,0.000000,-1.000000
0.056042849,2,136,union,64,31,1.000000,1.000000,1.000000,{"1":31},1.000000,0.000000,0.000000,0.000000,1.000000,0.000000,-1.000000
0.056042849,2,136,snapshot,64,547,1.000000,1.000000,1.000000,{"1":545,"2":2},0.996344,0.003656,0.000000,0.000000,0.996344,0.003656,1.000000
0.056042849,2,136,read_only,256,18,1.000000,1.000000,1.000000,{"1":18},1.000000,0.000000,0.000000,0.000000,1.000000,0.000000,-1.000000
0.056042849,2,136,union,256,31,1.000000,1.000000,1.000000,{"1":31},1.000000,0.000000,0.000000,0.000000,1.000000,0.000000,-1.000000
0.056042849,2,136,snapshot,256,547,1.000000,1.000000,1.000000,{"1":545,"2":2},0.996344,0.003656,0.000000,0.000000,0.996344,0.003656,1.000000
0.056042849,2,136,read_only,1024,18,1.000000,1.000000,1.000000,{"1":18},1.000000,0.000000,0.000000,0.000000,1.000000,0.000000,-1.000000
0.056042849,2,136,union,1024,31,1.000000,1.000000,1.000000,{"1":31},1.000000,0.000000,0.000000,0.000000,1.000000,0.000000,-1.000000
0.056042849,2,136,snapshot,1024,547,1.000000,1.000000,1.000000,{"1":545,"2":2},0.996344,0.003656,0.000000,0.000000,0.996344,0.003656,1.000000
0.056042849,2,136,read_only,4096,18,1.000000,1.000000,1.000000,{"1":18},1.000000,0.000000,0.000000,0.000000,1.000000,0.000000,-1.000000
0.056042849,2,136,union,4096,31,1.000000,1.000000,1.000000,{"1":31},1.000000,0.000000,0.000000,0.000000,1.000000,0.000000,-1.000000
0.056042849,2,136,snapshot,4096,547,1.000000,1.000000,1.000000,{"1":545,"2":2},0.996344,0.003656,0.000000,0.000000,0.996344,0.003656,1.000000
0.056042849,2,136,read_only,16384,18,1.000000,1.000000,1.000000,{"1":18},1.000000,0.000000,0.000000,0.000000,1.000000,0.000000,-1.000000
0.056042849,2,136,union,16384,31,1.000000,1.000000,1.000000,{"1":31},1.000000,0.000000,0.000000,0.000000,1.000000,0.000000,-1.000000
0.056042849,2,136,snapshot,16384,547,1.000000,1.000000,1.000000,{"1":545,"2":2},0.996344,0.003656,0.000000,0.000000,0.996344,0.003656,1.000000
0.057116359,2,137,read_only,64,63,1.000000,1.000000,1.000000,{"1":63},1.000000,0.000000,0.000000,0.000000,1.000000,0.000000,-1.000000
0.057116359,2,137,union,64,82,1.000000,1.000000,1.000000,{"1":82},1.000000,0.000000,0.000000,0.000000,1.000000,0.000000,-1.000000
0.057116359,2,137,snapshot,64,621,1.000000,1.000000,1.000000,{"1":619,"2":2},0.996779,0.003221,0.000000,0.000000,0.996779,0.003221,1.000000
0.057116359,2,137,read_only,256,63,1.000000,1.000000,1.000000,{"1":63},1.000000,0.000000,0.000000,0.000000,1.000000,0.000000,-1.000000
0.057116359,2,137,union,256,82,1.000000,1.000000,1.000000,{"1":82},1.000000,0.000000,0.000000,0.000000,1.000000,0.000000,-1.000000
0.057116359,2,137,snapshot,256,621,1.000000,1.000000,1.000000,{"1":619,"2":2},0.996779,0.003221,0.000000,0.000000,0.996779,0.003221,1.000000
0.057116359,2,137,read_only,1024,63,1.000000,1.000000,1.000000,{"1":63},1.000000,0.000000,0.000000,0.000000,1.000000,0.000000,-1.000000
0.057116359,2,137,union,1024,82,1.000000,1.000000,1.000000,{"1":82},1.000000,0.000000,0.000000,0.000000,1.000000,0.000000,-1.000000
0.057116359,2,137,snapshot,1024,621,1.000000,1.000000,1.000000,{"1":619,"2":2},0.996779,0.003221,0.000000,0.000000,0.996779,0.003221,1.000000
0.057116359,2,137,read_only,4096,63,1.000000,1.000000,1.000000,{"1":63},1.000000,0.000000,0.000000,0.000000,1.000000,0.000000,-1.000000
0.057116359,2,137,union,4096,82,1.000000,1.000000,1.000000,{"1":82},1.000000,0.000000,0.000000,0.000000,1.000000,0.000000,-1.000000
0.057116359,2,137,snapshot,4096,621,1.000000,1.000000,1.000000,{"1":619,"2":2},0.996779,0.003221,0.000000,0.000000,0.996779,0.003221,1.000000
0.057116359,2,137,read_only,16384,63,1.000000,1.000000,1.000000,{"1":63},1.000000,0.000000,0.000000,0.000000,1.000000,0.000000,-1.000000
0.057116359,2,137,union,16384,82,1.000000,1.000000,1.000000,{"1":82},1.000000,0.000000,0.000000,0.000000,1.000000,0.000000,-1.000000
0.057116359,2,137,snapshot,16384,621,1.000000,1.000000,1.000000,{"1":619,"2":2},0.996779,0.003221,0.000000,0.000000,0.996779,0.003221,1.000000
0.057360574,2,138,snapshot,64,621,1.000000,1.000000,1.000000,{"1":619,"2":2},0.996779,0.003221,0.000000,0.000000,0.996779,0.003221,1.000000
0.057360574,2,138,snapshot,256,621,1.000000,1.000000,1.000000,{"1":619,"2":2},0.996779,0.003221,0.000000,0.000000,0.996779,0.003221,1.000000
0.057360574,2,138,snapshot,1024,621,1.000000,1.000000,1.000000,{"1":619,"2":2},0.996779,0.003221,0.000000,0.000000,0.996779,0.003221,1.000000
0.057360574,2,138,snapshot,4096,621,1.000000,1.000000,1.000000,{"1":619,"2":2},0.996779,0.003221,0.000000,0.000000,0.996779,0.003221,1.000000
0.057360574,2,138,snapshot,16384,621,1.000000,1.000000,1.000000,{"1":619,"2":2},0.996779,0.003221,0.000000,0.000000,0.996779,0.003221,1.000000
0.057598261,2,139,union,64,1,1.000000,1.000000,1.000000,{"1":1},1.000000,0.000000,0.000000,0.000000,1.000000,0.000000,-1.000000
0.057598261,2,139,snapshot,64,621,1.000000,1.000000,1.000000,{"1":619,"2":2},0.996779,0.003221,0.000000,0.000000,0.996779,0.003221,1.000000
0.057598261,2,139,union,256,1,1.000000,1.000000,1.000000,{"1":1},1.000000,0.000000,0.000000,0.000000,1.000000,0.000000,-1.000000
0.057598261,2,139,snapshot,256,621,1.000000,1.000000,1.000000,{"1":619,"2":2},0.996779,0.003221,0.000000,0.000000,0.996779,0.003221,1.000000
0.057598261,2,139,union,1024,1,1.000000,1.000000,1.000000,{"1":1},1.000000,0.000000,0.000000,0.000000,1.000000,0.000000,-1.000000
0.057598261,2,139,snapshot,1024,621,1.000000,1.000000,1.000000,{"1":619,"2":2},0.996779,0.003221,0.000000,0.000000,0.996779,0.003221,1.000000
0.057598261,2,139,union,4096,1,1.000000,1.000000,1.000000,{"1":1},1.000000,0.000000,0.000000,0.000000,1.000000,0.000000,-1.000000
0.057598261,2,139,snapshot,4096,621,1.000000,1.000000,1.000000,{"1":619,"2":2},0.996779,0.003221,0.000000,0.000000,0.996779,0.003221,1.000000
0.057598261,2,139,union,16384,1,1.000000,1.000000,1.000000,{"1":1},1.000000,0.000000,0.000000,0.000000,1.000000,0.000000,-1.000000
0.057598261,2,139,snapshot,16384,621,1.000000,1.000000,1.000000,{"1":619,"2":2},0.996779,0.003221,0.000000,0.000000,0.996779,0.003221,1.000000
0.057835439,2,140,snapshot,64,621,1.000000,1.000000,1.000000,{"1":619,"2":2},0.996779,0.003221,0.000000,0.000000,0.996779,0.003221,1.000000
0.057835439,2,140,snapshot,256,621,1.000000,1.000000,1.000000,{"1":619,"2":2},0.996779,0.003221,0.000000,0.000000,0.996779,0.003221,1.000000
0.057835439,2,140,snapshot,1024,621,1.000000,1.000000,1.000000,{"1":619,"2":2},0.996779,0.003221,0.000000,0.000000,0.996779,0.003221,1.000000
0.057835439,2,140,snapshot,4096,621,1.000000,1.000000,1.000000,{"1":619,"2":2},0.996779,0.003221,0.000000,0.000000,0.996779,0.003221,1.000000
0.057835439,2,140,snapshot,16384,621,1.000000,1.000000,1.000000,{"1":619,"2":2},0.996779,0.003221,0.000000,0.000000,0.996779,0.003221,1.000000
0.058082578,2,141,read_only,64,1,1.000000,1.000000,1.000000,{"1":1},1.000000,0.000000,0.000000,0.000000,1.000000,0.000000,-1.000000
0.058082578,2,141,union,64,3,1.000000,1.000000,1.000000,{"1":3},1.000000,0.000000,0.000000,0.000000,1.000000,0.000000,-1.000000
0.058082578,2,141,snapshot,64,623,1.000000,1.000000,1.000000,{"1":621,"2":2},0.996790,0.003210,0.000000,0.000000,0.996790,0.003210,1.000000
0.058082578,2,141,read_only,256,1,1.000000,1.000000,1.000000,{"1":1},1.000000,0.000000,0.000000,0.000000,1.000000,0.000000,-1.000000
0.058082578,2,141,union,256,3,1.000000,1.000000,1.000000,{"1":3},1.000000,0.000000,0.000000,0.000000,1.000000,0.000000,-1.000000
0.058082578,2,141,snapshot,256,623,1.000000,1.000000,1.000000,{"1":621,"2":2},0.996790,0.003210,0.000000,0.000000,0.996790,0.003210,1.000000
0.058082578,2,141,read_only,1024,1,1.000000,1.000000,1.000000,{"1":1},1.000000,0.000000,0.000000,0.000000,1.000000,0.000000,-1.000000
0.058082578,2,141,union,1024,3,1.000000,1.000000,1.000000,{"1":3},1.000000,0.000000,0.000000,0.000000,1.000000,0.000000,-1.000000
0.058082578,2,141,snapshot,1024,623,1.000000,1.000000,1.000000,{"1":621,"2":2},0.996790,0.003210,0.000000,0.000000,0.996790,0.003210,1.000000
0.058082578,2,141,read_only,4096,1,1.000000,1.000000,1.000000,{"1":1},1.000000,0.000000,0.000000,0.000000,1.000000,0.000000,-1.000000
0.058082578,2,141,union,4096,3,1.000000,1.000000,1.000000,{"1":3},1.000000,0.000000,0.000000,0.000000,1.000000,0.000000,-1.000000
0.058082578,2,141,snapshot,4096,623,1.000000,1.000000,1.000000,{"1":621,"2":2},0.996790,0.003210,0.000000,0.000000,0.996790,0.003210,1.000000
0.058082578,2,141,read_only,16384,1,1.000000,1.000000,1.000000,{"1":1},1.000000,0.000000,0.000000,0.000000,1.000000,0.000000,-1.000000
0.058082578,2,141,union,16384,3,1.000000,1.000000,1.000000,{"1":3},1.000000,0.000000,0.000000,0.000000,1.000000,0.000000,-1.000000
0.058082578,2,141,snapshot,16384,623,1.000000,1.000000,1.000000,{"1":621,"2":2},0.996790,0.003210,0.000000,0.000000,0.996790,0.003210,1.000000
0.058333820,2,142,read_only,64,4,1.000000,1.000000,1.000000,{"1":4},1.000000,0.000000,0.000000,0.000000,1.000000,0.000000,-1.000000
0.058333820,2,142,union,64,7,1.000000,1.000000,1.000000,{"1":7},1.000000,0.000000,0.000000,0.000000,1.000000,0.000000,-1.000000
0.058333820,2,142,snapshot,64,630,1.000000,1.000000,1.000000,{"1":628,"2":2},0.996825,0.003175,0.000000,0.000000,0.996825,0.003175,1.000000
0.058333820,2,142,read_only,256,4,1.000000,1.000000,1.000000,{"1":4},1.000000,0.000000,0.000000,0.000000,1.000000,0.000000,-1.000000
0.058333820,2,142,union,256,7,1.000000,1.000000,1.000000,{"1":7},1.000000,0.000000,0.000000,0.000000,1.000000,0.000000,-1.000000
0.058333820,2,142,snapshot,256,630,1.000000,1.000000,1.000000,{"1":628,"2":2},0.996825,0.003175,0.000000,0.000000,0.996825,0.003175,1.000000
0.058333820,2,142,read_only,1024,4,1.000000,1.000000,1.000000,{"1":4},1.000000,0.000000,0.000000,0.000000,1.000000,0.000000,-1.000000
0.058333820,2,142,union,1024,7,1.000000,1.000000,1.000000,{"1":7},1.000000,0.000000,0.000000,0.000000,1.000000,0.000000,-1.000000
0.058333820,2,142,snapshot,1024,630,1.000000,1.000000,1.000000,{"1":628,"2":2},0.996825,0.003175,0.000000,0.000000,0.996825,0.003175,1.000000
0.058333820,2,142,read_only,4096,4,1.000000,1.000000,1.000000,{"1":4},1.000000,0.000000,0.000000,0.000000,1.000000,0.000000,-1.000000
0.058333820,2,142,union,4096,7,1.000000,1.000000,1.000000,{"1":7},1.000000,0.000000,0.000000,0.000000,1.000000,0.000000,-1.000000
0.058333820,2,142,snapshot,4096,630,1.000000,1.000000,1.000000,{"1":628,"2":2},0.996825,0.003175,0.000000,0.000000,0.996825,0.003175,1.000000
0.058333820,2,142,read_only,16384,4,1.000000,1.000000,1.000000,{"1":4},1.000000,0.000000,0.000000,0.000000,1.000000,0.000000,-1.000000
0.058333820,2,142,union,16384,7,1.000000,1.000000,1.000000,{"1":7},1.000000,0.000000,0.000000,0.000000,1.000000,0.000000,-1.000000
0.058333820,2,142,snapshot,16384,630,1.000000,1.000000,1.000000,{"1":628,"2":2},0.996825,0.003175,0.000000,0.000000,0.996825,0.003175,1.000000
0.058667833,2,143,read_only,64,2,1.000000,1.000000,1.000000,{"1":2},1.000000,0.000000,0.000000,0.000000,1.000000,0.000000,-1.000000
0.058667833,2,143,union,64,3,1.000000,1.000000,1.000000,{"1":3},1.000000,0.000000,0.000000,0.000000,1.000000,0.000000,-1.000000
0.058667833,2,143,snapshot,64,632,1.000000,1.000000,1.000000,{"1":630,"2":2},0.996835,0.003165,0.000000,0.000000,0.996835,0.003165,1.000000
0.058667833,2,143,read_only,256,2,1.000000,1.000000,1.000000,{"1":2},1.000000,0.000000,0.000000,0.000000,1.000000,0.000000,-1.000000
0.058667833,2,143,union,256,3,1.000000,1.000000,1.000000,{"1":3},1.000000,0.000000,0.000000,0.000000,1.000000,0.000000,-1.000000
0.058667833,2,143,snapshot,256,632,1.000000,1.000000,1.000000,{"1":630,"2":2},0.996835,0.003165,0.000000,0.000000,0.996835,0.003165,1.000000
0.058667833,2,143,read_only,1024,2,1.000000,1.000000,1.000000,{"1":2},1.000000,0.000000,0.000000,0.000000,1.000000,0.000000,-1.000000
0.058667833,2,143,union,1024,3,1.000000,1.000000,1.000000,{"1":3},1.000000,0.000000,0.000000,0.000000,1.000000,0.000000,-1.000000
0.058667833,2,143,snapshot,1024,632,1.000000,1.000000,1.000000,{"1":630,"2":2},0.996835,0.003165,0.000000,0.000000,0.996835,0.003165,1.000000
0.058667833,2,143,read_only,4096,2,1.000000,1.000000,1.000000,{"1":2},1.000000,0.000000,0.000000,0.000000,1.000000,0.000000,-1.000000
0.058667833,2,143,union,4096,3,1.000000,1.000000,1.000000,{"1":3},1.000000,0.000000,0.000000,0.000000,1.000000,0.000000,-1.000000
0.058667833,2,143,snapshot,4096,632,1.000000,1.000000,1.000000,{"1":630,"2":2},0.996835,0.003165,0.000000,0.000000,0.996835,0.003165,1.000000
0.058667833,2,143,read_only,16384,2,1.000000,1.000000,1.000000,{"1":2},1.000000,0.000000,0.000000,0.000000,1.000000,0.000000,-1.000000
0.058667833,2,143,union,16384,3,1.000000,1.000000,1.000000,{"1":3},1.000000,0.000000,0.000000,0.000000,1.000000,0.000000,-1.000000
0.058667833,2,143,snapshot,16384,632,1.000000,1.000000,1.000000,{"1":630,"2":2},0.996835,0.003165,0.000000,0.000000,0.996835,0.003165,1.000000
0.058901509,2,144,snapshot,64,632,1.000000,1.000000,1.000000,{"1":630,"2":2},0.996835,0.003165,0.000000,0.000000,0.996835,0.003165,1.000000
0.058901509,2,144,snapshot,256,632,1.000000,1.000000,1.000000,{"1":630,"2":2},0.996835,0.003165,0.000000,0.000000,0.996835,0.003165,1.000000
0.058901509,2,144,snapshot,1024,632,1.000000,1.000000,1.000000,{"1":630,"2":2},0.996835,0.003165,0.000000,0.000000,0.996835,0.003165,1.000000
0.058901509,2,144,snapshot,4096,632,1.000000,1.000000,1.000000,{"1":630,"2":2},0.996835,0.003165,0.000000,0.000000,0.996835,0.003165,1.000000
0.058901509,2,144,snapshot,16384,632,1.000000,1.000000,1.000000,{"1":630,"2":2},0.996835,0.003165,0.000000,0.000000,0.996835,0.003165,1.000000
0.059135935,2,145,snapshot,64,632,1.000000,1.000000,1.000000,{"1":630,"2":2},0.996835,0.003165,0.000000,0.000000,0.996835,0.003165,1.000000
0.059135935,2,145,snapshot,256,632,1.000000,1.000000,1.000000,{"1":630,"2":2},0.996835,0.003165,0.000000,0.000000,0.996835,0.003165,1.000000
0.059135935,2,145,snapshot,1024,632,1.000000,1.000000,1.000000,{"1":630,"2":2},0.996835,0.003165,0.000000,0.000000,0.996835,0.003165,1.000000
0.059135935,2,145,snapshot,4096,632,1.000000,1.000000,1.000000,{"1":630,"2":2},0.996835,0.003165,0.000000,0.000000,0.996835,0.003165,1.000000
0.059135935,2,145,snapshot,16384,632,1.000000,1.000000,1.000000,{"1":630,"2":2},0.996835,0.003165,0.000000,0.000000,0.996835,0.003165,1.000000
0.059579628,2,146,read_only,64,4,1.000000,1.000000,1.000000,{"1":4},1.000000,0.000000,0.000000,0.000000,1.000000,0.000000,-1.000000
0.059579628,2,146,union,64,13,1.000000,1.000000,1.000000,{"1":13},1.000000,0.000000,0.000000,0.000000,1.000000,0.000000,-1.000000
0.059579628,2,146,snapshot,64,642,1.000000,1.000000,1.000000,{"1":640,"2":2},0.996885,0.003115,0.000000,0.000000,0.996885,0.003115,1.000000
0.059579628,2,146,read_only,256,4,1.000000,1.000000,1.000000,{"1":4},1.000000,0.000000,0.000000,0.000000,1.000000,0.000000,-1.000000
0.059579628,2,146,union,256,13,1.000000,1.000000,1.000000,{"1":13},1.000000,0.000000,0.000000,0.000000,1.000000,0.000000,-1.000000
0.059579628,2,146,snapshot,256,642,1.000000,1.000000,1.000000,{"1":640,"2":2},0.996885,0.003115,0.000000,0.000000,0.996885,0.003115,1.000000
0.059579628,2,146,read_only,1024,4,1.000000,1.000000,1.000000,{"1":4},1.000000,0.000000,0.000000,0.000000,1.000000,0.000000,-1.000000
0.059579628,2,146,union,1024,13,1.000000,1.000000,1.000000,{"1":13},1.000000,0.000000,0.000000,0.000000,1.000000,0.000000,-1.000000
0.059579628,2,146,snapshot,1024,642,1.000000,1.000000,1.000000,{"1":640,"2":2},0.996885,0.003115,0.000000,0.000000,0.996885,0.003115,1.000000
0.059579628,2,146,read_only,4096,4,1.000000,1.000000,1.000000,{"1":4},1.000000,0.000000,0.000000,0.000000,1.000000,0.000000,-1.000000
0.059579628,2,146,union,4096,13,1.000000,1.000000,1.000000,{"1":13},1.000000,0.000000,0.000000,0.000000,1.000000,0.000000,-1.000000
0.059579628,2,146,snapshot,4096,642,1.000000,1.000000,1.000000,{"1":640,"2":2},0.996885,0.003115,0.000000,0.000000,0.996885,0.003115,1.000000
0.059579628,2,146,read_only,16384,4,1.000000,1.000000,1.000000,{"1":4},1.000000,0.000000,0.000000,0.000000,1.000000,0.000000,-1.000000
0.059579628,2,146,union,16384,13,1.000000,1.000000,1.000000,{"1":13},1.000000,0.000000,0.000000,0.000000,1.000000,0.000000,-1.000000
0.059579628,2,146,snapshot,16384,642,1.000000,1.000000,1.000000,{"1":640,"2":2},0.996885,0.003115,0.000000,0.000000,0.996885,0.003115,1.000000
0.060025704,2,147,read_only,64,3,1.000000,1.000000,1.000000,{"1":3},1.000000,0.000000,0.000000,0.000000,1.000000,0.000000,-1.000000
0.060025704,2,147,union,64,15,1.000000,1.000000,1.000000,{"1":15},1.000000,0.000000,0.000000,0.000000,1.000000,0.000000,-1.000000
0.060025704,2,147,snapshot,64,657,1.000000,1.000000,1.000000,{"1":655,"2":2},0.996956,0.003044,0.000000,0.000000,0.996956,0.003044,1.000000
0.060025704,2,147,read_only,256,3,1.000000,1.000000,1.000000,{"1":3},1.000000,0.000000,0.000000,0.000000,1.000000,0.000000,-1.000000
0.060025704,2,147,union,256,15,1.000000,1.000000,1.000000,{"1":15},1.000000,0.000000,0.000000,0.000000,1.000000,0.000000,-1.000000
0.060025704,2,147,snapshot,256,657,1.000000,1.000000,1.000000,{"1":655,"2":2},0.996956,0.003044,0.000000,0.000000,0.996956,0.003044,1.000000
0.060025704,2,147,read_only,1024,3,1.000000,1.000000,1.000000,{"1":3},1.000000,0.000000,0.000000,0.000000,1.000000,0.000000,-1.000000
0.060025704,2,147,union,1024,15,1.000000,1.000000,1.000000,{"1":15},1.000000,0.000000,0.000000,0.000000,1.000000,0.000000,-1.000000
0.060025704,2,147,snapshot,1024,657,1.000000,1.000000,1.000000,{"1":655,"2":2},0.996956,0.003044,0.000000,0.000000,0.996956,0.003044,1.000000
0.060025704,2,147,read_only,4096,3,1.000000,1.000000,1.000000,{"1":3},1.000000,0.000000,0.000000,0.000000,1.000000,0.000000,-1.000000
0.060025704,2,147,union,4096,15,1.000000,1.000000,1.000000,{"1":15},1.000000,0.000000,0.000000,0.000000,1.000000,0.000000,-1.000000
0.060025704,2,147,snapshot,4096,657,1.000000,1.000000,1.000000,{"1":655,"2":2},0.996956,0.003044,0.000000,0.000000,0.996956,0.003044,1.000000
0.060025704,2,147,read_only,16384,3,1.000000,1.000000,1.000000,{"1":3},1.000000,0.000000,0.000000,0.000000,1.000000,0.000000,-1.000000
0.060025704,2,147,union,16384,15,1.000000,1.000000,1.000000,{"1":15},1.000000,0.000000,0.000000,0.000000,1.000000,0.000000,-1.000000
0.060025704,2,147,snapshot,16384,657,1.000000,1.000000,1.000000,{"1":655,"2":2},0.996956,0.003044,0.000000,0.000000,0.996956,0.003044,1.000000
0.060617545,2,148,read_only,64,10,1.000000,1.000000,1.000000,{"1":10},1.000000,0.000000,0.000000,0.000000,1.000000,0.000000,-1.000000
0.060617545,2,148,union,64,25,1.000000,1.000000,1.000000,{"1":25},1.000000,0.000000,0.000000,0.000000,1.000000,0.000000,-1.000000
0.060617545,2,148,snapshot,64,672,1.000000,1.000000,1.000000,{"1":670,"2":2},0.997024,0.002976,0.000000,0.000000,0.997024,0.002976,1.000000
0.060617545,2,148,read_only,256,10,1.000000,1.000000,1.000000,{"1":10},1.000000,0.000000,0.000000,0.000000,1.000000,0.000000,-1.000000
0.060617545,2,148,union,256,25,1.000000,1.000000,1.000000,{"1":25},1.000000,0.000000,0.000000,0.000000,1.000000,0.000000,-1.000000
0.060617545,2,148,snapshot,256,672,1.000000,1.000000,1.000000,{"1":670,"2":2},0.997024,0.002976,0.000000,0.000000,0.997024,0.002976,1.000000
0.060617545,2,148,read_only,1024,10,1.000000,1.000000,1.000000,{"1":10},1.000000,0.000000,0.000000,0.000000,1.000000,0.000000,-1.000000
0.060617545,2,148,union,1024,25,1.000000,1.000000,1.000000,{"1":25},1.000000,0.000000,0.000000,0.000000,1.000000,0.000000,-1.000000
0.060617545,2,148,snapshot,1024,672,1.000000,1.000000,1.000000,{"1":670,"2":2},0.997024,0.002976,0.000000,0.000000,0.997024,0.002976,1.000000
0.060617545,2,148,read_only,4096,10,1.000000,1.000000,1.000000,{"1":10},1.000000,0.000000,0.000000,0.000000,1.000000,0.000000,-1.000000
0.060617545,2,148,union,4096,25,1.000000,1.000000,1.000000,{"1":25},1.000000,0.000000,0.000000,0.000000,1.000000,0.000000,-1.000000
0.060617545,2,148,snapshot,4096,672,1.000000,1.000000,1.000000,{"1":670,"2":2},0.997024,0.002976,0.000000,0.000000,0.997024,0.002976,1.000000
0.060617545,2,148,read_only,16384,10,1.000000,1.000000,1.000000,{"1":10},1.000000,0.000000,0.000000,0.000000,1.000000,0.000000,-1.000000
0.060617545,2,148,union,16384,25,1.000000,1.000000,1.000000,{"1":25},1.000000,0.000000,0.000000,0.000000,1.000000,0.000000,-1.000000
0.060617545,2,148,snapshot,16384,672,1.000000,1.000000,1.000000,{"1":670,"2":2},0.997024,0.002976,0.000000,0.000000,0.997024,0.002976,1.000000
0.060850783,2,149,snapshot,64,672,1.000000,1.000000,1.000000,{"1":670,"2":2},0.997024,0.002976,0.000000,0.000000,0.997024,0.002976,1.000000
0.060850783,2,149,snapshot,256,672,1.000000,1.000000,1.000000,{"1":670,"2":2},0.997024,0.002976,0.000000,0.000000,0.997024,0.002976,1.000000
0.060850783,2,149,snapshot,1024,672,1.000000,1.000000,1.000000,{"1":670,"2":2},0.997024,0.002976,0.000000,0.000000,0.997024,0.002976,1.000000
0.060850783,2,149,snapshot,4096,672,1.000000,1.000000,1.000000,{"1":670,"2":2},0.997024,0.002976,0.000000,0.000000,0.997024,0.002976,1.000000
0.060850783,2,149,snapshot,16384,672,1.000000,1.000000,1.000000,{"1":670,"2":2},0.997024,0.002976,0.000000,0.000000,0.997024,0.002976,1.000000
0.061088481,2,150,snapshot,64,672,1.000000,1.000000,1.000000,{"1":670,"2":2},0.997024,0.002976,0.000000,0.000000,0.997024,0.002976,1.000000
0.061088481,2,150,snapshot,256,672,1.000000,1.000000,1.000000,{"1":670,"2":2},0.997024,0.002976,0.000000,0.000000,0.997024,0.002976,1.000000
0.061088481,2,150,snapshot,1024,672,1.000000,1.000000,1.000000,{"1":670,"2":2},0.997024,0.002976,0.000000,0.000000,0.997024,0.002976,1.000000
0.061088481,2,150,snapshot,4096,672,1.000000,1.000000,1.000000,{"1":670,"2":2},0.997024,0.002976,0.000000,0.000000,0.997024,0.002976,1.000000
0.061088481,2,150,snapshot,16384,672,1.000000,1.000000,1.000000,{"1":670,"2":2},0.997024,0.002976,0.000000,0.000000,0.997024,0.002976,1.000000
0.061337584,2,151,read_only,64,2,1.000000,1.000000,1.000000,{"1":2},1.000000,0.000000,0.000000,0.000000,1.000000,0.000000,-1.000000
0.061337584,2,151,union,64,3,1.000000,1.000000,1.000000,{"1":3},1.000000,0.000000,0.000000,0.000000,1.000000,0.000000,-1.000000
0.061337584,2,151,snapshot,64,675,1.000000,1.000000,1.000000,{"1":673,"2":2},0.997037,0.002963,0.000000,0.000000,0.997037,0.002963,1.000000
0.061337584,2,151,read_only,256,2,1.000000,1.000000,1.000000,{"1":2},1.000000,0.000000,0.000000,0.000000,1.000000,0.000000,-1.000000
0.061337584,2,151,union,256,3,1.000000,1.000000,1.000000,{"1":3},1.000000,0.000000,0.000000,0.000000,1.000000,0.000000,-1.000000
0.061337584,2,151,snapshot,256,675,1.000000,1.000000,1.000000,{"1":673,"2":2},0.997037,0.002963,0.000000,0.000000,0.997037,0.002963,1.000000
0.061337584,2,151,read_only,1024,2,1.000000,1.000000,1.000000,{"1":2},1.000000,0.000000,0.000000,0.000000,1.000000,0.000000,-1.000000
0.061337584,2,151,union,1024,3,1.000000,1.000000,1.000000,{"1":3},1.000000,0.000000,0.000000,0.000000,1.000000,0.000000,-1.000000
0.061337584,2,151,snapshot,1024,675,1.000000,1.000000,1.000000,{"1":673,"2":2},0.997037,0.002963,0.000000,0.000000,0.997037,0.002963,1.000000
0.061337584,2,151,read_only,4096,2,1.000000,1.000000,1.000000,{"1":2},1.000000,0.000000,0.000000,0.000000,1.000000,0.000000,-1.000000
0.061337584,2,151,union,4096,3,1.000000,1.000000,1.000000,{"1":3},1.000000,0.000000,0.000000,0.000000,1.000000,0.000000,-1.000000
0.061337584,2,151,snapshot,4096,675,1.000000,1.000000,1.000000,{"1":673,"2":2},0.997037,0.002963,0.000000,0.000000,0.997037,0.002963,1.000000
0.061337584,2,151,read_only,16384,2,1.000000,1.000000,1.000000,{"1":2},1.000000,0.000000,0.000000,0.000000,1.000000,0.000000,-1.000000
0.061337584,2,151,union,16384,3,1.000000,1.000000,1.000000,{"1":3},1.000000,0.000000,0.000000,0.000000,1.000000,0.000000,-1.000000
0.061337584,2,151,snapshot,16384,675,1.000000,1.000000,1.000000,{"1":673,"2":2},0.997037,0.002963,0.000000,0.000000,0.997037,0.002963,1.000000
0.061596474,2,152,union,64,3,1.000000,1.000000,1.000000,{"1":3},1.000000,0.000000,0.000000,0.000000,1.000000,0.000000,-1.000000
0.061596474,2,152,snapshot,64,678,1.000000,1.000000,1.000000,{"1":676,"2":2},0.997050,0.002950,0.000000,0.000000,0.997050,0.002950,1.000000
0.061596474,2,152,union,256,3,1.000000,1.000000,1.000000,{"1":3},1.000000,0.000000,0.000000,0.000000,1.000000,0.000000,-1.000000
0.061596474,2,152,snapshot,256,678,1.000000,1.000000,1.000000,{"1":676,"2":2},0.997050,0.002950,0.000000,0.000000,0.997050,0.002950,1.000000
0.061596474,2,152,union,1024,3,1.000000,1.000000,1.000000,{"1":3},1.000000,0.000000,0.000000,0.000000,1.000000,0.000000,-1.000000
0.061596474,2,152,snapshot,1024,678,1.000000,1.000000,1.000000,{"1":676,"2":2},0.997050,0.002950,0.000000,0.000000,0.997050,0.002950,1.000000
0.061596474,2,152,union,4096,3,1.000000,1.000000,1.000000,{"1":3},1.000000,0.000000,0.000000,0.000000,1.000000,0.000000,-1.000000
0.061596474,2,152,snapshot,4096,678,1.000000,1.000000,1.000000,{"1":676,"2":2},0.997050,0.002950,0.000000,0.000000,0.997050,0.002950,1.000000
0.061596474,2,152,union,16384,3,1.000000,1.000000,1.000000,{"1":3},1.000000,0.000000,0.000000,0.000000,1.000000,0.000000,-1.000000
0.061596474,2,152,snapshot,16384,678,1.000000,1.000000,1.000000,{"1":676,"2":2},0.997050,0.002950,0.000000,0.000000,0.997050,0.002950,1.000000
0.061829777,2,153,snapshot,64,678,1.000000,1.000000,1.000000,{"1":676,"2":2},0.997050,0.002950,0.000000,0.000000,0.997050,0.002950,1.000000
0.061829777,2,153,snapshot,256,678,1.000000,1.000000,1.000000,{"1":676,"2":2},0.997050,0.002950,0.000000,0.000000,0.997050,0.002950,1.000000
0.061829777,2,153,snapshot,1024,678,1.000000,1.000000,1.000000,{"1":676,"2":2},0.997050,0.002950,0.000000,0.000000,0.997050,0.002950,1.000000
0.061829777,2,153,snapshot,4096,678,1.000000,1.000000,1.000000,{"1":676,"2":2},0.997050,0.002950,0.000000,0.000000,0.997050,0.002950,1.000000
0.061829777,2,153,snapshot,16384,678,1.000000,1.000000,1.000000,{"1":676,"2":2},0.997050,0.002950,0.000000,0.000000,0.997050,0.002950,1.000000
0.062065560,2,154,snapshot,64,678,1.000000,1.000000,1.000000,{"1":676,"2":2},0.997050,0.002950,0.000000,0.000000,0.997050,0.002950,1.000000
0.062065560,2,154,snapshot,256,678,1.000000,1.000000,1.000000,{"1":676,"2":2},0.997050,0.002950,0.000000,0.000000,0.997050,0.002950,1.000000
0.062065560,2,154,snapshot,1024,678,1.000000,1.000000,1.000000,{"1":676,"2":2},0.997050,0.002950,0.000000,0.000000,0.997050,0.002950,1.000000
0.062065560,2,154,snapshot,4096,678,1.000000,1.000000,1.000000,{"1":676,"2":2},0.997050,0.002950,0.000000,0.000000,0.997050,0.002950,1.000000
0.062065560,2,154,snapshot,16384,678,1.000000,1.000000,1.000000,{"1":676,"2":2},0.997050,0.002950,0.000000,0.000000,0.997050,0.002950,1.000000
0.062305221,2,155,snapshot,64,678,1.000000,1.000000,1.000000,{"1":676,"2":2},0.997050,0.002950,0.000000,0.000000,0.997050,0.002950,1.000000
0.062305221,2,155,snapshot,256,678,1.000000,1.000000,1.000000,{"1":676,"2":2},0.997050,0.002950,0.000000,0.000000,0.997050,0.002950,1.000000
0.062305221,2,155,snapshot,1024,678,1.000000,1.000000,1.000000,{"1":676,"2":2},0.997050,0.002950,0.000000,0.000000,0.997050,0.002950,1.000000
0.062305221,2,155,snapshot,4096,678,1.000000,1.000000,1.000000,{"1":676,"2":2},0.997050,0.002950,0.000000,0.000000,0.997050,0.002950,1.000000
0.062305221,2,155,snapshot,16384,678,1.000000,1.000000,1.000000,{"1":676,"2":2},0.997050,0.002950,0.000000,0.000000,0.997050,0.002950,1.000000
0.062544644,2,156,snapshot,64,678,1.000000,1.000000,1.000000,{"1":676,"2":2},0.997050,0.002950,0.000000,0.000000,0.997050,0.002950,1.000000
0.062544644,2,156,snapshot,256,678,1.000000,1.000000,1.000000,{"1":676,"2":2},0.997050,0.002950,0.000000,0.000000,0.997050,0.002950,1.000000
0.062544644,2,156,snapshot,1024,678,1.000000,1.000000,1.000000,{"1":676,"2":2},0.997050,0.002950,0.000000,0.000000,0.997050,0.002950,1.000000
0.062544644,2,156,snapshot,4096,678,1.000000,1.000000,1.000000,{"1":676,"2":2},0.997050,0.002950,0.000000,0.000000,0.997050,0.002950,1.000000
0.062544644,2,156,snapshot,16384,678,1.000000,1.000000,1.000000,{"1":676,"2":2},0.997050,0.002950,0.000000,0.000000,0.997050,0.002950,1.000000
0.062777500,2,157,snapshot,64,678,1.000000,1.000000,1.000000,{"1":676,"2":2},0.997050,0.002950,0.000000,0.000000,0.997050,0.002950,1.000000
0.062777500,2,157,snapshot,256,678,1.000000,1.000000,1.000000,{"1":676,"2":2},0.997050,0.002950,0.000000,0.000000,0.997050,0.002950,1.000000
0.062777500,2,157,snapshot,1024,678,1.000000,1.000000,1.000000,{"1":676,"2":2},0.997050,0.002950,0.000000,0.000000,0.997050,0.002950,1.000000
0.062777500,2,157,snapshot,4096,678,1.000000,1.000000,1.000000,{"1":676,"2":2},0.997050,0.002950,0.000000,0.000000,0.997050,0.002950,1.000000
0.062777500,2,157,snapshot,16384,678,1.000000,1.000000,1.000000,{"1":676,"2":2},0.997050,0.002950,0.000000,0.000000,0.997050,0.002950,1.000000
0.063394213,2,158,snapshot,64,678,1.000000,1.000000,1.000000,{"1":676,"2":2},0.997050,0.002950,0.000000,0.000000,0.997050,0.002950,1.000000
0.063394213,2,158,snapshot,256,678,1.000000,1.000000,1.000000,{"1":676,"2":2},0.997050,0.002950,0.000000,0.000000,0.997050,0.002950,1.000000
0.063394213,2,158,snapshot,1024,678,1.000000,1.000000,1.000000,{"1":676,"2":2},0.997050,0.002950,0.000000,0.000000,0.997050,0.002950,1.000000
0.063394213,2,158,snapshot,4096,678,1.000000,1.000000,1.000000,{"1":676,"2":2},0.997050,0.002950,0.000000,0.000000,0.997050,0.002950,1.000000
0.063394213,2,158,snapshot,16384,678,1.000000,1.000000,1.000000,{"1":676,"2":2},0.997050,0.002950,0.000000,0.000000,0.997050,0.002950,1.000000
0.063627022,2,159,snapshot,64,678,1.000000,1.000000,1.000000,{"1":676,"2":2},0.997050,0.002950,0.000000,0.000000,0.997050,0.002950,1.000000
0.063627022,2,159,snapshot,256,678,1.000000,1.000000,1.000000,{"1":676,"2":2},0.997050,0.002950,0.000000,0.000000,0.997050,0.002950,1.000000
0.063627022,2,159,snapshot,1024,678,1.000000,1.000000,1.000000,{"1":676,"2":2},0.997050,0.002950,0.000000,0.000000,0.997050,0.002950,1.000000
0.063627022,2,159,snapshot,4096,678,1.000000,1.000000,1.000000,{"1":676,"2":2},0.997050,0.002950,0.000000,0.000000,0.997050,0.002950,1.000000
0.063627022,2,159,snapshot,16384,678,1.000000,1.000000,1.000000,{"1":676,"2":2},0.997050,0.002950,0.000000,0.000000,0.997050,0.002950,1.000000
0.063860985,2,160,snapshot,64,678,1.000000,1.000000,1.000000,{"1":676,"2":2},0.997050,0.002950,0.000000,0.000000,0.997050,0.002950,1.000000
0.063860985,2,160,snapshot,256,678,1.000000,1.000000,1.000000,{"1":676,"2":2},0.997050,0.002950,0.000000,0.000000,0.997050,0.002950,1.000000
0.063860985,2,160,snapshot,1024,678,1.000000,1.000000,1.000000,{"1":676,"2":2},0.997050,0.002950,0.000000,0.000000,0.997050,0.002950,1.000000
0.063860985,2,160,snapshot,4096,678,1.000000,1.000000,1.000000,{"1":676,"2":2},0.997050,0.002950,0.000000,0.000000,0.997050,0.002950,1.000000
0.063860985,2,160,snapshot,16384,678,1.000000,1.000000,1.000000,{"1":676,"2":2},0.997050,0.002950,0.000000,0.000000,0.997050,0.002950,1.000000
0.064097089,2,161,snapshot,64,678,1.000000,1.000000,1.000000,{"1":676,"2":2},0.997050,0.002950,0.000000,0.000000,0.997050,0.002950,1.000000
0.064097089,2,161,snapshot,256,678,1.000000,1.000000,1.000000,{"1":676,"2":2},0.997050,0.002950,0.000000,0.000000,0.997050,0.002950,1.000000
0.064097089,2,161,snapshot,1024,678,1.000000,1.000000,1.000000,{"1":676,"2":2},0.997050,0.002950,0.000000,0.000000,0.997050,0.002950,1.000000
0.064097089,2,161,snapshot,4096,678,1.000000,1.000000,1.000000,{"1":676,"2":2},0.997050,0.002950,0.000000,0.000000,0.997050,0.002950,1.000000
0.064097089,2,161,snapshot,16384,678,1.000000,1.000000,1.000000,{"1":676,"2":2},0.997050,0.002950,0.000000,0.000000,0.997050,0.002950,1.000000
0.064329911,2,162,snapshot,64,678,1.000000,1.000000,1.000000,{"1":676,"2":2},0.997050,0.002950,0.000000,0.000000,0.997050,0.002950,1.000000
0.064329911,2,162,snapshot,256,678,1.000000,1.000000,1.000000,{"1":676,"2":2},0.997050,0.002950,0.000000,0.000000,0.997050,0.002950,1.000000
0.064329911,2,162,snapshot,1024,678,1.000000,1.000000,1.000000,{"1":676,"2":2},0.997050,0.002950,0.000000,0.000000,0.997050,0.002950,1.000000
0.064329911,2,162,snapshot,4096,678,1.000000,1.000000,1.000000,{"1":676,"2":2},0.997050,0.002950,0.000000,0.000000,0.997050,0.002950,1.000000
0.064329911,2,162,snapshot,16384,678,1.000000,1.000000,1.000000,{"1":676,"2":2},0.997050,0.002950,0.000000,0.000000,0.997050,0.002950,1.000000
0.064564212,2,163,snapshot,64,678,1.000000,1.000000,1.000000,{"1":676,"2":2},0.997050,0.002950,0.000000,0.000000,0.997050,0.002950,1.000000
0.064564212,2,163,snapshot,256,678,1.000000,1.000000,1.000000,{"1":676,"2":2},0.997050,0.002950,0.000000,0.000000,0.997050,0.002950,1.000000
0.064564212,2,163,snapshot,1024,678,1.000000,1.000000,1.000000,{"1":676,"2":2},0.997050,0.002950,0.000000,0.000000,0.997050,0.002950,1.000000
0.064564212,2,163,snapshot,4096,678,1.000000,1.000000,1.000000,{"1":676,"2":2},0.997050,0.002950,0.000000,0.000000,0.997050,0.002950,1.000000
0.064564212,2,163,snapshot,16384,678,1.000000,1.000000,1.000000,{"1":676,"2":2},0.997050,0.002950,0.000000,0.000000,0.997050,0.002950,1.000000
0.064798514,2,164,snapshot,64,678,1.000000,1.000000,1.000000,{"1":676,"2":2},0.997050,0.002950,0.000000,0.000000,0.997050,0.002950,1.000000
0.064798514,2,164,snapshot,256,678,1.000000,1.000000,1.000000,{"1":676,"2":2},0.997050,0.002950,0.000000,0.000000,0.997050,0.002950,1.000000
0.064798514,2,164,snapshot,1024,678,1.000000,1.000000,1.000000,{"1":676,"2":2},0.997050,0.002950,0.000000,0.000000,0.997050,0.002950,1.000000
0.064798514,2,164,snapshot,4096,678,1.000000,1.000000,1.000000,{"1":676,"2":2},0.997050,0.002950,0.000000,0.000000,0.997050,0.002950,1.000000
0.064798514,2,164,snapshot,16384,678,1.000000,1.000000,1.000000,{"1":676,"2":2},0.997050,0.002950,0.000000,0.000000,0.997050,0.002950,1.000000
0.065032054,2,165,snapshot,64,678,1.000000,1.000000,1.000000,{"1":676,"2":2},0.997050,0.002950,0.000000,0.000000,0.997050,0.002950,1.000000
0.065032054,2,165,snapshot,256,678,1.000000,1.000000,1.000000,{"1":676,"2":2},0.997050,0.002950,0.000000,0.000000,0.997050,0.002950,1.000000
0.065032054,2,165,snapshot,1024,678,1.000000,1.000000,1.000000,{"1":676,"2":2},0.997050,0.002950,0.000000,0.000000,0.997050,0.002950,1.000000
0.065032054,2,165,snapshot,4096,678,1.000000,1.000000,1.000000,{"1":676,"2":2},0.997050,0.002950,0.000000,0.000000,0.997050,0.002950,1.000000
0.065032054,2,165,snapshot,16384,678,1.000000,1.000000,1.000000,{"1":676,"2":2},0.997050,0.002950,0.000000,0.000000,0.997050,0.002950,1.000000
0.065362444,2,166,snapshot,64,678,1.000000,1.000000,1.000000,{"1":676,"2":2},0.997050,0.002950,0.000000,0.000000,0.997050,0.002950,1.000000
0.065362444,2,166,snapshot,256,678,1.000000,1.000000,1.000000,{"1":676,"2":2},0.997050,0.002950,0.000000,0.000000,0.997050,0.002950,1.000000
0.065362444,2,166,snapshot,1024,678,1.000000,1.000000,1.000000,{"1":676,"2":2},0.997050,0.002950,0.000000,0.000000,0.997050,0.002950,1.000000
0.065362444,2,166,snapshot,4096,678,1.000000,1.000000,1.000000,{"1":676,"2":2},0.997050,0.002950,0.000000,0.000000,0.997050,0.002950,1.000000
0.065362444,2,166,snapshot,16384,678,1.000000,1.000000,1.000000,{"1":676,"2":2},0.997050,0.002950,0.000000,0.000000,0.997050,0.002950,1.000000
0.065595263,2,167,snapshot,64,678,1.000000,1.000000,1.000000,{"1":676,"2":2},0.997050,0.002950,0.000000,0.000000,0.997050,0.002950,1.000000
0.065595263,2,167,snapshot,256,678,1.000000,1.000000,1.000000,{"1":676,"2":2},0.997050,0.002950,0.000000,0.000000,0.997050,0.002950,1.000000
0.065595263,2,167,snapshot,1024,678,1.000000,1.000000,1.000000,{"1":676,"2":2},0.997050,0.002950,0.000000,0.000000,0.997050,0.002950,1.000000
0.065595263,2,167,snapshot,4096,678,1.000000,1.000000,1.000000,{"1":676,"2":2},0.997050,0.002950,0.000000,0.000000,0.997050,0.002950,1.000000
0.065595263,2,167,snapshot,16384,678,1.000000,1.000000,1.000000,{"1":676,"2":2},0.997050,0.002950,0.000000,0.000000,0.997050,0.002950,1.000000
0.065827437,2,168,snapshot,64,678,1.000000,1.000000,1.000000,{"1":676,"2":2},0.997050,0.002950,0.000000,0.000000,0.997050,0.002950,1.000000
0.065827437,2,168,snapshot,256,678,1.000000,1.000000,1.000000,{"1":676,"2":2},0.997050,0.002950,0.000000,0.000000,0.997050,0.002950,1.000000
0.065827437,2,168,snapshot,1024,678,1.000000,1.000000,1.000000,{"1":676,"2":2},0.997050,0.002950,0.000000,0.000000,0.997050,0.002950,1.000000
0.065827437,2,168,snapshot,4096,678,1.000000,1.000000,1.000000,{"1":676,"2":2},0.997050,0.002950,0.000000,0.000000,0.997050,0.002950,1.000000
0.065827437,2,168,snapshot,16384,678,1.000000,1.000000,1.000000,{"1":676,"2":2},0.997050,0.002950,0.000000,0.000000,0.997050,0.002950,1.000000
0.066060637,2,169,snapshot,64,678,1.000000,1.000000,1.000000,{"1":676,"2":2},0.997050,0.002950,0.000000,0.000000,0.997050,0.002950,1.000000
0.066060637,2,169,snapshot,256,678,1.000000,1.000000,1.000000,{"1":676,"2":2},0.997050,0.002950,0.000000,0.000000,0.997050,0.002950,1.000000
0.066060637,2,169,snapshot,1024,678,1.000000,1.000000,1.000000,{"1":676,"2":2},0.997050,0.002950,0.000000,0.000000,0.997050,0.002950,1.000000
0.066060637,2,169,snapshot,4096,678,1.000000,1.000000,1.000000,{"1":676,"2":2},0.997050,0.002950,0.000000,0.000000,0.997050,0.002950,1.000000
0.066060637,2,169,snapshot,16384,678,1.000000,1.000000,1.000000,{"1":676,"2":2},0.997050,0.002950,0.000000,0.000000,0.997050,0.002950,1.000000
0.066293451,2,170,snapshot,64,678,1.000000,1.000000,1.000000,{"1":676,"2":2},0.997050,0.002950,0.000000,0.000000,0.997050,0.002950,1.000000
0.066293451,2,170,snapshot,256,678,1.000000,1.000000,1.000000,{"1":676,"2":2},0.997050,0.002950,0.000000,0.000000,0.997050,0.002950,1.000000
0.066293451,2,170,snapshot,1024,678,1.000000,1.000000,1.000000,{"1":676,"2":2},0.997050,0.002950,0.000000,0.000000,0.997050,0.002950,1.000000
0.066293451,2,170,snapshot,4096,678,1.000000,1.000000,1.000000,{"1":676,"2":2},0.997050,0.002950,0.000000,0.000000,0.997050,0.002950,1.000000
0.066293451,2,170,snapshot,16384,678,1.000000,1.000000,1.000000,{"1":676,"2":2},0.997050,0.002950,0.000000,0.000000,0.997050,0.002950,1.000000
0.066529883,2,171,snapshot,64,678,1.000000,1.000000,1.000000,{"1":676,"2":2},0.997050,0.002950,0.000000,0.000000,0.997050,0.002950,1.000000
0.066529883,2,171,snapshot,256,678,1.000000,1.000000,1.000000,{"1":676,"2":2},0.997050,0.002950,0.000000,0.000000,0.997050,0.002950,1.000000
0.066529883,2,171,snapshot,1024,678,1.000000,1.000000,1.000000,{"1":676,"2":2},0.997050,0.002950,0.000000,0.000000,0.997050,0.002950,1.000000
0.066529883,2,171,snapshot,4096,678,1.000000,1.000000,1.000000,{"1":676,"2":2},0.997050,0.002950,0.000000,0.000000,0.997050,0.002950,1.000000
0.066529883,2,171,snapshot,16384,678,1.000000,1.000000,1.000000,{"1":676,"2":2},0.997050,0.002950,0.000000,0.000000,0.997050,0.002950,1.000000
0.066763194,2,172,snapshot,64,678,1.000000,1.000000,1.000000,{"1":676,"2":2},0.997050,0.002950,0.000000,0.000000,0.997050,0.002950,1.000000
0.066763194,2,172,snapshot,256,678,1.000000,1.000000,1.000000,{"1":676,"2":2},0.997050,0.002950,0.000000,0.000000,0.997050,0.002950,1.000000
0.066763194,2,172,snapshot,1024,678,1.000000,1.000000,1.000000,{"1":676,"2":2},0.997050,0.002950,0.000000,0.000000,0.997050,0.002950,1.000000
0.066763194,2,172,snapshot,4096,678,1.000000,1.000000,1.000000,{"1":676,"2":2},0.997050,0.002950,0.000000,0.000000,0.997050,0.002950,1.000000
0.066763194,2,172,snapshot,16384,678,1.000000,1.000000,1.000000,{"1":676,"2":2},0.997050,0.002950,0.000000,0.000000,0.997050,0.002950,1.000000
0.066995373,2,173,snapshot,64,678,1.000000,1.000000,1.000000,{"1":676,"2":2},0.997050,0.002950,0.000000,0.000000,0.997050,0.002950,1.000000
0.066995373,2,173,snapshot,256,678,1.000000,1.000000,1.000000,{"1":676,"2":2},0.997050,0.002950,0.000000,0.000000,0.997050,0.002950,1.000000
0.066995373,2,173,snapshot,1024,678,1.000000,1.000000,1.000000,{"1":676,"2":2},0.997050,0.002950,0.000000,0.000000,0.997050,0.002950,1.000000
0.066995373,2,173,snapshot,4096,678,1.000000,1.000000,1.000000,{"1":676,"2":2},0.997050,0.002950,0.000000,0.000000,0.997050,0.002950,1.000000
0.066995373,2,173,snapshot,16384,678,1.000000,1.000000,1.000000,{"1":676,"2":2},0.997050,0.002950,0.000000,0.000000,0.997050,0.002950,1.000000
0.067247966,2,174,snapshot,64,678,1.000000,1.000000,1.000000,{"1":676,"2":2},0.997050,0.002950,0.000000,0.000000,0.997050,0.002950,1.000000
0.067247966,2,174,snapshot,256,678,1.000000,1.000000,1.000000,{"1":676,"2":2},0.997050,0.002950,0.000000,0.000000,0.997050,0.002950,1.000000
0.067247966,2,174,snapshot,1024,678,1.000000,1.000000,1.000000,{"1":676,"2":2},0.997050,0.002950,0.000000,0.000000,0.997050,0.002950,1.000000
0.067247966,2,174,snapshot,4096,678,1.000000,1.000000,1.000000,{"1":676,"2":2},0.997050,0.002950,0.000000,0.000000,0.997050,0.002950,1.000000
0.067247966,2,174,snapshot,16384,678,1.000000,1.000000,1.000000,{"1":676,"2":2},0.997050,0.002950,0.000000,0.000000,0.997050,0.002950,1.000000
0.067480826,2,175,snapshot,64,678,1.000000,1.000000,1.000000,{"1":676,"2":2},0.997050,0.002950,0.000000,0.000000,0.997050,0.002950,1.000000
0.067480826,2,175,snapshot,256,678,1.000000,1.000000,1.000000,{"1":676,"2":2},0.997050,0.002950,0.000000,0.000000,0.997050,0.002950,1.000000
0.067480826,2,175,snapshot,1024,678,1.000000,1.000000,1.000000,{"1":676,"2":2},0.997050,0.002950,0.000000,0.000000,0.997050,0.002950,1.000000
0.067480826,2,175,snapshot,4096,678,1.000000,1.000000,1.000000,{"1":676,"2":2},0.997050,0.002950,0.000000,0.000000,0.997050,0.002950,1.000000
0.067480826,2,175,snapshot,16384,678,1.000000,1.000000,1.000000,{"1":676,"2":2},0.997050,0.002950,0.000000,0.000000,0.997050,0.002950,1.000000
0.067764528,2,176,snapshot,64,678,1.000000,1.000000,1.000000,{"1":676,"2":2},0.997050,0.002950,0.000000,0.000000,0.997050,0.002950,1.000000
0.067764528,2,176,snapshot,256,678,1.000000,1.000000,1.000000,{"1":676,"2":2},0.997050,0.002950,0.000000,0.000000,0.997050,0.002950,1.000000
0.067764528,2,176,snapshot,1024,678,1.000000,1.000000,1.000000,{"1":676,"2":2},0.997050,0.002950,0.000000,0.000000,0.997050,0.002950,1.000000
0.067764528,2,176,snapshot,4096,678,1.000000,1.000000,1.000000,{"1":676,"2":2},0.997050,0.002950,0.000000,0.000000,0.997050,0.002950,1.000000
0.067764528,2,176,snapshot,16384,678,1.000000,1.000000,1.000000,{"1":676,"2":2},0.997050,0.002950,0.000000,0.000000,0.997050,0.002950,1.000000
0.067997332,2,177,snapshot,64,678,1.000000,1.000000,1.000000,{"1":676,"2":2},0.997050,0.002950,0.000000,0.000000,0.997050,0.002950,1.000000
0.067997332,2,177,snapshot,256,678,1.000000,1.000000,1.000000,{"1":676,"2":2},0.997050,0.002950,0.000000,0.000000,0.997050,0.002950,1.000000
0.067997332,2,177,snapshot,1024,678,1.000000,1.000000,1.000000,{"1":676,"2":2},0.997050,0.002950,0.000000,0.000000,0.997050,0.002950,1.000000
0.067997332,2,177,snapshot,4096,678,1.000000,1.000000,1.000000,{"1":676,"2":2},0.997050,0.002950,0.000000,0.000000,0.997050,0.002950,1.000000
0.067997332,2,177,snapshot,16384,678,1.000000,1.000000,1.000000,{"1":676,"2":2},0.997050,0.002950,0.000000,0.000000,0.997050,0.002950,1.000000
0.073383115,2,198,union,64,1,1.000000,1.000000,1.000000,{"1":1},1.000000,0.000000,0.000000,0.000000,1.000000,0.000000,-1.000000
0.073383115,2,198,snapshot,64,1,1.000000,1.000000,1.000000,{"1":1},1.000000,0.000000,0.000000,0.000000,1.000000,0.000000,-1.000000
0.073383115,2,198,union,256,1,1.000000,1.000000,1.000000,{"1":1},1.000000,0.000000,0.000000,0.000000,1.000000,0.000000,-1.000000
0.073383115,2,198,snapshot,256,1,1.000000,1.000000,1.000000,{"1":1},1.000000,0.000000,0.000000,0.000000,1.000000,0.000000,-1.000000
0.073383115,2,198,union,1024,1,1.000000,1.000000,1.000000,{"1":1},1.000000,0.000000,0.000000,0.000000,1.000000,0.000000,-1.000000
0.073383115,2,198,snapshot,1024,1,1.000000,1.000000,1.000000,{"1":1},1.000000,0.000000,0.000000,0.000000,1.000000,0.000000,-1.000000
0.073383115,2,198,union,4096,1,1.000000,1.000000,1.000000,{"1":1},1.000000,0.000000,0.000000,0.000000,1.000000,0.000000,-1.000000
0.073383115,2,198,snapshot,4096,1,1.000000,1.000000,1.000000,{"1":1},1.000000,0.000000,0.000000,0.000000,1.000000,0.000000,-1.000000
0.073383115,2,198,union,16384,1,1.000000,1.000000,1.000000,{"1":1},1.000000,0.000000,0.000000,0.000000,1.000000,0.000000,-1.000000
0.073383115,2,198,snapshot,16384,1,1.000000,1.000000,1.000000,{"1":1},1.000000,0.000000,0.000000,0.000000,1.000000,0.000000,-1.000000
0.073624490,2,199,read_only,64,1,1.000000,1.000000,1.000000,{"1":1},1.000000,0.000000,0.000000,0.000000,1.000000,0.000000,-1.000000
0.073624490,2,199,union,64,2,1.000000,1.000000,1.000000,{"1":2},1.000000,0.000000,0.000000,0.000000,1.000000,0.000000,-1.000000
0.073624490,2,199,snapshot,64,2,1.000000,1.000000,1.000000,{"1":2},1.000000,0.000000,0.000000,0.000000,1.000000,0.000000,-1.000000
0.073624490,2,199,read_only,256,1,1.000000,1.000000,1.000000,{"1":1},1.000000,0.000000,0.000000,0.000000,1.000000,0.000000,-1.000000
0.073624490,2,199,union,256,2,1.000000,1.000000,1.000000,{"1":2},1.000000,0.000000,0.000000,0.000000,1.000000,0.000000,-1.000000
0.073624490,2,199,snapshot,256,2,1.000000,1.000000,1.000000,{"1":2},1.000000,0.000000,0.000000,0.000000,1.000000,0.000000,-1.000000
0.073624490,2,199,read_only,1024,1,1.000000,1.000000,1.000000,{"1":1},1.000000,0.000000,0.000000,0.000000,1.000000,0.000000,-1.000000
0.073624490,2,199,union,1024,2,1.000000,1.000000,1.000000,{"1":2},1.000000,0.000000,0.000000,0.000000,1.000000,0.000000,-1.000000
0.073624490,2,199,snapshot,1024,2,1.000000,1.000000,1.000000,{"1":2},1.000000,0.000000,0.000000,0.000000,1.000000,0.000000,-1.000000
0.073624490,2,199,read_only,4096,1,1.000000,1.000000,1.000000,{"1":1},1.000000,0.000000,0.000000,0.000000,1.000000,0.000000,-1.000000
0.073624490,2,199,union,4096,2,1.000000,1.000000,1.000000,{"1":2},1.000000,0.000000,0.000000,0.000000,1.000000,0.000000,-1.000000
0.073624490,2,199,snapshot,4096,2,1.000000,1.000000,1.000000,{"1":2},1.000000,0.000000,0.000000,0.000000,1.000000,0.000000,-1.000000
0.073624490,2,199,read_only,16384,1,1.000000,1.000000,1.000000,{"1":1},1.000000,0.000000,0.000000,0.000000,1.000000,0.000000,-1.000000
0.073624490,2,199,union,16384,2,1.000000,1.000000,1.000000,{"1":2},1.000000,0.000000,0.000000,0.000000,1.000000,0.000000,-1.000000
0.073624490,2,199,snapshot,16384,2,1.000000,1.000000,1.000000,{"1":2},1.000000,0.000000,0.000000,0.000000,1.000000,0.000000,-1.000000
0.073951925,2,200,read_only,64,3,1.000000,1.000000,1.000000,{"1":3},1.000000,0.000000,0.000000,0.000000,1.000000,0.000000,-1.000000
0.073951925,2,200,union,64,3,1.000000,1.000000,1.000000,{"1":3},1.000000,0.000000,0.000000,0.000000,1.000000,0.000000,-1.000000
0.073951925,2,200,snapshot,64,5,1.000000,1.000000,1.000000,{"1":5},1.000000,0.000000,0.000000,0.000000,1.000000,0.000000,-1.000000
0.073951925,2,200,read_only,256,3,1.000000,1.000000,1.000000,{"1":3},1.000000,0.000000,0.000000,0.000000,1.000000,0.000000,-1.000000
0.073951925,2,200,union,256,3,1.000000,1.000000,1.000000,{"1":3},1.000000,0.000000,0.000000,0.000000,1.000000,0.000000,-1.000000
0.073951925,2,200,snapshot,256,5,1.000000,1.000000,1.000000,{"1":5},1.000000,0.000000,0.000000,0.000000,1.000000,0.000000,-1.000000
0.073951925,2,200,read_only,1024,3,1.000000,1.000000,1.000000,{"1":3},1.000000,0.000000,0.000000,0.000000,1.000000,0.000000,-1.000000
0.073951925,2,200,union,1024,3,1.000000,1.000000,1.000000,{"1":3},1.000000,0.000000,0.000000,0.000000,1.000000,0.000000,-1.000000
0.073951925,2,200,snapshot,1024,5,1.000000,1.000000,1.000000,{"1":5},1.000000,0.000000,0.000000,0.000000,1.000000,0.000000,-1.000000
0.073951925,2,200,read_only,4096,3,1.000000,1.000000,1.000000,{"1":3},1.000000,0.000000,0.000000,0.000000,1.000000,0.000000,-1.000000
0.073951925,2,200,union,4096,3,1.000000,1.000000,1.000000,{"1":3},1.000000,0.000000,0.000000,0.000000,1.000000,0.000000,-1.000000
0.073951925,2,200,snapshot,4096,5,1.000000,1.000000,1.000000,{"1":5},1.000000,0.000000,0.000000,0.000000,1.000000,0.000000,-1.000000
0.073951925,2,200,read_only,16384,3,1.000000,1.000000,1.000000,{"1":3},1.000000,0.000000,0.000000,0.000000,1.000000,0.000000,-1.000000
0.073951925,2,200,union,16384,3,1.000000,1.000000,1.000000,{"1":3},1.000000,0.000000,0.000000,0.000000,1.000000,0.000000,-1.000000
0.073951925,2,200,snapshot,16384,5,1.000000,1.000000,1.000000,{"1":5},1.000000,0.000000,0.000000,0.000000,1.000000,0.000000,-1.000000
0.074272362,2,201,snapshot,64,5,1.000000,1.000000,1.000000,{"1":5},1.000000,0.000000,0.000000,0.000000,1.000000,0.000000,-1.000000
0.074272362,2,201,snapshot,256,5,1.000000,1.000000,1.000000,{"1":5},1.000000,0.000000,0.000000,0.000000,1.000000,0.000000,-1.000000
0.074272362,2,201,snapshot,1024,5,1.000000,1.000000,1.000000,{"1":5},1.000000,0.000000,0.000000,0.000000,1.000000,0.000000,-1.000000
0.074272362,2,201,snapshot,4096,5,1.000000,1.000000,1.000000,{"1":5},1.000000,0.000000,0.000000,0.000000,1.000000,0.000000,-1.000000
0.074272362,2,201,snapshot,16384,5,1.000000,1.000000,1.000000,{"1":5},1.000000,0.000000,0.000000,0.000000,1.000000,0.000000,-1.000000
0.074506784,2,202,snapshot,64,5,1.000000,1.000000,1.000000,{"1":5},1.000000,0.000000,0.000000,0.000000,1.000000,0.000000,-1.000000
0.074506784,2,202,snapshot,256,5,1.000000,1.000000,1.000000,{"1":5},1.000000,0.000000,0.000000,0.000000,1.000000,0.000000,-1.000000
0.074506784,2,202,snapshot,1024,5,1.000000,1.000000,1.000000,{"1":5},1.000000,0.000000,0.000000,0.000000,1.000000,0.000000,-1.000000
0.074506784,2,202,snapshot,4096,5,1.000000,1.000000,1.000000,{"1":5},1.000000,0.000000,0.000000,0.000000,1.000000,0.000000,-1.000000
0.074506784,2,202,snapshot,16384,5,1.000000,1.000000,1.000000,{"1":5},1.000000,0.000000,0.000000,0.000000,1.000000,0.000000,-1.000000
0.075347809,2,205,read_only,64,1,1.000000,1.000000,1.000000,{"1":1},1.000000,0.000000,0.000000,0.000000,1.000000,0.000000,-1.000000
0.075347809,2,205,union,64,4,1.000000,1.000000,1.000000,{"1":4},1.000000,0.000000,0.000000,0.000000,1.000000,0.000000,-1.000000
0.075347809,2,205,snapshot,64,4,1.000000,1.000000,1.000000,{"1":4},1.000000,0.000000,0.000000,0.000000,1.000000,0.000000,-1.000000
0.075347809,2,205,read_only,256,1,1.000000,1.000000,1.000000,{"1":1},1.000000,0.000000,0.000000,0.000000,1.000000,0.000000,-1.000000
0.075347809,2,205,union,256,4,1.000000,1.000000,1.000000,{"1":4},1.000000,0.000000,0.000000,0.000000,1.000000,0.000000,-1.000000
0.075347809,2,205,snapshot,256,4,1.000000,1.000000,1.000000,{"1":4},1.000000,0.000000,0.000000,0.000000,1.000000,0.000000,-1.000000
0.075347809,2,205,read_only,1024,1,1.000000,1.000000,1.000000,{"1":1},1.000000,0.000000,0.000000,0.000000,1.000000,0.000000,-1.000000
0.075347809,2,205,union,1024,4,1.000000,1.000000,1.000000,{"1":4},1.000000,0.000000,0.000000,0.000000,1.000000,0.000000,-1.000000
0.075347809,2,205,snapshot,1024,4,1.000000,1.000000,1.000000,{"1":4},1.000000,0.000000,0.000000,0.000000,1.000000,0.000000,-1.000000
0.075347809,2,205,read_only,4096,1,1.000000,1.000000,1.000000,{"1":1},1.000000,0.000000,0.000000,0.000000,1.000000,0.000000,-1.000000
0.075347809,2,205,union,4096,4,1.000000,1.000000,1.000000,{"1":4},1.000000,0.000000,0.000000,0.000000,1.000000,0.000000,-1.000000
0.075347809,2,205,snapshot,4096,4,1.000000,1.000000,1.000000,{"1":4},1.000000,0.000000,0.000000,0.000000,1.000000,0.000000,-1.000000
0.075347809,2,205,read_only,16384,1,1.000000,1.000000,1.000000,{"1":1},1.000000,0.000000,0.000000,0.000000,1.000000,0.000000,-1.000000
0.075347809,2,205,union,16384,4,1.000000,1.000000,1.000000,{"1":4},1.000000,0.000000,0.000000,0.000000,1.000000,0.000000,-1.000000
0.075347809,2,205,snapshot,16384,4,1.000000,1.000000,1.000000,{"1":4},1.000000,0.000000,0.000000,0.000000,1.000000,0.000000,-1.000000
0.075598919,2,206,read_only,64,4,1.000000,1.000000,1.000000,{"1":4},1.000000,0.000000,0.000000,0.000000,1.000000,0.000000,-1.000000
0.075598919,2,206,union,64,4,1.000000,1.000000,1.000000,{"1":4},1.000000,0.000000,0.000000,0.000000,1.000000,0.000000,-1.000000
0.075598919,2,206,snapshot,64,8,1.000000,1.000000,1.000000,{"1":8},1.000000,0.000000,0.000000,0.000000,1.000000,0.000000,-1.000000
0.075598919,2,206,read_only,256,4,1.000000,1.000000,1.000000,{"1":4},1.000000,0.000000,0.000000,0.000000,1.000000,0.000000,-1.000000
0.075598919,2,206,union,256,4,1.000000,1.000000,1.000000,{"1":4},1.000000,0.000000,0.000000,0.000000,1.000000,0.000000,-1.000000
0.075598919,2,206,snapshot,256,8,1.000000,1.000000,1.000000,{"1":8},1.000000,0.000000,0.000000,0.000000,1.000000,0.000000,-1.000000
0.075598919,2,206,read_only,1024,4,1.000000,1.000000,1.000000,{"1":4},1.000000,0.000000,0.000000,0.000000,1.000000,0.000000,-1.000000
0.075598919,2,206,union,1024,4,1.000000,1.000000,1.000000,{"1":4},1.000000,0.000000,0.000000,0.000000,1.000000,0.000000,-1.000000
0.075598919,2,206,snapshot,1024,8,1.000000,1.000000,1.000000,{"1":8},1.000000,0.000000,0.000000,0.000000,1.000000,0.000000,-1.000000
0.075598919,2,206,read_only,4096,4,1.000000,1.000000,1.000000,{"1":4},1.000000,0.000000,0.000000,0.000000,1.000000,0.000000,-1.000000
0.075598919,2,206,union,4096,4,1.000000,1.000000,1.000000,{"1":4},1.000000,0.000000,0.000000,0.000000,1.000000,0.000000,-1.000000
0.075598919,2,206,snapshot,4096,8,1.000000,1.000000,1.000000,{"1":8},1.000000,0.000000,0.000000,0.000000,1.000000,0.000000,-1.000000
0.075598919,2,206,read_only,16384,4,1.000000,1.000000,1.000000,{"1":4},1.000000,0.000000,0.000000,0.000000,1.000000,0.000000,-1.000000
0.075598919,2,206,union,16384,4,1.000000,1.000000,1.000000,{"1":4},1.000000,0.000000,0.000000,0.000000,1.000000,0.000000,-1.000000
0.075598919,2,206,snapshot,16384,8,1.000000,1.000000,1.000000,{"1":8},1.000000,0.000000,0.000000,0.000000,1.000000,0.000000,-1.000000
0.075863401,2,207,read_only,64,5,1.000000,1.000000,1.000000,{"1":5},1.000000,0.000000,0.000000,0.000000,1.000000,0.000000,-1.000000
0.075863401,2,207,union,64,6,1.000000,1.000000,1.000000,{"1":6},1.000000,0.000000,0.000000,0.000000,1.000000,0.000000,-1.000000
0.075863401,2,207,snapshot,64,13,1.000000,1.000000,1.000000,{"1":13},1.000000,0.000000,0.000000,0.000000,1.000000,0.000000,-1.000000
0.075863401,2,207,read_only,256,5,1.000000,1.000000,1.000000,{"1":5},1.000000,0.000000,0.000000,0.000000,1.000000,0.000000,-1.000000
0.075863401,2,207,union,256,6,1.000000,1.000000,1.000000,{"1":6},1.000000,0.000000,0.000000,0.000000,1.000000,0.000000,-1.000000
0.075863401,2,207,snapshot,256,13,1.000000,1.000000,1.000000,{"1":13},1.000000,0.000000,0.000000,0.000000,1.000000,0.000000,-1.000000
0.075863401,2,207,read_only,1024,5,1.000000,1.000000,1.000000,{"1":5},1.000000,0.000000,0.000000,0.000000,1.000000,0.000000,-1.000000
0.075863401,2,207,union,1024,6,1.000000,1.000000,1.000000,{"1":6},1.000000,0.000000,0.000000,0.000000,1.000000,0.000000,-1.000000
0.075863401,2,207,snapshot,1024,13,1.000000,1.000000,1.000000,{"1":13},1.000000,0.000000,0.000000,0.000000,1.000000,0.000000,-1.000000
0.075863401,2,207,read_only,4096,5,1.000000,1.000000,1.000000,{"1":5},1.000000,0.000000,0.000000,0.000000,1.000000,0.000000,-1.000000
0.075863401,2,207,union,4096,6,1.000000,1.000000,1.000000,{"1":6},1.000000,0.000000,0.000000,0.000000,1.000000,0.000000,-1.000000
0.075863401,2,207,snapshot,4096,13,1.000000,1.000000,1.000000,{"1":13},1.000000,0.000000,0.000000,0.000000,1.000000,0.000000,-1.000000
0.075863401,2,207,read_only,16384,5,1.000000,1.000000,1.000000,{"1":5},1.000000,0.000000,0.000000,0.000000,1.000000,0.000000,-1.000000
0.075863401,2,207,union,16384,6,1.000000,1.000000,1.000000,{"1":6},1.000000,0.000000,0.000000,0.000000,1.000000,0.000000,-1.000000
0.075863401,2,207,snapshot,16384,13,1.000000,1.000000,1.000000,{"1":13},1.000000,0.000000,0.000000,0.000000,1.000000,0.000000,-1.000000
0.076178355,2,208,read_only,64,9,1.000000,1.000000,1.000000,{"1":8,"2":1},0.888889,0.111111,0.000000,0.000000,0.888889,0.111111,1.000000
0.076178355,2,208,union,64,11,1.000000,1.000000,1.000000,{"1":10,"2":1},0.909091,0.090909,0.000000,0.000000,0.909091,0.090909,1.000000
0.076178355,2,208,snapshot,64,24,1.000000,1.000000,1.000000,{"1":23,"2":1},0.958333,0.041667,0.000000,0.000000,0.958333,0.041667,1.000000
0.076178355,2,208,read_only,256,9,1.000000,1.000000,1.000000,{"1":8,"2":1},0.888889,0.111111,0.000000,0.000000,0.888889,0.111111,1.000000
0.076178355,2,208,union,256,11,1.000000,1.000000,1.000000,{"1":10,"2":1},0.909091,0.090909,0.000000,0.000000,0.909091,0.090909,1.000000
0.076178355,2,208,snapshot,256,24,1.000000,1.000000,1.000000,{"1":23,"2":1},0.958333,0.041667,0.000000,0.000000,0.958333,0.041667,1.000000
0.076178355,2,208,read_only,1024,9,1.000000,1.000000,1.000000,{"1":8,"2":1},0.888889,0.111111,0.000000,0.000000,0.888889,0.111111,1.000000
0.076178355,2,208,union,1024,11,1.000000,1.000000,1.000000,{"1":10,"2":1},0.909091,0.090909,0.000000,0.000000,0.909091,0.090909,1.000000
0.076178355,2,208,snapshot,1024,24,1.000000,1.000000,1.000000,{"1":23,"2":1},0.958333,0.041667,0.000000,0.000000,0.958333,0.041667,1.000000
0.076178355,2,208,read_only,4096,9,1.000000,1.000000,1.000000,{"1":8,"2":1},0.888889,0.111111,0.000000,0.000000,0.888889,0.111111,1.000000
0.076178355,2,208,union,4096,11,1.000000,1.000000,1.000000,{"1":10,"2":1},0.909091,0.090909,0.000000,0.000000,0.909091,0.090909,1.000000
0.076178355,2,208,snapshot,4096,24,1.000000,1.000000,1.000000,{"1":23,"2":1},0.958333,0.041667,0.000000,0.000000,0.958333,0.041667,1.000000
0.076178355,2,208,read_only,16384,9,1.000000,1.000000,1.000000,{"1":8,"2":1},0.888889,0.111111,0.000000,0.000000,0.888889,0.111111,1.000000
0.076178355,2,208,union,16384,11,1.000000,1.000000,1.000000,{"1":10,"2":1},0.909091,0.090909,0.000000,0.000000,0.909091,0.090909,1.000000
0.076178355,2,208,snapshot,16384,24,1.000000,1.000000,1.000000,{"1":23,"2":1},0.958333,0.041667,0.000000,0.000000,0.958333,0.041667,1.000000
0.076411415,2,209,snapshot,64,24,1.000000,1.000000,1.000000,{"1":23,"2":1},0.958333,0.041667,0.000000,0.000000,0.958333,0.041667,1.000000
0.076411415,2,209,snapshot,256,24,1.000000,1.000000,1.000000,{"1":23,"2":1},0.958333,0.041667,0.000000,0.000000,0.958333,0.041667,1.000000
0.076411415,2,209,snapshot,1024,24,1.000000,1.000000,1.000000,{"1":23,"2":1},0.958333,0.041667,0.000000,0.000000,0.958333,0.041667,1.000000
0.076411415,2,209,snapshot,4096,24,1.000000,1.000000,1.000000,{"1":23,"2":1},0.958333,0.041667,0.000000,0.000000,0.958333,0.041667,1.000000
0.076411415,2,209,snapshot,16384,24,1.000000,1.000000,1.000000,{"1":23,"2":1},0.958333,0.041667,0.000000,0.000000,0.958333,0.041667,1.000000
0.076647653,2,210,read_only,64,2,1.000000,1.000000,1.000000,{"2":2},0.000000,1.000000,0.000000,0.000000,0.000000,1.000000,1.000000
0.076647653,2,210,union,64,2,1.000000,1.000000,1.000000,{"2":2},0.000000,1.000000,0.000000,0.000000,0.000000,1.000000,1.000000
0.076647653,2,210,snapshot,64,26,1.000000,1.000000,1.000000,{"1":23,"2":3},0.884615,0.115385,0.000000,0.000000,0.884615,0.115385,1.000000
0.076647653,2,210,read_only,256,2,1.000000,1.000000,1.000000,{"2":2},0.000000,1.000000,0.000000,0.000000,0.000000,1.000000,1.000000
0.076647653,2,210,union,256,2,1.000000,1.000000,1.000000,{"2":2},0.000000,1.000000,0.000000,0.000000,0.000000,1.000000,1.000000
0.076647653,2,210,snapshot,256,26,1.000000,1.000000,1.000000,{"1":23,"2":3},0.884615,0.115385,0.000000,0.000000,0.884615,0.115385,1.000000
0.076647653,2,210,read_only,1024,2,1.000000,1.000000,1.000000,{"2":2},0.000000,1.000000,0.000000,0.000000,0.000000,1.000000,1.000000
0.076647653,2,210,union,1024,2,1.000000,1.000000,1.000000,{"2":2},0.000000,1.000000,0.000000,0.000000,0.000000,1.000000,1.000000
0.076647653,2,210,snapshot,1024,26,1.000000,1.000000,1.000000,{"1":23,"2":3},0.884615,0.115385,0.000000,0.000000,0.884615,0.115385,1.000000
0.076647653,2,210,read_only,4096,2,1.000000,1.000000,1.000000,{"2":2},0.000000,1.000000,0.000000,0.000000,0.000000,1.000000,1.000000
0.076647653,2,210,union,4096,2,1.000000,1.000000,1.000000,{"2":2},0.000000,1.000000,0.000000,0.000000,0.000000,1.000000,1.000000
0.076647653,2,210,snapshot,4096,26,1.000000,1.000000,1.000000,{"1":23,"2":3},0.884615,0.115385,0.000000,0.000000,0.884615,0.115385,1.000000
0.076647653,2,210,read_only,16384,2,1.000000,1.000000,1.000000,{"2":2},0.000000,1.000000,0.000000,0.000000,0.000000,1.000000,1.000000
0.076647653,2,210,union,16384,2,1.000000,1.000000,1.000000,{"2":2},0.000000,1.000000,0.000000,0.000000,0.000000,1.000000,1.000000
0.076647653,2,210,snapshot,16384,26,1.000000,1.000000,1.000000,{"1":23,"2":3},0.884615,0.115385,0.000000,0.000000,0.884615,0.115385,1.000000
0.076884781,2,211,snapshot,64,26,1.000000,1.000000,1.000000,{"1":23,"2":3},0.884615,0.115385,0.000000,0.000000,0.884615,0.115385,1.000000
0.076884781,2,211,snapshot,256,26,1.000000,1.000000,1.000000,{"1":23,"2":3},0.884615,0.115385,0.000000,0.000000,0.884615,0.115385,1.000000
0.076884781,2,211,snapshot,1024,26,1.000000,1.000000,1.000000,{"1":23,"2":3},0.884615,0.115385,0.000000,0.000000,0.884615,0.115385,1.000000
0.076884781,2,211,snapshot,4096,26,1.000000,1.000000,1.000000,{"1":23,"2":3},0.884615,0.115385,0.000000,0.000000,0.884615,0.115385,1.000000
0.076884781,2,211,snapshot,16384,26,1.000000,1.000000,1.000000,{"1":23,"2":3},0.884615,0.115385,0.000000,0.000000,0.884615,0.115385,1.000000
0.077311780,2,212,read_only,64,13,1.000000,1.000000,1.000000,{"1":13},1.000000,0.000000,0.000000,0.000000,1.000000,0.000000,-1.000000
0.077311780,2,212,union,64,18,1.000000,1.000000,1.000000,{"1":18},1.000000,0.000000,0.000000,0.000000,1.000000,0.000000,-1.000000
0.077311780,2,212,snapshot,64,44,1.000000,1.000000,1.000000,{"1":41,"2":3},0.931818,0.068182,0.000000,0.000000,0.931818,0.068182,1.000000
0.077311780,2,212,read_only,256,13,1.000000,1.000000,1.000000,{"1":13},1.000000,0.000000,0.000000,0.000000,1.000000,0.000000,-1.000000
0.077311780,2,212,union,256,18,1.000000,1.000000,1.000000,{"1":18},1.000000,0.000000,0.000000,0.000000,1.000000,0.000000,-1.000000
0.077311780,2,212,snapshot,256,44,1.000000,1.000000,1.000000,{"1":41,"2":3},0.931818,0.068182,0.000000,0.000000,0.931818,0.068182,1.000000
0.077311780,2,212,read_only,1024,13,1.000000,1.000000,1.000000,{"1":13},1.000000,0.000000,0.000000,0.000000,1.000000,0.000000,-1.000000
0.077311780,2,212,union,1024,18,1.000000,1.000000,1.000000,{"1":18},1.000000,0.000000,0.000000,0.000000,1.000000,0.000000,-1.000000
0.077311780,2,212,snapshot,1024,44,1.000000,1.000000,1.000000,{"1":41,"2":3},0.931818,0.068182,0.000000,0.000000,0.931818,0.068182,1.000000
0.077311780,2,212,read_only,4096,13,1.000000,1.000000,1.000000,{"1":13},1.000000,0.000000,0.000000,0.000000,1.000000,0.000000,-1.000000
0.077311780,2,212,union,4096,18,1.000000,1.000000,1.000000,{"1":18},1.000000,0.000000,0.000000,0.000000,1.000000,0.000000,-1.000000
0.077311780,2,212,snapshot,4096,44,1.000000,1.000000,1.000000,{"1":41,"2":3},0.931818,0.068182,0.000000,0.000000,0.931818,0.068182,1.000000
0.077311780,2,212,read_only,16384,13,1.000000,1.000000,1.000000,{"1":13},1.000000,0.000000,0.000000,0.000000,1.000000,0.000000,-1.000000
0.077311780,2,212,union,16384,18,1.000000,1.000000,1.000000,{"1":18},1.000000,0.000000,0.000000,0.000000,1.000000,0.000000,-1.000000
0.077311780,2,212,snapshot,16384,44,1.000000,1.000000,1.000000,{"1":41,"2":3},0.931818,0.068182,0.000000,0.000000,0.931818,0.068182,1.000000
0.077595792,2,213,snapshot,64,44,1.000000,1.000000,1.000000,{"1":41,"2":3},0.931818,0.068182,0.000000,0.000000,0.931818,0.068182,1.000000
0.077595792,2,213,snapshot,256,44,1.000000,1.000000,1.000000,{"1":41,"2":3},0.931818,0.068182,0.000000,0.000000,0.931818,0.068182,1.000000
0.077595792,2,213,snapshot,1024,44,1.000000,1.000000,1.000000,{"1":41,"2":3},0.931818,0.068182,0.000000,0.000000,0.931818,0.068182,1.000000
0.077595792,2,213,snapshot,4096,44,1.000000,1.000000,1.000000,{"1":41,"2":3},0.931818,0.068182,0.000000,0.000000,0.931818,0.068182,1.000000
0.077595792,2,213,snapshot,16384,44,1.000000,1.000000,1.000000,{"1":41,"2":3},0.931818,0.068182,0.000000,0.000000,0.931818,0.068182,1.000000
0.077833254,2,214,snapshot,64,44,1.000000,1.000000,1.000000,{"1":41,"2":3},0.931818,0.068182,0.000000,0.000000,0.931818,0.068182,1.000000
0.077833254,2,214,snapshot,256,44,1.000000,1.000000,1.000000,{"1":41,"2":3},0.931818,0.068182,0.000000,0.000000,0.931818,0.068182,1.000000
0.077833254,2,214,snapshot,1024,44,1.000000,1.000000,1.000000,{"1":41,"2":3},0.931818,0.068182,0.000000,0.000000,0.931818,0.068182,1.000000
0.077833254,2,214,snapshot,4096,44,1.000000,1.000000,1.000000,{"1":41,"2":3},0.931818,0.068182,0.000000,0.000000,0.931818,0.068182,1.000000
0.077833254,2,214,snapshot,16384,44,1.000000,1.000000,1.000000,{"1":41,"2":3},0.931818,0.068182,0.000000,0.000000,0.931818,0.068182,1.000000
0.078086068,2,215,snapshot,64,44,1.000000,1.000000,1.000000,{"1":41,"2":3},0.931818,0.068182,0.000000,0.000000,0.931818,0.068182,1.000000
0.078086068,2,215,snapshot,256,44,1.000000,1.000000,1.000000,{"1":41,"2":3},0.931818,0.068182,0.000000,0.000000,0.931818,0.068182,1.000000
0.078086068,2,215,snapshot,1024,44,1.000000,1.000000,1.000000,{"1":41,"2":3},0.931818,0.068182,0.000000,0.000000,0.931818,0.068182,1.000000
0.078086068,2,215,snapshot,4096,44,1.000000,1.000000,1.000000,{"1":41,"2":3},0.931818,0.068182,0.000000,0.000000,0.931818,0.068182,1.000000
0.078086068,2,215,snapshot,16384,44,1.000000,1.000000,1.000000,{"1":41,"2":3},0.931818,0.068182,0.000000,0.000000,0.931818,0.068182,1.000000
0.078605746,2,216,read_only,64,20,1.000000,1.000000,1.000000,{"1":14,"2":6},0.700000,0.300000,0.000000,0.000000,0.700000,0.300000,1.000000
0.078605746,2,216,union,64,24,1.000000,1.000000,1.000000,{"1":18,"2":6},0.750000,0.250000,0.000000,0.000000,0.750000,0.250000,1.000000
0.078605746,2,216,snapshot,64,68,1.000000,1.000000,1.000000,{"1":59,"2":9},0.867647,0.132353,0.000000,0.000000,0.867647,0.132353,1.000000
0.078605746,2,216,read_only,256,20,1.000000,1.000000,1.000000,{"1":14,"2":6},0.700000,0.300000,0.000000,0.000000,0.700000,0.300000,1.000000
0.078605746,2,216,union,256,24,1.000000,1.000000,1.000000,{"1":18,"2":6},0.750000,0.250000,0.000000,0.000000,0.750000,0.250000,1.000000
0.078605746,2,216,snapshot,256,68,1.000000,1.000000,1.000000,{"1":59,"2":9},0.867647,0.132353,0.000000,0.000000,0.867647,0.132353,1.000000
0.078605746,2,216,read_only,1024,20,1.000000,1.000000,1.000000,{"1":14,"2":6},0.700000,0.300000,0.000000,0.000000,0.700000,0.300000,1.000000
0.078605746,2,216,union,1024,24,1.000000,1.000000,1.000000,{"1":18,"2":6},0.750000,0.250000,0.000000,0.000000,0.750000,0.250000,1.000000
0.078605746,2,216,snapshot,1024,68,1.000000,1.000000,1.000000,{"1":59,"2":9},0.867647,0.132353,0.000000,0.000000,0.867647,0.132353,1.000000
0.078605746,2,216,read_only,4096,20,1.000000,1.000000,1.000000,{"1":14,"2":6},0.700000,0.300000,0.000000,0.000000,0.700000,0.300000,1.000000
0.078605746,2,216,union,4096,24,1.000000,1.000000,1.000000,{"1":18,"2":6},0.750000,0.250000,0.000000,0.000000,0.750000,0.250000,1.000000
0.078605746,2,216,snapshot,4096,68,1.000000,1.000000,1.000000,{"1":59,"2":9},0.867647,0.132353,0.000000,0.000000,0.867647,0.132353,1.000000
0.078605746,2,216,read_only,16384,20,1.000000,1.000000,1.000000,{"1":14,"2":6},0.700000,0.300000,0.000000,0.000000,0.700000,0.300000,1.000000
0.078605746,2,216,union,16384,24,1.000000,1.000000,1.000000,{"1":18,"2":6},0.750000,0.250000,0.000000,0.000000,0.750000,0.250000,1.000000
0.078605746,2,216,snapshot,16384,68,1.000000,1.000000,1.000000,{"1":59,"2":9},0.867647,0.132353,0.000000,0.000000,0.867647,0.132353,1.000000
0.079167572,2,217,read_only,64,16,1.000000,1.000000,1.000000,{"1":16},1.000000,0.000000,0.000000,0.000000,1.000000,0.000000,-1.000000
0.079167572,2,217,union,64,29,1.000000,1.000000,1.000000,{"1":29},1.000000,0.000000,0.000000,0.000000,1.000000,0.000000,-1.000000
0.079167572,2,217,snapshot,64,91,1.000000,1.000000,1.000000,{"1":82,"2":9},0.901099,0.098901,0.000000,0.000000,0.901099,0.098901,1.000000
0.079167572,2,217,read_only,256,16,1.000000,1.000000,1.000000,{"1":16},1.000000,0.000000,0.000000,0.000000,1.000000,0.000000,-1.000000
0.079167572,2,217,union,256,29,1.000000,1.000000,1.000000,{"1":29},1.000000,0.000000,0.000000,0.000000,1.000000,0.000000,-1.000000
0.079167572,2,217,snapshot,256,91,1.000000,1.000000,1.000000,{"1":82,"2":9},0.901099,0.098901,0.000000,0.000000,0.901099,0.098901,1.000000
0.079167572,2,217,read_only,1024,16,1.000000,1.000000,1.000000,{"1":16},1.000000,0.000000,0.000000,0.000000,1.000000,0.000000,-1.000000
0.079167572,2,217,union,1024,29,1.000000,1.000000,1.000000,{"1":29},1.000000,0.000000,0.000000,0.000000,1.000000,0.000000,-1.000000
0.079167572,2,217,snapshot,1024,91,1.000000,1.000000,1.000000,{"1":82,"2":9},0.901099,0.098901,0.000000,0.000000,0.901099,0.098901,1.000000
0.079167572,2,217,read_only,4096,16,1.000000,1.000000,1.000000,{"1":16},1.000000,0.000000,0.000000,0.000000,1.000000,0.000000,-1.000000
0.079167572,2,217,union,4096,29,1.000000,1.000000,1.000000,{"1":29},1.000000,0.000000,0.000000,0.000000,1.000000,0.000000,-1.000000
0.079167572,2,217,snapshot,4096,91,1.000000,1.000000,1.000000,{"1":82,"2":9},0.901099,0.098901,0.000000,0.000000,0.901099,0.098901,1.000000
0.079167572,2,217,read_only,16384,16,1.000000,1.000000,1.000000,{"1":16},1.000000,0.000000,0.000000,0.000000,1.000000,0.000000,-1.000000
0.079167572,2,217,union,16384,29,1.000000,1.000000,1.000000,{"1":29},1.000000,0.000000,0.000000,0.000000,1.000000,0.000000,-1.000000
0.079167572,2,217,snapshot,16384,91,1.000000,1.000000,1.000000,{"1":82,"2":9},0.901099,0.098901,0.000000,0.000000,0.901099,0.098901,1.000000
0.079500694,2,218,read_only,64,2,1.000000,1.000000,1.000000,{"1":2},1.000000,0.000000,0.000000,0.000000,1.000000,0.000000,-1.000000
0.079500694,2,218,union,64,2,1.000000,1.000000,1.000000,{"1":2},1.000000,0.000000,0.000000,0.000000,1.000000,0.000000,-1.000000
0.079500694,2,218,snapshot,64,93,1.000000,1.000000,1.000000,{"1":84,"2":9},0.903226,0.096774,0.000000,0.000000,0.903226,0.096774,1.000000
0.079500694,2,218,read_only,256,2,1.000000,1.000000,1.000000,{"1":2},1.000000,0.000000,0.000000,0.000000,1.000000,0.000000,-1.000000
0.079500694,2,218,union,256,2,1.000000,1.000000,1.000000,{"1":2},1.000000,0.000000,0.000000,0.000000,1.000000,0.000000,-1.000000
0.079500694,2,218,snapshot,256,93,1.000000,1.000000,1.000000,{"1":84,"2":9},0.903226,0.096774,0.000000,0.000000,0.903226,0.096774,1.000000
0.079500694,2,218,read_only,1024,2,1.000000,1.000000,1.000000,{"1":2},1.000000,0.000000,0.000000,0.000000,1.000000,0.000000,-1.000000
0.079500694,2,218,union,1024,2,1.000000,1.000000,1.000000,{"1":2},1.000000,0.000000,0.000000,0.000000,1.000000,0.000000,-1.000000
0.079500694,2,218,snapshot,1024,93,1.000000,1.000000,1.000000,{"1":84,"2":9},0.903226,0.096774,0.000000,0.000000,0.903226,0.096774,1.000000
0.079500694,2,218,read_only,4096,2,1.000000,1.000000,1.000000,{"1":2},1.000000,0.000000,0.000000,0.000000,1.000000,0.000000,-1.000000
0.079500694,2,218,union,4096,2,1.000000,1.000000,1.000000,{"1":2},1.000000,0.000000,0.000000,0.000000,1.000000,0.000000,-1.000000
0.079500694,2,218,snapshot,4096,93,1.000000,1.000000,1.000000,{"1":84,"2":9},0.903226,0.096774,0.000000,0.000000,0.903226,0.096774,1.000000
0.079500694,2,218,read_only,16384,2,1.000000,1.000000,1.000000,{"1":2},1.000000,0.000000,0.000000,0.000000,1.000000,0.000000,-1.000000
0.079500694,2,218,union,16384,2,1.000000,1.000000,1.000000,{"1":2},1.000000,0.000000,0.000000,0.000000,1.000000,0.000000,-1.000000
0.079500694,2,218,snapshot,16384,93,1.000000,1.000000,1.000000,{"1":84,"2":9},0.903226,0.096774,0.000000,0.000000,0.903226,0.096774,1.000000
0.082656483,2,219,snapshot,64,93,1.000000,1.000000,1.000000,{"1":84,"2":9},0.903226,0.096774,0.000000,0.000000,0.903226,0.096774,1.000000
0.082656483,2,219,snapshot,256,93,1.000000,1.000000,1.000000,{"1":84,"2":9},0.903226,0.096774,0.000000,0.000000,0.903226,0.096774,1.000000
0.082656483,2,219,snapshot,1024,93,1.000000,1.000000,1.000000,{"1":84,"2":9},0.903226,0.096774,0.000000,0.000000,0.903226,0.096774,1.000000
0.082656483,2,219,snapshot,4096,93,1.000000,1.000000,1.000000,{"1":84,"2":9},0.903226,0.096774,0.000000,0.000000,0.903226,0.096774,1.000000
0.082656483,2,219,snapshot,16384,93,1.000000,1.000000,1.000000,{"1":84,"2":9},0.903226,0.096774,0.000000,0.000000,0.903226,0.096774,1.000000
0.082888636,2,220,snapshot,64,93,1.000000,1.000000,1.000000,{"1":84,"2":9},0.903226,0.096774,0.000000,0.000000,0.903226,0.096774,1.000000
0.082888636,2,220,snapshot,256,93,1.000000,1.000000,1.000000,{"1":84,"2":9},0.903226,0.096774,0.000000,0.000000,0.903226,0.096774,1.000000
0.082888636,2,220,snapshot,1024,93,1.000000,1.000000,1.000000,{"1":84,"2":9},0.903226,0.096774,0.000000,0.000000,0.903226,0.096774,1.000000
0.082888636,2,220,snapshot,4096,93,1.000000,1.000000,1.000000,{"1":84,"2":9},0.903226,0.096774,0.000000,0.000000,0.903226,0.096774,1.000000
0.082888636,2,220,snapshot,16384,93,1.000000,1.000000,1.000000,{"1":84,"2":9},0.903226,0.096774,0.000000,0.000000,0.903226,0.096774,1.000000
0.083277685,2,221,snapshot,64,93,1.000000,1.000000,1.000000,{"1":84,"2":9},0.903226,0.096774,0.000000,0.000000,0.903226,0.096774,1.000000
0.083277685,2,221,snapshot,256,93,1.000000,1.000000,1.000000,{"1":84,"2":9},0.903226,0.096774,0.000000,0.000000,0.903226,0.096774,1.000000
0.083277685,2,221,snapshot,1024,93,1.000000,1.000000,1.000000,{"1":84,"2":9},0.903226,0.096774,0.000000,0.000000,0.903226,0.096774,1.000000
0.083277685,2,221,snapshot,4096,93,1.000000,1.000000,1.000000,{"1":84,"2":9},0.903226,0.096774,0.000000,0.000000,0.903226,0.096774,1.000000
0.083277685,2,221,snapshot,16384,93,1.000000,1.000000,1.000000,{"1":84,"2":9},0.903226,0.096774,0.000000,0.000000,0.903226,0.096774,1.000000
0.083567405,2,222,snapshot,64,93,1.000000,1.000000,1.000000,{"1":84,"2":9},0.903226,0.096774,0.000000,0.000000,0.903226,0.096774,1.000000
0.083567405,2,222,snapshot,256,93,1.000000,1.000000,1.000000,{"1":84,"2":9},0.903226,0.096774,0.000000,0.000000,0.903226,0.096774,1.000000
0.083567405,2,222,snapshot,1024,93,1.000000,1.000000,1.000000,{"1":84,"2":9},0.903226,0.096774,0.000000,0.000000,0.903226,0.096774,1.000000
0.083567405,2,222,snapshot,4096,93,1.000000,1.000000,1.000000,{"1":84,"2":9},0.903226,0.096774,0.000000,0.000000,0.903226,0.096774,1.000000
0.083567405,2,222,snapshot,16384,93,1.000000,1.000000,1.000000,{"1":84,"2":9},0.903226,0.096774,0.000000,0.000000,0.903226,0.096774,1.000000
0.083847717,2,223,snapshot,64,93,1.000000,1.000000,1.000000,{"1":84,"2":9},0.903226,0.096774,0.000000,0.000000,0.903226,0.096774,1.000000
0.083847717,2,223,snapshot,256,93,1.000000,1.000000,1.000000,{"1":84,"2":9},0.903226,0.096774,0.000000,0.000000,0.903226,0.096774,1.000000
0.083847717,2,223,snapshot,1024,93,1.000000,1.000000,1.000000,{"1":84,"2":9},0.903226,0.096774,0.000000,0.000000,0.903226,0.096774,1.000000
0.083847717,2,223,snapshot,4096,93,1.000000,1.000000,1.000000,{"1":84,"2":9},0.903226,0.096774,0.000000,0.000000,0.903226,0.096774,1.000000
0.083847717,2,223,snapshot,16384,93,1.000000,1.000000,1.000000,{"1":84,"2":9},0.903226,0.096774,0.000000,0.000000,0.903226,0.096774,1.000000
0.084079767,2,224,snapshot,64,93,1.000000,1.000000,1.000000,{"1":84,"2":9},0.903226,0.096774,0.000000,0.000000,0.903226,0.096774,1.000000
0.084079767,2,224,snapshot,256,93,1.000000,1.000000,1.000000,{"1":84,"2":9},0.903226,0.096774,0.000000,0.000000,0.903226,0.096774,1.000000
0.084079767,2,224,snapshot,1024,93,1.000000,1.000000,1.000000,{"1":84,"2":9},0.903226,0.096774,0.000000,0.000000,0.903226,0.096774,1.000000
0.084079767,2,224,snapshot,4096,93,1.000000,1.000000,1.000000,{"1":84,"2":9},0.903226,0.096774,0.000000,0.000000,0.903226,0.096774,1.000000
0.084079767,2,224,snapshot,16384,93,1.000000,1.000000,1.000000,{"1":84,"2":9},0.903226,0.096774,0.000000,0.000000,0.903226,0.096774,1.000000
0.084576941,2,225,read_only,64,13,1.000000,1.000000,1.000000,{"1":13},1.000000,0.000000,0.000000,0.000000,1.000000,0.000000,-1.000000
0.084576941,2,225,union,64,17,1.000000,1.000000,1.000000,{"1":17},1.000000,0.000000,0.000000,0.000000,1.000000,0.000000,-1.000000
0.084576941,2,225,snapshot,64,110,1.000000,1.000000,1.000000,{"1":101,"2":9},0.918182,0.081818,0.000000,0.000000,0.918182,0.081818,1.000000
0.084576941,2,225,read_only,256,13,1.000000,1.000000,1.000000,{"1":13},1.000000,0.000000,0.000000,0.000000,1.000000,0.000000,-1.000000
0.084576941,2,225,union,256,17,1.000000,1.000000,1.000000,{"1":17},1.000000,0.000000,0.000000,0.000000,1.000000,0.000000,-1.000000
0.084576941,2,225,snapshot,256,110,1.000000,1.000000,1.000000,{"1":101,"2":9},0.918182,0.081818,0.000000,0.000000,0.918182,0.081818,1.000000
0.084576941,2,225,read_only,1024,13,1.000000,1.000000,1.000000,{"1":13},1.000000,0.000000,0.000000,0.000000,1.000000,0.000000,-1.000000
0.084576941,2,225,union,1024,17,1.000000,1.000000,1.000000,{"1":17},1.000000,0.000000,0.000000,0.000000,1.000000,0.000000,-1.000000
0.084576941,2,225,snapshot,1024,110,1.000000,1.000000,1.000000,{"1":101,"2":9},0.918182,0.081818,0.000000,0.000000,0.918182,0.081818,1.000000
0.084576941,2,225,read_only,4096,13,1.000000,1.000000,1.000000,{"1":13},1.000000,0.000000,0.000000,0.000000,1.000000,0.000000,-1.000000
0.084576941,2,225,union,4096,17,1.000000,1.000000,1.000000,{"1":17},1.000000,0.000000,0.000000,0.000000,1.000000,0.000000,-1.000000
0.084576941,2,225,snapshot,4096,110,1.000000,1.000000,1.000000,{"1":101,"2":9},0.918182,0.081818,0.000000,0.000000,0.918182,0.081818,1.000000
0.084576941,2,225,read_only,16384,13,1.000000,1.000000,1.000000,{"1":13},1.000000,0.000000,0.000000,0.000000,1.000000,0.000000,-1.000000
0.084576941,2,225,union,16384,17,1.000000,1.000000,1.000000,{"1":17},1.000000,0.000000,0.000000,0.000000,1.000000,0.000000,-1.000000
0.084576941,2,225,snapshot,16384,110,1.000000,1.000000,1.000000,{"1":101,"2":9},0.918182,0.081818,0.000000,0.000000,0.918182,0.081818,1.000000
0.085407001,2,226,read_only,64,142,1.000000,1.000000,1.000000,{"1":142},1.000000,0.000000,0.000000,0.000000,1.000000,0.000000,-1.000000
0.085407001,2,226,union,64,152,1.000000,1.000000,1.000000,{"1":152},1.000000,0.000000,0.000000,0.000000,1.000000,0.000000,-1.000000
0.085407001,2,226,snapshot,64,260,1.000000,1.000000,1.000000,{"1":251,"2":9},0.965385,0.034615,0.000000,0.000000,0.965385,0.034615,1.000000
0.085407001,2,226,read_only,256,142,1.000000,1.000000,1.000000,{"1":142},1.000000,0.000000,0.000000,0.000000,1.000000,0.000000,-1.000000
0.085407001,2,226,union,256,152,1.000000,1.000000,1.000000,{"1":152},1.000000,0.000000,0.000000,0.000000,1.000000,0.000000,-1.000000
0.085407001,2,226,snapshot,256,260,1.000000,1.000000,1.000000,{"1":251,"2":9},0.965385,0.034615,0.000000,0.000000,0.965385,0.034615,1.000000
0.085407001,2,226,read_only,1024,142,1.000000,1.000000,1.000000,{"1":142},1.000000,0.000000,0.000000,0.000000,1.000000,0.000000,-1.000000
0.085407001,2,226,union,1024,152,1.000000,1.000000,1.000000,{"1":152},1.000000,0.000000,0.000000,0.000000,1.000000,0.000000,-1.000000
0.085407001,2,226,snapshot,1024,260,1.000000,1.000000,1.000000,{"1":251,"2":9},0.965385,0.034615,0.000000,0.000000,0.965385,0.034615,1.000000
0.085407001,2,226,read_only,4096,142,1.000000,1.000000,1.000000,{"1":142},1.000000,0.000000,0.000000,0.000000,1.000000,0.000000,-1.000000
0.085407001,2,226,union,4096,152,1.000000,1.000000,1.000000,{"1":152},1.000000,0.000000,0.000000,0.000000,1.000000,0.000000,-1.000000
0.085407001,2,226,snapshot,4096,260,1.000000,1.000000,1.000000,{"1":251,"2":9},0.965385,0.034615,0.000000,0.000000,0.965385,0.034615,1.000000
0.085407001,2,226,read_only,16384,142,1.000000,1.000000,1.000000,{"1":142},1.000000,0.000000,0.000000,0.000000,1.000000,0.000000,-1.000000
0.085407001,2,226,union,16384,152,1.000000,1.000000,1.000000,{"1":152},1.000000,0.000000,0.000000,0.000000,1.000000,0.000000,-1.000000
0.085407001,2,226,snapshot,16384,260,1.000000,1.000000,1.000000,{"1":251,"2":9},0.965385,0.034615,0.000000,0.000000,0.965385,0.034615,1.000000
0.085772695,2,227,snapshot,64,260,1.000000,1.000000,1.000000,{"1":251,"2":9},0.965385,0.034615,0.000000,0.000000,0.965385,0.034615,1.000000
0.085772695,2,227,snapshot,256,260,1.000000,1.000000,1.000000,{"1":251,"2":9},0.965385,0.034615,0.000000,0.000000,0.965385,0.034615,1.000000
0.085772695,2,227,snapshot,1024,260,1.000000,1.000000,1.000000,{"1":251,"2":9},0.965385,0.034615,0.000000,0.000000,0.965385,0.034615,1.000000
0.085772695,2,227,snapshot,4096,260,1.000000,1.000000,1.000000,{"1":251,"2":9},0.965385,0.034615,0.000000,0.000000,0.965385,0.034615,1.000000
0.085772695,2,227,snapshot,16384,260,1.000000,1.000000,1.000000,{"1":251,"2":9},0.965385,0.034615,0.000000,0.000000,0.965385,0.034615,1.000000
0.086072205,2,228,snapshot,64,260,1.000000,1.000000,1.000000,{"1":251,"2":9},0.965385,0.034615,0.000000,0.000000,0.965385,0.034615,1.000000
0.086072205,2,228,snapshot,256,260,1.000000,1.000000,1.000000,{"1":251,"2":9},0.965385,0.034615,0.000000,0.000000,0.965385,0.034615,1.000000
0.086072205,2,228,snapshot,1024,260,1.000000,1.000000,1.000000,{"1":251,"2":9},0.965385,0.034615,0.000000,0.000000,0.965385,0.034615,1.000000
0.086072205,2,228,snapshot,4096,260,1.000000,1.000000,1.000000,{"1":251,"2":9},0.965385,0.034615,0.000000,0.000000,0.965385,0.034615,1.000000
0.086072205,2,228,snapshot,16384,260,1.000000,1.000000,1.000000,{"1":251,"2":9},0.965385,0.034615,0.000000,0.000000,0.965385,0.034615,1.000000
0.086908217,2,229,read_only,64,19,1.000000,1.000000,1.000000,{"1":19},1.000000,0.000000,0.000000,0.000000,1.000000,0.000000,-1.000000
0.086908217,2,229,union,64,22,1.000000,1.000000,1.000000,{"1":22},1.000000,0.000000,0.000000,0.000000,1.000000,0.000000,-1.000000
0.086908217,2,229,snapshot,64,279,1.000000,1.000000,1.000000,{"1":270,"2":9},0.967742,0.032258,0.000000,0.000000,0.967742,0.032258,1.000000
0.086908217,2,229,read_only,256,19,1.000000,1.000000,1.000000,{"1":19},1.000000,0.000000,0.000000,0.000000,1.000000,0.000000,-1.000000
0.086908217,2,229,union,256,22,1.000000,1.000000,1.000000,{"1":22},1.000000,0.000000,0.000000,0.000000,1.000000,0.000000,-1.000000
0.086908217,2,229,snapshot,256,279,1.000000,1.000000,1.000000,{"1":270,"2":9},0.967742,0.032258,0.000000,0.000000,0.967742,0.032258,1.000000
0.086908217,2,229,read_only,1024,19,1.000000,1.000000,1.000000,{"1":19},1.000000,0.000000,0.000000,0.000000,1.000000,0.000000,-1.000000
0.086908217,2,229,union,1024,22,1.000000,1.000000,1.000000,{"1":22},1.000000,0.000000,0.000000,0.000000,1.000000,0.000000,-1.000000
0.086908217,2,229,snapshot,1024,279,1.000000,1.000000,1.000000,{"1":270,"2":9},0.967742,0.032258,0.000000,0.000000,0.967742,0.032258,1.000000
0.086908217,2,229,read_only,4096,19,1.000000,1.000000,1.000000,{"1":19},1.000000,0.000000,0.000000,0.000000,1.000000,0.000000,-1.000000
0.086908217,2,229,union,4096,22,1.000000,1.000000,1.000000,{"1":22},1.000000,0.000000,0.000000,0.000000,1.000000,0.000000,-1.000000
0.086908217,2,229,snapshot,4096,279,1.000000,1.000000,1.000000,{"1":270,"2":9},0.967742,0.032258,0.000000,0.000000,0.967742,0.032258,1.000000
0.086908217,2,229,read_only,16384,19,1.000000,1.000000,1.000000,{"1":19},1.000000,0.000000,0.000000,0.000000,1.000000,0.000000,-1.000000
0.086908217,2,229,union,16384,22,1.000000,1.000000,1.000000,{"1":22},1.000000,0.000000,0.000000,0.000000,1.000000,0.000000,-1.000000
0.086908217,2,229,snapshot,16384,279,1.000000,1.000000,1.000000,{"1":270,"2":9},0.967742,0.032258,0.000000,0.000000,0.967742,0.032258,1.000000
0.087406213,2,230,read_only,64,11,1.000000,1.000000,1.000000,{"1":11},1.000000,0.000000,0.000000,0.000000,1.000000,0.000000,-1.000000
0.087406213,2,230,union,64,13,1.000000,1.000000,1.000000,{"1":13},1.000000,0.000000,0.000000,0.000000,1.000000,0.000000,-1.000000
0.087406213,2,230,snapshot,64,292,1.000000,1.000000,1.000000,{"1":283,"2":9},0.969178,0.030822,0.000000,0.000000,0.969178,0.030822,1.000000
0.087406213,2,230,read_only,256,11,1.000000,1.000000,1.000000,{"1":11},1.000000,0.000000,0.000000,0.000000,1.000000,0.000000,-1.000000
0.087406213,2,230,union,256,13,1.000000,1.000000,1.000000,{"1":13},1.000000,0.000000,0.000000,0.000000,1.000000,0.000000,-1.000000
0.087406213,2,230,snapshot,256,292,1.000000,1.000000,1.000000,{"1":283,"2":9},0.969178,0.030822,0.000000,0.000000,0.969178,0.030822,1.000000
0.087406213,2,230,read_only,1024,11,1.000000,1.000000,1.000000,{"1":11},1.000000,0.000000,0.000000,0.000000,1.000000,0.000000,-1.000000
0.087406213,2,230,union,1024,13,1.000000,1.000000,1.000000,{"1":13},1.000000,0.000000,0.000000,0.000000,1.000000,0.000000,-1.000000
0.087406213,2,230,snapshot,1024,292,1.000000,1.000000,1.000000,{"1":283,"2":9},0.969178,0.030822,0.000000,0.000000,0.969178,0.030822,1.000000
0.087406213,2,230,read_only,4096,11,1.000000,1.000000,1.000000,{"1":11},1.000000,0.000000,0.000000,0.000000,1.000000,0.000000,-1.000000
0.087406213,2,230,union,4096,13,1.000000,1.000000,1.000000,{"1":13},1.000000,0.000000,0.000000,0.000000,1.000000,0.000000,-1.000000
0.087406213,2,230,snapshot,4096,292,1.000000,1.000000,1.000000,{"1":283,"2":9},0.969178,0.030822,0.000000,0.000000,0.969178,0.030822,1.000000
0.087406213,2,230,read_only,16384,11,1.000000,1.000000,1.000000,{"1":11},1.000000,0.000000,0.000000,0.000000,1.000000,0.000000,-1.000000
0.087406213,2,230,union,16384,13,1.000000,1.000000,1.000000,{"1":13},1.000000,0.000000,0.000000,0.000000,1.000000,0.000000,-1.000000
0.087406213,2,230,snapshot,16384,292,1.000000,1.000000,1.000000,{"1":283,"2":9},0.969178,0.030822,0.000000,0.000000,0.969178,0.030822,1.000000
0.087667537,2,231,snapshot,64,292,1.000000,1.000000,1.000000,{"1":283,"2":9},0.969178,0.030822,0.000000,0.000000,0.969178,0.030822,1.000000
0.087667537,2,231,snapshot,256,292,1.000000,1.000000,1.000000,{"1":283,"2":9},0.969178,0.030822,0.000000,0.000000,0.969178,0.030822,1.000000
0.087667537,2,231,snapshot,1024,292,1.000000,1.000000,1.000000,{"1":283,"2":9},0.969178,0.030822,0.000000,0.000000,0.969178,0.030822,1.000000
0.087667537,2,231,snapshot,4096,292,1.000000,1.000000,1.000000,{"1":283,"2":9},0.969178,0.030822,0.000000,0.000000,0.969178,0.030822,1.000000
0.087667537,2,231,snapshot,16384,292,1.000000,1.000000,1.000000,{"1":283,"2":9},0.969178,0.030822,0.000000,0.000000,0.969178,0.030822,1.000000
0.088027322,2,232,read_only,64,4,1.000000,1.000000,1.000000,{"1":4},1.000000,0.000000,0.000000,0.000000,1.000000,0.000000,-1.000000
0.088027322,2,232,union,64,6,1.000000,1.000000,1.000000,{"1":6},1.000000,0.000000,0.000000,0.000000,1.000000,0.000000,-1.000000
0.088027322,2,232,snapshot,64,298,1.000000,1.000000,1.000000,{"1":289,"2":9},0.969799,0.030201,0.000000,0.000000,0.969799,0.030201,1.000000
0.088027322,2,232,read_only,256,4,1.000000,1.000000,1.000000,{"1":4},1.000000,0.000000,0.000000,0.000000,1.000000,0.000000,-1.000000
0.088027322,2,232,union,256,6,1.000000,1.000000,1.000000,{"1":6},1.000000,0.000000,0.000000,0.000000,1.000000,0.000000,-1.000000
0.088027322,2,232,snapshot,256,298,1.000000,1.000000,1.000000,{"1":289,"2":9},0.969799,0.030201,0.000000,0.000000,0.969799,0.030201,1.000000
0.088027322,2,232,read_only,1024,4,1.000000,1.000000,1.000000,{"1":4},1.000000,0.000000,0.000000,0.000000,1.000000,0.000000,-1.000000
0.088027322,2,232,union,1024,6,1.000000,1.000000,1.000000,{"1":6},1.000000,0.000000,0.000000,0.000000,1.000000,0.000000,-1.000000
0.088027322,2,232,snapshot,1024,298,1.000000,1.000000,1.000000,{"1":289,"2":9},0.969799,0.030201,0.000000,0.000000,0.969799,0.030201,1.000000
0.088027322,2,232,read_only,4096,4,1.000000,1.000000,1.000000,{"1":4},1.000000,0.000000,0.000000,0.000000,1.000000,0.000000,-1.000000
0.088027322,2,232,union,4096,6,1.000000,1.000000,1.000000,{"1":6},1.000000,0.000000,0.000000,0.000000,1.000000,0.000000,-1.000000
0.088027322,2,232,snapshot,4096,298,1.000000,1.000000,1.000000,{"1":289,"2":9},0.969799,0.030201,0.000000,0.000000,0.969799,0.030201,1.000000
0.088027322,2,232,read_only,16384,4,1.000000,1.000000,1.000000,{"1":4},1.000000,0.000000,0.000000,0.000000,1.000000,0.000000,-1.000000
0.088027322,2,232,union,16384,6,1.000000,1.000000,1.000000,{"1":6},1.000000,0.000000,0.000000,0.000000,1.000000,0.000000,-1.000000
0.088027322,2,232,snapshot,16384,298,1.000000,1.000000,1.000000,{"1":289,"2":9},0.969799,0.030201,0.000000,0.000000,0.969799,0.030201,1.000000
0.088457580,2,233,read_only,64,10,1.000000,1.000000,1.000000,{"1":10},1.000000,0.000000,0.000000,0.000000,1.000000,0.000000,-1.000000
0.088457580,2,233,union,64,13,1.000000,1.000000,1.000000,{"1":13},1.000000,0.000000,0.000000,0.000000,1.000000,0.000000,-1.000000
0.088457580,2,233,snapshot,64,311,1.000000,1.000000,1.000000,{"1":302,"2":9},0.971061,0.028939,0.000000,0.000000,0.971061,0.028939,1.000000
0.088457580,2,233,read_only,256,10,1.000000,1.000000,1.000000,{"1":10},1.000000,0.000000,0.000000,0.000000,1.000000,0.000000,-1.000000
0.088457580,2,233,union,256,13,1.000000,1.000000,1.000000,{"1":13},1.000000,0.000000,0.000000,0.000000,1.000000,0.000000,-1.000000
0.088457580,2,233,snapshot,256,311,1.000000,1.000000,1.000000,{"1":302,"2":9},0.971061,0.028939,0.000000,0.000000,0.971061,0.028939,1.000000
0.088457580,2,233,read_only,1024,10,1.000000,1.000000,1.000000,{"1":10},1.000000,0.000000,0.000000,0.000000,1.000000,0.000000,-1.000000
0.088457580,2,233,union,1024,13,1.000000,1.000000,1.000000,{"1":13},1.000000,0.000000,0.000000,0.000000,1.000000,0.000000,-1.000000
0.088457580,2,233,snapshot,1024,311,1.000000,1.000000,1.000000,{"1":302,"2":9},0.971061,0.028939,0.000000,0.000000,0.971061,0.028939,1.000000
0.088457580,2,233,read_only,4096,10,1.000000,1.000000,1.000000,{"1":10},1.000000,0.000000,0.000000,0.000000,1.000000,0.000000,-1.000000
0.088457580,2,233,union,4096,13,1.000000,1.000000,1.000000,{"1":13},1.000000,0.000000,0.000000,0.000000,1.000000,0.000000,-1.000000
0.088457580,2,233,snapshot,4096,311,1.000000,1.000000,1.000000,{"1":302,"2":9},0.971061,0.028939,0.000000,0.000000,0.971061,0.028939,1.000000
0.088457580,2,233,read_only,16384,10,1.000000,1.000000,1.000000,{"1":10},1.000000,0.000000,0.000000,0.000000,1.000000,0.000000,-1.000000
0.088457580,2,233,union,16384,13,1.000000,1.000000,1.000000,{"1":13},1.000000,0.000000,0.000000,0.000000,1.000000,0.000000,-1.000000
0.088457580,2,233,snapshot,16384,311,1.000000,1.000000,1.000000,{"1":302,"2":9},0.971061,0.028939,0.000000,0.000000,0.971061,0.028939,1.000000
0.089529055,2,234,read_only,64,45,1.000000,1.000000,1.000000,{"1":45},1.000000,0.000000,0.000000,0.000000,1.000000,0.000000,-1.000000
0.089529055,2,234,union,64,54,1.000000,1.000000,1.000000,{"1":54},1.000000,0.000000,0.000000,0.000000,1.000000,0.000000,-1.000000
0.089529055,2,234,snapshot,64,362,1.000000,1.000000,1.000000,{"1":353,"2":9},0.975138,0.024862,0.000000,0.000000,0.975138,0.024862,1.000000
0.089529055,2,234,read_only,256,45,1.000000,1.000000,1.000000,{"1":45},1.000000,0.000000,0.000000,0.000000,1.000000,0.000000,-1.000000
0.089529055,2,234,union,256,54,1.000000,1.000000,1.000000,{"1":54},1.000000,0.000000,0.000000,0.000000,1.000000,0.000000,-1.000000
0.089529055,2,234,snapshot,256,362,1.000000,1.000000,1.000000,{"1":353,"2":9},0.975138,0.024862,0.000000,0.000000,0.975138,0.024862,1.000000
0.089529055,2,234,read_only,1024,45,1.000000,1.000000,1.000000,{"1":45},1.000000,0.000000,0.000000,0.000000,1.000000,0.000000,-1.000000
0.089529055,2,234,union,1024,54,1.000000,1.000000,1.000000,{"1":54},1.000000,0.000000,0.000000,0.000000,1.000000,0.000000,-1.000000
0.089529055,2,234,snapshot,1024,362,1.000000,1.000000,1.000000,{"1":353,"2":9},0.975138,0.024862,0.000000,0.000000,0.975138,0.024862,1.000000
0.089529055,2,234,read_only,4096,45,1.000000,1.000000,1.000000,{"1":45},1.000000,0.000000,0.000000,0.000000,1.000000,0.000000,-1.000000
0.089529055,2,234,union,4096,54,1.000000,1.000000,1.000000,{"1":54},1.000000,0.000000,0.000000,0.000000,1.000000,0.000000,-1.000000
0.089529055,2,234,snapshot,4096,362,1.000000,1.000000,1.000000,{"1":353,"2":9},0.975138,0.024862,0.000000,0.000000,0.975138,0.024862,1.000000
0.089529055,2,234,read_only,16384,45,1.000000,1.000000,1.000000,{"1":45},1.000000,0.000000,0.000000,0.000000,1.000000,0.000000,-1.000000
0.089529055,2,234,union,16384,54,1.000000,1.000000,1.000000,{"1":54},1.000000,0.000000,0.000000,0.000000,1.000000,0.000000,-1.000000
0.089529055,2,234,snapshot,16384,362,1.000000,1.000000,1.000000,{"1":353,"2":9},0.975138,0.024862,0.000000,0.000000,0.975138,0.024862,1.000000
0.089879091,2,235,union,64,1,1.000000,1.000000,1.000000,{"1":1},1.000000,0.000000,0.000000,0.000000,1.000000,0.000000,-1.000000
0.089879091,2,235,snapshot,64,362,1.000000,1.000000,1.000000,{"1":353,"2":9},0.975138,0.024862,0.000000,0.000000,0.975138,0.024862,1.000000
0.089879091,2,235,union,256,1,1.000000,1.000000,1.000000,{"1":1},1.000000,0.000000,0.000000,0.000000,1.000000,0.000000,-1.000000
0.089879091,2,235,snapshot,256,362,1.000000,1.000000,1.000000,{"1":353,"2":9},0.975138,0.024862,0.000000,0.000000,0.975138,0.024862,1.000000
0.089879091,2,235,union,1024,1,1.000000,1.000000,1.000000,{"1":1},1.000000,0.000000,0.000000,0.000000,1.000000,0.000000,-1.000000
0.089879091,2,235,snapshot,1024,362,1.000000,1.000000,1.000000,{"1":353,"2":9},0.975138,0.024862,0.000000,0.000000,0.975138,0.024862,1.000000
0.089879091,2,235,union,4096,1,1.000000,1.000000,1.000000,{"1":1},1.000000,0.000000,0.000000,0.000000,1.000000,0.000000,-1.000000
0.089879091,2,235,snapshot,4096,362,1.000000,1.000000,1.000000,{"1":353,"2":9},0.975138,0.024862,0.000000,0.000000,0.975138,0.024862,1.000000
0.089879091,2,235,union,16384,1,1.000000,1.000000,1.000000,{"1":1},1.000000,0.000000,0.000000,0.000000,1.000000,0.000000,-1.000000
0.089879091,2,235,snapshot,16384,362,1.000000,1.000000,1.000000,{"1":353,"2":9},0.975138,0.024862,0.000000,0.000000,0.975138,0.024862,1.000000
0.112186150,2,236,snapshot,64,362,1.000000,1.000000,1.000000,{"1":353,"2":9},0.975138,0.024862,0.000000,0.000000,0.975138,0.024862,1.000000
0.112186150,2,236,snapshot,256,362,1.000000,1.000000,1.000000,{"1":353,"2":9},0.975138,0.024862,0.000000,0.000000,0.975138,0.024862,1.000000
0.112186150,2,236,snapshot,1024,362,1.000000,1.000000,1.000000,{"1":353,"2":9},0.975138,0.024862,0.000000,0.000000,0.975138,0.024862,1.000000
0.112186150,2,236,snapshot,4096,362,1.000000,1.000000,1.000000,{"1":353,"2":9},0.975138,0.024862,0.000000,0.000000,0.975138,0.024862,1.000000
0.112186150,2,236,snapshot,16384,362,1.000000,1.000000,1.000000,{"1":353,"2":9},0.975138,0.024862,0.000000,0.000000,0.975138,0.024862,1.000000
0.112418596,2,237,snapshot,64,362,1.000000,1.000000,1.000000,{"1":353,"2":9},0.975138,0.024862,0.000000,0.000000,0.975138,0.024862,1.000000
0.112418596,2,237,snapshot,256,362,1.000000,1.000000,1.000000,{"1":353,"2":9},0.975138,0.024862,0.000000,0.000000,0.975138,0.024862,1.000000
0.112418596,2,237,snapshot,1024,362,1.000000,1.000000,1.000000,{"1":353,"2":9},0.975138,0.024862,0.000000,0.000000,0.975138,0.024862,1.000000
0.112418596,2,237,snapshot,4096,362,1.000000,1.000000,1.000000,{"1":353,"2":9},0.975138,0.024862,0.000000,0.000000,0.975138,0.024862,1.000000
0.112418596,2,237,snapshot,16384,362,1.000000,1.000000,1.000000,{"1":353,"2":9},0.975138,0.024862,0.000000,0.000000,0.975138,0.024862,1.000000
0.112968046,2,238,read_only,64,1,1.000000,1.000000,1.000000,{"1":1},1.000000,0.000000,0.000000,0.000000,1.000000,0.000000,-1.000000
0.112968046,2,238,union,64,2,1.000000,1.000000,1.000000,{"1":2},1.000000,0.000000,0.000000,0.000000,1.000000,0.000000,-1.000000
0.112968046,2,238,snapshot,64,364,1.000000,1.000000,1.000000,{"1":355,"2":9},0.975275,0.024725,0.000000,0.000000,0.975275,0.024725,1.000000
0.112968046,2,238,read_only,256,1,1.000000,1.000000,1.000000,{"1":1},1.000000,0.000000,0.000000,0.000000,1.000000,0.000000,-1.000000
0.112968046,2,238,union,256,2,1.000000,1.000000,1.000000,{"1":2},1.000000,0.000000,0.000000,0.000000,1.000000,0.000000,-1.000000
0.112968046,2,238,snapshot,256,364,1.000000,1.000000,1.000000,{"1":355,"2":9},0.975275,0.024725,0.000000,0.000000,0.975275,0.024725,1.000000
0.112968046,2,238,read_only,1024,1,1.000000,1.000000,1.000000,{"1":1},1.000000,0.000000,0.000000,0.000000,1.000000,0.000000,-1.000000
0.112968046,2,238,union,1024,2,1.000000,1.000000,1.000000,{"1":2},1.000000,0.000000,0.000000,0.000000,1.000000,0.000000,-1.000000
0.112968046,2,238,snapshot,1024,364,1.000000,1.000000,1.000000,{"1":355,"2":9},0.975275,0.024725,0.000000,0.000000,0.975275,0.024725,1.000000
0.112968046,2,238,read_only,4096,1,1.000000,1.000000,1.000000,{"1":1},1.000000,0.000000,0.000000,0.000000,1.000000,0.000000,-1.000000
0.112968046,2,238,union,4096,2,1.000000,1.000000,1.000000,{"1":2},1.000000,0.000000,0.000000,0.000000,1.000000,0.000000,-1.000000
0.112968046,2,238,snapshot,4096,364,1.000000,1.000000,1.000000,{"1":355,"2":9},0.975275,0.024725,0.000000,0.000000,0.975275,0.024725,1.000000
0.112968046,2,238,read_only,16384,1,1.000000,1.000000,1.000000,{"1":1},1.000000,0.000000,0.000000,0.000000,1.000000,0.000000,-1.000000
0.112968046,2,238,union,16384,2,1.000000,1.000000,1.000000,{"1":2},1.000000,0.000000,0.000000,0.000000,1.000000,0.000000,-1.000000
0.112968046,2,238,snapshot,16384,364,1.000000,1.000000,1.000000,{"1":355,"2":9},0.975275,0.024725,0.000000,0.000000,0.975275,0.024725,1.000000
0.113304658,2,239,snapshot,64,364,1.000000,1.000000,1.000000,{"1":355,"2":9},0.975275,0.024725,0.000000,0.000000,0.975275,0.024725,1.000000
0.113304658,2,239,snapshot,256,364,1.000000,1.000000,1.000000,{"1":355,"2":9},0.975275,0.024725,0.000000,0.000000,0.975275,0.024725,1.000000
0.113304658,2,239,snapshot,1024,364,1.000000,1.000000,1.000000,{"1":355,"2":9},0.975275,0.024725,0.000000,0.000000,0.975275,0.024725,1.000000
0.113304658,2,239,snapshot,4096,364,1.000000,1.000000,1.000000,{"1":355,"2":9},0.975275,0.024725,0.000000,0.000000,0.975275,0.024725,1.000000
0.113304658,2,239,snapshot,16384,364,1.000000,1.000000,1.000000,{"1":355,"2":9},0.975275,0.024725,0.000000,0.000000,0.975275,0.024725,1.000000
0.113608627,2,240,snapshot,64,364,1.000000,1.000000,1.000000,{"1":355,"2":9},0.975275,0.024725,0.000000,0.000000,0.975275,0.024725,1.000000
0.113608627,2,240,snapshot,256,364,1.000000,1.000000,1.000000,{"1":355,"2":9},0.975275,0.024725,0.000000,0.000000,0.975275,0.024725,1.000000
0.113608627,2,240,snapshot,1024,364,1.000000,1.000000,1.000000,{"1":355,"2":9},0.975275,0.024725,0.000000,0.000000,0.975275,0.024725,1.000000
0.113608627,2,240,snapshot,4096,364,1.000000,1.000000,1.000000,{"1":355,"2":9},0.975275,0.024725,0.000000,0.000000,0.975275,0.024725,1.000000
0.113608627,2,240,snapshot,16384,364,1.000000,1.000000,1.000000,{"1":355,"2":9},0.975275,0.024725,0.000000,0.000000,0.975275,0.024725,1.000000
0.113840664,2,241,snapshot,64,364,1.000000,1.000000,1.000000,{"1":355,"2":9},0.975275,0.024725,0.000000,0.000000,0.975275,0.024725,1.000000
0.113840664,2,241,snapshot,256,364,1.000000,1.000000,1.000000,{"1":355,"2":9},0.975275,0.024725,0.000000,0.000000,0.975275,0.024725,1.000000
0.113840664,2,241,snapshot,1024,364,1.000000,1.000000,1.000000,{"1":355,"2":9},0.975275,0.024725,0.000000,0.000000,0.975275,0.024725,1.000000
0.113840664,2,241,snapshot,4096,364,1.000000,1.000000,1.000000,{"1":355,"2":9},0.975275,0.024725,0.000000,0.000000,0.975275,0.024725,1.000000
0.113840664,2,241,snapshot,16384,364,1.000000,1.000000,1.000000,{"1":355,"2":9},0.975275,0.024725,0.000000,0.000000,0.975275,0.024725,1.000000
0.114074466,2,242,snapshot,64,364,1.000000,1.000000,1.000000,{"1":355,"2":9},0.975275,0.024725,0.000000,0.000000,0.975275,0.024725,1.000000
0.114074466,2,242,snapshot,256,364,1.000000,1.000000,1.000000,{"1":355,"2":9},0.975275,0.024725,0.000000,0.000000,0.975275,0.024725,1.000000
0.114074466,2,242,snapshot,1024,364,1.000000,1.000000,1.000000,{"1":355,"2":9},0.975275,0.024725,0.000000,0.000000,0.975275,0.024725,1.000000
0.114074466,2,242,snapshot,4096,364,1.000000,1.000000,1.000000,{"1":355,"2":9},0.975275,0.024725,0.000000,0.000000,0.975275,0.024725,1.000000
0.114074466,2,242,snapshot,16384,364,1.000000,1.000000,1.000000,{"1":355,"2":9},0.975275,0.024725,0.000000,0.000000,0.975275,0.024725,1.000000
0.114309517,2,243,snapshot,64,364,1.000000,1.000000,1.000000,{"1":355,"2":9},0.975275,0.024725,0.000000,0.000000,0.975275,0.024725,1.000000
0.114309517,2,243,snapshot,256,364,1.000000,1.000000,1.000000,{"1":355,"2":9},0.975275,0.024725,0.000000,0.000000,0.975275,0.024725,1.000000
0.114309517,2,243,snapshot,1024,364,1.000000,1.000000,1.000000,{"1":355,"2":9},0.975275,0.024725,0.000000,0.000000,0.975275,0.024725,1.000000
0.114309517,2,243,snapshot,4096,364,1.000000,1.000000,1.000000,{"1":355,"2":9},0.975275,0.024725,0.000000,0.000000,0.975275,0.024725,1.000000
0.114309517,2,243,snapshot,16384,364,1.000000,1.000000,1.000000,{"1":355,"2":9},0.975275,0.024725,0.000000,0.000000,0.975275,0.024725,1.000000
0.114561826,2,244,read_only,64,6,1.000000,1.000000,1.000000,{"1":6},1.000000,0.000000,0.000000,0.000000,1.000000,0.000000,-1.000000
0.114561826,2,244,union,64,9,1.000000,1.000000,1.000000,{"1":9},1.000000,0.000000,0.000000,0.000000,1.000000,0.000000,-1.000000
0.114561826,2,244,snapshot,64,373,1.000000,1.000000,1.000000,{"1":364,"2":9},0.975871,0.024129,0.000000,0.000000,0.975871,0.024129,1.000000
0.114561826,2,244,read_only,256,6,1.000000,1.000000,1.000000,{"1":6},1.000000,0.000000,0.000000,0.000000,1.000000,0.000000,-1.000000
0.114561826,2,244,union,256,9,1.000000,1.000000,1.000000,{"1":9},1.000000,0.000000,0.000000,0.000000,1.000000,0.000000,-1.000000
0.114561826,2,244,snapshot,256,373,1.000000,1.000000,1.000000,{"1":364,"2":9},0.975871,0.024129,0.000000,0.000000,0.975871,0.024129,1.000000
0.114561826,2,244,read_only,1024,6,1.000000,1.000000,1.000000,{"1":6},1.000000,0.000000,0.000000,0.000000,1.000000,0.000000,-1.000000
0.114561826,2,244,union,1024,9,1.000000,1.000000,1.000000,{"1":9},1.000000,0.000000,0.000000,0.000000,1.000000,0.000000,-1.000000
0.114561826,2,244,snapshot,1024,373,1.000000,1.000000,1.000000,{"1":364,"2":9},0.975871,0.024129,0.000000,0.000000,0.975871,0.024129,1.000000
0.114561826,2,244,read_only,4096,6,1.000000,1.000000,1.000000,{"1":6},1.000000,0.000000,0.000000,0.000000,1.000000,0.000000,-1.000000
0.114561826,2,244,union,4096,9,1.000000,1.000000,1.000000,{"1":9},1.000000,0.000000,0.000000,0.000000,1.000000,0.000000,-1.000000
0.114561826,2,244,snapshot,4096,373,1.000000,1.000000,1.000000,{"1":364,"2":9},0.975871,0.024129,0.000000,0.000000,0.975871,0.024129,1.000000
0.114561826,2,244,read_only,16384,6,1.000000,1.000000,1.000000,{"1":6},1.000000,0.000000,0.000000,0.000000,1.000000,0.000000,-1.000000
0.114561826,2,244,union,16384,9,1.000000,1.000000,1.000000,{"1":9},1.000000,0.000000,0.000000,0.000000,1.000000,0.000000,-1.000000
0.114561826,2,244,snapshot,16384,373,1.000000,1.000000,1.000000,{"1":364,"2":9},0.975871,0.024129,0.000000,0.000000,0.975871,0.024129,1.000000
0.114813354,2,245,union,64,5,1.000000,1.000000,1.000000,{"1":5},1.000000,0.000000,0.000000,0.000000,1.000000,0.000000,-1.000000
0.114813354,2,245,snapshot,64,373,1.000000,1.000000,1.000000,{"1":366,"2":7},0.981233,0.018767,0.000000,0.000000,0.981233,0.018767,1.000000
0.114813354,2,245,union,256,5,1.000000,1.000000,1.000000,{"1":5},1.000000,0.000000,0.000000,0.000000,1.000000,0.000000,-1.000000
0.114813354,2,245,snapshot,256,373,1.000000,1.000000,1.000000,{"1":366,"2":7},0.981233,0.018767,0.000000,0.000000,0.981233,0.018767,1.000000
0.114813354,2,245,union,1024,5,1.000000,1.000000,1.000000,{"1":5},1.000000,0.000000,0.000000,0.000000,1.000000,0.000000,-1.000000
0.114813354,2,245,snapshot,1024,373,1.000000,1.000000,1.000000,{"1":366,"2":7},0.981233,0.018767,0.000000,0.000000,0.981233,0.018767,1.000000
0.114813354,2,245,union,4096,5,1.000000,1.000000,1.000000,{"1":5},1.000000,0.000000,0.000000,0.000000,1.000000,0.000000,-1.000000
0.114813354,2,245,snapshot,4096,373,1.000000,1.000000,1.000000,{"1":366,"2":7},0.981233,0.018767,0.000000,0.000000,0.981233,0.018767,1.000000
0.114813354,2,245,union,16384,5,1.000000,1.000000,1.000000,{"1":5},1.000000,0.000000,0.000000,0.000000,1.000000,0.000000,-1.000000
0.114813354,2,245,snapshot,16384,373,1.000000,1.000000,1.000000,{"1":366,"2":7},0.981233,0.018767,0.000000,0.000000,0.981233,0.018767,1.000000
0.115047304,2,246,snapshot,64,373,1.000000,1.000000,1.000000,{"1":366,"2":7},0.981233,0.018767,0.000000,0.000000,0.981233,0.018767,1.000000
0.115047304,2,246,snapshot,256,373,1.000000,1.000000,1.000000,{"1":366,"2":7},0.981233,0.018767,0.000000,0.000000,0.981233,0.018767,1.000000
0.115047304,2,246,snapshot,1024,373,1.000000,1.000000,1.000000,{"1":366,"2":7},0.981233,0.018767,0.000000,0.000000,0.981233,0.018767,1.000000
0.115047304,2,246,snapshot,4096,373,1.000000,1.000000,1.000000,{"1":366,"2":7},0.981233,0.018767,0.000000,0.000000,0.981233,0.018767,1.000000
0.115047304,2,246,snapshot,16384,373,1.000000,1.000000,1.000000,{"1":366,"2":7},0.981233,0.018767,0.000000,0.000000,0.981233,0.018767,1.000000
