sim_time,gpu_id,kernel_id,view,region_size_bytes,num_regions_with_entries,strict_coalescable_ratio,avg_relaxed_ratio,full_redundant_ratio,sharer_set_cardinality_dist_json,reg_card1_ratio,reg_card2_ratio,reg_card3_ratio,reg_card4plus_ratio,coalescable_private_ratio,coalescable_shared_ratio,shared_only_strict_ratio
0.000519448,5,0,read_only,64,12032,1.000000,1.000000,1.000000,{"1":12032},1.000000,0.000000,0.000000,0.000000,1.000000,0.000000,-1.000000
0.000519448,5,0,union,64,12032,1.000000,1.000000,1.000000,{"1":12032},1.000000,0.000000,0.000000,0.000000,1.000000,0.000000,-1.000000
0.000519448,5,0,snapshot,64,8192,1.000000,1.000000,1.000000,{"1":8192},1.000000,0.000000,0.000000,0.000000,1.000000,0.000000,-1.000000
0.000519448,5,0,read_only,256,3008,1.000000,1.000000,1.000000,{"1":12032},1.000000,0.000000,0.000000,0.000000,1.000000,0.000000,-1.000000
0.000519448,5,0,union,256,3008,1.000000,1.000000,1.000000,{"1":12032},1.000000,0.000000,0.000000,0.000000,1.000000,0.000000,-1.000000
0.000519448,5,0,snapshot,256,2096,1.000000,1.000000,1.000000,{"1":8192},1.000000,0.000000,0.000000,0.000000,1.000000,0.000000,-1.000000
0.000519448,5,0,read_only,1024,752,1.000000,1.000000,1.000000,{"1":12032},1.000000,0.000000,0.000000,0.000000,1.000000,0.000000,-1.000000
0.000519448,5,0,union,1024,752,1.000000,1.000000,1.000000,{"1":12032},1.000000,0.000000,0.000000,0.000000,1.000000,0.000000,-1.000000
0.000519448,5,0,snapshot,1024,528,1.000000,1.000000,1.000000,{"1":8192},1.000000,0.000000,0.000000,0.000000,1.000000,0.000000,-1.000000
0.000519448,5,0,read_only,4096,188,1.000000,1.000000,1.000000,{"1":12032},1.000000,0.000000,0.000000,0.000000,1.000000,0.000000,-1.000000
0.000519448,5,0,union,4096,188,1.000000,1.000000,1.000000,{"1":12032},1.000000,0.000000,0.000000,0.000000,1.000000,0.000000,-1.000000
0.000519448,5,0,snapshot,4096,141,1.000000,1.000000,1.000000,{"1":8192},1.000000,0.000000,0.000000,0.000000,1.000000,0.000000,-1.000000
0.000519448,5,0,read_only,16384,49,0.938776,0.979592,0.938776,{"1":12032},0.938776,0.061224,0.000000,0.000000,0.938776,0.000000,0.000000
0.000519448,5,0,union,16384,49,0.938776,0.979592,0.938776,{"1":12032},0.938776,0.061224,0.000000,0.000000,0.938776,0.000000,0.000000
0.000519448,5,0,snapshot,16384,45,0.977778,0.988889,0.977778,{"1":8192},0.977778,0.022222,0.000000,0.000000,0.977778,0.000000,0.000000
0.000816078,5,1,read_only,64,834,1.000000,1.000000,1.000000,{"1":834},1.000000,0.000000,0.000000,0.000000,1.000000,0.000000,-1.000000
0.000816078,5,1,union,64,834,1.000000,1.000000,1.000000,{"1":834},1.000000,0.000000,0.000000,0.000000,1.000000,0.000000,-1.000000
0.000816078,5,1,snapshot,64,8192,1.000000,1.000000,1.000000,{"1":8192},1.000000,0.000000,0.000000,0.000000,1.000000,0.000000,-1.000000
0.000816078,5,1,read_only,256,255,1.000000,1.000000,1.000000,{"1":834},1.000000,0.000000,0.000000,0.000000,1.000000,0.000000,-1.000000
0.000816078,5,1,union,256,255,1.000000,1.000000,1.000000,{"1":834},1.000000,0.000000,0.000000,0.000000,1.000000,0.000000,-1.000000
0.000816078,5,1,snapshot,256,2163,1.000000,1.000000,1.000000,{"1":8192},1.000000,0.000000,0.000000,0.000000,1.000000,0.000000,-1.000000
0.000816078,5,1,read_only,1024,74,1.000000,1.000000,1.000000,{"1":834},1.000000,0.000000,0.000000,0.000000,1.000000,0.000000,-1.000000
0.000816078,5,1,union,1024,74,1.000000,1.000000,1.000000,{"1":834},1.000000,0.000000,0.000000,0.000000,1.000000,0.000000,-1.000000
0.000816078,5,1,snapshot,1024,564,1.000000,1.000000,1.000000,{"1":8192},1.000000,0.000000,0.000000,0.000000,1.000000,0.000000,-1.000000
0.000816078,5,1,read_only,4096,26,1.000000,1.000000,1.000000,{"1":834},1.000000,0.000000,0.000000,0.000000,1.000000,0.000000,-1.000000
0.000816078,5,1,union,4096,26,1.000000,1.000000,1.000000,{"1":834},1.000000,0.000000,0.000000,0.000000,1.000000,0.000000,-1.000000
0.000816078,5,1,snapshot,4096,160,1.000000,1.000000,1.000000,{"1":8192},1.000000,0.000000,0.000000,0.000000,1.000000,0.000000,-1.000000
0.000816078,5,1,read_only,16384,13,1.000000,1.000000,1.000000,{"1":834},1.000000,0.000000,0.000000,0.000000,1.000000,0.000000,-1.000000
0.000816078,5,1,union,16384,13,1.000000,1.000000,1.000000,{"1":834},1.000000,0.000000,0.000000,0.000000,1.000000,0.000000,-1.000000
0.000816078,5,1,snapshot,16384,48,0.937500,0.978616,0.937500,{"1":8192},0.937500,0.062500,0.000000,0.000000,0.937500,0.000000,0.000000
0.001161313,5,2,read_only,64,8148,1.000000,1.000000,1.000000,{"1":8148},1.000000,0.000000,0.000000,0.000000,1.000000,0.000000,-1.000000
0.001161313,5,2,union,64,8148,1.000000,1.000000,1.000000,{"1":8148},1.000000,0.000000,0.000000,0.000000,1.000000,0.000000,-1.000000
0.001161313,5,2,snapshot,64,8192,1.000000,1.000000,1.000000,{"1":8192},1.000000,0.000000,0.000000,0.000000,1.000000,0.000000,-1.000000
0.001161313,5,2,read_only,256,2222,1.000000,1.000000,1.000000,{"1":8148},1.000000,0.000000,0.000000,0.000000,1.000000,0.000000,-1.000000
0.001161313,5,2,union,256,2222,1.000000,1.000000,1.000000,{"1":8148},1.000000,0.000000,0.000000,0.000000,1.000000,0.000000,-1.000000
0.001161313,5,2,snapshot,256,2343,1.000000,1.000000,1.000000,{"1":8192},1.000000,0.000000,0.000000,0.000000,1.000000,0.000000,-1.000000
0.001161313,5,2,read_only,1024,587,1.000000,1.000000,1.000000,{"1":8148},1.000000,0.000000,0.000000,0.000000,1.000000,0.000000,-1.000000
0.001161313,5,2,union,1024,587,1.000000,1.000000,1.000000,{"1":8148},1.000000,0.000000,0.000000,0.000000,1.000000,0.000000,-1.000000
0.001161313,5,2,snapshot,1024,641,1.000000,1.000000,1.000000,{"1":8192},1.000000,0.000000,0.000000,0.000000,1.000000,0.000000,-1.000000
0.001161313,5,2,read_only,4096,155,1.000000,1.000000,1.000000,{"1":8148},1.000000,0.000000,0.000000,0.000000,1.000000,0.000000,-1.000000
0.001161313,5,2,union,4096,155,1.000000,1.000000,1.000000,{"1":8148},1.000000,0.000000,0.000000,0.000000,1.000000,0.000000,-1.000000
0.001161313,5,2,snapshot,4096,175,1.000000,1.000000,1.000000,{"1":8192},1.000000,0.000000,0.000000,0.000000,1.000000,0.000000,-1.000000
0.001161313,5,2,read_only,16384,40,0.950000,0.988353,0.950000,{"1":8148},0.950000,0.050000,0.000000,0.000000,0.950000,0.000000,0.000000
0.001161313,5,2,union,16384,40,0.950000,0.988353,0.950000,{"1":8148},0.950000,0.050000,0.000000,0.000000,0.950000,0.000000,0.000000
0.001161313,5,2,snapshot,16384,49,0.959184,0.989690,0.959184,{"1":8192},0.959184,0.040816,0.000000,0.000000,0.959184,0.000000,0.000000
0.001397658,5,3,snapshot,64,8192,1.000000,1.000000,1.000000,{"1":8192},1.000000,0.000000,0.000000,0.000000,1.000000,0.000000,-1.000000
0.001397658,5,3,snapshot,256,2343,1.000000,1.000000,1.000000,{"1":8192},1.000000,0.000000,0.000000,0.000000,1.000000,0.000000,-1.000000
0.001397658,5,3,snapshot,1024,641,1.000000,1.000000,1.000000,{"1":8192},1.000000,0.000000,0.000000,0.000000,1.000000,0.000000,-1.000000
0.001397658,5,3,snapshot,4096,175,1.000000,1.000000,1.000000,{"1":8192},1.000000,0.000000,0.000000,0.000000,1.000000,0.000000,-1.000000
0.001397658,5,3,snapshot,16384,49,0.959184,0.989690,0.959184,{"1":8192},0.959184,0.040816,0.000000,0.000000,0.959184,0.000000,0.000000
0.001636690,5,4,snapshot,64,8192,1.000000,1.000000,1.000000,{"1":8192},1.000000,0.000000,0.000000,0.000000,1.000000,0.000000,-1.000000
0.001636690,5,4,snapshot,256,2343,1.000000,1.000000,1.000000,{"1":8192},1.000000,0.000000,0.000000,0.000000,1.000000,0.000000,-1.000000
0.001636690,5,4,snapshot,1024,641,1.000000,1.000000,1.000000,{"1":8192},1.000000,0.000000,0.000000,0.000000,1.000000,0.000000,-1.000000
0.001636690,5,4,snapshot,4096,175,1.000000,1.000000,1.000000,{"1":8192},1.000000,0.000000,0.000000,0.000000,1.000000,0.000000,-1.000000
0.001636690,5,4,snapshot,16384,49,0.959184,0.989690,0.959184,{"1":8192},0.959184,0.040816,0.000000,0.000000,0.959184,0.000000,0.000000
0.002888610,5,5,read_only,64,3003,1.000000,1.000000,1.000000,{"1":3003},1.000000,0.000000,0.000000,0.000000,1.000000,0.000000,-1.000000
0.002888610,5,5,union,64,3003,1.000000,1.000000,1.000000,{"1":3003},1.000000,0.000000,0.000000,0.000000,1.000000,0.000000,-1.000000
0.002888610,5,5,snapshot,64,8192,1.000000,1.000000,1.000000,{"1":8192},1.000000,0.000000,0.000000,0.000000,1.000000,0.000000,-1.000000
0.002888610,5,5,read_only,256,771,1.000000,1.000000,1.000000,{"1":3003},1.000000,0.000000,0.000000,0.000000,1.000000,0.000000,-1.000000
0.002888610,5,5,union,256,771,1.000000,1.000000,1.000000,{"1":3003},1.000000,0.000000,0.000000,0.000000,1.000000,0.000000,-1.000000
0.002888610,5,5,snapshot,256,2360,1.000000,1.000000,1.000000,{"1":8192},1.000000,0.000000,0.000000,0.000000,1.000000,0.000000,-1.000000
0.002888610,5,5,read_only,1024,203,1.000000,1.000000,1.000000,{"1":3003},1.000000,0.000000,0.000000,0.000000,1.000000,0.000000,-1.000000
0.002888610,5,5,union,1024,203,1.000000,1.000000,1.000000,{"1":3003},1.000000,0.000000,0.000000,0.000000,1.000000,0.000000,-1.000000
0.002888610,5,5,snapshot,1024,672,1.000000,1.000000,1.000000,{"1":8192},1.000000,0.000000,0.000000,0.000000,1.000000,0.000000,-1.000000
0.002888610,5,5,read_only,4096,53,1.000000,1.000000,1.000000,{"1":3003},1.000000,0.000000,0.000000,0.000000,1.000000,0.000000,-1.000000
0.002888610,5,5,union,4096,53,1.000000,1.000000,1.000000,{"1":3003},1.000000,0.000000,0.000000,0.000000,1.000000,0.000000,-1.000000
0.002888610,5,5,snapshot,4096,193,1.000000,1.000000,1.000000,{"1":8192},1.000000,0.000000,0.000000,0.000000,1.000000,0.000000,-1.000000
0.002888610,5,5,read_only,16384,16,0.750000,0.921875,0.750000,{"1":3003},0.750000,0.250000,0.000000,0.000000,0.750000,0.000000,0.000000
0.002888610,5,5,union,16384,16,0.750000,0.921875,0.750000,{"1":3003},0.750000,0.250000,0.000000,0.000000,0.750000,0.000000,0.000000
0.002888610,5,5,snapshot,16384,57,0.894737,0.973891,0.894737,{"1":8192},0.894737,0.105263,0.000000,0.000000,0.894737,0.000000,0.000000
0.003120954,5,6,snapshot,64,8192,1.000000,1.000000,1.000000,{"1":8192},1.000000,0.000000,0.000000,0.000000,1.000000,0.000000,-1.000000
0.003120954,5,6,snapshot,256,2360,1.000000,1.000000,1.000000,{"1":8192},1.000000,0.000000,0.000000,0.000000,1.000000,0.000000,-1.000000
0.003120954,5,6,snapshot,1024,672,1.000000,1.000000,1.000000,{"1":8192},1.000000,0.000000,0.000000,0.000000,1.000000,0.000000,-1.000000
0.003120954,5,6,snapshot,4096,193,1.000000,1.000000,1.000000,{"1":8192},1.000000,0.000000,0.000000,0.000000,1.000000,0.000000,-1.000000
0.003120954,5,6,snapshot,16384,57,0.894737,0.973891,0.894737,{"1":8192},0.894737,0.105263,0.000000,0.000000,0.894737,0.000000,0.000000
0.003370655,5,7,snapshot,64,8192,1.000000,1.000000,1.000000,{"1":8192},1.000000,0.000000,0.000000,0.000000,1.000000,0.000000,-1.000000
0.003370655,5,7,snapshot,256,2360,1.000000,1.000000,1.000000,{"1":8192},1.000000,0.000000,0.000000,0.000000,1.000000,0.000000,-1.000000
0.003370655,5,7,snapshot,1024,672,1.000000,1.000000,1.000000,{"1":8192},1.000000,0.000000,0.000000,0.000000,1.000000,0.000000,-1.000000
0.003370655,5,7,snapshot,4096,193,1.000000,1.000000,1.000000,{"1":8192},1.000000,0.000000,0.000000,0.000000,1.000000,0.000000,-1.000000
0.003370655,5,7,snapshot,16384,57,0.894737,0.973891,0.894737,{"1":8192},0.894737,0.105263,0.000000,0.000000,0.894737,0.000000,0.000000
0.003622231,5,8,snapshot,64,8192,1.000000,1.000000,1.000000,{"1":8192},1.000000,0.000000,0.000000,0.000000,1.000000,0.000000,-1.000000
0.003622231,5,8,snapshot,256,2360,1.000000,1.000000,1.000000,{"1":8192},1.000000,0.000000,0.000000,0.000000,1.000000,0.000000,-1.000000
0.003622231,5,8,snapshot,1024,672,1.000000,1.000000,1.000000,{"1":8192},1.000000,0.000000,0.000000,0.000000,1.000000,0.000000,-1.000000
0.003622231,5,8,snapshot,4096,193,1.000000,1.000000,1.000000,{"1":8192},1.000000,0.000000,0.000000,0.000000,1.000000,0.000000,-1.000000
0.003622231,5,8,snapshot,16384,57,0.894737,0.973891,0.894737,{"1":8192},0.894737,0.105263,0.000000,0.000000,0.894737,0.000000,0.000000
0.003864626,5,9,snapshot,64,8192,1.000000,1.000000,1.000000,{"1":8192},1.000000,0.000000,0.000000,0.000000,1.000000,0.000000,-1.000000
0.003864626,5,9,snapshot,256,2360,1.000000,1.000000,1.000000,{"1":8192},1.000000,0.000000,0.000000,0.000000,1.000000,0.000000,-1.000000
0.003864626,5,9,snapshot,1024,672,1.000000,1.000000,1.000000,{"1":8192},1.000000,0.000000,0.000000,0.000000,1.000000,0.000000,-1.000000
0.003864626,5,9,snapshot,4096,193,1.000000,1.000000,1.000000,{"1":8192},1.000000,0.000000,0.000000,0.000000,1.000000,0.000000,-1.000000
0.003864626,5,9,snapshot,16384,57,0.894737,0.973891,0.894737,{"1":8192},0.894737,0.105263,0.000000,0.000000,0.894737,0.000000,0.000000
0.004118730,5,10,read_only,64,2887,1.000000,1.000000,1.000000,{"1":2887},1.000000,0.000000,0.000000,0.000000,1.000000,0.000000,-1.000000
0.004118730,5,10,union,64,2887,1.000000,1.000000,1.000000,{"1":2887},1.000000,0.000000,0.000000,0.000000,1.000000,0.000000,-1.000000
0.004118730,5,10,snapshot,64,8192,1.000000,1.000000,1.000000,{"1":8192},1.000000,0.000000,0.000000,0.000000,1.000000,0.000000,-1.000000
0.004118730,5,10,read_only,256,746,1.000000,1.000000,1.000000,{"1":2887},1.000000,0.000000,0.000000,0.000000,1.000000,0.000000,-1.000000
0.004118730,5,10,union,256,746,1.000000,1.000000,1.000000,{"1":2887},1.000000,0.000000,0.000000,0.000000,1.000000,0.000000,-1.000000
0.004118730,5,10,snapshot,256,2283,1.000000,1.000000,1.000000,{"1":8192},1.000000,0.000000,0.000000,0.000000,1.000000,0.000000,-1.000000
0.004118730,5,10,read_only,1024,195,1.000000,1.000000,1.000000,{"1":2887},1.000000,0.000000,0.000000,0.000000,1.000000,0.000000,-1.000000
0.004118730,5,10,union,1024,195,1.000000,1.000000,1.000000,{"1":2887},1.000000,0.000000,0.000000,0.000000,1.000000,0.000000,-1.000000
0.004118730,5,10,snapshot,1024,655,1.000000,1.000000,1.000000,{"1":8192},1.000000,0.000000,0.000000,0.000000,1.000000,0.000000,-1.000000
0.004118730,5,10,read_only,4096,49,1.000000,1.000000,1.000000,{"1":2887},1.000000,0.000000,0.000000,0.000000,1.000000,0.000000,-1.000000
0.004118730,5,10,union,4096,49,1.000000,1.000000,1.000000,{"1":2887},1.000000,0.000000,0.000000,0.000000,1.000000,0.000000,-1.000000
0.004118730,5,10,snapshot,4096,194,1.000000,1.000000,1.000000,{"1":8192},1.000000,0.000000,0.000000,0.000000,1.000000,0.000000,-1.000000
0.004118730,5,10,read_only,16384,14,0.785714,0.940686,0.785714,{"1":2887},0.785714,0.214286,0.000000,0.000000,0.785714,0.000000,0.000000
0.004118730,5,10,union,16384,14,0.785714,0.940686,0.785714,{"1":2887},0.785714,0.214286,0.000000,0.000000,0.785714,0.000000,0.000000
0.004118730,5,10,snapshot,16384,64,0.875000,0.966416,0.875000,{"1":8192},0.875000,0.125000,0.000000,0.000000,0.875000,0.000000,0.000000
0.004366076,5,11,read_only,64,31,1.000000,1.000000,1.000000,{"1":31},1.000000,0.000000,0.000000,0.000000,1.000000,0.000000,-1.000000
0.004366076,5,11,union,64,31,1.000000,1.000000,1.000000,{"1":31},1.000000,0.000000,0.000000,0.000000,1.000000,0.000000,-1.000000
0.004366076,5,11,snapshot,64,8192,1.000000,1.000000,1.000000,{"1":8192},1.000000,0.000000,0.000000,0.000000,1.000000,0.000000,-1.000000
0.004366076,5,11,read_only,256,11,1.000000,1.000000,1.000000,{"1":31},1.000000,0.000000,0.000000,0.000000,1.000000,0.000000,-1.000000
0.004366076,5,11,union,256,11,1.000000,1.000000,1.000000,{"1":31},1.000000,0.000000,0.000000,0.000000,1.000000,0.000000,-1.000000
0.004366076,5,11,snapshot,256,2289,1.000000,1.000000,1.000000,{"1":8192},1.000000,0.000000,0.000000,0.000000,1.000000,0.000000,-1.000000
0.004366076,5,11,read_only,1024,6,1.000000,1.000000,1.000000,{"1":31},1.000000,0.000000,0.000000,0.000000,1.000000,0.000000,-1.000000
0.004366076,5,11,union,1024,6,1.000000,1.000000,1.000000,{"1":31},1.000000,0.000000,0.000000,0.000000,1.000000,0.000000,-1.000000
0.004366076,5,11,snapshot,1024,660,1.000000,1.000000,1.000000,{"1":8192},1.000000,0.000000,0.000000,0.000000,1.000000,0.000000,-1.000000
0.004366076,5,11,read_only,4096,2,1.000000,1.000000,1.000000,{"1":31},1.000000,0.000000,0.000000,0.000000,1.000000,0.000000,-1.000000
0.004366076,5,11,union,4096,2,1.000000,1.000000,1.000000,{"1":31},1.000000,0.000000,0.000000,0.000000,1.000000,0.000000,-1.000000
0.004366076,5,11,snapshot,4096,196,1.000000,1.000000,1.000000,{"1":8192},1.000000,0.000000,0.000000,0.000000,1.000000,0.000000,-1.000000
0.004366076,5,11,read_only,16384,1,1.000000,1.000000,1.000000,{"1":31},1.000000,0.000000,0.000000,0.000000,1.000000,0.000000,-1.000000
0.004366076,5,11,union,16384,1,1.000000,1.000000,1.000000,{"1":31},1.000000,0.000000,0.000000,0.000000,1.000000,0.000000,-1.000000
0.004366076,5,11,snapshot,16384,65,0.876923,0.966933,0.876923,{"1":8192},0.876923,0.123077,0.000000,0.000000,0.876923,0.000000,0.000000
0.004602583,5,12,snapshot,64,8192,1.000000,1.000000,1.000000,{"1":8192},1.000000,0.000000,0.000000,0.000000,1.000000,0.000000,-1.000000
0.004602583,5,12,snapshot,256,2289,1.000000,1.000000,1.000000,{"1":8192},1.000000,0.000000,0.000000,0.000000,1.000000,0.000000,-1.000000
0.004602583,5,12,snapshot,1024,660,1.000000,1.000000,1.000000,{"1":8192},1.000000,0.000000,0.000000,0.000000,1.000000,0.000000,-1.000000
0.004602583,5,12,snapshot,4096,196,1.000000,1.000000,1.000000,{"1":8192},1.000000,0.000000,0.000000,0.000000,1.000000,0.000000,-1.000000
0.004602583,5,12,snapshot,16384,65,0.876923,0.966933,0.876923,{"1":8192},0.876923,0.123077,0.000000,0.000000,0.876923,0.000000,0.000000
0.004837703,5,13,snapshot,64,8192,1.000000,1.000000,1.000000,{"1":8192},1.000000,0.000000,0.000000,0.000000,1.000000,0.000000,-1.000000
0.004837703,5,13,snapshot,256,2289,1.000000,1.000000,1.000000,{"1":8192},1.000000,0.000000,0.000000,0.000000,1.000000,0.000000,-1.000000
0.004837703,5,13,snapshot,1024,660,1.000000,1.000000,1.000000,{"1":8192},1.000000,0.000000,0.000000,0.000000,1.000000,0.000000,-1.000000
0.004837703,5,13,snapshot,4096,196,1.000000,1.000000,1.000000,{"1":8192},1.000000,0.000000,0.000000,0.000000,1.000000,0.000000,-1.000000
0.004837703,5,13,snapshot,16384,65,0.876923,0.966933,0.876923,{"1":8192},0.876923,0.123077,0.000000,0.000000,0.876923,0.000000,0.000000
0.005268636,5,14,read_only,64,1857,1.000000,1.000000,1.000000,{"1":1857},1.000000,0.000000,0.000000,0.000000,1.000000,0.000000,-1.000000
0.005268636,5,14,union,64,1857,1.000000,1.000000,1.000000,{"1":1857},1.000000,0.000000,0.000000,0.000000,1.000000,0.000000,-1.000000
0.005268636,5,14,snapshot,64,8192,1.000000,1.000000,1.000000,{"0":48,"1":8144},0.994141,0.000000,0.000000,0.000000,0.994141,0.000000,-1.000000
0.005268636,5,14,read_only,256,491,1.000000,1.000000,1.000000,{"1":1857},1.000000,0.000000,0.000000,0.000000,1.000000,0.000000,-1.000000
0.005268636,5,14,union,256,491,1.000000,1.000000,1.000000,{"1":1857},1.000000,0.000000,0.000000,0.000000,1.000000,0.000000,-1.000000
0.005268636,5,14,snapshot,256,2144,0.978078,0.992188,0.978078,{"0":48,"1":8144},0.982276,0.014459,0.000000,0.000000,0.974813,0.000000,0.000000
0.005268636,5,14,read_only,1024,134,1.000000,1.000000,1.000000,{"1":1857},1.000000,0.000000,0.000000,0.000000,1.000000,0.000000,-1.000000
0.005268636,5,14,union,1024,134,1.000000,1.000000,1.000000,{"1":1857},1.000000,0.000000,0.000000,0.000000,1.000000,0.000000,-1.000000
0.005268636,5,14,snapshot,1024,574,0.940767,0.986151,0.940767,{"0":48,"1":8144},0.954704,0.043554,0.000000,0.000000,0.939024,0.000000,0.000000
0.005268636,5,14,read_only,4096,38,1.000000,1.000000,1.000000,{"1":1857},1.000000,0.000000,0.000000,0.000000,1.000000,0.000000,-1.000000
0.005268636,5,14,union,4096,38,1.000000,1.000000,1.000000,{"1":1857},1.000000,0.000000,0.000000,0.000000,1.000000,0.000000,-1.000000
0.005268636,5,14,snapshot,4096,156,0.897436,0.982991,0.897436,{"0":48,"1":8144},0.935897,0.064103,0.000000,0.000000,0.897436,0.000000,0.000000
0.005268636,5,14,read_only,16384,15,1.000000,1.000000,1.000000,{"1":1857},1.000000,0.000000,0.000000,0.000000,1.000000,0.000000,-1.000000
0.005268636,5,14,union,16384,15,1.000000,1.000000,1.000000,{"1":1857},1.000000,0.000000,0.000000,0.000000,1.000000,0.000000,-1.000000
0.005268636,5,14,snapshot,16384,53,0.716981,0.932675,0.716981,{"0":48,"1":8144},0.773585,0.226415,0.000000,0.000000,0.716981,0.000000,0.000000
0.005505357,5,15,read_only,64,756,1.000000,1.000000,1.000000,{"1":756},1.000000,0.000000,0.000000,0.000000,1.000000,0.000000,-1.000000
0.005505357,5,15,union,64,756,1.000000,1.000000,1.000000,{"1":756},1.000000,0.000000,0.000000,0.000000,1.000000,0.000000,-1.000000
0.005505357,5,15,snapshot,64,8192,1.000000,1.000000,1.000000,{"1":8192},1.000000,0.000000,0.000000,0.000000,1.000000,0.000000,-1.000000
0.005505357,5,15,read_only,256,218,1.000000,1.000000,1.000000,{"1":756},1.000000,0.000000,0.000000,0.000000,1.000000,0.000000,-1.000000
0.005505357,5,15,union,256,218,1.000000,1.000000,1.000000,{"1":756},1.000000,0.000000,0.000000,0.000000,1.000000,0.000000,-1.000000
0.005505357,5,15,snapshot,256,2129,0.985439,0.994951,0.985439,{"1":8192},0.985439,0.014561,0.000000,0.000000,0.985439,0.000000,0.000000
0.005505357,5,15,read_only,1024,64,1.000000,1.000000,1.000000,{"1":756},1.000000,0.000000,0.000000,0.000000,1.000000,0.000000,-1.000000
0.005505357,5,15,union,1024,64,1.000000,1.000000,1.000000,{"1":756},1.000000,0.000000,0.000000,0.000000,1.000000,0.000000,-1.000000
0.005505357,5,15,snapshot,1024,570,0.956140,0.990022,0.956140,{"1":8192},0.956140,0.043860,0.000000,0.000000,0.956140,0.000000,0.000000
0.005505357,5,15,read_only,4096,20,1.000000,1.000000,1.000000,{"1":756},1.000000,0.000000,0.000000,0.000000,1.000000,0.000000,-1.000000
0.005505357,5,15,union,4096,20,1.000000,1.000000,1.000000,{"1":756},1.000000,0.000000,0.000000,0.000000,1.000000,0.000000,-1.000000
0.005505357,5,15,snapshot,4096,157,0.936306,0.988555,0.936306,{"1":8192},0.936306,0.063694,0.000000,0.000000,0.936306,0.000000,0.000000
0.005505357,5,15,read_only,16384,6,0.666667,0.878834,0.666667,{"1":756},0.666667,0.333333,0.000000,0.000000,0.666667,0.000000,0.000000
0.005505357,5,15,union,16384,6,0.666667,0.878834,0.666667,{"1":756},0.666667,0.333333,0.000000,0.000000,0.666667,0.000000,0.000000
0.005505357,5,15,snapshot,16384,52,0.730769,0.930579,0.730769,{"1":8192},0.730769,0.269231,0.000000,0.000000,0.730769,0.000000,0.000000
0.005752875,5,16,read_only,64,242,1.000000,1.000000,1.000000,{"1":242},1.000000,0.000000,0.000000,0.000000,1.000000,0.000000,-1.000000
0.005752875,5,16,union,64,242,1.000000,1.000000,1.000000,{"1":242},1.000000,0.000000,0.000000,0.000000,1.000000,0.000000,-1.000000
0.005752875,5,16,snapshot,64,8192,1.000000,1.000000,1.000000,{"1":8192},1.000000,0.000000,0.000000,0.000000,1.000000,0.000000,-1.000000
0.005752875,5,16,read_only,256,62,1.000000,1.000000,1.000000,{"1":242},1.000000,0.000000,0.000000,0.000000,1.000000,0.000000,-1.000000
0.005752875,5,16,union,256,62,1.000000,1.000000,1.000000,{"1":242},1.000000,0.000000,0.000000,0.000000,1.000000,0.000000,-1.000000
0.005752875,5,16,snapshot,256,2125,0.985412,0.994941,0.985412,{"1":8192},0.985412,0.014588,0.000000,0.000000,0.985412,0.000000,0.000000
0.005752875,5,16,read_only,1024,16,1.000000,1.000000,1.000000,{"1":242},1.000000,0.000000,0.000000,0.000000,1.000000,0.000000,-1.000000
0.005752875,5,16,union,1024,16,1.000000,1.000000,1.000000,{"1":242},1.000000,0.000000,0.000000,0.000000,1.000000,0.000000,-1.000000
0.005752875,5,16,snapshot,1024,564,0.955674,0.989916,0.955674,{"1":8192},0.955674,0.044326,0.000000,0.000000,0.955674,0.000000,0.000000
0.005752875,5,16,read_only,4096,5,1.000000,1.000000,1.000000,{"1":242},1.000000,0.000000,0.000000,0.000000,1.000000,0.000000,-1.000000
0.005752875,5,16,union,4096,5,1.000000,1.000000,1.000000,{"1":242},1.000000,0.000000,0.000000,0.000000,1.000000,0.000000,-1.000000
0.005752875,5,16,snapshot,4096,153,0.934641,0.988256,0.934641,{"1":8192},0.934641,0.065359,0.000000,0.000000,0.934641,0.000000,0.000000
0.005752875,5,16,read_only,16384,2,0.500000,0.721910,0.500000,{"1":242},0.500000,0.000000,0.500000,0.000000,0.500000,0.000000,0.000000
0.005752875,5,16,union,16384,2,0.500000,0.721910,0.500000,{"1":242},0.500000,0.000000,0.500000,0.000000,0.500000,0.000000,0.000000
0.005752875,5,16,snapshot,16384,52,0.711538,0.921098,0.711538,{"1":8192},0.711538,0.269231,0.019231,0.000000,0.711538,0.000000,0.000000
0.005988327,5,17,snapshot,64,8192,1.000000,1.000000,1.000000,{"1":8192},1.000000,0.000000,0.000000,0.000000,1.000000,0.000000,-1.000000
0.005988327,5,17,snapshot,256,2125,0.985412,0.994941,0.985412,{"1":8192},0.985412,0.014588,0.000000,0.000000,0.985412,0.000000,0.000000
0.005988327,5,17,snapshot,1024,564,0.955674,0.989916,0.955674,{"1":8192},0.955674,0.044326,0.000000,0.000000,0.955674,0.000000,0.000000
0.005988327,5,17,snapshot,4096,153,0.934641,0.988256,0.934641,{"1":8192},0.934641,0.065359,0.000000,0.000000,0.934641,0.000000,0.000000
0.005988327,5,17,snapshot,16384,52,0.711538,0.921098,0.711538,{"1":8192},0.711538,0.269231,0.019231,0.000000,0.711538,0.000000,0.000000
0.006222671,5,18,snapshot,64,8192,1.000000,1.000000,1.000000,{"1":8192},1.000000,0.000000,0.000000,0.000000,1.000000,0.000000,-1.000000
0.006222671,5,18,snapshot,256,2125,0.985412,0.994941,0.985412,{"1":8192},0.985412,0.014588,0.000000,0.000000,0.985412,0.000000,0.000000
0.006222671,5,18,snapshot,1024,564,0.955674,0.989916,0.955674,{"1":8192},0.955674,0.044326,0.000000,0.000000,0.955674,0.000000,0.000000
0.006222671,5,18,snapshot,4096,153,0.934641,0.988256,0.934641,{"1":8192},0.934641,0.065359,0.000000,0.000000,0.934641,0.000000,0.000000
0.006222671,5,18,snapshot,16384,52,0.711538,0.921098,0.711538,{"1":8192},0.711538,0.269231,0.019231,0.000000,0.711538,0.000000,0.000000
0.006468277,5,19,read_only,64,499,1.000000,1.000000,1.000000,{"1":499},1.000000,0.000000,0.000000,0.000000,1.000000,0.000000,-1.000000
0.006468277,5,19,union,64,499,1.000000,1.000000,1.000000,{"1":499},1.000000,0.000000,0.000000,0.000000,1.000000,0.000000,-1.000000
0.006468277,5,19,snapshot,64,8192,1.000000,1.000000,1.000000,{"0":48,"1":8144},0.994141,0.000000,0.000000,0.000000,0.994141,0.000000,-1.000000
0.006468277,5,19,read_only,256,145,1.000000,1.000000,1.000000,{"1":499},1.000000,0.000000,0.000000,0.000000,1.000000,0.000000,-1.000000
0.006468277,5,19,union,256,145,1.000000,1.000000,1.000000,{"1":499},1.000000,0.000000,0.000000,0.000000,1.000000,0.000000,-1.000000
0.006468277,5,19,snapshot,256,2162,0.978261,0.992137,0.978261,{"0":48,"1":8144},0.980574,0.014339,0.000000,0.000000,0.973173,0.000000,0.000000
0.006468277,5,19,read_only,1024,46,1.000000,1.000000,1.000000,{"1":499},1.000000,0.000000,0.000000,0.000000,1.000000,0.000000,-1.000000
0.006468277,5,19,union,1024,46,1.000000,1.000000,1.000000,{"1":499},1.000000,0.000000,0.000000,0.000000,1.000000,0.000000,-1.000000
0.006468277,5,19,snapshot,1024,588,0.940476,0.985056,0.940476,{"0":48,"1":8144},0.948980,0.042517,0.000000,0.000000,0.931973,0.000000,0.000000
0.006468277,5,19,read_only,4096,13,1.000000,1.000000,1.000000,{"1":499},1.000000,0.000000,0.000000,0.000000,1.000000,0.000000,-1.000000
0.006468277,5,19,union,4096,13,1.000000,1.000000,1.000000,{"1":499},1.000000,0.000000,0.000000,0.000000,1.000000,0.000000,-1.000000
0.006468277,5,19,snapshot,4096,158,0.905063,0.978661,0.905063,{"0":48,"1":8144},0.930380,0.063291,0.000000,0.000000,0.898734,0.000000,0.000000
0.006468277,5,19,read_only,16384,5,1.000000,1.000000,1.000000,{"1":499},1.000000,0.000000,0.000000,0.000000,1.000000,0.000000,-1.000000
0.006468277,5,19,union,16384,5,1.000000,1.000000,1.000000,{"1":499},1.000000,0.000000,0.000000,0.000000,1.000000,0.000000,-1.000000
0.006468277,5,19,snapshot,16384,54,0.666667,0.916286,0.666667,{"0":48,"1":8144},0.703704,0.259259,0.018519,0.000000,0.648148,0.000000,0.000000
0.006705307,5,20,read_only,64,796,1.000000,1.000000,1.000000,{"1":796},1.000000,0.000000,0.000000,0.000000,1.000000,0.000000,-1.000000
0.006705307,5,20,union,64,796,1.000000,1.000000,1.000000,{"1":796},1.000000,0.000000,0.000000,0.000000,1.000000,0.000000,-1.000000
0.006705307,5,20,snapshot,64,8192,1.000000,1.000000,1.000000,{"1":8192},1.000000,0.000000,0.000000,0.000000,1.000000,0.000000,-1.000000
0.006705307,5,20,read_only,256,237,1.000000,1.000000,1.000000,{"1":796},1.000000,0.000000,0.000000,0.000000,1.000000,0.000000,-1.000000
0.006705307,5,20,union,256,237,1.000000,1.000000,1.000000,{"1":796},1.000000,0.000000,0.000000,0.000000,1.000000,0.000000,-1.000000
0.006705307,5,20,snapshot,256,2152,0.985595,0.995005,0.985595,{"1":8192},0.985595,0.014405,0.000000,0.000000,0.985595,0.000000,0.000000
0.006705307,5,20,read_only,1024,68,1.000000,1.000000,1.000000,{"1":796},1.000000,0.000000,0.000000,0.000000,1.000000,0.000000,-1.000000
0.006705307,5,20,union,1024,68,1.000000,1.000000,1.000000,{"1":796},1.000000,0.000000,0.000000,0.000000,1.000000,0.000000,-1.000000
0.006705307,5,20,snapshot,1024,590,0.957627,0.990360,0.957627,{"1":8192},0.957627,0.042373,0.000000,0.000000,0.957627,0.000000,0.000000
0.006705307,5,20,read_only,4096,19,1.000000,1.000000,1.000000,{"1":796},1.000000,0.000000,0.000000,0.000000,1.000000,0.000000,-1.000000
0.006705307,5,20,union,4096,19,1.000000,1.000000,1.000000,{"1":796},1.000000,0.000000,0.000000,0.000000,1.000000,0.000000,-1.000000
0.006705307,5,20,snapshot,4096,163,0.938650,0.988976,0.938650,{"1":8192},0.938650,0.061350,0.000000,0.000000,0.938650,0.000000,0.000000
0.006705307,5,20,read_only,16384,7,1.000000,1.000000,1.000000,{"1":796},1.000000,0.000000,0.000000,0.000000,1.000000,0.000000,-1.000000
0.006705307,5,20,union,16384,7,1.000000,1.000000,1.000000,{"1":796},1.000000,0.000000,0.000000,0.000000,1.000000,0.000000,-1.000000
0.006705307,5,20,snapshot,16384,54,0.740741,0.928874,0.740741,{"1":8192},0.740741,0.240741,0.018519,0.000000,0.740741,0.000000,0.000000
0.006948416,5,21,read_only,64,158,1.000000,1.000000,1.000000,{"1":158},1.000000,0.000000,0.000000,0.000000,1.000000,0.000000,-1.000000
0.006948416,5,21,union,64,158,1.000000,1.000000,1.000000,{"1":158},1.000000,0.000000,0.000000,0.000000,1.000000,0.000000,-1.000000
0.006948416,5,21,snapshot,64,8192,1.000000,1.000000,1.000000,{"1":8192},1.000000,0.000000,0.000000,0.000000,1.000000,0.000000,-1.000000
0.006948416,5,21,read_only,256,48,1.000000,1.000000,1.000000,{"1":158},1.000000,0.000000,0.000000,0.000000,1.000000,0.000000,-1.000000
0.006948416,5,21,union,256,48,1.000000,1.000000,1.000000,{"1":158},1.000000,0.000000,0.000000,0.000000,1.000000,0.000000,-1.000000
0.006948416,5,21,snapshot,256,2164,0.985675,0.995032,0.985675,{"1":8192},0.985675,0.014325,0.000000,0.000000,0.985675,0.000000,0.000000
0.006948416,5,21,read_only,1024,17,1.000000,1.000000,1.000000,{"1":158},1.000000,0.000000,0.000000,0.000000,1.000000,0.000000,-1.000000
0.006948416,5,21,union,1024,17,1.000000,1.000000,1.000000,{"1":158},1.000000,0.000000,0.000000,0.000000,1.000000,0.000000,-1.000000
0.006948416,5,21,snapshot,1024,593,0.957841,0.990409,0.957841,{"1":8192},0.957841,0.042159,0.000000,0.000000,0.957841,0.000000,0.000000
0.006948416,5,21,read_only,4096,5,1.000000,1.000000,1.000000,{"1":158},1.000000,0.000000,0.000000,0.000000,1.000000,0.000000,-1.000000
0.006948416,5,21,union,4096,5,1.000000,1.000000,1.000000,{"1":158},1.000000,0.000000,0.000000,0.000000,1.000000,0.000000,-1.000000
0.006948416,5,21,snapshot,4096,164,0.939024,0.989043,0.939024,{"1":8192},0.939024,0.060976,0.000000,0.000000,0.939024,0.000000,0.000000
0.006948416,5,21,read_only,16384,2,0.500000,0.861702,0.500000,{"1":158},0.500000,0.500000,0.000000,0.000000,0.500000,0.000000,0.000000
0.006948416,5,21,union,16384,2,0.500000,0.861702,0.500000,{"1":158},0.500000,0.500000,0.000000,0.000000,0.500000,0.000000,0.000000
0.006948416,5,21,snapshot,16384,54,0.740741,0.924814,0.740741,{"1":8192},0.740741,0.240741,0.018519,0.000000,0.740741,0.000000,0.000000
0.007267884,5,22,read_only,64,24,1.000000,1.000000,1.000000,{"1":24},1.000000,0.000000,0.000000,0.000000,1.000000,0.000000,-1.000000
0.007267884,5,22,union,64,24,1.000000,1.000000,1.000000,{"1":24},1.000000,0.000000,0.000000,0.000000,1.000000,0.000000,-1.000000
0.007267884,5,22,snapshot,64,8192,1.000000,1.000000,1.000000,{"1":8192},1.000000,0.000000,0.000000,0.000000,1.000000,0.000000,-1.000000
0.007267884,5,22,read_only,256,12,1.000000,1.000000,1.000000,{"1":24},1.000000,0.000000,0.000000,0.000000,1.000000,0.000000,-1.000000
0.007267884,5,22,union,256,12,1.000000,1.000000,1.000000,{"1":24},1.000000,0.000000,0.000000,0.000000,1.000000,0.000000,-1.000000
0.007267884,5,22,snapshot,256,2163,0.982432,0.994028,0.982432,{"1":8192},0.982432,0.017568,0.000000,0.000000,0.982432,0.000000,0.000000
0.007267884,5,22,read_only,1024,7,1.000000,1.000000,1.000000,{"1":24},1.000000,0.000000,0.000000,0.000000,1.000000,0.000000,-1.000000
0.007267884,5,22,union,1024,7,1.000000,1.000000,1.000000,{"1":24},1.000000,0.000000,0.000000,0.000000,1.000000,0.000000,-1.000000
0.007267884,5,22,snapshot,1024,594,0.949495,0.988487,0.949495,{"1":8192},0.949495,0.050505,0.000000,0.000000,0.949495,0.000000,0.000000
0.007267884,5,22,read_only,4096,3,1.000000,1.000000,1.000000,{"1":24},1.000000,0.000000,0.000000,0.000000,1.000000,0.000000,-1.000000
0.007267884,5,22,union,4096,3,1.000000,1.000000,1.000000,{"1":24},1.000000,0.000000,0.000000,0.000000,1.000000,0.000000,-1.000000
0.007267884,5,22,snapshot,4096,164,0.926829,0.986151,0.926829,{"1":8192},0.926829,0.073171,0.000000,0.000000,0.926829,0.000000,0.000000
0.007267884,5,22,read_only,16384,2,1.000000,1.000000,1.000000,{"1":24},1.000000,0.000000,0.000000,0.000000,1.000000,0.000000,-1.000000
0.007267884,5,22,union,16384,2,1.000000,1.000000,1.000000,{"1":24},1.000000,0.000000,0.000000,0.000000,1.000000,0.000000,-1.000000
0.007267884,5,22,snapshot,16384,55,0.745455,0.923887,0.745455,{"1":8192},0.745455,0.236364,0.018182,0.000000,0.745455,0.000000,0.000000
0.007504570,5,23,snapshot,64,8192,1.000000,1.000000,1.000000,{"1":8192},1.000000,0.000000,0.000000,0.000000,1.000000,0.000000,-1.000000
0.007504570,5,23,snapshot,256,2163,0.982432,0.994028,0.982432,{"1":8192},0.982432,0.017568,0.000000,0.000000,0.982432,0.000000,0.000000
0.007504570,5,23,snapshot,1024,594,0.949495,0.988487,0.949495,{"1":8192},0.949495,0.050505,0.000000,0.000000,0.949495,0.000000,0.000000
0.007504570,5,23,snapshot,4096,164,0.926829,0.986151,0.926829,{"1":8192},0.926829,0.073171,0.000000,0.000000,0.926829,0.000000,0.000000
0.007504570,5,23,snapshot,16384,55,0.745455,0.923887,0.745455,{"1":8192},0.745455,0.236364,0.018182,0.000000,0.745455,0.000000,0.000000
0.007739555,5,24,read_only,64,11,1.000000,1.000000,1.000000,{"1":11},1.000000,0.000000,0.000000,0.000000,1.000000,0.000000,-1.000000
0.007739555,5,24,union,64,11,1.000000,1.000000,1.000000,{"1":11},1.000000,0.000000,0.000000,0.000000,1.000000,0.000000,-1.000000
0.007739555,5,24,snapshot,64,8192,1.000000,1.000000,1.000000,{"1":8192},1.000000,0.000000,0.000000,0.000000,1.000000,0.000000,-1.000000
0.007739555,5,24,read_only,256,6,1.000000,1.000000,1.000000,{"1":11},1.000000,0.000000,0.000000,0.000000,1.000000,0.000000,-1.000000
0.007739555,5,24,union,256,6,1.000000,1.000000,1.000000,{"1":11},1.000000,0.000000,0.000000,0.000000,1.000000,0.000000,-1.000000
0.007739555,5,24,snapshot,256,2167,0.982464,0.994039,0.982464,{"1":8192},0.982464,0.017536,0.000000,0.000000,0.982464,0.000000,0.000000
0.007739555,5,24,read_only,1024,4,1.000000,1.000000,1.000000,{"1":11},1.000000,0.000000,0.000000,0.000000,1.000000,0.000000,-1.000000
0.007739555,5,24,union,1024,4,1.000000,1.000000,1.000000,{"1":11},1.000000,0.000000,0.000000,0.000000,1.000000,0.000000,-1.000000
0.007739555,5,24,snapshot,1024,597,0.949749,0.988545,0.949749,{"1":8192},0.949749,0.050251,0.000000,0.000000,0.949749,0.000000,0.000000
0.007739555,5,24,read_only,4096,2,1.000000,1.000000,1.000000,{"1":11},1.000000,0.000000,0.000000,0.000000,1.000000,0.000000,-1.000000
0.007739555,5,24,union,4096,2,1.000000,1.000000,1.000000,{"1":11},1.000000,0.000000,0.000000,0.000000,1.000000,0.000000,-1.000000
0.007739555,5,24,snapshot,4096,165,0.927273,0.986196,0.927273,{"1":8192},0.927273,0.072727,0.000000,0.000000,0.927273,0.000000,0.000000
0.007739555,5,24,read_only,16384,2,1.000000,1.000000,1.000000,{"1":11},1.000000,0.000000,0.000000,0.000000,1.000000,0.000000,-1.000000
0.007739555,5,24,union,16384,2,1.000000,1.000000,1.000000,{"1":11},1.000000,0.000000,0.000000,0.000000,1.000000,0.000000,-1.000000
0.007739555,5,24,snapshot,16384,56,0.750000,0.925778,0.750000,{"1":8192},0.750000,0.232143,0.017857,0.000000,0.750000,0.000000,0.000000
0.007977240,5,25,read_only,64,967,1.000000,1.000000,1.000000,{"1":967},1.000000,0.000000,0.000000,0.000000,1.000000,0.000000,-1.000000
0.007977240,5,25,union,64,967,1.000000,1.000000,1.000000,{"1":967},1.000000,0.000000,0.000000,0.000000,1.000000,0.000000,-1.000000
0.007977240,5,25,snapshot,64,8192,1.000000,1.000000,1.000000,{"1":8192},1.000000,0.000000,0.000000,0.000000,1.000000,0.000000,-1.000000
0.007977240,5,25,read_only,256,277,1.000000,1.000000,1.000000,{"1":967},1.000000,0.000000,0.000000,0.000000,1.000000,0.000000,-1.000000
0.007977240,5,25,union,256,277,1.000000,1.000000,1.000000,{"1":967},1.000000,0.000000,0.000000,0.000000,1.000000,0.000000,-1.000000
0.007977240,5,25,snapshot,256,2239,0.984815,0.994901,0.984815,{"1":8192},0.984815,0.015185,0.000000,0.000000,0.984815,0.000000,0.000000
0.007977240,5,25,read_only,1024,83,1.000000,1.000000,1.000000,{"1":967},1.000000,0.000000,0.000000,0.000000,1.000000,0.000000,-1.000000
0.007977240,5,25,union,1024,83,1.000000,1.000000,1.000000,{"1":967},1.000000,0.000000,0.000000,0.000000,1.000000,0.000000,-1.000000
0.007977240,5,25,snapshot,1024,635,0.955906,0.990433,0.955906,{"1":8192},0.955906,0.044094,0.000000,0.000000,0.955906,0.000000,0.000000
0.007977240,5,25,read_only,4096,22,1.000000,1.000000,1.000000,{"1":967},1.000000,0.000000,0.000000,0.000000,1.000000,0.000000,-1.000000
0.007977240,5,25,union,4096,22,1.000000,1.000000,1.000000,{"1":967},1.000000,0.000000,0.000000,0.000000,1.000000,0.000000,-1.000000
0.007977240,5,25,snapshot,4096,177,0.932203,0.987921,0.932203,{"1":8192},0.932203,0.067797,0.000000,0.000000,0.932203,0.000000,0.000000
0.007977240,5,25,read_only,16384,7,0.857143,0.995362,0.857143,{"1":967},0.857143,0.142857,0.000000,0.000000,0.857143,0.000000,0.000000
0.007977240,5,25,union,16384,7,0.857143,0.995362,0.857143,{"1":967},0.857143,0.142857,0.000000,0.000000,0.857143,0.000000,0.000000
0.007977240,5,25,snapshot,16384,60,0.750000,0.939823,0.750000,{"1":8192},0.750000,0.233333,0.016667,0.000000,0.750000,0.000000,0.000000
0.008220294,5,26,read_only,64,177,1.000000,1.000000,1.000000,{"1":177},1.000000,0.000000,0.000000,0.000000,1.000000,0.000000,-1.000000
0.008220294,5,26,union,64,177,1.000000,1.000000,1.000000,{"1":177},1.000000,0.000000,0.000000,0.000000,1.000000,0.000000,-1.000000
0.008220294,5,26,snapshot,64,8192,1.000000,1.000000,1.000000,{"1":8192},1.000000,0.000000,0.000000,0.000000,1.000000,0.000000,-1.000000
0.008220294,5,26,read_only,256,58,1.000000,1.000000,1.000000,{"1":177},1.000000,0.000000,0.000000,0.000000,1.000000,0.000000,-1.000000
0.008220294,5,26,union,256,58,1.000000,1.000000,1.000000,{"1":177},1.000000,0.000000,0.000000,0.000000,1.000000,0.000000,-1.000000
0.008220294,5,26,snapshot,256,2257,0.985379,0.995052,0.985379,{"1":8192},0.985379,0.014621,0.000000,0.000000,0.985379,0.000000,0.000000
0.008220294,5,26,read_only,1024,16,1.000000,1.000000,1.000000,{"1":177},1.000000,0.000000,0.000000,0.000000,1.000000,0.000000,-1.000000
0.008220294,5,26,union,1024,16,1.000000,1.000000,1.000000,{"1":177},1.000000,0.000000,0.000000,0.000000,1.000000,0.000000,-1.000000
0.008220294,5,26,snapshot,1024,640,0.956250,0.990560,0.956250,{"1":8192},0.956250,0.043750,0.000000,0.000000,0.956250,0.000000,0.000000
0.008220294,5,26,read_only,4096,4,1.000000,1.000000,1.000000,{"1":177},1.000000,0.000000,0.000000,0.000000,1.000000,0.000000,-1.000000
0.008220294,5,26,union,4096,4,1.000000,1.000000,1.000000,{"1":177},1.000000,0.000000,0.000000,0.000000,1.000000,0.000000,-1.000000
0.008220294,5,26,snapshot,4096,178,0.932584,0.987757,0.932584,{"1":8192},0.932584,0.067416,0.000000,0.000000,0.932584,0.000000,0.000000
0.008220294,5,26,read_only,16384,3,1.000000,1.000000,1.000000,{"1":177},1.000000,0.000000,0.000000,0.000000,1.000000,0.000000,-1.000000
0.008220294,5,26,union,16384,3,1.000000,1.000000,1.000000,{"1":177},1.000000,0.000000,0.000000,0.000000,1.000000,0.000000,-1.000000
0.008220294,5,26,snapshot,16384,62,0.758065,0.942048,0.758065,{"1":8192},0.758065,0.225806,0.016129,0.000000,0.758065,0.000000,0.000000
0.008454339,5,27,snapshot,64,8192,1.000000,1.000000,1.000000,{"1":8192},1.000000,0.000000,0.000000,0.000000,1.000000,0.000000,-1.000000
0.008454339,5,27,snapshot,256,2257,0.985379,0.995052,0.985379,{"1":8192},0.985379,0.014621,0.000000,0.000000,0.985379,0.000000,0.000000
0.008454339,5,27,snapshot,1024,640,0.956250,0.990560,0.956250,{"1":8192},0.956250,0.043750,0.000000,0.000000,0.956250,0.000000,0.000000
0.008454339,5,27,snapshot,4096,178,0.932584,0.987757,0.932584,{"1":8192},0.932584,0.067416,0.000000,0.000000,0.932584,0.000000,0.000000
0.008454339,5,27,snapshot,16384,62,0.758065,0.942048,0.758065,{"1":8192},0.758065,0.225806,0.016129,0.000000,0.758065,0.000000,0.000000
0.008688974,5,28,read_only,64,10,1.000000,1.000000,1.000000,{"1":10},1.000000,0.000000,0.000000,0.000000,1.000000,0.000000,-1.000000
0.008688974,5,28,union,64,10,1.000000,1.000000,1.000000,{"1":10},1.000000,0.000000,0.000000,0.000000,1.000000,0.000000,-1.000000
0.008688974,5,28,snapshot,64,8192,1.000000,1.000000,1.000000,{"1":8192},1.000000,0.000000,0.000000,0.000000,1.000000,0.000000,-1.000000
0.008688974,5,28,read_only,256,5,1.000000,1.000000,1.000000,{"1":10},1.000000,0.000000,0.000000,0.000000,1.000000,0.000000,-1.000000
0.008688974,5,28,union,256,5,1.000000,1.000000,1.000000,{"1":10},1.000000,0.000000,0.000000,0.000000,1.000000,0.000000,-1.000000
0.008688974,5,28,snapshot,256,2261,0.985405,0.995061,0.985405,{"1":8192},0.985405,0.014595,0.000000,0.000000,0.985405,0.000000,0.000000
0.008688974,5,28,read_only,1024,3,1.000000,1.000000,1.000000,{"1":10},1.000000,0.000000,0.000000,0.000000,1.000000,0.000000,-1.000000
0.008688974,5,28,union,1024,3,1.000000,1.000000,1.000000,{"1":10},1.000000,0.000000,0.000000,0.000000,1.000000,0.000000,-1.000000
0.008688974,5,28,snapshot,1024,643,0.956454,0.990604,0.956454,{"1":8192},0.956454,0.043546,0.000000,0.000000,0.956454,0.000000,0.000000
0.008688974,5,28,read_only,4096,2,1.000000,1.000000,1.000000,{"1":10},1.000000,0.000000,0.000000,0.000000,1.000000,0.000000,-1.000000
0.008688974,5,28,union,4096,2,1.000000,1.000000,1.000000,{"1":10},1.000000,0.000000,0.000000,0.000000,1.000000,0.000000,-1.000000
0.008688974,5,28,snapshot,4096,180,0.933333,0.987893,0.933333,{"1":8192},0.933333,0.066667,0.000000,0.000000,0.933333,0.000000,0.000000
0.008688974,5,28,read_only,16384,2,1.000000,1.000000,1.000000,{"1":10},1.000000,0.000000,0.000000,0.000000,1.000000,0.000000,-1.000000
0.008688974,5,28,union,16384,2,1.000000,1.000000,1.000000,{"1":10},1.000000,0.000000,0.000000,0.000000,1.000000,0.000000,-1.000000
0.008688974,5,28,snapshot,16384,62,0.758065,0.941195,0.758065,{"1":8192},0.758065,0.225806,0.016129,0.000000,0.758065,0.000000,0.000000
0.008922551,5,29,snapshot,64,8192,1.000000,1.000000,1.000000,{"1":8192},1.000000,0.000000,0.000000,0.000000,1.000000,0.000000,-1.000000
0.008922551,5,29,snapshot,256,2261,0.985405,0.995061,0.985405,{"1":8192},0.985405,0.014595,0.000000,0.000000,0.985405,0.000000,0.000000
0.008922551,5,29,snapshot,1024,643,0.956454,0.990604,0.956454,{"1":8192},0.956454,0.043546,0.000000,0.000000,0.956454,0.000000,0.000000
0.008922551,5,29,snapshot,4096,180,0.933333,0.987893,0.933333,{"1":8192},0.933333,0.066667,0.000000,0.000000,0.933333,0.000000,0.000000
0.008922551,5,29,snapshot,16384,62,0.758065,0.941195,0.758065,{"1":8192},0.758065,0.225806,0.016129,0.000000,0.758065,0.000000,0.000000
0.009203122,5,30,read_only,64,221,1.000000,1.000000,1.000000,{"1":221},1.000000,0.000000,0.000000,0.000000,1.000000,0.000000,-1.000000
0.009203122,5,30,union,64,221,1.000000,1.000000,1.000000,{"1":221},1.000000,0.000000,0.000000,0.000000,1.000000,0.000000,-1.000000
0.009203122,5,30,snapshot,64,8192,1.000000,1.000000,1.000000,{"1":8192},1.000000,0.000000,0.000000,0.000000,1.000000,0.000000,-1.000000
0.009203122,5,30,read_only,256,77,1.000000,1.000000,1.000000,{"1":221},1.000000,0.000000,0.000000,0.000000,1.000000,0.000000,-1.000000
0.009203122,5,30,union,256,77,1.000000,1.000000,1.000000,{"1":221},1.000000,0.000000,0.000000,0.000000,1.000000,0.000000,-1.000000
0.009203122,5,30,snapshot,256,2289,0.985583,0.995122,0.985583,{"1":8192},0.985583,0.014417,0.000000,0.000000,0.985583,0.000000,0.000000
0.009203122,5,30,read_only,1024,24,1.000000,1.000000,1.000000,{"1":221},1.000000,0.000000,0.000000,0.000000,1.000000,0.000000,-1.000000
0.009203122,5,30,union,1024,24,1.000000,1.000000,1.000000,{"1":221},1.000000,0.000000,0.000000,0.000000,1.000000,0.000000,-1.000000
0.009203122,5,30,snapshot,1024,655,0.955725,0.990156,0.955725,{"1":8192},0.955725,0.044275,0.000000,0.000000,0.955725,0.000000,0.000000
0.009203122,5,30,read_only,4096,9,1.000000,1.000000,1.000000,{"1":221},1.000000,0.000000,0.000000,0.000000,1.000000,0.000000,-1.000000
0.009203122,5,30,union,4096,9,1.000000,1.000000,1.000000,{"1":221},1.000000,0.000000,0.000000,0.000000,1.000000,0.000000,-1.000000
0.009203122,5,30,snapshot,4096,184,0.929348,0.987733,0.929348,{"1":8192},0.929348,0.070652,0.000000,0.000000,0.929348,0.000000,0.000000
0.009203122,5,30,read_only,16384,7,1.000000,1.000000,1.000000,{"1":221},1.000000,0.000000,0.000000,0.000000,1.000000,0.000000,-1.000000
0.009203122,5,30,union,16384,7,1.000000,1.000000,1.000000,{"1":221},1.000000,0.000000,0.000000,0.000000,1.000000,0.000000,-1.000000
0.009203122,5,30,snapshot,16384,62,0.741935,0.933421,0.741935,{"1":8192},0.741935,0.241935,0.016129,0.000000,0.741935,0.000000,0.000000
0.009467058,5,31,read_only,64,9,1.000000,1.000000,1.000000,{"1":9},1.000000,0.000000,0.000000,0.000000,1.000000,0.000000,-1.000000
0.009467058,5,31,union,64,9,1.000000,1.000000,1.000000,{"1":9},1.000000,0.000000,0.000000,0.000000,1.000000,0.000000,-1.000000
0.009467058,5,31,snapshot,64,8192,1.000000,1.000000,1.000000,{"1":8192},1.000000,0.000000,0.000000,0.000000,1.000000,0.000000,-1.000000
0.009467058,5,31,read_only,256,6,1.000000,1.000000,1.000000,{"1":9},1.000000,0.000000,0.000000,0.000000,1.000000,0.000000,-1.000000
0.009467058,5,31,union,256,6,1.000000,1.000000,1.000000,{"1":9},1.000000,0.000000,0.000000,0.000000,1.000000,0.000000,-1.000000
0.009467058,5,31,snapshot,256,2290,0.986026,0.995233,0.986026,{"1":8192},0.986026,0.013974,0.000000,0.000000,0.986026,0.000000,0.000000
0.009467058,5,31,read_only,1024,4,1.000000,1.000000,1.000000,{"1":9},1.000000,0.000000,0.000000,0.000000,1.000000,0.000000,-1.000000
0.009467058,5,31,union,1024,4,1.000000,1.000000,1.000000,{"1":9},1.000000,0.000000,0.000000,0.000000,1.000000,0.000000,-1.000000
0.009467058,5,31,snapshot,1024,657,0.955860,0.990697,0.955860,{"1":8192},0.955860,0.044140,0.000000,0.000000,0.955860,0.000000,0.000000
0.009467058,5,31,read_only,4096,3,1.000000,1.000000,1.000000,{"1":9},1.000000,0.000000,0.000000,0.000000,1.000000,0.000000,-1.000000
0.009467058,5,31,union,4096,3,1.000000,1.000000,1.000000,{"1":9},1.000000,0.000000,0.000000,0.000000,1.000000,0.000000,-1.000000
0.009467058,5,31,snapshot,4096,186,0.930108,0.987946,0.930108,{"1":8192},0.930108,0.069892,0.000000,0.000000,0.930108,0.000000,0.000000
0.009467058,5,31,read_only,16384,2,1.000000,1.000000,1.000000,{"1":9},1.000000,0.000000,0.000000,0.000000,1.000000,0.000000,-1.000000
0.009467058,5,31,union,16384,2,1.000000,1.000000,1.000000,{"1":9},1.000000,0.000000,0.000000,0.000000,1.000000,0.000000,-1.000000
0.009467058,5,31,snapshot,16384,62,0.741935,0.933534,0.741935,{"1":8192},0.741935,0.241935,0.016129,0.000000,0.741935,0.000000,0.000000
0.009721848,5,32,read_only,64,38,1.000000,1.000000,1.000000,{"1":38},1.000000,0.000000,0.000000,0.000000,1.000000,0.000000,-1.000000
0.009721848,5,32,union,64,38,1.000000,1.000000,1.000000,{"1":38},1.000000,0.000000,0.000000,0.000000,1.000000,0.000000,-1.000000
0.009721848,5,32,snapshot,64,8192,1.000000,1.000000,1.000000,{"1":8192},1.000000,0.000000,0.000000,0.000000,1.000000,0.000000,-1.000000
0.009721848,5,32,read_only,256,11,1.000000,1.000000,1.000000,{"1":38},1.000000,0.000000,0.000000,0.000000,1.000000,0.000000,-1.000000
0.009721848,5,32,union,256,11,1.000000,1.000000,1.000000,{"1":38},1.000000,0.000000,0.000000,0.000000,1.000000,0.000000,-1.000000
0.009721848,5,32,snapshot,256,2289,0.986020,0.995194,0.986020,{"1":8192},0.986020,0.013980,0.000000,0.000000,0.986020,0.000000,0.000000
0.009721848,5,32,read_only,1024,5,1.000000,1.000000,1.000000,{"1":38},1.000000,0.000000,0.000000,0.000000,1.000000,0.000000,-1.000000
0.009721848,5,32,union,1024,5,1.000000,1.000000,1.000000,{"1":38},1.000000,0.000000,0.000000,0.000000,1.000000,0.000000,-1.000000
0.009721848,5,32,snapshot,1024,659,0.955994,0.990268,0.955994,{"1":8192},0.955994,0.044006,0.000000,0.000000,0.955994,0.000000,0.000000
0.009721848,5,32,read_only,4096,4,1.000000,1.000000,1.000000,{"1":38},1.000000,0.000000,0.000000,0.000000,1.000000,0.000000,-1.000000
0.009721848,5,32,union,4096,4,1.000000,1.000000,1.000000,{"1":38},1.000000,0.000000,0.000000,0.000000,1.000000,0.000000,-1.000000
0.009721848,5,32,snapshot,4096,186,0.930108,0.987954,0.930108,{"1":8192},0.930108,0.069892,0.000000,0.000000,0.930108,0.000000,0.000000
0.009721848,5,32,read_only,16384,3,1.000000,1.000000,1.000000,{"1":38},1.000000,0.000000,0.000000,0.000000,1.000000,0.000000,-1.000000
0.009721848,5,32,union,16384,3,1.000000,1.000000,1.000000,{"1":38},1.000000,0.000000,0.000000,0.000000,1.000000,0.000000,-1.000000
0.009721848,5,32,snapshot,16384,63,0.746032,0.933647,0.746032,{"1":8192},0.746032,0.238095,0.015873,0.000000,0.746032,0.000000,0.000000
0.009996090,5,33,read_only,64,22,1.000000,1.000000,1.000000,{"1":22},1.000000,0.000000,0.000000,0.000000,1.000000,0.000000,-1.000000
0.009996090,5,33,union,64,22,1.000000,1.000000,1.000000,{"1":22},1.000000,0.000000,0.000000,0.000000,1.000000,0.000000,-1.000000
0.009996090,5,33,read_only,256,9,1.000000,1.000000,1.000000,{"1":22},1.000000,0.000000,0.000000,0.000000,1.000000,0.000000,-1.000000
0.009996090,5,33,union,256,9,1.000000,1.000000,1.000000,{"1":22},1.000000,0.000000,0.000000,0.000000,1.000000,0.000000,-1.000000
0.009996090,5,33,read_only,1024,3,1.000000,1.000000,1.000000,{"1":22},1.000000,0.000000,0.000000,0.000000,1.000000,0.000000,-1.000000
0.009996090,5,33,union,1024,3,1.000000,1.000000,1.000000,{"1":22},1.000000,0.000000,0.000000,0.000000,1.000000,0.000000,-1.000000
0.009996090,5,33,read_only,4096,2,1.000000,1.000000,1.000000,{"1":22},1.000000,0.000000,0.000000,0.000000,1.000000,0.000000,-1.000000
0.009996090,5,33,union,4096,2,1.000000,1.000000,1.000000,{"1":22},1.000000,0.000000,0.000000,0.000000,1.000000,0.000000,-1.000000
0.009996090,5,33,read_only,16384,2,1.000000,1.000000,1.000000,{"1":22},1.000000,0.000000,0.000000,0.000000,1.000000,0.000000,-1.000000
0.009996090,5,33,union,16384,2,1.000000,1.000000,1.000000,{"1":22},1.000000,0.000000,0.000000,0.000000,1.000000,0.000000,-1.000000
0.010263366,5,34,read_only,64,714,1.000000,1.000000,1.000000,{"1":714},1.000000,0.000000,0.000000,0.000000,1.000000,0.000000,-1.000000
0.010263366,5,34,union,64,714,1.000000,1.000000,1.000000,{"1":714},1.000000,0.000000,0.000000,0.000000,1.000000,0.000000,-1.000000
0.010263366,5,34,snapshot,64,557,1.000000,1.000000,1.000000,{"0":1,"1":556},0.998205,0.000000,0.000000,0.000000,0.998205,0.000000,-1.000000
0.010263366,5,34,read_only,256,196,1.000000,1.000000,1.000000,{"1":714},1.000000,0.000000,0.000000,0.000000,1.000000,0.000000,-1.000000
0.010263366,5,34,union,256,196,1.000000,1.000000,1.000000,{"1":714},1.000000,0.000000,0.000000,0.000000,1.000000,0.000000,-1.000000
0.010263366,5,34,snapshot,256,158,1.000000,1.000000,1.000000,{"0":1,"1":556},0.993671,0.000000,0.000000,0.000000,0.993671,0.000000,-1.000000
0.010263366,5,34,read_only,1024,51,1.000000,1.000000,1.000000,{"1":714},1.000000,0.000000,0.000000,0.000000,1.000000,0.000000,-1.000000
0.010263366,5,34,union,1024,51,1.000000,1.000000,1.000000,{"1":714},1.000000,0.000000,0.000000,0.000000,1.000000,0.000000,-1.000000
0.010263366,5,34,snapshot,1024,43,1.000000,1.000000,1.000000,{"0":1,"1":556},0.976744,0.000000,0.000000,0.000000,0.976744,0.000000,-1.000000
0.010263366,5,34,read_only,4096,15,1.000000,1.000000,1.000000,{"1":714},1.000000,0.000000,0.000000,0.000000,1.000000,0.000000,-1.000000
0.010263366,5,34,union,4096,15,1.000000,1.000000,1.000000,{"1":714},1.000000,0.000000,0.000000,0.000000,1.000000,0.000000,-1.000000
0.010263366,5,34,snapshot,4096,14,1.000000,1.000000,1.000000,{"0":1,"1":556},0.928571,0.000000,0.000000,0.000000,0.928571,0.000000,-1.000000
0.010263366,5,34,read_only,16384,7,0.857143,0.938224,0.857143,{"1":714},0.857143,0.142857,0.000000,0.000000,0.857143,0.000000,0.000000
0.010263366,5,34,union,16384,7,0.857143,0.938224,0.857143,{"1":714},0.857143,0.142857,0.000000,0.000000,0.857143,0.000000,0.000000
0.010263366,5,34,snapshot,16384,5,0.600000,0.912384,0.600000,{"0":1,"1":556},0.800000,0.200000,0.000000,0.000000,0.600000,0.000000,0.000000
0.010498542,5,35,read_only,64,2518,1.000000,1.000000,1.000000,{"1":2518},1.000000,0.000000,0.000000,0.000000,1.000000,0.000000,-1.000000
0.010498542,5,35,union,64,2518,1.000000,1.000000,1.000000,{"1":2518},1.000000,0.000000,0.000000,0.000000,1.000000,0.000000,-1.000000
0.010498542,5,35,snapshot,64,3072,1.000000,1.000000,1.000000,{"1":3072},1.000000,0.000000,0.000000,0.000000,1.000000,0.000000,-1.000000
0.010498542,5,35,read_only,256,650,1.000000,1.000000,1.000000,{"1":2518},1.000000,0.000000,0.000000,0.000000,1.000000,0.000000,-1.000000
0.010498542,5,35,union,256,650,1.000000,1.000000,1.000000,{"1":2518},1.000000,0.000000,0.000000,0.000000,1.000000,0.000000,-1.000000
0.010498542,5,35,snapshot,256,768,1.000000,1.000000,1.000000,{"1":3072},1.000000,0.000000,0.000000,0.000000,1.000000,0.000000,-1.000000
0.010498542,5,35,read_only,1024,165,1.000000,1.000000,1.000000,{"1":2518},1.000000,0.000000,0.000000,0.000000,1.000000,0.000000,-1.000000
0.010498542,5,35,union,1024,165,1.000000,1.000000,1.000000,{"1":2518},1.000000,0.000000,0.000000,0.000000,1.000000,0.000000,-1.000000
0.010498542,5,35,snapshot,1024,192,1.000000,1.000000,1.000000,{"1":3072},1.000000,0.000000,0.000000,0.000000,1.000000,0.000000,-1.000000
0.010498542,5,35,read_only,4096,45,1.000000,1.000000,1.000000,{"1":2518},1.000000,0.000000,0.000000,0.000000,1.000000,0.000000,-1.000000
0.010498542,5,35,union,4096,45,1.000000,1.000000,1.000000,{"1":2518},1.000000,0.000000,0.000000,0.000000,1.000000,0.000000,-1.000000
0.010498542,5,35,snapshot,4096,48,1.000000,1.000000,1.000000,{"1":3072},1.000000,0.000000,0.000000,0.000000,1.000000,0.000000,-1.000000
0.010498542,5,35,read_only,16384,14,0.785714,0.906699,0.785714,{"1":2518},0.785714,0.214286,0.000000,0.000000,0.785714,0.000000,0.000000
0.010498542,5,35,union,16384,14,0.785714,0.906699,0.785714,{"1":2518},0.785714,0.214286,0.000000,0.000000,0.785714,0.000000,0.000000
0.010498542,5,35,snapshot,16384,14,0.714286,0.892857,0.714286,{"1":3072},0.714286,0.285714,0.000000,0.000000,0.714286,0.000000,0.000000
0.010847756,5,36,read_only,64,1312,1.000000,1.000000,1.000000,{"1":1312},1.000000,0.000000,0.000000,0.000000,1.000000,0.000000,-1.000000
0.010847756,5,36,union,64,1312,1.000000,1.000000,1.000000,{"1":1312},1.000000,0.000000,0.000000,0.000000,1.000000,0.000000,-1.000000
0.010847756,5,36,snapshot,64,4384,1.000000,1.000000,1.000000,{"1":4384},1.000000,0.000000,0.000000,0.000000,1.000000,0.000000,-1.000000
0.010847756,5,36,read_only,256,328,1.000000,1.000000,1.000000,{"1":1312},1.000000,0.000000,0.000000,0.000000,1.000000,0.000000,-1.000000
0.010847756,5,36,union,256,328,1.000000,1.000000,1.000000,{"1":1312},1.000000,0.000000,0.000000,0.000000,1.000000,0.000000,-1.000000
0.010847756,5,36,snapshot,256,1096,1.000000,1.000000,1.000000,{"1":4384},1.000000,0.000000,0.000000,0.000000,1.000000,0.000000,-1.000000
0.010847756,5,36,read_only,1024,82,1.000000,1.000000,1.000000,{"1":1312},1.000000,0.000000,0.000000,0.000000,1.000000,0.000000,-1.000000
0.010847756,5,36,union,1024,82,1.000000,1.000000,1.000000,{"1":1312},1.000000,0.000000,0.000000,0.000000,1.000000,0.000000,-1.000000
0.010847756,5,36,snapshot,1024,274,1.000000,1.000000,1.000000,{"1":4384},1.000000,0.000000,0.000000,0.000000,1.000000,0.000000,-1.000000
0.010847756,5,36,read_only,4096,21,1.000000,1.000000,1.000000,{"1":1312},1.000000,0.000000,0.000000,0.000000,1.000000,0.000000,-1.000000
0.010847756,5,36,union,4096,21,1.000000,1.000000,1.000000,{"1":1312},1.000000,0.000000,0.000000,0.000000,1.000000,0.000000,-1.000000
0.010847756,5,36,snapshot,4096,69,1.000000,1.000000,1.000000,{"1":4384},1.000000,0.000000,0.000000,0.000000,1.000000,0.000000,-1.000000
0.010847756,5,36,read_only,16384,7,0.428571,0.857143,0.428571,{"1":1312},0.428571,0.571429,0.000000,0.000000,0.428571,0.000000,0.000000
0.010847756,5,36,union,16384,7,0.428571,0.857143,0.428571,{"1":1312},0.428571,0.571429,0.000000,0.000000,0.428571,0.000000,0.000000
0.010847756,5,36,snapshot,16384,21,0.619048,0.880952,0.619048,{"1":4384},0.619048,0.380952,0.000000,0.000000,0.619048,0.000000,0.000000
0.011099640,5,37,read_only,64,64,1.000000,1.000000,1.000000,{"1":64},1.000000,0.000000,0.000000,0.000000,1.000000,0.000000,-1.000000
0.011099640,5,37,union,64,64,1.000000,1.000000,1.000000,{"1":64},1.000000,0.000000,0.000000,0.000000,1.000000,0.000000,-1.000000
0.011099640,5,37,snapshot,64,4448,1.000000,1.000000,1.000000,{"1":4448},1.000000,0.000000,0.000000,0.000000,1.000000,0.000000,-1.000000
0.011099640,5,37,read_only,256,16,0.000000,0.562500,0.000000,{"1":64},0.000000,0.500000,0.500000,0.000000,0.000000,0.000000,0.000000
0.011099640,5,37,union,256,16,0.000000,0.562500,0.000000,{"1":64},0.000000,0.500000,0.500000,0.000000,0.000000,0.000000,0.000000
0.011099640,5,37,snapshot,256,1112,0.985612,0.993705,0.985612,{"1":4448},0.985612,0.007194,0.007194,0.000000,0.985612,0.000000,0.000000
0.011099640,5,37,read_only,1024,4,0.000000,0.437500,0.000000,{"1":64},0.000000,0.000000,1.000000,0.000000,0.000000,0.000000,0.000000
0.011099640,5,37,union,1024,4,0.000000,0.437500,0.000000,{"1":64},0.000000,0.000000,1.000000,0.000000,0.000000,0.000000,0.000000
0.011099640,5,37,snapshot,1024,278,0.985612,0.991906,0.985612,{"1":4448},0.985612,0.000000,0.014388,0.000000,0.985612,0.000000,0.000000
0.011099640,5,37,read_only,4096,1,0.000000,0.437500,0.000000,{"1":64},0.000000,0.000000,1.000000,0.000000,0.000000,0.000000,0.000000
0.011099640,5,37,union,4096,1,0.000000,0.437500,0.000000,{"1":64},0.000000,0.000000,1.000000,0.000000,0.000000,0.000000,0.000000
0.011099640,5,37,snapshot,4096,70,0.985714,0.991964,0.985714,{"1":4448},0.985714,0.000000,0.014286,0.000000,0.985714,0.000000,0.000000
0.011099640,5,37,read_only,16384,1,0.000000,0.437500,0.000000,{"1":64},0.000000,0.000000,1.000000,0.000000,0.000000,0.000000,0.000000
0.011099640,5,37,union,16384,1,0.000000,0.437500,0.000000,{"1":64},0.000000,0.000000,1.000000,0.000000,0.000000,0.000000,0.000000
0.011099640,5,37,snapshot,16384,21,0.571429,0.872024,0.571429,{"1":4448},0.571429,0.380952,0.047619,0.000000,0.571429,0.000000,0.000000
0.011412358,5,38,snapshot,64,4448,1.000000,1.000000,1.000000,{"1":4448},1.000000,0.000000,0.000000,0.000000,1.000000,0.000000,-1.000000
0.011412358,5,38,snapshot,256,1112,0.985612,0.993705,0.985612,{"1":4448},0.985612,0.007194,0.007194,0.000000,0.985612,0.000000,0.000000
0.011412358,5,38,snapshot,1024,278,0.985612,0.991906,0.985612,{"1":4448},0.985612,0.000000,0.014388,0.000000,0.985612,0.000000,0.000000
0.011412358,5,38,snapshot,4096,70,0.985714,0.991964,0.985714,{"1":4448},0.985714,0.000000,0.014286,0.000000,0.985714,0.000000,0.000000
0.011412358,5,38,snapshot,16384,21,0.571429,0.872024,0.571429,{"1":4448},0.571429,0.380952,0.047619,0.000000,0.571429,0.000000,0.000000
0.011676782,5,39,snapshot,64,4448,1.000000,1.000000,1.000000,{"1":4448},1.000000,0.000000,0.000000,0.000000,1.000000,0.000000,-1.000000
0.011676782,5,39,snapshot,256,1112,0.985612,0.993705,0.985612,{"1":4448},0.985612,0.007194,0.007194,0.000000,0.985612,0.000000,0.000000
0.011676782,5,39,snapshot,1024,278,0.985612,0.991906,0.985612,{"1":4448},0.985612,0.000000,0.014388,0.000000,0.985612,0.000000,0.000000
0.011676782,5,39,snapshot,4096,70,0.985714,0.991964,0.985714,{"1":4448},0.985714,0.000000,0.014286,0.000000,0.985714,0.000000,0.000000
0.011676782,5,39,snapshot,16384,21,0.571429,0.872024,0.571429,{"1":4448},0.571429,0.380952,0.047619,0.000000,0.571429,0.000000,0.000000
0.012208271,5,40,read_only,64,2,1.000000,1.000000,1.000000,{"1":2},1.000000,0.000000,0.000000,0.000000,1.000000,0.000000,-1.000000
0.012208271,5,40,union,64,2,1.000000,1.000000,1.000000,{"1":2},1.000000,0.000000,0.000000,0.000000,1.000000,0.000000,-1.000000
0.012208271,5,40,snapshot,64,4450,1.000000,1.000000,1.000000,{"1":4450},1.000000,0.000000,0.000000,0.000000,1.000000,0.000000,-1.000000
0.012208271,5,40,read_only,256,2,1.000000,1.000000,1.000000,{"1":2},1.000000,0.000000,0.000000,0.000000,1.000000,0.000000,-1.000000
0.012208271,5,40,union,256,2,1.000000,1.000000,1.000000,{"1":2},1.000000,0.000000,0.000000,0.000000,1.000000,0.000000,-1.000000
0.012208271,5,40,snapshot,256,1114,0.985637,0.993716,0.985637,{"1":4450},0.985637,0.007181,0.007181,0.000000,0.985637,0.000000,0.000000
0.012208271,5,40,read_only,1024,2,1.000000,1.000000,1.000000,{"1":2},1.000000,0.000000,0.000000,0.000000,1.000000,0.000000,-1.000000
0.012208271,5,40,union,1024,2,1.000000,1.000000,1.000000,{"1":2},1.000000,0.000000,0.000000,0.000000,1.000000,0.000000,-1.000000
0.012208271,5,40,snapshot,1024,280,0.985714,0.991964,0.985714,{"1":4450},0.985714,0.000000,0.014286,0.000000,0.985714,0.000000,0.000000
0.012208271,5,40,read_only,4096,2,1.000000,1.000000,1.000000,{"1":2},1.000000,0.000000,0.000000,0.000000,1.000000,0.000000,-1.000000
0.012208271,5,40,union,4096,2,1.000000,1.000000,1.000000,{"1":2},1.000000,0.000000,0.000000,0.000000,1.000000,0.000000,-1.000000
0.012208271,5,40,snapshot,4096,72,0.986111,0.992188,0.986111,{"1":4450},0.986111,0.000000,0.013889,0.000000,0.986111,0.000000,0.000000
0.012208271,5,40,read_only,16384,2,1.000000,1.000000,1.000000,{"1":2},1.000000,0.000000,0.000000,0.000000,1.000000,0.000000,-1.000000
0.012208271,5,40,union,16384,2,1.000000,1.000000,1.000000,{"1":2},1.000000,0.000000,0.000000,0.000000,1.000000,0.000000,-1.000000
0.012208271,5,40,snapshot,16384,23,0.608696,0.883152,0.608696,{"1":4450},0.608696,0.347826,0.043478,0.000000,0.608696,0.000000,0.000000
0.012441314,5,41,snapshot,64,4450,1.000000,1.000000,1.000000,{"1":4450},1.000000,0.000000,0.000000,0.000000,1.000000,0.000000,-1.000000
0.012441314,5,41,snapshot,256,1114,0.985637,0.993716,0.985637,{"1":4450},0.985637,0.007181,0.007181,0.000000,0.985637,0.000000,0.000000
0.012441314,5,41,snapshot,1024,280,0.985714,0.991964,0.985714,{"1":4450},0.985714,0.000000,0.014286,0.000000,0.985714,0.000000,0.000000
0.012441314,5,41,snapshot,4096,72,0.986111,0.992188,0.986111,{"1":4450},0.986111,0.000000,0.013889,0.000000,0.986111,0.000000,0.000000
0.012441314,5,41,snapshot,16384,23,0.608696,0.883152,0.608696,{"1":4450},0.608696,0.347826,0.043478,0.000000,0.608696,0.000000,0.000000
0.012676110,5,42,snapshot,64,4450,1.000000,1.000000,1.000000,{"1":4450},1.000000,0.000000,0.000000,0.000000,1.000000,0.000000,-1.000000
0.012676110,5,42,snapshot,256,1114,0.985637,0.993716,0.985637,{"1":4450},0.985637,0.007181,0.007181,0.000000,0.985637,0.000000,0.000000
0.012676110,5,42,snapshot,1024,280,0.985714,0.991964,0.985714,{"1":4450},0.985714,0.000000,0.014286,0.000000,0.985714,0.000000,0.000000
0.012676110,5,42,snapshot,4096,72,0.986111,0.992188,0.986111,{"1":4450},0.986111,0.000000,0.013889,0.000000,0.986111,0.000000,0.000000
0.012676110,5,42,snapshot,16384,23,0.608696,0.883152,0.608696,{"1":4450},0.608696,0.347826,0.043478,0.000000,0.608696,0.000000,0.000000
0.012973071,5,43,snapshot,64,4450,1.000000,1.000000,1.000000,{"1":4450},1.000000,0.000000,0.000000,0.000000,1.000000,0.000000,-1.000000
0.012973071,5,43,snapshot,256,1114,0.985637,0.993716,0.985637,{"1":4450},0.985637,0.007181,0.007181,0.000000,0.985637,0.000000,0.000000
0.012973071,5,43,snapshot,1024,280,0.985714,0.991964,0.985714,{"1":4450},0.985714,0.000000,0.014286,0.000000,0.985714,0.000000,0.000000
0.012973071,5,43,snapshot,4096,72,0.986111,0.992188,0.986111,{"1":4450},0.986111,0.000000,0.013889,0.000000,0.986111,0.000000,0.000000
0.012973071,5,43,snapshot,16384,23,0.608696,0.883152,0.608696,{"1":4450},0.608696,0.347826,0.043478,0.000000,0.608696,0.000000,0.000000
0.013217315,5,44,read_only,64,62,1.000000,1.000000,1.000000,{"1":62},1.000000,0.000000,0.000000,0.000000,1.000000,0.000000,-1.000000
0.013217315,5,44,union,64,62,1.000000,1.000000,1.000000,{"1":62},1.000000,0.000000,0.000000,0.000000,1.000000,0.000000,-1.000000
0.013217315,5,44,snapshot,64,4512,1.000000,1.000000,1.000000,{"1":4512},1.000000,0.000000,0.000000,0.000000,1.000000,0.000000,-1.000000
0.013217315,5,44,read_only,256,17,1.000000,1.000000,1.000000,{"1":62},1.000000,0.000000,0.000000,0.000000,1.000000,0.000000,-1.000000
0.013217315,5,44,union,256,17,1.000000,1.000000,1.000000,{"1":62},1.000000,0.000000,0.000000,0.000000,1.000000,0.000000,-1.000000
0.013217315,5,44,snapshot,256,1131,0.985853,0.993811,0.985853,{"1":4512},0.985853,0.007073,0.007073,0.000000,0.985853,0.000000,0.000000
0.013217315,5,44,read_only,1024,5,1.000000,1.000000,1.000000,{"1":62},1.000000,0.000000,0.000000,0.000000,1.000000,0.000000,-1.000000
0.013217315,5,44,union,1024,5,1.000000,1.000000,1.000000,{"1":62},1.000000,0.000000,0.000000,0.000000,1.000000,0.000000,-1.000000
0.013217315,5,44,snapshot,1024,285,0.985965,0.992105,0.985965,{"1":4512},0.985965,0.000000,0.014035,0.000000,0.985965,0.000000,0.000000
0.013217315,5,44,read_only,4096,2,1.000000,1.000000,1.000000,{"1":62},1.000000,0.000000,0.000000,0.000000,1.000000,0.000000,-1.000000
0.013217315,5,44,union,4096,2,1.000000,1.000000,1.000000,{"1":62},1.000000,0.000000,0.000000,0.000000,1.000000,0.000000,-1.000000
0.013217315,5,44,snapshot,4096,74,0.986486,0.992399,0.986486,{"1":4512},0.986486,0.000000,0.013514,0.000000,0.986486,0.000000,0.000000
0.013217315,5,44,read_only,16384,1,1.000000,1.000000,1.000000,{"1":62},1.000000,0.000000,0.000000,0.000000,1.000000,0.000000,-1.000000
0.013217315,5,44,union,16384,1,1.000000,1.000000,1.000000,{"1":62},1.000000,0.000000,0.000000,0.000000,1.000000,0.000000,-1.000000
0.013217315,5,44,snapshot,16384,24,0.625000,0.888021,0.625000,{"1":4512},0.625000,0.333333,0.041667,0.000000,0.625000,0.000000,0.000000
0.013467850,5,45,read_only,64,1576,1.000000,1.000000,1.000000,{"1":1576},1.000000,0.000000,0.000000,0.000000,1.000000,0.000000,-1.000000
0.013467850,5,45,union,64,1600,1.000000,1.000000,1.000000,{"1":1600},1.000000,0.000000,0.000000,0.000000,1.000000,0.000000,-1.000000
0.013467850,5,45,snapshot,64,6112,1.000000,1.000000,1.000000,{"1":6112},1.000000,0.000000,0.000000,0.000000,1.000000,0.000000,-1.000000
0.013467850,5,45,read_only,256,400,0.990000,0.997500,0.990000,{"1":1576},0.990000,0.010000,0.000000,0.000000,0.990000,0.000000,0.000000
0.013467850,5,45,union,256,400,0.990000,0.997500,0.990000,{"1":1600},0.990000,0.010000,0.000000,0.000000,0.990000,0.000000,0.000000
0.013467850,5,45,snapshot,256,1531,0.986937,0.994775,0.986937,{"1":6112},0.986937,0.007838,0.005225,0.000000,0.986937,0.000000,0.000000
0.013467850,5,45,read_only,1024,100,0.960000,0.993993,0.960000,{"1":1576},0.960000,0.040000,0.000000,0.000000,0.960000,0.000000,0.000000
0.013467850,5,45,union,1024,100,0.960000,0.995000,0.960000,{"1":1600},0.960000,0.040000,0.000000,0.000000,0.960000,0.000000,0.000000
0.013467850,5,45,snapshot,1024,385,0.979221,0.992857,0.979221,{"1":6112},0.979221,0.010390,0.010390,0.000000,0.979221,0.000000,0.000000
0.013467850,5,45,read_only,4096,25,0.920000,0.993659,0.920000,{"1":1576},0.920000,0.080000,0.000000,0.000000,0.920000,0.000000,0.000000
0.013467850,5,45,union,4096,25,0.920000,0.995000,0.920000,{"1":1600},0.920000,0.080000,0.000000,0.000000,0.920000,0.000000,0.000000
0.013467850,5,45,snapshot,4096,99,0.969697,0.993056,0.969697,{"1":6112},0.969697,0.020202,0.010101,0.000000,0.969697,0.000000,0.000000
0.013467850,5,45,read_only,16384,7,0.857143,0.995074,0.857143,{"1":1576},0.857143,0.142857,0.000000,0.000000,0.857143,0.000000,0.000000
0.013467850,5,45,union,16384,7,0.857143,0.995536,0.857143,{"1":1600},0.857143,0.142857,0.000000,0.000000,0.857143,0.000000,0.000000
0.013467850,5,45,snapshot,16384,31,0.677419,0.912298,0.677419,{"1":6112},0.677419,0.290323,0.032258,0.000000,0.677419,0.000000,0.000000
0.013736429,5,46,read_only,64,256,1.000000,1.000000,1.000000,{"1":256},1.000000,0.000000,0.000000,0.000000,1.000000,0.000000,-1.000000
0.013736429,5,46,union,64,256,1.000000,1.000000,1.000000,{"1":256},1.000000,0.000000,0.000000,0.000000,1.000000,0.000000,-1.000000
0.013736429,5,46,read_only,256,64,1.000000,1.000000,1.000000,{"1":256},1.000000,0.000000,0.000000,0.000000,1.000000,0.000000,-1.000000
0.013736429,5,46,union,256,64,1.000000,1.000000,1.000000,{"1":256},1.000000,0.000000,0.000000,0.000000,1.000000,0.000000,-1.000000
0.013736429,5,46,read_only,1024,16,1.000000,1.000000,1.000000,{"1":256},1.000000,0.000000,0.000000,0.000000,1.000000,0.000000,-1.000000
0.013736429,5,46,union,1024,16,1.000000,1.000000,1.000000,{"1":256},1.000000,0.000000,0.000000,0.000000,1.000000,0.000000,-1.000000
0.013736429,5,46,read_only,4096,4,1.000000,1.000000,1.000000,{"1":256},1.000000,0.000000,0.000000,0.000000,1.000000,0.000000,-1.000000
0.013736429,5,46,union,4096,4,1.000000,1.000000,1.000000,{"1":256},1.000000,0.000000,0.000000,0.000000,1.000000,0.000000,-1.000000
0.013736429,5,46,read_only,16384,2,0.000000,0.500000,0.000000,{"1":256},0.000000,1.000000,0.000000,0.000000,0.000000,0.000000,0.000000
0.013736429,5,46,union,16384,2,0.000000,0.500000,0.000000,{"1":256},0.000000,1.000000,0.000000,0.000000,0.000000,0.000000,0.000000
0.013972579,5,47,read_only,64,256,1.000000,1.000000,1.000000,{"1":256},1.000000,0.000000,0.000000,0.000000,1.000000,0.000000,-1.000000
0.013972579,5,47,union,64,256,1.000000,1.000000,1.000000,{"1":256},1.000000,0.000000,0.000000,0.000000,1.000000,0.000000,-1.000000
0.013972579,5,47,snapshot,64,256,1.000000,1.000000,1.000000,{"1":256},1.000000,0.000000,0.000000,0.000000,1.000000,0.000000,-1.000000
0.013972579,5,47,read_only,256,64,1.000000,1.000000,1.000000,{"1":256},1.000000,0.000000,0.000000,0.000000,1.000000,0.000000,-1.000000
0.013972579,5,47,union,256,64,1.000000,1.000000,1.000000,{"1":256},1.000000,0.000000,0.000000,0.000000,1.000000,0.000000,-1.000000
0.013972579,5,47,snapshot,256,64,1.000000,1.000000,1.000000,{"1":256},1.000000,0.000000,0.000000,0.000000,1.000000,0.000000,-1.000000
0.013972579,5,47,read_only,1024,16,1.000000,1.000000,1.000000,{"1":256},1.000000,0.000000,0.000000,0.000000,1.000000,0.000000,-1.000000
0.013972579,5,47,union,1024,16,1.000000,1.000000,1.000000,{"1":256},1.000000,0.000000,0.000000,0.000000,1.000000,0.000000,-1.000000
0.013972579,5,47,snapshot,1024,16,1.000000,1.000000,1.000000,{"1":256},1.000000,0.000000,0.000000,0.000000,1.000000,0.000000,-1.000000
0.013972579,5,47,read_only,4096,4,1.000000,1.000000,1.000000,{"1":256},1.000000,0.000000,0.000000,0.000000,1.000000,0.000000,-1.000000
0.013972579,5,47,union,4096,4,1.000000,1.000000,1.000000,{"1":256},1.000000,0.000000,0.000000,0.000000,1.000000,0.000000,-1.000000
0.013972579,5,47,snapshot,4096,4,1.000000,1.000000,1.000000,{"1":256},1.000000,0.000000,0.000000,0.000000,1.000000,0.000000,-1.000000
0.013972579,5,47,read_only,16384,2,0.000000,0.500000,0.000000,{"1":256},0.000000,1.000000,0.000000,0.000000,0.000000,0.000000,0.000000
0.013972579,5,47,union,16384,2,0.000000,0.500000,0.000000,{"1":256},0.000000,1.000000,0.000000,0.000000,0.000000,0.000000,0.000000
0.013972579,5,47,snapshot,16384,2,0.000000,0.500000,0.000000,{"1":256},0.000000,1.000000,0.000000,0.000000,0.000000,0.000000,0.000000
0.014327013,5,48,read_only,64,2127,1.000000,1.000000,1.000000,{"1":2127},1.000000,0.000000,0.000000,0.000000,1.000000,0.000000,-1.000000
0.014327013,5,48,union,64,2127,1.000000,1.000000,1.000000,{"1":2127},1.000000,0.000000,0.000000,0.000000,1.000000,0.000000,-1.000000
0.014327013,5,48,snapshot,64,2383,1.000000,1.000000,1.000000,{"1":2383},1.000000,0.000000,0.000000,0.000000,1.000000,0.000000,-1.000000
0.014327013,5,48,read_only,256,533,1.000000,1.000000,1.000000,{"1":2127},1.000000,0.000000,0.000000,0.000000,1.000000,0.000000,-1.000000
0.014327013,5,48,union,256,533,1.000000,1.000000,1.000000,{"1":2127},1.000000,0.000000,0.000000,0.000000,1.000000,0.000000,-1.000000
0.014327013,5,48,snapshot,256,597,1.000000,1.000000,1.000000,{"1":2383},1.000000,0.000000,0.000000,0.000000,1.000000,0.000000,-1.000000
0.014327013,5,48,read_only,1024,148,1.000000,1.000000,1.000000,{"1":2127},1.000000,0.000000,0.000000,0.000000,1.000000,0.000000,-1.000000
0.014327013,5,48,union,1024,148,1.000000,1.000000,1.000000,{"1":2127},1.000000,0.000000,0.000000,0.000000,1.000000,0.000000,-1.000000
0.014327013,5,48,snapshot,1024,164,1.000000,1.000000,1.000000,{"1":2383},1.000000,0.000000,0.000000,0.000000,1.000000,0.000000,-1.000000
0.014327013,5,48,read_only,4096,44,1.000000,1.000000,1.000000,{"1":2127},1.000000,0.000000,0.000000,0.000000,1.000000,0.000000,-1.000000
0.014327013,5,48,union,4096,44,1.000000,1.000000,1.000000,{"1":2127},1.000000,0.000000,0.000000,0.000000,1.000000,0.000000,-1.000000
0.014327013,5,48,snapshot,4096,48,1.000000,1.000000,1.000000,{"1":2383},1.000000,0.000000,0.000000,0.000000,1.000000,0.000000,-1.000000
0.014327013,5,48,read_only,16384,12,0.750000,0.895833,0.750000,{"1":2127},0.750000,0.250000,0.000000,0.000000,0.750000,0.000000,0.000000
0.014327013,5,48,union,16384,12,0.750000,0.895833,0.750000,{"1":2127},0.750000,0.250000,0.000000,0.000000,0.750000,0.000000,0.000000
0.014327013,5,48,snapshot,16384,14,0.642857,0.839286,0.642857,{"1":2383},0.642857,0.357143,0.000000,0.000000,0.642857,0.000000,0.000000
0.014574123,5,49,read_only,64,689,1.000000,1.000000,1.000000,{"1":689},1.000000,0.000000,0.000000,0.000000,1.000000,0.000000,-1.000000
0.014574123,5,49,union,64,689,1.000000,1.000000,1.000000,{"1":689},1.000000,0.000000,0.000000,0.000000,1.000000,0.000000,-1.000000
0.014574123,5,49,snapshot,64,3072,1.000000,1.000000,1.000000,{"1":3072},1.000000,0.000000,0.000000,0.000000,1.000000,0.000000,-1.000000
0.014574123,5,49,read_only,256,174,1.000000,1.000000,1.000000,{"1":689},1.000000,0.000000,0.000000,0.000000,1.000000,0.000000,-1.000000
0.014574123,5,49,union,256,174,1.000000,1.000000,1.000000,{"1":689},1.000000,0.000000,0.000000,0.000000,1.000000,0.000000,-1.000000
0.014574123,5,49,snapshot,256,768,1.000000,1.000000,1.000000,{"1":3072},1.000000,0.000000,0.000000,0.000000,1.000000,0.000000,-1.000000
0.014574123,5,49,read_only,1024,57,1.000000,1.000000,1.000000,{"1":689},1.000000,0.000000,0.000000,0.000000,1.000000,0.000000,-1.000000
0.014574123,5,49,union,1024,57,1.000000,1.000000,1.000000,{"1":689},1.000000,0.000000,0.000000,0.000000,1.000000,0.000000,-1.000000
0.014574123,5,49,snapshot,1024,192,1.000000,1.000000,1.000000,{"1":3072},1.000000,0.000000,0.000000,0.000000,1.000000,0.000000,-1.000000
0.014574123,5,49,read_only,4096,18,1.000000,1.000000,1.000000,{"1":689},1.000000,0.000000,0.000000,0.000000,1.000000,0.000000,-1.000000
0.014574123,5,49,union,4096,18,1.000000,1.000000,1.000000,{"1":689},1.000000,0.000000,0.000000,0.000000,1.000000,0.000000,-1.000000
0.014574123,5,49,snapshot,4096,48,1.000000,1.000000,1.000000,{"1":3072},1.000000,0.000000,0.000000,0.000000,1.000000,0.000000,-1.000000
0.014574123,5,49,read_only,16384,6,1.000000,1.000000,1.000000,{"1":689},1.000000,0.000000,0.000000,0.000000,1.000000,0.000000,-1.000000
0.014574123,5,49,union,16384,6,1.000000,1.000000,1.000000,{"1":689},1.000000,0.000000,0.000000,0.000000,1.000000,0.000000,-1.000000
0.014574123,5,49,snapshot,16384,14,0.642857,0.839286,0.642857,{"1":3072},0.642857,0.357143,0.000000,0.000000,0.642857,0.000000,0.000000
0.015023019,5,50,read_only,64,192,1.000000,1.000000,1.000000,{"1":192},1.000000,0.000000,0.000000,0.000000,1.000000,0.000000,-1.000000
0.015023019,5,50,union,64,192,1.000000,1.000000,1.000000,{"1":192},1.000000,0.000000,0.000000,0.000000,1.000000,0.000000,-1.000000
0.015023019,5,50,snapshot,64,3264,1.000000,1.000000,1.000000,{"1":3264},1.000000,0.000000,0.000000,0.000000,1.000000,0.000000,-1.000000
0.015023019,5,50,read_only,256,48,1.000000,1.000000,1.000000,{"1":192},1.000000,0.000000,0.000000,0.000000,1.000000,0.000000,-1.000000
0.015023019,5,50,union,256,48,1.000000,1.000000,1.000000,{"1":192},1.000000,0.000000,0.000000,0.000000,1.000000,0.000000,-1.000000
0.015023019,5,50,snapshot,256,816,1.000000,1.000000,1.000000,{"1":3264},1.000000,0.000000,0.000000,0.000000,1.000000,0.000000,-1.000000
0.015023019,5,50,read_only,1024,12,1.000000,1.000000,1.000000,{"1":192},1.000000,0.000000,0.000000,0.000000,1.000000,0.000000,-1.000000
0.015023019,5,50,union,1024,12,1.000000,1.000000,1.000000,{"1":192},1.000000,0.000000,0.000000,0.000000,1.000000,0.000000,-1.000000
0.015023019,5,50,snapshot,1024,204,1.000000,1.000000,1.000000,{"1":3264},1.000000,0.000000,0.000000,0.000000,1.000000,0.000000,-1.000000
0.015023019,5,50,read_only,4096,3,1.000000,1.000000,1.000000,{"1":192},1.000000,0.000000,0.000000,0.000000,1.000000,0.000000,-1.000000
0.015023019,5,50,union,4096,3,1.000000,1.000000,1.000000,{"1":192},1.000000,0.000000,0.000000,0.000000,1.000000,0.000000,-1.000000
0.015023019,5,50,snapshot,4096,51,1.000000,1.000000,1.000000,{"1":3264},1.000000,0.000000,0.000000,0.000000,1.000000,0.000000,-1.000000
0.015023019,5,50,read_only,16384,2,1.000000,1.000000,1.000000,{"1":192},1.000000,0.000000,0.000000,0.000000,1.000000,0.000000,-1.000000
0.015023019,5,50,union,16384,2,1.000000,1.000000,1.000000,{"1":192},1.000000,0.000000,0.000000,0.000000,1.000000,0.000000,-1.000000
0.015023019,5,50,snapshot,16384,15,0.666667,0.850000,0.666667,{"1":3264},0.666667,0.333333,0.000000,0.000000,0.666667,0.000000,0.000000
0.015288584,5,51,snapshot,64,3264,1.000000,1.000000,1.000000,{"1":3264},1.000000,0.000000,0.000000,0.000000,1.000000,0.000000,-1.000000
0.015288584,5,51,snapshot,256,816,1.000000,1.000000,1.000000,{"1":3264},1.000000,0.000000,0.000000,0.000000,1.000000,0.000000,-1.000000
0.015288584,5,51,snapshot,1024,204,1.000000,1.000000,1.000000,{"1":3264},1.000000,0.000000,0.000000,0.000000,1.000000,0.000000,-1.000000
0.015288584,5,51,snapshot,4096,51,1.000000,1.000000,1.000000,{"1":3264},1.000000,0.000000,0.000000,0.000000,1.000000,0.000000,-1.000000
0.015288584,5,51,snapshot,16384,15,0.666667,0.850000,0.666667,{"1":3264},0.666667,0.333333,0.000000,0.000000,0.666667,0.000000,0.000000
0.015949882,5,52,read_only,64,65,1.000000,1.000000,1.000000,{"1":65},1.000000,0.000000,0.000000,0.000000,1.000000,0.000000,-1.000000
0.015949882,5,52,union,64,65,1.000000,1.000000,1.000000,{"1":65},1.000000,0.000000,0.000000,0.000000,1.000000,0.000000,-1.000000
0.015949882,5,52,snapshot,64,3329,1.000000,1.000000,1.000000,{"1":3329},1.000000,0.000000,0.000000,0.000000,1.000000,0.000000,-1.000000
0.015949882,5,52,read_only,256,17,1.000000,1.000000,1.000000,{"1":65},1.000000,0.000000,0.000000,0.000000,1.000000,0.000000,-1.000000
0.015949882,5,52,union,256,17,1.000000,1.000000,1.000000,{"1":65},1.000000,0.000000,0.000000,0.000000,1.000000,0.000000,-1.000000
0.015949882,5,52,snapshot,256,833,1.000000,1.000000,1.000000,{"1":3329},1.000000,0.000000,0.000000,0.000000,1.000000,0.000000,-1.000000
0.015949882,5,52,read_only,1024,5,1.000000,1.000000,1.000000,{"1":65},1.000000,0.000000,0.000000,0.000000,1.000000,0.000000,-1.000000
0.015949882,5,52,union,1024,5,1.000000,1.000000,1.000000,{"1":65},1.000000,0.000000,0.000000,0.000000,1.000000,0.000000,-1.000000
0.015949882,5,52,snapshot,1024,209,1.000000,1.000000,1.000000,{"1":3329},1.000000,0.000000,0.000000,0.000000,1.000000,0.000000,-1.000000
0.015949882,5,52,read_only,4096,2,1.000000,1.000000,1.000000,{"1":65},1.000000,0.000000,0.000000,0.000000,1.000000,0.000000,-1.000000
0.015949882,5,52,union,4096,2,1.000000,1.000000,1.000000,{"1":65},1.000000,0.000000,0.000000,0.000000,1.000000,0.000000,-1.000000
0.015949882,5,52,snapshot,4096,53,1.000000,1.000000,1.000000,{"1":3329},1.000000,0.000000,0.000000,0.000000,1.000000,0.000000,-1.000000
0.015949882,5,52,read_only,16384,2,1.000000,1.000000,1.000000,{"1":65},1.000000,0.000000,0.000000,0.000000,1.000000,0.000000,-1.000000
0.015949882,5,52,union,16384,2,1.000000,1.000000,1.000000,{"1":65},1.000000,0.000000,0.000000,0.000000,1.000000,0.000000,-1.000000
0.015949882,5,52,snapshot,16384,16,0.687500,0.848958,0.687500,{"1":3329},0.687500,0.250000,0.062500,0.000000,0.687500,0.000000,0.000000
0.016182111,5,53,snapshot,64,3329,1.000000,1.000000,1.000000,{"1":3329},1.000000,0.000000,0.000000,0.000000,1.000000,0.000000,-1.000000
0.016182111,5,53,snapshot,256,833,1.000000,1.000000,1.000000,{"1":3329},1.000000,0.000000,0.000000,0.000000,1.000000,0.000000,-1.000000
0.016182111,5,53,snapshot,1024,209,1.000000,1.000000,1.000000,{"1":3329},1.000000,0.000000,0.000000,0.000000,1.000000,0.000000,-1.000000
0.016182111,5,53,snapshot,4096,53,1.000000,1.000000,1.000000,{"1":3329},1.000000,0.000000,0.000000,0.000000,1.000000,0.000000,-1.000000
0.016182111,5,53,snapshot,16384,16,0.687500,0.848958,0.687500,{"1":3329},0.687500,0.250000,0.062500,0.000000,0.687500,0.000000,0.000000
0.016420167,5,54,read_only,64,128,1.000000,1.000000,1.000000,{"1":128},1.000000,0.000000,0.000000,0.000000,1.000000,0.000000,-1.000000
0.016420167,5,54,union,64,128,1.000000,1.000000,1.000000,{"1":128},1.000000,0.000000,0.000000,0.000000,1.000000,0.000000,-1.000000
0.016420167,5,54,snapshot,64,3457,1.000000,1.000000,1.000000,{"1":3457},1.000000,0.000000,0.000000,0.000000,1.000000,0.000000,-1.000000
0.016420167,5,54,read_only,256,32,1.000000,1.000000,1.000000,{"1":128},1.000000,0.000000,0.000000,0.000000,1.000000,0.000000,-1.000000
0.016420167,5,54,union,256,32,1.000000,1.000000,1.000000,{"1":128},1.000000,0.000000,0.000000,0.000000,1.000000,0.000000,-1.000000
0.016420167,5,54,snapshot,256,865,1.000000,1.000000,1.000000,{"1":3457},1.000000,0.000000,0.000000,0.000000,1.000000,0.000000,-1.000000
0.016420167,5,54,read_only,1024,8,1.000000,1.000000,1.000000,{"1":128},1.000000,0.000000,0.000000,0.000000,1.000000,0.000000,-1.000000
0.016420167,5,54,union,1024,8,1.000000,1.000000,1.000000,{"1":128},1.000000,0.000000,0.000000,0.000000,1.000000,0.000000,-1.000000
0.016420167,5,54,snapshot,1024,217,1.000000,1.000000,1.000000,{"1":3457},1.000000,0.000000,0.000000,0.000000,1.000000,0.000000,-1.000000
0.016420167,5,54,read_only,4096,2,1.000000,1.000000,1.000000,{"1":128},1.000000,0.000000,0.000000,0.000000,1.000000,0.000000,-1.000000
0.016420167,5,54,union,4096,2,1.000000,1.000000,1.000000,{"1":128},1.000000,0.000000,0.000000,0.000000,1.000000,0.000000,-1.000000
0.016420167,5,54,snapshot,4096,55,1.000000,1.000000,1.000000,{"1":3457},1.000000,0.000000,0.000000,0.000000,1.000000,0.000000,-1.000000
0.016420167,5,54,read_only,16384,2,1.000000,1.000000,1.000000,{"1":128},1.000000,0.000000,0.000000,0.000000,1.000000,0.000000,-1.000000
0.016420167,5,54,union,16384,2,1.000000,1.000000,1.000000,{"1":128},1.000000,0.000000,0.000000,0.000000,1.000000,0.000000,-1.000000
0.016420167,5,54,snapshot,16384,18,0.722222,0.865741,0.722222,{"1":3457},0.722222,0.222222,0.055556,0.000000,0.722222,0.000000,0.000000
0.016716905,5,55,snapshot,64,3457,1.000000,1.000000,1.000000,{"1":3457},1.000000,0.000000,0.000000,0.000000,1.000000,0.000000,-1.000000
0.016716905,5,55,snapshot,256,865,1.000000,1.000000,1.000000,{"1":3457},1.000000,0.000000,0.000000,0.000000,1.000000,0.000000,-1.000000
0.016716905,5,55,snapshot,1024,217,1.000000,1.000000,1.000000,{"1":3457},1.000000,0.000000,0.000000,0.000000,1.000000,0.000000,-1.000000
0.016716905,5,55,snapshot,4096,55,1.000000,1.000000,1.000000,{"1":3457},1.000000,0.000000,0.000000,0.000000,1.000000,0.000000,-1.000000
0.016716905,5,55,snapshot,16384,18,0.722222,0.865741,0.722222,{"1":3457},0.722222,0.222222,0.055556,0.000000,0.722222,0.000000,0.000000
0.016984313,5,56,read_only,64,581,1.000000,1.000000,1.000000,{"1":581},1.000000,0.000000,0.000000,0.000000,1.000000,0.000000,-1.000000
0.016984313,5,56,union,64,581,1.000000,1.000000,1.000000,{"1":581},1.000000,0.000000,0.000000,0.000000,1.000000,0.000000,-1.000000
0.016984313,5,56,snapshot,64,4038,1.000000,1.000000,1.000000,{"1":4038},1.000000,0.000000,0.000000,0.000000,1.000000,0.000000,-1.000000
0.016984313,5,56,read_only,256,147,1.000000,1.000000,1.000000,{"1":581},1.000000,0.000000,0.000000,0.000000,1.000000,0.000000,-1.000000
0.016984313,5,56,union,256,147,1.000000,1.000000,1.000000,{"1":581},1.000000,0.000000,0.000000,0.000000,1.000000,0.000000,-1.000000
0.016984313,5,56,snapshot,256,1012,1.000000,1.000000,1.000000,{"1":4038},1.000000,0.000000,0.000000,0.000000,1.000000,0.000000,-1.000000
0.016984313,5,56,read_only,1024,39,1.000000,1.000000,1.000000,{"1":581},1.000000,0.000000,0.000000,0.000000,1.000000,0.000000,-1.000000
0.016984313,5,56,union,1024,39,1.000000,1.000000,1.000000,{"1":581},1.000000,0.000000,0.000000,0.000000,1.000000,0.000000,-1.000000
0.016984313,5,56,snapshot,1024,256,1.000000,1.000000,1.000000,{"1":4038},1.000000,0.000000,0.000000,0.000000,1.000000,0.000000,-1.000000
0.016984313,5,56,read_only,4096,11,1.000000,1.000000,1.000000,{"1":581},1.000000,0.000000,0.000000,0.000000,1.000000,0.000000,-1.000000
0.016984313,5,56,union,4096,11,1.000000,1.000000,1.000000,{"1":581},1.000000,0.000000,0.000000,0.000000,1.000000,0.000000,-1.000000
0.016984313,5,56,snapshot,4096,66,1.000000,1.000000,1.000000,{"1":4038},1.000000,0.000000,0.000000,0.000000,1.000000,0.000000,-1.000000
0.016984313,5,56,read_only,16384,4,0.250000,0.683691,0.250000,{"1":581},0.250000,0.500000,0.250000,0.000000,0.250000,0.000000,0.000000
0.016984313,5,56,union,16384,4,0.250000,0.683691,0.250000,{"1":581},0.250000,0.500000,0.250000,0.000000,0.250000,0.000000,0.000000
0.016984313,5,56,snapshot,16384,22,0.636364,0.832641,0.636364,{"1":4038},0.636364,0.272727,0.090909,0.000000,0.636364,0.000000,0.000000
0.017293155,5,57,read_only,64,3136,1.000000,1.000000,1.000000,{"1":3136},1.000000,0.000000,0.000000,0.000000,1.000000,0.000000,-1.000000
0.017293155,5,57,union,64,3136,1.000000,1.000000,1.000000,{"1":3136},1.000000,0.000000,0.000000,0.000000,1.000000,0.000000,-1.000000
0.017293155,5,57,snapshot,64,7173,1.000000,1.000000,1.000000,{"1":7173},1.000000,0.000000,0.000000,0.000000,1.000000,0.000000,-1.000000
0.017293155,5,57,read_only,256,784,0.994898,0.998724,0.994898,{"1":3136},0.994898,0.005102,0.000000,0.000000,0.994898,0.000000,0.000000
0.017293155,5,57,union,256,784,0.994898,0.998724,0.994898,{"1":3136},0.994898,0.005102,0.000000,0.000000,0.994898,0.000000,0.000000
0.017293155,5,57,snapshot,256,1796,0.997773,0.999443,0.997773,{"1":7173},0.997773,0.002227,0.000000,0.000000,0.997773,0.000000,0.000000
0.017293155,5,57,read_only,1024,196,0.979592,0.997449,0.979592,{"1":3136},0.979592,0.020408,0.000000,0.000000,0.979592,0.000000,0.000000
0.017293155,5,57,union,1024,196,0.979592,0.997449,0.979592,{"1":3136},0.979592,0.020408,0.000000,0.000000,0.979592,0.000000,0.000000
0.017293155,5,57,snapshot,1024,452,0.991150,0.998894,0.991150,{"1":7173},0.991150,0.008850,0.000000,0.000000,0.991150,0.000000,0.000000
0.017293155,5,57,read_only,4096,49,0.959184,0.997449,0.959184,{"1":3136},0.959184,0.040816,0.000000,0.000000,0.959184,0.000000,0.000000
0.017293155,5,57,union,4096,49,0.959184,0.997449,0.959184,{"1":3136},0.959184,0.040816,0.000000,0.000000,0.959184,0.000000,0.000000
0.017293155,5,57,snapshot,4096,115,0.982609,0.998913,0.982609,{"1":7173},0.982609,0.017391,0.000000,0.000000,0.982609,0.000000,0.000000
0.017293155,5,57,read_only,16384,14,0.714286,0.948103,0.714286,{"1":3136},0.714286,0.285714,0.000000,0.000000,0.714286,0.000000,0.000000
0.017293155,5,57,union,16384,14,0.714286,0.948103,0.714286,{"1":3136},0.714286,0.285714,0.000000,0.000000,0.714286,0.000000,0.000000
0.017293155,5,57,snapshot,16384,35,0.657143,0.881243,0.657143,{"1":7173},0.657143,0.285714,0.057143,0.000000,0.657143,0.000000,0.000000
0.017798087,5,59,read_only,64,236,1.000000,1.000000,1.000000,{"1":236},1.000000,0.000000,0.000000,0.000000,1.000000,0.000000,-1.000000
0.017798087,5,59,union,64,236,1.000000,1.000000,1.000000,{"1":236},1.000000,0.000000,0.000000,0.000000,1.000000,0.000000,-1.000000
0.017798087,5,59,snapshot,64,236,1.000000,1.000000,1.000000,{"1":236},1.000000,0.000000,0.000000,0.000000,1.000000,0.000000,-1.000000
0.017798087,5,59,read_only,256,61,1.000000,1.000000,1.000000,{"1":236},1.000000,0.000000,0.000000,0.000000,1.000000,0.000000,-1.000000
0.017798087,5,59,union,256,61,1.000000,1.000000,1.000000,{"1":236},1.000000,0.000000,0.000000,0.000000,1.000000,0.000000,-1.000000
0.017798087,5,59,snapshot,256,61,1.000000,1.000000,1.000000,{"1":236},1.000000,0.000000,0.000000,0.000000,1.000000,0.000000,-1.000000
0.017798087,5,59,read_only,1024,16,1.000000,1.000000,1.000000,{"1":236},1.000000,0.000000,0.000000,0.000000,1.000000,0.000000,-1.000000
0.017798087,5,59,union,1024,16,1.000000,1.000000,1.000000,{"1":236},1.000000,0.000000,0.000000,0.000000,1.000000,0.000000,-1.000000
0.017798087,5,59,snapshot,1024,16,1.000000,1.000000,1.000000,{"1":236},1.000000,0.000000,0.000000,0.000000,1.000000,0.000000,-1.000000
0.017798087,5,59,read_only,4096,5,1.000000,1.000000,1.000000,{"1":236},1.000000,0.000000,0.000000,0.000000,1.000000,0.000000,-1.000000
0.017798087,5,59,union,4096,5,1.000000,1.000000,1.000000,{"1":236},1.000000,0.000000,0.000000,0.000000,1.000000,0.000000,-1.000000
0.017798087,5,59,snapshot,4096,5,1.000000,1.000000,1.000000,{"1":236},1.000000,0.000000,0.000000,0.000000,1.000000,0.000000,-1.000000
0.017798087,5,59,read_only,16384,3,1.000000,1.000000,1.000000,{"1":236},1.000000,0.000000,0.000000,0.000000,1.000000,0.000000,-1.000000
0.017798087,5,59,union,16384,3,1.000000,1.000000,1.000000,{"1":236},1.000000,0.000000,0.000000,0.000000,1.000000,0.000000,-1.000000
0.017798087,5,59,snapshot,16384,3,1.000000,1.000000,1.000000,{"1":236},1.000000,0.000000,0.000000,0.000000,1.000000,0.000000,-1.000000
0.018280866,5,60,read_only,64,3732,1.000000,1.000000,1.000000,{"1":3732},1.000000,0.000000,0.000000,0.000000,1.000000,0.000000,-1.000000
0.018280866,5,60,union,64,3732,1.000000,1.000000,1.000000,{"1":3732},1.000000,0.000000,0.000000,0.000000,1.000000,0.000000,-1.000000
0.018280866,5,60,snapshot,64,3968,1.000000,1.000000,1.000000,{"1":3968},1.000000,0.000000,0.000000,0.000000,1.000000,0.000000,-1.000000
0.018280866,5,60,read_only,256,935,1.000000,1.000000,1.000000,{"1":3732},1.000000,0.000000,0.000000,0.000000,1.000000,0.000000,-1.000000
0.018280866,5,60,union,256,935,1.000000,1.000000,1.000000,{"1":3732},1.000000,0.000000,0.000000,0.000000,1.000000,0.000000,-1.000000
0.018280866,5,60,snapshot,256,992,1.000000,1.000000,1.000000,{"1":3968},1.000000,0.000000,0.000000,0.000000,1.000000,0.000000,-1.000000
0.018280866,5,60,read_only,1024,234,1.000000,1.000000,1.000000,{"1":3732},1.000000,0.000000,0.000000,0.000000,1.000000,0.000000,-1.000000
0.018280866,5,60,union,1024,234,1.000000,1.000000,1.000000,{"1":3732},1.000000,0.000000,0.000000,0.000000,1.000000,0.000000,-1.000000
0.018280866,5,60,snapshot,1024,248,1.000000,1.000000,1.000000,{"1":3968},1.000000,0.000000,0.000000,0.000000,1.000000,0.000000,-1.000000
0.018280866,5,60,read_only,4096,59,1.000000,1.000000,1.000000,{"1":3732},1.000000,0.000000,0.000000,0.000000,1.000000,0.000000,-1.000000
0.018280866,5,60,union,4096,59,1.000000,1.000000,1.000000,{"1":3732},1.000000,0.000000,0.000000,0.000000,1.000000,0.000000,-1.000000
0.018280866,5,60,snapshot,4096,62,1.000000,1.000000,1.000000,{"1":3968},1.000000,0.000000,0.000000,0.000000,1.000000,0.000000,-1.000000
0.018280866,5,60,read_only,16384,17,0.647059,0.888235,0.647059,{"1":3732},0.647059,0.352941,0.000000,0.000000,0.647059,0.000000,0.000000
0.018280866,5,60,union,16384,17,0.647059,0.888235,0.647059,{"1":3732},0.647059,0.352941,0.000000,0.000000,0.647059,0.000000,0.000000
0.018280866,5,60,snapshot,16384,18,0.666667,0.902778,0.666667,{"1":3968},0.666667,0.333333,0.000000,0.000000,0.666667,0.000000,0.000000
0.018510185,5,61,snapshot,64,3968,1.000000,1.000000,1.000000,{"1":3968},1.000000,0.000000,0.000000,0.000000,1.000000,0.000000,-1.000000
0.018510185,5,61,snapshot,256,992,1.000000,1.000000,1.000000,{"1":3968},1.000000,0.000000,0.000000,0.000000,1.000000,0.000000,-1.000000
0.018510185,5,61,snapshot,1024,248,1.000000,1.000000,1.000000,{"1":3968},1.000000,0.000000,0.000000,0.000000,1.000000,0.000000,-1.000000
0.018510185,5,61,snapshot,4096,62,1.000000,1.000000,1.000000,{"1":3968},1.000000,0.000000,0.000000,0.000000,1.000000,0.000000,-1.000000
0.018510185,5,61,snapshot,16384,18,0.666667,0.902778,0.666667,{"1":3968},0.666667,0.333333,0.000000,0.000000,0.666667,0.000000,0.000000
0.018975735,5,62,read_only,64,1014,1.000000,1.000000,1.000000,{"1":1014},1.000000,0.000000,0.000000,0.000000,1.000000,0.000000,-1.000000
0.018975735,5,62,union,64,1014,1.000000,1.000000,1.000000,{"1":1014},1.000000,0.000000,0.000000,0.000000,1.000000,0.000000,-1.000000
0.018975735,5,62,snapshot,64,4984,1.000000,1.000000,1.000000,{"0":2,"1":4982},0.999599,0.000000,0.000000,0.000000,0.999599,0.000000,-1.000000
0.018975735,5,62,read_only,256,256,0.953125,0.983398,0.953125,{"1":1014},0.953125,0.046875,0.000000,0.000000,0.953125,0.000000,0.000000
0.018975735,5,62,union,256,256,0.953125,0.983398,0.953125,{"1":1014},0.953125,0.046875,0.000000,0.000000,0.953125,0.000000,0.000000
0.018975735,5,62,snapshot,256,1248,0.989583,0.996194,0.989583,{"0":2,"1":4982},0.990385,0.009615,0.000000,0.000000,0.989583,0.000000,0.000000
0.018975735,5,62,read_only,1024,66,0.939394,0.980114,0.939394,{"1":1014},0.939394,0.060606,0.000000,0.000000,0.939394,0.000000,0.000000
0.018975735,5,62,union,1024,66,0.939394,0.980114,0.939394,{"1":1014},0.939394,0.060606,0.000000,0.000000,0.939394,0.000000,0.000000
0.018975735,5,62,snapshot,1024,314,0.984076,0.995289,0.984076,{"0":2,"1":4982},0.987261,0.012739,0.000000,0.000000,0.984076,0.000000,0.000000
0.018975735,5,62,read_only,4096,17,0.941176,0.980699,0.941176,{"1":1014},0.941176,0.058824,0.000000,0.000000,0.941176,0.000000,0.000000
0.018975735,5,62,union,4096,17,0.941176,0.980699,0.941176,{"1":1014},0.941176,0.058824,0.000000,0.000000,0.941176,0.000000,0.000000
0.018975735,5,62,snapshot,4096,79,0.974684,0.994792,0.974684,{"0":2,"1":4982},0.987342,0.012658,0.000000,0.000000,0.974684,0.000000,0.000000
0.018975735,5,62,read_only,16384,8,0.875000,0.972005,0.875000,{"1":1014},0.875000,0.125000,0.000000,0.000000,0.875000,0.000000,0.000000
0.018975735,5,62,union,16384,8,0.875000,0.972005,0.875000,{"1":1014},0.875000,0.125000,0.000000,0.000000,0.875000,0.000000,0.000000
0.018975735,5,62,snapshot,16384,24,0.583333,0.874597,0.583333,{"0":2,"1":4982},0.625000,0.375000,0.000000,0.000000,0.583333,0.000000,0.000000
0.019237923,5,63,read_only,64,906,1.000000,1.000000,1.000000,{"1":906},1.000000,0.000000,0.000000,0.000000,1.000000,0.000000,-1.000000
0.019237923,5,63,union,64,906,1.000000,1.000000,1.000000,{"1":906},1.000000,0.000000,0.000000,0.000000,1.000000,0.000000,-1.000000
0.019237923,5,63,snapshot,64,5888,1.000000,1.000000,1.000000,{"1":5888},1.000000,0.000000,0.000000,0.000000,1.000000,0.000000,-1.000000
0.019237923,5,63,read_only,256,229,1.000000,1.000000,1.000000,{"1":906},1.000000,0.000000,0.000000,0.000000,1.000000,0.000000,-1.000000
0.019237923,5,63,union,256,229,1.000000,1.000000,1.000000,{"1":906},1.000000,0.000000,0.000000,0.000000,1.000000,0.000000,-1.000000
0.019237923,5,63,snapshot,256,1472,0.991848,0.997113,0.991848,{"1":5888},0.991848,0.008152,0.000000,0.000000,0.991848,0.000000,0.000000
0.019237923,5,63,read_only,1024,59,1.000000,1.000000,1.000000,{"1":906},1.000000,0.000000,0.000000,0.000000,1.000000,0.000000,-1.000000
0.019237923,5,63,union,1024,59,1.000000,1.000000,1.000000,{"1":906},1.000000,0.000000,0.000000,0.000000,1.000000,0.000000,-1.000000
0.019237923,5,63,snapshot,1024,368,0.989130,0.996433,0.989130,{"1":5888},0.989130,0.010870,0.000000,0.000000,0.989130,0.000000,0.000000
0.019237923,5,63,read_only,4096,15,1.000000,1.000000,1.000000,{"1":906},1.000000,0.000000,0.000000,0.000000,1.000000,0.000000,-1.000000
0.019237923,5,63,union,4096,15,1.000000,1.000000,1.000000,{"1":906},1.000000,0.000000,0.000000,0.000000,1.000000,0.000000,-1.000000
0.019237923,5,63,snapshot,4096,92,0.989130,0.996433,0.989130,{"1":5888},0.989130,0.010870,0.000000,0.000000,0.989130,0.000000,0.000000
0.019237923,5,63,read_only,16384,5,0.800000,0.936634,0.800000,{"1":906},0.800000,0.200000,0.000000,0.000000,0.800000,0.000000,0.000000
0.019237923,5,63,union,16384,5,0.800000,0.936634,0.800000,{"1":906},0.800000,0.200000,0.000000,0.000000,0.800000,0.000000,0.000000
0.019237923,5,63,snapshot,16384,26,0.576923,0.866386,0.576923,{"1":5888},0.576923,0.423077,0.000000,0.000000,0.576923,0.000000,0.000000
0.019925554,5,64,read_only,64,1,1.000000,1.000000,1.000000,{"1":1},1.000000,0.000000,0.000000,0.000000,1.000000,0.000000,-1.000000
0.019925554,5,64,union,64,1,1.000000,1.000000,1.000000,{"1":1},1.000000,0.000000,0.000000,0.000000,1.000000,0.000000,-1.000000
0.019925554,5,64,snapshot,64,5889,1.000000,1.000000,1.000000,{"1":5889},1.000000,0.000000,0.000000,0.000000,1.000000,0.000000,-1.000000
0.019925554,5,64,read_only,256,1,1.000000,1.000000,1.000000,{"1":1},1.000000,0.000000,0.000000,0.000000,1.000000,0.000000,-1.000000
0.019925554,5,64,union,256,1,1.000000,1.000000,1.000000,{"1":1},1.000000,0.000000,0.000000,0.000000,1.000000,0.000000,-1.000000
0.019925554,5,64,snapshot,256,1473,0.991853,0.997115,0.991853,{"1":5889},0.991853,0.008147,0.000000,0.000000,0.991853,0.000000,0.000000
0.019925554,5,64,read_only,1024,1,1.000000,1.000000,1.000000,{"1":1},1.000000,0.000000,0.000000,0.000000,1.000000,0.000000,-1.000000
0.019925554,5,64,union,1024,1,1.000000,1.000000,1.000000,{"1":1},1.000000,0.000000,0.000000,0.000000,1.000000,0.000000,-1.000000
0.019925554,5,64,snapshot,1024,369,0.989160,0.996443,0.989160,{"1":5889},0.989160,0.010840,0.000000,0.000000,0.989160,0.000000,0.000000
0.019925554,5,64,read_only,4096,1,1.000000,1.000000,1.000000,{"1":1},1.000000,0.000000,0.000000,0.000000,1.000000,0.000000,-1.000000
0.019925554,5,64,union,4096,1,1.000000,1.000000,1.000000,{"1":1},1.000000,0.000000,0.000000,0.000000,1.000000,0.000000,-1.000000
0.019925554,5,64,snapshot,4096,93,0.989247,0.996472,0.989247,{"1":5889},0.989247,0.010753,0.000000,0.000000,0.989247,0.000000,0.000000
0.019925554,5,64,read_only,16384,1,1.000000,1.000000,1.000000,{"1":1},1.000000,0.000000,0.000000,0.000000,1.000000,0.000000,-1.000000
0.019925554,5,64,union,16384,1,1.000000,1.000000,1.000000,{"1":1},1.000000,0.000000,0.000000,0.000000,1.000000,0.000000,-1.000000
0.019925554,5,64,snapshot,16384,27,0.592593,0.871335,0.592593,{"1":5889},0.592593,0.407407,0.000000,0.000000,0.592593,0.000000,0.000000
0.020170579,5,65,read_only,64,1403,1.000000,1.000000,1.000000,{"1":1403},1.000000,0.000000,0.000000,0.000000,1.000000,0.000000,-1.000000
0.020170579,5,65,union,64,1403,1.000000,1.000000,1.000000,{"1":1403},1.000000,0.000000,0.000000,0.000000,1.000000,0.000000,-1.000000
0.020170579,5,65,snapshot,64,7285,1.000000,1.000000,1.000000,{"1":7285},1.000000,0.000000,0.000000,0.000000,1.000000,0.000000,-1.000000
0.020170579,5,65,read_only,256,351,1.000000,1.000000,1.000000,{"1":1403},1.000000,0.000000,0.000000,0.000000,1.000000,0.000000,-1.000000
0.020170579,5,65,union,256,351,1.000000,1.000000,1.000000,{"1":1403},1.000000,0.000000,0.000000,0.000000,1.000000,0.000000,-1.000000
0.020170579,5,65,snapshot,256,1823,0.993417,0.997669,0.993417,{"1":7285},0.993417,0.006583,0.000000,0.000000,0.993417,0.000000,0.000000
0.020170579,5,65,read_only,1024,90,1.000000,1.000000,1.000000,{"1":1403},1.000000,0.000000,0.000000,0.000000,1.000000,0.000000,-1.000000
0.020170579,5,65,union,1024,90,1.000000,1.000000,1.000000,{"1":1403},1.000000,0.000000,0.000000,0.000000,1.000000,0.000000,-1.000000
0.020170579,5,65,snapshot,1024,459,0.991285,0.997141,0.991285,{"1":7285},0.991285,0.008715,0.000000,0.000000,0.991285,0.000000,0.000000
0.020170579,5,65,read_only,4096,24,1.000000,1.000000,1.000000,{"1":1403},1.000000,0.000000,0.000000,0.000000,1.000000,0.000000,-1.000000
0.020170579,5,65,union,4096,24,1.000000,1.000000,1.000000,{"1":1403},1.000000,0.000000,0.000000,0.000000,1.000000,0.000000,-1.000000
0.020170579,5,65,snapshot,4096,117,0.991453,0.997196,0.991453,{"1":7285},0.991453,0.008547,0.000000,0.000000,0.991453,0.000000,0.000000
0.020170579,5,65,read_only,16384,8,0.750000,0.889648,0.750000,{"1":1403},0.750000,0.250000,0.000000,0.000000,0.750000,0.000000,0.000000
0.020170579,5,65,union,16384,8,0.750000,0.889648,0.750000,{"1":1403},0.750000,0.250000,0.000000,0.000000,0.750000,0.000000,0.000000
0.020170579,5,65,snapshot,16384,34,0.588235,0.869373,0.588235,{"1":7285},0.588235,0.411765,0.000000,0.000000,0.588235,0.000000,0.000000
0.020403341,5,66,read_only,64,140,1.000000,1.000000,1.000000,{"1":140},1.000000,0.000000,0.000000,0.000000,1.000000,0.000000,-1.000000
0.020403341,5,66,union,64,140,1.000000,1.000000,1.000000,{"1":140},1.000000,0.000000,0.000000,0.000000,1.000000,0.000000,-1.000000
0.020403341,5,66,snapshot,64,7425,1.000000,1.000000,1.000000,{"1":7425},1.000000,0.000000,0.000000,0.000000,1.000000,0.000000,-1.000000
0.020403341,5,66,read_only,256,35,1.000000,1.000000,1.000000,{"1":140},1.000000,0.000000,0.000000,0.000000,1.000000,0.000000,-1.000000
0.020403341,5,66,union,256,35,1.000000,1.000000,1.000000,{"1":140},1.000000,0.000000,0.000000,0.000000,1.000000,0.000000,-1.000000
0.020403341,5,66,snapshot,256,1858,0.993541,0.997713,0.993541,{"1":7425},0.993541,0.006459,0.000000,0.000000,0.993541,0.000000,0.000000
0.020403341,5,66,read_only,1024,12,1.000000,1.000000,1.000000,{"1":140},1.000000,0.000000,0.000000,0.000000,1.000000,0.000000,-1.000000
0.020403341,5,66,union,1024,12,1.000000,1.000000,1.000000,{"1":140},1.000000,0.000000,0.000000,0.000000,1.000000,0.000000,-1.000000
0.020403341,5,66,snapshot,1024,466,0.991416,0.997183,0.991416,{"1":7425},0.991416,0.008584,0.000000,0.000000,0.991416,0.000000,0.000000
0.020403341,5,66,read_only,4096,7,1.000000,1.000000,1.000000,{"1":140},1.000000,0.000000,0.000000,0.000000,1.000000,0.000000,-1.000000
0.020403341,5,66,union,4096,7,1.000000,1.000000,1.000000,{"1":140},1.000000,0.000000,0.000000,0.000000,1.000000,0.000000,-1.000000
0.020403341,5,66,snapshot,4096,118,0.991525,0.997219,0.991525,{"1":7425},0.991525,0.008475,0.000000,0.000000,0.991525,0.000000,0.000000
0.020403341,5,66,read_only,16384,4,1.000000,1.000000,1.000000,{"1":140},1.000000,0.000000,0.000000,0.000000,1.000000,0.000000,-1.000000
0.020403341,5,66,union,16384,4,1.000000,1.000000,1.000000,{"1":140},1.000000,0.000000,0.000000,0.000000,1.000000,0.000000,-1.000000
0.020403341,5,66,snapshot,16384,34,0.588235,0.865927,0.588235,{"1":7425},0.588235,0.411765,0.000000,0.000000,0.588235,0.000000,0.000000
0.020788042,5,67,read_only,64,1537,1.000000,1.000000,1.000000,{"1":1537},1.000000,0.000000,0.000000,0.000000,1.000000,0.000000,-1.000000
0.020788042,5,67,union,64,1537,1.000000,1.000000,1.000000,{"1":1537},1.000000,0.000000,0.000000,0.000000,1.000000,0.000000,-1.000000
0.020788042,5,67,snapshot,64,8129,1.000000,1.000000,1.000000,{"1":8129},1.000000,0.000000,0.000000,0.000000,1.000000,0.000000,-1.000000
0.020788042,5,67,read_only,256,385,0.958442,0.982468,0.958442,{"1":1537},0.958442,0.023377,0.018182,0.000000,0.958442,0.000000,0.000000
0.020788042,5,67,union,256,385,0.958442,0.982468,0.958442,{"1":1537},0.958442,0.023377,0.018182,0.000000,0.958442,0.000000,0.000000
0.020788042,5,67,snapshot,256,2036,0.986248,0.994597,0.986248,{"1":8129},0.986248,0.010314,0.003438,0.000000,0.986248,0.000000,0.000000
0.020788042,5,67,read_only,1024,97,0.958763,0.978093,0.958763,{"1":1537},0.958763,0.000000,0.041237,0.000000,0.958763,0.000000,0.000000
0.020788042,5,67,union,1024,97,0.958763,0.978093,0.958763,{"1":1537},0.958763,0.000000,0.041237,0.000000,0.958763,0.000000,0.000000
0.020788042,5,67,snapshot,1024,512,0.984375,0.993286,0.984375,{"1":8129},0.984375,0.007812,0.007812,0.000000,0.984375,0.000000,0.000000
0.020788042,5,67,read_only,4096,25,0.960000,0.978750,0.960000,{"1":1537},0.960000,0.000000,0.040000,0.000000,0.960000,0.000000,0.000000
0.020788042,5,67,union,4096,25,0.960000,0.978750,0.960000,{"1":1537},0.960000,0.000000,0.040000,0.000000,0.960000,0.000000,0.000000
0.020788042,5,67,snapshot,4096,131,0.984733,0.993440,0.984733,{"1":8129},0.984733,0.007634,0.007634,0.000000,0.984733,0.000000,0.000000
0.020788042,5,67,read_only,16384,9,0.333333,0.791115,0.333333,{"1":1537},0.333333,0.555556,0.111111,0.000000,0.333333,0.000000,0.000000
0.020788042,5,67,union,16384,9,0.333333,0.791115,0.333333,{"1":1537},0.333333,0.555556,0.111111,0.000000,0.333333,0.000000,0.000000
0.020788042,5,67,snapshot,16384,42,0.571429,0.871009,0.571429,{"1":8129},0.571429,0.404762,0.023810,0.000000,0.571429,0.000000,0.000000
0.021154181,5,68,snapshot,64,8129,1.000000,1.000000,1.000000,{"1":8129},1.000000,0.000000,0.000000,0.000000,1.000000,0.000000,-1.000000
0.021154181,5,68,snapshot,256,2036,0.986248,0.994597,0.986248,{"1":8129},0.986248,0.010314,0.003438,0.000000,0.986248,0.000000,0.000000
0.021154181,5,68,snapshot,1024,512,0.984375,0.993286,0.984375,{"1":8129},0.984375,0.007812,0.007812,0.000000,0.984375,0.000000,0.000000
0.021154181,5,68,snapshot,4096,131,0.984733,0.993440,0.984733,{"1":8129},0.984733,0.007634,0.007634,0.000000,0.984733,0.000000,0.000000
0.021154181,5,68,snapshot,16384,42,0.571429,0.871009,0.571429,{"1":8129},0.571429,0.404762,0.023810,0.000000,0.571429,0.000000,0.000000
0.021407292,5,69,read_only,64,2326,1.000000,1.000000,1.000000,{"1":2326},1.000000,0.000000,0.000000,0.000000,1.000000,0.000000,-1.000000
0.021407292,5,69,union,64,2326,1.000000,1.000000,1.000000,{"1":2326},1.000000,0.000000,0.000000,0.000000,1.000000,0.000000,-1.000000
0.021407292,5,69,snapshot,64,8192,1.000000,1.000000,1.000000,{"1":8192},1.000000,0.000000,0.000000,0.000000,1.000000,0.000000,-1.000000
0.021407292,5,69,read_only,256,617,1.000000,1.000000,1.000000,{"1":2326},1.000000,0.000000,0.000000,0.000000,1.000000,0.000000,-1.000000
0.021407292,5,69,union,256,617,1.000000,1.000000,1.000000,{"1":2326},1.000000,0.000000,0.000000,0.000000,1.000000,0.000000,-1.000000
0.021407292,5,69,snapshot,256,2120,0.988208,0.995086,0.988208,{"1":8192},0.988208,0.008491,0.003302,0.000000,0.988208,0.000000,0.000000
0.021407292,5,69,read_only,1024,180,1.000000,1.000000,1.000000,{"1":2326},1.000000,0.000000,0.000000,0.000000,1.000000,0.000000,-1.000000
0.021407292,5,69,union,1024,180,1.000000,1.000000,1.000000,{"1":2326},1.000000,0.000000,0.000000,0.000000,1.000000,0.000000,-1.000000
0.021407292,5,69,snapshot,1024,587,0.986371,0.993652,0.986371,{"1":8192},0.986371,0.006814,0.006814,0.000000,0.986371,0.000000,0.000000
0.021407292,5,69,read_only,4096,48,1.000000,1.000000,1.000000,{"1":2326},1.000000,0.000000,0.000000,0.000000,1.000000,0.000000,-1.000000
0.021407292,5,69,union,4096,48,1.000000,1.000000,1.000000,{"1":2326},1.000000,0.000000,0.000000,0.000000,1.000000,0.000000,-1.000000
0.021407292,5,69,snapshot,4096,160,0.987500,0.994098,0.987500,{"1":8192},0.987500,0.006250,0.006250,0.000000,0.987500,0.000000,0.000000
0.021407292,5,69,read_only,16384,13,0.846154,0.964413,0.846154,{"1":2326},0.846154,0.153846,0.000000,0.000000,0.846154,0.000000,0.000000
0.021407292,5,69,union,16384,13,0.846154,0.964413,0.846154,{"1":2326},0.846154,0.153846,0.000000,0.000000,0.846154,0.000000,0.000000
0.021407292,5,69,snapshot,16384,50,0.680000,0.915095,0.680000,{"1":8192},0.680000,0.300000,0.020000,0.000000,0.680000,0.000000,0.000000
0.021818604,5,70,read_only,64,4406,1.000000,1.000000,1.000000,{"1":4406},1.000000,0.000000,0.000000,0.000000,1.000000,0.000000,-1.000000
0.021818604,5,70,union,64,4406,1.000000,1.000000,1.000000,{"1":4406},1.000000,0.000000,0.000000,0.000000,1.000000,0.000000,-1.000000
0.021818604,5,70,snapshot,64,4032,1.000000,1.000000,1.000000,{"1":4032},1.000000,0.000000,0.000000,0.000000,1.000000,0.000000,-1.000000
0.021818604,5,70,read_only,256,1102,1.000000,1.000000,1.000000,{"1":4406},1.000000,0.000000,0.000000,0.000000,1.000000,0.000000,-1.000000
0.021818604,5,70,union,256,1102,1.000000,1.000000,1.000000,{"1":4406},1.000000,0.000000,0.000000,0.000000,1.000000,0.000000,-1.000000
0.021818604,5,70,snapshot,256,1008,1.000000,1.000000,1.000000,{"1":4032},1.000000,0.000000,0.000000,0.000000,1.000000,0.000000,-1.000000
0.021818604,5,70,read_only,1024,288,1.000000,1.000000,1.000000,{"1":4406},1.000000,0.000000,0.000000,0.000000,1.000000,0.000000,-1.000000
0.021818604,5,70,union,1024,288,1.000000,1.000000,1.000000,{"1":4406},1.000000,0.000000,0.000000,0.000000,1.000000,0.000000,-1.000000
0.021818604,5,70,snapshot,1024,252,1.000000,1.000000,1.000000,{"1":4032},1.000000,0.000000,0.000000,0.000000,1.000000,0.000000,-1.000000
0.021818604,5,70,read_only,4096,83,1.000000,1.000000,1.000000,{"1":4406},1.000000,0.000000,0.000000,0.000000,1.000000,0.000000,-1.000000
0.021818604,5,70,union,4096,83,1.000000,1.000000,1.000000,{"1":4406},1.000000,0.000000,0.000000,0.000000,1.000000,0.000000,-1.000000
0.021818604,5,70,snapshot,4096,63,1.000000,1.000000,1.000000,{"1":4032},1.000000,0.000000,0.000000,0.000000,1.000000,0.000000,-1.000000
0.021818604,5,70,read_only,16384,27,0.888889,0.956349,0.888889,{"1":4406},0.888889,0.111111,0.000000,0.000000,0.888889,0.000000,0.000000
0.021818604,5,70,union,16384,27,0.888889,0.956349,0.888889,{"1":4406},0.888889,0.111111,0.000000,0.000000,0.888889,0.000000,0.000000
0.021818604,5,70,snapshot,16384,18,0.888889,0.958333,0.888889,{"1":4032},0.888889,0.111111,0.000000,0.000000,0.888889,0.000000,0.000000
0.022059639,5,71,read_only,64,699,1.000000,1.000000,1.000000,{"1":699},1.000000,0.000000,0.000000,0.000000,1.000000,0.000000,-1.000000
0.022059639,5,71,union,64,699,1.000000,1.000000,1.000000,{"1":699},1.000000,0.000000,0.000000,0.000000,1.000000,0.000000,-1.000000
0.022059639,5,71,snapshot,64,4734,1.000000,1.000000,1.000000,{"0":2,"1":4732},0.999578,0.000000,0.000000,0.000000,0.999578,0.000000,-1.000000
0.022059639,5,71,read_only,256,201,1.000000,1.000000,1.000000,{"1":699},1.000000,0.000000,0.000000,0.000000,1.000000,0.000000,-1.000000
0.022059639,5,71,union,256,201,1.000000,1.000000,1.000000,{"1":699},1.000000,0.000000,0.000000,0.000000,1.000000,0.000000,-1.000000
0.022059639,5,71,snapshot,256,1210,0.999174,0.999587,0.999174,{"0":2,"1":4732},1.000000,0.000000,0.000000,0.000000,0.999174,0.000000,-1.000000
0.022059639,5,71,read_only,1024,57,1.000000,1.000000,1.000000,{"1":699},1.000000,0.000000,0.000000,0.000000,1.000000,0.000000,-1.000000
0.022059639,5,71,union,1024,57,1.000000,1.000000,1.000000,{"1":699},1.000000,0.000000,0.000000,0.000000,1.000000,0.000000,-1.000000
0.022059639,5,71,snapshot,1024,309,0.996764,0.999191,0.996764,{"0":2,"1":4732},1.000000,0.000000,0.000000,0.000000,0.996764,0.000000,-1.000000
0.022059639,5,71,read_only,4096,19,1.000000,1.000000,1.000000,{"1":699},1.000000,0.000000,0.000000,0.000000,1.000000,0.000000,-1.000000
0.022059639,5,71,union,4096,19,1.000000,1.000000,1.000000,{"1":699},1.000000,0.000000,0.000000,0.000000,1.000000,0.000000,-1.000000
0.022059639,5,71,snapshot,4096,82,0.987805,0.996951,0.987805,{"0":2,"1":4732},1.000000,0.000000,0.000000,0.000000,0.987805,0.000000,-1.000000
0.022059639,5,71,read_only,16384,9,1.000000,1.000000,1.000000,{"1":699},1.000000,0.000000,0.000000,0.000000,1.000000,0.000000,-1.000000
0.022059639,5,71,union,16384,9,1.000000,1.000000,1.000000,{"1":699},1.000000,0.000000,0.000000,0.000000,1.000000,0.000000,-1.000000
0.022059639,5,71,snapshot,16384,27,0.888889,0.971689,0.888889,{"0":2,"1":4732},0.925926,0.074074,0.000000,0.000000,0.888889,0.000000,0.000000
0.022891391,5,72,read_only,64,12699,1.000000,1.000000,1.000000,{"1":11651,"2":1048},0.917474,0.082526,0.000000,0.000000,0.917474,0.082526,1.000000
0.022891391,5,72,union,64,12699,1.000000,1.000000,1.000000,{"1":11651,"2":1048},0.917474,0.082526,0.000000,0.000000,0.917474,0.082526,1.000000
0.022891391,5,72,snapshot,64,8192,1.000000,1.000000,1.000000,{"1":7144,"2":1048},0.872070,0.127930,0.000000,0.000000,0.872070,0.127930,1.000000
0.022891391,5,72,read_only,256,3255,0.972043,0.990630,0.972043,{"1":11651,"2":1048},0.897389,0.096467,0.006144,0.000000,0.897389,0.074654,0.727545
0.022891391,5,72,union,256,3255,0.972043,0.990630,0.972043,{"1":11651,"2":1048},0.897389,0.096467,0.006144,0.000000,0.897389,0.074654,0.727545
0.022891391,5,72,snapshot,256,2150,0.955814,0.985194,0.955814,{"1":7144,"2":1048},0.844651,0.146047,0.009302,0.000000,0.844651,0.111163,0.715569
0.022891391,5,72,read_only,1024,847,0.850059,0.956435,0.850059,{"1":11651,"2":1048},0.815821,0.146399,0.037780,0.000000,0.815821,0.034238,0.185897
0.022891391,5,72,union,1024,847,0.850059,0.956435,0.850059,{"1":11651,"2":1048},0.815821,0.146399,0.037780,0.000000,0.815821,0.034238,0.185897
0.022891391,5,72,snapshot,1024,608,0.789474,0.938576,0.789474,{"1":7144,"2":1048},0.743421,0.203947,0.052632,0.000000,0.743421,0.046053,0.179487
0.022891391,5,72,read_only,4096,218,0.784404,0.879680,0.784404,{"1":11651,"2":1048},0.784404,0.000000,0.215596,0.000000,0.784404,0.000000,0.000000
0.022891391,5,72,union,4096,218,0.784404,0.879680,0.784404,{"1":11651,"2":1048},0.784404,0.000000,0.215596,0.000000,0.784404,0.000000,0.000000
0.022891391,5,72,snapshot,4096,160,0.706250,0.835905,0.706250,{"1":7144,"2":1048},0.706250,0.000000,0.293750,0.000000,0.706250,0.000000,0.000000
0.022891391,5,72,read_only,16384,59,0.711864,0.842035,0.711864,{"1":11651,"2":1048},0.711864,0.067797,0.220339,0.000000,0.711864,0.000000,0.000000
0.022891391,5,72,union,16384,59,0.711864,0.842035,0.711864,{"1":11651,"2":1048},0.711864,0.067797,0.220339,0.000000,0.711864,0.000000,0.000000
0.022891391,5,72,snapshot,16384,45,0.688889,0.811738,0.688889,{"1":7144,"2":1048},0.688889,0.022222,0.288889,0.000000,0.688889,0.000000,0.000000
0.023466077,5,73,read_only,64,2441,1.000000,1.000000,1.000000,{"1":2441},1.000000,0.000000,0.000000,0.000000,1.000000,0.000000,-1.000000
0.023466077,5,73,union,64,2441,1.000000,1.000000,1.000000,{"1":2441},1.000000,0.000000,0.000000,0.000000,1.000000,0.000000,-1.000000
0.023466077,5,73,snapshot,64,8192,1.000000,1.000000,1.000000,{"1":7155,"2":1037},0.873413,0.126587,0.000000,0.000000,0.873413,0.126587,1.000000
0.023466077,5,73,read_only,256,785,1.000000,1.000000,1.000000,{"1":2441},1.000000,0.000000,0.000000,0.000000,1.000000,0.000000,-1.000000
0.023466077,5,73,union,256,785,1.000000,1.000000,1.000000,{"1":2441},1.000000,0.000000,0.000000,0.000000,1.000000,0.000000,-1.000000
0.023466077,5,73,snapshot,256,2446,0.963614,0.987905,0.963614,{"1":7155,"2":1037},0.865086,0.126738,0.008177,0.000000,0.865086,0.098528,0.730303
0.023466077,5,73,read_only,1024,241,1.000000,1.000000,1.000000,{"1":2441},1.000000,0.000000,0.000000,0.000000,1.000000,0.000000,-1.000000
0.023466077,5,73,union,1024,241,1.000000,1.000000,1.000000,{"1":2441},1.000000,0.000000,0.000000,0.000000,1.000000,0.000000,-1.000000
0.023466077,5,73,snapshot,1024,748,0.830214,0.949964,0.830214,{"1":7155,"2":1037},0.792781,0.164439,0.042781,0.000000,0.792781,0.037433,0.180645
0.023466077,5,73,read_only,4096,63,1.000000,1.000000,1.000000,{"1":2441},1.000000,0.000000,0.000000,0.000000,1.000000,0.000000,-1.000000
0.023466077,5,73,union,4096,63,1.000000,1.000000,1.000000,{"1":2441},1.000000,0.000000,0.000000,0.000000,1.000000,0.000000,-1.000000
0.023466077,5,73,snapshot,4096,205,0.770732,0.871946,0.770732,{"1":7155,"2":1037},0.770732,0.000000,0.229268,0.000000,0.770732,0.000000,0.000000
0.023466077,5,73,read_only,16384,17,1.000000,1.000000,1.000000,{"1":2441},1.000000,0.000000,0.000000,0.000000,1.000000,0.000000,-1.000000
0.023466077,5,73,union,16384,17,1.000000,1.000000,1.000000,{"1":2441},1.000000,0.000000,0.000000,0.000000,1.000000,0.000000,-1.000000
0.023466077,5,73,snapshot,16384,58,0.758621,0.850652,0.758621,{"1":7155,"2":1037},0.758621,0.017241,0.224138,0.000000,0.758621,0.000000,0.000000
0.023734049,5,74,read_only,64,2499,1.000000,1.000000,1.000000,{"1":2499},1.000000,0.000000,0.000000,0.000000,1.000000,0.000000,-1.000000
0.023734049,5,74,union,64,2499,1.000000,1.000000,1.000000,{"1":2499},1.000000,0.000000,0.000000,0.000000,1.000000,0.000000,-1.000000
0.023734049,5,74,snapshot,64,8192,1.000000,1.000000,1.000000,{"0":3,"1":7343,"2":846},0.896362,0.103271,0.000000,0.000000,0.896362,0.103271,1.000000
0.023734049,5,74,read_only,256,1058,0.987713,0.996062,0.987713,{"1":2499},0.987713,0.012287,0.000000,0.000000,0.987713,0.000000,0.000000
0.023734049,5,74,union,256,1058,0.987713,0.996062,0.987713,{"1":2499},0.987713,0.012287,0.000000,0.000000,0.987713,0.000000,0.000000
0.023734049,5,74,snapshot,256,2901,0.941055,0.980409,0.941055,{"0":3,"1":7343,"2":846},0.859704,0.134092,0.006205,0.000000,0.859014,0.082041,0.584767
0.023734049,5,74,read_only,1024,407,0.980344,0.994819,0.980344,{"1":2499},0.980344,0.019656,0.000000,0.000000,0.980344,0.000000,0.000000
0.023734049,5,74,union,1024,407,0.980344,0.994819,0.980344,{"1":2499},0.980344,0.019656,0.000000,0.000000,0.980344,0.000000,0.000000
0.023734049,5,74,snapshot,1024,988,0.821862,0.948741,0.821862,{"0":3,"1":7343,"2":846},0.793522,0.177126,0.029352,0.000000,0.791498,0.030364,0.147059
0.023734049,5,74,read_only,4096,132,0.977273,0.996367,0.977273,{"1":2499},0.977273,0.022727,0.000000,0.000000,0.977273,0.000000,0.000000
0.023734049,5,74,union,4096,132,0.977273,0.996367,0.977273,{"1":2499},0.977273,0.022727,0.000000,0.000000,0.977273,0.000000,0.000000
0.023734049,5,74,snapshot,4096,294,0.785714,0.897430,0.785714,{"0":3,"1":7343,"2":846},0.789116,0.051020,0.159864,0.000000,0.785714,0.000000,0.000000
0.023734049,5,74,read_only,16384,37,0.864865,0.966852,0.864865,{"1":2499},0.864865,0.135135,0.000000,0.000000,0.864865,0.000000,0.000000
0.023734049,5,74,union,16384,37,0.864865,0.966852,0.864865,{"1":2499},0.864865,0.135135,0.000000,0.000000,0.864865,0.000000,0.000000
0.023734049,5,74,snapshot,16384,86,0.744186,0.873909,0.744186,{"0":3,"1":7343,"2":846},0.744186,0.104651,0.151163,0.000000,0.744186,0.000000,0.000000
0.024008517,5,75,read_only,64,1017,1.000000,1.000000,1.000000,{"1":1017},1.000000,0.000000,0.000000,0.000000,1.000000,0.000000,-1.000000
0.024008517,5,75,union,64,1017,1.000000,1.000000,1.000000,{"1":1017},1.000000,0.000000,0.000000,0.000000,1.000000,0.000000,-1.000000
0.024008517,5,75,snapshot,64,8192,1.000000,1.000000,1.000000,{"1":7499,"2":693},0.915405,0.084595,0.000000,0.000000,0.915405,0.084595,1.000000
0.024008517,5,75,read_only,256,302,1.000000,1.000000,1.000000,{"1":1017},1.000000,0.000000,0.000000,0.000000,1.000000,0.000000,-1.000000
0.024008517,5,75,union,256,302,1.000000,1.000000,1.000000,{"1":1017},1.000000,0.000000,0.000000,0.000000,1.000000,0.000000,-1.000000
0.024008517,5,75,snapshot,256,2842,0.919423,0.973493,0.919423,{"1":7499,"2":693},0.842365,0.152006,0.005630,0.000000,0.842365,0.077058,0.488839
0.024008517,5,75,read_only,1024,89,1.000000,1.000000,1.000000,{"1":1017},1.000000,0.000000,0.000000,0.000000,1.000000,0.000000,-1.000000
0.024008517,5,75,union,1024,89,1.000000,1.000000,1.000000,{"1":1017},1.000000,0.000000,0.000000,0.000000,1.000000,0.000000,-1.000000
0.024008517,5,75,snapshot,1024,952,0.787815,0.942413,0.787815,{"1":7499,"2":693},0.755252,0.216387,0.028361,0.000000,0.755252,0.032563,0.133047
0.024008517,5,75,read_only,4096,27,1.000000,1.000000,1.000000,{"1":1017},1.000000,0.000000,0.000000,0.000000,1.000000,0.000000,-1.000000
0.024008517,5,75,union,4096,27,1.000000,1.000000,1.000000,{"1":1017},1.000000,0.000000,0.000000,0.000000,1.000000,0.000000,-1.000000
0.024008517,5,75,snapshot,4096,278,0.723022,0.889987,0.723022,{"1":7499,"2":693},0.723022,0.115108,0.161871,0.000000,0.723022,0.000000,0.000000
0.024008517,5,75,read_only,16384,11,1.000000,1.000000,1.000000,{"1":1017},1.000000,0.000000,0.000000,0.000000,1.000000,0.000000,-1.000000
0.024008517,5,75,union,16384,11,1.000000,1.000000,1.000000,{"1":1017},1.000000,0.000000,0.000000,0.000000,1.000000,0.000000,-1.000000
0.024008517,5,75,snapshot,16384,81,0.703704,0.875220,0.703704,{"1":7499,"2":693},0.703704,0.135802,0.160494,0.000000,0.703704,0.000000,0.000000
0.024809929,5,76,read_only,64,4112,1.000000,1.000000,1.000000,{"1":2064,"2":2048},0.501946,0.498054,0.000000,0.000000,0.501946,0.498054,1.000000
0.024809929,5,76,union,64,4112,1.000000,1.000000,1.000000,{"1":2064,"2":2048},0.501946,0.498054,0.000000,0.000000,0.501946,0.498054,1.000000
0.024809929,5,76,snapshot,64,8192,1.000000,1.000000,1.000000,{"1":6090,"2":2102},0.743408,0.256592,0.000000,0.000000,0.743408,0.256592,1.000000
0.024809929,5,76,read_only,256,1028,1.000000,1.000000,1.000000,{"1":2064,"2":2048},0.501946,0.498054,0.000000,0.000000,0.501946,0.498054,1.000000
0.024809929,5,76,union,256,1028,1.000000,1.000000,1.000000,{"1":2064,"2":2048},0.501946,0.498054,0.000000,0.000000,0.501946,0.498054,1.000000
0.024809929,5,76,snapshot,256,2496,0.927083,0.977063,0.927083,{"1":6090,"2":2102},0.708734,0.291266,0.000000,0.000000,0.708734,0.218349,0.749656
0.024809929,5,76,read_only,1024,257,1.000000,1.000000,1.000000,{"1":2064,"2":2048},0.501946,0.498054,0.000000,0.000000,0.501946,0.498054,1.000000
0.024809929,5,76,union,1024,257,1.000000,1.000000,1.000000,{"1":2064,"2":2048},0.501946,0.498054,0.000000,0.000000,0.501946,0.498054,1.000000
0.024809929,5,76,snapshot,1024,803,0.876712,0.968581,0.876712,{"1":6090,"2":2102},0.699875,0.296389,0.003736,0.000000,0.699875,0.176837,0.589212
0.024809929,5,76,read_only,4096,65,1.000000,1.000000,1.000000,{"1":2064,"2":2048},0.507692,0.492308,0.000000,0.000000,0.507692,0.492308,1.000000
0.024809929,5,76,union,4096,65,1.000000,1.000000,1.000000,{"1":2064,"2":2048},0.507692,0.492308,0.000000,0.000000,0.507692,0.492308,1.000000
0.024809929,5,76,snapshot,4096,242,0.838843,0.961068,0.838843,{"1":6090,"2":2102},0.702479,0.268595,0.028926,0.000000,0.702479,0.136364,0.458333
0.024809929,5,76,read_only,16384,18,0.833333,0.958333,0.833333,{"1":2064,"2":2048},0.500000,0.444444,0.055556,0.000000,0.500000,0.333333,0.666667
0.024809929,5,76,union,16384,18,0.833333,0.958333,0.833333,{"1":2064,"2":2048},0.500000,0.444444,0.055556,0.000000,0.500000,0.333333,0.666667
0.024809929,5,76,snapshot,16384,73,0.739726,0.933313,0.739726,{"1":6090,"2":2102},0.657534,0.273973,0.068493,0.000000,0.657534,0.082192,0.240000
0.025058291,5,77,snapshot,64,8192,1.000000,1.000000,1.000000,{"1":6090,"2":2102},0.743408,0.256592,0.000000,0.000000,0.743408,0.256592,1.000000
0.025058291,5,77,snapshot,256,2496,0.927083,0.977063,0.927083,{"1":6090,"2":2102},0.708734,0.291266,0.000000,0.000000,0.708734,0.218349,0.749656
0.025058291,5,77,snapshot,1024,803,0.876712,0.968581,0.876712,{"1":6090,"2":2102},0.699875,0.296389,0.003736,0.000000,0.699875,0.176837,0.589212
0.025058291,5,77,snapshot,4096,242,0.838843,0.961068,0.838843,{"1":6090,"2":2102},0.702479,0.268595,0.028926,0.000000,0.702479,0.136364,0.458333
0.025058291,5,77,snapshot,16384,73,0.739726,0.933313,0.739726,{"1":6090,"2":2102},0.657534,0.273973,0.068493,0.000000,0.657534,0.082192,0.240000
0.025328136,5,78,union,64,2,1.000000,1.000000,1.000000,{"1":2},1.000000,0.000000,0.000000,0.000000,1.000000,0.000000,-1.000000
0.025328136,5,78,snapshot,64,8192,1.000000,1.000000,1.000000,{"1":6090,"2":2102},0.743408,0.256592,0.000000,0.000000,0.743408,0.256592,1.000000
0.025328136,5,78,union,256,2,1.000000,1.000000,1.000000,{"1":2},1.000000,0.000000,0.000000,0.000000,1.000000,0.000000,-1.000000
0.025328136,5,78,snapshot,256,2496,0.927083,0.977063,0.927083,{"1":6090,"2":2102},0.708734,0.291266,0.000000,0.000000,0.708734,0.218349,0.749656
0.025328136,5,78,union,1024,2,1.000000,1.000000,1.000000,{"1":2},1.000000,0.000000,0.000000,0.000000,1.000000,0.000000,-1.000000
0.025328136,5,78,snapshot,1024,803,0.876712,0.968426,0.876712,{"1":6090,"2":2102},0.699875,0.296389,0.003736,0.000000,0.699875,0.176837,0.589212
0.025328136,5,78,union,4096,2,1.000000,1.000000,1.000000,{"1":2},1.000000,0.000000,0.000000,0.000000,1.000000,0.000000,-1.000000
0.025328136,5,78,snapshot,4096,242,0.838843,0.960939,0.838843,{"1":6090,"2":2102},0.702479,0.268595,0.028926,0.000000,0.702479,0.136364,0.458333
0.025328136,5,78,union,16384,2,1.000000,1.000000,1.000000,{"1":2},1.000000,0.000000,0.000000,0.000000,1.000000,0.000000,-1.000000
0.025328136,5,78,snapshot,16384,73,0.739726,0.933193,0.739726,{"1":6090,"2":2102},0.657534,0.273973,0.068493,0.000000,0.657534,0.082192,0.240000
0.025583064,5,79,read_only,64,15,1.000000,1.000000,1.000000,{"1":15},1.000000,0.000000,0.000000,0.000000,1.000000,0.000000,-1.000000
0.025583064,5,79,union,64,102,1.000000,1.000000,1.000000,{"1":102},1.000000,0.000000,0.000000,0.000000,1.000000,0.000000,-1.000000
0.025583064,5,79,snapshot,64,8192,1.000000,1.000000,1.000000,{"1":6095,"2":2097},0.744019,0.255981,0.000000,0.000000,0.744019,0.255981,1.000000
0.025583064,5,79,read_only,256,12,1.000000,1.000000,1.000000,{"1":15},1.000000,0.000000,0.000000,0.000000,1.000000,0.000000,-1.000000
0.025583064,5,79,union,256,68,1.000000,1.000000,1.000000,{"1":102},1.000000,0.000000,0.000000,0.000000,1.000000,0.000000,-1.000000
0.025583064,5,79,snapshot,256,2500,0.914800,0.973167,0.914800,{"1":6095,"2":2097},0.698000,0.302000,0.000000,0.000000,0.698000,0.216800,0.717881
0.025583064,5,79,read_only,1024,8,1.000000,1.000000,1.000000,{"1":15},1.000000,0.000000,0.000000,0.000000,1.000000,0.000000,-1.000000
0.025583064,5,79,union,1024,37,1.000000,1.000000,1.000000,{"1":102},1.000000,0.000000,0.000000,0.000000,1.000000,0.000000,-1.000000
0.025583064,5,79,snapshot,1024,803,0.863014,0.963813,0.863014,{"1":6095,"2":2097},0.688667,0.307597,0.003736,0.000000,0.688667,0.174346,0.560000
0.025583064,5,79,read_only,4096,4,1.000000,1.000000,1.000000,{"1":15},1.000000,0.000000,0.000000,0.000000,1.000000,0.000000,-1.000000
0.025583064,5,79,union,4096,17,1.000000,1.000000,1.000000,{"1":102},1.000000,0.000000,0.000000,0.000000,1.000000,0.000000,-1.000000
0.025583064,5,79,snapshot,4096,243,0.831276,0.956522,0.831276,{"1":6095,"2":2097},0.691358,0.283951,0.024691,0.000000,0.691358,0.139918,0.453333
0.025583064,5,79,read_only,16384,4,1.000000,1.000000,1.000000,{"1":15},1.000000,0.000000,0.000000,0.000000,1.000000,0.000000,-1.000000
0.025583064,5,79,union,16384,10,1.000000,1.000000,1.000000,{"1":102},1.000000,0.000000,0.000000,0.000000,1.000000,0.000000,-1.000000
0.025583064,5,79,snapshot,16384,73,0.753425,0.928536,0.753425,{"1":6095,"2":2097},0.657534,0.287671,0.054795,0.000000,0.657534,0.095890,0.280000
0.025963647,5,80,read_only,64,1815,1.000000,1.000000,1.000000,{"1":1761,"2":54},0.970248,0.029752,0.000000,0.000000,0.970248,0.029752,1.000000
0.025963647,5,80,union,64,2578,1.000000,1.000000,1.000000,{"1":2524,"2":54},0.979054,0.020946,0.000000,0.000000,0.979054,0.020946,1.000000
0.025963647,5,80,snapshot,64,8192,1.000000,1.000000,1.000000,{"1":6107,"2":2085},0.745483,0.254517,0.000000,0.000000,0.745483,0.254517,1.000000
0.025963647,5,80,read_only,256,722,1.000000,1.000000,1.000000,{"1":1761,"2":54},0.948753,0.051247,0.000000,0.000000,0.948753,0.051247,1.000000
0.025963647,5,80,union,256,1029,0.979592,0.992549,0.979592,{"1":2524,"2":54},0.964043,0.035957,0.000000,0.000000,0.964043,0.015549,0.432432
0.025963647,5,80,snapshot,256,2537,0.929444,0.976646,0.929444,{"1":6107,"2":2085},0.724478,0.275522,0.000000,0.000000,0.724478,0.204966,0.743920
0.025963647,5,80,read_only,1024,300,1.000000,1.000000,1.000000,{"1":1761,"2":54},0.913333,0.086667,0.000000,0.000000,0.913333,0.086667,1.000000
0.025963647,5,80,union,1024,398,0.944724,0.984571,0.944724,{"1":2524,"2":54},0.934673,0.065327,0.000000,0.000000,0.934673,0.010050,0.153846
0.025963647,5,80,snapshot,1024,802,0.870324,0.969803,0.870324,{"1":6107,"2":2085},0.710723,0.289277,0.000000,0.000000,0.710723,0.159601,0.551724
0.025963647,5,80,read_only,4096,94,1.000000,1.000000,1.000000,{"1":1761,"2":54},0.882979,0.117021,0.000000,0.000000,0.882979,0.117021,1.000000
0.025963647,5,80,union,4096,119,0.907563,0.980158,0.907563,{"1":2524,"2":54},0.907563,0.092437,0.000000,0.000000,0.907563,0.000000,0.000000
0.025963647,5,80,snapshot,4096,227,0.854626,0.969350,0.854626,{"1":6107,"2":2085},0.713656,0.286344,0.000000,0.000000,0.713656,0.140969,0.492308
0.025963647,5,80,read_only,16384,33,0.939394,0.983675,0.939394,{"1":1761,"2":54},0.818182,0.181818,0.000000,0.000000,0.818182,0.121212,0.666667
0.025963647,5,80,union,16384,37,0.837838,0.977593,0.837838,{"1":2524,"2":54},0.837838,0.162162,0.000000,0.000000,0.837838,0.000000,0.000000
0.025963647,5,80,snapshot,16384,66,0.787879,0.952548,0.787879,{"1":6107,"2":2085},0.696970,0.287879,0.015152,0.000000,0.696970,0.090909,0.300000
0.026199130,5,81,read_only,64,379,1.000000,1.000000,1.000000,{"1":379},1.000000,0.000000,0.000000,0.000000,1.000000,0.000000,-1.000000
0.026199130,5,81,union,64,380,1.000000,1.000000,1.000000,{"1":380},1.000000,0.000000,0.000000,0.000000,1.000000,0.000000,-1.000000
0.026199130,5,81,snapshot,64,8192,1.000000,1.000000,1.000000,{"1":6152,"2":2040},0.750977,0.249023,0.000000,0.000000,0.750977,0.249023,1.000000
0.026199130,5,81,read_only,256,119,1.000000,1.000000,1.000000,{"1":379},1.000000,0.000000,0.000000,0.000000,1.000000,0.000000,-1.000000
0.026199130,5,81,union,256,120,1.000000,1.000000,1.000000,{"1":380},1.000000,0.000000,0.000000,0.000000,1.000000,0.000000,-1.000000
0.026199130,5,81,snapshot,256,2560,0.937109,0.978874,0.937109,{"1":6152,"2":2040},0.733594,0.266406,0.000000,0.000000,0.733594,0.203516,0.763930
0.026199130,5,81,read_only,1024,39,1.000000,1.000000,1.000000,{"1":379},1.000000,0.000000,0.000000,0.000000,1.000000,0.000000,-1.000000
0.026199130,5,81,union,1024,40,1.000000,1.000000,1.000000,{"1":380},1.000000,0.000000,0.000000,0.000000,1.000000,0.000000,-1.000000
0.026199130,5,81,snapshot,1024,810,0.876543,0.970391,0.876543,{"1":6152,"2":2040},0.717284,0.282716,0.000000,0.000000,0.717284,0.159259,0.563319
0.026199130,5,81,read_only,4096,14,1.000000,1.000000,1.000000,{"1":379},1.000000,0.000000,0.000000,0.000000,1.000000,0.000000,-1.000000
0.026199130,5,81,union,4096,15,1.000000,1.000000,1.000000,{"1":380},1.000000,0.000000,0.000000,0.000000,1.000000,0.000000,-1.000000
0.026199130,5,81,snapshot,4096,235,0.859574,0.968218,0.859574,{"1":6152,"2":2040},0.723404,0.276596,0.000000,0.000000,0.723404,0.136170,0.492308
0.026199130,5,81,read_only,16384,7,1.000000,1.000000,1.000000,{"1":379},1.000000,0.000000,0.000000,0.000000,1.000000,0.000000,-1.000000
0.026199130,5,81,union,16384,8,1.000000,1.000000,1.000000,{"1":380},1.000000,0.000000,0.000000,0.000000,1.000000,0.000000,-1.000000
0.026199130,5,81,snapshot,16384,71,0.788732,0.952738,0.788732,{"1":6152,"2":2040},0.704225,0.281690,0.014085,0.000000,0.704225,0.084507,0.285714
0.026442321,5,82,read_only,64,2235,1.000000,1.000000,1.000000,{"1":2198,"2":37},0.983445,0.016555,0.000000,0.000000,0.983445,0.016555,1.000000
0.026442321,5,82,union,64,2280,1.000000,1.000000,1.000000,{"1":2243,"2":37},0.983772,0.016228,0.000000,0.000000,0.983772,0.016228,1.000000
0.026442321,5,82,snapshot,64,8192,1.000000,1.000000,1.000000,{"1":6723,"2":1469},0.820679,0.179321,0.000000,0.000000,0.820679,0.179321,1.000000
0.026442321,5,82,read_only,256,699,1.000000,1.000000,1.000000,{"1":2198,"2":37},0.961373,0.038627,0.000000,0.000000,0.961373,0.038627,1.000000
0.026442321,5,82,union,256,714,0.984594,0.993114,0.984594,{"1":2243,"2":37},0.962185,0.037815,0.000000,0.000000,0.962185,0.022409,0.592593
0.026442321,5,82,snapshot,256,2652,0.967949,0.988154,0.967949,{"1":6723,"2":1469},0.791478,0.208522,0.000000,0.000000,0.791478,0.176471,0.846293
0.026442321,5,82,read_only,1024,227,1.000000,1.000000,1.000000,{"1":2198,"2":37},0.929515,0.070485,0.000000,0.000000,0.929515,0.070485,1.000000
0.026442321,5,82,union,1024,232,0.952586,0.980675,0.952586,{"1":2243,"2":37},0.931034,0.068966,0.000000,0.000000,0.931034,0.021552,0.312500
0.026442321,5,82,snapshot,1024,845,0.919527,0.976801,0.919527,{"1":6723,"2":1469},0.763314,0.236686,0.000000,0.000000,0.763314,0.156213,0.660000
0.026442321,5,82,read_only,4096,75,1.000000,1.000000,1.000000,{"1":2198,"2":37},0.906667,0.093333,0.000000,0.000000,0.906667,0.093333,1.000000
0.026442321,5,82,union,4096,76,0.921053,0.968701,0.921053,{"1":2243,"2":37},0.907895,0.092105,0.000000,0.000000,0.907895,0.013158,0.142857
0.026442321,5,82,snapshot,4096,239,0.878661,0.972020,0.878661,{"1":6723,"2":1469},0.744770,0.255230,0.000000,0.000000,0.744770,0.133891,0.524590
0.026442321,5,82,read_only,16384,25,0.880000,0.968990,0.880000,{"1":2198,"2":37},0.800000,0.200000,0.000000,0.000000,0.800000,0.080000,0.400000
0.026442321,5,82,union,16384,26,0.807692,0.940214,0.807692,{"1":2243,"2":37},0.807692,0.192308,0.000000,0.000000,0.807692,0.000000,0.000000
0.026442321,5,82,snapshot,16384,70,0.771429,0.951498,0.771429,{"1":6723,"2":1469},0.685714,0.300000,0.014286,0.000000,0.685714,0.085714,0.272727
0.026692250,5,83,read_only,64,372,1.000000,1.000000,1.000000,{"1":288,"2":84},0.774194,0.225806,0.000000,0.000000,0.774194,0.225806,1.000000
0.026692250,5,83,union,64,375,1.000000,1.000000,1.000000,{"1":291,"2":84},0.776000,0.224000,0.000000,0.000000,0.776000,0.224000,1.000000
0.026692250,5,83,snapshot,64,8192,1.000000,1.000000,1.000000,{"1":6806,"2":1386},0.830811,0.169189,0.000000,0.000000,0.830811,0.169189,1.000000
0.026692250,5,83,read_only,256,155,1.000000,1.000000,1.000000,{"1":288,"2":84},0.677419,0.322581,0.000000,0.000000,0.677419,0.322581,1.000000
0.026692250,5,83,union,256,155,0.980645,0.990323,0.980645,{"1":291,"2":84},0.677419,0.322581,0.000000,0.000000,0.677419,0.303226,0.940000
0.026692250,5,83,snapshot,256,2702,0.967802,0.988034,0.967802,{"1":6806,"2":1386},0.800518,0.199482,0.000000,0.000000,0.800518,0.167283,0.838590
0.026692250,5,83,read_only,1024,71,1.000000,1.000000,1.000000,{"1":288,"2":84},0.633803,0.366197,0.000000,0.000000,0.633803,0.366197,1.000000
0.026692250,5,83,union,1024,71,0.971831,0.989671,0.971831,{"1":291,"2":84},0.633803,0.366197,0.000000,0.000000,0.633803,0.338028,0.923077
0.026692250,5,83,snapshot,1024,869,0.919448,0.976509,0.919448,{"1":6806,"2":1386},0.769850,0.230150,0.000000,0.000000,0.769850,0.149597,0.650000
0.026692250,5,83,read_only,4096,26,1.000000,1.000000,1.000000,{"1":288,"2":84},0.653846,0.346154,0.000000,0.000000,0.653846,0.346154,1.000000
0.026692250,5,83,union,4096,26,0.923077,0.989161,0.923077,{"1":291,"2":84},0.653846,0.346154,0.000000,0.000000,0.653846,0.269231,0.777778
0.026692250,5,83,snapshot,4096,248,0.883065,0.970714,0.883065,{"1":6806,"2":1386},0.754032,0.245968,0.000000,0.000000,0.754032,0.129032,0.524590
0.026692250,5,83,read_only,16384,14,0.785714,0.917465,0.785714,{"1":288,"2":84},0.500000,0.500000,0.000000,0.000000,0.500000,0.285714,0.571429
0.026692250,5,83,union,16384,14,0.714286,0.916735,0.714286,{"1":291,"2":84},0.500000,0.500000,0.000000,0.000000,0.500000,0.214286,0.428571
0.026692250,5,83,snapshot,16384,73,0.753425,0.939088,0.753425,{"1":6806,"2":1386},0.671233,0.315068,0.013699,0.000000,0.671233,0.082192,0.250000
0.026938515,5,84,read_only,64,1086,1.000000,1.000000,1.000000,{"1":944,"2":142},0.869245,0.130755,0.000000,0.000000,0.869245,0.130755,1.000000
0.026938515,5,84,union,64,1100,1.000000,1.000000,1.000000,{"1":958,"2":142},0.870909,0.129091,0.000000,0.000000,0.870909,0.129091,1.000000
0.026938515,5,84,snapshot,64,8192,1.000000,1.000000,1.000000,{"0":1,"1":7135,"2":1056},0.870972,0.128906,0.000000,0.000000,0.870972,0.128906,1.000000
0.026938515,5,84,read_only,256,460,1.000000,1.000000,1.000000,{"1":944,"2":142},0.845652,0.154348,0.000000,0.000000,0.845652,0.154348,1.000000
0.026938515,5,84,union,256,464,0.984914,0.994073,0.984914,{"1":958,"2":142},0.846983,0.153017,0.000000,0.000000,0.846983,0.137931,0.901408
0.026938515,5,84,snapshot,256,2681,0.971279,0.989712,0.971279,{"0":1,"1":7135,"2":1056},0.836255,0.163745,0.000000,0.000000,0.835882,0.135397,0.826879
0.026938515,5,84,read_only,1024,183,1.000000,1.000000,1.000000,{"1":944,"2":142},0.846995,0.153005,0.000000,0.000000,0.846995,0.153005,1.000000
0.026938515,5,84,union,1024,184,0.961957,0.989589,0.961957,{"1":958,"2":142},0.847826,0.152174,0.000000,0.000000,0.847826,0.114130,0.750000
0.026938515,5,84,snapshot,1024,866,0.926097,0.982175,0.926097,{"0":1,"1":7135,"2":1056},0.797921,0.202079,0.000000,0.000000,0.796767,0.129330,0.640000
0.026938515,5,84,read_only,4096,62,1.000000,1.000000,1.000000,{"1":944,"2":142},0.854839,0.145161,0.000000,0.000000,0.854839,0.145161,1.000000
0.026938515,5,84,union,4096,62,0.935484,0.990420,0.935484,{"1":958,"2":142},0.854839,0.145161,0.000000,0.000000,0.854839,0.080645,0.555556
0.026938515,5,84,snapshot,4096,246,0.886179,0.977035,0.886179,{"0":1,"1":7135,"2":1056},0.768293,0.231707,0.000000,0.000000,0.764228,0.121951,0.526316
0.026938515,5,84,read_only,16384,23,0.956522,0.985899,0.956522,{"1":944,"2":142},0.782609,0.217391,0.000000,0.000000,0.782609,0.173913,0.800000
0.026938515,5,84,union,16384,23,0.913043,0.981320,0.913043,{"1":958,"2":142},0.782609,0.217391,0.000000,0.000000,0.782609,0.130435,0.600000
0.026938515,5,84,snapshot,16384,73,0.739726,0.938110,0.739726,{"0":1,"1":7135,"2":1056},0.671233,0.315068,0.013699,0.000000,0.657534,0.082192,0.250000
0.027173159,5,85,read_only,64,37,1.000000,1.000000,1.000000,{"1":37},1.000000,0.000000,0.000000,0.000000,1.000000,0.000000,-1.000000
0.027173159,5,85,union,64,37,1.000000,1.000000,1.000000,{"1":37},1.000000,0.000000,0.000000,0.000000,1.000000,0.000000,-1.000000
0.027173159,5,85,snapshot,64,8192,1.000000,1.000000,1.000000,{"1":7144,"2":1048},0.872070,0.127930,0.000000,0.000000,0.872070,0.127930,1.000000
0.027173159,5,85,read_only,256,28,1.000000,1.000000,1.000000,{"1":37},1.000000,0.000000,0.000000,0.000000,1.000000,0.000000,-1.000000
0.027173159,5,85,union,256,28,1.000000,1.000000,1.000000,{"1":37},1.000000,0.000000,0.000000,0.000000,1.000000,0.000000,-1.000000
0.027173159,5,85,snapshot,256,2693,0.972150,0.990098,0.972150,{"1":7144,"2":1048},0.838470,0.161530,0.000000,0.000000,0.838470,0.133680,0.827586
0.027173159,5,85,read_only,1024,22,1.000000,1.000000,1.000000,{"1":37},1.000000,0.000000,0.000000,0.000000,1.000000,0.000000,-1.000000
0.027173159,5,85,union,1024,22,1.000000,1.000000,1.000000,{"1":37},1.000000,0.000000,0.000000,0.000000,1.000000,0.000000,-1.000000
0.027173159,5,85,snapshot,1024,869,0.927503,0.982537,0.927503,{"1":7144,"2":1048},0.799770,0.200230,0.000000,0.000000,0.799770,0.127733,0.637931
0.027173159,5,85,read_only,4096,12,1.000000,1.000000,1.000000,{"1":37},1.000000,0.000000,0.000000,0.000000,1.000000,0.000000,-1.000000
0.027173159,5,85,union,4096,12,1.000000,1.000000,1.000000,{"1":37},1.000000,0.000000,0.000000,0.000000,1.000000,0.000000,-1.000000
0.027173159,5,85,snapshot,4096,248,0.891129,0.977510,0.891129,{"1":7144,"2":1048},0.770161,0.229839,0.000000,0.000000,0.770161,0.120968,0.526316
0.027173159,5,85,read_only,16384,6,1.000000,1.000000,1.000000,{"1":37},1.000000,0.000000,0.000000,0.000000,1.000000,0.000000,-1.000000
0.027173159,5,85,union,16384,6,1.000000,1.000000,1.000000,{"1":37},1.000000,0.000000,0.000000,0.000000,1.000000,0.000000,-1.000000
0.027173159,5,85,snapshot,16384,73,0.753425,0.938537,0.753425,{"1":7144,"2":1048},0.671233,0.315068,0.013699,0.000000,0.671233,0.082192,0.250000
0.027408993,5,86,read_only,64,120,1.000000,1.000000,1.000000,{"1":112,"2":8},0.933333,0.066667,0.000000,0.000000,0.933333,0.066667,1.000000
0.027408993,5,86,union,64,120,1.000000,1.000000,1.000000,{"1":112,"2":8},0.933333,0.066667,0.000000,0.000000,0.933333,0.066667,1.000000
0.027408993,5,86,snapshot,64,8192,1.000000,1.000000,1.000000,{"1":7161,"2":1031},0.874146,0.125854,0.000000,0.000000,0.874146,0.125854,1.000000
0.027408993,5,86,read_only,256,81,1.000000,1.000000,1.000000,{"1":112,"2":8},0.925926,0.074074,0.000000,0.000000,0.925926,0.074074,1.000000
0.027408993,5,86,union,256,81,1.000000,1.000000,1.000000,{"1":112,"2":8},0.925926,0.074074,0.000000,0.000000,0.925926,0.074074,1.000000
0.027408993,5,86,snapshot,256,2689,0.972852,0.990238,0.972852,{"1":7161,"2":1031},0.841577,0.158423,0.000000,0.000000,0.841577,0.131276,0.828638
0.027408993,5,86,read_only,1024,47,1.000000,1.000000,1.000000,{"1":112,"2":8},0.872340,0.127660,0.000000,0.000000,0.872340,0.127660,1.000000
0.027408993,5,86,union,1024,47,1.000000,1.000000,1.000000,{"1":112,"2":8},0.872340,0.127660,0.000000,0.000000,0.872340,0.127660,1.000000
0.027408993,5,86,snapshot,1024,864,0.929398,0.982892,0.929398,{"1":7161,"2":1031},0.804398,0.195602,0.000000,0.000000,0.804398,0.125000,0.639053
0.027408993,5,86,read_only,4096,24,1.000000,1.000000,1.000000,{"1":112,"2":8},0.750000,0.250000,0.000000,0.000000,0.750000,0.250000,1.000000
0.027408993,5,86,union,4096,24,1.000000,1.000000,1.000000,{"1":112,"2":8},0.750000,0.250000,0.000000,0.000000,0.750000,0.250000,1.000000
0.027408993,5,86,snapshot,4096,247,0.890688,0.976930,0.890688,{"1":7161,"2":1031},0.773279,0.226721,0.000000,0.000000,0.773279,0.117409,0.517857
0.027408993,5,86,read_only,16384,13,1.000000,1.000000,1.000000,{"1":112,"2":8},0.769231,0.230769,0.000000,0.000000,0.769231,0.230769,1.000000
0.027408993,5,86,union,16384,13,1.000000,1.000000,1.000000,{"1":112,"2":8},0.769231,0.230769,0.000000,0.000000,0.769231,0.230769,1.000000
0.027408993,5,86,snapshot,16384,73,0.753425,0.938599,0.753425,{"1":7161,"2":1031},0.671233,0.315068,0.013699,0.000000,0.671233,0.082192,0.250000
0.027643028,5,87,read_only,64,110,1.000000,1.000000,1.000000,{"1":92,"2":18},0.836364,0.163636,0.000000,0.000000,0.836364,0.163636,1.000000
0.027643028,5,87,union,64,110,1.000000,1.000000,1.000000,{"1":92,"2":18},0.836364,0.163636,0.000000,0.000000,0.836364,0.163636,1.000000
0.027643028,5,87,snapshot,64,8192,1.000000,1.000000,1.000000,{"1":7165,"2":1027},0.874634,0.125366,0.000000,0.000000,0.874634,0.125366,1.000000
0.027643028,5,87,read_only,256,75,1.000000,1.000000,1.000000,{"1":92,"2":18},0.840000,0.160000,0.000000,0.000000,0.840000,0.160000,1.000000
0.027643028,5,87,union,256,75,1.000000,1.000000,1.000000,{"1":92,"2":18},0.840000,0.160000,0.000000,0.000000,0.840000,0.160000,1.000000
0.027643028,5,87,snapshot,256,2682,0.975019,0.991020,0.975019,{"1":7165,"2":1027},0.846010,0.153990,0.000000,0.000000,0.846010,0.129008,0.837772
0.027643028,5,87,read_only,1024,44,1.000000,1.000000,1.000000,{"1":92,"2":18},0.840909,0.159091,0.000000,0.000000,0.840909,0.159091,1.000000
0.027643028,5,87,union,1024,44,1.000000,1.000000,1.000000,{"1":92,"2":18},0.840909,0.159091,0.000000,0.000000,0.840909,0.159091,1.000000
0.027643028,5,87,snapshot,1024,864,0.935185,0.984704,0.935185,{"1":7165,"2":1027},0.811343,0.188657,0.000000,0.000000,0.811343,0.123843,0.656442
0.027643028,5,87,read_only,4096,19,1.000000,1.000000,1.000000,{"1":92,"2":18},0.789474,0.210526,0.000000,0.000000,0.789474,0.210526,1.000000
0.027643028,5,87,union,4096,19,1.000000,1.000000,1.000000,{"1":92,"2":18},0.789474,0.210526,0.000000,0.000000,0.789474,0.210526,1.000000
0.027643028,5,87,snapshot,4096,247,0.894737,0.976805,0.894737,{"1":7165,"2":1027},0.781377,0.218623,0.000000,0.000000,0.781377,0.113360,0.518519
0.027643028,5,87,read_only,16384,9,1.000000,1.000000,1.000000,{"1":92,"2":18},0.777778,0.222222,0.000000,0.000000,0.777778,0.222222,1.000000
0.027643028,5,87,union,16384,9,1.000000,1.000000,1.000000,{"1":92,"2":18},0.777778,0.222222,0.000000,0.000000,0.777778,0.222222,1.000000
0.027643028,5,87,snapshot,16384,74,0.756757,0.941397,0.756757,{"1":7165,"2":1027},0.675676,0.310811,0.013514,0.000000,0.675676,0.081081,0.250000
0.027878280,5,88,read_only,64,469,1.000000,1.000000,1.000000,{"1":464,"2":5},0.989339,0.010661,0.000000,0.000000,0.989339,0.010661,1.000000
0.027878280,5,88,union,64,469,1.000000,1.000000,1.000000,{"1":464,"2":5},0.989339,0.010661,0.000000,0.000000,0.989339,0.010661,1.000000
0.027878280,5,88,snapshot,64,8192,1.000000,1.000000,1.000000,{"1":7343,"2":849},0.896362,0.103638,0.000000,0.000000,0.896362,0.103638,1.000000
0.027878280,5,88,read_only,256,151,1.000000,1.000000,1.000000,{"1":464,"2":5},0.973510,0.026490,0.000000,0.000000,0.973510,0.026490,1.000000
0.027878280,5,88,union,256,151,1.000000,1.000000,1.000000,{"1":464,"2":5},0.973510,0.026490,0.000000,0.000000,0.973510,0.026490,1.000000
0.027878280,5,88,snapshot,256,2708,0.976736,0.991568,0.976736,{"1":7343,"2":849},0.866322,0.133678,0.000000,0.000000,0.866322,0.110414,0.825967
0.027878280,5,88,read_only,1024,48,1.000000,1.000000,1.000000,{"1":464,"2":5},0.916667,0.083333,0.000000,0.000000,0.916667,0.083333,1.000000
0.027878280,5,88,union,1024,48,1.000000,1.000000,1.000000,{"1":464,"2":5},0.916667,0.083333,0.000000,0.000000,0.916667,0.083333,1.000000
0.027878280,5,88,snapshot,1024,881,0.938706,0.985131,0.938706,{"1":7343,"2":849},0.832009,0.167991,0.000000,0.000000,0.832009,0.106697,0.635135
0.027878280,5,88,read_only,4096,16,1.000000,1.000000,1.000000,{"1":464,"2":5},0.875000,0.125000,0.000000,0.000000,0.875000,0.125000,1.000000
0.027878280,5,88,union,4096,16,1.000000,1.000000,1.000000,{"1":464,"2":5},0.875000,0.125000,0.000000,0.000000,0.875000,0.125000,1.000000
0.027878280,5,88,snapshot,4096,254,0.897638,0.976263,0.897638,{"1":7343,"2":849},0.791339,0.208661,0.000000,0.000000,0.791339,0.106299,0.509434
0.027878280,5,88,read_only,16384,8,0.750000,0.910597,0.750000,{"1":464,"2":5},0.500000,0.500000,0.000000,0.000000,0.500000,0.250000,0.500000
0.027878280,5,88,union,16384,8,0.750000,0.910597,0.750000,{"1":464,"2":5},0.500000,0.500000,0.000000,0.000000,0.500000,0.250000,0.500000
0.027878280,5,88,snapshot,16384,76,0.736842,0.931418,0.736842,{"1":7343,"2":849},0.657895,0.328947,0.013158,0.000000,0.657895,0.078947,0.230769
0.028114594,5,89,read_only,64,368,1.000000,1.000000,1.000000,{"1":355,"2":13},0.964674,0.035326,0.000000,0.000000,0.964674,0.035326,1.000000
0.028114594,5,89,union,64,368,1.000000,1.000000,1.000000,{"1":355,"2":13},0.964674,0.035326,0.000000,0.000000,0.964674,0.035326,1.000000
0.028114594,5,89,snapshot,64,8192,1.000000,1.000000,1.000000,{"1":7463,"2":729},0.911011,0.088989,0.000000,0.000000,0.911011,0.088989,1.000000
0.028114594,5,89,read_only,256,152,1.000000,1.000000,1.000000,{"1":355,"2":13},0.934211,0.065789,0.000000,0.000000,0.934211,0.065789,1.000000
0.028114594,5,89,union,256,152,1.000000,1.000000,1.000000,{"1":355,"2":13},0.934211,0.065789,0.000000,0.000000,0.934211,0.065789,1.000000
0.028114594,5,89,snapshot,256,2673,0.974935,0.990834,0.974935,{"1":7463,"2":729},0.879910,0.120090,0.000000,0.000000,0.879910,0.095024,0.791277
0.028114594,5,89,read_only,1024,67,1.000000,1.000000,1.000000,{"1":355,"2":13},0.910448,0.089552,0.000000,0.000000,0.910448,0.089552,1.000000
0.028114594,5,89,union,1024,67,1.000000,1.000000,1.000000,{"1":355,"2":13},0.910448,0.089552,0.000000,0.000000,0.910448,0.089552,1.000000
0.028114594,5,89,snapshot,1024,878,0.933941,0.983553,0.933941,{"1":7463,"2":729},0.839408,0.160592,0.000000,0.000000,0.839408,0.094533,0.588652
0.028114594,5,89,read_only,4096,23,1.000000,1.000000,1.000000,{"1":355,"2":13},0.869565,0.130435,0.000000,0.000000,0.869565,0.130435,1.000000
0.028114594,5,89,union,4096,23,1.000000,1.000000,1.000000,{"1":355,"2":13},0.869565,0.130435,0.000000,0.000000,0.869565,0.130435,1.000000
0.028114594,5,89,snapshot,4096,253,0.893281,0.974165,0.893281,{"1":7463,"2":729},0.802372,0.197628,0.000000,0.000000,0.802372,0.090909,0.460000
0.028114594,5,89,read_only,16384,13,0.846154,0.980995,0.846154,{"1":355,"2":13},0.615385,0.384615,0.000000,0.000000,0.615385,0.230769,0.600000
0.028114594,5,89,union,16384,13,0.846154,0.980995,0.846154,{"1":355,"2":13},0.615385,0.384615,0.000000,0.000000,0.615385,0.230769,0.600000
0.028114594,5,89,snapshot,16384,75,0.720000,0.918175,0.720000,{"1":7463,"2":729},0.653333,0.333333,0.013333,0.000000,0.653333,0.066667,0.192308
0.028350399,5,90,read_only,64,1,1.000000,1.000000,1.000000,{"1":1},1.000000,0.000000,0.000000,0.000000,1.000000,0.000000,-1.000000
0.028350399,5,90,union,64,1,1.000000,1.000000,1.000000,{"1":1},1.000000,0.000000,0.000000,0.000000,1.000000,0.000000,-1.000000
0.028350399,5,90,snapshot,64,8192,1.000000,1.000000,1.000000,{"1":7463,"2":729},0.911011,0.088989,0.000000,0.000000,0.911011,0.088989,1.000000
0.028350399,5,90,read_only,256,1,1.000000,1.000000,1.000000,{"1":1},1.000000,0.000000,0.000000,0.000000,1.000000,0.000000,-1.000000
0.028350399,5,90,union,256,1,1.000000,1.000000,1.000000,{"1":1},1.000000,0.000000,0.000000,0.000000,1.000000,0.000000,-1.000000
0.028350399,5,90,snapshot,256,2673,0.974935,0.990834,0.974935,{"1":7463,"2":729},0.879910,0.120090,0.000000,0.000000,0.879910,0.095024,0.791277
0.028350399,5,90,read_only,1024,1,1.000000,1.000000,1.000000,{"1":1},1.000000,0.000000,0.000000,0.000000,1.000000,0.000000,-1.000000
0.028350399,5,90,union,1024,1,1.000000,1.000000,1.000000,{"1":1},1.000000,0.000000,0.000000,0.000000,1.000000,0.000000,-1.000000
0.028350399,5,90,snapshot,1024,878,0.933941,0.983553,0.933941,{"1":7463,"2":729},0.839408,0.160592,0.000000,0.000000,0.839408,0.094533,0.588652
0.028350399,5,90,read_only,4096,1,1.000000,1.000000,1.000000,{"1":1},1.000000,0.000000,0.000000,0.000000,1.000000,0.000000,-1.000000
0.028350399,5,90,union,4096,1,1.000000,1.000000,1.000000,{"1":1},1.000000,0.000000,0.000000,0.000000,1.000000,0.000000,-1.000000
0.028350399,5,90,snapshot,4096,253,0.893281,0.974165,0.893281,{"1":7463,"2":729},0.802372,0.197628,0.000000,0.000000,0.802372,0.090909,0.460000
0.028350399,5,90,read_only,16384,1,1.000000,1.000000,1.000000,{"1":1},1.000000,0.000000,0.000000,0.000000,1.000000,0.000000,-1.000000
0.028350399,5,90,union,16384,1,1.000000,1.000000,1.000000,{"1":1},1.000000,0.000000,0.000000,0.000000,1.000000,0.000000,-1.000000
0.028350399,5,90,snapshot,16384,75,0.720000,0.918175,0.720000,{"1":7463,"2":729},0.653333,0.333333,0.013333,0.000000,0.653333,0.066667,0.192308
0.028583648,5,91,snapshot,64,8192,1.000000,1.000000,1.000000,{"1":7463,"2":729},0.911011,0.088989,0.000000,0.000000,0.911011,0.088989,1.000000
0.028583648,5,91,snapshot,256,2673,0.974935,0.990834,0.974935,{"1":7463,"2":729},0.879910,0.120090,0.000000,0.000000,0.879910,0.095024,0.791277
0.028583648,5,91,snapshot,1024,878,0.933941,0.983553,0.933941,{"1":7463,"2":729},0.839408,0.160592,0.000000,0.000000,0.839408,0.094533,0.588652
0.028583648,5,91,snapshot,4096,253,0.893281,0.974165,0.893281,{"1":7463,"2":729},0.802372,0.197628,0.000000,0.000000,0.802372,0.090909,0.460000
0.028583648,5,91,snapshot,16384,75,0.720000,0.918175,0.720000,{"1":7463,"2":729},0.653333,0.333333,0.013333,0.000000,0.653333,0.066667,0.192308
0.028817471,5,92,read_only,64,1,1.000000,1.000000,1.000000,{"1":1},1.000000,0.000000,0.000000,0.000000,1.000000,0.000000,-1.000000
0.028817471,5,92,union,64,1,1.000000,1.000000,1.000000,{"1":1},1.000000,0.000000,0.000000,0.000000,1.000000,0.000000,-1.000000
0.028817471,5,92,snapshot,64,8192,1.000000,1.000000,1.000000,{"1":7463,"2":729},0.911011,0.088989,0.000000,0.000000,0.911011,0.088989,1.000000
0.028817471,5,92,read_only,256,1,1.000000,1.000000,1.000000,{"1":1},1.000000,0.000000,0.000000,0.000000,1.000000,0.000000,-1.000000
0.028817471,5,92,union,256,1,1.000000,1.000000,1.000000,{"1":1},1.000000,0.000000,0.000000,0.000000,1.000000,0.000000,-1.000000
0.028817471,5,92,snapshot,256,2673,0.974935,0.990834,0.974935,{"1":7463,"2":729},0.879910,0.120090,0.000000,0.000000,0.879910,0.095024,0.791277
0.028817471,5,92,read_only,1024,1,1.000000,1.000000,1.000000,{"1":1},1.000000,0.000000,0.000000,0.000000,1.000000,0.000000,-1.000000
0.028817471,5,92,union,1024,1,1.000000,1.000000,1.000000,{"1":1},1.000000,0.000000,0.000000,0.000000,1.000000,0.000000,-1.000000
0.028817471,5,92,snapshot,1024,879,0.934016,0.983572,0.934016,{"1":7463,"2":729},0.839590,0.160410,0.000000,0.000000,0.839590,0.094425,0.588652
0.028817471,5,92,read_only,4096,1,1.000000,1.000000,1.000000,{"1":1},1.000000,0.000000,0.000000,0.000000,1.000000,0.000000,-1.000000
0.028817471,5,92,union,4096,1,1.000000,1.000000,1.000000,{"1":1},1.000000,0.000000,0.000000,0.000000,1.000000,0.000000,-1.000000
0.028817471,5,92,snapshot,4096,253,0.893281,0.974165,0.893281,{"1":7463,"2":729},0.802372,0.197628,0.000000,0.000000,0.802372,0.090909,0.460000
0.028817471,5,92,read_only,16384,1,1.000000,1.000000,1.000000,{"1":1},1.000000,0.000000,0.000000,0.000000,1.000000,0.000000,-1.000000
0.028817471,5,92,union,16384,1,1.000000,1.000000,1.000000,{"1":1},1.000000,0.000000,0.000000,0.000000,1.000000,0.000000,-1.000000
0.028817471,5,92,snapshot,16384,75,0.720000,0.917985,0.720000,{"1":7463,"2":729},0.653333,0.333333,0.013333,0.000000,0.653333,0.066667,0.192308
0.029167763,5,93,read_only,64,7373,1.000000,1.000000,1.000000,{"1":7000,"2":373},0.949410,0.050590,0.000000,0.000000,0.949410,0.050590,1.000000
0.029167763,5,93,union,64,7373,1.000000,1.000000,1.000000,{"1":7000,"2":373},0.949410,0.050590,0.000000,0.000000,0.949410,0.050590,1.000000
0.029167763,5,93,snapshot,64,8192,1.000000,1.000000,1.000000,{"0":46,"1":7703,"2":443},0.940308,0.054077,0.000000,0.000000,0.940308,0.054077,1.000000
0.029167763,5,93,read_only,256,2798,1.000000,1.000000,1.000000,{"1":7000,"2":373},0.940315,0.059685,0.000000,0.000000,0.940315,0.059685,1.000000
0.029167763,5,93,union,256,2798,1.000000,1.000000,1.000000,{"1":7000,"2":373},0.940315,0.059685,0.000000,0.000000,0.940315,0.059685,1.000000
0.029167763,5,93,snapshot,256,3236,0.994438,0.997863,0.994438,{"0":46,"1":7703,"2":443},0.931706,0.063968,0.000000,0.000000,0.928307,0.061805,0.966184
0.029167763,5,93,read_only,1024,977,1.000000,1.000000,1.000000,{"1":7000,"2":373},0.927329,0.072671,0.000000,0.000000,0.927329,0.072671,1.000000
0.029167763,5,93,union,1024,977,1.000000,1.000000,1.000000,{"1":7000,"2":373},0.927329,0.072671,0.000000,0.000000,0.927329,0.072671,1.000000
0.029167763,5,93,snapshot,1024,1169,0.979470,0.994524,0.979470,{"0":46,"1":7703,"2":443},0.922156,0.071856,0.000000,0.000000,0.907613,0.065868,0.916667
0.029167763,5,93,read_only,4096,273,1.000000,1.000000,1.000000,{"1":7000,"2":373},0.923077,0.076923,0.000000,0.000000,0.923077,0.076923,1.000000
0.029167763,5,93,union,4096,273,1.000000,1.000000,1.000000,{"1":7000,"2":373},0.923077,0.076923,0.000000,0.000000,0.923077,0.076923,1.000000
0.029167763,5,93,snapshot,4096,342,0.935673,0.992063,0.935673,{"0":46,"1":7703,"2":443},0.923977,0.070175,0.000000,0.000000,0.874269,0.055556,0.791667
0.029167763,5,93,read_only,16384,73,0.958904,0.990535,0.958904,{"1":7000,"2":373},0.890411,0.109589,0.000000,0.000000,0.890411,0.068493,0.625000
0.029167763,5,93,union,16384,73,0.958904,0.990535,0.958904,{"1":7000,"2":373},0.890411,0.109589,0.000000,0.000000,0.890411,0.068493,0.625000
0.029167763,5,93,snapshot,16384,99,0.737374,0.965781,0.737374,{"0":46,"1":7703,"2":443},0.848485,0.151515,0.000000,0.000000,0.707071,0.030303,0.200000
0.029509752,5,94,read_only,64,2031,1.000000,1.000000,1.000000,{"1":1948,"2":83},0.959133,0.040867,0.000000,0.000000,0.959133,0.040867,1.000000
0.029509752,5,94,union,64,2031,1.000000,1.000000,1.000000,{"1":1948,"2":83},0.959133,0.040867,0.000000,0.000000,0.959133,0.040867,1.000000
0.029509752,5,94,snapshot,64,8192,1.000000,1.000000,1.000000,{"1":7814,"2":378},0.953857,0.046143,0.000000,0.000000,0.953857,0.046143,1.000000
0.029509752,5,94,read_only,256,866,1.000000,1.000000,1.000000,{"1":1948,"2":83},0.945727,0.054273,0.000000,0.000000,0.945727,0.054273,1.000000
0.029509752,5,94,union,256,866,1.000000,1.000000,1.000000,{"1":1948,"2":83},0.945727,0.054273,0.000000,0.000000,0.945727,0.054273,1.000000
0.029509752,5,94,snapshot,256,3302,1.000000,1.000000,1.000000,{"1":7814,"2":378},0.946093,0.053907,0.000000,0.000000,0.946093,0.053907,1.000000
0.029509752,5,94,read_only,1024,409,1.000000,1.000000,1.000000,{"1":1948,"2":83},0.926650,0.073350,0.000000,0.000000,0.926650,0.073350,1.000000
0.029509752,5,94,union,1024,409,1.000000,1.000000,1.000000,{"1":1948,"2":83},0.926650,0.073350,0.000000,0.000000,0.926650,0.073350,1.000000
0.029509752,5,94,snapshot,1024,1164,0.999141,0.999785,0.999141,{"1":7814,"2":378},0.939003,0.060997,0.000000,0.000000,0.939003,0.060137,0.985915
0.029509752,5,94,read_only,4096,161,1.000000,1.000000,1.000000,{"1":1948,"2":83},0.925466,0.074534,0.000000,0.000000,0.925466,0.074534,1.000000
0.029509752,5,94,union,4096,161,1.000000,1.000000,1.000000,{"1":1948,"2":83},0.925466,0.074534,0.000000,0.000000,0.925466,0.074534,1.000000
0.029509752,5,94,snapshot,4096,343,0.997085,0.999584,0.997085,{"1":7814,"2":378},0.932945,0.067055,0.000000,0.000000,0.932945,0.064140,0.956522
0.029509752,5,94,read_only,16384,56,0.946429,0.986070,0.946429,{"1":1948,"2":83},0.875000,0.125000,0.000000,0.000000,0.875000,0.071429,0.571429
0.029509752,5,94,union,16384,56,0.946429,0.986070,0.946429,{"1":1948,"2":83},0.875000,0.125000,0.000000,0.000000,0.875000,0.071429,0.571429
0.029509752,5,94,snapshot,16384,96,0.895833,0.974540,0.895833,{"1":7814,"2":378},0.854167,0.145833,0.000000,0.000000,0.854167,0.041667,0.285714
0.029782572,5,95,read_only,64,110,1.000000,1.000000,1.000000,{"1":109,"2":1},0.990909,0.009091,0.000000,0.000000,0.990909,0.009091,1.000000
0.029782572,5,95,union,64,110,1.000000,1.000000,1.000000,{"1":109,"2":1},0.990909,0.009091,0.000000,0.000000,0.990909,0.009091,1.000000
0.029782572,5,95,snapshot,64,8192,1.000000,1.000000,1.000000,{"1":7817,"2":375},0.954224,0.045776,0.000000,0.000000,0.954224,0.045776,1.000000
0.029782572,5,95,read_only,256,62,1.000000,1.000000,1.000000,{"1":109,"2":1},0.983871,0.016129,0.000000,0.000000,0.983871,0.016129,1.000000
0.029782572,5,95,union,256,62,1.000000,1.000000,1.000000,{"1":109,"2":1},0.983871,0.016129,0.000000,0.000000,0.983871,0.016129,1.000000
0.029782572,5,95,snapshot,256,3279,1.000000,1.000000,1.000000,{"1":7817,"2":375},0.945410,0.054590,0.000000,0.000000,0.945410,0.054590,1.000000
0.029782572,5,95,read_only,1024,37,1.000000,1.000000,1.000000,{"1":109,"2":1},0.972973,0.027027,0.000000,0.000000,0.972973,0.027027,1.000000
0.029782572,5,95,union,1024,37,1.000000,1.000000,1.000000,{"1":109,"2":1},0.972973,0.027027,0.000000,0.000000,0.972973,0.027027,1.000000
0.029782572,5,95,snapshot,1024,1146,0.999127,0.999782,0.999127,{"1":7817,"2":375},0.938045,0.061955,0.000000,0.000000,0.938045,0.061082,0.985915
0.029782572,5,95,read_only,4096,16,1.000000,1.000000,1.000000,{"1":109,"2":1},0.937500,0.062500,0.000000,0.000000,0.937500,0.062500,1.000000
0.029782572,5,95,union,4096,16,1.000000,1.000000,1.000000,{"1":109,"2":1},0.937500,0.062500,0.000000,0.000000,0.937500,0.062500,1.000000
0.029782572,5,95,snapshot,4096,339,0.997050,0.999579,0.997050,{"1":7817,"2":375},0.932153,0.067847,0.000000,0.000000,0.932153,0.064897,0.956522
0.029782572,5,95,read_only,16384,8,1.000000,1.000000,1.000000,{"1":109,"2":1},0.875000,0.125000,0.000000,0.000000,0.875000,0.125000,1.000000
0.029782572,5,95,union,16384,8,1.000000,1.000000,1.000000,{"1":109,"2":1},0.875000,0.125000,0.000000,0.000000,0.875000,0.125000,1.000000
0.029782572,5,95,snapshot,16384,95,0.894737,0.975001,0.894737,{"1":7817,"2":375},0.852632,0.147368,0.000000,0.000000,0.852632,0.042105,0.285714
0.030034664,5,96,read_only,64,73,1.000000,1.000000,1.000000,{"1":73},1.000000,0.000000,0.000000,0.000000,1.000000,0.000000,-1.000000
0.030034664,5,96,union,64,73,1.000000,1.000000,1.000000,{"1":73},1.000000,0.000000,0.000000,0.000000,1.000000,0.000000,-1.000000
0.030034664,5,96,snapshot,64,8192,1.000000,1.000000,1.000000,{"1":7820,"2":372},0.954590,0.045410,0.000000,0.000000,0.954590,0.045410,1.000000
0.030034664,5,96,read_only,256,54,1.000000,1.000000,1.000000,{"1":73},1.000000,0.000000,0.000000,0.000000,1.000000,0.000000,-1.000000
0.030034664,5,96,union,256,54,1.000000,1.000000,1.000000,{"1":73},1.000000,0.000000,0.000000,0.000000,1.000000,0.000000,-1.000000
0.030034664,5,96,snapshot,256,3281,1.000000,1.000000,1.000000,{"1":7820,"2":372},0.945443,0.054557,0.000000,0.000000,0.945443,0.054557,1.000000
0.030034664,5,96,read_only,1024,44,1.000000,1.000000,1.000000,{"1":73},1.000000,0.000000,0.000000,0.000000,1.000000,0.000000,-1.000000
0.030034664,5,96,union,1024,44,1.000000,1.000000,1.000000,{"1":73},1.000000,0.000000,0.000000,0.000000,1.000000,0.000000,-1.000000
0.030034664,5,96,snapshot,1024,1146,0.999127,0.999782,0.999127,{"1":7820,"2":372},0.938045,0.061955,0.000000,0.000000,0.938045,0.061082,0.985915
0.030034664,5,96,read_only,4096,22,1.000000,1.000000,1.000000,{"1":73},1.000000,0.000000,0.000000,0.000000,1.000000,0.000000,-1.000000
0.030034664,5,96,union,4096,22,1.000000,1.000000,1.000000,{"1":73},1.000000,0.000000,0.000000,0.000000,1.000000,0.000000,-1.000000
0.030034664,5,96,snapshot,4096,339,0.997050,0.999579,0.997050,{"1":7820,"2":372},0.932153,0.067847,0.000000,0.000000,0.932153,0.064897,0.956522
0.030034664,5,96,read_only,16384,12,1.000000,1.000000,1.000000,{"1":73},1.000000,0.000000,0.000000,0.000000,1.000000,0.000000,-1.000000
0.030034664,5,96,union,16384,12,1.000000,1.000000,1.000000,{"1":73},1.000000,0.000000,0.000000,0.000000,1.000000,0.000000,-1.000000
0.030034664,5,96,snapshot,16384,95,0.894737,0.978238,0.894737,{"1":7820,"2":372},0.852632,0.147368,0.000000,0.000000,0.852632,0.042105,0.285714
0.030271866,5,97,read_only,64,4,1.000000,1.000000,1.000000,{"1":4},1.000000,0.000000,0.000000,0.000000,1.000000,0.000000,-1.000000
0.030271866,5,97,union,64,4,1.000000,1.000000,1.000000,{"1":4},1.000000,0.000000,0.000000,0.000000,1.000000,0.000000,-1.000000
0.030271866,5,97,snapshot,64,8192,1.000000,1.000000,1.000000,{"1":7821,"2":371},0.954712,0.045288,0.000000,0.000000,0.954712,0.045288,1.000000
0.030271866,5,97,read_only,256,4,1.000000,1.000000,1.000000,{"1":4},1.000000,0.000000,0.000000,0.000000,1.000000,0.000000,-1.000000
0.030271866,5,97,union,256,4,1.000000,1.000000,1.000000,{"1":4},1.000000,0.000000,0.000000,0.000000,1.000000,0.000000,-1.000000
0.030271866,5,97,snapshot,256,3280,1.000000,1.000000,1.000000,{"1":7821,"2":371},0.945732,0.054268,0.000000,0.000000,0.945732,0.054268,1.000000
0.030271866,5,97,read_only,1024,4,1.000000,1.000000,1.000000,{"1":4},1.000000,0.000000,0.000000,0.000000,1.000000,0.000000,-1.000000
0.030271866,5,97,union,1024,4,1.000000,1.000000,1.000000,{"1":4},1.000000,0.000000,0.000000,0.000000,1.000000,0.000000,-1.000000
0.030271866,5,97,snapshot,1024,1145,0.999127,0.999782,0.999127,{"1":7821,"2":371},0.938865,0.061135,0.000000,0.000000,0.938865,0.060262,0.985714
0.030271866,5,97,read_only,4096,3,1.000000,1.000000,1.000000,{"1":4},1.000000,0.000000,0.000000,0.000000,1.000000,0.000000,-1.000000
0.030271866,5,97,union,4096,3,1.000000,1.000000,1.000000,{"1":4},1.000000,0.000000,0.000000,0.000000,1.000000,0.000000,-1.000000
0.030271866,5,97,snapshot,4096,339,0.997050,0.999579,0.997050,{"1":7821,"2":371},0.932153,0.067847,0.000000,0.000000,0.932153,0.064897,0.956522
0.030271866,5,97,read_only,16384,3,1.000000,1.000000,1.000000,{"1":4},1.000000,0.000000,0.000000,0.000000,1.000000,0.000000,-1.000000
0.030271866,5,97,union,16384,3,1.000000,1.000000,1.000000,{"1":4},1.000000,0.000000,0.000000,0.000000,1.000000,0.000000,-1.000000
0.030271866,5,97,snapshot,16384,95,0.894737,0.978236,0.894737,{"1":7821,"2":371},0.852632,0.147368,0.000000,0.000000,0.852632,0.042105,0.285714
0.031443473,5,98,read_only,64,3971,1.000000,1.000000,1.000000,{"1":3971},1.000000,0.000000,0.000000,0.000000,1.000000,0.000000,-1.000000
0.031443473,5,98,union,64,3971,1.000000,1.000000,1.000000,{"1":3971},1.000000,0.000000,0.000000,0.000000,1.000000,0.000000,-1.000000
0.031443473,5,98,snapshot,64,8192,1.000000,1.000000,1.000000,{"1":8049,"2":143},0.982544,0.017456,0.000000,0.000000,0.982544,0.017456,1.000000
0.031443473,5,98,read_only,256,1476,1.000000,1.000000,1.000000,{"1":3971},1.000000,0.000000,0.000000,0.000000,1.000000,0.000000,-1.000000
0.031443473,5,98,union,256,1476,1.000000,1.000000,1.000000,{"1":3971},1.000000,0.000000,0.000000,0.000000,1.000000,0.000000,-1.000000
0.031443473,5,98,snapshot,256,3100,0.994839,0.997984,0.994839,{"1":8049,"2":143},0.969032,0.030968,0.000000,0.000000,0.969032,0.025806,0.833333
0.031443473,5,98,read_only,1024,488,1.000000,1.000000,1.000000,{"1":3971},1.000000,0.000000,0.000000,0.000000,1.000000,0.000000,-1.000000
0.031443473,5,98,union,1024,488,1.000000,1.000000,1.000000,{"1":3971},1.000000,0.000000,0.000000,0.000000,1.000000,0.000000,-1.000000
0.031443473,5,98,snapshot,1024,1059,0.992446,0.997344,0.992446,{"1":8049,"2":143},0.956563,0.043437,0.000000,0.000000,0.956563,0.035883,0.826087
0.031443473,5,98,read_only,4096,145,1.000000,1.000000,1.000000,{"1":3971},1.000000,0.000000,0.000000,0.000000,1.000000,0.000000,-1.000000
0.031443473,5,98,union,4096,145,1.000000,1.000000,1.000000,{"1":3971},1.000000,0.000000,0.000000,0.000000,1.000000,0.000000,-1.000000
0.031443473,5,98,snapshot,4096,314,0.993631,0.997064,0.993631,{"1":8049,"2":143},0.952229,0.047771,0.000000,0.000000,0.952229,0.041401,0.866667
0.031443473,5,98,read_only,16384,47,1.000000,1.000000,1.000000,{"1":3971},1.000000,0.000000,0.000000,0.000000,1.000000,0.000000,-1.000000
0.031443473,5,98,union,16384,47,1.000000,1.000000,1.000000,{"1":3971},1.000000,0.000000,0.000000,0.000000,1.000000,0.000000,-1.000000
0.031443473,5,98,snapshot,16384,92,0.945652,0.982508,0.945652,{"1":8049,"2":143},0.902174,0.097826,0.000000,0.000000,0.902174,0.043478,0.444444
0.031715917,5,99,read_only,64,760,1.000000,1.000000,1.000000,{"1":760},1.000000,0.000000,0.000000,0.000000,1.000000,0.000000,-1.000000
0.031715917,5,99,union,64,760,1.000000,1.000000,1.000000,{"1":760},1.000000,0.000000,0.000000,0.000000,1.000000,0.000000,-1.000000
0.031715917,5,99,snapshot,64,8192,1.000000,1.000000,1.000000,{"1":8076,"2":116},0.985840,0.014160,0.000000,0.000000,0.985840,0.014160,1.000000
0.031715917,5,99,read_only,256,308,1.000000,1.000000,1.000000,{"1":760},1.000000,0.000000,0.000000,0.000000,1.000000,0.000000,-1.000000
0.031715917,5,99,union,256,308,1.000000,1.000000,1.000000,{"1":760},1.000000,0.000000,0.000000,0.000000,1.000000,0.000000,-1.000000
0.031715917,5,99,snapshot,256,3070,0.994788,0.997937,0.994788,{"1":8076,"2":116},0.974267,0.025733,0.000000,0.000000,0.974267,0.020521,0.797468
0.031715917,5,99,read_only,1024,129,1.000000,1.000000,1.000000,{"1":760},1.000000,0.000000,0.000000,0.000000,1.000000,0.000000,-1.000000
0.031715917,5,99,union,1024,129,1.000000,1.000000,1.000000,{"1":760},1.000000,0.000000,0.000000,0.000000,1.000000,0.000000,-1.000000
0.031715917,5,99,snapshot,1024,1047,0.992359,0.997434,0.992359,{"1":8076,"2":116},0.962751,0.037249,0.000000,0.000000,0.962751,0.029608,0.794872
0.031715917,5,99,read_only,4096,51,1.000000,1.000000,1.000000,{"1":760},1.000000,0.000000,0.000000,0.000000,1.000000,0.000000,-1.000000
0.031715917,5,99,union,4096,51,1.000000,1.000000,1.000000,{"1":760},1.000000,0.000000,0.000000,0.000000,1.000000,0.000000,-1.000000
0.031715917,5,99,snapshot,4096,313,0.993610,0.997141,0.993610,{"1":8076,"2":116},0.955272,0.044728,0.000000,0.000000,0.955272,0.038339,0.857143
0.031715917,5,99,read_only,16384,25,0.920000,0.970353,0.920000,{"1":760},0.920000,0.080000,0.000000,0.000000,0.920000,0.000000,0.000000
0.031715917,5,99,union,16384,25,0.920000,0.970353,0.920000,{"1":760},0.920000,0.080000,0.000000,0.000000,0.920000,0.000000,0.000000
0.031715917,5,99,snapshot,16384,92,0.923913,0.972668,0.923913,{"1":8076,"2":116},0.880435,0.119565,0.000000,0.000000,0.880435,0.043478,0.363636
0.031948933,5,100,read_only,64,139,1.000000,1.000000,1.000000,{"1":139},1.000000,0.000000,0.000000,0.000000,1.000000,0.000000,-1.000000
0.031948933,5,100,union,64,139,1.000000,1.000000,1.000000,{"1":139},1.000000,0.000000,0.000000,0.000000,1.000000,0.000000,-1.000000
0.031948933,5,100,snapshot,64,8192,1.000000,1.000000,1.000000,{"0":1,"1":8078,"2":113},0.986084,0.013794,0.000000,0.000000,0.986084,0.013794,1.000000
0.031948933,5,100,read_only,256,81,1.000000,1.000000,1.000000,{"1":139},1.000000,0.000000,0.000000,0.000000,1.000000,0.000000,-1.000000
0.031948933,5,100,union,256,81,1.000000,1.000000,1.000000,{"1":139},1.000000,0.000000,0.000000,0.000000,1.000000,0.000000,-1.000000
0.031948933,5,100,snapshot,256,3045,0.994417,0.997811,0.994417,{"0":1,"1":8078,"2":113},0.975041,0.024959,0.000000,0.000000,0.974713,0.019704,0.789474
0.031948933,5,100,read_only,1024,45,1.000000,1.000000,1.000000,{"1":139},1.000000,0.000000,0.000000,0.000000,1.000000,0.000000,-1.000000
0.031948933,5,100,union,1024,45,1.000000,1.000000,1.000000,{"1":139},1.000000,0.000000,0.000000,0.000000,1.000000,0.000000,-1.000000
0.031948933,5,100,snapshot,1024,1032,0.991279,0.997259,0.991279,{"0":1,"1":8078,"2":113},0.963178,0.036822,0.000000,0.000000,0.962209,0.029070,0.789474
0.031948933,5,100,read_only,4096,22,1.000000,1.000000,1.000000,{"1":139},1.000000,0.000000,0.000000,0.000000,1.000000,0.000000,-1.000000
0.031948933,5,100,union,4096,22,1.000000,1.000000,1.000000,{"1":139},1.000000,0.000000,0.000000,0.000000,1.000000,0.000000,-1.000000
0.031948933,5,100,snapshot,4096,311,0.990354,0.996953,0.990354,{"0":1,"1":8078,"2":113},0.954984,0.045016,0.000000,0.000000,0.951768,0.038585,0.857143
0.031948933,5,100,read_only,16384,12,1.000000,1.000000,1.000000,{"1":139},1.000000,0.000000,0.000000,0.000000,1.000000,0.000000,-1.000000
0.031948933,5,100,union,16384,12,1.000000,1.000000,1.000000,{"1":139},1.000000,0.000000,0.000000,0.000000,1.000000,0.000000,-1.000000
0.031948933,5,100,snapshot,16384,92,0.913043,0.972346,0.913043,{"0":1,"1":8078,"2":113},0.880435,0.119565,0.000000,0.000000,0.869565,0.043478,0.363636
0.032191417,5,101,read_only,64,301,1.000000,1.000000,1.000000,{"1":301},1.000000,0.000000,0.000000,0.000000,1.000000,0.000000,-1.000000
0.032191417,5,101,union,64,301,1.000000,1.000000,1.000000,{"1":301},1.000000,0.000000,0.000000,0.000000,1.000000,0.000000,-1.000000
0.032191417,5,101,snapshot,64,8192,1.000000,1.000000,1.000000,{"1":8091,"2":101},0.987671,0.012329,0.000000,0.000000,0.987671,0.012329,1.000000
0.032191417,5,101,read_only,256,192,1.000000,1.000000,1.000000,{"1":301},1.000000,0.000000,0.000000,0.000000,1.000000,0.000000,-1.000000
0.032191417,5,101,union,256,192,1.000000,1.000000,1.000000,{"1":301},1.000000,0.000000,0.000000,0.000000,1.000000,0.000000,-1.000000
0.032191417,5,101,snapshot,256,3024,0.994709,0.997906,0.994709,{"1":8091,"2":101},0.976521,0.023479,0.000000,0.000000,0.976521,0.018188,0.774648
0.032191417,5,101,read_only,1024,110,1.000000,1.000000,1.000000,{"1":301},1.000000,0.000000,0.000000,0.000000,1.000000,0.000000,-1.000000
0.032191417,5,101,union,1024,110,1.000000,1.000000,1.000000,{"1":301},1.000000,0.000000,0.000000,0.000000,1.000000,0.000000,-1.000000
0.032191417,5,101,snapshot,1024,1016,0.992126,0.997356,0.992126,{"1":8091,"2":101},0.966535,0.033465,0.000000,0.000000,0.966535,0.025591,0.764706
0.032191417,5,101,read_only,4096,49,1.000000,1.000000,1.000000,{"1":301},1.000000,0.000000,0.000000,0.000000,1.000000,0.000000,-1.000000
0.032191417,5,101,union,4096,49,1.000000,1.000000,1.000000,{"1":301},1.000000,0.000000,0.000000,0.000000,1.000000,0.000000,-1.000000
0.032191417,5,101,snapshot,4096,308,0.993506,0.997094,0.993506,{"1":8091,"2":101},0.954545,0.045455,0.000000,0.000000,0.954545,0.038961,0.857143
0.032191417,5,101,read_only,16384,25,1.000000,1.000000,1.000000,{"1":301},1.000000,0.000000,0.000000,0.000000,1.000000,0.000000,-1.000000
0.032191417,5,101,union,16384,25,1.000000,1.000000,1.000000,{"1":301},1.000000,0.000000,0.000000,0.000000,1.000000,0.000000,-1.000000
0.032191417,5,101,snapshot,16384,90,0.922222,0.972592,0.922222,{"1":8091,"2":101},0.877778,0.122222,0.000000,0.000000,0.877778,0.044444,0.363636
0.032434377,5,102,read_only,64,335,1.000000,1.000000,1.000000,{"1":334,"2":1},0.997015,0.002985,0.000000,0.000000,0.997015,0.002985,1.000000
0.032434377,5,102,union,64,336,1.000000,1.000000,1.000000,{"1":335,"2":1},0.997024,0.002976,0.000000,0.000000,0.997024,0.002976,1.000000
0.032434377,5,102,snapshot,64,8192,1.000000,1.000000,1.000000,{"0":1,"1":8102,"2":89},0.989014,0.010864,0.000000,0.000000,0.989014,0.010864,1.000000
0.032434377,5,102,read_only,256,241,1.000000,1.000000,1.000000,{"1":334,"2":1},0.995851,0.004149,0.000000,0.000000,0.995851,0.004149,1.000000
0.032434377,5,102,union,256,241,0.995851,0.997925,0.995851,{"1":335,"2":1},0.995851,0.004149,0.000000,0.000000,0.995851,0.000000,0.000000
0.032434377,5,102,snapshot,256,3061,0.995100,0.998067,0.995100,{"0":1,"1":8102,"2":89},0.978112,0.021562,0.000000,0.000000,0.978112,0.016661,0.772727
0.032434377,5,102,read_only,1024,144,1.000000,1.000000,1.000000,{"1":334,"2":1},0.993056,0.006944,0.000000,0.000000,0.993056,0.006944,1.000000
0.032434377,5,102,union,1024,144,0.993056,0.996528,0.993056,{"1":335,"2":1},0.993056,0.006944,0.000000,0.000000,0.993056,0.000000,0.000000
0.032434377,5,102,snapshot,1024,1016,0.991142,0.997188,0.991142,{"0":1,"1":8102,"2":89},0.968504,0.031496,0.000000,0.000000,0.967520,0.023622,0.750000
0.032434377,5,102,read_only,4096,62,1.000000,1.000000,1.000000,{"1":334,"2":1},0.983871,0.016129,0.000000,0.000000,0.983871,0.016129,1.000000
0.032434377,5,102,union,4096,62,0.983871,0.991935,0.983871,{"1":335,"2":1},0.983871,0.016129,0.000000,0.000000,0.983871,0.000000,0.000000
0.032434377,5,102,snapshot,4096,305,0.990164,0.996959,0.990164,{"0":1,"1":8102,"2":89},0.960656,0.039344,0.000000,0.000000,0.957377,0.032787,0.833333
0.032434377,5,102,read_only,16384,25,0.960000,0.992500,0.960000,{"1":334,"2":1},0.920000,0.080000,0.000000,0.000000,0.920000,0.040000,0.500000
0.032434377,5,102,union,16384,25,0.920000,0.972500,0.920000,{"1":335,"2":1},0.920000,0.080000,0.000000,0.000000,0.920000,0.000000,0.000000
0.032434377,5,102,snapshot,16384,88,0.920455,0.977280,0.920455,{"0":1,"1":8102,"2":89},0.886364,0.113636,0.000000,0.000000,0.875000,0.045455,0.400000
0.032682057,5,103,read_only,64,1688,1.000000,1.000000,1.000000,{"1":1687,"2":1},0.999408,0.000592,0.000000,0.000000,0.999408,0.000592,1.000000
0.032682057,5,103,union,64,1702,1.000000,1.000000,1.000000,{"1":1701,"2":1},0.999412,0.000588,0.000000,0.000000,0.999412,0.000588,1.000000
0.032682057,5,103,snapshot,64,8192,1.000000,1.000000,1.000000,{"1":8144,"2":48},0.994141,0.005859,0.000000,0.000000,0.994141,0.005859,1.000000
0.032682057,5,103,read_only,256,780,1.000000,1.000000,1.000000,{"1":1687,"2":1},0.998718,0.001282,0.000000,0.000000,0.998718,0.001282,1.000000
0.032682057,5,103,union,256,788,1.000000,1.000000,1.000000,{"1":1701,"2":1},0.998731,0.001269,0.000000,0.000000,0.998731,0.001269,1.000000
0.032682057,5,103,snapshot,256,3132,0.994253,0.997765,0.994253,{"1":8144,"2":48},0.983716,0.016284,0.000000,0.000000,0.983716,0.010536,0.647059
0.032682057,5,103,read_only,1024,310,1.000000,1.000000,1.000000,{"1":1687,"2":1},0.996774,0.003226,0.000000,0.000000,0.996774,0.003226,1.000000
0.032682057,5,103,union,1024,314,1.000000,1.000000,1.000000,{"1":1701,"2":1},0.996815,0.003185,0.000000,0.000000,0.996815,0.003185,1.000000
0.032682057,5,103,snapshot,1024,1046,0.992352,0.997433,0.992352,{"1":8144,"2":48},0.974187,0.025813,0.000000,0.000000,0.974187,0.018164,0.703704
0.032682057,5,103,read_only,4096,103,1.000000,1.000000,1.000000,{"1":1687,"2":1},0.990291,0.009709,0.000000,0.000000,0.990291,0.009709,1.000000
0.032682057,5,103,union,4096,104,0.990385,0.995192,0.990385,{"1":1701,"2":1},0.990385,0.009615,0.000000,0.000000,0.990385,0.000000,0.000000
0.032682057,5,103,snapshot,4096,306,0.993464,0.997646,0.993464,{"1":8144,"2":48},0.964052,0.035948,0.000000,0.000000,0.964052,0.029412,0.818182
0.032682057,5,103,read_only,16384,34,1.000000,1.000000,1.000000,{"1":1687,"2":1},0.970588,0.029412,0.000000,0.000000,0.970588,0.029412,1.000000
0.032682057,5,103,union,16384,34,0.970588,0.998039,0.970588,{"1":1701,"2":1},0.970588,0.029412,0.000000,0.000000,0.970588,0.000000,0.000000
0.032682057,5,103,snapshot,16384,91,0.934066,0.979253,0.934066,{"1":8144,"2":48},0.890110,0.109890,0.000000,0.000000,0.890110,0.043956,0.400000
0.032931156,5,104,read_only,64,375,1.000000,1.000000,1.000000,{"1":371,"2":4},0.989333,0.010667,0.000000,0.000000,0.989333,0.010667,1.000000
0.032931156,5,104,union,64,389,1.000000,1.000000,1.000000,{"1":385,"2":4},0.989717,0.010283,0.000000,0.000000,0.989717,0.010283,1.000000
0.032931156,5,104,snapshot,64,8192,1.000000,1.000000,1.000000,{"1":8158,"2":34},0.995850,0.004150,0.000000,0.000000,0.995850,0.004150,1.000000
0.032931156,5,104,read_only,256,213,1.000000,1.000000,1.000000,{"1":371,"2":4},0.985915,0.014085,0.000000,0.000000,0.985915,0.014085,1.000000
0.032931156,5,104,union,256,224,0.995536,0.998512,0.995536,{"1":385,"2":4},0.986607,0.013393,0.000000,0.000000,0.986607,0.008929,0.666667
0.032931156,5,104,snapshot,256,3133,0.995531,0.998244,0.995531,{"1":8158,"2":34},0.988190,0.011810,0.000000,0.000000,0.988190,0.007341,0.621622
0.032931156,5,104,read_only,1024,105,1.000000,1.000000,1.000000,{"1":371,"2":4},0.971429,0.028571,0.000000,0.000000,0.971429,0.028571,1.000000
0.032931156,5,104,union,1024,110,0.981818,0.992424,0.981818,{"1":385,"2":4},0.972727,0.027273,0.000000,0.000000,0.972727,0.009091,0.333333
0.032931156,5,104,snapshot,1024,1053,0.993352,0.998021,0.993352,{"1":8158,"2":34},0.977208,0.022792,0.000000,0.000000,0.977208,0.016144,0.708333
0.032931156,5,104,read_only,4096,43,1.000000,1.000000,1.000000,{"1":371,"2":4},0.976744,0.023256,0.000000,0.000000,0.976744,0.023256,1.000000
0.032931156,5,104,union,4096,44,0.977273,0.990909,0.977273,{"1":385,"2":4},0.977273,0.022727,0.000000,0.000000,0.977273,0.000000,0.000000
0.032931156,5,104,snapshot,4096,307,0.993485,0.998303,0.993485,{"1":8158,"2":34},0.964169,0.035831,0.000000,0.000000,0.964169,0.029316,0.818182
0.032931156,5,104,read_only,16384,22,0.909091,0.954849,0.909091,{"1":371,"2":4},0.863636,0.090909,0.045455,0.000000,0.863636,0.045455,0.333333
0.032931156,5,104,union,16384,22,0.863636,0.944748,0.863636,{"1":385,"2":4},0.863636,0.090909,0.045455,0.000000,0.863636,0.000000,0.000000
0.032931156,5,104,snapshot,16384,93,0.924731,0.974139,0.924731,{"1":8158,"2":34},0.881720,0.107527,0.010753,0.000000,0.881720,0.043011,0.363636
0.033163372,5,105,snapshot,64,8192,1.000000,1.000000,1.000000,{"1":8158,"2":34},0.995850,0.004150,0.000000,0.000000,0.995850,0.004150,1.000000
0.033163372,5,105,snapshot,256,3133,0.995531,0.998244,0.995531,{"1":8158,"2":34},0.988190,0.011810,0.000000,0.000000,0.988190,0.007341,0.621622
0.033163372,5,105,snapshot,1024,1053,0.993352,0.998021,0.993352,{"1":8158,"2":34},0.977208,0.022792,0.000000,0.000000,0.977208,0.016144,0.708333
0.033163372,5,105,snapshot,4096,307,0.993485,0.998303,0.993485,{"1":8158,"2":34},0.964169,0.035831,0.000000,0.000000,0.964169,0.029316,0.818182
0.033163372,5,105,snapshot,16384,93,0.924731,0.974139,0.924731,{"1":8158,"2":34},0.881720,0.107527,0.010753,0.000000,0.881720,0.043011,0.363636
0.033397625,5,106,read_only,64,35,1.000000,1.000000,1.000000,{"1":35},1.000000,0.000000,0.000000,0.000000,1.000000,0.000000,-1.000000
0.033397625,5,106,union,64,35,1.000000,1.000000,1.000000,{"1":35},1.000000,0.000000,0.000000,0.000000,1.000000,0.000000,-1.000000
0.033397625,5,106,snapshot,64,8192,1.000000,1.000000,1.000000,{"1":8163,"2":29},0.996460,0.003540,0.000000,0.000000,0.996460,0.003540,1.000000
0.033397625,5,106,read_only,256,28,1.000000,1.000000,1.000000,{"1":35},1.000000,0.000000,0.000000,0.000000,1.000000,0.000000,-1.000000
0.033397625,5,106,union,256,28,1.000000,1.000000,1.000000,{"1":35},1.000000,0.000000,0.000000,0.000000,1.000000,0.000000,-1.000000
0.033397625,5,106,snapshot,256,3133,0.995531,0.998244,0.995531,{"1":8163,"2":29},0.989467,0.010533,0.000000,0.000000,0.989467,0.006064,0.575758
0.033397625,5,106,read_only,1024,21,1.000000,1.000000,1.000000,{"1":35},1.000000,0.000000,0.000000,0.000000,1.000000,0.000000,-1.000000
0.033397625,5,106,union,1024,21,1.000000,1.000000,1.000000,{"1":35},1.000000,0.000000,0.000000,0.000000,1.000000,0.000000,-1.000000
0.033397625,5,106,snapshot,1024,1052,0.993346,0.998019,0.993346,{"1":8163,"2":29},0.978137,0.021863,0.000000,0.000000,0.978137,0.015209,0.695652
0.033397625,5,106,read_only,4096,12,1.000000,1.000000,1.000000,{"1":35},1.000000,0.000000,0.000000,0.000000,1.000000,0.000000,-1.000000
0.033397625,5,106,union,4096,12,1.000000,1.000000,1.000000,{"1":35},1.000000,0.000000,0.000000,0.000000,1.000000,0.000000,-1.000000
0.033397625,5,106,snapshot,4096,308,0.993506,0.998309,0.993506,{"1":8163,"2":29},0.964286,0.035714,0.000000,0.000000,0.964286,0.029221,0.818182
0.033397625,5,106,read_only,16384,11,1.000000,1.000000,1.000000,{"1":35},1.000000,0.000000,0.000000,0.000000,1.000000,0.000000,-1.000000
0.033397625,5,106,union,16384,11,1.000000,1.000000,1.000000,{"1":35},1.000000,0.000000,0.000000,0.000000,1.000000,0.000000,-1.000000
0.033397625,5,106,snapshot,16384,93,0.924731,0.973539,0.924731,{"1":8163,"2":29},0.881720,0.107527,0.010753,0.000000,0.881720,0.043011,0.363636
0.033867272,5,107,read_only,64,1535,1.000000,1.000000,1.000000,{"1":1527,"2":8},0.994788,0.005212,0.000000,0.000000,0.994788,0.005212,1.000000
0.033867272,5,107,union,64,1546,1.000000,1.000000,1.000000,{"1":1538,"2":8},0.994825,0.005175,0.000000,0.000000,0.994825,0.005175,1.000000
0.033867272,5,107,snapshot,64,8192,1.000000,1.000000,1.000000,{"1":8174,"2":18},0.997803,0.002197,0.000000,0.000000,0.997803,0.002197,1.000000
0.033867272,5,107,read_only,256,746,1.000000,1.000000,1.000000,{"1":1527,"2":8},0.990617,0.009383,0.000000,0.000000,0.990617,0.009383,1.000000
0.033867272,5,107,union,256,753,0.996016,0.998008,0.996016,{"1":1538,"2":8},0.990704,0.009296,0.000000,0.000000,0.990704,0.005312,0.571429
0.033867272,5,107,snapshot,256,2985,0.921608,0.973227,0.921608,{"1":8174,"2":18},0.920268,0.079732,0.000000,0.000000,0.920268,0.001340,0.016807
0.033867272,5,107,read_only,1024,294,1.000000,1.000000,1.000000,{"1":1527,"2":8},0.986395,0.013605,0.000000,0.000000,0.986395,0.013605,1.000000
0.033867272,5,107,union,1024,298,0.993289,0.997204,0.993289,{"1":1538,"2":8},0.986577,0.013423,0.000000,0.000000,0.986577,0.006711,0.500000
0.033867272,5,107,snapshot,1024,1001,0.908092,0.973740,0.908092,{"1":8174,"2":18},0.905095,0.094905,0.000000,0.000000,0.905095,0.002997,0.031579
0.033867272,5,107,read_only,4096,104,1.000000,1.000000,1.000000,{"1":1527,"2":8},0.980769,0.019231,0.000000,0.000000,0.980769,0.019231,1.000000
0.033867272,5,107,union,4096,104,0.980769,0.993960,0.980769,{"1":1538,"2":8},0.980769,0.019231,0.000000,0.000000,0.980769,0.000000,0.000000
0.033867272,5,107,snapshot,4096,294,0.911565,0.975439,0.911565,{"1":8174,"2":18},0.901361,0.098639,0.000000,0.000000,0.901361,0.010204,0.103448
0.033867272,5,107,read_only,16384,39,1.000000,1.000000,1.000000,{"1":1527,"2":8},0.974359,0.025641,0.000000,0.000000,0.974359,0.025641,1.000000
0.033867272,5,107,union,16384,39,0.974359,0.989204,0.974359,{"1":1538,"2":8},0.974359,0.025641,0.000000,0.000000,0.974359,0.000000,0.000000
0.033867272,5,107,snapshot,16384,87,0.850575,0.941916,0.850575,{"1":8174,"2":18},0.839080,0.149425,0.011494,0.000000,0.839080,0.011494,0.071429
0.034100463,5,108,read_only,64,5,1.000000,1.000000,1.000000,{"1":5},1.000000,0.000000,0.000000,0.000000,1.000000,0.000000,-1.000000
0.034100463,5,108,union,64,5,1.000000,1.000000,1.000000,{"1":5},1.000000,0.000000,0.000000,0.000000,1.000000,0.000000,-1.000000
0.034100463,5,108,snapshot,64,8192,1.000000,1.000000,1.000000,{"1":8174,"2":18},0.997803,0.002197,0.000000,0.000000,0.997803,0.002197,1.000000
0.034100463,5,108,read_only,256,3,1.000000,1.000000,1.000000,{"1":5},1.000000,0.000000,0.000000,0.000000,1.000000,0.000000,-1.000000
0.034100463,5,108,union,256,3,1.000000,1.000000,1.000000,{"1":5},1.000000,0.000000,0.000000,0.000000,1.000000,0.000000,-1.000000
0.034100463,5,108,snapshot,256,2982,0.921529,0.973200,0.921529,{"1":8174,"2":18},0.920188,0.079812,0.000000,0.000000,0.920188,0.001341,0.016807
0.034100463,5,108,read_only,1024,3,1.000000,1.000000,1.000000,{"1":5},1.000000,0.000000,0.000000,0.000000,1.000000,0.000000,-1.000000
0.034100463,5,108,union,1024,3,1.000000,1.000000,1.000000,{"1":5},1.000000,0.000000,0.000000,0.000000,1.000000,0.000000,-1.000000
0.034100463,5,108,snapshot,1024,1000,0.908000,0.973714,0.908000,{"1":8174,"2":18},0.905000,0.095000,0.000000,0.000000,0.905000,0.003000,0.031579
0.034100463,5,108,read_only,4096,3,1.000000,1.000000,1.000000,{"1":5},1.000000,0.000000,0.000000,0.000000,1.000000,0.000000,-1.000000
0.034100463,5,108,union,4096,3,1.000000,1.000000,1.000000,{"1":5},1.000000,0.000000,0.000000,0.000000,1.000000,0.000000,-1.000000
0.034100463,5,108,snapshot,4096,294,0.911565,0.975439,0.911565,{"1":8174,"2":18},0.901361,0.098639,0.000000,0.000000,0.901361,0.010204,0.103448
0.034100463,5,108,read_only,16384,3,1.000000,1.000000,1.000000,{"1":5},1.000000,0.000000,0.000000,0.000000,1.000000,0.000000,-1.000000
0.034100463,5,108,union,16384,3,1.000000,1.000000,1.000000,{"1":5},1.000000,0.000000,0.000000,0.000000,1.000000,0.000000,-1.000000
0.034100463,5,108,snapshot,16384,87,0.850575,0.942207,0.850575,{"1":8174,"2":18},0.839080,0.149425,0.011494,0.000000,0.839080,0.011494,0.071429
0.034352980,5,109,read_only,64,976,1.000000,1.000000,1.000000,{"1":973,"2":3},0.996926,0.003074,0.000000,0.000000,0.996926,0.003074,1.000000
0.034352980,5,109,union,64,977,1.000000,1.000000,1.000000,{"1":974,"2":3},0.996929,0.003071,0.000000,0.000000,0.996929,0.003071,1.000000
0.034352980,5,109,snapshot,64,8192,1.000000,1.000000,1.000000,{"1":8175,"2":17},0.997925,0.002075,0.000000,0.000000,0.997925,0.002075,1.000000
0.034352980,5,109,read_only,256,419,1.000000,1.000000,1.000000,{"1":973,"2":3},0.995227,0.004773,0.000000,0.000000,0.995227,0.004773,1.000000
0.034352980,5,109,union,256,420,1.000000,1.000000,1.000000,{"1":974,"2":3},0.995238,0.004762,0.000000,0.000000,0.995238,0.004762,1.000000
0.034352980,5,109,snapshot,256,3037,0.922950,0.973795,0.922950,{"1":8175,"2":17},0.922621,0.077379,0.000000,0.000000,0.922621,0.000329,0.004255
0.034352980,5,109,read_only,1024,182,1.000000,1.000000,1.000000,{"1":973,"2":3},0.989011,0.010989,0.000000,0.000000,0.989011,0.010989,1.000000
0.034352980,5,109,union,1024,183,1.000000,1.000000,1.000000,{"1":974,"2":3},0.989071,0.010929,0.000000,0.000000,0.989071,0.010929,1.000000
0.034352980,5,109,snapshot,1024,1028,0.910506,0.974300,0.910506,{"1":8175,"2":17},0.910506,0.089494,0.000000,0.000000,0.910506,0.000000,0.000000
0.034352980,5,109,read_only,4096,69,1.000000,1.000000,1.000000,{"1":973,"2":3},0.971014,0.028986,0.000000,0.000000,0.971014,0.028986,1.000000
0.034352980,5,109,union,4096,69,0.985507,0.992754,0.985507,{"1":974,"2":3},0.971014,0.028986,0.000000,0.000000,0.971014,0.014493,0.500000
0.034352980,5,109,snapshot,4096,302,0.913907,0.975895,0.913907,{"1":8175,"2":17},0.913907,0.086093,0.000000,0.000000,0.913907,0.000000,0.000000
0.034352980,5,109,read_only,16384,31,0.870968,0.961604,0.870968,{"1":973,"2":3},0.838710,0.161290,0.000000,0.000000,0.838710,0.032258,0.200000
0.034352980,5,109,union,16384,31,0.838710,0.953539,0.838710,{"1":974,"2":3},0.838710,0.161290,0.000000,0.000000,0.838710,0.000000,0.000000
0.034352980,5,109,snapshot,16384,93,0.817204,0.937730,0.817204,{"1":8175,"2":17},0.817204,0.172043,0.010753,0.000000,0.817204,0.000000,0.000000
0.034586194,5,110,snapshot,64,8192,1.000000,1.000000,1.000000,{"1":8175,"2":17},0.997925,0.002075,0.000000,0.000000,0.997925,0.002075,1.000000
0.034586194,5,110,snapshot,256,3037,0.922950,0.973795,0.922950,{"1":8175,"2":17},0.922621,0.077379,0.000000,0.000000,0.922621,0.000329,0.004255
0.034586194,5,110,snapshot,1024,1028,0.910506,0.974300,0.910506,{"1":8175,"2":17},0.910506,0.089494,0.000000,0.000000,0.910506,0.000000,0.000000
0.034586194,5,110,snapshot,4096,302,0.913907,0.975895,0.913907,{"1":8175,"2":17},0.913907,0.086093,0.000000,0.000000,0.913907,0.000000,0.000000
0.034586194,5,110,snapshot,16384,93,0.817204,0.937730,0.817204,{"1":8175,"2":17},0.817204,0.172043,0.010753,0.000000,0.817204,0.000000,0.000000
0.034820889,5,111,read_only,64,103,1.000000,1.000000,1.000000,{"1":103},1.000000,0.000000,0.000000,0.000000,1.000000,0.000000,-1.000000
0.034820889,5,111,union,64,103,1.000000,1.000000,1.000000,{"1":103},1.000000,0.000000,0.000000,0.000000,1.000000,0.000000,-1.000000
0.034820889,5,111,snapshot,64,8192,1.000000,1.000000,1.000000,{"1":8175,"2":17},0.997925,0.002075,0.000000,0.000000,0.997925,0.002075,1.000000
0.034820889,5,111,read_only,256,75,1.000000,1.000000,1.000000,{"1":103},1.000000,0.000000,0.000000,0.000000,1.000000,0.000000,-1.000000
0.034820889,5,111,union,256,75,1.000000,1.000000,1.000000,{"1":103},1.000000,0.000000,0.000000,0.000000,1.000000,0.000000,-1.000000
0.034820889,5,111,snapshot,256,3037,0.922950,0.973795,0.922950,{"1":8175,"2":17},0.922621,0.077379,0.000000,0.000000,0.922621,0.000329,0.004255
0.034820889,5,111,read_only,1024,49,1.000000,1.000000,1.000000,{"1":103},1.000000,0.000000,0.000000,0.000000,1.000000,0.000000,-1.000000
0.034820889,5,111,union,1024,49,1.000000,1.000000,1.000000,{"1":103},1.000000,0.000000,0.000000,0.000000,1.000000,0.000000,-1.000000
0.034820889,5,111,snapshot,1024,1025,0.910244,0.974225,0.910244,{"1":8175,"2":17},0.910244,0.089756,0.000000,0.000000,0.910244,0.000000,0.000000
0.034820889,5,111,read_only,4096,23,1.000000,1.000000,1.000000,{"1":103},1.000000,0.000000,0.000000,0.000000,1.000000,0.000000,-1.000000
0.034820889,5,111,union,4096,23,1.000000,1.000000,1.000000,{"1":103},1.000000,0.000000,0.000000,0.000000,1.000000,0.000000,-1.000000
0.034820889,5,111,snapshot,4096,299,0.913043,0.975650,0.913043,{"1":8175,"2":17},0.913043,0.086957,0.000000,0.000000,0.913043,0.000000,0.000000
0.034820889,5,111,read_only,16384,12,1.000000,1.000000,1.000000,{"1":103},1.000000,0.000000,0.000000,0.000000,1.000000,0.000000,-1.000000
0.034820889,5,111,union,16384,12,1.000000,1.000000,1.000000,{"1":103},1.000000,0.000000,0.000000,0.000000,1.000000,0.000000,-1.000000
0.034820889,5,111,snapshot,16384,92,0.815217,0.937787,0.815217,{"1":8175,"2":17},0.815217,0.173913,0.010870,0.000000,0.815217,0.000000,0.000000
0.035061065,5,112,read_only,64,304,1.000000,1.000000,1.000000,{"1":304},1.000000,0.000000,0.000000,0.000000,1.000000,0.000000,-1.000000
0.035061065,5,112,union,64,304,1.000000,1.000000,1.000000,{"1":304},1.000000,0.000000,0.000000,0.000000,1.000000,0.000000,-1.000000
0.035061065,5,112,snapshot,64,8192,1.000000,1.000000,1.000000,{"1":8175,"2":17},0.997925,0.002075,0.000000,0.000000,0.997925,0.002075,1.000000
0.035061065,5,112,read_only,256,151,1.000000,1.000000,1.000000,{"1":304},1.000000,0.000000,0.000000,0.000000,1.000000,0.000000,-1.000000
0.035061065,5,112,union,256,151,1.000000,1.000000,1.000000,{"1":304},1.000000,0.000000,0.000000,0.000000,1.000000,0.000000,-1.000000
0.035061065,5,112,snapshot,256,3026,0.923001,0.973783,0.923001,{"1":8175,"2":17},0.922670,0.077330,0.000000,0.000000,0.922670,0.000330,0.004274
0.035061065,5,112,read_only,1024,72,1.000000,1.000000,1.000000,{"1":304},1.000000,0.000000,0.000000,0.000000,1.000000,0.000000,-1.000000
0.035061065,5,112,union,1024,72,1.000000,1.000000,1.000000,{"1":304},1.000000,0.000000,0.000000,0.000000,1.000000,0.000000,-1.000000
0.035061065,5,112,snapshot,1024,1016,0.909449,0.974054,0.909449,{"1":8175,"2":17},0.909449,0.090551,0.000000,0.000000,0.909449,0.000000,0.000000
0.035061065,5,112,read_only,4096,29,1.000000,1.000000,1.000000,{"1":304},1.000000,0.000000,0.000000,0.000000,1.000000,0.000000,-1.000000
0.035061065,5,112,union,4096,29,1.000000,1.000000,1.000000,{"1":304},1.000000,0.000000,0.000000,0.000000,1.000000,0.000000,-1.000000
0.035061065,5,112,snapshot,4096,292,0.910959,0.975110,0.910959,{"1":8175,"2":17},0.910959,0.089041,0.000000,0.000000,0.910959,0.000000,0.000000
0.035061065,5,112,read_only,16384,14,1.000000,1.000000,1.000000,{"1":304},1.000000,0.000000,0.000000,0.000000,1.000000,0.000000,-1.000000
0.035061065,5,112,union,16384,14,1.000000,1.000000,1.000000,{"1":304},1.000000,0.000000,0.000000,0.000000,1.000000,0.000000,-1.000000
0.035061065,5,112,snapshot,16384,93,0.817204,0.940198,0.817204,{"1":8175,"2":17},0.817204,0.172043,0.010753,0.000000,0.817204,0.000000,0.000000
0.035295052,5,113,read_only,64,57,1.000000,1.000000,1.000000,{"1":57},1.000000,0.000000,0.000000,0.000000,1.000000,0.000000,-1.000000
0.035295052,5,113,union,64,57,1.000000,1.000000,1.000000,{"1":57},1.000000,0.000000,0.000000,0.000000,1.000000,0.000000,-1.000000
0.035295052,5,113,snapshot,64,8192,1.000000,1.000000,1.000000,{"1":8175,"2":17},0.997925,0.002075,0.000000,0.000000,0.997925,0.002075,1.000000
0.035295052,5,113,read_only,256,40,1.000000,1.000000,1.000000,{"1":57},1.000000,0.000000,0.000000,0.000000,1.000000,0.000000,-1.000000
0.035295052,5,113,union,256,40,1.000000,1.000000,1.000000,{"1":57},1.000000,0.000000,0.000000,0.000000,1.000000,0.000000,-1.000000
0.035295052,5,113,snapshot,256,3022,0.922899,0.973748,0.922899,{"1":8175,"2":17},0.922568,0.077432,0.000000,0.000000,0.922568,0.000331,0.004274
0.035295052,5,113,read_only,1024,26,1.000000,1.000000,1.000000,{"1":57},1.000000,0.000000,0.000000,0.000000,1.000000,0.000000,-1.000000
0.035295052,5,113,union,1024,26,1.000000,1.000000,1.000000,{"1":57},1.000000,0.000000,0.000000,0.000000,1.000000,0.000000,-1.000000
0.035295052,5,113,snapshot,1024,1018,0.909627,0.974105,0.909627,{"1":8175,"2":17},0.909627,0.090373,0.000000,0.000000,0.909627,0.000000,0.000000
0.035295052,5,113,read_only,4096,12,1.000000,1.000000,1.000000,{"1":57},1.000000,0.000000,0.000000,0.000000,1.000000,0.000000,-1.000000
0.035295052,5,113,union,4096,12,1.000000,1.000000,1.000000,{"1":57},1.000000,0.000000,0.000000,0.000000,1.000000,0.000000,-1.000000
0.035295052,5,113,snapshot,4096,291,0.910653,0.975024,0.910653,{"1":8175,"2":17},0.910653,0.089347,0.000000,0.000000,0.910653,0.000000,0.000000
0.035295052,5,113,read_only,16384,7,1.000000,1.000000,1.000000,{"1":57},1.000000,0.000000,0.000000,0.000000,1.000000,0.000000,-1.000000
0.035295052,5,113,union,16384,7,1.000000,1.000000,1.000000,{"1":57},1.000000,0.000000,0.000000,0.000000,1.000000,0.000000,-1.000000
0.035295052,5,113,snapshot,16384,92,0.815217,0.940228,0.815217,{"1":8175,"2":17},0.815217,0.173913,0.010870,0.000000,0.815217,0.000000,0.000000
0.035526655,5,114,read_only,64,401,1.000000,1.000000,1.000000,{"1":401},1.000000,0.000000,0.000000,0.000000,1.000000,0.000000,-1.000000
0.035526655,5,114,union,64,401,1.000000,1.000000,1.000000,{"1":401},1.000000,0.000000,0.000000,0.000000,1.000000,0.000000,-1.000000
0.035526655,5,114,snapshot,64,8192,1.000000,1.000000,1.000000,{"1":8175,"2":17},0.997925,0.002075,0.000000,0.000000,0.997925,0.002075,1.000000
0.035526655,5,114,read_only,256,196,1.000000,1.000000,1.000000,{"1":401},1.000000,0.000000,0.000000,0.000000,1.000000,0.000000,-1.000000
0.035526655,5,114,union,256,196,1.000000,1.000000,1.000000,{"1":401},1.000000,0.000000,0.000000,0.000000,1.000000,0.000000,-1.000000
0.035526655,5,114,snapshot,256,3078,0.924301,0.974226,0.924301,{"1":8175,"2":17},0.923977,0.076023,0.000000,0.000000,0.923977,0.000325,0.004274
0.035526655,5,114,read_only,1024,90,1.000000,1.000000,1.000000,{"1":401},1.000000,0.000000,0.000000,0.000000,1.000000,0.000000,-1.000000
0.035526655,5,114,union,1024,90,1.000000,1.000000,1.000000,{"1":401},1.000000,0.000000,0.000000,0.000000,1.000000,0.000000,-1.000000
0.035526655,5,114,snapshot,1024,1054,0.912713,0.974964,0.912713,{"1":8175,"2":17},0.912713,0.087287,0.000000,0.000000,0.912713,0.000000,0.000000
0.035526655,5,114,read_only,4096,35,1.000000,1.000000,1.000000,{"1":401},1.000000,0.000000,0.000000,0.000000,1.000000,0.000000,-1.000000
0.035526655,5,114,union,4096,35,1.000000,1.000000,1.000000,{"1":401},1.000000,0.000000,0.000000,0.000000,1.000000,0.000000,-1.000000
0.035526655,5,114,snapshot,4096,307,0.915309,0.976293,0.915309,{"1":8175,"2":17},0.915309,0.084691,0.000000,0.000000,0.915309,0.000000,0.000000
0.035526655,5,114,read_only,16384,14,1.000000,1.000000,1.000000,{"1":401},1.000000,0.000000,0.000000,0.000000,1.000000,0.000000,-1.000000
0.035526655,5,114,union,16384,14,1.000000,1.000000,1.000000,{"1":401},1.000000,0.000000,0.000000,0.000000,1.000000,0.000000,-1.000000
0.035526655,5,114,snapshot,16384,96,0.822917,0.944329,0.822917,{"1":8175,"2":17},0.822917,0.166667,0.010417,0.000000,0.822917,0.000000,0.000000
0.035847770,5,115,read_only,64,1301,1.000000,1.000000,1.000000,{"1":1300,"2":1},0.999231,0.000769,0.000000,0.000000,0.999231,0.000769,1.000000
0.035847770,5,115,union,64,1301,1.000000,1.000000,1.000000,{"1":1300,"2":1},0.999231,0.000769,0.000000,0.000000,0.999231,0.000769,1.000000
0.035847770,5,115,snapshot,64,8192,1.000000,1.000000,1.000000,{"1":8174,"2":18},0.997803,0.002197,0.000000,0.000000,0.997803,0.002197,1.000000
0.035847770,5,115,read_only,256,497,0.971831,0.990443,0.971831,{"1":1300,"2":1},0.969819,0.030181,0.000000,0.000000,0.969819,0.002012,0.066667
0.035847770,5,115,union,256,497,0.971831,0.990443,0.971831,{"1":1300,"2":1},0.969819,0.030181,0.000000,0.000000,0.969819,0.002012,0.066667
0.035847770,5,115,snapshot,256,2986,0.888814,0.962380,0.888814,{"1":8174,"2":18},0.887810,0.112190,0.000000,0.000000,0.887810,0.001005,0.008955
0.035847770,5,115,read_only,1024,191,0.942408,0.986584,0.942408,{"1":1300,"2":1},0.937173,0.062827,0.000000,0.000000,0.937173,0.005236,0.083333
0.035847770,5,115,union,1024,191,0.942408,0.986584,0.942408,{"1":1300,"2":1},0.937173,0.062827,0.000000,0.000000,0.937173,0.005236,0.083333
0.035847770,5,115,snapshot,1024,999,0.853854,0.961755,0.853854,{"1":8174,"2":18},0.853854,0.146146,0.000000,0.000000,0.853854,0.000000,0.000000
0.035847770,5,115,read_only,4096,61,0.934426,0.989498,0.934426,{"1":1300,"2":1},0.918033,0.081967,0.000000,0.000000,0.918033,0.016393,0.200000
0.035847770,5,115,union,4096,61,0.934426,0.989498,0.934426,{"1":1300,"2":1},0.918033,0.081967,0.000000,0.000000,0.918033,0.016393,0.200000
0.035847770,5,115,snapshot,4096,289,0.844291,0.963855,0.844291,{"1":8174,"2":18},0.844291,0.155709,0.000000,0.000000,0.844291,0.000000,0.000000
0.035847770,5,115,read_only,16384,26,0.923077,0.980847,0.923077,{"1":1300,"2":1},0.884615,0.076923,0.038462,0.000000,0.884615,0.038462,0.333333
0.035847770,5,115,union,16384,26,0.923077,0.980847,0.923077,{"1":1300,"2":1},0.884615,0.076923,0.038462,0.000000,0.884615,0.038462,0.333333
0.035847770,5,115,snapshot,16384,95,0.757895,0.930579,0.757895,{"1":8174,"2":18},0.757895,0.221053,0.021053,0.000000,0.757895,0.000000,0.000000
0.036084430,5,116,read_only,64,32,1.000000,1.000000,1.000000,{"1":32},1.000000,0.000000,0.000000,0.000000,1.000000,0.000000,-1.000000
0.036084430,5,116,union,64,32,1.000000,1.000000,1.000000,{"1":32},1.000000,0.000000,0.000000,0.000000,1.000000,0.000000,-1.000000
0.036084430,5,116,snapshot,64,8192,1.000000,1.000000,1.000000,{"1":8174,"2":18},0.997803,0.002197,0.000000,0.000000,0.997803,0.002197,1.000000
0.036084430,5,116,read_only,256,26,1.000000,1.000000,1.000000,{"1":32},1.000000,0.000000,0.000000,0.000000,1.000000,0.000000,-1.000000
0.036084430,5,116,union,256,26,1.000000,1.000000,1.000000,{"1":32},1.000000,0.000000,0.000000,0.000000,1.000000,0.000000,-1.000000
0.036084430,5,116,snapshot,256,2985,0.888777,0.962367,0.888777,{"1":8174,"2":18},0.887772,0.112228,0.000000,0.000000,0.887772,0.001005,0.008955
0.036084430,5,116,read_only,1024,19,1.000000,1.000000,1.000000,{"1":32},1.000000,0.000000,0.000000,0.000000,1.000000,0.000000,-1.000000
0.036084430,5,116,union,1024,19,1.000000,1.000000,1.000000,{"1":32},1.000000,0.000000,0.000000,0.000000,1.000000,0.000000,-1.000000
0.036084430,5,116,snapshot,1024,999,0.853854,0.961755,0.853854,{"1":8174,"2":18},0.853854,0.146146,0.000000,0.000000,0.853854,0.000000,0.000000
0.036084430,5,116,read_only,4096,13,1.000000,1.000000,1.000000,{"1":32},1.000000,0.000000,0.000000,0.000000,1.000000,0.000000,-1.000000
0.036084430,5,116,union,4096,13,1.000000,1.000000,1.000000,{"1":32},1.000000,0.000000,0.000000,0.000000,1.000000,0.000000,-1.000000
0.036084430,5,116,snapshot,4096,288,0.843750,0.963730,0.843750,{"1":8174,"2":18},0.843750,0.156250,0.000000,0.000000,0.843750,0.000000,0.000000
0.036084430,5,116,read_only,16384,9,1.000000,1.000000,1.000000,{"1":32},1.000000,0.000000,0.000000,0.000000,1.000000,0.000000,-1.000000
0.036084430,5,116,union,16384,9,1.000000,1.000000,1.000000,{"1":32},1.000000,0.000000,0.000000,0.000000,1.000000,0.000000,-1.000000
0.036084430,5,116,snapshot,16384,95,0.757895,0.930988,0.757895,{"1":8174,"2":18},0.757895,0.221053,0.021053,0.000000,0.757895,0.000000,0.000000
0.036321929,5,117,read_only,64,81,1.000000,1.000000,1.000000,{"1":81},1.000000,0.000000,0.000000,0.000000,1.000000,0.000000,-1.000000
0.036321929,5,117,union,64,81,1.000000,1.000000,1.000000,{"1":81},1.000000,0.000000,0.000000,0.000000,1.000000,0.000000,-1.000000
0.036321929,5,117,snapshot,64,8192,1.000000,1.000000,1.000000,{"1":8174,"2":18},0.997803,0.002197,0.000000,0.000000,0.997803,0.002197,1.000000
0.036321929,5,117,read_only,256,61,1.000000,1.000000,1.000000,{"1":81},1.000000,0.000000,0.000000,0.000000,1.000000,0.000000,-1.000000
0.036321929,5,117,union,256,61,1.000000,1.000000,1.000000,{"1":81},1.000000,0.000000,0.000000,0.000000,1.000000,0.000000,-1.000000
0.036321929,5,117,snapshot,256,2986,0.888814,0.962436,0.888814,{"1":8174,"2":18},0.887810,0.112190,0.000000,0.000000,0.887810,0.001005,0.008955
0.036321929,5,117,read_only,1024,39,1.000000,1.000000,1.000000,{"1":81},1.000000,0.000000,0.000000,0.000000,1.000000,0.000000,-1.000000
0.036321929,5,117,union,1024,39,1.000000,1.000000,1.000000,{"1":81},1.000000,0.000000,0.000000,0.000000,1.000000,0.000000,-1.000000
0.036321929,5,117,snapshot,1024,999,0.853854,0.961721,0.853854,{"1":8174,"2":18},0.853854,0.146146,0.000000,0.000000,0.853854,0.000000,0.000000
0.036321929,5,117,read_only,4096,21,1.000000,1.000000,1.000000,{"1":81},1.000000,0.000000,0.000000,0.000000,1.000000,0.000000,-1.000000
0.036321929,5,117,union,4096,21,1.000000,1.000000,1.000000,{"1":81},1.000000,0.000000,0.000000,0.000000,1.000000,0.000000,-1.000000
0.036321929,5,117,snapshot,4096,288,0.843750,0.963702,0.843750,{"1":8174,"2":18},0.843750,0.156250,0.000000,0.000000,0.843750,0.000000,0.000000
0.036321929,5,117,read_only,16384,13,0.923077,0.978022,0.923077,{"1":81},0.923077,0.076923,0.000000,0.000000,0.923077,0.000000,0.000000
0.036321929,5,117,union,16384,13,0.923077,0.978022,0.923077,{"1":81},0.923077,0.076923,0.000000,0.000000,0.923077,0.000000,0.000000
0.036321929,5,117,snapshot,16384,95,0.757895,0.930549,0.757895,{"1":8174,"2":18},0.757895,0.221053,0.021053,0.000000,0.757895,0.000000,0.000000
0.036558090,5,118,read_only,64,127,1.000000,1.000000,1.000000,{"1":127},1.000000,0.000000,0.000000,0.000000,1.000000,0.000000,-1.000000
0.036558090,5,118,union,64,127,1.000000,1.000000,1.000000,{"1":127},1.000000,0.000000,0.000000,0.000000,1.000000,0.000000,-1.000000
0.036558090,5,118,snapshot,64,8192,1.000000,1.000000,1.000000,{"1":8174,"2":18},0.997803,0.002197,0.000000,0.000000,0.997803,0.002197,1.000000
0.036558090,5,118,read_only,256,85,1.000000,1.000000,1.000000,{"1":127},1.000000,0.000000,0.000000,0.000000,1.000000,0.000000,-1.000000
0.036558090,5,118,union,256,85,1.000000,1.000000,1.000000,{"1":127},1.000000,0.000000,0.000000,0.000000,1.000000,0.000000,-1.000000
0.036558090,5,118,snapshot,256,2985,0.888777,0.962395,0.888777,{"1":8174,"2":18},0.887772,0.112228,0.000000,0.000000,0.887772,0.001005,0.008955
0.036558090,5,118,read_only,1024,50,1.000000,1.000000,1.000000,{"1":127},1.000000,0.000000,0.000000,0.000000,1.000000,0.000000,-1.000000
0.036558090,5,118,union,1024,50,1.000000,1.000000,1.000000,{"1":127},1.000000,0.000000,0.000000,0.000000,1.000000,0.000000,-1.000000
0.036558090,5,118,snapshot,1024,999,0.853854,0.961850,0.853854,{"1":8174,"2":18},0.853854,0.146146,0.000000,0.000000,0.853854,0.000000,0.000000
0.036558090,5,118,read_only,4096,22,1.000000,1.000000,1.000000,{"1":127},1.000000,0.000000,0.000000,0.000000,1.000000,0.000000,-1.000000
0.036558090,5,118,union,4096,22,1.000000,1.000000,1.000000,{"1":127},1.000000,0.000000,0.000000,0.000000,1.000000,0.000000,-1.000000
0.036558090,5,118,snapshot,4096,286,0.842657,0.963419,0.842657,{"1":8174,"2":18},0.842657,0.157343,0.000000,0.000000,0.842657,0.000000,0.000000
0.036558090,5,118,read_only,16384,14,1.000000,1.000000,1.000000,{"1":127},1.000000,0.000000,0.000000,0.000000,1.000000,0.000000,-1.000000
0.036558090,5,118,union,16384,14,1.000000,1.000000,1.000000,{"1":127},1.000000,0.000000,0.000000,0.000000,1.000000,0.000000,-1.000000
0.036558090,5,118,snapshot,16384,94,0.755319,0.930475,0.755319,{"1":8174,"2":18},0.755319,0.223404,0.021277,0.000000,0.755319,0.000000,0.000000
0.036793020,5,119,read_only,64,974,1.000000,1.000000,1.000000,{"1":974},1.000000,0.000000,0.000000,0.000000,1.000000,0.000000,-1.000000
0.036793020,5,119,union,64,974,1.000000,1.000000,1.000000,{"1":974},1.000000,0.000000,0.000000,0.000000,1.000000,0.000000,-1.000000
0.036793020,5,119,snapshot,64,8192,1.000000,1.000000,1.000000,{"1":8175,"2":17},0.997925,0.002075,0.000000,0.000000,0.997925,0.002075,1.000000
0.036793020,5,119,read_only,256,401,1.000000,1.000000,1.000000,{"1":974},1.000000,0.000000,0.000000,0.000000,1.000000,0.000000,-1.000000
0.036793020,5,119,union,256,401,1.000000,1.000000,1.000000,{"1":974},1.000000,0.000000,0.000000,0.000000,1.000000,0.000000,-1.000000
0.036793020,5,119,snapshot,256,3022,0.895103,0.964041,0.895103,{"1":8175,"2":17},0.893779,0.106221,0.000000,0.000000,0.893779,0.001324,0.012461
0.036793020,5,119,read_only,1024,147,1.000000,1.000000,1.000000,{"1":974},1.000000,0.000000,0.000000,0.000000,1.000000,0.000000,-1.000000
0.036793020,5,119,union,1024,147,1.000000,1.000000,1.000000,{"1":974},1.000000,0.000000,0.000000,0.000000,1.000000,0.000000,-1.000000
0.036793020,5,119,snapshot,1024,1025,0.858537,0.963385,0.858537,{"1":8175,"2":17},0.858537,0.141463,0.000000,0.000000,0.858537,0.000000,0.000000
0.036793020,5,119,read_only,4096,47,1.000000,1.000000,1.000000,{"1":974},1.000000,0.000000,0.000000,0.000000,1.000000,0.000000,-1.000000
0.036793020,5,119,union,4096,47,1.000000,1.000000,1.000000,{"1":974},1.000000,0.000000,0.000000,0.000000,1.000000,0.000000,-1.000000
0.036793020,5,119,snapshot,4096,303,0.851485,0.965525,0.851485,{"1":8175,"2":17},0.851485,0.148515,0.000000,0.000000,0.851485,0.000000,0.000000
0.036793020,5,119,read_only,16384,19,0.894737,0.970165,0.894737,{"1":974},0.894737,0.105263,0.000000,0.000000,0.894737,0.000000,0.000000
0.036793020,5,119,union,16384,19,0.894737,0.970165,0.894737,{"1":974},0.894737,0.105263,0.000000,0.000000,0.894737,0.000000,0.000000
0.036793020,5,119,snapshot,16384,99,0.757576,0.931443,0.757576,{"1":8175,"2":17},0.757576,0.222222,0.020202,0.000000,0.757576,0.000000,0.000000
0.037027340,5,120,read_only,64,15,1.000000,1.000000,1.000000,{"1":15},1.000000,0.000000,0.000000,0.000000,1.000000,0.000000,-1.000000
0.037027340,5,120,union,64,15,1.000000,1.000000,1.000000,{"1":15},1.000000,0.000000,0.000000,0.000000,1.000000,0.000000,-1.000000
0.037027340,5,120,snapshot,64,8192,1.000000,1.000000,1.000000,{"1":8176,"2":16},0.998047,0.001953,0.000000,0.000000,0.998047,0.001953,1.000000
0.037027340,5,120,read_only,256,10,1.000000,1.000000,1.000000,{"1":15},1.000000,0.000000,0.000000,0.000000,1.000000,0.000000,-1.000000
0.037027340,5,120,union,256,10,1.000000,1.000000,1.000000,{"1":15},1.000000,0.000000,0.000000,0.000000,1.000000,0.000000,-1.000000
0.037027340,5,120,snapshot,256,3025,0.895537,0.964105,0.895537,{"1":8176,"2":16},0.893884,0.106116,0.000000,0.000000,0.893884,0.001653,0.015576
0.037027340,5,120,read_only,1024,6,1.000000,1.000000,1.000000,{"1":15},1.000000,0.000000,0.000000,0.000000,1.000000,0.000000,-1.000000
0.037027340,5,120,union,1024,6,1.000000,1.000000,1.000000,{"1":15},1.000000,0.000000,0.000000,0.000000,1.000000,0.000000,-1.000000
0.037027340,5,120,snapshot,1024,1028,0.858949,0.963540,0.858949,{"1":8176,"2":16},0.858949,0.141051,0.000000,0.000000,0.858949,0.000000,0.000000
0.037027340,5,120,read_only,4096,3,1.000000,1.000000,1.000000,{"1":15},1.000000,0.000000,0.000000,0.000000,1.000000,0.000000,-1.000000
0.037027340,5,120,union,4096,3,1.000000,1.000000,1.000000,{"1":15},1.000000,0.000000,0.000000,0.000000,1.000000,0.000000,-1.000000
0.037027340,5,120,snapshot,4096,304,0.851974,0.965673,0.851974,{"1":8176,"2":16},0.851974,0.148026,0.000000,0.000000,0.851974,0.000000,0.000000
0.037027340,5,120,read_only,16384,3,1.000000,1.000000,1.000000,{"1":15},1.000000,0.000000,0.000000,0.000000,1.000000,0.000000,-1.000000
0.037027340,5,120,union,16384,3,1.000000,1.000000,1.000000,{"1":15},1.000000,0.000000,0.000000,0.000000,1.000000,0.000000,-1.000000
0.037027340,5,120,snapshot,16384,99,0.757576,0.931589,0.757576,{"1":8176,"2":16},0.757576,0.222222,0.020202,0.000000,0.757576,0.000000,0.000000
0.037262078,5,121,read_only,64,1,1.000000,1.000000,1.000000,{"1":1},1.000000,0.000000,0.000000,0.000000,1.000000,0.000000,-1.000000
0.037262078,5,121,union,64,1,1.000000,1.000000,1.000000,{"1":1},1.000000,0.000000,0.000000,0.000000,1.000000,0.000000,-1.000000
0.037262078,5,121,snapshot,64,8192,1.000000,1.000000,1.000000,{"1":8176,"2":16},0.998047,0.001953,0.000000,0.000000,0.998047,0.001953,1.000000
0.037262078,5,121,read_only,256,1,1.000000,1.000000,1.000000,{"1":1},1.000000,0.000000,0.000000,0.000000,1.000000,0.000000,-1.000000
0.037262078,5,121,union,256,1,1.000000,1.000000,1.000000,{"1":1},1.000000,0.000000,0.000000,0.000000,1.000000,0.000000,-1.000000
0.037262078,5,121,snapshot,256,3026,0.895572,0.964117,0.895572,{"1":8176,"2":16},0.893919,0.106081,0.000000,0.000000,0.893919,0.001652,0.015576
0.037262078,5,121,read_only,1024,1,1.000000,1.000000,1.000000,{"1":1},1.000000,0.000000,0.000000,0.000000,1.000000,0.000000,-1.000000
0.037262078,5,121,union,1024,1,1.000000,1.000000,1.000000,{"1":1},1.000000,0.000000,0.000000,0.000000,1.000000,0.000000,-1.000000
0.037262078,5,121,snapshot,1024,1029,0.859086,0.963576,0.859086,{"1":8176,"2":16},0.859086,0.140914,0.000000,0.000000,0.859086,0.000000,0.000000
0.037262078,5,121,read_only,4096,1,1.000000,1.000000,1.000000,{"1":1},1.000000,0.000000,0.000000,0.000000,1.000000,0.000000,-1.000000
0.037262078,5,121,union,4096,1,1.000000,1.000000,1.000000,{"1":1},1.000000,0.000000,0.000000,0.000000,1.000000,0.000000,-1.000000
0.037262078,5,121,snapshot,4096,305,0.852459,0.965785,0.852459,{"1":8176,"2":16},0.852459,0.147541,0.000000,0.000000,0.852459,0.000000,0.000000
0.037262078,5,121,read_only,16384,1,1.000000,1.000000,1.000000,{"1":1},1.000000,0.000000,0.000000,0.000000,1.000000,0.000000,-1.000000
0.037262078,5,121,union,16384,1,1.000000,1.000000,1.000000,{"1":1},1.000000,0.000000,0.000000,0.000000,1.000000,0.000000,-1.000000
0.037262078,5,121,snapshot,16384,99,0.757576,0.931589,0.757576,{"1":8176,"2":16},0.757576,0.222222,0.020202,0.000000,0.757576,0.000000,0.000000
0.037495848,5,122,read_only,64,1,1.000000,1.000000,1.000000,{"1":1},1.000000,0.000000,0.000000,0.000000,1.000000,0.000000,-1.000000
0.037495848,5,122,union,64,1,1.000000,1.000000,1.000000,{"1":1},1.000000,0.000000,0.000000,0.000000,1.000000,0.000000,-1.000000
0.037495848,5,122,snapshot,64,8192,1.000000,1.000000,1.000000,{"1":8176,"2":16},0.998047,0.001953,0.000000,0.000000,0.998047,0.001953,1.000000
0.037495848,5,122,read_only,256,1,1.000000,1.000000,1.000000,{"1":1},1.000000,0.000000,0.000000,0.000000,1.000000,0.000000,-1.000000
0.037495848,5,122,union,256,1,1.000000,1.000000,1.000000,{"1":1},1.000000,0.000000,0.000000,0.000000,1.000000,0.000000,-1.000000
0.037495848,5,122,snapshot,256,3025,0.895537,0.964105,0.895537,{"1":8176,"2":16},0.893884,0.106116,0.000000,0.000000,0.893884,0.001653,0.015576
0.037495848,5,122,read_only,1024,1,1.000000,1.000000,1.000000,{"1":1},1.000000,0.000000,0.000000,0.000000,1.000000,0.000000,-1.000000
0.037495848,5,122,union,1024,1,1.000000,1.000000,1.000000,{"1":1},1.000000,0.000000,0.000000,0.000000,1.000000,0.000000,-1.000000
0.037495848,5,122,snapshot,1024,1029,0.859086,0.963576,0.859086,{"1":8176,"2":16},0.859086,0.140914,0.000000,0.000000,0.859086,0.000000,0.000000
0.037495848,5,122,read_only,4096,1,1.000000,1.000000,1.000000,{"1":1},1.000000,0.000000,0.000000,0.000000,1.000000,0.000000,-1.000000
0.037495848,5,122,union,4096,1,1.000000,1.000000,1.000000,{"1":1},1.000000,0.000000,0.000000,0.000000,1.000000,0.000000,-1.000000
0.037495848,5,122,snapshot,4096,305,0.852459,0.965785,0.852459,{"1":8176,"2":16},0.852459,0.147541,0.000000,0.000000,0.852459,0.000000,0.000000
0.037495848,5,122,read_only,16384,1,1.000000,1.000000,1.000000,{"1":1},1.000000,0.000000,0.000000,0.000000,1.000000,0.000000,-1.000000
0.037495848,5,122,union,16384,1,1.000000,1.000000,1.000000,{"1":1},1.000000,0.000000,0.000000,0.000000,1.000000,0.000000,-1.000000
0.037495848,5,122,snapshot,16384,99,0.757576,0.931589,0.757576,{"1":8176,"2":16},0.757576,0.222222,0.020202,0.000000,0.757576,0.000000,0.000000
0.037776746,5,123,read_only,64,465,1.000000,1.000000,1.000000,{"1":465},1.000000,0.000000,0.000000,0.000000,1.000000,0.000000,-1.000000
0.037776746,5,123,union,64,465,1.000000,1.000000,1.000000,{"1":465},1.000000,0.000000,0.000000,0.000000,1.000000,0.000000,-1.000000
0.037776746,5,123,snapshot,64,8192,1.000000,1.000000,1.000000,{"1":8176,"2":16},0.998047,0.001953,0.000000,0.000000,0.998047,0.001953,1.000000
0.037776746,5,123,read_only,256,192,1.000000,1.000000,1.000000,{"1":465},1.000000,0.000000,0.000000,0.000000,1.000000,0.000000,-1.000000
0.037776746,5,123,union,256,192,1.000000,1.000000,1.000000,{"1":465},1.000000,0.000000,0.000000,0.000000,1.000000,0.000000,-1.000000
0.037776746,5,123,snapshot,256,2942,0.857240,0.950487,0.857240,{"1":8176,"2":16},0.855201,0.144799,0.000000,0.000000,0.855201,0.002039,0.014085
0.037776746,5,123,read_only,1024,67,1.000000,1.000000,1.000000,{"1":465},1.000000,0.000000,0.000000,0.000000,1.000000,0.000000,-1.000000
0.037776746,5,123,union,1024,67,1.000000,1.000000,1.000000,{"1":465},1.000000,0.000000,0.000000,0.000000,1.000000,0.000000,-1.000000
0.037776746,5,123,snapshot,1024,1003,0.811565,0.950334,0.811565,{"1":8176,"2":16},0.810568,0.189432,0.000000,0.000000,0.810568,0.000997,0.005263
0.037776746,5,123,read_only,4096,24,1.000000,1.000000,1.000000,{"1":465},1.000000,0.000000,0.000000,0.000000,1.000000,0.000000,-1.000000
0.037776746,5,123,union,4096,24,1.000000,1.000000,1.000000,{"1":465},1.000000,0.000000,0.000000,0.000000,1.000000,0.000000,-1.000000
0.037776746,5,123,snapshot,4096,295,0.800000,0.953395,0.800000,{"1":8176,"2":16},0.800000,0.200000,0.000000,0.000000,0.800000,0.000000,0.000000
0.037776746,5,123,read_only,16384,10,1.000000,1.000000,1.000000,{"1":465},1.000000,0.000000,0.000000,0.000000,1.000000,0.000000,-1.000000
0.037776746,5,123,union,16384,10,1.000000,1.000000,1.000000,{"1":465},1.000000,0.000000,0.000000,0.000000,1.000000,0.000000,-1.000000
0.037776746,5,123,snapshot,16384,96,0.718750,0.920103,0.718750,{"1":8176,"2":16},0.718750,0.250000,0.031250,0.000000,0.718750,0.000000,0.000000
0.038041655,5,124,read_only,64,14,1.000000,1.000000,1.000000,{"1":14},1.000000,0.000000,0.000000,0.000000,1.000000,0.000000,-1.000000
0.038041655,5,124,union,64,14,1.000000,1.000000,1.000000,{"1":14},1.000000,0.000000,0.000000,0.000000,1.000000,0.000000,-1.000000
0.038041655,5,124,snapshot,64,8192,1.000000,1.000000,1.000000,{"1":8176,"2":16},0.998047,0.001953,0.000000,0.000000,0.998047,0.001953,1.000000
0.038041655,5,124,read_only,256,12,1.000000,1.000000,1.000000,{"1":14},1.000000,0.000000,0.000000,0.000000,1.000000,0.000000,-1.000000
0.038041655,5,124,union,256,12,1.000000,1.000000,1.000000,{"1":14},1.000000,0.000000,0.000000,0.000000,1.000000,0.000000,-1.000000
0.038041655,5,124,snapshot,256,2949,0.858257,0.950746,0.858257,{"1":8176,"2":16},0.856222,0.143778,0.000000,0.000000,0.856222,0.002035,0.014151
0.038041655,5,124,read_only,1024,9,1.000000,1.000000,1.000000,{"1":14},1.000000,0.000000,0.000000,0.000000,1.000000,0.000000,-1.000000
0.038041655,5,124,union,1024,9,1.000000,1.000000,1.000000,{"1":14},1.000000,0.000000,0.000000,0.000000,1.000000,0.000000,-1.000000
0.038041655,5,124,snapshot,1024,1006,0.812127,0.950421,0.812127,{"1":8176,"2":16},0.811133,0.188867,0.000000,0.000000,0.811133,0.000994,0.005263
0.038041655,5,124,read_only,4096,5,1.000000,1.000000,1.000000,{"1":14},1.000000,0.000000,0.000000,0.000000,1.000000,0.000000,-1.000000
0.038041655,5,124,union,4096,5,1.000000,1.000000,1.000000,{"1":14},1.000000,0.000000,0.000000,0.000000,1.000000,0.000000,-1.000000
0.038041655,5,124,snapshot,4096,296,0.800676,0.953659,0.800676,{"1":8176,"2":16},0.800676,0.199324,0.000000,0.000000,0.800676,0.000000,0.000000
0.038041655,5,124,read_only,16384,5,1.000000,1.000000,1.000000,{"1":14},1.000000,0.000000,0.000000,0.000000,1.000000,0.000000,-1.000000
0.038041655,5,124,union,16384,5,1.000000,1.000000,1.000000,{"1":14},1.000000,0.000000,0.000000,0.000000,1.000000,0.000000,-1.000000
0.038041655,5,124,snapshot,16384,97,0.721649,0.920945,0.721649,{"1":8176,"2":16},0.721649,0.247423,0.030928,0.000000,0.721649,0.000000,0.000000
0.038293706,5,125,snapshot,64,8192,1.000000,1.000000,1.000000,{"1":8176,"2":16},0.998047,0.001953,0.000000,0.000000,0.998047,0.001953,1.000000
0.038293706,5,125,snapshot,256,2949,0.858257,0.950746,0.858257,{"1":8176,"2":16},0.856222,0.143778,0.000000,0.000000,0.856222,0.002035,0.014151
0.038293706,5,125,snapshot,1024,1006,0.812127,0.950421,0.812127,{"1":8176,"2":16},0.811133,0.188867,0.000000,0.000000,0.811133,0.000994,0.005263
0.038293706,5,125,snapshot,4096,296,0.800676,0.953659,0.800676,{"1":8176,"2":16},0.800676,0.199324,0.000000,0.000000,0.800676,0.000000,0.000000
0.038293706,5,125,snapshot,16384,97,0.721649,0.920945,0.721649,{"1":8176,"2":16},0.721649,0.247423,0.030928,0.000000,0.721649,0.000000,0.000000
0.038568174,5,126,read_only,64,50,1.000000,1.000000,1.000000,{"1":50},1.000000,0.000000,0.000000,0.000000,1.000000,0.000000,-1.000000
0.038568174,5,126,union,64,50,1.000000,1.000000,1.000000,{"1":50},1.000000,0.000000,0.000000,0.000000,1.000000,0.000000,-1.000000
0.038568174,5,126,read_only,256,30,1.000000,1.000000,1.000000,{"1":50},1.000000,0.000000,0.000000,0.000000,1.000000,0.000000,-1.000000
0.038568174,5,126,union,256,30,1.000000,1.000000,1.000000,{"1":50},1.000000,0.000000,0.000000,0.000000,1.000000,0.000000,-1.000000
0.038568174,5,126,read_only,1024,12,1.000000,1.000000,1.000000,{"1":50},1.000000,0.000000,0.000000,0.000000,1.000000,0.000000,-1.000000
0.038568174,5,126,union,1024,12,1.000000,1.000000,1.000000,{"1":50},1.000000,0.000000,0.000000,0.000000,1.000000,0.000000,-1.000000
0.038568174,5,126,read_only,4096,5,1.000000,1.000000,1.000000,{"1":50},1.000000,0.000000,0.000000,0.000000,1.000000,0.000000,-1.000000
0.038568174,5,126,union,4096,5,1.000000,1.000000,1.000000,{"1":50},1.000000,0.000000,0.000000,0.000000,1.000000,0.000000,-1.000000
0.038568174,5,126,read_only,16384,3,1.000000,1.000000,1.000000,{"1":50},1.000000,0.000000,0.000000,0.000000,1.000000,0.000000,-1.000000
0.038568174,5,126,union,16384,3,1.000000,1.000000,1.000000,{"1":50},1.000000,0.000000,0.000000,0.000000,1.000000,0.000000,-1.000000
0.038837779,5,127,read_only,64,16,1.000000,1.000000,1.000000,{"1":16},1.000000,0.000000,0.000000,0.000000,1.000000,0.000000,-1.000000
0.038837779,5,127,union,64,16,1.000000,1.000000,1.000000,{"1":16},1.000000,0.000000,0.000000,0.000000,1.000000,0.000000,-1.000000
0.038837779,5,127,read_only,256,4,1.000000,1.000000,1.000000,{"1":16},1.000000,0.000000,0.000000,0.000000,1.000000,0.000000,-1.000000
0.038837779,5,127,union,256,4,1.000000,1.000000,1.000000,{"1":16},1.000000,0.000000,0.000000,0.000000,1.000000,0.000000,-1.000000
0.038837779,5,127,read_only,1024,1,1.000000,1.000000,1.000000,{"1":16},1.000000,0.000000,0.000000,0.000000,1.000000,0.000000,-1.000000
0.038837779,5,127,union,1024,1,1.000000,1.000000,1.000000,{"1":16},1.000000,0.000000,0.000000,0.000000,1.000000,0.000000,-1.000000
0.038837779,5,127,read_only,4096,1,1.000000,1.000000,1.000000,{"1":16},1.000000,0.000000,0.000000,0.000000,1.000000,0.000000,-1.000000
0.038837779,5,127,union,4096,1,1.000000,1.000000,1.000000,{"1":16},1.000000,0.000000,0.000000,0.000000,1.000000,0.000000,-1.000000
0.038837779,5,127,read_only,16384,1,1.000000,1.000000,1.000000,{"1":16},1.000000,0.000000,0.000000,0.000000,1.000000,0.000000,-1.000000
0.038837779,5,127,union,16384,1,1.000000,1.000000,1.000000,{"1":16},1.000000,0.000000,0.000000,0.000000,1.000000,0.000000,-1.000000
0.039395044,5,129,read_only,64,1440,1.000000,1.000000,1.000000,{"1":1440},1.000000,0.000000,0.000000,0.000000,1.000000,0.000000,-1.000000
0.039395044,5,129,union,64,1440,1.000000,1.000000,1.000000,{"1":1440},1.000000,0.000000,0.000000,0.000000,1.000000,0.000000,-1.000000
0.039395044,5,129,snapshot,64,1440,1.000000,1.000000,1.000000,{"1":1440},1.000000,0.000000,0.000000,0.000000,1.000000,0.000000,-1.000000
0.039395044,5,129,read_only,256,360,1.000000,1.000000,1.000000,{"1":1440},1.000000,0.000000,0.000000,0.000000,1.000000,0.000000,-1.000000
0.039395044,5,129,union,256,360,1.000000,1.000000,1.000000,{"1":1440},1.000000,0.000000,0.000000,0.000000,1.000000,0.000000,-1.000000
0.039395044,5,129,snapshot,256,360,1.000000,1.000000,1.000000,{"1":1440},1.000000,0.000000,0.000000,0.000000,1.000000,0.000000,-1.000000
0.039395044,5,129,read_only,1024,90,1.000000,1.000000,1.000000,{"1":1440},1.000000,0.000000,0.000000,0.000000,1.000000,0.000000,-1.000000
0.039395044,5,129,union,1024,90,1.000000,1.000000,1.000000,{"1":1440},1.000000,0.000000,0.000000,0.000000,1.000000,0.000000,-1.000000
0.039395044,5,129,snapshot,1024,90,1.000000,1.000000,1.000000,{"1":1440},1.000000,0.000000,0.000000,0.000000,1.000000,0.000000,-1.000000
0.039395044,5,129,read_only,4096,23,1.000000,1.000000,1.000000,{"1":1440},1.000000,0.000000,0.000000,0.000000,1.000000,0.000000,-1.000000
0.039395044,5,129,union,4096,23,1.000000,1.000000,1.000000,{"1":1440},1.000000,0.000000,0.000000,0.000000,1.000000,0.000000,-1.000000
0.039395044,5,129,snapshot,4096,23,1.000000,1.000000,1.000000,{"1":1440},1.000000,0.000000,0.000000,0.000000,1.000000,0.000000,-1.000000
0.039395044,5,129,read_only,16384,7,0.428571,0.821429,0.428571,{"1":1440},0.428571,0.571429,0.000000,0.000000,0.428571,0.000000,0.000000
0.039395044,5,129,union,16384,7,0.428571,0.821429,0.428571,{"1":1440},0.428571,0.571429,0.000000,0.000000,0.428571,0.000000,0.000000
0.039395044,5,129,snapshot,16384,7,0.428571,0.821429,0.428571,{"1":1440},0.428571,0.571429,0.000000,0.000000,0.428571,0.000000,0.000000
0.039669549,5,130,snapshot,64,1440,1.000000,1.000000,1.000000,{"1":1440},1.000000,0.000000,0.000000,0.000000,1.000000,0.000000,-1.000000
0.039669549,5,130,snapshot,256,360,1.000000,1.000000,1.000000,{"1":1440},1.000000,0.000000,0.000000,0.000000,1.000000,0.000000,-1.000000
0.039669549,5,130,snapshot,1024,90,1.000000,1.000000,1.000000,{"1":1440},1.000000,0.000000,0.000000,0.000000,1.000000,0.000000,-1.000000
0.039669549,5,130,snapshot,4096,23,1.000000,1.000000,1.000000,{"1":1440},1.000000,0.000000,0.000000,0.000000,1.000000,0.000000,-1.000000
0.039669549,5,130,snapshot,16384,7,0.428571,0.821429,0.428571,{"1":1440},0.428571,0.571429,0.000000,0.000000,0.428571,0.000000,0.000000
0.039958874,5,131,snapshot,64,1440,1.000000,1.000000,1.000000,{"1":1440},1.000000,0.000000,0.000000,0.000000,1.000000,0.000000,-1.000000
0.039958874,5,131,snapshot,256,360,1.000000,1.000000,1.000000,{"1":1440},1.000000,0.000000,0.000000,0.000000,1.000000,0.000000,-1.000000
0.039958874,5,131,snapshot,1024,90,1.000000,1.000000,1.000000,{"1":1440},1.000000,0.000000,0.000000,0.000000,1.000000,0.000000,-1.000000
0.039958874,5,131,snapshot,4096,23,1.000000,1.000000,1.000000,{"1":1440},1.000000,0.000000,0.000000,0.000000,1.000000,0.000000,-1.000000
0.039958874,5,131,snapshot,16384,7,0.428571,0.821429,0.428571,{"1":1440},0.428571,0.571429,0.000000,0.000000,0.428571,0.000000,0.000000
0.040222589,5,132,snapshot,64,1440,1.000000,1.000000,1.000000,{"1":1440},1.000000,0.000000,0.000000,0.000000,1.000000,0.000000,-1.000000
0.040222589,5,132,snapshot,256,360,1.000000,1.000000,1.000000,{"1":1440},1.000000,0.000000,0.000000,0.000000,1.000000,0.000000,-1.000000
0.040222589,5,132,snapshot,1024,90,1.000000,1.000000,1.000000,{"1":1440},1.000000,0.000000,0.000000,0.000000,1.000000,0.000000,-1.000000
0.040222589,5,132,snapshot,4096,23,1.000000,1.000000,1.000000,{"1":1440},1.000000,0.000000,0.000000,0.000000,1.000000,0.000000,-1.000000
0.040222589,5,132,snapshot,16384,7,0.428571,0.821429,0.428571,{"1":1440},0.428571,0.571429,0.000000,0.000000,0.428571,0.000000,0.000000
0.040754077,5,133,read_only,64,1,1.000000,1.000000,1.000000,{"1":1},1.000000,0.000000,0.000000,0.000000,1.000000,0.000000,-1.000000
0.040754077,5,133,union,64,1,1.000000,1.000000,1.000000,{"1":1},1.000000,0.000000,0.000000,0.000000,1.000000,0.000000,-1.000000
0.040754077,5,133,snapshot,64,1441,1.000000,1.000000,1.000000,{"1":1441},1.000000,0.000000,0.000000,0.000000,1.000000,0.000000,-1.000000
0.040754077,5,133,read_only,256,1,1.000000,1.000000,1.000000,{"1":1},1.000000,0.000000,0.000000,0.000000,1.000000,0.000000,-1.000000
0.040754077,5,133,union,256,1,1.000000,1.000000,1.000000,{"1":1},1.000000,0.000000,0.000000,0.000000,1.000000,0.000000,-1.000000
0.040754077,5,133,snapshot,256,361,1.000000,1.000000,1.000000,{"1":1441},1.000000,0.000000,0.000000,0.000000,1.000000,0.000000,-1.000000
0.040754077,5,133,read_only,1024,1,1.000000,1.000000,1.000000,{"1":1},1.000000,0.000000,0.000000,0.000000,1.000000,0.000000,-1.000000
0.040754077,5,133,union,1024,1,1.000000,1.000000,1.000000,{"1":1},1.000000,0.000000,0.000000,0.000000,1.000000,0.000000,-1.000000
0.040754077,5,133,snapshot,1024,91,1.000000,1.000000,1.000000,{"1":1441},1.000000,0.000000,0.000000,0.000000,1.000000,0.000000,-1.000000
0.040754077,5,133,read_only,4096,1,1.000000,1.000000,1.000000,{"1":1},1.000000,0.000000,0.000000,0.000000,1.000000,0.000000,-1.000000
0.040754077,5,133,union,4096,1,1.000000,1.000000,1.000000,{"1":1},1.000000,0.000000,0.000000,0.000000,1.000000,0.000000,-1.000000
0.040754077,5,133,snapshot,4096,24,1.000000,1.000000,1.000000,{"1":1441},1.000000,0.000000,0.000000,0.000000,1.000000,0.000000,-1.000000
0.040754077,5,133,read_only,16384,1,1.000000,1.000000,1.000000,{"1":1},1.000000,0.000000,0.000000,0.000000,1.000000,0.000000,-1.000000
0.040754077,5,133,union,16384,1,1.000000,1.000000,1.000000,{"1":1},1.000000,0.000000,0.000000,0.000000,1.000000,0.000000,-1.000000
0.040754077,5,133,snapshot,16384,8,0.500000,0.843750,0.500000,{"1":1441},0.500000,0.500000,0.000000,0.000000,0.500000,0.000000,0.000000
0.040987120,5,134,snapshot,64,1441,1.000000,1.000000,1.000000,{"1":1441},1.000000,0.000000,0.000000,0.000000,1.000000,0.000000,-1.000000
0.040987120,5,134,snapshot,256,361,1.000000,1.000000,1.000000,{"1":1441},1.000000,0.000000,0.000000,0.000000,1.000000,0.000000,-1.000000
0.040987120,5,134,snapshot,1024,91,1.000000,1.000000,1.000000,{"1":1441},1.000000,0.000000,0.000000,0.000000,1.000000,0.000000,-1.000000
0.040987120,5,134,snapshot,4096,24,1.000000,1.000000,1.000000,{"1":1441},1.000000,0.000000,0.000000,0.000000,1.000000,0.000000,-1.000000
0.040987120,5,134,snapshot,16384,8,0.500000,0.843750,0.500000,{"1":1441},0.500000,0.500000,0.000000,0.000000,0.500000,0.000000,0.000000
0.041221915,5,135,read_only,64,63,1.000000,1.000000,1.000000,{"1":63},1.000000,0.000000,0.000000,0.000000,1.000000,0.000000,-1.000000
0.041221915,5,135,union,64,63,1.000000,1.000000,1.000000,{"1":63},1.000000,0.000000,0.000000,0.000000,1.000000,0.000000,-1.000000
0.041221915,5,135,snapshot,64,1504,1.000000,1.000000,1.000000,{"1":1504},1.000000,0.000000,0.000000,0.000000,1.000000,0.000000,-1.000000
0.041221915,5,135,read_only,256,16,1.000000,1.000000,1.000000,{"1":63},1.000000,0.000000,0.000000,0.000000,1.000000,0.000000,-1.000000
0.041221915,5,135,union,256,16,1.000000,1.000000,1.000000,{"1":63},1.000000,0.000000,0.000000,0.000000,1.000000,0.000000,-1.000000
0.041221915,5,135,snapshot,256,377,1.000000,1.000000,1.000000,{"1":1504},1.000000,0.000000,0.000000,0.000000,1.000000,0.000000,-1.000000
0.041221915,5,135,read_only,1024,4,1.000000,1.000000,1.000000,{"1":63},1.000000,0.000000,0.000000,0.000000,1.000000,0.000000,-1.000000
0.041221915,5,135,union,1024,4,1.000000,1.000000,1.000000,{"1":63},1.000000,0.000000,0.000000,0.000000,1.000000,0.000000,-1.000000
0.041221915,5,135,snapshot,1024,95,1.000000,1.000000,1.000000,{"1":1504},1.000000,0.000000,0.000000,0.000000,1.000000,0.000000,-1.000000
0.041221915,5,135,read_only,4096,1,1.000000,1.000000,1.000000,{"1":63},1.000000,0.000000,0.000000,0.000000,1.000000,0.000000,-1.000000
0.041221915,5,135,union,4096,1,1.000000,1.000000,1.000000,{"1":63},1.000000,0.000000,0.000000,0.000000,1.000000,0.000000,-1.000000
0.041221915,5,135,snapshot,4096,25,1.000000,1.000000,1.000000,{"1":1504},1.000000,0.000000,0.000000,0.000000,1.000000,0.000000,-1.000000
0.041221915,5,135,read_only,16384,1,1.000000,1.000000,1.000000,{"1":63},1.000000,0.000000,0.000000,0.000000,1.000000,0.000000,-1.000000
0.041221915,5,135,union,16384,1,1.000000,1.000000,1.000000,{"1":63},1.000000,0.000000,0.000000,0.000000,1.000000,0.000000,-1.000000
0.041221915,5,135,snapshot,16384,9,0.555556,0.861111,0.555556,{"1":1504},0.555556,0.444444,0.000000,0.000000,0.555556,0.000000,0.000000
0.041521617,5,136,read_only,64,64,1.000000,1.000000,1.000000,{"1":64},1.000000,0.000000,0.000000,0.000000,1.000000,0.000000,-1.000000
0.041521617,5,136,union,64,64,1.000000,1.000000,1.000000,{"1":64},1.000000,0.000000,0.000000,0.000000,1.000000,0.000000,-1.000000
0.041521617,5,136,snapshot,64,1568,1.000000,1.000000,1.000000,{"1":1568},1.000000,0.000000,0.000000,0.000000,1.000000,0.000000,-1.000000
0.041521617,5,136,read_only,256,16,1.000000,1.000000,1.000000,{"1":64},1.000000,0.000000,0.000000,0.000000,1.000000,0.000000,-1.000000
0.041521617,5,136,union,256,16,1.000000,1.000000,1.000000,{"1":64},1.000000,0.000000,0.000000,0.000000,1.000000,0.000000,-1.000000
0.041521617,5,136,snapshot,256,393,1.000000,1.000000,1.000000,{"1":1568},1.000000,0.000000,0.000000,0.000000,1.000000,0.000000,-1.000000
0.041521617,5,136,read_only,1024,4,1.000000,1.000000,1.000000,{"1":64},1.000000,0.000000,0.000000,0.000000,1.000000,0.000000,-1.000000
0.041521617,5,136,union,1024,4,1.000000,1.000000,1.000000,{"1":64},1.000000,0.000000,0.000000,0.000000,1.000000,0.000000,-1.000000
0.041521617,5,136,snapshot,1024,99,1.000000,1.000000,1.000000,{"1":1568},1.000000,0.000000,0.000000,0.000000,1.000000,0.000000,-1.000000
0.041521617,5,136,read_only,4096,1,1.000000,1.000000,1.000000,{"1":64},1.000000,0.000000,0.000000,0.000000,1.000000,0.000000,-1.000000
0.041521617,5,136,union,4096,1,1.000000,1.000000,1.000000,{"1":64},1.000000,0.000000,0.000000,0.000000,1.000000,0.000000,-1.000000
0.041521617,5,136,snapshot,4096,26,1.000000,1.000000,1.000000,{"1":1568},1.000000,0.000000,0.000000,0.000000,1.000000,0.000000,-1.000000
0.041521617,5,136,read_only,16384,1,1.000000,1.000000,1.000000,{"1":64},1.000000,0.000000,0.000000,0.000000,1.000000,0.000000,-1.000000
0.041521617,5,136,union,16384,1,1.000000,1.000000,1.000000,{"1":64},1.000000,0.000000,0.000000,0.000000,1.000000,0.000000,-1.000000
0.041521617,5,136,snapshot,16384,10,0.600000,0.875000,0.600000,{"1":1568},0.600000,0.400000,0.000000,0.000000,0.600000,0.000000,0.000000
0.041763435,5,137,read_only,64,64,1.000000,1.000000,1.000000,{"1":64},1.000000,0.000000,0.000000,0.000000,1.000000,0.000000,-1.000000
0.041763435,5,137,union,64,64,1.000000,1.000000,1.000000,{"1":64},1.000000,0.000000,0.000000,0.000000,1.000000,0.000000,-1.000000
0.041763435,5,137,snapshot,64,1632,1.000000,1.000000,1.000000,{"1":1632},1.000000,0.000000,0.000000,0.000000,1.000000,0.000000,-1.000000
0.041763435,5,137,read_only,256,16,1.000000,1.000000,1.000000,{"1":64},1.000000,0.000000,0.000000,0.000000,1.000000,0.000000,-1.000000
0.041763435,5,137,union,256,16,1.000000,1.000000,1.000000,{"1":64},1.000000,0.000000,0.000000,0.000000,1.000000,0.000000,-1.000000
0.041763435,5,137,snapshot,256,409,1.000000,1.000000,1.000000,{"1":1632},1.000000,0.000000,0.000000,0.000000,1.000000,0.000000,-1.000000
0.041763435,5,137,read_only,1024,4,1.000000,1.000000,1.000000,{"1":64},1.000000,0.000000,0.000000,0.000000,1.000000,0.000000,-1.000000
0.041763435,5,137,union,1024,4,1.000000,1.000000,1.000000,{"1":64},1.000000,0.000000,0.000000,0.000000,1.000000,0.000000,-1.000000
0.041763435,5,137,snapshot,1024,103,1.000000,1.000000,1.000000,{"1":1632},1.000000,0.000000,0.000000,0.000000,1.000000,0.000000,-1.000000
0.041763435,5,137,read_only,4096,1,1.000000,1.000000,1.000000,{"1":64},1.000000,0.000000,0.000000,0.000000,1.000000,0.000000,-1.000000
0.041763435,5,137,union,4096,1,1.000000,1.000000,1.000000,{"1":64},1.000000,0.000000,0.000000,0.000000,1.000000,0.000000,-1.000000
0.041763435,5,137,snapshot,4096,27,1.000000,1.000000,1.000000,{"1":1632},1.000000,0.000000,0.000000,0.000000,1.000000,0.000000,-1.000000
0.041763435,5,137,read_only,16384,1,1.000000,1.000000,1.000000,{"1":64},1.000000,0.000000,0.000000,0.000000,1.000000,0.000000,-1.000000
0.041763435,5,137,union,16384,1,1.000000,1.000000,1.000000,{"1":64},1.000000,0.000000,0.000000,0.000000,1.000000,0.000000,-1.000000
0.041763435,5,137,snapshot,16384,11,0.636364,0.886364,0.636364,{"1":1632},0.636364,0.363636,0.000000,0.000000,0.636364,0.000000,0.000000
0.042013301,5,138,read_only,64,314,1.000000,1.000000,1.000000,{"1":314},1.000000,0.000000,0.000000,0.000000,1.000000,0.000000,-1.000000
0.042013301,5,138,union,64,314,1.000000,1.000000,1.000000,{"1":314},1.000000,0.000000,0.000000,0.000000,1.000000,0.000000,-1.000000
0.042013301,5,138,snapshot,64,1946,1.000000,1.000000,1.000000,{"1":1946},1.000000,0.000000,0.000000,0.000000,1.000000,0.000000,-1.000000
0.042013301,5,138,read_only,256,82,1.000000,1.000000,1.000000,{"1":314},1.000000,0.000000,0.000000,0.000000,1.000000,0.000000,-1.000000
0.042013301,5,138,union,256,82,1.000000,1.000000,1.000000,{"1":314},1.000000,0.000000,0.000000,0.000000,1.000000,0.000000,-1.000000
0.042013301,5,138,snapshot,256,491,1.000000,1.000000,1.000000,{"1":1946},1.000000,0.000000,0.000000,0.000000,1.000000,0.000000,-1.000000
0.042013301,5,138,read_only,1024,26,1.000000,1.000000,1.000000,{"1":314},1.000000,0.000000,0.000000,0.000000,1.000000,0.000000,-1.000000
0.042013301,5,138,union,1024,26,1.000000,1.000000,1.000000,{"1":314},1.000000,0.000000,0.000000,0.000000,1.000000,0.000000,-1.000000
0.042013301,5,138,snapshot,1024,129,1.000000,1.000000,1.000000,{"1":1946},1.000000,0.000000,0.000000,0.000000,1.000000,0.000000,-1.000000
0.042013301,5,138,read_only,4096,8,1.000000,1.000000,1.000000,{"1":314},1.000000,0.000000,0.000000,0.000000,1.000000,0.000000,-1.000000
0.042013301,5,138,union,4096,8,1.000000,1.000000,1.000000,{"1":314},1.000000,0.000000,0.000000,0.000000,1.000000,0.000000,-1.000000
0.042013301,5,138,snapshot,4096,35,1.000000,1.000000,1.000000,{"1":1946},1.000000,0.000000,0.000000,0.000000,1.000000,0.000000,-1.000000
0.042013301,5,138,read_only,16384,5,1.000000,1.000000,1.000000,{"1":314},1.000000,0.000000,0.000000,0.000000,1.000000,0.000000,-1.000000
0.042013301,5,138,union,16384,5,1.000000,1.000000,1.000000,{"1":314},1.000000,0.000000,0.000000,0.000000,1.000000,0.000000,-1.000000
0.042013301,5,138,snapshot,16384,16,0.750000,0.921875,0.750000,{"1":1946},0.750000,0.250000,0.000000,0.000000,0.750000,0.000000,0.000000
0.042271311,5,139,read_only,64,1542,1.000000,1.000000,1.000000,{"1":1542},1.000000,0.000000,0.000000,0.000000,1.000000,0.000000,-1.000000
0.042271311,5,139,union,64,1542,1.000000,1.000000,1.000000,{"1":1542},1.000000,0.000000,0.000000,0.000000,1.000000,0.000000,-1.000000
0.042271311,5,139,snapshot,64,320,1.000000,1.000000,1.000000,{"1":320},1.000000,0.000000,0.000000,0.000000,1.000000,0.000000,-1.000000
0.042271311,5,139,read_only,256,389,1.000000,1.000000,1.000000,{"1":1542},1.000000,0.000000,0.000000,0.000000,1.000000,0.000000,-1.000000
0.042271311,5,139,union,256,389,1.000000,1.000000,1.000000,{"1":1542},1.000000,0.000000,0.000000,0.000000,1.000000,0.000000,-1.000000
0.042271311,5,139,snapshot,256,80,1.000000,1.000000,1.000000,{"1":320},1.000000,0.000000,0.000000,0.000000,1.000000,0.000000,-1.000000
0.042271311,5,139,read_only,1024,103,1.000000,1.000000,1.000000,{"1":1542},1.000000,0.000000,0.000000,0.000000,1.000000,0.000000,-1.000000
0.042271311,5,139,union,1024,103,1.000000,1.000000,1.000000,{"1":1542},1.000000,0.000000,0.000000,0.000000,1.000000,0.000000,-1.000000
0.042271311,5,139,snapshot,1024,20,1.000000,1.000000,1.000000,{"1":320},1.000000,0.000000,0.000000,0.000000,1.000000,0.000000,-1.000000
0.042271311,5,139,read_only,4096,28,1.000000,1.000000,1.000000,{"1":1542},1.000000,0.000000,0.000000,0.000000,1.000000,0.000000,-1.000000
0.042271311,5,139,union,4096,28,1.000000,1.000000,1.000000,{"1":1542},1.000000,0.000000,0.000000,0.000000,1.000000,0.000000,-1.000000
0.042271311,5,139,snapshot,4096,5,1.000000,1.000000,1.000000,{"1":320},1.000000,0.000000,0.000000,0.000000,1.000000,0.000000,-1.000000
0.042271311,5,139,read_only,16384,9,0.555556,0.826193,0.555556,{"1":1542},0.555556,0.444444,0.000000,0.000000,0.555556,0.000000,0.000000
0.042271311,5,139,union,16384,9,0.555556,0.826193,0.555556,{"1":1542},0.555556,0.444444,0.000000,0.000000,0.555556,0.000000,0.000000
0.042271311,5,139,snapshot,16384,2,0.000000,0.583333,0.000000,{"1":320},0.000000,1.000000,0.000000,0.000000,0.000000,0.000000,0.000000
0.042518825,5,140,read_only,64,825,1.000000,1.000000,1.000000,{"1":825},1.000000,0.000000,0.000000,0.000000,1.000000,0.000000,-1.000000
0.042518825,5,140,union,64,825,1.000000,1.000000,1.000000,{"1":825},1.000000,0.000000,0.000000,0.000000,1.000000,0.000000,-1.000000
0.042518825,5,140,snapshot,64,1148,1.000000,1.000000,1.000000,{"1":1148},1.000000,0.000000,0.000000,0.000000,1.000000,0.000000,-1.000000
0.042518825,5,140,read_only,256,233,1.000000,1.000000,1.000000,{"1":825},1.000000,0.000000,0.000000,0.000000,1.000000,0.000000,-1.000000
0.042518825,5,140,union,256,233,1.000000,1.000000,1.000000,{"1":825},1.000000,0.000000,0.000000,0.000000,1.000000,0.000000,-1.000000
0.042518825,5,140,snapshot,256,313,1.000000,1.000000,1.000000,{"1":1148},1.000000,0.000000,0.000000,0.000000,1.000000,0.000000,-1.000000
0.042518825,5,140,read_only,1024,60,1.000000,1.000000,1.000000,{"1":825},1.000000,0.000000,0.000000,0.000000,1.000000,0.000000,-1.000000
0.042518825,5,140,union,1024,60,1.000000,1.000000,1.000000,{"1":825},1.000000,0.000000,0.000000,0.000000,1.000000,0.000000,-1.000000
0.042518825,5,140,snapshot,1024,80,1.000000,1.000000,1.000000,{"1":1148},1.000000,0.000000,0.000000,0.000000,1.000000,0.000000,-1.000000
0.042518825,5,140,read_only,4096,16,1.000000,1.000000,1.000000,{"1":825},1.000000,0.000000,0.000000,0.000000,1.000000,0.000000,-1.000000
0.042518825,5,140,union,4096,16,1.000000,1.000000,1.000000,{"1":825},1.000000,0.000000,0.000000,0.000000,1.000000,0.000000,-1.000000
0.042518825,5,140,snapshot,4096,21,1.000000,1.000000,1.000000,{"1":1148},1.000000,0.000000,0.000000,0.000000,1.000000,0.000000,-1.000000
0.042518825,5,140,read_only,16384,6,0.666667,0.861547,0.666667,{"1":825},0.666667,0.333333,0.000000,0.000000,0.666667,0.000000,0.000000
0.042518825,5,140,union,16384,6,0.666667,0.861547,0.666667,{"1":825},0.666667,0.333333,0.000000,0.000000,0.666667,0.000000,0.000000
0.042518825,5,140,snapshot,16384,8,0.500000,0.791994,0.500000,{"1":1148},0.500000,0.500000,0.000000,0.000000,0.500000,0.000000,0.000000
0.042883494,5,141,read_only,64,2184,1.000000,1.000000,1.000000,{"1":2184},1.000000,0.000000,0.000000,0.000000,1.000000,0.000000,-1.000000
0.042883494,5,141,union,64,2184,1.000000,1.000000,1.000000,{"1":2184},1.000000,0.000000,0.000000,0.000000,1.000000,0.000000,-1.000000
0.042883494,5,141,snapshot,64,3329,1.000000,1.000000,1.000000,{"1":3329},1.000000,0.000000,0.000000,0.000000,1.000000,0.000000,-1.000000
0.042883494,5,141,read_only,256,578,1.000000,1.000000,1.000000,{"1":2184},1.000000,0.000000,0.000000,0.000000,1.000000,0.000000,-1.000000
0.042883494,5,141,union,256,578,1.000000,1.000000,1.000000,{"1":2184},1.000000,0.000000,0.000000,0.000000,1.000000,0.000000,-1.000000
0.042883494,5,141,snapshot,256,833,1.000000,1.000000,1.000000,{"1":3329},1.000000,0.000000,0.000000,0.000000,1.000000,0.000000,-1.000000
0.042883494,5,141,read_only,1024,149,1.000000,1.000000,1.000000,{"1":2184},1.000000,0.000000,0.000000,0.000000,1.000000,0.000000,-1.000000
0.042883494,5,141,union,1024,149,1.000000,1.000000,1.000000,{"1":2184},1.000000,0.000000,0.000000,0.000000,1.000000,0.000000,-1.000000
0.042883494,5,141,snapshot,1024,209,1.000000,1.000000,1.000000,{"1":3329},1.000000,0.000000,0.000000,0.000000,1.000000,0.000000,-1.000000
0.042883494,5,141,read_only,4096,40,1.000000,1.000000,1.000000,{"1":2184},1.000000,0.000000,0.000000,0.000000,1.000000,0.000000,-1.000000
0.042883494,5,141,union,4096,40,1.000000,1.000000,1.000000,{"1":2184},1.000000,0.000000,0.000000,0.000000,1.000000,0.000000,-1.000000
0.042883494,5,141,snapshot,4096,53,1.000000,1.000000,1.000000,{"1":3329},1.000000,0.000000,0.000000,0.000000,1.000000,0.000000,-1.000000
0.042883494,5,141,read_only,16384,13,0.538462,0.846149,0.538462,{"1":2184},0.538462,0.461538,0.000000,0.000000,0.538462,0.000000,0.000000
0.042883494,5,141,union,16384,13,0.538462,0.846149,0.538462,{"1":2184},0.538462,0.461538,0.000000,0.000000,0.538462,0.000000,0.000000
0.042883494,5,141,snapshot,16384,17,0.470588,0.813269,0.470588,{"1":3329},0.470588,0.529412,0.000000,0.000000,0.470588,0.000000,0.000000
0.043120475,5,142,snapshot,64,3329,1.000000,1.000000,1.000000,{"1":3329},1.000000,0.000000,0.000000,0.000000,1.000000,0.000000,-1.000000
0.043120475,5,142,snapshot,256,833,1.000000,1.000000,1.000000,{"1":3329},1.000000,0.000000,0.000000,0.000000,1.000000,0.000000,-1.000000
0.043120475,5,142,snapshot,1024,209,1.000000,1.000000,1.000000,{"1":3329},1.000000,0.000000,0.000000,0.000000,1.000000,0.000000,-1.000000
0.043120475,5,142,snapshot,4096,53,1.000000,1.000000,1.000000,{"1":3329},1.000000,0.000000,0.000000,0.000000,1.000000,0.000000,-1.000000
0.043120475,5,142,snapshot,16384,17,0.470588,0.813269,0.470588,{"1":3329},0.470588,0.529412,0.000000,0.000000,0.470588,0.000000,0.000000
0.043425053,5,143,read_only,64,625,1.000000,1.000000,1.000000,{"1":625},1.000000,0.000000,0.000000,0.000000,1.000000,0.000000,-1.000000
0.043425053,5,143,union,64,625,1.000000,1.000000,1.000000,{"1":625},1.000000,0.000000,0.000000,0.000000,1.000000,0.000000,-1.000000
0.043425053,5,143,snapshot,64,3954,1.000000,1.000000,1.000000,{"1":3954},1.000000,0.000000,0.000000,0.000000,1.000000,0.000000,-1.000000
0.043425053,5,143,read_only,256,157,1.000000,1.000000,1.000000,{"1":625},1.000000,0.000000,0.000000,0.000000,1.000000,0.000000,-1.000000
0.043425053,5,143,union,256,157,1.000000,1.000000,1.000000,{"1":625},1.000000,0.000000,0.000000,0.000000,1.000000,0.000000,-1.000000
0.043425053,5,143,snapshot,256,990,1.000000,1.000000,1.000000,{"1":3954},1.000000,0.000000,0.000000,0.000000,1.000000,0.000000,-1.000000
0.043425053,5,143,read_only,1024,40,1.000000,1.000000,1.000000,{"1":625},1.000000,0.000000,0.000000,0.000000,1.000000,0.000000,-1.000000
0.043425053,5,143,union,1024,40,1.000000,1.000000,1.000000,{"1":625},1.000000,0.000000,0.000000,0.000000,1.000000,0.000000,-1.000000
0.043425053,5,143,snapshot,1024,249,1.000000,1.000000,1.000000,{"1":3954},1.000000,0.000000,0.000000,0.000000,1.000000,0.000000,-1.000000
0.043425053,5,143,read_only,4096,10,1.000000,1.000000,1.000000,{"1":625},1.000000,0.000000,0.000000,0.000000,1.000000,0.000000,-1.000000
0.043425053,5,143,union,4096,10,1.000000,1.000000,1.000000,{"1":625},1.000000,0.000000,0.000000,0.000000,1.000000,0.000000,-1.000000
0.043425053,5,143,snapshot,4096,63,1.000000,1.000000,1.000000,{"1":3954},1.000000,0.000000,0.000000,0.000000,1.000000,0.000000,-1.000000
0.043425053,5,143,read_only,16384,4,1.000000,1.000000,1.000000,{"1":625},1.000000,0.000000,0.000000,0.000000,1.000000,0.000000,-1.000000
0.043425053,5,143,union,16384,4,1.000000,1.000000,1.000000,{"1":625},1.000000,0.000000,0.000000,0.000000,1.000000,0.000000,-1.000000
0.043425053,5,143,snapshot,16384,21,0.571429,0.848837,0.571429,{"1":3954},0.571429,0.428571,0.000000,0.000000,0.571429,0.000000,0.000000
0.043690448,5,144,snapshot,64,3954,1.000000,1.000000,1.000000,{"1":3954},1.000000,0.000000,0.000000,0.000000,1.000000,0.000000,-1.000000
0.043690448,5,144,snapshot,256,990,1.000000,1.000000,1.000000,{"1":3954},1.000000,0.000000,0.000000,0.000000,1.000000,0.000000,-1.000000
0.043690448,5,144,snapshot,1024,249,1.000000,1.000000,1.000000,{"1":3954},1.000000,0.000000,0.000000,0.000000,1.000000,0.000000,-1.000000
0.043690448,5,144,snapshot,4096,63,1.000000,1.000000,1.000000,{"1":3954},1.000000,0.000000,0.000000,0.000000,1.000000,0.000000,-1.000000
0.043690448,5,144,snapshot,16384,21,0.571429,0.848837,0.571429,{"1":3954},0.571429,0.428571,0.000000,0.000000,0.571429,0.000000,0.000000
0.044378201,5,145,read_only,64,77,1.000000,1.000000,1.000000,{"1":77},1.000000,0.000000,0.000000,0.000000,1.000000,0.000000,-1.000000
0.044378201,5,145,union,64,77,1.000000,1.000000,1.000000,{"1":77},1.000000,0.000000,0.000000,0.000000,1.000000,0.000000,-1.000000
0.044378201,5,145,snapshot,64,4031,1.000000,1.000000,1.000000,{"1":4031},1.000000,0.000000,0.000000,0.000000,1.000000,0.000000,-1.000000
0.044378201,5,145,read_only,256,20,1.000000,1.000000,1.000000,{"1":77},1.000000,0.000000,0.000000,0.000000,1.000000,0.000000,-1.000000
0.044378201,5,145,union,256,20,1.000000,1.000000,1.000000,{"1":77},1.000000,0.000000,0.000000,0.000000,1.000000,0.000000,-1.000000
0.044378201,5,145,snapshot,256,1010,1.000000,1.000000,1.000000,{"1":4031},1.000000,0.000000,0.000000,0.000000,1.000000,0.000000,-1.000000
0.044378201,5,145,read_only,1024,5,1.000000,1.000000,1.000000,{"1":77},1.000000,0.000000,0.000000,0.000000,1.000000,0.000000,-1.000000
0.044378201,5,145,union,1024,5,1.000000,1.000000,1.000000,{"1":77},1.000000,0.000000,0.000000,0.000000,1.000000,0.000000,-1.000000
0.044378201,5,145,snapshot,1024,254,1.000000,1.000000,1.000000,{"1":4031},1.000000,0.000000,0.000000,0.000000,1.000000,0.000000,-1.000000
0.044378201,5,145,read_only,4096,2,1.000000,1.000000,1.000000,{"1":77},1.000000,0.000000,0.000000,0.000000,1.000000,0.000000,-1.000000
0.044378201,5,145,union,4096,2,1.000000,1.000000,1.000000,{"1":77},1.000000,0.000000,0.000000,0.000000,1.000000,0.000000,-1.000000
0.044378201,5,145,snapshot,4096,65,1.000000,1.000000,1.000000,{"1":4031},1.000000,0.000000,0.000000,0.000000,1.000000,0.000000,-1.000000
0.044378201,5,145,read_only,16384,2,1.000000,1.000000,1.000000,{"1":77},1.000000,0.000000,0.000000,0.000000,1.000000,0.000000,-1.000000
0.044378201,5,145,union,16384,2,1.000000,1.000000,1.000000,{"1":77},1.000000,0.000000,0.000000,0.000000,1.000000,0.000000,-1.000000
0.044378201,5,145,snapshot,16384,22,0.545455,0.840557,0.545455,{"1":4031},0.545455,0.454545,0.000000,0.000000,0.545455,0.000000,0.000000
0.044609749,5,146,snapshot,64,4031,1.000000,1.000000,1.000000,{"1":4031},1.000000,0.000000,0.000000,0.000000,1.000000,0.000000,-1.000000
0.044609749,5,146,snapshot,256,1010,1.000000,1.000000,1.000000,{"1":4031},1.000000,0.000000,0.000000,0.000000,1.000000,0.000000,-1.000000
0.044609749,5,146,snapshot,1024,254,1.000000,1.000000,1.000000,{"1":4031},1.000000,0.000000,0.000000,0.000000,1.000000,0.000000,-1.000000
0.044609749,5,146,snapshot,4096,65,1.000000,1.000000,1.000000,{"1":4031},1.000000,0.000000,0.000000,0.000000,1.000000,0.000000,-1.000000
0.044609749,5,146,snapshot,16384,22,0.545455,0.840557,0.545455,{"1":4031},0.545455,0.454545,0.000000,0.000000,0.545455,0.000000,0.000000
0.044847440,5,147,read_only,64,128,1.000000,1.000000,1.000000,{"1":128},1.000000,0.000000,0.000000,0.000000,1.000000,0.000000,-1.000000
0.044847440,5,147,union,64,128,1.000000,1.000000,1.000000,{"1":128},1.000000,0.000000,0.000000,0.000000,1.000000,0.000000,-1.000000
0.044847440,5,147,snapshot,64,4159,1.000000,1.000000,1.000000,{"1":4159},1.000000,0.000000,0.000000,0.000000,1.000000,0.000000,-1.000000
0.044847440,5,147,read_only,256,32,1.000000,1.000000,1.000000,{"1":128},1.000000,0.000000,0.000000,0.000000,1.000000,0.000000,-1.000000
0.044847440,5,147,union,256,32,1.000000,1.000000,1.000000,{"1":128},1.000000,0.000000,0.000000,0.000000,1.000000,0.000000,-1.000000
0.044847440,5,147,snapshot,256,1042,1.000000,1.000000,1.000000,{"1":4159},1.000000,0.000000,0.000000,0.000000,1.000000,0.000000,-1.000000
0.044847440,5,147,read_only,1024,8,1.000000,1.000000,1.000000,{"1":128},1.000000,0.000000,0.000000,0.000000,1.000000,0.000000,-1.000000
0.044847440,5,147,union,1024,8,1.000000,1.000000,1.000000,{"1":128},1.000000,0.000000,0.000000,0.000000,1.000000,0.000000,-1.000000
0.044847440,5,147,snapshot,1024,262,1.000000,1.000000,1.000000,{"1":4159},1.000000,0.000000,0.000000,0.000000,1.000000,0.000000,-1.000000
0.044847440,5,147,read_only,4096,2,1.000000,1.000000,1.000000,{"1":128},1.000000,0.000000,0.000000,0.000000,1.000000,0.000000,-1.000000
0.044847440,5,147,union,4096,2,1.000000,1.000000,1.000000,{"1":128},1.000000,0.000000,0.000000,0.000000,1.000000,0.000000,-1.000000
0.044847440,5,147,snapshot,4096,67,1.000000,1.000000,1.000000,{"1":4159},1.000000,0.000000,0.000000,0.000000,1.000000,0.000000,-1.000000
0.044847440,5,147,read_only,16384,2,1.000000,1.000000,1.000000,{"1":128},1.000000,0.000000,0.000000,0.000000,1.000000,0.000000,-1.000000
0.044847440,5,147,union,16384,2,1.000000,1.000000,1.000000,{"1":128},1.000000,0.000000,0.000000,0.000000,1.000000,0.000000,-1.000000
0.044847440,5,147,snapshot,16384,24,0.583333,0.853844,0.583333,{"1":4159},0.583333,0.416667,0.000000,0.000000,0.583333,0.000000,0.000000
0.045144451,5,148,snapshot,64,4159,1.000000,1.000000,1.000000,{"1":4159},1.000000,0.000000,0.000000,0.000000,1.000000,0.000000,-1.000000
0.045144451,5,148,snapshot,256,1042,1.000000,1.000000,1.000000,{"1":4159},1.000000,0.000000,0.000000,0.000000,1.000000,0.000000,-1.000000
0.045144451,5,148,snapshot,1024,262,1.000000,1.000000,1.000000,{"1":4159},1.000000,0.000000,0.000000,0.000000,1.000000,0.000000,-1.000000
0.045144451,5,148,snapshot,4096,67,1.000000,1.000000,1.000000,{"1":4159},1.000000,0.000000,0.000000,0.000000,1.000000,0.000000,-1.000000
0.045144451,5,148,snapshot,16384,24,0.583333,0.853844,0.583333,{"1":4159},0.583333,0.416667,0.000000,0.000000,0.583333,0.000000,0.000000
0.045404013,5,149,read_only,64,1137,1.000000,1.000000,1.000000,{"1":1137},1.000000,0.000000,0.000000,0.000000,1.000000,0.000000,-1.000000
0.045404013,5,149,union,64,1137,1.000000,1.000000,1.000000,{"1":1137},1.000000,0.000000,0.000000,0.000000,1.000000,0.000000,-1.000000
0.045404013,5,149,snapshot,64,5296,1.000000,1.000000,1.000000,{"1":5296},1.000000,0.000000,0.000000,0.000000,1.000000,0.000000,-1.000000
0.045404013,5,149,read_only,256,285,1.000000,1.000000,1.000000,{"1":1137},1.000000,0.000000,0.000000,0.000000,1.000000,0.000000,-1.000000
0.045404013,5,149,union,256,285,1.000000,1.000000,1.000000,{"1":1137},1.000000,0.000000,0.000000,0.000000,1.000000,0.000000,-1.000000
0.045404013,5,149,snapshot,256,1327,1.000000,1.000000,1.000000,{"1":5296},1.000000,0.000000,0.000000,0.000000,1.000000,0.000000,-1.000000
0.045404013,5,149,read_only,1024,72,1.000000,1.000000,1.000000,{"1":1137},1.000000,0.000000,0.000000,0.000000,1.000000,0.000000,-1.000000
0.045404013,5,149,union,1024,72,1.000000,1.000000,1.000000,{"1":1137},1.000000,0.000000,0.000000,0.000000,1.000000,0.000000,-1.000000
0.045404013,5,149,snapshot,1024,334,1.000000,1.000000,1.000000,{"1":5296},1.000000,0.000000,0.000000,0.000000,1.000000,0.000000,-1.000000
0.045404013,5,149,read_only,4096,18,1.000000,1.000000,1.000000,{"1":1137},1.000000,0.000000,0.000000,0.000000,1.000000,0.000000,-1.000000
0.045404013,5,149,union,4096,18,1.000000,1.000000,1.000000,{"1":1137},1.000000,0.000000,0.000000,0.000000,1.000000,0.000000,-1.000000
0.045404013,5,149,snapshot,4096,85,1.000000,1.000000,1.000000,{"1":5296},1.000000,0.000000,0.000000,0.000000,1.000000,0.000000,-1.000000
0.045404013,5,149,read_only,16384,5,0.600000,0.806224,0.600000,{"1":1137},0.600000,0.400000,0.000000,0.000000,0.600000,0.000000,0.000000
0.045404013,5,149,union,16384,5,0.600000,0.806224,0.600000,{"1":1137},0.600000,0.400000,0.000000,0.000000,0.600000,0.000000,0.000000
0.045404013,5,149,snapshot,16384,29,0.586207,0.845633,0.586207,{"1":5296},0.586207,0.413793,0.000000,0.000000,0.586207,0.000000,0.000000
0.045737201,5,150,read_only,64,310,1.000000,1.000000,1.000000,{"1":310},1.000000,0.000000,0.000000,0.000000,1.000000,0.000000,-1.000000
0.045737201,5,150,union,64,320,1.000000,1.000000,1.000000,{"1":320},1.000000,0.000000,0.000000,0.000000,1.000000,0.000000,-1.000000
0.045737201,5,150,snapshot,64,5616,1.000000,1.000000,1.000000,{"1":5616},1.000000,0.000000,0.000000,0.000000,1.000000,0.000000,-1.000000
0.045737201,5,150,read_only,256,80,0.987500,0.996875,0.987500,{"1":310},0.987500,0.012500,0.000000,0.000000,0.987500,0.000000,0.000000
0.045737201,5,150,union,256,80,0.925000,0.975000,0.925000,{"1":320},0.925000,0.075000,0.000000,0.000000,0.925000,0.000000,0.000000
0.045737201,5,150,snapshot,256,1407,0.995736,0.998579,0.995736,{"1":5616},0.995736,0.004264,0.000000,0.000000,0.995736,0.000000,0.000000
0.045737201,5,150,read_only,1024,20,0.950000,0.995833,0.950000,{"1":310},0.950000,0.050000,0.000000,0.000000,0.950000,0.000000,0.000000
0.045737201,5,150,union,1024,20,0.850000,0.975000,0.850000,{"1":320},0.850000,0.150000,0.000000,0.000000,0.850000,0.000000,0.000000
0.045737201,5,150,snapshot,1024,354,0.991525,0.998588,0.991525,{"1":5616},0.991525,0.008475,0.000000,0.000000,0.991525,0.000000,0.000000
0.045737201,5,150,read_only,4096,5,0.800000,0.996296,0.800000,{"1":310},0.800000,0.200000,0.000000,0.000000,0.800000,0.000000,0.000000
0.045737201,5,150,union,4096,5,0.800000,0.975000,0.800000,{"1":320},0.800000,0.200000,0.000000,0.000000,0.800000,0.000000,0.000000
0.045737201,5,150,snapshot,4096,90,0.988889,0.998611,0.988889,{"1":5616},0.988889,0.011111,0.000000,0.000000,0.988889,0.000000,0.000000
0.045737201,5,150,read_only,16384,2,0.500000,0.995763,0.500000,{"1":310},0.500000,0.500000,0.000000,0.000000,0.500000,0.000000,0.000000
0.045737201,5,150,union,16384,2,0.500000,0.968750,0.500000,{"1":320},0.500000,0.500000,0.000000,0.000000,0.500000,0.000000,0.000000
0.045737201,5,150,snapshot,16384,31,0.580645,0.853576,0.580645,{"1":5616},0.580645,0.419355,0.000000,0.000000,0.580645,0.000000,0.000000
0.046753395,5,153,read_only,64,3137,1.000000,1.000000,1.000000,{"1":3137},1.000000,0.000000,0.000000,0.000000,1.000000,0.000000,-1.000000
0.046753395,5,153,union,64,3137,1.000000,1.000000,1.000000,{"1":3137},1.000000,0.000000,0.000000,0.000000,1.000000,0.000000,-1.000000
0.046753395,5,153,snapshot,64,3137,1.000000,1.000000,1.000000,{"1":3137},1.000000,0.000000,0.000000,0.000000,1.000000,0.000000,-1.000000
0.046753395,5,153,read_only,256,785,1.000000,1.000000,1.000000,{"1":3137},1.000000,0.000000,0.000000,0.000000,1.000000,0.000000,-1.000000
0.046753395,5,153,union,256,785,1.000000,1.000000,1.000000,{"1":3137},1.000000,0.000000,0.000000,0.000000,1.000000,0.000000,-1.000000
0.046753395,5,153,snapshot,256,785,1.000000,1.000000,1.000000,{"1":3137},1.000000,0.000000,0.000000,0.000000,1.000000,0.000000,-1.000000
0.046753395,5,153,read_only,1024,197,1.000000,1.000000,1.000000,{"1":3137},1.000000,0.000000,0.000000,0.000000,1.000000,0.000000,-1.000000
0.046753395,5,153,union,1024,197,1.000000,1.000000,1.000000,{"1":3137},1.000000,0.000000,0.000000,0.000000,1.000000,0.000000,-1.000000
0.046753395,5,153,snapshot,1024,197,1.000000,1.000000,1.000000,{"1":3137},1.000000,0.000000,0.000000,0.000000,1.000000,0.000000,-1.000000
0.046753395,5,153,read_only,4096,50,1.000000,1.000000,1.000000,{"1":3137},1.000000,0.000000,0.000000,0.000000,1.000000,0.000000,-1.000000
0.046753395,5,153,union,4096,50,1.000000,1.000000,1.000000,{"1":3137},1.000000,0.000000,0.000000,0.000000,1.000000,0.000000,-1.000000
0.046753395,5,153,snapshot,4096,50,1.000000,1.000000,1.000000,{"1":3137},1.000000,0.000000,0.000000,0.000000,1.000000,0.000000,-1.000000
0.046753395,5,153,read_only,16384,15,0.533333,0.866321,0.533333,{"1":3137},0.533333,0.466667,0.000000,0.000000,0.533333,0.000000,0.000000
0.046753395,5,153,union,16384,15,0.533333,0.866321,0.533333,{"1":3137},0.533333,0.466667,0.000000,0.000000,0.533333,0.000000,0.000000
0.046753395,5,153,snapshot,16384,15,0.533333,0.866321,0.533333,{"1":3137},0.533333,0.466667,0.000000,0.000000,0.533333,0.000000,0.000000
0.046982105,5,154,snapshot,64,3137,1.000000,1.000000,1.000000,{"1":3137},1.000000,0.000000,0.000000,0.000000,1.000000,0.000000,-1.000000
0.046982105,5,154,snapshot,256,785,1.000000,1.000000,1.000000,{"1":3137},1.000000,0.000000,0.000000,0.000000,1.000000,0.000000,-1.000000
0.046982105,5,154,snapshot,1024,197,1.000000,1.000000,1.000000,{"1":3137},1.000000,0.000000,0.000000,0.000000,1.000000,0.000000,-1.000000
0.046982105,5,154,snapshot,4096,50,1.000000,1.000000,1.000000,{"1":3137},1.000000,0.000000,0.000000,0.000000,1.000000,0.000000,-1.000000
0.046982105,5,154,snapshot,16384,15,0.533333,0.866321,0.533333,{"1":3137},0.533333,0.466667,0.000000,0.000000,0.533333,0.000000,0.000000
0.047435903,5,155,read_only,64,2673,1.000000,1.000000,1.000000,{"1":2673},1.000000,0.000000,0.000000,0.000000,1.000000,0.000000,-1.000000
0.047435903,5,155,union,64,2673,1.000000,1.000000,1.000000,{"1":2673},1.000000,0.000000,0.000000,0.000000,1.000000,0.000000,-1.000000
0.047435903,5,155,snapshot,64,5811,1.000000,1.000000,1.000000,{"1":5811},1.000000,0.000000,0.000000,0.000000,1.000000,0.000000,-1.000000
0.047435903,5,155,read_only,256,669,0.994021,0.998505,0.994021,{"1":2673},0.994021,0.005979,0.000000,0.000000,0.994021,0.000000,0.000000
0.047435903,5,155,union,256,669,0.994021,0.998505,0.994021,{"1":2673},0.994021,0.005979,0.000000,0.000000,0.994021,0.000000,0.000000
0.047435903,5,155,snapshot,256,1454,0.997249,0.999312,0.997249,{"1":5811},0.997249,0.002751,0.000000,0.000000,0.997249,0.000000,0.000000
0.047435903,5,155,read_only,1024,168,0.976190,0.997024,0.976190,{"1":2673},0.976190,0.023810,0.000000,0.000000,0.976190,0.000000,0.000000
0.047435903,5,155,union,1024,168,0.976190,0.997024,0.976190,{"1":2673},0.976190,0.023810,0.000000,0.000000,0.976190,0.000000,0.000000
0.047435903,5,155,snapshot,1024,365,0.989041,0.998630,0.989041,{"1":5811},0.989041,0.010959,0.000000,0.000000,0.989041,0.000000,0.000000
0.047435903,5,155,read_only,4096,44,0.954545,0.997159,0.954545,{"1":2673},0.954545,0.045455,0.000000,0.000000,0.954545,0.000000,0.000000
0.047435903,5,155,union,4096,44,0.954545,0.997159,0.954545,{"1":2673},0.954545,0.045455,0.000000,0.000000,0.954545,0.000000,0.000000
0.047435903,5,155,snapshot,4096,94,0.978723,0.998670,0.978723,{"1":5811},0.978723,0.021277,0.000000,0.000000,0.978723,0.000000,0.000000
0.047435903,5,155,read_only,16384,14,0.857143,0.968464,0.857143,{"1":2673},0.857143,0.142857,0.000000,0.000000,0.857143,0.000000,0.000000
0.047435903,5,155,union,16384,14,0.857143,0.968464,0.857143,{"1":2673},0.857143,0.142857,0.000000,0.000000,0.857143,0.000000,0.000000
0.047435903,5,155,snapshot,16384,27,0.592593,0.890863,0.592593,{"1":5811},0.592593,0.407407,0.000000,0.000000,0.592593,0.000000,0.000000
0.047698392,5,156,read_only,64,847,1.000000,1.000000,1.000000,{"1":847},1.000000,0.000000,0.000000,0.000000,1.000000,0.000000,-1.000000
0.047698392,5,156,union,64,847,1.000000,1.000000,1.000000,{"1":847},1.000000,0.000000,0.000000,0.000000,1.000000,0.000000,-1.000000
0.047698392,5,156,snapshot,64,6657,1.000000,1.000000,1.000000,{"1":6657},1.000000,0.000000,0.000000,0.000000,1.000000,0.000000,-1.000000
0.047698392,5,156,read_only,256,212,1.000000,1.000000,1.000000,{"1":847},1.000000,0.000000,0.000000,0.000000,1.000000,0.000000,-1.000000
0.047698392,5,156,union,256,212,1.000000,1.000000,1.000000,{"1":847},1.000000,0.000000,0.000000,0.000000,1.000000,0.000000,-1.000000
0.047698392,5,156,snapshot,256,1665,0.997598,0.999399,0.997598,{"1":6657},0.997598,0.002402,0.000000,0.000000,0.997598,0.000000,0.000000
0.047698392,5,156,read_only,1024,54,1.000000,1.000000,1.000000,{"1":847},1.000000,0.000000,0.000000,0.000000,1.000000,0.000000,-1.000000
0.047698392,5,156,union,1024,54,1.000000,1.000000,1.000000,{"1":847},1.000000,0.000000,0.000000,0.000000,1.000000,0.000000,-1.000000
0.047698392,5,156,snapshot,1024,417,0.990408,0.998801,0.990408,{"1":6657},0.990408,0.009592,0.000000,0.000000,0.990408,0.000000,0.000000
0.047698392,5,156,read_only,4096,16,1.000000,1.000000,1.000000,{"1":847},1.000000,0.000000,0.000000,0.000000,1.000000,0.000000,-1.000000
0.047698392,5,156,union,4096,16,1.000000,1.000000,1.000000,{"1":847},1.000000,0.000000,0.000000,0.000000,1.000000,0.000000,-1.000000
0.047698392,5,156,snapshot,4096,105,0.980952,0.998810,0.980952,{"1":6657},0.980952,0.019048,0.000000,0.000000,0.980952,0.000000,0.000000
0.047698392,5,156,read_only,16384,5,0.800000,0.941553,0.800000,{"1":847},0.800000,0.200000,0.000000,0.000000,0.800000,0.000000,0.000000
0.047698392,5,156,union,16384,5,0.800000,0.941553,0.800000,{"1":847},0.800000,0.200000,0.000000,0.000000,0.800000,0.000000,0.000000
0.047698392,5,156,snapshot,16384,29,0.586207,0.895295,0.586207,{"1":6657},0.586207,0.413793,0.000000,0.000000,0.586207,0.000000,0.000000
0.048238519,5,157,read_only,64,13,1.000000,1.000000,1.000000,{"1":13},1.000000,0.000000,0.000000,0.000000,1.000000,0.000000,-1.000000
0.048238519,5,157,union,64,13,1.000000,1.000000,1.000000,{"1":13},1.000000,0.000000,0.000000,0.000000,1.000000,0.000000,-1.000000
0.048238519,5,157,snapshot,64,6657,1.000000,1.000000,1.000000,{"1":6657},1.000000,0.000000,0.000000,0.000000,1.000000,0.000000,-1.000000
0.048238519,5,157,read_only,256,4,1.000000,1.000000,1.000000,{"1":13},1.000000,0.000000,0.000000,0.000000,1.000000,0.000000,-1.000000
0.048238519,5,157,union,256,4,1.000000,1.000000,1.000000,{"1":13},1.000000,0.000000,0.000000,0.000000,1.000000,0.000000,-1.000000
0.048238519,5,157,snapshot,256,1666,0.997599,0.999400,0.997599,{"1":6657},0.997599,0.002401,0.000000,0.000000,0.997599,0.000000,0.000000
0.048238519,5,157,read_only,1024,1,1.000000,1.000000,1.000000,{"1":13},1.000000,0.000000,0.000000,0.000000,1.000000,0.000000,-1.000000
0.048238519,5,157,union,1024,1,1.000000,1.000000,1.000000,{"1":13},1.000000,0.000000,0.000000,0.000000,1.000000,0.000000,-1.000000
0.048238519,5,157,snapshot,1024,418,0.990431,0.998804,0.990431,{"1":6657},0.990431,0.009569,0.000000,0.000000,0.990431,0.000000,0.000000
0.048238519,5,157,read_only,4096,1,1.000000,1.000000,1.000000,{"1":13},1.000000,0.000000,0.000000,0.000000,1.000000,0.000000,-1.000000
0.048238519,5,157,union,4096,1,1.000000,1.000000,1.000000,{"1":13},1.000000,0.000000,0.000000,0.000000,1.000000,0.000000,-1.000000
0.048238519,5,157,snapshot,4096,106,0.981132,0.998821,0.981132,{"1":6657},0.981132,0.018868,0.000000,0.000000,0.981132,0.000000,0.000000
0.048238519,5,157,read_only,16384,1,1.000000,1.000000,1.000000,{"1":13},1.000000,0.000000,0.000000,0.000000,1.000000,0.000000,-1.000000
0.048238519,5,157,union,16384,1,1.000000,1.000000,1.000000,{"1":13},1.000000,0.000000,0.000000,0.000000,1.000000,0.000000,-1.000000
0.048238519,5,157,snapshot,16384,30,0.600000,0.898786,0.600000,{"1":6657},0.600000,0.400000,0.000000,0.000000,0.600000,0.000000,0.000000
0.048476671,5,158,read_only,64,7,1.000000,1.000000,1.000000,{"1":7},1.000000,0.000000,0.000000,0.000000,1.000000,0.000000,-1.000000
0.048476671,5,158,union,64,7,1.000000,1.000000,1.000000,{"1":7},1.000000,0.000000,0.000000,0.000000,1.000000,0.000000,-1.000000
0.048476671,5,158,snapshot,64,6664,1.000000,1.000000,1.000000,{"1":6664},1.000000,0.000000,0.000000,0.000000,1.000000,0.000000,-1.000000
0.048476671,5,158,read_only,256,2,1.000000,1.000000,1.000000,{"1":7},1.000000,0.000000,0.000000,0.000000,1.000000,0.000000,-1.000000
0.048476671,5,158,union,256,2,1.000000,1.000000,1.000000,{"1":7},1.000000,0.000000,0.000000,0.000000,1.000000,0.000000,-1.000000
0.048476671,5,158,snapshot,256,1668,0.997602,0.999400,0.997602,{"1":6664},0.997602,0.002398,0.000000,0.000000,0.997602,0.000000,0.000000
0.048476671,5,158,read_only,1024,1,1.000000,1.000000,1.000000,{"1":7},1.000000,0.000000,0.000000,0.000000,1.000000,0.000000,-1.000000
0.048476671,5,158,union,1024,1,1.000000,1.000000,1.000000,{"1":7},1.000000,0.000000,0.000000,0.000000,1.000000,0.000000,-1.000000
0.048476671,5,158,snapshot,1024,419,0.990453,0.998807,0.990453,{"1":6664},0.990453,0.009547,0.000000,0.000000,0.990453,0.000000,0.000000
0.048476671,5,158,read_only,4096,1,1.000000,1.000000,1.000000,{"1":7},1.000000,0.000000,0.000000,0.000000,1.000000,0.000000,-1.000000
0.048476671,5,158,union,4096,1,1.000000,1.000000,1.000000,{"1":7},1.000000,0.000000,0.000000,0.000000,1.000000,0.000000,-1.000000
0.048476671,5,158,snapshot,4096,107,0.981308,0.998832,0.981308,{"1":6664},0.981308,0.018692,0.000000,0.000000,0.981308,0.000000,0.000000
0.048476671,5,158,read_only,16384,1,1.000000,1.000000,1.000000,{"1":7},1.000000,0.000000,0.000000,0.000000,1.000000,0.000000,-1.000000
0.048476671,5,158,union,16384,1,1.000000,1.000000,1.000000,{"1":7},1.000000,0.000000,0.000000,0.000000,1.000000,0.000000,-1.000000
0.048476671,5,158,snapshot,16384,30,0.566667,0.895499,0.566667,{"1":6664},0.566667,0.433333,0.000000,0.000000,0.566667,0.000000,0.000000
0.048711788,5,159,snapshot,64,6664,1.000000,1.000000,1.000000,{"1":6664},1.000000,0.000000,0.000000,0.000000,1.000000,0.000000,-1.000000
0.048711788,5,159,snapshot,256,1668,0.997602,0.999400,0.997602,{"1":6664},0.997602,0.002398,0.000000,0.000000,0.997602,0.000000,0.000000
0.048711788,5,159,snapshot,1024,419,0.990453,0.998807,0.990453,{"1":6664},0.990453,0.009547,0.000000,0.000000,0.990453,0.000000,0.000000
0.048711788,5,159,snapshot,4096,107,0.981308,0.998832,0.981308,{"1":6664},0.981308,0.018692,0.000000,0.000000,0.981308,0.000000,0.000000
0.048711788,5,159,snapshot,16384,30,0.566667,0.895499,0.566667,{"1":6664},0.566667,0.433333,0.000000,0.000000,0.566667,0.000000,0.000000
0.049077852,5,160,read_only,64,2816,1.000000,1.000000,1.000000,{"1":2816},1.000000,0.000000,0.000000,0.000000,1.000000,0.000000,-1.000000
0.049077852,5,160,union,64,2816,1.000000,1.000000,1.000000,{"1":2816},1.000000,0.000000,0.000000,0.000000,1.000000,0.000000,-1.000000
0.049077852,5,160,snapshot,64,8192,1.000000,1.000000,1.000000,{"1":8192},1.000000,0.000000,0.000000,0.000000,1.000000,0.000000,-1.000000
0.049077852,5,160,read_only,256,704,1.000000,1.000000,1.000000,{"1":2816},1.000000,0.000000,0.000000,0.000000,1.000000,0.000000,-1.000000
0.049077852,5,160,union,256,704,1.000000,1.000000,1.000000,{"1":2816},1.000000,0.000000,0.000000,0.000000,1.000000,0.000000,-1.000000
0.049077852,5,160,snapshot,256,2051,0.998050,0.999512,0.998050,{"1":8192},0.998050,0.001950,0.000000,0.000000,0.998050,0.000000,0.000000
0.049077852,5,160,read_only,1024,176,1.000000,1.000000,1.000000,{"1":2816},1.000000,0.000000,0.000000,0.000000,1.000000,0.000000,-1.000000
0.049077852,5,160,union,1024,176,1.000000,1.000000,1.000000,{"1":2816},1.000000,0.000000,0.000000,0.000000,1.000000,0.000000,-1.000000
0.049077852,5,160,snapshot,1024,515,0.992233,0.999029,0.992233,{"1":8192},0.992233,0.007767,0.000000,0.000000,0.992233,0.000000,0.000000
0.049077852,5,160,read_only,4096,44,1.000000,1.000000,1.000000,{"1":2816},1.000000,0.000000,0.000000,0.000000,1.000000,0.000000,-1.000000
0.049077852,5,160,union,4096,44,1.000000,1.000000,1.000000,{"1":2816},1.000000,0.000000,0.000000,0.000000,1.000000,0.000000,-1.000000
0.049077852,5,160,snapshot,4096,131,0.984733,0.999046,0.984733,{"1":8192},0.984733,0.015267,0.000000,0.000000,0.984733,0.000000,0.000000
0.049077852,5,160,read_only,16384,12,0.416667,0.833333,0.416667,{"1":2816},0.416667,0.583333,0.000000,0.000000,0.416667,0.000000,0.000000
0.049077852,5,160,union,16384,12,0.416667,0.833333,0.416667,{"1":2816},0.416667,0.583333,0.000000,0.000000,0.416667,0.000000,0.000000
0.049077852,5,160,snapshot,16384,38,0.526316,0.884253,0.526316,{"1":8192},0.526316,0.473684,0.000000,0.000000,0.526316,0.000000,0.000000
0.049466933,5,161,read_only,64,576,1.000000,1.000000,1.000000,{"1":576},1.000000,0.000000,0.000000,0.000000,1.000000,0.000000,-1.000000
0.049466933,5,161,union,64,576,1.000000,1.000000,1.000000,{"1":576},1.000000,0.000000,0.000000,0.000000,1.000000,0.000000,-1.000000
0.049466933,5,161,snapshot,64,8192,1.000000,1.000000,1.000000,{"1":8192},1.000000,0.000000,0.000000,0.000000,1.000000,0.000000,-1.000000
0.049466933,5,161,read_only,256,144,1.000000,1.000000,1.000000,{"1":576},1.000000,0.000000,0.000000,0.000000,1.000000,0.000000,-1.000000
0.049466933,5,161,union,256,144,1.000000,1.000000,1.000000,{"1":576},1.000000,0.000000,0.000000,0.000000,1.000000,0.000000,-1.000000
0.049466933,5,161,snapshot,256,2051,0.998050,0.999512,0.998050,{"1":8192},0.998050,0.001950,0.000000,0.000000,0.998050,0.000000,0.000000
0.049466933,5,161,read_only,1024,36,1.000000,1.000000,1.000000,{"1":576},1.000000,0.000000,0.000000,0.000000,1.000000,0.000000,-1.000000
0.049466933,5,161,union,1024,36,1.000000,1.000000,1.000000,{"1":576},1.000000,0.000000,0.000000,0.000000,1.000000,0.000000,-1.000000
0.049466933,5,161,snapshot,1024,519,0.992293,0.999037,0.992293,{"1":8192},0.992293,0.007707,0.000000,0.000000,0.992293,0.000000,0.000000
0.049466933,5,161,read_only,4096,9,1.000000,1.000000,1.000000,{"1":576},1.000000,0.000000,0.000000,0.000000,1.000000,0.000000,-1.000000
0.049466933,5,161,union,4096,9,1.000000,1.000000,1.000000,{"1":576},1.000000,0.000000,0.000000,0.000000,1.000000,0.000000,-1.000000
0.049466933,5,161,snapshot,4096,132,0.984848,0.999053,0.984848,{"1":8192},0.984848,0.015152,0.000000,0.000000,0.984848,0.000000,0.000000
0.049466933,5,161,read_only,16384,3,0.333333,0.750000,0.333333,{"1":576},0.333333,0.666667,0.000000,0.000000,0.333333,0.000000,0.000000
0.049466933,5,161,union,16384,3,0.333333,0.750000,0.333333,{"1":576},0.333333,0.666667,0.000000,0.000000,0.333333,0.000000,0.000000
0.049466933,5,161,snapshot,16384,39,0.512821,0.884318,0.512821,{"1":8192},0.512821,0.487179,0.000000,0.000000,0.512821,0.000000,0.000000
0.049721877,5,162,read_only,64,640,1.000000,1.000000,1.000000,{"1":640},1.000000,0.000000,0.000000,0.000000,1.000000,0.000000,-1.000000
0.049721877,5,162,union,64,640,1.000000,1.000000,1.000000,{"1":640},1.000000,0.000000,0.000000,0.000000,1.000000,0.000000,-1.000000
0.049721877,5,162,snapshot,64,8192,1.000000,1.000000,1.000000,{"1":8192},1.000000,0.000000,0.000000,0.000000,1.000000,0.000000,-1.000000
0.049721877,5,162,read_only,256,160,1.000000,1.000000,1.000000,{"1":640},1.000000,0.000000,0.000000,0.000000,1.000000,0.000000,-1.000000
0.049721877,5,162,union,256,160,1.000000,1.000000,1.000000,{"1":640},1.000000,0.000000,0.000000,0.000000,1.000000,0.000000,-1.000000
0.049721877,5,162,snapshot,256,2050,0.998049,0.999512,0.998049,{"1":8192},0.998049,0.001951,0.000000,0.000000,0.998049,0.000000,0.000000
0.049721877,5,162,read_only,1024,40,1.000000,1.000000,1.000000,{"1":640},1.000000,0.000000,0.000000,0.000000,1.000000,0.000000,-1.000000
0.049721877,5,162,union,1024,40,1.000000,1.000000,1.000000,{"1":640},1.000000,0.000000,0.000000,0.000000,1.000000,0.000000,-1.000000
0.049721877,5,162,snapshot,1024,518,0.992278,0.999035,0.992278,{"1":8192},0.992278,0.007722,0.000000,0.000000,0.992278,0.000000,0.000000
0.049721877,5,162,read_only,4096,10,1.000000,1.000000,1.000000,{"1":640},1.000000,0.000000,0.000000,0.000000,1.000000,0.000000,-1.000000
0.049721877,5,162,union,4096,10,1.000000,1.000000,1.000000,{"1":640},1.000000,0.000000,0.000000,0.000000,1.000000,0.000000,-1.000000
0.049721877,5,162,snapshot,4096,131,0.984733,0.999046,0.984733,{"1":8192},0.984733,0.015267,0.000000,0.000000,0.984733,0.000000,0.000000
0.049721877,5,162,read_only,16384,4,0.500000,0.812500,0.500000,{"1":640},0.500000,0.500000,0.000000,0.000000,0.500000,0.000000,0.000000
0.049721877,5,162,union,16384,4,0.500000,0.812500,0.500000,{"1":640},0.500000,0.500000,0.000000,0.000000,0.500000,0.000000,0.000000
0.049721877,5,162,snapshot,16384,41,0.536585,0.875890,0.536585,{"1":8192},0.536585,0.463415,0.000000,0.000000,0.536585,0.000000,0.000000
0.050019852,5,163,read_only,64,4884,1.000000,1.000000,1.000000,{"1":4884},1.000000,0.000000,0.000000,0.000000,1.000000,0.000000,-1.000000
0.050019852,5,163,union,64,4884,1.000000,1.000000,1.000000,{"1":4884},1.000000,0.000000,0.000000,0.000000,1.000000,0.000000,-1.000000
0.050019852,5,163,snapshot,64,4886,1.000000,1.000000,1.000000,{"1":4886},1.000000,0.000000,0.000000,0.000000,1.000000,0.000000,-1.000000
0.050019852,5,163,read_only,256,1255,1.000000,1.000000,1.000000,{"1":4884},1.000000,0.000000,0.000000,0.000000,1.000000,0.000000,-1.000000
0.050019852,5,163,union,256,1255,1.000000,1.000000,1.000000,{"1":4884},1.000000,0.000000,0.000000,0.000000,1.000000,0.000000,-1.000000
0.050019852,5,163,snapshot,256,1256,1.000000,1.000000,1.000000,{"1":4886},1.000000,0.000000,0.000000,0.000000,1.000000,0.000000,-1.000000
0.050019852,5,163,read_only,1024,325,1.000000,1.000000,1.000000,{"1":4884},1.000000,0.000000,0.000000,0.000000,1.000000,0.000000,-1.000000
0.050019852,5,163,union,1024,325,1.000000,1.000000,1.000000,{"1":4884},1.000000,0.000000,0.000000,0.000000,1.000000,0.000000,-1.000000
0.050019852,5,163,snapshot,1024,325,1.000000,1.000000,1.000000,{"1":4886},1.000000,0.000000,0.000000,0.000000,1.000000,0.000000,-1.000000
0.050019852,5,163,read_only,4096,89,1.000000,1.000000,1.000000,{"1":4884},1.000000,0.000000,0.000000,0.000000,1.000000,0.000000,-1.000000
0.050019852,5,163,union,4096,89,1.000000,1.000000,1.000000,{"1":4884},1.000000,0.000000,0.000000,0.000000,1.000000,0.000000,-1.000000
0.050019852,5,163,snapshot,4096,89,1.000000,1.000000,1.000000,{"1":4886},1.000000,0.000000,0.000000,0.000000,1.000000,0.000000,-1.000000
0.050019852,5,163,read_only,16384,29,1.000000,1.000000,1.000000,{"1":4884},1.000000,0.000000,0.000000,0.000000,1.000000,0.000000,-1.000000
0.050019852,5,163,union,16384,29,1.000000,1.000000,1.000000,{"1":4884},1.000000,0.000000,0.000000,0.000000,1.000000,0.000000,-1.000000
0.050019852,5,163,snapshot,16384,29,1.000000,1.000000,1.000000,{"1":4886},1.000000,0.000000,0.000000,0.000000,1.000000,0.000000,-1.000000
0.050370351,5,164,read_only,64,15724,1.000000,1.000000,1.000000,{"1":15724},1.000000,0.000000,0.000000,0.000000,1.000000,0.000000,-1.000000
0.050370351,5,164,union,64,15724,1.000000,1.000000,1.000000,{"1":15724},1.000000,0.000000,0.000000,0.000000,1.000000,0.000000,-1.000000
0.050370351,5,164,snapshot,64,8192,1.000000,1.000000,1.000000,{"1":8192},1.000000,0.000000,0.000000,0.000000,1.000000,0.000000,-1.000000
0.050370351,5,164,read_only,256,3965,1.000000,1.000000,1.000000,{"1":15724},1.000000,0.000000,0.000000,0.000000,1.000000,0.000000,-1.000000
0.050370351,5,164,union,256,3965,1.000000,1.000000,1.000000,{"1":15724},1.000000,0.000000,0.000000,0.000000,1.000000,0.000000,-1.000000
0.050370351,5,164,snapshot,256,2130,1.000000,1.000000,1.000000,{"1":8192},1.000000,0.000000,0.000000,0.000000,1.000000,0.000000,-1.000000
0.050370351,5,164,read_only,1024,1016,1.000000,1.000000,1.000000,{"1":15724},1.000000,0.000000,0.000000,0.000000,1.000000,0.000000,-1.000000
0.050370351,5,164,union,1024,1016,1.000000,1.000000,1.000000,{"1":15724},1.000000,0.000000,0.000000,0.000000,1.000000,0.000000,-1.000000
0.050370351,5,164,snapshot,1024,607,1.000000,1.000000,1.000000,{"1":8192},1.000000,0.000000,0.000000,0.000000,1.000000,0.000000,-1.000000
0.050370351,5,164,read_only,4096,276,1.000000,1.000000,1.000000,{"1":15724},1.000000,0.000000,0.000000,0.000000,1.000000,0.000000,-1.000000
0.050370351,5,164,union,4096,276,1.000000,1.000000,1.000000,{"1":15724},1.000000,0.000000,0.000000,0.000000,1.000000,0.000000,-1.000000
0.050370351,5,164,snapshot,4096,186,1.000000,1.000000,1.000000,{"1":8192},1.000000,0.000000,0.000000,0.000000,1.000000,0.000000,-1.000000
0.050370351,5,164,read_only,16384,81,0.962963,0.986760,0.962963,{"1":15724},0.962963,0.037037,0.000000,0.000000,0.962963,0.000000,0.000000
0.050370351,5,164,union,16384,81,0.962963,0.986760,0.962963,{"1":15724},0.962963,0.037037,0.000000,0.000000,0.962963,0.000000,0.000000
0.050370351,5,164,snapshot,16384,58,0.948276,0.982193,0.948276,{"1":8192},0.948276,0.051724,0.000000,0.000000,0.948276,0.000000,0.000000
0.051168508,5,165,read_only,64,17876,1.000000,1.000000,1.000000,{"1":12602,"2":5274},0.704968,0.295032,0.000000,0.000000,0.704968,0.295032,1.000000
0.051168508,5,165,union,64,17876,1.000000,1.000000,1.000000,{"1":12602,"2":5274},0.704968,0.295032,0.000000,0.000000,0.704968,0.295032,1.000000
0.051168508,5,165,snapshot,64,8192,1.000000,1.000000,1.000000,{"0":1,"1":4103,"2":4088},0.500854,0.499023,0.000000,0.000000,0.500854,0.499023,1.000000
0.051168508,5,165,read_only,256,4670,0.917773,0.972591,0.917773,{"1":12602,"2":5274},0.655460,0.322698,0.021842,0.000000,0.655460,0.262313,0.761342
0.051168508,5,165,union,256,4670,0.917773,0.972591,0.917773,{"1":12602,"2":5274},0.655460,0.322698,0.021842,0.000000,0.655460,0.262313,0.761342
0.051168508,5,165,snapshot,256,2830,0.911661,0.967874,0.911661,{"0":1,"1":4103,"2":4088},0.474205,0.501413,0.024382,0.000000,0.473852,0.437809,0.832661
0.051168508,5,165,read_only,1024,1281,0.588603,0.881237,0.588603,{"1":12602,"2":5274},0.476971,0.395004,0.128025,0.000000,0.476971,0.111632,0.213433
0.051168508,5,165,union,1024,1281,0.588603,0.881237,0.588603,{"1":12602,"2":5274},0.476971,0.395004,0.128025,0.000000,0.476971,0.111632,0.213433
0.051168508,5,165,snapshot,1024,871,0.421355,0.831303,0.421355,{"0":1,"1":4103,"2":4088},0.246843,0.591274,0.161883,0.000000,0.245695,0.175660,0.233232
0.051168508,5,165,read_only,4096,321,0.389408,0.658635,0.389408,{"1":12602,"2":5274},0.386293,0.003115,0.610592,0.000000,0.386293,0.003115,0.005076
0.051168508,5,165,union,4096,321,0.389408,0.658635,0.389408,{"1":12602,"2":5274},0.386293,0.003115,0.610592,0.000000,0.386293,0.003115,0.005076
0.051168508,5,165,snapshot,4096,237,0.172996,0.543207,0.172996,{"0":1,"1":4103,"2":4088},0.172996,0.000000,0.827004,0.000000,0.172996,0.000000,0.000000
0.051168508,5,165,read_only,16384,82,0.353659,0.602534,0.353659,{"1":12602,"2":5274},0.353659,0.036585,0.609756,0.000000,0.353659,0.000000,0.000000
0.051168508,5,165,union,16384,82,0.353659,0.602534,0.353659,{"1":12602,"2":5274},0.353659,0.036585,0.609756,0.000000,0.353659,0.000000,0.000000
0.051168508,5,165,snapshot,16384,68,0.279412,0.551998,0.279412,{"0":1,"1":4103,"2":4088},0.279412,0.000000,0.720588,0.000000,0.279412,0.000000,0.000000
0.051720852,5,166,read_only,64,10592,1.000000,1.000000,1.000000,{"1":5679,"2":4913},0.536159,0.463841,0.000000,0.000000,0.536159,0.463841,1.000000
0.051720852,5,166,union,64,10592,1.000000,1.000000,1.000000,{"1":5679,"2":4913},0.536159,0.463841,0.000000,0.000000,0.536159,0.463841,1.000000
0.051720852,5,166,snapshot,64,8192,1.000000,1.000000,1.000000,{"1":4236,"2":3956},0.517090,0.482910,0.000000,0.000000,0.517090,0.482910,1.000000
0.051720852,5,166,read_only,256,3107,0.869649,0.955718,0.869649,{"1":5679,"2":4913},0.455101,0.511104,0.033795,0.000000,0.455101,0.414548,0.760780
0.051720852,5,166,union,256,3107,0.869649,0.955718,0.869649,{"1":5679,"2":4913},0.455101,0.511104,0.033795,0.000000,0.455101,0.414548,0.760780
0.051720852,5,166,snapshot,256,2917,0.910525,0.968261,0.910525,{"1":4236,"2":3956},0.467947,0.507028,0.025026,0.000000,0.467947,0.442578,0.831830
0.051720852,5,166,read_only,1024,925,0.427027,0.834544,0.427027,{"1":5679,"2":4913},0.241081,0.585946,0.172973,0.000000,0.241081,0.185946,0.245014
0.051720852,5,166,union,1024,925,0.427027,0.834544,0.427027,{"1":5679,"2":4913},0.241081,0.585946,0.172973,0.000000,0.241081,0.185946,0.245014
0.051720852,5,166,snapshot,1024,909,0.468647,0.846512,0.468647,{"1":4236,"2":3956},0.255226,0.595160,0.149615,0.000000,0.255226,0.213421,0.286558
0.051720852,5,166,read_only,4096,237,0.139241,0.533689,0.139241,{"1":5679,"2":4913},0.118143,0.050633,0.831224,0.000000,0.118143,0.021097,0.023923
0.051720852,5,166,union,4096,237,0.139241,0.533689,0.139241,{"1":5679,"2":4913},0.118143,0.050633,0.831224,0.000000,0.118143,0.021097,0.023923
0.051720852,5,166,snapshot,4096,236,0.135593,0.541305,0.135593,{"1":4236,"2":3956},0.114407,0.050847,0.834746,0.000000,0.114407,0.021186,0.023923
0.051720852,5,166,read_only,16384,69,0.217391,0.529357,0.217391,{"1":5679,"2":4913},0.217391,0.057971,0.724638,0.000000,0.217391,0.000000,0.000000
0.051720852,5,166,union,16384,69,0.217391,0.529357,0.217391,{"1":5679,"2":4913},0.217391,0.057971,0.724638,0.000000,0.217391,0.000000,0.000000
0.051720852,5,166,snapshot,16384,67,0.194030,0.526536,0.194030,{"1":4236,"2":3956},0.194030,0.059701,0.746269,0.000000,0.194030,0.000000,0.000000
0.052040850,5,167,snapshot,64,8192,1.000000,1.000000,1.000000,{"1":4236,"2":3956},0.517090,0.482910,0.000000,0.000000,0.517090,0.482910,1.000000
0.052040850,5,167,snapshot,256,2917,0.910525,0.968261,0.910525,{"1":4236,"2":3956},0.467947,0.507028,0.025026,0.000000,0.467947,0.442578,0.831830
0.052040850,5,167,snapshot,1024,909,0.468647,0.846512,0.468647,{"1":4236,"2":3956},0.255226,0.595160,0.149615,0.000000,0.255226,0.213421,0.286558
0.052040850,5,167,snapshot,4096,236,0.135593,0.541305,0.135593,{"1":4236,"2":3956},0.114407,0.050847,0.834746,0.000000,0.114407,0.021186,0.023923
0.052040850,5,167,snapshot,16384,67,0.194030,0.526536,0.194030,{"1":4236,"2":3956},0.194030,0.059701,0.746269,0.000000,0.194030,0.000000,0.000000
0.052301977,5,168,snapshot,64,8192,1.000000,1.000000,1.000000,{"1":4236,"2":3956},0.517090,0.482910,0.000000,0.000000,0.517090,0.482910,1.000000
0.052301977,5,168,snapshot,256,2917,0.910525,0.968261,0.910525,{"1":4236,"2":3956},0.467947,0.507028,0.025026,0.000000,0.467947,0.442578,0.831830
0.052301977,5,168,snapshot,1024,909,0.468647,0.846512,0.468647,{"1":4236,"2":3956},0.255226,0.595160,0.149615,0.000000,0.255226,0.213421,0.286558
0.052301977,5,168,snapshot,4096,236,0.135593,0.541305,0.135593,{"1":4236,"2":3956},0.114407,0.050847,0.834746,0.000000,0.114407,0.021186,0.023923
0.052301977,5,168,snapshot,16384,67,0.194030,0.526536,0.194030,{"1":4236,"2":3956},0.194030,0.059701,0.746269,0.000000,0.194030,0.000000,0.000000
0.053114931,5,169,read_only,64,10,1.000000,1.000000,1.000000,{"1":10},1.000000,0.000000,0.000000,0.000000,1.000000,0.000000,-1.000000
0.053114931,5,169,union,64,10,1.000000,1.000000,1.000000,{"1":10},1.000000,0.000000,0.000000,0.000000,1.000000,0.000000,-1.000000
0.053114931,5,169,snapshot,64,8192,1.000000,1.000000,1.000000,{"1":4239,"2":3953},0.517456,0.482544,0.000000,0.000000,0.517456,0.482544,1.000000
0.053114931,5,169,read_only,256,4,1.000000,1.000000,1.000000,{"1":10},1.000000,0.000000,0.000000,0.000000,1.000000,0.000000,-1.000000
0.053114931,5,169,union,256,4,1.000000,1.000000,1.000000,{"1":10},1.000000,0.000000,0.000000,0.000000,1.000000,0.000000,-1.000000
0.053114931,5,169,snapshot,256,2920,0.910616,0.968293,0.910616,{"1":4239,"2":3953},0.468493,0.506507,0.025000,0.000000,0.468493,0.442123,0.831830
0.053114931,5,169,read_only,1024,2,1.000000,1.000000,1.000000,{"1":10},1.000000,0.000000,0.000000,0.000000,1.000000,0.000000,-1.000000
0.053114931,5,169,union,1024,2,1.000000,1.000000,1.000000,{"1":10},1.000000,0.000000,0.000000,0.000000,1.000000,0.000000,-1.000000
0.053114931,5,169,snapshot,1024,911,0.470911,0.847334,0.470911,{"1":4239,"2":3953},0.256861,0.593853,0.149286,0.000000,0.256861,0.214050,0.288035
0.053114931,5,169,read_only,4096,2,1.000000,1.000000,1.000000,{"1":10},1.000000,0.000000,0.000000,0.000000,1.000000,0.000000,-1.000000
0.053114931,5,169,union,4096,2,1.000000,1.000000,1.000000,{"1":10},1.000000,0.000000,0.000000,0.000000,1.000000,0.000000,-1.000000
0.053114931,5,169,snapshot,4096,238,0.142857,0.545063,0.142857,{"1":4239,"2":3953},0.121849,0.050420,0.827731,0.000000,0.121849,0.021008,0.023923
0.053114931,5,169,read_only,16384,1,1.000000,1.000000,1.000000,{"1":10},1.000000,0.000000,0.000000,0.000000,1.000000,0.000000,-1.000000
0.053114931,5,169,union,16384,1,1.000000,1.000000,1.000000,{"1":10},1.000000,0.000000,0.000000,0.000000,1.000000,0.000000,-1.000000
0.053114931,5,169,snapshot,16384,68,0.205882,0.533618,0.205882,{"1":4239,"2":3953},0.205882,0.058824,0.735294,0.000000,0.205882,0.000000,0.000000
0.053498443,5,170,snapshot,64,8192,1.000000,1.000000,1.000000,{"1":4239,"2":3953},0.517456,0.482544,0.000000,0.000000,0.517456,0.482544,1.000000
0.053498443,5,170,snapshot,256,2920,0.910616,0.968293,0.910616,{"1":4239,"2":3953},0.468493,0.506507,0.025000,0.000000,0.468493,0.442123,0.831830
0.053498443,5,170,snapshot,1024,911,0.470911,0.847334,0.470911,{"1":4239,"2":3953},0.256861,0.593853,0.149286,0.000000,0.256861,0.214050,0.288035
0.053498443,5,170,snapshot,4096,238,0.142857,0.545063,0.142857,{"1":4239,"2":3953},0.121849,0.050420,0.827731,0.000000,0.121849,0.021008,0.023923
0.053498443,5,170,snapshot,16384,68,0.205882,0.533618,0.205882,{"1":4239,"2":3953},0.205882,0.058824,0.735294,0.000000,0.205882,0.000000,0.000000
0.053747847,5,171,read_only,64,752,1.000000,1.000000,1.000000,{"1":752},1.000000,0.000000,0.000000,0.000000,1.000000,0.000000,-1.000000
0.053747847,5,171,union,64,752,1.000000,1.000000,1.000000,{"1":752},1.000000,0.000000,0.000000,0.000000,1.000000,0.000000,-1.000000
0.053747847,5,171,snapshot,64,8192,1.000000,1.000000,1.000000,{"1":4640,"2":3552},0.566406,0.433594,0.000000,0.000000,0.566406,0.433594,1.000000
0.053747847,5,171,read_only,256,226,1.000000,1.000000,1.000000,{"1":752},1.000000,0.000000,0.000000,0.000000,1.000000,0.000000,-1.000000
0.053747847,5,171,union,256,226,1.000000,1.000000,1.000000,{"1":752},1.000000,0.000000,0.000000,0.000000,1.000000,0.000000,-1.000000
0.053747847,5,171,snapshot,256,3054,0.925999,0.973532,0.925999,{"1":4640,"2":3552},0.512770,0.466601,0.020629,0.000000,0.512770,0.413229,0.848118
0.053747847,5,171,read_only,1024,66,1.000000,1.000000,1.000000,{"1":752},1.000000,0.000000,0.000000,0.000000,1.000000,0.000000,-1.000000
0.053747847,5,171,union,1024,66,1.000000,1.000000,1.000000,{"1":752},1.000000,0.000000,0.000000,0.000000,1.000000,0.000000,-1.000000
0.053747847,5,171,snapshot,1024,974,0.524641,0.862586,0.524641,{"1":4640,"2":3552},0.312115,0.559548,0.128337,0.000000,0.312115,0.212526,0.308955
0.053747847,5,171,read_only,4096,26,1.000000,1.000000,1.000000,{"1":752},1.000000,0.000000,0.000000,0.000000,1.000000,0.000000,-1.000000
0.053747847,5,171,union,4096,26,1.000000,1.000000,1.000000,{"1":752},1.000000,0.000000,0.000000,0.000000,1.000000,0.000000,-1.000000
0.053747847,5,171,snapshot,4096,266,0.233083,0.592360,0.233083,{"1":4640,"2":3552},0.214286,0.045113,0.740602,0.000000,0.214286,0.018797,0.023923
0.053747847,5,171,read_only,16384,11,1.000000,1.000000,1.000000,{"1":752},1.000000,0.000000,0.000000,0.000000,1.000000,0.000000,-1.000000
0.053747847,5,171,union,16384,11,1.000000,1.000000,1.000000,{"1":752},1.000000,0.000000,0.000000,0.000000,1.000000,0.000000,-1.000000
0.053747847,5,171,snapshot,16384,79,0.316456,0.603476,0.316456,{"1":4640,"2":3552},0.316456,0.050633,0.632911,0.000000,0.316456,0.000000,0.000000
0.053998718,5,172,read_only,64,2320,1.000000,1.000000,1.000000,{"1":2320},1.000000,0.000000,0.000000,0.000000,1.000000,0.000000,-1.000000
0.053998718,5,172,union,64,2320,1.000000,1.000000,1.000000,{"1":2320},1.000000,0.000000,0.000000,0.000000,1.000000,0.000000,-1.000000
0.053998718,5,172,snapshot,64,8192,1.000000,1.000000,1.000000,{"1":5755,"2":2437},0.702515,0.297485,0.000000,0.000000,0.702515,0.297485,1.000000
0.053998718,5,172,read_only,256,631,1.000000,1.000000,1.000000,{"1":2320},1.000000,0.000000,0.000000,0.000000,1.000000,0.000000,-1.000000
0.053998718,5,172,union,256,631,1.000000,1.000000,1.000000,{"1":2320},1.000000,0.000000,0.000000,0.000000,1.000000,0.000000,-1.000000
0.053998718,5,172,snapshot,256,2986,0.956129,0.984455,0.956129,{"1":5755,"2":2437},0.613195,0.374079,0.012726,0.000000,0.613195,0.342934,0.886580
0.053998718,5,172,read_only,1024,176,1.000000,1.000000,1.000000,{"1":2320},1.000000,0.000000,0.000000,0.000000,1.000000,0.000000,-1.000000
0.053998718,5,172,union,1024,176,1.000000,1.000000,1.000000,{"1":2320},1.000000,0.000000,0.000000,0.000000,1.000000,0.000000,-1.000000
0.053998718,5,172,snapshot,1024,1027,0.653359,0.895171,0.653359,{"1":5755,"2":2437},0.433301,0.479065,0.087634,0.000000,0.433301,0.220058,0.388316
0.053998718,5,172,read_only,4096,47,1.000000,1.000000,1.000000,{"1":2320},1.000000,0.000000,0.000000,0.000000,1.000000,0.000000,-1.000000
0.053998718,5,172,union,4096,47,1.000000,1.000000,1.000000,{"1":2320},1.000000,0.000000,0.000000,0.000000,1.000000,0.000000,-1.000000
0.053998718,5,172,snapshot,4096,274,0.255474,0.640872,0.255474,{"1":5755,"2":2437},0.237226,0.065693,0.697080,0.000000,0.237226,0.018248,0.023923
0.053998718,5,172,read_only,16384,13,0.846154,0.941838,0.846154,{"1":2320},0.846154,0.153846,0.000000,0.000000,0.846154,0.000000,0.000000
0.053998718,5,172,union,16384,13,0.846154,0.941838,0.846154,{"1":2320},0.846154,0.153846,0.000000,0.000000,0.846154,0.000000,0.000000
0.053998718,5,172,snapshot,16384,75,0.253333,0.616342,0.253333,{"1":5755,"2":2437},0.253333,0.080000,0.666667,0.000000,0.253333,0.000000,0.000000
0.054239981,5,173,read_only,64,760,1.000000,1.000000,1.000000,{"1":760},1.000000,0.000000,0.000000,0.000000,1.000000,0.000000,-1.000000
0.054239981,5,173,union,64,760,1.000000,1.000000,1.000000,{"1":760},1.000000,0.000000,0.000000,0.000000,1.000000,0.000000,-1.000000
0.054239981,5,173,snapshot,64,8192,1.000000,1.000000,1.000000,{"1":6125,"2":2067},0.747681,0.252319,0.000000,0.000000,0.747681,0.252319,1.000000
0.054239981,5,173,read_only,256,190,1.000000,1.000000,1.000000,{"1":760},1.000000,0.000000,0.000000,0.000000,1.000000,0.000000,-1.000000
0.054239981,5,173,union,256,190,1.000000,1.000000,1.000000,{"1":760},1.000000,0.000000,0.000000,0.000000,1.000000,0.000000,-1.000000
0.054239981,5,173,snapshot,256,2875,0.961739,0.986783,0.961739,{"1":6125,"2":2067},0.653913,0.335652,0.010435,0.000000,0.653913,0.307826,0.889447
0.054239981,5,173,read_only,1024,48,1.000000,1.000000,1.000000,{"1":760},1.000000,0.000000,0.000000,0.000000,1.000000,0.000000,-1.000000
0.054239981,5,173,union,1024,48,1.000000,1.000000,1.000000,{"1":760},1.000000,0.000000,0.000000,0.000000,1.000000,0.000000,-1.000000
0.054239981,5,173,snapshot,1024,1018,0.706287,0.909726,0.706287,{"1":6125,"2":2067},0.476424,0.455796,0.067780,0.000000,0.476424,0.229862,0.439024
0.054239981,5,173,read_only,4096,12,1.000000,1.000000,1.000000,{"1":760},1.000000,0.000000,0.000000,0.000000,1.000000,0.000000,-1.000000
0.054239981,5,173,union,4096,12,1.000000,1.000000,1.000000,{"1":760},1.000000,0.000000,0.000000,0.000000,1.000000,0.000000,-1.000000
0.054239981,5,173,snapshot,4096,286,0.304196,0.681169,0.304196,{"1":6125,"2":2067},0.279720,0.125874,0.594406,0.000000,0.279720,0.024476,0.033981
0.054239981,5,173,read_only,16384,5,0.600000,0.803226,0.600000,{"1":760},0.600000,0.400000,0.000000,0.000000,0.600000,0.000000,0.000000
0.054239981,5,173,union,16384,5,0.600000,0.803226,0.600000,{"1":760},0.600000,0.400000,0.000000,0.000000,0.600000,0.000000,0.000000
0.054239981,5,173,snapshot,16384,79,0.253165,0.636198,0.253165,{"1":6125,"2":2067},0.253165,0.126582,0.620253,0.000000,0.253165,0.000000,0.000000
