sim_time,gpu_id,kernel_id,view,region_size_bytes,num_regions_with_entries,strict_coalescable_ratio,avg_relaxed_ratio,full_redundant_ratio,sharer_set_cardinality_dist_json,reg_card1_ratio,reg_card2_ratio,reg_card3_ratio,reg_card4plus_ratio,coalescable_private_ratio,coalescable_shared_ratio,shared_only_strict_ratio
0.000562367,2,0,read_only,64,1856,1.000000,1.000000,1.000000,{"1":1856},1.000000,0.000000,0.000000,0.000000,1.000000,0.000000,-1.000000
0.000562367,2,0,union,64,1856,1.000000,1.000000,1.000000,{"1":1856},1.000000,0.000000,0.000000,0.000000,1.000000,0.000000,-1.000000
0.000562367,2,0,snapshot,64,1856,1.000000,1.000000,1.000000,{"1":1856},1.000000,0.000000,0.000000,0.000000,1.000000,0.000000,-1.000000
0.000562367,2,0,read_only,256,464,1.000000,1.000000,1.000000,{"1":1856},1.000000,0.000000,0.000000,0.000000,1.000000,0.000000,-1.000000
0.000562367,2,0,union,256,464,1.000000,1.000000,1.000000,{"1":1856},1.000000,0.000000,0.000000,0.000000,1.000000,0.000000,-1.000000
0.000562367,2,0,snapshot,256,464,1.000000,1.000000,1.000000,{"1":1856},1.000000,0.000000,0.000000,0.000000,1.000000,0.000000,-1.000000
0.000562367,2,0,read_only,1024,116,1.000000,1.000000,1.000000,{"1":1856},1.000000,0.000000,0.000000,0.000000,1.000000,0.000000,-1.000000
0.000562367,2,0,union,1024,116,1.000000,1.000000,1.000000,{"1":1856},1.000000,0.000000,0.000000,0.000000,1.000000,0.000000,-1.000000
0.000562367,2,0,snapshot,1024,116,1.000000,1.000000,1.000000,{"1":1856},1.000000,0.000000,0.000000,0.000000,1.000000,0.000000,-1.000000
0.000562367,2,0,read_only,4096,29,1.000000,1.000000,1.000000,{"1":1856},1.000000,0.000000,0.000000,0.000000,1.000000,0.000000,-1.000000
0.000562367,2,0,union,4096,29,1.000000,1.000000,1.000000,{"1":1856},1.000000,0.000000,0.000000,0.000000,1.000000,0.000000,-1.000000
0.000562367,2,0,snapshot,4096,29,1.000000,1.000000,1.000000,{"1":1856},1.000000,0.000000,0.000000,0.000000,1.000000,0.000000,-1.000000
0.000562367,2,0,read_only,16384,8,0.750000,0.937500,0.750000,{"1":1856},0.750000,0.250000,0.000000,0.000000,0.750000,0.000000,0.000000
0.000562367,2,0,union,16384,8,0.750000,0.937500,0.750000,{"1":1856},0.750000,0.250000,0.000000,0.000000,0.750000,0.000000,0.000000
0.000562367,2,0,snapshot,16384,8,0.750000,0.937500,0.750000,{"1":1856},0.750000,0.250000,0.000000,0.000000,0.750000,0.000000,0.000000
0.000864844,2,1,read_only,64,8666,1.000000,1.000000,1.000000,{"1":8666},1.000000,0.000000,0.000000,0.000000,1.000000,0.000000,-1.000000
0.000864844,2,1,union,64,8666,1.000000,1.000000,1.000000,{"1":8666},1.000000,0.000000,0.000000,0.000000,1.000000,0.000000,-1.000000
0.000864844,2,1,snapshot,64,8096,1.000000,1.000000,1.000000,{"0":48,"1":8048},0.994071,0.000000,0.000000,0.000000,0.994071,0.000000,-1.000000
0.000864844,2,1,read_only,256,2173,1.000000,1.000000,1.000000,{"1":8666},1.000000,0.000000,0.000000,0.000000,1.000000,0.000000,-1.000000
0.000864844,2,1,union,256,2173,1.000000,1.000000,1.000000,{"1":8666},1.000000,0.000000,0.000000,0.000000,1.000000,0.000000,-1.000000
0.000864844,2,1,snapshot,256,2033,0.996557,0.999139,0.996557,{"0":48,"1":8048},0.995081,0.000000,0.000000,0.000000,0.991638,0.000000,-1.000000
0.000864844,2,1,read_only,1024,571,1.000000,1.000000,1.000000,{"1":8666},1.000000,0.000000,0.000000,0.000000,1.000000,0.000000,-1.000000
0.000864844,2,1,union,1024,571,1.000000,1.000000,1.000000,{"1":8666},1.000000,0.000000,0.000000,0.000000,1.000000,0.000000,-1.000000
0.000864844,2,1,snapshot,1024,577,0.979203,0.996456,0.979203,{"0":48,"1":8048},0.996534,0.000000,0.000000,0.000000,0.975737,0.000000,-1.000000
0.000864844,2,1,read_only,4096,144,1.000000,1.000000,1.000000,{"1":8666},1.000000,0.000000,0.000000,0.000000,1.000000,0.000000,-1.000000
0.000864844,2,1,union,4096,144,1.000000,1.000000,1.000000,{"1":8666},1.000000,0.000000,0.000000,0.000000,1.000000,0.000000,-1.000000
0.000864844,2,1,snapshot,4096,157,0.923567,0.994606,0.923567,{"0":48,"1":8048},1.000000,0.000000,0.000000,0.000000,0.923567,0.000000,-1.000000
0.000864844,2,1,read_only,16384,37,0.945946,0.983487,0.945946,{"1":8666},0.945946,0.054054,0.000000,0.000000,0.945946,0.000000,0.000000
0.000864844,2,1,union,16384,37,0.945946,0.983487,0.945946,{"1":8666},0.945946,0.054054,0.000000,0.000000,0.945946,0.000000,0.000000
0.000864844,2,1,snapshot,16384,44,0.795455,0.987469,0.795455,{"0":48,"1":8048},0.954545,0.045455,0.000000,0.000000,0.795455,0.000000,0.000000
0.001111776,2,2,read_only,64,1626,1.000000,1.000000,1.000000,{"1":1626},1.000000,0.000000,0.000000,0.000000,1.000000,0.000000,-1.000000
0.001111776,2,2,union,64,1626,1.000000,1.000000,1.000000,{"1":1626},1.000000,0.000000,0.000000,0.000000,1.000000,0.000000,-1.000000
0.001111776,2,2,snapshot,64,8192,1.000000,1.000000,1.000000,{"0":48,"1":8144},0.994141,0.000000,0.000000,0.000000,0.994141,0.000000,-1.000000
0.001111776,2,2,read_only,256,423,1.000000,1.000000,1.000000,{"1":1626},1.000000,0.000000,0.000000,0.000000,1.000000,0.000000,-1.000000
0.001111776,2,2,union,256,423,1.000000,1.000000,1.000000,{"1":1626},1.000000,0.000000,0.000000,0.000000,1.000000,0.000000,-1.000000
0.001111776,2,2,snapshot,256,2058,0.996113,0.998664,0.996113,{"0":48,"1":8144},0.995627,0.000000,0.000000,0.000000,0.991740,0.000000,-1.000000
0.001111776,2,2,read_only,1024,172,1.000000,1.000000,1.000000,{"1":1626},1.000000,0.000000,0.000000,0.000000,1.000000,0.000000,-1.000000
0.001111776,2,2,union,1024,172,1.000000,1.000000,1.000000,{"1":1626},1.000000,0.000000,0.000000,0.000000,1.000000,0.000000,-1.000000
0.001111776,2,2,snapshot,1024,524,0.986641,0.996978,0.986641,{"0":48,"1":8144},0.996183,0.000000,0.000000,0.000000,0.982824,0.000000,-1.000000
0.001111776,2,2,read_only,4096,72,1.000000,1.000000,1.000000,{"1":1626},1.000000,0.000000,0.000000,0.000000,1.000000,0.000000,-1.000000
0.001111776,2,2,union,4096,72,1.000000,1.000000,1.000000,{"1":1626},1.000000,0.000000,0.000000,0.000000,1.000000,0.000000,-1.000000
0.001111776,2,2,snapshot,4096,139,0.956835,0.991371,0.956835,{"0":48,"1":8144},1.000000,0.000000,0.000000,0.000000,0.956835,0.000000,-1.000000
0.001111776,2,2,read_only,16384,39,1.000000,1.000000,1.000000,{"1":1626},1.000000,0.000000,0.000000,0.000000,1.000000,0.000000,-1.000000
0.001111776,2,2,union,16384,39,1.000000,1.000000,1.000000,{"1":1626},1.000000,0.000000,0.000000,0.000000,1.000000,0.000000,-1.000000
0.001111776,2,2,snapshot,16384,46,0.847826,0.981976,0.847826,{"0":48,"1":8144},0.978261,0.021739,0.000000,0.000000,0.847826,0.000000,0.000000
0.001397032,2,3,read_only,64,8156,1.000000,1.000000,1.000000,{"1":8156},1.000000,0.000000,0.000000,0.000000,1.000000,0.000000,-1.000000
0.001397032,2,3,union,64,8156,1.000000,1.000000,1.000000,{"1":8156},1.000000,0.000000,0.000000,0.000000,1.000000,0.000000,-1.000000
0.001397032,2,3,snapshot,64,8192,1.000000,1.000000,1.000000,{"1":8192},1.000000,0.000000,0.000000,0.000000,1.000000,0.000000,-1.000000
0.001397032,2,3,read_only,256,2045,0.999511,0.999756,0.999511,{"1":8156},0.999511,0.000489,0.000000,0.000000,0.999511,0.000000,0.000000
0.001397032,2,3,union,256,2045,0.999511,0.999756,0.999511,{"1":8156},0.999511,0.000489,0.000000,0.000000,0.999511,0.000000,0.000000
0.001397032,2,3,snapshot,256,2069,0.999517,0.999758,0.999517,{"1":8192},0.999517,0.000483,0.000000,0.000000,0.999517,0.000000,0.000000
0.001397032,2,3,read_only,1024,517,0.998066,0.999758,0.998066,{"1":8156},0.998066,0.001934,0.000000,0.000000,0.998066,0.000000,0.000000
0.001397032,2,3,union,1024,517,0.998066,0.999758,0.998066,{"1":8156},0.998066,0.001934,0.000000,0.000000,0.998066,0.000000,0.000000
0.001397032,2,3,snapshot,1024,522,0.998084,0.999761,0.998084,{"1":8192},0.998084,0.001916,0.000000,0.000000,0.998084,0.000000,0.000000
0.001397032,2,3,read_only,4096,132,0.992424,0.999053,0.992424,{"1":8156},0.992424,0.007576,0.000000,0.000000,0.992424,0.000000,0.000000
0.001397032,2,3,union,4096,132,0.992424,0.999053,0.992424,{"1":8156},0.992424,0.007576,0.000000,0.000000,0.992424,0.000000,0.000000
0.001397032,2,3,snapshot,4096,134,0.992537,0.999067,0.992537,{"1":8192},0.992537,0.007463,0.000000,0.000000,0.992537,0.000000,0.000000
0.001397032,2,3,read_only,16384,37,0.918919,0.971210,0.918919,{"1":8156},0.918919,0.081081,0.000000,0.000000,0.918919,0.000000,0.000000
0.001397032,2,3,union,16384,37,0.918919,0.971210,0.918919,{"1":8156},0.918919,0.081081,0.000000,0.000000,0.918919,0.000000,0.000000
0.001397032,2,3,snapshot,16384,37,0.918919,0.971210,0.918919,{"1":8192},0.918919,0.081081,0.000000,0.000000,0.918919,0.000000,0.000000
0.001636947,2,4,snapshot,64,8192,1.000000,1.000000,1.000000,{"1":8192},1.000000,0.000000,0.000000,0.000000,1.000000,0.000000,-1.000000
0.001636947,2,4,snapshot,256,2069,0.999517,0.999758,0.999517,{"1":8192},0.999517,0.000483,0.000000,0.000000,0.999517,0.000000,0.000000
0.001636947,2,4,snapshot,1024,522,0.998084,0.999761,0.998084,{"1":8192},0.998084,0.001916,0.000000,0.000000,0.998084,0.000000,0.000000
0.001636947,2,4,snapshot,4096,134,0.992537,0.999067,0.992537,{"1":8192},0.992537,0.007463,0.000000,0.000000,0.992537,0.000000,0.000000
0.001636947,2,4,snapshot,16384,37,0.918919,0.971210,0.918919,{"1":8192},0.918919,0.081081,0.000000,0.000000,0.918919,0.000000,0.000000
0.002794397,2,5,read_only,64,9600,1.000000,1.000000,1.000000,{"1":8684,"2":916},0.904583,0.095417,0.000000,0.000000,0.904583,0.095417,1.000000
0.002794397,2,5,union,64,9600,1.000000,1.000000,1.000000,{"1":8684,"2":916},0.904583,0.095417,0.000000,0.000000,0.904583,0.095417,1.000000
0.002794397,2,5,snapshot,64,8192,1.000000,1.000000,1.000000,{"1":7392,"2":800},0.902344,0.097656,0.000000,0.000000,0.902344,0.097656,1.000000
0.002794397,2,5,read_only,256,2448,1.000000,1.000000,1.000000,{"1":8684,"2":916},0.902778,0.097222,0.000000,0.000000,0.902778,0.097222,1.000000
0.002794397,2,5,union,256,2448,1.000000,1.000000,1.000000,{"1":8684,"2":916},0.902778,0.097222,0.000000,0.000000,0.902778,0.097222,1.000000
0.002794397,2,5,snapshot,256,2210,1.000000,1.000000,1.000000,{"1":7392,"2":800},0.902715,0.097285,0.000000,0.000000,0.902715,0.097285,1.000000
0.002794397,2,5,read_only,1024,616,1.000000,1.000000,1.000000,{"1":8684,"2":916},0.902597,0.097403,0.000000,0.000000,0.902597,0.097403,1.000000
0.002794397,2,5,union,1024,616,1.000000,1.000000,1.000000,{"1":8684,"2":916},0.902597,0.097403,0.000000,0.000000,0.902597,0.097403,1.000000
0.002794397,2,5,snapshot,1024,616,1.000000,1.000000,1.000000,{"1":7392,"2":800},0.902597,0.097403,0.000000,0.000000,0.902597,0.097403,1.000000
0.002794397,2,5,read_only,4096,154,1.000000,1.000000,1.000000,{"1":8684,"2":916},0.902597,0.097403,0.000000,0.000000,0.902597,0.097403,1.000000
0.002794397,2,5,union,4096,154,1.000000,1.000000,1.000000,{"1":8684,"2":916},0.902597,0.097403,0.000000,0.000000,0.902597,0.097403,1.000000
0.002794397,2,5,snapshot,4096,154,1.000000,1.000000,1.000000,{"1":7392,"2":800},0.902597,0.097403,0.000000,0.000000,0.902597,0.097403,1.000000
0.002794397,2,5,read_only,16384,40,0.875000,0.956869,0.875000,{"1":8684,"2":916},0.850000,0.150000,0.000000,0.000000,0.850000,0.025000,0.166667
0.002794397,2,5,union,16384,40,0.875000,0.956869,0.875000,{"1":8684,"2":916},0.850000,0.150000,0.000000,0.000000,0.850000,0.025000,0.166667
0.002794397,2,5,snapshot,16384,40,0.875000,0.957926,0.875000,{"1":7392,"2":800},0.850000,0.150000,0.000000,0.000000,0.850000,0.025000,0.166667
0.003120965,2,6,read_only,64,406,1.000000,1.000000,1.000000,{"1":362,"2":44},0.891626,0.108374,0.000000,0.000000,0.891626,0.108374,1.000000
0.003120965,2,6,union,64,406,1.000000,1.000000,1.000000,{"1":362,"2":44},0.891626,0.108374,0.000000,0.000000,0.891626,0.108374,1.000000
0.003120965,2,6,snapshot,64,8192,1.000000,1.000000,1.000000,{"1":7368,"2":824},0.899414,0.100586,0.000000,0.000000,0.899414,0.100586,1.000000
0.003120965,2,6,read_only,256,155,1.000000,1.000000,1.000000,{"1":362,"2":44},0.870968,0.129032,0.000000,0.000000,0.870968,0.129032,1.000000
0.003120965,2,6,union,256,155,1.000000,1.000000,1.000000,{"1":362,"2":44},0.870968,0.129032,0.000000,0.000000,0.870968,0.129032,1.000000
0.003120965,2,6,snapshot,256,2237,1.000000,1.000000,1.000000,{"1":7368,"2":824},0.901207,0.098793,0.000000,0.000000,0.901207,0.098793,1.000000
0.003120965,2,6,read_only,1024,88,1.000000,1.000000,1.000000,{"1":362,"2":44},0.840909,0.159091,0.000000,0.000000,0.840909,0.159091,1.000000
0.003120965,2,6,union,1024,88,1.000000,1.000000,1.000000,{"1":362,"2":44},0.840909,0.159091,0.000000,0.000000,0.840909,0.159091,1.000000
0.003120965,2,6,snapshot,1024,627,1.000000,1.000000,1.000000,{"1":7368,"2":824},0.904306,0.095694,0.000000,0.000000,0.904306,0.095694,1.000000
0.003120965,2,6,read_only,4096,52,1.000000,1.000000,1.000000,{"1":362,"2":44},0.826923,0.173077,0.000000,0.000000,0.826923,0.173077,1.000000
0.003120965,2,6,union,4096,52,1.000000,1.000000,1.000000,{"1":362,"2":44},0.826923,0.173077,0.000000,0.000000,0.826923,0.173077,1.000000
0.003120965,2,6,snapshot,4096,157,1.000000,1.000000,1.000000,{"1":7368,"2":824},0.904459,0.095541,0.000000,0.000000,0.904459,0.095541,1.000000
0.003120965,2,6,read_only,16384,14,0.928571,0.976190,0.928571,{"1":362,"2":44},0.785714,0.214286,0.000000,0.000000,0.785714,0.142857,0.666667
0.003120965,2,6,union,16384,14,0.928571,0.976190,0.928571,{"1":362,"2":44},0.785714,0.214286,0.000000,0.000000,0.785714,0.142857,0.666667
0.003120965,2,6,snapshot,16384,40,0.850000,0.949909,0.850000,{"1":7368,"2":824},0.825000,0.175000,0.000000,0.000000,0.825000,0.025000,0.142857
0.003370557,2,7,read_only,64,2908,1.000000,1.000000,1.000000,{"1":2908},1.000000,0.000000,0.000000,0.000000,1.000000,0.000000,-1.000000
0.003370557,2,7,union,64,2908,1.000000,1.000000,1.000000,{"1":2908},1.000000,0.000000,0.000000,0.000000,1.000000,0.000000,-1.000000
0.003370557,2,7,snapshot,64,8192,1.000000,1.000000,1.000000,{"1":7466,"2":726},0.911377,0.088623,0.000000,0.000000,0.911377,0.088623,1.000000
0.003370557,2,7,read_only,256,749,1.000000,1.000000,1.000000,{"1":2908},1.000000,0.000000,0.000000,0.000000,1.000000,0.000000,-1.000000
0.003370557,2,7,union,256,749,1.000000,1.000000,1.000000,{"1":2908},1.000000,0.000000,0.000000,0.000000,1.000000,0.000000,-1.000000
0.003370557,2,7,snapshot,256,2239,1.000000,1.000000,1.000000,{"1":7466,"2":726},0.912461,0.087539,0.000000,0.000000,0.912461,0.087539,1.000000
0.003370557,2,7,read_only,1024,192,1.000000,1.000000,1.000000,{"1":2908},1.000000,0.000000,0.000000,0.000000,1.000000,0.000000,-1.000000
0.003370557,2,7,union,1024,192,1.000000,1.000000,1.000000,{"1":2908},1.000000,0.000000,0.000000,0.000000,1.000000,0.000000,-1.000000
0.003370557,2,7,snapshot,1024,687,1.000000,1.000000,1.000000,{"1":7466,"2":726},0.912664,0.087336,0.000000,0.000000,0.912664,0.087336,1.000000
0.003370557,2,7,read_only,4096,48,1.000000,1.000000,1.000000,{"1":2908},1.000000,0.000000,0.000000,0.000000,1.000000,0.000000,-1.000000
0.003370557,2,7,union,4096,48,1.000000,1.000000,1.000000,{"1":2908},1.000000,0.000000,0.000000,0.000000,1.000000,0.000000,-1.000000
0.003370557,2,7,snapshot,4096,183,1.000000,1.000000,1.000000,{"1":7466,"2":726},0.918033,0.081967,0.000000,0.000000,0.918033,0.081967,1.000000
0.003370557,2,7,read_only,16384,13,0.846154,0.961538,0.846154,{"1":2908},0.846154,0.153846,0.000000,0.000000,0.846154,0.000000,0.000000
0.003370557,2,7,union,16384,13,0.846154,0.961538,0.846154,{"1":2908},0.846154,0.153846,0.000000,0.000000,0.846154,0.000000,0.000000
0.003370557,2,7,snapshot,16384,49,0.857143,0.958284,0.857143,{"1":7466,"2":726},0.816327,0.183673,0.000000,0.000000,0.816327,0.040816,0.222222
0.003622193,2,8,snapshot,64,8192,1.000000,1.000000,1.000000,{"1":7466,"2":726},0.911377,0.088623,0.000000,0.000000,0.911377,0.088623,1.000000
0.003622193,2,8,snapshot,256,2239,1.000000,1.000000,1.000000,{"1":7466,"2":726},0.912461,0.087539,0.000000,0.000000,0.912461,0.087539,1.000000
0.003622193,2,8,snapshot,1024,687,1.000000,1.000000,1.000000,{"1":7466,"2":726},0.912664,0.087336,0.000000,0.000000,0.912664,0.087336,1.000000
0.003622193,2,8,snapshot,4096,183,1.000000,1.000000,1.000000,{"1":7466,"2":726},0.918033,0.081967,0.000000,0.000000,0.918033,0.081967,1.000000
0.003622193,2,8,snapshot,16384,49,0.857143,0.958284,0.857143,{"1":7466,"2":726},0.816327,0.183673,0.000000,0.000000,0.816327,0.040816,0.222222
0.003864592,2,9,snapshot,64,8192,1.000000,1.000000,1.000000,{"1":7466,"2":726},0.911377,0.088623,0.000000,0.000000,0.911377,0.088623,1.000000
0.003864592,2,9,snapshot,256,2239,1.000000,1.000000,1.000000,{"1":7466,"2":726},0.912461,0.087539,0.000000,0.000000,0.912461,0.087539,1.000000
0.003864592,2,9,snapshot,1024,687,1.000000,1.000000,1.000000,{"1":7466,"2":726},0.912664,0.087336,0.000000,0.000000,0.912664,0.087336,1.000000
0.003864592,2,9,snapshot,4096,183,1.000000,1.000000,1.000000,{"1":7466,"2":726},0.918033,0.081967,0.000000,0.000000,0.918033,0.081967,1.000000
0.003864592,2,9,snapshot,16384,49,0.857143,0.958284,0.857143,{"1":7466,"2":726},0.816327,0.183673,0.000000,0.000000,0.816327,0.040816,0.222222
0.004132155,2,10,read_only,64,192,1.000000,1.000000,1.000000,{"1":192},1.000000,0.000000,0.000000,0.000000,1.000000,0.000000,-1.000000
0.004132155,2,10,union,64,192,1.000000,1.000000,1.000000,{"1":192},1.000000,0.000000,0.000000,0.000000,1.000000,0.000000,-1.000000
0.004132155,2,10,snapshot,64,8192,1.000000,1.000000,1.000000,{"1":7485,"2":707},0.913696,0.086304,0.000000,0.000000,0.913696,0.086304,1.000000
0.004132155,2,10,read_only,256,48,1.000000,1.000000,1.000000,{"1":192},1.000000,0.000000,0.000000,0.000000,1.000000,0.000000,-1.000000
0.004132155,2,10,union,256,48,1.000000,1.000000,1.000000,{"1":192},1.000000,0.000000,0.000000,0.000000,1.000000,0.000000,-1.000000
0.004132155,2,10,snapshot,256,2238,1.000000,1.000000,1.000000,{"1":7485,"2":707},0.914209,0.085791,0.000000,0.000000,0.914209,0.085791,1.000000
0.004132155,2,10,read_only,1024,12,1.000000,1.000000,1.000000,{"1":192},1.000000,0.000000,0.000000,0.000000,1.000000,0.000000,-1.000000
0.004132155,2,10,union,1024,12,1.000000,1.000000,1.000000,{"1":192},1.000000,0.000000,0.000000,0.000000,1.000000,0.000000,-1.000000
0.004132155,2,10,snapshot,1024,684,1.000000,1.000000,1.000000,{"1":7485,"2":707},0.912281,0.087719,0.000000,0.000000,0.912281,0.087719,1.000000
0.004132155,2,10,read_only,4096,3,1.000000,1.000000,1.000000,{"1":192},1.000000,0.000000,0.000000,0.000000,1.000000,0.000000,-1.000000
0.004132155,2,10,union,4096,3,1.000000,1.000000,1.000000,{"1":192},1.000000,0.000000,0.000000,0.000000,1.000000,0.000000,-1.000000
0.004132155,2,10,snapshot,4096,185,1.000000,1.000000,1.000000,{"1":7485,"2":707},0.918919,0.081081,0.000000,0.000000,0.918919,0.081081,1.000000
0.004132155,2,10,read_only,16384,1,0.000000,0.666667,0.000000,{"1":192},0.000000,1.000000,0.000000,0.000000,0.000000,0.000000,0.000000
0.004132155,2,10,union,16384,1,0.000000,0.666667,0.000000,{"1":192},0.000000,1.000000,0.000000,0.000000,0.000000,0.000000,0.000000
0.004132155,2,10,snapshot,16384,50,0.840000,0.953056,0.840000,{"1":7485,"2":707},0.800000,0.200000,0.000000,0.000000,0.800000,0.040000,0.200000
0.004366338,2,11,read_only,64,233,1.000000,1.000000,1.000000,{"1":233},1.000000,0.000000,0.000000,0.000000,1.000000,0.000000,-1.000000
0.004366338,2,11,union,64,233,1.000000,1.000000,1.000000,{"1":233},1.000000,0.000000,0.000000,0.000000,1.000000,0.000000,-1.000000
0.004366338,2,11,snapshot,64,8192,1.000000,1.000000,1.000000,{"1":7496,"2":696},0.915039,0.084961,0.000000,0.000000,0.915039,0.084961,1.000000
0.004366338,2,11,read_only,256,71,1.000000,1.000000,1.000000,{"1":233},1.000000,0.000000,0.000000,0.000000,1.000000,0.000000,-1.000000
0.004366338,2,11,union,256,71,1.000000,1.000000,1.000000,{"1":233},1.000000,0.000000,0.000000,0.000000,1.000000,0.000000,-1.000000
0.004366338,2,11,snapshot,256,2258,1.000000,1.000000,1.000000,{"1":7496,"2":696},0.916740,0.083260,0.000000,0.000000,0.916740,0.083260,1.000000
0.004366338,2,11,read_only,1024,26,1.000000,1.000000,1.000000,{"1":233},1.000000,0.000000,0.000000,0.000000,1.000000,0.000000,-1.000000
0.004366338,2,11,union,1024,26,1.000000,1.000000,1.000000,{"1":233},1.000000,0.000000,0.000000,0.000000,1.000000,0.000000,-1.000000
0.004366338,2,11,snapshot,1024,694,1.000000,1.000000,1.000000,{"1":7496,"2":696},0.914986,0.085014,0.000000,0.000000,0.914986,0.085014,1.000000
0.004366338,2,11,read_only,4096,8,1.000000,1.000000,1.000000,{"1":233},1.000000,0.000000,0.000000,0.000000,1.000000,0.000000,-1.000000
0.004366338,2,11,union,4096,8,1.000000,1.000000,1.000000,{"1":233},1.000000,0.000000,0.000000,0.000000,1.000000,0.000000,-1.000000
0.004366338,2,11,snapshot,4096,192,1.000000,1.000000,1.000000,{"1":7496,"2":696},0.921875,0.078125,0.000000,0.000000,0.921875,0.078125,1.000000
0.004366338,2,11,read_only,16384,5,0.800000,0.968421,0.800000,{"1":233},0.800000,0.200000,0.000000,0.000000,0.800000,0.000000,0.000000
0.004366338,2,11,union,16384,5,0.800000,0.968421,0.800000,{"1":233},0.800000,0.200000,0.000000,0.000000,0.800000,0.000000,0.000000
0.004366338,2,11,snapshot,16384,54,0.833333,0.955310,0.833333,{"1":7496,"2":696},0.796296,0.203704,0.000000,0.000000,0.796296,0.037037,0.181818
0.004602712,2,12,read_only,64,656,1.000000,1.000000,1.000000,{"1":656},1.000000,0.000000,0.000000,0.000000,1.000000,0.000000,-1.000000
0.004602712,2,12,union,64,656,1.000000,1.000000,1.000000,{"1":656},1.000000,0.000000,0.000000,0.000000,1.000000,0.000000,-1.000000
0.004602712,2,12,snapshot,64,8192,1.000000,1.000000,1.000000,{"1":7516,"2":676},0.917480,0.082520,0.000000,0.000000,0.917480,0.082520,1.000000
0.004602712,2,12,read_only,256,187,1.000000,1.000000,1.000000,{"1":656},1.000000,0.000000,0.000000,0.000000,1.000000,0.000000,-1.000000
0.004602712,2,12,union,256,187,1.000000,1.000000,1.000000,{"1":656},1.000000,0.000000,0.000000,0.000000,1.000000,0.000000,-1.000000
0.004602712,2,12,snapshot,256,2234,1.000000,1.000000,1.000000,{"1":7516,"2":676},0.917189,0.082811,0.000000,0.000000,0.917189,0.082811,1.000000
0.004602712,2,12,read_only,1024,51,1.000000,1.000000,1.000000,{"1":656},1.000000,0.000000,0.000000,0.000000,1.000000,0.000000,-1.000000
0.004602712,2,12,union,1024,51,1.000000,1.000000,1.000000,{"1":656},1.000000,0.000000,0.000000,0.000000,1.000000,0.000000,-1.000000
0.004602712,2,12,snapshot,1024,676,1.000000,1.000000,1.000000,{"1":7516,"2":676},0.912722,0.087278,0.000000,0.000000,0.912722,0.087278,1.000000
0.004602712,2,12,read_only,4096,15,1.000000,1.000000,1.000000,{"1":656},1.000000,0.000000,0.000000,0.000000,1.000000,0.000000,-1.000000
0.004602712,2,12,union,4096,15,1.000000,1.000000,1.000000,{"1":656},1.000000,0.000000,0.000000,0.000000,1.000000,0.000000,-1.000000
0.004602712,2,12,snapshot,4096,186,1.000000,1.000000,1.000000,{"1":7516,"2":676},0.919355,0.080645,0.000000,0.000000,0.919355,0.080645,1.000000
0.004602712,2,12,read_only,16384,5,0.600000,0.920608,0.600000,{"1":656},0.600000,0.400000,0.000000,0.000000,0.600000,0.000000,0.000000
0.004602712,2,12,union,16384,5,0.600000,0.920608,0.600000,{"1":656},0.600000,0.400000,0.000000,0.000000,0.600000,0.000000,0.000000
0.004602712,2,12,snapshot,16384,53,0.811321,0.953126,0.811321,{"1":7516,"2":676},0.773585,0.226415,0.000000,0.000000,0.773585,0.037736,0.166667
0.005033336,2,13,read_only,64,256,1.000000,1.000000,1.000000,{"1":256},1.000000,0.000000,0.000000,0.000000,1.000000,0.000000,-1.000000
0.005033336,2,13,union,64,256,1.000000,1.000000,1.000000,{"1":256},1.000000,0.000000,0.000000,0.000000,1.000000,0.000000,-1.000000
0.005033336,2,13,snapshot,64,8192,1.000000,1.000000,1.000000,{"1":7518,"2":674},0.917725,0.082275,0.000000,0.000000,0.917725,0.082275,1.000000
0.005033336,2,13,read_only,256,64,1.000000,1.000000,1.000000,{"1":256},1.000000,0.000000,0.000000,0.000000,1.000000,0.000000,-1.000000
0.005033336,2,13,union,256,64,1.000000,1.000000,1.000000,{"1":256},1.000000,0.000000,0.000000,0.000000,1.000000,0.000000,-1.000000
0.005033336,2,13,snapshot,256,2234,1.000000,1.000000,1.000000,{"1":7518,"2":674},0.918084,0.081916,0.000000,0.000000,0.918084,0.081916,1.000000
0.005033336,2,13,read_only,1024,16,1.000000,1.000000,1.000000,{"1":256},1.000000,0.000000,0.000000,0.000000,1.000000,0.000000,-1.000000
0.005033336,2,13,union,1024,16,1.000000,1.000000,1.000000,{"1":256},1.000000,0.000000,0.000000,0.000000,1.000000,0.000000,-1.000000
0.005033336,2,13,snapshot,1024,674,1.000000,1.000000,1.000000,{"1":7518,"2":674},0.912463,0.087537,0.000000,0.000000,0.912463,0.087537,1.000000
0.005033336,2,13,read_only,4096,4,1.000000,1.000000,1.000000,{"1":256},1.000000,0.000000,0.000000,0.000000,1.000000,0.000000,-1.000000
0.005033336,2,13,union,4096,4,1.000000,1.000000,1.000000,{"1":256},1.000000,0.000000,0.000000,0.000000,1.000000,0.000000,-1.000000
0.005033336,2,13,snapshot,4096,186,1.000000,1.000000,1.000000,{"1":7518,"2":674},0.919355,0.080645,0.000000,0.000000,0.919355,0.080645,1.000000
0.005033336,2,13,read_only,16384,4,1.000000,1.000000,1.000000,{"1":256},1.000000,0.000000,0.000000,0.000000,1.000000,0.000000,-1.000000
0.005033336,2,13,union,16384,4,1.000000,1.000000,1.000000,{"1":256},1.000000,0.000000,0.000000,0.000000,1.000000,0.000000,-1.000000
0.005033336,2,13,snapshot,16384,55,0.836364,0.953008,0.836364,{"1":7518,"2":674},0.781818,0.218182,0.000000,0.000000,0.781818,0.054545,0.250000
0.005266177,2,14,snapshot,64,8192,1.000000,1.000000,1.000000,{"1":7518,"2":674},0.917725,0.082275,0.000000,0.000000,0.917725,0.082275,1.000000
0.005266177,2,14,snapshot,256,2234,1.000000,1.000000,1.000000,{"1":7518,"2":674},0.918084,0.081916,0.000000,0.000000,0.918084,0.081916,1.000000
0.005266177,2,14,snapshot,1024,674,1.000000,1.000000,1.000000,{"1":7518,"2":674},0.912463,0.087537,0.000000,0.000000,0.912463,0.087537,1.000000
0.005266177,2,14,snapshot,4096,186,1.000000,1.000000,1.000000,{"1":7518,"2":674},0.919355,0.080645,0.000000,0.000000,0.919355,0.080645,1.000000
0.005266177,2,14,snapshot,16384,55,0.836364,0.953008,0.836364,{"1":7518,"2":674},0.781818,0.218182,0.000000,0.000000,0.781818,0.054545,0.250000
0.005517680,2,15,read_only,64,190,1.000000,1.000000,1.000000,{"1":190},1.000000,0.000000,0.000000,0.000000,1.000000,0.000000,-1.000000
0.005517680,2,15,union,64,190,1.000000,1.000000,1.000000,{"1":190},1.000000,0.000000,0.000000,0.000000,1.000000,0.000000,-1.000000
0.005517680,2,15,snapshot,64,8192,1.000000,1.000000,1.000000,{"1":7540,"2":652},0.920410,0.079590,0.000000,0.000000,0.920410,0.079590,1.000000
0.005517680,2,15,read_only,256,48,1.000000,1.000000,1.000000,{"1":190},1.000000,0.000000,0.000000,0.000000,1.000000,0.000000,-1.000000
0.005517680,2,15,union,256,48,1.000000,1.000000,1.000000,{"1":190},1.000000,0.000000,0.000000,0.000000,1.000000,0.000000,-1.000000
0.005517680,2,15,snapshot,256,2231,1.000000,1.000000,1.000000,{"1":7540,"2":652},0.920663,0.079337,0.000000,0.000000,0.920663,0.079337,1.000000
0.005517680,2,15,read_only,1024,12,1.000000,1.000000,1.000000,{"1":190},1.000000,0.000000,0.000000,0.000000,1.000000,0.000000,-1.000000
0.005517680,2,15,union,1024,12,1.000000,1.000000,1.000000,{"1":190},1.000000,0.000000,0.000000,0.000000,1.000000,0.000000,-1.000000
0.005517680,2,15,snapshot,1024,671,1.000000,1.000000,1.000000,{"1":7540,"2":652},0.915052,0.084948,0.000000,0.000000,0.915052,0.084948,1.000000
0.005517680,2,15,read_only,4096,3,1.000000,1.000000,1.000000,{"1":190},1.000000,0.000000,0.000000,0.000000,1.000000,0.000000,-1.000000
0.005517680,2,15,union,4096,3,1.000000,1.000000,1.000000,{"1":190},1.000000,0.000000,0.000000,0.000000,1.000000,0.000000,-1.000000
0.005517680,2,15,snapshot,4096,187,1.000000,1.000000,1.000000,{"1":7540,"2":652},0.919786,0.080214,0.000000,0.000000,0.919786,0.080214,1.000000
0.005517680,2,15,read_only,16384,1,0.000000,0.663158,0.000000,{"1":190},0.000000,1.000000,0.000000,0.000000,0.000000,0.000000,0.000000
0.005517680,2,15,union,16384,1,0.000000,0.663158,0.000000,{"1":190},0.000000,1.000000,0.000000,0.000000,0.000000,0.000000,0.000000
0.005517680,2,15,snapshot,16384,55,0.818182,0.946884,0.818182,{"1":7540,"2":652},0.763636,0.236364,0.000000,0.000000,0.763636,0.054545,0.230769
0.005752995,2,16,snapshot,64,8192,1.000000,1.000000,1.000000,{"1":7540,"2":652},0.920410,0.079590,0.000000,0.000000,0.920410,0.079590,1.000000
0.005752995,2,16,snapshot,256,2231,1.000000,1.000000,1.000000,{"1":7540,"2":652},0.920663,0.079337,0.000000,0.000000,0.920663,0.079337,1.000000
0.005752995,2,16,snapshot,1024,671,1.000000,1.000000,1.000000,{"1":7540,"2":652},0.915052,0.084948,0.000000,0.000000,0.915052,0.084948,1.000000
0.005752995,2,16,snapshot,4096,187,1.000000,1.000000,1.000000,{"1":7540,"2":652},0.919786,0.080214,0.000000,0.000000,0.919786,0.080214,1.000000
0.005752995,2,16,snapshot,16384,55,0.818182,0.946884,0.818182,{"1":7540,"2":652},0.763636,0.236364,0.000000,0.000000,0.763636,0.054545,0.230769
0.005988572,2,17,read_only,64,599,1.000000,1.000000,1.000000,{"1":599},1.000000,0.000000,0.000000,0.000000,1.000000,0.000000,-1.000000
0.005988572,2,17,union,64,599,1.000000,1.000000,1.000000,{"1":599},1.000000,0.000000,0.000000,0.000000,1.000000,0.000000,-1.000000
0.005988572,2,17,snapshot,64,8192,1.000000,1.000000,1.000000,{"1":7558,"2":634},0.922607,0.077393,0.000000,0.000000,0.922607,0.077393,1.000000
0.005988572,2,17,read_only,256,180,1.000000,1.000000,1.000000,{"1":599},1.000000,0.000000,0.000000,0.000000,1.000000,0.000000,-1.000000
0.005988572,2,17,union,256,180,1.000000,1.000000,1.000000,{"1":599},1.000000,0.000000,0.000000,0.000000,1.000000,0.000000,-1.000000
0.005988572,2,17,snapshot,256,2251,1.000000,1.000000,1.000000,{"1":7558,"2":634},0.923145,0.076855,0.000000,0.000000,0.923145,0.076855,1.000000
0.005988572,2,17,read_only,1024,60,1.000000,1.000000,1.000000,{"1":599},1.000000,0.000000,0.000000,0.000000,1.000000,0.000000,-1.000000
0.005988572,2,17,union,1024,60,1.000000,1.000000,1.000000,{"1":599},1.000000,0.000000,0.000000,0.000000,1.000000,0.000000,-1.000000
0.005988572,2,17,snapshot,1024,682,1.000000,1.000000,1.000000,{"1":7558,"2":634},0.916422,0.083578,0.000000,0.000000,0.916422,0.083578,1.000000
0.005988572,2,17,read_only,4096,17,1.000000,1.000000,1.000000,{"1":599},1.000000,0.000000,0.000000,0.000000,1.000000,0.000000,-1.000000
0.005988572,2,17,union,4096,17,1.000000,1.000000,1.000000,{"1":599},1.000000,0.000000,0.000000,0.000000,1.000000,0.000000,-1.000000
0.005988572,2,17,snapshot,4096,193,1.000000,1.000000,1.000000,{"1":7558,"2":634},0.922280,0.077720,0.000000,0.000000,0.922280,0.077720,1.000000
0.005988572,2,17,read_only,16384,5,1.000000,1.000000,1.000000,{"1":599},1.000000,0.000000,0.000000,0.000000,1.000000,0.000000,-1.000000
0.005988572,2,17,union,16384,5,1.000000,1.000000,1.000000,{"1":599},1.000000,0.000000,0.000000,0.000000,1.000000,0.000000,-1.000000
0.005988572,2,17,snapshot,16384,57,0.824561,0.950087,0.824561,{"1":7558,"2":634},0.771930,0.228070,0.000000,0.000000,0.771930,0.052632,0.230769
0.006232804,2,18,read_only,64,64,1.000000,1.000000,1.000000,{"1":64},1.000000,0.000000,0.000000,0.000000,1.000000,0.000000,-1.000000
0.006232804,2,18,union,64,64,1.000000,1.000000,1.000000,{"1":64},1.000000,0.000000,0.000000,0.000000,1.000000,0.000000,-1.000000
0.006232804,2,18,snapshot,64,8192,1.000000,1.000000,1.000000,{"1":7558,"2":634},0.922607,0.077393,0.000000,0.000000,0.922607,0.077393,1.000000
0.006232804,2,18,read_only,256,16,1.000000,1.000000,1.000000,{"1":64},1.000000,0.000000,0.000000,0.000000,1.000000,0.000000,-1.000000
0.006232804,2,18,union,256,16,1.000000,1.000000,1.000000,{"1":64},1.000000,0.000000,0.000000,0.000000,1.000000,0.000000,-1.000000
0.006232804,2,18,snapshot,256,2249,1.000000,1.000000,1.000000,{"1":7558,"2":634},0.923077,0.076923,0.000000,0.000000,0.923077,0.076923,1.000000
0.006232804,2,18,read_only,1024,4,1.000000,1.000000,1.000000,{"1":64},1.000000,0.000000,0.000000,0.000000,1.000000,0.000000,-1.000000
0.006232804,2,18,union,1024,4,1.000000,1.000000,1.000000,{"1":64},1.000000,0.000000,0.000000,0.000000,1.000000,0.000000,-1.000000
0.006232804,2,18,snapshot,1024,682,1.000000,1.000000,1.000000,{"1":7558,"2":634},0.916422,0.083578,0.000000,0.000000,0.916422,0.083578,1.000000
0.006232804,2,18,read_only,4096,1,1.000000,1.000000,1.000000,{"1":64},1.000000,0.000000,0.000000,0.000000,1.000000,0.000000,-1.000000
0.006232804,2,18,union,4096,1,1.000000,1.000000,1.000000,{"1":64},1.000000,0.000000,0.000000,0.000000,1.000000,0.000000,-1.000000
0.006232804,2,18,snapshot,4096,193,1.000000,1.000000,1.000000,{"1":7558,"2":634},0.922280,0.077720,0.000000,0.000000,0.922280,0.077720,1.000000
0.006232804,2,18,read_only,16384,1,1.000000,1.000000,1.000000,{"1":64},1.000000,0.000000,0.000000,0.000000,1.000000,0.000000,-1.000000
0.006232804,2,18,union,16384,1,1.000000,1.000000,1.000000,{"1":64},1.000000,0.000000,0.000000,0.000000,1.000000,0.000000,-1.000000
0.006232804,2,18,snapshot,16384,58,0.827586,0.950947,0.827586,{"1":7558,"2":634},0.775862,0.224138,0.000000,0.000000,0.775862,0.051724,0.230769
0.006468554,2,19,snapshot,64,8192,1.000000,1.000000,1.000000,{"1":7558,"2":634},0.922607,0.077393,0.000000,0.000000,0.922607,0.077393,1.000000
0.006468554,2,19,snapshot,256,2249,1.000000,1.000000,1.000000,{"1":7558,"2":634},0.923077,0.076923,0.000000,0.000000,0.923077,0.076923,1.000000
0.006468554,2,19,snapshot,1024,682,1.000000,1.000000,1.000000,{"1":7558,"2":634},0.916422,0.083578,0.000000,0.000000,0.916422,0.083578,1.000000
0.006468554,2,19,snapshot,4096,193,1.000000,1.000000,1.000000,{"1":7558,"2":634},0.922280,0.077720,0.000000,0.000000,0.922280,0.077720,1.000000
0.006468554,2,19,snapshot,16384,58,0.827586,0.950947,0.827586,{"1":7558,"2":634},0.775862,0.224138,0.000000,0.000000,0.775862,0.051724,0.230769
0.006719706,2,20,read_only,64,128,1.000000,1.000000,1.000000,{"1":128},1.000000,0.000000,0.000000,0.000000,1.000000,0.000000,-1.000000
0.006719706,2,20,union,64,128,1.000000,1.000000,1.000000,{"1":128},1.000000,0.000000,0.000000,0.000000,1.000000,0.000000,-1.000000
0.006719706,2,20,snapshot,64,8192,1.000000,1.000000,1.000000,{"1":7591,"2":601},0.926636,0.073364,0.000000,0.000000,0.926636,0.073364,1.000000
0.006719706,2,20,read_only,256,32,1.000000,1.000000,1.000000,{"1":128},1.000000,0.000000,0.000000,0.000000,1.000000,0.000000,-1.000000
0.006719706,2,20,union,256,32,1.000000,1.000000,1.000000,{"1":128},1.000000,0.000000,0.000000,0.000000,1.000000,0.000000,-1.000000
0.006719706,2,20,snapshot,256,2246,1.000000,1.000000,1.000000,{"1":7591,"2":601},0.926091,0.073909,0.000000,0.000000,0.926091,0.073909,1.000000
0.006719706,2,20,read_only,1024,8,1.000000,1.000000,1.000000,{"1":128},1.000000,0.000000,0.000000,0.000000,1.000000,0.000000,-1.000000
0.006719706,2,20,union,1024,8,1.000000,1.000000,1.000000,{"1":128},1.000000,0.000000,0.000000,0.000000,1.000000,0.000000,-1.000000
0.006719706,2,20,snapshot,1024,680,1.000000,1.000000,1.000000,{"1":7591,"2":601},0.920588,0.079412,0.000000,0.000000,0.920588,0.079412,1.000000
0.006719706,2,20,read_only,4096,2,1.000000,1.000000,1.000000,{"1":128},1.000000,0.000000,0.000000,0.000000,1.000000,0.000000,-1.000000
0.006719706,2,20,union,4096,2,1.000000,1.000000,1.000000,{"1":128},1.000000,0.000000,0.000000,0.000000,1.000000,0.000000,-1.000000
0.006719706,2,20,snapshot,4096,192,1.000000,1.000000,1.000000,{"1":7591,"2":601},0.927083,0.072917,0.000000,0.000000,0.927083,0.072917,1.000000
0.006719706,2,20,read_only,16384,1,1.000000,1.000000,1.000000,{"1":128},1.000000,0.000000,0.000000,0.000000,1.000000,0.000000,-1.000000
0.006719706,2,20,union,16384,1,1.000000,1.000000,1.000000,{"1":128},1.000000,0.000000,0.000000,0.000000,1.000000,0.000000,-1.000000
0.006719706,2,20,snapshot,16384,59,0.830508,0.951762,0.830508,{"1":7591,"2":601},0.779661,0.220339,0.000000,0.000000,0.779661,0.050847,0.230769
0.007033386,2,21,read_only,64,616,1.000000,1.000000,1.000000,{"1":616},1.000000,0.000000,0.000000,0.000000,1.000000,0.000000,-1.000000
0.007033386,2,21,union,64,616,1.000000,1.000000,1.000000,{"1":616},1.000000,0.000000,0.000000,0.000000,1.000000,0.000000,-1.000000
0.007033386,2,21,snapshot,64,8192,1.000000,1.000000,1.000000,{"1":7608,"2":584},0.928711,0.071289,0.000000,0.000000,0.928711,0.071289,1.000000
0.007033386,2,21,read_only,256,166,1.000000,1.000000,1.000000,{"1":616},1.000000,0.000000,0.000000,0.000000,1.000000,0.000000,-1.000000
0.007033386,2,21,union,256,166,1.000000,1.000000,1.000000,{"1":616},1.000000,0.000000,0.000000,0.000000,1.000000,0.000000,-1.000000
0.007033386,2,21,snapshot,256,2258,1.000000,1.000000,1.000000,{"1":7608,"2":584},0.927369,0.072631,0.000000,0.000000,0.927369,0.072631,1.000000
0.007033386,2,21,read_only,1024,44,1.000000,1.000000,1.000000,{"1":616},1.000000,0.000000,0.000000,0.000000,1.000000,0.000000,-1.000000
0.007033386,2,21,union,1024,44,1.000000,1.000000,1.000000,{"1":616},1.000000,0.000000,0.000000,0.000000,1.000000,0.000000,-1.000000
0.007033386,2,21,snapshot,1024,675,1.000000,1.000000,1.000000,{"1":7608,"2":584},0.920000,0.080000,0.000000,0.000000,0.920000,0.080000,1.000000
0.007033386,2,21,read_only,4096,11,1.000000,1.000000,1.000000,{"1":616},1.000000,0.000000,0.000000,0.000000,1.000000,0.000000,-1.000000
0.007033386,2,21,union,4096,11,1.000000,1.000000,1.000000,{"1":616},1.000000,0.000000,0.000000,0.000000,1.000000,0.000000,-1.000000
0.007033386,2,21,snapshot,4096,195,1.000000,1.000000,1.000000,{"1":7608,"2":584},0.928205,0.071795,0.000000,0.000000,0.928205,0.071795,1.000000
0.007033386,2,21,read_only,16384,4,1.000000,1.000000,1.000000,{"1":616},1.000000,0.000000,0.000000,0.000000,1.000000,0.000000,-1.000000
0.007033386,2,21,union,16384,4,1.000000,1.000000,1.000000,{"1":616},1.000000,0.000000,0.000000,0.000000,1.000000,0.000000,-1.000000
0.007033386,2,21,snapshot,16384,62,0.838710,0.956251,0.838710,{"1":7608,"2":584},0.790323,0.209677,0.000000,0.000000,0.790323,0.048387,0.230769
0.007265763,2,22,read_only,64,8,1.000000,1.000000,1.000000,{"1":8},1.000000,0.000000,0.000000,0.000000,1.000000,0.000000,-1.000000
0.007265763,2,22,union,64,8,1.000000,1.000000,1.000000,{"1":8},1.000000,0.000000,0.000000,0.000000,1.000000,0.000000,-1.000000
0.007265763,2,22,snapshot,64,8192,1.000000,1.000000,1.000000,{"1":7608,"2":584},0.928711,0.071289,0.000000,0.000000,0.928711,0.071289,1.000000
0.007265763,2,22,read_only,256,5,1.000000,1.000000,1.000000,{"1":8},1.000000,0.000000,0.000000,0.000000,1.000000,0.000000,-1.000000
0.007265763,2,22,union,256,5,1.000000,1.000000,1.000000,{"1":8},1.000000,0.000000,0.000000,0.000000,1.000000,0.000000,-1.000000
0.007265763,2,22,snapshot,256,2258,1.000000,1.000000,1.000000,{"1":7608,"2":584},0.927369,0.072631,0.000000,0.000000,0.927369,0.072631,1.000000
0.007265763,2,22,read_only,1024,4,1.000000,1.000000,1.000000,{"1":8},1.000000,0.000000,0.000000,0.000000,1.000000,0.000000,-1.000000
0.007265763,2,22,union,1024,4,1.000000,1.000000,1.000000,{"1":8},1.000000,0.000000,0.000000,0.000000,1.000000,0.000000,-1.000000
0.007265763,2,22,snapshot,1024,674,1.000000,1.000000,1.000000,{"1":7608,"2":584},0.919881,0.080119,0.000000,0.000000,0.919881,0.080119,1.000000
0.007265763,2,22,read_only,4096,2,1.000000,1.000000,1.000000,{"1":8},1.000000,0.000000,0.000000,0.000000,1.000000,0.000000,-1.000000
0.007265763,2,22,union,4096,2,1.000000,1.000000,1.000000,{"1":8},1.000000,0.000000,0.000000,0.000000,1.000000,0.000000,-1.000000
0.007265763,2,22,snapshot,4096,195,1.000000,1.000000,1.000000,{"1":7608,"2":584},0.928205,0.071795,0.000000,0.000000,0.928205,0.071795,1.000000
0.007265763,2,22,read_only,16384,1,1.000000,1.000000,1.000000,{"1":8},1.000000,0.000000,0.000000,0.000000,1.000000,0.000000,-1.000000
0.007265763,2,22,union,16384,1,1.000000,1.000000,1.000000,{"1":8},1.000000,0.000000,0.000000,0.000000,1.000000,0.000000,-1.000000
0.007265763,2,22,snapshot,16384,62,0.838710,0.956203,0.838710,{"1":7608,"2":584},0.790323,0.209677,0.000000,0.000000,0.790323,0.048387,0.230769
0.007504720,2,23,read_only,64,449,1.000000,1.000000,1.000000,{"1":449},1.000000,0.000000,0.000000,0.000000,1.000000,0.000000,-1.000000
0.007504720,2,23,union,64,449,1.000000,1.000000,1.000000,{"1":449},1.000000,0.000000,0.000000,0.000000,1.000000,0.000000,-1.000000
0.007504720,2,23,snapshot,64,8192,1.000000,1.000000,1.000000,{"1":7690,"2":502},0.938721,0.061279,0.000000,0.000000,0.938721,0.061279,1.000000
0.007504720,2,23,read_only,256,126,1.000000,1.000000,1.000000,{"1":449},1.000000,0.000000,0.000000,0.000000,1.000000,0.000000,-1.000000
0.007504720,2,23,union,256,126,1.000000,1.000000,1.000000,{"1":449},1.000000,0.000000,0.000000,0.000000,1.000000,0.000000,-1.000000
0.007504720,2,23,snapshot,256,2232,0.989695,0.996976,0.989695,{"1":7690,"2":502},0.926075,0.073925,0.000000,0.000000,0.926075,0.063620,0.860606
0.007504720,2,23,read_only,1024,42,1.000000,1.000000,1.000000,{"1":449},1.000000,0.000000,0.000000,0.000000,1.000000,0.000000,-1.000000
0.007504720,2,23,union,1024,42,1.000000,1.000000,1.000000,{"1":449},1.000000,0.000000,0.000000,0.000000,1.000000,0.000000,-1.000000
0.007504720,2,23,snapshot,1024,658,0.972644,0.993826,0.972644,{"1":7690,"2":502},0.899696,0.100304,0.000000,0.000000,0.899696,0.072948,0.727273
0.007504720,2,23,read_only,4096,13,1.000000,1.000000,1.000000,{"1":449},1.000000,0.000000,0.000000,0.000000,1.000000,0.000000,-1.000000
0.007504720,2,23,union,4096,13,1.000000,1.000000,1.000000,{"1":449},1.000000,0.000000,0.000000,0.000000,1.000000,0.000000,-1.000000
0.007504720,2,23,snapshot,4096,189,0.962963,0.994626,0.962963,{"1":7690,"2":502},0.894180,0.105820,0.000000,0.000000,0.894180,0.068783,0.650000
0.007504720,2,23,read_only,16384,5,1.000000,1.000000,1.000000,{"1":449},1.000000,0.000000,0.000000,0.000000,1.000000,0.000000,-1.000000
0.007504720,2,23,union,16384,5,1.000000,1.000000,1.000000,{"1":449},1.000000,0.000000,0.000000,0.000000,1.000000,0.000000,-1.000000
0.007504720,2,23,snapshot,16384,63,0.793651,0.949632,0.793651,{"1":7690,"2":502},0.746032,0.253968,0.000000,0.000000,0.746032,0.047619,0.187500
0.007739775,2,24,snapshot,64,8192,1.000000,1.000000,1.000000,{"1":7690,"2":502},0.938721,0.061279,0.000000,0.000000,0.938721,0.061279,1.000000
0.007739775,2,24,snapshot,256,2232,0.989695,0.996976,0.989695,{"1":7690,"2":502},0.926075,0.073925,0.000000,0.000000,0.926075,0.063620,0.860606
0.007739775,2,24,snapshot,1024,658,0.972644,0.993826,0.972644,{"1":7690,"2":502},0.899696,0.100304,0.000000,0.000000,0.899696,0.072948,0.727273
0.007739775,2,24,snapshot,4096,189,0.962963,0.994626,0.962963,{"1":7690,"2":502},0.894180,0.105820,0.000000,0.000000,0.894180,0.068783,0.650000
0.007739775,2,24,snapshot,16384,63,0.793651,0.949632,0.793651,{"1":7690,"2":502},0.746032,0.253968,0.000000,0.000000,0.746032,0.047619,0.187500
0.007985574,2,25,read_only,64,127,1.000000,1.000000,1.000000,{"1":127},1.000000,0.000000,0.000000,0.000000,1.000000,0.000000,-1.000000
0.007985574,2,25,union,64,127,1.000000,1.000000,1.000000,{"1":127},1.000000,0.000000,0.000000,0.000000,1.000000,0.000000,-1.000000
0.007985574,2,25,snapshot,64,8192,1.000000,1.000000,1.000000,{"1":7690,"2":502},0.938721,0.061279,0.000000,0.000000,0.938721,0.061279,1.000000
0.007985574,2,25,read_only,256,32,1.000000,1.000000,1.000000,{"1":127},1.000000,0.000000,0.000000,0.000000,1.000000,0.000000,-1.000000
0.007985574,2,25,union,256,32,1.000000,1.000000,1.000000,{"1":127},1.000000,0.000000,0.000000,0.000000,1.000000,0.000000,-1.000000
0.007985574,2,25,snapshot,256,2233,0.989700,0.996977,0.989700,{"1":7690,"2":502},0.926108,0.073892,0.000000,0.000000,0.926108,0.063592,0.860606
0.007985574,2,25,read_only,1024,8,1.000000,1.000000,1.000000,{"1":127},1.000000,0.000000,0.000000,0.000000,1.000000,0.000000,-1.000000
0.007985574,2,25,union,1024,8,1.000000,1.000000,1.000000,{"1":127},1.000000,0.000000,0.000000,0.000000,1.000000,0.000000,-1.000000
0.007985574,2,25,snapshot,1024,659,0.972686,0.993835,0.972686,{"1":7690,"2":502},0.899848,0.100152,0.000000,0.000000,0.899848,0.072838,0.727273
0.007985574,2,25,read_only,4096,2,1.000000,1.000000,1.000000,{"1":127},1.000000,0.000000,0.000000,0.000000,1.000000,0.000000,-1.000000
0.007985574,2,25,union,4096,2,1.000000,1.000000,1.000000,{"1":127},1.000000,0.000000,0.000000,0.000000,1.000000,0.000000,-1.000000
0.007985574,2,25,snapshot,4096,190,0.963158,0.994655,0.963158,{"1":7690,"2":502},0.894737,0.105263,0.000000,0.000000,0.894737,0.068421,0.650000
0.007985574,2,25,read_only,16384,1,1.000000,1.000000,1.000000,{"1":127},1.000000,0.000000,0.000000,0.000000,1.000000,0.000000,-1.000000
0.007985574,2,25,union,16384,1,1.000000,1.000000,1.000000,{"1":127},1.000000,0.000000,0.000000,0.000000,1.000000,0.000000,-1.000000
0.007985574,2,25,snapshot,16384,64,0.796875,0.949446,0.796875,{"1":7690,"2":502},0.750000,0.250000,0.000000,0.000000,0.750000,0.046875,0.187500
0.008225664,2,26,snapshot,64,8192,1.000000,1.000000,1.000000,{"1":7690,"2":502},0.938721,0.061279,0.000000,0.000000,0.938721,0.061279,1.000000
0.008225664,2,26,snapshot,256,2233,0.989700,0.996977,0.989700,{"1":7690,"2":502},0.926108,0.073892,0.000000,0.000000,0.926108,0.063592,0.860606
0.008225664,2,26,snapshot,1024,659,0.972686,0.993835,0.972686,{"1":7690,"2":502},0.899848,0.100152,0.000000,0.000000,0.899848,0.072838,0.727273
0.008225664,2,26,snapshot,4096,190,0.963158,0.994655,0.963158,{"1":7690,"2":502},0.894737,0.105263,0.000000,0.000000,0.894737,0.068421,0.650000
0.008225664,2,26,snapshot,16384,64,0.796875,0.949446,0.796875,{"1":7690,"2":502},0.750000,0.250000,0.000000,0.000000,0.750000,0.046875,0.187500
0.008459014,2,27,snapshot,64,8192,1.000000,1.000000,1.000000,{"1":7690,"2":502},0.938721,0.061279,0.000000,0.000000,0.938721,0.061279,1.000000
0.008459014,2,27,snapshot,256,2233,0.989700,0.996977,0.989700,{"1":7690,"2":502},0.926108,0.073892,0.000000,0.000000,0.926108,0.063592,0.860606
0.008459014,2,27,snapshot,1024,659,0.972686,0.993835,0.972686,{"1":7690,"2":502},0.899848,0.100152,0.000000,0.000000,0.899848,0.072838,0.727273
0.008459014,2,27,snapshot,4096,190,0.963158,0.994655,0.963158,{"1":7690,"2":502},0.894737,0.105263,0.000000,0.000000,0.894737,0.068421,0.650000
0.008459014,2,27,snapshot,16384,64,0.796875,0.949446,0.796875,{"1":7690,"2":502},0.750000,0.250000,0.000000,0.000000,0.750000,0.046875,0.187500
0.008692518,2,28,snapshot,64,8192,1.000000,1.000000,1.000000,{"1":7690,"2":502},0.938721,0.061279,0.000000,0.000000,0.938721,0.061279,1.000000
0.008692518,2,28,snapshot,256,2233,0.989700,0.996977,0.989700,{"1":7690,"2":502},0.926108,0.073892,0.000000,0.000000,0.926108,0.063592,0.860606
0.008692518,2,28,snapshot,1024,659,0.972686,0.993835,0.972686,{"1":7690,"2":502},0.899848,0.100152,0.000000,0.000000,0.899848,0.072838,0.727273
0.008692518,2,28,snapshot,4096,190,0.963158,0.994655,0.963158,{"1":7690,"2":502},0.894737,0.105263,0.000000,0.000000,0.894737,0.068421,0.650000
0.008692518,2,28,snapshot,16384,64,0.796875,0.949446,0.796875,{"1":7690,"2":502},0.750000,0.250000,0.000000,0.000000,0.750000,0.046875,0.187500
0.008974022,2,29,snapshot,64,8192,1.000000,1.000000,1.000000,{"1":7690,"2":502},0.938721,0.061279,0.000000,0.000000,0.938721,0.061279,1.000000
0.008974022,2,29,snapshot,256,2233,0.989700,0.996977,0.989700,{"1":7690,"2":502},0.926108,0.073892,0.000000,0.000000,0.926108,0.063592,0.860606
0.008974022,2,29,snapshot,1024,659,0.972686,0.993835,0.972686,{"1":7690,"2":502},0.899848,0.100152,0.000000,0.000000,0.899848,0.072838,0.727273
0.008974022,2,29,snapshot,4096,190,0.963158,0.994655,0.963158,{"1":7690,"2":502},0.894737,0.105263,0.000000,0.000000,0.894737,0.068421,0.650000
0.008974022,2,29,snapshot,16384,64,0.796875,0.949446,0.796875,{"1":7690,"2":502},0.750000,0.250000,0.000000,0.000000,0.750000,0.046875,0.187500
0.009206742,2,30,snapshot,64,8192,1.000000,1.000000,1.000000,{"1":7690,"2":502},0.938721,0.061279,0.000000,0.000000,0.938721,0.061279,1.000000
0.009206742,2,30,snapshot,256,2233,0.989700,0.996977,0.989700,{"1":7690,"2":502},0.926108,0.073892,0.000000,0.000000,0.926108,0.063592,0.860606
0.009206742,2,30,snapshot,1024,659,0.972686,0.993835,0.972686,{"1":7690,"2":502},0.899848,0.100152,0.000000,0.000000,0.899848,0.072838,0.727273
0.009206742,2,30,snapshot,4096,190,0.963158,0.994655,0.963158,{"1":7690,"2":502},0.894737,0.105263,0.000000,0.000000,0.894737,0.068421,0.650000
0.009206742,2,30,snapshot,16384,64,0.796875,0.949446,0.796875,{"1":7690,"2":502},0.750000,0.250000,0.000000,0.000000,0.750000,0.046875,0.187500
0.009492060,2,31,snapshot,64,8192,1.000000,1.000000,1.000000,{"1":7690,"2":502},0.938721,0.061279,0.000000,0.000000,0.938721,0.061279,1.000000
0.009492060,2,31,snapshot,256,2233,0.989700,0.996977,0.989700,{"1":7690,"2":502},0.926108,0.073892,0.000000,0.000000,0.926108,0.063592,0.860606
0.009492060,2,31,snapshot,1024,659,0.972686,0.993835,0.972686,{"1":7690,"2":502},0.899848,0.100152,0.000000,0.000000,0.899848,0.072838,0.727273
0.009492060,2,31,snapshot,4096,190,0.963158,0.994655,0.963158,{"1":7690,"2":502},0.894737,0.105263,0.000000,0.000000,0.894737,0.068421,0.650000
0.009492060,2,31,snapshot,16384,64,0.796875,0.949446,0.796875,{"1":7690,"2":502},0.750000,0.250000,0.000000,0.000000,0.750000,0.046875,0.187500
0.009728354,2,32,snapshot,64,8192,1.000000,1.000000,1.000000,{"1":7690,"2":502},0.938721,0.061279,0.000000,0.000000,0.938721,0.061279,1.000000
0.009728354,2,32,snapshot,256,2233,0.989700,0.996977,0.989700,{"1":7690,"2":502},0.926108,0.073892,0.000000,0.000000,0.926108,0.063592,0.860606
0.009728354,2,32,snapshot,1024,659,0.972686,0.993835,0.972686,{"1":7690,"2":502},0.899848,0.100152,0.000000,0.000000,0.899848,0.072838,0.727273
0.009728354,2,32,snapshot,4096,190,0.963158,0.994655,0.963158,{"1":7690,"2":502},0.894737,0.105263,0.000000,0.000000,0.894737,0.068421,0.650000
0.009728354,2,32,snapshot,16384,64,0.796875,0.949446,0.796875,{"1":7690,"2":502},0.750000,0.250000,0.000000,0.000000,0.750000,0.046875,0.187500
0.010870232,2,36,read_only,64,897,1.000000,1.000000,1.000000,{"1":897},1.000000,0.000000,0.000000,0.000000,1.000000,0.000000,-1.000000
0.010870232,2,36,union,64,897,1.000000,1.000000,1.000000,{"1":897},1.000000,0.000000,0.000000,0.000000,1.000000,0.000000,-1.000000
0.010870232,2,36,snapshot,64,897,1.000000,1.000000,1.000000,{"1":897},1.000000,0.000000,0.000000,0.000000,1.000000,0.000000,-1.000000
0.010870232,2,36,read_only,256,225,1.000000,1.000000,1.000000,{"1":897},1.000000,0.000000,0.000000,0.000000,1.000000,0.000000,-1.000000
0.010870232,2,36,union,256,225,1.000000,1.000000,1.000000,{"1":897},1.000000,0.000000,0.000000,0.000000,1.000000,0.000000,-1.000000
0.010870232,2,36,snapshot,256,225,1.000000,1.000000,1.000000,{"1":897},1.000000,0.000000,0.000000,0.000000,1.000000,0.000000,-1.000000
0.010870232,2,36,read_only,1024,57,1.000000,1.000000,1.000000,{"1":897},1.000000,0.000000,0.000000,0.000000,1.000000,0.000000,-1.000000
0.010870232,2,36,union,1024,57,1.000000,1.000000,1.000000,{"1":897},1.000000,0.000000,0.000000,0.000000,1.000000,0.000000,-1.000000
0.010870232,2,36,snapshot,1024,57,1.000000,1.000000,1.000000,{"1":897},1.000000,0.000000,0.000000,0.000000,1.000000,0.000000,-1.000000
0.010870232,2,36,read_only,4096,15,1.000000,1.000000,1.000000,{"1":897},1.000000,0.000000,0.000000,0.000000,1.000000,0.000000,-1.000000
0.010870232,2,36,union,4096,15,1.000000,1.000000,1.000000,{"1":897},1.000000,0.000000,0.000000,0.000000,1.000000,0.000000,-1.000000
0.010870232,2,36,snapshot,4096,15,1.000000,1.000000,1.000000,{"1":897},1.000000,0.000000,0.000000,0.000000,1.000000,0.000000,-1.000000
0.010870232,2,36,read_only,16384,6,0.500000,0.861111,0.500000,{"1":897},0.500000,0.500000,0.000000,0.000000,0.500000,0.000000,0.000000
0.010870232,2,36,union,16384,6,0.500000,0.861111,0.500000,{"1":897},0.500000,0.500000,0.000000,0.000000,0.500000,0.000000,0.000000
0.010870232,2,36,snapshot,16384,6,0.500000,0.861111,0.500000,{"1":897},0.500000,0.500000,0.000000,0.000000,0.500000,0.000000,0.000000
0.011183121,2,37,snapshot,64,897,1.000000,1.000000,1.000000,{"1":897},1.000000,0.000000,0.000000,0.000000,1.000000,0.000000,-1.000000
0.011183121,2,37,snapshot,256,225,1.000000,1.000000,1.000000,{"1":897},1.000000,0.000000,0.000000,0.000000,1.000000,0.000000,-1.000000
0.011183121,2,37,snapshot,1024,57,1.000000,1.000000,1.000000,{"1":897},1.000000,0.000000,0.000000,0.000000,1.000000,0.000000,-1.000000
0.011183121,2,37,snapshot,4096,15,1.000000,1.000000,1.000000,{"1":897},1.000000,0.000000,0.000000,0.000000,1.000000,0.000000,-1.000000
0.011183121,2,37,snapshot,16384,6,0.500000,0.861111,0.500000,{"1":897},0.500000,0.500000,0.000000,0.000000,0.500000,0.000000,0.000000
0.011416877,2,38,snapshot,64,897,1.000000,1.000000,1.000000,{"1":897},1.000000,0.000000,0.000000,0.000000,1.000000,0.000000,-1.000000
0.011416877,2,38,snapshot,256,225,1.000000,1.000000,1.000000,{"1":897},1.000000,0.000000,0.000000,0.000000,1.000000,0.000000,-1.000000
0.011416877,2,38,snapshot,1024,57,1.000000,1.000000,1.000000,{"1":897},1.000000,0.000000,0.000000,0.000000,1.000000,0.000000,-1.000000
0.011416877,2,38,snapshot,4096,15,1.000000,1.000000,1.000000,{"1":897},1.000000,0.000000,0.000000,0.000000,1.000000,0.000000,-1.000000
0.011416877,2,38,snapshot,16384,6,0.500000,0.861111,0.500000,{"1":897},0.500000,0.500000,0.000000,0.000000,0.500000,0.000000,0.000000
0.011979031,2,39,snapshot,64,897,1.000000,1.000000,1.000000,{"1":897},1.000000,0.000000,0.000000,0.000000,1.000000,0.000000,-1.000000
0.011979031,2,39,snapshot,256,225,1.000000,1.000000,1.000000,{"1":897},1.000000,0.000000,0.000000,0.000000,1.000000,0.000000,-1.000000
0.011979031,2,39,snapshot,1024,57,1.000000,1.000000,1.000000,{"1":897},1.000000,0.000000,0.000000,0.000000,1.000000,0.000000,-1.000000
0.011979031,2,39,snapshot,4096,15,1.000000,1.000000,1.000000,{"1":897},1.000000,0.000000,0.000000,0.000000,1.000000,0.000000,-1.000000
0.011979031,2,39,snapshot,16384,6,0.500000,0.861111,0.500000,{"1":897},0.500000,0.500000,0.000000,0.000000,0.500000,0.000000,0.000000
0.012212074,2,40,snapshot,64,897,1.000000,1.000000,1.000000,{"1":897},1.000000,0.000000,0.000000,0.000000,1.000000,0.000000,-1.000000
0.012212074,2,40,snapshot,256,225,1.000000,1.000000,1.000000,{"1":897},1.000000,0.000000,0.000000,0.000000,1.000000,0.000000,-1.000000
0.012212074,2,40,snapshot,1024,57,1.000000,1.000000,1.000000,{"1":897},1.000000,0.000000,0.000000,0.000000,1.000000,0.000000,-1.000000
0.012212074,2,40,snapshot,4096,15,1.000000,1.000000,1.000000,{"1":897},1.000000,0.000000,0.000000,0.000000,1.000000,0.000000,-1.000000
0.012212074,2,40,snapshot,16384,6,0.500000,0.861111,0.500000,{"1":897},0.500000,0.500000,0.000000,0.000000,0.500000,0.000000,0.000000
0.012446871,2,41,snapshot,64,897,1.000000,1.000000,1.000000,{"1":897},1.000000,0.000000,0.000000,0.000000,1.000000,0.000000,-1.000000
0.012446871,2,41,snapshot,256,225,1.000000,1.000000,1.000000,{"1":897},1.000000,0.000000,0.000000,0.000000,1.000000,0.000000,-1.000000
0.012446871,2,41,snapshot,1024,57,1.000000,1.000000,1.000000,{"1":897},1.000000,0.000000,0.000000,0.000000,1.000000,0.000000,-1.000000
0.012446871,2,41,snapshot,4096,15,1.000000,1.000000,1.000000,{"1":897},1.000000,0.000000,0.000000,0.000000,1.000000,0.000000,-1.000000
0.012446871,2,41,snapshot,16384,6,0.500000,0.861111,0.500000,{"1":897},0.500000,0.500000,0.000000,0.000000,0.500000,0.000000,0.000000
0.012679602,2,42,snapshot,64,897,1.000000,1.000000,1.000000,{"1":897},1.000000,0.000000,0.000000,0.000000,1.000000,0.000000,-1.000000
0.012679602,2,42,snapshot,256,225,1.000000,1.000000,1.000000,{"1":897},1.000000,0.000000,0.000000,0.000000,1.000000,0.000000,-1.000000
0.012679602,2,42,snapshot,1024,57,1.000000,1.000000,1.000000,{"1":897},1.000000,0.000000,0.000000,0.000000,1.000000,0.000000,-1.000000
0.012679602,2,42,snapshot,4096,15,1.000000,1.000000,1.000000,{"1":897},1.000000,0.000000,0.000000,0.000000,1.000000,0.000000,-1.000000
0.012679602,2,42,snapshot,16384,6,0.500000,0.861111,0.500000,{"1":897},0.500000,0.500000,0.000000,0.000000,0.500000,0.000000,0.000000
0.012988010,2,43,snapshot,64,897,1.000000,1.000000,1.000000,{"1":897},1.000000,0.000000,0.000000,0.000000,1.000000,0.000000,-1.000000
0.012988010,2,43,snapshot,256,225,1.000000,1.000000,1.000000,{"1":897},1.000000,0.000000,0.000000,0.000000,1.000000,0.000000,-1.000000
0.012988010,2,43,snapshot,1024,57,1.000000,1.000000,1.000000,{"1":897},1.000000,0.000000,0.000000,0.000000,1.000000,0.000000,-1.000000
0.012988010,2,43,snapshot,4096,15,1.000000,1.000000,1.000000,{"1":897},1.000000,0.000000,0.000000,0.000000,1.000000,0.000000,-1.000000
0.012988010,2,43,snapshot,16384,6,0.500000,0.861111,0.500000,{"1":897},0.500000,0.500000,0.000000,0.000000,0.500000,0.000000,0.000000
0.013229883,2,44,read_only,64,70,1.000000,1.000000,1.000000,{"1":70},1.000000,0.000000,0.000000,0.000000,1.000000,0.000000,-1.000000
0.013229883,2,44,union,64,70,1.000000,1.000000,1.000000,{"1":70},1.000000,0.000000,0.000000,0.000000,1.000000,0.000000,-1.000000
0.013229883,2,44,snapshot,64,967,1.000000,1.000000,1.000000,{"1":967},1.000000,0.000000,0.000000,0.000000,1.000000,0.000000,-1.000000
0.013229883,2,44,read_only,256,18,1.000000,1.000000,1.000000,{"1":70},1.000000,0.000000,0.000000,0.000000,1.000000,0.000000,-1.000000
0.013229883,2,44,union,256,18,1.000000,1.000000,1.000000,{"1":70},1.000000,0.000000,0.000000,0.000000,1.000000,0.000000,-1.000000
0.013229883,2,44,snapshot,256,243,1.000000,1.000000,1.000000,{"1":967},1.000000,0.000000,0.000000,0.000000,1.000000,0.000000,-1.000000
0.013229883,2,44,read_only,1024,5,1.000000,1.000000,1.000000,{"1":70},1.000000,0.000000,0.000000,0.000000,1.000000,0.000000,-1.000000
0.013229883,2,44,union,1024,5,1.000000,1.000000,1.000000,{"1":70},1.000000,0.000000,0.000000,0.000000,1.000000,0.000000,-1.000000
0.013229883,2,44,snapshot,1024,62,1.000000,1.000000,1.000000,{"1":967},1.000000,0.000000,0.000000,0.000000,1.000000,0.000000,-1.000000
0.013229883,2,44,read_only,4096,2,1.000000,1.000000,1.000000,{"1":70},1.000000,0.000000,0.000000,0.000000,1.000000,0.000000,-1.000000
0.013229883,2,44,union,4096,2,1.000000,1.000000,1.000000,{"1":70},1.000000,0.000000,0.000000,0.000000,1.000000,0.000000,-1.000000
0.013229883,2,44,snapshot,4096,17,1.000000,1.000000,1.000000,{"1":967},1.000000,0.000000,0.000000,0.000000,1.000000,0.000000,-1.000000
0.013229883,2,44,read_only,16384,1,1.000000,1.000000,1.000000,{"1":70},1.000000,0.000000,0.000000,0.000000,1.000000,0.000000,-1.000000
0.013229883,2,44,union,16384,1,1.000000,1.000000,1.000000,{"1":70},1.000000,0.000000,0.000000,0.000000,1.000000,0.000000,-1.000000
0.013229883,2,44,snapshot,16384,7,0.571429,0.880952,0.571429,{"1":967},0.571429,0.428571,0.000000,0.000000,0.571429,0.000000,0.000000
0.013475702,2,45,read_only,64,192,1.000000,1.000000,1.000000,{"1":192},1.000000,0.000000,0.000000,0.000000,1.000000,0.000000,-1.000000
0.013475702,2,45,union,64,192,1.000000,1.000000,1.000000,{"1":192},1.000000,0.000000,0.000000,0.000000,1.000000,0.000000,-1.000000
0.013475702,2,45,snapshot,64,1159,1.000000,1.000000,1.000000,{"1":1159},1.000000,0.000000,0.000000,0.000000,1.000000,0.000000,-1.000000
0.013475702,2,45,read_only,256,48,1.000000,1.000000,1.000000,{"1":192},1.000000,0.000000,0.000000,0.000000,1.000000,0.000000,-1.000000
0.013475702,2,45,union,256,48,1.000000,1.000000,1.000000,{"1":192},1.000000,0.000000,0.000000,0.000000,1.000000,0.000000,-1.000000
0.013475702,2,45,snapshot,256,291,1.000000,1.000000,1.000000,{"1":1159},1.000000,0.000000,0.000000,0.000000,1.000000,0.000000,-1.000000
0.013475702,2,45,read_only,1024,12,1.000000,1.000000,1.000000,{"1":192},1.000000,0.000000,0.000000,0.000000,1.000000,0.000000,-1.000000
0.013475702,2,45,union,1024,12,1.000000,1.000000,1.000000,{"1":192},1.000000,0.000000,0.000000,0.000000,1.000000,0.000000,-1.000000
0.013475702,2,45,snapshot,1024,74,1.000000,1.000000,1.000000,{"1":1159},1.000000,0.000000,0.000000,0.000000,1.000000,0.000000,-1.000000
0.013475702,2,45,read_only,4096,3,1.000000,1.000000,1.000000,{"1":192},1.000000,0.000000,0.000000,0.000000,1.000000,0.000000,-1.000000
0.013475702,2,45,union,4096,3,1.000000,1.000000,1.000000,{"1":192},1.000000,0.000000,0.000000,0.000000,1.000000,0.000000,-1.000000
0.013475702,2,45,snapshot,4096,20,1.000000,1.000000,1.000000,{"1":1159},1.000000,0.000000,0.000000,0.000000,1.000000,0.000000,-1.000000
0.013475702,2,45,read_only,16384,1,0.000000,0.666667,0.000000,{"1":192},0.000000,1.000000,0.000000,0.000000,0.000000,0.000000,0.000000
0.013475702,2,45,union,16384,1,0.000000,0.666667,0.000000,{"1":192},0.000000,1.000000,0.000000,0.000000,0.000000,0.000000,0.000000
0.013475702,2,45,snapshot,16384,8,0.500000,0.854167,0.500000,{"1":1159},0.500000,0.500000,0.000000,0.000000,0.500000,0.000000,0.000000
0.013736099,2,46,read_only,64,1088,1.000000,1.000000,1.000000,{"1":1088},1.000000,0.000000,0.000000,0.000000,1.000000,0.000000,-1.000000
0.013736099,2,46,union,64,1088,1.000000,1.000000,1.000000,{"1":1088},1.000000,0.000000,0.000000,0.000000,1.000000,0.000000,-1.000000
0.013736099,2,46,snapshot,64,1088,1.000000,1.000000,1.000000,{"1":1088},1.000000,0.000000,0.000000,0.000000,1.000000,0.000000,-1.000000
0.013736099,2,46,read_only,256,272,1.000000,1.000000,1.000000,{"1":1088},1.000000,0.000000,0.000000,0.000000,1.000000,0.000000,-1.000000
0.013736099,2,46,union,256,272,1.000000,1.000000,1.000000,{"1":1088},1.000000,0.000000,0.000000,0.000000,1.000000,0.000000,-1.000000
0.013736099,2,46,snapshot,256,272,1.000000,1.000000,1.000000,{"1":1088},1.000000,0.000000,0.000000,0.000000,1.000000,0.000000,-1.000000
0.013736099,2,46,read_only,1024,68,1.000000,1.000000,1.000000,{"1":1088},1.000000,0.000000,0.000000,0.000000,1.000000,0.000000,-1.000000
0.013736099,2,46,union,1024,68,1.000000,1.000000,1.000000,{"1":1088},1.000000,0.000000,0.000000,0.000000,1.000000,0.000000,-1.000000
0.013736099,2,46,snapshot,1024,68,1.000000,1.000000,1.000000,{"1":1088},1.000000,0.000000,0.000000,0.000000,1.000000,0.000000,-1.000000
0.013736099,2,46,read_only,4096,17,1.000000,1.000000,1.000000,{"1":1088},1.000000,0.000000,0.000000,0.000000,1.000000,0.000000,-1.000000
0.013736099,2,46,union,4096,17,1.000000,1.000000,1.000000,{"1":1088},1.000000,0.000000,0.000000,0.000000,1.000000,0.000000,-1.000000
0.013736099,2,46,snapshot,4096,17,1.000000,1.000000,1.000000,{"1":1088},1.000000,0.000000,0.000000,0.000000,1.000000,0.000000,-1.000000
0.013736099,2,46,read_only,16384,5,1.000000,1.000000,1.000000,{"1":1088},1.000000,0.000000,0.000000,0.000000,1.000000,0.000000,-1.000000
0.013736099,2,46,union,16384,5,1.000000,1.000000,1.000000,{"1":1088},1.000000,0.000000,0.000000,0.000000,1.000000,0.000000,-1.000000
0.013736099,2,46,snapshot,16384,5,1.000000,1.000000,1.000000,{"1":1088},1.000000,0.000000,0.000000,0.000000,1.000000,0.000000,-1.000000
0.013976174,2,47,read_only,64,1280,1.000000,1.000000,1.000000,{"1":1280},1.000000,0.000000,0.000000,0.000000,1.000000,0.000000,-1.000000
0.013976174,2,47,union,64,1280,1.000000,1.000000,1.000000,{"1":1280},1.000000,0.000000,0.000000,0.000000,1.000000,0.000000,-1.000000
0.013976174,2,47,snapshot,64,2368,1.000000,1.000000,1.000000,{"1":2368},1.000000,0.000000,0.000000,0.000000,1.000000,0.000000,-1.000000
0.013976174,2,47,read_only,256,320,1.000000,1.000000,1.000000,{"1":1280},1.000000,0.000000,0.000000,0.000000,1.000000,0.000000,-1.000000
0.013976174,2,47,union,256,320,1.000000,1.000000,1.000000,{"1":1280},1.000000,0.000000,0.000000,0.000000,1.000000,0.000000,-1.000000
0.013976174,2,47,snapshot,256,592,1.000000,1.000000,1.000000,{"1":2368},1.000000,0.000000,0.000000,0.000000,1.000000,0.000000,-1.000000
0.013976174,2,47,read_only,1024,80,1.000000,1.000000,1.000000,{"1":1280},1.000000,0.000000,0.000000,0.000000,1.000000,0.000000,-1.000000
0.013976174,2,47,union,1024,80,1.000000,1.000000,1.000000,{"1":1280},1.000000,0.000000,0.000000,0.000000,1.000000,0.000000,-1.000000
0.013976174,2,47,snapshot,1024,148,1.000000,1.000000,1.000000,{"1":2368},1.000000,0.000000,0.000000,0.000000,1.000000,0.000000,-1.000000
0.013976174,2,47,read_only,4096,20,1.000000,1.000000,1.000000,{"1":1280},1.000000,0.000000,0.000000,0.000000,1.000000,0.000000,-1.000000
0.013976174,2,47,union,4096,20,1.000000,1.000000,1.000000,{"1":1280},1.000000,0.000000,0.000000,0.000000,1.000000,0.000000,-1.000000
0.013976174,2,47,snapshot,4096,37,1.000000,1.000000,1.000000,{"1":2368},1.000000,0.000000,0.000000,0.000000,1.000000,0.000000,-1.000000
0.013976174,2,47,read_only,16384,6,0.500000,0.819444,0.500000,{"1":1280},0.500000,0.500000,0.000000,0.000000,0.500000,0.000000,0.000000
0.013976174,2,47,union,16384,6,0.500000,0.819444,0.500000,{"1":1280},0.500000,0.500000,0.000000,0.000000,0.500000,0.000000,0.000000
0.013976174,2,47,snapshot,16384,11,0.727273,0.901515,0.727273,{"1":2368},0.727273,0.272727,0.000000,0.000000,0.727273,0.000000,0.000000
0.014344717,2,48,read_only,64,1306,1.000000,1.000000,1.000000,{"1":1306},1.000000,0.000000,0.000000,0.000000,1.000000,0.000000,-1.000000
0.014344717,2,48,union,64,1306,1.000000,1.000000,1.000000,{"1":1306},1.000000,0.000000,0.000000,0.000000,1.000000,0.000000,-1.000000
0.014344717,2,48,snapshot,64,3674,1.000000,1.000000,1.000000,{"1":3674},1.000000,0.000000,0.000000,0.000000,1.000000,0.000000,-1.000000
0.014344717,2,48,read_only,256,353,0.662890,0.849858,0.662890,{"1":1306},0.662890,0.226629,0.110482,0.000000,0.662890,0.000000,0.000000
0.014344717,2,48,union,256,353,0.662890,0.849858,0.662890,{"1":1306},0.662890,0.226629,0.110482,0.000000,0.662890,0.000000,0.000000
0.014344717,2,48,snapshot,256,945,0.874074,0.943915,0.874074,{"1":3674},0.874074,0.084656,0.041270,0.000000,0.874074,0.000000,0.000000
0.014344717,2,48,read_only,1024,89,0.640449,0.811108,0.640449,{"1":1306},0.640449,0.000000,0.359551,0.000000,0.640449,0.000000,0.000000
0.014344717,2,48,union,1024,89,0.640449,0.811108,0.640449,{"1":1306},0.640449,0.000000,0.359551,0.000000,0.640449,0.000000,0.000000
0.014344717,2,48,snapshot,1024,237,0.864979,0.929066,0.864979,{"1":3674},0.864979,0.000000,0.135021,0.000000,0.864979,0.000000,0.000000
0.014344717,2,48,read_only,4096,23,0.652174,0.806954,0.652174,{"1":1306},0.652174,0.000000,0.347826,0.000000,0.652174,0.000000,0.000000
0.014344717,2,48,union,4096,23,0.652174,0.806954,0.652174,{"1":1306},0.652174,0.000000,0.347826,0.000000,0.652174,0.000000,0.000000
0.014344717,2,48,snapshot,4096,60,0.866667,0.925999,0.866667,{"1":3674},0.866667,0.000000,0.133333,0.000000,0.866667,0.000000,0.000000
0.014344717,2,48,read_only,16384,9,0.333333,0.725251,0.333333,{"1":1306},0.333333,0.333333,0.333333,0.000000,0.333333,0.000000,0.000000
0.014344717,2,48,union,16384,9,0.333333,0.725251,0.333333,{"1":1306},0.333333,0.333333,0.333333,0.000000,0.333333,0.000000,0.000000
0.014344717,2,48,snapshot,16384,19,0.526316,0.834039,0.526316,{"1":3674},0.526316,0.315789,0.157895,0.000000,0.526316,0.000000,0.000000
0.014794374,2,49,snapshot,64,3674,1.000000,1.000000,1.000000,{"1":3674},1.000000,0.000000,0.000000,0.000000,1.000000,0.000000,-1.000000
0.014794374,2,49,snapshot,256,945,0.874074,0.943915,0.874074,{"1":3674},0.874074,0.084656,0.041270,0.000000,0.874074,0.000000,0.000000
0.014794374,2,49,snapshot,1024,237,0.864979,0.929066,0.864979,{"1":3674},0.864979,0.000000,0.135021,0.000000,0.864979,0.000000,0.000000
0.014794374,2,49,snapshot,4096,60,0.866667,0.925999,0.866667,{"1":3674},0.866667,0.000000,0.133333,0.000000,0.866667,0.000000,0.000000
0.014794374,2,49,snapshot,16384,19,0.526316,0.834039,0.526316,{"1":3674},0.526316,0.315789,0.157895,0.000000,0.526316,0.000000,0.000000
0.015026572,2,50,snapshot,64,3674,1.000000,1.000000,1.000000,{"1":3674},1.000000,0.000000,0.000000,0.000000,1.000000,0.000000,-1.000000
0.015026572,2,50,snapshot,256,945,0.874074,0.943915,0.874074,{"1":3674},0.874074,0.084656,0.041270,0.000000,0.874074,0.000000,0.000000
0.015026572,2,50,snapshot,1024,237,0.864979,0.929066,0.864979,{"1":3674},0.864979,0.000000,0.135021,0.000000,0.864979,0.000000,0.000000
0.015026572,2,50,snapshot,4096,60,0.866667,0.925999,0.866667,{"1":3674},0.866667,0.000000,0.133333,0.000000,0.866667,0.000000,0.000000
0.015026572,2,50,snapshot,16384,19,0.526316,0.834039,0.526316,{"1":3674},0.526316,0.315789,0.157895,0.000000,0.526316,0.000000,0.000000
0.015721237,2,51,read_only,64,497,1.000000,1.000000,1.000000,{"1":497},1.000000,0.000000,0.000000,0.000000,1.000000,0.000000,-1.000000
0.015721237,2,51,union,64,497,1.000000,1.000000,1.000000,{"1":497},1.000000,0.000000,0.000000,0.000000,1.000000,0.000000,-1.000000
0.015721237,2,51,snapshot,64,4171,1.000000,1.000000,1.000000,{"1":4171},1.000000,0.000000,0.000000,0.000000,1.000000,0.000000,-1.000000
0.015721237,2,51,read_only,256,125,1.000000,1.000000,1.000000,{"1":497},1.000000,0.000000,0.000000,0.000000,1.000000,0.000000,-1.000000
0.015721237,2,51,union,256,125,1.000000,1.000000,1.000000,{"1":497},1.000000,0.000000,0.000000,0.000000,1.000000,0.000000,-1.000000
0.015721237,2,51,snapshot,256,1070,0.888785,0.950467,0.888785,{"1":4171},0.888785,0.074766,0.036449,0.000000,0.888785,0.000000,0.000000
0.015721237,2,51,read_only,1024,32,1.000000,1.000000,1.000000,{"1":497},1.000000,0.000000,0.000000,0.000000,1.000000,0.000000,-1.000000
0.015721237,2,51,union,1024,32,1.000000,1.000000,1.000000,{"1":497},1.000000,0.000000,0.000000,0.000000,1.000000,0.000000,-1.000000
0.015721237,2,51,snapshot,1024,269,0.881041,0.937504,0.881041,{"1":4171},0.881041,0.000000,0.118959,0.000000,0.881041,0.000000,0.000000
0.015721237,2,51,read_only,4096,8,1.000000,1.000000,1.000000,{"1":497},1.000000,0.000000,0.000000,0.000000,1.000000,0.000000,-1.000000
0.015721237,2,51,union,4096,8,1.000000,1.000000,1.000000,{"1":497},1.000000,0.000000,0.000000,0.000000,1.000000,0.000000,-1.000000
0.015721237,2,51,snapshot,4096,68,0.882353,0.934705,0.882353,{"1":4171},0.882353,0.000000,0.117647,0.000000,0.882353,0.000000,0.000000
0.015721237,2,51,read_only,16384,4,1.000000,1.000000,1.000000,{"1":497},1.000000,0.000000,0.000000,0.000000,1.000000,0.000000,-1.000000
0.015721237,2,51,union,16384,4,1.000000,1.000000,1.000000,{"1":497},1.000000,0.000000,0.000000,0.000000,1.000000,0.000000,-1.000000
0.015721237,2,51,snapshot,16384,23,0.608696,0.862901,0.608696,{"1":4171},0.608696,0.260870,0.130435,0.000000,0.608696,0.000000,0.000000
0.015953466,2,52,snapshot,64,4171,1.000000,1.000000,1.000000,{"1":4171},1.000000,0.000000,0.000000,0.000000,1.000000,0.000000,-1.000000
0.015953466,2,52,snapshot,256,1070,0.888785,0.950467,0.888785,{"1":4171},0.888785,0.074766,0.036449,0.000000,0.888785,0.000000,0.000000
0.015953466,2,52,snapshot,1024,269,0.881041,0.937504,0.881041,{"1":4171},0.881041,0.000000,0.118959,0.000000,0.881041,0.000000,0.000000
0.015953466,2,52,snapshot,4096,68,0.882353,0.934705,0.882353,{"1":4171},0.882353,0.000000,0.117647,0.000000,0.882353,0.000000,0.000000
0.015953466,2,52,snapshot,16384,23,0.608696,0.862901,0.608696,{"1":4171},0.608696,0.260870,0.130435,0.000000,0.608696,0.000000,0.000000
0.016187107,2,53,read_only,64,64,1.000000,1.000000,1.000000,{"1":64},1.000000,0.000000,0.000000,0.000000,1.000000,0.000000,-1.000000
0.016187107,2,53,union,64,64,1.000000,1.000000,1.000000,{"1":64},1.000000,0.000000,0.000000,0.000000,1.000000,0.000000,-1.000000
0.016187107,2,53,snapshot,64,4235,1.000000,1.000000,1.000000,{"1":4235},1.000000,0.000000,0.000000,0.000000,1.000000,0.000000,-1.000000
0.016187107,2,53,read_only,256,16,1.000000,1.000000,1.000000,{"1":64},1.000000,0.000000,0.000000,0.000000,1.000000,0.000000,-1.000000
0.016187107,2,53,union,256,16,1.000000,1.000000,1.000000,{"1":64},1.000000,0.000000,0.000000,0.000000,1.000000,0.000000,-1.000000
0.016187107,2,53,snapshot,256,1086,0.890424,0.951197,0.890424,{"1":4235},0.890424,0.073665,0.035912,0.000000,0.890424,0.000000,0.000000
0.016187107,2,53,read_only,1024,4,1.000000,1.000000,1.000000,{"1":64},1.000000,0.000000,0.000000,0.000000,1.000000,0.000000,-1.000000
0.016187107,2,53,union,1024,4,1.000000,1.000000,1.000000,{"1":64},1.000000,0.000000,0.000000,0.000000,1.000000,0.000000,-1.000000
0.016187107,2,53,snapshot,1024,273,0.882784,0.938420,0.882784,{"1":4235},0.882784,0.000000,0.117216,0.000000,0.882784,0.000000,0.000000
0.016187107,2,53,read_only,4096,1,1.000000,1.000000,1.000000,{"1":64},1.000000,0.000000,0.000000,0.000000,1.000000,0.000000,-1.000000
0.016187107,2,53,union,4096,1,1.000000,1.000000,1.000000,{"1":64},1.000000,0.000000,0.000000,0.000000,1.000000,0.000000,-1.000000
0.016187107,2,53,snapshot,4096,69,0.884058,0.935651,0.884058,{"1":4235},0.884058,0.000000,0.115942,0.000000,0.884058,0.000000,0.000000
0.016187107,2,53,read_only,16384,1,1.000000,1.000000,1.000000,{"1":64},1.000000,0.000000,0.000000,0.000000,1.000000,0.000000,-1.000000
0.016187107,2,53,union,16384,1,1.000000,1.000000,1.000000,{"1":64},1.000000,0.000000,0.000000,0.000000,1.000000,0.000000,-1.000000
0.016187107,2,53,snapshot,16384,24,0.625000,0.868614,0.625000,{"1":4235},0.625000,0.250000,0.125000,0.000000,0.625000,0.000000,0.000000
0.016420278,2,54,snapshot,64,4235,1.000000,1.000000,1.000000,{"1":4235},1.000000,0.000000,0.000000,0.000000,1.000000,0.000000,-1.000000
0.016420278,2,54,snapshot,256,1086,0.890424,0.951197,0.890424,{"1":4235},0.890424,0.073665,0.035912,0.000000,0.890424,0.000000,0.000000
0.016420278,2,54,snapshot,1024,273,0.882784,0.938420,0.882784,{"1":4235},0.882784,0.000000,0.117216,0.000000,0.882784,0.000000,0.000000
0.016420278,2,54,snapshot,4096,69,0.884058,0.935651,0.884058,{"1":4235},0.884058,0.000000,0.115942,0.000000,0.884058,0.000000,0.000000
0.016420278,2,54,snapshot,16384,24,0.625000,0.868614,0.625000,{"1":4235},0.625000,0.250000,0.125000,0.000000,0.625000,0.000000,0.000000
0.016754949,2,55,read_only,64,369,1.000000,1.000000,1.000000,{"1":369},1.000000,0.000000,0.000000,0.000000,1.000000,0.000000,-1.000000
0.016754949,2,55,union,64,369,1.000000,1.000000,1.000000,{"1":369},1.000000,0.000000,0.000000,0.000000,1.000000,0.000000,-1.000000
0.016754949,2,55,snapshot,64,4604,1.000000,1.000000,1.000000,{"1":4604},1.000000,0.000000,0.000000,0.000000,1.000000,0.000000,-1.000000
0.016754949,2,55,read_only,256,93,1.000000,1.000000,1.000000,{"1":369},1.000000,0.000000,0.000000,0.000000,1.000000,0.000000,-1.000000
0.016754949,2,55,union,256,93,1.000000,1.000000,1.000000,{"1":369},1.000000,0.000000,0.000000,0.000000,1.000000,0.000000,-1.000000
0.016754949,2,55,snapshot,256,1179,0.899067,0.955047,0.899067,{"1":4604},0.899067,0.067854,0.033079,0.000000,0.899067,0.000000,0.000000
0.016754949,2,55,read_only,1024,24,1.000000,1.000000,1.000000,{"1":369},1.000000,0.000000,0.000000,0.000000,1.000000,0.000000,-1.000000
0.016754949,2,55,union,1024,24,1.000000,1.000000,1.000000,{"1":369},1.000000,0.000000,0.000000,0.000000,1.000000,0.000000,-1.000000
0.016754949,2,55,snapshot,1024,297,0.892256,0.943396,0.892256,{"1":4604},0.892256,0.000000,0.107744,0.000000,0.892256,0.000000,0.000000
0.016754949,2,55,read_only,4096,6,1.000000,1.000000,1.000000,{"1":369},1.000000,0.000000,0.000000,0.000000,1.000000,0.000000,-1.000000
0.016754949,2,55,union,4096,6,1.000000,1.000000,1.000000,{"1":369},1.000000,0.000000,0.000000,0.000000,1.000000,0.000000,-1.000000
0.016754949,2,55,snapshot,4096,75,0.893333,0.940799,0.893333,{"1":4604},0.893333,0.000000,0.106667,0.000000,0.893333,0.000000,0.000000
0.016754949,2,55,read_only,16384,4,0.500000,0.766593,0.500000,{"1":369},0.500000,0.500000,0.000000,0.000000,0.500000,0.000000,0.000000
0.016754949,2,55,union,16384,4,0.500000,0.766593,0.500000,{"1":369},0.500000,0.500000,0.000000,0.000000,0.500000,0.000000,0.000000
0.016754949,2,55,snapshot,16384,28,0.607143,0.854040,0.607143,{"1":4604},0.607143,0.285714,0.107143,0.000000,0.607143,0.000000,0.000000
0.017053618,2,56,read_only,64,760,1.000000,1.000000,1.000000,{"1":760},1.000000,0.000000,0.000000,0.000000,1.000000,0.000000,-1.000000
0.017053618,2,56,union,64,760,1.000000,1.000000,1.000000,{"1":760},1.000000,0.000000,0.000000,0.000000,1.000000,0.000000,-1.000000
0.017053618,2,56,snapshot,64,5364,1.000000,1.000000,1.000000,{"1":5364},1.000000,0.000000,0.000000,0.000000,1.000000,0.000000,-1.000000
0.017053618,2,56,read_only,256,191,1.000000,1.000000,1.000000,{"1":760},1.000000,0.000000,0.000000,0.000000,1.000000,0.000000,-1.000000
0.017053618,2,56,union,256,191,1.000000,1.000000,1.000000,{"1":760},1.000000,0.000000,0.000000,0.000000,1.000000,0.000000,-1.000000
0.017053618,2,56,snapshot,256,1370,0.913139,0.961314,0.913139,{"1":5364},0.913139,0.058394,0.028467,0.000000,0.913139,0.000000,0.000000
0.017053618,2,56,read_only,1024,48,1.000000,1.000000,1.000000,{"1":760},1.000000,0.000000,0.000000,0.000000,1.000000,0.000000,-1.000000
0.017053618,2,56,union,1024,48,1.000000,1.000000,1.000000,{"1":760},1.000000,0.000000,0.000000,0.000000,1.000000,0.000000,-1.000000
0.017053618,2,56,snapshot,1024,345,0.907246,0.951271,0.907246,{"1":5364},0.907246,0.000000,0.092754,0.000000,0.907246,0.000000,0.000000
0.017053618,2,56,read_only,4096,12,1.000000,1.000000,1.000000,{"1":760},1.000000,0.000000,0.000000,0.000000,1.000000,0.000000,-1.000000
0.017053618,2,56,union,4096,12,1.000000,1.000000,1.000000,{"1":760},1.000000,0.000000,0.000000,0.000000,1.000000,0.000000,-1.000000
0.017053618,2,56,snapshot,4096,87,0.908046,0.948965,0.908046,{"1":5364},0.908046,0.000000,0.091954,0.000000,0.908046,0.000000,0.000000
0.017053618,2,56,read_only,16384,5,1.000000,1.000000,1.000000,{"1":760},1.000000,0.000000,0.000000,0.000000,1.000000,0.000000,-1.000000
0.017053618,2,56,union,16384,5,1.000000,1.000000,1.000000,{"1":760},1.000000,0.000000,0.000000,0.000000,1.000000,0.000000,-1.000000
0.017053618,2,56,snapshot,16384,33,0.666667,0.876155,0.666667,{"1":5364},0.666667,0.242424,0.090909,0.000000,0.666667,0.000000,0.000000
0.017288524,2,57,read_only,64,22,1.000000,1.000000,1.000000,{"1":22},1.000000,0.000000,0.000000,0.000000,1.000000,0.000000,-1.000000
0.017288524,2,57,union,64,22,1.000000,1.000000,1.000000,{"1":22},1.000000,0.000000,0.000000,0.000000,1.000000,0.000000,-1.000000
0.017288524,2,57,snapshot,64,5386,1.000000,1.000000,1.000000,{"1":5386},1.000000,0.000000,0.000000,0.000000,1.000000,0.000000,-1.000000
0.017288524,2,57,read_only,256,10,1.000000,1.000000,1.000000,{"1":22},1.000000,0.000000,0.000000,0.000000,1.000000,0.000000,-1.000000
0.017288524,2,57,union,256,10,1.000000,1.000000,1.000000,{"1":22},1.000000,0.000000,0.000000,0.000000,1.000000,0.000000,-1.000000
0.017288524,2,57,snapshot,256,1380,0.913768,0.961594,0.913768,{"1":5386},0.913768,0.057971,0.028261,0.000000,0.913768,0.000000,0.000000
0.017288524,2,57,read_only,1024,3,1.000000,1.000000,1.000000,{"1":22},1.000000,0.000000,0.000000,0.000000,1.000000,0.000000,-1.000000
0.017288524,2,57,union,1024,3,1.000000,1.000000,1.000000,{"1":22},1.000000,0.000000,0.000000,0.000000,1.000000,0.000000,-1.000000
0.017288524,2,57,snapshot,1024,348,0.908046,0.951692,0.908046,{"1":5386},0.908046,0.000000,0.091954,0.000000,0.908046,0.000000,0.000000
0.017288524,2,57,read_only,4096,1,1.000000,1.000000,1.000000,{"1":22},1.000000,0.000000,0.000000,0.000000,1.000000,0.000000,-1.000000
0.017288524,2,57,union,4096,1,1.000000,1.000000,1.000000,{"1":22},1.000000,0.000000,0.000000,0.000000,1.000000,0.000000,-1.000000
0.017288524,2,57,snapshot,4096,88,0.909091,0.949545,0.909091,{"1":5386},0.909091,0.000000,0.090909,0.000000,0.909091,0.000000,0.000000
0.017288524,2,57,read_only,16384,1,1.000000,1.000000,1.000000,{"1":22},1.000000,0.000000,0.000000,0.000000,1.000000,0.000000,-1.000000
0.017288524,2,57,union,16384,1,1.000000,1.000000,1.000000,{"1":22},1.000000,0.000000,0.000000,0.000000,1.000000,0.000000,-1.000000
0.017288524,2,57,snapshot,16384,34,0.676471,0.879797,0.676471,{"1":5386},0.676471,0.235294,0.088235,0.000000,0.676471,0.000000,0.000000
0.017562787,2,58,read_only,64,64,1.000000,1.000000,1.000000,{"1":64},1.000000,0.000000,0.000000,0.000000,1.000000,0.000000,-1.000000
0.017562787,2,58,union,64,64,1.000000,1.000000,1.000000,{"1":64},1.000000,0.000000,0.000000,0.000000,1.000000,0.000000,-1.000000
0.017562787,2,58,read_only,256,22,1.000000,1.000000,1.000000,{"1":64},1.000000,0.000000,0.000000,0.000000,1.000000,0.000000,-1.000000
0.017562787,2,58,union,256,22,1.000000,1.000000,1.000000,{"1":64},1.000000,0.000000,0.000000,0.000000,1.000000,0.000000,-1.000000
0.017562787,2,58,read_only,1024,9,1.000000,1.000000,1.000000,{"1":64},1.000000,0.000000,0.000000,0.000000,1.000000,0.000000,-1.000000
0.017562787,2,58,union,1024,9,1.000000,1.000000,1.000000,{"1":64},1.000000,0.000000,0.000000,0.000000,1.000000,0.000000,-1.000000
0.017562787,2,58,read_only,4096,3,1.000000,1.000000,1.000000,{"1":64},1.000000,0.000000,0.000000,0.000000,1.000000,0.000000,-1.000000
0.017562787,2,58,union,4096,3,1.000000,1.000000,1.000000,{"1":64},1.000000,0.000000,0.000000,0.000000,1.000000,0.000000,-1.000000
0.017562787,2,58,read_only,16384,2,1.000000,1.000000,1.000000,{"1":64},1.000000,0.000000,0.000000,0.000000,1.000000,0.000000,-1.000000
0.017562787,2,58,union,16384,2,1.000000,1.000000,1.000000,{"1":64},1.000000,0.000000,0.000000,0.000000,1.000000,0.000000,-1.000000
0.018274599,2,60,read_only,64,5249,1.000000,1.000000,1.000000,{"1":5249},1.000000,0.000000,0.000000,0.000000,1.000000,0.000000,-1.000000
0.018274599,2,60,union,64,5249,1.000000,1.000000,1.000000,{"1":5249},1.000000,0.000000,0.000000,0.000000,1.000000,0.000000,-1.000000
0.018274599,2,60,snapshot,64,5249,1.000000,1.000000,1.000000,{"1":5249},1.000000,0.000000,0.000000,0.000000,1.000000,0.000000,-1.000000
0.018274599,2,60,read_only,256,1313,1.000000,1.000000,1.000000,{"1":5249},1.000000,0.000000,0.000000,0.000000,1.000000,0.000000,-1.000000
0.018274599,2,60,union,256,1313,1.000000,1.000000,1.000000,{"1":5249},1.000000,0.000000,0.000000,0.000000,1.000000,0.000000,-1.000000
0.018274599,2,60,snapshot,256,1313,1.000000,1.000000,1.000000,{"1":5249},1.000000,0.000000,0.000000,0.000000,1.000000,0.000000,-1.000000
0.018274599,2,60,read_only,1024,329,1.000000,1.000000,1.000000,{"1":5249},1.000000,0.000000,0.000000,0.000000,1.000000,0.000000,-1.000000
0.018274599,2,60,union,1024,329,1.000000,1.000000,1.000000,{"1":5249},1.000000,0.000000,0.000000,0.000000,1.000000,0.000000,-1.000000
0.018274599,2,60,snapshot,1024,329,1.000000,1.000000,1.000000,{"1":5249},1.000000,0.000000,0.000000,0.000000,1.000000,0.000000,-1.000000
0.018274599,2,60,read_only,4096,87,1.000000,1.000000,1.000000,{"1":5249},1.000000,0.000000,0.000000,0.000000,1.000000,0.000000,-1.000000
0.018274599,2,60,union,4096,87,1.000000,1.000000,1.000000,{"1":5249},1.000000,0.000000,0.000000,0.000000,1.000000,0.000000,-1.000000
0.018274599,2,60,snapshot,4096,87,1.000000,1.000000,1.000000,{"1":5249},1.000000,0.000000,0.000000,0.000000,1.000000,0.000000,-1.000000
0.018274599,2,60,read_only,16384,24,0.708333,0.926760,0.708333,{"1":5249},0.708333,0.291667,0.000000,0.000000,0.708333,0.000000,0.000000
0.018274599,2,60,union,16384,24,0.708333,0.926760,0.708333,{"1":5249},0.708333,0.291667,0.000000,0.000000,0.708333,0.000000,0.000000
0.018274599,2,60,snapshot,16384,24,0.708333,0.926760,0.708333,{"1":5249},0.708333,0.291667,0.000000,0.000000,0.708333,0.000000,0.000000
0.018735771,2,61,read_only,64,256,1.000000,1.000000,1.000000,{"1":256},1.000000,0.000000,0.000000,0.000000,1.000000,0.000000,-1.000000
0.018735771,2,61,union,64,256,1.000000,1.000000,1.000000,{"1":256},1.000000,0.000000,0.000000,0.000000,1.000000,0.000000,-1.000000
0.018735771,2,61,snapshot,64,5505,1.000000,1.000000,1.000000,{"1":5505},1.000000,0.000000,0.000000,0.000000,1.000000,0.000000,-1.000000
0.018735771,2,61,read_only,256,64,1.000000,1.000000,1.000000,{"1":256},1.000000,0.000000,0.000000,0.000000,1.000000,0.000000,-1.000000
0.018735771,2,61,union,256,64,1.000000,1.000000,1.000000,{"1":256},1.000000,0.000000,0.000000,0.000000,1.000000,0.000000,-1.000000
0.018735771,2,61,snapshot,256,1377,1.000000,1.000000,1.000000,{"1":5505},1.000000,0.000000,0.000000,0.000000,1.000000,0.000000,-1.000000
0.018735771,2,61,read_only,1024,16,1.000000,1.000000,1.000000,{"1":256},1.000000,0.000000,0.000000,0.000000,1.000000,0.000000,-1.000000
0.018735771,2,61,union,1024,16,1.000000,1.000000,1.000000,{"1":256},1.000000,0.000000,0.000000,0.000000,1.000000,0.000000,-1.000000
0.018735771,2,61,snapshot,1024,345,1.000000,1.000000,1.000000,{"1":5505},1.000000,0.000000,0.000000,0.000000,1.000000,0.000000,-1.000000
0.018735771,2,61,read_only,4096,8,1.000000,1.000000,1.000000,{"1":256},1.000000,0.000000,0.000000,0.000000,1.000000,0.000000,-1.000000
0.018735771,2,61,union,4096,8,1.000000,1.000000,1.000000,{"1":256},1.000000,0.000000,0.000000,0.000000,1.000000,0.000000,-1.000000
0.018735771,2,61,snapshot,4096,87,1.000000,1.000000,1.000000,{"1":5505},1.000000,0.000000,0.000000,0.000000,1.000000,0.000000,-1.000000
0.018735771,2,61,read_only,16384,4,1.000000,1.000000,1.000000,{"1":256},1.000000,0.000000,0.000000,0.000000,1.000000,0.000000,-1.000000
0.018735771,2,61,union,16384,4,1.000000,1.000000,1.000000,{"1":256},1.000000,0.000000,0.000000,0.000000,1.000000,0.000000,-1.000000
0.018735771,2,61,snapshot,16384,24,0.708333,0.926867,0.708333,{"1":5505},0.708333,0.291667,0.000000,0.000000,0.708333,0.000000,0.000000
0.018973342,2,62,read_only,64,191,1.000000,1.000000,1.000000,{"1":191},1.000000,0.000000,0.000000,0.000000,1.000000,0.000000,-1.000000
0.018973342,2,62,union,64,191,1.000000,1.000000,1.000000,{"1":191},1.000000,0.000000,0.000000,0.000000,1.000000,0.000000,-1.000000
0.018973342,2,62,snapshot,64,5696,1.000000,1.000000,1.000000,{"1":5696},1.000000,0.000000,0.000000,0.000000,1.000000,0.000000,-1.000000
0.018973342,2,62,read_only,256,48,1.000000,1.000000,1.000000,{"1":191},1.000000,0.000000,0.000000,0.000000,1.000000,0.000000,-1.000000
0.018973342,2,62,union,256,48,1.000000,1.000000,1.000000,{"1":191},1.000000,0.000000,0.000000,0.000000,1.000000,0.000000,-1.000000
0.018973342,2,62,snapshot,256,1425,1.000000,1.000000,1.000000,{"1":5696},1.000000,0.000000,0.000000,0.000000,1.000000,0.000000,-1.000000
0.018973342,2,62,read_only,1024,12,1.000000,1.000000,1.000000,{"1":191},1.000000,0.000000,0.000000,0.000000,1.000000,0.000000,-1.000000
0.018973342,2,62,union,1024,12,1.000000,1.000000,1.000000,{"1":191},1.000000,0.000000,0.000000,0.000000,1.000000,0.000000,-1.000000
0.018973342,2,62,snapshot,1024,357,1.000000,1.000000,1.000000,{"1":5696},1.000000,0.000000,0.000000,0.000000,1.000000,0.000000,-1.000000
0.018973342,2,62,read_only,4096,3,1.000000,1.000000,1.000000,{"1":191},1.000000,0.000000,0.000000,0.000000,1.000000,0.000000,-1.000000
0.018973342,2,62,union,4096,3,1.000000,1.000000,1.000000,{"1":191},1.000000,0.000000,0.000000,0.000000,1.000000,0.000000,-1.000000
0.018973342,2,62,snapshot,4096,90,1.000000,1.000000,1.000000,{"1":5696},1.000000,0.000000,0.000000,0.000000,1.000000,0.000000,-1.000000
0.018973342,2,62,read_only,16384,2,1.000000,1.000000,1.000000,{"1":191},1.000000,0.000000,0.000000,0.000000,1.000000,0.000000,-1.000000
0.018973342,2,62,union,16384,2,1.000000,1.000000,1.000000,{"1":191},1.000000,0.000000,0.000000,0.000000,1.000000,0.000000,-1.000000
0.018973342,2,62,snapshot,16384,26,0.730769,0.932493,0.730769,{"1":5696},0.730769,0.269231,0.000000,0.000000,0.730769,0.000000,0.000000
0.019696314,2,63,snapshot,64,5696,1.000000,1.000000,1.000000,{"1":5696},1.000000,0.000000,0.000000,0.000000,1.000000,0.000000,-1.000000
0.019696314,2,63,snapshot,256,1425,1.000000,1.000000,1.000000,{"1":5696},1.000000,0.000000,0.000000,0.000000,1.000000,0.000000,-1.000000
0.019696314,2,63,snapshot,1024,357,1.000000,1.000000,1.000000,{"1":5696},1.000000,0.000000,0.000000,0.000000,1.000000,0.000000,-1.000000
0.019696314,2,63,snapshot,4096,90,1.000000,1.000000,1.000000,{"1":5696},1.000000,0.000000,0.000000,0.000000,1.000000,0.000000,-1.000000
0.019696314,2,63,snapshot,16384,26,0.730769,0.932493,0.730769,{"1":5696},0.730769,0.269231,0.000000,0.000000,0.730769,0.000000,0.000000
0.019930040,2,64,snapshot,64,5696,1.000000,1.000000,1.000000,{"1":5696},1.000000,0.000000,0.000000,0.000000,1.000000,0.000000,-1.000000
0.019930040,2,64,snapshot,256,1425,1.000000,1.000000,1.000000,{"1":5696},1.000000,0.000000,0.000000,0.000000,1.000000,0.000000,-1.000000
0.019930040,2,64,snapshot,1024,357,1.000000,1.000000,1.000000,{"1":5696},1.000000,0.000000,0.000000,0.000000,1.000000,0.000000,-1.000000
0.019930040,2,64,snapshot,4096,90,1.000000,1.000000,1.000000,{"1":5696},1.000000,0.000000,0.000000,0.000000,1.000000,0.000000,-1.000000
0.019930040,2,64,snapshot,16384,26,0.730769,0.932493,0.730769,{"1":5696},0.730769,0.269231,0.000000,0.000000,0.730769,0.000000,0.000000
0.020170586,2,65,snapshot,64,5696,1.000000,1.000000,1.000000,{"1":5696},1.000000,0.000000,0.000000,0.000000,1.000000,0.000000,-1.000000
0.020170586,2,65,snapshot,256,1425,1.000000,1.000000,1.000000,{"1":5696},1.000000,0.000000,0.000000,0.000000,1.000000,0.000000,-1.000000
0.020170586,2,65,snapshot,1024,357,1.000000,1.000000,1.000000,{"1":5696},1.000000,0.000000,0.000000,0.000000,1.000000,0.000000,-1.000000
0.020170586,2,65,snapshot,4096,90,1.000000,1.000000,1.000000,{"1":5696},1.000000,0.000000,0.000000,0.000000,1.000000,0.000000,-1.000000
0.020170586,2,65,snapshot,16384,26,0.730769,0.932493,0.730769,{"1":5696},0.730769,0.269231,0.000000,0.000000,0.730769,0.000000,0.000000
0.020418660,2,66,read_only,64,256,1.000000,1.000000,1.000000,{"1":256},1.000000,0.000000,0.000000,0.000000,1.000000,0.000000,-1.000000
0.020418660,2,66,union,64,256,1.000000,1.000000,1.000000,{"1":256},1.000000,0.000000,0.000000,0.000000,1.000000,0.000000,-1.000000
0.020418660,2,66,snapshot,64,5952,1.000000,1.000000,1.000000,{"1":5952},1.000000,0.000000,0.000000,0.000000,1.000000,0.000000,-1.000000
0.020418660,2,66,read_only,256,64,1.000000,1.000000,1.000000,{"1":256},1.000000,0.000000,0.000000,0.000000,1.000000,0.000000,-1.000000
0.020418660,2,66,union,256,64,1.000000,1.000000,1.000000,{"1":256},1.000000,0.000000,0.000000,0.000000,1.000000,0.000000,-1.000000
0.020418660,2,66,snapshot,256,1489,1.000000,1.000000,1.000000,{"1":5952},1.000000,0.000000,0.000000,0.000000,1.000000,0.000000,-1.000000
0.020418660,2,66,read_only,1024,16,1.000000,1.000000,1.000000,{"1":256},1.000000,0.000000,0.000000,0.000000,1.000000,0.000000,-1.000000
0.020418660,2,66,union,1024,16,1.000000,1.000000,1.000000,{"1":256},1.000000,0.000000,0.000000,0.000000,1.000000,0.000000,-1.000000
0.020418660,2,66,snapshot,1024,373,1.000000,1.000000,1.000000,{"1":5952},1.000000,0.000000,0.000000,0.000000,1.000000,0.000000,-1.000000
0.020418660,2,66,read_only,4096,4,1.000000,1.000000,1.000000,{"1":256},1.000000,0.000000,0.000000,0.000000,1.000000,0.000000,-1.000000
0.020418660,2,66,union,4096,4,1.000000,1.000000,1.000000,{"1":256},1.000000,0.000000,0.000000,0.000000,1.000000,0.000000,-1.000000
0.020418660,2,66,snapshot,4096,94,1.000000,1.000000,1.000000,{"1":5952},1.000000,0.000000,0.000000,0.000000,1.000000,0.000000,-1.000000
0.020418660,2,66,read_only,16384,1,0.000000,0.500000,0.000000,{"1":256},0.000000,1.000000,0.000000,0.000000,0.000000,0.000000,0.000000
0.020418660,2,66,union,16384,1,0.000000,0.500000,0.000000,{"1":256},0.000000,1.000000,0.000000,0.000000,0.000000,0.000000,0.000000
0.020418660,2,66,snapshot,16384,27,0.703704,0.916475,0.703704,{"1":5952},0.703704,0.296296,0.000000,0.000000,0.703704,0.000000,0.000000
0.020793138,2,67,read_only,64,768,1.000000,1.000000,1.000000,{"1":768},1.000000,0.000000,0.000000,0.000000,1.000000,0.000000,-1.000000
0.020793138,2,67,union,64,768,1.000000,1.000000,1.000000,{"1":768},1.000000,0.000000,0.000000,0.000000,1.000000,0.000000,-1.000000
0.020793138,2,67,snapshot,64,6720,1.000000,1.000000,1.000000,{"1":6720},1.000000,0.000000,0.000000,0.000000,1.000000,0.000000,-1.000000
0.020793138,2,67,read_only,256,192,1.000000,1.000000,1.000000,{"1":768},1.000000,0.000000,0.000000,0.000000,1.000000,0.000000,-1.000000
0.020793138,2,67,union,256,192,1.000000,1.000000,1.000000,{"1":768},1.000000,0.000000,0.000000,0.000000,1.000000,0.000000,-1.000000
0.020793138,2,67,snapshot,256,1681,1.000000,1.000000,1.000000,{"1":6720},1.000000,0.000000,0.000000,0.000000,1.000000,0.000000,-1.000000
0.020793138,2,67,read_only,1024,48,1.000000,1.000000,1.000000,{"1":768},1.000000,0.000000,0.000000,0.000000,1.000000,0.000000,-1.000000
0.020793138,2,67,union,1024,48,1.000000,1.000000,1.000000,{"1":768},1.000000,0.000000,0.000000,0.000000,1.000000,0.000000,-1.000000
0.020793138,2,67,snapshot,1024,421,1.000000,1.000000,1.000000,{"1":6720},1.000000,0.000000,0.000000,0.000000,1.000000,0.000000,-1.000000
0.020793138,2,67,read_only,4096,12,1.000000,1.000000,1.000000,{"1":768},1.000000,0.000000,0.000000,0.000000,1.000000,0.000000,-1.000000
0.020793138,2,67,union,4096,12,1.000000,1.000000,1.000000,{"1":768},1.000000,0.000000,0.000000,0.000000,1.000000,0.000000,-1.000000
0.020793138,2,67,snapshot,4096,106,1.000000,1.000000,1.000000,{"1":6720},1.000000,0.000000,0.000000,0.000000,1.000000,0.000000,-1.000000
0.020793138,2,67,read_only,16384,5,0.800000,0.900000,0.800000,{"1":768},0.800000,0.200000,0.000000,0.000000,0.800000,0.000000,0.000000
0.020793138,2,67,union,16384,5,0.800000,0.900000,0.800000,{"1":768},0.800000,0.200000,0.000000,0.000000,0.800000,0.000000,0.000000
0.020793138,2,67,snapshot,16384,32,0.718750,0.913901,0.718750,{"1":6720},0.718750,0.281250,0.000000,0.000000,0.718750,0.000000,0.000000
0.021121458,2,68,read_only,64,2112,1.000000,1.000000,1.000000,{"1":2112},1.000000,0.000000,0.000000,0.000000,1.000000,0.000000,-1.000000
0.021121458,2,68,union,64,2112,1.000000,1.000000,1.000000,{"1":2112},1.000000,0.000000,0.000000,0.000000,1.000000,0.000000,-1.000000
0.021121458,2,68,snapshot,64,8128,1.000000,1.000000,1.000000,{"1":8128},1.000000,0.000000,0.000000,0.000000,1.000000,0.000000,-1.000000
0.021121458,2,68,read_only,256,528,1.000000,1.000000,1.000000,{"1":2112},1.000000,0.000000,0.000000,0.000000,1.000000,0.000000,-1.000000
0.021121458,2,68,union,256,528,1.000000,1.000000,1.000000,{"1":2112},1.000000,0.000000,0.000000,0.000000,1.000000,0.000000,-1.000000
0.021121458,2,68,snapshot,256,2034,1.000000,1.000000,1.000000,{"1":8128},1.000000,0.000000,0.000000,0.000000,1.000000,0.000000,-1.000000
0.021121458,2,68,read_only,1024,132,1.000000,1.000000,1.000000,{"1":2112},1.000000,0.000000,0.000000,0.000000,1.000000,0.000000,-1.000000
0.021121458,2,68,union,1024,132,1.000000,1.000000,1.000000,{"1":2112},1.000000,0.000000,0.000000,0.000000,1.000000,0.000000,-1.000000
0.021121458,2,68,snapshot,1024,510,1.000000,1.000000,1.000000,{"1":8128},1.000000,0.000000,0.000000,0.000000,1.000000,0.000000,-1.000000
0.021121458,2,68,read_only,4096,33,1.000000,1.000000,1.000000,{"1":2112},1.000000,0.000000,0.000000,0.000000,1.000000,0.000000,-1.000000
0.021121458,2,68,union,4096,33,1.000000,1.000000,1.000000,{"1":2112},1.000000,0.000000,0.000000,0.000000,1.000000,0.000000,-1.000000
0.021121458,2,68,snapshot,4096,129,1.000000,1.000000,1.000000,{"1":8128},1.000000,0.000000,0.000000,0.000000,1.000000,0.000000,-1.000000
0.021121458,2,68,read_only,16384,10,0.900000,0.975000,0.900000,{"1":2112},0.900000,0.100000,0.000000,0.000000,0.900000,0.000000,0.000000
0.021121458,2,68,union,16384,10,0.900000,0.975000,0.900000,{"1":2112},0.900000,0.100000,0.000000,0.000000,0.900000,0.000000,0.000000
0.021121458,2,68,snapshot,16384,42,0.785714,0.940329,0.785714,{"1":8128},0.785714,0.214286,0.000000,0.000000,0.785714,0.000000,0.000000
0.021388526,2,69,read_only,64,1296,1.000000,1.000000,1.000000,{"1":1296},1.000000,0.000000,0.000000,0.000000,1.000000,0.000000,-1.000000
0.021388526,2,69,union,64,1296,1.000000,1.000000,1.000000,{"1":1296},1.000000,0.000000,0.000000,0.000000,1.000000,0.000000,-1.000000
0.021388526,2,69,snapshot,64,8192,1.000000,1.000000,1.000000,{"1":8192},1.000000,0.000000,0.000000,0.000000,1.000000,0.000000,-1.000000
0.021388526,2,69,read_only,256,325,1.000000,1.000000,1.000000,{"1":1296},1.000000,0.000000,0.000000,0.000000,1.000000,0.000000,-1.000000
0.021388526,2,69,union,256,325,1.000000,1.000000,1.000000,{"1":1296},1.000000,0.000000,0.000000,0.000000,1.000000,0.000000,-1.000000
0.021388526,2,69,snapshot,256,2057,1.000000,1.000000,1.000000,{"1":8192},1.000000,0.000000,0.000000,0.000000,1.000000,0.000000,-1.000000
0.021388526,2,69,read_only,1024,84,1.000000,1.000000,1.000000,{"1":1296},1.000000,0.000000,0.000000,0.000000,1.000000,0.000000,-1.000000
0.021388526,2,69,union,1024,84,1.000000,1.000000,1.000000,{"1":1296},1.000000,0.000000,0.000000,0.000000,1.000000,0.000000,-1.000000
0.021388526,2,69,snapshot,1024,522,1.000000,1.000000,1.000000,{"1":8192},1.000000,0.000000,0.000000,0.000000,1.000000,0.000000,-1.000000
0.021388526,2,69,read_only,4096,24,1.000000,1.000000,1.000000,{"1":1296},1.000000,0.000000,0.000000,0.000000,1.000000,0.000000,-1.000000
0.021388526,2,69,union,4096,24,1.000000,1.000000,1.000000,{"1":1296},1.000000,0.000000,0.000000,0.000000,1.000000,0.000000,-1.000000
0.021388526,2,69,snapshot,4096,138,1.000000,1.000000,1.000000,{"1":8192},1.000000,0.000000,0.000000,0.000000,1.000000,0.000000,-1.000000
0.021388526,2,69,read_only,16384,9,1.000000,1.000000,1.000000,{"1":1296},1.000000,0.000000,0.000000,0.000000,1.000000,0.000000,-1.000000
0.021388526,2,69,union,16384,9,1.000000,1.000000,1.000000,{"1":1296},1.000000,0.000000,0.000000,0.000000,1.000000,0.000000,-1.000000
0.021388526,2,69,snapshot,16384,45,0.800000,0.935896,0.800000,{"1":8192},0.800000,0.200000,0.000000,0.000000,0.800000,0.000000,0.000000
0.021821099,2,70,read_only,64,6512,1.000000,1.000000,1.000000,{"1":6512},1.000000,0.000000,0.000000,0.000000,1.000000,0.000000,-1.000000
0.021821099,2,70,union,64,6512,1.000000,1.000000,1.000000,{"1":6512},1.000000,0.000000,0.000000,0.000000,1.000000,0.000000,-1.000000
0.021821099,2,70,snapshot,64,3712,1.000000,1.000000,1.000000,{"1":3712},1.000000,0.000000,0.000000,0.000000,1.000000,0.000000,-1.000000
0.021821099,2,70,read_only,256,1629,1.000000,1.000000,1.000000,{"1":6512},1.000000,0.000000,0.000000,0.000000,1.000000,0.000000,-1.000000
0.021821099,2,70,union,256,1629,1.000000,1.000000,1.000000,{"1":6512},1.000000,0.000000,0.000000,0.000000,1.000000,0.000000,-1.000000
0.021821099,2,70,snapshot,256,928,1.000000,1.000000,1.000000,{"1":3712},1.000000,0.000000,0.000000,0.000000,1.000000,0.000000,-1.000000
0.021821099,2,70,read_only,1024,410,1.000000,1.000000,1.000000,{"1":6512},1.000000,0.000000,0.000000,0.000000,1.000000,0.000000,-1.000000
0.021821099,2,70,union,1024,410,1.000000,1.000000,1.000000,{"1":6512},1.000000,0.000000,0.000000,0.000000,1.000000,0.000000,-1.000000
0.021821099,2,70,snapshot,1024,232,1.000000,1.000000,1.000000,{"1":3712},1.000000,0.000000,0.000000,0.000000,1.000000,0.000000,-1.000000
0.021821099,2,70,read_only,4096,106,1.000000,1.000000,1.000000,{"1":6512},1.000000,0.000000,0.000000,0.000000,1.000000,0.000000,-1.000000
0.021821099,2,70,union,4096,106,1.000000,1.000000,1.000000,{"1":6512},1.000000,0.000000,0.000000,0.000000,1.000000,0.000000,-1.000000
0.021821099,2,70,snapshot,4096,58,1.000000,1.000000,1.000000,{"1":3712},1.000000,0.000000,0.000000,0.000000,1.000000,0.000000,-1.000000
0.021821099,2,70,read_only,16384,29,0.827586,0.956897,0.827586,{"1":6512},0.827586,0.172414,0.000000,0.000000,0.827586,0.000000,0.000000
0.021821099,2,70,union,16384,29,0.827586,0.956897,0.827586,{"1":6512},0.827586,0.172414,0.000000,0.000000,0.827586,0.000000,0.000000
0.021821099,2,70,snapshot,16384,16,0.812500,0.953125,0.812500,{"1":3712},0.812500,0.187500,0.000000,0.000000,0.812500,0.000000,0.000000
0.022072723,2,71,read_only,64,2288,1.000000,1.000000,1.000000,{"1":2288},1.000000,0.000000,0.000000,0.000000,1.000000,0.000000,-1.000000
0.022072723,2,71,union,64,2288,1.000000,1.000000,1.000000,{"1":2288},1.000000,0.000000,0.000000,0.000000,1.000000,0.000000,-1.000000
0.022072723,2,71,snapshot,64,6000,1.000000,1.000000,1.000000,{"1":6000},1.000000,0.000000,0.000000,0.000000,1.000000,0.000000,-1.000000
0.022072723,2,71,read_only,256,572,1.000000,1.000000,1.000000,{"1":2288},1.000000,0.000000,0.000000,0.000000,1.000000,0.000000,-1.000000
0.022072723,2,71,union,256,572,1.000000,1.000000,1.000000,{"1":2288},1.000000,0.000000,0.000000,0.000000,1.000000,0.000000,-1.000000
0.022072723,2,71,snapshot,256,1500,1.000000,1.000000,1.000000,{"1":6000},1.000000,0.000000,0.000000,0.000000,1.000000,0.000000,-1.000000
0.022072723,2,71,read_only,1024,145,1.000000,1.000000,1.000000,{"1":2288},1.000000,0.000000,0.000000,0.000000,1.000000,0.000000,-1.000000
0.022072723,2,71,union,1024,145,1.000000,1.000000,1.000000,{"1":2288},1.000000,0.000000,0.000000,0.000000,1.000000,0.000000,-1.000000
0.022072723,2,71,snapshot,1024,377,1.000000,1.000000,1.000000,{"1":6000},1.000000,0.000000,0.000000,0.000000,1.000000,0.000000,-1.000000
0.022072723,2,71,read_only,4096,39,1.000000,1.000000,1.000000,{"1":2288},1.000000,0.000000,0.000000,0.000000,1.000000,0.000000,-1.000000
0.022072723,2,71,union,4096,39,1.000000,1.000000,1.000000,{"1":2288},1.000000,0.000000,0.000000,0.000000,1.000000,0.000000,-1.000000
0.022072723,2,71,snapshot,4096,97,1.000000,1.000000,1.000000,{"1":6000},1.000000,0.000000,0.000000,0.000000,1.000000,0.000000,-1.000000
0.022072723,2,71,read_only,16384,13,0.923077,0.979021,0.923077,{"1":2288},0.923077,0.076923,0.000000,0.000000,0.923077,0.000000,0.000000
0.022072723,2,71,union,16384,13,0.923077,0.979021,0.923077,{"1":2288},0.923077,0.076923,0.000000,0.000000,0.923077,0.000000,0.000000
0.022072723,2,71,snapshot,16384,29,0.862069,0.964734,0.862069,{"1":6000},0.862069,0.137931,0.000000,0.000000,0.862069,0.000000,0.000000
0.022912124,2,72,read_only,64,10533,1.000000,1.000000,1.000000,{"1":9629,"2":904},0.914174,0.085826,0.000000,0.000000,0.914174,0.085826,1.000000
0.022912124,2,72,union,64,10533,1.000000,1.000000,1.000000,{"1":9629,"2":904},0.914174,0.085826,0.000000,0.000000,0.914174,0.085826,1.000000
0.022912124,2,72,snapshot,64,8192,1.000000,1.000000,1.000000,{"1":7288,"2":904},0.889648,0.110352,0.000000,0.000000,0.889648,0.110352,1.000000
0.022912124,2,72,read_only,256,2685,0.964618,0.988237,0.964618,{"1":9629,"2":904},0.884916,0.109870,0.005214,0.000000,0.884916,0.079702,0.692557
0.022912124,2,72,union,256,2685,0.964618,0.988237,0.964618,{"1":9629,"2":904},0.884916,0.109870,0.005214,0.000000,0.884916,0.079702,0.692557
0.022912124,2,72,snapshot,256,2159,0.955072,0.984947,0.955072,{"1":7288,"2":904},0.857341,0.136174,0.006484,0.000000,0.857341,0.097730,0.685065
0.022912124,2,72,read_only,1024,716,0.831006,0.949855,0.831006,{"1":9629,"2":904},0.782123,0.184358,0.033520,0.000000,0.782123,0.048883,0.224359
0.022912124,2,72,union,1024,716,0.831006,0.949855,0.831006,{"1":9629,"2":904},0.782123,0.184358,0.033520,0.000000,0.782123,0.048883,0.224359
0.022912124,2,72,snapshot,1024,617,0.802269,0.941007,0.802269,{"1":7288,"2":904},0.747164,0.213938,0.038898,0.000000,0.747164,0.055105,0.217949
0.022912124,2,72,read_only,4096,184,0.728261,0.848515,0.728261,{"1":9629,"2":904},0.728261,0.000000,0.271739,0.000000,0.728261,0.000000,0.000000
0.022912124,2,72,union,4096,184,0.728261,0.848515,0.728261,{"1":9629,"2":904},0.728261,0.000000,0.271739,0.000000,0.728261,0.000000,0.000000
0.022912124,2,72,snapshot,4096,164,0.695122,0.830122,0.695122,{"1":7288,"2":904},0.695122,0.000000,0.304878,0.000000,0.695122,0.000000,0.000000
0.022912124,2,72,read_only,16384,54,0.666667,0.824676,0.666667,{"1":9629,"2":904},0.666667,0.074074,0.259259,0.000000,0.666667,0.000000,0.000000
0.022912124,2,72,union,16384,54,0.666667,0.824676,0.666667,{"1":9629,"2":904},0.666667,0.074074,0.259259,0.000000,0.666667,0.000000,0.000000
0.022912124,2,72,snapshot,16384,49,0.653061,0.805874,0.653061,{"1":7288,"2":904},0.653061,0.061224,0.285714,0.000000,0.653061,0.000000,0.000000
0.023362431,2,73,read_only,64,2800,1.000000,1.000000,1.000000,{"1":1914,"2":886},0.683571,0.316429,0.000000,0.000000,0.683571,0.316429,1.000000
0.023362431,2,73,union,64,2800,1.000000,1.000000,1.000000,{"1":1914,"2":886},0.683571,0.316429,0.000000,0.000000,0.683571,0.316429,1.000000
0.023362431,2,73,snapshot,64,8192,1.000000,1.000000,1.000000,{"1":6470,"2":1722},0.789795,0.210205,0.000000,0.000000,0.789795,0.210205,1.000000
0.023362431,2,73,read_only,256,700,0.977143,0.992857,0.977143,{"1":1914,"2":886},0.668571,0.331429,0.000000,0.000000,0.668571,0.308571,0.931034
0.023362431,2,73,union,256,700,0.977143,0.992857,0.977143,{"1":1914,"2":886},0.668571,0.331429,0.000000,0.000000,0.668571,0.308571,0.931034
0.023362431,2,73,snapshot,256,2180,0.955963,0.985703,0.955963,{"1":6470,"2":1722},0.762385,0.232569,0.005046,0.000000,0.762385,0.193578,0.814672
0.023362431,2,73,read_only,1024,175,0.965714,0.992857,0.965714,{"1":1914,"2":886},0.662857,0.337143,0.000000,0.000000,0.662857,0.302857,0.898305
0.023362431,2,73,union,1024,175,0.965714,0.992857,0.965714,{"1":1914,"2":886},0.662857,0.337143,0.000000,0.000000,0.662857,0.302857,0.898305
0.023362431,2,73,snapshot,1024,630,0.811111,0.947310,0.811111,{"1":6470,"2":1722},0.669841,0.300000,0.030159,0.000000,0.669841,0.141270,0.427885
0.023362431,2,73,read_only,4096,44,0.954545,0.992898,0.954545,{"1":1914,"2":886},0.659091,0.340909,0.000000,0.000000,0.659091,0.295455,0.866667
0.023362431,2,73,union,4096,44,0.954545,0.992898,0.954545,{"1":1914,"2":886},0.659091,0.340909,0.000000,0.000000,0.659091,0.295455,0.866667
0.023362431,2,73,snapshot,4096,170,0.694118,0.842494,0.694118,{"1":6470,"2":1722},0.617647,0.111765,0.270588,0.000000,0.617647,0.076471,0.200000
0.023362431,2,73,read_only,16384,12,0.833333,0.939453,0.833333,{"1":1914,"2":886},0.583333,0.416667,0.000000,0.000000,0.583333,0.250000,0.600000
0.023362431,2,73,union,16384,12,0.833333,0.939453,0.833333,{"1":1914,"2":886},0.583333,0.416667,0.000000,0.000000,0.583333,0.250000,0.600000
0.023362431,2,73,snapshot,16384,49,0.632653,0.821215,0.632653,{"1":6470,"2":1722},0.571429,0.142857,0.285714,0.000000,0.571429,0.061224,0.142857
0.023733428,2,74,read_only,64,1296,1.000000,1.000000,1.000000,{"1":393,"2":903},0.303241,0.696759,0.000000,0.000000,0.303241,0.696759,1.000000
0.023733428,2,74,union,64,1296,1.000000,1.000000,1.000000,{"1":393,"2":903},0.303241,0.696759,0.000000,0.000000,0.303241,0.696759,1.000000
0.023733428,2,74,snapshot,64,8192,1.000000,1.000000,1.000000,{"1":5696,"2":2496},0.695312,0.304688,0.000000,0.000000,0.695312,0.304688,1.000000
0.023733428,2,74,read_only,256,324,0.888889,0.959105,0.888889,{"1":393,"2":903},0.246914,0.753086,0.000000,0.000000,0.246914,0.641975,0.852459
0.023733428,2,74,union,256,324,0.888889,0.959105,0.888889,{"1":393,"2":903},0.246914,0.753086,0.000000,0.000000,0.246914,0.641975,0.852459
0.023733428,2,74,snapshot,256,2189,0.947921,0.982374,0.947921,{"1":5696,"2":2496},0.670626,0.325263,0.004111,0.000000,0.670626,0.277296,0.841886
0.023733428,2,74,read_only,1024,81,0.802469,0.957562,0.802469,{"1":393,"2":903},0.197531,0.802469,0.000000,0.000000,0.197531,0.604938,0.753846
0.023733428,2,74,union,1024,81,0.802469,0.957562,0.802469,{"1":393,"2":903},0.197531,0.802469,0.000000,0.000000,0.197531,0.604938,0.753846
0.023733428,2,74,snapshot,1024,631,0.816165,0.949829,0.816165,{"1":5696,"2":2496},0.595880,0.381933,0.022187,0.000000,0.595880,0.220285,0.545098
0.023733428,2,74,read_only,4096,21,0.809524,0.959077,0.809524,{"1":393,"2":903},0.190476,0.809524,0.000000,0.000000,0.190476,0.619048,0.764706
0.023733428,2,74,union,4096,21,0.809524,0.959077,0.809524,{"1":393,"2":903},0.190476,0.809524,0.000000,0.000000,0.190476,0.619048,0.764706
0.023733428,2,74,snapshot,4096,174,0.678161,0.854337,0.678161,{"1":5696,"2":2496},0.534483,0.252874,0.212644,0.000000,0.534483,0.143678,0.308642
0.023733428,2,74,read_only,16384,6,0.500000,0.830579,0.500000,{"1":393,"2":903},0.166667,0.833333,0.000000,0.000000,0.166667,0.333333,0.400000
0.023733428,2,74,union,16384,6,0.500000,0.830579,0.500000,{"1":393,"2":903},0.166667,0.833333,0.000000,0.000000,0.166667,0.333333,0.400000
0.023733428,2,74,snapshot,16384,53,0.622642,0.835532,0.622642,{"1":5696,"2":2496},0.547170,0.207547,0.245283,0.000000,0.547170,0.075472,0.166667
0.024580200,2,75,snapshot,64,8192,1.000000,1.000000,1.000000,{"1":5696,"2":2496},0.695312,0.304688,0.000000,0.000000,0.695312,0.304688,1.000000
0.024580200,2,75,snapshot,256,2189,0.947921,0.982374,0.947921,{"1":5696,"2":2496},0.670626,0.325263,0.004111,0.000000,0.670626,0.277296,0.841886
0.024580200,2,75,snapshot,1024,631,0.816165,0.949829,0.816165,{"1":5696,"2":2496},0.595880,0.381933,0.022187,0.000000,0.595880,0.220285,0.545098
0.024580200,2,75,snapshot,4096,174,0.678161,0.854337,0.678161,{"1":5696,"2":2496},0.534483,0.252874,0.212644,0.000000,0.534483,0.143678,0.308642
0.024580200,2,75,snapshot,16384,53,0.622642,0.835532,0.622642,{"1":5696,"2":2496},0.547170,0.207547,0.245283,0.000000,0.547170,0.075472,0.166667
0.024813435,2,76,snapshot,64,8192,1.000000,1.000000,1.000000,{"1":5696,"2":2496},0.695312,0.304688,0.000000,0.000000,0.695312,0.304688,1.000000
0.024813435,2,76,snapshot,256,2189,0.947921,0.982374,0.947921,{"1":5696,"2":2496},0.670626,0.325263,0.004111,0.000000,0.670626,0.277296,0.841886
0.024813435,2,76,snapshot,1024,631,0.816165,0.949829,0.816165,{"1":5696,"2":2496},0.595880,0.381933,0.022187,0.000000,0.595880,0.220285,0.545098
0.024813435,2,76,snapshot,4096,174,0.678161,0.854337,0.678161,{"1":5696,"2":2496},0.534483,0.252874,0.212644,0.000000,0.534483,0.143678,0.308642
0.024813435,2,76,snapshot,16384,53,0.622642,0.835532,0.622642,{"1":5696,"2":2496},0.547170,0.207547,0.245283,0.000000,0.547170,0.075472,0.166667
0.025049009,2,77,read_only,64,272,1.000000,1.000000,1.000000,{"1":272},1.000000,0.000000,0.000000,0.000000,1.000000,0.000000,-1.000000
0.025049009,2,77,union,64,272,1.000000,1.000000,1.000000,{"1":272},1.000000,0.000000,0.000000,0.000000,1.000000,0.000000,-1.000000
0.025049009,2,77,snapshot,64,8192,1.000000,1.000000,1.000000,{"0":48,"1":5668,"2":2476},0.691895,0.302246,0.000000,0.000000,0.691895,0.302246,1.000000
0.025049009,2,77,read_only,256,90,1.000000,1.000000,1.000000,{"1":272},1.000000,0.000000,0.000000,0.000000,1.000000,0.000000,-1.000000
0.025049009,2,77,union,256,90,1.000000,1.000000,1.000000,{"1":272},1.000000,0.000000,0.000000,0.000000,1.000000,0.000000,-1.000000
0.025049009,2,77,snapshot,256,2234,0.947628,0.981983,0.947628,{"0":48,"1":5668,"2":2476},0.673232,0.315130,0.003581,0.000000,0.669203,0.270367,0.848315
0.025049009,2,77,read_only,1024,31,1.000000,1.000000,1.000000,{"1":272},1.000000,0.000000,0.000000,0.000000,1.000000,0.000000,-1.000000
0.025049009,2,77,union,1024,31,1.000000,1.000000,1.000000,{"1":272},1.000000,0.000000,0.000000,0.000000,1.000000,0.000000,-1.000000
0.025049009,2,77,snapshot,1024,652,0.820552,0.951865,0.820552,{"0":48,"1":5668,"2":2476},0.611963,0.361963,0.018405,0.000000,0.599693,0.213190,0.560484
0.025049009,2,77,read_only,4096,11,1.000000,1.000000,1.000000,{"1":272},1.000000,0.000000,0.000000,0.000000,1.000000,0.000000,-1.000000
0.025049009,2,77,union,4096,11,1.000000,1.000000,1.000000,{"1":272},1.000000,0.000000,0.000000,0.000000,1.000000,0.000000,-1.000000
0.025049009,2,77,snapshot,4096,182,0.664835,0.857543,0.664835,{"0":48,"1":5668,"2":2476},0.554945,0.280220,0.164835,0.000000,0.527473,0.137363,0.308642
0.025049009,2,77,read_only,16384,7,1.000000,1.000000,1.000000,{"1":272},1.000000,0.000000,0.000000,0.000000,1.000000,0.000000,-1.000000
0.025049009,2,77,union,16384,7,1.000000,1.000000,1.000000,{"1":272},1.000000,0.000000,0.000000,0.000000,1.000000,0.000000,-1.000000
0.025049009,2,77,snapshot,16384,58,0.568966,0.834058,0.568966,{"0":48,"1":5668,"2":2476},0.586207,0.241379,0.172414,0.000000,0.500000,0.068966,0.166667
0.025326636,2,78,read_only,64,5701,1.000000,1.000000,1.000000,{"1":5701},1.000000,0.000000,0.000000,0.000000,1.000000,0.000000,-1.000000
0.025326636,2,78,union,64,5701,1.000000,1.000000,1.000000,{"1":5701},1.000000,0.000000,0.000000,0.000000,1.000000,0.000000,-1.000000
0.025326636,2,78,snapshot,64,8192,1.000000,1.000000,1.000000,{"1":6772,"2":1420},0.826660,0.173340,0.000000,0.000000,0.826660,0.173340,1.000000
0.025326636,2,78,read_only,256,1658,1.000000,1.000000,1.000000,{"1":5701},1.000000,0.000000,0.000000,0.000000,1.000000,0.000000,-1.000000
0.025326636,2,78,union,256,1658,1.000000,1.000000,1.000000,{"1":5701},1.000000,0.000000,0.000000,0.000000,1.000000,0.000000,-1.000000
0.025326636,2,78,snapshot,256,2456,0.987378,0.995352,0.987378,{"1":6772,"2":1420},0.825733,0.174267,0.000000,0.000000,0.825733,0.161645,0.927570
0.025326636,2,78,read_only,1024,474,1.000000,1.000000,1.000000,{"1":5701},1.000000,0.000000,0.000000,0.000000,1.000000,0.000000,-1.000000
0.025326636,2,78,union,1024,474,1.000000,1.000000,1.000000,{"1":5701},1.000000,0.000000,0.000000,0.000000,1.000000,0.000000,-1.000000
0.025326636,2,78,snapshot,1024,726,0.980716,0.995143,0.980716,{"1":6772,"2":1420},0.829201,0.170799,0.000000,0.000000,0.829201,0.151515,0.887097
0.025326636,2,78,read_only,4096,132,1.000000,1.000000,1.000000,{"1":5701},1.000000,0.000000,0.000000,0.000000,1.000000,0.000000,-1.000000
0.025326636,2,78,union,4096,132,1.000000,1.000000,1.000000,{"1":5701},1.000000,0.000000,0.000000,0.000000,1.000000,0.000000,-1.000000
0.025326636,2,78,snapshot,4096,207,0.971014,0.992440,0.971014,{"1":6772,"2":1420},0.816425,0.183575,0.000000,0.000000,0.816425,0.154589,0.842105
0.025326636,2,78,read_only,16384,35,1.000000,1.000000,1.000000,{"1":5701},1.000000,0.000000,0.000000,0.000000,1.000000,0.000000,-1.000000
0.025326636,2,78,union,16384,35,1.000000,1.000000,1.000000,{"1":5701},1.000000,0.000000,0.000000,0.000000,1.000000,0.000000,-1.000000
0.025326636,2,78,snapshot,16384,61,0.901639,0.974777,0.901639,{"1":6772,"2":1420},0.770492,0.229508,0.000000,0.000000,0.770492,0.131148,0.571429
0.025585780,2,79,snapshot,64,8192,1.000000,1.000000,1.000000,{"1":6772,"2":1420},0.826660,0.173340,0.000000,0.000000,0.826660,0.173340,1.000000
0.025585780,2,79,snapshot,256,2456,0.987378,0.995352,0.987378,{"1":6772,"2":1420},0.825733,0.174267,0.000000,0.000000,0.825733,0.161645,0.927570
0.025585780,2,79,snapshot,1024,726,0.980716,0.995143,0.980716,{"1":6772,"2":1420},0.829201,0.170799,0.000000,0.000000,0.829201,0.151515,0.887097
0.025585780,2,79,snapshot,4096,207,0.971014,0.992440,0.971014,{"1":6772,"2":1420},0.816425,0.183575,0.000000,0.000000,0.816425,0.154589,0.842105
0.025585780,2,79,snapshot,16384,61,0.901639,0.974777,0.901639,{"1":6772,"2":1420},0.770492,0.229508,0.000000,0.000000,0.770492,0.131148,0.571429
0.025904525,2,80,read_only,64,4880,1.000000,1.000000,1.000000,{"1":4880},1.000000,0.000000,0.000000,0.000000,1.000000,0.000000,-1.000000
0.025904525,2,80,union,64,4880,1.000000,1.000000,1.000000,{"1":4880},1.000000,0.000000,0.000000,0.000000,1.000000,0.000000,-1.000000
0.025904525,2,80,snapshot,64,8192,1.000000,1.000000,1.000000,{"1":8172,"2":20},0.997559,0.002441,0.000000,0.000000,0.997559,0.002441,1.000000
0.025904525,2,80,read_only,256,1403,1.000000,1.000000,1.000000,{"1":4880},1.000000,0.000000,0.000000,0.000000,1.000000,0.000000,-1.000000
0.025904525,2,80,union,256,1403,1.000000,1.000000,1.000000,{"1":4880},1.000000,0.000000,0.000000,0.000000,1.000000,0.000000,-1.000000
0.025904525,2,80,snapshot,256,2314,1.000000,1.000000,1.000000,{"1":8172,"2":20},0.995246,0.004754,0.000000,0.000000,0.995246,0.004754,1.000000
0.025904525,2,80,read_only,1024,547,1.000000,1.000000,1.000000,{"1":4880},1.000000,0.000000,0.000000,0.000000,1.000000,0.000000,-1.000000
0.025904525,2,80,union,1024,547,1.000000,1.000000,1.000000,{"1":4880},1.000000,0.000000,0.000000,0.000000,1.000000,0.000000,-1.000000
0.025904525,2,80,snapshot,1024,772,1.000000,1.000000,1.000000,{"1":8172,"2":20},0.988342,0.011658,0.000000,0.000000,0.988342,0.011658,1.000000
0.025904525,2,80,read_only,4096,177,1.000000,1.000000,1.000000,{"1":4880},1.000000,0.000000,0.000000,0.000000,1.000000,0.000000,-1.000000
0.025904525,2,80,union,4096,177,1.000000,1.000000,1.000000,{"1":4880},1.000000,0.000000,0.000000,0.000000,1.000000,0.000000,-1.000000
0.025904525,2,80,snapshot,4096,219,1.000000,1.000000,1.000000,{"1":8172,"2":20},0.972603,0.027397,0.000000,0.000000,0.972603,0.027397,1.000000
0.025904525,2,80,read_only,16384,53,1.000000,1.000000,1.000000,{"1":4880},1.000000,0.000000,0.000000,0.000000,1.000000,0.000000,-1.000000
0.025904525,2,80,union,16384,53,1.000000,1.000000,1.000000,{"1":4880},1.000000,0.000000,0.000000,0.000000,1.000000,0.000000,-1.000000
0.025904525,2,80,snapshot,16384,61,0.983607,0.993852,0.983607,{"1":8172,"2":20},0.934426,0.065574,0.000000,0.000000,0.934426,0.049180,0.750000
0.026208600,2,81,read_only,64,9931,1.000000,1.000000,1.000000,{"1":9917,"2":14},0.998590,0.001410,0.000000,0.000000,0.998590,0.001410,1.000000
0.026208600,2,81,union,64,9931,1.000000,1.000000,1.000000,{"1":9917,"2":14},0.998590,0.001410,0.000000,0.000000,0.998590,0.001410,1.000000
0.026208600,2,81,snapshot,64,8192,1.000000,1.000000,1.000000,{"1":8178,"2":14},0.998291,0.001709,0.000000,0.000000,0.998291,0.001709,1.000000
0.026208600,2,81,read_only,256,2657,0.999624,0.999812,0.999624,{"1":9917,"2":14},0.998495,0.001505,0.000000,0.000000,0.998495,0.001129,0.750000
0.026208600,2,81,union,256,2657,0.999624,0.999812,0.999624,{"1":9917,"2":14},0.998495,0.001505,0.000000,0.000000,0.998495,0.001129,0.750000
0.026208600,2,81,snapshot,256,2357,0.999576,0.999788,0.999576,{"1":8178,"2":14},0.998303,0.001697,0.000000,0.000000,0.998303,0.001273,0.750000
0.026208600,2,81,read_only,1024,845,0.998817,0.999852,0.998817,{"1":9917,"2":14},0.998817,0.001183,0.000000,0.000000,0.998817,0.000000,0.000000
0.026208600,2,81,union,1024,845,0.998817,0.999852,0.998817,{"1":9917,"2":14},0.998817,0.001183,0.000000,0.000000,0.998817,0.000000,0.000000
0.026208600,2,81,snapshot,1024,783,0.998723,0.999840,0.998723,{"1":8178,"2":14},0.998723,0.001277,0.000000,0.000000,0.998723,0.000000,0.000000
0.026208600,2,81,read_only,4096,236,0.995763,0.999470,0.995763,{"1":9917,"2":14},0.995763,0.004237,0.000000,0.000000,0.995763,0.000000,0.000000
0.026208600,2,81,union,4096,236,0.995763,0.999470,0.995763,{"1":9917,"2":14},0.995763,0.004237,0.000000,0.000000,0.995763,0.000000,0.000000
0.026208600,2,81,snapshot,4096,226,0.995575,0.999447,0.995575,{"1":8178,"2":14},0.995575,0.004425,0.000000,0.000000,0.995575,0.000000,0.000000
0.026208600,2,81,read_only,16384,69,0.956522,0.988223,0.956522,{"1":9917,"2":14},0.956522,0.043478,0.000000,0.000000,0.956522,0.000000,0.000000
0.026208600,2,81,union,16384,69,0.956522,0.988223,0.956522,{"1":9917,"2":14},0.956522,0.043478,0.000000,0.000000,0.956522,0.000000,0.000000
0.026208600,2,81,snapshot,16384,68,0.955882,0.987292,0.955882,{"1":8178,"2":14},0.955882,0.044118,0.000000,0.000000,0.955882,0.000000,0.000000
0.026457589,2,82,read_only,64,189,1.000000,1.000000,1.000000,{"1":189},1.000000,0.000000,0.000000,0.000000,1.000000,0.000000,-1.000000
0.026457589,2,82,union,64,189,1.000000,1.000000,1.000000,{"1":189},1.000000,0.000000,0.000000,0.000000,1.000000,0.000000,-1.000000
0.026457589,2,82,snapshot,64,8192,1.000000,1.000000,1.000000,{"1":8178,"2":14},0.998291,0.001709,0.000000,0.000000,0.998291,0.001709,1.000000
0.026457589,2,82,read_only,256,48,1.000000,1.000000,1.000000,{"1":189},1.000000,0.000000,0.000000,0.000000,1.000000,0.000000,-1.000000
0.026457589,2,82,union,256,48,1.000000,1.000000,1.000000,{"1":189},1.000000,0.000000,0.000000,0.000000,1.000000,0.000000,-1.000000
0.026457589,2,82,snapshot,256,2360,0.999576,0.999788,0.999576,{"1":8178,"2":14},0.998305,0.001695,0.000000,0.000000,0.998305,0.001271,0.750000
0.026457589,2,82,read_only,1024,12,1.000000,1.000000,1.000000,{"1":189},1.000000,0.000000,0.000000,0.000000,1.000000,0.000000,-1.000000
0.026457589,2,82,union,1024,12,1.000000,1.000000,1.000000,{"1":189},1.000000,0.000000,0.000000,0.000000,1.000000,0.000000,-1.000000
0.026457589,2,82,snapshot,1024,781,0.998720,0.999840,0.998720,{"1":8178,"2":14},0.998720,0.001280,0.000000,0.000000,0.998720,0.000000,0.000000
0.026457589,2,82,read_only,4096,3,1.000000,1.000000,1.000000,{"1":189},1.000000,0.000000,0.000000,0.000000,1.000000,0.000000,-1.000000
0.026457589,2,82,union,4096,3,1.000000,1.000000,1.000000,{"1":189},1.000000,0.000000,0.000000,0.000000,1.000000,0.000000,-1.000000
0.026457589,2,82,snapshot,4096,227,0.995595,0.999449,0.995595,{"1":8178,"2":14},0.995595,0.004405,0.000000,0.000000,0.995595,0.000000,0.000000
0.026457589,2,82,read_only,16384,2,0.500000,0.753968,0.500000,{"1":189},0.500000,0.500000,0.000000,0.000000,0.500000,0.000000,0.000000
0.026457589,2,82,union,16384,2,0.500000,0.753968,0.500000,{"1":189},0.500000,0.500000,0.000000,0.000000,0.500000,0.000000,0.000000
0.026457589,2,82,snapshot,16384,69,0.942029,0.980517,0.942029,{"1":8178,"2":14},0.942029,0.057971,0.000000,0.000000,0.942029,0.000000,0.000000
0.026691557,2,83,snapshot,64,8192,1.000000,1.000000,1.000000,{"1":8178,"2":14},0.998291,0.001709,0.000000,0.000000,0.998291,0.001709,1.000000
0.026691557,2,83,snapshot,256,2360,0.999576,0.999788,0.999576,{"1":8178,"2":14},0.998305,0.001695,0.000000,0.000000,0.998305,0.001271,0.750000
0.026691557,2,83,snapshot,1024,781,0.998720,0.999840,0.998720,{"1":8178,"2":14},0.998720,0.001280,0.000000,0.000000,0.998720,0.000000,0.000000
0.026691557,2,83,snapshot,4096,227,0.995595,0.999449,0.995595,{"1":8178,"2":14},0.995595,0.004405,0.000000,0.000000,0.995595,0.000000,0.000000
0.026691557,2,83,snapshot,16384,69,0.942029,0.980517,0.942029,{"1":8178,"2":14},0.942029,0.057971,0.000000,0.000000,0.942029,0.000000,0.000000
0.026943839,2,84,read_only,64,1095,1.000000,1.000000,1.000000,{"1":1095},1.000000,0.000000,0.000000,0.000000,1.000000,0.000000,-1.000000
0.026943839,2,84,union,64,1095,1.000000,1.000000,1.000000,{"1":1095},1.000000,0.000000,0.000000,0.000000,1.000000,0.000000,-1.000000
0.026943839,2,84,snapshot,64,8192,1.000000,1.000000,1.000000,{"1":8178,"2":14},0.998291,0.001709,0.000000,0.000000,0.998291,0.001709,1.000000
0.026943839,2,84,read_only,256,274,1.000000,1.000000,1.000000,{"1":1095},1.000000,0.000000,0.000000,0.000000,1.000000,0.000000,-1.000000
0.026943839,2,84,union,256,274,1.000000,1.000000,1.000000,{"1":1095},1.000000,0.000000,0.000000,0.000000,1.000000,0.000000,-1.000000
0.026943839,2,84,snapshot,256,2374,0.999579,0.999789,0.999579,{"1":8178,"2":14},0.998315,0.001685,0.000000,0.000000,0.998315,0.001264,0.750000
0.026943839,2,84,read_only,1024,69,1.000000,1.000000,1.000000,{"1":1095},1.000000,0.000000,0.000000,0.000000,1.000000,0.000000,-1.000000
0.026943839,2,84,union,1024,69,1.000000,1.000000,1.000000,{"1":1095},1.000000,0.000000,0.000000,0.000000,1.000000,0.000000,-1.000000
0.026943839,2,84,snapshot,1024,799,0.998748,0.999844,0.998748,{"1":8178,"2":14},0.998748,0.001252,0.000000,0.000000,0.998748,0.000000,0.000000
0.026943839,2,84,read_only,4096,18,1.000000,1.000000,1.000000,{"1":1095},1.000000,0.000000,0.000000,0.000000,1.000000,0.000000,-1.000000
0.026943839,2,84,union,4096,18,1.000000,1.000000,1.000000,{"1":1095},1.000000,0.000000,0.000000,0.000000,1.000000,0.000000,-1.000000
0.026943839,2,84,snapshot,4096,238,0.995798,0.999475,0.995798,{"1":8178,"2":14},0.995798,0.004202,0.000000,0.000000,0.995798,0.000000,0.000000
0.026943839,2,84,read_only,16384,5,0.600000,0.828643,0.600000,{"1":1095},0.600000,0.400000,0.000000,0.000000,0.600000,0.000000,0.000000
0.026943839,2,84,union,16384,5,0.600000,0.828643,0.600000,{"1":1095},0.600000,0.400000,0.000000,0.000000,0.600000,0.000000,0.000000
0.026943839,2,84,snapshot,16384,72,0.916667,0.969358,0.916667,{"1":8178,"2":14},0.916667,0.083333,0.000000,0.000000,0.916667,0.000000,0.000000
0.027176896,2,85,read_only,64,272,1.000000,1.000000,1.000000,{"1":272},1.000000,0.000000,0.000000,0.000000,1.000000,0.000000,-1.000000
0.027176896,2,85,union,64,272,1.000000,1.000000,1.000000,{"1":272},1.000000,0.000000,0.000000,0.000000,1.000000,0.000000,-1.000000
0.027176896,2,85,snapshot,64,8192,1.000000,1.000000,1.000000,{"0":1,"1":8177,"2":14},0.998169,0.001709,0.000000,0.000000,0.998169,0.001709,1.000000
0.027176896,2,85,read_only,256,89,1.000000,1.000000,1.000000,{"1":272},1.000000,0.000000,0.000000,0.000000,1.000000,0.000000,-1.000000
0.027176896,2,85,union,256,89,1.000000,1.000000,1.000000,{"1":272},1.000000,0.000000,0.000000,0.000000,1.000000,0.000000,-1.000000
0.027176896,2,85,snapshot,256,2396,0.999165,0.999583,0.999165,{"0":1,"1":8177,"2":14},0.998331,0.001669,0.000000,0.000000,0.997913,0.001252,0.750000
0.027176896,2,85,read_only,1024,24,1.000000,1.000000,1.000000,{"1":272},1.000000,0.000000,0.000000,0.000000,1.000000,0.000000,-1.000000
0.027176896,2,85,union,1024,24,1.000000,1.000000,1.000000,{"1":272},1.000000,0.000000,0.000000,0.000000,1.000000,0.000000,-1.000000
0.027176896,2,85,snapshot,1024,809,0.997528,0.999598,0.997528,{"0":1,"1":8177,"2":14},0.998764,0.001236,0.000000,0.000000,0.997528,0.000000,0.000000
0.027176896,2,85,read_only,4096,6,1.000000,1.000000,1.000000,{"1":272},1.000000,0.000000,0.000000,0.000000,1.000000,0.000000,-1.000000
0.027176896,2,85,union,4096,6,1.000000,1.000000,1.000000,{"1":272},1.000000,0.000000,0.000000,0.000000,1.000000,0.000000,-1.000000
0.027176896,2,85,snapshot,4096,239,0.991632,0.999342,0.991632,{"0":1,"1":8177,"2":14},0.995816,0.004184,0.000000,0.000000,0.991632,0.000000,0.000000
0.027176896,2,85,read_only,16384,2,1.000000,1.000000,1.000000,{"1":272},1.000000,0.000000,0.000000,0.000000,1.000000,0.000000,-1.000000
0.027176896,2,85,union,16384,2,1.000000,1.000000,1.000000,{"1":272},1.000000,0.000000,0.000000,0.000000,1.000000,0.000000,-1.000000
0.027176896,2,85,snapshot,16384,73,0.904110,0.968763,0.904110,{"0":1,"1":8177,"2":14},0.917808,0.082192,0.000000,0.000000,0.904110,0.000000,0.000000
0.027412687,2,86,read_only,64,104,1.000000,1.000000,1.000000,{"1":104},1.000000,0.000000,0.000000,0.000000,1.000000,0.000000,-1.000000
0.027412687,2,86,union,64,104,1.000000,1.000000,1.000000,{"1":104},1.000000,0.000000,0.000000,0.000000,1.000000,0.000000,-1.000000
0.027412687,2,86,snapshot,64,8192,1.000000,1.000000,1.000000,{"1":8178,"2":14},0.998291,0.001709,0.000000,0.000000,0.998291,0.001709,1.000000
0.027412687,2,86,read_only,256,49,1.000000,1.000000,1.000000,{"1":104},1.000000,0.000000,0.000000,0.000000,1.000000,0.000000,-1.000000
0.027412687,2,86,union,256,49,1.000000,1.000000,1.000000,{"1":104},1.000000,0.000000,0.000000,0.000000,1.000000,0.000000,-1.000000
0.027412687,2,86,snapshot,256,2374,0.999579,0.999789,0.999579,{"1":8178,"2":14},0.998315,0.001685,0.000000,0.000000,0.998315,0.001264,0.750000
0.027412687,2,86,read_only,1024,18,1.000000,1.000000,1.000000,{"1":104},1.000000,0.000000,0.000000,0.000000,1.000000,0.000000,-1.000000
0.027412687,2,86,union,1024,18,1.000000,1.000000,1.000000,{"1":104},1.000000,0.000000,0.000000,0.000000,1.000000,0.000000,-1.000000
0.027412687,2,86,snapshot,1024,804,0.998756,0.999845,0.998756,{"1":8178,"2":14},0.998756,0.001244,0.000000,0.000000,0.998756,0.000000,0.000000
0.027412687,2,86,read_only,4096,5,1.000000,1.000000,1.000000,{"1":104},1.000000,0.000000,0.000000,0.000000,1.000000,0.000000,-1.000000
0.027412687,2,86,union,4096,5,1.000000,1.000000,1.000000,{"1":104},1.000000,0.000000,0.000000,0.000000,1.000000,0.000000,-1.000000
0.027412687,2,86,snapshot,4096,239,0.995816,0.999477,0.995816,{"1":8178,"2":14},0.995816,0.004184,0.000000,0.000000,0.995816,0.000000,0.000000
0.027412687,2,86,read_only,16384,2,1.000000,1.000000,1.000000,{"1":104},1.000000,0.000000,0.000000,0.000000,1.000000,0.000000,-1.000000
0.027412687,2,86,union,16384,2,1.000000,1.000000,1.000000,{"1":104},1.000000,0.000000,0.000000,0.000000,1.000000,0.000000,-1.000000
0.027412687,2,86,snapshot,16384,73,0.917808,0.968828,0.917808,{"1":8178,"2":14},0.917808,0.082192,0.000000,0.000000,0.917808,0.000000,0.000000
0.027646776,2,87,snapshot,64,8192,1.000000,1.000000,1.000000,{"1":8178,"2":14},0.998291,0.001709,0.000000,0.000000,0.998291,0.001709,1.000000
0.027646776,2,87,snapshot,256,2374,0.999579,0.999789,0.999579,{"1":8178,"2":14},0.998315,0.001685,0.000000,0.000000,0.998315,0.001264,0.750000
0.027646776,2,87,snapshot,1024,804,0.998756,0.999845,0.998756,{"1":8178,"2":14},0.998756,0.001244,0.000000,0.000000,0.998756,0.000000,0.000000
0.027646776,2,87,snapshot,4096,239,0.995816,0.999477,0.995816,{"1":8178,"2":14},0.995816,0.004184,0.000000,0.000000,0.995816,0.000000,0.000000
0.027646776,2,87,snapshot,16384,73,0.917808,0.968828,0.917808,{"1":8178,"2":14},0.917808,0.082192,0.000000,0.000000,0.917808,0.000000,0.000000
0.027885335,2,88,read_only,64,64,1.000000,1.000000,1.000000,{"1":64},1.000000,0.000000,0.000000,0.000000,1.000000,0.000000,-1.000000
0.027885335,2,88,union,64,64,1.000000,1.000000,1.000000,{"1":64},1.000000,0.000000,0.000000,0.000000,1.000000,0.000000,-1.000000
0.027885335,2,88,snapshot,64,8192,1.000000,1.000000,1.000000,{"1":8178,"2":14},0.998291,0.001709,0.000000,0.000000,0.998291,0.001709,1.000000
0.027885335,2,88,read_only,256,16,1.000000,1.000000,1.000000,{"1":64},1.000000,0.000000,0.000000,0.000000,1.000000,0.000000,-1.000000
0.027885335,2,88,union,256,16,1.000000,1.000000,1.000000,{"1":64},1.000000,0.000000,0.000000,0.000000,1.000000,0.000000,-1.000000
0.027885335,2,88,snapshot,256,2376,0.999579,0.999790,0.999579,{"1":8178,"2":14},0.998316,0.001684,0.000000,0.000000,0.998316,0.001263,0.750000
0.027885335,2,88,read_only,1024,4,1.000000,1.000000,1.000000,{"1":64},1.000000,0.000000,0.000000,0.000000,1.000000,0.000000,-1.000000
0.027885335,2,88,union,1024,4,1.000000,1.000000,1.000000,{"1":64},1.000000,0.000000,0.000000,0.000000,1.000000,0.000000,-1.000000
0.027885335,2,88,snapshot,1024,805,0.998758,0.999845,0.998758,{"1":8178,"2":14},0.998758,0.001242,0.000000,0.000000,0.998758,0.000000,0.000000
0.027885335,2,88,read_only,4096,1,1.000000,1.000000,1.000000,{"1":64},1.000000,0.000000,0.000000,0.000000,1.000000,0.000000,-1.000000
0.027885335,2,88,union,4096,1,1.000000,1.000000,1.000000,{"1":64},1.000000,0.000000,0.000000,0.000000,1.000000,0.000000,-1.000000
0.027885335,2,88,snapshot,4096,239,0.995816,0.999477,0.995816,{"1":8178,"2":14},0.995816,0.004184,0.000000,0.000000,0.995816,0.000000,0.000000
0.027885335,2,88,read_only,16384,1,1.000000,1.000000,1.000000,{"1":64},1.000000,0.000000,0.000000,0.000000,1.000000,0.000000,-1.000000
0.027885335,2,88,union,16384,1,1.000000,1.000000,1.000000,{"1":64},1.000000,0.000000,0.000000,0.000000,1.000000,0.000000,-1.000000
0.027885335,2,88,snapshot,16384,73,0.917808,0.963806,0.917808,{"1":8178,"2":14},0.917808,0.082192,0.000000,0.000000,0.917808,0.000000,0.000000
0.028121754,2,89,snapshot,64,8192,1.000000,1.000000,1.000000,{"1":8178,"2":14},0.998291,0.001709,0.000000,0.000000,0.998291,0.001709,1.000000
0.028121754,2,89,snapshot,256,2376,0.999579,0.999790,0.999579,{"1":8178,"2":14},0.998316,0.001684,0.000000,0.000000,0.998316,0.001263,0.750000
0.028121754,2,89,snapshot,1024,805,0.998758,0.999845,0.998758,{"1":8178,"2":14},0.998758,0.001242,0.000000,0.000000,0.998758,0.000000,0.000000
0.028121754,2,89,snapshot,4096,239,0.995816,0.999477,0.995816,{"1":8178,"2":14},0.995816,0.004184,0.000000,0.000000,0.995816,0.000000,0.000000
0.028121754,2,89,snapshot,16384,73,0.917808,0.963806,0.917808,{"1":8178,"2":14},0.917808,0.082192,0.000000,0.000000,0.917808,0.000000,0.000000
0.028354058,2,90,snapshot,64,8192,1.000000,1.000000,1.000000,{"1":8178,"2":14},0.998291,0.001709,0.000000,0.000000,0.998291,0.001709,1.000000
0.028354058,2,90,snapshot,256,2376,0.999579,0.999790,0.999579,{"1":8178,"2":14},0.998316,0.001684,0.000000,0.000000,0.998316,0.001263,0.750000
0.028354058,2,90,snapshot,1024,805,0.998758,0.999845,0.998758,{"1":8178,"2":14},0.998758,0.001242,0.000000,0.000000,0.998758,0.000000,0.000000
0.028354058,2,90,snapshot,4096,239,0.995816,0.999477,0.995816,{"1":8178,"2":14},0.995816,0.004184,0.000000,0.000000,0.995816,0.000000,0.000000
0.028354058,2,90,snapshot,16384,73,0.917808,0.963806,0.917808,{"1":8178,"2":14},0.917808,0.082192,0.000000,0.000000,0.917808,0.000000,0.000000
0.028588161,2,91,snapshot,64,8192,1.000000,1.000000,1.000000,{"1":8178,"2":14},0.998291,0.001709,0.000000,0.000000,0.998291,0.001709,1.000000
0.028588161,2,91,snapshot,256,2376,0.999579,0.999790,0.999579,{"1":8178,"2":14},0.998316,0.001684,0.000000,0.000000,0.998316,0.001263,0.750000
0.028588161,2,91,snapshot,1024,805,0.998758,0.999845,0.998758,{"1":8178,"2":14},0.998758,0.001242,0.000000,0.000000,0.998758,0.000000,0.000000
0.028588161,2,91,snapshot,4096,239,0.995816,0.999477,0.995816,{"1":8178,"2":14},0.995816,0.004184,0.000000,0.000000,0.995816,0.000000,0.000000
0.028588161,2,91,snapshot,16384,73,0.917808,0.963806,0.917808,{"1":8178,"2":14},0.917808,0.082192,0.000000,0.000000,0.917808,0.000000,0.000000
0.028821223,2,92,snapshot,64,8192,1.000000,1.000000,1.000000,{"1":8178,"2":14},0.998291,0.001709,0.000000,0.000000,0.998291,0.001709,1.000000
0.028821223,2,92,snapshot,256,2376,0.999579,0.999790,0.999579,{"1":8178,"2":14},0.998316,0.001684,0.000000,0.000000,0.998316,0.001263,0.750000
0.028821223,2,92,snapshot,1024,805,0.998758,0.999845,0.998758,{"1":8178,"2":14},0.998758,0.001242,0.000000,0.000000,0.998758,0.000000,0.000000
0.028821223,2,92,snapshot,4096,239,0.995816,0.999477,0.995816,{"1":8178,"2":14},0.995816,0.004184,0.000000,0.000000,0.995816,0.000000,0.000000
0.028821223,2,92,snapshot,16384,73,0.917808,0.963806,0.917808,{"1":8178,"2":14},0.917808,0.082192,0.000000,0.000000,0.917808,0.000000,0.000000
0.029168774,2,93,snapshot,64,8192,1.000000,1.000000,1.000000,{"1":8178,"2":14},0.998291,0.001709,0.000000,0.000000,0.998291,0.001709,1.000000
0.029168774,2,93,snapshot,256,2376,0.999579,0.999790,0.999579,{"1":8178,"2":14},0.998316,0.001684,0.000000,0.000000,0.998316,0.001263,0.750000
0.029168774,2,93,snapshot,1024,805,0.998758,0.999845,0.998758,{"1":8178,"2":14},0.998758,0.001242,0.000000,0.000000,0.998758,0.000000,0.000000
0.029168774,2,93,snapshot,4096,239,0.995816,0.999477,0.995816,{"1":8178,"2":14},0.995816,0.004184,0.000000,0.000000,0.995816,0.000000,0.000000
0.029168774,2,93,snapshot,16384,73,0.917808,0.963806,0.917808,{"1":8178,"2":14},0.917808,0.082192,0.000000,0.000000,0.917808,0.000000,0.000000
0.029512226,2,94,read_only,64,626,1.000000,1.000000,1.000000,{"1":626},1.000000,0.000000,0.000000,0.000000,1.000000,0.000000,-1.000000
0.029512226,2,94,union,64,626,1.000000,1.000000,1.000000,{"1":626},1.000000,0.000000,0.000000,0.000000,1.000000,0.000000,-1.000000
0.029512226,2,94,snapshot,64,8192,1.000000,1.000000,1.000000,{"1":8178,"2":14},0.998291,0.001709,0.000000,0.000000,0.998291,0.001709,1.000000
0.029512226,2,94,read_only,256,274,1.000000,1.000000,1.000000,{"1":626},1.000000,0.000000,0.000000,0.000000,1.000000,0.000000,-1.000000
0.029512226,2,94,union,256,274,1.000000,1.000000,1.000000,{"1":626},1.000000,0.000000,0.000000,0.000000,1.000000,0.000000,-1.000000
0.029512226,2,94,snapshot,256,2532,0.999605,0.999803,0.999605,{"1":8178,"2":14},0.998420,0.001580,0.000000,0.000000,0.998420,0.001185,0.750000
0.029512226,2,94,read_only,1024,99,1.000000,1.000000,1.000000,{"1":626},1.000000,0.000000,0.000000,0.000000,1.000000,0.000000,-1.000000
0.029512226,2,94,union,1024,99,1.000000,1.000000,1.000000,{"1":626},1.000000,0.000000,0.000000,0.000000,1.000000,0.000000,-1.000000
0.029512226,2,94,snapshot,1024,884,0.998869,0.999859,0.998869,{"1":8178,"2":14},0.998869,0.001131,0.000000,0.000000,0.998869,0.000000,0.000000
0.029512226,2,94,read_only,4096,30,1.000000,1.000000,1.000000,{"1":626},1.000000,0.000000,0.000000,0.000000,1.000000,0.000000,-1.000000
0.029512226,2,94,union,4096,30,1.000000,1.000000,1.000000,{"1":626},1.000000,0.000000,0.000000,0.000000,1.000000,0.000000,-1.000000
0.029512226,2,94,snapshot,4096,266,0.996241,0.999530,0.996241,{"1":8178,"2":14},0.996241,0.003759,0.000000,0.000000,0.996241,0.000000,0.000000
0.029512226,2,94,read_only,16384,9,0.888889,0.946237,0.888889,{"1":626},0.888889,0.111111,0.000000,0.000000,0.888889,0.000000,0.000000
0.029512226,2,94,union,16384,9,0.888889,0.946237,0.888889,{"1":626},0.888889,0.111111,0.000000,0.000000,0.888889,0.000000,0.000000
0.029512226,2,94,snapshot,16384,81,0.913580,0.960828,0.913580,{"1":8178,"2":14},0.913580,0.086420,0.000000,0.000000,0.913580,0.000000,0.000000
0.029760290,2,95,read_only,64,597,1.000000,1.000000,1.000000,{"1":597},1.000000,0.000000,0.000000,0.000000,1.000000,0.000000,-1.000000
0.029760290,2,95,union,64,597,1.000000,1.000000,1.000000,{"1":597},1.000000,0.000000,0.000000,0.000000,1.000000,0.000000,-1.000000
0.029760290,2,95,snapshot,64,8192,1.000000,1.000000,1.000000,{"1":8179,"2":13},0.998413,0.001587,0.000000,0.000000,0.998413,0.001587,1.000000
0.029760290,2,95,read_only,256,205,1.000000,1.000000,1.000000,{"1":597},1.000000,0.000000,0.000000,0.000000,1.000000,0.000000,-1.000000
0.029760290,2,95,union,256,205,1.000000,1.000000,1.000000,{"1":597},1.000000,0.000000,0.000000,0.000000,1.000000,0.000000,-1.000000
0.029760290,2,95,snapshot,256,2560,0.999609,0.999870,0.999609,{"1":8179,"2":13},0.998437,0.001563,0.000000,0.000000,0.998437,0.001172,0.750000
0.029760290,2,95,read_only,1024,78,1.000000,1.000000,1.000000,{"1":597},1.000000,0.000000,0.000000,0.000000,1.000000,0.000000,-1.000000
0.029760290,2,95,union,1024,78,1.000000,1.000000,1.000000,{"1":597},1.000000,0.000000,0.000000,0.000000,1.000000,0.000000,-1.000000
0.029760290,2,95,snapshot,1024,884,0.998869,0.999849,0.998869,{"1":8179,"2":13},0.998869,0.001131,0.000000,0.000000,0.998869,0.000000,0.000000
0.029760290,2,95,read_only,4096,28,1.000000,1.000000,1.000000,{"1":597},1.000000,0.000000,0.000000,0.000000,1.000000,0.000000,-1.000000
0.029760290,2,95,union,4096,28,1.000000,1.000000,1.000000,{"1":597},1.000000,0.000000,0.000000,0.000000,1.000000,0.000000,-1.000000
0.029760290,2,95,snapshot,4096,266,0.996241,0.999499,0.996241,{"1":8179,"2":13},0.996241,0.003759,0.000000,0.000000,0.996241,0.000000,0.000000
0.029760290,2,95,read_only,16384,14,1.000000,1.000000,1.000000,{"1":597},1.000000,0.000000,0.000000,0.000000,1.000000,0.000000,-1.000000
0.029760290,2,95,union,16384,14,1.000000,1.000000,1.000000,{"1":597},1.000000,0.000000,0.000000,0.000000,1.000000,0.000000,-1.000000
0.029760290,2,95,snapshot,16384,80,0.912500,0.962188,0.912500,{"1":8179,"2":13},0.912500,0.087500,0.000000,0.000000,0.912500,0.000000,0.000000
0.030033991,2,96,read_only,64,9980,1.000000,1.000000,1.000000,{"1":9966,"2":14},0.998597,0.001403,0.000000,0.000000,0.998597,0.001403,1.000000
0.030033991,2,96,union,64,9980,1.000000,1.000000,1.000000,{"1":9966,"2":14},0.998597,0.001403,0.000000,0.000000,0.998597,0.001403,1.000000
0.030033991,2,96,snapshot,64,8192,1.000000,1.000000,1.000000,{"1":8178,"2":14},0.998291,0.001709,0.000000,0.000000,0.998291,0.001709,1.000000
0.030033991,2,96,read_only,256,3261,0.999693,0.999847,0.999693,{"1":9966,"2":14},0.998773,0.001227,0.000000,0.000000,0.998773,0.000920,0.750000
0.030033991,2,96,union,256,3261,0.999693,0.999847,0.999693,{"1":9966,"2":14},0.998773,0.001227,0.000000,0.000000,0.998773,0.000920,0.750000
0.030033991,2,96,snapshot,256,2995,0.999666,0.999833,0.999666,{"1":8178,"2":14},0.998664,0.001336,0.000000,0.000000,0.998664,0.001002,0.750000
0.030033991,2,96,read_only,1024,1033,0.999032,0.999879,0.999032,{"1":9966,"2":14},0.999032,0.000968,0.000000,0.000000,0.999032,0.000000,0.000000
0.030033991,2,96,union,1024,1033,0.999032,0.999879,0.999032,{"1":9966,"2":14},0.999032,0.000968,0.000000,0.000000,0.999032,0.000000,0.000000
0.030033991,2,96,snapshot,1024,1058,0.999055,0.999882,0.999055,{"1":8178,"2":14},0.999055,0.000945,0.000000,0.000000,0.999055,0.000000,0.000000
0.030033991,2,96,read_only,4096,290,0.996552,0.999569,0.996552,{"1":9966,"2":14},0.996552,0.003448,0.000000,0.000000,0.996552,0.000000,0.000000
0.030033991,2,96,union,4096,290,0.996552,0.999569,0.996552,{"1":9966,"2":14},0.996552,0.003448,0.000000,0.000000,0.996552,0.000000,0.000000
0.030033991,2,96,snapshot,4096,317,0.996845,0.999606,0.996845,{"1":8178,"2":14},0.996845,0.003155,0.000000,0.000000,0.996845,0.000000,0.000000
0.030033991,2,96,read_only,16384,76,0.960526,0.985093,0.960526,{"1":9966,"2":14},0.960526,0.039474,0.000000,0.000000,0.960526,0.000000,0.000000
0.030033991,2,96,union,16384,76,0.960526,0.985093,0.960526,{"1":9966,"2":14},0.960526,0.039474,0.000000,0.000000,0.960526,0.000000,0.000000
0.030033991,2,96,snapshot,16384,91,0.956044,0.987218,0.956044,{"1":8178,"2":14},0.956044,0.043956,0.000000,0.000000,0.956044,0.000000,0.000000
0.030272148,2,97,read_only,64,1,1.000000,1.000000,1.000000,{"1":1},1.000000,0.000000,0.000000,0.000000,1.000000,0.000000,-1.000000
0.030272148,2,97,union,64,1,1.000000,1.000000,1.000000,{"1":1},1.000000,0.000000,0.000000,0.000000,1.000000,0.000000,-1.000000
0.030272148,2,97,snapshot,64,8192,1.000000,1.000000,1.000000,{"1":8178,"2":14},0.998291,0.001709,0.000000,0.000000,0.998291,0.001709,1.000000
0.030272148,2,97,read_only,256,1,1.000000,1.000000,1.000000,{"1":1},1.000000,0.000000,0.000000,0.000000,1.000000,0.000000,-1.000000
0.030272148,2,97,union,256,1,1.000000,1.000000,1.000000,{"1":1},1.000000,0.000000,0.000000,0.000000,1.000000,0.000000,-1.000000
0.030272148,2,97,snapshot,256,2996,0.999666,0.999833,0.999666,{"1":8178,"2":14},0.998665,0.001335,0.000000,0.000000,0.998665,0.001001,0.750000
0.030272148,2,97,read_only,1024,1,1.000000,1.000000,1.000000,{"1":1},1.000000,0.000000,0.000000,0.000000,1.000000,0.000000,-1.000000
0.030272148,2,97,union,1024,1,1.000000,1.000000,1.000000,{"1":1},1.000000,0.000000,0.000000,0.000000,1.000000,0.000000,-1.000000
0.030272148,2,97,snapshot,1024,1059,0.999056,0.999882,0.999056,{"1":8178,"2":14},0.999056,0.000944,0.000000,0.000000,0.999056,0.000000,0.000000
0.030272148,2,97,read_only,4096,1,1.000000,1.000000,1.000000,{"1":1},1.000000,0.000000,0.000000,0.000000,1.000000,0.000000,-1.000000
0.030272148,2,97,union,4096,1,1.000000,1.000000,1.000000,{"1":1},1.000000,0.000000,0.000000,0.000000,1.000000,0.000000,-1.000000
0.030272148,2,97,snapshot,4096,317,0.996845,0.999606,0.996845,{"1":8178,"2":14},0.996845,0.003155,0.000000,0.000000,0.996845,0.000000,0.000000
0.030272148,2,97,read_only,16384,1,1.000000,1.000000,1.000000,{"1":1},1.000000,0.000000,0.000000,0.000000,1.000000,0.000000,-1.000000
0.030272148,2,97,union,16384,1,1.000000,1.000000,1.000000,{"1":1},1.000000,0.000000,0.000000,0.000000,1.000000,0.000000,-1.000000
0.030272148,2,97,snapshot,16384,91,0.956044,0.987218,0.956044,{"1":8178,"2":14},0.956044,0.043956,0.000000,0.000000,0.956044,0.000000,0.000000
0.030777405,2,98,read_only,64,3550,1.000000,1.000000,1.000000,{"1":3543,"2":7},0.998028,0.001972,0.000000,0.000000,0.998028,0.001972,1.000000
0.030777405,2,98,union,64,3550,1.000000,1.000000,1.000000,{"1":3543,"2":7},0.998028,0.001972,0.000000,0.000000,0.998028,0.001972,1.000000
0.030777405,2,98,snapshot,64,8192,1.000000,1.000000,1.000000,{"1":8171,"2":21},0.997437,0.002563,0.000000,0.000000,0.997437,0.002563,1.000000
0.030777405,2,98,read_only,256,929,0.962325,0.987621,0.962325,{"1":3543,"2":7},0.960172,0.039828,0.000000,0.000000,0.960172,0.002153,0.054054
0.030777405,2,98,union,256,929,0.962325,0.987621,0.962325,{"1":3543,"2":7},0.960172,0.039828,0.000000,0.000000,0.960172,0.002153,0.054054
0.030777405,2,98,snapshot,256,2763,0.986971,0.995657,0.986971,{"1":8171,"2":21},0.985161,0.014839,0.000000,0.000000,0.985161,0.001810,0.121951
0.030777405,2,98,read_only,1024,258,0.906977,0.985361,0.906977,{"1":3543,"2":7},0.906977,0.093023,0.000000,0.000000,0.906977,0.000000,0.000000
0.030777405,2,98,union,1024,258,0.906977,0.985361,0.906977,{"1":3543,"2":7},0.906977,0.093023,0.000000,0.000000,0.906977,0.000000,0.000000
0.030777405,2,98,snapshot,1024,980,0.974490,0.996018,0.974490,{"1":8171,"2":21},0.974490,0.025510,0.000000,0.000000,0.974490,0.000000,0.000000
0.030777405,2,98,read_only,4096,81,0.814815,0.983707,0.814815,{"1":3543,"2":7},0.814815,0.185185,0.000000,0.000000,0.814815,0.000000,0.000000
0.030777405,2,98,union,4096,81,0.814815,0.983707,0.814815,{"1":3543,"2":7},0.814815,0.185185,0.000000,0.000000,0.814815,0.000000,0.000000
0.030777405,2,98,snapshot,4096,311,0.948553,0.995355,0.948553,{"1":8171,"2":21},0.948553,0.051447,0.000000,0.000000,0.948553,0.000000,0.000000
0.030777405,2,98,read_only,16384,25,0.680000,0.967394,0.680000,{"1":3543,"2":7},0.680000,0.320000,0.000000,0.000000,0.680000,0.000000,0.000000
0.030777405,2,98,union,16384,25,0.680000,0.967394,0.680000,{"1":3543,"2":7},0.680000,0.320000,0.000000,0.000000,0.680000,0.000000,0.000000
0.030777405,2,98,snapshot,16384,95,0.884211,0.989002,0.884211,{"1":8171,"2":21},0.884211,0.115789,0.000000,0.000000,0.884211,0.000000,0.000000
0.031691479,2,99,read_only,64,8826,1.000000,1.000000,1.000000,{"1":6284,"2":2542},0.711987,0.288013,0.000000,0.000000,0.711987,0.288013,1.000000
0.031691479,2,99,union,64,8826,1.000000,1.000000,1.000000,{"1":6284,"2":2542},0.711987,0.288013,0.000000,0.000000,0.711987,0.288013,1.000000
0.031691479,2,99,snapshot,64,8192,1.000000,1.000000,1.000000,{"1":5735,"2":2457},0.700073,0.299927,0.000000,0.000000,0.700073,0.299927,1.000000
0.031691479,2,99,read_only,256,2547,0.688653,0.896381,0.688653,{"1":6284,"2":2542},0.570082,0.428347,0.001570,0.000000,0.570082,0.118571,0.275799
0.031691479,2,99,union,256,2547,0.688653,0.896381,0.688653,{"1":6284,"2":2542},0.570082,0.428347,0.001570,0.000000,0.570082,0.118571,0.275799
0.031691479,2,99,snapshot,256,2218,0.566727,0.853434,0.566727,{"1":5735,"2":2457},0.455816,0.542381,0.001803,0.000000,0.455816,0.110911,0.203811
0.031691479,2,99,read_only,1024,714,0.434174,0.841299,0.434174,{"1":6284,"2":2542},0.422969,0.565826,0.011204,0.000000,0.422969,0.011204,0.019417
0.031691479,2,99,union,1024,714,0.434174,0.841299,0.434174,{"1":6284,"2":2542},0.422969,0.565826,0.011204,0.000000,0.422969,0.011204,0.019417
0.031691479,2,99,snapshot,1024,612,0.299020,0.783515,0.299020,{"1":5735,"2":2457},0.292484,0.692810,0.014706,0.000000,0.292484,0.006536,0.009238
0.031691479,2,99,read_only,4096,189,0.312169,0.828381,0.312169,{"1":6284,"2":2542},0.312169,0.645503,0.042328,0.000000,0.312169,0.000000,0.000000
0.031691479,2,99,union,4096,189,0.312169,0.828381,0.312169,{"1":6284,"2":2542},0.312169,0.645503,0.042328,0.000000,0.312169,0.000000,0.000000
0.031691479,2,99,snapshot,4096,168,0.238095,0.775799,0.238095,{"1":5735,"2":2457},0.238095,0.714286,0.047619,0.000000,0.238095,0.000000,0.000000
0.031691479,2,99,read_only,16384,53,0.245283,0.819190,0.245283,{"1":6284,"2":2542},0.245283,0.660377,0.094340,0.000000,0.245283,0.000000,0.000000
0.031691479,2,99,union,16384,53,0.245283,0.819190,0.245283,{"1":6284,"2":2542},0.245283,0.660377,0.094340,0.000000,0.245283,0.000000,0.000000
0.031691479,2,99,snapshot,16384,46,0.217391,0.755710,0.217391,{"1":5735,"2":2457},0.217391,0.673913,0.108696,0.000000,0.217391,0.000000,0.000000
0.031948603,2,100,read_only,64,23,1.000000,1.000000,1.000000,{"1":23},1.000000,0.000000,0.000000,0.000000,1.000000,0.000000,-1.000000
0.031948603,2,100,union,64,23,1.000000,1.000000,1.000000,{"1":23},1.000000,0.000000,0.000000,0.000000,1.000000,0.000000,-1.000000
0.031948603,2,100,snapshot,64,8192,1.000000,1.000000,1.000000,{"1":5736,"2":2456},0.700195,0.299805,0.000000,0.000000,0.700195,0.299805,1.000000
0.031948603,2,100,read_only,256,11,1.000000,1.000000,1.000000,{"1":23},1.000000,0.000000,0.000000,0.000000,1.000000,0.000000,-1.000000
0.031948603,2,100,union,256,11,1.000000,1.000000,1.000000,{"1":23},1.000000,0.000000,0.000000,0.000000,1.000000,0.000000,-1.000000
0.031948603,2,100,snapshot,256,2226,0.569182,0.854148,0.569182,{"1":5736,"2":2456},0.458670,0.539533,0.001797,0.000000,0.458670,0.110512,0.204149
0.031948603,2,100,read_only,1024,4,1.000000,1.000000,1.000000,{"1":23},1.000000,0.000000,0.000000,0.000000,1.000000,0.000000,-1.000000
0.031948603,2,100,union,1024,4,1.000000,1.000000,1.000000,{"1":23},1.000000,0.000000,0.000000,0.000000,1.000000,0.000000,-1.000000
0.031948603,2,100,snapshot,1024,616,0.303571,0.785454,0.303571,{"1":5736,"2":2456},0.297078,0.688312,0.014610,0.000000,0.297078,0.006494,0.009238
0.031948603,2,100,read_only,4096,3,1.000000,1.000000,1.000000,{"1":23},1.000000,0.000000,0.000000,0.000000,1.000000,0.000000,-1.000000
0.031948603,2,100,union,4096,3,1.000000,1.000000,1.000000,{"1":23},1.000000,0.000000,0.000000,0.000000,1.000000,0.000000,-1.000000
0.031948603,2,100,snapshot,4096,171,0.251462,0.779864,0.251462,{"1":5736,"2":2456},0.251462,0.701754,0.046784,0.000000,0.251462,0.000000,0.000000
0.031948603,2,100,read_only,16384,3,1.000000,1.000000,1.000000,{"1":23},1.000000,0.000000,0.000000,0.000000,1.000000,0.000000,-1.000000
0.031948603,2,100,union,16384,3,1.000000,1.000000,1.000000,{"1":23},1.000000,0.000000,0.000000,0.000000,1.000000,0.000000,-1.000000
0.031948603,2,100,snapshot,16384,49,0.265306,0.771330,0.265306,{"1":5736,"2":2456},0.265306,0.632653,0.102041,0.000000,0.265306,0.000000,0.000000
0.032191549,2,101,read_only,64,1400,1.000000,1.000000,1.000000,{"1":1400},1.000000,0.000000,0.000000,0.000000,1.000000,0.000000,-1.000000
0.032191549,2,101,union,64,1400,1.000000,1.000000,1.000000,{"1":1400},1.000000,0.000000,0.000000,0.000000,1.000000,0.000000,-1.000000
0.032191549,2,101,snapshot,64,8192,1.000000,1.000000,1.000000,{"1":5939,"2":2253},0.724976,0.275024,0.000000,0.000000,0.724976,0.275024,1.000000
0.032191549,2,101,read_only,256,517,1.000000,1.000000,1.000000,{"1":1400},1.000000,0.000000,0.000000,0.000000,1.000000,0.000000,-1.000000
0.032191549,2,101,union,256,517,1.000000,1.000000,1.000000,{"1":1400},1.000000,0.000000,0.000000,0.000000,1.000000,0.000000,-1.000000
0.032191549,2,101,snapshot,256,2463,0.672757,0.887772,0.672757,{"1":5939,"2":2253},0.574097,0.425091,0.000812,0.000000,0.574097,0.098660,0.231649
0.032191549,2,101,read_only,1024,169,1.000000,1.000000,1.000000,{"1":1400},1.000000,0.000000,0.000000,0.000000,1.000000,0.000000,-1.000000
0.032191549,2,101,union,1024,169,1.000000,1.000000,1.000000,{"1":1400},1.000000,0.000000,0.000000,0.000000,1.000000,0.000000,-1.000000
0.032191549,2,101,snapshot,1024,718,0.474930,0.834455,0.474930,{"1":5939,"2":2253},0.465181,0.526462,0.008357,0.000000,0.465181,0.009749,0.018229
0.032191549,2,101,read_only,4096,48,1.000000,1.000000,1.000000,{"1":1400},1.000000,0.000000,0.000000,0.000000,1.000000,0.000000,-1.000000
0.032191549,2,101,union,4096,48,1.000000,1.000000,1.000000,{"1":1400},1.000000,0.000000,0.000000,0.000000,1.000000,0.000000,-1.000000
0.032191549,2,101,snapshot,4096,205,0.439024,0.831268,0.439024,{"1":5939,"2":2253},0.434146,0.536585,0.029268,0.000000,0.434146,0.004878,0.008621
0.032191549,2,101,read_only,16384,14,0.857143,0.955674,0.857143,{"1":1400},0.857143,0.142857,0.000000,0.000000,0.857143,0.000000,0.000000
0.032191549,2,101,union,16384,14,0.857143,0.955674,0.857143,{"1":1400},0.857143,0.142857,0.000000,0.000000,0.857143,0.000000,0.000000
0.032191549,2,101,snapshot,16384,58,0.362069,0.800189,0.362069,{"1":5939,"2":2253},0.362069,0.568966,0.068966,0.000000,0.362069,0.000000,0.000000
0.032434143,2,102,snapshot,64,8192,1.000000,1.000000,1.000000,{"1":5939,"2":2253},0.724976,0.275024,0.000000,0.000000,0.724976,0.275024,1.000000
0.032434143,2,102,snapshot,256,2463,0.672757,0.887772,0.672757,{"1":5939,"2":2253},0.574097,0.425091,0.000812,0.000000,0.574097,0.098660,0.231649
0.032434143,2,102,snapshot,1024,718,0.474930,0.834455,0.474930,{"1":5939,"2":2253},0.465181,0.526462,0.008357,0.000000,0.465181,0.009749,0.018229
0.032434143,2,102,snapshot,4096,205,0.439024,0.831268,0.439024,{"1":5939,"2":2253},0.434146,0.536585,0.029268,0.000000,0.434146,0.004878,0.008621
0.032434143,2,102,snapshot,16384,58,0.362069,0.800189,0.362069,{"1":5939,"2":2253},0.362069,0.568966,0.068966,0.000000,0.362069,0.000000,0.000000
0.032682086,2,103,read_only,64,2,1.000000,1.000000,1.000000,{"1":2},1.000000,0.000000,0.000000,0.000000,1.000000,0.000000,-1.000000
0.032682086,2,103,union,64,2,1.000000,1.000000,1.000000,{"1":2},1.000000,0.000000,0.000000,0.000000,1.000000,0.000000,-1.000000
0.032682086,2,103,snapshot,64,8192,1.000000,1.000000,1.000000,{"1":5939,"2":2253},0.724976,0.275024,0.000000,0.000000,0.724976,0.275024,1.000000
0.032682086,2,103,read_only,256,2,1.000000,1.000000,1.000000,{"1":2},1.000000,0.000000,0.000000,0.000000,1.000000,0.000000,-1.000000
0.032682086,2,103,union,256,2,1.000000,1.000000,1.000000,{"1":2},1.000000,0.000000,0.000000,0.000000,1.000000,0.000000,-1.000000
0.032682086,2,103,snapshot,256,2464,0.673295,0.888021,0.673295,{"1":5939,"2":2253},0.574675,0.424513,0.000812,0.000000,0.574675,0.098620,0.231870
0.032682086,2,103,read_only,1024,1,1.000000,1.000000,1.000000,{"1":2},1.000000,0.000000,0.000000,0.000000,1.000000,0.000000,-1.000000
0.032682086,2,103,union,1024,1,1.000000,1.000000,1.000000,{"1":2},1.000000,0.000000,0.000000,0.000000,1.000000,0.000000,-1.000000
0.032682086,2,103,snapshot,1024,719,0.475661,0.834601,0.475661,{"1":5939,"2":2253},0.465925,0.525730,0.008345,0.000000,0.465925,0.009736,0.018229
0.032682086,2,103,read_only,4096,1,1.000000,1.000000,1.000000,{"1":2},1.000000,0.000000,0.000000,0.000000,1.000000,0.000000,-1.000000
0.032682086,2,103,union,4096,1,1.000000,1.000000,1.000000,{"1":2},1.000000,0.000000,0.000000,0.000000,1.000000,0.000000,-1.000000
0.032682086,2,103,snapshot,4096,205,0.439024,0.831136,0.439024,{"1":5939,"2":2253},0.434146,0.536585,0.029268,0.000000,0.434146,0.004878,0.008621
0.032682086,2,103,read_only,16384,1,1.000000,1.000000,1.000000,{"1":2},1.000000,0.000000,0.000000,0.000000,1.000000,0.000000,-1.000000
0.032682086,2,103,union,16384,1,1.000000,1.000000,1.000000,{"1":2},1.000000,0.000000,0.000000,0.000000,1.000000,0.000000,-1.000000
0.032682086,2,103,snapshot,16384,58,0.362069,0.799882,0.362069,{"1":5939,"2":2253},0.362069,0.568966,0.068966,0.000000,0.362069,0.000000,0.000000
0.032928098,2,104,read_only,64,109,1.000000,1.000000,1.000000,{"1":109},1.000000,0.000000,0.000000,0.000000,1.000000,0.000000,-1.000000
0.032928098,2,104,union,64,109,1.000000,1.000000,1.000000,{"1":109},1.000000,0.000000,0.000000,0.000000,1.000000,0.000000,-1.000000
0.032928098,2,104,snapshot,64,8192,1.000000,1.000000,1.000000,{"1":5957,"2":2235},0.727173,0.272827,0.000000,0.000000,0.727173,0.272827,1.000000
0.032928098,2,104,read_only,256,43,1.000000,1.000000,1.000000,{"1":109},1.000000,0.000000,0.000000,0.000000,1.000000,0.000000,-1.000000
0.032928098,2,104,union,256,43,1.000000,1.000000,1.000000,{"1":109},1.000000,0.000000,0.000000,0.000000,1.000000,0.000000,-1.000000
0.032928098,2,104,snapshot,256,2487,0.681946,0.891335,0.681946,{"1":5957,"2":2235},0.582630,0.416566,0.000804,0.000000,0.582630,0.099316,0.237958
0.032928098,2,104,read_only,1024,13,1.000000,1.000000,1.000000,{"1":109},1.000000,0.000000,0.000000,0.000000,1.000000,0.000000,-1.000000
0.032928098,2,104,union,1024,13,1.000000,1.000000,1.000000,{"1":109},1.000000,0.000000,0.000000,0.000000,1.000000,0.000000,-1.000000
0.032928098,2,104,snapshot,1024,730,0.491781,0.839673,0.491781,{"1":5957,"2":2235},0.480822,0.512329,0.006849,0.000000,0.480822,0.010959,0.021108
0.032928098,2,104,read_only,4096,4,1.000000,1.000000,1.000000,{"1":109},1.000000,0.000000,0.000000,0.000000,1.000000,0.000000,-1.000000
0.032928098,2,104,union,4096,4,1.000000,1.000000,1.000000,{"1":109},1.000000,0.000000,0.000000,0.000000,1.000000,0.000000,-1.000000
0.032928098,2,104,snapshot,4096,207,0.449275,0.834804,0.449275,{"1":5957,"2":2235},0.444444,0.531401,0.024155,0.000000,0.444444,0.004831,0.008696
0.032928098,2,104,read_only,16384,2,0.500000,0.819444,0.500000,{"1":109},0.500000,0.500000,0.000000,0.000000,0.500000,0.000000,0.000000
0.032928098,2,104,union,16384,2,0.500000,0.819444,0.500000,{"1":109},0.500000,0.500000,0.000000,0.000000,0.500000,0.000000,0.000000
0.032928098,2,104,snapshot,16384,59,0.355932,0.795752,0.355932,{"1":5957,"2":2235},0.355932,0.593220,0.050847,0.000000,0.355932,0.000000,0.000000
0.033163501,2,105,snapshot,64,8192,1.000000,1.000000,1.000000,{"1":5957,"2":2235},0.727173,0.272827,0.000000,0.000000,0.727173,0.272827,1.000000
0.033163501,2,105,snapshot,256,2487,0.681946,0.891335,0.681946,{"1":5957,"2":2235},0.582630,0.416566,0.000804,0.000000,0.582630,0.099316,0.237958
0.033163501,2,105,snapshot,1024,730,0.491781,0.839673,0.491781,{"1":5957,"2":2235},0.480822,0.512329,0.006849,0.000000,0.480822,0.010959,0.021108
0.033163501,2,105,snapshot,4096,207,0.449275,0.834804,0.449275,{"1":5957,"2":2235},0.444444,0.531401,0.024155,0.000000,0.444444,0.004831,0.008696
0.033163501,2,105,snapshot,16384,59,0.355932,0.795752,0.355932,{"1":5957,"2":2235},0.355932,0.593220,0.050847,0.000000,0.355932,0.000000,0.000000
0.033624745,2,106,read_only,64,782,1.000000,1.000000,1.000000,{"1":755,"2":27},0.965473,0.034527,0.000000,0.000000,0.965473,0.034527,1.000000
0.033624745,2,106,union,64,804,1.000000,1.000000,1.000000,{"1":777,"2":27},0.966418,0.033582,0.000000,0.000000,0.966418,0.033582,1.000000
0.033624745,2,106,snapshot,64,8192,1.000000,1.000000,1.000000,{"1":6014,"2":2178},0.734131,0.265869,0.000000,0.000000,0.734131,0.265869,1.000000
0.033624745,2,106,read_only,256,266,1.000000,1.000000,1.000000,{"1":755,"2":27},0.943609,0.056391,0.000000,0.000000,0.943609,0.056391,1.000000
0.033624745,2,106,union,256,270,0.985185,0.995062,0.985185,{"1":777,"2":27},0.944444,0.055556,0.000000,0.000000,0.944444,0.040741,0.733333
0.033624745,2,106,snapshot,256,2571,0.722676,0.905808,0.722676,{"1":6014,"2":2178},0.620381,0.379230,0.000389,0.000000,0.620381,0.102295,0.269467
0.033624745,2,106,read_only,1024,82,1.000000,1.000000,1.000000,{"1":755,"2":27},0.914634,0.085366,0.000000,0.000000,0.914634,0.085366,1.000000
0.033624745,2,106,union,1024,82,0.963415,0.990016,0.963415,{"1":777,"2":27},0.914634,0.085366,0.000000,0.000000,0.914634,0.048780,0.571429
0.033624745,2,106,snapshot,1024,765,0.562092,0.862399,0.562092,{"1":6014,"2":2178},0.550327,0.447059,0.002614,0.000000,0.550327,0.011765,0.026163
0.033624745,2,106,read_only,4096,27,1.000000,1.000000,1.000000,{"1":755,"2":27},0.851852,0.148148,0.000000,0.000000,0.851852,0.148148,1.000000
0.033624745,2,106,union,4096,27,0.962963,0.981893,0.962963,{"1":777,"2":27},0.851852,0.148148,0.000000,0.000000,0.851852,0.111111,0.750000
0.033624745,2,106,snapshot,4096,218,0.527523,0.853558,0.527523,{"1":6014,"2":2178},0.513761,0.472477,0.013761,0.000000,0.513761,0.013761,0.028302
0.033624745,2,106,read_only,16384,12,0.750000,0.946872,0.750000,{"1":755,"2":27},0.583333,0.416667,0.000000,0.000000,0.583333,0.166667,0.400000
0.033624745,2,106,union,16384,12,0.750000,0.912758,0.750000,{"1":777,"2":27},0.583333,0.416667,0.000000,0.000000,0.583333,0.166667,0.400000
0.033624745,2,106,snapshot,16384,65,0.415385,0.817504,0.415385,{"1":6014,"2":2178},0.384615,0.584615,0.030769,0.000000,0.384615,0.030769,0.050000
0.033863068,2,107,read_only,64,74,1.000000,1.000000,1.000000,{"1":65,"2":9},0.878378,0.121622,0.000000,0.000000,0.878378,0.121622,1.000000
0.033863068,2,107,union,64,74,1.000000,1.000000,1.000000,{"1":65,"2":9},0.878378,0.121622,0.000000,0.000000,0.878378,0.121622,1.000000
0.033863068,2,107,snapshot,64,8192,1.000000,1.000000,1.000000,{"1":6009,"2":2183},0.733521,0.266479,0.000000,0.000000,0.733521,0.266479,1.000000
0.033863068,2,107,read_only,256,34,1.000000,1.000000,1.000000,{"1":65,"2":9},0.764706,0.235294,0.000000,0.000000,0.764706,0.235294,1.000000
0.033863068,2,107,union,256,34,1.000000,1.000000,1.000000,{"1":65,"2":9},0.764706,0.235294,0.000000,0.000000,0.764706,0.235294,1.000000
0.033863068,2,107,snapshot,256,2564,0.721139,0.904869,0.721139,{"1":6009,"2":2183},0.611544,0.388066,0.000390,0.000000,0.611544,0.109594,0.282129
0.033863068,2,107,read_only,1024,19,1.000000,1.000000,1.000000,{"1":65,"2":9},0.631579,0.368421,0.000000,0.000000,0.631579,0.368421,1.000000
0.033863068,2,107,union,1024,19,1.000000,1.000000,1.000000,{"1":65,"2":9},0.631579,0.368421,0.000000,0.000000,0.631579,0.368421,1.000000
0.033863068,2,107,snapshot,1024,768,0.557292,0.862664,0.557292,{"1":6009,"2":2183},0.532552,0.464844,0.002604,0.000000,0.532552,0.024740,0.052925
0.033863068,2,107,read_only,4096,8,1.000000,1.000000,1.000000,{"1":65,"2":9},0.625000,0.375000,0.000000,0.000000,0.625000,0.375000,1.000000
0.033863068,2,107,union,4096,8,1.000000,1.000000,1.000000,{"1":65,"2":9},0.625000,0.375000,0.000000,0.000000,0.625000,0.375000,1.000000
0.033863068,2,107,snapshot,4096,220,0.518182,0.852392,0.518182,{"1":6009,"2":2183},0.490909,0.495455,0.013636,0.000000,0.490909,0.027273,0.053571
0.033863068,2,107,read_only,16384,6,1.000000,1.000000,1.000000,{"1":65,"2":9},0.666667,0.333333,0.000000,0.000000,0.666667,0.333333,1.000000
0.033863068,2,107,union,16384,6,1.000000,1.000000,1.000000,{"1":65,"2":9},0.666667,0.333333,0.000000,0.000000,0.666667,0.333333,1.000000
0.033863068,2,107,snapshot,16384,66,0.424242,0.815816,0.424242,{"1":6009,"2":2183},0.378788,0.575758,0.045455,0.000000,0.378788,0.045455,0.073171
0.034100800,2,108,read_only,64,45,1.000000,1.000000,1.000000,{"1":7,"2":38},0.155556,0.844444,0.000000,0.000000,0.155556,0.844444,1.000000
0.034100800,2,108,union,64,45,1.000000,1.000000,1.000000,{"1":7,"2":38},0.155556,0.844444,0.000000,0.000000,0.155556,0.844444,1.000000
0.034100800,2,108,snapshot,64,8192,1.000000,1.000000,1.000000,{"1":5977,"2":2215},0.729614,0.270386,0.000000,0.000000,0.729614,0.270386,1.000000
0.034100800,2,108,read_only,256,26,1.000000,1.000000,1.000000,{"1":7,"2":38},0.192308,0.807692,0.000000,0.000000,0.192308,0.807692,1.000000
0.034100800,2,108,union,256,26,1.000000,1.000000,1.000000,{"1":7,"2":38},0.192308,0.807692,0.000000,0.000000,0.192308,0.807692,1.000000
0.034100800,2,108,snapshot,256,2578,0.727308,0.906808,0.727308,{"1":5977,"2":2215},0.610551,0.389061,0.000388,0.000000,0.610551,0.116757,0.299801
0.034100800,2,108,read_only,1024,19,1.000000,1.000000,1.000000,{"1":7,"2":38},0.210526,0.789474,0.000000,0.000000,0.210526,0.789474,1.000000
0.034100800,2,108,union,1024,19,1.000000,1.000000,1.000000,{"1":7,"2":38},0.210526,0.789474,0.000000,0.000000,0.210526,0.789474,1.000000
0.034100800,2,108,snapshot,1024,777,0.562420,0.863701,0.562420,{"1":5977,"2":2215},0.527671,0.469755,0.002574,0.000000,0.527671,0.034749,0.073569
0.034100800,2,108,read_only,4096,11,1.000000,1.000000,1.000000,{"1":7,"2":38},0.272727,0.727273,0.000000,0.000000,0.272727,0.727273,1.000000
0.034100800,2,108,union,4096,11,1.000000,1.000000,1.000000,{"1":7,"2":38},0.272727,0.727273,0.000000,0.000000,0.272727,0.727273,1.000000
0.034100800,2,108,snapshot,4096,222,0.522523,0.853144,0.522523,{"1":5977,"2":2215},0.486486,0.500000,0.013514,0.000000,0.486486,0.036036,0.070175
0.034100800,2,108,read_only,16384,7,1.000000,1.000000,1.000000,{"1":7,"2":38},0.285714,0.714286,0.000000,0.000000,0.285714,0.714286,1.000000
0.034100800,2,108,union,16384,7,1.000000,1.000000,1.000000,{"1":7,"2":38},0.285714,0.714286,0.000000,0.000000,0.285714,0.714286,1.000000
0.034100800,2,108,snapshot,16384,67,0.432836,0.817829,0.432836,{"1":5977,"2":2215},0.373134,0.582090,0.044776,0.000000,0.373134,0.059701,0.095238
0.034349950,2,109,read_only,64,248,1.000000,1.000000,1.000000,{"1":135,"2":113},0.544355,0.455645,0.000000,0.000000,0.544355,0.455645,1.000000
0.034349950,2,109,union,64,255,1.000000,1.000000,1.000000,{"1":142,"2":113},0.556863,0.443137,0.000000,0.000000,0.556863,0.443137,1.000000
0.034349950,2,109,snapshot,64,8192,1.000000,1.000000,1.000000,{"1":5893,"2":2299},0.719360,0.280640,0.000000,0.000000,0.719360,0.280640,1.000000
0.034349950,2,109,read_only,256,123,1.000000,1.000000,1.000000,{"1":135,"2":113},0.447154,0.552846,0.000000,0.000000,0.447154,0.552846,1.000000
0.034349950,2,109,union,256,129,0.992248,0.996124,0.992248,{"1":142,"2":113},0.472868,0.527132,0.000000,0.000000,0.472868,0.519380,0.985294
0.034349950,2,109,snapshot,256,2619,0.739595,0.911257,0.739595,{"1":5893,"2":2299},0.604429,0.395189,0.000382,0.000000,0.604429,0.135166,0.341699
0.034349950,2,109,read_only,1024,60,1.000000,1.000000,1.000000,{"1":135,"2":113},0.383333,0.616667,0.000000,0.000000,0.383333,0.616667,1.000000
0.034349950,2,109,union,1024,62,0.935484,0.984677,0.935484,{"1":142,"2":113},0.403226,0.596774,0.000000,0.000000,0.403226,0.532258,0.891892
0.034349950,2,109,snapshot,1024,798,0.572682,0.868633,0.572682,{"1":5893,"2":2299},0.521303,0.476190,0.002506,0.000000,0.521303,0.051378,0.107330
0.034349950,2,109,read_only,4096,24,1.000000,1.000000,1.000000,{"1":135,"2":113},0.333333,0.666667,0.000000,0.000000,0.333333,0.666667,1.000000
0.034349950,2,109,union,4096,24,0.875000,0.967460,0.875000,{"1":142,"2":113},0.333333,0.666667,0.000000,0.000000,0.333333,0.541667,0.812500
0.034349950,2,109,snapshot,4096,229,0.537118,0.860092,0.537118,{"1":5893,"2":2299},0.484716,0.506550,0.008734,0.000000,0.484716,0.052402,0.101695
0.034349950,2,109,read_only,16384,16,0.937500,0.987903,0.937500,{"1":135,"2":113},0.312500,0.687500,0.000000,0.000000,0.312500,0.625000,0.909091
0.034349950,2,109,union,16384,16,0.812500,0.950884,0.812500,{"1":142,"2":113},0.312500,0.687500,0.000000,0.000000,0.312500,0.500000,0.727273
0.034349950,2,109,snapshot,16384,70,0.457143,0.816653,0.457143,{"1":5893,"2":2299},0.385714,0.585714,0.028571,0.000000,0.385714,0.071429,0.116279
0.034586528,2,110,read_only,64,3,1.000000,1.000000,1.000000,{"1":3},1.000000,0.000000,0.000000,0.000000,1.000000,0.000000,-1.000000
0.034586528,2,110,union,64,3,1.000000,1.000000,1.000000,{"1":3},1.000000,0.000000,0.000000,0.000000,1.000000,0.000000,-1.000000
0.034586528,2,110,snapshot,64,8192,1.000000,1.000000,1.000000,{"1":5893,"2":2299},0.719360,0.280640,0.000000,0.000000,0.719360,0.280640,1.000000
0.034586528,2,110,read_only,256,3,1.000000,1.000000,1.000000,{"1":3},1.000000,0.000000,0.000000,0.000000,1.000000,0.000000,-1.000000
0.034586528,2,110,union,256,3,1.000000,1.000000,1.000000,{"1":3},1.000000,0.000000,0.000000,0.000000,1.000000,0.000000,-1.000000
0.034586528,2,110,snapshot,256,2622,0.740656,0.911677,0.740656,{"1":5893,"2":2299},0.605263,0.394355,0.000381,0.000000,0.605263,0.135393,0.342995
0.034586528,2,110,read_only,1024,2,1.000000,1.000000,1.000000,{"1":3},1.000000,0.000000,0.000000,0.000000,1.000000,0.000000,-1.000000
0.034586528,2,110,union,1024,2,1.000000,1.000000,1.000000,{"1":3},1.000000,0.000000,0.000000,0.000000,1.000000,0.000000,-1.000000
0.034586528,2,110,snapshot,1024,799,0.574468,0.869266,0.574468,{"1":5893,"2":2299},0.523154,0.474343,0.002503,0.000000,0.523154,0.051314,0.107612
0.034586528,2,110,read_only,4096,1,1.000000,1.000000,1.000000,{"1":3},1.000000,0.000000,0.000000,0.000000,1.000000,0.000000,-1.000000
0.034586528,2,110,union,4096,1,1.000000,1.000000,1.000000,{"1":3},1.000000,0.000000,0.000000,0.000000,1.000000,0.000000,-1.000000
0.034586528,2,110,snapshot,4096,229,0.541485,0.860821,0.541485,{"1":5893,"2":2299},0.489083,0.502183,0.008734,0.000000,0.489083,0.052402,0.102564
0.034586528,2,110,read_only,16384,1,1.000000,1.000000,1.000000,{"1":3},1.000000,0.000000,0.000000,0.000000,1.000000,0.000000,-1.000000
0.034586528,2,110,union,16384,1,1.000000,1.000000,1.000000,{"1":3},1.000000,0.000000,0.000000,0.000000,1.000000,0.000000,-1.000000
0.034586528,2,110,snapshot,16384,70,0.457143,0.816720,0.457143,{"1":5893,"2":2299},0.385714,0.585714,0.028571,0.000000,0.385714,0.071429,0.116279
0.034826281,2,111,read_only,64,885,1.000000,1.000000,1.000000,{"1":785,"2":100},0.887006,0.112994,0.000000,0.000000,0.887006,0.112994,1.000000
0.034826281,2,111,union,64,901,1.000000,1.000000,1.000000,{"1":801,"2":100},0.889012,0.110988,0.000000,0.000000,0.889012,0.110988,1.000000
0.034826281,2,111,snapshot,64,8192,1.000000,1.000000,1.000000,{"1":5955,"2":2237},0.726929,0.273071,0.000000,0.000000,0.726929,0.273071,1.000000
0.034826281,2,111,read_only,256,322,0.996894,0.998447,0.996894,{"1":785,"2":100},0.791925,0.204969,0.003106,0.000000,0.791925,0.204969,0.985075
0.034826281,2,111,union,256,326,0.978528,0.991309,0.978528,{"1":801,"2":100},0.794479,0.202454,0.003067,0.000000,0.794479,0.184049,0.895522
0.034826281,2,111,snapshot,256,2733,0.791438,0.928040,0.791438,{"1":5955,"2":2237},0.631175,0.368460,0.000366,0.000000,0.631175,0.160263,0.434524
0.034826281,2,111,read_only,1024,107,0.990654,0.998131,0.990654,{"1":785,"2":100},0.691589,0.299065,0.009346,0.000000,0.691589,0.299065,0.969697
0.034826281,2,111,union,1024,107,0.934579,0.985191,0.934579,{"1":801,"2":100},0.691589,0.299065,0.009346,0.000000,0.691589,0.242991,0.787879
0.034826281,2,111,snapshot,1024,840,0.641667,0.890871,0.641667,{"1":5955,"2":2237},0.560714,0.438095,0.001190,0.000000,0.560714,0.080952,0.184282
0.034826281,2,111,read_only,4096,30,0.966667,0.997917,0.966667,{"1":785,"2":100},0.666667,0.300000,0.033333,0.000000,0.666667,0.300000,0.900000
0.034826281,2,111,union,4096,30,0.900000,0.976839,0.900000,{"1":801,"2":100},0.666667,0.300000,0.033333,0.000000,0.666667,0.233333,0.700000
0.034826281,2,111,snapshot,4096,241,0.597510,0.881054,0.597510,{"1":5955,"2":2237},0.526971,0.464730,0.008299,0.000000,0.526971,0.070539,0.149123
0.034826281,2,111,read_only,16384,12,0.750000,0.979980,0.750000,{"1":785,"2":100},0.500000,0.416667,0.083333,0.000000,0.500000,0.250000,0.500000
0.034826281,2,111,union,16384,12,0.666667,0.940588,0.666667,{"1":801,"2":100},0.500000,0.416667,0.083333,0.000000,0.500000,0.166667,0.333333
0.034826281,2,111,snapshot,16384,76,0.486842,0.840846,0.486842,{"1":5955,"2":2237},0.407895,0.552632,0.039474,0.000000,0.407895,0.078947,0.133333
0.035061376,2,112,read_only,64,56,1.000000,1.000000,1.000000,{"1":1,"2":55},0.017857,0.982143,0.000000,0.000000,0.017857,0.982143,1.000000
0.035061376,2,112,union,64,62,1.000000,1.000000,1.000000,{"1":7,"2":55},0.112903,0.887097,0.000000,0.000000,0.112903,0.887097,1.000000
0.035061376,2,112,snapshot,64,8192,1.000000,1.000000,1.000000,{"1":5907,"2":2285},0.721069,0.278931,0.000000,0.000000,0.721069,0.278931,1.000000
0.035061376,2,112,read_only,256,39,1.000000,1.000000,1.000000,{"1":1,"2":55},0.025641,0.974359,0.000000,0.000000,0.025641,0.974359,1.000000
0.035061376,2,112,union,256,43,0.976744,0.988372,0.976744,{"1":7,"2":55},0.116279,0.883721,0.000000,0.000000,0.116279,0.860465,0.973684
0.035061376,2,112,snapshot,256,2739,0.794085,0.928806,0.794085,{"1":5907,"2":2285},0.625411,0.374224,0.000365,0.000000,0.625411,0.168675,0.450292
0.035061376,2,112,read_only,1024,24,1.000000,1.000000,1.000000,{"1":1,"2":55},0.041667,0.958333,0.000000,0.000000,0.041667,0.958333,1.000000
0.035061376,2,112,union,1024,25,0.880000,0.956000,0.880000,{"1":7,"2":55},0.080000,0.920000,0.000000,0.000000,0.080000,0.800000,0.869565
0.035061376,2,112,snapshot,1024,845,0.643787,0.891919,0.643787,{"1":5907,"2":2285},0.555030,0.443787,0.001183,0.000000,0.555030,0.088757,0.199468
0.035061376,2,112,read_only,4096,12,1.000000,1.000000,1.000000,{"1":1,"2":55},0.083333,0.916667,0.000000,0.000000,0.083333,0.916667,1.000000
0.035061376,2,112,union,4096,12,0.833333,0.942460,0.833333,{"1":7,"2":55},0.083333,0.916667,0.000000,0.000000,0.083333,0.750000,0.818182
0.035061376,2,112,snapshot,4096,242,0.599174,0.882594,0.599174,{"1":5907,"2":2285},0.520661,0.471074,0.008264,0.000000,0.520661,0.078512,0.163793
0.035061376,2,112,read_only,16384,8,1.000000,1.000000,1.000000,{"1":1,"2":55},0.125000,0.875000,0.000000,0.000000,0.125000,0.875000,1.000000
0.035061376,2,112,union,16384,8,0.750000,0.932759,0.750000,{"1":7,"2":55},0.125000,0.875000,0.000000,0.000000,0.125000,0.625000,0.714286
0.035061376,2,112,snapshot,16384,78,0.500000,0.845830,0.500000,{"1":5907,"2":2285},0.397436,0.564103,0.038462,0.000000,0.397436,0.102564,0.170213
0.035295356,2,113,read_only,64,8,1.000000,1.000000,1.000000,{"1":4,"2":4},0.500000,0.500000,0.000000,0.000000,0.500000,0.500000,1.000000
0.035295356,2,113,union,64,8,1.000000,1.000000,1.000000,{"1":4,"2":4},0.500000,0.500000,0.000000,0.000000,0.500000,0.500000,1.000000
0.035295356,2,113,snapshot,64,8192,1.000000,1.000000,1.000000,{"1":5906,"2":2286},0.720947,0.279053,0.000000,0.000000,0.720947,0.279053,1.000000
0.035295356,2,113,read_only,256,8,1.000000,1.000000,1.000000,{"1":4,"2":4},0.500000,0.500000,0.000000,0.000000,0.500000,0.500000,1.000000
0.035295356,2,113,union,256,8,1.000000,1.000000,1.000000,{"1":4,"2":4},0.500000,0.500000,0.000000,0.000000,0.500000,0.500000,1.000000
0.035295356,2,113,snapshot,256,2740,0.794161,0.928832,0.794161,{"1":5906,"2":2286},0.625182,0.374453,0.000365,0.000000,0.625182,0.168978,0.450828
0.035295356,2,113,read_only,1024,6,1.000000,1.000000,1.000000,{"1":4,"2":4},0.500000,0.500000,0.000000,0.000000,0.500000,0.500000,1.000000
0.035295356,2,113,union,1024,6,1.000000,1.000000,1.000000,{"1":4,"2":4},0.500000,0.500000,0.000000,0.000000,0.500000,0.500000,1.000000
0.035295356,2,113,snapshot,1024,846,0.646572,0.893704,0.646572,{"1":5906,"2":2286},0.554374,0.444444,0.001182,0.000000,0.554374,0.092199,0.206897
0.035295356,2,113,read_only,4096,4,1.000000,1.000000,1.000000,{"1":4,"2":4},0.500000,0.500000,0.000000,0.000000,0.500000,0.500000,1.000000
0.035295356,2,113,union,4096,4,1.000000,1.000000,1.000000,{"1":4,"2":4},0.500000,0.500000,0.000000,0.000000,0.500000,0.500000,1.000000
0.035295356,2,113,snapshot,4096,242,0.603306,0.884293,0.603306,{"1":5906,"2":2286},0.520661,0.471074,0.008264,0.000000,0.520661,0.082645,0.172414
0.035295356,2,113,read_only,16384,4,1.000000,1.000000,1.000000,{"1":4,"2":4},0.500000,0.500000,0.000000,0.000000,0.500000,0.500000,1.000000
0.035295356,2,113,union,16384,4,1.000000,1.000000,1.000000,{"1":4,"2":4},0.500000,0.500000,0.000000,0.000000,0.500000,0.500000,1.000000
0.035295356,2,113,snapshot,16384,78,0.500000,0.846511,0.500000,{"1":5906,"2":2286},0.397436,0.564103,0.038462,0.000000,0.397436,0.102564,0.170213
0.035610943,2,114,read_only,64,448,1.000000,1.000000,1.000000,{"1":237,"2":211},0.529018,0.470982,0.000000,0.000000,0.529018,0.470982,1.000000
0.035610943,2,114,union,64,472,1.000000,1.000000,1.000000,{"1":261,"2":211},0.552966,0.447034,0.000000,0.000000,0.552966,0.447034,1.000000
0.035610943,2,114,snapshot,64,8192,1.000000,1.000000,1.000000,{"1":5776,"2":2416},0.705078,0.294922,0.000000,0.000000,0.705078,0.294922,1.000000
0.035610943,2,114,read_only,256,239,1.000000,1.000000,1.000000,{"1":237,"2":211},0.393305,0.606695,0.000000,0.000000,0.393305,0.606695,1.000000
0.035610943,2,114,union,256,253,0.988142,0.996047,0.988142,{"1":261,"2":211},0.426877,0.573123,0.000000,0.000000,0.426877,0.561265,0.979310
0.035610943,2,114,snapshot,256,2806,0.812188,0.934604,0.812188,{"1":5776,"2":2416},0.596935,0.402708,0.000356,0.000000,0.596935,0.215253,0.534041
0.035610943,2,114,read_only,1024,116,1.000000,1.000000,1.000000,{"1":237,"2":211},0.353448,0.646552,0.000000,0.000000,0.353448,0.646552,1.000000
0.035610943,2,114,union,1024,122,0.934426,0.978962,0.934426,{"1":261,"2":211},0.385246,0.614754,0.000000,0.000000,0.385246,0.549180,0.893333
0.035610943,2,114,snapshot,1024,873,0.668958,0.907881,0.668958,{"1":5776,"2":2416},0.528064,0.470790,0.001145,0.000000,0.528064,0.140893,0.298544
0.035610943,2,114,read_only,4096,51,1.000000,1.000000,1.000000,{"1":237,"2":211},0.352941,0.647059,0.000000,0.000000,0.352941,0.647059,1.000000
0.035610943,2,114,union,4096,53,0.905660,0.973333,0.905660,{"1":261,"2":211},0.377358,0.622642,0.000000,0.000000,0.377358,0.528302,0.848485
0.035610943,2,114,snapshot,4096,254,0.622047,0.895984,0.622047,{"1":5776,"2":2416},0.484252,0.507874,0.007874,0.000000,0.484252,0.137795,0.267176
0.035610943,2,114,read_only,16384,25,0.960000,0.998095,0.960000,{"1":237,"2":211},0.280000,0.720000,0.000000,0.000000,0.280000,0.680000,0.944444
0.035610943,2,114,union,16384,25,0.800000,0.962139,0.800000,{"1":261,"2":211},0.280000,0.720000,0.000000,0.000000,0.280000,0.520000,0.722222
0.035610943,2,114,snapshot,16384,78,0.512821,0.853809,0.512821,{"1":5776,"2":2416},0.384615,0.564103,0.051282,0.000000,0.384615,0.128205,0.208333
0.035844751,2,115,read_only,64,21,1.000000,1.000000,1.000000,{"1":19,"2":2},0.904762,0.095238,0.000000,0.000000,0.904762,0.095238,1.000000
0.035844751,2,115,union,64,21,1.000000,1.000000,1.000000,{"1":19,"2":2},0.904762,0.095238,0.000000,0.000000,0.904762,0.095238,1.000000
0.035844751,2,115,snapshot,64,8192,1.000000,1.000000,1.000000,{"0":3,"1":5777,"2":2412},0.705200,0.294434,0.000000,0.000000,0.705200,0.294434,1.000000
0.035844751,2,115,read_only,256,11,1.000000,1.000000,1.000000,{"1":19,"2":2},0.818182,0.181818,0.000000,0.000000,0.818182,0.181818,1.000000
0.035844751,2,115,union,256,11,1.000000,1.000000,1.000000,{"1":19,"2":2},0.818182,0.181818,0.000000,0.000000,0.818182,0.181818,1.000000
0.035844751,2,115,snapshot,256,2809,0.812389,0.934615,0.812389,{"0":3,"1":5777,"2":2412},0.597366,0.401922,0.000356,0.000000,0.597010,0.215023,0.534513
0.035844751,2,115,read_only,1024,6,1.000000,1.000000,1.000000,{"1":19,"2":2},0.666667,0.333333,0.000000,0.000000,0.666667,0.333333,1.000000
0.035844751,2,115,union,1024,6,1.000000,1.000000,1.000000,{"1":19,"2":2},0.666667,0.333333,0.000000,0.000000,0.666667,0.333333,1.000000
0.035844751,2,115,snapshot,1024,874,0.669336,0.908257,0.669336,{"0":3,"1":5777,"2":2412},0.529748,0.469108,0.001144,0.000000,0.528604,0.140732,0.299270
0.035844751,2,115,read_only,4096,5,1.000000,1.000000,1.000000,{"1":19,"2":2},0.600000,0.400000,0.000000,0.000000,0.600000,0.400000,1.000000
0.035844751,2,115,union,4096,5,1.000000,1.000000,1.000000,{"1":19,"2":2},0.600000,0.400000,0.000000,0.000000,0.600000,0.400000,1.000000
0.035844751,2,115,snapshot,4096,256,0.625000,0.897503,0.625000,{"0":3,"1":5777,"2":2412},0.492188,0.500000,0.007812,0.000000,0.488281,0.136719,0.269231
0.035844751,2,115,read_only,16384,5,1.000000,1.000000,1.000000,{"1":19,"2":2},0.600000,0.400000,0.000000,0.000000,0.600000,0.400000,1.000000
0.035844751,2,115,union,16384,5,1.000000,1.000000,1.000000,{"1":19,"2":2},0.600000,0.400000,0.000000,0.000000,0.600000,0.400000,1.000000
0.035844751,2,115,snapshot,16384,79,0.506329,0.853179,0.506329,{"0":3,"1":5777,"2":2412},0.392405,0.556962,0.050633,0.000000,0.379747,0.126582,0.208333
0.036084580,2,116,read_only,64,861,1.000000,1.000000,1.000000,{"1":708,"2":153},0.822300,0.177700,0.000000,0.000000,0.822300,0.177700,1.000000
0.036084580,2,116,union,64,874,1.000000,1.000000,1.000000,{"1":721,"2":153},0.824943,0.175057,0.000000,0.000000,0.824943,0.175057,1.000000
0.036084580,2,116,snapshot,64,8192,1.000000,1.000000,1.000000,{"1":5910,"2":2282},0.721436,0.278564,0.000000,0.000000,0.721436,0.278564,1.000000
0.036084580,2,116,read_only,256,385,1.000000,1.000000,1.000000,{"1":708,"2":153},0.703896,0.296104,0.000000,0.000000,0.703896,0.296104,1.000000
0.036084580,2,116,union,256,392,0.992347,0.996173,0.992347,{"1":721,"2":153},0.709184,0.290816,0.000000,0.000000,0.709184,0.283163,0.973684
0.036084580,2,116,snapshot,256,2940,0.861224,0.950879,0.861224,{"1":5910,"2":2282},0.623469,0.376190,0.000340,0.000000,0.623469,0.237755,0.631436
0.036084580,2,116,read_only,1024,161,1.000000,1.000000,1.000000,{"1":708,"2":153},0.565217,0.434783,0.000000,0.000000,0.565217,0.434783,1.000000
0.036084580,2,116,union,1024,164,0.981707,0.991870,0.981707,{"1":721,"2":153},0.573171,0.426829,0.000000,0.000000,0.573171,0.408537,0.957143
0.036084580,2,116,snapshot,1024,932,0.731760,0.927630,0.731760,{"1":5910,"2":2282},0.552575,0.446352,0.001073,0.000000,0.552575,0.179185,0.400480
0.036084580,2,116,read_only,4096,56,1.000000,1.000000,1.000000,{"1":708,"2":153},0.482143,0.517857,0.000000,0.000000,0.482143,0.517857,1.000000
0.036084580,2,116,union,4096,56,0.946429,0.983036,0.946429,{"1":721,"2":153},0.482143,0.517857,0.000000,0.000000,0.482143,0.464286,0.896552
0.036084580,2,116,snapshot,4096,270,0.666667,0.917986,0.666667,{"1":5910,"2":2282},0.511111,0.481481,0.007407,0.000000,0.511111,0.155556,0.318182
0.036084580,2,116,read_only,16384,26,0.923077,0.984917,0.923077,{"1":708,"2":153},0.346154,0.653846,0.000000,0.000000,0.346154,0.576923,0.882353
0.036084580,2,116,union,16384,26,0.884615,0.977225,0.884615,{"1":721,"2":153},0.346154,0.653846,0.000000,0.000000,0.346154,0.538462,0.823529
0.036084580,2,116,snapshot,16384,84,0.547619,0.874098,0.547619,{"1":5910,"2":2282},0.416667,0.535714,0.047619,0.000000,0.416667,0.130952,0.224490
0.036322182,2,117,read_only,64,217,1.000000,1.000000,1.000000,{"1":26,"2":191},0.119816,0.880184,0.000000,0.000000,0.119816,0.880184,1.000000
0.036322182,2,117,union,64,217,1.000000,1.000000,1.000000,{"1":26,"2":191},0.119816,0.880184,0.000000,0.000000,0.119816,0.880184,1.000000
0.036322182,2,117,snapshot,64,8192,1.000000,1.000000,1.000000,{"1":5783,"2":2409},0.705933,0.294067,0.000000,0.000000,0.705933,0.294067,1.000000
0.036322182,2,117,read_only,256,155,1.000000,1.000000,1.000000,{"1":26,"2":191},0.116129,0.883871,0.000000,0.000000,0.116129,0.883871,1.000000
0.036322182,2,117,union,256,155,1.000000,1.000000,1.000000,{"1":26,"2":191},0.116129,0.883871,0.000000,0.000000,0.116129,0.883871,1.000000
0.036322182,2,117,snapshot,256,2972,0.873822,0.955165,0.873822,{"1":5783,"2":2409},0.608681,0.390983,0.000336,0.000000,0.608681,0.265141,0.677558
0.036322182,2,117,read_only,1024,91,1.000000,1.000000,1.000000,{"1":26,"2":191},0.142857,0.857143,0.000000,0.000000,0.142857,0.857143,1.000000
0.036322182,2,117,union,1024,91,1.000000,1.000000,1.000000,{"1":26,"2":191},0.142857,0.857143,0.000000,0.000000,0.142857,0.857143,1.000000
0.036322182,2,117,snapshot,1024,950,0.752632,0.935093,0.752632,{"1":5783,"2":2409},0.546316,0.452632,0.001053,0.000000,0.546316,0.206316,0.454756
0.036322182,2,117,read_only,4096,41,1.000000,1.000000,1.000000,{"1":26,"2":191},0.195122,0.804878,0.000000,0.000000,0.195122,0.804878,1.000000
0.036322182,2,117,union,4096,41,1.000000,1.000000,1.000000,{"1":26,"2":191},0.195122,0.804878,0.000000,0.000000,0.195122,0.804878,1.000000
0.036322182,2,117,snapshot,4096,273,0.681319,0.926157,0.681319,{"1":5783,"2":2409},0.512821,0.479853,0.007326,0.000000,0.512821,0.168498,0.345865
0.036322182,2,117,read_only,16384,18,1.000000,1.000000,1.000000,{"1":26,"2":191},0.277778,0.722222,0.000000,0.000000,0.277778,0.722222,1.000000
0.036322182,2,117,union,16384,18,1.000000,1.000000,1.000000,{"1":26,"2":191},0.277778,0.722222,0.000000,0.000000,0.277778,0.722222,1.000000
0.036322182,2,117,snapshot,16384,84,0.559524,0.884708,0.559524,{"1":5783,"2":2409},0.428571,0.523810,0.047619,0.000000,0.428571,0.130952,0.229167
0.036558426,2,118,read_only,64,71,1.000000,1.000000,1.000000,{"1":3,"2":68},0.042254,0.957746,0.000000,0.000000,0.042254,0.957746,1.000000
0.036558426,2,118,union,64,75,1.000000,1.000000,1.000000,{"1":7,"2":68},0.093333,0.906667,0.000000,0.000000,0.093333,0.906667,1.000000
0.036558426,2,118,snapshot,64,8192,1.000000,1.000000,1.000000,{"1":5742,"2":2450},0.700928,0.299072,0.000000,0.000000,0.700928,0.299072,1.000000
0.036558426,2,118,read_only,256,57,1.000000,1.000000,1.000000,{"1":3,"2":68},0.052632,0.947368,0.000000,0.000000,0.052632,0.947368,1.000000
0.036558426,2,118,union,256,61,1.000000,1.000000,1.000000,{"1":7,"2":68},0.114754,0.885246,0.000000,0.000000,0.114754,0.885246,1.000000
0.036558426,2,118,snapshot,256,2974,0.877942,0.956848,0.877942,{"1":5742,"2":2450},0.606927,0.392737,0.000336,0.000000,0.606927,0.271015,0.689478
0.036558426,2,118,read_only,1024,40,1.000000,1.000000,1.000000,{"1":3,"2":68},0.075000,0.925000,0.000000,0.000000,0.075000,0.925000,1.000000
0.036558426,2,118,union,1024,43,0.976744,0.988372,0.976744,{"1":7,"2":68},0.139535,0.860465,0.000000,0.000000,0.139535,0.837209,0.972973
0.036558426,2,118,snapshot,1024,949,0.754478,0.935981,0.754478,{"1":5742,"2":2450},0.542677,0.456270,0.001054,0.000000,0.542677,0.211802,0.463134
0.036558426,2,118,read_only,4096,18,1.000000,1.000000,1.000000,{"1":3,"2":68},0.111111,0.888889,0.000000,0.000000,0.111111,0.888889,1.000000
0.036558426,2,118,union,4096,19,0.947368,0.978947,0.947368,{"1":7,"2":68},0.157895,0.842105,0.000000,0.000000,0.157895,0.789474,0.937500
0.036558426,2,118,snapshot,4096,274,0.682482,0.926343,0.682482,{"1":5742,"2":2450},0.510949,0.481752,0.007299,0.000000,0.510949,0.171533,0.350746
0.036558426,2,118,read_only,16384,11,1.000000,1.000000,1.000000,{"1":3,"2":68},0.181818,0.818182,0.000000,0.000000,0.181818,0.818182,1.000000
0.036558426,2,118,union,16384,12,0.916667,0.976190,0.916667,{"1":7,"2":68},0.250000,0.750000,0.000000,0.000000,0.250000,0.666667,0.888889
0.036558426,2,118,snapshot,16384,84,0.547619,0.881493,0.547619,{"1":5742,"2":2450},0.416667,0.535714,0.047619,0.000000,0.416667,0.130952,0.224490
0.036797702,2,119,read_only,64,68,1.000000,1.000000,1.000000,{"1":33,"2":35},0.485294,0.514706,0.000000,0.000000,0.485294,0.514706,1.000000
0.036797702,2,119,union,64,69,1.000000,1.000000,1.000000,{"1":34,"2":35},0.492754,0.507246,0.000000,0.000000,0.492754,0.507246,1.000000
0.036797702,2,119,snapshot,64,8192,1.000000,1.000000,1.000000,{"1":5724,"2":2468},0.698730,0.301270,0.000000,0.000000,0.698730,0.301270,1.000000
0.036797702,2,119,read_only,256,44,1.000000,1.000000,1.000000,{"1":33,"2":35},0.431818,0.568182,0.000000,0.000000,0.431818,0.568182,1.000000
0.036797702,2,119,union,256,44,0.977273,0.992424,0.977273,{"1":34,"2":35},0.431818,0.568182,0.000000,0.000000,0.431818,0.545455,0.960000
0.036797702,2,119,snapshot,256,2981,0.880912,0.958263,0.880912,{"1":5724,"2":2468},0.606172,0.393492,0.000335,0.000000,0.606172,0.274740,0.697615
0.036797702,2,119,read_only,1024,32,1.000000,1.000000,1.000000,{"1":33,"2":35},0.406250,0.593750,0.000000,0.000000,0.406250,0.593750,1.000000
0.036797702,2,119,union,1024,32,0.968750,0.992188,0.968750,{"1":34,"2":35},0.406250,0.593750,0.000000,0.000000,0.406250,0.562500,0.947368
0.036797702,2,119,snapshot,1024,950,0.755789,0.936796,0.755789,{"1":5724,"2":2468},0.538947,0.460000,0.001053,0.000000,0.538947,0.216842,0.470320
0.036797702,2,119,read_only,4096,17,1.000000,1.000000,1.000000,{"1":33,"2":35},0.411765,0.588235,0.000000,0.000000,0.411765,0.588235,1.000000
0.036797702,2,119,union,4096,17,0.941176,0.996078,0.941176,{"1":34,"2":35},0.411765,0.588235,0.000000,0.000000,0.411765,0.529412,0.900000
0.036797702,2,119,snapshot,4096,274,0.689781,0.928366,0.689781,{"1":5724,"2":2468},0.507299,0.485401,0.007299,0.000000,0.507299,0.182482,0.370370
0.036797702,2,119,read_only,16384,11,1.000000,1.000000,1.000000,{"1":33,"2":35},0.454545,0.545455,0.000000,0.000000,0.454545,0.545455,1.000000
0.036797702,2,119,union,16384,11,0.909091,0.993939,0.909091,{"1":34,"2":35},0.454545,0.545455,0.000000,0.000000,0.454545,0.454545,0.833333
0.036797702,2,119,snapshot,16384,84,0.559524,0.887063,0.559524,{"1":5724,"2":2468},0.416667,0.535714,0.047619,0.000000,0.416667,0.142857,0.244898
0.037031996,2,120,snapshot,64,8192,1.000000,1.000000,1.000000,{"1":5724,"2":2468},0.698730,0.301270,0.000000,0.000000,0.698730,0.301270,1.000000
0.037031996,2,120,snapshot,256,2981,0.880912,0.958263,0.880912,{"1":5724,"2":2468},0.606172,0.393492,0.000335,0.000000,0.606172,0.274740,0.697615
0.037031996,2,120,snapshot,1024,950,0.755789,0.936796,0.755789,{"1":5724,"2":2468},0.538947,0.460000,0.001053,0.000000,0.538947,0.216842,0.470320
0.037031996,2,120,snapshot,4096,274,0.689781,0.928366,0.689781,{"1":5724,"2":2468},0.507299,0.485401,0.007299,0.000000,0.507299,0.182482,0.370370
0.037031996,2,120,snapshot,16384,84,0.559524,0.887063,0.559524,{"1":5724,"2":2468},0.416667,0.535714,0.047619,0.000000,0.416667,0.142857,0.244898
0.037265665,2,121,snapshot,64,8192,1.000000,1.000000,1.000000,{"1":5724,"2":2468},0.698730,0.301270,0.000000,0.000000,0.698730,0.301270,1.000000
0.037265665,2,121,snapshot,256,2981,0.880912,0.958263,0.880912,{"1":5724,"2":2468},0.606172,0.393492,0.000335,0.000000,0.606172,0.274740,0.697615
0.037265665,2,121,snapshot,1024,950,0.755789,0.936796,0.755789,{"1":5724,"2":2468},0.538947,0.460000,0.001053,0.000000,0.538947,0.216842,0.470320
0.037265665,2,121,snapshot,4096,274,0.689781,0.928366,0.689781,{"1":5724,"2":2468},0.507299,0.485401,0.007299,0.000000,0.507299,0.182482,0.370370
0.037265665,2,121,snapshot,16384,84,0.559524,0.887063,0.559524,{"1":5724,"2":2468},0.416667,0.535714,0.047619,0.000000,0.416667,0.142857,0.244898
0.037547487,2,122,read_only,64,37,1.000000,1.000000,1.000000,{"1":17,"2":20},0.459459,0.540541,0.000000,0.000000,0.459459,0.540541,1.000000
0.037547487,2,122,union,64,41,1.000000,1.000000,1.000000,{"1":21,"2":20},0.512195,0.487805,0.000000,0.000000,0.512195,0.487805,1.000000
0.037547487,2,122,snapshot,64,8192,1.000000,1.000000,1.000000,{"1":5720,"2":2472},0.698242,0.301758,0.000000,0.000000,0.698242,0.301758,1.000000
0.037547487,2,122,read_only,256,33,1.000000,1.000000,1.000000,{"1":17,"2":20},0.454545,0.545455,0.000000,0.000000,0.454545,0.545455,1.000000
0.037547487,2,122,union,256,36,0.972222,0.986111,0.972222,{"1":21,"2":20},0.500000,0.500000,0.000000,0.000000,0.500000,0.472222,0.944444
0.037547487,2,122,snapshot,256,2986,0.880442,0.958110,0.880442,{"1":5720,"2":2472},0.606832,0.392833,0.000335,0.000000,0.606832,0.273610,0.695911
0.037547487,2,122,read_only,1024,19,1.000000,1.000000,1.000000,{"1":17,"2":20},0.368421,0.631579,0.000000,0.000000,0.368421,0.631579,1.000000
0.037547487,2,122,union,1024,21,0.952381,0.992063,0.952381,{"1":21,"2":20},0.428571,0.571429,0.000000,0.000000,0.428571,0.523810,0.916667
0.037547487,2,122,snapshot,1024,949,0.755532,0.937185,0.755532,{"1":5720,"2":2472},0.541623,0.457323,0.001054,0.000000,0.541623,0.213909,0.466667
0.037547487,2,122,read_only,4096,10,1.000000,1.000000,1.000000,{"1":17,"2":20},0.500000,0.500000,0.000000,0.000000,0.500000,0.500000,1.000000
0.037547487,2,122,union,4096,11,0.818182,0.961433,0.818182,{"1":21,"2":20},0.545455,0.454545,0.000000,0.000000,0.545455,0.272727,0.600000
0.037547487,2,122,snapshot,4096,274,0.689781,0.928727,0.689781,{"1":5720,"2":2472},0.507299,0.485401,0.007299,0.000000,0.507299,0.182482,0.370370
0.037547487,2,122,read_only,16384,9,1.000000,1.000000,1.000000,{"1":17,"2":20},0.444444,0.555556,0.000000,0.000000,0.444444,0.555556,1.000000
0.037547487,2,122,union,16384,10,0.800000,0.957576,0.800000,{"1":21,"2":20},0.500000,0.500000,0.000000,0.000000,0.500000,0.300000,0.600000
0.037547487,2,122,snapshot,16384,84,0.559524,0.888196,0.559524,{"1":5720,"2":2472},0.416667,0.535714,0.047619,0.000000,0.416667,0.142857,0.244898
0.037780418,2,123,snapshot,64,8192,1.000000,1.000000,1.000000,{"1":5720,"2":2472},0.698242,0.301758,0.000000,0.000000,0.698242,0.301758,1.000000
0.037780418,2,123,snapshot,256,2986,0.880442,0.958110,0.880442,{"1":5720,"2":2472},0.606832,0.392833,0.000335,0.000000,0.606832,0.273610,0.695911
0.037780418,2,123,snapshot,1024,949,0.755532,0.937185,0.755532,{"1":5720,"2":2472},0.541623,0.457323,0.001054,0.000000,0.541623,0.213909,0.466667
0.037780418,2,123,snapshot,4096,274,0.689781,0.928727,0.689781,{"1":5720,"2":2472},0.507299,0.485401,0.007299,0.000000,0.507299,0.182482,0.370370
0.037780418,2,123,snapshot,16384,84,0.559524,0.888196,0.559524,{"1":5720,"2":2472},0.416667,0.535714,0.047619,0.000000,0.416667,0.142857,0.244898
0.038064961,2,124,read_only,64,18,1.000000,1.000000,1.000000,{"1":6,"2":12},0.333333,0.666667,0.000000,0.000000,0.333333,0.666667,1.000000
0.038064961,2,124,union,64,19,1.000000,1.000000,1.000000,{"1":7,"2":12},0.368421,0.631579,0.000000,0.000000,0.368421,0.631579,1.000000
0.038064961,2,124,snapshot,64,8192,1.000000,1.000000,1.000000,{"1":5716,"2":2476},0.697754,0.302246,0.000000,0.000000,0.697754,0.302246,1.000000
0.038064961,2,124,read_only,256,16,1.000000,1.000000,1.000000,{"1":6,"2":12},0.375000,0.625000,0.000000,0.000000,0.375000,0.625000,1.000000
0.038064961,2,124,union,256,17,1.000000,1.000000,1.000000,{"1":7,"2":12},0.411765,0.588235,0.000000,0.000000,0.411765,0.588235,1.000000
0.038064961,2,124,snapshot,256,2993,0.881056,0.958319,0.881056,{"1":5716,"2":2476},0.605413,0.394253,0.000334,0.000000,0.605413,0.275643,0.698561
0.038064961,2,124,read_only,1024,14,1.000000,1.000000,1.000000,{"1":6,"2":12},0.357143,0.642857,0.000000,0.000000,0.357143,0.642857,1.000000
0.038064961,2,124,union,1024,15,1.000000,1.000000,1.000000,{"1":7,"2":12},0.400000,0.600000,0.000000,0.000000,0.400000,0.600000,1.000000
0.038064961,2,124,snapshot,1024,951,0.754995,0.937227,0.754995,{"1":5716,"2":2476},0.539432,0.459516,0.001052,0.000000,0.539432,0.215563,0.468037
0.038064961,2,124,read_only,4096,9,1.000000,1.000000,1.000000,{"1":6,"2":12},0.333333,0.666667,0.000000,0.000000,0.333333,0.666667,1.000000
0.038064961,2,124,union,4096,10,1.000000,1.000000,1.000000,{"1":7,"2":12},0.400000,0.600000,0.000000,0.000000,0.400000,0.600000,1.000000
0.038064961,2,124,snapshot,4096,275,0.687273,0.928443,0.687273,{"1":5716,"2":2476},0.501818,0.490909,0.007273,0.000000,0.501818,0.185455,0.372263
0.038064961,2,124,read_only,16384,9,1.000000,1.000000,1.000000,{"1":6,"2":12},0.333333,0.666667,0.000000,0.000000,0.333333,0.666667,1.000000
0.038064961,2,124,union,16384,10,1.000000,1.000000,1.000000,{"1":7,"2":12},0.400000,0.600000,0.000000,0.000000,0.400000,0.600000,1.000000
0.038064961,2,124,snapshot,16384,84,0.559524,0.888230,0.559524,{"1":5716,"2":2476},0.416667,0.535714,0.047619,0.000000,0.416667,0.142857,0.244898
0.038297826,2,125,snapshot,64,8192,1.000000,1.000000,1.000000,{"1":5716,"2":2476},0.697754,0.302246,0.000000,0.000000,0.697754,0.302246,1.000000
0.038297826,2,125,snapshot,256,2993,0.881056,0.958319,0.881056,{"1":5716,"2":2476},0.605413,0.394253,0.000334,0.000000,0.605413,0.275643,0.698561
0.038297826,2,125,snapshot,1024,951,0.754995,0.937227,0.754995,{"1":5716,"2":2476},0.539432,0.459516,0.001052,0.000000,0.539432,0.215563,0.468037
0.038297826,2,125,snapshot,4096,275,0.687273,0.928443,0.687273,{"1":5716,"2":2476},0.501818,0.490909,0.007273,0.000000,0.501818,0.185455,0.372263
0.038297826,2,125,snapshot,16384,84,0.559524,0.888230,0.559524,{"1":5716,"2":2476},0.416667,0.535714,0.047619,0.000000,0.416667,0.142857,0.244898
0.038575373,2,126,read_only,64,1,1.000000,1.000000,1.000000,{"1":1},1.000000,0.000000,0.000000,0.000000,1.000000,0.000000,-1.000000
0.038575373,2,126,union,64,1,1.000000,1.000000,1.000000,{"1":1},1.000000,0.000000,0.000000,0.000000,1.000000,0.000000,-1.000000
0.038575373,2,126,read_only,256,1,1.000000,1.000000,1.000000,{"1":1},1.000000,0.000000,0.000000,0.000000,1.000000,0.000000,-1.000000
0.038575373,2,126,union,256,1,1.000000,1.000000,1.000000,{"1":1},1.000000,0.000000,0.000000,0.000000,1.000000,0.000000,-1.000000
0.038575373,2,126,read_only,1024,1,1.000000,1.000000,1.000000,{"1":1},1.000000,0.000000,0.000000,0.000000,1.000000,0.000000,-1.000000
0.038575373,2,126,union,1024,1,1.000000,1.000000,1.000000,{"1":1},1.000000,0.000000,0.000000,0.000000,1.000000,0.000000,-1.000000
0.038575373,2,126,read_only,4096,1,1.000000,1.000000,1.000000,{"1":1},1.000000,0.000000,0.000000,0.000000,1.000000,0.000000,-1.000000
0.038575373,2,126,union,4096,1,1.000000,1.000000,1.000000,{"1":1},1.000000,0.000000,0.000000,0.000000,1.000000,0.000000,-1.000000
0.038575373,2,126,read_only,16384,1,1.000000,1.000000,1.000000,{"1":1},1.000000,0.000000,0.000000,0.000000,1.000000,0.000000,-1.000000
0.038575373,2,126,union,16384,1,1.000000,1.000000,1.000000,{"1":1},1.000000,0.000000,0.000000,0.000000,1.000000,0.000000,-1.000000
0.039440839,2,129,read_only,64,1985,1.000000,1.000000,1.000000,{"1":1985},1.000000,0.000000,0.000000,0.000000,1.000000,0.000000,-1.000000
0.039440839,2,129,union,64,1985,1.000000,1.000000,1.000000,{"1":1985},1.000000,0.000000,0.000000,0.000000,1.000000,0.000000,-1.000000
0.039440839,2,129,snapshot,64,1985,1.000000,1.000000,1.000000,{"1":1985},1.000000,0.000000,0.000000,0.000000,1.000000,0.000000,-1.000000
0.039440839,2,129,read_only,256,497,1.000000,1.000000,1.000000,{"1":1985},1.000000,0.000000,0.000000,0.000000,1.000000,0.000000,-1.000000
0.039440839,2,129,union,256,497,1.000000,1.000000,1.000000,{"1":1985},1.000000,0.000000,0.000000,0.000000,1.000000,0.000000,-1.000000
0.039440839,2,129,snapshot,256,497,1.000000,1.000000,1.000000,{"1":1985},1.000000,0.000000,0.000000,0.000000,1.000000,0.000000,-1.000000
0.039440839,2,129,read_only,1024,125,1.000000,1.000000,1.000000,{"1":1985},1.000000,0.000000,0.000000,0.000000,1.000000,0.000000,-1.000000
0.039440839,2,129,union,1024,125,1.000000,1.000000,1.000000,{"1":1985},1.000000,0.000000,0.000000,0.000000,1.000000,0.000000,-1.000000
0.039440839,2,129,snapshot,1024,125,1.000000,1.000000,1.000000,{"1":1985},1.000000,0.000000,0.000000,0.000000,1.000000,0.000000,-1.000000
0.039440839,2,129,read_only,4096,32,1.000000,1.000000,1.000000,{"1":1985},1.000000,0.000000,0.000000,0.000000,1.000000,0.000000,-1.000000
0.039440839,2,129,union,4096,32,1.000000,1.000000,1.000000,{"1":1985},1.000000,0.000000,0.000000,0.000000,1.000000,0.000000,-1.000000
0.039440839,2,129,snapshot,4096,32,1.000000,1.000000,1.000000,{"1":1985},1.000000,0.000000,0.000000,0.000000,1.000000,0.000000,-1.000000
0.039440839,2,129,read_only,16384,10,0.700000,0.866321,0.700000,{"1":1985},0.700000,0.200000,0.100000,0.000000,0.700000,0.000000,0.000000
0.039440839,2,129,union,16384,10,0.700000,0.866321,0.700000,{"1":1985},0.700000,0.200000,0.100000,0.000000,0.700000,0.000000,0.000000
0.039440839,2,129,snapshot,16384,10,0.700000,0.866321,0.700000,{"1":1985},0.700000,0.200000,0.100000,0.000000,0.700000,0.000000,0.000000
0.039729641,2,130,snapshot,64,1985,1.000000,1.000000,1.000000,{"1":1985},1.000000,0.000000,0.000000,0.000000,1.000000,0.000000,-1.000000
0.039729641,2,130,snapshot,256,497,1.000000,1.000000,1.000000,{"1":1985},1.000000,0.000000,0.000000,0.000000,1.000000,0.000000,-1.000000
0.039729641,2,130,snapshot,1024,125,1.000000,1.000000,1.000000,{"1":1985},1.000000,0.000000,0.000000,0.000000,1.000000,0.000000,-1.000000
0.039729641,2,130,snapshot,4096,32,1.000000,1.000000,1.000000,{"1":1985},1.000000,0.000000,0.000000,0.000000,1.000000,0.000000,-1.000000
0.039729641,2,130,snapshot,16384,10,0.700000,0.866321,0.700000,{"1":1985},0.700000,0.200000,0.100000,0.000000,0.700000,0.000000,0.000000
0.039962684,2,131,snapshot,64,1985,1.000000,1.000000,1.000000,{"1":1985},1.000000,0.000000,0.000000,0.000000,1.000000,0.000000,-1.000000
0.039962684,2,131,snapshot,256,497,1.000000,1.000000,1.000000,{"1":1985},1.000000,0.000000,0.000000,0.000000,1.000000,0.000000,-1.000000
0.039962684,2,131,snapshot,1024,125,1.000000,1.000000,1.000000,{"1":1985},1.000000,0.000000,0.000000,0.000000,1.000000,0.000000,-1.000000
0.039962684,2,131,snapshot,4096,32,1.000000,1.000000,1.000000,{"1":1985},1.000000,0.000000,0.000000,0.000000,1.000000,0.000000,-1.000000
0.039962684,2,131,snapshot,16384,10,0.700000,0.866321,0.700000,{"1":1985},0.700000,0.200000,0.100000,0.000000,0.700000,0.000000,0.000000
0.040524837,2,132,snapshot,64,1985,1.000000,1.000000,1.000000,{"1":1985},1.000000,0.000000,0.000000,0.000000,1.000000,0.000000,-1.000000
0.040524837,2,132,snapshot,256,497,1.000000,1.000000,1.000000,{"1":1985},1.000000,0.000000,0.000000,0.000000,1.000000,0.000000,-1.000000
0.040524837,2,132,snapshot,1024,125,1.000000,1.000000,1.000000,{"1":1985},1.000000,0.000000,0.000000,0.000000,1.000000,0.000000,-1.000000
0.040524837,2,132,snapshot,4096,32,1.000000,1.000000,1.000000,{"1":1985},1.000000,0.000000,0.000000,0.000000,1.000000,0.000000,-1.000000
0.040524837,2,132,snapshot,16384,10,0.700000,0.866321,0.700000,{"1":1985},0.700000,0.200000,0.100000,0.000000,0.700000,0.000000,0.000000
0.040757880,2,133,snapshot,64,1985,1.000000,1.000000,1.000000,{"1":1985},1.000000,0.000000,0.000000,0.000000,1.000000,0.000000,-1.000000
0.040757880,2,133,snapshot,256,497,1.000000,1.000000,1.000000,{"1":1985},1.000000,0.000000,0.000000,0.000000,1.000000,0.000000,-1.000000
0.040757880,2,133,snapshot,1024,125,1.000000,1.000000,1.000000,{"1":1985},1.000000,0.000000,0.000000,0.000000,1.000000,0.000000,-1.000000
0.040757880,2,133,snapshot,4096,32,1.000000,1.000000,1.000000,{"1":1985},1.000000,0.000000,0.000000,0.000000,1.000000,0.000000,-1.000000
0.040757880,2,133,snapshot,16384,10,0.700000,0.866321,0.700000,{"1":1985},0.700000,0.200000,0.100000,0.000000,0.700000,0.000000,0.000000
0.040992675,2,134,snapshot,64,1985,1.000000,1.000000,1.000000,{"1":1985},1.000000,0.000000,0.000000,0.000000,1.000000,0.000000,-1.000000
0.040992675,2,134,snapshot,256,497,1.000000,1.000000,1.000000,{"1":1985},1.000000,0.000000,0.000000,0.000000,1.000000,0.000000,-1.000000
0.040992675,2,134,snapshot,1024,125,1.000000,1.000000,1.000000,{"1":1985},1.000000,0.000000,0.000000,0.000000,1.000000,0.000000,-1.000000
0.040992675,2,134,snapshot,4096,32,1.000000,1.000000,1.000000,{"1":1985},1.000000,0.000000,0.000000,0.000000,1.000000,0.000000,-1.000000
0.040992675,2,134,snapshot,16384,10,0.700000,0.866321,0.700000,{"1":1985},0.700000,0.200000,0.100000,0.000000,0.700000,0.000000,0.000000
0.041228148,2,135,snapshot,64,1985,1.000000,1.000000,1.000000,{"1":1985},1.000000,0.000000,0.000000,0.000000,1.000000,0.000000,-1.000000
0.041228148,2,135,snapshot,256,497,1.000000,1.000000,1.000000,{"1":1985},1.000000,0.000000,0.000000,0.000000,1.000000,0.000000,-1.000000
0.041228148,2,135,snapshot,1024,125,1.000000,1.000000,1.000000,{"1":1985},1.000000,0.000000,0.000000,0.000000,1.000000,0.000000,-1.000000
0.041228148,2,135,snapshot,4096,32,1.000000,1.000000,1.000000,{"1":1985},1.000000,0.000000,0.000000,0.000000,1.000000,0.000000,-1.000000
0.041228148,2,135,snapshot,16384,10,0.700000,0.866321,0.700000,{"1":1985},0.700000,0.200000,0.100000,0.000000,0.700000,0.000000,0.000000
0.041534130,2,136,snapshot,64,1985,1.000000,1.000000,1.000000,{"1":1985},1.000000,0.000000,0.000000,0.000000,1.000000,0.000000,-1.000000
0.041534130,2,136,snapshot,256,497,1.000000,1.000000,1.000000,{"1":1985},1.000000,0.000000,0.000000,0.000000,1.000000,0.000000,-1.000000
0.041534130,2,136,snapshot,1024,125,1.000000,1.000000,1.000000,{"1":1985},1.000000,0.000000,0.000000,0.000000,1.000000,0.000000,-1.000000
0.041534130,2,136,snapshot,4096,32,1.000000,1.000000,1.000000,{"1":1985},1.000000,0.000000,0.000000,0.000000,1.000000,0.000000,-1.000000
0.041534130,2,136,snapshot,16384,10,0.700000,0.866321,0.700000,{"1":1985},0.700000,0.200000,0.100000,0.000000,0.700000,0.000000,0.000000
0.041776643,2,137,read_only,64,728,1.000000,1.000000,1.000000,{"1":728},1.000000,0.000000,0.000000,0.000000,1.000000,0.000000,-1.000000
0.041776643,2,137,union,64,728,1.000000,1.000000,1.000000,{"1":728},1.000000,0.000000,0.000000,0.000000,1.000000,0.000000,-1.000000
0.041776643,2,137,snapshot,64,2713,1.000000,1.000000,1.000000,{"1":2713},1.000000,0.000000,0.000000,0.000000,1.000000,0.000000,-1.000000
0.041776643,2,137,read_only,256,183,1.000000,1.000000,1.000000,{"1":728},1.000000,0.000000,0.000000,0.000000,1.000000,0.000000,-1.000000
0.041776643,2,137,union,256,183,1.000000,1.000000,1.000000,{"1":728},1.000000,0.000000,0.000000,0.000000,1.000000,0.000000,-1.000000
0.041776643,2,137,snapshot,256,680,1.000000,1.000000,1.000000,{"1":2713},1.000000,0.000000,0.000000,0.000000,1.000000,0.000000,-1.000000
0.041776643,2,137,read_only,1024,46,1.000000,1.000000,1.000000,{"1":728},1.000000,0.000000,0.000000,0.000000,1.000000,0.000000,-1.000000
0.041776643,2,137,union,1024,46,1.000000,1.000000,1.000000,{"1":728},1.000000,0.000000,0.000000,0.000000,1.000000,0.000000,-1.000000
0.041776643,2,137,snapshot,1024,171,1.000000,1.000000,1.000000,{"1":2713},1.000000,0.000000,0.000000,0.000000,1.000000,0.000000,-1.000000
0.041776643,2,137,read_only,4096,12,1.000000,1.000000,1.000000,{"1":728},1.000000,0.000000,0.000000,0.000000,1.000000,0.000000,-1.000000
0.041776643,2,137,union,4096,12,1.000000,1.000000,1.000000,{"1":728},1.000000,0.000000,0.000000,0.000000,1.000000,0.000000,-1.000000
0.041776643,2,137,snapshot,4096,44,1.000000,1.000000,1.000000,{"1":2713},1.000000,0.000000,0.000000,0.000000,1.000000,0.000000,-1.000000
0.041776643,2,137,read_only,16384,4,1.000000,1.000000,1.000000,{"1":728},1.000000,0.000000,0.000000,0.000000,1.000000,0.000000,-1.000000
0.041776643,2,137,union,16384,4,1.000000,1.000000,1.000000,{"1":728},1.000000,0.000000,0.000000,0.000000,1.000000,0.000000,-1.000000
0.041776643,2,137,snapshot,16384,14,0.785714,0.904515,0.785714,{"1":2713},0.785714,0.142857,0.071429,0.000000,0.785714,0.000000,0.000000
0.042010893,2,138,read_only,64,741,1.000000,1.000000,1.000000,{"1":741},1.000000,0.000000,0.000000,0.000000,1.000000,0.000000,-1.000000
0.042010893,2,138,union,64,741,1.000000,1.000000,1.000000,{"1":741},1.000000,0.000000,0.000000,0.000000,1.000000,0.000000,-1.000000
0.042010893,2,138,snapshot,64,3457,1.000000,1.000000,1.000000,{"0":3,"1":3454},0.999132,0.000000,0.000000,0.000000,0.999132,0.000000,-1.000000
0.042010893,2,138,read_only,256,191,1.000000,1.000000,1.000000,{"1":741},1.000000,0.000000,0.000000,0.000000,1.000000,0.000000,-1.000000
0.042010893,2,138,union,256,191,1.000000,1.000000,1.000000,{"1":741},1.000000,0.000000,0.000000,0.000000,1.000000,0.000000,-1.000000
0.042010893,2,138,snapshot,256,872,0.998853,0.999618,0.998853,{"0":3,"1":3454},0.998853,0.000000,0.000000,0.000000,0.997706,0.000000,-1.000000
0.042010893,2,138,read_only,1024,51,1.000000,1.000000,1.000000,{"1":741},1.000000,0.000000,0.000000,0.000000,1.000000,0.000000,-1.000000
0.042010893,2,138,union,1024,51,1.000000,1.000000,1.000000,{"1":741},1.000000,0.000000,0.000000,0.000000,1.000000,0.000000,-1.000000
0.042010893,2,138,snapshot,1024,222,0.990991,0.998680,0.990991,{"0":3,"1":3454},1.000000,0.000000,0.000000,0.000000,0.990991,0.000000,-1.000000
0.042010893,2,138,read_only,4096,16,1.000000,1.000000,1.000000,{"1":741},1.000000,0.000000,0.000000,0.000000,1.000000,0.000000,-1.000000
0.042010893,2,138,union,4096,16,1.000000,1.000000,1.000000,{"1":741},1.000000,0.000000,0.000000,0.000000,1.000000,0.000000,-1.000000
0.042010893,2,138,snapshot,4096,60,0.966667,0.998473,0.966667,{"0":3,"1":3454},1.000000,0.000000,0.000000,0.000000,0.966667,0.000000,-1.000000
0.042010893,2,138,read_only,16384,5,1.000000,1.000000,1.000000,{"1":741},1.000000,0.000000,0.000000,0.000000,1.000000,0.000000,-1.000000
0.042010893,2,138,union,16384,5,1.000000,1.000000,1.000000,{"1":741},1.000000,0.000000,0.000000,0.000000,1.000000,0.000000,-1.000000
0.042010893,2,138,snapshot,16384,19,0.736842,0.928482,0.736842,{"0":3,"1":3454},0.842105,0.105263,0.052632,0.000000,0.736842,0.000000,0.000000
0.042283535,2,139,read_only,64,795,1.000000,1.000000,1.000000,{"1":795},1.000000,0.000000,0.000000,0.000000,1.000000,0.000000,-1.000000
0.042283535,2,139,union,64,795,1.000000,1.000000,1.000000,{"1":795},1.000000,0.000000,0.000000,0.000000,1.000000,0.000000,-1.000000
0.042283535,2,139,snapshot,64,448,1.000000,1.000000,1.000000,{"1":448},1.000000,0.000000,0.000000,0.000000,1.000000,0.000000,-1.000000
0.042283535,2,139,read_only,256,206,1.000000,1.000000,1.000000,{"1":795},1.000000,0.000000,0.000000,0.000000,1.000000,0.000000,-1.000000
0.042283535,2,139,union,256,206,1.000000,1.000000,1.000000,{"1":795},1.000000,0.000000,0.000000,0.000000,1.000000,0.000000,-1.000000
0.042283535,2,139,snapshot,256,112,1.000000,1.000000,1.000000,{"1":448},1.000000,0.000000,0.000000,0.000000,1.000000,0.000000,-1.000000
0.042283535,2,139,read_only,1024,55,1.000000,1.000000,1.000000,{"1":795},1.000000,0.000000,0.000000,0.000000,1.000000,0.000000,-1.000000
0.042283535,2,139,union,1024,55,1.000000,1.000000,1.000000,{"1":795},1.000000,0.000000,0.000000,0.000000,1.000000,0.000000,-1.000000
0.042283535,2,139,snapshot,1024,28,1.000000,1.000000,1.000000,{"1":448},1.000000,0.000000,0.000000,0.000000,1.000000,0.000000,-1.000000
0.042283535,2,139,read_only,4096,17,1.000000,1.000000,1.000000,{"1":795},1.000000,0.000000,0.000000,0.000000,1.000000,0.000000,-1.000000
0.042283535,2,139,union,4096,17,1.000000,1.000000,1.000000,{"1":795},1.000000,0.000000,0.000000,0.000000,1.000000,0.000000,-1.000000
0.042283535,2,139,snapshot,4096,7,1.000000,1.000000,1.000000,{"1":448},1.000000,0.000000,0.000000,0.000000,1.000000,0.000000,-1.000000
0.042283535,2,139,read_only,16384,8,0.875000,0.958333,0.875000,{"1":795},0.875000,0.125000,0.000000,0.000000,0.875000,0.000000,0.000000
0.042283535,2,139,union,16384,8,0.875000,0.958333,0.875000,{"1":795},0.875000,0.125000,0.000000,0.000000,0.875000,0.000000,0.000000
0.042283535,2,139,snapshot,16384,4,0.750000,0.916667,0.750000,{"1":448},0.750000,0.250000,0.000000,0.000000,0.750000,0.000000,0.000000
0.042521677,2,140,read_only,64,92,1.000000,1.000000,1.000000,{"1":92},1.000000,0.000000,0.000000,0.000000,1.000000,0.000000,-1.000000
0.042521677,2,140,union,64,92,1.000000,1.000000,1.000000,{"1":92},1.000000,0.000000,0.000000,0.000000,1.000000,0.000000,-1.000000
0.042521677,2,140,snapshot,64,540,1.000000,1.000000,1.000000,{"1":540},1.000000,0.000000,0.000000,0.000000,1.000000,0.000000,-1.000000
0.042521677,2,140,read_only,256,23,1.000000,1.000000,1.000000,{"1":92},1.000000,0.000000,0.000000,0.000000,1.000000,0.000000,-1.000000
0.042521677,2,140,union,256,23,1.000000,1.000000,1.000000,{"1":92},1.000000,0.000000,0.000000,0.000000,1.000000,0.000000,-1.000000
0.042521677,2,140,snapshot,256,135,1.000000,1.000000,1.000000,{"1":540},1.000000,0.000000,0.000000,0.000000,1.000000,0.000000,-1.000000
0.042521677,2,140,read_only,1024,6,1.000000,1.000000,1.000000,{"1":92},1.000000,0.000000,0.000000,0.000000,1.000000,0.000000,-1.000000
0.042521677,2,140,union,1024,6,1.000000,1.000000,1.000000,{"1":92},1.000000,0.000000,0.000000,0.000000,1.000000,0.000000,-1.000000
0.042521677,2,140,snapshot,1024,34,1.000000,1.000000,1.000000,{"1":540},1.000000,0.000000,0.000000,0.000000,1.000000,0.000000,-1.000000
0.042521677,2,140,read_only,4096,2,1.000000,1.000000,1.000000,{"1":92},1.000000,0.000000,0.000000,0.000000,1.000000,0.000000,-1.000000
0.042521677,2,140,union,4096,2,1.000000,1.000000,1.000000,{"1":92},1.000000,0.000000,0.000000,0.000000,1.000000,0.000000,-1.000000
0.042521677,2,140,snapshot,4096,9,1.000000,1.000000,1.000000,{"1":540},1.000000,0.000000,0.000000,0.000000,1.000000,0.000000,-1.000000
0.042521677,2,140,read_only,16384,2,1.000000,1.000000,1.000000,{"1":92},1.000000,0.000000,0.000000,0.000000,1.000000,0.000000,-1.000000
0.042521677,2,140,union,16384,2,1.000000,1.000000,1.000000,{"1":92},1.000000,0.000000,0.000000,0.000000,1.000000,0.000000,-1.000000
0.042521677,2,140,snapshot,16384,6,0.833333,0.944444,0.833333,{"1":540},0.833333,0.166667,0.000000,0.000000,0.833333,0.000000,0.000000
0.042891068,2,141,read_only,64,1918,1.000000,1.000000,1.000000,{"1":1918},1.000000,0.000000,0.000000,0.000000,1.000000,0.000000,-1.000000
0.042891068,2,141,union,64,1918,1.000000,1.000000,1.000000,{"1":1918},1.000000,0.000000,0.000000,0.000000,1.000000,0.000000,-1.000000
0.042891068,2,141,snapshot,64,2458,1.000000,1.000000,1.000000,{"1":2458},1.000000,0.000000,0.000000,0.000000,1.000000,0.000000,-1.000000
0.042891068,2,141,read_only,256,489,0.914110,0.960293,0.914110,{"1":1918},0.914110,0.049080,0.036810,0.000000,0.914110,0.000000,0.000000
0.042891068,2,141,union,256,489,0.914110,0.960293,0.914110,{"1":1918},0.914110,0.049080,0.036810,0.000000,0.914110,0.000000,0.000000
0.042891068,2,141,snapshot,256,624,0.932692,0.968884,0.932692,{"1":2458},0.932692,0.038462,0.028846,0.000000,0.932692,0.000000,0.000000
0.042891068,2,141,read_only,1024,123,0.902439,0.952321,0.902439,{"1":1918},0.902439,0.000000,0.097561,0.000000,0.902439,0.000000,0.000000
0.042891068,2,141,union,1024,123,0.902439,0.952321,0.902439,{"1":1918},0.902439,0.000000,0.097561,0.000000,0.902439,0.000000,0.000000
0.042891068,2,141,snapshot,1024,156,0.923077,0.962407,0.923077,{"1":2458},0.923077,0.000000,0.076923,0.000000,0.923077,0.000000,0.000000
0.042891068,2,141,read_only,4096,31,0.903226,0.952270,0.903226,{"1":1918},0.903226,0.000000,0.096774,0.000000,0.903226,0.000000,0.000000
0.042891068,2,141,union,4096,31,0.903226,0.952270,0.903226,{"1":1918},0.903226,0.000000,0.096774,0.000000,0.903226,0.000000,0.000000
0.042891068,2,141,snapshot,4096,39,0.923077,0.962061,0.923077,{"1":2458},0.923077,0.000000,0.076923,0.000000,0.923077,0.000000,0.000000
0.042891068,2,141,read_only,16384,11,0.545455,0.820414,0.545455,{"1":1918},0.545455,0.272727,0.181818,0.000000,0.545455,0.000000,0.000000
0.042891068,2,141,union,16384,11,0.545455,0.820414,0.545455,{"1":1918},0.545455,0.272727,0.181818,0.000000,0.545455,0.000000,0.000000
0.042891068,2,141,snapshot,16384,14,0.571429,0.842834,0.571429,{"1":2458},0.571429,0.285714,0.142857,0.000000,0.571429,0.000000,0.000000
0.043195816,2,142,snapshot,64,2458,1.000000,1.000000,1.000000,{"1":2458},1.000000,0.000000,0.000000,0.000000,1.000000,0.000000,-1.000000
0.043195816,2,142,snapshot,256,624,0.932692,0.968884,0.932692,{"1":2458},0.932692,0.038462,0.028846,0.000000,0.932692,0.000000,0.000000
0.043195816,2,142,snapshot,1024,156,0.923077,0.962407,0.923077,{"1":2458},0.923077,0.000000,0.076923,0.000000,0.923077,0.000000,0.000000
0.043195816,2,142,snapshot,4096,39,0.923077,0.962061,0.923077,{"1":2458},0.923077,0.000000,0.076923,0.000000,0.923077,0.000000,0.000000
0.043195816,2,142,snapshot,16384,14,0.571429,0.842834,0.571429,{"1":2458},0.571429,0.285714,0.142857,0.000000,0.571429,0.000000,0.000000
0.043427912,2,143,snapshot,64,2458,1.000000,1.000000,1.000000,{"1":2458},1.000000,0.000000,0.000000,0.000000,1.000000,0.000000,-1.000000
0.043427912,2,143,snapshot,256,624,0.932692,0.968884,0.932692,{"1":2458},0.932692,0.038462,0.028846,0.000000,0.932692,0.000000,0.000000
0.043427912,2,143,snapshot,1024,156,0.923077,0.962407,0.923077,{"1":2458},0.923077,0.000000,0.076923,0.000000,0.923077,0.000000,0.000000
0.043427912,2,143,snapshot,4096,39,0.923077,0.962061,0.923077,{"1":2458},0.923077,0.000000,0.076923,0.000000,0.923077,0.000000,0.000000
0.043427912,2,143,snapshot,16384,14,0.571429,0.842834,0.571429,{"1":2458},0.571429,0.285714,0.142857,0.000000,0.571429,0.000000,0.000000
0.044149556,2,144,read_only,64,369,1.000000,1.000000,1.000000,{"1":369},1.000000,0.000000,0.000000,0.000000,1.000000,0.000000,-1.000000
0.044149556,2,144,union,64,369,1.000000,1.000000,1.000000,{"1":369},1.000000,0.000000,0.000000,0.000000,1.000000,0.000000,-1.000000
0.044149556,2,144,snapshot,64,2827,1.000000,1.000000,1.000000,{"1":2827},1.000000,0.000000,0.000000,0.000000,1.000000,0.000000,-1.000000
0.044149556,2,144,read_only,256,93,1.000000,1.000000,1.000000,{"1":369},1.000000,0.000000,0.000000,0.000000,1.000000,0.000000,-1.000000
0.044149556,2,144,union,256,93,1.000000,1.000000,1.000000,{"1":369},1.000000,0.000000,0.000000,0.000000,1.000000,0.000000,-1.000000
0.044149556,2,144,snapshot,256,717,0.941423,0.972920,0.941423,{"1":2827},0.941423,0.033473,0.025105,0.000000,0.941423,0.000000,0.000000
0.044149556,2,144,read_only,1024,24,1.000000,1.000000,1.000000,{"1":369},1.000000,0.000000,0.000000,0.000000,1.000000,0.000000,-1.000000
0.044149556,2,144,union,1024,24,1.000000,1.000000,1.000000,{"1":369},1.000000,0.000000,0.000000,0.000000,1.000000,0.000000,-1.000000
0.044149556,2,144,snapshot,1024,180,0.933333,0.967420,0.933333,{"1":2827},0.933333,0.000000,0.066667,0.000000,0.933333,0.000000,0.000000
0.044149556,2,144,read_only,4096,6,1.000000,1.000000,1.000000,{"1":369},1.000000,0.000000,0.000000,0.000000,1.000000,0.000000,-1.000000
0.044149556,2,144,union,4096,6,1.000000,1.000000,1.000000,{"1":369},1.000000,0.000000,0.000000,0.000000,1.000000,0.000000,-1.000000
0.044149556,2,144,snapshot,4096,45,0.933333,0.967119,0.933333,{"1":2827},0.933333,0.000000,0.066667,0.000000,0.933333,0.000000,0.000000
0.044149556,2,144,read_only,16384,2,1.000000,1.000000,1.000000,{"1":369},1.000000,0.000000,0.000000,0.000000,1.000000,0.000000,-1.000000
0.044149556,2,144,union,16384,2,1.000000,1.000000,1.000000,{"1":369},1.000000,0.000000,0.000000,0.000000,1.000000,0.000000,-1.000000
0.044149556,2,144,snapshot,16384,16,0.625000,0.862480,0.625000,{"1":2827},0.625000,0.250000,0.125000,0.000000,0.625000,0.000000,0.000000
0.044381104,2,145,snapshot,64,2827,1.000000,1.000000,1.000000,{"1":2827},1.000000,0.000000,0.000000,0.000000,1.000000,0.000000,-1.000000
0.044381104,2,145,snapshot,256,717,0.941423,0.972920,0.941423,{"1":2827},0.941423,0.033473,0.025105,0.000000,0.941423,0.000000,0.000000
0.044381104,2,145,snapshot,1024,180,0.933333,0.967420,0.933333,{"1":2827},0.933333,0.000000,0.066667,0.000000,0.933333,0.000000,0.000000
0.044381104,2,145,snapshot,4096,45,0.933333,0.967119,0.933333,{"1":2827},0.933333,0.000000,0.066667,0.000000,0.933333,0.000000,0.000000
0.044381104,2,145,snapshot,16384,16,0.625000,0.862480,0.625000,{"1":2827},0.625000,0.250000,0.125000,0.000000,0.625000,0.000000,0.000000
0.044614338,2,146,read_only,64,236,1.000000,1.000000,1.000000,{"1":236},1.000000,0.000000,0.000000,0.000000,1.000000,0.000000,-1.000000
0.044614338,2,146,union,64,236,1.000000,1.000000,1.000000,{"1":236},1.000000,0.000000,0.000000,0.000000,1.000000,0.000000,-1.000000
0.044614338,2,146,snapshot,64,3064,1.000000,1.000000,1.000000,{"0":1,"1":3063},0.999674,0.000000,0.000000,0.000000,0.999674,0.000000,-1.000000
0.044614338,2,146,read_only,256,61,1.000000,1.000000,1.000000,{"1":236},1.000000,0.000000,0.000000,0.000000,1.000000,0.000000,-1.000000
0.044614338,2,146,union,256,61,1.000000,1.000000,1.000000,{"1":236},1.000000,0.000000,0.000000,0.000000,1.000000,0.000000,-1.000000
0.044614338,2,146,snapshot,256,778,0.944730,0.974722,0.944730,{"0":1,"1":3063},0.946015,0.030848,0.023136,0.000000,0.944730,0.000000,0.000000
0.044614338,2,146,read_only,1024,16,1.000000,1.000000,1.000000,{"1":236},1.000000,0.000000,0.000000,0.000000,1.000000,0.000000,-1.000000
0.044614338,2,146,union,1024,16,1.000000,1.000000,1.000000,{"1":236},1.000000,0.000000,0.000000,0.000000,1.000000,0.000000,-1.000000
0.044614338,2,146,snapshot,1024,196,0.933673,0.969654,0.933673,{"0":1,"1":3063},0.938776,0.000000,0.061224,0.000000,0.933673,0.000000,0.000000
0.044614338,2,146,read_only,4096,4,1.000000,1.000000,1.000000,{"1":236},1.000000,0.000000,0.000000,0.000000,1.000000,0.000000,-1.000000
0.044614338,2,146,union,4096,4,1.000000,1.000000,1.000000,{"1":236},1.000000,0.000000,0.000000,0.000000,1.000000,0.000000,-1.000000
0.044614338,2,146,snapshot,4096,49,0.918367,0.969463,0.918367,{"0":1,"1":3063},0.938776,0.000000,0.061224,0.000000,0.918367,0.000000,0.000000
0.044614338,2,146,read_only,16384,3,1.000000,1.000000,1.000000,{"1":236},1.000000,0.000000,0.000000,0.000000,1.000000,0.000000,-1.000000
0.044614338,2,146,union,16384,3,1.000000,1.000000,1.000000,{"1":236},1.000000,0.000000,0.000000,0.000000,1.000000,0.000000,-1.000000
0.044614338,2,146,snapshot,16384,19,0.631579,0.883710,0.631579,{"0":1,"1":3063},0.684211,0.210526,0.105263,0.000000,0.631579,0.000000,0.000000
0.044847551,2,147,read_only,64,197,1.000000,1.000000,1.000000,{"1":197},1.000000,0.000000,0.000000,0.000000,1.000000,0.000000,-1.000000
0.044847551,2,147,union,64,197,1.000000,1.000000,1.000000,{"1":197},1.000000,0.000000,0.000000,0.000000,1.000000,0.000000,-1.000000
0.044847551,2,147,snapshot,64,3260,1.000000,1.000000,1.000000,{"1":3260},1.000000,0.000000,0.000000,0.000000,1.000000,0.000000,-1.000000
0.044847551,2,147,read_only,256,51,1.000000,1.000000,1.000000,{"1":197},1.000000,0.000000,0.000000,0.000000,1.000000,0.000000,-1.000000
0.044847551,2,147,union,256,51,1.000000,1.000000,1.000000,{"1":197},1.000000,0.000000,0.000000,0.000000,1.000000,0.000000,-1.000000
0.044847551,2,147,snapshot,256,826,0.949153,0.976493,0.949153,{"1":3260},0.949153,0.029056,0.021792,0.000000,0.949153,0.000000,0.000000
0.044847551,2,147,read_only,1024,13,1.000000,1.000000,1.000000,{"1":197},1.000000,0.000000,0.000000,0.000000,1.000000,0.000000,-1.000000
0.044847551,2,147,union,1024,13,1.000000,1.000000,1.000000,{"1":197},1.000000,0.000000,0.000000,0.000000,1.000000,0.000000,-1.000000
0.044847551,2,147,snapshot,1024,208,0.942308,0.971805,0.942308,{"1":3260},0.942308,0.000000,0.057692,0.000000,0.942308,0.000000,0.000000
0.044847551,2,147,read_only,4096,4,1.000000,1.000000,1.000000,{"1":197},1.000000,0.000000,0.000000,0.000000,1.000000,0.000000,-1.000000
0.044847551,2,147,union,4096,4,1.000000,1.000000,1.000000,{"1":197},1.000000,0.000000,0.000000,0.000000,1.000000,0.000000,-1.000000
0.044847551,2,147,snapshot,4096,52,0.942308,0.971545,0.942308,{"1":3260},0.942308,0.000000,0.057692,0.000000,0.942308,0.000000,0.000000
0.044847551,2,147,read_only,16384,2,0.500000,0.963768,0.500000,{"1":197},0.500000,0.500000,0.000000,0.000000,0.500000,0.000000,0.000000
0.044847551,2,147,union,16384,2,0.500000,0.963768,0.500000,{"1":197},0.500000,0.500000,0.000000,0.000000,0.500000,0.000000,0.000000
0.044847551,2,147,snapshot,16384,19,0.631579,0.865163,0.631579,{"1":3260},0.631579,0.263158,0.105263,0.000000,0.631579,0.000000,0.000000
0.045174621,2,148,read_only,64,441,1.000000,1.000000,1.000000,{"1":441},1.000000,0.000000,0.000000,0.000000,1.000000,0.000000,-1.000000
0.045174621,2,148,union,64,441,1.000000,1.000000,1.000000,{"1":441},1.000000,0.000000,0.000000,0.000000,1.000000,0.000000,-1.000000
0.045174621,2,148,snapshot,64,3701,1.000000,1.000000,1.000000,{"1":3701},1.000000,0.000000,0.000000,0.000000,1.000000,0.000000,-1.000000
0.045174621,2,148,read_only,256,129,0.674419,0.874677,0.674419,{"1":441},0.674419,0.325581,0.000000,0.000000,0.674419,0.000000,0.000000
0.045174621,2,148,union,256,129,0.674419,0.874677,0.674419,{"1":441},0.674419,0.325581,0.000000,0.000000,0.674419,0.000000,0.000000
0.045174621,2,148,snapshot,256,955,0.912042,0.962740,0.912042,{"1":3701},0.912042,0.069110,0.018848,0.000000,0.912042,0.000000,0.000000
0.045174621,2,148,read_only,1024,33,0.515152,0.846722,0.515152,{"1":441},0.515152,0.484848,0.000000,0.000000,0.515152,0.000000,0.000000
0.045174621,2,148,union,1024,33,0.515152,0.846722,0.515152,{"1":441},0.515152,0.484848,0.000000,0.000000,0.515152,0.000000,0.000000
0.045174621,2,148,snapshot,1024,241,0.883817,0.954678,0.883817,{"1":3701},0.883817,0.066390,0.049793,0.000000,0.883817,0.000000,0.000000
0.045174621,2,148,read_only,4096,9,0.555556,0.859930,0.555556,{"1":441},0.555556,0.444444,0.000000,0.000000,0.555556,0.000000,0.000000
0.045174621,2,148,union,4096,9,0.555556,0.859930,0.555556,{"1":441},0.555556,0.444444,0.000000,0.000000,0.555556,0.000000,0.000000
0.045174621,2,148,snapshot,4096,61,0.885246,0.955078,0.885246,{"1":3701},0.885246,0.065574,0.049180,0.000000,0.885246,0.000000,0.000000
0.045174621,2,148,read_only,16384,5,0.200000,0.663768,0.200000,{"1":441},0.200000,0.800000,0.000000,0.000000,0.200000,0.000000,0.000000
0.045174621,2,148,union,16384,5,0.200000,0.663768,0.200000,{"1":441},0.200000,0.800000,0.000000,0.000000,0.200000,0.000000,0.000000
0.045174621,2,148,snapshot,16384,23,0.521739,0.829244,0.521739,{"1":3701},0.521739,0.391304,0.086957,0.000000,0.521739,0.000000,0.000000
0.045493858,2,149,read_only,64,128,1.000000,1.000000,1.000000,{"1":128},1.000000,0.000000,0.000000,0.000000,1.000000,0.000000,-1.000000
0.045493858,2,149,union,64,128,1.000000,1.000000,1.000000,{"1":128},1.000000,0.000000,0.000000,0.000000,1.000000,0.000000,-1.000000
0.045493858,2,149,snapshot,64,3829,1.000000,1.000000,1.000000,{"1":3829},1.000000,0.000000,0.000000,0.000000,1.000000,0.000000,-1.000000
0.045493858,2,149,read_only,256,32,1.000000,1.000000,1.000000,{"1":128},1.000000,0.000000,0.000000,0.000000,1.000000,0.000000,-1.000000
0.045493858,2,149,union,256,32,1.000000,1.000000,1.000000,{"1":128},1.000000,0.000000,0.000000,0.000000,1.000000,0.000000,-1.000000
0.045493858,2,149,snapshot,256,987,0.914894,0.963948,0.914894,{"1":3829},0.914894,0.066869,0.018237,0.000000,0.914894,0.000000,0.000000
0.045493858,2,149,read_only,1024,8,1.000000,1.000000,1.000000,{"1":128},1.000000,0.000000,0.000000,0.000000,1.000000,0.000000,-1.000000
0.045493858,2,149,union,1024,8,1.000000,1.000000,1.000000,{"1":128},1.000000,0.000000,0.000000,0.000000,1.000000,0.000000,-1.000000
0.045493858,2,149,snapshot,1024,249,0.887550,0.956134,0.887550,{"1":3829},0.887550,0.064257,0.048193,0.000000,0.887550,0.000000,0.000000
0.045493858,2,149,read_only,4096,2,1.000000,1.000000,1.000000,{"1":128},1.000000,0.000000,0.000000,0.000000,1.000000,0.000000,-1.000000
0.045493858,2,149,union,4096,2,1.000000,1.000000,1.000000,{"1":128},1.000000,0.000000,0.000000,0.000000,1.000000,0.000000,-1.000000
0.045493858,2,149,snapshot,4096,63,0.888889,0.956504,0.888889,{"1":3829},0.888889,0.063492,0.047619,0.000000,0.888889,0.000000,0.000000
0.045493858,2,149,read_only,16384,1,1.000000,1.000000,1.000000,{"1":128},1.000000,0.000000,0.000000,0.000000,1.000000,0.000000,-1.000000
0.045493858,2,149,union,16384,1,1.000000,1.000000,1.000000,{"1":128},1.000000,0.000000,0.000000,0.000000,1.000000,0.000000,-1.000000
0.045493858,2,149,snapshot,16384,24,0.541667,0.836359,0.541667,{"1":3829},0.541667,0.375000,0.083333,0.000000,0.541667,0.000000,0.000000
0.045737159,2,150,read_only,64,597,1.000000,1.000000,1.000000,{"1":597},1.000000,0.000000,0.000000,0.000000,1.000000,0.000000,-1.000000
0.045737159,2,150,union,64,597,1.000000,1.000000,1.000000,{"1":597},1.000000,0.000000,0.000000,0.000000,1.000000,0.000000,-1.000000
0.045737159,2,150,snapshot,64,4427,1.000000,1.000000,1.000000,{"0":1,"1":4426},0.999774,0.000000,0.000000,0.000000,0.999774,0.000000,-1.000000
0.045737159,2,150,read_only,256,162,1.000000,1.000000,1.000000,{"1":597},1.000000,0.000000,0.000000,0.000000,1.000000,0.000000,-1.000000
0.045737159,2,150,union,256,162,1.000000,1.000000,1.000000,{"1":597},1.000000,0.000000,0.000000,0.000000,1.000000,0.000000,-1.000000
0.045737159,2,150,snapshot,256,1149,0.926023,0.968741,0.926023,{"0":1,"1":4426},0.926893,0.057441,0.015666,0.000000,0.926023,0.000000,0.000000
0.045737159,2,150,read_only,1024,46,1.000000,1.000000,1.000000,{"1":597},1.000000,0.000000,0.000000,0.000000,1.000000,0.000000,-1.000000
0.045737159,2,150,union,1024,46,1.000000,1.000000,1.000000,{"1":597},1.000000,0.000000,0.000000,0.000000,1.000000,0.000000,-1.000000
0.045737159,2,150,snapshot,1024,295,0.901695,0.962713,0.901695,{"0":1,"1":4426},0.905085,0.054237,0.040678,0.000000,0.901695,0.000000,0.000000
0.045737159,2,150,read_only,4096,12,1.000000,1.000000,1.000000,{"1":597},1.000000,0.000000,0.000000,0.000000,1.000000,0.000000,-1.000000
0.045737159,2,150,union,4096,12,1.000000,1.000000,1.000000,{"1":597},1.000000,0.000000,0.000000,0.000000,1.000000,0.000000,-1.000000
0.045737159,2,150,snapshot,4096,75,0.893333,0.963003,0.893333,{"0":1,"1":4426},0.906667,0.053333,0.040000,0.000000,0.893333,0.000000,0.000000
0.045737159,2,150,read_only,16384,6,1.000000,1.000000,1.000000,{"1":597},1.000000,0.000000,0.000000,0.000000,1.000000,0.000000,-1.000000
0.045737159,2,150,union,16384,6,1.000000,1.000000,1.000000,{"1":597},1.000000,0.000000,0.000000,0.000000,1.000000,0.000000,-1.000000
0.045737159,2,150,snapshot,16384,30,0.600000,0.867937,0.600000,{"0":1,"1":4426},0.633333,0.300000,0.066667,0.000000,0.600000,0.000000,0.000000
0.046008110,2,151,read_only,64,516,1.000000,1.000000,1.000000,{"1":516},1.000000,0.000000,0.000000,0.000000,1.000000,0.000000,-1.000000
0.046008110,2,151,union,64,516,1.000000,1.000000,1.000000,{"1":516},1.000000,0.000000,0.000000,0.000000,1.000000,0.000000,-1.000000
0.046008110,2,151,read_only,256,130,1.000000,1.000000,1.000000,{"1":516},1.000000,0.000000,0.000000,0.000000,1.000000,0.000000,-1.000000
0.046008110,2,151,union,256,130,1.000000,1.000000,1.000000,{"1":516},1.000000,0.000000,0.000000,0.000000,1.000000,0.000000,-1.000000
0.046008110,2,151,read_only,1024,38,1.000000,1.000000,1.000000,{"1":516},1.000000,0.000000,0.000000,0.000000,1.000000,0.000000,-1.000000
0.046008110,2,151,union,1024,38,1.000000,1.000000,1.000000,{"1":516},1.000000,0.000000,0.000000,0.000000,1.000000,0.000000,-1.000000
0.046008110,2,151,read_only,4096,12,1.000000,1.000000,1.000000,{"1":516},1.000000,0.000000,0.000000,0.000000,1.000000,0.000000,-1.000000
0.046008110,2,151,union,4096,12,1.000000,1.000000,1.000000,{"1":516},1.000000,0.000000,0.000000,0.000000,1.000000,0.000000,-1.000000
0.046008110,2,151,read_only,16384,5,1.000000,1.000000,1.000000,{"1":516},1.000000,0.000000,0.000000,0.000000,1.000000,0.000000,-1.000000
0.046008110,2,151,union,16384,5,1.000000,1.000000,1.000000,{"1":516},1.000000,0.000000,0.000000,0.000000,1.000000,0.000000,-1.000000
0.046241651,2,152,read_only,64,589,1.000000,1.000000,1.000000,{"1":589},1.000000,0.000000,0.000000,0.000000,1.000000,0.000000,-1.000000
0.046241651,2,152,union,64,589,1.000000,1.000000,1.000000,{"1":589},1.000000,0.000000,0.000000,0.000000,1.000000,0.000000,-1.000000
0.046241651,2,152,snapshot,64,592,1.000000,1.000000,1.000000,{"1":592},1.000000,0.000000,0.000000,0.000000,1.000000,0.000000,-1.000000
0.046241651,2,152,read_only,256,160,1.000000,1.000000,1.000000,{"1":589},1.000000,0.000000,0.000000,0.000000,1.000000,0.000000,-1.000000
0.046241651,2,152,union,256,160,1.000000,1.000000,1.000000,{"1":589},1.000000,0.000000,0.000000,0.000000,1.000000,0.000000,-1.000000
0.046241651,2,152,snapshot,256,160,1.000000,1.000000,1.000000,{"1":592},1.000000,0.000000,0.000000,0.000000,1.000000,0.000000,-1.000000
0.046241651,2,152,read_only,1024,42,1.000000,1.000000,1.000000,{"1":589},1.000000,0.000000,0.000000,0.000000,1.000000,0.000000,-1.000000
0.046241651,2,152,union,1024,42,1.000000,1.000000,1.000000,{"1":589},1.000000,0.000000,0.000000,0.000000,1.000000,0.000000,-1.000000
0.046241651,2,152,snapshot,1024,42,1.000000,1.000000,1.000000,{"1":592},1.000000,0.000000,0.000000,0.000000,1.000000,0.000000,-1.000000
0.046241651,2,152,read_only,4096,14,1.000000,1.000000,1.000000,{"1":589},1.000000,0.000000,0.000000,0.000000,1.000000,0.000000,-1.000000
0.046241651,2,152,union,4096,14,1.000000,1.000000,1.000000,{"1":589},1.000000,0.000000,0.000000,0.000000,1.000000,0.000000,-1.000000
0.046241651,2,152,snapshot,4096,14,1.000000,1.000000,1.000000,{"1":592},1.000000,0.000000,0.000000,0.000000,1.000000,0.000000,-1.000000
0.046241651,2,152,read_only,16384,5,1.000000,1.000000,1.000000,{"1":589},1.000000,0.000000,0.000000,0.000000,1.000000,0.000000,-1.000000
0.046241651,2,152,union,16384,5,1.000000,1.000000,1.000000,{"1":589},1.000000,0.000000,0.000000,0.000000,1.000000,0.000000,-1.000000
0.046241651,2,152,snapshot,16384,5,1.000000,1.000000,1.000000,{"1":592},1.000000,0.000000,0.000000,0.000000,1.000000,0.000000,-1.000000
0.046750373,2,153,read_only,64,3635,1.000000,1.000000,1.000000,{"1":3635},1.000000,0.000000,0.000000,0.000000,1.000000,0.000000,-1.000000
0.046750373,2,153,union,64,3635,1.000000,1.000000,1.000000,{"1":3635},1.000000,0.000000,0.000000,0.000000,1.000000,0.000000,-1.000000
0.046750373,2,153,snapshot,64,4224,1.000000,1.000000,1.000000,{"1":4224},1.000000,0.000000,0.000000,0.000000,1.000000,0.000000,-1.000000
0.046750373,2,153,read_only,256,928,1.000000,1.000000,1.000000,{"1":3635},1.000000,0.000000,0.000000,0.000000,1.000000,0.000000,-1.000000
0.046750373,2,153,union,256,928,1.000000,1.000000,1.000000,{"1":3635},1.000000,0.000000,0.000000,0.000000,1.000000,0.000000,-1.000000
0.046750373,2,153,snapshot,256,1056,1.000000,1.000000,1.000000,{"1":4224},1.000000,0.000000,0.000000,0.000000,1.000000,0.000000,-1.000000
0.046750373,2,153,read_only,1024,235,1.000000,1.000000,1.000000,{"1":3635},1.000000,0.000000,0.000000,0.000000,1.000000,0.000000,-1.000000
0.046750373,2,153,union,1024,235,1.000000,1.000000,1.000000,{"1":3635},1.000000,0.000000,0.000000,0.000000,1.000000,0.000000,-1.000000
0.046750373,2,153,snapshot,1024,264,1.000000,1.000000,1.000000,{"1":4224},1.000000,0.000000,0.000000,0.000000,1.000000,0.000000,-1.000000
0.046750373,2,153,read_only,4096,61,1.000000,1.000000,1.000000,{"1":3635},1.000000,0.000000,0.000000,0.000000,1.000000,0.000000,-1.000000
0.046750373,2,153,union,4096,61,1.000000,1.000000,1.000000,{"1":3635},1.000000,0.000000,0.000000,0.000000,1.000000,0.000000,-1.000000
0.046750373,2,153,snapshot,4096,66,1.000000,1.000000,1.000000,{"1":4224},1.000000,0.000000,0.000000,0.000000,1.000000,0.000000,-1.000000
0.046750373,2,153,read_only,16384,19,0.894737,0.960526,0.894737,{"1":3635},0.894737,0.105263,0.000000,0.000000,0.894737,0.000000,0.000000
0.046750373,2,153,union,16384,19,0.894737,0.960526,0.894737,{"1":3635},0.894737,0.105263,0.000000,0.000000,0.894737,0.000000,0.000000
0.046750373,2,153,snapshot,16384,20,0.900000,0.962500,0.900000,{"1":4224},0.900000,0.100000,0.000000,0.000000,0.900000,0.000000,0.000000
0.047201169,2,154,read_only,64,696,1.000000,1.000000,1.000000,{"1":696},1.000000,0.000000,0.000000,0.000000,1.000000,0.000000,-1.000000
0.047201169,2,154,union,64,696,1.000000,1.000000,1.000000,{"1":696},1.000000,0.000000,0.000000,0.000000,1.000000,0.000000,-1.000000
0.047201169,2,154,snapshot,64,4920,1.000000,1.000000,1.000000,{"1":4920},1.000000,0.000000,0.000000,0.000000,1.000000,0.000000,-1.000000
0.047201169,2,154,read_only,256,175,1.000000,1.000000,1.000000,{"1":696},1.000000,0.000000,0.000000,0.000000,1.000000,0.000000,-1.000000
0.047201169,2,154,union,256,175,1.000000,1.000000,1.000000,{"1":696},1.000000,0.000000,0.000000,0.000000,1.000000,0.000000,-1.000000
0.047201169,2,154,snapshot,256,1231,1.000000,1.000000,1.000000,{"1":4920},1.000000,0.000000,0.000000,0.000000,1.000000,0.000000,-1.000000
0.047201169,2,154,read_only,1024,44,1.000000,1.000000,1.000000,{"1":696},1.000000,0.000000,0.000000,0.000000,1.000000,0.000000,-1.000000
0.047201169,2,154,union,1024,44,1.000000,1.000000,1.000000,{"1":696},1.000000,0.000000,0.000000,0.000000,1.000000,0.000000,-1.000000
0.047201169,2,154,snapshot,1024,308,1.000000,1.000000,1.000000,{"1":4920},1.000000,0.000000,0.000000,0.000000,1.000000,0.000000,-1.000000
0.047201169,2,154,read_only,4096,11,1.000000,1.000000,1.000000,{"1":696},1.000000,0.000000,0.000000,0.000000,1.000000,0.000000,-1.000000
0.047201169,2,154,union,4096,11,1.000000,1.000000,1.000000,{"1":696},1.000000,0.000000,0.000000,0.000000,1.000000,0.000000,-1.000000
0.047201169,2,154,snapshot,4096,77,1.000000,1.000000,1.000000,{"1":4920},1.000000,0.000000,0.000000,0.000000,1.000000,0.000000,-1.000000
0.047201169,2,154,read_only,16384,3,1.000000,1.000000,1.000000,{"1":696},1.000000,0.000000,0.000000,0.000000,1.000000,0.000000,-1.000000
0.047201169,2,154,union,16384,3,1.000000,1.000000,1.000000,{"1":696},1.000000,0.000000,0.000000,0.000000,1.000000,0.000000,-1.000000
0.047201169,2,154,snapshot,16384,23,0.913043,0.967391,0.913043,{"1":4920},0.913043,0.086957,0.000000,0.000000,0.913043,0.000000,0.000000
0.047432742,2,155,snapshot,64,4920,1.000000,1.000000,1.000000,{"1":4920},1.000000,0.000000,0.000000,0.000000,1.000000,0.000000,-1.000000
0.047432742,2,155,snapshot,256,1231,1.000000,1.000000,1.000000,{"1":4920},1.000000,0.000000,0.000000,0.000000,1.000000,0.000000,-1.000000
0.047432742,2,155,snapshot,1024,308,1.000000,1.000000,1.000000,{"1":4920},1.000000,0.000000,0.000000,0.000000,1.000000,0.000000,-1.000000
0.047432742,2,155,snapshot,4096,77,1.000000,1.000000,1.000000,{"1":4920},1.000000,0.000000,0.000000,0.000000,1.000000,0.000000,-1.000000
0.047432742,2,155,snapshot,16384,23,0.913043,0.967391,0.913043,{"1":4920},0.913043,0.086957,0.000000,0.000000,0.913043,0.000000,0.000000
0.048009279,2,156,read_only,64,392,1.000000,1.000000,1.000000,{"1":392},1.000000,0.000000,0.000000,0.000000,1.000000,0.000000,-1.000000
0.048009279,2,156,union,64,392,1.000000,1.000000,1.000000,{"1":392},1.000000,0.000000,0.000000,0.000000,1.000000,0.000000,-1.000000
0.048009279,2,156,snapshot,64,5312,1.000000,1.000000,1.000000,{"1":5312},1.000000,0.000000,0.000000,0.000000,1.000000,0.000000,-1.000000
0.048009279,2,156,read_only,256,101,1.000000,1.000000,1.000000,{"1":392},1.000000,0.000000,0.000000,0.000000,1.000000,0.000000,-1.000000
0.048009279,2,156,union,256,101,1.000000,1.000000,1.000000,{"1":392},1.000000,0.000000,0.000000,0.000000,1.000000,0.000000,-1.000000
0.048009279,2,156,snapshot,256,1328,1.000000,1.000000,1.000000,{"1":5312},1.000000,0.000000,0.000000,0.000000,1.000000,0.000000,-1.000000
0.048009279,2,156,read_only,1024,28,1.000000,1.000000,1.000000,{"1":392},1.000000,0.000000,0.000000,0.000000,1.000000,0.000000,-1.000000
0.048009279,2,156,union,1024,28,1.000000,1.000000,1.000000,{"1":392},1.000000,0.000000,0.000000,0.000000,1.000000,0.000000,-1.000000
0.048009279,2,156,snapshot,1024,332,1.000000,1.000000,1.000000,{"1":5312},1.000000,0.000000,0.000000,0.000000,1.000000,0.000000,-1.000000
0.048009279,2,156,read_only,4096,8,1.000000,1.000000,1.000000,{"1":392},1.000000,0.000000,0.000000,0.000000,1.000000,0.000000,-1.000000
0.048009279,2,156,union,4096,8,1.000000,1.000000,1.000000,{"1":392},1.000000,0.000000,0.000000,0.000000,1.000000,0.000000,-1.000000
0.048009279,2,156,snapshot,4096,83,1.000000,1.000000,1.000000,{"1":5312},1.000000,0.000000,0.000000,0.000000,1.000000,0.000000,-1.000000
0.048009279,2,156,read_only,16384,3,1.000000,1.000000,1.000000,{"1":392},1.000000,0.000000,0.000000,0.000000,1.000000,0.000000,-1.000000
0.048009279,2,156,union,16384,3,1.000000,1.000000,1.000000,{"1":392},1.000000,0.000000,0.000000,0.000000,1.000000,0.000000,-1.000000
0.048009279,2,156,snapshot,16384,25,0.920000,0.970000,0.920000,{"1":5312},0.920000,0.080000,0.000000,0.000000,0.920000,0.000000,0.000000
0.048242324,2,157,snapshot,64,5312,1.000000,1.000000,1.000000,{"1":5312},1.000000,0.000000,0.000000,0.000000,1.000000,0.000000,-1.000000
0.048242324,2,157,snapshot,256,1328,1.000000,1.000000,1.000000,{"1":5312},1.000000,0.000000,0.000000,0.000000,1.000000,0.000000,-1.000000
0.048242324,2,157,snapshot,1024,332,1.000000,1.000000,1.000000,{"1":5312},1.000000,0.000000,0.000000,0.000000,1.000000,0.000000,-1.000000
0.048242324,2,157,snapshot,4096,83,1.000000,1.000000,1.000000,{"1":5312},1.000000,0.000000,0.000000,0.000000,1.000000,0.000000,-1.000000
0.048242324,2,157,snapshot,16384,25,0.920000,0.970000,0.920000,{"1":5312},0.920000,0.080000,0.000000,0.000000,0.920000,0.000000,0.000000
0.048478891,2,158,snapshot,64,5312,1.000000,1.000000,1.000000,{"1":5312},1.000000,0.000000,0.000000,0.000000,1.000000,0.000000,-1.000000
0.048478891,2,158,snapshot,256,1328,1.000000,1.000000,1.000000,{"1":5312},1.000000,0.000000,0.000000,0.000000,1.000000,0.000000,-1.000000
0.048478891,2,158,snapshot,1024,332,1.000000,1.000000,1.000000,{"1":5312},1.000000,0.000000,0.000000,0.000000,1.000000,0.000000,-1.000000
0.048478891,2,158,snapshot,4096,83,1.000000,1.000000,1.000000,{"1":5312},1.000000,0.000000,0.000000,0.000000,1.000000,0.000000,-1.000000
0.048478891,2,158,snapshot,16384,25,0.920000,0.970000,0.920000,{"1":5312},0.920000,0.080000,0.000000,0.000000,0.920000,0.000000,0.000000
0.048711887,2,159,snapshot,64,5312,1.000000,1.000000,1.000000,{"1":5312},1.000000,0.000000,0.000000,0.000000,1.000000,0.000000,-1.000000
0.048711887,2,159,snapshot,256,1328,1.000000,1.000000,1.000000,{"1":5312},1.000000,0.000000,0.000000,0.000000,1.000000,0.000000,-1.000000
0.048711887,2,159,snapshot,1024,332,1.000000,1.000000,1.000000,{"1":5312},1.000000,0.000000,0.000000,0.000000,1.000000,0.000000,-1.000000
0.048711887,2,159,snapshot,4096,83,1.000000,1.000000,1.000000,{"1":5312},1.000000,0.000000,0.000000,0.000000,1.000000,0.000000,-1.000000
0.048711887,2,159,snapshot,16384,25,0.920000,0.970000,0.920000,{"1":5312},0.920000,0.080000,0.000000,0.000000,0.920000,0.000000,0.000000
0.049096133,2,160,read_only,64,1985,1.000000,1.000000,1.000000,{"1":1985},1.000000,0.000000,0.000000,0.000000,1.000000,0.000000,-1.000000
0.049096133,2,160,union,64,1985,1.000000,1.000000,1.000000,{"1":1985},1.000000,0.000000,0.000000,0.000000,1.000000,0.000000,-1.000000
0.049096133,2,160,snapshot,64,7168,1.000000,1.000000,1.000000,{"1":7168},1.000000,0.000000,0.000000,0.000000,1.000000,0.000000,-1.000000
0.049096133,2,160,read_only,256,497,1.000000,1.000000,1.000000,{"1":1985},1.000000,0.000000,0.000000,0.000000,1.000000,0.000000,-1.000000
0.049096133,2,160,union,256,497,1.000000,1.000000,1.000000,{"1":1985},1.000000,0.000000,0.000000,0.000000,1.000000,0.000000,-1.000000
0.049096133,2,160,snapshot,256,1803,1.000000,1.000000,1.000000,{"1":7168},1.000000,0.000000,0.000000,0.000000,1.000000,0.000000,-1.000000
0.049096133,2,160,read_only,1024,125,1.000000,1.000000,1.000000,{"1":1985},1.000000,0.000000,0.000000,0.000000,1.000000,0.000000,-1.000000
0.049096133,2,160,union,1024,125,1.000000,1.000000,1.000000,{"1":1985},1.000000,0.000000,0.000000,0.000000,1.000000,0.000000,-1.000000
0.049096133,2,160,snapshot,1024,453,1.000000,1.000000,1.000000,{"1":7168},1.000000,0.000000,0.000000,0.000000,1.000000,0.000000,-1.000000
0.049096133,2,160,read_only,4096,32,1.000000,1.000000,1.000000,{"1":1985},1.000000,0.000000,0.000000,0.000000,1.000000,0.000000,-1.000000
0.049096133,2,160,union,4096,32,1.000000,1.000000,1.000000,{"1":1985},1.000000,0.000000,0.000000,0.000000,1.000000,0.000000,-1.000000
0.049096133,2,160,snapshot,4096,114,1.000000,1.000000,1.000000,{"1":7168},1.000000,0.000000,0.000000,0.000000,1.000000,0.000000,-1.000000
0.049096133,2,160,read_only,16384,11,0.545455,0.878788,0.545455,{"1":1985},0.545455,0.454545,0.000000,0.000000,0.545455,0.000000,0.000000
0.049096133,2,160,union,16384,11,0.545455,0.878788,0.545455,{"1":1985},0.545455,0.454545,0.000000,0.000000,0.545455,0.000000,0.000000
0.049096133,2,160,snapshot,16384,36,0.805556,0.942130,0.805556,{"1":7168},0.805556,0.194444,0.000000,0.000000,0.805556,0.000000,0.000000
0.049369152,2,161,read_only,64,512,1.000000,1.000000,1.000000,{"1":512},1.000000,0.000000,0.000000,0.000000,1.000000,0.000000,-1.000000
0.049369152,2,161,union,64,512,1.000000,1.000000,1.000000,{"1":512},1.000000,0.000000,0.000000,0.000000,1.000000,0.000000,-1.000000
0.049369152,2,161,snapshot,64,7616,1.000000,1.000000,1.000000,{"1":7616},1.000000,0.000000,0.000000,0.000000,1.000000,0.000000,-1.000000
0.049369152,2,161,read_only,256,128,0.968750,0.984375,0.968750,{"1":512},0.968750,0.015625,0.015625,0.000000,0.968750,0.000000,0.000000
0.049369152,2,161,union,256,128,0.968750,0.984375,0.968750,{"1":512},0.968750,0.015625,0.015625,0.000000,0.968750,0.000000,0.000000
0.049369152,2,161,snapshot,256,1915,0.997911,0.998956,0.997911,{"1":7616},0.997911,0.001044,0.001044,0.000000,0.997911,0.000000,0.000000
0.049369152,2,161,read_only,1024,32,0.875000,0.972656,0.875000,{"1":512},0.875000,0.000000,0.125000,0.000000,0.875000,0.000000,0.000000
0.049369152,2,161,union,1024,32,0.875000,0.972656,0.875000,{"1":512},0.875000,0.000000,0.125000,0.000000,0.875000,0.000000,0.000000
0.049369152,2,161,snapshot,1024,481,0.991684,0.998181,0.991684,{"1":7616},0.991684,0.000000,0.008316,0.000000,0.991684,0.000000,0.000000
0.049369152,2,161,read_only,4096,8,0.875000,0.972656,0.875000,{"1":512},0.875000,0.000000,0.125000,0.000000,0.875000,0.000000,0.000000
0.049369152,2,161,union,4096,8,0.875000,0.972656,0.875000,{"1":512},0.875000,0.000000,0.125000,0.000000,0.875000,0.000000,0.000000
0.049369152,2,161,snapshot,4096,121,0.991736,0.998192,0.991736,{"1":7616},0.991736,0.000000,0.008264,0.000000,0.991736,0.000000,0.000000
0.049369152,2,161,read_only,16384,3,0.666667,0.927083,0.666667,{"1":512},0.666667,0.000000,0.333333,0.000000,0.666667,0.000000,0.000000
0.049369152,2,161,union,16384,3,0.666667,0.927083,0.666667,{"1":512},0.666667,0.000000,0.333333,0.000000,0.666667,0.000000,0.000000
0.049369152,2,161,snapshot,16384,38,0.789474,0.939419,0.789474,{"1":7616},0.789474,0.184211,0.026316,0.000000,0.789474,0.000000,0.000000
0.049721999,2,162,read_only,64,1152,1.000000,1.000000,1.000000,{"1":1152},1.000000,0.000000,0.000000,0.000000,1.000000,0.000000,-1.000000
0.049721999,2,162,union,64,1152,1.000000,1.000000,1.000000,{"1":1152},1.000000,0.000000,0.000000,0.000000,1.000000,0.000000,-1.000000
0.049721999,2,162,snapshot,64,7872,1.000000,1.000000,1.000000,{"1":7872},1.000000,0.000000,0.000000,0.000000,1.000000,0.000000,-1.000000
0.049721999,2,162,read_only,256,288,1.000000,1.000000,1.000000,{"1":1152},1.000000,0.000000,0.000000,0.000000,1.000000,0.000000,-1.000000
0.049721999,2,162,union,256,288,1.000000,1.000000,1.000000,{"1":1152},1.000000,0.000000,0.000000,0.000000,1.000000,0.000000,-1.000000
0.049721999,2,162,snapshot,256,1969,0.997969,0.998984,0.997969,{"1":7872},0.997969,0.001016,0.001016,0.000000,0.997969,0.000000,0.000000
0.049721999,2,162,read_only,1024,72,1.000000,1.000000,1.000000,{"1":1152},1.000000,0.000000,0.000000,0.000000,1.000000,0.000000,-1.000000
0.049721999,2,162,union,1024,72,1.000000,1.000000,1.000000,{"1":1152},1.000000,0.000000,0.000000,0.000000,1.000000,0.000000,-1.000000
0.049721999,2,162,snapshot,1024,493,0.991886,0.998225,0.991886,{"1":7872},0.991886,0.000000,0.008114,0.000000,0.991886,0.000000,0.000000
0.049721999,2,162,read_only,4096,18,1.000000,1.000000,1.000000,{"1":1152},1.000000,0.000000,0.000000,0.000000,1.000000,0.000000,-1.000000
0.049721999,2,162,union,4096,18,1.000000,1.000000,1.000000,{"1":1152},1.000000,0.000000,0.000000,0.000000,1.000000,0.000000,-1.000000
0.049721999,2,162,snapshot,4096,124,0.991935,0.998236,0.991935,{"1":7872},0.991935,0.000000,0.008065,0.000000,0.991935,0.000000,0.000000
0.049721999,2,162,read_only,16384,6,0.500000,0.833333,0.500000,{"1":1152},0.500000,0.500000,0.000000,0.000000,0.500000,0.000000,0.000000
0.049721999,2,162,union,16384,6,0.500000,0.833333,0.500000,{"1":1152},0.500000,0.500000,0.000000,0.000000,0.500000,0.000000,0.000000
0.049721999,2,162,snapshot,16384,40,0.750000,0.934049,0.750000,{"1":7872},0.750000,0.225000,0.025000,0.000000,0.750000,0.000000,0.000000
0.050367329,2,164,read_only,64,640,1.000000,1.000000,1.000000,{"1":640},1.000000,0.000000,0.000000,0.000000,1.000000,0.000000,-1.000000
0.050367329,2,164,union,64,640,1.000000,1.000000,1.000000,{"1":640},1.000000,0.000000,0.000000,0.000000,1.000000,0.000000,-1.000000
0.050367329,2,164,snapshot,64,640,1.000000,1.000000,1.000000,{"1":640},1.000000,0.000000,0.000000,0.000000,1.000000,0.000000,-1.000000
0.050367329,2,164,read_only,256,160,1.000000,1.000000,1.000000,{"1":640},1.000000,0.000000,0.000000,0.000000,1.000000,0.000000,-1.000000
0.050367329,2,164,union,256,160,1.000000,1.000000,1.000000,{"1":640},1.000000,0.000000,0.000000,0.000000,1.000000,0.000000,-1.000000
0.050367329,2,164,snapshot,256,160,1.000000,1.000000,1.000000,{"1":640},1.000000,0.000000,0.000000,0.000000,1.000000,0.000000,-1.000000
0.050367329,2,164,read_only,1024,40,1.000000,1.000000,1.000000,{"1":640},1.000000,0.000000,0.000000,0.000000,1.000000,0.000000,-1.000000
0.050367329,2,164,union,1024,40,1.000000,1.000000,1.000000,{"1":640},1.000000,0.000000,0.000000,0.000000,1.000000,0.000000,-1.000000
0.050367329,2,164,snapshot,1024,40,1.000000,1.000000,1.000000,{"1":640},1.000000,0.000000,0.000000,0.000000,1.000000,0.000000,-1.000000
0.050367329,2,164,read_only,4096,10,1.000000,1.000000,1.000000,{"1":640},1.000000,0.000000,0.000000,0.000000,1.000000,0.000000,-1.000000
0.050367329,2,164,union,4096,10,1.000000,1.000000,1.000000,{"1":640},1.000000,0.000000,0.000000,0.000000,1.000000,0.000000,-1.000000
0.050367329,2,164,snapshot,4096,10,1.000000,1.000000,1.000000,{"1":640},1.000000,0.000000,0.000000,0.000000,1.000000,0.000000,-1.000000
0.050367329,2,164,read_only,16384,3,0.666667,0.916667,0.666667,{"1":640},0.666667,0.333333,0.000000,0.000000,0.666667,0.000000,0.000000
0.050367329,2,164,union,16384,3,0.666667,0.916667,0.666667,{"1":640},0.666667,0.333333,0.000000,0.000000,0.666667,0.000000,0.000000
0.050367329,2,164,snapshot,16384,3,0.666667,0.916667,0.666667,{"1":640},0.666667,0.333333,0.000000,0.000000,0.666667,0.000000,0.000000
0.051224985,2,165,read_only,64,7424,1.000000,1.000000,1.000000,{"1":7424},1.000000,0.000000,0.000000,0.000000,1.000000,0.000000,-1.000000
0.051224985,2,165,union,64,7424,1.000000,1.000000,1.000000,{"1":7424},1.000000,0.000000,0.000000,0.000000,1.000000,0.000000,-1.000000
0.051224985,2,165,snapshot,64,7936,1.000000,1.000000,1.000000,{"1":7936},1.000000,0.000000,0.000000,0.000000,1.000000,0.000000,-1.000000
0.051224985,2,165,read_only,256,1856,1.000000,1.000000,1.000000,{"1":7424},1.000000,0.000000,0.000000,0.000000,1.000000,0.000000,-1.000000
0.051224985,2,165,union,256,1856,1.000000,1.000000,1.000000,{"1":7424},1.000000,0.000000,0.000000,0.000000,1.000000,0.000000,-1.000000
0.051224985,2,165,snapshot,256,1984,1.000000,1.000000,1.000000,{"1":7936},1.000000,0.000000,0.000000,0.000000,1.000000,0.000000,-1.000000
0.051224985,2,165,read_only,1024,464,1.000000,1.000000,1.000000,{"1":7424},1.000000,0.000000,0.000000,0.000000,1.000000,0.000000,-1.000000
0.051224985,2,165,union,1024,464,1.000000,1.000000,1.000000,{"1":7424},1.000000,0.000000,0.000000,0.000000,1.000000,0.000000,-1.000000
0.051224985,2,165,snapshot,1024,496,1.000000,1.000000,1.000000,{"1":7936},1.000000,0.000000,0.000000,0.000000,1.000000,0.000000,-1.000000
0.051224985,2,165,read_only,4096,116,1.000000,1.000000,1.000000,{"1":7424},1.000000,0.000000,0.000000,0.000000,1.000000,0.000000,-1.000000
0.051224985,2,165,union,4096,116,1.000000,1.000000,1.000000,{"1":7424},1.000000,0.000000,0.000000,0.000000,1.000000,0.000000,-1.000000
0.051224985,2,165,snapshot,4096,124,1.000000,1.000000,1.000000,{"1":7936},1.000000,0.000000,0.000000,0.000000,1.000000,0.000000,-1.000000
0.051224985,2,165,read_only,16384,30,0.900000,0.966667,0.900000,{"1":7424},0.900000,0.100000,0.000000,0.000000,0.900000,0.000000,0.000000
0.051224985,2,165,union,16384,30,0.900000,0.966667,0.900000,{"1":7424},0.900000,0.100000,0.000000,0.000000,0.900000,0.000000,0.000000
0.051224985,2,165,snapshot,16384,33,0.878788,0.962121,0.878788,{"1":7936},0.878788,0.121212,0.000000,0.000000,0.878788,0.000000,0.000000
0.051755278,2,166,read_only,64,5769,1.000000,1.000000,1.000000,{"1":5705,"2":64},0.988906,0.011094,0.000000,0.000000,0.988906,0.011094,1.000000
0.051755278,2,166,union,64,5769,1.000000,1.000000,1.000000,{"1":5705,"2":64},0.988906,0.011094,0.000000,0.000000,0.988906,0.011094,1.000000
0.051755278,2,166,snapshot,64,8192,1.000000,1.000000,1.000000,{"0":48,"1":8080,"2":64},0.986328,0.007812,0.000000,0.000000,0.986328,0.007812,1.000000
0.051755278,2,166,read_only,256,1683,1.000000,1.000000,1.000000,{"1":5705,"2":64},0.990493,0.009507,0.000000,0.000000,0.990493,0.009507,1.000000
0.051755278,2,166,union,256,1683,1.000000,1.000000,1.000000,{"1":5705,"2":64},0.990493,0.009507,0.000000,0.000000,0.990493,0.009507,1.000000
0.051755278,2,166,snapshot,256,2496,0.983173,0.994324,0.983173,{"0":48,"1":8080,"2":64},0.991587,0.006410,0.000000,0.000000,0.974760,0.006410,1.000000
0.051755278,2,166,read_only,1024,440,1.000000,1.000000,1.000000,{"1":5705,"2":64},0.990909,0.009091,0.000000,0.000000,0.990909,0.009091,1.000000
0.051755278,2,166,union,1024,440,1.000000,1.000000,1.000000,{"1":5705,"2":64},0.990909,0.009091,0.000000,0.000000,0.990909,0.009091,1.000000
0.051755278,2,166,snapshot,1024,685,0.931387,0.993155,0.931387,{"0":48,"1":8080,"2":64},0.994161,0.005839,0.000000,0.000000,0.925547,0.005839,1.000000
0.051755278,2,166,read_only,4096,110,1.000000,1.000000,1.000000,{"1":5705,"2":64},0.990909,0.009091,0.000000,0.000000,0.990909,0.009091,1.000000
0.051755278,2,166,union,4096,110,1.000000,1.000000,1.000000,{"1":5705,"2":64},0.990909,0.009091,0.000000,0.000000,0.990909,0.009091,1.000000
0.051755278,2,166,snapshot,4096,177,0.892655,0.993377,0.892655,{"0":48,"1":8080,"2":64},0.994350,0.005650,0.000000,0.000000,0.887006,0.005650,1.000000
0.051755278,2,166,read_only,16384,35,0.971429,0.985714,0.971429,{"1":5705,"2":64},0.971429,0.028571,0.000000,0.000000,0.971429,0.000000,0.000000
0.051755278,2,166,union,16384,35,0.971429,0.985714,0.971429,{"1":5705,"2":64},0.971429,0.028571,0.000000,0.000000,0.971429,0.000000,0.000000
0.051755278,2,166,snapshot,16384,57,0.736842,0.981840,0.736842,{"0":48,"1":8080,"2":64},0.964912,0.035088,0.000000,0.000000,0.736842,0.000000,0.000000
0.052017709,2,167,read_only,64,3229,1.000000,1.000000,1.000000,{"1":3191,"2":38},0.988232,0.011768,0.000000,0.000000,0.988232,0.011768,1.000000
0.052017709,2,167,union,64,3229,1.000000,1.000000,1.000000,{"1":3191,"2":38},0.988232,0.011768,0.000000,0.000000,0.988232,0.011768,1.000000
0.052017709,2,167,snapshot,64,8192,1.000000,1.000000,1.000000,{"1":8154,"2":38},0.995361,0.004639,0.000000,0.000000,0.995361,0.004639,1.000000
0.052017709,2,167,read_only,256,1121,0.993756,0.997472,0.993756,{"1":3191,"2":38},0.983051,0.010705,0.006244,0.000000,0.983051,0.010705,0.631579
0.052017709,2,167,union,256,1121,0.993756,0.997472,0.993756,{"1":3191,"2":38},0.983051,0.010705,0.006244,0.000000,0.983051,0.010705,0.631579
0.052017709,2,167,snapshot,256,2067,0.996613,0.998629,0.996613,{"1":8154,"2":38},0.990808,0.005806,0.003387,0.000000,0.990808,0.005806,0.631579
0.052017709,2,167,read_only,1024,350,0.985714,0.995952,0.985714,{"1":3191,"2":38},0.982857,0.002857,0.014286,0.000000,0.982857,0.002857,0.166667
0.052017709,2,167,union,1024,350,0.985714,0.995952,0.985714,{"1":3191,"2":38},0.982857,0.002857,0.014286,0.000000,0.982857,0.002857,0.166667
0.052017709,2,167,snapshot,1024,518,0.990347,0.997265,0.990347,{"1":8154,"2":38},0.988417,0.001931,0.009653,0.000000,0.988417,0.001931,0.166667
0.052017709,2,167,read_only,4096,92,0.978261,0.993892,0.978261,{"1":3191,"2":38},0.978261,0.000000,0.021739,0.000000,0.978261,0.000000,0.000000
0.052017709,2,167,union,4096,92,0.978261,0.993892,0.978261,{"1":3191,"2":38},0.978261,0.000000,0.021739,0.000000,0.978261,0.000000,0.000000
0.052017709,2,167,snapshot,4096,130,0.984615,0.995678,0.984615,{"1":8154,"2":38},0.984615,0.000000,0.015385,0.000000,0.984615,0.000000,0.000000
0.052017709,2,167,read_only,16384,30,0.933333,0.991592,0.933333,{"1":3191,"2":38},0.933333,0.033333,0.033333,0.000000,0.933333,0.000000,0.000000
0.052017709,2,167,union,16384,30,0.933333,0.991592,0.933333,{"1":3191,"2":38},0.933333,0.033333,0.033333,0.000000,0.933333,0.000000,0.000000
0.052017709,2,167,snapshot,16384,34,0.941176,0.985681,0.941176,{"1":8154,"2":38},0.941176,0.029412,0.029412,0.000000,0.941176,0.000000,0.000000
0.052885245,2,168,snapshot,64,8192,1.000000,1.000000,1.000000,{"1":8154,"2":38},0.995361,0.004639,0.000000,0.000000,0.995361,0.004639,1.000000
0.052885245,2,168,snapshot,256,2067,0.996613,0.998629,0.996613,{"1":8154,"2":38},0.990808,0.005806,0.003387,0.000000,0.990808,0.005806,0.631579
0.052885245,2,168,snapshot,1024,518,0.990347,0.997265,0.990347,{"1":8154,"2":38},0.988417,0.001931,0.009653,0.000000,0.988417,0.001931,0.166667
0.052885245,2,168,snapshot,4096,130,0.984615,0.995678,0.984615,{"1":8154,"2":38},0.984615,0.000000,0.015385,0.000000,0.984615,0.000000,0.000000
0.052885245,2,168,snapshot,16384,34,0.941176,0.985681,0.941176,{"1":8154,"2":38},0.941176,0.029412,0.029412,0.000000,0.941176,0.000000,0.000000
0.053117772,2,169,snapshot,64,8192,1.000000,1.000000,1.000000,{"1":8154,"2":38},0.995361,0.004639,0.000000,0.000000,0.995361,0.004639,1.000000
0.053117772,2,169,snapshot,256,2067,0.996613,0.998629,0.996613,{"1":8154,"2":38},0.990808,0.005806,0.003387,0.000000,0.990808,0.005806,0.631579
0.053117772,2,169,snapshot,1024,518,0.990347,0.997265,0.990347,{"1":8154,"2":38},0.988417,0.001931,0.009653,0.000000,0.988417,0.001931,0.166667
0.053117772,2,169,snapshot,4096,130,0.984615,0.995678,0.984615,{"1":8154,"2":38},0.984615,0.000000,0.015385,0.000000,0.984615,0.000000,0.000000
0.053117772,2,169,snapshot,16384,34,0.941176,0.985681,0.941176,{"1":8154,"2":38},0.941176,0.029412,0.029412,0.000000,0.941176,0.000000,0.000000
0.053376163,2,170,read_only,64,2675,1.000000,1.000000,1.000000,{"1":2675},1.000000,0.000000,0.000000,0.000000,1.000000,0.000000,-1.000000
0.053376163,2,170,union,64,2675,1.000000,1.000000,1.000000,{"1":2675},1.000000,0.000000,0.000000,0.000000,1.000000,0.000000,-1.000000
0.053376163,2,170,snapshot,64,8192,1.000000,1.000000,1.000000,{"1":8154,"2":38},0.995361,0.004639,0.000000,0.000000,0.995361,0.004639,1.000000
0.053376163,2,170,read_only,256,713,1.000000,1.000000,1.000000,{"1":2675},1.000000,0.000000,0.000000,0.000000,1.000000,0.000000,-1.000000
0.053376163,2,170,union,256,713,1.000000,1.000000,1.000000,{"1":2675},1.000000,0.000000,0.000000,0.000000,1.000000,0.000000,-1.000000
0.053376163,2,170,snapshot,256,2321,0.996984,0.998779,0.996984,{"1":8154,"2":38},0.991814,0.005170,0.003016,0.000000,0.991814,0.005170,0.631579
0.053376163,2,170,read_only,1024,198,1.000000,1.000000,1.000000,{"1":2675},1.000000,0.000000,0.000000,0.000000,1.000000,0.000000,-1.000000
0.053376163,2,170,union,1024,198,1.000000,1.000000,1.000000,{"1":2675},1.000000,0.000000,0.000000,0.000000,1.000000,0.000000,-1.000000
0.053376163,2,170,snapshot,1024,643,0.992224,0.997797,0.992224,{"1":8154,"2":38},0.990669,0.001555,0.007776,0.000000,0.990669,0.001555,0.166667
0.053376163,2,170,read_only,4096,52,1.000000,1.000000,1.000000,{"1":2675},1.000000,0.000000,0.000000,0.000000,1.000000,0.000000,-1.000000
0.053376163,2,170,union,4096,52,1.000000,1.000000,1.000000,{"1":2675},1.000000,0.000000,0.000000,0.000000,1.000000,0.000000,-1.000000
0.053376163,2,170,snapshot,4096,172,0.988372,0.996733,0.988372,{"1":8154,"2":38},0.988372,0.000000,0.011628,0.000000,0.988372,0.000000,0.000000
0.053376163,2,170,read_only,16384,13,1.000000,1.000000,1.000000,{"1":2675},1.000000,0.000000,0.000000,0.000000,1.000000,0.000000,-1.000000
0.053376163,2,170,union,16384,13,1.000000,1.000000,1.000000,{"1":2675},1.000000,0.000000,0.000000,0.000000,1.000000,0.000000,-1.000000
0.053376163,2,170,snapshot,16384,47,0.957447,0.992597,0.957447,{"1":8154,"2":38},0.957447,0.021277,0.021277,0.000000,0.957447,0.000000,0.000000
0.053768516,2,171,read_only,64,19005,1.000000,1.000000,1.000000,{"1":18991,"2":14},0.999263,0.000737,0.000000,0.000000,0.999263,0.000737,1.000000
0.053768516,2,171,union,64,19005,1.000000,1.000000,1.000000,{"1":18991,"2":14},0.999263,0.000737,0.000000,0.000000,0.999263,0.000737,1.000000
0.053768516,2,171,snapshot,64,8192,1.000000,1.000000,1.000000,{"1":8178,"2":14},0.998291,0.001709,0.000000,0.000000,0.998291,0.001709,1.000000
0.053768516,2,171,read_only,256,4836,0.999793,0.999897,0.999793,{"1":18991,"2":14},0.999173,0.000827,0.000000,0.000000,0.999173,0.000620,0.750000
0.053768516,2,171,union,256,4836,0.999793,0.999897,0.999793,{"1":18991,"2":14},0.999173,0.000827,0.000000,0.000000,0.999173,0.000620,0.750000
0.053768516,2,171,snapshot,256,2451,0.999592,0.999796,0.999592,{"1":8178,"2":14},0.998368,0.001632,0.000000,0.000000,0.998368,0.001224,0.750000
0.053768516,2,171,read_only,1024,1219,0.999180,0.999897,0.999180,{"1":18991,"2":14},0.999180,0.000820,0.000000,0.000000,0.999180,0.000000,0.000000
0.053768516,2,171,union,1024,1219,0.999180,0.999897,0.999180,{"1":18991,"2":14},0.999180,0.000820,0.000000,0.000000,0.999180,0.000000,0.000000
0.053768516,2,171,snapshot,1024,729,0.998628,0.999829,0.998628,{"1":8178,"2":14},0.998628,0.001372,0.000000,0.000000,0.998628,0.000000,0.000000
0.053768516,2,171,read_only,4096,308,0.996753,0.999594,0.996753,{"1":18991,"2":14},0.996753,0.003247,0.000000,0.000000,0.996753,0.000000,0.000000
0.053768516,2,171,union,4096,308,0.996753,0.999594,0.996753,{"1":18991,"2":14},0.996753,0.003247,0.000000,0.000000,0.996753,0.000000,0.000000
0.053768516,2,171,snapshot,4096,203,0.995074,0.999384,0.995074,{"1":8178,"2":14},0.995074,0.004926,0.000000,0.000000,0.995074,0.000000,0.000000
0.053768516,2,171,read_only,16384,79,0.936709,0.980610,0.936709,{"1":18991,"2":14},0.936709,0.063291,0.000000,0.000000,0.936709,0.000000,0.000000
0.053768516,2,171,union,16384,79,0.936709,0.980610,0.936709,{"1":18991,"2":14},0.936709,0.063291,0.000000,0.000000,0.936709,0.000000,0.000000
0.053768516,2,171,snapshot,16384,59,0.949153,0.981588,0.949153,{"1":8178,"2":14},0.949153,0.050847,0.000000,0.000000,0.949153,0.000000,0.000000
0.054010654,2,172,read_only,64,440,1.000000,1.000000,1.000000,{"1":440},1.000000,0.000000,0.000000,0.000000,1.000000,0.000000,-1.000000
0.054010654,2,172,union,64,440,1.000000,1.000000,1.000000,{"1":440},1.000000,0.000000,0.000000,0.000000,1.000000,0.000000,-1.000000
0.054010654,2,172,snapshot,64,8192,1.000000,1.000000,1.000000,{"1":8178,"2":14},0.998291,0.001709,0.000000,0.000000,0.998291,0.001709,1.000000
0.054010654,2,172,read_only,256,110,1.000000,1.000000,1.000000,{"1":440},1.000000,0.000000,0.000000,0.000000,1.000000,0.000000,-1.000000
0.054010654,2,172,union,256,110,1.000000,1.000000,1.000000,{"1":440},1.000000,0.000000,0.000000,0.000000,1.000000,0.000000,-1.000000
0.054010654,2,172,snapshot,256,2467,0.999595,0.999797,0.999595,{"1":8178,"2":14},0.998379,0.001621,0.000000,0.000000,0.998379,0.001216,0.750000
0.054010654,2,172,read_only,1024,28,1.000000,1.000000,1.000000,{"1":440},1.000000,0.000000,0.000000,0.000000,1.000000,0.000000,-1.000000
0.054010654,2,172,union,1024,28,1.000000,1.000000,1.000000,{"1":440},1.000000,0.000000,0.000000,0.000000,1.000000,0.000000,-1.000000
0.054010654,2,172,snapshot,1024,740,0.998649,0.999831,0.998649,{"1":8178,"2":14},0.998649,0.001351,0.000000,0.000000,0.998649,0.000000,0.000000
0.054010654,2,172,read_only,4096,7,1.000000,1.000000,1.000000,{"1":440},1.000000,0.000000,0.000000,0.000000,1.000000,0.000000,-1.000000
0.054010654,2,172,union,4096,7,1.000000,1.000000,1.000000,{"1":440},1.000000,0.000000,0.000000,0.000000,1.000000,0.000000,-1.000000
0.054010654,2,172,snapshot,4096,206,0.995146,0.999393,0.995146,{"1":8178,"2":14},0.995146,0.004854,0.000000,0.000000,0.995146,0.000000,0.000000
0.054010654,2,172,read_only,16384,3,1.000000,1.000000,1.000000,{"1":440},1.000000,0.000000,0.000000,0.000000,1.000000,0.000000,-1.000000
0.054010654,2,172,union,16384,3,1.000000,1.000000,1.000000,{"1":440},1.000000,0.000000,0.000000,0.000000,1.000000,0.000000,-1.000000
0.054010654,2,172,snapshot,16384,59,0.949153,0.977207,0.949153,{"1":8178,"2":14},0.949153,0.050847,0.000000,0.000000,0.949153,0.000000,0.000000
0.054245714,2,173,snapshot,64,8192,1.000000,1.000000,1.000000,{"1":8178,"2":14},0.998291,0.001709,0.000000,0.000000,0.998291,0.001709,1.000000
0.054245714,2,173,snapshot,256,2467,0.999595,0.999797,0.999595,{"1":8178,"2":14},0.998379,0.001621,0.000000,0.000000,0.998379,0.001216,0.750000
0.054245714,2,173,snapshot,1024,740,0.998649,0.999831,0.998649,{"1":8178,"2":14},0.998649,0.001351,0.000000,0.000000,0.998649,0.000000,0.000000
0.054245714,2,173,snapshot,4096,206,0.995146,0.999393,0.995146,{"1":8178,"2":14},0.995146,0.004854,0.000000,0.000000,0.995146,0.000000,0.000000
0.054245714,2,173,snapshot,16384,59,0.949153,0.977207,0.949153,{"1":8178,"2":14},0.949153,0.050847,0.000000,0.000000,0.949153,0.000000,0.000000
