sim_time,gpu_id,kernel_id,view,region_size_bytes,num_regions_with_entries,strict_coalescable_ratio,avg_relaxed_ratio,full_redundant_ratio,sharer_set_cardinality_dist_json,reg_card1_ratio,reg_card2_ratio,reg_card3_ratio,reg_card4plus_ratio,coalescable_private_ratio,coalescable_shared_ratio,shared_only_strict_ratio
0.001528923,5,1,read_only,64,10981,1.000000,1.000000,1.000000,{"1":10981},1.000000,0.000000,0.000000,0.000000,1.000000,0.000000,-1.000000
0.001528923,5,1,union,64,10981,1.000000,1.000000,1.000000,{"1":10981},1.000000,0.000000,0.000000,0.000000,1.000000,0.000000,-1.000000
0.001528923,5,1,snapshot,64,8192,1.000000,1.000000,1.000000,{"0":1,"1":8191},0.999878,0.000000,0.000000,0.000000,0.999878,0.000000,-1.000000
0.001528923,5,1,read_only,256,10981,1.000000,1.000000,1.000000,{"1":10981},1.000000,0.000000,0.000000,0.000000,1.000000,0.000000,-1.000000
0.001528923,5,1,union,256,10981,1.000000,1.000000,1.000000,{"1":10981},1.000000,0.000000,0.000000,0.000000,1.000000,0.000000,-1.000000
0.001528923,5,1,snapshot,256,8192,1.000000,1.000000,1.000000,{"0":1,"1":8191},0.999878,0.000000,0.000000,0.000000,0.999878,0.000000,-1.000000
0.001528923,5,1,read_only,1024,2797,1.000000,1.000000,1.000000,{"1":10981},1.000000,0.000000,0.000000,0.000000,1.000000,0.000000,-1.000000
0.001528923,5,1,union,1024,2797,1.000000,1.000000,1.000000,{"1":10981},1.000000,0.000000,0.000000,0.000000,1.000000,0.000000,-1.000000
0.001528923,5,1,snapshot,1024,2179,0.999541,0.999771,0.999541,{"0":1,"1":8191},1.000000,0.000000,0.000000,0.000000,0.999541,0.000000,-1.000000
0.001528923,5,1,read_only,4096,714,1.000000,1.000000,1.000000,{"1":10981},1.000000,0.000000,0.000000,0.000000,1.000000,0.000000,-1.000000
0.001528923,5,1,union,4096,714,1.000000,1.000000,1.000000,{"1":10981},1.000000,0.000000,0.000000,0.000000,1.000000,0.000000,-1.000000
0.001528923,5,1,snapshot,4096,578,0.998270,0.999753,0.998270,{"0":1,"1":8191},1.000000,0.000000,0.000000,0.000000,0.998270,0.000000,-1.000000
0.001528923,5,1,read_only,16384,188,1.000000,1.000000,1.000000,{"1":10981},1.000000,0.000000,0.000000,0.000000,1.000000,0.000000,-1.000000
0.001528923,5,1,union,16384,188,1.000000,1.000000,1.000000,{"1":10981},1.000000,0.000000,0.000000,0.000000,1.000000,0.000000,-1.000000
0.001528923,5,1,snapshot,16384,160,0.993750,0.999519,0.993750,{"0":1,"1":8191},1.000000,0.000000,0.000000,0.000000,0.993750,0.000000,-1.000000
0.003356954,5,2,read_only,64,28347,1.000000,1.000000,1.000000,{"1":28347},1.000000,0.000000,0.000000,0.000000,1.000000,0.000000,-1.000000
0.003356954,5,2,union,64,28347,1.000000,1.000000,1.000000,{"1":28347},1.000000,0.000000,0.000000,0.000000,1.000000,0.000000,-1.000000
0.003356954,5,2,snapshot,64,8192,1.000000,1.000000,1.000000,{"1":8192},1.000000,0.000000,0.000000,0.000000,1.000000,0.000000,-1.000000
0.003356954,5,2,read_only,256,28347,1.000000,1.000000,1.000000,{"1":28347},1.000000,0.000000,0.000000,0.000000,1.000000,0.000000,-1.000000
0.003356954,5,2,union,256,28347,1.000000,1.000000,1.000000,{"1":28347},1.000000,0.000000,0.000000,0.000000,1.000000,0.000000,-1.000000
0.003356954,5,2,snapshot,256,8192,1.000000,1.000000,1.000000,{"1":8192},1.000000,0.000000,0.000000,0.000000,1.000000,0.000000,-1.000000
0.003356954,5,2,read_only,1024,7135,1.000000,1.000000,1.000000,{"1":28347},1.000000,0.000000,0.000000,0.000000,1.000000,0.000000,-1.000000
0.003356954,5,2,union,1024,7135,1.000000,1.000000,1.000000,{"1":28347},1.000000,0.000000,0.000000,0.000000,1.000000,0.000000,-1.000000
0.003356954,5,2,snapshot,1024,2128,1.000000,1.000000,1.000000,{"1":8192},1.000000,0.000000,0.000000,0.000000,1.000000,0.000000,-1.000000
0.003356954,5,2,read_only,4096,1797,1.000000,1.000000,1.000000,{"1":28347},1.000000,0.000000,0.000000,0.000000,1.000000,0.000000,-1.000000
0.003356954,5,2,union,4096,1797,1.000000,1.000000,1.000000,{"1":28347},1.000000,0.000000,0.000000,0.000000,1.000000,0.000000,-1.000000
0.003356954,5,2,snapshot,4096,551,1.000000,1.000000,1.000000,{"1":8192},1.000000,0.000000,0.000000,0.000000,1.000000,0.000000,-1.000000
0.003356954,5,2,read_only,16384,457,1.000000,1.000000,1.000000,{"1":28347},1.000000,0.000000,0.000000,0.000000,1.000000,0.000000,-1.000000
0.003356954,5,2,union,16384,457,1.000000,1.000000,1.000000,{"1":28347},1.000000,0.000000,0.000000,0.000000,1.000000,0.000000,-1.000000
0.003356954,5,2,snapshot,16384,147,1.000000,1.000000,1.000000,{"1":8192},1.000000,0.000000,0.000000,0.000000,1.000000,0.000000,-1.000000
0.003684176,5,3,read_only,64,4530,1.000000,1.000000,1.000000,{"1":4530},1.000000,0.000000,0.000000,0.000000,1.000000,0.000000,-1.000000
0.003684176,5,3,union,64,4530,1.000000,1.000000,1.000000,{"1":4530},1.000000,0.000000,0.000000,0.000000,1.000000,0.000000,-1.000000
0.003684176,5,3,snapshot,64,8192,1.000000,1.000000,1.000000,{"0":1,"1":8191},0.999878,0.000000,0.000000,0.000000,0.999878,0.000000,-1.000000
0.003684176,5,3,read_only,256,4530,1.000000,1.000000,1.000000,{"1":4530},1.000000,0.000000,0.000000,0.000000,1.000000,0.000000,-1.000000
0.003684176,5,3,union,256,4530,1.000000,1.000000,1.000000,{"1":4530},1.000000,0.000000,0.000000,0.000000,1.000000,0.000000,-1.000000
0.003684176,5,3,snapshot,256,8192,1.000000,1.000000,1.000000,{"0":1,"1":8191},0.999878,0.000000,0.000000,0.000000,0.999878,0.000000,-1.000000
0.003684176,5,3,read_only,1024,1347,1.000000,1.000000,1.000000,{"1":4530},1.000000,0.000000,0.000000,0.000000,1.000000,0.000000,-1.000000
0.003684176,5,3,union,1024,1347,1.000000,1.000000,1.000000,{"1":4530},1.000000,0.000000,0.000000,0.000000,1.000000,0.000000,-1.000000
0.003684176,5,3,snapshot,1024,2477,0.999596,0.999899,0.999596,{"0":1,"1":8191},1.000000,0.000000,0.000000,0.000000,0.999596,0.000000,-1.000000
0.003684176,5,3,read_only,4096,368,1.000000,1.000000,1.000000,{"1":4530},1.000000,0.000000,0.000000,0.000000,1.000000,0.000000,-1.000000
0.003684176,5,3,union,4096,368,1.000000,1.000000,1.000000,{"1":4530},1.000000,0.000000,0.000000,0.000000,1.000000,0.000000,-1.000000
0.003684176,5,3,snapshot,4096,682,0.998534,0.999908,0.998534,{"0":1,"1":8191},1.000000,0.000000,0.000000,0.000000,0.998534,0.000000,-1.000000
0.003684176,5,3,read_only,16384,120,1.000000,1.000000,1.000000,{"1":4530},1.000000,0.000000,0.000000,0.000000,1.000000,0.000000,-1.000000
0.003684176,5,3,union,16384,120,1.000000,1.000000,1.000000,{"1":4530},1.000000,0.000000,0.000000,0.000000,1.000000,0.000000,-1.000000
0.003684176,5,3,snapshot,16384,199,0.994975,0.999856,0.994975,{"0":1,"1":8191},1.000000,0.000000,0.000000,0.000000,0.994975,0.000000,-1.000000
0.010697715,5,4,read_only,64,42059,1.000000,1.000000,1.000000,{"1":32262,"2":2039,"3":7758},0.767065,0.048480,0.184455,0.000000,0.767065,0.232935,1.000000
0.010697715,5,4,union,64,42059,1.000000,1.000000,1.000000,{"1":32262,"2":2039,"3":7758},0.767065,0.048480,0.184455,0.000000,0.767065,0.232935,1.000000
0.010697715,5,4,snapshot,64,8192,1.000000,1.000000,1.000000,{"1":4206,"2":998,"3":2988},0.513428,0.121826,0.364746,0.000000,0.513428,0.486572,1.000000
0.010697715,5,4,read_only,256,42059,1.000000,1.000000,1.000000,{"1":32262,"2":2039,"3":7758},0.767065,0.048480,0.184455,0.000000,0.767065,0.232935,1.000000
0.010697715,5,4,union,256,42059,1.000000,1.000000,1.000000,{"1":32262,"2":2039,"3":7758},0.767065,0.048480,0.184455,0.000000,0.767065,0.232935,1.000000
0.010697715,5,4,snapshot,256,8192,1.000000,1.000000,1.000000,{"1":4206,"2":998,"3":2988},0.513428,0.121826,0.364746,0.000000,0.513428,0.486572,1.000000
0.010697715,5,4,read_only,1024,10694,0.950627,0.981438,0.950627,{"1":32262,"2":2039,"3":7758},0.770339,0.025248,0.204414,0.000000,0.770339,0.180288,0.785016
0.010697715,5,4,union,1024,10694,0.950627,0.981438,0.950627,{"1":32262,"2":2039,"3":7758},0.770339,0.025248,0.204414,0.000000,0.770339,0.180288,0.785016
0.010697715,5,4,snapshot,1024,2587,0.918438,0.968464,0.918438,{"1":4206,"2":998,"3":2988},0.538848,0.065327,0.395825,0.000000,0.538848,0.379590,0.823135
0.010697715,5,4,read_only,4096,2737,0.867008,0.964263,0.867008,{"1":32262,"2":2039,"3":7758},0.774936,0.002923,0.222141,0.000000,0.774936,0.092072,0.409091
0.010697715,5,4,union,4096,2737,0.867008,0.964263,0.867008,{"1":32262,"2":2039,"3":7758},0.774936,0.002923,0.222141,0.000000,0.774936,0.092072,0.409091
0.010697715,5,4,snapshot,4096,850,0.802353,0.943321,0.802353,{"1":4206,"2":998,"3":2988},0.529412,0.017647,0.452941,0.000000,0.529412,0.272941,0.580000
0.010697715,5,4,read_only,16384,704,0.784091,0.954314,0.784091,{"1":32262,"2":2039,"3":7758},0.772727,0.005682,0.221591,0.000000,0.772727,0.011364,0.050000
0.010697715,5,4,union,16384,704,0.784091,0.954314,0.784091,{"1":32262,"2":2039,"3":7758},0.772727,0.005682,0.221591,0.000000,0.772727,0.011364,0.050000
0.010697715,5,4,snapshot,16384,259,0.683398,0.928290,0.683398,{"1":4206,"2":998,"3":2988},0.517375,0.003861,0.478764,0.000000,0.517375,0.166023,0.344000
0.012552168,5,5,read_only,64,45867,1.000000,1.000000,1.000000,{"1":20501,"2":25365,"3":1},0.446966,0.553012,0.000022,0.000000,0.446966,0.553034,1.000000
0.012552168,5,5,union,64,45867,1.000000,1.000000,1.000000,{"1":20501,"2":25365,"3":1},0.446966,0.553012,0.000022,0.000000,0.446966,0.553034,1.000000
0.012552168,5,5,snapshot,64,8192,1.000000,1.000000,1.000000,{"1":4172,"2":4020},0.509277,0.490723,0.000000,0.000000,0.509277,0.490723,1.000000
0.012552168,5,5,read_only,256,45867,1.000000,1.000000,1.000000,{"1":20501,"2":25365,"3":1},0.446966,0.553012,0.000022,0.000000,0.446966,0.553034,1.000000
0.012552168,5,5,union,256,45867,1.000000,1.000000,1.000000,{"1":20501,"2":25365,"3":1},0.446966,0.553012,0.000022,0.000000,0.446966,0.553034,1.000000
0.012552168,5,5,snapshot,256,8192,1.000000,1.000000,1.000000,{"1":4172,"2":4020},0.509277,0.490723,0.000000,0.000000,0.509277,0.490723,1.000000
0.012552168,5,5,read_only,1024,11516,1.000000,1.000000,1.000000,{"1":20501,"2":25365,"3":1},0.447551,0.552362,0.000087,0.000000,0.447551,0.552449,1.000000
0.012552168,5,5,union,1024,11516,1.000000,1.000000,1.000000,{"1":20501,"2":25365,"3":1},0.447551,0.552362,0.000087,0.000000,0.447551,0.552449,1.000000
0.012552168,5,5,snapshot,1024,2064,1.000000,1.000000,1.000000,{"1":4172,"2":4020},0.509690,0.490310,0.000000,0.000000,0.509690,0.490310,1.000000
0.012552168,5,5,read_only,4096,2899,0.999655,0.999828,0.999655,{"1":20501,"2":25365,"3":1},0.449810,0.549845,0.000345,0.000000,0.449810,0.549845,0.999373
0.012552168,5,5,union,4096,2899,0.999655,0.999828,0.999655,{"1":20501,"2":25365,"3":1},0.449810,0.549845,0.000345,0.000000,0.449810,0.549845,0.999373
0.012552168,5,5,snapshot,4096,521,1.000000,1.000000,1.000000,{"1":4172,"2":4020},0.510557,0.489443,0.000000,0.000000,0.510557,0.489443,1.000000
0.012552168,5,5,read_only,16384,746,0.965147,0.989997,0.965147,{"1":20501,"2":25365,"3":1},0.441019,0.548257,0.010724,0.000000,0.441019,0.524129,0.937650
0.012552168,5,5,union,16384,746,0.965147,0.989997,0.965147,{"1":20501,"2":25365,"3":1},0.441019,0.548257,0.010724,0.000000,0.441019,0.524129,0.937650
0.012552168,5,5,snapshot,16384,170,1.000000,1.000000,1.000000,{"1":4172,"2":4020},0.488235,0.511765,0.000000,0.000000,0.488235,0.511765,1.000000
0.026075275,5,6,read_only,64,61990,1.000000,1.000000,1.000000,{"1":61972,"2":15,"3":3},0.999710,0.000242,0.000048,0.000000,0.999710,0.000290,1.000000
0.026075275,5,6,union,64,61990,1.000000,1.000000,1.000000,{"1":61972,"2":15,"3":3},0.999710,0.000242,0.000048,0.000000,0.999710,0.000290,1.000000
0.026075275,5,6,snapshot,64,8192,1.000000,1.000000,1.000000,{"1":8189,"2":2,"3":1},0.999634,0.000244,0.000122,0.000000,0.999634,0.000366,1.000000
0.026075275,5,6,read_only,256,61990,1.000000,1.000000,1.000000,{"1":61972,"2":15,"3":3},0.999710,0.000242,0.000048,0.000000,0.999710,0.000290,1.000000
0.026075275,5,6,union,256,61990,1.000000,1.000000,1.000000,{"1":61972,"2":15,"3":3},0.999710,0.000242,0.000048,0.000000,0.999710,0.000290,1.000000
0.026075275,5,6,snapshot,256,8192,1.000000,1.000000,1.000000,{"1":8189,"2":2,"3":1},0.999634,0.000244,0.000122,0.000000,0.999634,0.000366,1.000000
0.026075275,5,6,read_only,1024,15533,0.999485,0.999791,0.999485,{"1":61972,"2":15,"3":3},0.999421,0.000193,0.000386,0.000000,0.999421,0.000064,0.111111
0.026075275,5,6,union,1024,15533,0.999485,0.999791,0.999485,{"1":61972,"2":15,"3":3},0.999421,0.000193,0.000386,0.000000,0.999421,0.000064,0.111111
0.026075275,5,6,snapshot,1024,2679,1.000000,1.000000,1.000000,{"1":8189,"2":2,"3":1},0.998880,0.000747,0.000373,0.000000,0.998880,0.001120,1.000000
0.026075275,5,6,read_only,4096,3913,0.999489,0.999728,0.999489,{"1":61972,"2":15,"3":3},0.999233,0.000000,0.000767,0.000000,0.999233,0.000256,0.333333
0.026075275,5,6,union,4096,3913,0.999489,0.999728,0.999489,{"1":61972,"2":15,"3":3},0.999233,0.000000,0.000767,0.000000,0.999233,0.000256,0.333333
0.026075275,5,6,snapshot,4096,911,1.000000,1.000000,1.000000,{"1":8189,"2":2,"3":1},0.996707,0.002195,0.001098,0.000000,0.996707,0.003293,1.000000
0.026075275,5,6,read_only,16384,988,0.987854,0.996358,0.987854,{"1":61972,"2":15,"3":3},0.987854,0.009109,0.003036,0.000000,0.987854,0.000000,0.000000
0.026075275,5,6,union,16384,988,0.987854,0.996358,0.987854,{"1":61972,"2":15,"3":3},0.987854,0.009109,0.003036,0.000000,0.987854,0.000000,0.000000
0.026075275,5,6,snapshot,16384,285,0.996491,0.999841,0.996491,{"1":8189,"2":2,"3":1},0.989474,0.007018,0.003509,0.000000,0.989474,0.007018,0.666667
0.027051642,5,7,read_only,64,20339,1.000000,1.000000,1.000000,{"1":20337,"2":1,"3":1},0.999902,0.000049,0.000049,0.000000,0.999902,0.000098,1.000000
0.027051642,5,7,union,64,20339,1.000000,1.000000,1.000000,{"1":20337,"2":1,"3":1},0.999902,0.000049,0.000049,0.000000,0.999902,0.000098,1.000000
0.027051642,5,7,snapshot,64,8192,1.000000,1.000000,1.000000,{"1":8192},1.000000,0.000000,0.000000,0.000000,1.000000,0.000000,-1.000000
0.027051642,5,7,read_only,256,20339,1.000000,1.000000,1.000000,{"1":20337,"2":1,"3":1},0.999902,0.000049,0.000049,0.000000,0.999902,0.000098,1.000000
0.027051642,5,7,union,256,20339,1.000000,1.000000,1.000000,{"1":20337,"2":1,"3":1},0.999902,0.000049,0.000049,0.000000,0.999902,0.000098,1.000000
0.027051642,5,7,snapshot,256,8192,1.000000,1.000000,1.000000,{"1":8192},1.000000,0.000000,0.000000,0.000000,1.000000,0.000000,-1.000000
0.027051642,5,7,read_only,1024,5220,1.000000,1.000000,1.000000,{"1":20337,"2":1,"3":1},0.999617,0.000192,0.000192,0.000000,0.999617,0.000383,1.000000
0.027051642,5,7,union,1024,5220,1.000000,1.000000,1.000000,{"1":20337,"2":1,"3":1},0.999617,0.000192,0.000192,0.000000,0.999617,0.000383,1.000000
0.027051642,5,7,snapshot,1024,2308,1.000000,1.000000,1.000000,{"1":8192},1.000000,0.000000,0.000000,0.000000,1.000000,0.000000,-1.000000
0.027051642,5,7,read_only,4096,1366,1.000000,1.000000,1.000000,{"1":20337,"2":1,"3":1},0.998536,0.000732,0.000732,0.000000,0.998536,0.001464,1.000000
0.027051642,5,7,union,4096,1366,1.000000,1.000000,1.000000,{"1":20337,"2":1,"3":1},0.998536,0.000732,0.000732,0.000000,0.998536,0.001464,1.000000
0.027051642,5,7,snapshot,4096,632,1.000000,1.000000,1.000000,{"1":8192},1.000000,0.000000,0.000000,0.000000,1.000000,0.000000,-1.000000
0.027051642,5,7,read_only,16384,367,0.997275,0.999319,0.997275,{"1":20337,"2":1,"3":1},0.991826,0.005450,0.002725,0.000000,0.991826,0.005450,0.666667
0.027051642,5,7,union,16384,367,0.997275,0.999319,0.997275,{"1":20337,"2":1,"3":1},0.991826,0.005450,0.002725,0.000000,0.991826,0.005450,0.666667
0.027051642,5,7,snapshot,16384,176,1.000000,1.000000,1.000000,{"1":8192},1.000000,0.000000,0.000000,0.000000,1.000000,0.000000,-1.000000
0.027836048,5,8,read_only,64,19814,1.000000,1.000000,1.000000,{"1":19814},1.000000,0.000000,0.000000,0.000000,1.000000,0.000000,-1.000000
0.027836048,5,8,union,64,19814,1.000000,1.000000,1.000000,{"1":19814},1.000000,0.000000,0.000000,0.000000,1.000000,0.000000,-1.000000
0.027836048,5,8,snapshot,64,8192,1.000000,1.000000,1.000000,{"1":8192},1.000000,0.000000,0.000000,0.000000,1.000000,0.000000,-1.000000
0.027836048,5,8,read_only,256,19814,1.000000,1.000000,1.000000,{"1":19814},1.000000,0.000000,0.000000,0.000000,1.000000,0.000000,-1.000000
0.027836048,5,8,union,256,19814,1.000000,1.000000,1.000000,{"1":19814},1.000000,0.000000,0.000000,0.000000,1.000000,0.000000,-1.000000
0.027836048,5,8,snapshot,256,8192,1.000000,1.000000,1.000000,{"1":8192},1.000000,0.000000,0.000000,0.000000,1.000000,0.000000,-1.000000
0.027836048,5,8,read_only,1024,5156,1.000000,1.000000,1.000000,{"1":19814},1.000000,0.000000,0.000000,0.000000,1.000000,0.000000,-1.000000
0.027836048,5,8,union,1024,5156,1.000000,1.000000,1.000000,{"1":19814},1.000000,0.000000,0.000000,0.000000,1.000000,0.000000,-1.000000
0.027836048,5,8,snapshot,1024,2282,1.000000,1.000000,1.000000,{"1":8192},1.000000,0.000000,0.000000,0.000000,1.000000,0.000000,-1.000000
0.027836048,5,8,read_only,4096,1375,1.000000,1.000000,1.000000,{"1":19814},1.000000,0.000000,0.000000,0.000000,1.000000,0.000000,-1.000000
0.027836048,5,8,union,4096,1375,1.000000,1.000000,1.000000,{"1":19814},1.000000,0.000000,0.000000,0.000000,1.000000,0.000000,-1.000000
0.027836048,5,8,snapshot,4096,623,1.000000,1.000000,1.000000,{"1":8192},1.000000,0.000000,0.000000,0.000000,1.000000,0.000000,-1.000000
0.027836048,5,8,read_only,16384,362,0.994475,0.998045,0.994475,{"1":19814},0.994475,0.005525,0.000000,0.000000,0.994475,0.000000,0.000000
0.027836048,5,8,union,16384,362,0.994475,0.998045,0.994475,{"1":19814},0.994475,0.005525,0.000000,0.000000,0.994475,0.000000,0.000000
0.027836048,5,8,snapshot,16384,173,1.000000,1.000000,1.000000,{"1":8192},1.000000,0.000000,0.000000,0.000000,1.000000,0.000000,-1.000000
0.028630064,5,9,read_only,64,19394,1.000000,1.000000,1.000000,{"1":19394},1.000000,0.000000,0.000000,0.000000,1.000000,0.000000,-1.000000
0.028630064,5,9,union,64,19394,1.000000,1.000000,1.000000,{"1":19394},1.000000,0.000000,0.000000,0.000000,1.000000,0.000000,-1.000000
0.028630064,5,9,snapshot,64,8192,1.000000,1.000000,1.000000,{"1":8192},1.000000,0.000000,0.000000,0.000000,1.000000,0.000000,-1.000000
0.028630064,5,9,read_only,256,19394,1.000000,1.000000,1.000000,{"1":19394},1.000000,0.000000,0.000000,0.000000,1.000000,0.000000,-1.000000
0.028630064,5,9,union,256,19394,1.000000,1.000000,1.000000,{"1":19394},1.000000,0.000000,0.000000,0.000000,1.000000,0.000000,-1.000000
0.028630064,5,9,snapshot,256,8192,1.000000,1.000000,1.000000,{"1":8192},1.000000,0.000000,0.000000,0.000000,1.000000,0.000000,-1.000000
0.028630064,5,9,read_only,1024,4912,1.000000,1.000000,1.000000,{"1":19394},1.000000,0.000000,0.000000,0.000000,1.000000,0.000000,-1.000000
0.028630064,5,9,union,1024,4912,1.000000,1.000000,1.000000,{"1":19394},1.000000,0.000000,0.000000,0.000000,1.000000,0.000000,-1.000000
0.028630064,5,9,snapshot,1024,2309,1.000000,1.000000,1.000000,{"1":8192},1.000000,0.000000,0.000000,0.000000,1.000000,0.000000,-1.000000
0.028630064,5,9,read_only,4096,1228,1.000000,1.000000,1.000000,{"1":19394},1.000000,0.000000,0.000000,0.000000,1.000000,0.000000,-1.000000
0.028630064,5,9,union,4096,1228,1.000000,1.000000,1.000000,{"1":19394},1.000000,0.000000,0.000000,0.000000,1.000000,0.000000,-1.000000
0.028630064,5,9,snapshot,4096,625,1.000000,1.000000,1.000000,{"1":8192},1.000000,0.000000,0.000000,0.000000,1.000000,0.000000,-1.000000
0.028630064,5,9,read_only,16384,309,0.993528,0.997457,0.993528,{"1":19394},0.993528,0.006472,0.000000,0.000000,0.993528,0.000000,0.000000
0.028630064,5,9,union,16384,309,0.993528,0.997457,0.993528,{"1":19394},0.993528,0.006472,0.000000,0.000000,0.993528,0.000000,0.000000
0.028630064,5,9,snapshot,16384,174,1.000000,1.000000,1.000000,{"1":8192},1.000000,0.000000,0.000000,0.000000,1.000000,0.000000,-1.000000
0.029575811,5,10,read_only,64,13540,1.000000,1.000000,1.000000,{"1":13524,"2":16},0.998818,0.001182,0.000000,0.000000,0.998818,0.001182,1.000000
0.029575811,5,10,union,64,13540,1.000000,1.000000,1.000000,{"1":13524,"2":16},0.998818,0.001182,0.000000,0.000000,0.998818,0.001182,1.000000
0.029575811,5,10,snapshot,64,8192,1.000000,1.000000,1.000000,{"1":8179,"2":13},0.998413,0.001587,0.000000,0.000000,0.998413,0.001587,1.000000
0.029575811,5,10,read_only,256,13540,1.000000,1.000000,1.000000,{"1":13524,"2":16},0.998818,0.001182,0.000000,0.000000,0.998818,0.001182,1.000000
0.029575811,5,10,union,256,13540,1.000000,1.000000,1.000000,{"1":13524,"2":16},0.998818,0.001182,0.000000,0.000000,0.998818,0.001182,1.000000
0.029575811,5,10,snapshot,256,8192,1.000000,1.000000,1.000000,{"1":8179,"2":13},0.998413,0.001587,0.000000,0.000000,0.998413,0.001587,1.000000
0.029575811,5,10,read_only,1024,3787,1.000000,1.000000,1.000000,{"1":13524,"2":16},0.998944,0.001056,0.000000,0.000000,0.998944,0.001056,1.000000
0.029575811,5,10,union,1024,3787,1.000000,1.000000,1.000000,{"1":13524,"2":16},0.998944,0.001056,0.000000,0.000000,0.998944,0.001056,1.000000
0.029575811,5,10,snapshot,1024,2864,1.000000,1.000000,1.000000,{"1":8179,"2":13},0.998603,0.001397,0.000000,0.000000,0.998603,0.001397,1.000000
0.029575811,5,10,read_only,4096,1083,1.000000,1.000000,1.000000,{"1":13524,"2":16},0.999077,0.000923,0.000000,0.000000,0.999077,0.000923,1.000000
0.029575811,5,10,union,4096,1083,1.000000,1.000000,1.000000,{"1":13524,"2":16},0.999077,0.000923,0.000000,0.000000,0.999077,0.000923,1.000000
0.029575811,5,10,snapshot,4096,860,1.000000,1.000000,1.000000,{"1":8179,"2":13},0.998837,0.001163,0.000000,0.000000,0.998837,0.001163,1.000000
0.029575811,5,10,read_only,16384,317,0.993691,0.997094,0.993691,{"1":13524,"2":16},0.993691,0.006309,0.000000,0.000000,0.993691,0.000000,0.000000
0.029575811,5,10,union,16384,317,0.993691,0.997094,0.993691,{"1":13524,"2":16},0.993691,0.006309,0.000000,0.000000,0.993691,0.000000,0.000000
0.029575811,5,10,snapshot,16384,254,0.992126,0.997111,0.992126,{"1":8179,"2":13},0.992126,0.007874,0.000000,0.000000,0.992126,0.000000,0.000000
0.029922602,5,11,read_only,64,5371,1.000000,1.000000,1.000000,{"1":5367,"2":4},0.999255,0.000745,0.000000,0.000000,0.999255,0.000745,1.000000
0.029922602,5,11,union,64,5371,1.000000,1.000000,1.000000,{"1":5367,"2":4},0.999255,0.000745,0.000000,0.000000,0.999255,0.000745,1.000000
0.029922602,5,11,snapshot,64,8192,1.000000,1.000000,1.000000,{"1":8186,"2":6},0.999268,0.000732,0.000000,0.000000,0.999268,0.000732,1.000000
0.029922602,5,11,read_only,256,5371,1.000000,1.000000,1.000000,{"1":5367,"2":4},0.999255,0.000745,0.000000,0.000000,0.999255,0.000745,1.000000
0.029922602,5,11,union,256,5371,1.000000,1.000000,1.000000,{"1":5367,"2":4},0.999255,0.000745,0.000000,0.000000,0.999255,0.000745,1.000000
0.029922602,5,11,snapshot,256,8192,1.000000,1.000000,1.000000,{"1":8186,"2":6},0.999268,0.000732,0.000000,0.000000,0.999268,0.000732,1.000000
0.029922602,5,11,read_only,1024,1664,1.000000,1.000000,1.000000,{"1":5367,"2":4},0.998798,0.001202,0.000000,0.000000,0.998798,0.001202,1.000000
0.029922602,5,11,union,1024,1664,1.000000,1.000000,1.000000,{"1":5367,"2":4},0.998798,0.001202,0.000000,0.000000,0.998798,0.001202,1.000000
0.029922602,5,11,snapshot,1024,2408,1.000000,1.000000,1.000000,{"1":8186,"2":6},0.998754,0.001246,0.000000,0.000000,0.998754,0.001246,1.000000
0.029922602,5,11,read_only,4096,470,1.000000,1.000000,1.000000,{"1":5367,"2":4},0.997872,0.002128,0.000000,0.000000,0.997872,0.002128,1.000000
0.029922602,5,11,union,4096,470,1.000000,1.000000,1.000000,{"1":5367,"2":4},0.997872,0.002128,0.000000,0.000000,0.997872,0.002128,1.000000
0.029922602,5,11,snapshot,4096,716,1.000000,1.000000,1.000000,{"1":8186,"2":6},0.998603,0.001397,0.000000,0.000000,0.998603,0.001397,1.000000
0.029922602,5,11,read_only,16384,131,0.984733,0.995254,0.984733,{"1":5367,"2":4},0.984733,0.015267,0.000000,0.000000,0.984733,0.000000,0.000000
0.029922602,5,11,union,16384,131,0.984733,0.995254,0.984733,{"1":5367,"2":4},0.984733,0.015267,0.000000,0.000000,0.984733,0.000000,0.000000
0.029922602,5,11,snapshot,16384,207,0.985507,0.997420,0.985507,{"1":8186,"2":6},0.985507,0.014493,0.000000,0.000000,0.985507,0.000000,0.000000
0.031861308,5,12,read_only,64,28377,1.000000,1.000000,1.000000,{"1":23909,"2":4202,"3":266},0.842549,0.148078,0.009374,0.000000,0.842549,0.157451,1.000000
0.031861308,5,12,union,64,28394,1.000000,1.000000,1.000000,{"1":23910,"2":4218,"3":266},0.842079,0.148553,0.009368,0.000000,0.842079,0.157921,1.000000
0.031861308,5,12,snapshot,64,8192,1.000000,1.000000,1.000000,{"1":5228,"2":2845,"3":119},0.638184,0.347290,0.014526,0.000000,0.638184,0.361816,1.000000
0.031861308,5,12,read_only,256,28377,1.000000,1.000000,1.000000,{"1":23909,"2":4202,"3":266},0.842549,0.148078,0.009374,0.000000,0.842549,0.157451,1.000000
0.031861308,5,12,union,256,28394,1.000000,1.000000,1.000000,{"1":23910,"2":4218,"3":266},0.842079,0.148553,0.009368,0.000000,0.842079,0.157921,1.000000
0.031861308,5,12,snapshot,256,8192,1.000000,1.000000,1.000000,{"1":5228,"2":2845,"3":119},0.638184,0.347290,0.014526,0.000000,0.638184,0.361816,1.000000
0.031861308,5,12,read_only,1024,7420,0.876011,0.957120,0.876011,{"1":23909,"2":4202,"3":266},0.784097,0.175337,0.040566,0.000000,0.784097,0.091914,0.425718
0.031861308,5,12,union,1024,7420,0.875337,0.956885,0.875337,{"1":23910,"2":4218,"3":266},0.783962,0.175067,0.040970,0.000000,0.783962,0.091375,0.422957
0.031861308,5,12,snapshot,1024,2989,0.901974,0.963617,0.901974,{"1":5228,"2":2845,"3":119},0.581800,0.386417,0.031783,0.000000,0.581800,0.320174,0.765600
0.031861308,5,12,read_only,4096,1862,0.708378,0.829234,0.708378,{"1":23909,"2":4202,"3":266},0.708378,0.000000,0.291622,0.000000,0.708378,0.000000,0.000000
0.031861308,5,12,union,4096,1862,0.708378,0.829254,0.708378,{"1":23910,"2":4218,"3":266},0.708378,0.000000,0.291622,0.000000,0.708378,0.000000,0.000000
0.031861308,5,12,snapshot,4096,885,0.389831,0.712262,0.389831,{"1":5228,"2":2845,"3":119},0.387571,0.209040,0.403390,0.000000,0.387571,0.002260,0.003690
0.031861308,5,12,read_only,16384,473,0.687104,0.817311,0.687104,{"1":23909,"2":4202,"3":266},0.687104,0.023256,0.289641,0.000000,0.687104,0.000000,0.000000
0.031861308,5,12,union,16384,473,0.687104,0.817341,0.687104,{"1":23910,"2":4218,"3":266},0.687104,0.023256,0.289641,0.000000,0.687104,0.000000,0.000000
0.031861308,5,12,snapshot,16384,272,0.496324,0.746264,0.496324,{"1":5228,"2":2845,"3":119},0.496324,0.121324,0.382353,0.000000,0.496324,0.000000,0.000000
0.032090385,5,13,snapshot,64,8192,1.000000,1.000000,1.000000,{"1":5228,"2":2845,"3":119},0.638184,0.347290,0.014526,0.000000,0.638184,0.361816,1.000000
0.032090385,5,13,snapshot,256,8192,1.000000,1.000000,1.000000,{"1":5228,"2":2845,"3":119},0.638184,0.347290,0.014526,0.000000,0.638184,0.361816,1.000000
0.032090385,5,13,snapshot,1024,2989,0.901974,0.963617,0.901974,{"1":5228,"2":2845,"3":119},0.581800,0.386417,0.031783,0.000000,0.581800,0.320174,0.765600
0.032090385,5,13,snapshot,4096,885,0.389831,0.712262,0.389831,{"1":5228,"2":2845,"3":119},0.387571,0.209040,0.403390,0.000000,0.387571,0.002260,0.003690
0.032090385,5,13,snapshot,16384,272,0.496324,0.746264,0.496324,{"1":5228,"2":2845,"3":119},0.496324,0.121324,0.382353,0.000000,0.496324,0.000000,0.000000
0.032512071,5,14,read_only,64,3538,1.000000,1.000000,1.000000,{"1":3538},1.000000,0.000000,0.000000,0.000000,1.000000,0.000000,-1.000000
0.032512071,5,14,union,64,3538,1.000000,1.000000,1.000000,{"1":3538},1.000000,0.000000,0.000000,0.000000,1.000000,0.000000,-1.000000
0.032512071,5,14,snapshot,64,8192,1.000000,1.000000,1.000000,{"1":6628,"2":1555,"3":9},0.809082,0.189819,0.001099,0.000000,0.809082,0.190918,1.000000
0.032512071,5,14,read_only,256,3538,1.000000,1.000000,1.000000,{"1":3538},1.000000,0.000000,0.000000,0.000000,1.000000,0.000000,-1.000000
0.032512071,5,14,union,256,3538,1.000000,1.000000,1.000000,{"1":3538},1.000000,0.000000,0.000000,0.000000,1.000000,0.000000,-1.000000
0.032512071,5,14,snapshot,256,8192,1.000000,1.000000,1.000000,{"1":6628,"2":1555,"3":9},0.809082,0.189819,0.001099,0.000000,0.809082,0.190918,1.000000
0.032512071,5,14,read_only,1024,1514,1.000000,1.000000,1.000000,{"1":3538},1.000000,0.000000,0.000000,0.000000,1.000000,0.000000,-1.000000
0.032512071,5,14,union,1024,1514,1.000000,1.000000,1.000000,{"1":3538},1.000000,0.000000,0.000000,0.000000,1.000000,0.000000,-1.000000
0.032512071,5,14,snapshot,1024,3556,0.982846,0.993227,0.982846,{"1":6628,"2":1555,"3":9},0.756468,0.240439,0.003093,0.000000,0.756468,0.226378,0.929561
0.032512071,5,14,read_only,4096,470,1.000000,1.000000,1.000000,{"1":3538},1.000000,0.000000,0.000000,0.000000,1.000000,0.000000,-1.000000
0.032512071,5,14,union,4096,470,1.000000,1.000000,1.000000,{"1":3538},1.000000,0.000000,0.000000,0.000000,1.000000,0.000000,-1.000000
0.032512071,5,14,snapshot,4096,1215,0.643621,0.858967,0.643621,{"1":6628,"2":1555,"3":9},0.585185,0.249383,0.165432,0.000000,0.585185,0.058436,0.140873
0.032512071,5,14,read_only,16384,133,0.984962,0.995346,0.984962,{"1":3538},0.984962,0.015038,0.000000,0.000000,0.984962,0.000000,0.000000
0.032512071,5,14,union,16384,133,0.984962,0.995346,0.984962,{"1":3538},0.984962,0.015038,0.000000,0.000000,0.984962,0.000000,0.000000
0.032512071,5,14,snapshot,16384,347,0.599424,0.829296,0.599424,{"1":6628,"2":1555,"3":9},0.599424,0.158501,0.242075,0.000000,0.599424,0.000000,0.000000
0.035992666,5,15,read_only,64,17462,1.000000,1.000000,1.000000,{"1":7900,"2":3369,"3":6193},0.452411,0.192933,0.354656,0.000000,0.452411,0.547589,1.000000
0.035992666,5,15,union,64,17462,1.000000,1.000000,1.000000,{"1":7900,"2":3369,"3":6193},0.452411,0.192933,0.354656,0.000000,0.452411,0.547589,1.000000
0.035992666,5,15,snapshot,64,8192,1.000000,1.000000,1.000000,{"1":594,"2":2583,"3":5015},0.072510,0.315308,0.612183,0.000000,0.072510,0.927490,1.000000
0.035992666,5,15,read_only,256,17462,1.000000,1.000000,1.000000,{"1":7900,"2":3369,"3":6193},0.452411,0.192933,0.354656,0.000000,0.452411,0.547589,1.000000
0.035992666,5,15,union,256,17462,1.000000,1.000000,1.000000,{"1":7900,"2":3369,"3":6193},0.452411,0.192933,0.354656,0.000000,0.452411,0.547589,1.000000
0.035992666,5,15,snapshot,256,8192,1.000000,1.000000,1.000000,{"1":594,"2":2583,"3":5015},0.072510,0.315308,0.612183,0.000000,0.072510,0.927490,1.000000
0.035992666,5,15,read_only,1024,4389,0.833675,0.938653,0.833675,{"1":7900,"2":3369,"3":6193},0.448166,0.120984,0.430850,0.000000,0.448166,0.385509,0.698596
0.035992666,5,15,union,1024,4389,0.833675,0.938653,0.833675,{"1":7900,"2":3369,"3":6193},0.448166,0.120984,0.430850,0.000000,0.448166,0.385509,0.698596
0.035992666,5,15,snapshot,1024,2248,0.758452,0.911662,0.758452,{"1":594,"2":2583,"3":5015},0.082740,0.207295,0.709964,0.000000,0.082740,0.675712,0.736663
0.035992666,5,15,read_only,4096,1118,0.669946,0.909492,0.669946,{"1":7900,"2":3369,"3":6193},0.455277,0.045617,0.499106,0.000000,0.455277,0.214669,0.394089
0.035992666,5,15,union,4096,1118,0.669946,0.909492,0.669946,{"1":7900,"2":3369,"3":6193},0.455277,0.045617,0.499106,0.000000,0.455277,0.214669,0.394089
0.035992666,5,15,snapshot,4096,634,0.525237,0.867913,0.525237,{"1":594,"2":2583,"3":5015},0.123028,0.088328,0.788644,0.000000,0.123028,0.402208,0.458633
0.035992666,5,15,read_only,16384,296,0.469595,0.822253,0.469595,{"1":7900,"2":3369,"3":6193},0.466216,0.013514,0.520270,0.000000,0.466216,0.003378,0.006329
0.035992666,5,15,union,16384,296,0.469595,0.822253,0.469595,{"1":7900,"2":3369,"3":6193},0.466216,0.013514,0.520270,0.000000,0.466216,0.003378,0.006329
0.035992666,5,15,snapshot,16384,184,0.228261,0.744271,0.228261,{"1":594,"2":2583,"3":5015},0.173913,0.000000,0.826087,0.000000,0.173913,0.054348,0.065789
0.037329300,5,16,read_only,64,27885,1.000000,1.000000,1.000000,{"1":16220,"2":11587,"3":78},0.581675,0.415528,0.002797,0.000000,0.581675,0.418325,1.000000
0.037329300,5,16,union,64,27885,1.000000,1.000000,1.000000,{"1":16220,"2":11587,"3":78},0.581675,0.415528,0.002797,0.000000,0.581675,0.418325,1.000000
0.037329300,5,16,snapshot,64,8192,1.000000,1.000000,1.000000,{"1":5739,"2":2453},0.700562,0.299438,0.000000,0.000000,0.700562,0.299438,1.000000
0.037329300,5,16,read_only,256,27885,1.000000,1.000000,1.000000,{"1":16220,"2":11587,"3":78},0.581675,0.415528,0.002797,0.000000,0.581675,0.418325,1.000000
0.037329300,5,16,union,256,27885,1.000000,1.000000,1.000000,{"1":16220,"2":11587,"3":78},0.581675,0.415528,0.002797,0.000000,0.581675,0.418325,1.000000
0.037329300,5,16,snapshot,256,8192,1.000000,1.000000,1.000000,{"1":5739,"2":2453},0.700562,0.299438,0.000000,0.000000,0.700562,0.299438,1.000000
0.037329300,5,16,read_only,1024,6987,0.999714,0.999881,0.999714,{"1":16220,"2":11587,"3":78},0.581365,0.414627,0.004007,0.000000,0.581365,0.418348,0.999316
0.037329300,5,16,union,1024,6987,0.999714,0.999881,0.999714,{"1":16220,"2":11587,"3":78},0.581365,0.414627,0.004007,0.000000,0.581365,0.418348,0.999316
0.037329300,5,16,snapshot,1024,2114,1.000000,1.000000,1.000000,{"1":5739,"2":2453},0.700568,0.299432,0.000000,0.000000,0.700568,0.299432,1.000000
0.037329300,5,16,read_only,4096,1754,0.995439,0.997745,0.995439,{"1":16220,"2":11587,"3":78},0.576967,0.415621,0.007412,0.000000,0.576967,0.418472,0.989218
0.037329300,5,16,union,4096,1754,0.995439,0.997745,0.995439,{"1":16220,"2":11587,"3":78},0.576967,0.415621,0.007412,0.000000,0.576967,0.418472,0.989218
0.037329300,5,16,snapshot,4096,546,0.987179,0.993590,0.987179,{"1":5739,"2":2453},0.697802,0.302198,0.000000,0.000000,0.697802,0.289377,0.957576
0.037329300,5,16,read_only,16384,499,0.777555,0.914683,0.777555,{"1":16220,"2":11587,"3":78},0.428858,0.496994,0.074148,0.000000,0.428858,0.348697,0.610526
0.037329300,5,16,union,16384,499,0.777555,0.914683,0.777555,{"1":16220,"2":11587,"3":78},0.428858,0.496994,0.074148,0.000000,0.428858,0.348697,0.610526
0.037329300,5,16,snapshot,16384,288,0.951389,0.984363,0.951389,{"1":5739,"2":2453},0.611111,0.388889,0.000000,0.000000,0.611111,0.340278,0.875000
0.042846449,5,17,read_only,64,20302,1.000000,1.000000,1.000000,{"1":20156,"2":145,"3":1},0.992809,0.007142,0.000049,0.000000,0.992809,0.007191,1.000000
0.042846449,5,17,union,64,20302,1.000000,1.000000,1.000000,{"1":20156,"2":145,"3":1},0.992809,0.007142,0.000049,0.000000,0.992809,0.007191,1.000000
0.042846449,5,17,snapshot,64,8192,1.000000,1.000000,1.000000,{"1":8138,"2":53,"3":1},0.993408,0.006470,0.000122,0.000000,0.993408,0.006592,1.000000
0.042846449,5,17,read_only,256,20302,1.000000,1.000000,1.000000,{"1":20156,"2":145,"3":1},0.992809,0.007142,0.000049,0.000000,0.992809,0.007191,1.000000
0.042846449,5,17,union,256,20302,1.000000,1.000000,1.000000,{"1":20156,"2":145,"3":1},0.992809,0.007142,0.000049,0.000000,0.992809,0.007191,1.000000
0.042846449,5,17,snapshot,256,8192,1.000000,1.000000,1.000000,{"1":8138,"2":53,"3":1},0.993408,0.006470,0.000122,0.000000,0.993408,0.006592,1.000000
0.042846449,5,17,read_only,1024,5105,0.999608,0.999902,0.999608,{"1":20156,"2":145,"3":1},0.992360,0.007444,0.000196,0.000000,0.992360,0.007248,0.948718
0.042846449,5,17,union,1024,5105,0.999608,0.999902,0.999608,{"1":20156,"2":145,"3":1},0.992360,0.007444,0.000196,0.000000,0.992360,0.007248,0.948718
0.042846449,5,17,snapshot,1024,2640,0.999621,0.999874,0.999621,{"1":8138,"2":53,"3":1},0.989394,0.010227,0.000379,0.000000,0.989394,0.010227,0.964286
0.042846449,5,17,read_only,4096,1282,0.993760,0.997700,0.993760,{"1":20156,"2":145,"3":1},0.988300,0.010920,0.000780,0.000000,0.988300,0.005460,0.466667
0.042846449,5,17,union,4096,1282,0.993760,0.997700,0.993760,{"1":20156,"2":145,"3":1},0.988300,0.010920,0.000780,0.000000,0.988300,0.005460,0.466667
0.042846449,5,17,snapshot,4096,850,0.991765,0.997653,0.991765,{"1":8138,"2":53,"3":1},0.983529,0.015294,0.001176,0.000000,0.983529,0.008235,0.500000
0.042846449,5,17,read_only,16384,324,0.947531,0.985412,0.947531,{"1":20156,"2":145,"3":1},0.947531,0.049383,0.003086,0.000000,0.947531,0.000000,0.000000
0.042846449,5,17,union,16384,324,0.947531,0.985412,0.947531,{"1":20156,"2":145,"3":1},0.947531,0.049383,0.003086,0.000000,0.947531,0.000000,0.000000
0.042846449,5,17,snapshot,16384,290,0.941379,0.982897,0.941379,{"1":8138,"2":53,"3":1},0.941379,0.055172,0.003448,0.000000,0.941379,0.000000,0.000000
0.043263352,5,18,read_only,64,679,1.000000,1.000000,1.000000,{"1":679},1.000000,0.000000,0.000000,0.000000,1.000000,0.000000,-1.000000
0.043263352,5,18,union,64,679,1.000000,1.000000,1.000000,{"1":679},1.000000,0.000000,0.000000,0.000000,1.000000,0.000000,-1.000000
0.043263352,5,18,snapshot,64,8192,1.000000,1.000000,1.000000,{"1":8142,"2":49,"3":1},0.993896,0.005981,0.000122,0.000000,0.993896,0.006104,1.000000
0.043263352,5,18,read_only,256,679,1.000000,1.000000,1.000000,{"1":679},1.000000,0.000000,0.000000,0.000000,1.000000,0.000000,-1.000000
0.043263352,5,18,union,256,679,1.000000,1.000000,1.000000,{"1":679},1.000000,0.000000,0.000000,0.000000,1.000000,0.000000,-1.000000
0.043263352,5,18,snapshot,256,8192,1.000000,1.000000,1.000000,{"1":8142,"2":49,"3":1},0.993896,0.005981,0.000122,0.000000,0.993896,0.006104,1.000000
0.043263352,5,18,read_only,1024,261,1.000000,1.000000,1.000000,{"1":679},1.000000,0.000000,0.000000,0.000000,1.000000,0.000000,-1.000000
0.043263352,5,18,union,1024,261,1.000000,1.000000,1.000000,{"1":679},1.000000,0.000000,0.000000,0.000000,1.000000,0.000000,-1.000000
0.043263352,5,18,snapshot,1024,2577,0.999612,0.999806,0.999612,{"1":8142,"2":49,"3":1},0.989911,0.009701,0.000388,0.000000,0.989911,0.009701,0.961538
0.043263352,5,18,read_only,4096,106,1.000000,1.000000,1.000000,{"1":679},1.000000,0.000000,0.000000,0.000000,1.000000,0.000000,-1.000000
0.043263352,5,18,union,4096,106,1.000000,1.000000,1.000000,{"1":679},1.000000,0.000000,0.000000,0.000000,1.000000,0.000000,-1.000000
0.043263352,5,18,snapshot,4096,820,0.991463,0.998035,0.991463,{"1":8142,"2":49,"3":1},0.984146,0.014634,0.001220,0.000000,0.984146,0.007317,0.461538
0.043263352,5,18,read_only,16384,41,0.975610,0.995848,0.975610,{"1":679},0.975610,0.024390,0.000000,0.000000,0.975610,0.000000,0.000000
0.043263352,5,18,union,16384,41,0.975610,0.995848,0.975610,{"1":679},0.975610,0.024390,0.000000,0.000000,0.975610,0.000000,0.000000
0.043263352,5,18,snapshot,16384,284,0.940141,0.983791,0.940141,{"1":8142,"2":49,"3":1},0.940141,0.056338,0.003521,0.000000,0.940141,0.000000,0.000000
0.043737577,5,19,read_only,64,5867,1.000000,1.000000,1.000000,{"1":5867},1.000000,0.000000,0.000000,0.000000,1.000000,0.000000,-1.000000
0.043737577,5,19,union,64,5867,1.000000,1.000000,1.000000,{"1":5867},1.000000,0.000000,0.000000,0.000000,1.000000,0.000000,-1.000000
0.043737577,5,19,snapshot,64,8192,1.000000,1.000000,1.000000,{"1":8189,"2":3},0.999634,0.000366,0.000000,0.000000,0.999634,0.000366,1.000000
0.043737577,5,19,read_only,256,5867,1.000000,1.000000,1.000000,{"1":5867},1.000000,0.000000,0.000000,0.000000,1.000000,0.000000,-1.000000
0.043737577,5,19,union,256,5867,1.000000,1.000000,1.000000,{"1":5867},1.000000,0.000000,0.000000,0.000000,1.000000,0.000000,-1.000000
0.043737577,5,19,snapshot,256,8192,1.000000,1.000000,1.000000,{"1":8189,"2":3},0.999634,0.000366,0.000000,0.000000,0.999634,0.000366,1.000000
0.043737577,5,19,read_only,1024,1877,1.000000,1.000000,1.000000,{"1":5867},1.000000,0.000000,0.000000,0.000000,1.000000,0.000000,-1.000000
0.043737577,5,19,union,1024,1877,1.000000,1.000000,1.000000,{"1":5867},1.000000,0.000000,0.000000,0.000000,1.000000,0.000000,-1.000000
0.043737577,5,19,snapshot,1024,2843,1.000000,1.000000,1.000000,{"1":8189,"2":3},0.999297,0.000703,0.000000,0.000000,0.999297,0.000703,1.000000
0.043737577,5,19,read_only,4096,543,1.000000,1.000000,1.000000,{"1":5867},1.000000,0.000000,0.000000,0.000000,1.000000,0.000000,-1.000000
0.043737577,5,19,union,4096,543,1.000000,1.000000,1.000000,{"1":5867},1.000000,0.000000,0.000000,0.000000,1.000000,0.000000,-1.000000
0.043737577,5,19,snapshot,4096,929,0.997847,0.999631,0.997847,{"1":8189,"2":3},0.997847,0.002153,0.000000,0.000000,0.997847,0.000000,0.000000
0.043737577,5,19,read_only,16384,148,0.986486,0.995091,0.986486,{"1":5867},0.986486,0.013514,0.000000,0.000000,0.986486,0.000000,0.000000
0.043737577,5,19,union,16384,148,0.986486,0.995091,0.986486,{"1":5867},0.986486,0.013514,0.000000,0.000000,0.986486,0.000000,0.000000
0.043737577,5,19,snapshot,16384,293,0.965870,0.992947,0.965870,{"1":8189,"2":3},0.965870,0.034130,0.000000,0.000000,0.965870,0.000000,0.000000
0.044027226,5,20,read_only,64,72,1.000000,1.000000,1.000000,{"1":72},1.000000,0.000000,0.000000,0.000000,1.000000,0.000000,-1.000000
0.044027226,5,20,union,64,72,1.000000,1.000000,1.000000,{"1":72},1.000000,0.000000,0.000000,0.000000,1.000000,0.000000,-1.000000
0.044027226,5,20,snapshot,64,8192,1.000000,1.000000,1.000000,{"1":8189,"2":3},0.999634,0.000366,0.000000,0.000000,0.999634,0.000366,1.000000
0.044027226,5,20,read_only,256,72,1.000000,1.000000,1.000000,{"1":72},1.000000,0.000000,0.000000,0.000000,1.000000,0.000000,-1.000000
0.044027226,5,20,union,256,72,1.000000,1.000000,1.000000,{"1":72},1.000000,0.000000,0.000000,0.000000,1.000000,0.000000,-1.000000
0.044027226,5,20,snapshot,256,8192,1.000000,1.000000,1.000000,{"1":8189,"2":3},0.999634,0.000366,0.000000,0.000000,0.999634,0.000366,1.000000
0.044027226,5,20,read_only,1024,63,1.000000,1.000000,1.000000,{"1":72},1.000000,0.000000,0.000000,0.000000,1.000000,0.000000,-1.000000
0.044027226,5,20,union,1024,63,1.000000,1.000000,1.000000,{"1":72},1.000000,0.000000,0.000000,0.000000,1.000000,0.000000,-1.000000
0.044027226,5,20,snapshot,1024,2833,1.000000,1.000000,1.000000,{"1":8189,"2":3},0.999294,0.000706,0.000000,0.000000,0.999294,0.000706,1.000000
0.044027226,5,20,read_only,4096,45,1.000000,1.000000,1.000000,{"1":72},1.000000,0.000000,0.000000,0.000000,1.000000,0.000000,-1.000000
0.044027226,5,20,union,4096,45,1.000000,1.000000,1.000000,{"1":72},1.000000,0.000000,0.000000,0.000000,1.000000,0.000000,-1.000000
0.044027226,5,20,snapshot,4096,922,0.997831,0.999602,0.997831,{"1":8189,"2":3},0.997831,0.002169,0.000000,0.000000,0.997831,0.000000,0.000000
0.044027226,5,20,read_only,16384,36,1.000000,1.000000,1.000000,{"1":72},1.000000,0.000000,0.000000,0.000000,1.000000,0.000000,-1.000000
0.044027226,5,20,union,16384,36,1.000000,1.000000,1.000000,{"1":72},1.000000,0.000000,0.000000,0.000000,1.000000,0.000000,-1.000000
0.044027226,5,20,snapshot,16384,287,0.965157,0.992716,0.965157,{"1":8189,"2":3},0.965157,0.034843,0.000000,0.000000,0.965157,0.000000,0.000000
0.044307840,5,21,read_only,64,851,1.000000,1.000000,1.000000,{"1":848,"2":3},0.996475,0.003525,0.000000,0.000000,0.996475,0.003525,1.000000
0.044307840,5,21,union,64,858,1.000000,1.000000,1.000000,{"1":855,"2":3},0.996503,0.003497,0.000000,0.000000,0.996503,0.003497,1.000000
0.044307840,5,21,snapshot,64,8192,1.000000,1.000000,1.000000,{"1":8187,"2":5},0.999390,0.000610,0.000000,0.000000,0.999390,0.000610,1.000000
0.044307840,5,21,read_only,256,851,1.000000,1.000000,1.000000,{"1":848,"2":3},0.996475,0.003525,0.000000,0.000000,0.996475,0.003525,1.000000
0.044307840,5,21,union,256,858,1.000000,1.000000,1.000000,{"1":855,"2":3},0.996503,0.003497,0.000000,0.000000,0.996503,0.003497,1.000000
0.044307840,5,21,snapshot,256,8192,1.000000,1.000000,1.000000,{"1":8187,"2":5},0.999390,0.000610,0.000000,0.000000,0.999390,0.000610,1.000000
0.044307840,5,21,read_only,1024,410,1.000000,1.000000,1.000000,{"1":848,"2":3},0.992683,0.007317,0.000000,0.000000,0.992683,0.007317,1.000000
0.044307840,5,21,union,1024,414,1.000000,1.000000,1.000000,{"1":855,"2":3},0.992754,0.007246,0.000000,0.000000,0.992754,0.007246,1.000000
0.044307840,5,21,snapshot,1024,2714,0.998158,0.999539,0.998158,{"1":8187,"2":5},0.997789,0.002211,0.000000,0.000000,0.997789,0.000368,0.166667
0.044307840,5,21,read_only,4096,170,1.000000,1.000000,1.000000,{"1":848,"2":3},0.982353,0.017647,0.000000,0.000000,0.982353,0.017647,1.000000
0.044307840,5,21,union,4096,170,1.000000,1.000000,1.000000,{"1":855,"2":3},0.982353,0.017647,0.000000,0.000000,0.982353,0.017647,1.000000
0.044307840,5,21,snapshot,4096,852,0.994131,0.999364,0.994131,{"1":8187,"2":5},0.994131,0.005869,0.000000,0.000000,0.994131,0.000000,0.000000
0.044307840,5,21,read_only,16384,72,0.958333,0.989120,0.958333,{"1":848,"2":3},0.958333,0.041667,0.000000,0.000000,0.958333,0.000000,0.000000
0.044307840,5,21,union,16384,72,0.958333,0.994874,0.958333,{"1":855,"2":3},0.958333,0.041667,0.000000,0.000000,0.958333,0.000000,0.000000
0.044307840,5,21,snapshot,16384,266,0.962406,0.991635,0.962406,{"1":8187,"2":5},0.962406,0.037594,0.000000,0.000000,0.962406,0.000000,0.000000
0.044590952,5,22,read_only,64,380,1.000000,1.000000,1.000000,{"1":362,"2":18},0.952632,0.047368,0.000000,0.000000,0.952632,0.047368,1.000000
0.044590952,5,22,union,64,407,1.000000,1.000000,1.000000,{"1":389,"2":18},0.955774,0.044226,0.000000,0.000000,0.955774,0.044226,1.000000
0.044590952,5,22,snapshot,64,8192,1.000000,1.000000,1.000000,{"0":1,"1":8168,"2":23},0.997070,0.002808,0.000000,0.000000,0.997070,0.002808,1.000000
0.044590952,5,22,read_only,256,380,1.000000,1.000000,1.000000,{"1":362,"2":18},0.952632,0.047368,0.000000,0.000000,0.952632,0.047368,1.000000
0.044590952,5,22,union,256,407,1.000000,1.000000,1.000000,{"1":389,"2":18},0.955774,0.044226,0.000000,0.000000,0.955774,0.044226,1.000000
0.044590952,5,22,snapshot,256,8192,1.000000,1.000000,1.000000,{"0":1,"1":8168,"2":23},0.997070,0.002808,0.000000,0.000000,0.997070,0.002808,1.000000
0.044590952,5,22,read_only,1024,173,1.000000,1.000000,1.000000,{"1":362,"2":18},0.919075,0.080925,0.000000,0.000000,0.919075,0.080925,1.000000
0.044590952,5,22,union,1024,189,0.994709,0.997354,0.994709,{"1":389,"2":18},0.925926,0.074074,0.000000,0.000000,0.925926,0.068783,0.928571
0.044590952,5,22,snapshot,1024,2728,0.993402,0.998076,0.993402,{"0":1,"1":8168,"2":23},0.993402,0.006598,0.000000,0.000000,0.993035,0.000367,0.055556
0.044590952,5,22,read_only,4096,82,1.000000,1.000000,1.000000,{"1":362,"2":18},0.890244,0.109756,0.000000,0.000000,0.890244,0.109756,1.000000
0.044590952,5,22,union,4096,88,0.977273,0.992045,0.977273,{"1":389,"2":18},0.897727,0.102273,0.000000,0.000000,0.897727,0.079545,0.777778
0.044590952,5,22,snapshot,4096,858,0.986014,0.998140,0.986014,{"0":1,"1":8168,"2":23},0.987179,0.012821,0.000000,0.000000,0.986014,0.000000,0.000000
0.044590952,5,22,read_only,16384,47,0.978723,0.994681,0.978723,{"1":362,"2":18},0.914894,0.085106,0.000000,0.000000,0.914894,0.063830,0.750000
0.044590952,5,22,union,16384,50,0.960000,0.991000,0.960000,{"1":389,"2":18},0.920000,0.080000,0.000000,0.000000,0.920000,0.040000,0.500000
0.044590952,5,22,snapshot,16384,277,0.960289,0.991838,0.960289,{"0":1,"1":8168,"2":23},0.963899,0.036101,0.000000,0.000000,0.960289,0.000000,0.000000
0.044938359,5,23,read_only,64,1521,1.000000,1.000000,1.000000,{"1":1521},1.000000,0.000000,0.000000,0.000000,1.000000,0.000000,-1.000000
0.044938359,5,23,union,64,1550,1.000000,1.000000,1.000000,{"1":1550},1.000000,0.000000,0.000000,0.000000,1.000000,0.000000,-1.000000
0.044938359,5,23,snapshot,64,8192,1.000000,1.000000,1.000000,{"1":8170,"2":22},0.997314,0.002686,0.000000,0.000000,0.997314,0.002686,1.000000
0.044938359,5,23,read_only,256,1521,1.000000,1.000000,1.000000,{"1":1521},1.000000,0.000000,0.000000,0.000000,1.000000,0.000000,-1.000000
0.044938359,5,23,union,256,1550,1.000000,1.000000,1.000000,{"1":1550},1.000000,0.000000,0.000000,0.000000,1.000000,0.000000,-1.000000
0.044938359,5,23,snapshot,256,8192,1.000000,1.000000,1.000000,{"1":8170,"2":22},0.997314,0.002686,0.000000,0.000000,0.997314,0.002686,1.000000
0.044938359,5,23,read_only,1024,492,1.000000,1.000000,1.000000,{"1":1521},1.000000,0.000000,0.000000,0.000000,1.000000,0.000000,-1.000000
0.044938359,5,23,union,1024,510,1.000000,1.000000,1.000000,{"1":1550},1.000000,0.000000,0.000000,0.000000,1.000000,0.000000,-1.000000
0.044938359,5,23,snapshot,1024,2708,0.993722,0.998246,0.993722,{"1":8170,"2":22},0.993353,0.006647,0.000000,0.000000,0.993353,0.000369,0.055556
0.044938359,5,23,read_only,4096,161,1.000000,1.000000,1.000000,{"1":1521},1.000000,0.000000,0.000000,0.000000,1.000000,0.000000,-1.000000
0.044938359,5,23,union,4096,169,1.000000,1.000000,1.000000,{"1":1550},1.000000,0.000000,0.000000,0.000000,1.000000,0.000000,-1.000000
0.044938359,5,23,snapshot,4096,811,0.986436,0.997765,0.986436,{"1":8170,"2":22},0.986436,0.013564,0.000000,0.000000,0.986436,0.000000,0.000000
0.044938359,5,23,read_only,16384,62,1.000000,1.000000,1.000000,{"1":1521},1.000000,0.000000,0.000000,0.000000,1.000000,0.000000,-1.000000
0.044938359,5,23,union,16384,66,1.000000,1.000000,1.000000,{"1":1550},1.000000,0.000000,0.000000,0.000000,1.000000,0.000000,-1.000000
0.044938359,5,23,snapshot,16384,251,0.960159,0.991039,0.960159,{"1":8170,"2":22},0.960159,0.039841,0.000000,0.000000,0.960159,0.000000,0.000000
0.045228325,5,24,read_only,64,361,1.000000,1.000000,1.000000,{"1":361},1.000000,0.000000,0.000000,0.000000,1.000000,0.000000,-1.000000
0.045228325,5,24,union,64,361,1.000000,1.000000,1.000000,{"1":361},1.000000,0.000000,0.000000,0.000000,1.000000,0.000000,-1.000000
0.045228325,5,24,snapshot,64,8192,1.000000,1.000000,1.000000,{"1":8170,"2":22},0.997314,0.002686,0.000000,0.000000,0.997314,0.002686,1.000000
0.045228325,5,24,read_only,256,361,1.000000,1.000000,1.000000,{"1":361},1.000000,0.000000,0.000000,0.000000,1.000000,0.000000,-1.000000
0.045228325,5,24,union,256,361,1.000000,1.000000,1.000000,{"1":361},1.000000,0.000000,0.000000,0.000000,1.000000,0.000000,-1.000000
0.045228325,5,24,snapshot,256,8192,1.000000,1.000000,1.000000,{"1":8170,"2":22},0.997314,0.002686,0.000000,0.000000,0.997314,0.002686,1.000000
0.045228325,5,24,read_only,1024,161,1.000000,1.000000,1.000000,{"1":361},1.000000,0.000000,0.000000,0.000000,1.000000,0.000000,-1.000000
0.045228325,5,24,union,1024,161,1.000000,1.000000,1.000000,{"1":361},1.000000,0.000000,0.000000,0.000000,1.000000,0.000000,-1.000000
0.045228325,5,24,snapshot,1024,2688,0.993676,0.998233,0.993676,{"1":8170,"2":22},0.993304,0.006696,0.000000,0.000000,0.993304,0.000372,0.055556
0.045228325,5,24,read_only,4096,75,1.000000,1.000000,1.000000,{"1":361},1.000000,0.000000,0.000000,0.000000,1.000000,0.000000,-1.000000
0.045228325,5,24,union,4096,75,1.000000,1.000000,1.000000,{"1":361},1.000000,0.000000,0.000000,0.000000,1.000000,0.000000,-1.000000
0.045228325,5,24,snapshot,4096,789,0.986058,0.997703,0.986058,{"1":8170,"2":22},0.986058,0.013942,0.000000,0.000000,0.986058,0.000000,0.000000
0.045228325,5,24,read_only,16384,38,0.947368,0.986842,0.947368,{"1":361},0.947368,0.052632,0.000000,0.000000,0.947368,0.000000,0.000000
0.045228325,5,24,union,16384,38,0.947368,0.986842,0.947368,{"1":361},0.947368,0.052632,0.000000,0.000000,0.947368,0.000000,0.000000
0.045228325,5,24,snapshot,16384,242,0.950413,0.988734,0.950413,{"1":8170,"2":22},0.950413,0.049587,0.000000,0.000000,0.950413,0.000000,0.000000
0.045466010,5,25,read_only,64,10,1.000000,1.000000,1.000000,{"1":10},1.000000,0.000000,0.000000,0.000000,1.000000,0.000000,-1.000000
0.045466010,5,25,union,64,10,1.000000,1.000000,1.000000,{"1":10},1.000000,0.000000,0.000000,0.000000,1.000000,0.000000,-1.000000
0.045466010,5,25,snapshot,64,8192,1.000000,1.000000,1.000000,{"1":8170,"2":22},0.997314,0.002686,0.000000,0.000000,0.997314,0.002686,1.000000
0.045466010,5,25,read_only,256,10,1.000000,1.000000,1.000000,{"1":10},1.000000,0.000000,0.000000,0.000000,1.000000,0.000000,-1.000000
0.045466010,5,25,union,256,10,1.000000,1.000000,1.000000,{"1":10},1.000000,0.000000,0.000000,0.000000,1.000000,0.000000,-1.000000
0.045466010,5,25,snapshot,256,8192,1.000000,1.000000,1.000000,{"1":8170,"2":22},0.997314,0.002686,0.000000,0.000000,0.997314,0.002686,1.000000
0.045466010,5,25,read_only,1024,8,1.000000,1.000000,1.000000,{"1":10},1.000000,0.000000,0.000000,0.000000,1.000000,0.000000,-1.000000
0.045466010,5,25,union,1024,8,1.000000,1.000000,1.000000,{"1":10},1.000000,0.000000,0.000000,0.000000,1.000000,0.000000,-1.000000
0.045466010,5,25,snapshot,1024,2688,0.993676,0.998233,0.993676,{"1":8170,"2":22},0.993304,0.006696,0.000000,0.000000,0.993304,0.000372,0.055556
0.045466010,5,25,read_only,4096,5,1.000000,1.000000,1.000000,{"1":10},1.000000,0.000000,0.000000,0.000000,1.000000,0.000000,-1.000000
0.045466010,5,25,union,4096,5,1.000000,1.000000,1.000000,{"1":10},1.000000,0.000000,0.000000,0.000000,1.000000,0.000000,-1.000000
0.045466010,5,25,snapshot,4096,789,0.986058,0.997703,0.986058,{"1":8170,"2":22},0.986058,0.013942,0.000000,0.000000,0.986058,0.000000,0.000000
0.045466010,5,25,read_only,16384,5,1.000000,1.000000,1.000000,{"1":10},1.000000,0.000000,0.000000,0.000000,1.000000,0.000000,-1.000000
0.045466010,5,25,union,16384,5,1.000000,1.000000,1.000000,{"1":10},1.000000,0.000000,0.000000,0.000000,1.000000,0.000000,-1.000000
0.045466010,5,25,snapshot,16384,242,0.950413,0.988734,0.950413,{"1":8170,"2":22},0.950413,0.049587,0.000000,0.000000,0.950413,0.000000,0.000000
0.045706506,5,26,read_only,64,236,1.000000,1.000000,1.000000,{"1":236},1.000000,0.000000,0.000000,0.000000,1.000000,0.000000,-1.000000
0.045706506,5,26,union,64,237,1.000000,1.000000,1.000000,{"1":237},1.000000,0.000000,0.000000,0.000000,1.000000,0.000000,-1.000000
0.045706506,5,26,snapshot,64,8192,1.000000,1.000000,1.000000,{"1":8170,"2":22},0.997314,0.002686,0.000000,0.000000,0.997314,0.002686,1.000000
0.045706506,5,26,read_only,256,236,1.000000,1.000000,1.000000,{"1":236},1.000000,0.000000,0.000000,0.000000,1.000000,0.000000,-1.000000
0.045706506,5,26,union,256,237,1.000000,1.000000,1.000000,{"1":237},1.000000,0.000000,0.000000,0.000000,1.000000,0.000000,-1.000000
0.045706506,5,26,snapshot,256,8192,1.000000,1.000000,1.000000,{"1":8170,"2":22},0.997314,0.002686,0.000000,0.000000,0.997314,0.002686,1.000000
0.045706506,5,26,read_only,1024,167,1.000000,1.000000,1.000000,{"1":236},1.000000,0.000000,0.000000,0.000000,1.000000,0.000000,-1.000000
0.045706506,5,26,union,1024,168,1.000000,1.000000,1.000000,{"1":237},1.000000,0.000000,0.000000,0.000000,1.000000,0.000000,-1.000000
0.045706506,5,26,snapshot,1024,2660,0.993609,0.998214,0.993609,{"1":8170,"2":22},0.993233,0.006767,0.000000,0.000000,0.993233,0.000376,0.055556
0.045706506,5,26,read_only,4096,101,1.000000,1.000000,1.000000,{"1":236},1.000000,0.000000,0.000000,0.000000,1.000000,0.000000,-1.000000
0.045706506,5,26,union,4096,101,1.000000,1.000000,1.000000,{"1":237},1.000000,0.000000,0.000000,0.000000,1.000000,0.000000,-1.000000
0.045706506,5,26,snapshot,4096,773,0.987063,0.998302,0.987063,{"1":8170,"2":22},0.985770,0.014230,0.000000,0.000000,0.985770,0.001294,0.090909
0.045706506,5,26,read_only,16384,46,1.000000,1.000000,1.000000,{"1":236},1.000000,0.000000,0.000000,0.000000,1.000000,0.000000,-1.000000
0.045706506,5,26,union,16384,46,1.000000,1.000000,1.000000,{"1":237},1.000000,0.000000,0.000000,0.000000,1.000000,0.000000,-1.000000
0.045706506,5,26,snapshot,16384,231,0.948052,0.987191,0.948052,{"1":8170,"2":22},0.948052,0.051948,0.000000,0.000000,0.948052,0.000000,0.000000
0.046333778,5,27,read_only,64,1465,1.000000,1.000000,1.000000,{"1":1465},1.000000,0.000000,0.000000,0.000000,1.000000,0.000000,-1.000000
0.046333778,5,27,union,64,1465,1.000000,1.000000,1.000000,{"1":1465},1.000000,0.000000,0.000000,0.000000,1.000000,0.000000,-1.000000
0.046333778,5,27,snapshot,64,8192,1.000000,1.000000,1.000000,{"1":8171,"2":21},0.997437,0.002563,0.000000,0.000000,0.997437,0.002563,1.000000
0.046333778,5,27,read_only,256,1465,1.000000,1.000000,1.000000,{"1":1465},1.000000,0.000000,0.000000,0.000000,1.000000,0.000000,-1.000000
0.046333778,5,27,union,256,1465,1.000000,1.000000,1.000000,{"1":1465},1.000000,0.000000,0.000000,0.000000,1.000000,0.000000,-1.000000
0.046333778,5,27,snapshot,256,8192,1.000000,1.000000,1.000000,{"1":8171,"2":21},0.997437,0.002563,0.000000,0.000000,0.997437,0.002563,1.000000
0.046333778,5,27,read_only,1024,636,1.000000,1.000000,1.000000,{"1":1465},1.000000,0.000000,0.000000,0.000000,1.000000,0.000000,-1.000000
0.046333778,5,27,union,1024,636,1.000000,1.000000,1.000000,{"1":1465},1.000000,0.000000,0.000000,0.000000,1.000000,0.000000,-1.000000
0.046333778,5,27,snapshot,1024,2643,0.993568,0.998203,0.993568,{"1":8171,"2":21},0.993568,0.006432,0.000000,0.000000,0.993568,0.000000,0.000000
0.046333778,5,27,read_only,4096,248,1.000000,1.000000,1.000000,{"1":1465},1.000000,0.000000,0.000000,0.000000,1.000000,0.000000,-1.000000
0.046333778,5,27,union,4096,248,1.000000,1.000000,1.000000,{"1":1465},1.000000,0.000000,0.000000,0.000000,1.000000,0.000000,-1.000000
0.046333778,5,27,snapshot,4096,747,0.986613,0.998243,0.986613,{"1":8171,"2":21},0.986613,0.013387,0.000000,0.000000,0.986613,0.000000,0.000000
0.046333778,5,27,read_only,16384,88,0.977273,0.991479,0.977273,{"1":1465},0.977273,0.022727,0.000000,0.000000,0.977273,0.000000,0.000000
0.046333778,5,27,union,16384,88,0.977273,0.991479,0.977273,{"1":1465},0.977273,0.022727,0.000000,0.000000,0.977273,0.000000,0.000000
0.046333778,5,27,snapshot,16384,210,0.947619,0.987571,0.947619,{"1":8171,"2":21},0.947619,0.052381,0.000000,0.000000,0.947619,0.000000,0.000000
0.046593893,5,28,read_only,64,382,1.000000,1.000000,1.000000,{"1":382},1.000000,0.000000,0.000000,0.000000,1.000000,0.000000,-1.000000
0.046593893,5,28,union,64,382,1.000000,1.000000,1.000000,{"1":382},1.000000,0.000000,0.000000,0.000000,1.000000,0.000000,-1.000000
0.046593893,5,28,snapshot,64,8192,1.000000,1.000000,1.000000,{"1":8171,"2":21},0.997437,0.002563,0.000000,0.000000,0.997437,0.002563,1.000000
0.046593893,5,28,read_only,256,382,1.000000,1.000000,1.000000,{"1":382},1.000000,0.000000,0.000000,0.000000,1.000000,0.000000,-1.000000
0.046593893,5,28,union,256,382,1.000000,1.000000,1.000000,{"1":382},1.000000,0.000000,0.000000,0.000000,1.000000,0.000000,-1.000000
0.046593893,5,28,snapshot,256,8192,1.000000,1.000000,1.000000,{"1":8171,"2":21},0.997437,0.002563,0.000000,0.000000,0.997437,0.002563,1.000000
0.046593893,5,28,read_only,1024,206,1.000000,1.000000,1.000000,{"1":382},1.000000,0.000000,0.000000,0.000000,1.000000,0.000000,-1.000000
0.046593893,5,28,union,1024,206,1.000000,1.000000,1.000000,{"1":382},1.000000,0.000000,0.000000,0.000000,1.000000,0.000000,-1.000000
0.046593893,5,28,snapshot,1024,2647,0.992822,0.998017,0.992822,{"1":8171,"2":21},0.992822,0.007178,0.000000,0.000000,0.992822,0.000000,0.000000
0.046593893,5,28,read_only,4096,109,1.000000,1.000000,1.000000,{"1":382},1.000000,0.000000,0.000000,0.000000,1.000000,0.000000,-1.000000
0.046593893,5,28,union,4096,109,1.000000,1.000000,1.000000,{"1":382},1.000000,0.000000,0.000000,0.000000,1.000000,0.000000,-1.000000
0.046593893,5,28,snapshot,4096,749,0.983979,0.998081,0.983979,{"1":8171,"2":21},0.983979,0.016021,0.000000,0.000000,0.983979,0.000000,0.000000
0.046593893,5,28,read_only,16384,54,0.981481,0.994767,0.981481,{"1":382},0.981481,0.018519,0.000000,0.000000,0.981481,0.000000,0.000000
0.046593893,5,28,union,16384,54,0.981481,0.994767,0.981481,{"1":382},0.981481,0.018519,0.000000,0.000000,0.981481,0.000000,0.000000
0.046593893,5,28,snapshot,16384,210,0.942857,0.986052,0.942857,{"1":8171,"2":21},0.942857,0.057143,0.000000,0.000000,0.942857,0.000000,0.000000
0.046836293,5,29,read_only,64,6,1.000000,1.000000,1.000000,{"1":6},1.000000,0.000000,0.000000,0.000000,1.000000,0.000000,-1.000000
0.046836293,5,29,union,64,6,1.000000,1.000000,1.000000,{"1":6},1.000000,0.000000,0.000000,0.000000,1.000000,0.000000,-1.000000
0.046836293,5,29,snapshot,64,8192,1.000000,1.000000,1.000000,{"1":8171,"2":21},0.997437,0.002563,0.000000,0.000000,0.997437,0.002563,1.000000
0.046836293,5,29,read_only,256,6,1.000000,1.000000,1.000000,{"1":6},1.000000,0.000000,0.000000,0.000000,1.000000,0.000000,-1.000000
0.046836293,5,29,union,256,6,1.000000,1.000000,1.000000,{"1":6},1.000000,0.000000,0.000000,0.000000,1.000000,0.000000,-1.000000
0.046836293,5,29,snapshot,256,8192,1.000000,1.000000,1.000000,{"1":8171,"2":21},0.997437,0.002563,0.000000,0.000000,0.997437,0.002563,1.000000
0.046836293,5,29,read_only,1024,6,1.000000,1.000000,1.000000,{"1":6},1.000000,0.000000,0.000000,0.000000,1.000000,0.000000,-1.000000
0.046836293,5,29,union,1024,6,1.000000,1.000000,1.000000,{"1":6},1.000000,0.000000,0.000000,0.000000,1.000000,0.000000,-1.000000
0.046836293,5,29,snapshot,1024,2647,0.992822,0.998017,0.992822,{"1":8171,"2":21},0.992822,0.007178,0.000000,0.000000,0.992822,0.000000,0.000000
0.046836293,5,29,read_only,4096,5,1.000000,1.000000,1.000000,{"1":6},1.000000,0.000000,0.000000,0.000000,1.000000,0.000000,-1.000000
0.046836293,5,29,union,4096,5,1.000000,1.000000,1.000000,{"1":6},1.000000,0.000000,0.000000,0.000000,1.000000,0.000000,-1.000000
0.046836293,5,29,snapshot,4096,749,0.983979,0.998081,0.983979,{"1":8171,"2":21},0.983979,0.016021,0.000000,0.000000,0.983979,0.000000,0.000000
0.046836293,5,29,read_only,16384,5,1.000000,1.000000,1.000000,{"1":6},1.000000,0.000000,0.000000,0.000000,1.000000,0.000000,-1.000000
0.046836293,5,29,union,16384,5,1.000000,1.000000,1.000000,{"1":6},1.000000,0.000000,0.000000,0.000000,1.000000,0.000000,-1.000000
0.046836293,5,29,snapshot,16384,210,0.942857,0.986052,0.942857,{"1":8171,"2":21},0.942857,0.057143,0.000000,0.000000,0.942857,0.000000,0.000000
0.047075923,5,30,read_only,64,148,1.000000,1.000000,1.000000,{"1":148},1.000000,0.000000,0.000000,0.000000,1.000000,0.000000,-1.000000
0.047075923,5,30,union,64,148,1.000000,1.000000,1.000000,{"1":148},1.000000,0.000000,0.000000,0.000000,1.000000,0.000000,-1.000000
0.047075923,5,30,snapshot,64,8192,1.000000,1.000000,1.000000,{"0":1,"1":8170,"2":21},0.997314,0.002563,0.000000,0.000000,0.997314,0.002563,1.000000
0.047075923,5,30,read_only,256,148,1.000000,1.000000,1.000000,{"1":148},1.000000,0.000000,0.000000,0.000000,1.000000,0.000000,-1.000000
0.047075923,5,30,union,256,148,1.000000,1.000000,1.000000,{"1":148},1.000000,0.000000,0.000000,0.000000,1.000000,0.000000,-1.000000
0.047075923,5,30,snapshot,256,8192,1.000000,1.000000,1.000000,{"0":1,"1":8170,"2":21},0.997314,0.002563,0.000000,0.000000,0.997314,0.002563,1.000000
0.047075923,5,30,read_only,1024,111,1.000000,1.000000,1.000000,{"1":148},1.000000,0.000000,0.000000,0.000000,1.000000,0.000000,-1.000000
0.047075923,5,30,union,1024,111,1.000000,1.000000,1.000000,{"1":148},1.000000,0.000000,0.000000,0.000000,1.000000,0.000000,-1.000000
0.047075923,5,30,snapshot,1024,2663,0.992490,0.997841,0.992490,{"0":1,"1":8170,"2":21},0.992865,0.007135,0.000000,0.000000,0.992490,0.000000,0.000000
0.047075923,5,30,read_only,4096,71,1.000000,1.000000,1.000000,{"1":148},1.000000,0.000000,0.000000,0.000000,1.000000,0.000000,-1.000000
0.047075923,5,30,union,4096,71,1.000000,1.000000,1.000000,{"1":148},1.000000,0.000000,0.000000,0.000000,1.000000,0.000000,-1.000000
0.047075923,5,30,snapshot,4096,752,0.982713,0.997978,0.982713,{"0":1,"1":8170,"2":21},0.984043,0.015957,0.000000,0.000000,0.982713,0.000000,0.000000
0.047075923,5,30,read_only,16384,40,0.975000,0.987500,0.975000,{"1":148},0.975000,0.025000,0.000000,0.000000,0.975000,0.000000,0.000000
0.047075923,5,30,union,16384,40,0.975000,0.987500,0.975000,{"1":148},0.975000,0.025000,0.000000,0.000000,0.975000,0.000000,0.000000
0.047075923,5,30,snapshot,16384,209,0.933014,0.985777,0.933014,{"0":1,"1":8170,"2":21},0.937799,0.062201,0.000000,0.000000,0.933014,0.000000,0.000000
0.047316351,5,31,read_only,64,252,1.000000,1.000000,1.000000,{"1":252},1.000000,0.000000,0.000000,0.000000,1.000000,0.000000,-1.000000
0.047316351,5,31,union,64,252,1.000000,1.000000,1.000000,{"1":252},1.000000,0.000000,0.000000,0.000000,1.000000,0.000000,-1.000000
0.047316351,5,31,snapshot,64,8192,1.000000,1.000000,1.000000,{"1":8171,"2":21},0.997437,0.002563,0.000000,0.000000,0.997437,0.002563,1.000000
0.047316351,5,31,read_only,256,252,1.000000,1.000000,1.000000,{"1":252},1.000000,0.000000,0.000000,0.000000,1.000000,0.000000,-1.000000
0.047316351,5,31,union,256,252,1.000000,1.000000,1.000000,{"1":252},1.000000,0.000000,0.000000,0.000000,1.000000,0.000000,-1.000000
0.047316351,5,31,snapshot,256,8192,1.000000,1.000000,1.000000,{"1":8171,"2":21},0.997437,0.002563,0.000000,0.000000,0.997437,0.002563,1.000000
0.047316351,5,31,read_only,1024,186,1.000000,1.000000,1.000000,{"1":252},1.000000,0.000000,0.000000,0.000000,1.000000,0.000000,-1.000000
0.047316351,5,31,union,1024,186,1.000000,1.000000,1.000000,{"1":252},1.000000,0.000000,0.000000,0.000000,1.000000,0.000000,-1.000000
0.047316351,5,31,snapshot,1024,2665,0.992871,0.998030,0.992871,{"1":8171,"2":21},0.992871,0.007129,0.000000,0.000000,0.992871,0.000000,0.000000
0.047316351,5,31,read_only,4096,103,1.000000,1.000000,1.000000,{"1":252},1.000000,0.000000,0.000000,0.000000,1.000000,0.000000,-1.000000
0.047316351,5,31,union,4096,103,1.000000,1.000000,1.000000,{"1":252},1.000000,0.000000,0.000000,0.000000,1.000000,0.000000,-1.000000
0.047316351,5,31,snapshot,4096,753,0.984064,0.998091,0.984064,{"1":8171,"2":21},0.984064,0.015936,0.000000,0.000000,0.984064,0.000000,0.000000
0.047316351,5,31,read_only,16384,46,0.978261,0.997283,0.978261,{"1":252},0.978261,0.021739,0.000000,0.000000,0.978261,0.000000,0.000000
0.047316351,5,31,union,16384,46,0.978261,0.997283,0.978261,{"1":252},0.978261,0.021739,0.000000,0.000000,0.978261,0.000000,0.000000
0.047316351,5,31,snapshot,16384,207,0.937198,0.984819,0.937198,{"1":8171,"2":21},0.937198,0.062802,0.000000,0.000000,0.937198,0.000000,0.000000
0.047551961,5,32,read_only,64,168,1.000000,1.000000,1.000000,{"1":168},1.000000,0.000000,0.000000,0.000000,1.000000,0.000000,-1.000000
0.047551961,5,32,union,64,168,1.000000,1.000000,1.000000,{"1":168},1.000000,0.000000,0.000000,0.000000,1.000000,0.000000,-1.000000
0.047551961,5,32,snapshot,64,8192,1.000000,1.000000,1.000000,{"1":8171,"2":21},0.997437,0.002563,0.000000,0.000000,0.997437,0.002563,1.000000
0.047551961,5,32,read_only,256,168,1.000000,1.000000,1.000000,{"1":168},1.000000,0.000000,0.000000,0.000000,1.000000,0.000000,-1.000000
0.047551961,5,32,union,256,168,1.000000,1.000000,1.000000,{"1":168},1.000000,0.000000,0.000000,0.000000,1.000000,0.000000,-1.000000
0.047551961,5,32,snapshot,256,8192,1.000000,1.000000,1.000000,{"1":8171,"2":21},0.997437,0.002563,0.000000,0.000000,0.997437,0.002563,1.000000
0.047551961,5,32,read_only,1024,122,1.000000,1.000000,1.000000,{"1":168},1.000000,0.000000,0.000000,0.000000,1.000000,0.000000,-1.000000
0.047551961,5,32,union,1024,122,1.000000,1.000000,1.000000,{"1":168},1.000000,0.000000,0.000000,0.000000,1.000000,0.000000,-1.000000
0.047551961,5,32,snapshot,1024,2657,0.992849,0.998024,0.992849,{"1":8171,"2":21},0.992849,0.007151,0.000000,0.000000,0.992849,0.000000,0.000000
0.047551961,5,32,read_only,4096,71,1.000000,1.000000,1.000000,{"1":168},1.000000,0.000000,0.000000,0.000000,1.000000,0.000000,-1.000000
0.047551961,5,32,union,4096,71,1.000000,1.000000,1.000000,{"1":168},1.000000,0.000000,0.000000,0.000000,1.000000,0.000000,-1.000000
0.047551961,5,32,snapshot,4096,753,0.984064,0.998091,0.984064,{"1":8171,"2":21},0.984064,0.015936,0.000000,0.000000,0.984064,0.000000,0.000000
0.047551961,5,32,read_only,16384,37,1.000000,1.000000,1.000000,{"1":168},1.000000,0.000000,0.000000,0.000000,1.000000,0.000000,-1.000000
0.047551961,5,32,union,16384,37,1.000000,1.000000,1.000000,{"1":168},1.000000,0.000000,0.000000,0.000000,1.000000,0.000000,-1.000000
0.047551961,5,32,snapshot,16384,208,0.937500,0.984441,0.937500,{"1":8171,"2":21},0.937500,0.062500,0.000000,0.000000,0.937500,0.000000,0.000000
0.047820550,5,33,read_only,64,398,1.000000,1.000000,1.000000,{"1":398},1.000000,0.000000,0.000000,0.000000,1.000000,0.000000,-1.000000
0.047820550,5,33,union,64,398,1.000000,1.000000,1.000000,{"1":398},1.000000,0.000000,0.000000,0.000000,1.000000,0.000000,-1.000000
0.047820550,5,33,snapshot,64,8192,1.000000,1.000000,1.000000,{"1":8171,"2":21},0.997437,0.002563,0.000000,0.000000,0.997437,0.002563,1.000000
0.047820550,5,33,read_only,256,398,1.000000,1.000000,1.000000,{"1":398},1.000000,0.000000,0.000000,0.000000,1.000000,0.000000,-1.000000
0.047820550,5,33,union,256,398,1.000000,1.000000,1.000000,{"1":398},1.000000,0.000000,0.000000,0.000000,1.000000,0.000000,-1.000000
0.047820550,5,33,snapshot,256,8192,1.000000,1.000000,1.000000,{"1":8171,"2":21},0.997437,0.002563,0.000000,0.000000,0.997437,0.002563,1.000000
0.047820550,5,33,read_only,1024,200,1.000000,1.000000,1.000000,{"1":398},1.000000,0.000000,0.000000,0.000000,1.000000,0.000000,-1.000000
0.047820550,5,33,union,1024,200,1.000000,1.000000,1.000000,{"1":398},1.000000,0.000000,0.000000,0.000000,1.000000,0.000000,-1.000000
0.047820550,5,33,snapshot,1024,2698,0.992958,0.998023,0.992958,{"1":8171,"2":21},0.992958,0.007042,0.000000,0.000000,0.992958,0.000000,0.000000
0.047820550,5,33,read_only,4096,89,1.000000,1.000000,1.000000,{"1":398},1.000000,0.000000,0.000000,0.000000,1.000000,0.000000,-1.000000
0.047820550,5,33,union,4096,89,1.000000,1.000000,1.000000,{"1":398},1.000000,0.000000,0.000000,0.000000,1.000000,0.000000,-1.000000
0.047820550,5,33,snapshot,4096,767,0.984355,0.998104,0.984355,{"1":8171,"2":21},0.984355,0.015645,0.000000,0.000000,0.984355,0.000000,0.000000
0.047820550,5,33,read_only,16384,43,0.953488,0.983958,0.953488,{"1":398},0.953488,0.046512,0.000000,0.000000,0.953488,0.000000,0.000000
0.047820550,5,33,union,16384,43,0.953488,0.983958,0.953488,{"1":398},0.953488,0.046512,0.000000,0.000000,0.953488,0.000000,0.000000
0.047820550,5,33,snapshot,16384,213,0.929577,0.981360,0.929577,{"1":8171,"2":21},0.929577,0.070423,0.000000,0.000000,0.929577,0.000000,0.000000
0.048053517,5,34,read_only,64,1,1.000000,1.000000,1.000000,{"1":1},1.000000,0.000000,0.000000,0.000000,1.000000,0.000000,-1.000000
0.048053517,5,34,union,64,1,1.000000,1.000000,1.000000,{"1":1},1.000000,0.000000,0.000000,0.000000,1.000000,0.000000,-1.000000
0.048053517,5,34,snapshot,64,8192,1.000000,1.000000,1.000000,{"1":8171,"2":21},0.997437,0.002563,0.000000,0.000000,0.997437,0.002563,1.000000
0.048053517,5,34,read_only,256,1,1.000000,1.000000,1.000000,{"1":1},1.000000,0.000000,0.000000,0.000000,1.000000,0.000000,-1.000000
0.048053517,5,34,union,256,1,1.000000,1.000000,1.000000,{"1":1},1.000000,0.000000,0.000000,0.000000,1.000000,0.000000,-1.000000
0.048053517,5,34,snapshot,256,8192,1.000000,1.000000,1.000000,{"1":8171,"2":21},0.997437,0.002563,0.000000,0.000000,0.997437,0.002563,1.000000
0.048053517,5,34,read_only,1024,1,1.000000,1.000000,1.000000,{"1":1},1.000000,0.000000,0.000000,0.000000,1.000000,0.000000,-1.000000
0.048053517,5,34,union,1024,1,1.000000,1.000000,1.000000,{"1":1},1.000000,0.000000,0.000000,0.000000,1.000000,0.000000,-1.000000
0.048053517,5,34,snapshot,1024,2698,0.992958,0.998023,0.992958,{"1":8171,"2":21},0.992958,0.007042,0.000000,0.000000,0.992958,0.000000,0.000000
0.048053517,5,34,read_only,4096,1,1.000000,1.000000,1.000000,{"1":1},1.000000,0.000000,0.000000,0.000000,1.000000,0.000000,-1.000000
0.048053517,5,34,union,4096,1,1.000000,1.000000,1.000000,{"1":1},1.000000,0.000000,0.000000,0.000000,1.000000,0.000000,-1.000000
0.048053517,5,34,snapshot,4096,767,0.984355,0.998104,0.984355,{"1":8171,"2":21},0.984355,0.015645,0.000000,0.000000,0.984355,0.000000,0.000000
0.048053517,5,34,read_only,16384,1,1.000000,1.000000,1.000000,{"1":1},1.000000,0.000000,0.000000,0.000000,1.000000,0.000000,-1.000000
0.048053517,5,34,union,16384,1,1.000000,1.000000,1.000000,{"1":1},1.000000,0.000000,0.000000,0.000000,1.000000,0.000000,-1.000000
0.048053517,5,34,snapshot,16384,213,0.929577,0.981360,0.929577,{"1":8171,"2":21},0.929577,0.070423,0.000000,0.000000,0.929577,0.000000,0.000000
0.048286644,5,35,read_only,64,76,1.000000,1.000000,1.000000,{"1":76},1.000000,0.000000,0.000000,0.000000,1.000000,0.000000,-1.000000
0.048286644,5,35,union,64,76,1.000000,1.000000,1.000000,{"1":76},1.000000,0.000000,0.000000,0.000000,1.000000,0.000000,-1.000000
0.048286644,5,35,snapshot,64,8192,1.000000,1.000000,1.000000,{"1":8171,"2":21},0.997437,0.002563,0.000000,0.000000,0.997437,0.002563,1.000000
0.048286644,5,35,read_only,256,76,1.000000,1.000000,1.000000,{"1":76},1.000000,0.000000,0.000000,0.000000,1.000000,0.000000,-1.000000
0.048286644,5,35,union,256,76,1.000000,1.000000,1.000000,{"1":76},1.000000,0.000000,0.000000,0.000000,1.000000,0.000000,-1.000000
0.048286644,5,35,snapshot,256,8192,1.000000,1.000000,1.000000,{"1":8171,"2":21},0.997437,0.002563,0.000000,0.000000,0.997437,0.002563,1.000000
0.048286644,5,35,read_only,1024,67,1.000000,1.000000,1.000000,{"1":76},1.000000,0.000000,0.000000,0.000000,1.000000,0.000000,-1.000000
0.048286644,5,35,union,1024,67,1.000000,1.000000,1.000000,{"1":76},1.000000,0.000000,0.000000,0.000000,1.000000,0.000000,-1.000000
0.048286644,5,35,snapshot,1024,2698,0.992958,0.997992,0.992958,{"1":8171,"2":21},0.992958,0.007042,0.000000,0.000000,0.992958,0.000000,0.000000
0.048286644,5,35,read_only,4096,45,1.000000,1.000000,1.000000,{"1":76},1.000000,0.000000,0.000000,0.000000,1.000000,0.000000,-1.000000
0.048286644,5,35,union,4096,45,1.000000,1.000000,1.000000,{"1":76},1.000000,0.000000,0.000000,0.000000,1.000000,0.000000,-1.000000
0.048286644,5,35,snapshot,4096,768,0.984375,0.998079,0.984375,{"1":8171,"2":21},0.984375,0.015625,0.000000,0.000000,0.984375,0.000000,0.000000
0.048286644,5,35,read_only,16384,30,0.966667,0.983333,0.966667,{"1":76},0.966667,0.033333,0.000000,0.000000,0.966667,0.000000,0.000000
0.048286644,5,35,union,16384,30,0.966667,0.983333,0.966667,{"1":76},0.966667,0.033333,0.000000,0.000000,0.966667,0.000000,0.000000
0.048286644,5,35,snapshot,16384,212,0.929245,0.981238,0.929245,{"1":8171,"2":21},0.929245,0.070755,0.000000,0.000000,0.929245,0.000000,0.000000
0.048653293,5,36,read_only,64,410,1.000000,1.000000,1.000000,{"1":410},1.000000,0.000000,0.000000,0.000000,1.000000,0.000000,-1.000000
0.048653293,5,36,union,64,410,1.000000,1.000000,1.000000,{"1":410},1.000000,0.000000,0.000000,0.000000,1.000000,0.000000,-1.000000
0.048653293,5,36,snapshot,64,8192,1.000000,1.000000,1.000000,{"1":8171,"2":21},0.997437,0.002563,0.000000,0.000000,0.997437,0.002563,1.000000
0.048653293,5,36,read_only,256,410,1.000000,1.000000,1.000000,{"1":410},1.000000,0.000000,0.000000,0.000000,1.000000,0.000000,-1.000000
0.048653293,5,36,union,256,410,1.000000,1.000000,1.000000,{"1":410},1.000000,0.000000,0.000000,0.000000,1.000000,0.000000,-1.000000
0.048653293,5,36,snapshot,256,8192,1.000000,1.000000,1.000000,{"1":8171,"2":21},0.997437,0.002563,0.000000,0.000000,0.997437,0.002563,1.000000
0.048653293,5,36,read_only,1024,224,1.000000,1.000000,1.000000,{"1":410},1.000000,0.000000,0.000000,0.000000,1.000000,0.000000,-1.000000
0.048653293,5,36,union,1024,224,1.000000,1.000000,1.000000,{"1":410},1.000000,0.000000,0.000000,0.000000,1.000000,0.000000,-1.000000
0.048653293,5,36,snapshot,1024,2680,0.987313,0.996144,0.987313,{"1":8171,"2":21},0.986940,0.013060,0.000000,0.000000,0.986940,0.000373,0.028571
0.048653293,5,36,read_only,4096,100,0.990000,0.995000,0.990000,{"1":410},0.990000,0.010000,0.000000,0.000000,0.990000,0.000000,0.000000
0.048653293,5,36,union,4096,100,0.990000,0.995000,0.990000,{"1":410},0.990000,0.010000,0.000000,0.000000,0.990000,0.000000,0.000000
0.048653293,5,36,snapshot,4096,763,0.973788,0.995596,0.973788,{"1":8171,"2":21},0.973788,0.024902,0.001311,0.000000,0.973788,0.000000,0.000000
0.048653293,5,36,read_only,16384,45,0.955556,0.982540,0.955556,{"1":410},0.955556,0.044444,0.000000,0.000000,0.955556,0.000000,0.000000
0.048653293,5,36,union,16384,45,0.955556,0.982540,0.955556,{"1":410},0.955556,0.044444,0.000000,0.000000,0.955556,0.000000,0.000000
0.048653293,5,36,snapshot,16384,211,0.914692,0.978659,0.914692,{"1":8171,"2":21},0.914692,0.080569,0.004739,0.000000,0.914692,0.000000,0.000000
0.048887704,5,37,read_only,64,1,1.000000,1.000000,1.000000,{"1":1},1.000000,0.000000,0.000000,0.000000,1.000000,0.000000,-1.000000
0.048887704,5,37,union,64,1,1.000000,1.000000,1.000000,{"1":1},1.000000,0.000000,0.000000,0.000000,1.000000,0.000000,-1.000000
0.048887704,5,37,snapshot,64,8192,1.000000,1.000000,1.000000,{"1":8171,"2":21},0.997437,0.002563,0.000000,0.000000,0.997437,0.002563,1.000000
0.048887704,5,37,read_only,256,1,1.000000,1.000000,1.000000,{"1":1},1.000000,0.000000,0.000000,0.000000,1.000000,0.000000,-1.000000
0.048887704,5,37,union,256,1,1.000000,1.000000,1.000000,{"1":1},1.000000,0.000000,0.000000,0.000000,1.000000,0.000000,-1.000000
0.048887704,5,37,snapshot,256,8192,1.000000,1.000000,1.000000,{"1":8171,"2":21},0.997437,0.002563,0.000000,0.000000,0.997437,0.002563,1.000000
0.048887704,5,37,read_only,1024,1,1.000000,1.000000,1.000000,{"1":1},1.000000,0.000000,0.000000,0.000000,1.000000,0.000000,-1.000000
0.048887704,5,37,union,1024,1,1.000000,1.000000,1.000000,{"1":1},1.000000,0.000000,0.000000,0.000000,1.000000,0.000000,-1.000000
0.048887704,5,37,snapshot,1024,2680,0.987313,0.996144,0.987313,{"1":8171,"2":21},0.986940,0.013060,0.000000,0.000000,0.986940,0.000373,0.028571
0.048887704,5,37,read_only,4096,1,1.000000,1.000000,1.000000,{"1":1},1.000000,0.000000,0.000000,0.000000,1.000000,0.000000,-1.000000
0.048887704,5,37,union,4096,1,1.000000,1.000000,1.000000,{"1":1},1.000000,0.000000,0.000000,0.000000,1.000000,0.000000,-1.000000
0.048887704,5,37,snapshot,4096,763,0.973788,0.995596,0.973788,{"1":8171,"2":21},0.973788,0.024902,0.001311,0.000000,0.973788,0.000000,0.000000
0.048887704,5,37,read_only,16384,1,1.000000,1.000000,1.000000,{"1":1},1.000000,0.000000,0.000000,0.000000,1.000000,0.000000,-1.000000
0.048887704,5,37,union,16384,1,1.000000,1.000000,1.000000,{"1":1},1.000000,0.000000,0.000000,0.000000,1.000000,0.000000,-1.000000
0.048887704,5,37,snapshot,16384,211,0.914692,0.978659,0.914692,{"1":8171,"2":21},0.914692,0.080569,0.004739,0.000000,0.914692,0.000000,0.000000
0.049149548,5,38,read_only,64,508,1.000000,1.000000,1.000000,{"1":508},1.000000,0.000000,0.000000,0.000000,1.000000,0.000000,-1.000000
0.049149548,5,38,union,64,508,1.000000,1.000000,1.000000,{"1":508},1.000000,0.000000,0.000000,0.000000,1.000000,0.000000,-1.000000
0.049149548,5,38,snapshot,64,8192,1.000000,1.000000,1.000000,{"1":8173,"2":19},0.997681,0.002319,0.000000,0.000000,0.997681,0.002319,1.000000
0.049149548,5,38,read_only,256,508,1.000000,1.000000,1.000000,{"1":508},1.000000,0.000000,0.000000,0.000000,1.000000,0.000000,-1.000000
0.049149548,5,38,union,256,508,1.000000,1.000000,1.000000,{"1":508},1.000000,0.000000,0.000000,0.000000,1.000000,0.000000,-1.000000
0.049149548,5,38,snapshot,256,8192,1.000000,1.000000,1.000000,{"1":8173,"2":19},0.997681,0.002319,0.000000,0.000000,0.997681,0.002319,1.000000
0.049149548,5,38,read_only,1024,213,1.000000,1.000000,1.000000,{"1":508},1.000000,0.000000,0.000000,0.000000,1.000000,0.000000,-1.000000
0.049149548,5,38,union,1024,213,1.000000,1.000000,1.000000,{"1":508},1.000000,0.000000,0.000000,0.000000,1.000000,0.000000,-1.000000
0.049149548,5,38,snapshot,1024,2730,0.988645,0.996459,0.988645,{"1":8173,"2":19},0.987912,0.012088,0.000000,0.000000,0.987912,0.000733,0.060606
0.049149548,5,38,read_only,4096,73,1.000000,1.000000,1.000000,{"1":508},1.000000,0.000000,0.000000,0.000000,1.000000,0.000000,-1.000000
0.049149548,5,38,union,4096,73,1.000000,1.000000,1.000000,{"1":508},1.000000,0.000000,0.000000,0.000000,1.000000,0.000000,-1.000000
0.049149548,5,38,snapshot,4096,784,0.974490,0.995581,0.974490,{"1":8173,"2":19},0.974490,0.024235,0.001276,0.000000,0.974490,0.000000,0.000000
0.049149548,5,38,read_only,16384,31,0.935484,0.970588,0.935484,{"1":508},0.935484,0.064516,0.000000,0.000000,0.935484,0.000000,0.000000
0.049149548,5,38,union,16384,31,0.935484,0.970588,0.935484,{"1":508},0.935484,0.064516,0.000000,0.000000,0.935484,0.000000,0.000000
0.049149548,5,38,snapshot,16384,221,0.909502,0.975189,0.909502,{"1":8173,"2":19},0.909502,0.085973,0.004525,0.000000,0.909502,0.000000,0.000000
0.049381881,5,39,snapshot,64,8192,1.000000,1.000000,1.000000,{"1":8173,"2":19},0.997681,0.002319,0.000000,0.000000,0.997681,0.002319,1.000000
0.049381881,5,39,snapshot,256,8192,1.000000,1.000000,1.000000,{"1":8173,"2":19},0.997681,0.002319,0.000000,0.000000,0.997681,0.002319,1.000000
0.049381881,5,39,snapshot,1024,2730,0.988645,0.996459,0.988645,{"1":8173,"2":19},0.987912,0.012088,0.000000,0.000000,0.987912,0.000733,0.060606
0.049381881,5,39,snapshot,4096,784,0.974490,0.995581,0.974490,{"1":8173,"2":19},0.974490,0.024235,0.001276,0.000000,0.974490,0.000000,0.000000
0.049381881,5,39,snapshot,16384,221,0.909502,0.975189,0.909502,{"1":8173,"2":19},0.909502,0.085973,0.004525,0.000000,0.909502,0.000000,0.000000
0.049615778,5,40,read_only,64,72,1.000000,1.000000,1.000000,{"1":72},1.000000,0.000000,0.000000,0.000000,1.000000,0.000000,-1.000000
0.049615778,5,40,union,64,72,1.000000,1.000000,1.000000,{"1":72},1.000000,0.000000,0.000000,0.000000,1.000000,0.000000,-1.000000
0.049615778,5,40,snapshot,64,8192,1.000000,1.000000,1.000000,{"1":8173,"2":19},0.997681,0.002319,0.000000,0.000000,0.997681,0.002319,1.000000
0.049615778,5,40,read_only,256,72,1.000000,1.000000,1.000000,{"1":72},1.000000,0.000000,0.000000,0.000000,1.000000,0.000000,-1.000000
0.049615778,5,40,union,256,72,1.000000,1.000000,1.000000,{"1":72},1.000000,0.000000,0.000000,0.000000,1.000000,0.000000,-1.000000
0.049615778,5,40,snapshot,256,8192,1.000000,1.000000,1.000000,{"1":8173,"2":19},0.997681,0.002319,0.000000,0.000000,0.997681,0.002319,1.000000
0.049615778,5,40,read_only,1024,47,1.000000,1.000000,1.000000,{"1":72},1.000000,0.000000,0.000000,0.000000,1.000000,0.000000,-1.000000
0.049615778,5,40,union,1024,47,1.000000,1.000000,1.000000,{"1":72},1.000000,0.000000,0.000000,0.000000,1.000000,0.000000,-1.000000
0.049615778,5,40,snapshot,1024,2727,0.988632,0.996516,0.988632,{"1":8173,"2":19},0.987899,0.012101,0.000000,0.000000,0.987899,0.000733,0.060606
0.049615778,5,40,read_only,4096,24,1.000000,1.000000,1.000000,{"1":72},1.000000,0.000000,0.000000,0.000000,1.000000,0.000000,-1.000000
0.049615778,5,40,union,4096,24,1.000000,1.000000,1.000000,{"1":72},1.000000,0.000000,0.000000,0.000000,1.000000,0.000000,-1.000000
0.049615778,5,40,snapshot,4096,781,0.974392,0.995420,0.974392,{"1":8173,"2":19},0.974392,0.024328,0.001280,0.000000,0.974392,0.000000,0.000000
0.049615778,5,40,read_only,16384,15,1.000000,1.000000,1.000000,{"1":72},1.000000,0.000000,0.000000,0.000000,1.000000,0.000000,-1.000000
0.049615778,5,40,union,16384,15,1.000000,1.000000,1.000000,{"1":72},1.000000,0.000000,0.000000,0.000000,1.000000,0.000000,-1.000000
0.049615778,5,40,snapshot,16384,221,0.909502,0.975313,0.909502,{"1":8173,"2":19},0.909502,0.085973,0.004525,0.000000,0.909502,0.000000,0.000000
0.049850905,5,41,read_only,64,21,1.000000,1.000000,1.000000,{"1":21},1.000000,0.000000,0.000000,0.000000,1.000000,0.000000,-1.000000
0.049850905,5,41,union,64,21,1.000000,1.000000,1.000000,{"1":21},1.000000,0.000000,0.000000,0.000000,1.000000,0.000000,-1.000000
0.049850905,5,41,snapshot,64,8192,1.000000,1.000000,1.000000,{"1":8173,"2":19},0.997681,0.002319,0.000000,0.000000,0.997681,0.002319,1.000000
0.049850905,5,41,read_only,256,21,1.000000,1.000000,1.000000,{"1":21},1.000000,0.000000,0.000000,0.000000,1.000000,0.000000,-1.000000
0.049850905,5,41,union,256,21,1.000000,1.000000,1.000000,{"1":21},1.000000,0.000000,0.000000,0.000000,1.000000,0.000000,-1.000000
0.049850905,5,41,snapshot,256,8192,1.000000,1.000000,1.000000,{"1":8173,"2":19},0.997681,0.002319,0.000000,0.000000,0.997681,0.002319,1.000000
0.049850905,5,41,read_only,1024,9,1.000000,1.000000,1.000000,{"1":21},1.000000,0.000000,0.000000,0.000000,1.000000,0.000000,-1.000000
0.049850905,5,41,union,1024,9,1.000000,1.000000,1.000000,{"1":21},1.000000,0.000000,0.000000,0.000000,1.000000,0.000000,-1.000000
0.049850905,5,41,snapshot,1024,2727,0.988632,0.996516,0.988632,{"1":8173,"2":19},0.987899,0.012101,0.000000,0.000000,0.987899,0.000733,0.060606
0.049850905,5,41,read_only,4096,3,1.000000,1.000000,1.000000,{"1":21},1.000000,0.000000,0.000000,0.000000,1.000000,0.000000,-1.000000
0.049850905,5,41,union,4096,3,1.000000,1.000000,1.000000,{"1":21},1.000000,0.000000,0.000000,0.000000,1.000000,0.000000,-1.000000
0.049850905,5,41,snapshot,4096,782,0.974425,0.995426,0.974425,{"1":8173,"2":19},0.974425,0.024297,0.001279,0.000000,0.974425,0.000000,0.000000
0.049850905,5,41,read_only,16384,3,1.000000,1.000000,1.000000,{"1":21},1.000000,0.000000,0.000000,0.000000,1.000000,0.000000,-1.000000
0.049850905,5,41,union,16384,3,1.000000,1.000000,1.000000,{"1":21},1.000000,0.000000,0.000000,0.000000,1.000000,0.000000,-1.000000
0.049850905,5,41,snapshot,16384,222,0.909910,0.975424,0.909910,{"1":8173,"2":19},0.909910,0.085586,0.004505,0.000000,0.909910,0.000000,0.000000
0.050086120,5,42,snapshot,64,8192,1.000000,1.000000,1.000000,{"1":8173,"2":19},0.997681,0.002319,0.000000,0.000000,0.997681,0.002319,1.000000
0.050086120,5,42,snapshot,256,8192,1.000000,1.000000,1.000000,{"1":8173,"2":19},0.997681,0.002319,0.000000,0.000000,0.997681,0.002319,1.000000
0.050086120,5,42,snapshot,1024,2727,0.988632,0.996516,0.988632,{"1":8173,"2":19},0.987899,0.012101,0.000000,0.000000,0.987899,0.000733,0.060606
0.050086120,5,42,snapshot,4096,782,0.974425,0.995426,0.974425,{"1":8173,"2":19},0.974425,0.024297,0.001279,0.000000,0.974425,0.000000,0.000000
0.050086120,5,42,snapshot,16384,222,0.909910,0.975424,0.909910,{"1":8173,"2":19},0.909910,0.085586,0.004505,0.000000,0.909910,0.000000,0.000000
0.050320368,5,43,read_only,64,30,1.000000,1.000000,1.000000,{"1":30},1.000000,0.000000,0.000000,0.000000,1.000000,0.000000,-1.000000
0.050320368,5,43,union,64,30,1.000000,1.000000,1.000000,{"1":30},1.000000,0.000000,0.000000,0.000000,1.000000,0.000000,-1.000000
0.050320368,5,43,snapshot,64,8192,1.000000,1.000000,1.000000,{"1":8173,"2":19},0.997681,0.002319,0.000000,0.000000,0.997681,0.002319,1.000000
0.050320368,5,43,read_only,256,30,1.000000,1.000000,1.000000,{"1":30},1.000000,0.000000,0.000000,0.000000,1.000000,0.000000,-1.000000
0.050320368,5,43,union,256,30,1.000000,1.000000,1.000000,{"1":30},1.000000,0.000000,0.000000,0.000000,1.000000,0.000000,-1.000000
0.050320368,5,43,snapshot,256,8192,1.000000,1.000000,1.000000,{"1":8173,"2":19},0.997681,0.002319,0.000000,0.000000,0.997681,0.002319,1.000000
0.050320368,5,43,read_only,1024,18,1.000000,1.000000,1.000000,{"1":30},1.000000,0.000000,0.000000,0.000000,1.000000,0.000000,-1.000000
0.050320368,5,43,union,1024,18,1.000000,1.000000,1.000000,{"1":30},1.000000,0.000000,0.000000,0.000000,1.000000,0.000000,-1.000000
0.050320368,5,43,snapshot,1024,2735,0.988665,0.996496,0.988665,{"1":8173,"2":19},0.987934,0.012066,0.000000,0.000000,0.987934,0.000731,0.060606
0.050320368,5,43,read_only,4096,8,1.000000,1.000000,1.000000,{"1":30},1.000000,0.000000,0.000000,0.000000,1.000000,0.000000,-1.000000
0.050320368,5,43,union,4096,8,1.000000,1.000000,1.000000,{"1":30},1.000000,0.000000,0.000000,0.000000,1.000000,0.000000,-1.000000
0.050320368,5,43,snapshot,4096,786,0.974555,0.995409,0.974555,{"1":8173,"2":19},0.974555,0.024173,0.001272,0.000000,0.974555,0.000000,0.000000
0.050320368,5,43,read_only,16384,5,1.000000,1.000000,1.000000,{"1":30},1.000000,0.000000,0.000000,0.000000,1.000000,0.000000,-1.000000
0.050320368,5,43,union,16384,5,1.000000,1.000000,1.000000,{"1":30},1.000000,0.000000,0.000000,0.000000,1.000000,0.000000,-1.000000
0.050320368,5,43,snapshot,16384,224,0.910714,0.975559,0.910714,{"1":8173,"2":19},0.910714,0.084821,0.004464,0.000000,0.910714,0.000000,0.000000
0.050575645,5,44,read_only,64,58,1.000000,1.000000,1.000000,{"1":58},1.000000,0.000000,0.000000,0.000000,1.000000,0.000000,-1.000000
0.050575645,5,44,union,64,58,1.000000,1.000000,1.000000,{"1":58},1.000000,0.000000,0.000000,0.000000,1.000000,0.000000,-1.000000
0.050575645,5,44,snapshot,64,8192,1.000000,1.000000,1.000000,{"1":8174,"2":18},0.997803,0.002197,0.000000,0.000000,0.997803,0.002197,1.000000
0.050575645,5,44,read_only,256,58,1.000000,1.000000,1.000000,{"1":58},1.000000,0.000000,0.000000,0.000000,1.000000,0.000000,-1.000000
0.050575645,5,44,union,256,58,1.000000,1.000000,1.000000,{"1":58},1.000000,0.000000,0.000000,0.000000,1.000000,0.000000,-1.000000
0.050575645,5,44,snapshot,256,8192,1.000000,1.000000,1.000000,{"1":8174,"2":18},0.997803,0.002197,0.000000,0.000000,0.997803,0.002197,1.000000
0.050575645,5,44,read_only,1024,40,1.000000,1.000000,1.000000,{"1":58},1.000000,0.000000,0.000000,0.000000,1.000000,0.000000,-1.000000
0.050575645,5,44,union,1024,40,1.000000,1.000000,1.000000,{"1":58},1.000000,0.000000,0.000000,0.000000,1.000000,0.000000,-1.000000
0.050575645,5,44,snapshot,1024,2731,0.987917,0.996064,0.987917,{"1":8174,"2":18},0.987184,0.012816,0.000000,0.000000,0.987184,0.000732,0.057143
0.050575645,5,44,read_only,4096,23,1.000000,1.000000,1.000000,{"1":58},1.000000,0.000000,0.000000,0.000000,1.000000,0.000000,-1.000000
0.050575645,5,44,union,4096,23,1.000000,1.000000,1.000000,{"1":58},1.000000,0.000000,0.000000,0.000000,1.000000,0.000000,-1.000000
0.050575645,5,44,snapshot,4096,786,0.974555,0.995093,0.974555,{"1":8174,"2":18},0.974555,0.024173,0.001272,0.000000,0.974555,0.000000,0.000000
0.050575645,5,44,read_only,16384,14,1.000000,1.000000,1.000000,{"1":58},1.000000,0.000000,0.000000,0.000000,1.000000,0.000000,-1.000000
0.050575645,5,44,union,16384,14,1.000000,1.000000,1.000000,{"1":58},1.000000,0.000000,0.000000,0.000000,1.000000,0.000000,-1.000000
0.050575645,5,44,snapshot,16384,225,0.906667,0.974157,0.906667,{"1":8174,"2":18},0.906667,0.088889,0.004444,0.000000,0.906667,0.000000,0.000000
0.050840775,5,45,read_only,64,5,1.000000,1.000000,1.000000,{"1":5},1.000000,0.000000,0.000000,0.000000,1.000000,0.000000,-1.000000
0.050840775,5,45,union,64,5,1.000000,1.000000,1.000000,{"1":5},1.000000,0.000000,0.000000,0.000000,1.000000,0.000000,-1.000000
0.050840775,5,45,snapshot,64,8192,1.000000,1.000000,1.000000,{"1":8174,"2":18},0.997803,0.002197,0.000000,0.000000,0.997803,0.002197,1.000000
0.050840775,5,45,read_only,256,5,1.000000,1.000000,1.000000,{"1":5},1.000000,0.000000,0.000000,0.000000,1.000000,0.000000,-1.000000
0.050840775,5,45,union,256,5,1.000000,1.000000,1.000000,{"1":5},1.000000,0.000000,0.000000,0.000000,1.000000,0.000000,-1.000000
0.050840775,5,45,snapshot,256,8192,1.000000,1.000000,1.000000,{"1":8174,"2":18},0.997803,0.002197,0.000000,0.000000,0.997803,0.002197,1.000000
0.050840775,5,45,read_only,1024,3,1.000000,1.000000,1.000000,{"1":5},1.000000,0.000000,0.000000,0.000000,1.000000,0.000000,-1.000000
0.050840775,5,45,union,1024,3,1.000000,1.000000,1.000000,{"1":5},1.000000,0.000000,0.000000,0.000000,1.000000,0.000000,-1.000000
0.050840775,5,45,snapshot,1024,2731,0.987917,0.996064,0.987917,{"1":8174,"2":18},0.987184,0.012816,0.000000,0.000000,0.987184,0.000732,0.057143
0.050840775,5,45,read_only,4096,2,1.000000,1.000000,1.000000,{"1":5},1.000000,0.000000,0.000000,0.000000,1.000000,0.000000,-1.000000
0.050840775,5,45,union,4096,2,1.000000,1.000000,1.000000,{"1":5},1.000000,0.000000,0.000000,0.000000,1.000000,0.000000,-1.000000
0.050840775,5,45,snapshot,4096,787,0.974587,0.995099,0.974587,{"1":8174,"2":18},0.974587,0.024142,0.001271,0.000000,0.974587,0.000000,0.000000
0.050840775,5,45,read_only,16384,2,1.000000,1.000000,1.000000,{"1":5},1.000000,0.000000,0.000000,0.000000,1.000000,0.000000,-1.000000
0.050840775,5,45,union,16384,2,1.000000,1.000000,1.000000,{"1":5},1.000000,0.000000,0.000000,0.000000,1.000000,0.000000,-1.000000
0.050840775,5,45,snapshot,16384,225,0.902222,0.973850,0.902222,{"1":8174,"2":18},0.902222,0.093333,0.004444,0.000000,0.902222,0.000000,0.000000
0.051096088,5,46,read_only,64,8,1.000000,1.000000,1.000000,{"1":8},1.000000,0.000000,0.000000,0.000000,1.000000,0.000000,-1.000000
0.051096088,5,46,union,64,8,1.000000,1.000000,1.000000,{"1":8},1.000000,0.000000,0.000000,0.000000,1.000000,0.000000,-1.000000
0.051096088,5,46,snapshot,64,8192,1.000000,1.000000,1.000000,{"1":8174,"2":18},0.997803,0.002197,0.000000,0.000000,0.997803,0.002197,1.000000
0.051096088,5,46,read_only,256,8,1.000000,1.000000,1.000000,{"1":8},1.000000,0.000000,0.000000,0.000000,1.000000,0.000000,-1.000000
0.051096088,5,46,union,256,8,1.000000,1.000000,1.000000,{"1":8},1.000000,0.000000,0.000000,0.000000,1.000000,0.000000,-1.000000
0.051096088,5,46,snapshot,256,8192,1.000000,1.000000,1.000000,{"1":8174,"2":18},0.997803,0.002197,0.000000,0.000000,0.997803,0.002197,1.000000
0.051096088,5,46,read_only,1024,5,1.000000,1.000000,1.000000,{"1":8},1.000000,0.000000,0.000000,0.000000,1.000000,0.000000,-1.000000
0.051096088,5,46,union,1024,5,1.000000,1.000000,1.000000,{"1":8},1.000000,0.000000,0.000000,0.000000,1.000000,0.000000,-1.000000
0.051096088,5,46,snapshot,1024,2732,0.987921,0.996065,0.987921,{"1":8174,"2":18},0.987189,0.012811,0.000000,0.000000,0.987189,0.000732,0.057143
0.051096088,5,46,read_only,4096,4,1.000000,1.000000,1.000000,{"1":8},1.000000,0.000000,0.000000,0.000000,1.000000,0.000000,-1.000000
0.051096088,5,46,union,4096,4,1.000000,1.000000,1.000000,{"1":8},1.000000,0.000000,0.000000,0.000000,1.000000,0.000000,-1.000000
0.051096088,5,46,snapshot,4096,788,0.974619,0.995105,0.974619,{"1":8174,"2":18},0.974619,0.024112,0.001269,0.000000,0.974619,0.000000,0.000000
0.051096088,5,46,read_only,16384,4,1.000000,1.000000,1.000000,{"1":8},1.000000,0.000000,0.000000,0.000000,1.000000,0.000000,-1.000000
0.051096088,5,46,union,16384,4,1.000000,1.000000,1.000000,{"1":8},1.000000,0.000000,0.000000,0.000000,1.000000,0.000000,-1.000000
0.051096088,5,46,snapshot,16384,226,0.902655,0.973700,0.902655,{"1":8174,"2":18},0.902655,0.092920,0.004425,0.000000,0.902655,0.000000,0.000000
0.051372421,5,47,read_only,64,23,1.000000,1.000000,1.000000,{"1":23},1.000000,0.000000,0.000000,0.000000,1.000000,0.000000,-1.000000
0.051372421,5,47,union,64,23,1.000000,1.000000,1.000000,{"1":23},1.000000,0.000000,0.000000,0.000000,1.000000,0.000000,-1.000000
0.051372421,5,47,read_only,256,23,1.000000,1.000000,1.000000,{"1":23},1.000000,0.000000,0.000000,0.000000,1.000000,0.000000,-1.000000
0.051372421,5,47,union,256,23,1.000000,1.000000,1.000000,{"1":23},1.000000,0.000000,0.000000,0.000000,1.000000,0.000000,-1.000000
0.051372421,5,47,read_only,1024,17,1.000000,1.000000,1.000000,{"1":23},1.000000,0.000000,0.000000,0.000000,1.000000,0.000000,-1.000000
0.051372421,5,47,union,1024,17,1.000000,1.000000,1.000000,{"1":23},1.000000,0.000000,0.000000,0.000000,1.000000,0.000000,-1.000000
0.051372421,5,47,read_only,4096,7,1.000000,1.000000,1.000000,{"1":23},1.000000,0.000000,0.000000,0.000000,1.000000,0.000000,-1.000000
0.051372421,5,47,union,4096,7,1.000000,1.000000,1.000000,{"1":23},1.000000,0.000000,0.000000,0.000000,1.000000,0.000000,-1.000000
0.051372421,5,47,read_only,16384,4,1.000000,1.000000,1.000000,{"1":23},1.000000,0.000000,0.000000,0.000000,1.000000,0.000000,-1.000000
0.051372421,5,47,union,16384,4,1.000000,1.000000,1.000000,{"1":23},1.000000,0.000000,0.000000,0.000000,1.000000,0.000000,-1.000000
0.051670049,5,48,read_only,64,336,1.000000,1.000000,1.000000,{"1":336},1.000000,0.000000,0.000000,0.000000,1.000000,0.000000,-1.000000
0.051670049,5,48,union,64,336,1.000000,1.000000,1.000000,{"1":336},1.000000,0.000000,0.000000,0.000000,1.000000,0.000000,-1.000000
0.051670049,5,48,snapshot,64,240,1.000000,1.000000,1.000000,{"1":240},1.000000,0.000000,0.000000,0.000000,1.000000,0.000000,-1.000000
0.051670049,5,48,read_only,256,336,1.000000,1.000000,1.000000,{"1":336},1.000000,0.000000,0.000000,0.000000,1.000000,0.000000,-1.000000
0.051670049,5,48,union,256,336,1.000000,1.000000,1.000000,{"1":336},1.000000,0.000000,0.000000,0.000000,1.000000,0.000000,-1.000000
0.051670049,5,48,snapshot,256,240,1.000000,1.000000,1.000000,{"1":240},1.000000,0.000000,0.000000,0.000000,1.000000,0.000000,-1.000000
0.051670049,5,48,read_only,1024,84,1.000000,1.000000,1.000000,{"1":336},1.000000,0.000000,0.000000,0.000000,1.000000,0.000000,-1.000000
0.051670049,5,48,union,1024,84,1.000000,1.000000,1.000000,{"1":336},1.000000,0.000000,0.000000,0.000000,1.000000,0.000000,-1.000000
0.051670049,5,48,snapshot,1024,60,1.000000,1.000000,1.000000,{"1":240},1.000000,0.000000,0.000000,0.000000,1.000000,0.000000,-1.000000
0.051670049,5,48,read_only,4096,21,1.000000,1.000000,1.000000,{"1":336},1.000000,0.000000,0.000000,0.000000,1.000000,0.000000,-1.000000
0.051670049,5,48,union,4096,21,1.000000,1.000000,1.000000,{"1":336},1.000000,0.000000,0.000000,0.000000,1.000000,0.000000,-1.000000
0.051670049,5,48,snapshot,4096,15,1.000000,1.000000,1.000000,{"1":240},1.000000,0.000000,0.000000,0.000000,1.000000,0.000000,-1.000000
0.051670049,5,48,read_only,16384,9,0.666667,0.879630,0.666667,{"1":336},0.666667,0.222222,0.111111,0.000000,0.666667,0.000000,0.000000
0.051670049,5,48,union,16384,9,0.666667,0.879630,0.666667,{"1":336},0.666667,0.222222,0.111111,0.000000,0.666667,0.000000,0.000000
0.051670049,5,48,snapshot,16384,6,0.666667,0.875000,0.666667,{"1":240},0.666667,0.166667,0.166667,0.000000,0.666667,0.000000,0.000000
0.051898694,5,49,snapshot,64,240,1.000000,1.000000,1.000000,{"1":240},1.000000,0.000000,0.000000,0.000000,1.000000,0.000000,-1.000000
0.051898694,5,49,snapshot,256,240,1.000000,1.000000,1.000000,{"1":240},1.000000,0.000000,0.000000,0.000000,1.000000,0.000000,-1.000000
0.051898694,5,49,snapshot,1024,60,1.000000,1.000000,1.000000,{"1":240},1.000000,0.000000,0.000000,0.000000,1.000000,0.000000,-1.000000
0.051898694,5,49,snapshot,4096,15,1.000000,1.000000,1.000000,{"1":240},1.000000,0.000000,0.000000,0.000000,1.000000,0.000000,-1.000000
0.051898694,5,49,snapshot,16384,6,0.666667,0.875000,0.666667,{"1":240},0.666667,0.166667,0.166667,0.000000,0.666667,0.000000,0.000000
0.052273086,5,50,read_only,64,608,1.000000,1.000000,1.000000,{"1":608},1.000000,0.000000,0.000000,0.000000,1.000000,0.000000,-1.000000
0.052273086,5,50,union,64,608,1.000000,1.000000,1.000000,{"1":608},1.000000,0.000000,0.000000,0.000000,1.000000,0.000000,-1.000000
0.052273086,5,50,snapshot,64,848,1.000000,1.000000,1.000000,{"1":848},1.000000,0.000000,0.000000,0.000000,1.000000,0.000000,-1.000000
0.052273086,5,50,read_only,256,608,1.000000,1.000000,1.000000,{"1":608},1.000000,0.000000,0.000000,0.000000,1.000000,0.000000,-1.000000
0.052273086,5,50,union,256,608,1.000000,1.000000,1.000000,{"1":608},1.000000,0.000000,0.000000,0.000000,1.000000,0.000000,-1.000000
0.052273086,5,50,snapshot,256,848,1.000000,1.000000,1.000000,{"1":848},1.000000,0.000000,0.000000,0.000000,1.000000,0.000000,-1.000000
0.052273086,5,50,read_only,1024,152,1.000000,1.000000,1.000000,{"1":608},1.000000,0.000000,0.000000,0.000000,1.000000,0.000000,-1.000000
0.052273086,5,50,union,1024,152,1.000000,1.000000,1.000000,{"1":608},1.000000,0.000000,0.000000,0.000000,1.000000,0.000000,-1.000000
0.052273086,5,50,snapshot,1024,212,1.000000,1.000000,1.000000,{"1":848},1.000000,0.000000,0.000000,0.000000,1.000000,0.000000,-1.000000
0.052273086,5,50,read_only,4096,38,1.000000,1.000000,1.000000,{"1":608},1.000000,0.000000,0.000000,0.000000,1.000000,0.000000,-1.000000
0.052273086,5,50,union,4096,38,1.000000,1.000000,1.000000,{"1":608},1.000000,0.000000,0.000000,0.000000,1.000000,0.000000,-1.000000
0.052273086,5,50,snapshot,4096,53,1.000000,1.000000,1.000000,{"1":848},1.000000,0.000000,0.000000,0.000000,1.000000,0.000000,-1.000000
0.052273086,5,50,read_only,16384,13,0.692308,0.897436,0.692308,{"1":608},0.692308,0.307692,0.000000,0.000000,0.692308,0.000000,0.000000
0.052273086,5,50,union,16384,13,0.692308,0.897436,0.692308,{"1":608},0.692308,0.307692,0.000000,0.000000,0.692308,0.000000,0.000000
0.052273086,5,50,snapshot,16384,18,0.666667,0.884259,0.666667,{"1":848},0.666667,0.277778,0.055556,0.000000,0.666667,0.000000,0.000000
0.052543614,5,51,snapshot,64,848,1.000000,1.000000,1.000000,{"1":848},1.000000,0.000000,0.000000,0.000000,1.000000,0.000000,-1.000000
0.052543614,5,51,snapshot,256,848,1.000000,1.000000,1.000000,{"1":848},1.000000,0.000000,0.000000,0.000000,1.000000,0.000000,-1.000000
0.052543614,5,51,snapshot,1024,212,1.000000,1.000000,1.000000,{"1":848},1.000000,0.000000,0.000000,0.000000,1.000000,0.000000,-1.000000
0.052543614,5,51,snapshot,4096,53,1.000000,1.000000,1.000000,{"1":848},1.000000,0.000000,0.000000,0.000000,1.000000,0.000000,-1.000000
0.052543614,5,51,snapshot,16384,18,0.666667,0.884259,0.666667,{"1":848},0.666667,0.277778,0.055556,0.000000,0.666667,0.000000,0.000000
0.052979568,5,52,read_only,64,14,1.000000,1.000000,1.000000,{"1":14},1.000000,0.000000,0.000000,0.000000,1.000000,0.000000,-1.000000
0.052979568,5,52,union,64,14,1.000000,1.000000,1.000000,{"1":14},1.000000,0.000000,0.000000,0.000000,1.000000,0.000000,-1.000000
0.052979568,5,52,snapshot,64,862,1.000000,1.000000,1.000000,{"1":862},1.000000,0.000000,0.000000,0.000000,1.000000,0.000000,-1.000000
0.052979568,5,52,read_only,256,14,1.000000,1.000000,1.000000,{"1":14},1.000000,0.000000,0.000000,0.000000,1.000000,0.000000,-1.000000
0.052979568,5,52,union,256,14,1.000000,1.000000,1.000000,{"1":14},1.000000,0.000000,0.000000,0.000000,1.000000,0.000000,-1.000000
0.052979568,5,52,snapshot,256,862,1.000000,1.000000,1.000000,{"1":862},1.000000,0.000000,0.000000,0.000000,1.000000,0.000000,-1.000000
0.052979568,5,52,read_only,1024,4,1.000000,1.000000,1.000000,{"1":14},1.000000,0.000000,0.000000,0.000000,1.000000,0.000000,-1.000000
0.052979568,5,52,union,1024,4,1.000000,1.000000,1.000000,{"1":14},1.000000,0.000000,0.000000,0.000000,1.000000,0.000000,-1.000000
0.052979568,5,52,snapshot,1024,216,1.000000,1.000000,1.000000,{"1":862},1.000000,0.000000,0.000000,0.000000,1.000000,0.000000,-1.000000
0.052979568,5,52,read_only,4096,1,1.000000,1.000000,1.000000,{"1":14},1.000000,0.000000,0.000000,0.000000,1.000000,0.000000,-1.000000
0.052979568,5,52,union,4096,1,1.000000,1.000000,1.000000,{"1":14},1.000000,0.000000,0.000000,0.000000,1.000000,0.000000,-1.000000
0.052979568,5,52,snapshot,4096,54,1.000000,1.000000,1.000000,{"1":862},1.000000,0.000000,0.000000,0.000000,1.000000,0.000000,-1.000000
0.052979568,5,52,read_only,16384,1,1.000000,1.000000,1.000000,{"1":14},1.000000,0.000000,0.000000,0.000000,1.000000,0.000000,-1.000000
0.052979568,5,52,union,16384,1,1.000000,1.000000,1.000000,{"1":14},1.000000,0.000000,0.000000,0.000000,1.000000,0.000000,-1.000000
0.052979568,5,52,snapshot,16384,19,0.684211,0.890351,0.684211,{"1":862},0.684211,0.263158,0.052632,0.000000,0.684211,0.000000,0.000000
0.053242495,5,53,snapshot,64,862,1.000000,1.000000,1.000000,{"1":862},1.000000,0.000000,0.000000,0.000000,1.000000,0.000000,-1.000000
0.053242495,5,53,snapshot,256,862,1.000000,1.000000,1.000000,{"1":862},1.000000,0.000000,0.000000,0.000000,1.000000,0.000000,-1.000000
0.053242495,5,53,snapshot,1024,216,1.000000,1.000000,1.000000,{"1":862},1.000000,0.000000,0.000000,0.000000,1.000000,0.000000,-1.000000
0.053242495,5,53,snapshot,4096,54,1.000000,1.000000,1.000000,{"1":862},1.000000,0.000000,0.000000,0.000000,1.000000,0.000000,-1.000000
0.053242495,5,53,snapshot,16384,19,0.684211,0.890351,0.684211,{"1":862},0.684211,0.263158,0.052632,0.000000,0.684211,0.000000,0.000000
0.054118049,5,54,read_only,64,1,1.000000,1.000000,1.000000,{"1":1},1.000000,0.000000,0.000000,0.000000,1.000000,0.000000,-1.000000
0.054118049,5,54,union,64,1,1.000000,1.000000,1.000000,{"1":1},1.000000,0.000000,0.000000,0.000000,1.000000,0.000000,-1.000000
0.054118049,5,54,snapshot,64,863,1.000000,1.000000,1.000000,{"1":863},1.000000,0.000000,0.000000,0.000000,1.000000,0.000000,-1.000000
0.054118049,5,54,read_only,256,1,1.000000,1.000000,1.000000,{"1":1},1.000000,0.000000,0.000000,0.000000,1.000000,0.000000,-1.000000
0.054118049,5,54,union,256,1,1.000000,1.000000,1.000000,{"1":1},1.000000,0.000000,0.000000,0.000000,1.000000,0.000000,-1.000000
0.054118049,5,54,snapshot,256,863,1.000000,1.000000,1.000000,{"1":863},1.000000,0.000000,0.000000,0.000000,1.000000,0.000000,-1.000000
0.054118049,5,54,read_only,1024,1,1.000000,1.000000,1.000000,{"1":1},1.000000,0.000000,0.000000,0.000000,1.000000,0.000000,-1.000000
0.054118049,5,54,union,1024,1,1.000000,1.000000,1.000000,{"1":1},1.000000,0.000000,0.000000,0.000000,1.000000,0.000000,-1.000000
0.054118049,5,54,snapshot,1024,217,1.000000,1.000000,1.000000,{"1":863},1.000000,0.000000,0.000000,0.000000,1.000000,0.000000,-1.000000
0.054118049,5,54,read_only,4096,1,1.000000,1.000000,1.000000,{"1":1},1.000000,0.000000,0.000000,0.000000,1.000000,0.000000,-1.000000
0.054118049,5,54,union,4096,1,1.000000,1.000000,1.000000,{"1":1},1.000000,0.000000,0.000000,0.000000,1.000000,0.000000,-1.000000
0.054118049,5,54,snapshot,4096,55,1.000000,1.000000,1.000000,{"1":863},1.000000,0.000000,0.000000,0.000000,1.000000,0.000000,-1.000000
0.054118049,5,54,read_only,16384,1,1.000000,1.000000,1.000000,{"1":1},1.000000,0.000000,0.000000,0.000000,1.000000,0.000000,-1.000000
0.054118049,5,54,union,16384,1,1.000000,1.000000,1.000000,{"1":1},1.000000,0.000000,0.000000,0.000000,1.000000,0.000000,-1.000000
0.054118049,5,54,snapshot,16384,20,0.700000,0.895833,0.700000,{"1":863},0.700000,0.250000,0.050000,0.000000,0.700000,0.000000,0.000000
0.054349595,5,55,snapshot,64,863,1.000000,1.000000,1.000000,{"1":863},1.000000,0.000000,0.000000,0.000000,1.000000,0.000000,-1.000000
0.054349595,5,55,snapshot,256,863,1.000000,1.000000,1.000000,{"1":863},1.000000,0.000000,0.000000,0.000000,1.000000,0.000000,-1.000000
0.054349595,5,55,snapshot,1024,217,1.000000,1.000000,1.000000,{"1":863},1.000000,0.000000,0.000000,0.000000,1.000000,0.000000,-1.000000
0.054349595,5,55,snapshot,4096,55,1.000000,1.000000,1.000000,{"1":863},1.000000,0.000000,0.000000,0.000000,1.000000,0.000000,-1.000000
0.054349595,5,55,snapshot,16384,20,0.700000,0.895833,0.700000,{"1":863},0.700000,0.250000,0.050000,0.000000,0.700000,0.000000,0.000000
0.054582872,5,56,read_only,64,14,1.000000,1.000000,1.000000,{"1":14},1.000000,0.000000,0.000000,0.000000,1.000000,0.000000,-1.000000
0.054582872,5,56,union,64,14,1.000000,1.000000,1.000000,{"1":14},1.000000,0.000000,0.000000,0.000000,1.000000,0.000000,-1.000000
0.054582872,5,56,snapshot,64,877,1.000000,1.000000,1.000000,{"1":877},1.000000,0.000000,0.000000,0.000000,1.000000,0.000000,-1.000000
0.054582872,5,56,read_only,256,14,1.000000,1.000000,1.000000,{"1":14},1.000000,0.000000,0.000000,0.000000,1.000000,0.000000,-1.000000
0.054582872,5,56,union,256,14,1.000000,1.000000,1.000000,{"1":14},1.000000,0.000000,0.000000,0.000000,1.000000,0.000000,-1.000000
0.054582872,5,56,snapshot,256,877,1.000000,1.000000,1.000000,{"1":877},1.000000,0.000000,0.000000,0.000000,1.000000,0.000000,-1.000000
0.054582872,5,56,read_only,1024,4,1.000000,1.000000,1.000000,{"1":14},1.000000,0.000000,0.000000,0.000000,1.000000,0.000000,-1.000000
0.054582872,5,56,union,1024,4,1.000000,1.000000,1.000000,{"1":14},1.000000,0.000000,0.000000,0.000000,1.000000,0.000000,-1.000000
0.054582872,5,56,snapshot,1024,221,1.000000,1.000000,1.000000,{"1":877},1.000000,0.000000,0.000000,0.000000,1.000000,0.000000,-1.000000
0.054582872,5,56,read_only,4096,1,1.000000,1.000000,1.000000,{"1":14},1.000000,0.000000,0.000000,0.000000,1.000000,0.000000,-1.000000
0.054582872,5,56,union,4096,1,1.000000,1.000000,1.000000,{"1":14},1.000000,0.000000,0.000000,0.000000,1.000000,0.000000,-1.000000
0.054582872,5,56,snapshot,4096,56,1.000000,1.000000,1.000000,{"1":877},1.000000,0.000000,0.000000,0.000000,1.000000,0.000000,-1.000000
0.054582872,5,56,read_only,16384,1,1.000000,1.000000,1.000000,{"1":14},1.000000,0.000000,0.000000,0.000000,1.000000,0.000000,-1.000000
0.054582872,5,56,union,16384,1,1.000000,1.000000,1.000000,{"1":14},1.000000,0.000000,0.000000,0.000000,1.000000,0.000000,-1.000000
0.054582872,5,56,snapshot,16384,21,0.714286,0.900794,0.714286,{"1":877},0.714286,0.238095,0.047619,0.000000,0.714286,0.000000,0.000000
0.054883725,5,57,snapshot,64,877,1.000000,1.000000,1.000000,{"1":877},1.000000,0.000000,0.000000,0.000000,1.000000,0.000000,-1.000000
0.054883725,5,57,snapshot,256,877,1.000000,1.000000,1.000000,{"1":877},1.000000,0.000000,0.000000,0.000000,1.000000,0.000000,-1.000000
0.054883725,5,57,snapshot,1024,221,1.000000,1.000000,1.000000,{"1":877},1.000000,0.000000,0.000000,0.000000,1.000000,0.000000,-1.000000
0.054883725,5,57,snapshot,4096,56,1.000000,1.000000,1.000000,{"1":877},1.000000,0.000000,0.000000,0.000000,1.000000,0.000000,-1.000000
0.054883725,5,57,snapshot,16384,21,0.714286,0.900794,0.714286,{"1":877},0.714286,0.238095,0.047619,0.000000,0.714286,0.000000,0.000000
0.055126236,5,58,read_only,64,15,1.000000,1.000000,1.000000,{"1":15},1.000000,0.000000,0.000000,0.000000,1.000000,0.000000,-1.000000
0.055126236,5,58,union,64,15,1.000000,1.000000,1.000000,{"1":15},1.000000,0.000000,0.000000,0.000000,1.000000,0.000000,-1.000000
0.055126236,5,58,snapshot,64,892,1.000000,1.000000,1.000000,{"1":892},1.000000,0.000000,0.000000,0.000000,1.000000,0.000000,-1.000000
0.055126236,5,58,read_only,256,15,1.000000,1.000000,1.000000,{"1":15},1.000000,0.000000,0.000000,0.000000,1.000000,0.000000,-1.000000
0.055126236,5,58,union,256,15,1.000000,1.000000,1.000000,{"1":15},1.000000,0.000000,0.000000,0.000000,1.000000,0.000000,-1.000000
0.055126236,5,58,snapshot,256,892,1.000000,1.000000,1.000000,{"1":892},1.000000,0.000000,0.000000,0.000000,1.000000,0.000000,-1.000000
0.055126236,5,58,read_only,1024,5,1.000000,1.000000,1.000000,{"1":15},1.000000,0.000000,0.000000,0.000000,1.000000,0.000000,-1.000000
0.055126236,5,58,union,1024,5,1.000000,1.000000,1.000000,{"1":15},1.000000,0.000000,0.000000,0.000000,1.000000,0.000000,-1.000000
0.055126236,5,58,snapshot,1024,226,1.000000,1.000000,1.000000,{"1":892},1.000000,0.000000,0.000000,0.000000,1.000000,0.000000,-1.000000
0.055126236,5,58,read_only,4096,2,1.000000,1.000000,1.000000,{"1":15},1.000000,0.000000,0.000000,0.000000,1.000000,0.000000,-1.000000
0.055126236,5,58,union,4096,2,1.000000,1.000000,1.000000,{"1":15},1.000000,0.000000,0.000000,0.000000,1.000000,0.000000,-1.000000
0.055126236,5,58,snapshot,4096,58,1.000000,1.000000,1.000000,{"1":892},1.000000,0.000000,0.000000,0.000000,1.000000,0.000000,-1.000000
0.055126236,5,58,read_only,16384,1,1.000000,1.000000,1.000000,{"1":15},1.000000,0.000000,0.000000,0.000000,1.000000,0.000000,-1.000000
0.055126236,5,58,union,16384,1,1.000000,1.000000,1.000000,{"1":15},1.000000,0.000000,0.000000,0.000000,1.000000,0.000000,-1.000000
0.055126236,5,58,snapshot,16384,22,0.727273,0.905303,0.727273,{"1":892},0.727273,0.227273,0.045455,0.000000,0.727273,0.000000,0.000000
0.055404173,5,59,read_only,64,144,1.000000,1.000000,1.000000,{"1":144},1.000000,0.000000,0.000000,0.000000,1.000000,0.000000,-1.000000
0.055404173,5,59,union,64,144,1.000000,1.000000,1.000000,{"1":144},1.000000,0.000000,0.000000,0.000000,1.000000,0.000000,-1.000000
0.055404173,5,59,snapshot,64,1036,1.000000,1.000000,1.000000,{"1":1036},1.000000,0.000000,0.000000,0.000000,1.000000,0.000000,-1.000000
0.055404173,5,59,read_only,256,144,1.000000,1.000000,1.000000,{"1":144},1.000000,0.000000,0.000000,0.000000,1.000000,0.000000,-1.000000
0.055404173,5,59,union,256,144,1.000000,1.000000,1.000000,{"1":144},1.000000,0.000000,0.000000,0.000000,1.000000,0.000000,-1.000000
0.055404173,5,59,snapshot,256,1036,1.000000,1.000000,1.000000,{"1":1036},1.000000,0.000000,0.000000,0.000000,1.000000,0.000000,-1.000000
0.055404173,5,59,read_only,1024,36,1.000000,1.000000,1.000000,{"1":144},1.000000,0.000000,0.000000,0.000000,1.000000,0.000000,-1.000000
0.055404173,5,59,union,1024,36,1.000000,1.000000,1.000000,{"1":144},1.000000,0.000000,0.000000,0.000000,1.000000,0.000000,-1.000000
0.055404173,5,59,snapshot,1024,262,1.000000,1.000000,1.000000,{"1":1036},1.000000,0.000000,0.000000,0.000000,1.000000,0.000000,-1.000000
0.055404173,5,59,read_only,4096,9,1.000000,1.000000,1.000000,{"1":144},1.000000,0.000000,0.000000,0.000000,1.000000,0.000000,-1.000000
0.055404173,5,59,union,4096,9,1.000000,1.000000,1.000000,{"1":144},1.000000,0.000000,0.000000,0.000000,1.000000,0.000000,-1.000000
0.055404173,5,59,snapshot,4096,67,1.000000,1.000000,1.000000,{"1":1036},1.000000,0.000000,0.000000,0.000000,1.000000,0.000000,-1.000000
0.055404173,5,59,read_only,16384,3,0.666667,0.916667,0.666667,{"1":144},0.666667,0.333333,0.000000,0.000000,0.666667,0.000000,0.000000
0.055404173,5,59,union,16384,3,0.666667,0.916667,0.666667,{"1":144},0.666667,0.333333,0.000000,0.000000,0.666667,0.000000,0.000000
0.055404173,5,59,snapshot,16384,25,0.720000,0.906667,0.720000,{"1":1036},0.720000,0.240000,0.040000,0.000000,0.720000,0.000000,0.000000
0.056400055,5,62,read_only,64,784,1.000000,1.000000,1.000000,{"1":784},1.000000,0.000000,0.000000,0.000000,1.000000,0.000000,-1.000000
0.056400055,5,62,union,64,784,1.000000,1.000000,1.000000,{"1":784},1.000000,0.000000,0.000000,0.000000,1.000000,0.000000,-1.000000
0.056400055,5,62,snapshot,64,784,1.000000,1.000000,1.000000,{"1":784},1.000000,0.000000,0.000000,0.000000,1.000000,0.000000,-1.000000
0.056400055,5,62,read_only,256,784,1.000000,1.000000,1.000000,{"1":784},1.000000,0.000000,0.000000,0.000000,1.000000,0.000000,-1.000000
0.056400055,5,62,union,256,784,1.000000,1.000000,1.000000,{"1":784},1.000000,0.000000,0.000000,0.000000,1.000000,0.000000,-1.000000
0.056400055,5,62,snapshot,256,784,1.000000,1.000000,1.000000,{"1":784},1.000000,0.000000,0.000000,0.000000,1.000000,0.000000,-1.000000
0.056400055,5,62,read_only,1024,196,1.000000,1.000000,1.000000,{"1":784},1.000000,0.000000,0.000000,0.000000,1.000000,0.000000,-1.000000
0.056400055,5,62,union,1024,196,1.000000,1.000000,1.000000,{"1":784},1.000000,0.000000,0.000000,0.000000,1.000000,0.000000,-1.000000
0.056400055,5,62,snapshot,1024,196,1.000000,1.000000,1.000000,{"1":784},1.000000,0.000000,0.000000,0.000000,1.000000,0.000000,-1.000000
0.056400055,5,62,read_only,4096,49,1.000000,1.000000,1.000000,{"1":784},1.000000,0.000000,0.000000,0.000000,1.000000,0.000000,-1.000000
0.056400055,5,62,union,4096,49,1.000000,1.000000,1.000000,{"1":784},1.000000,0.000000,0.000000,0.000000,1.000000,0.000000,-1.000000
0.056400055,5,62,snapshot,4096,49,1.000000,1.000000,1.000000,{"1":784},1.000000,0.000000,0.000000,0.000000,1.000000,0.000000,-1.000000
0.056400055,5,62,read_only,16384,15,0.800000,0.916667,0.800000,{"1":784},0.800000,0.200000,0.000000,0.000000,0.800000,0.000000,0.000000
0.056400055,5,62,union,16384,15,0.800000,0.916667,0.800000,{"1":784},0.800000,0.200000,0.000000,0.000000,0.800000,0.000000,0.000000
0.056400055,5,62,snapshot,16384,15,0.800000,0.916667,0.800000,{"1":784},0.800000,0.200000,0.000000,0.000000,0.800000,0.000000,0.000000
0.056633723,5,63,snapshot,64,784,1.000000,1.000000,1.000000,{"1":784},1.000000,0.000000,0.000000,0.000000,1.000000,0.000000,-1.000000
0.056633723,5,63,snapshot,256,784,1.000000,1.000000,1.000000,{"1":784},1.000000,0.000000,0.000000,0.000000,1.000000,0.000000,-1.000000
0.056633723,5,63,snapshot,1024,196,1.000000,1.000000,1.000000,{"1":784},1.000000,0.000000,0.000000,0.000000,1.000000,0.000000,-1.000000
0.056633723,5,63,snapshot,4096,49,1.000000,1.000000,1.000000,{"1":784},1.000000,0.000000,0.000000,0.000000,1.000000,0.000000,-1.000000
0.056633723,5,63,snapshot,16384,15,0.800000,0.916667,0.800000,{"1":784},0.800000,0.200000,0.000000,0.000000,0.800000,0.000000,0.000000
0.057312611,5,64,read_only,64,254,1.000000,1.000000,1.000000,{"1":254},1.000000,0.000000,0.000000,0.000000,1.000000,0.000000,-1.000000
0.057312611,5,64,union,64,254,1.000000,1.000000,1.000000,{"1":254},1.000000,0.000000,0.000000,0.000000,1.000000,0.000000,-1.000000
0.057312611,5,64,snapshot,64,1038,1.000000,1.000000,1.000000,{"1":1038},1.000000,0.000000,0.000000,0.000000,1.000000,0.000000,-1.000000
0.057312611,5,64,read_only,256,254,1.000000,1.000000,1.000000,{"1":254},1.000000,0.000000,0.000000,0.000000,1.000000,0.000000,-1.000000
0.057312611,5,64,union,256,254,1.000000,1.000000,1.000000,{"1":254},1.000000,0.000000,0.000000,0.000000,1.000000,0.000000,-1.000000
0.057312611,5,64,snapshot,256,1038,1.000000,1.000000,1.000000,{"1":1038},1.000000,0.000000,0.000000,0.000000,1.000000,0.000000,-1.000000
0.057312611,5,64,read_only,1024,64,1.000000,1.000000,1.000000,{"1":254},1.000000,0.000000,0.000000,0.000000,1.000000,0.000000,-1.000000
0.057312611,5,64,union,1024,64,1.000000,1.000000,1.000000,{"1":254},1.000000,0.000000,0.000000,0.000000,1.000000,0.000000,-1.000000
0.057312611,5,64,snapshot,1024,260,1.000000,1.000000,1.000000,{"1":1038},1.000000,0.000000,0.000000,0.000000,1.000000,0.000000,-1.000000
0.057312611,5,64,read_only,4096,16,1.000000,1.000000,1.000000,{"1":254},1.000000,0.000000,0.000000,0.000000,1.000000,0.000000,-1.000000
0.057312611,5,64,union,4096,16,1.000000,1.000000,1.000000,{"1":254},1.000000,0.000000,0.000000,0.000000,1.000000,0.000000,-1.000000
0.057312611,5,64,snapshot,4096,65,1.000000,1.000000,1.000000,{"1":1038},1.000000,0.000000,0.000000,0.000000,1.000000,0.000000,-1.000000
0.057312611,5,64,read_only,16384,8,1.000000,1.000000,1.000000,{"1":254},1.000000,0.000000,0.000000,0.000000,1.000000,0.000000,-1.000000
0.057312611,5,64,union,16384,8,1.000000,1.000000,1.000000,{"1":254},1.000000,0.000000,0.000000,0.000000,1.000000,0.000000,-1.000000
0.057312611,5,64,snapshot,16384,20,0.800000,0.912500,0.800000,{"1":1038},0.800000,0.200000,0.000000,0.000000,0.800000,0.000000,0.000000
0.057578307,5,65,snapshot,64,1038,1.000000,1.000000,1.000000,{"1":1038},1.000000,0.000000,0.000000,0.000000,1.000000,0.000000,-1.000000
0.057578307,5,65,snapshot,256,1038,1.000000,1.000000,1.000000,{"1":1038},1.000000,0.000000,0.000000,0.000000,1.000000,0.000000,-1.000000
0.057578307,5,65,snapshot,1024,260,1.000000,1.000000,1.000000,{"1":1038},1.000000,0.000000,0.000000,0.000000,1.000000,0.000000,-1.000000
0.057578307,5,65,snapshot,4096,65,1.000000,1.000000,1.000000,{"1":1038},1.000000,0.000000,0.000000,0.000000,1.000000,0.000000,-1.000000
0.057578307,5,65,snapshot,16384,20,0.800000,0.912500,0.800000,{"1":1038},0.800000,0.200000,0.000000,0.000000,0.800000,0.000000,0.000000
0.058413629,5,66,read_only,64,1,1.000000,1.000000,1.000000,{"1":1},1.000000,0.000000,0.000000,0.000000,1.000000,0.000000,-1.000000
0.058413629,5,66,union,64,1,1.000000,1.000000,1.000000,{"1":1},1.000000,0.000000,0.000000,0.000000,1.000000,0.000000,-1.000000
0.058413629,5,66,snapshot,64,1039,1.000000,1.000000,1.000000,{"1":1039},1.000000,0.000000,0.000000,0.000000,1.000000,0.000000,-1.000000
0.058413629,5,66,read_only,256,1,1.000000,1.000000,1.000000,{"1":1},1.000000,0.000000,0.000000,0.000000,1.000000,0.000000,-1.000000
0.058413629,5,66,union,256,1,1.000000,1.000000,1.000000,{"1":1},1.000000,0.000000,0.000000,0.000000,1.000000,0.000000,-1.000000
0.058413629,5,66,snapshot,256,1039,1.000000,1.000000,1.000000,{"1":1039},1.000000,0.000000,0.000000,0.000000,1.000000,0.000000,-1.000000
0.058413629,5,66,read_only,1024,1,1.000000,1.000000,1.000000,{"1":1},1.000000,0.000000,0.000000,0.000000,1.000000,0.000000,-1.000000
0.058413629,5,66,union,1024,1,1.000000,1.000000,1.000000,{"1":1},1.000000,0.000000,0.000000,0.000000,1.000000,0.000000,-1.000000
0.058413629,5,66,snapshot,1024,261,1.000000,1.000000,1.000000,{"1":1039},1.000000,0.000000,0.000000,0.000000,1.000000,0.000000,-1.000000
0.058413629,5,66,read_only,4096,1,1.000000,1.000000,1.000000,{"1":1},1.000000,0.000000,0.000000,0.000000,1.000000,0.000000,-1.000000
0.058413629,5,66,union,4096,1,1.000000,1.000000,1.000000,{"1":1},1.000000,0.000000,0.000000,0.000000,1.000000,0.000000,-1.000000
0.058413629,5,66,snapshot,4096,66,1.000000,1.000000,1.000000,{"1":1039},1.000000,0.000000,0.000000,0.000000,1.000000,0.000000,-1.000000
0.058413629,5,66,read_only,16384,1,1.000000,1.000000,1.000000,{"1":1},1.000000,0.000000,0.000000,0.000000,1.000000,0.000000,-1.000000
0.058413629,5,66,union,16384,1,1.000000,1.000000,1.000000,{"1":1},1.000000,0.000000,0.000000,0.000000,1.000000,0.000000,-1.000000
0.058413629,5,66,snapshot,16384,21,0.809524,0.916667,0.809524,{"1":1039},0.809524,0.190476,0.000000,0.000000,0.809524,0.000000,0.000000
0.058647354,5,67,snapshot,64,1039,1.000000,1.000000,1.000000,{"1":1039},1.000000,0.000000,0.000000,0.000000,1.000000,0.000000,-1.000000
0.058647354,5,67,snapshot,256,1039,1.000000,1.000000,1.000000,{"1":1039},1.000000,0.000000,0.000000,0.000000,1.000000,0.000000,-1.000000
0.058647354,5,67,snapshot,1024,261,1.000000,1.000000,1.000000,{"1":1039},1.000000,0.000000,0.000000,0.000000,1.000000,0.000000,-1.000000
0.058647354,5,67,snapshot,4096,66,1.000000,1.000000,1.000000,{"1":1039},1.000000,0.000000,0.000000,0.000000,1.000000,0.000000,-1.000000
0.058647354,5,67,snapshot,16384,21,0.809524,0.916667,0.809524,{"1":1039},0.809524,0.190476,0.000000,0.000000,0.809524,0.000000,0.000000
0.058885434,5,68,snapshot,64,1039,1.000000,1.000000,1.000000,{"1":1039},1.000000,0.000000,0.000000,0.000000,1.000000,0.000000,-1.000000
0.058885434,5,68,snapshot,256,1039,1.000000,1.000000,1.000000,{"1":1039},1.000000,0.000000,0.000000,0.000000,1.000000,0.000000,-1.000000
0.058885434,5,68,snapshot,1024,261,1.000000,1.000000,1.000000,{"1":1039},1.000000,0.000000,0.000000,0.000000,1.000000,0.000000,-1.000000
0.058885434,5,68,snapshot,4096,66,1.000000,1.000000,1.000000,{"1":1039},1.000000,0.000000,0.000000,0.000000,1.000000,0.000000,-1.000000
0.058885434,5,68,snapshot,16384,21,0.809524,0.916667,0.809524,{"1":1039},0.809524,0.190476,0.000000,0.000000,0.809524,0.000000,0.000000
0.059191595,5,69,read_only,64,576,1.000000,1.000000,1.000000,{"1":576},1.000000,0.000000,0.000000,0.000000,1.000000,0.000000,-1.000000
0.059191595,5,69,union,64,576,1.000000,1.000000,1.000000,{"1":576},1.000000,0.000000,0.000000,0.000000,1.000000,0.000000,-1.000000
0.059191595,5,69,snapshot,64,1615,1.000000,1.000000,1.000000,{"1":1615},1.000000,0.000000,0.000000,0.000000,1.000000,0.000000,-1.000000
0.059191595,5,69,read_only,256,576,1.000000,1.000000,1.000000,{"1":576},1.000000,0.000000,0.000000,0.000000,1.000000,0.000000,-1.000000
0.059191595,5,69,union,256,576,1.000000,1.000000,1.000000,{"1":576},1.000000,0.000000,0.000000,0.000000,1.000000,0.000000,-1.000000
0.059191595,5,69,snapshot,256,1615,1.000000,1.000000,1.000000,{"1":1615},1.000000,0.000000,0.000000,0.000000,1.000000,0.000000,-1.000000
0.059191595,5,69,read_only,1024,144,1.000000,1.000000,1.000000,{"1":576},1.000000,0.000000,0.000000,0.000000,1.000000,0.000000,-1.000000
0.059191595,5,69,union,1024,144,1.000000,1.000000,1.000000,{"1":576},1.000000,0.000000,0.000000,0.000000,1.000000,0.000000,-1.000000
0.059191595,5,69,snapshot,1024,405,1.000000,1.000000,1.000000,{"1":1615},1.000000,0.000000,0.000000,0.000000,1.000000,0.000000,-1.000000
0.059191595,5,69,read_only,4096,36,1.000000,1.000000,1.000000,{"1":576},1.000000,0.000000,0.000000,0.000000,1.000000,0.000000,-1.000000
0.059191595,5,69,union,4096,36,1.000000,1.000000,1.000000,{"1":576},1.000000,0.000000,0.000000,0.000000,1.000000,0.000000,-1.000000
0.059191595,5,69,snapshot,4096,102,1.000000,1.000000,1.000000,{"1":1615},1.000000,0.000000,0.000000,0.000000,1.000000,0.000000,-1.000000
0.059191595,5,69,read_only,16384,10,0.800000,0.950000,0.800000,{"1":576},0.800000,0.200000,0.000000,0.000000,0.800000,0.000000,0.000000
0.059191595,5,69,union,16384,10,0.800000,0.950000,0.800000,{"1":576},0.800000,0.200000,0.000000,0.000000,0.800000,0.000000,0.000000
0.059191595,5,69,snapshot,16384,31,0.806452,0.927419,0.806452,{"1":1615},0.806452,0.193548,0.000000,0.000000,0.806452,0.000000,0.000000
0.059569450,5,70,read_only,64,273,1.000000,1.000000,1.000000,{"1":273},1.000000,0.000000,0.000000,0.000000,1.000000,0.000000,-1.000000
0.059569450,5,70,union,64,273,1.000000,1.000000,1.000000,{"1":273},1.000000,0.000000,0.000000,0.000000,1.000000,0.000000,-1.000000
0.059569450,5,70,snapshot,64,1888,1.000000,1.000000,1.000000,{"1":1888},1.000000,0.000000,0.000000,0.000000,1.000000,0.000000,-1.000000
0.059569450,5,70,read_only,256,273,1.000000,1.000000,1.000000,{"1":273},1.000000,0.000000,0.000000,0.000000,1.000000,0.000000,-1.000000
0.059569450,5,70,union,256,273,1.000000,1.000000,1.000000,{"1":273},1.000000,0.000000,0.000000,0.000000,1.000000,0.000000,-1.000000
0.059569450,5,70,snapshot,256,1888,1.000000,1.000000,1.000000,{"1":1888},1.000000,0.000000,0.000000,0.000000,1.000000,0.000000,-1.000000
0.059569450,5,70,read_only,1024,69,1.000000,1.000000,1.000000,{"1":273},1.000000,0.000000,0.000000,0.000000,1.000000,0.000000,-1.000000
0.059569450,5,70,union,1024,69,1.000000,1.000000,1.000000,{"1":273},1.000000,0.000000,0.000000,0.000000,1.000000,0.000000,-1.000000
0.059569450,5,70,snapshot,1024,474,1.000000,1.000000,1.000000,{"1":1888},1.000000,0.000000,0.000000,0.000000,1.000000,0.000000,-1.000000
0.059569450,5,70,read_only,4096,18,1.000000,1.000000,1.000000,{"1":273},1.000000,0.000000,0.000000,0.000000,1.000000,0.000000,-1.000000
0.059569450,5,70,union,4096,18,1.000000,1.000000,1.000000,{"1":273},1.000000,0.000000,0.000000,0.000000,1.000000,0.000000,-1.000000
0.059569450,5,70,snapshot,4096,120,1.000000,1.000000,1.000000,{"1":1888},1.000000,0.000000,0.000000,0.000000,1.000000,0.000000,-1.000000
0.059569450,5,70,read_only,16384,6,0.333333,0.809641,0.333333,{"1":273},0.333333,0.500000,0.166667,0.000000,0.333333,0.000000,0.000000
0.059569450,5,70,union,16384,6,0.333333,0.809641,0.333333,{"1":273},0.333333,0.500000,0.166667,0.000000,0.333333,0.000000,0.000000
0.059569450,5,70,snapshot,16384,37,0.729730,0.908320,0.729730,{"1":1888},0.729730,0.243243,0.027027,0.000000,0.729730,0.000000,0.000000
0.059806299,5,71,read_only,64,144,1.000000,1.000000,1.000000,{"1":144},1.000000,0.000000,0.000000,0.000000,1.000000,0.000000,-1.000000
0.059806299,5,71,union,64,144,1.000000,1.000000,1.000000,{"1":144},1.000000,0.000000,0.000000,0.000000,1.000000,0.000000,-1.000000
0.059806299,5,71,snapshot,64,2032,1.000000,1.000000,1.000000,{"1":2032},1.000000,0.000000,0.000000,0.000000,1.000000,0.000000,-1.000000
0.059806299,5,71,read_only,256,144,1.000000,1.000000,1.000000,{"1":144},1.000000,0.000000,0.000000,0.000000,1.000000,0.000000,-1.000000
0.059806299,5,71,union,256,144,1.000000,1.000000,1.000000,{"1":144},1.000000,0.000000,0.000000,0.000000,1.000000,0.000000,-1.000000
0.059806299,5,71,snapshot,256,2032,1.000000,1.000000,1.000000,{"1":2032},1.000000,0.000000,0.000000,0.000000,1.000000,0.000000,-1.000000
0.059806299,5,71,read_only,1024,36,1.000000,1.000000,1.000000,{"1":144},1.000000,0.000000,0.000000,0.000000,1.000000,0.000000,-1.000000
0.059806299,5,71,union,1024,36,1.000000,1.000000,1.000000,{"1":144},1.000000,0.000000,0.000000,0.000000,1.000000,0.000000,-1.000000
0.059806299,5,71,snapshot,1024,510,1.000000,1.000000,1.000000,{"1":2032},1.000000,0.000000,0.000000,0.000000,1.000000,0.000000,-1.000000
0.059806299,5,71,read_only,4096,9,1.000000,1.000000,1.000000,{"1":144},1.000000,0.000000,0.000000,0.000000,1.000000,0.000000,-1.000000
0.059806299,5,71,union,4096,9,1.000000,1.000000,1.000000,{"1":144},1.000000,0.000000,0.000000,0.000000,1.000000,0.000000,-1.000000
0.059806299,5,71,snapshot,4096,129,1.000000,1.000000,1.000000,{"1":2032},1.000000,0.000000,0.000000,0.000000,1.000000,0.000000,-1.000000
0.059806299,5,71,read_only,16384,3,0.666667,0.916667,0.666667,{"1":144},0.666667,0.333333,0.000000,0.000000,0.666667,0.000000,0.000000
0.059806299,5,71,union,16384,3,0.666667,0.916667,0.666667,{"1":144},0.666667,0.333333,0.000000,0.000000,0.666667,0.000000,0.000000
0.059806299,5,71,snapshot,16384,40,0.725000,0.908946,0.725000,{"1":2032},0.725000,0.250000,0.025000,0.000000,0.725000,0.000000,0.000000
0.060092341,5,72,read_only,64,1619,1.000000,1.000000,1.000000,{"1":1619},1.000000,0.000000,0.000000,0.000000,1.000000,0.000000,-1.000000
0.060092341,5,72,union,64,1619,1.000000,1.000000,1.000000,{"1":1619},1.000000,0.000000,0.000000,0.000000,1.000000,0.000000,-1.000000
0.060092341,5,72,snapshot,64,1619,1.000000,1.000000,1.000000,{"1":1619},1.000000,0.000000,0.000000,0.000000,1.000000,0.000000,-1.000000
0.060092341,5,72,read_only,256,1619,1.000000,1.000000,1.000000,{"1":1619},1.000000,0.000000,0.000000,0.000000,1.000000,0.000000,-1.000000
0.060092341,5,72,union,256,1619,1.000000,1.000000,1.000000,{"1":1619},1.000000,0.000000,0.000000,0.000000,1.000000,0.000000,-1.000000
0.060092341,5,72,snapshot,256,1619,1.000000,1.000000,1.000000,{"1":1619},1.000000,0.000000,0.000000,0.000000,1.000000,0.000000,-1.000000
0.060092341,5,72,read_only,1024,422,1.000000,1.000000,1.000000,{"1":1619},1.000000,0.000000,0.000000,0.000000,1.000000,0.000000,-1.000000
0.060092341,5,72,union,1024,422,1.000000,1.000000,1.000000,{"1":1619},1.000000,0.000000,0.000000,0.000000,1.000000,0.000000,-1.000000
0.060092341,5,72,snapshot,1024,422,1.000000,1.000000,1.000000,{"1":1619},1.000000,0.000000,0.000000,0.000000,1.000000,0.000000,-1.000000
0.060092341,5,72,read_only,4096,115,1.000000,1.000000,1.000000,{"1":1619},1.000000,0.000000,0.000000,0.000000,1.000000,0.000000,-1.000000
0.060092341,5,72,union,4096,115,1.000000,1.000000,1.000000,{"1":1619},1.000000,0.000000,0.000000,0.000000,1.000000,0.000000,-1.000000
0.060092341,5,72,snapshot,4096,115,1.000000,1.000000,1.000000,{"1":1619},1.000000,0.000000,0.000000,0.000000,1.000000,0.000000,-1.000000
0.060092341,5,72,read_only,16384,33,1.000000,1.000000,1.000000,{"1":1619},1.000000,0.000000,0.000000,0.000000,1.000000,0.000000,-1.000000
0.060092341,5,72,union,16384,33,1.000000,1.000000,1.000000,{"1":1619},1.000000,0.000000,0.000000,0.000000,1.000000,0.000000,-1.000000
0.060092341,5,72,snapshot,16384,33,1.000000,1.000000,1.000000,{"1":1619},1.000000,0.000000,0.000000,0.000000,1.000000,0.000000,-1.000000
0.060398597,5,73,read_only,64,3517,1.000000,1.000000,1.000000,{"1":3517},1.000000,0.000000,0.000000,0.000000,1.000000,0.000000,-1.000000
0.060398597,5,73,union,64,3517,1.000000,1.000000,1.000000,{"1":3517},1.000000,0.000000,0.000000,0.000000,1.000000,0.000000,-1.000000
0.060398597,5,73,snapshot,64,5136,1.000000,1.000000,1.000000,{"1":5136},1.000000,0.000000,0.000000,0.000000,1.000000,0.000000,-1.000000
0.060398597,5,73,read_only,256,3517,1.000000,1.000000,1.000000,{"1":3517},1.000000,0.000000,0.000000,0.000000,1.000000,0.000000,-1.000000
0.060398597,5,73,union,256,3517,1.000000,1.000000,1.000000,{"1":3517},1.000000,0.000000,0.000000,0.000000,1.000000,0.000000,-1.000000
0.060398597,5,73,snapshot,256,5136,1.000000,1.000000,1.000000,{"1":5136},1.000000,0.000000,0.000000,0.000000,1.000000,0.000000,-1.000000
0.060398597,5,73,read_only,1024,895,1.000000,1.000000,1.000000,{"1":3517},1.000000,0.000000,0.000000,0.000000,1.000000,0.000000,-1.000000
0.060398597,5,73,union,1024,895,1.000000,1.000000,1.000000,{"1":3517},1.000000,0.000000,0.000000,0.000000,1.000000,0.000000,-1.000000
0.060398597,5,73,snapshot,1024,1284,1.000000,1.000000,1.000000,{"1":5136},1.000000,0.000000,0.000000,0.000000,1.000000,0.000000,-1.000000
0.060398597,5,73,read_only,4096,233,1.000000,1.000000,1.000000,{"1":3517},1.000000,0.000000,0.000000,0.000000,1.000000,0.000000,-1.000000
0.060398597,5,73,union,4096,233,1.000000,1.000000,1.000000,{"1":3517},1.000000,0.000000,0.000000,0.000000,1.000000,0.000000,-1.000000
0.060398597,5,73,snapshot,4096,321,1.000000,1.000000,1.000000,{"1":5136},1.000000,0.000000,0.000000,0.000000,1.000000,0.000000,-1.000000
0.060398597,5,73,read_only,16384,68,0.955882,0.988971,0.955882,{"1":3517},0.955882,0.044118,0.000000,0.000000,0.955882,0.000000,0.000000
0.060398597,5,73,union,16384,68,0.955882,0.988971,0.955882,{"1":3517},0.955882,0.044118,0.000000,0.000000,0.955882,0.000000,0.000000
0.060398597,5,73,snapshot,16384,83,0.939759,0.984940,0.939759,{"1":5136},0.939759,0.060241,0.000000,0.000000,0.939759,0.000000,0.000000
0.061191979,5,74,read_only,64,2663,1.000000,1.000000,1.000000,{"1":2663},1.000000,0.000000,0.000000,0.000000,1.000000,0.000000,-1.000000
0.061191979,5,74,union,64,2663,1.000000,1.000000,1.000000,{"1":2663},1.000000,0.000000,0.000000,0.000000,1.000000,0.000000,-1.000000
0.061191979,5,74,snapshot,64,7538,1.000000,1.000000,1.000000,{"1":7538},1.000000,0.000000,0.000000,0.000000,1.000000,0.000000,-1.000000
0.061191979,5,74,read_only,256,2663,1.000000,1.000000,1.000000,{"1":2663},1.000000,0.000000,0.000000,0.000000,1.000000,0.000000,-1.000000
0.061191979,5,74,union,256,2663,1.000000,1.000000,1.000000,{"1":2663},1.000000,0.000000,0.000000,0.000000,1.000000,0.000000,-1.000000
0.061191979,5,74,snapshot,256,7538,1.000000,1.000000,1.000000,{"1":7538},1.000000,0.000000,0.000000,0.000000,1.000000,0.000000,-1.000000
0.061191979,5,74,read_only,1024,680,0.741176,0.887990,0.741176,{"1":2663},0.741176,0.166176,0.092647,0.000000,0.741176,0.000000,0.000000
0.061191979,5,74,union,1024,680,0.741176,0.887990,0.741176,{"1":2663},0.741176,0.166176,0.092647,0.000000,0.741176,0.000000,0.000000
0.061191979,5,74,snapshot,1024,1908,0.907757,0.960080,0.907757,{"1":7538},0.907757,0.059224,0.033019,0.000000,0.907757,0.000000,0.000000
0.061191979,5,74,read_only,4096,170,0.741176,0.856341,0.741176,{"1":2663},0.741176,0.000000,0.258824,0.000000,0.741176,0.000000,0.000000
0.061191979,5,74,union,4096,170,0.741176,0.856341,0.741176,{"1":2663},0.741176,0.000000,0.258824,0.000000,0.741176,0.000000,0.000000
0.061191979,5,74,snapshot,4096,483,0.908903,0.949437,0.908903,{"1":7538},0.908903,0.000000,0.091097,0.000000,0.908903,0.000000,0.000000
0.061191979,5,74,read_only,16384,44,0.636364,0.813255,0.636364,{"1":2663},0.636364,0.090909,0.272727,0.000000,0.636364,0.000000,0.000000
0.061191979,5,74,union,16384,44,0.636364,0.813255,0.636364,{"1":2663},0.636364,0.090909,0.272727,0.000000,0.636364,0.000000,0.000000
0.061191979,5,74,snapshot,16384,125,0.832000,0.927363,0.832000,{"1":7538},0.832000,0.072000,0.096000,0.000000,0.832000,0.000000,0.000000
0.061945784,5,75,read_only,64,96,1.000000,1.000000,1.000000,{"1":96},1.000000,0.000000,0.000000,0.000000,1.000000,0.000000,-1.000000
0.061945784,5,75,union,64,96,1.000000,1.000000,1.000000,{"1":96},1.000000,0.000000,0.000000,0.000000,1.000000,0.000000,-1.000000
0.061945784,5,75,snapshot,64,7586,1.000000,1.000000,1.000000,{"1":7586},1.000000,0.000000,0.000000,0.000000,1.000000,0.000000,-1.000000
0.061945784,5,75,read_only,256,96,1.000000,1.000000,1.000000,{"1":96},1.000000,0.000000,0.000000,0.000000,1.000000,0.000000,-1.000000
0.061945784,5,75,union,256,96,1.000000,1.000000,1.000000,{"1":96},1.000000,0.000000,0.000000,0.000000,1.000000,0.000000,-1.000000
0.061945784,5,75,snapshot,256,7586,1.000000,1.000000,1.000000,{"1":7586},1.000000,0.000000,0.000000,0.000000,1.000000,0.000000,-1.000000
0.061945784,5,75,read_only,1024,24,1.000000,1.000000,1.000000,{"1":96},1.000000,0.000000,0.000000,0.000000,1.000000,0.000000,-1.000000
0.061945784,5,75,union,1024,24,1.000000,1.000000,1.000000,{"1":96},1.000000,0.000000,0.000000,0.000000,1.000000,0.000000,-1.000000
0.061945784,5,75,snapshot,1024,1920,0.908333,0.960330,0.908333,{"1":7586},0.908333,0.058854,0.032813,0.000000,0.908333,0.000000,0.000000
0.061945784,5,75,read_only,4096,6,1.000000,1.000000,1.000000,{"1":96},1.000000,0.000000,0.000000,0.000000,1.000000,0.000000,-1.000000
0.061945784,5,75,union,4096,6,1.000000,1.000000,1.000000,{"1":96},1.000000,0.000000,0.000000,0.000000,1.000000,0.000000,-1.000000
0.061945784,5,75,snapshot,4096,486,0.909465,0.949749,0.909465,{"1":7586},0.909465,0.000000,0.090535,0.000000,0.909465,0.000000,0.000000
0.061945784,5,75,read_only,16384,3,1.000000,1.000000,1.000000,{"1":96},1.000000,0.000000,0.000000,0.000000,1.000000,0.000000,-1.000000
0.061945784,5,75,union,16384,3,1.000000,1.000000,1.000000,{"1":96},1.000000,0.000000,0.000000,0.000000,1.000000,0.000000,-1.000000
0.061945784,5,75,snapshot,16384,127,0.834646,0.928507,0.834646,{"1":7586},0.834646,0.070866,0.094488,0.000000,0.834646,0.000000,0.000000
0.062199793,5,76,snapshot,64,7586,1.000000,1.000000,1.000000,{"1":7586},1.000000,0.000000,0.000000,0.000000,1.000000,0.000000,-1.000000
0.062199793,5,76,snapshot,256,7586,1.000000,1.000000,1.000000,{"1":7586},1.000000,0.000000,0.000000,0.000000,1.000000,0.000000,-1.000000
0.062199793,5,76,snapshot,1024,1920,0.908333,0.960330,0.908333,{"1":7586},0.908333,0.058854,0.032813,0.000000,0.908333,0.000000,0.000000
0.062199793,5,76,snapshot,4096,486,0.909465,0.949749,0.909465,{"1":7586},0.909465,0.000000,0.090535,0.000000,0.909465,0.000000,0.000000
0.062199793,5,76,snapshot,16384,127,0.834646,0.928507,0.834646,{"1":7586},0.834646,0.070866,0.094488,0.000000,0.834646,0.000000,0.000000
0.062459677,5,77,snapshot,64,7586,1.000000,1.000000,1.000000,{"1":7586},1.000000,0.000000,0.000000,0.000000,1.000000,0.000000,-1.000000
0.062459677,5,77,snapshot,256,7586,1.000000,1.000000,1.000000,{"1":7586},1.000000,0.000000,0.000000,0.000000,1.000000,0.000000,-1.000000
0.062459677,5,77,snapshot,1024,1920,0.908333,0.960330,0.908333,{"1":7586},0.908333,0.058854,0.032813,0.000000,0.908333,0.000000,0.000000
0.062459677,5,77,snapshot,4096,486,0.909465,0.949749,0.909465,{"1":7586},0.909465,0.000000,0.090535,0.000000,0.909465,0.000000,0.000000
0.062459677,5,77,snapshot,16384,127,0.834646,0.928507,0.834646,{"1":7586},0.834646,0.070866,0.094488,0.000000,0.834646,0.000000,0.000000
0.063795187,5,78,read_only,64,3,1.000000,1.000000,1.000000,{"1":3},1.000000,0.000000,0.000000,0.000000,1.000000,0.000000,-1.000000
0.063795187,5,78,union,64,3,1.000000,1.000000,1.000000,{"1":3},1.000000,0.000000,0.000000,0.000000,1.000000,0.000000,-1.000000
0.063795187,5,78,snapshot,64,7589,1.000000,1.000000,1.000000,{"1":7589},1.000000,0.000000,0.000000,0.000000,1.000000,0.000000,-1.000000
0.063795187,5,78,read_only,256,3,1.000000,1.000000,1.000000,{"1":3},1.000000,0.000000,0.000000,0.000000,1.000000,0.000000,-1.000000
0.063795187,5,78,union,256,3,1.000000,1.000000,1.000000,{"1":3},1.000000,0.000000,0.000000,0.000000,1.000000,0.000000,-1.000000
0.063795187,5,78,snapshot,256,7589,1.000000,1.000000,1.000000,{"1":7589},1.000000,0.000000,0.000000,0.000000,1.000000,0.000000,-1.000000
0.063795187,5,78,read_only,1024,2,1.000000,1.000000,1.000000,{"1":3},1.000000,0.000000,0.000000,0.000000,1.000000,0.000000,-1.000000
0.063795187,5,78,union,1024,2,1.000000,1.000000,1.000000,{"1":3},1.000000,0.000000,0.000000,0.000000,1.000000,0.000000,-1.000000
0.063795187,5,78,snapshot,1024,1922,0.908429,0.960371,0.908429,{"1":7589},0.908429,0.058793,0.032778,0.000000,0.908429,0.000000,0.000000
0.063795187,5,78,read_only,4096,2,1.000000,1.000000,1.000000,{"1":3},1.000000,0.000000,0.000000,0.000000,1.000000,0.000000,-1.000000
0.063795187,5,78,union,4096,2,1.000000,1.000000,1.000000,{"1":3},1.000000,0.000000,0.000000,0.000000,1.000000,0.000000,-1.000000
0.063795187,5,78,snapshot,4096,488,0.909836,0.949955,0.909836,{"1":7589},0.909836,0.000000,0.090164,0.000000,0.909836,0.000000,0.000000
0.063795187,5,78,read_only,16384,2,1.000000,1.000000,1.000000,{"1":3},1.000000,0.000000,0.000000,0.000000,1.000000,0.000000,-1.000000
0.063795187,5,78,union,16384,2,1.000000,1.000000,1.000000,{"1":3},1.000000,0.000000,0.000000,0.000000,1.000000,0.000000,-1.000000
0.063795187,5,78,snapshot,16384,129,0.837209,0.929615,0.837209,{"1":7589},0.837209,0.069767,0.093023,0.000000,0.837209,0.000000,0.000000
0.064056297,5,79,read_only,64,205,1.000000,1.000000,1.000000,{"1":205},1.000000,0.000000,0.000000,0.000000,1.000000,0.000000,-1.000000
0.064056297,5,79,union,64,205,1.000000,1.000000,1.000000,{"1":205},1.000000,0.000000,0.000000,0.000000,1.000000,0.000000,-1.000000
0.064056297,5,79,snapshot,64,7666,1.000000,1.000000,1.000000,{"1":7666},1.000000,0.000000,0.000000,0.000000,1.000000,0.000000,-1.000000
0.064056297,5,79,read_only,256,205,1.000000,1.000000,1.000000,{"1":205},1.000000,0.000000,0.000000,0.000000,1.000000,0.000000,-1.000000
0.064056297,5,79,union,256,205,1.000000,1.000000,1.000000,{"1":205},1.000000,0.000000,0.000000,0.000000,1.000000,0.000000,-1.000000
0.064056297,5,79,snapshot,256,7666,1.000000,1.000000,1.000000,{"1":7666},1.000000,0.000000,0.000000,0.000000,1.000000,0.000000,-1.000000
0.064056297,5,79,read_only,1024,58,1.000000,1.000000,1.000000,{"1":205},1.000000,0.000000,0.000000,0.000000,1.000000,0.000000,-1.000000
0.064056297,5,79,union,1024,58,1.000000,1.000000,1.000000,{"1":205},1.000000,0.000000,0.000000,0.000000,1.000000,0.000000,-1.000000
0.064056297,5,79,snapshot,1024,1948,0.909651,0.960900,0.909651,{"1":7666},0.909651,0.058008,0.032341,0.000000,0.909651,0.000000,0.000000
0.064056297,5,79,read_only,4096,15,1.000000,1.000000,1.000000,{"1":205},1.000000,0.000000,0.000000,0.000000,1.000000,0.000000,-1.000000
0.064056297,5,79,union,4096,15,1.000000,1.000000,1.000000,{"1":205},1.000000,0.000000,0.000000,0.000000,1.000000,0.000000,-1.000000
0.064056297,5,79,snapshot,4096,495,0.911111,0.950663,0.911111,{"1":7666},0.911111,0.000000,0.088889,0.000000,0.911111,0.000000,0.000000
0.064056297,5,79,read_only,16384,5,0.400000,0.810204,0.400000,{"1":205},0.400000,0.600000,0.000000,0.000000,0.400000,0.000000,0.000000
0.064056297,5,79,union,16384,5,0.400000,0.810204,0.400000,{"1":205},0.400000,0.600000,0.000000,0.000000,0.400000,0.000000,0.000000
0.064056297,5,79,snapshot,16384,132,0.818182,0.924025,0.818182,{"1":7666},0.818182,0.090909,0.090909,0.000000,0.818182,0.000000,0.000000
0.064297865,5,80,snapshot,64,7666,1.000000,1.000000,1.000000,{"1":7666},1.000000,0.000000,0.000000,0.000000,1.000000,0.000000,-1.000000
0.064297865,5,80,snapshot,256,7666,1.000000,1.000000,1.000000,{"1":7666},1.000000,0.000000,0.000000,0.000000,1.000000,0.000000,-1.000000
0.064297865,5,80,snapshot,1024,1948,0.909651,0.960900,0.909651,{"1":7666},0.909651,0.058008,0.032341,0.000000,0.909651,0.000000,0.000000
0.064297865,5,80,snapshot,4096,495,0.911111,0.950663,0.911111,{"1":7666},0.911111,0.000000,0.088889,0.000000,0.911111,0.000000,0.000000
0.064297865,5,80,snapshot,16384,132,0.818182,0.924025,0.818182,{"1":7666},0.818182,0.090909,0.090909,0.000000,0.818182,0.000000,0.000000
0.064747479,5,81,read_only,64,577,1.000000,1.000000,1.000000,{"1":577},1.000000,0.000000,0.000000,0.000000,1.000000,0.000000,-1.000000
0.064747479,5,81,union,64,577,1.000000,1.000000,1.000000,{"1":577},1.000000,0.000000,0.000000,0.000000,1.000000,0.000000,-1.000000
0.064747479,5,81,snapshot,64,7877,1.000000,1.000000,1.000000,{"1":7877},1.000000,0.000000,0.000000,0.000000,1.000000,0.000000,-1.000000
0.064747479,5,81,read_only,256,577,1.000000,1.000000,1.000000,{"1":577},1.000000,0.000000,0.000000,0.000000,1.000000,0.000000,-1.000000
0.064747479,5,81,union,256,577,1.000000,1.000000,1.000000,{"1":577},1.000000,0.000000,0.000000,0.000000,1.000000,0.000000,-1.000000
0.064747479,5,81,snapshot,256,7877,1.000000,1.000000,1.000000,{"1":7877},1.000000,0.000000,0.000000,0.000000,1.000000,0.000000,-1.000000
0.064747479,5,81,read_only,1024,153,0.888889,0.950980,0.888889,{"1":577},0.888889,0.111111,0.000000,0.000000,0.888889,0.000000,0.000000
0.064747479,5,81,union,1024,153,0.888889,0.950980,0.888889,{"1":577},0.888889,0.111111,0.000000,0.000000,0.888889,0.000000,0.000000
0.064747479,5,81,snapshot,1024,1996,0.898297,0.956329,0.898297,{"1":7877},0.898297,0.067635,0.034068,0.000000,0.898297,0.000000,0.000000
0.064747479,5,81,read_only,4096,41,0.780488,0.941947,0.780488,{"1":577},0.780488,0.219512,0.000000,0.000000,0.780488,0.000000,0.000000
0.064747479,5,81,union,4096,41,0.780488,0.941947,0.780488,{"1":577},0.780488,0.219512,0.000000,0.000000,0.780488,0.000000,0.000000
0.064747479,5,81,snapshot,4096,507,0.889546,0.944980,0.889546,{"1":7877},0.889546,0.015779,0.094675,0.000000,0.889546,0.000000,0.000000
0.064747479,5,81,read_only,16384,13,0.384615,0.788182,0.384615,{"1":577},0.384615,0.538462,0.076923,0.000000,0.384615,0.000000,0.000000
0.064747479,5,81,union,16384,13,0.384615,0.788182,0.384615,{"1":577},0.384615,0.538462,0.076923,0.000000,0.384615,0.000000,0.000000
0.064747479,5,81,snapshot,16384,138,0.768116,0.908584,0.768116,{"1":7877},0.768116,0.130435,0.101449,0.000000,0.768116,0.000000,0.000000
0.065108617,5,82,read_only,64,1746,1.000000,1.000000,1.000000,{"1":1746},1.000000,0.000000,0.000000,0.000000,1.000000,0.000000,-1.000000
0.065108617,5,82,union,64,1755,1.000000,1.000000,1.000000,{"1":1755},1.000000,0.000000,0.000000,0.000000,1.000000,0.000000,-1.000000
0.065108617,5,82,snapshot,64,8163,1.000000,1.000000,1.000000,{"1":8163},1.000000,0.000000,0.000000,0.000000,1.000000,0.000000,-1.000000
0.065108617,5,82,read_only,256,1746,1.000000,1.000000,1.000000,{"1":1746},1.000000,0.000000,0.000000,0.000000,1.000000,0.000000,-1.000000
0.065108617,5,82,union,256,1755,1.000000,1.000000,1.000000,{"1":1755},1.000000,0.000000,0.000000,0.000000,1.000000,0.000000,-1.000000
0.065108617,5,82,snapshot,256,8163,1.000000,1.000000,1.000000,{"1":8163},1.000000,0.000000,0.000000,0.000000,1.000000,0.000000,-1.000000
0.065108617,5,82,read_only,1024,521,0.963532,0.987364,0.963532,{"1":1746},0.963532,0.036468,0.000000,0.000000,0.963532,0.000000,0.000000
0.065108617,5,82,union,1024,521,0.957774,0.985125,0.957774,{"1":1755},0.957774,0.042226,0.000000,0.000000,0.957774,0.000000,0.000000
0.065108617,5,82,snapshot,1024,2300,0.902609,0.958768,0.902609,{"1":8163},0.902609,0.067826,0.029565,0.000000,0.902609,0.000000,0.000000
0.065108617,5,82,read_only,4096,137,0.956204,0.981585,0.956204,{"1":1746},0.956204,0.043796,0.000000,0.000000,0.956204,0.000000,0.000000
0.065108617,5,82,union,4096,137,0.956204,0.982039,0.956204,{"1":1755},0.956204,0.043796,0.000000,0.000000,0.956204,0.000000,0.000000
0.065108617,5,82,snapshot,4096,606,0.897690,0.950265,0.897690,{"1":8163},0.897690,0.023102,0.079208,0.000000,0.897690,0.000000,0.000000
0.065108617,5,82,read_only,16384,37,0.945946,0.981481,0.945946,{"1":1746},0.945946,0.054054,0.000000,0.000000,0.945946,0.000000,0.000000
0.065108617,5,82,union,16384,37,0.945946,0.981508,0.945946,{"1":1755},0.945946,0.054054,0.000000,0.000000,0.945946,0.000000,0.000000
0.065108617,5,82,snapshot,16384,168,0.797619,0.921338,0.797619,{"1":8163},0.797619,0.119048,0.083333,0.000000,0.797619,0.000000,0.000000
0.065412489,5,83,read_only,64,1723,1.000000,1.000000,1.000000,{"1":1723},1.000000,0.000000,0.000000,0.000000,1.000000,0.000000,-1.000000
0.065412489,5,83,union,64,1786,1.000000,1.000000,1.000000,{"1":1786},1.000000,0.000000,0.000000,0.000000,1.000000,0.000000,-1.000000
0.065412489,5,83,snapshot,64,8192,1.000000,1.000000,1.000000,{"1":8192},1.000000,0.000000,0.000000,0.000000,1.000000,0.000000,-1.000000
0.065412489,5,83,read_only,256,1723,1.000000,1.000000,1.000000,{"1":1723},1.000000,0.000000,0.000000,0.000000,1.000000,0.000000,-1.000000
0.065412489,5,83,union,256,1786,1.000000,1.000000,1.000000,{"1":1786},1.000000,0.000000,0.000000,0.000000,1.000000,0.000000,-1.000000
0.065412489,5,83,snapshot,256,8192,1.000000,1.000000,1.000000,{"1":8192},1.000000,0.000000,0.000000,0.000000,1.000000,0.000000,-1.000000
0.065412489,5,83,read_only,1024,549,0.987250,0.996357,0.987250,{"1":1723},0.987250,0.012750,0.000000,0.000000,0.987250,0.000000,0.000000
0.065412489,5,83,union,1024,572,0.987762,0.996503,0.987762,{"1":1786},0.987762,0.012238,0.000000,0.000000,0.987762,0.000000,0.000000
0.065412489,5,83,snapshot,1024,2514,0.887828,0.955748,0.887828,{"1":8192},0.887828,0.089499,0.022673,0.000000,0.887828,0.000000,0.000000
0.065412489,5,83,read_only,4096,157,0.968153,0.996815,0.968153,{"1":1723},0.968153,0.031847,0.000000,0.000000,0.968153,0.000000,0.000000
0.065412489,5,83,union,4096,164,0.969512,0.996951,0.969512,{"1":1786},0.969512,0.030488,0.000000,0.000000,0.969512,0.000000,0.000000
0.065412489,5,83,snapshot,4096,667,0.857571,0.946490,0.857571,{"1":8192},0.857571,0.076462,0.065967,0.000000,0.857571,0.000000,0.000000
0.065412489,5,83,read_only,16384,47,0.936170,0.997080,0.936170,{"1":1723},0.936170,0.063830,0.000000,0.000000,0.936170,0.000000,0.000000
0.065412489,5,83,union,16384,50,0.920000,0.995166,0.920000,{"1":1786},0.920000,0.080000,0.000000,0.000000,0.920000,0.000000,0.000000
0.065412489,5,83,snapshot,16384,188,0.765957,0.919643,0.765957,{"1":8192},0.765957,0.159574,0.074468,0.000000,0.765957,0.000000,0.000000
0.066074690,5,84,read_only,64,1238,1.000000,1.000000,1.000000,{"1":1238},1.000000,0.000000,0.000000,0.000000,1.000000,0.000000,-1.000000
0.066074690,5,84,union,64,1717,1.000000,1.000000,1.000000,{"1":1717},1.000000,0.000000,0.000000,0.000000,1.000000,0.000000,-1.000000
0.066074690,5,84,snapshot,64,8192,1.000000,1.000000,1.000000,{"1":8192},1.000000,0.000000,0.000000,0.000000,1.000000,0.000000,-1.000000
0.066074690,5,84,read_only,256,1238,1.000000,1.000000,1.000000,{"1":1238},1.000000,0.000000,0.000000,0.000000,1.000000,0.000000,-1.000000
0.066074690,5,84,union,256,1717,1.000000,1.000000,1.000000,{"1":1717},1.000000,0.000000,0.000000,0.000000,1.000000,0.000000,-1.000000
0.066074690,5,84,snapshot,256,8192,1.000000,1.000000,1.000000,{"1":8192},1.000000,0.000000,0.000000,0.000000,1.000000,0.000000,-1.000000
0.066074690,5,84,read_only,1024,468,1.000000,1.000000,1.000000,{"1":1238},1.000000,0.000000,0.000000,0.000000,1.000000,0.000000,-1.000000
0.066074690,5,84,union,1024,649,0.996918,0.998716,0.996918,{"1":1717},0.996918,0.003082,0.000000,0.000000,0.996918,0.000000,0.000000
0.066074690,5,84,snapshot,1024,2429,0.916838,0.965384,0.916838,{"1":8192},0.916838,0.063401,0.019761,0.000000,0.916838,0.000000,0.000000
0.066074690,5,84,read_only,4096,158,1.000000,1.000000,1.000000,{"1":1238},1.000000,0.000000,0.000000,0.000000,1.000000,0.000000,-1.000000
0.066074690,5,84,union,4096,209,0.966507,0.991029,0.966507,{"1":1717},0.966507,0.033493,0.000000,0.000000,0.966507,0.000000,0.000000
0.066074690,5,84,snapshot,4096,649,0.904468,0.959085,0.904468,{"1":8192},0.904468,0.040062,0.055470,0.000000,0.904468,0.000000,0.000000
0.066074690,5,84,read_only,16384,54,0.981481,0.998911,0.981481,{"1":1238},0.981481,0.018519,0.000000,0.000000,0.981481,0.000000,0.000000
0.066074690,5,84,union,16384,67,0.925373,0.987561,0.925373,{"1":1717},0.925373,0.074627,0.000000,0.000000,0.925373,0.000000,0.000000
0.066074690,5,84,snapshot,16384,178,0.808989,0.929246,0.808989,{"1":8192},0.808989,0.134831,0.056180,0.000000,0.808989,0.000000,0.000000
0.070425994,5,85,read_only,64,17812,1.000000,1.000000,1.000000,{"1":17810,"2":2},0.999888,0.000112,0.000000,0.000000,0.999888,0.000112,1.000000
0.070425994,5,85,union,64,17812,1.000000,1.000000,1.000000,{"1":17810,"2":2},0.999888,0.000112,0.000000,0.000000,0.999888,0.000112,1.000000
0.070425994,5,85,snapshot,64,8192,1.000000,1.000000,1.000000,{"1":8190,"2":2},0.999756,0.000244,0.000000,0.000000,0.999756,0.000244,1.000000
0.070425994,5,85,read_only,256,17812,1.000000,1.000000,1.000000,{"1":17810,"2":2},0.999888,0.000112,0.000000,0.000000,0.999888,0.000112,1.000000
0.070425994,5,85,union,256,17812,1.000000,1.000000,1.000000,{"1":17810,"2":2},0.999888,0.000112,0.000000,0.000000,0.999888,0.000112,1.000000
0.070425994,5,85,snapshot,256,8192,1.000000,1.000000,1.000000,{"1":8190,"2":2},0.999756,0.000244,0.000000,0.000000,0.999756,0.000244,1.000000
0.070425994,5,85,read_only,1024,4544,1.000000,1.000000,1.000000,{"1":17810,"2":2},0.999560,0.000440,0.000000,0.000000,0.999560,0.000440,1.000000
0.070425994,5,85,union,1024,4544,1.000000,1.000000,1.000000,{"1":17810,"2":2},0.999560,0.000440,0.000000,0.000000,0.999560,0.000440,1.000000
0.070425994,5,85,snapshot,1024,2465,1.000000,1.000000,1.000000,{"1":8190,"2":2},0.999189,0.000811,0.000000,0.000000,0.999189,0.000811,1.000000
0.070425994,5,85,read_only,4096,1157,1.000000,1.000000,1.000000,{"1":17810,"2":2},0.998271,0.001729,0.000000,0.000000,0.998271,0.001729,1.000000
0.070425994,5,85,union,4096,1157,1.000000,1.000000,1.000000,{"1":17810,"2":2},0.998271,0.001729,0.000000,0.000000,0.998271,0.001729,1.000000
0.070425994,5,85,snapshot,4096,919,1.000000,1.000000,1.000000,{"1":8190,"2":2},0.997824,0.002176,0.000000,0.000000,0.997824,0.002176,1.000000
0.070425994,5,85,read_only,16384,293,0.982935,0.995464,0.982935,{"1":17810,"2":2},0.979522,0.020478,0.000000,0.000000,0.979522,0.003413,0.166667
0.070425994,5,85,union,16384,293,0.982935,0.995464,0.982935,{"1":17810,"2":2},0.979522,0.020478,0.000000,0.000000,0.979522,0.003413,0.166667
0.070425994,5,85,snapshot,16384,281,0.985765,0.998256,0.985765,{"1":8190,"2":2},0.982206,0.017794,0.000000,0.000000,0.982206,0.003559,0.200000
0.075976649,5,86,read_only,64,16051,1.000000,1.000000,1.000000,{"1":16051},1.000000,0.000000,0.000000,0.000000,1.000000,0.000000,-1.000000
0.075976649,5,86,union,64,16051,1.000000,1.000000,1.000000,{"1":16051},1.000000,0.000000,0.000000,0.000000,1.000000,0.000000,-1.000000
0.075976649,5,86,snapshot,64,8192,1.000000,1.000000,1.000000,{"1":8192},1.000000,0.000000,0.000000,0.000000,1.000000,0.000000,-1.000000
0.075976649,5,86,read_only,256,16051,1.000000,1.000000,1.000000,{"1":16051},1.000000,0.000000,0.000000,0.000000,1.000000,0.000000,-1.000000
0.075976649,5,86,union,256,16051,1.000000,1.000000,1.000000,{"1":16051},1.000000,0.000000,0.000000,0.000000,1.000000,0.000000,-1.000000
0.075976649,5,86,snapshot,256,8192,1.000000,1.000000,1.000000,{"1":8192},1.000000,0.000000,0.000000,0.000000,1.000000,0.000000,-1.000000
0.075976649,5,86,read_only,1024,4183,1.000000,1.000000,1.000000,{"1":16051},1.000000,0.000000,0.000000,0.000000,1.000000,0.000000,-1.000000
0.075976649,5,86,union,1024,4183,1.000000,1.000000,1.000000,{"1":16051},1.000000,0.000000,0.000000,0.000000,1.000000,0.000000,-1.000000
0.075976649,5,86,snapshot,1024,2154,1.000000,1.000000,1.000000,{"1":8192},1.000000,0.000000,0.000000,0.000000,1.000000,0.000000,-1.000000
0.075976649,5,86,read_only,4096,1188,1.000000,1.000000,1.000000,{"1":16051},1.000000,0.000000,0.000000,0.000000,1.000000,0.000000,-1.000000
0.075976649,5,86,union,4096,1188,1.000000,1.000000,1.000000,{"1":16051},1.000000,0.000000,0.000000,0.000000,1.000000,0.000000,-1.000000
0.075976649,5,86,snapshot,4096,704,1.000000,1.000000,1.000000,{"1":8192},1.000000,0.000000,0.000000,0.000000,1.000000,0.000000,-1.000000
0.075976649,5,86,read_only,16384,366,0.989071,0.994536,0.989071,{"1":16051},0.989071,0.010929,0.000000,0.000000,0.989071,0.000000,0.000000
0.075976649,5,86,union,16384,366,0.989071,0.994536,0.989071,{"1":16051},0.989071,0.010929,0.000000,0.000000,0.989071,0.000000,0.000000
0.075976649,5,86,snapshot,16384,229,0.986900,0.996098,0.986900,{"1":8192},0.986900,0.013100,0.000000,0.000000,0.986900,0.000000,0.000000
0.077915254,5,87,read_only,64,26225,1.000000,1.000000,1.000000,{"1":22305,"2":3920},0.850524,0.149476,0.000000,0.000000,0.850524,0.149476,1.000000
0.077915254,5,87,union,64,26225,1.000000,1.000000,1.000000,{"1":22305,"2":3920},0.850524,0.149476,0.000000,0.000000,0.850524,0.149476,1.000000
0.077915254,5,87,snapshot,64,8192,1.000000,1.000000,1.000000,{"1":6703,"2":1489},0.818237,0.181763,0.000000,0.000000,0.818237,0.181763,1.000000
0.077915254,5,87,read_only,256,26225,1.000000,1.000000,1.000000,{"1":22305,"2":3920},0.850524,0.149476,0.000000,0.000000,0.850524,0.149476,1.000000
0.077915254,5,87,union,256,26225,1.000000,1.000000,1.000000,{"1":22305,"2":3920},0.850524,0.149476,0.000000,0.000000,0.850524,0.149476,1.000000
0.077915254,5,87,snapshot,256,8192,1.000000,1.000000,1.000000,{"1":6703,"2":1489},0.818237,0.181763,0.000000,0.000000,0.818237,0.181763,1.000000
0.077915254,5,87,read_only,1024,6557,1.000000,1.000000,1.000000,{"1":22305,"2":3920},0.850541,0.149459,0.000000,0.000000,0.850541,0.149459,1.000000
0.077915254,5,87,union,1024,6557,1.000000,1.000000,1.000000,{"1":22305,"2":3920},0.850541,0.149459,0.000000,0.000000,0.850541,0.149459,1.000000
0.077915254,5,87,snapshot,1024,2228,1.000000,1.000000,1.000000,{"1":6703,"2":1489},0.827648,0.172352,0.000000,0.000000,0.827648,0.172352,1.000000
0.077915254,5,87,read_only,4096,1643,0.996348,0.998174,0.996348,{"1":22305,"2":3920},0.848448,0.150335,0.001217,0.000000,0.848448,0.147900,0.975904
0.077915254,5,87,union,4096,1643,0.996348,0.998174,0.996348,{"1":22305,"2":3920},0.848448,0.150335,0.001217,0.000000,0.848448,0.147900,0.975904
0.077915254,5,87,snapshot,4096,644,1.000000,1.000000,1.000000,{"1":6703,"2":1489},0.840062,0.159938,0.000000,0.000000,0.840062,0.159938,1.000000
0.077915254,5,87,read_only,16384,423,0.969267,0.989460,0.969267,{"1":22305,"2":3920},0.829787,0.160757,0.009456,0.000000,0.829787,0.139480,0.819444
0.077915254,5,87,union,16384,423,0.969267,0.989460,0.969267,{"1":22305,"2":3920},0.829787,0.160757,0.009456,0.000000,0.829787,0.139480,0.819444
0.077915254,5,87,snapshot,16384,212,0.995283,0.998428,0.995283,{"1":6703,"2":1489},0.844340,0.155660,0.000000,0.000000,0.844340,0.150943,0.969697
0.078160087,5,88,snapshot,64,8192,1.000000,1.000000,1.000000,{"1":6703,"2":1489},0.818237,0.181763,0.000000,0.000000,0.818237,0.181763,1.000000
0.078160087,5,88,snapshot,256,8192,1.000000,1.000000,1.000000,{"1":6703,"2":1489},0.818237,0.181763,0.000000,0.000000,0.818237,0.181763,1.000000
0.078160087,5,88,snapshot,1024,2228,1.000000,1.000000,1.000000,{"1":6703,"2":1489},0.827648,0.172352,0.000000,0.000000,0.827648,0.172352,1.000000
0.078160087,5,88,snapshot,4096,644,1.000000,1.000000,1.000000,{"1":6703,"2":1489},0.840062,0.159938,0.000000,0.000000,0.840062,0.159938,1.000000
0.078160087,5,88,snapshot,16384,212,0.995283,0.998428,0.995283,{"1":6703,"2":1489},0.844340,0.155660,0.000000,0.000000,0.844340,0.150943,0.969697
0.130793051,5,89,read_only,64,31174,1.000000,1.000000,1.000000,{"1":21350,"2":9824},0.684866,0.315134,0.000000,0.000000,0.684866,0.315134,1.000000
0.130793051,5,89,union,64,31174,1.000000,1.000000,1.000000,{"1":21350,"2":9824},0.684866,0.315134,0.000000,0.000000,0.684866,0.315134,1.000000
0.130793051,5,89,snapshot,64,8192,1.000000,1.000000,1.000000,{"1":8192},1.000000,0.000000,0.000000,0.000000,1.000000,0.000000,-1.000000
0.130793051,5,89,read_only,256,31174,1.000000,1.000000,1.000000,{"1":21350,"2":9824},0.684866,0.315134,0.000000,0.000000,0.684866,0.315134,1.000000
0.130793051,5,89,union,256,31174,1.000000,1.000000,1.000000,{"1":21350,"2":9824},0.684866,0.315134,0.000000,0.000000,0.684866,0.315134,1.000000
0.130793051,5,89,snapshot,256,8192,1.000000,1.000000,1.000000,{"1":8192},1.000000,0.000000,0.000000,0.000000,1.000000,0.000000,-1.000000
0.130793051,5,89,read_only,1024,7794,1.000000,1.000000,1.000000,{"1":21350,"2":9824},0.684886,0.315114,0.000000,0.000000,0.684886,0.315114,1.000000
0.130793051,5,89,union,1024,7794,1.000000,1.000000,1.000000,{"1":21350,"2":9824},0.684886,0.315114,0.000000,0.000000,0.684886,0.315114,1.000000
0.130793051,5,89,snapshot,1024,2049,1.000000,1.000000,1.000000,{"1":8192},1.000000,0.000000,0.000000,0.000000,1.000000,0.000000,-1.000000
0.130793051,5,89,read_only,4096,1949,1.000000,1.000000,1.000000,{"1":21350,"2":9824},0.684967,0.315033,0.000000,0.000000,0.684967,0.315033,1.000000
0.130793051,5,89,union,4096,1949,1.000000,1.000000,1.000000,{"1":21350,"2":9824},0.684967,0.315033,0.000000,0.000000,0.684967,0.315033,1.000000
0.130793051,5,89,snapshot,4096,513,1.000000,1.000000,1.000000,{"1":8192},1.000000,0.000000,0.000000,0.000000,1.000000,0.000000,-1.000000
0.130793051,5,89,read_only,16384,489,0.995910,0.998466,0.995910,{"1":21350,"2":9824},0.685072,0.312883,0.002045,0.000000,0.685072,0.310838,0.987013
0.130793051,5,89,union,16384,489,0.995910,0.998466,0.995910,{"1":21350,"2":9824},0.685072,0.312883,0.002045,0.000000,0.685072,0.310838,0.987013
0.130793051,5,89,snapshot,16384,130,1.000000,1.000000,1.000000,{"1":8192},1.000000,0.000000,0.000000,0.000000,1.000000,0.000000,-1.000000
0.131057318,5,90,read_only,64,38,1.000000,1.000000,1.000000,{"1":38},1.000000,0.000000,0.000000,0.000000,1.000000,0.000000,-1.000000
0.131057318,5,90,union,64,38,1.000000,1.000000,1.000000,{"1":38},1.000000,0.000000,0.000000,0.000000,1.000000,0.000000,-1.000000
0.131057318,5,90,snapshot,64,8192,1.000000,1.000000,1.000000,{"1":8192},1.000000,0.000000,0.000000,0.000000,1.000000,0.000000,-1.000000
0.131057318,5,90,read_only,256,38,1.000000,1.000000,1.000000,{"1":38},1.000000,0.000000,0.000000,0.000000,1.000000,0.000000,-1.000000
0.131057318,5,90,union,256,38,1.000000,1.000000,1.000000,{"1":38},1.000000,0.000000,0.000000,0.000000,1.000000,0.000000,-1.000000
0.131057318,5,90,snapshot,256,8192,1.000000,1.000000,1.000000,{"1":8192},1.000000,0.000000,0.000000,0.000000,1.000000,0.000000,-1.000000
0.131057318,5,90,read_only,1024,10,1.000000,1.000000,1.000000,{"1":38},1.000000,0.000000,0.000000,0.000000,1.000000,0.000000,-1.000000
0.131057318,5,90,union,1024,10,1.000000,1.000000,1.000000,{"1":38},1.000000,0.000000,0.000000,0.000000,1.000000,0.000000,-1.000000
0.131057318,5,90,snapshot,1024,2050,1.000000,1.000000,1.000000,{"1":8192},1.000000,0.000000,0.000000,0.000000,1.000000,0.000000,-1.000000
0.131057318,5,90,read_only,4096,3,1.000000,1.000000,1.000000,{"1":38},1.000000,0.000000,0.000000,0.000000,1.000000,0.000000,-1.000000
0.131057318,5,90,union,4096,3,1.000000,1.000000,1.000000,{"1":38},1.000000,0.000000,0.000000,0.000000,1.000000,0.000000,-1.000000
0.131057318,5,90,snapshot,4096,514,1.000000,1.000000,1.000000,{"1":8192},1.000000,0.000000,0.000000,0.000000,1.000000,0.000000,-1.000000
0.131057318,5,90,read_only,16384,1,1.000000,1.000000,1.000000,{"1":38},1.000000,0.000000,0.000000,0.000000,1.000000,0.000000,-1.000000
0.131057318,5,90,union,16384,1,1.000000,1.000000,1.000000,{"1":38},1.000000,0.000000,0.000000,0.000000,1.000000,0.000000,-1.000000
0.131057318,5,90,snapshot,16384,131,1.000000,1.000000,1.000000,{"1":8192},1.000000,0.000000,0.000000,0.000000,1.000000,0.000000,-1.000000
0.133566999,5,91,read_only,64,48,1.000000,1.000000,1.000000,{"1":48},1.000000,0.000000,0.000000,0.000000,1.000000,0.000000,-1.000000
0.133566999,5,91,union,64,48,1.000000,1.000000,1.000000,{"1":48},1.000000,0.000000,0.000000,0.000000,1.000000,0.000000,-1.000000
0.133566999,5,91,snapshot,64,8192,1.000000,1.000000,1.000000,{"1":8192},1.000000,0.000000,0.000000,0.000000,1.000000,0.000000,-1.000000
0.133566999,5,91,read_only,256,48,1.000000,1.000000,1.000000,{"1":48},1.000000,0.000000,0.000000,0.000000,1.000000,0.000000,-1.000000
0.133566999,5,91,union,256,48,1.000000,1.000000,1.000000,{"1":48},1.000000,0.000000,0.000000,0.000000,1.000000,0.000000,-1.000000
0.133566999,5,91,snapshot,256,8192,1.000000,1.000000,1.000000,{"1":8192},1.000000,0.000000,0.000000,0.000000,1.000000,0.000000,-1.000000
0.133566999,5,91,read_only,1024,12,1.000000,1.000000,1.000000,{"1":48},1.000000,0.000000,0.000000,0.000000,1.000000,0.000000,-1.000000
0.133566999,5,91,union,1024,12,1.000000,1.000000,1.000000,{"1":48},1.000000,0.000000,0.000000,0.000000,1.000000,0.000000,-1.000000
0.133566999,5,91,snapshot,1024,2050,1.000000,1.000000,1.000000,{"1":8192},1.000000,0.000000,0.000000,0.000000,1.000000,0.000000,-1.000000
0.133566999,5,91,read_only,4096,3,1.000000,1.000000,1.000000,{"1":48},1.000000,0.000000,0.000000,0.000000,1.000000,0.000000,-1.000000
0.133566999,5,91,union,4096,3,1.000000,1.000000,1.000000,{"1":48},1.000000,0.000000,0.000000,0.000000,1.000000,0.000000,-1.000000
0.133566999,5,91,snapshot,4096,514,1.000000,1.000000,1.000000,{"1":8192},1.000000,0.000000,0.000000,0.000000,1.000000,0.000000,-1.000000
0.133566999,5,91,read_only,16384,2,1.000000,1.000000,1.000000,{"1":48},1.000000,0.000000,0.000000,0.000000,1.000000,0.000000,-1.000000
0.133566999,5,91,union,16384,2,1.000000,1.000000,1.000000,{"1":48},1.000000,0.000000,0.000000,0.000000,1.000000,0.000000,-1.000000
0.133566999,5,91,snapshot,16384,133,1.000000,1.000000,1.000000,{"1":8192},1.000000,0.000000,0.000000,0.000000,1.000000,0.000000,-1.000000
0.133853528,5,92,read_only,64,5,1.000000,1.000000,1.000000,{"1":5},1.000000,0.000000,0.000000,0.000000,1.000000,0.000000,-1.000000
0.133853528,5,92,union,64,5,1.000000,1.000000,1.000000,{"1":5},1.000000,0.000000,0.000000,0.000000,1.000000,0.000000,-1.000000
0.133853528,5,92,snapshot,64,8192,1.000000,1.000000,1.000000,{"1":8192},1.000000,0.000000,0.000000,0.000000,1.000000,0.000000,-1.000000
0.133853528,5,92,read_only,256,5,1.000000,1.000000,1.000000,{"1":5},1.000000,0.000000,0.000000,0.000000,1.000000,0.000000,-1.000000
0.133853528,5,92,union,256,5,1.000000,1.000000,1.000000,{"1":5},1.000000,0.000000,0.000000,0.000000,1.000000,0.000000,-1.000000
0.133853528,5,92,snapshot,256,8192,1.000000,1.000000,1.000000,{"1":8192},1.000000,0.000000,0.000000,0.000000,1.000000,0.000000,-1.000000
0.133853528,5,92,read_only,1024,2,1.000000,1.000000,1.000000,{"1":5},1.000000,0.000000,0.000000,0.000000,1.000000,0.000000,-1.000000
0.133853528,5,92,union,1024,2,1.000000,1.000000,1.000000,{"1":5},1.000000,0.000000,0.000000,0.000000,1.000000,0.000000,-1.000000
0.133853528,5,92,snapshot,1024,2051,1.000000,1.000000,1.000000,{"1":8192},1.000000,0.000000,0.000000,0.000000,1.000000,0.000000,-1.000000
0.133853528,5,92,read_only,4096,1,1.000000,1.000000,1.000000,{"1":5},1.000000,0.000000,0.000000,0.000000,1.000000,0.000000,-1.000000
0.133853528,5,92,union,4096,1,1.000000,1.000000,1.000000,{"1":5},1.000000,0.000000,0.000000,0.000000,1.000000,0.000000,-1.000000
0.133853528,5,92,snapshot,4096,515,1.000000,1.000000,1.000000,{"1":8192},1.000000,0.000000,0.000000,0.000000,1.000000,0.000000,-1.000000
0.133853528,5,92,read_only,16384,1,1.000000,1.000000,1.000000,{"1":5},1.000000,0.000000,0.000000,0.000000,1.000000,0.000000,-1.000000
0.133853528,5,92,union,16384,1,1.000000,1.000000,1.000000,{"1":5},1.000000,0.000000,0.000000,0.000000,1.000000,0.000000,-1.000000
0.133853528,5,92,snapshot,16384,134,1.000000,1.000000,1.000000,{"1":8192},1.000000,0.000000,0.000000,0.000000,1.000000,0.000000,-1.000000
0.134105090,5,93,snapshot,64,8192,1.000000,1.000000,1.000000,{"1":8192},1.000000,0.000000,0.000000,0.000000,1.000000,0.000000,-1.000000
0.134105090,5,93,snapshot,256,8192,1.000000,1.000000,1.000000,{"1":8192},1.000000,0.000000,0.000000,0.000000,1.000000,0.000000,-1.000000
0.134105090,5,93,snapshot,1024,2051,1.000000,1.000000,1.000000,{"1":8192},1.000000,0.000000,0.000000,0.000000,1.000000,0.000000,-1.000000
0.134105090,5,93,snapshot,4096,515,1.000000,1.000000,1.000000,{"1":8192},1.000000,0.000000,0.000000,0.000000,1.000000,0.000000,-1.000000
0.134105090,5,93,snapshot,16384,134,1.000000,1.000000,1.000000,{"1":8192},1.000000,0.000000,0.000000,0.000000,1.000000,0.000000,-1.000000
0.140099823,5,94,read_only,64,16509,1.000000,1.000000,1.000000,{"1":16508,"2":1},0.999939,0.000061,0.000000,0.000000,0.999939,0.000061,1.000000
0.140099823,5,94,union,64,16509,1.000000,1.000000,1.000000,{"1":16508,"2":1},0.999939,0.000061,0.000000,0.000000,0.999939,0.000061,1.000000
0.140099823,5,94,snapshot,64,8192,1.000000,1.000000,1.000000,{"1":8191,"2":1},0.999878,0.000122,0.000000,0.000000,0.999878,0.000122,1.000000
0.140099823,5,94,read_only,256,16509,1.000000,1.000000,1.000000,{"1":16508,"2":1},0.999939,0.000061,0.000000,0.000000,0.999939,0.000061,1.000000
0.140099823,5,94,union,256,16509,1.000000,1.000000,1.000000,{"1":16508,"2":1},0.999939,0.000061,0.000000,0.000000,0.999939,0.000061,1.000000
0.140099823,5,94,snapshot,256,8192,1.000000,1.000000,1.000000,{"1":8191,"2":1},0.999878,0.000122,0.000000,0.000000,0.999878,0.000122,1.000000
0.140099823,5,94,read_only,1024,4186,1.000000,1.000000,1.000000,{"1":16508,"2":1},0.999761,0.000239,0.000000,0.000000,0.999761,0.000239,1.000000
0.140099823,5,94,union,1024,4186,1.000000,1.000000,1.000000,{"1":16508,"2":1},0.999761,0.000239,0.000000,0.000000,0.999761,0.000239,1.000000
0.140099823,5,94,snapshot,1024,2298,1.000000,1.000000,1.000000,{"1":8191,"2":1},0.999565,0.000435,0.000000,0.000000,0.999565,0.000435,1.000000
0.140099823,5,94,read_only,4096,1049,1.000000,1.000000,1.000000,{"1":16508,"2":1},0.999047,0.000953,0.000000,0.000000,0.999047,0.000953,1.000000
0.140099823,5,94,union,4096,1049,1.000000,1.000000,1.000000,{"1":16508,"2":1},0.999047,0.000953,0.000000,0.000000,0.999047,0.000953,1.000000
0.140099823,5,94,snapshot,4096,769,1.000000,1.000000,1.000000,{"1":8191,"2":1},0.998700,0.001300,0.000000,0.000000,0.998700,0.001300,1.000000
0.140099823,5,94,read_only,16384,264,1.000000,1.000000,1.000000,{"1":16508,"2":1},0.996212,0.003788,0.000000,0.000000,0.996212,0.003788,1.000000
0.140099823,5,94,union,16384,264,1.000000,1.000000,1.000000,{"1":16508,"2":1},0.996212,0.003788,0.000000,0.000000,0.996212,0.003788,1.000000
0.140099823,5,94,snapshot,16384,237,1.000000,1.000000,1.000000,{"1":8191,"2":1},0.995781,0.004219,0.000000,0.000000,0.995781,0.004219,1.000000
0.148558706,5,95,read_only,64,113328,1.000000,1.000000,1.000000,{"1":112119,"2":1160,"3":49},0.989332,0.010236,0.000432,0.000000,0.989332,0.010668,1.000000
0.148558706,5,95,union,64,113359,1.000000,1.000000,1.000000,{"1":112119,"2":1184,"3":56},0.989061,0.010445,0.000494,0.000000,0.989061,0.010939,1.000000
0.148558706,5,95,snapshot,64,8192,1.000000,1.000000,1.000000,{"1":7624,"2":548,"3":20},0.930664,0.066895,0.002441,0.000000,0.930664,0.069336,1.000000
0.148558706,5,95,read_only,256,113328,1.000000,1.000000,1.000000,{"1":112119,"2":1160,"3":49},0.989332,0.010236,0.000432,0.000000,0.989332,0.010668,1.000000
0.148558706,5,95,union,256,113359,1.000000,1.000000,1.000000,{"1":112119,"2":1184,"3":56},0.989061,0.010445,0.000494,0.000000,0.989061,0.010939,1.000000
0.148558706,5,95,snapshot,256,8192,1.000000,1.000000,1.000000,{"1":7624,"2":548,"3":20},0.930664,0.066895,0.002441,0.000000,0.930664,0.069336,1.000000
0.148558706,5,95,read_only,1024,28488,0.984941,0.994682,0.984941,{"1":112119,"2":1160,"3":49},0.980904,0.017270,0.001825,0.000000,0.980904,0.004037,0.211397
0.148558706,5,95,union,1024,28488,0.984801,0.994653,0.984801,{"1":112119,"2":1184,"3":56},0.980904,0.017130,0.001966,0.000000,0.980904,0.003896,0.204044
0.148558706,5,95,snapshot,1024,2645,0.966730,0.986957,0.966730,{"1":7624,"2":548,"3":20},0.857467,0.134972,0.007561,0.000000,0.857467,0.109263,0.766578
0.148558706,5,95,read_only,4096,7162,0.959788,0.978416,0.959788,{"1":112119,"2":1160,"3":49},0.959788,0.011310,0.028903,0.000000,0.959788,0.000000,0.000000
0.148558706,5,95,union,4096,7162,0.959788,0.978311,0.959788,{"1":112119,"2":1184,"3":56},0.959788,0.010891,0.029321,0.000000,0.959788,0.000000,0.000000
0.148558706,5,95,snapshot,4096,851,0.749706,0.881185,0.749706,{"1":7624,"2":548,"3":20},0.702703,0.160987,0.136310,0.000000,0.702703,0.047004,0.158103
0.148558706,5,95,read_only,16384,1800,0.955556,0.972164,0.955556,{"1":112119,"2":1160,"3":49},0.955556,0.003889,0.040556,0.000000,0.955556,0.000000,0.000000
0.148558706,5,95,union,16384,1800,0.955556,0.972079,0.955556,{"1":112119,"2":1184,"3":56},0.955556,0.003889,0.040556,0.000000,0.955556,0.000000,0.000000
0.148558706,5,95,snapshot,16384,250,0.716000,0.840050,0.716000,{"1":7624,"2":548,"3":20},0.712000,0.016000,0.272000,0.000000,0.712000,0.004000,0.013889
0.148818409,5,96,snapshot,64,8192,1.000000,1.000000,1.000000,{"1":7624,"2":548,"3":20},0.930664,0.066895,0.002441,0.000000,0.930664,0.069336,1.000000
0.148818409,5,96,snapshot,256,8192,1.000000,1.000000,1.000000,{"1":7624,"2":548,"3":20},0.930664,0.066895,0.002441,0.000000,0.930664,0.069336,1.000000
0.148818409,5,96,snapshot,1024,2645,0.966730,0.986957,0.966730,{"1":7624,"2":548,"3":20},0.857467,0.134972,0.007561,0.000000,0.857467,0.109263,0.766578
0.148818409,5,96,snapshot,4096,851,0.749706,0.881185,0.749706,{"1":7624,"2":548,"3":20},0.702703,0.160987,0.136310,0.000000,0.702703,0.047004,0.158103
0.148818409,5,96,snapshot,16384,250,0.716000,0.840050,0.716000,{"1":7624,"2":548,"3":20},0.712000,0.016000,0.272000,0.000000,0.712000,0.004000,0.013889
0.149120650,5,97,read_only,64,65,1.000000,1.000000,1.000000,{"1":65},1.000000,0.000000,0.000000,0.000000,1.000000,0.000000,-1.000000
0.149120650,5,97,union,64,65,1.000000,1.000000,1.000000,{"1":65},1.000000,0.000000,0.000000,0.000000,1.000000,0.000000,-1.000000
0.149120650,5,97,snapshot,64,8192,1.000000,1.000000,1.000000,{"1":7629,"2":543,"3":20},0.931274,0.066284,0.002441,0.000000,0.931274,0.068726,1.000000
0.149120650,5,97,read_only,256,65,1.000000,1.000000,1.000000,{"1":65},1.000000,0.000000,0.000000,0.000000,1.000000,0.000000,-1.000000
0.149120650,5,97,union,256,65,1.000000,1.000000,1.000000,{"1":65},1.000000,0.000000,0.000000,0.000000,1.000000,0.000000,-1.000000
0.149120650,5,97,snapshot,256,8192,1.000000,1.000000,1.000000,{"1":7629,"2":543,"3":20},0.931274,0.066284,0.002441,0.000000,0.931274,0.068726,1.000000
0.149120650,5,97,read_only,1024,17,1.000000,1.000000,1.000000,{"1":65},1.000000,0.000000,0.000000,0.000000,1.000000,0.000000,-1.000000
0.149120650,5,97,union,1024,17,1.000000,1.000000,1.000000,{"1":65},1.000000,0.000000,0.000000,0.000000,1.000000,0.000000,-1.000000
0.149120650,5,97,snapshot,1024,2646,0.966742,0.986961,0.966742,{"1":7629,"2":543,"3":20},0.858655,0.133787,0.007559,0.000000,0.858655,0.108088,0.764706
0.149120650,5,97,read_only,4096,5,1.000000,1.000000,1.000000,{"1":65},1.000000,0.000000,0.000000,0.000000,1.000000,0.000000,-1.000000
0.149120650,5,97,union,4096,5,1.000000,1.000000,1.000000,{"1":65},1.000000,0.000000,0.000000,0.000000,1.000000,0.000000,-1.000000
0.149120650,5,97,snapshot,4096,853,0.752638,0.882753,0.752638,{"1":7629,"2":543,"3":20},0.705744,0.159437,0.134818,0.000000,0.705744,0.046893,0.159363
0.149120650,5,97,read_only,16384,2,1.000000,1.000000,1.000000,{"1":65},1.000000,0.000000,0.000000,0.000000,1.000000,0.000000,-1.000000
0.149120650,5,97,union,16384,2,1.000000,1.000000,1.000000,{"1":65},1.000000,0.000000,0.000000,0.000000,1.000000,0.000000,-1.000000
0.149120650,5,97,snapshot,16384,251,0.717131,0.840914,0.717131,{"1":7629,"2":543,"3":20},0.713147,0.015936,0.270916,0.000000,0.713147,0.003984,0.013889
