sim_time,gpu_id,kernel_id,view,region_size_bytes,num_regions_with_entries,strict_coalescable_ratio,avg_relaxed_ratio,full_redundant_ratio,sharer_set_cardinality_dist_json,reg_card1_ratio,reg_card2_ratio,reg_card3_ratio,reg_card4plus_ratio,coalescable_private_ratio,coalescable_shared_ratio,shared_only_strict_ratio
0.000574933,3,0,read_only,64,4637,1.000000,1.000000,1.000000,{"1":4637},1.000000,0.000000,0.000000,0.000000,1.000000,0.000000,-1.000000
0.000574933,3,0,union,64,4637,1.000000,1.000000,1.000000,{"1":4637},1.000000,0.000000,0.000000,0.000000,1.000000,0.000000,-1.000000
0.000574933,3,0,snapshot,64,4637,1.000000,1.000000,1.000000,{"1":4637},1.000000,0.000000,0.000000,0.000000,1.000000,0.000000,-1.000000
0.000574933,3,0,read_only,256,4637,1.000000,1.000000,1.000000,{"1":4637},1.000000,0.000000,0.000000,0.000000,1.000000,0.000000,-1.000000
0.000574933,3,0,union,256,4637,1.000000,1.000000,1.000000,{"1":4637},1.000000,0.000000,0.000000,0.000000,1.000000,0.000000,-1.000000
0.000574933,3,0,snapshot,256,4637,1.000000,1.000000,1.000000,{"1":4637},1.000000,0.000000,0.000000,0.000000,1.000000,0.000000,-1.000000
0.000574933,3,0,read_only,1024,1160,1.000000,1.000000,1.000000,{"1":4637},1.000000,0.000000,0.000000,0.000000,1.000000,0.000000,-1.000000
0.000574933,3,0,union,1024,1160,1.000000,1.000000,1.000000,{"1":4637},1.000000,0.000000,0.000000,0.000000,1.000000,0.000000,-1.000000
0.000574933,3,0,snapshot,1024,1160,1.000000,1.000000,1.000000,{"1":4637},1.000000,0.000000,0.000000,0.000000,1.000000,0.000000,-1.000000
0.000574933,3,0,read_only,4096,290,1.000000,1.000000,1.000000,{"1":4637},1.000000,0.000000,0.000000,0.000000,1.000000,0.000000,-1.000000
0.000574933,3,0,union,4096,290,1.000000,1.000000,1.000000,{"1":4637},1.000000,0.000000,0.000000,0.000000,1.000000,0.000000,-1.000000
0.000574933,3,0,snapshot,4096,290,1.000000,1.000000,1.000000,{"1":4637},1.000000,0.000000,0.000000,0.000000,1.000000,0.000000,-1.000000
0.000574933,3,0,read_only,16384,75,0.986667,0.996667,0.986667,{"1":4637},0.986667,0.013333,0.000000,0.000000,0.986667,0.000000,0.000000
0.000574933,3,0,union,16384,75,0.986667,0.996667,0.986667,{"1":4637},0.986667,0.013333,0.000000,0.000000,0.986667,0.000000,0.000000
0.000574933,3,0,snapshot,16384,75,0.986667,0.996667,0.986667,{"1":4637},0.986667,0.013333,0.000000,0.000000,0.986667,0.000000,0.000000
0.003128309,3,1,read_only,64,22083,1.000000,1.000000,1.000000,{"1":22083},1.000000,0.000000,0.000000,0.000000,1.000000,0.000000,-1.000000
0.003128309,3,1,union,64,22083,1.000000,1.000000,1.000000,{"1":22083},1.000000,0.000000,0.000000,0.000000,1.000000,0.000000,-1.000000
0.003128309,3,1,snapshot,64,8192,1.000000,1.000000,1.000000,{"1":8192},1.000000,0.000000,0.000000,0.000000,1.000000,0.000000,-1.000000
0.003128309,3,1,read_only,256,22083,1.000000,1.000000,1.000000,{"1":22083},1.000000,0.000000,0.000000,0.000000,1.000000,0.000000,-1.000000
0.003128309,3,1,union,256,22083,1.000000,1.000000,1.000000,{"1":22083},1.000000,0.000000,0.000000,0.000000,1.000000,0.000000,-1.000000
0.003128309,3,1,snapshot,256,8192,1.000000,1.000000,1.000000,{"1":8192},1.000000,0.000000,0.000000,0.000000,1.000000,0.000000,-1.000000
0.003128309,3,1,read_only,1024,5521,1.000000,1.000000,1.000000,{"1":22083},1.000000,0.000000,0.000000,0.000000,1.000000,0.000000,-1.000000
0.003128309,3,1,union,1024,5521,1.000000,1.000000,1.000000,{"1":22083},1.000000,0.000000,0.000000,0.000000,1.000000,0.000000,-1.000000
0.003128309,3,1,snapshot,1024,2142,1.000000,1.000000,1.000000,{"1":8192},1.000000,0.000000,0.000000,0.000000,1.000000,0.000000,-1.000000
0.003128309,3,1,read_only,4096,1381,1.000000,1.000000,1.000000,{"1":22083},1.000000,0.000000,0.000000,0.000000,1.000000,0.000000,-1.000000
0.003128309,3,1,union,4096,1381,1.000000,1.000000,1.000000,{"1":22083},1.000000,0.000000,0.000000,0.000000,1.000000,0.000000,-1.000000
0.003128309,3,1,snapshot,4096,564,1.000000,1.000000,1.000000,{"1":8192},1.000000,0.000000,0.000000,0.000000,1.000000,0.000000,-1.000000
0.003128309,3,1,read_only,16384,348,0.997126,0.998563,0.997126,{"1":22083},0.997126,0.002874,0.000000,0.000000,0.997126,0.000000,0.000000
0.003128309,3,1,union,16384,348,0.997126,0.998563,0.997126,{"1":22083},0.997126,0.002874,0.000000,0.000000,0.997126,0.000000,0.000000
0.003128309,3,1,snapshot,16384,155,1.000000,1.000000,1.000000,{"1":8192},1.000000,0.000000,0.000000,0.000000,1.000000,0.000000,-1.000000
0.003356952,3,2,snapshot,64,8192,1.000000,1.000000,1.000000,{"1":8192},1.000000,0.000000,0.000000,0.000000,1.000000,0.000000,-1.000000
0.003356952,3,2,snapshot,256,8192,1.000000,1.000000,1.000000,{"1":8192},1.000000,0.000000,0.000000,0.000000,1.000000,0.000000,-1.000000
0.003356952,3,2,snapshot,1024,2142,1.000000,1.000000,1.000000,{"1":8192},1.000000,0.000000,0.000000,0.000000,1.000000,0.000000,-1.000000
0.003356952,3,2,snapshot,4096,564,1.000000,1.000000,1.000000,{"1":8192},1.000000,0.000000,0.000000,0.000000,1.000000,0.000000,-1.000000
0.003356952,3,2,snapshot,16384,155,1.000000,1.000000,1.000000,{"1":8192},1.000000,0.000000,0.000000,0.000000,1.000000,0.000000,-1.000000
0.003963796,3,3,read_only,64,7496,1.000000,1.000000,1.000000,{"1":7496},1.000000,0.000000,0.000000,0.000000,1.000000,0.000000,-1.000000
0.003963796,3,3,union,64,7496,1.000000,1.000000,1.000000,{"1":7496},1.000000,0.000000,0.000000,0.000000,1.000000,0.000000,-1.000000
0.003963796,3,3,snapshot,64,8192,1.000000,1.000000,1.000000,{"1":8192},1.000000,0.000000,0.000000,0.000000,1.000000,0.000000,-1.000000
0.003963796,3,3,read_only,256,7496,1.000000,1.000000,1.000000,{"1":7496},1.000000,0.000000,0.000000,0.000000,1.000000,0.000000,-1.000000
0.003963796,3,3,union,256,7496,1.000000,1.000000,1.000000,{"1":7496},1.000000,0.000000,0.000000,0.000000,1.000000,0.000000,-1.000000
0.003963796,3,3,snapshot,256,8192,1.000000,1.000000,1.000000,{"1":8192},1.000000,0.000000,0.000000,0.000000,1.000000,0.000000,-1.000000
0.003963796,3,3,read_only,1024,2086,1.000000,1.000000,1.000000,{"1":7496},1.000000,0.000000,0.000000,0.000000,1.000000,0.000000,-1.000000
0.003963796,3,3,union,1024,2086,1.000000,1.000000,1.000000,{"1":7496},1.000000,0.000000,0.000000,0.000000,1.000000,0.000000,-1.000000
0.003963796,3,3,snapshot,1024,2492,1.000000,1.000000,1.000000,{"1":8192},1.000000,0.000000,0.000000,0.000000,1.000000,0.000000,-1.000000
0.003963796,3,3,read_only,4096,527,1.000000,1.000000,1.000000,{"1":7496},1.000000,0.000000,0.000000,0.000000,1.000000,0.000000,-1.000000
0.003963796,3,3,union,4096,527,1.000000,1.000000,1.000000,{"1":7496},1.000000,0.000000,0.000000,0.000000,1.000000,0.000000,-1.000000
0.003963796,3,3,snapshot,4096,670,1.000000,1.000000,1.000000,{"1":8192},1.000000,0.000000,0.000000,0.000000,1.000000,0.000000,-1.000000
0.003963796,3,3,read_only,16384,133,0.992481,0.996362,0.992481,{"1":7496},0.992481,0.007519,0.000000,0.000000,0.992481,0.000000,0.000000
0.003963796,3,3,union,16384,133,0.992481,0.996362,0.992481,{"1":7496},0.992481,0.007519,0.000000,0.000000,0.992481,0.000000,0.000000
0.003963796,3,3,snapshot,16384,184,0.994565,0.997327,0.994565,{"1":8192},0.994565,0.005435,0.000000,0.000000,0.994565,0.000000,0.000000
0.010871212,3,4,read_only,64,42225,1.000000,1.000000,1.000000,{"1":31038,"2":4699,"3":6488},0.735062,0.111285,0.153653,0.000000,0.735062,0.264938,1.000000
0.010871212,3,4,union,64,42225,1.000000,1.000000,1.000000,{"1":31038,"2":4699,"3":6488},0.735062,0.111285,0.153653,0.000000,0.735062,0.264938,1.000000
0.010871212,3,4,snapshot,64,8192,1.000000,1.000000,1.000000,{"1":2675,"2":2627,"3":2890},0.326538,0.320679,0.352783,0.000000,0.326538,0.673462,1.000000
0.010871212,3,4,read_only,256,42225,1.000000,1.000000,1.000000,{"1":31038,"2":4699,"3":6488},0.735062,0.111285,0.153653,0.000000,0.735062,0.264938,1.000000
0.010871212,3,4,union,256,42225,1.000000,1.000000,1.000000,{"1":31038,"2":4699,"3":6488},0.735062,0.111285,0.153653,0.000000,0.735062,0.264938,1.000000
0.010871212,3,4,snapshot,256,8192,1.000000,1.000000,1.000000,{"1":2675,"2":2627,"3":2890},0.326538,0.320679,0.352783,0.000000,0.326538,0.673462,1.000000
0.010871212,3,4,read_only,1024,10560,0.936174,0.973674,0.936174,{"1":31038,"2":4699,"3":6488},0.734470,0.076042,0.189489,0.000000,0.734470,0.201705,0.759629
0.010871212,3,4,union,1024,10560,0.936174,0.973674,0.936174,{"1":31038,"2":4699,"3":6488},0.734470,0.076042,0.189489,0.000000,0.734470,0.201705,0.759629
0.010871212,3,4,snapshot,1024,2542,0.866640,0.947220,0.866640,{"1":2675,"2":2627,"3":2890},0.365067,0.225413,0.409520,0.000000,0.365067,0.501574,0.789963
0.010871212,3,4,read_only,4096,2640,0.817045,0.941430,0.817045,{"1":31038,"2":4699,"3":6488},0.734470,0.013258,0.252273,0.000000,0.734470,0.082576,0.310984
0.010871212,3,4,union,4096,2640,0.817045,0.941430,0.817045,{"1":31038,"2":4699,"3":6488},0.734470,0.013258,0.252273,0.000000,0.734470,0.082576,0.310984
0.010871212,3,4,snapshot,4096,853,0.655334,0.886351,0.655334,{"1":2675,"2":2627,"3":2890},0.378664,0.090270,0.531067,0.000000,0.378664,0.276671,0.445283
0.010871212,3,4,read_only,16384,664,0.746988,0.916874,0.746988,{"1":31038,"2":4699,"3":6488},0.728916,0.006024,0.265060,0.000000,0.728916,0.018072,0.066667
0.010871212,3,4,union,16384,664,0.746988,0.916874,0.746988,{"1":31038,"2":4699,"3":6488},0.728916,0.006024,0.265060,0.000000,0.728916,0.018072,0.066667
0.010871212,3,4,snapshot,16384,269,0.509294,0.836038,0.509294,{"1":2675,"2":2627,"3":2890},0.390335,0.022305,0.587361,0.000000,0.390335,0.118959,0.195122
0.012276749,3,5,read_only,64,32104,1.000000,1.000000,1.000000,{"1":21070,"2":11034},0.656305,0.343695,0.000000,0.000000,0.656305,0.343695,1.000000
0.012276749,3,5,union,64,32104,1.000000,1.000000,1.000000,{"1":21070,"2":11034},0.656305,0.343695,0.000000,0.000000,0.656305,0.343695,1.000000
0.012276749,3,5,snapshot,64,8192,1.000000,1.000000,1.000000,{"1":5322,"2":2870},0.649658,0.350342,0.000000,0.000000,0.649658,0.350342,1.000000
0.012276749,3,5,read_only,256,32104,1.000000,1.000000,1.000000,{"1":21070,"2":11034},0.656305,0.343695,0.000000,0.000000,0.656305,0.343695,1.000000
0.012276749,3,5,union,256,32104,1.000000,1.000000,1.000000,{"1":21070,"2":11034},0.656305,0.343695,0.000000,0.000000,0.656305,0.343695,1.000000
0.012276749,3,5,snapshot,256,8192,1.000000,1.000000,1.000000,{"1":5322,"2":2870},0.649658,0.350342,0.000000,0.000000,0.649658,0.350342,1.000000
0.012276749,3,5,read_only,1024,8056,1.000000,1.000000,1.000000,{"1":21070,"2":11034},0.657150,0.342850,0.000000,0.000000,0.657150,0.342850,1.000000
0.012276749,3,5,union,1024,8056,1.000000,1.000000,1.000000,{"1":21070,"2":11034},0.657150,0.342850,0.000000,0.000000,0.657150,0.342850,1.000000
0.012276749,3,5,snapshot,1024,2107,1.000000,1.000000,1.000000,{"1":5322,"2":2870},0.652587,0.347413,0.000000,0.000000,0.652587,0.347413,1.000000
0.012276749,3,5,read_only,4096,2031,1.000000,1.000000,1.000000,{"1":21070,"2":11034},0.659281,0.340719,0.000000,0.000000,0.659281,0.340719,1.000000
0.012276749,3,5,union,4096,2031,1.000000,1.000000,1.000000,{"1":21070,"2":11034},0.659281,0.340719,0.000000,0.000000,0.659281,0.340719,1.000000
0.012276749,3,5,snapshot,4096,549,1.000000,1.000000,1.000000,{"1":5322,"2":2870},0.653916,0.346084,0.000000,0.000000,0.653916,0.346084,1.000000
0.012276749,3,5,read_only,16384,568,0.968310,0.989652,0.968310,{"1":21070,"2":11034},0.656690,0.338028,0.005282,0.000000,0.656690,0.311620,0.907692
0.012276749,3,5,union,16384,568,0.968310,0.989652,0.968310,{"1":21070,"2":11034},0.656690,0.338028,0.005282,0.000000,0.656690,0.311620,0.907692
0.012276749,3,5,snapshot,16384,189,0.994709,0.998236,0.994709,{"1":5322,"2":2870},0.671958,0.328042,0.000000,0.000000,0.671958,0.322751,0.983871
0.026283282,3,6,read_only,64,68090,1.000000,1.000000,1.000000,{"1":65283,"2":2804,"3":3},0.958775,0.041181,0.000044,0.000000,0.958775,0.041225,1.000000
0.026283282,3,6,union,64,68090,1.000000,1.000000,1.000000,{"1":65283,"2":2804,"3":3},0.958775,0.041181,0.000044,0.000000,0.958775,0.041225,1.000000
0.026283282,3,6,snapshot,64,8192,1.000000,1.000000,1.000000,{"1":8189,"3":3},0.999634,0.000000,0.000366,0.000000,0.999634,0.000366,1.000000
0.026283282,3,6,read_only,256,68090,1.000000,1.000000,1.000000,{"1":65283,"2":2804,"3":3},0.958775,0.041181,0.000044,0.000000,0.958775,0.041225,1.000000
0.026283282,3,6,union,256,68090,1.000000,1.000000,1.000000,{"1":65283,"2":2804,"3":3},0.958775,0.041181,0.000044,0.000000,0.958775,0.041225,1.000000
0.026283282,3,6,snapshot,256,8192,1.000000,1.000000,1.000000,{"1":8189,"3":3},0.999634,0.000000,0.000366,0.000000,0.999634,0.000366,1.000000
0.026283282,3,6,read_only,1024,17070,0.999473,0.999810,0.999473,{"1":65283,"2":2804,"3":3},0.958289,0.041476,0.000234,0.000000,0.958289,0.041183,0.987360
0.026283282,3,6,union,1024,17070,0.999473,0.999810,0.999473,{"1":65283,"2":2804,"3":3},0.958289,0.041476,0.000234,0.000000,0.958289,0.041183,0.987360
0.026283282,3,6,snapshot,1024,2670,0.999251,0.999625,0.999251,{"1":8189,"3":3},0.998876,0.000000,0.001124,0.000000,0.998876,0.000375,0.333333
0.026283282,3,6,read_only,4096,4277,0.999299,0.999766,0.999299,{"1":65283,"2":2804,"3":3},0.957447,0.041618,0.000935,0.000000,0.957447,0.041852,0.983516
0.026283282,3,6,union,4096,4277,0.999299,0.999766,0.999299,{"1":65283,"2":2804,"3":3},0.957447,0.041618,0.000935,0.000000,0.957447,0.041852,0.983516
0.026283282,3,6,snapshot,4096,879,0.998862,0.999431,0.998862,{"1":8189,"3":3},0.997725,0.000000,0.002275,0.000000,0.997725,0.001138,0.500000
0.026283282,3,6,read_only,16384,1113,0.991015,0.997540,0.991015,{"1":65283,"2":2804,"3":3},0.940701,0.055705,0.003594,0.000000,0.940701,0.050314,0.848485
0.026283282,3,6,union,16384,1113,0.991015,0.997540,0.991015,{"1":65283,"2":2804,"3":3},0.940701,0.055705,0.003594,0.000000,0.940701,0.050314,0.848485
0.026283282,3,6,snapshot,16384,275,0.996364,0.999691,0.996364,{"1":8189,"3":3},0.992727,0.000000,0.007273,0.000000,0.992727,0.003636,0.500000
0.026967166,3,7,read_only,64,13505,1.000000,1.000000,1.000000,{"1":13505},1.000000,0.000000,0.000000,0.000000,1.000000,0.000000,-1.000000
0.026967166,3,7,union,64,13505,1.000000,1.000000,1.000000,{"1":13505},1.000000,0.000000,0.000000,0.000000,1.000000,0.000000,-1.000000
0.026967166,3,7,snapshot,64,8192,1.000000,1.000000,1.000000,{"1":8192},1.000000,0.000000,0.000000,0.000000,1.000000,0.000000,-1.000000
0.026967166,3,7,read_only,256,13505,1.000000,1.000000,1.000000,{"1":13505},1.000000,0.000000,0.000000,0.000000,1.000000,0.000000,-1.000000
0.026967166,3,7,union,256,13505,1.000000,1.000000,1.000000,{"1":13505},1.000000,0.000000,0.000000,0.000000,1.000000,0.000000,-1.000000
0.026967166,3,7,snapshot,256,8192,1.000000,1.000000,1.000000,{"1":8192},1.000000,0.000000,0.000000,0.000000,1.000000,0.000000,-1.000000
0.026967166,3,7,read_only,1024,3517,1.000000,1.000000,1.000000,{"1":13505},1.000000,0.000000,0.000000,0.000000,1.000000,0.000000,-1.000000
0.026967166,3,7,union,1024,3517,1.000000,1.000000,1.000000,{"1":13505},1.000000,0.000000,0.000000,0.000000,1.000000,0.000000,-1.000000
0.026967166,3,7,snapshot,1024,2469,1.000000,1.000000,1.000000,{"1":8192},1.000000,0.000000,0.000000,0.000000,1.000000,0.000000,-1.000000
0.026967166,3,7,read_only,4096,915,1.000000,1.000000,1.000000,{"1":13505},1.000000,0.000000,0.000000,0.000000,1.000000,0.000000,-1.000000
0.026967166,3,7,union,4096,915,1.000000,1.000000,1.000000,{"1":13505},1.000000,0.000000,0.000000,0.000000,1.000000,0.000000,-1.000000
0.026967166,3,7,snapshot,4096,712,1.000000,1.000000,1.000000,{"1":8192},1.000000,0.000000,0.000000,0.000000,1.000000,0.000000,-1.000000
0.026967166,3,7,read_only,16384,240,0.995833,0.999833,0.995833,{"1":13505},0.995833,0.004167,0.000000,0.000000,0.995833,0.000000,0.000000
0.026967166,3,7,union,16384,240,0.995833,0.999833,0.995833,{"1":13505},0.995833,0.004167,0.000000,0.000000,0.995833,0.000000,0.000000
0.026967166,3,7,snapshot,16384,189,1.000000,1.000000,1.000000,{"1":8192},1.000000,0.000000,0.000000,0.000000,1.000000,0.000000,-1.000000
0.027759810,3,8,read_only,64,17512,1.000000,1.000000,1.000000,{"1":17512},1.000000,0.000000,0.000000,0.000000,1.000000,0.000000,-1.000000
0.027759810,3,8,union,64,17512,1.000000,1.000000,1.000000,{"1":17512},1.000000,0.000000,0.000000,0.000000,1.000000,0.000000,-1.000000
0.027759810,3,8,snapshot,64,8192,1.000000,1.000000,1.000000,{"1":8192},1.000000,0.000000,0.000000,0.000000,1.000000,0.000000,-1.000000
0.027759810,3,8,read_only,256,17512,1.000000,1.000000,1.000000,{"1":17512},1.000000,0.000000,0.000000,0.000000,1.000000,0.000000,-1.000000
0.027759810,3,8,union,256,17512,1.000000,1.000000,1.000000,{"1":17512},1.000000,0.000000,0.000000,0.000000,1.000000,0.000000,-1.000000
0.027759810,3,8,snapshot,256,8192,1.000000,1.000000,1.000000,{"1":8192},1.000000,0.000000,0.000000,0.000000,1.000000,0.000000,-1.000000
0.027759810,3,8,read_only,1024,4525,1.000000,1.000000,1.000000,{"1":17512},1.000000,0.000000,0.000000,0.000000,1.000000,0.000000,-1.000000
0.027759810,3,8,union,1024,4525,1.000000,1.000000,1.000000,{"1":17512},1.000000,0.000000,0.000000,0.000000,1.000000,0.000000,-1.000000
0.027759810,3,8,snapshot,1024,2309,1.000000,1.000000,1.000000,{"1":8192},1.000000,0.000000,0.000000,0.000000,1.000000,0.000000,-1.000000
0.027759810,3,8,read_only,4096,1184,1.000000,1.000000,1.000000,{"1":17512},1.000000,0.000000,0.000000,0.000000,1.000000,0.000000,-1.000000
0.027759810,3,8,union,4096,1184,1.000000,1.000000,1.000000,{"1":17512},1.000000,0.000000,0.000000,0.000000,1.000000,0.000000,-1.000000
0.027759810,3,8,snapshot,4096,654,1.000000,1.000000,1.000000,{"1":8192},1.000000,0.000000,0.000000,0.000000,1.000000,0.000000,-1.000000
0.027759810,3,8,read_only,16384,317,0.993691,0.998351,0.993691,{"1":17512},0.993691,0.006309,0.000000,0.000000,0.993691,0.000000,0.000000
0.027759810,3,8,union,16384,317,0.993691,0.998351,0.993691,{"1":17512},0.993691,0.006309,0.000000,0.000000,0.993691,0.000000,0.000000
0.027759810,3,8,snapshot,16384,188,1.000000,1.000000,1.000000,{"1":8192},1.000000,0.000000,0.000000,0.000000,1.000000,0.000000,-1.000000
0.028532451,3,9,read_only,64,15040,1.000000,1.000000,1.000000,{"1":15040},1.000000,0.000000,0.000000,0.000000,1.000000,0.000000,-1.000000
0.028532451,3,9,union,64,15040,1.000000,1.000000,1.000000,{"1":15040},1.000000,0.000000,0.000000,0.000000,1.000000,0.000000,-1.000000
0.028532451,3,9,snapshot,64,8192,1.000000,1.000000,1.000000,{"1":8192},1.000000,0.000000,0.000000,0.000000,1.000000,0.000000,-1.000000
0.028532451,3,9,read_only,256,15040,1.000000,1.000000,1.000000,{"1":15040},1.000000,0.000000,0.000000,0.000000,1.000000,0.000000,-1.000000
0.028532451,3,9,union,256,15040,1.000000,1.000000,1.000000,{"1":15040},1.000000,0.000000,0.000000,0.000000,1.000000,0.000000,-1.000000
0.028532451,3,9,snapshot,256,8192,1.000000,1.000000,1.000000,{"1":8192},1.000000,0.000000,0.000000,0.000000,1.000000,0.000000,-1.000000
0.028532451,3,9,read_only,1024,3869,1.000000,1.000000,1.000000,{"1":15040},1.000000,0.000000,0.000000,0.000000,1.000000,0.000000,-1.000000
0.028532451,3,9,union,1024,3869,1.000000,1.000000,1.000000,{"1":15040},1.000000,0.000000,0.000000,0.000000,1.000000,0.000000,-1.000000
0.028532451,3,9,snapshot,1024,2246,1.000000,1.000000,1.000000,{"1":8192},1.000000,0.000000,0.000000,0.000000,1.000000,0.000000,-1.000000
0.028532451,3,9,read_only,4096,992,1.000000,1.000000,1.000000,{"1":15040},1.000000,0.000000,0.000000,0.000000,1.000000,0.000000,-1.000000
0.028532451,3,9,union,4096,992,1.000000,1.000000,1.000000,{"1":15040},1.000000,0.000000,0.000000,0.000000,1.000000,0.000000,-1.000000
0.028532451,3,9,snapshot,4096,617,1.000000,1.000000,1.000000,{"1":8192},1.000000,0.000000,0.000000,0.000000,1.000000,0.000000,-1.000000
0.028532451,3,9,read_only,16384,258,0.996124,0.998983,0.996124,{"1":15040},0.996124,0.003876,0.000000,0.000000,0.996124,0.000000,0.000000
0.028532451,3,9,union,16384,258,0.996124,0.998983,0.996124,{"1":15040},0.996124,0.003876,0.000000,0.000000,0.996124,0.000000,0.000000
0.028532451,3,9,snapshot,16384,176,1.000000,1.000000,1.000000,{"1":8192},1.000000,0.000000,0.000000,0.000000,1.000000,0.000000,-1.000000
0.029501677,3,10,read_only,64,10584,1.000000,1.000000,1.000000,{"1":10393,"2":191},0.981954,0.018046,0.000000,0.000000,0.981954,0.018046,1.000000
0.029501677,3,10,union,64,10584,1.000000,1.000000,1.000000,{"1":10393,"2":191},0.981954,0.018046,0.000000,0.000000,0.981954,0.018046,1.000000
0.029501677,3,10,snapshot,64,8192,1.000000,1.000000,1.000000,{"1":8016,"2":176},0.978516,0.021484,0.000000,0.000000,0.978516,0.021484,1.000000
0.029501677,3,10,read_only,256,10584,1.000000,1.000000,1.000000,{"1":10393,"2":191},0.981954,0.018046,0.000000,0.000000,0.981954,0.018046,1.000000
0.029501677,3,10,union,256,10584,1.000000,1.000000,1.000000,{"1":10393,"2":191},0.981954,0.018046,0.000000,0.000000,0.981954,0.018046,1.000000
0.029501677,3,10,snapshot,256,8192,1.000000,1.000000,1.000000,{"1":8016,"2":176},0.978516,0.021484,0.000000,0.000000,0.978516,0.021484,1.000000
0.029501677,3,10,read_only,1024,2701,0.999630,0.999907,0.999630,{"1":10393,"2":191},0.982229,0.017771,0.000000,0.000000,0.982229,0.017401,0.979167
0.029501677,3,10,union,1024,2701,0.999630,0.999907,0.999630,{"1":10393,"2":191},0.982229,0.017771,0.000000,0.000000,0.982229,0.017401,0.979167
0.029501677,3,10,snapshot,1024,2130,0.999531,0.999883,0.999531,{"1":8016,"2":176},0.977934,0.022066,0.000000,0.000000,0.977934,0.021596,0.978723
0.029501677,3,10,read_only,4096,702,0.998575,0.999911,0.998575,{"1":10393,"2":191},0.982906,0.017094,0.000000,0.000000,0.982906,0.015670,0.916667
0.029501677,3,10,union,4096,702,0.998575,0.999911,0.998575,{"1":10393,"2":191},0.982906,0.017094,0.000000,0.000000,0.982906,0.015670,0.916667
0.029501677,3,10,snapshot,4096,544,0.998162,0.999885,0.998162,{"1":8016,"2":176},0.977941,0.022059,0.000000,0.000000,0.977941,0.020221,0.916667
0.029501677,3,10,read_only,16384,191,0.989529,0.997300,0.989529,{"1":10393,"2":191},0.979058,0.020942,0.000000,0.000000,0.979058,0.010471,0.500000
0.029501677,3,10,union,16384,191,0.989529,0.997300,0.989529,{"1":10393,"2":191},0.979058,0.020942,0.000000,0.000000,0.979058,0.010471,0.500000
0.029501677,3,10,snapshot,16384,140,0.985714,0.996255,0.985714,{"1":8016,"2":176},0.971429,0.028571,0.000000,0.000000,0.971429,0.014286,0.500000
0.029956984,3,11,read_only,64,1212,1.000000,1.000000,1.000000,{"1":1124,"2":88},0.927393,0.072607,0.000000,0.000000,0.927393,0.072607,1.000000
0.029956984,3,11,union,64,1212,1.000000,1.000000,1.000000,{"1":1124,"2":88},0.927393,0.072607,0.000000,0.000000,0.927393,0.072607,1.000000
0.029956984,3,11,snapshot,64,8192,1.000000,1.000000,1.000000,{"1":8001,"2":191},0.976685,0.023315,0.000000,0.000000,0.976685,0.023315,1.000000
0.029956984,3,11,read_only,256,1212,1.000000,1.000000,1.000000,{"1":1124,"2":88},0.927393,0.072607,0.000000,0.000000,0.927393,0.072607,1.000000
0.029956984,3,11,union,256,1212,1.000000,1.000000,1.000000,{"1":1124,"2":88},0.927393,0.072607,0.000000,0.000000,0.927393,0.072607,1.000000
0.029956984,3,11,snapshot,256,8192,1.000000,1.000000,1.000000,{"1":8001,"2":191},0.976685,0.023315,0.000000,0.000000,0.976685,0.023315,1.000000
0.029956984,3,11,read_only,1024,447,1.000000,1.000000,1.000000,{"1":1124,"2":88},0.946309,0.053691,0.000000,0.000000,0.946309,0.053691,1.000000
0.029956984,3,11,union,1024,447,1.000000,1.000000,1.000000,{"1":1124,"2":88},0.946309,0.053691,0.000000,0.000000,0.946309,0.053691,1.000000
0.029956984,3,11,snapshot,1024,2215,0.999549,0.999887,0.999549,{"1":8001,"2":191},0.978330,0.021670,0.000000,0.000000,0.978330,0.021219,0.979167
0.029956984,3,11,read_only,4096,159,1.000000,1.000000,1.000000,{"1":1124,"2":88},0.962264,0.037736,0.000000,0.000000,0.962264,0.037736,1.000000
0.029956984,3,11,union,4096,159,1.000000,1.000000,1.000000,{"1":1124,"2":88},0.962264,0.037736,0.000000,0.000000,0.962264,0.037736,1.000000
0.029956984,3,11,snapshot,4096,597,0.998325,0.999895,0.998325,{"1":8001,"2":191},0.979899,0.020101,0.000000,0.000000,0.979899,0.018425,0.916667
0.029956984,3,11,read_only,16384,55,0.981818,0.994984,0.981818,{"1":1124,"2":88},0.945455,0.054545,0.000000,0.000000,0.945455,0.036364,0.666667
0.029956984,3,11,union,16384,55,0.981818,0.994984,0.981818,{"1":1124,"2":88},0.945455,0.054545,0.000000,0.000000,0.945455,0.036364,0.666667
0.029956984,3,11,snapshot,16384,159,0.987421,0.997772,0.987421,{"1":8001,"2":191},0.974843,0.025157,0.000000,0.000000,0.974843,0.012579,0.500000
0.031636118,3,12,read_only,64,13473,1.000000,1.000000,1.000000,{"1":13406,"2":67},0.995027,0.004973,0.000000,0.000000,0.995027,0.004973,1.000000
0.031636118,3,12,union,64,13473,1.000000,1.000000,1.000000,{"1":13406,"2":67},0.995027,0.004973,0.000000,0.000000,0.995027,0.004973,1.000000
0.031636118,3,12,snapshot,64,8192,1.000000,1.000000,1.000000,{"1":8127,"2":65},0.992065,0.007935,0.000000,0.000000,0.992065,0.007935,1.000000
0.031636118,3,12,read_only,256,13473,1.000000,1.000000,1.000000,{"1":13406,"2":67},0.995027,0.004973,0.000000,0.000000,0.995027,0.004973,1.000000
0.031636118,3,12,union,256,13473,1.000000,1.000000,1.000000,{"1":13406,"2":67},0.995027,0.004973,0.000000,0.000000,0.995027,0.004973,1.000000
0.031636118,3,12,snapshot,256,8192,1.000000,1.000000,1.000000,{"1":8127,"2":65},0.992065,0.007935,0.000000,0.000000,0.992065,0.007935,1.000000
0.031636118,3,12,read_only,1024,3456,0.997396,0.999084,0.997396,{"1":13406,"2":67},0.992188,0.007812,0.000000,0.000000,0.992188,0.005208,0.666667
0.031636118,3,12,union,1024,3456,0.997396,0.999084,0.997396,{"1":13406,"2":67},0.992188,0.007812,0.000000,0.000000,0.992188,0.005208,0.666667
0.031636118,3,12,snapshot,1024,2194,0.995442,0.998443,0.995442,{"1":8127,"2":65},0.987694,0.012306,0.000000,0.000000,0.987694,0.007748,0.629630
0.031636118,3,12,read_only,4096,880,0.982955,0.992831,0.982955,{"1":13406,"2":67},0.982955,0.017045,0.000000,0.000000,0.982955,0.000000,0.000000
0.031636118,3,12,union,4096,880,0.982955,0.992831,0.982955,{"1":13406,"2":67},0.982955,0.017045,0.000000,0.000000,0.982955,0.000000,0.000000
0.031636118,3,12,snapshot,4096,589,0.974533,0.989552,0.974533,{"1":8127,"2":65},0.974533,0.025467,0.000000,0.000000,0.974533,0.000000,0.000000
0.031636118,3,12,read_only,16384,233,0.978541,0.990713,0.978541,{"1":13406,"2":67},0.978541,0.021459,0.000000,0.000000,0.978541,0.000000,0.000000
0.031636118,3,12,union,16384,233,0.978541,0.990713,0.978541,{"1":13406,"2":67},0.978541,0.021459,0.000000,0.000000,0.978541,0.000000,0.000000
0.031636118,3,12,snapshot,16384,170,0.970588,0.987358,0.970588,{"1":8127,"2":65},0.970588,0.029412,0.000000,0.000000,0.970588,0.000000,0.000000
0.032090383,3,13,read_only,64,5401,1.000000,1.000000,1.000000,{"1":5323,"2":78},0.985558,0.014442,0.000000,0.000000,0.985558,0.014442,1.000000
0.032090383,3,13,union,64,5401,1.000000,1.000000,1.000000,{"1":5323,"2":78},0.985558,0.014442,0.000000,0.000000,0.985558,0.014442,1.000000
0.032090383,3,13,snapshot,64,8192,1.000000,1.000000,1.000000,{"1":8051,"2":141},0.982788,0.017212,0.000000,0.000000,0.982788,0.017212,1.000000
0.032090383,3,13,read_only,256,5401,1.000000,1.000000,1.000000,{"1":5323,"2":78},0.985558,0.014442,0.000000,0.000000,0.985558,0.014442,1.000000
0.032090383,3,13,union,256,5401,1.000000,1.000000,1.000000,{"1":5323,"2":78},0.985558,0.014442,0.000000,0.000000,0.985558,0.014442,1.000000
0.032090383,3,13,snapshot,256,8192,1.000000,1.000000,1.000000,{"1":8051,"2":141},0.982788,0.017212,0.000000,0.000000,0.982788,0.017212,1.000000
0.032090383,3,13,read_only,1024,1396,0.997135,0.998985,0.997135,{"1":5323,"2":78},0.974212,0.025788,0.000000,0.000000,0.974212,0.022923,0.888889
0.032090383,3,13,union,1024,1396,0.997135,0.998985,0.997135,{"1":5323,"2":78},0.974212,0.025788,0.000000,0.000000,0.974212,0.022923,0.888889
0.032090383,3,13,snapshot,1024,2131,0.990615,0.996832,0.990615,{"1":8051,"2":141},0.973252,0.026748,0.000000,0.000000,0.973252,0.017363,0.649123
0.032090383,3,13,read_only,4096,363,0.966942,0.990748,0.966942,{"1":5323,"2":78},0.958678,0.022039,0.019284,0.000000,0.958678,0.008264,0.200000
0.032090383,3,13,union,4096,363,0.966942,0.990748,0.966942,{"1":5323,"2":78},0.958678,0.022039,0.019284,0.000000,0.958678,0.008264,0.200000
0.032090383,3,13,snapshot,4096,559,0.973166,0.984757,0.973166,{"1":8051,"2":141},0.973166,0.000000,0.026834,0.000000,0.973166,0.000000,0.000000
0.032090383,3,13,read_only,16384,100,0.950000,0.988180,0.950000,{"1":5323,"2":78},0.950000,0.020000,0.030000,0.000000,0.950000,0.000000,0.000000
0.032090383,3,13,union,16384,100,0.950000,0.988180,0.950000,{"1":5323,"2":78},0.950000,0.020000,0.030000,0.000000,0.950000,0.000000,0.000000
0.032090383,3,13,snapshot,16384,163,0.969325,0.981692,0.969325,{"1":8051,"2":141},0.969325,0.000000,0.030675,0.000000,0.969325,0.000000,0.000000
0.032351264,3,14,read_only,64,162,1.000000,1.000000,1.000000,{"1":162},1.000000,0.000000,0.000000,0.000000,1.000000,0.000000,-1.000000
0.032351264,3,14,union,64,162,1.000000,1.000000,1.000000,{"1":162},1.000000,0.000000,0.000000,0.000000,1.000000,0.000000,-1.000000
0.032351264,3,14,snapshot,64,8192,1.000000,1.000000,1.000000,{"1":8051,"2":141},0.982788,0.017212,0.000000,0.000000,0.982788,0.017212,1.000000
0.032351264,3,14,read_only,256,162,1.000000,1.000000,1.000000,{"1":162},1.000000,0.000000,0.000000,0.000000,1.000000,0.000000,-1.000000
0.032351264,3,14,union,256,162,1.000000,1.000000,1.000000,{"1":162},1.000000,0.000000,0.000000,0.000000,1.000000,0.000000,-1.000000
0.032351264,3,14,snapshot,256,8192,1.000000,1.000000,1.000000,{"1":8051,"2":141},0.982788,0.017212,0.000000,0.000000,0.982788,0.017212,1.000000
0.032351264,3,14,read_only,1024,43,1.000000,1.000000,1.000000,{"1":162},1.000000,0.000000,0.000000,0.000000,1.000000,0.000000,-1.000000
0.032351264,3,14,union,1024,43,1.000000,1.000000,1.000000,{"1":162},1.000000,0.000000,0.000000,0.000000,1.000000,0.000000,-1.000000
0.032351264,3,14,snapshot,1024,2141,0.990659,0.996847,0.990659,{"1":8051,"2":141},0.973377,0.026623,0.000000,0.000000,0.973377,0.017282,0.649123
0.032351264,3,14,read_only,4096,11,1.000000,1.000000,1.000000,{"1":162},1.000000,0.000000,0.000000,0.000000,1.000000,0.000000,-1.000000
0.032351264,3,14,union,4096,11,1.000000,1.000000,1.000000,{"1":162},1.000000,0.000000,0.000000,0.000000,1.000000,0.000000,-1.000000
0.032351264,3,14,snapshot,4096,565,0.973451,0.984919,0.973451,{"1":8051,"2":141},0.973451,0.000000,0.026549,0.000000,0.973451,0.000000,0.000000
0.032351264,3,14,read_only,16384,3,1.000000,1.000000,1.000000,{"1":162},1.000000,0.000000,0.000000,0.000000,1.000000,0.000000,-1.000000
0.032351264,3,14,union,16384,3,1.000000,1.000000,1.000000,{"1":162},1.000000,0.000000,0.000000,0.000000,1.000000,0.000000,-1.000000
0.032351264,3,14,snapshot,16384,164,0.969512,0.981804,0.969512,{"1":8051,"2":141},0.969512,0.000000,0.030488,0.000000,0.969512,0.000000,0.000000
0.036029170,3,15,read_only,64,13029,1.000000,1.000000,1.000000,{"1":12926,"2":103},0.992095,0.007905,0.000000,0.000000,0.992095,0.007905,1.000000
0.036029170,3,15,union,64,13029,1.000000,1.000000,1.000000,{"1":12926,"2":103},0.992095,0.007905,0.000000,0.000000,0.992095,0.007905,1.000000
0.036029170,3,15,snapshot,64,8192,1.000000,1.000000,1.000000,{"1":8089,"2":103},0.987427,0.012573,0.000000,0.000000,0.987427,0.012573,1.000000
0.036029170,3,15,read_only,256,13029,1.000000,1.000000,1.000000,{"1":12926,"2":103},0.992095,0.007905,0.000000,0.000000,0.992095,0.007905,1.000000
0.036029170,3,15,union,256,13029,1.000000,1.000000,1.000000,{"1":12926,"2":103},0.992095,0.007905,0.000000,0.000000,0.992095,0.007905,1.000000
0.036029170,3,15,snapshot,256,8192,1.000000,1.000000,1.000000,{"1":8089,"2":103},0.987427,0.012573,0.000000,0.000000,0.987427,0.012573,1.000000
0.036029170,3,15,read_only,1024,3279,0.988716,0.995959,0.988716,{"1":12926,"2":103},0.985056,0.014944,0.000000,0.000000,0.985056,0.003660,0.244898
0.036029170,3,15,union,1024,3279,0.988716,0.995959,0.988716,{"1":12926,"2":103},0.985056,0.014944,0.000000,0.000000,0.985056,0.003660,0.244898
0.036029170,3,15,snapshot,1024,2167,0.981541,0.993501,0.981541,{"1":8089,"2":103},0.977388,0.022612,0.000000,0.000000,0.977388,0.004153,0.183673
0.036029170,3,15,read_only,4096,822,0.965937,0.992664,0.965937,{"1":12926,"2":103},0.965937,0.034063,0.000000,0.000000,0.965937,0.000000,0.000000
0.036029170,3,15,union,4096,822,0.965937,0.992664,0.965937,{"1":12926,"2":103},0.965937,0.034063,0.000000,0.000000,0.965937,0.000000,0.000000
0.036029170,3,15,snapshot,4096,574,0.951220,0.989709,0.951220,{"1":8089,"2":103},0.951220,0.048780,0.000000,0.000000,0.951220,0.000000,0.000000
0.036029170,3,15,read_only,16384,208,0.937500,0.987297,0.937500,{"1":12926,"2":103},0.937500,0.033654,0.028846,0.000000,0.937500,0.000000,0.000000
0.036029170,3,15,union,16384,208,0.937500,0.987297,0.937500,{"1":12926,"2":103},0.937500,0.033654,0.028846,0.000000,0.937500,0.000000,0.000000
0.036029170,3,15,snapshot,16384,158,0.917722,0.988242,0.917722,{"1":8089,"2":103},0.917722,0.044304,0.037975,0.000000,0.917722,0.000000,0.000000
0.037279238,3,16,read_only,64,22734,1.000000,1.000000,1.000000,{"1":12270,"2":10464},0.539720,0.460280,0.000000,0.000000,0.539720,0.460280,1.000000
0.037279238,3,16,union,64,22734,1.000000,1.000000,1.000000,{"1":12270,"2":10464},0.539720,0.460280,0.000000,0.000000,0.539720,0.460280,1.000000
0.037279238,3,16,snapshot,64,8192,1.000000,1.000000,1.000000,{"1":3810,"2":4382},0.465088,0.534912,0.000000,0.000000,0.465088,0.534912,1.000000
0.037279238,3,16,read_only,256,22734,1.000000,1.000000,1.000000,{"1":12270,"2":10464},0.539720,0.460280,0.000000,0.000000,0.539720,0.460280,1.000000
0.037279238,3,16,union,256,22734,1.000000,1.000000,1.000000,{"1":12270,"2":10464},0.539720,0.460280,0.000000,0.000000,0.539720,0.460280,1.000000
0.037279238,3,16,snapshot,256,8192,1.000000,1.000000,1.000000,{"1":3810,"2":4382},0.465088,0.534912,0.000000,0.000000,0.465088,0.534912,1.000000
0.037279238,3,16,read_only,1024,5692,1.000000,1.000000,1.000000,{"1":12270,"2":10464},0.540408,0.459592,0.000000,0.000000,0.540408,0.459592,1.000000
0.037279238,3,16,union,1024,5692,1.000000,1.000000,1.000000,{"1":12270,"2":10464},0.540408,0.459592,0.000000,0.000000,0.540408,0.459592,1.000000
0.037279238,3,16,snapshot,1024,2063,1.000000,1.000000,1.000000,{"1":3810,"2":4382},0.465342,0.534658,0.000000,0.000000,0.465342,0.534658,1.000000
0.037279238,3,16,read_only,4096,1430,1.000000,1.000000,1.000000,{"1":12270,"2":10464},0.542657,0.457343,0.000000,0.000000,0.542657,0.457343,1.000000
0.037279238,3,16,union,4096,1430,1.000000,1.000000,1.000000,{"1":12270,"2":10464},0.542657,0.457343,0.000000,0.000000,0.542657,0.457343,1.000000
0.037279238,3,16,snapshot,4096,520,1.000000,1.000000,1.000000,{"1":3810,"2":4382},0.465385,0.534615,0.000000,0.000000,0.465385,0.534615,1.000000
0.037279238,3,16,read_only,16384,409,0.760391,0.913407,0.760391,{"1":12270,"2":10464},0.422983,0.511002,0.066015,0.000000,0.422983,0.337408,0.584746
0.037279238,3,16,union,16384,409,0.760391,0.913407,0.760391,{"1":12270,"2":10464},0.422983,0.511002,0.066015,0.000000,0.422983,0.337408,0.584746
0.037279238,3,16,snapshot,16384,236,0.898305,0.966485,0.898305,{"1":3810,"2":4382},0.423729,0.567797,0.008475,0.000000,0.423729,0.474576,0.823529
0.042817613,3,17,read_only,64,17128,1.000000,1.000000,1.000000,{"1":16392,"2":736},0.957029,0.042971,0.000000,0.000000,0.957029,0.042971,1.000000
0.042817613,3,17,union,64,17128,1.000000,1.000000,1.000000,{"1":16392,"2":736},0.957029,0.042971,0.000000,0.000000,0.957029,0.042971,1.000000
0.042817613,3,17,snapshot,64,8192,1.000000,1.000000,1.000000,{"1":8192},1.000000,0.000000,0.000000,0.000000,1.000000,0.000000,-1.000000
0.042817613,3,17,read_only,256,17128,1.000000,1.000000,1.000000,{"1":16392,"2":736},0.957029,0.042971,0.000000,0.000000,0.957029,0.042971,1.000000
0.042817613,3,17,union,256,17128,1.000000,1.000000,1.000000,{"1":16392,"2":736},0.957029,0.042971,0.000000,0.000000,0.957029,0.042971,1.000000
0.042817613,3,17,snapshot,256,8192,1.000000,1.000000,1.000000,{"1":8192},1.000000,0.000000,0.000000,0.000000,1.000000,0.000000,-1.000000
0.042817613,3,17,read_only,1024,4295,1.000000,1.000000,1.000000,{"1":16392,"2":736},0.957159,0.042841,0.000000,0.000000,0.957159,0.042841,1.000000
0.042817613,3,17,union,1024,4295,1.000000,1.000000,1.000000,{"1":16392,"2":736},0.957159,0.042841,0.000000,0.000000,0.957159,0.042841,1.000000
0.042817613,3,17,snapshot,1024,2257,1.000000,1.000000,1.000000,{"1":8192},1.000000,0.000000,0.000000,0.000000,1.000000,0.000000,-1.000000
0.042817613,3,17,read_only,4096,1079,1.000000,1.000000,1.000000,{"1":16392,"2":736},0.957368,0.042632,0.000000,0.000000,0.957368,0.042632,1.000000
0.042817613,3,17,union,4096,1079,1.000000,1.000000,1.000000,{"1":16392,"2":736},0.957368,0.042632,0.000000,0.000000,0.957368,0.042632,1.000000
0.042817613,3,17,snapshot,4096,752,1.000000,1.000000,1.000000,{"1":8192},1.000000,0.000000,0.000000,0.000000,1.000000,0.000000,-1.000000
0.042817613,3,17,read_only,16384,299,0.986622,0.996656,0.986622,{"1":16392,"2":736},0.889632,0.110368,0.000000,0.000000,0.889632,0.096990,0.878788
0.042817613,3,17,union,16384,299,0.986622,0.996656,0.986622,{"1":16392,"2":736},0.889632,0.110368,0.000000,0.000000,0.889632,0.096990,0.878788
0.042817613,3,17,snapshot,16384,240,0.991667,0.996595,0.991667,{"1":8192},0.991667,0.008333,0.000000,0.000000,0.991667,0.000000,0.000000
0.043203849,3,18,read_only,64,2869,1.000000,1.000000,1.000000,{"1":2869},1.000000,0.000000,0.000000,0.000000,1.000000,0.000000,-1.000000
0.043203849,3,18,union,64,2869,1.000000,1.000000,1.000000,{"1":2869},1.000000,0.000000,0.000000,0.000000,1.000000,0.000000,-1.000000
0.043203849,3,18,snapshot,64,8192,1.000000,1.000000,1.000000,{"0":1,"1":8191},0.999878,0.000000,0.000000,0.000000,0.999878,0.000000,-1.000000
0.043203849,3,18,read_only,256,2869,1.000000,1.000000,1.000000,{"1":2869},1.000000,0.000000,0.000000,0.000000,1.000000,0.000000,-1.000000
0.043203849,3,18,union,256,2869,1.000000,1.000000,1.000000,{"1":2869},1.000000,0.000000,0.000000,0.000000,1.000000,0.000000,-1.000000
0.043203849,3,18,snapshot,256,8192,1.000000,1.000000,1.000000,{"0":1,"1":8191},0.999878,0.000000,0.000000,0.000000,0.999878,0.000000,-1.000000
0.043203849,3,18,read_only,1024,897,1.000000,1.000000,1.000000,{"1":2869},1.000000,0.000000,0.000000,0.000000,1.000000,0.000000,-1.000000
0.043203849,3,18,union,1024,897,1.000000,1.000000,1.000000,{"1":2869},1.000000,0.000000,0.000000,0.000000,1.000000,0.000000,-1.000000
0.043203849,3,18,snapshot,1024,2486,0.999598,0.999899,0.999598,{"0":1,"1":8191},1.000000,0.000000,0.000000,0.000000,0.999598,0.000000,-1.000000
0.043203849,3,18,read_only,4096,259,1.000000,1.000000,1.000000,{"1":2869},1.000000,0.000000,0.000000,0.000000,1.000000,0.000000,-1.000000
0.043203849,3,18,union,4096,259,1.000000,1.000000,1.000000,{"1":2869},1.000000,0.000000,0.000000,0.000000,1.000000,0.000000,-1.000000
0.043203849,3,18,snapshot,4096,819,0.998779,0.999695,0.998779,{"0":1,"1":8191},1.000000,0.000000,0.000000,0.000000,0.998779,0.000000,-1.000000
0.043203849,3,18,read_only,16384,81,1.000000,1.000000,1.000000,{"1":2869},1.000000,0.000000,0.000000,0.000000,1.000000,0.000000,-1.000000
0.043203849,3,18,union,16384,81,1.000000,1.000000,1.000000,{"1":2869},1.000000,0.000000,0.000000,0.000000,1.000000,0.000000,-1.000000
0.043203849,3,18,snapshot,16384,277,0.989170,0.997081,0.989170,{"0":1,"1":8191},0.992780,0.007220,0.000000,0.000000,0.989170,0.000000,0.000000
0.043590868,3,19,read_only,64,3083,1.000000,1.000000,1.000000,{"1":3083},1.000000,0.000000,0.000000,0.000000,1.000000,0.000000,-1.000000
0.043590868,3,19,union,64,3083,1.000000,1.000000,1.000000,{"1":3083},1.000000,0.000000,0.000000,0.000000,1.000000,0.000000,-1.000000
0.043590868,3,19,snapshot,64,8192,1.000000,1.000000,1.000000,{"1":8192},1.000000,0.000000,0.000000,0.000000,1.000000,0.000000,-1.000000
0.043590868,3,19,read_only,256,3083,1.000000,1.000000,1.000000,{"1":3083},1.000000,0.000000,0.000000,0.000000,1.000000,0.000000,-1.000000
0.043590868,3,19,union,256,3083,1.000000,1.000000,1.000000,{"1":3083},1.000000,0.000000,0.000000,0.000000,1.000000,0.000000,-1.000000
0.043590868,3,19,snapshot,256,8192,1.000000,1.000000,1.000000,{"1":8192},1.000000,0.000000,0.000000,0.000000,1.000000,0.000000,-1.000000
0.043590868,3,19,read_only,1024,1084,1.000000,1.000000,1.000000,{"1":3083},1.000000,0.000000,0.000000,0.000000,1.000000,0.000000,-1.000000
0.043590868,3,19,union,1024,1084,1.000000,1.000000,1.000000,{"1":3083},1.000000,0.000000,0.000000,0.000000,1.000000,0.000000,-1.000000
0.043590868,3,19,snapshot,1024,2209,1.000000,1.000000,1.000000,{"1":8192},1.000000,0.000000,0.000000,0.000000,1.000000,0.000000,-1.000000
0.043590868,3,19,read_only,4096,376,1.000000,1.000000,1.000000,{"1":3083},1.000000,0.000000,0.000000,0.000000,1.000000,0.000000,-1.000000
0.043590868,3,19,union,4096,376,1.000000,1.000000,1.000000,{"1":3083},1.000000,0.000000,0.000000,0.000000,1.000000,0.000000,-1.000000
0.043590868,3,19,snapshot,4096,672,1.000000,1.000000,1.000000,{"1":8192},1.000000,0.000000,0.000000,0.000000,1.000000,0.000000,-1.000000
0.043590868,3,19,read_only,16384,106,1.000000,1.000000,1.000000,{"1":3083},1.000000,0.000000,0.000000,0.000000,1.000000,0.000000,-1.000000
0.043590868,3,19,union,16384,106,1.000000,1.000000,1.000000,{"1":3083},1.000000,0.000000,0.000000,0.000000,1.000000,0.000000,-1.000000
0.043590868,3,19,snapshot,16384,224,1.000000,1.000000,1.000000,{"1":8192},1.000000,0.000000,0.000000,0.000000,1.000000,0.000000,-1.000000
0.044009476,3,20,read_only,64,1739,1.000000,1.000000,1.000000,{"1":1739},1.000000,0.000000,0.000000,0.000000,1.000000,0.000000,-1.000000
0.044009476,3,20,union,64,1739,1.000000,1.000000,1.000000,{"1":1739},1.000000,0.000000,0.000000,0.000000,1.000000,0.000000,-1.000000
0.044009476,3,20,snapshot,64,8192,1.000000,1.000000,1.000000,{"0":1,"1":8191},0.999878,0.000000,0.000000,0.000000,0.999878,0.000000,-1.000000
0.044009476,3,20,read_only,256,1739,1.000000,1.000000,1.000000,{"1":1739},1.000000,0.000000,0.000000,0.000000,1.000000,0.000000,-1.000000
0.044009476,3,20,union,256,1739,1.000000,1.000000,1.000000,{"1":1739},1.000000,0.000000,0.000000,0.000000,1.000000,0.000000,-1.000000
0.044009476,3,20,snapshot,256,8192,1.000000,1.000000,1.000000,{"0":1,"1":8191},0.999878,0.000000,0.000000,0.000000,0.999878,0.000000,-1.000000
0.044009476,3,20,read_only,1024,706,1.000000,1.000000,1.000000,{"1":1739},1.000000,0.000000,0.000000,0.000000,1.000000,0.000000,-1.000000
0.044009476,3,20,union,1024,706,1.000000,1.000000,1.000000,{"1":1739},1.000000,0.000000,0.000000,0.000000,1.000000,0.000000,-1.000000
0.044009476,3,20,snapshot,1024,2522,0.999603,0.999901,0.999603,{"0":1,"1":8191},1.000000,0.000000,0.000000,0.000000,0.999603,0.000000,-1.000000
0.044009476,3,20,read_only,4096,233,1.000000,1.000000,1.000000,{"1":1739},1.000000,0.000000,0.000000,0.000000,1.000000,0.000000,-1.000000
0.044009476,3,20,union,4096,233,1.000000,1.000000,1.000000,{"1":1739},1.000000,0.000000,0.000000,0.000000,1.000000,0.000000,-1.000000
0.044009476,3,20,snapshot,4096,738,0.998645,0.999864,0.998645,{"0":1,"1":8191},1.000000,0.000000,0.000000,0.000000,0.998645,0.000000,-1.000000
0.044009476,3,20,read_only,16384,78,0.987179,0.996337,0.987179,{"1":1739},0.987179,0.012821,0.000000,0.000000,0.987179,0.000000,0.000000
0.044009476,3,20,union,16384,78,0.987179,0.996337,0.987179,{"1":1739},0.987179,0.012821,0.000000,0.000000,0.987179,0.000000,0.000000
0.044009476,3,20,snapshot,16384,221,0.990950,0.998812,0.990950,{"0":1,"1":8191},0.995475,0.004525,0.000000,0.000000,0.990950,0.000000,0.000000
0.044334080,3,21,read_only,64,2402,1.000000,1.000000,1.000000,{"1":2402},1.000000,0.000000,0.000000,0.000000,1.000000,0.000000,-1.000000
0.044334080,3,21,union,64,2402,1.000000,1.000000,1.000000,{"1":2402},1.000000,0.000000,0.000000,0.000000,1.000000,0.000000,-1.000000
0.044334080,3,21,snapshot,64,8192,1.000000,1.000000,1.000000,{"1":8192},1.000000,0.000000,0.000000,0.000000,1.000000,0.000000,-1.000000
0.044334080,3,21,read_only,256,2402,1.000000,1.000000,1.000000,{"1":2402},1.000000,0.000000,0.000000,0.000000,1.000000,0.000000,-1.000000
0.044334080,3,21,union,256,2402,1.000000,1.000000,1.000000,{"1":2402},1.000000,0.000000,0.000000,0.000000,1.000000,0.000000,-1.000000
0.044334080,3,21,snapshot,256,8192,1.000000,1.000000,1.000000,{"1":8192},1.000000,0.000000,0.000000,0.000000,1.000000,0.000000,-1.000000
0.044334080,3,21,read_only,1024,924,1.000000,1.000000,1.000000,{"1":2402},1.000000,0.000000,0.000000,0.000000,1.000000,0.000000,-1.000000
0.044334080,3,21,union,1024,924,1.000000,1.000000,1.000000,{"1":2402},1.000000,0.000000,0.000000,0.000000,1.000000,0.000000,-1.000000
0.044334080,3,21,snapshot,1024,2596,1.000000,1.000000,1.000000,{"1":8192},1.000000,0.000000,0.000000,0.000000,1.000000,0.000000,-1.000000
0.044334080,3,21,read_only,4096,278,1.000000,1.000000,1.000000,{"1":2402},1.000000,0.000000,0.000000,0.000000,1.000000,0.000000,-1.000000
0.044334080,3,21,union,4096,278,1.000000,1.000000,1.000000,{"1":2402},1.000000,0.000000,0.000000,0.000000,1.000000,0.000000,-1.000000
0.044334080,3,21,snapshot,4096,731,1.000000,1.000000,1.000000,{"1":8192},1.000000,0.000000,0.000000,0.000000,1.000000,0.000000,-1.000000
0.044334080,3,21,read_only,16384,74,1.000000,1.000000,1.000000,{"1":2402},1.000000,0.000000,0.000000,0.000000,1.000000,0.000000,-1.000000
0.044334080,3,21,union,16384,74,1.000000,1.000000,1.000000,{"1":2402},1.000000,0.000000,0.000000,0.000000,1.000000,0.000000,-1.000000
0.044334080,3,21,snapshot,16384,198,0.994949,0.998797,0.994949,{"1":8192},0.994949,0.005051,0.000000,0.000000,0.994949,0.000000,0.000000
0.044598059,3,22,read_only,64,539,1.000000,1.000000,1.000000,{"1":539},1.000000,0.000000,0.000000,0.000000,1.000000,0.000000,-1.000000
0.044598059,3,22,union,64,539,1.000000,1.000000,1.000000,{"1":539},1.000000,0.000000,0.000000,0.000000,1.000000,0.000000,-1.000000
0.044598059,3,22,snapshot,64,8192,1.000000,1.000000,1.000000,{"1":8192},1.000000,0.000000,0.000000,0.000000,1.000000,0.000000,-1.000000
0.044598059,3,22,read_only,256,539,1.000000,1.000000,1.000000,{"1":539},1.000000,0.000000,0.000000,0.000000,1.000000,0.000000,-1.000000
0.044598059,3,22,union,256,539,1.000000,1.000000,1.000000,{"1":539},1.000000,0.000000,0.000000,0.000000,1.000000,0.000000,-1.000000
0.044598059,3,22,snapshot,256,8192,1.000000,1.000000,1.000000,{"1":8192},1.000000,0.000000,0.000000,0.000000,1.000000,0.000000,-1.000000
0.044598059,3,22,read_only,1024,311,1.000000,1.000000,1.000000,{"1":539},1.000000,0.000000,0.000000,0.000000,1.000000,0.000000,-1.000000
0.044598059,3,22,union,1024,311,1.000000,1.000000,1.000000,{"1":539},1.000000,0.000000,0.000000,0.000000,1.000000,0.000000,-1.000000
0.044598059,3,22,snapshot,1024,2517,1.000000,1.000000,1.000000,{"1":8192},1.000000,0.000000,0.000000,0.000000,1.000000,0.000000,-1.000000
0.044598059,3,22,read_only,4096,135,1.000000,1.000000,1.000000,{"1":539},1.000000,0.000000,0.000000,0.000000,1.000000,0.000000,-1.000000
0.044598059,3,22,union,4096,135,1.000000,1.000000,1.000000,{"1":539},1.000000,0.000000,0.000000,0.000000,1.000000,0.000000,-1.000000
0.044598059,3,22,snapshot,4096,705,1.000000,1.000000,1.000000,{"1":8192},1.000000,0.000000,0.000000,0.000000,1.000000,0.000000,-1.000000
0.044598059,3,22,read_only,16384,44,1.000000,1.000000,1.000000,{"1":539},1.000000,0.000000,0.000000,0.000000,1.000000,0.000000,-1.000000
0.044598059,3,22,union,16384,44,1.000000,1.000000,1.000000,{"1":539},1.000000,0.000000,0.000000,0.000000,1.000000,0.000000,-1.000000
0.044598059,3,22,snapshot,16384,188,0.994681,0.998734,0.994681,{"1":8192},0.994681,0.005319,0.000000,0.000000,0.994681,0.000000,0.000000
0.044964125,3,23,read_only,64,555,1.000000,1.000000,1.000000,{"1":555},1.000000,0.000000,0.000000,0.000000,1.000000,0.000000,-1.000000
0.044964125,3,23,union,64,555,1.000000,1.000000,1.000000,{"1":555},1.000000,0.000000,0.000000,0.000000,1.000000,0.000000,-1.000000
0.044964125,3,23,snapshot,64,8192,1.000000,1.000000,1.000000,{"1":8192},1.000000,0.000000,0.000000,0.000000,1.000000,0.000000,-1.000000
0.044964125,3,23,read_only,256,555,1.000000,1.000000,1.000000,{"1":555},1.000000,0.000000,0.000000,0.000000,1.000000,0.000000,-1.000000
0.044964125,3,23,union,256,555,1.000000,1.000000,1.000000,{"1":555},1.000000,0.000000,0.000000,0.000000,1.000000,0.000000,-1.000000
0.044964125,3,23,snapshot,256,8192,1.000000,1.000000,1.000000,{"1":8192},1.000000,0.000000,0.000000,0.000000,1.000000,0.000000,-1.000000
0.044964125,3,23,read_only,1024,257,1.000000,1.000000,1.000000,{"1":555},1.000000,0.000000,0.000000,0.000000,1.000000,0.000000,-1.000000
0.044964125,3,23,union,1024,257,1.000000,1.000000,1.000000,{"1":555},1.000000,0.000000,0.000000,0.000000,1.000000,0.000000,-1.000000
0.044964125,3,23,snapshot,1024,2514,1.000000,1.000000,1.000000,{"1":8192},1.000000,0.000000,0.000000,0.000000,1.000000,0.000000,-1.000000
0.044964125,3,23,read_only,4096,111,1.000000,1.000000,1.000000,{"1":555},1.000000,0.000000,0.000000,0.000000,1.000000,0.000000,-1.000000
0.044964125,3,23,union,4096,111,1.000000,1.000000,1.000000,{"1":555},1.000000,0.000000,0.000000,0.000000,1.000000,0.000000,-1.000000
0.044964125,3,23,snapshot,4096,722,1.000000,1.000000,1.000000,{"1":8192},1.000000,0.000000,0.000000,0.000000,1.000000,0.000000,-1.000000
0.044964125,3,23,read_only,16384,49,1.000000,1.000000,1.000000,{"1":555},1.000000,0.000000,0.000000,0.000000,1.000000,0.000000,-1.000000
0.044964125,3,23,union,16384,49,1.000000,1.000000,1.000000,{"1":555},1.000000,0.000000,0.000000,0.000000,1.000000,0.000000,-1.000000
0.044964125,3,23,snapshot,16384,193,0.994819,0.998766,0.994819,{"1":8192},0.994819,0.005181,0.000000,0.000000,0.994819,0.000000,0.000000
0.045231396,3,24,read_only,64,139,1.000000,1.000000,1.000000,{"1":139},1.000000,0.000000,0.000000,0.000000,1.000000,0.000000,-1.000000
0.045231396,3,24,union,64,139,1.000000,1.000000,1.000000,{"1":139},1.000000,0.000000,0.000000,0.000000,1.000000,0.000000,-1.000000
0.045231396,3,24,snapshot,64,8192,1.000000,1.000000,1.000000,{"1":8192},1.000000,0.000000,0.000000,0.000000,1.000000,0.000000,-1.000000
0.045231396,3,24,read_only,256,139,1.000000,1.000000,1.000000,{"1":139},1.000000,0.000000,0.000000,0.000000,1.000000,0.000000,-1.000000
0.045231396,3,24,union,256,139,1.000000,1.000000,1.000000,{"1":139},1.000000,0.000000,0.000000,0.000000,1.000000,0.000000,-1.000000
0.045231396,3,24,snapshot,256,8192,1.000000,1.000000,1.000000,{"1":8192},1.000000,0.000000,0.000000,0.000000,1.000000,0.000000,-1.000000
0.045231396,3,24,read_only,1024,57,1.000000,1.000000,1.000000,{"1":139},1.000000,0.000000,0.000000,0.000000,1.000000,0.000000,-1.000000
0.045231396,3,24,union,1024,57,1.000000,1.000000,1.000000,{"1":139},1.000000,0.000000,0.000000,0.000000,1.000000,0.000000,-1.000000
0.045231396,3,24,snapshot,1024,2504,1.000000,1.000000,1.000000,{"1":8192},1.000000,0.000000,0.000000,0.000000,1.000000,0.000000,-1.000000
0.045231396,3,24,read_only,4096,28,1.000000,1.000000,1.000000,{"1":139},1.000000,0.000000,0.000000,0.000000,1.000000,0.000000,-1.000000
0.045231396,3,24,union,4096,28,1.000000,1.000000,1.000000,{"1":139},1.000000,0.000000,0.000000,0.000000,1.000000,0.000000,-1.000000
0.045231396,3,24,snapshot,4096,726,1.000000,1.000000,1.000000,{"1":8192},1.000000,0.000000,0.000000,0.000000,1.000000,0.000000,-1.000000
0.045231396,3,24,read_only,16384,14,0.928571,0.976190,0.928571,{"1":139},0.928571,0.071429,0.000000,0.000000,0.928571,0.000000,0.000000
0.045231396,3,24,union,16384,14,0.928571,0.976190,0.928571,{"1":139},0.928571,0.071429,0.000000,0.000000,0.928571,0.000000,0.000000
0.045231396,3,24,snapshot,16384,196,0.989796,0.997085,0.989796,{"1":8192},0.989796,0.010204,0.000000,0.000000,0.989796,0.000000,0.000000
0.045468745,3,25,read_only,64,259,1.000000,1.000000,1.000000,{"1":259},1.000000,0.000000,0.000000,0.000000,1.000000,0.000000,-1.000000
0.045468745,3,25,union,64,259,1.000000,1.000000,1.000000,{"1":259},1.000000,0.000000,0.000000,0.000000,1.000000,0.000000,-1.000000
0.045468745,3,25,snapshot,64,8192,1.000000,1.000000,1.000000,{"1":8192},1.000000,0.000000,0.000000,0.000000,1.000000,0.000000,-1.000000
0.045468745,3,25,read_only,256,259,1.000000,1.000000,1.000000,{"1":259},1.000000,0.000000,0.000000,0.000000,1.000000,0.000000,-1.000000
0.045468745,3,25,union,256,259,1.000000,1.000000,1.000000,{"1":259},1.000000,0.000000,0.000000,0.000000,1.000000,0.000000,-1.000000
0.045468745,3,25,snapshot,256,8192,1.000000,1.000000,1.000000,{"1":8192},1.000000,0.000000,0.000000,0.000000,1.000000,0.000000,-1.000000
0.045468745,3,25,read_only,1024,82,1.000000,1.000000,1.000000,{"1":259},1.000000,0.000000,0.000000,0.000000,1.000000,0.000000,-1.000000
0.045468745,3,25,union,1024,82,1.000000,1.000000,1.000000,{"1":259},1.000000,0.000000,0.000000,0.000000,1.000000,0.000000,-1.000000
0.045468745,3,25,snapshot,1024,2512,1.000000,1.000000,1.000000,{"1":8192},1.000000,0.000000,0.000000,0.000000,1.000000,0.000000,-1.000000
0.045468745,3,25,read_only,4096,26,1.000000,1.000000,1.000000,{"1":259},1.000000,0.000000,0.000000,0.000000,1.000000,0.000000,-1.000000
0.045468745,3,25,union,4096,26,1.000000,1.000000,1.000000,{"1":259},1.000000,0.000000,0.000000,0.000000,1.000000,0.000000,-1.000000
0.045468745,3,25,snapshot,4096,737,1.000000,1.000000,1.000000,{"1":8192},1.000000,0.000000,0.000000,0.000000,1.000000,0.000000,-1.000000
0.045468745,3,25,read_only,16384,14,1.000000,1.000000,1.000000,{"1":259},1.000000,0.000000,0.000000,0.000000,1.000000,0.000000,-1.000000
0.045468745,3,25,union,16384,14,1.000000,1.000000,1.000000,{"1":259},1.000000,0.000000,0.000000,0.000000,1.000000,0.000000,-1.000000
0.045468745,3,25,snapshot,16384,205,0.990244,0.997213,0.990244,{"1":8192},0.990244,0.009756,0.000000,0.000000,0.990244,0.000000,0.000000
0.045706814,3,26,read_only,64,319,1.000000,1.000000,1.000000,{"1":319},1.000000,0.000000,0.000000,0.000000,1.000000,0.000000,-1.000000
0.045706814,3,26,union,64,319,1.000000,1.000000,1.000000,{"1":319},1.000000,0.000000,0.000000,0.000000,1.000000,0.000000,-1.000000
0.045706814,3,26,snapshot,64,8192,1.000000,1.000000,1.000000,{"1":8192},1.000000,0.000000,0.000000,0.000000,1.000000,0.000000,-1.000000
0.045706814,3,26,read_only,256,319,1.000000,1.000000,1.000000,{"1":319},1.000000,0.000000,0.000000,0.000000,1.000000,0.000000,-1.000000
0.045706814,3,26,union,256,319,1.000000,1.000000,1.000000,{"1":319},1.000000,0.000000,0.000000,0.000000,1.000000,0.000000,-1.000000
0.045706814,3,26,snapshot,256,8192,1.000000,1.000000,1.000000,{"1":8192},1.000000,0.000000,0.000000,0.000000,1.000000,0.000000,-1.000000
0.045706814,3,26,read_only,1024,128,1.000000,1.000000,1.000000,{"1":319},1.000000,0.000000,0.000000,0.000000,1.000000,0.000000,-1.000000
0.045706814,3,26,union,1024,128,1.000000,1.000000,1.000000,{"1":319},1.000000,0.000000,0.000000,0.000000,1.000000,0.000000,-1.000000
0.045706814,3,26,snapshot,1024,2501,1.000000,1.000000,1.000000,{"1":8192},1.000000,0.000000,0.000000,0.000000,1.000000,0.000000,-1.000000
0.045706814,3,26,read_only,4096,50,1.000000,1.000000,1.000000,{"1":319},1.000000,0.000000,0.000000,0.000000,1.000000,0.000000,-1.000000
0.045706814,3,26,union,4096,50,1.000000,1.000000,1.000000,{"1":319},1.000000,0.000000,0.000000,0.000000,1.000000,0.000000,-1.000000
0.045706814,3,26,snapshot,4096,737,1.000000,1.000000,1.000000,{"1":8192},1.000000,0.000000,0.000000,0.000000,1.000000,0.000000,-1.000000
0.045706814,3,26,read_only,16384,19,1.000000,1.000000,1.000000,{"1":319},1.000000,0.000000,0.000000,0.000000,1.000000,0.000000,-1.000000
0.045706814,3,26,union,16384,19,1.000000,1.000000,1.000000,{"1":319},1.000000,0.000000,0.000000,0.000000,1.000000,0.000000,-1.000000
0.045706814,3,26,snapshot,16384,206,0.985437,0.996192,0.985437,{"1":8192},0.985437,0.014563,0.000000,0.000000,0.985437,0.000000,0.000000
0.046320603,3,27,read_only,64,109,1.000000,1.000000,1.000000,{"1":109},1.000000,0.000000,0.000000,0.000000,1.000000,0.000000,-1.000000
0.046320603,3,27,union,64,109,1.000000,1.000000,1.000000,{"1":109},1.000000,0.000000,0.000000,0.000000,1.000000,0.000000,-1.000000
0.046320603,3,27,snapshot,64,8192,1.000000,1.000000,1.000000,{"1":8192},1.000000,0.000000,0.000000,0.000000,1.000000,0.000000,-1.000000
0.046320603,3,27,read_only,256,109,1.000000,1.000000,1.000000,{"1":109},1.000000,0.000000,0.000000,0.000000,1.000000,0.000000,-1.000000
0.046320603,3,27,union,256,109,1.000000,1.000000,1.000000,{"1":109},1.000000,0.000000,0.000000,0.000000,1.000000,0.000000,-1.000000
0.046320603,3,27,snapshot,256,8192,1.000000,1.000000,1.000000,{"1":8192},1.000000,0.000000,0.000000,0.000000,1.000000,0.000000,-1.000000
0.046320603,3,27,read_only,1024,65,1.000000,1.000000,1.000000,{"1":109},1.000000,0.000000,0.000000,0.000000,1.000000,0.000000,-1.000000
0.046320603,3,27,union,1024,65,1.000000,1.000000,1.000000,{"1":109},1.000000,0.000000,0.000000,0.000000,1.000000,0.000000,-1.000000
0.046320603,3,27,snapshot,1024,2465,0.999189,0.999797,0.999189,{"1":8192},0.999189,0.000811,0.000000,0.000000,0.999189,0.000000,0.000000
0.046320603,3,27,read_only,4096,39,1.000000,1.000000,1.000000,{"1":109},1.000000,0.000000,0.000000,0.000000,1.000000,0.000000,-1.000000
0.046320603,3,27,union,4096,39,1.000000,1.000000,1.000000,{"1":109},1.000000,0.000000,0.000000,0.000000,1.000000,0.000000,-1.000000
0.046320603,3,27,snapshot,4096,729,0.998628,0.999829,0.998628,{"1":8192},0.998628,0.001372,0.000000,0.000000,0.998628,0.000000,0.000000
0.046320603,3,27,read_only,16384,25,1.000000,1.000000,1.000000,{"1":109},1.000000,0.000000,0.000000,0.000000,1.000000,0.000000,-1.000000
0.046320603,3,27,union,16384,25,1.000000,1.000000,1.000000,{"1":109},1.000000,0.000000,0.000000,0.000000,1.000000,0.000000,-1.000000
0.046320603,3,27,snapshot,16384,206,0.980583,0.996040,0.980583,{"1":8192},0.980583,0.019417,0.000000,0.000000,0.980583,0.000000,0.000000
0.046599424,3,28,read_only,64,158,1.000000,1.000000,1.000000,{"1":158},1.000000,0.000000,0.000000,0.000000,1.000000,0.000000,-1.000000
0.046599424,3,28,union,64,158,1.000000,1.000000,1.000000,{"1":158},1.000000,0.000000,0.000000,0.000000,1.000000,0.000000,-1.000000
0.046599424,3,28,snapshot,64,8192,1.000000,1.000000,1.000000,{"1":8192},1.000000,0.000000,0.000000,0.000000,1.000000,0.000000,-1.000000
0.046599424,3,28,read_only,256,158,1.000000,1.000000,1.000000,{"1":158},1.000000,0.000000,0.000000,0.000000,1.000000,0.000000,-1.000000
0.046599424,3,28,union,256,158,1.000000,1.000000,1.000000,{"1":158},1.000000,0.000000,0.000000,0.000000,1.000000,0.000000,-1.000000
0.046599424,3,28,snapshot,256,8192,1.000000,1.000000,1.000000,{"1":8192},1.000000,0.000000,0.000000,0.000000,1.000000,0.000000,-1.000000
0.046599424,3,28,read_only,1024,67,1.000000,1.000000,1.000000,{"1":158},1.000000,0.000000,0.000000,0.000000,1.000000,0.000000,-1.000000
0.046599424,3,28,union,1024,67,1.000000,1.000000,1.000000,{"1":158},1.000000,0.000000,0.000000,0.000000,1.000000,0.000000,-1.000000
0.046599424,3,28,snapshot,1024,2456,0.999186,0.999796,0.999186,{"1":8192},0.999186,0.000814,0.000000,0.000000,0.999186,0.000000,0.000000
0.046599424,3,28,read_only,4096,29,1.000000,1.000000,1.000000,{"1":158},1.000000,0.000000,0.000000,0.000000,1.000000,0.000000,-1.000000
0.046599424,3,28,union,4096,29,1.000000,1.000000,1.000000,{"1":158},1.000000,0.000000,0.000000,0.000000,1.000000,0.000000,-1.000000
0.046599424,3,28,snapshot,4096,725,0.998621,0.999828,0.998621,{"1":8192},0.998621,0.001379,0.000000,0.000000,0.998621,0.000000,0.000000
0.046599424,3,28,read_only,16384,12,0.916667,0.967687,0.916667,{"1":158},0.916667,0.083333,0.000000,0.000000,0.916667,0.000000,0.000000
0.046599424,3,28,union,16384,12,0.916667,0.967687,0.916667,{"1":158},0.916667,0.083333,0.000000,0.000000,0.916667,0.000000,0.000000
0.046599424,3,28,snapshot,16384,208,0.975962,0.994214,0.975962,{"1":8192},0.975962,0.024038,0.000000,0.000000,0.975962,0.000000,0.000000
0.046836348,3,29,snapshot,64,8192,1.000000,1.000000,1.000000,{"1":8192},1.000000,0.000000,0.000000,0.000000,1.000000,0.000000,-1.000000
0.046836348,3,29,snapshot,256,8192,1.000000,1.000000,1.000000,{"1":8192},1.000000,0.000000,0.000000,0.000000,1.000000,0.000000,-1.000000
0.046836348,3,29,snapshot,1024,2456,0.999186,0.999796,0.999186,{"1":8192},0.999186,0.000814,0.000000,0.000000,0.999186,0.000000,0.000000
0.046836348,3,29,snapshot,4096,725,0.998621,0.999828,0.998621,{"1":8192},0.998621,0.001379,0.000000,0.000000,0.998621,0.000000,0.000000
0.046836348,3,29,snapshot,16384,208,0.975962,0.994214,0.975962,{"1":8192},0.975962,0.024038,0.000000,0.000000,0.975962,0.000000,0.000000
0.047076064,3,30,read_only,64,50,1.000000,1.000000,1.000000,{"1":50},1.000000,0.000000,0.000000,0.000000,1.000000,0.000000,-1.000000
0.047076064,3,30,union,64,50,1.000000,1.000000,1.000000,{"1":50},1.000000,0.000000,0.000000,0.000000,1.000000,0.000000,-1.000000
0.047076064,3,30,snapshot,64,8192,1.000000,1.000000,1.000000,{"1":8192},1.000000,0.000000,0.000000,0.000000,1.000000,0.000000,-1.000000
0.047076064,3,30,read_only,256,50,1.000000,1.000000,1.000000,{"1":50},1.000000,0.000000,0.000000,0.000000,1.000000,0.000000,-1.000000
0.047076064,3,30,union,256,50,1.000000,1.000000,1.000000,{"1":50},1.000000,0.000000,0.000000,0.000000,1.000000,0.000000,-1.000000
0.047076064,3,30,snapshot,256,8192,1.000000,1.000000,1.000000,{"1":8192},1.000000,0.000000,0.000000,0.000000,1.000000,0.000000,-1.000000
0.047076064,3,30,read_only,1024,25,1.000000,1.000000,1.000000,{"1":50},1.000000,0.000000,0.000000,0.000000,1.000000,0.000000,-1.000000
0.047076064,3,30,union,1024,25,1.000000,1.000000,1.000000,{"1":50},1.000000,0.000000,0.000000,0.000000,1.000000,0.000000,-1.000000
0.047076064,3,30,snapshot,1024,2452,0.999184,0.999796,0.999184,{"1":8192},0.999184,0.000816,0.000000,0.000000,0.999184,0.000000,0.000000
0.047076064,3,30,read_only,4096,12,1.000000,1.000000,1.000000,{"1":50},1.000000,0.000000,0.000000,0.000000,1.000000,0.000000,-1.000000
0.047076064,3,30,union,4096,12,1.000000,1.000000,1.000000,{"1":50},1.000000,0.000000,0.000000,0.000000,1.000000,0.000000,-1.000000
0.047076064,3,30,snapshot,4096,726,0.998623,0.999828,0.998623,{"1":8192},0.998623,0.001377,0.000000,0.000000,0.998623,0.000000,0.000000
0.047076064,3,30,read_only,16384,8,1.000000,1.000000,1.000000,{"1":50},1.000000,0.000000,0.000000,0.000000,1.000000,0.000000,-1.000000
0.047076064,3,30,union,16384,8,1.000000,1.000000,1.000000,{"1":50},1.000000,0.000000,0.000000,0.000000,1.000000,0.000000,-1.000000
0.047076064,3,30,snapshot,16384,212,0.976415,0.994323,0.976415,{"1":8192},0.976415,0.023585,0.000000,0.000000,0.976415,0.000000,0.000000
0.047316394,3,31,read_only,64,476,1.000000,1.000000,1.000000,{"1":476},1.000000,0.000000,0.000000,0.000000,1.000000,0.000000,-1.000000
0.047316394,3,31,union,64,476,1.000000,1.000000,1.000000,{"1":476},1.000000,0.000000,0.000000,0.000000,1.000000,0.000000,-1.000000
0.047316394,3,31,snapshot,64,8192,1.000000,1.000000,1.000000,{"1":8192},1.000000,0.000000,0.000000,0.000000,1.000000,0.000000,-1.000000
0.047316394,3,31,read_only,256,476,1.000000,1.000000,1.000000,{"1":476},1.000000,0.000000,0.000000,0.000000,1.000000,0.000000,-1.000000
0.047316394,3,31,union,256,476,1.000000,1.000000,1.000000,{"1":476},1.000000,0.000000,0.000000,0.000000,1.000000,0.000000,-1.000000
0.047316394,3,31,snapshot,256,8192,1.000000,1.000000,1.000000,{"1":8192},1.000000,0.000000,0.000000,0.000000,1.000000,0.000000,-1.000000
0.047316394,3,31,read_only,1024,170,1.000000,1.000000,1.000000,{"1":476},1.000000,0.000000,0.000000,0.000000,1.000000,0.000000,-1.000000
0.047316394,3,31,union,1024,170,1.000000,1.000000,1.000000,{"1":476},1.000000,0.000000,0.000000,0.000000,1.000000,0.000000,-1.000000
0.047316394,3,31,snapshot,1024,2489,0.999196,0.999799,0.999196,{"1":8192},0.999196,0.000804,0.000000,0.000000,0.999196,0.000000,0.000000
0.047316394,3,31,read_only,4096,55,1.000000,1.000000,1.000000,{"1":476},1.000000,0.000000,0.000000,0.000000,1.000000,0.000000,-1.000000
0.047316394,3,31,union,4096,55,1.000000,1.000000,1.000000,{"1":476},1.000000,0.000000,0.000000,0.000000,1.000000,0.000000,-1.000000
0.047316394,3,31,snapshot,4096,731,0.998632,0.999829,0.998632,{"1":8192},0.998632,0.001368,0.000000,0.000000,0.998632,0.000000,0.000000
0.047316394,3,31,read_only,16384,18,0.944444,0.986772,0.944444,{"1":476},0.944444,0.055556,0.000000,0.000000,0.944444,0.000000,0.000000
0.047316394,3,31,union,16384,18,0.944444,0.986772,0.944444,{"1":476},0.944444,0.055556,0.000000,0.000000,0.944444,0.000000,0.000000
0.047316394,3,31,snapshot,16384,212,0.971698,0.993510,0.971698,{"1":8192},0.971698,0.028302,0.000000,0.000000,0.971698,0.000000,0.000000
0.047556639,3,32,read_only,64,109,1.000000,1.000000,1.000000,{"1":109},1.000000,0.000000,0.000000,0.000000,1.000000,0.000000,-1.000000
0.047556639,3,32,union,64,109,1.000000,1.000000,1.000000,{"1":109},1.000000,0.000000,0.000000,0.000000,1.000000,0.000000,-1.000000
0.047556639,3,32,snapshot,64,8192,1.000000,1.000000,1.000000,{"1":8192},1.000000,0.000000,0.000000,0.000000,1.000000,0.000000,-1.000000
0.047556639,3,32,read_only,256,109,1.000000,1.000000,1.000000,{"1":109},1.000000,0.000000,0.000000,0.000000,1.000000,0.000000,-1.000000
0.047556639,3,32,union,256,109,1.000000,1.000000,1.000000,{"1":109},1.000000,0.000000,0.000000,0.000000,1.000000,0.000000,-1.000000
0.047556639,3,32,snapshot,256,8192,1.000000,1.000000,1.000000,{"1":8192},1.000000,0.000000,0.000000,0.000000,1.000000,0.000000,-1.000000
0.047556639,3,32,read_only,1024,37,1.000000,1.000000,1.000000,{"1":109},1.000000,0.000000,0.000000,0.000000,1.000000,0.000000,-1.000000
0.047556639,3,32,union,1024,37,1.000000,1.000000,1.000000,{"1":109},1.000000,0.000000,0.000000,0.000000,1.000000,0.000000,-1.000000
0.047556639,3,32,snapshot,1024,2486,0.999195,0.999799,0.999195,{"1":8192},0.999195,0.000805,0.000000,0.000000,0.999195,0.000000,0.000000
0.047556639,3,32,read_only,4096,18,1.000000,1.000000,1.000000,{"1":109},1.000000,0.000000,0.000000,0.000000,1.000000,0.000000,-1.000000
0.047556639,3,32,union,4096,18,1.000000,1.000000,1.000000,{"1":109},1.000000,0.000000,0.000000,0.000000,1.000000,0.000000,-1.000000
0.047556639,3,32,snapshot,4096,731,0.998632,0.999829,0.998632,{"1":8192},0.998632,0.001368,0.000000,0.000000,0.998632,0.000000,0.000000
0.047556639,3,32,read_only,16384,13,1.000000,1.000000,1.000000,{"1":109},1.000000,0.000000,0.000000,0.000000,1.000000,0.000000,-1.000000
0.047556639,3,32,union,16384,13,1.000000,1.000000,1.000000,{"1":109},1.000000,0.000000,0.000000,0.000000,1.000000,0.000000,-1.000000
0.047556639,3,32,snapshot,16384,214,0.971963,0.992677,0.971963,{"1":8192},0.971963,0.023364,0.004673,0.000000,0.971963,0.000000,0.000000
0.047810057,3,33,read_only,64,51,1.000000,1.000000,1.000000,{"1":51},1.000000,0.000000,0.000000,0.000000,1.000000,0.000000,-1.000000
0.047810057,3,33,union,64,52,1.000000,1.000000,1.000000,{"1":52},1.000000,0.000000,0.000000,0.000000,1.000000,0.000000,-1.000000
0.047810057,3,33,snapshot,64,8192,1.000000,1.000000,1.000000,{"1":8192},1.000000,0.000000,0.000000,0.000000,1.000000,0.000000,-1.000000
0.047810057,3,33,read_only,256,51,1.000000,1.000000,1.000000,{"1":51},1.000000,0.000000,0.000000,0.000000,1.000000,0.000000,-1.000000
0.047810057,3,33,union,256,52,1.000000,1.000000,1.000000,{"1":52},1.000000,0.000000,0.000000,0.000000,1.000000,0.000000,-1.000000
0.047810057,3,33,snapshot,256,8192,1.000000,1.000000,1.000000,{"1":8192},1.000000,0.000000,0.000000,0.000000,1.000000,0.000000,-1.000000
0.047810057,3,33,read_only,1024,19,1.000000,1.000000,1.000000,{"1":51},1.000000,0.000000,0.000000,0.000000,1.000000,0.000000,-1.000000
0.047810057,3,33,union,1024,20,1.000000,1.000000,1.000000,{"1":52},1.000000,0.000000,0.000000,0.000000,1.000000,0.000000,-1.000000
0.047810057,3,33,snapshot,1024,2494,0.999198,0.999800,0.999198,{"1":8192},0.999198,0.000802,0.000000,0.000000,0.999198,0.000000,0.000000
0.047810057,3,33,read_only,4096,6,1.000000,1.000000,1.000000,{"1":51},1.000000,0.000000,0.000000,0.000000,1.000000,0.000000,-1.000000
0.047810057,3,33,union,4096,7,1.000000,1.000000,1.000000,{"1":52},1.000000,0.000000,0.000000,0.000000,1.000000,0.000000,-1.000000
0.047810057,3,33,snapshot,4096,733,0.998636,0.999829,0.998636,{"1":8192},0.998636,0.001364,0.000000,0.000000,0.998636,0.000000,0.000000
0.047810057,3,33,read_only,16384,4,0.750000,0.912500,0.750000,{"1":51},0.750000,0.250000,0.000000,0.000000,0.750000,0.000000,0.000000
0.047810057,3,33,union,16384,5,0.800000,0.930000,0.800000,{"1":52},0.800000,0.200000,0.000000,0.000000,0.800000,0.000000,0.000000
0.047810057,3,33,snapshot,16384,216,0.967593,0.991124,0.967593,{"1":8192},0.967593,0.027778,0.004630,0.000000,0.967593,0.000000,0.000000
0.048053704,3,34,union,64,2,1.000000,1.000000,1.000000,{"1":2},1.000000,0.000000,0.000000,0.000000,1.000000,0.000000,-1.000000
0.048053704,3,34,snapshot,64,8192,1.000000,1.000000,1.000000,{"1":8192},1.000000,0.000000,0.000000,0.000000,1.000000,0.000000,-1.000000
0.048053704,3,34,union,256,2,1.000000,1.000000,1.000000,{"1":2},1.000000,0.000000,0.000000,0.000000,1.000000,0.000000,-1.000000
0.048053704,3,34,snapshot,256,8192,1.000000,1.000000,1.000000,{"1":8192},1.000000,0.000000,0.000000,0.000000,1.000000,0.000000,-1.000000
0.048053704,3,34,union,1024,1,1.000000,1.000000,1.000000,{"1":2},1.000000,0.000000,0.000000,0.000000,1.000000,0.000000,-1.000000
0.048053704,3,34,snapshot,1024,2494,0.999599,0.999900,0.999599,{"1":8192},0.999599,0.000401,0.000000,0.000000,0.999599,0.000000,0.000000
0.048053704,3,34,union,4096,1,1.000000,1.000000,1.000000,{"1":2},1.000000,0.000000,0.000000,0.000000,1.000000,0.000000,-1.000000
0.048053704,3,34,snapshot,4096,733,0.998636,0.999915,0.998636,{"1":8192},0.998636,0.001364,0.000000,0.000000,0.998636,0.000000,0.000000
0.048053704,3,34,union,16384,1,1.000000,1.000000,1.000000,{"1":2},1.000000,0.000000,0.000000,0.000000,1.000000,0.000000,-1.000000
0.048053704,3,34,snapshot,16384,216,0.967593,0.991196,0.967593,{"1":8192},0.967593,0.027778,0.004630,0.000000,0.967593,0.000000,0.000000
0.048389954,3,35,read_only,64,242,1.000000,1.000000,1.000000,{"1":242},1.000000,0.000000,0.000000,0.000000,1.000000,0.000000,-1.000000
0.048389954,3,35,union,64,248,1.000000,1.000000,1.000000,{"1":248},1.000000,0.000000,0.000000,0.000000,1.000000,0.000000,-1.000000
0.048389954,3,35,snapshot,64,8192,1.000000,1.000000,1.000000,{"1":8192},1.000000,0.000000,0.000000,0.000000,1.000000,0.000000,-1.000000
0.048389954,3,35,read_only,256,242,1.000000,1.000000,1.000000,{"1":242},1.000000,0.000000,0.000000,0.000000,1.000000,0.000000,-1.000000
0.048389954,3,35,union,256,248,1.000000,1.000000,1.000000,{"1":248},1.000000,0.000000,0.000000,0.000000,1.000000,0.000000,-1.000000
0.048389954,3,35,snapshot,256,8192,1.000000,1.000000,1.000000,{"1":8192},1.000000,0.000000,0.000000,0.000000,1.000000,0.000000,-1.000000
0.048389954,3,35,read_only,1024,73,1.000000,1.000000,1.000000,{"1":242},1.000000,0.000000,0.000000,0.000000,1.000000,0.000000,-1.000000
0.048389954,3,35,union,1024,76,1.000000,1.000000,1.000000,{"1":248},1.000000,0.000000,0.000000,0.000000,1.000000,0.000000,-1.000000
0.048389954,3,35,snapshot,1024,2439,0.999590,0.999897,0.999590,{"1":8192},0.999590,0.000410,0.000000,0.000000,0.999590,0.000000,0.000000
0.048389954,3,35,read_only,4096,25,1.000000,1.000000,1.000000,{"1":242},1.000000,0.000000,0.000000,0.000000,1.000000,0.000000,-1.000000
0.048389954,3,35,union,4096,26,1.000000,1.000000,1.000000,{"1":248},1.000000,0.000000,0.000000,0.000000,1.000000,0.000000,-1.000000
0.048389954,3,35,snapshot,4096,707,0.998586,0.999912,0.998586,{"1":8192},0.998586,0.001414,0.000000,0.000000,0.998586,0.000000,0.000000
0.048389954,3,35,read_only,16384,12,1.000000,1.000000,1.000000,{"1":242},1.000000,0.000000,0.000000,0.000000,1.000000,0.000000,-1.000000
0.048389954,3,35,union,16384,13,1.000000,1.000000,1.000000,{"1":248},1.000000,0.000000,0.000000,0.000000,1.000000,0.000000,-1.000000
0.048389954,3,35,snapshot,16384,215,0.967442,0.991155,0.967442,{"1":8192},0.967442,0.027907,0.004651,0.000000,0.967442,0.000000,0.000000
0.048649118,3,36,read_only,64,288,1.000000,1.000000,1.000000,{"1":288},1.000000,0.000000,0.000000,0.000000,1.000000,0.000000,-1.000000
0.048649118,3,36,union,64,288,1.000000,1.000000,1.000000,{"1":288},1.000000,0.000000,0.000000,0.000000,1.000000,0.000000,-1.000000
0.048649118,3,36,snapshot,64,8192,1.000000,1.000000,1.000000,{"1":8192},1.000000,0.000000,0.000000,0.000000,1.000000,0.000000,-1.000000
0.048649118,3,36,read_only,256,288,1.000000,1.000000,1.000000,{"1":288},1.000000,0.000000,0.000000,0.000000,1.000000,0.000000,-1.000000
0.048649118,3,36,union,256,288,1.000000,1.000000,1.000000,{"1":288},1.000000,0.000000,0.000000,0.000000,1.000000,0.000000,-1.000000
0.048649118,3,36,snapshot,256,8192,1.000000,1.000000,1.000000,{"1":8192},1.000000,0.000000,0.000000,0.000000,1.000000,0.000000,-1.000000
0.048649118,3,36,read_only,1024,77,1.000000,1.000000,1.000000,{"1":288},1.000000,0.000000,0.000000,0.000000,1.000000,0.000000,-1.000000
0.048649118,3,36,union,1024,77,1.000000,1.000000,1.000000,{"1":288},1.000000,0.000000,0.000000,0.000000,1.000000,0.000000,-1.000000
0.048649118,3,36,snapshot,1024,2419,0.999587,0.999897,0.999587,{"1":8192},0.999587,0.000413,0.000000,0.000000,0.999587,0.000000,0.000000
0.048649118,3,36,read_only,4096,21,1.000000,1.000000,1.000000,{"1":288},1.000000,0.000000,0.000000,0.000000,1.000000,0.000000,-1.000000
0.048649118,3,36,union,4096,21,1.000000,1.000000,1.000000,{"1":288},1.000000,0.000000,0.000000,0.000000,1.000000,0.000000,-1.000000
0.048649118,3,36,snapshot,4096,704,0.998580,0.999911,0.998580,{"1":8192},0.998580,0.001420,0.000000,0.000000,0.998580,0.000000,0.000000
0.048649118,3,36,read_only,16384,7,1.000000,1.000000,1.000000,{"1":288},1.000000,0.000000,0.000000,0.000000,1.000000,0.000000,-1.000000
0.048649118,3,36,union,16384,7,1.000000,1.000000,1.000000,{"1":288},1.000000,0.000000,0.000000,0.000000,1.000000,0.000000,-1.000000
0.048649118,3,36,snapshot,16384,218,0.967890,0.991277,0.967890,{"1":8192},0.967890,0.027523,0.004587,0.000000,0.967890,0.000000,0.000000
0.048887956,3,37,read_only,64,6,1.000000,1.000000,1.000000,{"1":6},1.000000,0.000000,0.000000,0.000000,1.000000,0.000000,-1.000000
0.048887956,3,37,union,64,8,1.000000,1.000000,1.000000,{"1":8},1.000000,0.000000,0.000000,0.000000,1.000000,0.000000,-1.000000
0.048887956,3,37,snapshot,64,8192,1.000000,1.000000,1.000000,{"1":8192},1.000000,0.000000,0.000000,0.000000,1.000000,0.000000,-1.000000
0.048887956,3,37,read_only,256,6,1.000000,1.000000,1.000000,{"1":6},1.000000,0.000000,0.000000,0.000000,1.000000,0.000000,-1.000000
0.048887956,3,37,union,256,8,1.000000,1.000000,1.000000,{"1":8},1.000000,0.000000,0.000000,0.000000,1.000000,0.000000,-1.000000
0.048887956,3,37,snapshot,256,8192,1.000000,1.000000,1.000000,{"1":8192},1.000000,0.000000,0.000000,0.000000,1.000000,0.000000,-1.000000
0.048887956,3,37,read_only,1024,6,1.000000,1.000000,1.000000,{"1":6},1.000000,0.000000,0.000000,0.000000,1.000000,0.000000,-1.000000
0.048887956,3,37,union,1024,8,1.000000,1.000000,1.000000,{"1":8},1.000000,0.000000,0.000000,0.000000,1.000000,0.000000,-1.000000
0.048887956,3,37,snapshot,1024,2414,1.000000,1.000000,1.000000,{"1":8192},1.000000,0.000000,0.000000,0.000000,1.000000,0.000000,-1.000000
0.048887956,3,37,read_only,4096,6,1.000000,1.000000,1.000000,{"1":6},1.000000,0.000000,0.000000,0.000000,1.000000,0.000000,-1.000000
0.048887956,3,37,union,4096,7,1.000000,1.000000,1.000000,{"1":8},1.000000,0.000000,0.000000,0.000000,1.000000,0.000000,-1.000000
0.048887956,3,37,snapshot,4096,700,1.000000,1.000000,1.000000,{"1":8192},1.000000,0.000000,0.000000,0.000000,1.000000,0.000000,-1.000000
0.048887956,3,37,read_only,16384,3,1.000000,1.000000,1.000000,{"1":6},1.000000,0.000000,0.000000,0.000000,1.000000,0.000000,-1.000000
0.048887956,3,37,union,16384,4,1.000000,1.000000,1.000000,{"1":8},1.000000,0.000000,0.000000,0.000000,1.000000,0.000000,-1.000000
0.048887956,3,37,snapshot,16384,216,0.972222,0.991269,0.972222,{"1":8192},0.972222,0.023148,0.004630,0.000000,0.972222,0.000000,0.000000
0.049146483,3,38,read_only,64,75,1.000000,1.000000,1.000000,{"1":75},1.000000,0.000000,0.000000,0.000000,1.000000,0.000000,-1.000000
0.049146483,3,38,union,64,75,1.000000,1.000000,1.000000,{"1":75},1.000000,0.000000,0.000000,0.000000,1.000000,0.000000,-1.000000
0.049146483,3,38,snapshot,64,8192,1.000000,1.000000,1.000000,{"1":8192},1.000000,0.000000,0.000000,0.000000,1.000000,0.000000,-1.000000
0.049146483,3,38,read_only,256,75,1.000000,1.000000,1.000000,{"1":75},1.000000,0.000000,0.000000,0.000000,1.000000,0.000000,-1.000000
0.049146483,3,38,union,256,75,1.000000,1.000000,1.000000,{"1":75},1.000000,0.000000,0.000000,0.000000,1.000000,0.000000,-1.000000
0.049146483,3,38,snapshot,256,8192,1.000000,1.000000,1.000000,{"1":8192},1.000000,0.000000,0.000000,0.000000,1.000000,0.000000,-1.000000
0.049146483,3,38,read_only,1024,34,1.000000,1.000000,1.000000,{"1":75},1.000000,0.000000,0.000000,0.000000,1.000000,0.000000,-1.000000
0.049146483,3,38,union,1024,34,1.000000,1.000000,1.000000,{"1":75},1.000000,0.000000,0.000000,0.000000,1.000000,0.000000,-1.000000
0.049146483,3,38,snapshot,1024,2429,1.000000,1.000000,1.000000,{"1":8192},1.000000,0.000000,0.000000,0.000000,1.000000,0.000000,-1.000000
0.049146483,3,38,read_only,4096,15,1.000000,1.000000,1.000000,{"1":75},1.000000,0.000000,0.000000,0.000000,1.000000,0.000000,-1.000000
0.049146483,3,38,union,4096,15,1.000000,1.000000,1.000000,{"1":75},1.000000,0.000000,0.000000,0.000000,1.000000,0.000000,-1.000000
0.049146483,3,38,snapshot,4096,706,1.000000,1.000000,1.000000,{"1":8192},1.000000,0.000000,0.000000,0.000000,1.000000,0.000000,-1.000000
0.049146483,3,38,read_only,16384,8,0.875000,0.948529,0.875000,{"1":75},0.875000,0.125000,0.000000,0.000000,0.875000,0.000000,0.000000
0.049146483,3,38,union,16384,8,0.875000,0.948529,0.875000,{"1":75},0.875000,0.125000,0.000000,0.000000,0.875000,0.000000,0.000000
0.049146483,3,38,snapshot,16384,218,0.967890,0.989460,0.967890,{"1":8192},0.967890,0.027523,0.004587,0.000000,0.967890,0.000000,0.000000
0.049382155,3,39,snapshot,64,8192,1.000000,1.000000,1.000000,{"1":8192},1.000000,0.000000,0.000000,0.000000,1.000000,0.000000,-1.000000
0.049382155,3,39,snapshot,256,8192,1.000000,1.000000,1.000000,{"1":8192},1.000000,0.000000,0.000000,0.000000,1.000000,0.000000,-1.000000
0.049382155,3,39,snapshot,1024,2429,1.000000,1.000000,1.000000,{"1":8192},1.000000,0.000000,0.000000,0.000000,1.000000,0.000000,-1.000000
0.049382155,3,39,snapshot,4096,706,1.000000,1.000000,1.000000,{"1":8192},1.000000,0.000000,0.000000,0.000000,1.000000,0.000000,-1.000000
0.049382155,3,39,snapshot,16384,218,0.967890,0.989460,0.967890,{"1":8192},0.967890,0.027523,0.004587,0.000000,0.967890,0.000000,0.000000
0.049615776,3,40,read_only,64,6,1.000000,1.000000,1.000000,{"1":6},1.000000,0.000000,0.000000,0.000000,1.000000,0.000000,-1.000000
0.049615776,3,40,union,64,6,1.000000,1.000000,1.000000,{"1":6},1.000000,0.000000,0.000000,0.000000,1.000000,0.000000,-1.000000
0.049615776,3,40,snapshot,64,8192,1.000000,1.000000,1.000000,{"1":8192},1.000000,0.000000,0.000000,0.000000,1.000000,0.000000,-1.000000
0.049615776,3,40,read_only,256,6,1.000000,1.000000,1.000000,{"1":6},1.000000,0.000000,0.000000,0.000000,1.000000,0.000000,-1.000000
0.049615776,3,40,union,256,6,1.000000,1.000000,1.000000,{"1":6},1.000000,0.000000,0.000000,0.000000,1.000000,0.000000,-1.000000
0.049615776,3,40,snapshot,256,8192,1.000000,1.000000,1.000000,{"1":8192},1.000000,0.000000,0.000000,0.000000,1.000000,0.000000,-1.000000
0.049615776,3,40,read_only,1024,6,1.000000,1.000000,1.000000,{"1":6},1.000000,0.000000,0.000000,0.000000,1.000000,0.000000,-1.000000
0.049615776,3,40,union,1024,6,1.000000,1.000000,1.000000,{"1":6},1.000000,0.000000,0.000000,0.000000,1.000000,0.000000,-1.000000
0.049615776,3,40,snapshot,1024,2425,1.000000,1.000000,1.000000,{"1":8192},1.000000,0.000000,0.000000,0.000000,1.000000,0.000000,-1.000000
0.049615776,3,40,read_only,4096,5,1.000000,1.000000,1.000000,{"1":6},1.000000,0.000000,0.000000,0.000000,1.000000,0.000000,-1.000000
0.049615776,3,40,union,4096,5,1.000000,1.000000,1.000000,{"1":6},1.000000,0.000000,0.000000,0.000000,1.000000,0.000000,-1.000000
0.049615776,3,40,snapshot,4096,704,1.000000,1.000000,1.000000,{"1":8192},1.000000,0.000000,0.000000,0.000000,1.000000,0.000000,-1.000000
0.049615776,3,40,read_only,16384,5,1.000000,1.000000,1.000000,{"1":6},1.000000,0.000000,0.000000,0.000000,1.000000,0.000000,-1.000000
0.049615776,3,40,union,16384,5,1.000000,1.000000,1.000000,{"1":6},1.000000,0.000000,0.000000,0.000000,1.000000,0.000000,-1.000000
0.049615776,3,40,snapshot,16384,217,0.967742,0.989411,0.967742,{"1":8192},0.967742,0.027650,0.004608,0.000000,0.967742,0.000000,0.000000
0.049856129,3,41,read_only,64,1,1.000000,1.000000,1.000000,{"1":1},1.000000,0.000000,0.000000,0.000000,1.000000,0.000000,-1.000000
0.049856129,3,41,union,64,1,1.000000,1.000000,1.000000,{"1":1},1.000000,0.000000,0.000000,0.000000,1.000000,0.000000,-1.000000
0.049856129,3,41,snapshot,64,8192,1.000000,1.000000,1.000000,{"1":8192},1.000000,0.000000,0.000000,0.000000,1.000000,0.000000,-1.000000
0.049856129,3,41,read_only,256,1,1.000000,1.000000,1.000000,{"1":1},1.000000,0.000000,0.000000,0.000000,1.000000,0.000000,-1.000000
0.049856129,3,41,union,256,1,1.000000,1.000000,1.000000,{"1":1},1.000000,0.000000,0.000000,0.000000,1.000000,0.000000,-1.000000
0.049856129,3,41,snapshot,256,8192,1.000000,1.000000,1.000000,{"1":8192},1.000000,0.000000,0.000000,0.000000,1.000000,0.000000,-1.000000
0.049856129,3,41,read_only,1024,1,1.000000,1.000000,1.000000,{"1":1},1.000000,0.000000,0.000000,0.000000,1.000000,0.000000,-1.000000
0.049856129,3,41,union,1024,1,1.000000,1.000000,1.000000,{"1":1},1.000000,0.000000,0.000000,0.000000,1.000000,0.000000,-1.000000
0.049856129,3,41,snapshot,1024,2426,1.000000,1.000000,1.000000,{"1":8192},1.000000,0.000000,0.000000,0.000000,1.000000,0.000000,-1.000000
0.049856129,3,41,read_only,4096,1,1.000000,1.000000,1.000000,{"1":1},1.000000,0.000000,0.000000,0.000000,1.000000,0.000000,-1.000000
0.049856129,3,41,union,4096,1,1.000000,1.000000,1.000000,{"1":1},1.000000,0.000000,0.000000,0.000000,1.000000,0.000000,-1.000000
0.049856129,3,41,snapshot,4096,705,1.000000,1.000000,1.000000,{"1":8192},1.000000,0.000000,0.000000,0.000000,1.000000,0.000000,-1.000000
0.049856129,3,41,read_only,16384,1,1.000000,1.000000,1.000000,{"1":1},1.000000,0.000000,0.000000,0.000000,1.000000,0.000000,-1.000000
0.049856129,3,41,union,16384,1,1.000000,1.000000,1.000000,{"1":1},1.000000,0.000000,0.000000,0.000000,1.000000,0.000000,-1.000000
0.049856129,3,41,snapshot,16384,218,0.967890,0.989460,0.967890,{"1":8192},0.967890,0.027523,0.004587,0.000000,0.967890,0.000000,0.000000
0.050089665,3,42,snapshot,64,8192,1.000000,1.000000,1.000000,{"1":8192},1.000000,0.000000,0.000000,0.000000,1.000000,0.000000,-1.000000
0.050089665,3,42,snapshot,256,8192,1.000000,1.000000,1.000000,{"1":8192},1.000000,0.000000,0.000000,0.000000,1.000000,0.000000,-1.000000
0.050089665,3,42,snapshot,1024,2426,1.000000,1.000000,1.000000,{"1":8192},1.000000,0.000000,0.000000,0.000000,1.000000,0.000000,-1.000000
0.050089665,3,42,snapshot,4096,705,1.000000,1.000000,1.000000,{"1":8192},1.000000,0.000000,0.000000,0.000000,1.000000,0.000000,-1.000000
0.050089665,3,42,snapshot,16384,218,0.967890,0.989460,0.967890,{"1":8192},0.967890,0.027523,0.004587,0.000000,0.967890,0.000000,0.000000
0.050320366,3,43,snapshot,64,8192,1.000000,1.000000,1.000000,{"1":8192},1.000000,0.000000,0.000000,0.000000,1.000000,0.000000,-1.000000
0.050320366,3,43,snapshot,256,8192,1.000000,1.000000,1.000000,{"1":8192},1.000000,0.000000,0.000000,0.000000,1.000000,0.000000,-1.000000
0.050320366,3,43,snapshot,1024,2426,1.000000,1.000000,1.000000,{"1":8192},1.000000,0.000000,0.000000,0.000000,1.000000,0.000000,-1.000000
0.050320366,3,43,snapshot,4096,705,1.000000,1.000000,1.000000,{"1":8192},1.000000,0.000000,0.000000,0.000000,1.000000,0.000000,-1.000000
0.050320366,3,43,snapshot,16384,218,0.967890,0.989460,0.967890,{"1":8192},0.967890,0.027523,0.004587,0.000000,0.967890,0.000000,0.000000
0.050580406,3,44,read_only,64,31,1.000000,1.000000,1.000000,{"1":31},1.000000,0.000000,0.000000,0.000000,1.000000,0.000000,-1.000000
0.050580406,3,44,union,64,31,1.000000,1.000000,1.000000,{"1":31},1.000000,0.000000,0.000000,0.000000,1.000000,0.000000,-1.000000
0.050580406,3,44,snapshot,64,8192,1.000000,1.000000,1.000000,{"1":8192},1.000000,0.000000,0.000000,0.000000,1.000000,0.000000,-1.000000
0.050580406,3,44,read_only,256,31,1.000000,1.000000,1.000000,{"1":31},1.000000,0.000000,0.000000,0.000000,1.000000,0.000000,-1.000000
0.050580406,3,44,union,256,31,1.000000,1.000000,1.000000,{"1":31},1.000000,0.000000,0.000000,0.000000,1.000000,0.000000,-1.000000
0.050580406,3,44,snapshot,256,8192,1.000000,1.000000,1.000000,{"1":8192},1.000000,0.000000,0.000000,0.000000,1.000000,0.000000,-1.000000
0.050580406,3,44,read_only,1024,19,1.000000,1.000000,1.000000,{"1":31},1.000000,0.000000,0.000000,0.000000,1.000000,0.000000,-1.000000
0.050580406,3,44,union,1024,19,1.000000,1.000000,1.000000,{"1":31},1.000000,0.000000,0.000000,0.000000,1.000000,0.000000,-1.000000
0.050580406,3,44,snapshot,1024,2437,1.000000,1.000000,1.000000,{"1":8192},1.000000,0.000000,0.000000,0.000000,1.000000,0.000000,-1.000000
0.050580406,3,44,read_only,4096,9,1.000000,1.000000,1.000000,{"1":31},1.000000,0.000000,0.000000,0.000000,1.000000,0.000000,-1.000000
0.050580406,3,44,union,4096,9,1.000000,1.000000,1.000000,{"1":31},1.000000,0.000000,0.000000,0.000000,1.000000,0.000000,-1.000000
0.050580406,3,44,snapshot,4096,709,1.000000,1.000000,1.000000,{"1":8192},1.000000,0.000000,0.000000,0.000000,1.000000,0.000000,-1.000000
0.050580406,3,44,read_only,16384,6,1.000000,1.000000,1.000000,{"1":31},1.000000,0.000000,0.000000,0.000000,1.000000,0.000000,-1.000000
0.050580406,3,44,union,16384,6,1.000000,1.000000,1.000000,{"1":31},1.000000,0.000000,0.000000,0.000000,1.000000,0.000000,-1.000000
0.050580406,3,44,snapshot,16384,221,0.968326,0.989603,0.968326,{"1":8192},0.968326,0.027149,0.004525,0.000000,0.968326,0.000000,0.000000
0.050840773,3,45,snapshot,64,8192,1.000000,1.000000,1.000000,{"1":8192},1.000000,0.000000,0.000000,0.000000,1.000000,0.000000,-1.000000
0.050840773,3,45,snapshot,256,8192,1.000000,1.000000,1.000000,{"1":8192},1.000000,0.000000,0.000000,0.000000,1.000000,0.000000,-1.000000
0.050840773,3,45,snapshot,1024,2437,1.000000,1.000000,1.000000,{"1":8192},1.000000,0.000000,0.000000,0.000000,1.000000,0.000000,-1.000000
0.050840773,3,45,snapshot,4096,709,1.000000,1.000000,1.000000,{"1":8192},1.000000,0.000000,0.000000,0.000000,1.000000,0.000000,-1.000000
0.050840773,3,45,snapshot,16384,221,0.968326,0.989603,0.968326,{"1":8192},0.968326,0.027149,0.004525,0.000000,0.968326,0.000000,0.000000
0.051101243,3,46,read_only,64,25,1.000000,1.000000,1.000000,{"1":25},1.000000,0.000000,0.000000,0.000000,1.000000,0.000000,-1.000000
0.051101243,3,46,union,64,25,1.000000,1.000000,1.000000,{"1":25},1.000000,0.000000,0.000000,0.000000,1.000000,0.000000,-1.000000
0.051101243,3,46,snapshot,64,8192,1.000000,1.000000,1.000000,{"1":8192},1.000000,0.000000,0.000000,0.000000,1.000000,0.000000,-1.000000
0.051101243,3,46,read_only,256,25,1.000000,1.000000,1.000000,{"1":25},1.000000,0.000000,0.000000,0.000000,1.000000,0.000000,-1.000000
0.051101243,3,46,union,256,25,1.000000,1.000000,1.000000,{"1":25},1.000000,0.000000,0.000000,0.000000,1.000000,0.000000,-1.000000
0.051101243,3,46,snapshot,256,8192,1.000000,1.000000,1.000000,{"1":8192},1.000000,0.000000,0.000000,0.000000,1.000000,0.000000,-1.000000
0.051101243,3,46,read_only,1024,7,1.000000,1.000000,1.000000,{"1":25},1.000000,0.000000,0.000000,0.000000,1.000000,0.000000,-1.000000
0.051101243,3,46,union,1024,7,1.000000,1.000000,1.000000,{"1":25},1.000000,0.000000,0.000000,0.000000,1.000000,0.000000,-1.000000
0.051101243,3,46,snapshot,1024,2435,1.000000,1.000000,1.000000,{"1":8192},1.000000,0.000000,0.000000,0.000000,1.000000,0.000000,-1.000000
0.051101243,3,46,read_only,4096,3,1.000000,1.000000,1.000000,{"1":25},1.000000,0.000000,0.000000,0.000000,1.000000,0.000000,-1.000000
0.051101243,3,46,union,4096,3,1.000000,1.000000,1.000000,{"1":25},1.000000,0.000000,0.000000,0.000000,1.000000,0.000000,-1.000000
0.051101243,3,46,snapshot,4096,706,1.000000,1.000000,1.000000,{"1":8192},1.000000,0.000000,0.000000,0.000000,1.000000,0.000000,-1.000000
0.051101243,3,46,read_only,16384,3,1.000000,1.000000,1.000000,{"1":25},1.000000,0.000000,0.000000,0.000000,1.000000,0.000000,-1.000000
0.051101243,3,46,union,16384,3,1.000000,1.000000,1.000000,{"1":25},1.000000,0.000000,0.000000,0.000000,1.000000,0.000000,-1.000000
0.051101243,3,46,snapshot,16384,221,0.968326,0.989603,0.968326,{"1":8192},0.968326,0.027149,0.004525,0.000000,0.968326,0.000000,0.000000
0.051378293,3,47,read_only,64,16,1.000000,1.000000,1.000000,{"1":16},1.000000,0.000000,0.000000,0.000000,1.000000,0.000000,-1.000000
0.051378293,3,47,union,64,16,1.000000,1.000000,1.000000,{"1":16},1.000000,0.000000,0.000000,0.000000,1.000000,0.000000,-1.000000
0.051378293,3,47,snapshot,64,16,1.000000,1.000000,1.000000,{"1":16},1.000000,0.000000,0.000000,0.000000,1.000000,0.000000,-1.000000
0.051378293,3,47,read_only,256,16,1.000000,1.000000,1.000000,{"1":16},1.000000,0.000000,0.000000,0.000000,1.000000,0.000000,-1.000000
0.051378293,3,47,union,256,16,1.000000,1.000000,1.000000,{"1":16},1.000000,0.000000,0.000000,0.000000,1.000000,0.000000,-1.000000
0.051378293,3,47,snapshot,256,16,1.000000,1.000000,1.000000,{"1":16},1.000000,0.000000,0.000000,0.000000,1.000000,0.000000,-1.000000
0.051378293,3,47,read_only,1024,4,1.000000,1.000000,1.000000,{"1":16},1.000000,0.000000,0.000000,0.000000,1.000000,0.000000,-1.000000
0.051378293,3,47,union,1024,4,1.000000,1.000000,1.000000,{"1":16},1.000000,0.000000,0.000000,0.000000,1.000000,0.000000,-1.000000
0.051378293,3,47,snapshot,1024,4,1.000000,1.000000,1.000000,{"1":16},1.000000,0.000000,0.000000,0.000000,1.000000,0.000000,-1.000000
0.051378293,3,47,read_only,4096,1,1.000000,1.000000,1.000000,{"1":16},1.000000,0.000000,0.000000,0.000000,1.000000,0.000000,-1.000000
0.051378293,3,47,union,4096,1,1.000000,1.000000,1.000000,{"1":16},1.000000,0.000000,0.000000,0.000000,1.000000,0.000000,-1.000000
0.051378293,3,47,snapshot,4096,1,1.000000,1.000000,1.000000,{"1":16},1.000000,0.000000,0.000000,0.000000,1.000000,0.000000,-1.000000
0.051378293,3,47,read_only,16384,1,1.000000,1.000000,1.000000,{"1":16},1.000000,0.000000,0.000000,0.000000,1.000000,0.000000,-1.000000
0.051378293,3,47,union,16384,1,1.000000,1.000000,1.000000,{"1":16},1.000000,0.000000,0.000000,0.000000,1.000000,0.000000,-1.000000
0.051378293,3,47,snapshot,16384,1,1.000000,1.000000,1.000000,{"1":16},1.000000,0.000000,0.000000,0.000000,1.000000,0.000000,-1.000000
0.051653450,3,48,read_only,64,192,1.000000,1.000000,1.000000,{"1":192},1.000000,0.000000,0.000000,0.000000,1.000000,0.000000,-1.000000
0.051653450,3,48,union,64,192,1.000000,1.000000,1.000000,{"1":192},1.000000,0.000000,0.000000,0.000000,1.000000,0.000000,-1.000000
0.051653450,3,48,snapshot,64,192,1.000000,1.000000,1.000000,{"1":192},1.000000,0.000000,0.000000,0.000000,1.000000,0.000000,-1.000000
0.051653450,3,48,read_only,256,192,1.000000,1.000000,1.000000,{"1":192},1.000000,0.000000,0.000000,0.000000,1.000000,0.000000,-1.000000
0.051653450,3,48,union,256,192,1.000000,1.000000,1.000000,{"1":192},1.000000,0.000000,0.000000,0.000000,1.000000,0.000000,-1.000000
0.051653450,3,48,snapshot,256,192,1.000000,1.000000,1.000000,{"1":192},1.000000,0.000000,0.000000,0.000000,1.000000,0.000000,-1.000000
0.051653450,3,48,read_only,1024,48,1.000000,1.000000,1.000000,{"1":192},1.000000,0.000000,0.000000,0.000000,1.000000,0.000000,-1.000000
0.051653450,3,48,union,1024,48,1.000000,1.000000,1.000000,{"1":192},1.000000,0.000000,0.000000,0.000000,1.000000,0.000000,-1.000000
0.051653450,3,48,snapshot,1024,48,1.000000,1.000000,1.000000,{"1":192},1.000000,0.000000,0.000000,0.000000,1.000000,0.000000,-1.000000
0.051653450,3,48,read_only,4096,12,1.000000,1.000000,1.000000,{"1":192},1.000000,0.000000,0.000000,0.000000,1.000000,0.000000,-1.000000
0.051653450,3,48,union,4096,12,1.000000,1.000000,1.000000,{"1":192},1.000000,0.000000,0.000000,0.000000,1.000000,0.000000,-1.000000
0.051653450,3,48,snapshot,4096,12,1.000000,1.000000,1.000000,{"1":192},1.000000,0.000000,0.000000,0.000000,1.000000,0.000000,-1.000000
0.051653450,3,48,read_only,16384,6,0.666667,0.861111,0.666667,{"1":192},0.666667,0.333333,0.000000,0.000000,0.666667,0.000000,0.000000
0.051653450,3,48,union,16384,6,0.666667,0.861111,0.666667,{"1":192},0.666667,0.333333,0.000000,0.000000,0.666667,0.000000,0.000000
0.051653450,3,48,snapshot,16384,6,0.666667,0.861111,0.666667,{"1":192},0.666667,0.333333,0.000000,0.000000,0.666667,0.000000,0.000000
0.051903280,3,49,snapshot,64,192,1.000000,1.000000,1.000000,{"1":192},1.000000,0.000000,0.000000,0.000000,1.000000,0.000000,-1.000000
0.051903280,3,49,snapshot,256,192,1.000000,1.000000,1.000000,{"1":192},1.000000,0.000000,0.000000,0.000000,1.000000,0.000000,-1.000000
0.051903280,3,49,snapshot,1024,48,1.000000,1.000000,1.000000,{"1":192},1.000000,0.000000,0.000000,0.000000,1.000000,0.000000,-1.000000
0.051903280,3,49,snapshot,4096,12,1.000000,1.000000,1.000000,{"1":192},1.000000,0.000000,0.000000,0.000000,1.000000,0.000000,-1.000000
0.051903280,3,49,snapshot,16384,6,0.666667,0.861111,0.666667,{"1":192},0.666667,0.333333,0.000000,0.000000,0.666667,0.000000,0.000000
0.052309291,3,50,read_only,64,465,1.000000,1.000000,1.000000,{"1":465},1.000000,0.000000,0.000000,0.000000,1.000000,0.000000,-1.000000
0.052309291,3,50,union,64,465,1.000000,1.000000,1.000000,{"1":465},1.000000,0.000000,0.000000,0.000000,1.000000,0.000000,-1.000000
0.052309291,3,50,snapshot,64,657,1.000000,1.000000,1.000000,{"1":657},1.000000,0.000000,0.000000,0.000000,1.000000,0.000000,-1.000000
0.052309291,3,50,read_only,256,465,1.000000,1.000000,1.000000,{"1":465},1.000000,0.000000,0.000000,0.000000,1.000000,0.000000,-1.000000
0.052309291,3,50,union,256,465,1.000000,1.000000,1.000000,{"1":465},1.000000,0.000000,0.000000,0.000000,1.000000,0.000000,-1.000000
0.052309291,3,50,snapshot,256,657,1.000000,1.000000,1.000000,{"1":657},1.000000,0.000000,0.000000,0.000000,1.000000,0.000000,-1.000000
0.052309291,3,50,read_only,1024,117,0.888889,0.972222,0.888889,{"1":465},0.888889,0.111111,0.000000,0.000000,0.888889,0.000000,0.000000
0.052309291,3,50,union,1024,117,0.888889,0.972222,0.888889,{"1":465},0.888889,0.111111,0.000000,0.000000,0.888889,0.000000,0.000000
0.052309291,3,50,snapshot,1024,165,0.921212,0.980303,0.921212,{"1":657},0.921212,0.078788,0.000000,0.000000,0.921212,0.000000,0.000000
0.052309291,3,50,read_only,4096,30,0.833333,0.972917,0.833333,{"1":465},0.833333,0.166667,0.000000,0.000000,0.833333,0.000000,0.000000
0.052309291,3,50,union,4096,30,0.833333,0.972917,0.833333,{"1":465},0.833333,0.166667,0.000000,0.000000,0.833333,0.000000,0.000000
0.052309291,3,50,snapshot,4096,42,0.880952,0.980655,0.880952,{"1":657},0.880952,0.119048,0.000000,0.000000,0.880952,0.000000,0.000000
0.052309291,3,50,read_only,16384,11,0.636364,0.902462,0.636364,{"1":465},0.636364,0.363636,0.000000,0.000000,0.636364,0.000000,0.000000
0.052309291,3,50,union,16384,11,0.636364,0.902462,0.636364,{"1":465},0.636364,0.363636,0.000000,0.000000,0.636364,0.000000,0.000000
0.052309291,3,50,snapshot,16384,16,0.625000,0.867839,0.625000,{"1":657},0.625000,0.312500,0.062500,0.000000,0.625000,0.000000,0.000000
0.052543612,3,51,snapshot,64,657,1.000000,1.000000,1.000000,{"1":657},1.000000,0.000000,0.000000,0.000000,1.000000,0.000000,-1.000000
0.052543612,3,51,snapshot,256,657,1.000000,1.000000,1.000000,{"1":657},1.000000,0.000000,0.000000,0.000000,1.000000,0.000000,-1.000000
0.052543612,3,51,snapshot,1024,165,0.921212,0.980303,0.921212,{"1":657},0.921212,0.078788,0.000000,0.000000,0.921212,0.000000,0.000000
0.052543612,3,51,snapshot,4096,42,0.880952,0.980655,0.880952,{"1":657},0.880952,0.119048,0.000000,0.000000,0.880952,0.000000,0.000000
0.052543612,3,51,snapshot,16384,16,0.625000,0.867839,0.625000,{"1":657},0.625000,0.312500,0.062500,0.000000,0.625000,0.000000,0.000000
0.052979566,3,52,read_only,64,14,1.000000,1.000000,1.000000,{"1":14},1.000000,0.000000,0.000000,0.000000,1.000000,0.000000,-1.000000
0.052979566,3,52,union,64,14,1.000000,1.000000,1.000000,{"1":14},1.000000,0.000000,0.000000,0.000000,1.000000,0.000000,-1.000000
0.052979566,3,52,snapshot,64,671,1.000000,1.000000,1.000000,{"1":671},1.000000,0.000000,0.000000,0.000000,1.000000,0.000000,-1.000000
0.052979566,3,52,read_only,256,14,1.000000,1.000000,1.000000,{"1":14},1.000000,0.000000,0.000000,0.000000,1.000000,0.000000,-1.000000
0.052979566,3,52,union,256,14,1.000000,1.000000,1.000000,{"1":14},1.000000,0.000000,0.000000,0.000000,1.000000,0.000000,-1.000000
0.052979566,3,52,snapshot,256,671,1.000000,1.000000,1.000000,{"1":671},1.000000,0.000000,0.000000,0.000000,1.000000,0.000000,-1.000000
0.052979566,3,52,read_only,1024,4,1.000000,1.000000,1.000000,{"1":14},1.000000,0.000000,0.000000,0.000000,1.000000,0.000000,-1.000000
0.052979566,3,52,union,1024,4,1.000000,1.000000,1.000000,{"1":14},1.000000,0.000000,0.000000,0.000000,1.000000,0.000000,-1.000000
0.052979566,3,52,snapshot,1024,169,0.923077,0.980769,0.923077,{"1":671},0.923077,0.076923,0.000000,0.000000,0.923077,0.000000,0.000000
0.052979566,3,52,read_only,4096,1,1.000000,1.000000,1.000000,{"1":14},1.000000,0.000000,0.000000,0.000000,1.000000,0.000000,-1.000000
0.052979566,3,52,union,4096,1,1.000000,1.000000,1.000000,{"1":14},1.000000,0.000000,0.000000,0.000000,1.000000,0.000000,-1.000000
0.052979566,3,52,snapshot,4096,43,0.883721,0.981105,0.883721,{"1":671},0.883721,0.116279,0.000000,0.000000,0.883721,0.000000,0.000000
0.052979566,3,52,read_only,16384,1,1.000000,1.000000,1.000000,{"1":14},1.000000,0.000000,0.000000,0.000000,1.000000,0.000000,-1.000000
0.052979566,3,52,union,16384,1,1.000000,1.000000,1.000000,{"1":14},1.000000,0.000000,0.000000,0.000000,1.000000,0.000000,-1.000000
0.052979566,3,52,snapshot,16384,17,0.647059,0.875613,0.647059,{"1":671},0.647059,0.294118,0.058824,0.000000,0.647059,0.000000,0.000000
0.053242493,3,53,snapshot,64,671,1.000000,1.000000,1.000000,{"1":671},1.000000,0.000000,0.000000,0.000000,1.000000,0.000000,-1.000000
0.053242493,3,53,snapshot,256,671,1.000000,1.000000,1.000000,{"1":671},1.000000,0.000000,0.000000,0.000000,1.000000,0.000000,-1.000000
0.053242493,3,53,snapshot,1024,169,0.923077,0.980769,0.923077,{"1":671},0.923077,0.076923,0.000000,0.000000,0.923077,0.000000,0.000000
0.053242493,3,53,snapshot,4096,43,0.883721,0.981105,0.883721,{"1":671},0.883721,0.116279,0.000000,0.000000,0.883721,0.000000,0.000000
0.053242493,3,53,snapshot,16384,17,0.647059,0.875613,0.647059,{"1":671},0.647059,0.294118,0.058824,0.000000,0.647059,0.000000,0.000000
0.054118047,3,54,read_only,64,1,1.000000,1.000000,1.000000,{"1":1},1.000000,0.000000,0.000000,0.000000,1.000000,0.000000,-1.000000
0.054118047,3,54,union,64,1,1.000000,1.000000,1.000000,{"1":1},1.000000,0.000000,0.000000,0.000000,1.000000,0.000000,-1.000000
0.054118047,3,54,snapshot,64,672,1.000000,1.000000,1.000000,{"1":672},1.000000,0.000000,0.000000,0.000000,1.000000,0.000000,-1.000000
0.054118047,3,54,read_only,256,1,1.000000,1.000000,1.000000,{"1":1},1.000000,0.000000,0.000000,0.000000,1.000000,0.000000,-1.000000
0.054118047,3,54,union,256,1,1.000000,1.000000,1.000000,{"1":1},1.000000,0.000000,0.000000,0.000000,1.000000,0.000000,-1.000000
0.054118047,3,54,snapshot,256,672,1.000000,1.000000,1.000000,{"1":672},1.000000,0.000000,0.000000,0.000000,1.000000,0.000000,-1.000000
0.054118047,3,54,read_only,1024,1,1.000000,1.000000,1.000000,{"1":1},1.000000,0.000000,0.000000,0.000000,1.000000,0.000000,-1.000000
0.054118047,3,54,union,1024,1,1.000000,1.000000,1.000000,{"1":1},1.000000,0.000000,0.000000,0.000000,1.000000,0.000000,-1.000000
0.054118047,3,54,snapshot,1024,170,0.923529,0.980882,0.923529,{"1":672},0.923529,0.076471,0.000000,0.000000,0.923529,0.000000,0.000000
0.054118047,3,54,read_only,4096,1,1.000000,1.000000,1.000000,{"1":1},1.000000,0.000000,0.000000,0.000000,1.000000,0.000000,-1.000000
0.054118047,3,54,union,4096,1,1.000000,1.000000,1.000000,{"1":1},1.000000,0.000000,0.000000,0.000000,1.000000,0.000000,-1.000000
0.054118047,3,54,snapshot,4096,44,0.886364,0.981534,0.886364,{"1":672},0.886364,0.113636,0.000000,0.000000,0.886364,0.000000,0.000000
0.054118047,3,54,read_only,16384,1,1.000000,1.000000,1.000000,{"1":1},1.000000,0.000000,0.000000,0.000000,1.000000,0.000000,-1.000000
0.054118047,3,54,union,16384,1,1.000000,1.000000,1.000000,{"1":1},1.000000,0.000000,0.000000,0.000000,1.000000,0.000000,-1.000000
0.054118047,3,54,snapshot,16384,18,0.666667,0.882523,0.666667,{"1":672},0.666667,0.277778,0.055556,0.000000,0.666667,0.000000,0.000000
0.054349593,3,55,snapshot,64,672,1.000000,1.000000,1.000000,{"1":672},1.000000,0.000000,0.000000,0.000000,1.000000,0.000000,-1.000000
0.054349593,3,55,snapshot,256,672,1.000000,1.000000,1.000000,{"1":672},1.000000,0.000000,0.000000,0.000000,1.000000,0.000000,-1.000000
0.054349593,3,55,snapshot,1024,170,0.923529,0.980882,0.923529,{"1":672},0.923529,0.076471,0.000000,0.000000,0.923529,0.000000,0.000000
0.054349593,3,55,snapshot,4096,44,0.886364,0.981534,0.886364,{"1":672},0.886364,0.113636,0.000000,0.000000,0.886364,0.000000,0.000000
0.054349593,3,55,snapshot,16384,18,0.666667,0.882523,0.666667,{"1":672},0.666667,0.277778,0.055556,0.000000,0.666667,0.000000,0.000000
0.054586349,3,56,snapshot,64,672,1.000000,1.000000,1.000000,{"1":672},1.000000,0.000000,0.000000,0.000000,1.000000,0.000000,-1.000000
0.054586349,3,56,snapshot,256,672,1.000000,1.000000,1.000000,{"1":672},1.000000,0.000000,0.000000,0.000000,1.000000,0.000000,-1.000000
0.054586349,3,56,snapshot,1024,170,0.923529,0.980882,0.923529,{"1":672},0.923529,0.076471,0.000000,0.000000,0.923529,0.000000,0.000000
0.054586349,3,56,snapshot,4096,44,0.886364,0.981534,0.886364,{"1":672},0.886364,0.113636,0.000000,0.000000,0.886364,0.000000,0.000000
0.054586349,3,56,snapshot,16384,18,0.666667,0.882523,0.666667,{"1":672},0.666667,0.277778,0.055556,0.000000,0.666667,0.000000,0.000000
0.054883723,3,57,read_only,64,64,1.000000,1.000000,1.000000,{"1":64},1.000000,0.000000,0.000000,0.000000,1.000000,0.000000,-1.000000
0.054883723,3,57,union,64,64,1.000000,1.000000,1.000000,{"1":64},1.000000,0.000000,0.000000,0.000000,1.000000,0.000000,-1.000000
0.054883723,3,57,snapshot,64,736,1.000000,1.000000,1.000000,{"1":736},1.000000,0.000000,0.000000,0.000000,1.000000,0.000000,-1.000000
0.054883723,3,57,read_only,256,64,1.000000,1.000000,1.000000,{"1":64},1.000000,0.000000,0.000000,0.000000,1.000000,0.000000,-1.000000
0.054883723,3,57,union,256,64,1.000000,1.000000,1.000000,{"1":64},1.000000,0.000000,0.000000,0.000000,1.000000,0.000000,-1.000000
0.054883723,3,57,snapshot,256,736,1.000000,1.000000,1.000000,{"1":736},1.000000,0.000000,0.000000,0.000000,1.000000,0.000000,-1.000000
0.054883723,3,57,read_only,1024,16,1.000000,1.000000,1.000000,{"1":64},1.000000,0.000000,0.000000,0.000000,1.000000,0.000000,-1.000000
0.054883723,3,57,union,1024,16,1.000000,1.000000,1.000000,{"1":64},1.000000,0.000000,0.000000,0.000000,1.000000,0.000000,-1.000000
0.054883723,3,57,snapshot,1024,186,0.930108,0.982527,0.930108,{"1":736},0.930108,0.069892,0.000000,0.000000,0.930108,0.000000,0.000000
0.054883723,3,57,read_only,4096,4,1.000000,1.000000,1.000000,{"1":64},1.000000,0.000000,0.000000,0.000000,1.000000,0.000000,-1.000000
0.054883723,3,57,union,4096,4,1.000000,1.000000,1.000000,{"1":64},1.000000,0.000000,0.000000,0.000000,1.000000,0.000000,-1.000000
0.054883723,3,57,snapshot,4096,48,0.895833,0.983073,0.895833,{"1":736},0.895833,0.104167,0.000000,0.000000,0.895833,0.000000,0.000000
0.054883723,3,57,read_only,16384,2,1.000000,1.000000,1.000000,{"1":64},1.000000,0.000000,0.000000,0.000000,1.000000,0.000000,-1.000000
0.054883723,3,57,union,16384,2,1.000000,1.000000,1.000000,{"1":64},1.000000,0.000000,0.000000,0.000000,1.000000,0.000000,-1.000000
0.054883723,3,57,snapshot,16384,20,0.700000,0.894271,0.700000,{"1":736},0.700000,0.250000,0.050000,0.000000,0.700000,0.000000,0.000000
0.055153507,3,58,read_only,64,129,1.000000,1.000000,1.000000,{"1":129},1.000000,0.000000,0.000000,0.000000,1.000000,0.000000,-1.000000
0.055153507,3,58,union,64,129,1.000000,1.000000,1.000000,{"1":129},1.000000,0.000000,0.000000,0.000000,1.000000,0.000000,-1.000000
0.055153507,3,58,snapshot,64,865,1.000000,1.000000,1.000000,{"1":865},1.000000,0.000000,0.000000,0.000000,1.000000,0.000000,-1.000000
0.055153507,3,58,read_only,256,129,1.000000,1.000000,1.000000,{"1":129},1.000000,0.000000,0.000000,0.000000,1.000000,0.000000,-1.000000
0.055153507,3,58,union,256,129,1.000000,1.000000,1.000000,{"1":129},1.000000,0.000000,0.000000,0.000000,1.000000,0.000000,-1.000000
0.055153507,3,58,snapshot,256,865,1.000000,1.000000,1.000000,{"1":865},1.000000,0.000000,0.000000,0.000000,1.000000,0.000000,-1.000000
0.055153507,3,58,read_only,1024,33,1.000000,1.000000,1.000000,{"1":129},1.000000,0.000000,0.000000,0.000000,1.000000,0.000000,-1.000000
0.055153507,3,58,union,1024,33,1.000000,1.000000,1.000000,{"1":129},1.000000,0.000000,0.000000,0.000000,1.000000,0.000000,-1.000000
0.055153507,3,58,snapshot,1024,219,0.940639,0.985160,0.940639,{"1":865},0.940639,0.059361,0.000000,0.000000,0.940639,0.000000,0.000000
0.055153507,3,58,read_only,4096,9,1.000000,1.000000,1.000000,{"1":129},1.000000,0.000000,0.000000,0.000000,1.000000,0.000000,-1.000000
0.055153507,3,58,union,4096,9,1.000000,1.000000,1.000000,{"1":129},1.000000,0.000000,0.000000,0.000000,1.000000,0.000000,-1.000000
0.055153507,3,58,snapshot,4096,57,0.912281,0.985746,0.912281,{"1":865},0.912281,0.087719,0.000000,0.000000,0.912281,0.000000,0.000000
0.055153507,3,58,read_only,16384,5,1.000000,1.000000,1.000000,{"1":129},1.000000,0.000000,0.000000,0.000000,1.000000,0.000000,-1.000000
0.055153507,3,58,union,16384,5,1.000000,1.000000,1.000000,{"1":129},1.000000,0.000000,0.000000,0.000000,1.000000,0.000000,-1.000000
0.055153507,3,58,snapshot,16384,24,0.708333,0.901476,0.708333,{"1":865},0.708333,0.250000,0.041667,0.000000,0.708333,0.000000,0.000000
0.055402259,3,59,read_only,64,16,1.000000,1.000000,1.000000,{"1":16},1.000000,0.000000,0.000000,0.000000,1.000000,0.000000,-1.000000
0.055402259,3,59,union,64,16,1.000000,1.000000,1.000000,{"1":16},1.000000,0.000000,0.000000,0.000000,1.000000,0.000000,-1.000000
0.055402259,3,59,snapshot,64,881,1.000000,1.000000,1.000000,{"1":881},1.000000,0.000000,0.000000,0.000000,1.000000,0.000000,-1.000000
0.055402259,3,59,read_only,256,16,1.000000,1.000000,1.000000,{"1":16},1.000000,0.000000,0.000000,0.000000,1.000000,0.000000,-1.000000
0.055402259,3,59,union,256,16,1.000000,1.000000,1.000000,{"1":16},1.000000,0.000000,0.000000,0.000000,1.000000,0.000000,-1.000000
0.055402259,3,59,snapshot,256,881,1.000000,1.000000,1.000000,{"1":881},1.000000,0.000000,0.000000,0.000000,1.000000,0.000000,-1.000000
0.055402259,3,59,read_only,1024,4,1.000000,1.000000,1.000000,{"1":16},1.000000,0.000000,0.000000,0.000000,1.000000,0.000000,-1.000000
0.055402259,3,59,union,1024,4,1.000000,1.000000,1.000000,{"1":16},1.000000,0.000000,0.000000,0.000000,1.000000,0.000000,-1.000000
0.055402259,3,59,snapshot,1024,223,0.941704,0.985426,0.941704,{"1":881},0.941704,0.058296,0.000000,0.000000,0.941704,0.000000,0.000000
0.055402259,3,59,read_only,4096,1,1.000000,1.000000,1.000000,{"1":16},1.000000,0.000000,0.000000,0.000000,1.000000,0.000000,-1.000000
0.055402259,3,59,union,4096,1,1.000000,1.000000,1.000000,{"1":16},1.000000,0.000000,0.000000,0.000000,1.000000,0.000000,-1.000000
0.055402259,3,59,snapshot,4096,58,0.913793,0.985991,0.913793,{"1":881},0.913793,0.086207,0.000000,0.000000,0.913793,0.000000,0.000000
0.055402259,3,59,read_only,16384,1,1.000000,1.000000,1.000000,{"1":16},1.000000,0.000000,0.000000,0.000000,1.000000,0.000000,-1.000000
0.055402259,3,59,union,16384,1,1.000000,1.000000,1.000000,{"1":16},1.000000,0.000000,0.000000,0.000000,1.000000,0.000000,-1.000000
0.055402259,3,59,snapshot,16384,25,0.720000,0.905417,0.720000,{"1":881},0.720000,0.240000,0.040000,0.000000,0.720000,0.000000,0.000000
0.055662158,3,60,read_only,64,436,1.000000,1.000000,1.000000,{"1":436},1.000000,0.000000,0.000000,0.000000,1.000000,0.000000,-1.000000
0.055662158,3,60,union,64,436,1.000000,1.000000,1.000000,{"1":436},1.000000,0.000000,0.000000,0.000000,1.000000,0.000000,-1.000000
0.055662158,3,60,snapshot,64,436,1.000000,1.000000,1.000000,{"1":436},1.000000,0.000000,0.000000,0.000000,1.000000,0.000000,-1.000000
0.055662158,3,60,read_only,256,436,1.000000,1.000000,1.000000,{"1":436},1.000000,0.000000,0.000000,0.000000,1.000000,0.000000,-1.000000
0.055662158,3,60,union,256,436,1.000000,1.000000,1.000000,{"1":436},1.000000,0.000000,0.000000,0.000000,1.000000,0.000000,-1.000000
0.055662158,3,60,snapshot,256,436,1.000000,1.000000,1.000000,{"1":436},1.000000,0.000000,0.000000,0.000000,1.000000,0.000000,-1.000000
0.055662158,3,60,read_only,1024,117,1.000000,1.000000,1.000000,{"1":436},1.000000,0.000000,0.000000,0.000000,1.000000,0.000000,-1.000000
0.055662158,3,60,union,1024,117,1.000000,1.000000,1.000000,{"1":436},1.000000,0.000000,0.000000,0.000000,1.000000,0.000000,-1.000000
0.055662158,3,60,snapshot,1024,117,1.000000,1.000000,1.000000,{"1":436},1.000000,0.000000,0.000000,0.000000,1.000000,0.000000,-1.000000
0.055662158,3,60,read_only,4096,35,1.000000,1.000000,1.000000,{"1":436},1.000000,0.000000,0.000000,0.000000,1.000000,0.000000,-1.000000
0.055662158,3,60,union,4096,35,1.000000,1.000000,1.000000,{"1":436},1.000000,0.000000,0.000000,0.000000,1.000000,0.000000,-1.000000
0.055662158,3,60,snapshot,4096,35,1.000000,1.000000,1.000000,{"1":436},1.000000,0.000000,0.000000,0.000000,1.000000,0.000000,-1.000000
0.055662158,3,60,read_only,16384,13,0.923077,0.977622,0.923077,{"1":436},0.923077,0.076923,0.000000,0.000000,0.923077,0.000000,0.000000
0.055662158,3,60,union,16384,13,0.923077,0.977622,0.923077,{"1":436},0.923077,0.076923,0.000000,0.000000,0.923077,0.000000,0.000000
0.055662158,3,60,snapshot,16384,13,0.923077,0.977622,0.923077,{"1":436},0.923077,0.076923,0.000000,0.000000,0.923077,0.000000,0.000000
0.055912711,3,61,read_only,64,972,1.000000,1.000000,1.000000,{"1":972},1.000000,0.000000,0.000000,0.000000,1.000000,0.000000,-1.000000
0.055912711,3,61,union,64,972,1.000000,1.000000,1.000000,{"1":972},1.000000,0.000000,0.000000,0.000000,1.000000,0.000000,-1.000000
0.055912711,3,61,snapshot,64,1408,1.000000,1.000000,1.000000,{"1":1408},1.000000,0.000000,0.000000,0.000000,1.000000,0.000000,-1.000000
0.055912711,3,61,read_only,256,972,1.000000,1.000000,1.000000,{"1":972},1.000000,0.000000,0.000000,0.000000,1.000000,0.000000,-1.000000
0.055912711,3,61,union,256,972,1.000000,1.000000,1.000000,{"1":972},1.000000,0.000000,0.000000,0.000000,1.000000,0.000000,-1.000000
0.055912711,3,61,snapshot,256,1408,1.000000,1.000000,1.000000,{"1":1408},1.000000,0.000000,0.000000,0.000000,1.000000,0.000000,-1.000000
0.055912711,3,61,read_only,1024,251,1.000000,1.000000,1.000000,{"1":972},1.000000,0.000000,0.000000,0.000000,1.000000,0.000000,-1.000000
0.055912711,3,61,union,1024,251,1.000000,1.000000,1.000000,{"1":972},1.000000,0.000000,0.000000,0.000000,1.000000,0.000000,-1.000000
0.055912711,3,61,snapshot,1024,352,1.000000,1.000000,1.000000,{"1":1408},1.000000,0.000000,0.000000,0.000000,1.000000,0.000000,-1.000000
0.055912711,3,61,read_only,4096,68,1.000000,1.000000,1.000000,{"1":972},1.000000,0.000000,0.000000,0.000000,1.000000,0.000000,-1.000000
0.055912711,3,61,union,4096,68,1.000000,1.000000,1.000000,{"1":972},1.000000,0.000000,0.000000,0.000000,1.000000,0.000000,-1.000000
0.055912711,3,61,snapshot,4096,88,1.000000,1.000000,1.000000,{"1":1408},1.000000,0.000000,0.000000,0.000000,1.000000,0.000000,-1.000000
0.055912711,3,61,read_only,16384,22,0.954545,0.988636,0.954545,{"1":972},0.954545,0.045455,0.000000,0.000000,0.954545,0.000000,0.000000
0.055912711,3,61,union,16384,22,0.954545,0.988636,0.954545,{"1":972},0.954545,0.045455,0.000000,0.000000,0.954545,0.000000,0.000000
0.055912711,3,61,snapshot,16384,26,0.923077,0.980769,0.923077,{"1":1408},0.923077,0.076923,0.000000,0.000000,0.923077,0.000000,0.000000
0.056397001,3,62,read_only,64,929,1.000000,1.000000,1.000000,{"1":929},1.000000,0.000000,0.000000,0.000000,1.000000,0.000000,-1.000000
0.056397001,3,62,union,64,929,1.000000,1.000000,1.000000,{"1":929},1.000000,0.000000,0.000000,0.000000,1.000000,0.000000,-1.000000
0.056397001,3,62,snapshot,64,2337,1.000000,1.000000,1.000000,{"1":2337},1.000000,0.000000,0.000000,0.000000,1.000000,0.000000,-1.000000
0.056397001,3,62,read_only,256,929,1.000000,1.000000,1.000000,{"1":929},1.000000,0.000000,0.000000,0.000000,1.000000,0.000000,-1.000000
0.056397001,3,62,union,256,929,1.000000,1.000000,1.000000,{"1":929},1.000000,0.000000,0.000000,0.000000,1.000000,0.000000,-1.000000
0.056397001,3,62,snapshot,256,2337,1.000000,1.000000,1.000000,{"1":2337},1.000000,0.000000,0.000000,0.000000,1.000000,0.000000,-1.000000
0.056397001,3,62,read_only,1024,233,0.742489,0.889485,0.742489,{"1":929},0.742489,0.218884,0.038627,0.000000,0.742489,0.000000,0.000000
0.056397001,3,62,union,1024,233,0.742489,0.889485,0.742489,{"1":929},0.742489,0.218884,0.038627,0.000000,0.742489,0.000000,0.000000
0.056397001,3,62,snapshot,1024,585,0.897436,0.955983,0.897436,{"1":2337},0.897436,0.087179,0.015385,0.000000,0.897436,0.000000,0.000000
0.056397001,3,62,read_only,4096,59,0.728814,0.890890,0.728814,{"1":929},0.728814,0.000000,0.271186,0.000000,0.728814,0.000000,0.000000
0.056397001,3,62,union,4096,59,0.728814,0.890890,0.728814,{"1":929},0.728814,0.000000,0.271186,0.000000,0.728814,0.000000,0.000000
0.056397001,3,62,snapshot,4096,147,0.891156,0.956207,0.891156,{"1":2337},0.891156,0.000000,0.108844,0.000000,0.891156,0.000000,0.000000
0.056397001,3,62,read_only,16384,19,0.578947,0.848242,0.578947,{"1":929},0.578947,0.105263,0.315789,0.000000,0.578947,0.000000,0.000000
0.056397001,3,62,union,16384,19,0.578947,0.848242,0.578947,{"1":929},0.578947,0.105263,0.315789,0.000000,0.578947,0.000000,0.000000
0.056397001,3,62,snapshot,16384,43,0.767442,0.929432,0.767442,{"1":2337},0.767442,0.093023,0.139535,0.000000,0.767442,0.000000,0.000000
0.056633721,3,63,snapshot,64,2337,1.000000,1.000000,1.000000,{"1":2337},1.000000,0.000000,0.000000,0.000000,1.000000,0.000000,-1.000000
0.056633721,3,63,snapshot,256,2337,1.000000,1.000000,1.000000,{"1":2337},1.000000,0.000000,0.000000,0.000000,1.000000,0.000000,-1.000000
0.056633721,3,63,snapshot,1024,585,0.897436,0.955983,0.897436,{"1":2337},0.897436,0.087179,0.015385,0.000000,0.897436,0.000000,0.000000
0.056633721,3,63,snapshot,4096,147,0.891156,0.956207,0.891156,{"1":2337},0.891156,0.000000,0.108844,0.000000,0.891156,0.000000,0.000000
0.056633721,3,63,snapshot,16384,43,0.767442,0.929432,0.767442,{"1":2337},0.767442,0.093023,0.139535,0.000000,0.767442,0.000000,0.000000
0.057318805,3,64,read_only,64,112,1.000000,1.000000,1.000000,{"1":112},1.000000,0.000000,0.000000,0.000000,1.000000,0.000000,-1.000000
0.057318805,3,64,union,64,112,1.000000,1.000000,1.000000,{"1":112},1.000000,0.000000,0.000000,0.000000,1.000000,0.000000,-1.000000
0.057318805,3,64,snapshot,64,2449,1.000000,1.000000,1.000000,{"1":2449},1.000000,0.000000,0.000000,0.000000,1.000000,0.000000,-1.000000
0.057318805,3,64,read_only,256,112,1.000000,1.000000,1.000000,{"1":112},1.000000,0.000000,0.000000,0.000000,1.000000,0.000000,-1.000000
0.057318805,3,64,union,256,112,1.000000,1.000000,1.000000,{"1":112},1.000000,0.000000,0.000000,0.000000,1.000000,0.000000,-1.000000
0.057318805,3,64,snapshot,256,2449,1.000000,1.000000,1.000000,{"1":2449},1.000000,0.000000,0.000000,0.000000,1.000000,0.000000,-1.000000
0.057318805,3,64,read_only,1024,28,1.000000,1.000000,1.000000,{"1":112},1.000000,0.000000,0.000000,0.000000,1.000000,0.000000,-1.000000
0.057318805,3,64,union,1024,28,1.000000,1.000000,1.000000,{"1":112},1.000000,0.000000,0.000000,0.000000,1.000000,0.000000,-1.000000
0.057318805,3,64,snapshot,1024,613,0.902121,0.957993,0.902121,{"1":2449},0.902121,0.083197,0.014682,0.000000,0.902121,0.000000,0.000000
0.057318805,3,64,read_only,4096,7,1.000000,1.000000,1.000000,{"1":112},1.000000,0.000000,0.000000,0.000000,1.000000,0.000000,-1.000000
0.057318805,3,64,union,4096,7,1.000000,1.000000,1.000000,{"1":112},1.000000,0.000000,0.000000,0.000000,1.000000,0.000000,-1.000000
0.057318805,3,64,snapshot,4096,154,0.896104,0.958198,0.896104,{"1":2449},0.896104,0.000000,0.103896,0.000000,0.896104,0.000000,0.000000
0.057318805,3,64,read_only,16384,4,1.000000,1.000000,1.000000,{"1":112},1.000000,0.000000,0.000000,0.000000,1.000000,0.000000,-1.000000
0.057318805,3,64,union,16384,4,1.000000,1.000000,1.000000,{"1":112},1.000000,0.000000,0.000000,0.000000,1.000000,0.000000,-1.000000
0.057318805,3,64,snapshot,16384,45,0.755556,0.921457,0.755556,{"1":2449},0.755556,0.111111,0.133333,0.000000,0.755556,0.000000,0.000000
0.057578305,3,65,snapshot,64,2449,1.000000,1.000000,1.000000,{"1":2449},1.000000,0.000000,0.000000,0.000000,1.000000,0.000000,-1.000000
0.057578305,3,65,snapshot,256,2449,1.000000,1.000000,1.000000,{"1":2449},1.000000,0.000000,0.000000,0.000000,1.000000,0.000000,-1.000000
0.057578305,3,65,snapshot,1024,613,0.902121,0.957993,0.902121,{"1":2449},0.902121,0.083197,0.014682,0.000000,0.902121,0.000000,0.000000
0.057578305,3,65,snapshot,4096,154,0.896104,0.958198,0.896104,{"1":2449},0.896104,0.000000,0.103896,0.000000,0.896104,0.000000,0.000000
0.057578305,3,65,snapshot,16384,45,0.755556,0.921457,0.755556,{"1":2449},0.755556,0.111111,0.133333,0.000000,0.755556,0.000000,0.000000
0.058413627,3,66,read_only,64,4,1.000000,1.000000,1.000000,{"1":4},1.000000,0.000000,0.000000,0.000000,1.000000,0.000000,-1.000000
0.058413627,3,66,union,64,4,1.000000,1.000000,1.000000,{"1":4},1.000000,0.000000,0.000000,0.000000,1.000000,0.000000,-1.000000
0.058413627,3,66,snapshot,64,2453,1.000000,1.000000,1.000000,{"1":2453},1.000000,0.000000,0.000000,0.000000,1.000000,0.000000,-1.000000
0.058413627,3,66,read_only,256,4,1.000000,1.000000,1.000000,{"1":4},1.000000,0.000000,0.000000,0.000000,1.000000,0.000000,-1.000000
0.058413627,3,66,union,256,4,1.000000,1.000000,1.000000,{"1":4},1.000000,0.000000,0.000000,0.000000,1.000000,0.000000,-1.000000
0.058413627,3,66,snapshot,256,2453,1.000000,1.000000,1.000000,{"1":2453},1.000000,0.000000,0.000000,0.000000,1.000000,0.000000,-1.000000
0.058413627,3,66,read_only,1024,2,1.000000,1.000000,1.000000,{"1":4},1.000000,0.000000,0.000000,0.000000,1.000000,0.000000,-1.000000
0.058413627,3,66,union,1024,2,1.000000,1.000000,1.000000,{"1":4},1.000000,0.000000,0.000000,0.000000,1.000000,0.000000,-1.000000
0.058413627,3,66,snapshot,1024,615,0.902439,0.958130,0.902439,{"1":2453},0.902439,0.082927,0.014634,0.000000,0.902439,0.000000,0.000000
0.058413627,3,66,read_only,4096,2,1.000000,1.000000,1.000000,{"1":4},1.000000,0.000000,0.000000,0.000000,1.000000,0.000000,-1.000000
0.058413627,3,66,union,4096,2,1.000000,1.000000,1.000000,{"1":4},1.000000,0.000000,0.000000,0.000000,1.000000,0.000000,-1.000000
0.058413627,3,66,snapshot,4096,156,0.897436,0.958734,0.897436,{"1":2453},0.897436,0.000000,0.102564,0.000000,0.897436,0.000000,0.000000
0.058413627,3,66,read_only,16384,1,1.000000,1.000000,1.000000,{"1":4},1.000000,0.000000,0.000000,0.000000,1.000000,0.000000,-1.000000
0.058413627,3,66,union,16384,1,1.000000,1.000000,1.000000,{"1":4},1.000000,0.000000,0.000000,0.000000,1.000000,0.000000,-1.000000
0.058413627,3,66,snapshot,16384,46,0.760870,0.923164,0.760870,{"1":2453},0.760870,0.108696,0.130435,0.000000,0.760870,0.000000,0.000000
0.058650981,3,67,read_only,64,94,1.000000,1.000000,1.000000,{"1":94},1.000000,0.000000,0.000000,0.000000,1.000000,0.000000,-1.000000
0.058650981,3,67,union,64,94,1.000000,1.000000,1.000000,{"1":94},1.000000,0.000000,0.000000,0.000000,1.000000,0.000000,-1.000000
0.058650981,3,67,snapshot,64,2547,1.000000,1.000000,1.000000,{"1":2547},1.000000,0.000000,0.000000,0.000000,1.000000,0.000000,-1.000000
0.058650981,3,67,read_only,256,94,1.000000,1.000000,1.000000,{"1":94},1.000000,0.000000,0.000000,0.000000,1.000000,0.000000,-1.000000
0.058650981,3,67,union,256,94,1.000000,1.000000,1.000000,{"1":94},1.000000,0.000000,0.000000,0.000000,1.000000,0.000000,-1.000000
0.058650981,3,67,snapshot,256,2547,1.000000,1.000000,1.000000,{"1":2547},1.000000,0.000000,0.000000,0.000000,1.000000,0.000000,-1.000000
0.058650981,3,67,read_only,1024,24,1.000000,1.000000,1.000000,{"1":94},1.000000,0.000000,0.000000,0.000000,1.000000,0.000000,-1.000000
0.058650981,3,67,union,1024,24,1.000000,1.000000,1.000000,{"1":94},1.000000,0.000000,0.000000,0.000000,1.000000,0.000000,-1.000000
0.058650981,3,67,snapshot,1024,639,0.906103,0.959703,0.906103,{"1":2547},0.906103,0.079812,0.014085,0.000000,0.906103,0.000000,0.000000
0.058650981,3,67,read_only,4096,6,1.000000,1.000000,1.000000,{"1":94},1.000000,0.000000,0.000000,0.000000,1.000000,0.000000,-1.000000
0.058650981,3,67,union,4096,6,1.000000,1.000000,1.000000,{"1":94},1.000000,0.000000,0.000000,0.000000,1.000000,0.000000,-1.000000
0.058650981,3,67,snapshot,4096,162,0.901235,0.960262,0.901235,{"1":2547},0.901235,0.000000,0.098765,0.000000,0.901235,0.000000,0.000000
0.058650981,3,67,read_only,16384,4,1.000000,1.000000,1.000000,{"1":94},1.000000,0.000000,0.000000,0.000000,1.000000,0.000000,-1.000000
0.058650981,3,67,union,16384,4,1.000000,1.000000,1.000000,{"1":94},1.000000,0.000000,0.000000,0.000000,1.000000,0.000000,-1.000000
0.058650981,3,67,snapshot,16384,50,0.780000,0.929311,0.780000,{"1":2547},0.780000,0.100000,0.120000,0.000000,0.780000,0.000000,0.000000
0.058885528,3,68,snapshot,64,2547,1.000000,1.000000,1.000000,{"1":2547},1.000000,0.000000,0.000000,0.000000,1.000000,0.000000,-1.000000
0.058885528,3,68,snapshot,256,2547,1.000000,1.000000,1.000000,{"1":2547},1.000000,0.000000,0.000000,0.000000,1.000000,0.000000,-1.000000
0.058885528,3,68,snapshot,1024,639,0.906103,0.959703,0.906103,{"1":2547},0.906103,0.079812,0.014085,0.000000,0.906103,0.000000,0.000000
0.058885528,3,68,snapshot,4096,162,0.901235,0.960262,0.901235,{"1":2547},0.901235,0.000000,0.098765,0.000000,0.901235,0.000000,0.000000
0.058885528,3,68,snapshot,16384,50,0.780000,0.929311,0.780000,{"1":2547},0.780000,0.100000,0.120000,0.000000,0.780000,0.000000,0.000000
0.059223942,3,69,read_only,64,96,1.000000,1.000000,1.000000,{"1":96},1.000000,0.000000,0.000000,0.000000,1.000000,0.000000,-1.000000
0.059223942,3,69,union,64,96,1.000000,1.000000,1.000000,{"1":96},1.000000,0.000000,0.000000,0.000000,1.000000,0.000000,-1.000000
0.059223942,3,69,snapshot,64,2643,1.000000,1.000000,1.000000,{"1":2643},1.000000,0.000000,0.000000,0.000000,1.000000,0.000000,-1.000000
0.059223942,3,69,read_only,256,96,1.000000,1.000000,1.000000,{"1":96},1.000000,0.000000,0.000000,0.000000,1.000000,0.000000,-1.000000
0.059223942,3,69,union,256,96,1.000000,1.000000,1.000000,{"1":96},1.000000,0.000000,0.000000,0.000000,1.000000,0.000000,-1.000000
0.059223942,3,69,snapshot,256,2643,1.000000,1.000000,1.000000,{"1":2643},1.000000,0.000000,0.000000,0.000000,1.000000,0.000000,-1.000000
0.059223942,3,69,read_only,1024,24,1.000000,1.000000,1.000000,{"1":96},1.000000,0.000000,0.000000,0.000000,1.000000,0.000000,-1.000000
0.059223942,3,69,union,1024,24,1.000000,1.000000,1.000000,{"1":96},1.000000,0.000000,0.000000,0.000000,1.000000,0.000000,-1.000000
0.059223942,3,69,snapshot,1024,663,0.909502,0.961161,0.909502,{"1":2643},0.909502,0.076923,0.013575,0.000000,0.909502,0.000000,0.000000
0.059223942,3,69,read_only,4096,6,1.000000,1.000000,1.000000,{"1":96},1.000000,0.000000,0.000000,0.000000,1.000000,0.000000,-1.000000
0.059223942,3,69,union,4096,6,1.000000,1.000000,1.000000,{"1":96},1.000000,0.000000,0.000000,0.000000,1.000000,0.000000,-1.000000
0.059223942,3,69,snapshot,4096,168,0.904762,0.961682,0.904762,{"1":2643},0.904762,0.000000,0.095238,0.000000,0.904762,0.000000,0.000000
0.059223942,3,69,read_only,16384,3,0.666667,0.888889,0.666667,{"1":96},0.666667,0.333333,0.000000,0.000000,0.666667,0.000000,0.000000
0.059223942,3,69,union,16384,3,0.666667,0.888889,0.666667,{"1":96},0.666667,0.333333,0.000000,0.000000,0.666667,0.000000,0.000000
0.059223942,3,69,snapshot,16384,53,0.773585,0.927023,0.773585,{"1":2643},0.773585,0.113208,0.113208,0.000000,0.773585,0.000000,0.000000
0.059534301,3,70,read_only,64,288,1.000000,1.000000,1.000000,{"1":288},1.000000,0.000000,0.000000,0.000000,1.000000,0.000000,-1.000000
0.059534301,3,70,union,64,288,1.000000,1.000000,1.000000,{"1":288},1.000000,0.000000,0.000000,0.000000,1.000000,0.000000,-1.000000
0.059534301,3,70,snapshot,64,2931,1.000000,1.000000,1.000000,{"1":2931},1.000000,0.000000,0.000000,0.000000,1.000000,0.000000,-1.000000
0.059534301,3,70,read_only,256,288,1.000000,1.000000,1.000000,{"1":288},1.000000,0.000000,0.000000,0.000000,1.000000,0.000000,-1.000000
0.059534301,3,70,union,256,288,1.000000,1.000000,1.000000,{"1":288},1.000000,0.000000,0.000000,0.000000,1.000000,0.000000,-1.000000
0.059534301,3,70,snapshot,256,2931,1.000000,1.000000,1.000000,{"1":2931},1.000000,0.000000,0.000000,0.000000,1.000000,0.000000,-1.000000
0.059534301,3,70,read_only,1024,72,1.000000,1.000000,1.000000,{"1":288},1.000000,0.000000,0.000000,0.000000,1.000000,0.000000,-1.000000
0.059534301,3,70,union,1024,72,1.000000,1.000000,1.000000,{"1":288},1.000000,0.000000,0.000000,0.000000,1.000000,0.000000,-1.000000
0.059534301,3,70,snapshot,1024,735,0.918367,0.964966,0.918367,{"1":2931},0.918367,0.069388,0.012245,0.000000,0.918367,0.000000,0.000000
0.059534301,3,70,read_only,4096,18,1.000000,1.000000,1.000000,{"1":288},1.000000,0.000000,0.000000,0.000000,1.000000,0.000000,-1.000000
0.059534301,3,70,union,4096,18,1.000000,1.000000,1.000000,{"1":288},1.000000,0.000000,0.000000,0.000000,1.000000,0.000000,-1.000000
0.059534301,3,70,snapshot,4096,186,0.913978,0.965390,0.913978,{"1":2931},0.913978,0.000000,0.086022,0.000000,0.913978,0.000000,0.000000
0.059534301,3,70,read_only,16384,6,1.000000,1.000000,1.000000,{"1":288},1.000000,0.000000,0.000000,0.000000,1.000000,0.000000,-1.000000
0.059534301,3,70,union,16384,6,1.000000,1.000000,1.000000,{"1":288},1.000000,0.000000,0.000000,0.000000,1.000000,0.000000,-1.000000
0.059534301,3,70,snapshot,16384,59,0.796610,0.934445,0.796610,{"1":2931},0.796610,0.101695,0.101695,0.000000,0.796610,0.000000,0.000000
0.059807010,3,71,read_only,64,720,1.000000,1.000000,1.000000,{"1":720},1.000000,0.000000,0.000000,0.000000,1.000000,0.000000,-1.000000
0.059807010,3,71,union,64,720,1.000000,1.000000,1.000000,{"1":720},1.000000,0.000000,0.000000,0.000000,1.000000,0.000000,-1.000000
0.059807010,3,71,snapshot,64,3651,1.000000,1.000000,1.000000,{"1":3651},1.000000,0.000000,0.000000,0.000000,1.000000,0.000000,-1.000000
0.059807010,3,71,read_only,256,720,1.000000,1.000000,1.000000,{"1":720},1.000000,0.000000,0.000000,0.000000,1.000000,0.000000,-1.000000
0.059807010,3,71,union,256,720,1.000000,1.000000,1.000000,{"1":720},1.000000,0.000000,0.000000,0.000000,1.000000,0.000000,-1.000000
0.059807010,3,71,snapshot,256,3651,1.000000,1.000000,1.000000,{"1":3651},1.000000,0.000000,0.000000,0.000000,1.000000,0.000000,-1.000000
0.059807010,3,71,read_only,1024,180,1.000000,1.000000,1.000000,{"1":720},1.000000,0.000000,0.000000,0.000000,1.000000,0.000000,-1.000000
0.059807010,3,71,union,1024,180,1.000000,1.000000,1.000000,{"1":720},1.000000,0.000000,0.000000,0.000000,1.000000,0.000000,-1.000000
0.059807010,3,71,snapshot,1024,915,0.934426,0.971858,0.934426,{"1":3651},0.934426,0.055738,0.009836,0.000000,0.934426,0.000000,0.000000
0.059807010,3,71,read_only,4096,45,1.000000,1.000000,1.000000,{"1":720},1.000000,0.000000,0.000000,0.000000,1.000000,0.000000,-1.000000
0.059807010,3,71,union,4096,45,1.000000,1.000000,1.000000,{"1":720},1.000000,0.000000,0.000000,0.000000,1.000000,0.000000,-1.000000
0.059807010,3,71,snapshot,4096,231,0.930736,0.972132,0.930736,{"1":3651},0.930736,0.000000,0.069264,0.000000,0.930736,0.000000,0.000000
0.059807010,3,71,read_only,16384,14,0.785714,0.910714,0.785714,{"1":720},0.785714,0.214286,0.000000,0.000000,0.785714,0.000000,0.000000
0.059807010,3,71,union,16384,14,0.785714,0.910714,0.785714,{"1":720},0.785714,0.214286,0.000000,0.000000,0.785714,0.000000,0.000000
0.059807010,3,71,snapshot,16384,72,0.777778,0.921975,0.777778,{"1":3651},0.777778,0.138889,0.083333,0.000000,0.777778,0.000000,0.000000
0.060121931,3,72,read_only,64,12,1.000000,1.000000,1.000000,{"1":12},1.000000,0.000000,0.000000,0.000000,1.000000,0.000000,-1.000000
0.060121931,3,72,union,64,12,1.000000,1.000000,1.000000,{"1":12},1.000000,0.000000,0.000000,0.000000,1.000000,0.000000,-1.000000
0.060121931,3,72,read_only,256,12,1.000000,1.000000,1.000000,{"1":12},1.000000,0.000000,0.000000,0.000000,1.000000,0.000000,-1.000000
0.060121931,3,72,union,256,12,1.000000,1.000000,1.000000,{"1":12},1.000000,0.000000,0.000000,0.000000,1.000000,0.000000,-1.000000
0.060121931,3,72,read_only,1024,4,1.000000,1.000000,1.000000,{"1":12},1.000000,0.000000,0.000000,0.000000,1.000000,0.000000,-1.000000
0.060121931,3,72,union,1024,4,1.000000,1.000000,1.000000,{"1":12},1.000000,0.000000,0.000000,0.000000,1.000000,0.000000,-1.000000
0.060121931,3,72,read_only,4096,1,1.000000,1.000000,1.000000,{"1":12},1.000000,0.000000,0.000000,0.000000,1.000000,0.000000,-1.000000
0.060121931,3,72,union,4096,1,1.000000,1.000000,1.000000,{"1":12},1.000000,0.000000,0.000000,0.000000,1.000000,0.000000,-1.000000
0.060121931,3,72,read_only,16384,1,1.000000,1.000000,1.000000,{"1":12},1.000000,0.000000,0.000000,0.000000,1.000000,0.000000,-1.000000
0.060121931,3,72,union,16384,1,1.000000,1.000000,1.000000,{"1":12},1.000000,0.000000,0.000000,0.000000,1.000000,0.000000,-1.000000
0.060401667,3,73,read_only,64,128,1.000000,1.000000,1.000000,{"1":128},1.000000,0.000000,0.000000,0.000000,1.000000,0.000000,-1.000000
0.060401667,3,73,union,64,128,1.000000,1.000000,1.000000,{"1":128},1.000000,0.000000,0.000000,0.000000,1.000000,0.000000,-1.000000
0.060401667,3,73,snapshot,64,128,1.000000,1.000000,1.000000,{"1":128},1.000000,0.000000,0.000000,0.000000,1.000000,0.000000,-1.000000
0.060401667,3,73,read_only,256,128,1.000000,1.000000,1.000000,{"1":128},1.000000,0.000000,0.000000,0.000000,1.000000,0.000000,-1.000000
0.060401667,3,73,union,256,128,1.000000,1.000000,1.000000,{"1":128},1.000000,0.000000,0.000000,0.000000,1.000000,0.000000,-1.000000
0.060401667,3,73,snapshot,256,128,1.000000,1.000000,1.000000,{"1":128},1.000000,0.000000,0.000000,0.000000,1.000000,0.000000,-1.000000
0.060401667,3,73,read_only,1024,32,1.000000,1.000000,1.000000,{"1":128},1.000000,0.000000,0.000000,0.000000,1.000000,0.000000,-1.000000
0.060401667,3,73,union,1024,32,1.000000,1.000000,1.000000,{"1":128},1.000000,0.000000,0.000000,0.000000,1.000000,0.000000,-1.000000
0.060401667,3,73,snapshot,1024,32,1.000000,1.000000,1.000000,{"1":128},1.000000,0.000000,0.000000,0.000000,1.000000,0.000000,-1.000000
0.060401667,3,73,read_only,4096,8,1.000000,1.000000,1.000000,{"1":128},1.000000,0.000000,0.000000,0.000000,1.000000,0.000000,-1.000000
0.060401667,3,73,union,4096,8,1.000000,1.000000,1.000000,{"1":128},1.000000,0.000000,0.000000,0.000000,1.000000,0.000000,-1.000000
0.060401667,3,73,snapshot,4096,8,1.000000,1.000000,1.000000,{"1":128},1.000000,0.000000,0.000000,0.000000,1.000000,0.000000,-1.000000
0.060401667,3,73,read_only,16384,3,0.666667,0.916667,0.666667,{"1":128},0.666667,0.333333,0.000000,0.000000,0.666667,0.000000,0.000000
0.060401667,3,73,union,16384,3,0.666667,0.916667,0.666667,{"1":128},0.666667,0.333333,0.000000,0.000000,0.666667,0.000000,0.000000
0.060401667,3,73,snapshot,16384,3,0.666667,0.916667,0.666667,{"1":128},0.666667,0.333333,0.000000,0.000000,0.666667,0.000000,0.000000
0.061213945,3,74,read_only,64,3691,1.000000,1.000000,1.000000,{"1":3691},1.000000,0.000000,0.000000,0.000000,1.000000,0.000000,-1.000000
0.061213945,3,74,union,64,3691,1.000000,1.000000,1.000000,{"1":3691},1.000000,0.000000,0.000000,0.000000,1.000000,0.000000,-1.000000
0.061213945,3,74,snapshot,64,3819,1.000000,1.000000,1.000000,{"1":3819},1.000000,0.000000,0.000000,0.000000,1.000000,0.000000,-1.000000
0.061213945,3,74,read_only,256,3691,1.000000,1.000000,1.000000,{"1":3691},1.000000,0.000000,0.000000,0.000000,1.000000,0.000000,-1.000000
0.061213945,3,74,union,256,3691,1.000000,1.000000,1.000000,{"1":3691},1.000000,0.000000,0.000000,0.000000,1.000000,0.000000,-1.000000
0.061213945,3,74,snapshot,256,3819,1.000000,1.000000,1.000000,{"1":3819},1.000000,0.000000,0.000000,0.000000,1.000000,0.000000,-1.000000
0.061213945,3,74,read_only,1024,963,1.000000,1.000000,1.000000,{"1":3691},1.000000,0.000000,0.000000,0.000000,1.000000,0.000000,-1.000000
0.061213945,3,74,union,1024,963,1.000000,1.000000,1.000000,{"1":3691},1.000000,0.000000,0.000000,0.000000,1.000000,0.000000,-1.000000
0.061213945,3,74,snapshot,1024,995,1.000000,1.000000,1.000000,{"1":3819},1.000000,0.000000,0.000000,0.000000,1.000000,0.000000,-1.000000
0.061213945,3,74,read_only,4096,255,1.000000,1.000000,1.000000,{"1":3691},1.000000,0.000000,0.000000,0.000000,1.000000,0.000000,-1.000000
0.061213945,3,74,union,4096,255,1.000000,1.000000,1.000000,{"1":3691},1.000000,0.000000,0.000000,0.000000,1.000000,0.000000,-1.000000
0.061213945,3,74,snapshot,4096,263,1.000000,1.000000,1.000000,{"1":3819},1.000000,0.000000,0.000000,0.000000,1.000000,0.000000,-1.000000
0.061213945,3,74,read_only,16384,71,0.943662,0.977867,0.943662,{"1":3691},0.943662,0.056338,0.000000,0.000000,0.943662,0.000000,0.000000
0.061213945,3,74,union,16384,71,0.943662,0.977867,0.943662,{"1":3691},0.943662,0.056338,0.000000,0.000000,0.943662,0.000000,0.000000
0.061213945,3,74,snapshot,16384,74,0.932432,0.975386,0.932432,{"1":3819},0.932432,0.067568,0.000000,0.000000,0.932432,0.000000,0.000000
0.061914661,3,75,read_only,64,811,1.000000,1.000000,1.000000,{"1":811},1.000000,0.000000,0.000000,0.000000,1.000000,0.000000,-1.000000
0.061914661,3,75,union,64,815,1.000000,1.000000,1.000000,{"1":815},1.000000,0.000000,0.000000,0.000000,1.000000,0.000000,-1.000000
0.061914661,3,75,snapshot,64,4630,1.000000,1.000000,1.000000,{"1":4630},1.000000,0.000000,0.000000,0.000000,1.000000,0.000000,-1.000000
0.061914661,3,75,read_only,256,811,1.000000,1.000000,1.000000,{"1":811},1.000000,0.000000,0.000000,0.000000,1.000000,0.000000,-1.000000
0.061914661,3,75,union,256,815,1.000000,1.000000,1.000000,{"1":815},1.000000,0.000000,0.000000,0.000000,1.000000,0.000000,-1.000000
0.061914661,3,75,snapshot,256,4630,1.000000,1.000000,1.000000,{"1":4630},1.000000,0.000000,0.000000,0.000000,1.000000,0.000000,-1.000000
0.061914661,3,75,read_only,1024,243,1.000000,1.000000,1.000000,{"1":811},1.000000,0.000000,0.000000,0.000000,1.000000,0.000000,-1.000000
0.061914661,3,75,union,1024,245,1.000000,1.000000,1.000000,{"1":815},1.000000,0.000000,0.000000,0.000000,1.000000,0.000000,-1.000000
0.061914661,3,75,snapshot,1024,1167,0.942588,0.981791,0.942588,{"1":4630},0.942588,0.057412,0.000000,0.000000,0.942588,0.000000,0.000000
0.061914661,3,75,read_only,4096,79,1.000000,1.000000,1.000000,{"1":811},1.000000,0.000000,0.000000,0.000000,1.000000,0.000000,-1.000000
0.061914661,3,75,union,4096,79,0.987342,0.995781,0.987342,{"1":815},0.987342,0.012658,0.000000,0.000000,0.987342,0.000000,0.000000
0.061914661,3,75,snapshot,4096,294,0.884354,0.970451,0.884354,{"1":4630},0.884354,0.115646,0.000000,0.000000,0.884354,0.000000,0.000000
0.061914661,3,75,read_only,16384,28,1.000000,1.000000,1.000000,{"1":811},1.000000,0.000000,0.000000,0.000000,1.000000,0.000000,-1.000000
0.061914661,3,75,union,16384,28,0.964286,0.996599,0.964286,{"1":815},0.964286,0.035714,0.000000,0.000000,0.964286,0.000000,0.000000
0.061914661,3,75,snapshot,16384,78,0.820513,0.944588,0.820513,{"1":4630},0.820513,0.179487,0.000000,0.000000,0.820513,0.000000,0.000000
0.062196687,3,76,snapshot,64,4630,1.000000,1.000000,1.000000,{"1":4630},1.000000,0.000000,0.000000,0.000000,1.000000,0.000000,-1.000000
0.062196687,3,76,snapshot,256,4630,1.000000,1.000000,1.000000,{"1":4630},1.000000,0.000000,0.000000,0.000000,1.000000,0.000000,-1.000000
0.062196687,3,76,snapshot,1024,1167,0.942588,0.981791,0.942588,{"1":4630},0.942588,0.057412,0.000000,0.000000,0.942588,0.000000,0.000000
0.062196687,3,76,snapshot,4096,294,0.884354,0.970451,0.884354,{"1":4630},0.884354,0.115646,0.000000,0.000000,0.884354,0.000000,0.000000
0.062196687,3,76,snapshot,16384,78,0.820513,0.944588,0.820513,{"1":4630},0.820513,0.179487,0.000000,0.000000,0.820513,0.000000,0.000000
0.062459675,3,77,union,64,1,1.000000,1.000000,1.000000,{"1":1},1.000000,0.000000,0.000000,0.000000,1.000000,0.000000,-1.000000
0.062459675,3,77,snapshot,64,4630,1.000000,1.000000,1.000000,{"1":4630},1.000000,0.000000,0.000000,0.000000,1.000000,0.000000,-1.000000
0.062459675,3,77,union,256,1,1.000000,1.000000,1.000000,{"1":1},1.000000,0.000000,0.000000,0.000000,1.000000,0.000000,-1.000000
0.062459675,3,77,snapshot,256,4630,1.000000,1.000000,1.000000,{"1":4630},1.000000,0.000000,0.000000,0.000000,1.000000,0.000000,-1.000000
0.062459675,3,77,union,1024,1,1.000000,1.000000,1.000000,{"1":1},1.000000,0.000000,0.000000,0.000000,1.000000,0.000000,-1.000000
0.062459675,3,77,snapshot,1024,1167,0.942588,0.981791,0.942588,{"1":4630},0.942588,0.057412,0.000000,0.000000,0.942588,0.000000,0.000000
0.062459675,3,77,union,4096,1,1.000000,1.000000,1.000000,{"1":1},1.000000,0.000000,0.000000,0.000000,1.000000,0.000000,-1.000000
0.062459675,3,77,snapshot,4096,294,0.884354,0.970451,0.884354,{"1":4630},0.884354,0.115646,0.000000,0.000000,0.884354,0.000000,0.000000
0.062459675,3,77,union,16384,1,1.000000,1.000000,1.000000,{"1":1},1.000000,0.000000,0.000000,0.000000,1.000000,0.000000,-1.000000
0.062459675,3,77,snapshot,16384,78,0.820513,0.944588,0.820513,{"1":4630},0.820513,0.179487,0.000000,0.000000,0.820513,0.000000,0.000000
0.063795185,3,78,read_only,64,2,1.000000,1.000000,1.000000,{"1":2},1.000000,0.000000,0.000000,0.000000,1.000000,0.000000,-1.000000
0.063795185,3,78,union,64,2,1.000000,1.000000,1.000000,{"1":2},1.000000,0.000000,0.000000,0.000000,1.000000,0.000000,-1.000000
0.063795185,3,78,snapshot,64,4632,1.000000,1.000000,1.000000,{"1":4632},1.000000,0.000000,0.000000,0.000000,1.000000,0.000000,-1.000000
0.063795185,3,78,read_only,256,2,1.000000,1.000000,1.000000,{"1":2},1.000000,0.000000,0.000000,0.000000,1.000000,0.000000,-1.000000
0.063795185,3,78,union,256,2,1.000000,1.000000,1.000000,{"1":2},1.000000,0.000000,0.000000,0.000000,1.000000,0.000000,-1.000000
0.063795185,3,78,snapshot,256,4632,1.000000,1.000000,1.000000,{"1":4632},1.000000,0.000000,0.000000,0.000000,1.000000,0.000000,-1.000000
0.063795185,3,78,read_only,1024,1,1.000000,1.000000,1.000000,{"1":2},1.000000,0.000000,0.000000,0.000000,1.000000,0.000000,-1.000000
0.063795185,3,78,union,1024,1,1.000000,1.000000,1.000000,{"1":2},1.000000,0.000000,0.000000,0.000000,1.000000,0.000000,-1.000000
0.063795185,3,78,snapshot,1024,1168,0.942637,0.981807,0.942637,{"1":4632},0.942637,0.057363,0.000000,0.000000,0.942637,0.000000,0.000000
0.063795185,3,78,read_only,4096,1,1.000000,1.000000,1.000000,{"1":2},1.000000,0.000000,0.000000,0.000000,1.000000,0.000000,-1.000000
0.063795185,3,78,union,4096,1,1.000000,1.000000,1.000000,{"1":2},1.000000,0.000000,0.000000,0.000000,1.000000,0.000000,-1.000000
0.063795185,3,78,snapshot,4096,295,0.884746,0.970551,0.884746,{"1":4632},0.884746,0.115254,0.000000,0.000000,0.884746,0.000000,0.000000
0.063795185,3,78,read_only,16384,1,1.000000,1.000000,1.000000,{"1":2},1.000000,0.000000,0.000000,0.000000,1.000000,0.000000,-1.000000
0.063795185,3,78,union,16384,1,1.000000,1.000000,1.000000,{"1":2},1.000000,0.000000,0.000000,0.000000,1.000000,0.000000,-1.000000
0.063795185,3,78,snapshot,16384,79,0.822785,0.945289,0.822785,{"1":4632},0.822785,0.177215,0.000000,0.000000,0.822785,0.000000,0.000000
0.064044653,3,79,read_only,64,169,1.000000,1.000000,1.000000,{"1":169},1.000000,0.000000,0.000000,0.000000,1.000000,0.000000,-1.000000
0.064044653,3,79,union,64,170,1.000000,1.000000,1.000000,{"1":170},1.000000,0.000000,0.000000,0.000000,1.000000,0.000000,-1.000000
0.064044653,3,79,snapshot,64,4801,1.000000,1.000000,1.000000,{"1":4801},1.000000,0.000000,0.000000,0.000000,1.000000,0.000000,-1.000000
0.064044653,3,79,read_only,256,169,1.000000,1.000000,1.000000,{"1":169},1.000000,0.000000,0.000000,0.000000,1.000000,0.000000,-1.000000
0.064044653,3,79,union,256,170,1.000000,1.000000,1.000000,{"1":170},1.000000,0.000000,0.000000,0.000000,1.000000,0.000000,-1.000000
0.064044653,3,79,snapshot,256,4801,1.000000,1.000000,1.000000,{"1":4801},1.000000,0.000000,0.000000,0.000000,1.000000,0.000000,-1.000000
0.064044653,3,79,read_only,1024,50,1.000000,1.000000,1.000000,{"1":169},1.000000,0.000000,0.000000,0.000000,1.000000,0.000000,-1.000000
0.064044653,3,79,union,1024,51,1.000000,1.000000,1.000000,{"1":170},1.000000,0.000000,0.000000,0.000000,1.000000,0.000000,-1.000000
0.064044653,3,79,snapshot,1024,1218,0.944992,0.982553,0.944992,{"1":4801},0.944992,0.055008,0.000000,0.000000,0.944992,0.000000,0.000000
0.064044653,3,79,read_only,4096,13,1.000000,1.000000,1.000000,{"1":169},1.000000,0.000000,0.000000,0.000000,1.000000,0.000000,-1.000000
0.064044653,3,79,union,4096,14,1.000000,1.000000,1.000000,{"1":170},1.000000,0.000000,0.000000,0.000000,1.000000,0.000000,-1.000000
0.064044653,3,79,snapshot,4096,308,0.889610,0.971794,0.889610,{"1":4801},0.889610,0.110390,0.000000,0.000000,0.889610,0.000000,0.000000
0.064044653,3,79,read_only,16384,6,0.666667,0.876543,0.666667,{"1":169},0.666667,0.333333,0.000000,0.000000,0.666667,0.000000,0.000000
0.064044653,3,79,union,16384,7,0.714286,0.894180,0.714286,{"1":170},0.714286,0.285714,0.000000,0.000000,0.714286,0.000000,0.000000
0.064044653,3,79,snapshot,16384,85,0.811765,0.940436,0.811765,{"1":4801},0.811765,0.188235,0.000000,0.000000,0.811765,0.000000,0.000000
0.064298734,3,80,union,64,3,1.000000,1.000000,1.000000,{"1":3},1.000000,0.000000,0.000000,0.000000,1.000000,0.000000,-1.000000
0.064298734,3,80,snapshot,64,4801,1.000000,1.000000,1.000000,{"1":4801},1.000000,0.000000,0.000000,0.000000,1.000000,0.000000,-1.000000
0.064298734,3,80,union,256,3,1.000000,1.000000,1.000000,{"1":3},1.000000,0.000000,0.000000,0.000000,1.000000,0.000000,-1.000000
0.064298734,3,80,snapshot,256,4801,1.000000,1.000000,1.000000,{"1":4801},1.000000,0.000000,0.000000,0.000000,1.000000,0.000000,-1.000000
0.064298734,3,80,union,1024,3,1.000000,1.000000,1.000000,{"1":3},1.000000,0.000000,0.000000,0.000000,1.000000,0.000000,-1.000000
0.064298734,3,80,snapshot,1024,1218,0.944992,0.982553,0.944992,{"1":4801},0.944992,0.055008,0.000000,0.000000,0.944992,0.000000,0.000000
0.064298734,3,80,union,4096,3,1.000000,1.000000,1.000000,{"1":3},1.000000,0.000000,0.000000,0.000000,1.000000,0.000000,-1.000000
0.064298734,3,80,snapshot,4096,308,0.889610,0.971794,0.889610,{"1":4801},0.889610,0.110390,0.000000,0.000000,0.889610,0.000000,0.000000
0.064298734,3,80,union,16384,2,1.000000,1.000000,1.000000,{"1":3},1.000000,0.000000,0.000000,0.000000,1.000000,0.000000,-1.000000
0.064298734,3,80,snapshot,16384,85,0.811765,0.940436,0.811765,{"1":4801},0.811765,0.188235,0.000000,0.000000,0.811765,0.000000,0.000000
0.064709881,3,81,read_only,64,553,1.000000,1.000000,1.000000,{"1":553},1.000000,0.000000,0.000000,0.000000,1.000000,0.000000,-1.000000
0.064709881,3,81,union,64,577,1.000000,1.000000,1.000000,{"1":577},1.000000,0.000000,0.000000,0.000000,1.000000,0.000000,-1.000000
0.064709881,3,81,snapshot,64,5354,1.000000,1.000000,1.000000,{"1":5354},1.000000,0.000000,0.000000,0.000000,1.000000,0.000000,-1.000000
0.064709881,3,81,read_only,256,553,1.000000,1.000000,1.000000,{"1":553},1.000000,0.000000,0.000000,0.000000,1.000000,0.000000,-1.000000
0.064709881,3,81,union,256,577,1.000000,1.000000,1.000000,{"1":577},1.000000,0.000000,0.000000,0.000000,1.000000,0.000000,-1.000000
0.064709881,3,81,snapshot,256,5354,1.000000,1.000000,1.000000,{"1":5354},1.000000,0.000000,0.000000,0.000000,1.000000,0.000000,-1.000000
0.064709881,3,81,read_only,1024,152,0.875000,0.947917,0.875000,{"1":553},0.875000,0.118421,0.006579,0.000000,0.875000,0.000000,0.000000
0.064709881,3,81,union,1024,165,0.884848,0.952020,0.884848,{"1":577},0.884848,0.109091,0.006061,0.000000,0.884848,0.000000,0.000000
0.064709881,3,81,snapshot,1024,1350,0.926667,0.975000,0.926667,{"1":5354},0.926667,0.070370,0.002963,0.000000,0.926667,0.000000,0.000000
0.064709881,3,81,read_only,4096,41,0.780488,0.926655,0.780488,{"1":553},0.780488,0.195122,0.024390,0.000000,0.780488,0.000000,0.000000
0.064709881,3,81,union,4096,51,0.823529,0.941036,0.823529,{"1":577},0.823529,0.156863,0.019608,0.000000,0.823529,0.000000,0.000000
0.064709881,3,81,snapshot,4096,342,0.865497,0.965461,0.865497,{"1":5354},0.865497,0.119883,0.014620,0.000000,0.865497,0.000000,0.000000
0.064709881,3,81,read_only,16384,15,0.466667,0.851616,0.466667,{"1":553},0.466667,0.333333,0.200000,0.000000,0.466667,0.000000,0.000000
0.064709881,3,81,union,16384,22,0.636364,0.898829,0.636364,{"1":577},0.636364,0.227273,0.136364,0.000000,0.636364,0.000000,0.000000
0.064709881,3,81,snapshot,16384,97,0.752577,0.922317,0.752577,{"1":5354},0.752577,0.216495,0.030928,0.000000,0.752577,0.000000,0.000000
0.065078684,3,82,read_only,64,1048,1.000000,1.000000,1.000000,{"1":1048},1.000000,0.000000,0.000000,0.000000,1.000000,0.000000,-1.000000
0.065078684,3,82,union,64,1183,1.000000,1.000000,1.000000,{"1":1183},1.000000,0.000000,0.000000,0.000000,1.000000,0.000000,-1.000000
0.065078684,3,82,snapshot,64,6402,1.000000,1.000000,1.000000,{"1":6402},1.000000,0.000000,0.000000,0.000000,1.000000,0.000000,-1.000000
0.065078684,3,82,read_only,256,1048,1.000000,1.000000,1.000000,{"1":1048},1.000000,0.000000,0.000000,0.000000,1.000000,0.000000,-1.000000
0.065078684,3,82,union,256,1183,1.000000,1.000000,1.000000,{"1":1183},1.000000,0.000000,0.000000,0.000000,1.000000,0.000000,-1.000000
0.065078684,3,82,snapshot,256,6402,1.000000,1.000000,1.000000,{"1":6402},1.000000,0.000000,0.000000,0.000000,1.000000,0.000000,-1.000000
0.065078684,3,82,read_only,1024,275,1.000000,1.000000,1.000000,{"1":1048},1.000000,0.000000,0.000000,0.000000,1.000000,0.000000,-1.000000
0.065078684,3,82,union,1024,342,1.000000,1.000000,1.000000,{"1":1183},1.000000,0.000000,0.000000,0.000000,1.000000,0.000000,-1.000000
0.065078684,3,82,snapshot,1024,1625,0.945231,0.981385,0.945231,{"1":6402},0.945231,0.052308,0.002462,0.000000,0.945231,0.000000,0.000000
0.065078684,3,82,read_only,4096,69,1.000000,1.000000,1.000000,{"1":1048},1.000000,0.000000,0.000000,0.000000,1.000000,0.000000,-1.000000
0.065078684,3,82,union,4096,94,1.000000,1.000000,1.000000,{"1":1183},1.000000,0.000000,0.000000,0.000000,1.000000,0.000000,-1.000000
0.065078684,3,82,snapshot,4096,411,0.897810,0.975213,0.897810,{"1":6402},0.897810,0.090024,0.012165,0.000000,0.897810,0.000000,0.000000
0.065078684,3,82,read_only,16384,18,1.000000,1.000000,1.000000,{"1":1048},1.000000,0.000000,0.000000,0.000000,1.000000,0.000000,-1.000000
0.065078684,3,82,union,16384,27,1.000000,1.000000,1.000000,{"1":1183},1.000000,0.000000,0.000000,0.000000,1.000000,0.000000,-1.000000
0.065078684,3,82,snapshot,16384,115,0.791304,0.938707,0.791304,{"1":6402},0.791304,0.182609,0.026087,0.000000,0.791304,0.000000,0.000000
0.065662773,3,83,read_only,64,2179,1.000000,1.000000,1.000000,{"1":2179},1.000000,0.000000,0.000000,0.000000,1.000000,0.000000,-1.000000
0.065662773,3,83,union,64,2537,1.000000,1.000000,1.000000,{"1":2537},1.000000,0.000000,0.000000,0.000000,1.000000,0.000000,-1.000000
0.065662773,3,83,snapshot,64,7821,1.000000,1.000000,1.000000,{"1":7821},1.000000,0.000000,0.000000,0.000000,1.000000,0.000000,-1.000000
0.065662773,3,83,read_only,256,2179,1.000000,1.000000,1.000000,{"1":2179},1.000000,0.000000,0.000000,0.000000,1.000000,0.000000,-1.000000
0.065662773,3,83,union,256,2537,1.000000,1.000000,1.000000,{"1":2537},1.000000,0.000000,0.000000,0.000000,1.000000,0.000000,-1.000000
0.065662773,3,83,snapshot,256,7821,1.000000,1.000000,1.000000,{"1":7821},1.000000,0.000000,0.000000,0.000000,1.000000,0.000000,-1.000000
0.065662773,3,83,read_only,1024,600,1.000000,1.000000,1.000000,{"1":2179},1.000000,0.000000,0.000000,0.000000,1.000000,0.000000,-1.000000
0.065662773,3,83,union,1024,726,1.000000,1.000000,1.000000,{"1":2537},1.000000,0.000000,0.000000,0.000000,1.000000,0.000000,-1.000000
0.065662773,3,83,snapshot,1024,2048,0.985352,0.995117,0.985352,{"1":7821},0.985352,0.014160,0.000488,0.000000,0.985352,0.000000,0.000000
0.065662773,3,83,read_only,4096,158,1.000000,1.000000,1.000000,{"1":2179},1.000000,0.000000,0.000000,0.000000,1.000000,0.000000,-1.000000
0.065662773,3,83,union,4096,199,1.000000,1.000000,1.000000,{"1":2537},1.000000,0.000000,0.000000,0.000000,1.000000,0.000000,-1.000000
0.065662773,3,83,snapshot,4096,531,0.977401,0.994821,0.977401,{"1":7821},0.977401,0.020716,0.001883,0.000000,0.977401,0.000000,0.000000
0.065662773,3,83,read_only,16384,48,1.000000,1.000000,1.000000,{"1":2179},1.000000,0.000000,0.000000,0.000000,1.000000,0.000000,-1.000000
0.065662773,3,83,union,16384,60,0.983333,0.995833,0.983333,{"1":2537},0.983333,0.016667,0.000000,0.000000,0.983333,0.000000,0.000000
0.065662773,3,83,snapshot,16384,151,0.887417,0.970870,0.887417,{"1":7821},0.887417,0.099338,0.013245,0.000000,0.887417,0.000000,0.000000
0.065948043,3,84,read_only,64,1993,1.000000,1.000000,1.000000,{"1":1993},1.000000,0.000000,0.000000,0.000000,1.000000,0.000000,-1.000000
0.065948043,3,84,union,64,2000,1.000000,1.000000,1.000000,{"1":2000},1.000000,0.000000,0.000000,0.000000,1.000000,0.000000,-1.000000
0.065948043,3,84,snapshot,64,8192,1.000000,1.000000,1.000000,{"1":8192},1.000000,0.000000,0.000000,0.000000,1.000000,0.000000,-1.000000
0.065948043,3,84,read_only,256,1993,1.000000,1.000000,1.000000,{"1":1993},1.000000,0.000000,0.000000,0.000000,1.000000,0.000000,-1.000000
0.065948043,3,84,union,256,2000,1.000000,1.000000,1.000000,{"1":2000},1.000000,0.000000,0.000000,0.000000,1.000000,0.000000,-1.000000
0.065948043,3,84,snapshot,256,8192,1.000000,1.000000,1.000000,{"1":8192},1.000000,0.000000,0.000000,0.000000,1.000000,0.000000,-1.000000
0.065948043,3,84,read_only,1024,530,1.000000,1.000000,1.000000,{"1":1993},1.000000,0.000000,0.000000,0.000000,1.000000,0.000000,-1.000000
0.065948043,3,84,union,1024,537,1.000000,1.000000,1.000000,{"1":2000},1.000000,0.000000,0.000000,0.000000,1.000000,0.000000,-1.000000
0.065948043,3,84,snapshot,1024,2189,0.986295,0.995432,0.986295,{"1":8192},0.986295,0.013248,0.000457,0.000000,0.986295,0.000000,0.000000
0.065948043,3,84,read_only,4096,147,1.000000,1.000000,1.000000,{"1":1993},1.000000,0.000000,0.000000,0.000000,1.000000,0.000000,-1.000000
0.065948043,3,84,union,4096,151,1.000000,1.000000,1.000000,{"1":2000},1.000000,0.000000,0.000000,0.000000,1.000000,0.000000,-1.000000
0.065948043,3,84,snapshot,4096,582,0.979381,0.995275,0.979381,{"1":8192},0.979381,0.018900,0.001718,0.000000,0.979381,0.000000,0.000000
0.065948043,3,84,read_only,16384,42,1.000000,1.000000,1.000000,{"1":1993},1.000000,0.000000,0.000000,0.000000,1.000000,0.000000,-1.000000
0.065948043,3,84,union,16384,44,0.977273,0.988636,0.977273,{"1":2000},0.977273,0.022727,0.000000,0.000000,0.977273,0.000000,0.000000
0.065948043,3,84,snapshot,16384,174,0.919540,0.980597,0.919540,{"1":8192},0.919540,0.068966,0.011494,0.000000,0.919540,0.000000,0.000000
0.070429090,3,85,read_only,64,20546,1.000000,1.000000,1.000000,{"1":20096,"2":450},0.978098,0.021902,0.000000,0.000000,0.978098,0.021902,1.000000
0.070429090,3,85,union,64,20546,1.000000,1.000000,1.000000,{"1":20096,"2":450},0.978098,0.021902,0.000000,0.000000,0.978098,0.021902,1.000000
0.070429090,3,85,snapshot,64,8192,1.000000,1.000000,1.000000,{"1":7818,"2":374},0.954346,0.045654,0.000000,0.000000,0.954346,0.045654,1.000000
0.070429090,3,85,read_only,256,20546,1.000000,1.000000,1.000000,{"1":20096,"2":450},0.978098,0.021902,0.000000,0.000000,0.978098,0.021902,1.000000
0.070429090,3,85,union,256,20546,1.000000,1.000000,1.000000,{"1":20096,"2":450},0.978098,0.021902,0.000000,0.000000,0.978098,0.021902,1.000000
0.070429090,3,85,snapshot,256,8192,1.000000,1.000000,1.000000,{"1":7818,"2":374},0.954346,0.045654,0.000000,0.000000,0.954346,0.045654,1.000000
0.070429090,3,85,read_only,1024,5260,0.981749,0.993774,0.981749,{"1":20096,"2":450},0.960266,0.039734,0.000000,0.000000,0.960266,0.021483,0.540670
0.070429090,3,85,union,1024,5260,0.981749,0.993774,0.981749,{"1":20096,"2":450},0.960266,0.039734,0.000000,0.000000,0.960266,0.021483,0.540670
0.070429090,3,85,snapshot,1024,2314,0.959378,0.985847,0.959378,{"1":7818,"2":374},0.916595,0.083405,0.000000,0.000000,0.916595,0.042783,0.512953
0.070429090,3,85,read_only,4096,1342,0.943368,0.970989,0.943368,{"1":20096,"2":450},0.943368,0.005216,0.051416,0.000000,0.943368,0.000000,0.000000
0.070429090,3,85,union,4096,1342,0.943368,0.970989,0.943368,{"1":20096,"2":450},0.943368,0.005216,0.051416,0.000000,0.943368,0.000000,0.000000
0.070429090,3,85,snapshot,4096,689,0.889695,0.948386,0.889695,{"1":7818,"2":374},0.889695,0.015965,0.094340,0.000000,0.889695,0.000000,0.000000
0.070429090,3,85,read_only,16384,345,0.936232,0.967263,0.936232,{"1":20096,"2":450},0.936232,0.008696,0.055072,0.000000,0.936232,0.000000,0.000000
0.070429090,3,85,union,16384,345,0.936232,0.967263,0.936232,{"1":20096,"2":450},0.936232,0.008696,0.055072,0.000000,0.936232,0.000000,0.000000
0.070429090,3,85,snapshot,16384,199,0.889447,0.946433,0.889447,{"1":7818,"2":374},0.889447,0.015075,0.095477,0.000000,0.889447,0.000000,0.000000
0.075971313,3,86,read_only,64,26248,1.000000,1.000000,1.000000,{"1":23419,"2":2735,"3":94},0.892220,0.104198,0.003581,0.000000,0.892220,0.107780,1.000000
0.075971313,3,86,union,64,26248,1.000000,1.000000,1.000000,{"1":23419,"2":2735,"3":94},0.892220,0.104198,0.003581,0.000000,0.892220,0.107780,1.000000
0.075971313,3,86,snapshot,64,8192,1.000000,1.000000,1.000000,{"1":6950,"2":1183,"3":59},0.848389,0.144409,0.007202,0.000000,0.848389,0.151611,1.000000
0.075971313,3,86,read_only,256,26248,1.000000,1.000000,1.000000,{"1":23419,"2":2735,"3":94},0.892220,0.104198,0.003581,0.000000,0.892220,0.107780,1.000000
0.075971313,3,86,union,256,26248,1.000000,1.000000,1.000000,{"1":23419,"2":2735,"3":94},0.892220,0.104198,0.003581,0.000000,0.892220,0.107780,1.000000
0.075971313,3,86,snapshot,256,8192,1.000000,1.000000,1.000000,{"1":6950,"2":1183,"3":59},0.848389,0.144409,0.007202,0.000000,0.848389,0.151611,1.000000
0.075971313,3,86,read_only,1024,6897,0.920110,0.972150,0.920110,{"1":23419,"2":2735,"3":94},0.846165,0.127302,0.026533,0.000000,0.846165,0.073945,0.480679
0.075971313,3,86,union,1024,6897,0.920110,0.972150,0.920110,{"1":23419,"2":2735,"3":94},0.846165,0.127302,0.026533,0.000000,0.846165,0.073945,0.480679
0.075971313,3,86,snapshot,1024,3255,0.921966,0.966743,0.921966,{"1":6950,"2":1183,"3":59},0.767127,0.205530,0.027343,0.000000,0.767127,0.154839,0.664908
0.075971313,3,86,read_only,4096,1788,0.713087,0.862141,0.713087,{"1":23419,"2":2735,"3":94},0.705257,0.087808,0.206935,0.000000,0.705257,0.007830,0.026565
0.075971313,3,86,union,4096,1788,0.713087,0.862141,0.713087,{"1":23419,"2":2735,"3":94},0.705257,0.087808,0.206935,0.000000,0.705257,0.007830,0.026565
0.075971313,3,86,snapshot,4096,1165,0.625751,0.835230,0.625751,{"1":6950,"2":1183,"3":59},0.593133,0.179399,0.227468,0.000000,0.593133,0.032618,0.080169
0.075971313,3,86,read_only,16384,462,0.716450,0.826269,0.716450,{"1":23419,"2":2735,"3":94},0.699134,0.019481,0.281385,0.000000,0.699134,0.017316,0.057554
0.075971313,3,86,union,16384,462,0.716450,0.826269,0.716450,{"1":23419,"2":2735,"3":94},0.699134,0.019481,0.281385,0.000000,0.699134,0.017316,0.057554
0.075971313,3,86,snapshot,16384,367,0.651226,0.819496,0.651226,{"1":6950,"2":1183,"3":59},0.645777,0.024523,0.329700,0.000000,0.645777,0.005450,0.015385
0.077658762,3,87,read_only,64,9424,1.000000,1.000000,1.000000,{"1":9374,"2":50},0.994694,0.005306,0.000000,0.000000,0.994694,0.005306,1.000000
0.077658762,3,87,union,64,9424,1.000000,1.000000,1.000000,{"1":9374,"2":50},0.994694,0.005306,0.000000,0.000000,0.994694,0.005306,1.000000
0.077658762,3,87,snapshot,64,8192,1.000000,1.000000,1.000000,{"1":8137,"2":55},0.993286,0.006714,0.000000,0.000000,0.993286,0.006714,1.000000
0.077658762,3,87,read_only,256,9424,1.000000,1.000000,1.000000,{"1":9374,"2":50},0.994694,0.005306,0.000000,0.000000,0.994694,0.005306,1.000000
0.077658762,3,87,union,256,9424,1.000000,1.000000,1.000000,{"1":9374,"2":50},0.994694,0.005306,0.000000,0.000000,0.994694,0.005306,1.000000
0.077658762,3,87,snapshot,256,8192,1.000000,1.000000,1.000000,{"1":8137,"2":55},0.993286,0.006714,0.000000,0.000000,0.993286,0.006714,1.000000
0.077658762,3,87,read_only,1024,2495,1.000000,1.000000,1.000000,{"1":9374,"2":50},0.994389,0.005611,0.000000,0.000000,0.994389,0.005611,1.000000
0.077658762,3,87,union,1024,2495,1.000000,1.000000,1.000000,{"1":9374,"2":50},0.994389,0.005611,0.000000,0.000000,0.994389,0.005611,1.000000
0.077658762,3,87,snapshot,1024,2136,1.000000,1.000000,1.000000,{"1":8137,"2":55},0.986423,0.013577,0.000000,0.000000,0.986423,0.013577,1.000000
0.077658762,3,87,read_only,4096,689,1.000000,1.000000,1.000000,{"1":9374,"2":50},0.992743,0.007257,0.000000,0.000000,0.992743,0.007257,1.000000
0.077658762,3,87,union,4096,689,1.000000,1.000000,1.000000,{"1":9374,"2":50},0.992743,0.007257,0.000000,0.000000,0.992743,0.007257,1.000000
0.077658762,3,87,snapshot,4096,560,0.987500,0.993452,0.987500,{"1":8137,"2":55},0.969643,0.025000,0.005357,0.000000,0.969643,0.017857,0.588235
0.077658762,3,87,read_only,16384,204,0.995098,0.997549,0.995098,{"1":9374,"2":50},0.985294,0.014706,0.000000,0.000000,0.985294,0.009804,0.666667
0.077658762,3,87,union,16384,204,0.995098,0.997549,0.995098,{"1":9374,"2":50},0.985294,0.014706,0.000000,0.000000,0.985294,0.009804,0.666667
0.077658762,3,87,snapshot,16384,167,0.964072,0.978743,0.964072,{"1":8137,"2":55},0.916168,0.059880,0.023952,0.000000,0.916168,0.047904,0.571429
0.078160085,3,88,read_only,64,9078,1.000000,1.000000,1.000000,{"1":9046,"2":32},0.996475,0.003525,0.000000,0.000000,0.996475,0.003525,1.000000
0.078160085,3,88,union,64,9078,1.000000,1.000000,1.000000,{"1":9046,"2":32},0.996475,0.003525,0.000000,0.000000,0.996475,0.003525,1.000000
0.078160085,3,88,snapshot,64,8192,1.000000,1.000000,1.000000,{"1":8170,"2":22},0.997314,0.002686,0.000000,0.000000,0.997314,0.002686,1.000000
0.078160085,3,88,read_only,256,9078,1.000000,1.000000,1.000000,{"1":9046,"2":32},0.996475,0.003525,0.000000,0.000000,0.996475,0.003525,1.000000
0.078160085,3,88,union,256,9078,1.000000,1.000000,1.000000,{"1":9046,"2":32},0.996475,0.003525,0.000000,0.000000,0.996475,0.003525,1.000000
0.078160085,3,88,snapshot,256,8192,1.000000,1.000000,1.000000,{"1":8170,"2":22},0.997314,0.002686,0.000000,0.000000,0.997314,0.002686,1.000000
0.078160085,3,88,read_only,1024,2366,1.000000,1.000000,1.000000,{"1":9046,"2":32},0.996619,0.003381,0.000000,0.000000,0.996619,0.003381,1.000000
0.078160085,3,88,union,1024,2366,1.000000,1.000000,1.000000,{"1":9046,"2":32},0.996619,0.003381,0.000000,0.000000,0.996619,0.003381,1.000000
0.078160085,3,88,snapshot,1024,2182,1.000000,1.000000,1.000000,{"1":8170,"2":22},0.997250,0.002750,0.000000,0.000000,0.997250,0.002750,1.000000
0.078160085,3,88,read_only,4096,627,1.000000,1.000000,1.000000,{"1":9046,"2":32},0.996810,0.003190,0.000000,0.000000,0.996810,0.003190,1.000000
0.078160085,3,88,union,4096,627,1.000000,1.000000,1.000000,{"1":9046,"2":32},0.996810,0.003190,0.000000,0.000000,0.996810,0.003190,1.000000
0.078160085,3,88,snapshot,4096,584,1.000000,1.000000,1.000000,{"1":8170,"2":22},0.996575,0.003425,0.000000,0.000000,0.996575,0.003425,1.000000
0.078160085,3,88,read_only,16384,174,1.000000,1.000000,1.000000,{"1":9046,"2":32},0.988506,0.011494,0.000000,0.000000,0.988506,0.011494,1.000000
0.078160085,3,88,union,16384,174,1.000000,1.000000,1.000000,{"1":9046,"2":32},0.988506,0.011494,0.000000,0.000000,0.988506,0.011494,1.000000
0.078160085,3,88,snapshot,16384,165,1.000000,1.000000,1.000000,{"1":8170,"2":22},0.987879,0.012121,0.000000,0.000000,0.987879,0.012121,1.000000
0.130793049,3,89,read_only,64,31743,1.000000,1.000000,1.000000,{"1":10879,"2":20864},0.342721,0.657279,0.000000,0.000000,0.342721,0.657279,1.000000
0.130793049,3,89,union,64,31743,1.000000,1.000000,1.000000,{"1":10879,"2":20864},0.342721,0.657279,0.000000,0.000000,0.342721,0.657279,1.000000
0.130793049,3,89,snapshot,64,8192,1.000000,1.000000,1.000000,{"2":8192},0.000000,1.000000,0.000000,0.000000,0.000000,1.000000,1.000000
0.130793049,3,89,read_only,256,31743,1.000000,1.000000,1.000000,{"1":10879,"2":20864},0.342721,0.657279,0.000000,0.000000,0.342721,0.657279,1.000000
0.130793049,3,89,union,256,31743,1.000000,1.000000,1.000000,{"1":10879,"2":20864},0.342721,0.657279,0.000000,0.000000,0.342721,0.657279,1.000000
0.130793049,3,89,snapshot,256,8192,1.000000,1.000000,1.000000,{"2":8192},0.000000,1.000000,0.000000,0.000000,0.000000,1.000000,1.000000
0.130793049,3,89,read_only,1024,7936,1.000000,1.000000,1.000000,{"1":10879,"2":20864},0.342742,0.657258,0.000000,0.000000,0.342742,0.657258,1.000000
0.130793049,3,89,union,1024,7936,1.000000,1.000000,1.000000,{"1":10879,"2":20864},0.342742,0.657258,0.000000,0.000000,0.342742,0.657258,1.000000
0.130793049,3,89,snapshot,1024,2049,1.000000,1.000000,1.000000,{"2":8192},0.000000,1.000000,0.000000,0.000000,0.000000,1.000000,1.000000
0.130793049,3,89,read_only,4096,1984,1.000000,1.000000,1.000000,{"1":10879,"2":20864},0.342742,0.657258,0.000000,0.000000,0.342742,0.657258,1.000000
0.130793049,3,89,union,4096,1984,1.000000,1.000000,1.000000,{"1":10879,"2":20864},0.342742,0.657258,0.000000,0.000000,0.342742,0.657258,1.000000
0.130793049,3,89,snapshot,4096,514,1.000000,1.000000,1.000000,{"2":8192},0.000000,1.000000,0.000000,0.000000,0.000000,1.000000,1.000000
0.130793049,3,89,read_only,16384,499,0.995992,0.998497,0.995992,{"1":10879,"2":20864},0.342685,0.655311,0.002004,0.000000,0.342685,0.653307,0.993902
0.130793049,3,89,union,16384,499,0.995992,0.998497,0.995992,{"1":10879,"2":20864},0.342685,0.655311,0.002004,0.000000,0.342685,0.653307,0.993902
0.130793049,3,89,snapshot,16384,136,1.000000,1.000000,1.000000,{"2":8192},0.000000,1.000000,0.000000,0.000000,0.000000,1.000000,1.000000
0.131057316,3,90,snapshot,64,8192,1.000000,1.000000,1.000000,{"2":8192},0.000000,1.000000,0.000000,0.000000,0.000000,1.000000,1.000000
0.131057316,3,90,snapshot,256,8192,1.000000,1.000000,1.000000,{"2":8192},0.000000,1.000000,0.000000,0.000000,0.000000,1.000000,1.000000
0.131057316,3,90,snapshot,1024,2049,1.000000,1.000000,1.000000,{"2":8192},0.000000,1.000000,0.000000,0.000000,0.000000,1.000000,1.000000
0.131057316,3,90,snapshot,4096,514,1.000000,1.000000,1.000000,{"2":8192},0.000000,1.000000,0.000000,0.000000,0.000000,1.000000,1.000000
0.131057316,3,90,snapshot,16384,136,1.000000,1.000000,1.000000,{"2":8192},0.000000,1.000000,0.000000,0.000000,0.000000,1.000000,1.000000
0.133566997,3,91,read_only,64,8225,1.000000,1.000000,1.000000,{"1":3082,"2":4438,"3":705},0.374711,0.539574,0.085714,0.000000,0.374711,0.625289,1.000000
0.133566997,3,91,union,64,8225,1.000000,1.000000,1.000000,{"1":3082,"2":4438,"3":705},0.374711,0.539574,0.085714,0.000000,0.374711,0.625289,1.000000
0.133566997,3,91,snapshot,64,8192,1.000000,1.000000,1.000000,{"1":3054,"2":4433,"3":705},0.372803,0.541138,0.086060,0.000000,0.372803,0.627197,1.000000
0.133566997,3,91,read_only,256,8225,1.000000,1.000000,1.000000,{"1":3082,"2":4438,"3":705},0.374711,0.539574,0.085714,0.000000,0.374711,0.625289,1.000000
0.133566997,3,91,union,256,8225,1.000000,1.000000,1.000000,{"1":3082,"2":4438,"3":705},0.374711,0.539574,0.085714,0.000000,0.374711,0.625289,1.000000
0.133566997,3,91,snapshot,256,8192,1.000000,1.000000,1.000000,{"1":3054,"2":4433,"3":705},0.372803,0.541138,0.086060,0.000000,0.372803,0.627197,1.000000
0.133566997,3,91,read_only,1024,2057,0.638794,0.875547,0.638794,{"1":3082,"2":4438,"3":705},0.279533,0.511911,0.208556,0.000000,0.279533,0.359261,0.498650
0.133566997,3,91,union,1024,2057,0.638794,0.875547,0.638794,{"1":3082,"2":4438,"3":705},0.279533,0.511911,0.208556,0.000000,0.279533,0.359261,0.498650
0.133566997,3,91,snapshot,1024,2048,0.637695,0.875122,0.637695,{"1":3054,"2":4433,"3":705},0.277344,0.513184,0.209473,0.000000,0.277344,0.360352,0.498649
0.133566997,3,91,read_only,4096,515,0.031068,0.572209,0.031068,{"1":3082,"2":4438,"3":705},0.005825,0.205825,0.788350,0.000000,0.005825,0.025243,0.025391
0.133566997,3,91,union,4096,515,0.031068,0.572209,0.031068,{"1":3082,"2":4438,"3":705},0.005825,0.205825,0.788350,0.000000,0.005825,0.025243,0.025391
0.133566997,3,91,snapshot,4096,512,0.027344,0.570312,0.027344,{"1":3054,"2":4433,"3":705},0.001953,0.205078,0.792969,0.000000,0.001953,0.025391,0.025440
0.133566997,3,91,read_only,16384,129,0.007752,0.533915,0.007752,{"1":3082,"2":4438,"3":705},0.007752,0.000000,0.992248,0.000000,0.007752,0.000000,0.000000
0.133566997,3,91,union,16384,129,0.007752,0.533915,0.007752,{"1":3082,"2":4438,"3":705},0.007752,0.000000,0.992248,0.000000,0.007752,0.000000,0.000000
0.133566997,3,91,snapshot,16384,129,0.007752,0.533672,0.007752,{"1":3054,"2":4433,"3":705},0.007752,0.000000,0.992248,0.000000,0.007752,0.000000,0.000000
0.133853526,3,92,read_only,64,1,1.000000,1.000000,1.000000,{"1":1},1.000000,0.000000,0.000000,0.000000,1.000000,0.000000,-1.000000
0.133853526,3,92,union,64,1,1.000000,1.000000,1.000000,{"1":1},1.000000,0.000000,0.000000,0.000000,1.000000,0.000000,-1.000000
0.133853526,3,92,snapshot,64,8192,1.000000,1.000000,1.000000,{"1":3054,"2":4433,"3":705},0.372803,0.541138,0.086060,0.000000,0.372803,0.627197,1.000000
0.133853526,3,92,read_only,256,1,1.000000,1.000000,1.000000,{"1":1},1.000000,0.000000,0.000000,0.000000,1.000000,0.000000,-1.000000
0.133853526,3,92,union,256,1,1.000000,1.000000,1.000000,{"1":1},1.000000,0.000000,0.000000,0.000000,1.000000,0.000000,-1.000000
0.133853526,3,92,snapshot,256,8192,1.000000,1.000000,1.000000,{"1":3054,"2":4433,"3":705},0.372803,0.541138,0.086060,0.000000,0.372803,0.627197,1.000000
0.133853526,3,92,read_only,1024,1,1.000000,1.000000,1.000000,{"1":1},1.000000,0.000000,0.000000,0.000000,1.000000,0.000000,-1.000000
0.133853526,3,92,union,1024,1,1.000000,1.000000,1.000000,{"1":1},1.000000,0.000000,0.000000,0.000000,1.000000,0.000000,-1.000000
0.133853526,3,92,snapshot,1024,2049,0.637872,0.875183,0.637872,{"1":3054,"2":4433,"3":705},0.277696,0.512933,0.209370,0.000000,0.277696,0.360176,0.498649
0.133853526,3,92,read_only,4096,1,1.000000,1.000000,1.000000,{"1":1},1.000000,0.000000,0.000000,0.000000,1.000000,0.000000,-1.000000
0.133853526,3,92,union,4096,1,1.000000,1.000000,1.000000,{"1":1},1.000000,0.000000,0.000000,0.000000,1.000000,0.000000,-1.000000
0.133853526,3,92,snapshot,4096,513,0.029240,0.571207,0.029240,{"1":3054,"2":4433,"3":705},0.003899,0.204678,0.791423,0.000000,0.003899,0.025341,0.025440
0.133853526,3,92,read_only,16384,1,1.000000,1.000000,1.000000,{"1":1},1.000000,0.000000,0.000000,0.000000,1.000000,0.000000,-1.000000
0.133853526,3,92,union,16384,1,1.000000,1.000000,1.000000,{"1":1},1.000000,0.000000,0.000000,0.000000,1.000000,0.000000,-1.000000
0.133853526,3,92,snapshot,16384,130,0.015385,0.537204,0.015385,{"1":3054,"2":4433,"3":705},0.015385,0.000000,0.984615,0.000000,0.015385,0.000000,0.000000
0.134105088,3,93,read_only,64,2,1.000000,1.000000,1.000000,{"1":2},1.000000,0.000000,0.000000,0.000000,1.000000,0.000000,-1.000000
0.134105088,3,93,union,64,2,1.000000,1.000000,1.000000,{"1":2},1.000000,0.000000,0.000000,0.000000,1.000000,0.000000,-1.000000
0.134105088,3,93,snapshot,64,8192,1.000000,1.000000,1.000000,{"1":3056,"2":4431,"3":705},0.373047,0.540894,0.086060,0.000000,0.373047,0.626953,1.000000
0.134105088,3,93,read_only,256,2,1.000000,1.000000,1.000000,{"1":2},1.000000,0.000000,0.000000,0.000000,1.000000,0.000000,-1.000000
0.134105088,3,93,union,256,2,1.000000,1.000000,1.000000,{"1":2},1.000000,0.000000,0.000000,0.000000,1.000000,0.000000,-1.000000
0.134105088,3,93,snapshot,256,8192,1.000000,1.000000,1.000000,{"1":3056,"2":4431,"3":705},0.373047,0.540894,0.086060,0.000000,0.373047,0.626953,1.000000
0.134105088,3,93,read_only,1024,2,1.000000,1.000000,1.000000,{"1":2},1.000000,0.000000,0.000000,0.000000,1.000000,0.000000,-1.000000
0.134105088,3,93,union,1024,2,1.000000,1.000000,1.000000,{"1":2},1.000000,0.000000,0.000000,0.000000,1.000000,0.000000,-1.000000
0.134105088,3,93,snapshot,1024,2051,0.638225,0.875305,0.638225,{"1":3056,"2":4431,"3":705},0.278401,0.512433,0.209166,0.000000,0.278401,0.359824,0.498649
0.134105088,3,93,read_only,4096,2,1.000000,1.000000,1.000000,{"1":2},1.000000,0.000000,0.000000,0.000000,1.000000,0.000000,-1.000000
0.134105088,3,93,union,4096,2,1.000000,1.000000,1.000000,{"1":2},1.000000,0.000000,0.000000,0.000000,1.000000,0.000000,-1.000000
0.134105088,3,93,snapshot,4096,515,0.033010,0.573018,0.033010,{"1":3056,"2":4431,"3":705},0.007767,0.203883,0.788350,0.000000,0.007767,0.025243,0.025440
0.134105088,3,93,read_only,16384,1,1.000000,1.000000,1.000000,{"1":2},1.000000,0.000000,0.000000,0.000000,1.000000,0.000000,-1.000000
0.134105088,3,93,union,16384,1,1.000000,1.000000,1.000000,{"1":2},1.000000,0.000000,0.000000,0.000000,1.000000,0.000000,-1.000000
0.134105088,3,93,snapshot,16384,131,0.022901,0.540841,0.022901,{"1":3056,"2":4431,"3":705},0.022901,0.000000,0.977099,0.000000,0.022901,0.000000,0.000000
0.140070648,3,94,read_only,64,20262,1.000000,1.000000,1.000000,{"1":16819,"2":2854,"3":589},0.830076,0.140855,0.029069,0.000000,0.830076,0.169924,1.000000
0.140070648,3,94,union,64,20262,1.000000,1.000000,1.000000,{"1":16819,"2":2854,"3":589},0.830076,0.140855,0.029069,0.000000,0.830076,0.169924,1.000000
0.140070648,3,94,snapshot,64,8192,1.000000,1.000000,1.000000,{"1":5977,"2":1746,"3":469},0.729614,0.213135,0.057251,0.000000,0.729614,0.270386,1.000000
0.140070648,3,94,read_only,256,20262,1.000000,1.000000,1.000000,{"1":16819,"2":2854,"3":589},0.830076,0.140855,0.029069,0.000000,0.830076,0.169924,1.000000
0.140070648,3,94,union,256,20262,1.000000,1.000000,1.000000,{"1":16819,"2":2854,"3":589},0.830076,0.140855,0.029069,0.000000,0.830076,0.169924,1.000000
0.140070648,3,94,snapshot,256,8192,1.000000,1.000000,1.000000,{"1":5977,"2":1746,"3":469},0.729614,0.213135,0.057251,0.000000,0.729614,0.270386,1.000000
0.140070648,3,94,read_only,1024,5071,0.916979,0.971685,0.916979,{"1":16819,"2":2854,"3":589},0.810491,0.129955,0.059554,0.000000,0.810491,0.106488,0.561915
0.140070648,3,94,union,1024,5071,0.916979,0.971685,0.916979,{"1":16819,"2":2854,"3":589},0.810491,0.129955,0.059554,0.000000,0.810491,0.106488,0.561915
0.140070648,3,94,snapshot,1024,2641,0.920485,0.971475,0.920485,{"1":5977,"2":1746,"3":469},0.734949,0.181371,0.083680,0.000000,0.734949,0.185536,0.700000
0.140070648,3,94,read_only,4096,1272,0.764937,0.901700,0.764937,{"1":16819,"2":2854,"3":589},0.754717,0.047170,0.198113,0.000000,0.754717,0.010220,0.041667
0.140070648,3,94,union,4096,1272,0.764937,0.901700,0.764937,{"1":16819,"2":2854,"3":589},0.754717,0.047170,0.198113,0.000000,0.754717,0.010220,0.041667
0.140070648,3,94,snapshot,4096,877,0.744584,0.901955,0.744584,{"1":5977,"2":1746,"3":469},0.704675,0.098062,0.197263,0.000000,0.704675,0.039909,0.135135
0.140070648,3,94,read_only,16384,321,0.747664,0.890053,0.747664,{"1":16819,"2":2854,"3":589},0.747664,0.009346,0.242991,0.000000,0.747664,0.000000,0.000000
0.140070648,3,94,union,16384,321,0.747664,0.890053,0.747664,{"1":16819,"2":2854,"3":589},0.747664,0.009346,0.242991,0.000000,0.747664,0.000000,0.000000
0.140070648,3,94,snapshot,16384,268,0.716418,0.888661,0.716418,{"1":5977,"2":1746,"3":469},0.712687,0.044776,0.242537,0.000000,0.712687,0.003731,0.012987
0.148270236,3,95,read_only,64,104884,1.000000,1.000000,1.000000,{"1":104884},1.000000,0.000000,0.000000,0.000000,1.000000,0.000000,-1.000000
0.148270236,3,95,union,64,104884,1.000000,1.000000,1.000000,{"1":104884},1.000000,0.000000,0.000000,0.000000,1.000000,0.000000,-1.000000
0.148270236,3,95,snapshot,64,8192,1.000000,1.000000,1.000000,{"1":8192},1.000000,0.000000,0.000000,0.000000,1.000000,0.000000,-1.000000
0.148270236,3,95,read_only,256,104884,1.000000,1.000000,1.000000,{"1":104884},1.000000,0.000000,0.000000,0.000000,1.000000,0.000000,-1.000000
0.148270236,3,95,union,256,104884,1.000000,1.000000,1.000000,{"1":104884},1.000000,0.000000,0.000000,0.000000,1.000000,0.000000,-1.000000
0.148270236,3,95,snapshot,256,8192,1.000000,1.000000,1.000000,{"1":8192},1.000000,0.000000,0.000000,0.000000,1.000000,0.000000,-1.000000
0.148270236,3,95,read_only,1024,26260,1.000000,1.000000,1.000000,{"1":104884},1.000000,0.000000,0.000000,0.000000,1.000000,0.000000,-1.000000
0.148270236,3,95,union,1024,26260,1.000000,1.000000,1.000000,{"1":104884},1.000000,0.000000,0.000000,0.000000,1.000000,0.000000,-1.000000
0.148270236,3,95,snapshot,1024,2305,1.000000,1.000000,1.000000,{"1":8192},1.000000,0.000000,0.000000,0.000000,1.000000,0.000000,-1.000000
0.148270236,3,95,read_only,4096,6580,1.000000,1.000000,1.000000,{"1":104884},1.000000,0.000000,0.000000,0.000000,1.000000,0.000000,-1.000000
0.148270236,3,95,union,4096,6580,1.000000,1.000000,1.000000,{"1":104884},1.000000,0.000000,0.000000,0.000000,1.000000,0.000000,-1.000000
0.148270236,3,95,snapshot,4096,649,1.000000,1.000000,1.000000,{"1":8192},1.000000,0.000000,0.000000,0.000000,1.000000,0.000000,-1.000000
0.148270236,3,95,read_only,16384,1664,0.999399,0.999700,0.999399,{"1":104884},0.999399,0.000601,0.000000,0.000000,0.999399,0.000000,0.000000
0.148270236,3,95,union,16384,1664,0.999399,0.999700,0.999399,{"1":104884},0.999399,0.000601,0.000000,0.000000,0.999399,0.000000,0.000000
0.148270236,3,95,snapshot,16384,206,1.000000,1.000000,1.000000,{"1":8192},1.000000,0.000000,0.000000,0.000000,1.000000,0.000000,-1.000000
0.148818407,3,96,read_only,64,4969,1.000000,1.000000,1.000000,{"1":4969},1.000000,0.000000,0.000000,0.000000,1.000000,0.000000,-1.000000
0.148818407,3,96,union,64,4969,1.000000,1.000000,1.000000,{"1":4969},1.000000,0.000000,0.000000,0.000000,1.000000,0.000000,-1.000000
0.148818407,3,96,snapshot,64,8192,1.000000,1.000000,1.000000,{"1":8192},1.000000,0.000000,0.000000,0.000000,1.000000,0.000000,-1.000000
0.148818407,3,96,read_only,256,4969,1.000000,1.000000,1.000000,{"1":4969},1.000000,0.000000,0.000000,0.000000,1.000000,0.000000,-1.000000
0.148818407,3,96,union,256,4969,1.000000,1.000000,1.000000,{"1":4969},1.000000,0.000000,0.000000,0.000000,1.000000,0.000000,-1.000000
0.148818407,3,96,snapshot,256,8192,1.000000,1.000000,1.000000,{"1":8192},1.000000,0.000000,0.000000,0.000000,1.000000,0.000000,-1.000000
0.148818407,3,96,read_only,1024,1271,1.000000,1.000000,1.000000,{"1":4969},1.000000,0.000000,0.000000,0.000000,1.000000,0.000000,-1.000000
0.148818407,3,96,union,1024,1271,1.000000,1.000000,1.000000,{"1":4969},1.000000,0.000000,0.000000,0.000000,1.000000,0.000000,-1.000000
0.148818407,3,96,snapshot,1024,2217,1.000000,1.000000,1.000000,{"1":8192},1.000000,0.000000,0.000000,0.000000,1.000000,0.000000,-1.000000
0.148818407,3,96,read_only,4096,322,1.000000,1.000000,1.000000,{"1":4969},1.000000,0.000000,0.000000,0.000000,1.000000,0.000000,-1.000000
0.148818407,3,96,union,4096,322,1.000000,1.000000,1.000000,{"1":4969},1.000000,0.000000,0.000000,0.000000,1.000000,0.000000,-1.000000
0.148818407,3,96,snapshot,4096,588,1.000000,1.000000,1.000000,{"1":8192},1.000000,0.000000,0.000000,0.000000,1.000000,0.000000,-1.000000
0.148818407,3,96,read_only,16384,90,1.000000,1.000000,1.000000,{"1":4969},1.000000,0.000000,0.000000,0.000000,1.000000,0.000000,-1.000000
0.148818407,3,96,union,16384,90,1.000000,1.000000,1.000000,{"1":4969},1.000000,0.000000,0.000000,0.000000,1.000000,0.000000,-1.000000
0.148818407,3,96,snapshot,16384,178,1.000000,1.000000,1.000000,{"1":8192},1.000000,0.000000,0.000000,0.000000,1.000000,0.000000,-1.000000
0.149120648,3,97,read_only,64,95,1.000000,1.000000,1.000000,{"1":95},1.000000,0.000000,0.000000,0.000000,1.000000,0.000000,-1.000000
0.149120648,3,97,union,64,95,1.000000,1.000000,1.000000,{"1":95},1.000000,0.000000,0.000000,0.000000,1.000000,0.000000,-1.000000
0.149120648,3,97,snapshot,64,8192,1.000000,1.000000,1.000000,{"1":8192},1.000000,0.000000,0.000000,0.000000,1.000000,0.000000,-1.000000
0.149120648,3,97,read_only,256,95,1.000000,1.000000,1.000000,{"1":95},1.000000,0.000000,0.000000,0.000000,1.000000,0.000000,-1.000000
0.149120648,3,97,union,256,95,1.000000,1.000000,1.000000,{"1":95},1.000000,0.000000,0.000000,0.000000,1.000000,0.000000,-1.000000
0.149120648,3,97,snapshot,256,8192,1.000000,1.000000,1.000000,{"1":8192},1.000000,0.000000,0.000000,0.000000,1.000000,0.000000,-1.000000
0.149120648,3,97,read_only,1024,26,1.000000,1.000000,1.000000,{"1":95},1.000000,0.000000,0.000000,0.000000,1.000000,0.000000,-1.000000
0.149120648,3,97,union,1024,26,1.000000,1.000000,1.000000,{"1":95},1.000000,0.000000,0.000000,0.000000,1.000000,0.000000,-1.000000
0.149120648,3,97,snapshot,1024,2195,1.000000,1.000000,1.000000,{"1":8192},1.000000,0.000000,0.000000,0.000000,1.000000,0.000000,-1.000000
0.149120648,3,97,read_only,4096,7,1.000000,1.000000,1.000000,{"1":95},1.000000,0.000000,0.000000,0.000000,1.000000,0.000000,-1.000000
0.149120648,3,97,union,4096,7,1.000000,1.000000,1.000000,{"1":95},1.000000,0.000000,0.000000,0.000000,1.000000,0.000000,-1.000000
0.149120648,3,97,snapshot,4096,581,1.000000,1.000000,1.000000,{"1":8192},1.000000,0.000000,0.000000,0.000000,1.000000,0.000000,-1.000000
0.149120648,3,97,read_only,16384,2,1.000000,1.000000,1.000000,{"1":95},1.000000,0.000000,0.000000,0.000000,1.000000,0.000000,-1.000000
0.149120648,3,97,union,16384,2,1.000000,1.000000,1.000000,{"1":95},1.000000,0.000000,0.000000,0.000000,1.000000,0.000000,-1.000000
0.149120648,3,97,snapshot,16384,175,1.000000,1.000000,1.000000,{"1":8192},1.000000,0.000000,0.000000,0.000000,1.000000,0.000000,-1.000000
