sim_time,gpu_id,kernel_id,view,region_size_bytes,num_regions_with_entries,strict_coalescable_ratio,avg_relaxed_ratio,full_redundant_ratio,sharer_set_cardinality_dist_json,reg_card1_ratio,reg_card2_ratio,reg_card3_ratio,reg_card4plus_ratio,coalescable_private_ratio,coalescable_shared_ratio,shared_only_strict_ratio
0.000408463,5,0,read_only,64,121,1.000000,1.000000,1.000000,{"1":121},1.000000,0.000000,0.000000,0.000000,1.000000,0.000000,-1.000000
0.000408463,5,0,union,64,121,1.000000,1.000000,1.000000,{"1":121},1.000000,0.000000,0.000000,0.000000,1.000000,0.000000,-1.000000
0.000408463,5,0,snapshot,64,122,1.000000,1.000000,1.000000,{"0":1,"1":121},0.991803,0.000000,0.000000,0.000000,0.991803,0.000000,-1.000000
0.000408463,5,0,read_only,256,121,1.000000,1.000000,1.000000,{"1":121},1.000000,0.000000,0.000000,0.000000,1.000000,0.000000,-1.000000
0.000408463,5,0,union,256,121,1.000000,1.000000,1.000000,{"1":121},1.000000,0.000000,0.000000,0.000000,1.000000,0.000000,-1.000000
0.000408463,5,0,snapshot,256,122,1.000000,1.000000,1.000000,{"0":1,"1":121},0.991803,0.000000,0.000000,0.000000,0.991803,0.000000,-1.000000
0.000408463,5,0,read_only,1024,32,1.000000,1.000000,1.000000,{"1":121},1.000000,0.000000,0.000000,0.000000,1.000000,0.000000,-1.000000
0.000408463,5,0,union,1024,32,1.000000,1.000000,1.000000,{"1":121},1.000000,0.000000,0.000000,0.000000,1.000000,0.000000,-1.000000
0.000408463,5,0,snapshot,1024,33,1.000000,1.000000,1.000000,{"0":1,"1":121},0.969697,0.000000,0.000000,0.000000,0.969697,0.000000,-1.000000
0.000408463,5,0,read_only,4096,11,1.000000,1.000000,1.000000,{"1":121},1.000000,0.000000,0.000000,0.000000,1.000000,0.000000,-1.000000
0.000408463,5,0,union,4096,11,1.000000,1.000000,1.000000,{"1":121},1.000000,0.000000,0.000000,0.000000,1.000000,0.000000,-1.000000
0.000408463,5,0,snapshot,4096,12,1.000000,1.000000,1.000000,{"0":1,"1":121},0.916667,0.000000,0.000000,0.000000,0.916667,0.000000,-1.000000
0.000408463,5,0,read_only,16384,6,0.833333,0.928571,0.833333,{"1":121},0.833333,0.166667,0.000000,0.000000,0.833333,0.000000,0.000000
0.000408463,5,0,union,16384,6,0.833333,0.928571,0.833333,{"1":121},0.833333,0.166667,0.000000,0.000000,0.833333,0.000000,0.000000
0.000408463,5,0,snapshot,16384,6,0.666667,0.924506,0.666667,{"0":1,"1":121},0.833333,0.166667,0.000000,0.000000,0.666667,0.000000,0.000000
0.000655826,5,1,read_only,64,343,1.000000,1.000000,1.000000,{"1":343},1.000000,0.000000,0.000000,0.000000,1.000000,0.000000,-1.000000
0.000655826,5,1,union,64,343,1.000000,1.000000,1.000000,{"1":343},1.000000,0.000000,0.000000,0.000000,1.000000,0.000000,-1.000000
0.000655826,5,1,snapshot,64,464,1.000000,1.000000,1.000000,{"1":464},1.000000,0.000000,0.000000,0.000000,1.000000,0.000000,-1.000000
0.000655826,5,1,read_only,256,343,1.000000,1.000000,1.000000,{"1":343},1.000000,0.000000,0.000000,0.000000,1.000000,0.000000,-1.000000
0.000655826,5,1,union,256,343,1.000000,1.000000,1.000000,{"1":343},1.000000,0.000000,0.000000,0.000000,1.000000,0.000000,-1.000000
0.000655826,5,1,snapshot,256,464,1.000000,1.000000,1.000000,{"1":464},1.000000,0.000000,0.000000,0.000000,1.000000,0.000000,-1.000000
0.000655826,5,1,read_only,1024,88,1.000000,1.000000,1.000000,{"1":343},1.000000,0.000000,0.000000,0.000000,1.000000,0.000000,-1.000000
0.000655826,5,1,union,1024,88,1.000000,1.000000,1.000000,{"1":343},1.000000,0.000000,0.000000,0.000000,1.000000,0.000000,-1.000000
0.000655826,5,1,snapshot,1024,116,1.000000,1.000000,1.000000,{"1":464},1.000000,0.000000,0.000000,0.000000,1.000000,0.000000,-1.000000
0.000655826,5,1,read_only,4096,24,1.000000,1.000000,1.000000,{"1":343},1.000000,0.000000,0.000000,0.000000,1.000000,0.000000,-1.000000
0.000655826,5,1,union,4096,24,1.000000,1.000000,1.000000,{"1":343},1.000000,0.000000,0.000000,0.000000,1.000000,0.000000,-1.000000
0.000655826,5,1,snapshot,4096,29,1.000000,1.000000,1.000000,{"1":464},1.000000,0.000000,0.000000,0.000000,1.000000,0.000000,-1.000000
0.000655826,5,1,read_only,16384,8,0.500000,0.860952,0.500000,{"1":343},0.500000,0.500000,0.000000,0.000000,0.500000,0.000000,0.000000
0.000655826,5,1,union,16384,8,0.500000,0.860952,0.500000,{"1":343},0.500000,0.500000,0.000000,0.000000,0.500000,0.000000,0.000000
0.000655826,5,1,snapshot,16384,8,0.500000,0.854167,0.500000,{"1":464},0.500000,0.500000,0.000000,0.000000,0.500000,0.000000,0.000000
0.000936104,5,2,snapshot,64,464,1.000000,1.000000,1.000000,{"1":464},1.000000,0.000000,0.000000,0.000000,1.000000,0.000000,-1.000000
0.000936104,5,2,snapshot,256,464,1.000000,1.000000,1.000000,{"1":464},1.000000,0.000000,0.000000,0.000000,1.000000,0.000000,-1.000000
0.000936104,5,2,snapshot,1024,116,1.000000,1.000000,1.000000,{"1":464},1.000000,0.000000,0.000000,0.000000,1.000000,0.000000,-1.000000
0.000936104,5,2,snapshot,4096,29,1.000000,1.000000,1.000000,{"1":464},1.000000,0.000000,0.000000,0.000000,1.000000,0.000000,-1.000000
0.000936104,5,2,snapshot,16384,8,0.500000,0.854167,0.500000,{"1":464},0.500000,0.500000,0.000000,0.000000,0.500000,0.000000,0.000000
0.001173156,5,3,snapshot,64,464,1.000000,1.000000,1.000000,{"1":464},1.000000,0.000000,0.000000,0.000000,1.000000,0.000000,-1.000000
0.001173156,5,3,snapshot,256,464,1.000000,1.000000,1.000000,{"1":464},1.000000,0.000000,0.000000,0.000000,1.000000,0.000000,-1.000000
0.001173156,5,3,snapshot,1024,116,1.000000,1.000000,1.000000,{"1":464},1.000000,0.000000,0.000000,0.000000,1.000000,0.000000,-1.000000
0.001173156,5,3,snapshot,4096,29,1.000000,1.000000,1.000000,{"1":464},1.000000,0.000000,0.000000,0.000000,1.000000,0.000000,-1.000000
0.001173156,5,3,snapshot,16384,8,0.500000,0.854167,0.500000,{"1":464},0.500000,0.500000,0.000000,0.000000,0.500000,0.000000,0.000000
0.001407989,5,4,snapshot,64,464,1.000000,1.000000,1.000000,{"1":464},1.000000,0.000000,0.000000,0.000000,1.000000,0.000000,-1.000000
0.001407989,5,4,snapshot,256,464,1.000000,1.000000,1.000000,{"1":464},1.000000,0.000000,0.000000,0.000000,1.000000,0.000000,-1.000000
0.001407989,5,4,snapshot,1024,116,1.000000,1.000000,1.000000,{"1":464},1.000000,0.000000,0.000000,0.000000,1.000000,0.000000,-1.000000
0.001407989,5,4,snapshot,4096,29,1.000000,1.000000,1.000000,{"1":464},1.000000,0.000000,0.000000,0.000000,1.000000,0.000000,-1.000000
0.001407989,5,4,snapshot,16384,8,0.500000,0.854167,0.500000,{"1":464},0.500000,0.500000,0.000000,0.000000,0.500000,0.000000,0.000000
0.001642277,5,5,read_only,64,128,1.000000,1.000000,1.000000,{"1":128},1.000000,0.000000,0.000000,0.000000,1.000000,0.000000,-1.000000
0.001642277,5,5,union,64,128,1.000000,1.000000,1.000000,{"1":128},1.000000,0.000000,0.000000,0.000000,1.000000,0.000000,-1.000000
0.001642277,5,5,snapshot,64,592,1.000000,1.000000,1.000000,{"1":592},1.000000,0.000000,0.000000,0.000000,1.000000,0.000000,-1.000000
0.001642277,5,5,read_only,256,128,1.000000,1.000000,1.000000,{"1":128},1.000000,0.000000,0.000000,0.000000,1.000000,0.000000,-1.000000
0.001642277,5,5,union,256,128,1.000000,1.000000,1.000000,{"1":128},1.000000,0.000000,0.000000,0.000000,1.000000,0.000000,-1.000000
0.001642277,5,5,snapshot,256,592,1.000000,1.000000,1.000000,{"1":592},1.000000,0.000000,0.000000,0.000000,1.000000,0.000000,-1.000000
0.001642277,5,5,read_only,1024,32,1.000000,1.000000,1.000000,{"1":128},1.000000,0.000000,0.000000,0.000000,1.000000,0.000000,-1.000000
0.001642277,5,5,union,1024,32,1.000000,1.000000,1.000000,{"1":128},1.000000,0.000000,0.000000,0.000000,1.000000,0.000000,-1.000000
0.001642277,5,5,snapshot,1024,148,1.000000,1.000000,1.000000,{"1":592},1.000000,0.000000,0.000000,0.000000,1.000000,0.000000,-1.000000
0.001642277,5,5,read_only,4096,8,1.000000,1.000000,1.000000,{"1":128},1.000000,0.000000,0.000000,0.000000,1.000000,0.000000,-1.000000
0.001642277,5,5,union,4096,8,1.000000,1.000000,1.000000,{"1":128},1.000000,0.000000,0.000000,0.000000,1.000000,0.000000,-1.000000
0.001642277,5,5,snapshot,4096,37,1.000000,1.000000,1.000000,{"1":592},1.000000,0.000000,0.000000,0.000000,1.000000,0.000000,-1.000000
0.001642277,5,5,read_only,16384,3,0.666667,0.916667,0.666667,{"1":128},0.666667,0.333333,0.000000,0.000000,0.666667,0.000000,0.000000
0.001642277,5,5,union,16384,3,0.666667,0.916667,0.666667,{"1":128},0.666667,0.333333,0.000000,0.000000,0.666667,0.000000,0.000000
0.001642277,5,5,snapshot,16384,11,0.545455,0.871212,0.545455,{"1":592},0.545455,0.454545,0.000000,0.000000,0.545455,0.000000,0.000000
0.002660221,5,6,read_only,64,32,1.000000,1.000000,1.000000,{"1":32},1.000000,0.000000,0.000000,0.000000,1.000000,0.000000,-1.000000
0.002660221,5,6,union,64,32,1.000000,1.000000,1.000000,{"1":32},1.000000,0.000000,0.000000,0.000000,1.000000,0.000000,-1.000000
0.002660221,5,6,snapshot,64,624,1.000000,1.000000,1.000000,{"1":624},1.000000,0.000000,0.000000,0.000000,1.000000,0.000000,-1.000000
0.002660221,5,6,read_only,256,32,1.000000,1.000000,1.000000,{"1":32},1.000000,0.000000,0.000000,0.000000,1.000000,0.000000,-1.000000
0.002660221,5,6,union,256,32,1.000000,1.000000,1.000000,{"1":32},1.000000,0.000000,0.000000,0.000000,1.000000,0.000000,-1.000000
0.002660221,5,6,snapshot,256,624,1.000000,1.000000,1.000000,{"1":624},1.000000,0.000000,0.000000,0.000000,1.000000,0.000000,-1.000000
0.002660221,5,6,read_only,1024,8,1.000000,1.000000,1.000000,{"1":32},1.000000,0.000000,0.000000,0.000000,1.000000,0.000000,-1.000000
0.002660221,5,6,union,1024,8,1.000000,1.000000,1.000000,{"1":32},1.000000,0.000000,0.000000,0.000000,1.000000,0.000000,-1.000000
0.002660221,5,6,snapshot,1024,156,1.000000,1.000000,1.000000,{"1":624},1.000000,0.000000,0.000000,0.000000,1.000000,0.000000,-1.000000
0.002660221,5,6,read_only,4096,2,1.000000,1.000000,1.000000,{"1":32},1.000000,0.000000,0.000000,0.000000,1.000000,0.000000,-1.000000
0.002660221,5,6,union,4096,2,1.000000,1.000000,1.000000,{"1":32},1.000000,0.000000,0.000000,0.000000,1.000000,0.000000,-1.000000
0.002660221,5,6,snapshot,4096,39,1.000000,1.000000,1.000000,{"1":624},1.000000,0.000000,0.000000,0.000000,1.000000,0.000000,-1.000000
0.002660221,5,6,read_only,16384,1,1.000000,1.000000,1.000000,{"1":32},1.000000,0.000000,0.000000,0.000000,1.000000,0.000000,-1.000000
0.002660221,5,6,union,16384,1,1.000000,1.000000,1.000000,{"1":32},1.000000,0.000000,0.000000,0.000000,1.000000,0.000000,-1.000000
0.002660221,5,6,snapshot,16384,12,0.583333,0.881944,0.583333,{"1":624},0.583333,0.416667,0.000000,0.000000,0.583333,0.000000,0.000000
0.002895061,5,7,snapshot,64,624,1.000000,1.000000,1.000000,{"1":624},1.000000,0.000000,0.000000,0.000000,1.000000,0.000000,-1.000000
0.002895061,5,7,snapshot,256,624,1.000000,1.000000,1.000000,{"1":624},1.000000,0.000000,0.000000,0.000000,1.000000,0.000000,-1.000000
0.002895061,5,7,snapshot,1024,156,1.000000,1.000000,1.000000,{"1":624},1.000000,0.000000,0.000000,0.000000,1.000000,0.000000,-1.000000
0.002895061,5,7,snapshot,4096,39,1.000000,1.000000,1.000000,{"1":624},1.000000,0.000000,0.000000,0.000000,1.000000,0.000000,-1.000000
0.002895061,5,7,snapshot,16384,12,0.583333,0.881944,0.583333,{"1":624},0.583333,0.416667,0.000000,0.000000,0.583333,0.000000,0.000000
0.003128563,5,8,snapshot,64,624,1.000000,1.000000,1.000000,{"1":624},1.000000,0.000000,0.000000,0.000000,1.000000,0.000000,-1.000000
0.003128563,5,8,snapshot,256,624,1.000000,1.000000,1.000000,{"1":624},1.000000,0.000000,0.000000,0.000000,1.000000,0.000000,-1.000000
0.003128563,5,8,snapshot,1024,156,1.000000,1.000000,1.000000,{"1":624},1.000000,0.000000,0.000000,0.000000,1.000000,0.000000,-1.000000
0.003128563,5,8,snapshot,4096,39,1.000000,1.000000,1.000000,{"1":624},1.000000,0.000000,0.000000,0.000000,1.000000,0.000000,-1.000000
0.003128563,5,8,snapshot,16384,12,0.583333,0.881944,0.583333,{"1":624},0.583333,0.416667,0.000000,0.000000,0.583333,0.000000,0.000000
0.003362403,5,9,snapshot,64,624,1.000000,1.000000,1.000000,{"1":624},1.000000,0.000000,0.000000,0.000000,1.000000,0.000000,-1.000000
0.003362403,5,9,snapshot,256,624,1.000000,1.000000,1.000000,{"1":624},1.000000,0.000000,0.000000,0.000000,1.000000,0.000000,-1.000000
0.003362403,5,9,snapshot,1024,156,1.000000,1.000000,1.000000,{"1":624},1.000000,0.000000,0.000000,0.000000,1.000000,0.000000,-1.000000
0.003362403,5,9,snapshot,4096,39,1.000000,1.000000,1.000000,{"1":624},1.000000,0.000000,0.000000,0.000000,1.000000,0.000000,-1.000000
0.003362403,5,9,snapshot,16384,12,0.583333,0.881944,0.583333,{"1":624},0.583333,0.416667,0.000000,0.000000,0.583333,0.000000,0.000000
0.003602407,5,10,read_only,64,128,1.000000,1.000000,1.000000,{"1":128},1.000000,0.000000,0.000000,0.000000,1.000000,0.000000,-1.000000
0.003602407,5,10,union,64,128,1.000000,1.000000,1.000000,{"1":128},1.000000,0.000000,0.000000,0.000000,1.000000,0.000000,-1.000000
0.003602407,5,10,snapshot,64,752,1.000000,1.000000,1.000000,{"1":752},1.000000,0.000000,0.000000,0.000000,1.000000,0.000000,-1.000000
0.003602407,5,10,read_only,256,128,1.000000,1.000000,1.000000,{"1":128},1.000000,0.000000,0.000000,0.000000,1.000000,0.000000,-1.000000
0.003602407,5,10,union,256,128,1.000000,1.000000,1.000000,{"1":128},1.000000,0.000000,0.000000,0.000000,1.000000,0.000000,-1.000000
0.003602407,5,10,snapshot,256,752,1.000000,1.000000,1.000000,{"1":752},1.000000,0.000000,0.000000,0.000000,1.000000,0.000000,-1.000000
0.003602407,5,10,read_only,1024,32,1.000000,1.000000,1.000000,{"1":128},1.000000,0.000000,0.000000,0.000000,1.000000,0.000000,-1.000000
0.003602407,5,10,union,1024,32,1.000000,1.000000,1.000000,{"1":128},1.000000,0.000000,0.000000,0.000000,1.000000,0.000000,-1.000000
0.003602407,5,10,snapshot,1024,188,1.000000,1.000000,1.000000,{"1":752},1.000000,0.000000,0.000000,0.000000,1.000000,0.000000,-1.000000
0.003602407,5,10,read_only,4096,8,1.000000,1.000000,1.000000,{"1":128},1.000000,0.000000,0.000000,0.000000,1.000000,0.000000,-1.000000
0.003602407,5,10,union,4096,8,1.000000,1.000000,1.000000,{"1":128},1.000000,0.000000,0.000000,0.000000,1.000000,0.000000,-1.000000
0.003602407,5,10,snapshot,4096,47,1.000000,1.000000,1.000000,{"1":752},1.000000,0.000000,0.000000,0.000000,1.000000,0.000000,-1.000000
0.003602407,5,10,read_only,16384,2,1.000000,1.000000,1.000000,{"1":128},1.000000,0.000000,0.000000,0.000000,1.000000,0.000000,-1.000000
0.003602407,5,10,union,16384,2,1.000000,1.000000,1.000000,{"1":128},1.000000,0.000000,0.000000,0.000000,1.000000,0.000000,-1.000000
0.003602407,5,10,snapshot,16384,14,0.642857,0.898810,0.642857,{"1":752},0.642857,0.357143,0.000000,0.000000,0.642857,0.000000,0.000000
0.003847569,5,11,read_only,64,80,1.000000,1.000000,1.000000,{"1":80},1.000000,0.000000,0.000000,0.000000,1.000000,0.000000,-1.000000
0.003847569,5,11,union,64,80,1.000000,1.000000,1.000000,{"1":80},1.000000,0.000000,0.000000,0.000000,1.000000,0.000000,-1.000000
0.003847569,5,11,snapshot,64,832,1.000000,1.000000,1.000000,{"1":832},1.000000,0.000000,0.000000,0.000000,1.000000,0.000000,-1.000000
0.003847569,5,11,read_only,256,80,1.000000,1.000000,1.000000,{"1":80},1.000000,0.000000,0.000000,0.000000,1.000000,0.000000,-1.000000
0.003847569,5,11,union,256,80,1.000000,1.000000,1.000000,{"1":80},1.000000,0.000000,0.000000,0.000000,1.000000,0.000000,-1.000000
0.003847569,5,11,snapshot,256,832,1.000000,1.000000,1.000000,{"1":832},1.000000,0.000000,0.000000,0.000000,1.000000,0.000000,-1.000000
0.003847569,5,11,read_only,1024,20,1.000000,1.000000,1.000000,{"1":80},1.000000,0.000000,0.000000,0.000000,1.000000,0.000000,-1.000000
0.003847569,5,11,union,1024,20,1.000000,1.000000,1.000000,{"1":80},1.000000,0.000000,0.000000,0.000000,1.000000,0.000000,-1.000000
0.003847569,5,11,snapshot,1024,208,1.000000,1.000000,1.000000,{"1":832},1.000000,0.000000,0.000000,0.000000,1.000000,0.000000,-1.000000
0.003847569,5,11,read_only,4096,5,1.000000,1.000000,1.000000,{"1":80},1.000000,0.000000,0.000000,0.000000,1.000000,0.000000,-1.000000
0.003847569,5,11,union,4096,5,1.000000,1.000000,1.000000,{"1":80},1.000000,0.000000,0.000000,0.000000,1.000000,0.000000,-1.000000
0.003847569,5,11,snapshot,4096,52,1.000000,1.000000,1.000000,{"1":832},1.000000,0.000000,0.000000,0.000000,1.000000,0.000000,-1.000000
0.003847569,5,11,read_only,16384,2,0.500000,0.750000,0.500000,{"1":80},0.500000,0.000000,0.500000,0.000000,0.500000,0.000000,0.000000
0.003847569,5,11,union,16384,2,0.500000,0.750000,0.500000,{"1":80},0.500000,0.000000,0.500000,0.000000,0.500000,0.000000,0.000000
0.003847569,5,11,snapshot,16384,16,0.625000,0.880208,0.625000,{"1":832},0.625000,0.312500,0.062500,0.000000,0.625000,0.000000,0.000000
0.004081529,5,12,snapshot,64,832,1.000000,1.000000,1.000000,{"1":832},1.000000,0.000000,0.000000,0.000000,1.000000,0.000000,-1.000000
0.004081529,5,12,snapshot,256,832,1.000000,1.000000,1.000000,{"1":832},1.000000,0.000000,0.000000,0.000000,1.000000,0.000000,-1.000000
0.004081529,5,12,snapshot,1024,208,1.000000,1.000000,1.000000,{"1":832},1.000000,0.000000,0.000000,0.000000,1.000000,0.000000,-1.000000
0.004081529,5,12,snapshot,4096,52,1.000000,1.000000,1.000000,{"1":832},1.000000,0.000000,0.000000,0.000000,1.000000,0.000000,-1.000000
0.004081529,5,12,snapshot,16384,16,0.625000,0.880208,0.625000,{"1":832},0.625000,0.312500,0.062500,0.000000,0.625000,0.000000,0.000000
0.004314881,5,13,snapshot,64,832,1.000000,1.000000,1.000000,{"1":832},1.000000,0.000000,0.000000,0.000000,1.000000,0.000000,-1.000000
0.004314881,5,13,snapshot,256,832,1.000000,1.000000,1.000000,{"1":832},1.000000,0.000000,0.000000,0.000000,1.000000,0.000000,-1.000000
0.004314881,5,13,snapshot,1024,208,1.000000,1.000000,1.000000,{"1":832},1.000000,0.000000,0.000000,0.000000,1.000000,0.000000,-1.000000
0.004314881,5,13,snapshot,4096,52,1.000000,1.000000,1.000000,{"1":832},1.000000,0.000000,0.000000,0.000000,1.000000,0.000000,-1.000000
0.004314881,5,13,snapshot,16384,16,0.625000,0.880208,0.625000,{"1":832},0.625000,0.312500,0.062500,0.000000,0.625000,0.000000,0.000000
0.004724582,5,14,snapshot,64,832,1.000000,1.000000,1.000000,{"1":832},1.000000,0.000000,0.000000,0.000000,1.000000,0.000000,-1.000000
0.004724582,5,14,snapshot,256,832,1.000000,1.000000,1.000000,{"1":832},1.000000,0.000000,0.000000,0.000000,1.000000,0.000000,-1.000000
0.004724582,5,14,snapshot,1024,208,1.000000,1.000000,1.000000,{"1":832},1.000000,0.000000,0.000000,0.000000,1.000000,0.000000,-1.000000
0.004724582,5,14,snapshot,4096,52,1.000000,1.000000,1.000000,{"1":832},1.000000,0.000000,0.000000,0.000000,1.000000,0.000000,-1.000000
0.004724582,5,14,snapshot,16384,16,0.625000,0.880208,0.625000,{"1":832},0.625000,0.312500,0.062500,0.000000,0.625000,0.000000,0.000000
0.004957894,5,15,read_only,64,50,1.000000,1.000000,1.000000,{"1":50},1.000000,0.000000,0.000000,0.000000,1.000000,0.000000,-1.000000
0.004957894,5,15,union,64,50,1.000000,1.000000,1.000000,{"1":50},1.000000,0.000000,0.000000,0.000000,1.000000,0.000000,-1.000000
0.004957894,5,15,snapshot,64,882,1.000000,1.000000,1.000000,{"1":882},1.000000,0.000000,0.000000,0.000000,1.000000,0.000000,-1.000000
0.004957894,5,15,read_only,256,50,1.000000,1.000000,1.000000,{"1":50},1.000000,0.000000,0.000000,0.000000,1.000000,0.000000,-1.000000
0.004957894,5,15,union,256,50,1.000000,1.000000,1.000000,{"1":50},1.000000,0.000000,0.000000,0.000000,1.000000,0.000000,-1.000000
0.004957894,5,15,snapshot,256,882,1.000000,1.000000,1.000000,{"1":882},1.000000,0.000000,0.000000,0.000000,1.000000,0.000000,-1.000000
0.004957894,5,15,read_only,1024,13,1.000000,1.000000,1.000000,{"1":50},1.000000,0.000000,0.000000,0.000000,1.000000,0.000000,-1.000000
0.004957894,5,15,union,1024,13,1.000000,1.000000,1.000000,{"1":50},1.000000,0.000000,0.000000,0.000000,1.000000,0.000000,-1.000000
0.004957894,5,15,snapshot,1024,221,1.000000,1.000000,1.000000,{"1":882},1.000000,0.000000,0.000000,0.000000,1.000000,0.000000,-1.000000
0.004957894,5,15,read_only,4096,4,1.000000,1.000000,1.000000,{"1":50},1.000000,0.000000,0.000000,0.000000,1.000000,0.000000,-1.000000
0.004957894,5,15,union,4096,4,1.000000,1.000000,1.000000,{"1":50},1.000000,0.000000,0.000000,0.000000,1.000000,0.000000,-1.000000
0.004957894,5,15,snapshot,4096,56,1.000000,1.000000,1.000000,{"1":882},1.000000,0.000000,0.000000,0.000000,1.000000,0.000000,-1.000000
0.004957894,5,15,read_only,16384,1,1.000000,1.000000,1.000000,{"1":50},1.000000,0.000000,0.000000,0.000000,1.000000,0.000000,-1.000000
0.004957894,5,15,union,16384,1,1.000000,1.000000,1.000000,{"1":50},1.000000,0.000000,0.000000,0.000000,1.000000,0.000000,-1.000000
0.004957894,5,15,snapshot,16384,17,0.647059,0.887255,0.647059,{"1":882},0.647059,0.294118,0.058824,0.000000,0.647059,0.000000,0.000000
0.005192890,5,16,read_only,64,16,1.000000,1.000000,1.000000,{"1":16},1.000000,0.000000,0.000000,0.000000,1.000000,0.000000,-1.000000
0.005192890,5,16,union,64,16,1.000000,1.000000,1.000000,{"1":16},1.000000,0.000000,0.000000,0.000000,1.000000,0.000000,-1.000000
0.005192890,5,16,snapshot,64,898,1.000000,1.000000,1.000000,{"1":898},1.000000,0.000000,0.000000,0.000000,1.000000,0.000000,-1.000000
0.005192890,5,16,read_only,256,16,1.000000,1.000000,1.000000,{"1":16},1.000000,0.000000,0.000000,0.000000,1.000000,0.000000,-1.000000
0.005192890,5,16,union,256,16,1.000000,1.000000,1.000000,{"1":16},1.000000,0.000000,0.000000,0.000000,1.000000,0.000000,-1.000000
0.005192890,5,16,snapshot,256,898,1.000000,1.000000,1.000000,{"1":898},1.000000,0.000000,0.000000,0.000000,1.000000,0.000000,-1.000000
0.005192890,5,16,read_only,1024,4,1.000000,1.000000,1.000000,{"1":16},1.000000,0.000000,0.000000,0.000000,1.000000,0.000000,-1.000000
0.005192890,5,16,union,1024,4,1.000000,1.000000,1.000000,{"1":16},1.000000,0.000000,0.000000,0.000000,1.000000,0.000000,-1.000000
0.005192890,5,16,snapshot,1024,225,1.000000,1.000000,1.000000,{"1":898},1.000000,0.000000,0.000000,0.000000,1.000000,0.000000,-1.000000
0.005192890,5,16,read_only,4096,1,1.000000,1.000000,1.000000,{"1":16},1.000000,0.000000,0.000000,0.000000,1.000000,0.000000,-1.000000
0.005192890,5,16,union,4096,1,1.000000,1.000000,1.000000,{"1":16},1.000000,0.000000,0.000000,0.000000,1.000000,0.000000,-1.000000
0.005192890,5,16,snapshot,4096,57,1.000000,1.000000,1.000000,{"1":898},1.000000,0.000000,0.000000,0.000000,1.000000,0.000000,-1.000000
0.005192890,5,16,read_only,16384,1,1.000000,1.000000,1.000000,{"1":16},1.000000,0.000000,0.000000,0.000000,1.000000,0.000000,-1.000000
0.005192890,5,16,union,16384,1,1.000000,1.000000,1.000000,{"1":16},1.000000,0.000000,0.000000,0.000000,1.000000,0.000000,-1.000000
0.005192890,5,16,snapshot,16384,18,0.666667,0.893519,0.666667,{"1":898},0.666667,0.277778,0.055556,0.000000,0.666667,0.000000,0.000000
0.005425038,5,17,snapshot,64,898,1.000000,1.000000,1.000000,{"1":898},1.000000,0.000000,0.000000,0.000000,1.000000,0.000000,-1.000000
0.005425038,5,17,snapshot,256,898,1.000000,1.000000,1.000000,{"1":898},1.000000,0.000000,0.000000,0.000000,1.000000,0.000000,-1.000000
0.005425038,5,17,snapshot,1024,225,1.000000,1.000000,1.000000,{"1":898},1.000000,0.000000,0.000000,0.000000,1.000000,0.000000,-1.000000
0.005425038,5,17,snapshot,4096,57,1.000000,1.000000,1.000000,{"1":898},1.000000,0.000000,0.000000,0.000000,1.000000,0.000000,-1.000000
0.005425038,5,17,snapshot,16384,18,0.666667,0.893519,0.666667,{"1":898},0.666667,0.277778,0.055556,0.000000,0.666667,0.000000,0.000000
0.005658311,5,18,snapshot,64,898,1.000000,1.000000,1.000000,{"1":898},1.000000,0.000000,0.000000,0.000000,1.000000,0.000000,-1.000000
0.005658311,5,18,snapshot,256,898,1.000000,1.000000,1.000000,{"1":898},1.000000,0.000000,0.000000,0.000000,1.000000,0.000000,-1.000000
0.005658311,5,18,snapshot,1024,225,1.000000,1.000000,1.000000,{"1":898},1.000000,0.000000,0.000000,0.000000,1.000000,0.000000,-1.000000
0.005658311,5,18,snapshot,4096,57,1.000000,1.000000,1.000000,{"1":898},1.000000,0.000000,0.000000,0.000000,1.000000,0.000000,-1.000000
0.005658311,5,18,snapshot,16384,18,0.666667,0.893519,0.666667,{"1":898},0.666667,0.277778,0.055556,0.000000,0.666667,0.000000,0.000000
0.005897817,5,19,read_only,64,32,1.000000,1.000000,1.000000,{"1":32},1.000000,0.000000,0.000000,0.000000,1.000000,0.000000,-1.000000
0.005897817,5,19,union,64,32,1.000000,1.000000,1.000000,{"1":32},1.000000,0.000000,0.000000,0.000000,1.000000,0.000000,-1.000000
0.005897817,5,19,snapshot,64,930,1.000000,1.000000,1.000000,{"1":930},1.000000,0.000000,0.000000,0.000000,1.000000,0.000000,-1.000000
0.005897817,5,19,read_only,256,32,1.000000,1.000000,1.000000,{"1":32},1.000000,0.000000,0.000000,0.000000,1.000000,0.000000,-1.000000
0.005897817,5,19,union,256,32,1.000000,1.000000,1.000000,{"1":32},1.000000,0.000000,0.000000,0.000000,1.000000,0.000000,-1.000000
0.005897817,5,19,snapshot,256,930,1.000000,1.000000,1.000000,{"1":930},1.000000,0.000000,0.000000,0.000000,1.000000,0.000000,-1.000000
0.005897817,5,19,read_only,1024,8,1.000000,1.000000,1.000000,{"1":32},1.000000,0.000000,0.000000,0.000000,1.000000,0.000000,-1.000000
0.005897817,5,19,union,1024,8,1.000000,1.000000,1.000000,{"1":32},1.000000,0.000000,0.000000,0.000000,1.000000,0.000000,-1.000000
0.005897817,5,19,snapshot,1024,233,1.000000,1.000000,1.000000,{"1":930},1.000000,0.000000,0.000000,0.000000,1.000000,0.000000,-1.000000
0.005897817,5,19,read_only,4096,2,1.000000,1.000000,1.000000,{"1":32},1.000000,0.000000,0.000000,0.000000,1.000000,0.000000,-1.000000
0.005897817,5,19,union,4096,2,1.000000,1.000000,1.000000,{"1":32},1.000000,0.000000,0.000000,0.000000,1.000000,0.000000,-1.000000
0.005897817,5,19,snapshot,4096,59,1.000000,1.000000,1.000000,{"1":930},1.000000,0.000000,0.000000,0.000000,1.000000,0.000000,-1.000000
0.005897817,5,19,read_only,16384,2,1.000000,1.000000,1.000000,{"1":32},1.000000,0.000000,0.000000,0.000000,1.000000,0.000000,-1.000000
0.005897817,5,19,union,16384,2,1.000000,1.000000,1.000000,{"1":32},1.000000,0.000000,0.000000,0.000000,1.000000,0.000000,-1.000000
0.005897817,5,19,snapshot,16384,19,0.631579,0.885965,0.631579,{"1":930},0.631579,0.315789,0.052632,0.000000,0.631579,0.000000,0.000000
0.006132897,5,20,read_only,64,50,1.000000,1.000000,1.000000,{"1":50},1.000000,0.000000,0.000000,0.000000,1.000000,0.000000,-1.000000
0.006132897,5,20,union,64,50,1.000000,1.000000,1.000000,{"1":50},1.000000,0.000000,0.000000,0.000000,1.000000,0.000000,-1.000000
0.006132897,5,20,snapshot,64,980,1.000000,1.000000,1.000000,{"1":980},1.000000,0.000000,0.000000,0.000000,1.000000,0.000000,-1.000000
0.006132897,5,20,read_only,256,50,1.000000,1.000000,1.000000,{"1":50},1.000000,0.000000,0.000000,0.000000,1.000000,0.000000,-1.000000
0.006132897,5,20,union,256,50,1.000000,1.000000,1.000000,{"1":50},1.000000,0.000000,0.000000,0.000000,1.000000,0.000000,-1.000000
0.006132897,5,20,snapshot,256,980,1.000000,1.000000,1.000000,{"1":980},1.000000,0.000000,0.000000,0.000000,1.000000,0.000000,-1.000000
0.006132897,5,20,read_only,1024,13,1.000000,1.000000,1.000000,{"1":50},1.000000,0.000000,0.000000,0.000000,1.000000,0.000000,-1.000000
0.006132897,5,20,union,1024,13,1.000000,1.000000,1.000000,{"1":50},1.000000,0.000000,0.000000,0.000000,1.000000,0.000000,-1.000000
0.006132897,5,20,snapshot,1024,246,1.000000,1.000000,1.000000,{"1":980},1.000000,0.000000,0.000000,0.000000,1.000000,0.000000,-1.000000
0.006132897,5,20,read_only,4096,4,1.000000,1.000000,1.000000,{"1":50},1.000000,0.000000,0.000000,0.000000,1.000000,0.000000,-1.000000
0.006132897,5,20,union,4096,4,1.000000,1.000000,1.000000,{"1":50},1.000000,0.000000,0.000000,0.000000,1.000000,0.000000,-1.000000
0.006132897,5,20,snapshot,4096,63,1.000000,1.000000,1.000000,{"1":980},1.000000,0.000000,0.000000,0.000000,1.000000,0.000000,-1.000000
0.006132897,5,20,read_only,16384,1,1.000000,1.000000,1.000000,{"1":50},1.000000,0.000000,0.000000,0.000000,1.000000,0.000000,-1.000000
0.006132897,5,20,union,16384,1,1.000000,1.000000,1.000000,{"1":50},1.000000,0.000000,0.000000,0.000000,1.000000,0.000000,-1.000000
0.006132897,5,20,snapshot,16384,20,0.650000,0.891667,0.650000,{"1":980},0.650000,0.300000,0.050000,0.000000,0.650000,0.000000,0.000000
0.006366062,5,21,read_only,64,2,1.000000,1.000000,1.000000,{"1":2},1.000000,0.000000,0.000000,0.000000,1.000000,0.000000,-1.000000
0.006366062,5,21,union,64,2,1.000000,1.000000,1.000000,{"1":2},1.000000,0.000000,0.000000,0.000000,1.000000,0.000000,-1.000000
0.006366062,5,21,snapshot,64,982,1.000000,1.000000,1.000000,{"1":982},1.000000,0.000000,0.000000,0.000000,1.000000,0.000000,-1.000000
0.006366062,5,21,read_only,256,2,1.000000,1.000000,1.000000,{"1":2},1.000000,0.000000,0.000000,0.000000,1.000000,0.000000,-1.000000
0.006366062,5,21,union,256,2,1.000000,1.000000,1.000000,{"1":2},1.000000,0.000000,0.000000,0.000000,1.000000,0.000000,-1.000000
0.006366062,5,21,snapshot,256,982,1.000000,1.000000,1.000000,{"1":982},1.000000,0.000000,0.000000,0.000000,1.000000,0.000000,-1.000000
0.006366062,5,21,read_only,1024,1,1.000000,1.000000,1.000000,{"1":2},1.000000,0.000000,0.000000,0.000000,1.000000,0.000000,-1.000000
0.006366062,5,21,union,1024,1,1.000000,1.000000,1.000000,{"1":2},1.000000,0.000000,0.000000,0.000000,1.000000,0.000000,-1.000000
0.006366062,5,21,snapshot,1024,247,1.000000,1.000000,1.000000,{"1":982},1.000000,0.000000,0.000000,0.000000,1.000000,0.000000,-1.000000
0.006366062,5,21,read_only,4096,1,1.000000,1.000000,1.000000,{"1":2},1.000000,0.000000,0.000000,0.000000,1.000000,0.000000,-1.000000
0.006366062,5,21,union,4096,1,1.000000,1.000000,1.000000,{"1":2},1.000000,0.000000,0.000000,0.000000,1.000000,0.000000,-1.000000
0.006366062,5,21,snapshot,4096,64,1.000000,1.000000,1.000000,{"1":982},1.000000,0.000000,0.000000,0.000000,1.000000,0.000000,-1.000000
0.006366062,5,21,read_only,16384,1,1.000000,1.000000,1.000000,{"1":2},1.000000,0.000000,0.000000,0.000000,1.000000,0.000000,-1.000000
0.006366062,5,21,union,16384,1,1.000000,1.000000,1.000000,{"1":2},1.000000,0.000000,0.000000,0.000000,1.000000,0.000000,-1.000000
0.006366062,5,21,snapshot,16384,21,0.666667,0.896825,0.666667,{"1":982},0.666667,0.285714,0.047619,0.000000,0.666667,0.000000,0.000000
0.006674963,5,22,snapshot,64,982,1.000000,1.000000,1.000000,{"1":982},1.000000,0.000000,0.000000,0.000000,1.000000,0.000000,-1.000000
0.006674963,5,22,snapshot,256,982,1.000000,1.000000,1.000000,{"1":982},1.000000,0.000000,0.000000,0.000000,1.000000,0.000000,-1.000000
0.006674963,5,22,snapshot,1024,247,1.000000,1.000000,1.000000,{"1":982},1.000000,0.000000,0.000000,0.000000,1.000000,0.000000,-1.000000
0.006674963,5,22,snapshot,4096,64,1.000000,1.000000,1.000000,{"1":982},1.000000,0.000000,0.000000,0.000000,1.000000,0.000000,-1.000000
0.006674963,5,22,snapshot,16384,21,0.666667,0.896825,0.666667,{"1":982},0.666667,0.285714,0.047619,0.000000,0.666667,0.000000,0.000000
0.006908082,5,23,snapshot,64,982,1.000000,1.000000,1.000000,{"1":982},1.000000,0.000000,0.000000,0.000000,1.000000,0.000000,-1.000000
0.006908082,5,23,snapshot,256,982,1.000000,1.000000,1.000000,{"1":982},1.000000,0.000000,0.000000,0.000000,1.000000,0.000000,-1.000000
0.006908082,5,23,snapshot,1024,247,1.000000,1.000000,1.000000,{"1":982},1.000000,0.000000,0.000000,0.000000,1.000000,0.000000,-1.000000
0.006908082,5,23,snapshot,4096,64,1.000000,1.000000,1.000000,{"1":982},1.000000,0.000000,0.000000,0.000000,1.000000,0.000000,-1.000000
0.006908082,5,23,snapshot,16384,21,0.666667,0.896825,0.666667,{"1":982},0.666667,0.285714,0.047619,0.000000,0.666667,0.000000,0.000000
0.007141283,5,24,snapshot,64,982,1.000000,1.000000,1.000000,{"1":982},1.000000,0.000000,0.000000,0.000000,1.000000,0.000000,-1.000000
0.007141283,5,24,snapshot,256,982,1.000000,1.000000,1.000000,{"1":982},1.000000,0.000000,0.000000,0.000000,1.000000,0.000000,-1.000000
0.007141283,5,24,snapshot,1024,247,1.000000,1.000000,1.000000,{"1":982},1.000000,0.000000,0.000000,0.000000,1.000000,0.000000,-1.000000
0.007141283,5,24,snapshot,4096,64,1.000000,1.000000,1.000000,{"1":982},1.000000,0.000000,0.000000,0.000000,1.000000,0.000000,-1.000000
0.007141283,5,24,snapshot,16384,21,0.666667,0.896825,0.666667,{"1":982},0.666667,0.285714,0.047619,0.000000,0.666667,0.000000,0.000000
0.007374551,5,25,read_only,64,50,1.000000,1.000000,1.000000,{"1":50},1.000000,0.000000,0.000000,0.000000,1.000000,0.000000,-1.000000
0.007374551,5,25,union,64,50,1.000000,1.000000,1.000000,{"1":50},1.000000,0.000000,0.000000,0.000000,1.000000,0.000000,-1.000000
0.007374551,5,25,snapshot,64,1032,1.000000,1.000000,1.000000,{"1":1032},1.000000,0.000000,0.000000,0.000000,1.000000,0.000000,-1.000000
0.007374551,5,25,read_only,256,50,1.000000,1.000000,1.000000,{"1":50},1.000000,0.000000,0.000000,0.000000,1.000000,0.000000,-1.000000
0.007374551,5,25,union,256,50,1.000000,1.000000,1.000000,{"1":50},1.000000,0.000000,0.000000,0.000000,1.000000,0.000000,-1.000000
0.007374551,5,25,snapshot,256,1032,1.000000,1.000000,1.000000,{"1":1032},1.000000,0.000000,0.000000,0.000000,1.000000,0.000000,-1.000000
0.007374551,5,25,read_only,1024,13,1.000000,1.000000,1.000000,{"1":50},1.000000,0.000000,0.000000,0.000000,1.000000,0.000000,-1.000000
0.007374551,5,25,union,1024,13,1.000000,1.000000,1.000000,{"1":50},1.000000,0.000000,0.000000,0.000000,1.000000,0.000000,-1.000000
0.007374551,5,25,snapshot,1024,260,1.000000,1.000000,1.000000,{"1":1032},1.000000,0.000000,0.000000,0.000000,1.000000,0.000000,-1.000000
0.007374551,5,25,read_only,4096,4,1.000000,1.000000,1.000000,{"1":50},1.000000,0.000000,0.000000,0.000000,1.000000,0.000000,-1.000000
0.007374551,5,25,union,4096,4,1.000000,1.000000,1.000000,{"1":50},1.000000,0.000000,0.000000,0.000000,1.000000,0.000000,-1.000000
0.007374551,5,25,snapshot,4096,68,1.000000,1.000000,1.000000,{"1":1032},1.000000,0.000000,0.000000,0.000000,1.000000,0.000000,-1.000000
0.007374551,5,25,read_only,16384,1,1.000000,1.000000,1.000000,{"1":50},1.000000,0.000000,0.000000,0.000000,1.000000,0.000000,-1.000000
0.007374551,5,25,union,16384,1,1.000000,1.000000,1.000000,{"1":50},1.000000,0.000000,0.000000,0.000000,1.000000,0.000000,-1.000000
0.007374551,5,25,snapshot,16384,22,0.681818,0.901515,0.681818,{"1":1032},0.681818,0.272727,0.045455,0.000000,0.681818,0.000000,0.000000
0.007609234,5,26,snapshot,64,1032,1.000000,1.000000,1.000000,{"1":1032},1.000000,0.000000,0.000000,0.000000,1.000000,0.000000,-1.000000
0.007609234,5,26,snapshot,256,1032,1.000000,1.000000,1.000000,{"1":1032},1.000000,0.000000,0.000000,0.000000,1.000000,0.000000,-1.000000
0.007609234,5,26,snapshot,1024,260,1.000000,1.000000,1.000000,{"1":1032},1.000000,0.000000,0.000000,0.000000,1.000000,0.000000,-1.000000
0.007609234,5,26,snapshot,4096,68,1.000000,1.000000,1.000000,{"1":1032},1.000000,0.000000,0.000000,0.000000,1.000000,0.000000,-1.000000
0.007609234,5,26,snapshot,16384,22,0.681818,0.901515,0.681818,{"1":1032},0.681818,0.272727,0.045455,0.000000,0.681818,0.000000,0.000000
0.007843207,5,27,snapshot,64,1032,1.000000,1.000000,1.000000,{"1":1032},1.000000,0.000000,0.000000,0.000000,1.000000,0.000000,-1.000000
0.007843207,5,27,snapshot,256,1032,1.000000,1.000000,1.000000,{"1":1032},1.000000,0.000000,0.000000,0.000000,1.000000,0.000000,-1.000000
0.007843207,5,27,snapshot,1024,260,1.000000,1.000000,1.000000,{"1":1032},1.000000,0.000000,0.000000,0.000000,1.000000,0.000000,-1.000000
0.007843207,5,27,snapshot,4096,68,1.000000,1.000000,1.000000,{"1":1032},1.000000,0.000000,0.000000,0.000000,1.000000,0.000000,-1.000000
0.007843207,5,27,snapshot,16384,22,0.681818,0.901515,0.681818,{"1":1032},0.681818,0.272727,0.045455,0.000000,0.681818,0.000000,0.000000
0.008077074,5,28,snapshot,64,1032,1.000000,1.000000,1.000000,{"1":1032},1.000000,0.000000,0.000000,0.000000,1.000000,0.000000,-1.000000
0.008077074,5,28,snapshot,256,1032,1.000000,1.000000,1.000000,{"1":1032},1.000000,0.000000,0.000000,0.000000,1.000000,0.000000,-1.000000
0.008077074,5,28,snapshot,1024,260,1.000000,1.000000,1.000000,{"1":1032},1.000000,0.000000,0.000000,0.000000,1.000000,0.000000,-1.000000
0.008077074,5,28,snapshot,4096,68,1.000000,1.000000,1.000000,{"1":1032},1.000000,0.000000,0.000000,0.000000,1.000000,0.000000,-1.000000
0.008077074,5,28,snapshot,16384,22,0.681818,0.901515,0.681818,{"1":1032},0.681818,0.272727,0.045455,0.000000,0.681818,0.000000,0.000000
0.008309883,5,29,snapshot,64,1032,1.000000,1.000000,1.000000,{"1":1032},1.000000,0.000000,0.000000,0.000000,1.000000,0.000000,-1.000000
0.008309883,5,29,snapshot,256,1032,1.000000,1.000000,1.000000,{"1":1032},1.000000,0.000000,0.000000,0.000000,1.000000,0.000000,-1.000000
0.008309883,5,29,snapshot,1024,260,1.000000,1.000000,1.000000,{"1":1032},1.000000,0.000000,0.000000,0.000000,1.000000,0.000000,-1.000000
0.008309883,5,29,snapshot,4096,68,1.000000,1.000000,1.000000,{"1":1032},1.000000,0.000000,0.000000,0.000000,1.000000,0.000000,-1.000000
0.008309883,5,29,snapshot,16384,22,0.681818,0.901515,0.681818,{"1":1032},0.681818,0.272727,0.045455,0.000000,0.681818,0.000000,0.000000
0.008565599,5,30,read_only,64,5,1.000000,1.000000,1.000000,{"1":5},1.000000,0.000000,0.000000,0.000000,1.000000,0.000000,-1.000000
0.008565599,5,30,union,64,5,1.000000,1.000000,1.000000,{"1":5},1.000000,0.000000,0.000000,0.000000,1.000000,0.000000,-1.000000
0.008565599,5,30,snapshot,64,1037,1.000000,1.000000,1.000000,{"1":1037},1.000000,0.000000,0.000000,0.000000,1.000000,0.000000,-1.000000
0.008565599,5,30,read_only,256,5,1.000000,1.000000,1.000000,{"1":5},1.000000,0.000000,0.000000,0.000000,1.000000,0.000000,-1.000000
0.008565599,5,30,union,256,5,1.000000,1.000000,1.000000,{"1":5},1.000000,0.000000,0.000000,0.000000,1.000000,0.000000,-1.000000
0.008565599,5,30,snapshot,256,1037,1.000000,1.000000,1.000000,{"1":1037},1.000000,0.000000,0.000000,0.000000,1.000000,0.000000,-1.000000
0.008565599,5,30,read_only,1024,2,1.000000,1.000000,1.000000,{"1":5},1.000000,0.000000,0.000000,0.000000,1.000000,0.000000,-1.000000
0.008565599,5,30,union,1024,2,1.000000,1.000000,1.000000,{"1":5},1.000000,0.000000,0.000000,0.000000,1.000000,0.000000,-1.000000
0.008565599,5,30,snapshot,1024,262,1.000000,1.000000,1.000000,{"1":1037},1.000000,0.000000,0.000000,0.000000,1.000000,0.000000,-1.000000
0.008565599,5,30,read_only,4096,1,1.000000,1.000000,1.000000,{"1":5},1.000000,0.000000,0.000000,0.000000,1.000000,0.000000,-1.000000
0.008565599,5,30,union,4096,1,1.000000,1.000000,1.000000,{"1":5},1.000000,0.000000,0.000000,0.000000,1.000000,0.000000,-1.000000
0.008565599,5,30,snapshot,4096,69,1.000000,1.000000,1.000000,{"1":1037},1.000000,0.000000,0.000000,0.000000,1.000000,0.000000,-1.000000
0.008565599,5,30,read_only,16384,1,1.000000,1.000000,1.000000,{"1":5},1.000000,0.000000,0.000000,0.000000,1.000000,0.000000,-1.000000
0.008565599,5,30,union,16384,1,1.000000,1.000000,1.000000,{"1":5},1.000000,0.000000,0.000000,0.000000,1.000000,0.000000,-1.000000
0.008565599,5,30,snapshot,16384,23,0.695652,0.905797,0.695652,{"1":1037},0.695652,0.260870,0.043478,0.000000,0.695652,0.000000,0.000000
0.008828459,5,31,snapshot,64,1037,1.000000,1.000000,1.000000,{"1":1037},1.000000,0.000000,0.000000,0.000000,1.000000,0.000000,-1.000000
0.008828459,5,31,snapshot,256,1037,1.000000,1.000000,1.000000,{"1":1037},1.000000,0.000000,0.000000,0.000000,1.000000,0.000000,-1.000000
0.008828459,5,31,snapshot,1024,262,1.000000,1.000000,1.000000,{"1":1037},1.000000,0.000000,0.000000,0.000000,1.000000,0.000000,-1.000000
0.008828459,5,31,snapshot,4096,69,1.000000,1.000000,1.000000,{"1":1037},1.000000,0.000000,0.000000,0.000000,1.000000,0.000000,-1.000000
0.008828459,5,31,snapshot,16384,23,0.695652,0.905797,0.695652,{"1":1037},0.695652,0.260870,0.043478,0.000000,0.695652,0.000000,0.000000
0.009080210,5,32,snapshot,64,1037,1.000000,1.000000,1.000000,{"1":1037},1.000000,0.000000,0.000000,0.000000,1.000000,0.000000,-1.000000
0.009080210,5,32,snapshot,256,1037,1.000000,1.000000,1.000000,{"1":1037},1.000000,0.000000,0.000000,0.000000,1.000000,0.000000,-1.000000
0.009080210,5,32,snapshot,1024,262,1.000000,1.000000,1.000000,{"1":1037},1.000000,0.000000,0.000000,0.000000,1.000000,0.000000,-1.000000
0.009080210,5,32,snapshot,4096,69,1.000000,1.000000,1.000000,{"1":1037},1.000000,0.000000,0.000000,0.000000,1.000000,0.000000,-1.000000
0.009080210,5,32,snapshot,16384,23,0.695652,0.905797,0.695652,{"1":1037},0.695652,0.260870,0.043478,0.000000,0.695652,0.000000,0.000000
0.009349524,5,33,read_only,64,5,1.000000,1.000000,1.000000,{"1":5},1.000000,0.000000,0.000000,0.000000,1.000000,0.000000,-1.000000
0.009349524,5,33,union,64,5,1.000000,1.000000,1.000000,{"1":5},1.000000,0.000000,0.000000,0.000000,1.000000,0.000000,-1.000000
0.009349524,5,33,read_only,256,5,1.000000,1.000000,1.000000,{"1":5},1.000000,0.000000,0.000000,0.000000,1.000000,0.000000,-1.000000
0.009349524,5,33,union,256,5,1.000000,1.000000,1.000000,{"1":5},1.000000,0.000000,0.000000,0.000000,1.000000,0.000000,-1.000000
0.009349524,5,33,read_only,1024,2,1.000000,1.000000,1.000000,{"1":5},1.000000,0.000000,0.000000,0.000000,1.000000,0.000000,-1.000000
0.009349524,5,33,union,1024,2,1.000000,1.000000,1.000000,{"1":5},1.000000,0.000000,0.000000,0.000000,1.000000,0.000000,-1.000000
0.009349524,5,33,read_only,4096,1,1.000000,1.000000,1.000000,{"1":5},1.000000,0.000000,0.000000,0.000000,1.000000,0.000000,-1.000000
0.009349524,5,33,union,4096,1,1.000000,1.000000,1.000000,{"1":5},1.000000,0.000000,0.000000,0.000000,1.000000,0.000000,-1.000000
0.009349524,5,33,read_only,16384,1,1.000000,1.000000,1.000000,{"1":5},1.000000,0.000000,0.000000,0.000000,1.000000,0.000000,-1.000000
0.009349524,5,33,union,16384,1,1.000000,1.000000,1.000000,{"1":5},1.000000,0.000000,0.000000,0.000000,1.000000,0.000000,-1.000000
0.009612867,5,34,read_only,64,6,1.000000,1.000000,1.000000,{"1":6},1.000000,0.000000,0.000000,0.000000,1.000000,0.000000,-1.000000
0.009612867,5,34,union,64,6,1.000000,1.000000,1.000000,{"1":6},1.000000,0.000000,0.000000,0.000000,1.000000,0.000000,-1.000000
0.009612867,5,34,read_only,256,6,1.000000,1.000000,1.000000,{"1":6},1.000000,0.000000,0.000000,0.000000,1.000000,0.000000,-1.000000
0.009612867,5,34,union,256,6,1.000000,1.000000,1.000000,{"1":6},1.000000,0.000000,0.000000,0.000000,1.000000,0.000000,-1.000000
0.009612867,5,34,read_only,1024,3,1.000000,1.000000,1.000000,{"1":6},1.000000,0.000000,0.000000,0.000000,1.000000,0.000000,-1.000000
0.009612867,5,34,union,1024,3,1.000000,1.000000,1.000000,{"1":6},1.000000,0.000000,0.000000,0.000000,1.000000,0.000000,-1.000000
0.009612867,5,34,read_only,4096,2,1.000000,1.000000,1.000000,{"1":6},1.000000,0.000000,0.000000,0.000000,1.000000,0.000000,-1.000000
0.009612867,5,34,union,4096,2,1.000000,1.000000,1.000000,{"1":6},1.000000,0.000000,0.000000,0.000000,1.000000,0.000000,-1.000000
0.009612867,5,34,read_only,16384,2,1.000000,1.000000,1.000000,{"1":6},1.000000,0.000000,0.000000,0.000000,1.000000,0.000000,-1.000000
0.009612867,5,34,union,16384,2,1.000000,1.000000,1.000000,{"1":6},1.000000,0.000000,0.000000,0.000000,1.000000,0.000000,-1.000000
0.009847190,5,35,read_only,64,100,1.000000,1.000000,1.000000,{"1":100},1.000000,0.000000,0.000000,0.000000,1.000000,0.000000,-1.000000
0.009847190,5,35,union,64,100,1.000000,1.000000,1.000000,{"1":100},1.000000,0.000000,0.000000,0.000000,1.000000,0.000000,-1.000000
0.009847190,5,35,snapshot,64,100,1.000000,1.000000,1.000000,{"1":100},1.000000,0.000000,0.000000,0.000000,1.000000,0.000000,-1.000000
0.009847190,5,35,read_only,256,100,1.000000,1.000000,1.000000,{"1":100},1.000000,0.000000,0.000000,0.000000,1.000000,0.000000,-1.000000
0.009847190,5,35,union,256,100,1.000000,1.000000,1.000000,{"1":100},1.000000,0.000000,0.000000,0.000000,1.000000,0.000000,-1.000000
0.009847190,5,35,snapshot,256,100,1.000000,1.000000,1.000000,{"1":100},1.000000,0.000000,0.000000,0.000000,1.000000,0.000000,-1.000000
0.009847190,5,35,read_only,1024,26,1.000000,1.000000,1.000000,{"1":100},1.000000,0.000000,0.000000,0.000000,1.000000,0.000000,-1.000000
0.009847190,5,35,union,1024,26,1.000000,1.000000,1.000000,{"1":100},1.000000,0.000000,0.000000,0.000000,1.000000,0.000000,-1.000000
0.009847190,5,35,snapshot,1024,26,1.000000,1.000000,1.000000,{"1":100},1.000000,0.000000,0.000000,0.000000,1.000000,0.000000,-1.000000
0.009847190,5,35,read_only,4096,8,1.000000,1.000000,1.000000,{"1":100},1.000000,0.000000,0.000000,0.000000,1.000000,0.000000,-1.000000
0.009847190,5,35,union,4096,8,1.000000,1.000000,1.000000,{"1":100},1.000000,0.000000,0.000000,0.000000,1.000000,0.000000,-1.000000
0.009847190,5,35,snapshot,4096,8,1.000000,1.000000,1.000000,{"1":100},1.000000,0.000000,0.000000,0.000000,1.000000,0.000000,-1.000000
0.009847190,5,35,read_only,16384,3,1.000000,1.000000,1.000000,{"1":100},1.000000,0.000000,0.000000,0.000000,1.000000,0.000000,-1.000000
0.009847190,5,35,union,16384,3,1.000000,1.000000,1.000000,{"1":100},1.000000,0.000000,0.000000,0.000000,1.000000,0.000000,-1.000000
0.009847190,5,35,snapshot,16384,3,1.000000,1.000000,1.000000,{"1":100},1.000000,0.000000,0.000000,0.000000,1.000000,0.000000,-1.000000
0.010144002,5,36,snapshot,64,100,1.000000,1.000000,1.000000,{"1":100},1.000000,0.000000,0.000000,0.000000,1.000000,0.000000,-1.000000
0.010144002,5,36,snapshot,256,100,1.000000,1.000000,1.000000,{"1":100},1.000000,0.000000,0.000000,0.000000,1.000000,0.000000,-1.000000
0.010144002,5,36,snapshot,1024,26,1.000000,1.000000,1.000000,{"1":100},1.000000,0.000000,0.000000,0.000000,1.000000,0.000000,-1.000000
0.010144002,5,36,snapshot,4096,8,1.000000,1.000000,1.000000,{"1":100},1.000000,0.000000,0.000000,0.000000,1.000000,0.000000,-1.000000
0.010144002,5,36,snapshot,16384,3,1.000000,1.000000,1.000000,{"1":100},1.000000,0.000000,0.000000,0.000000,1.000000,0.000000,-1.000000
0.010386728,5,37,read_only,64,48,1.000000,1.000000,1.000000,{"1":48},1.000000,0.000000,0.000000,0.000000,1.000000,0.000000,-1.000000
0.010386728,5,37,union,64,48,1.000000,1.000000,1.000000,{"1":48},1.000000,0.000000,0.000000,0.000000,1.000000,0.000000,-1.000000
0.010386728,5,37,snapshot,64,148,1.000000,1.000000,1.000000,{"1":148},1.000000,0.000000,0.000000,0.000000,1.000000,0.000000,-1.000000
0.010386728,5,37,read_only,256,48,1.000000,1.000000,1.000000,{"1":48},1.000000,0.000000,0.000000,0.000000,1.000000,0.000000,-1.000000
0.010386728,5,37,union,256,48,1.000000,1.000000,1.000000,{"1":48},1.000000,0.000000,0.000000,0.000000,1.000000,0.000000,-1.000000
0.010386728,5,37,snapshot,256,148,1.000000,1.000000,1.000000,{"1":148},1.000000,0.000000,0.000000,0.000000,1.000000,0.000000,-1.000000
0.010386728,5,37,read_only,1024,12,1.000000,1.000000,1.000000,{"1":48},1.000000,0.000000,0.000000,0.000000,1.000000,0.000000,-1.000000
0.010386728,5,37,union,1024,12,1.000000,1.000000,1.000000,{"1":48},1.000000,0.000000,0.000000,0.000000,1.000000,0.000000,-1.000000
0.010386728,5,37,snapshot,1024,38,1.000000,1.000000,1.000000,{"1":148},1.000000,0.000000,0.000000,0.000000,1.000000,0.000000,-1.000000
0.010386728,5,37,read_only,4096,3,1.000000,1.000000,1.000000,{"1":48},1.000000,0.000000,0.000000,0.000000,1.000000,0.000000,-1.000000
0.010386728,5,37,union,4096,3,1.000000,1.000000,1.000000,{"1":48},1.000000,0.000000,0.000000,0.000000,1.000000,0.000000,-1.000000
0.010386728,5,37,snapshot,4096,11,1.000000,1.000000,1.000000,{"1":148},1.000000,0.000000,0.000000,0.000000,1.000000,0.000000,-1.000000
0.010386728,5,37,read_only,16384,2,1.000000,1.000000,1.000000,{"1":48},1.000000,0.000000,0.000000,0.000000,1.000000,0.000000,-1.000000
0.010386728,5,37,union,16384,2,1.000000,1.000000,1.000000,{"1":48},1.000000,0.000000,0.000000,0.000000,1.000000,0.000000,-1.000000
0.010386728,5,37,snapshot,16384,5,1.000000,1.000000,1.000000,{"1":148},1.000000,0.000000,0.000000,0.000000,1.000000,0.000000,-1.000000
0.010628198,5,38,snapshot,64,148,1.000000,1.000000,1.000000,{"1":148},1.000000,0.000000,0.000000,0.000000,1.000000,0.000000,-1.000000
0.010628198,5,38,snapshot,256,148,1.000000,1.000000,1.000000,{"1":148},1.000000,0.000000,0.000000,0.000000,1.000000,0.000000,-1.000000
0.010628198,5,38,snapshot,1024,38,1.000000,1.000000,1.000000,{"1":148},1.000000,0.000000,0.000000,0.000000,1.000000,0.000000,-1.000000
0.010628198,5,38,snapshot,4096,11,1.000000,1.000000,1.000000,{"1":148},1.000000,0.000000,0.000000,0.000000,1.000000,0.000000,-1.000000
0.010628198,5,38,snapshot,16384,5,1.000000,1.000000,1.000000,{"1":148},1.000000,0.000000,0.000000,0.000000,1.000000,0.000000,-1.000000
0.010892621,5,39,snapshot,64,148,1.000000,1.000000,1.000000,{"1":148},1.000000,0.000000,0.000000,0.000000,1.000000,0.000000,-1.000000
0.010892621,5,39,snapshot,256,148,1.000000,1.000000,1.000000,{"1":148},1.000000,0.000000,0.000000,0.000000,1.000000,0.000000,-1.000000
0.010892621,5,39,snapshot,1024,38,1.000000,1.000000,1.000000,{"1":148},1.000000,0.000000,0.000000,0.000000,1.000000,0.000000,-1.000000
0.010892621,5,39,snapshot,4096,11,1.000000,1.000000,1.000000,{"1":148},1.000000,0.000000,0.000000,0.000000,1.000000,0.000000,-1.000000
0.010892621,5,39,snapshot,16384,5,1.000000,1.000000,1.000000,{"1":148},1.000000,0.000000,0.000000,0.000000,1.000000,0.000000,-1.000000
0.011170990,5,40,read_only,64,2,1.000000,1.000000,1.000000,{"1":2},1.000000,0.000000,0.000000,0.000000,1.000000,0.000000,-1.000000
0.011170990,5,40,union,64,2,1.000000,1.000000,1.000000,{"1":2},1.000000,0.000000,0.000000,0.000000,1.000000,0.000000,-1.000000
0.011170990,5,40,snapshot,64,150,1.000000,1.000000,1.000000,{"1":150},1.000000,0.000000,0.000000,0.000000,1.000000,0.000000,-1.000000
0.011170990,5,40,read_only,256,2,1.000000,1.000000,1.000000,{"1":2},1.000000,0.000000,0.000000,0.000000,1.000000,0.000000,-1.000000
0.011170990,5,40,union,256,2,1.000000,1.000000,1.000000,{"1":2},1.000000,0.000000,0.000000,0.000000,1.000000,0.000000,-1.000000
0.011170990,5,40,snapshot,256,150,1.000000,1.000000,1.000000,{"1":150},1.000000,0.000000,0.000000,0.000000,1.000000,0.000000,-1.000000
0.011170990,5,40,read_only,1024,2,1.000000,1.000000,1.000000,{"1":2},1.000000,0.000000,0.000000,0.000000,1.000000,0.000000,-1.000000
0.011170990,5,40,union,1024,2,1.000000,1.000000,1.000000,{"1":2},1.000000,0.000000,0.000000,0.000000,1.000000,0.000000,-1.000000
0.011170990,5,40,snapshot,1024,40,1.000000,1.000000,1.000000,{"1":150},1.000000,0.000000,0.000000,0.000000,1.000000,0.000000,-1.000000
0.011170990,5,40,read_only,4096,2,1.000000,1.000000,1.000000,{"1":2},1.000000,0.000000,0.000000,0.000000,1.000000,0.000000,-1.000000
0.011170990,5,40,union,4096,2,1.000000,1.000000,1.000000,{"1":2},1.000000,0.000000,0.000000,0.000000,1.000000,0.000000,-1.000000
0.011170990,5,40,snapshot,4096,13,1.000000,1.000000,1.000000,{"1":150},1.000000,0.000000,0.000000,0.000000,1.000000,0.000000,-1.000000
0.011170990,5,40,read_only,16384,2,1.000000,1.000000,1.000000,{"1":2},1.000000,0.000000,0.000000,0.000000,1.000000,0.000000,-1.000000
0.011170990,5,40,union,16384,2,1.000000,1.000000,1.000000,{"1":2},1.000000,0.000000,0.000000,0.000000,1.000000,0.000000,-1.000000
0.011170990,5,40,snapshot,16384,7,1.000000,1.000000,1.000000,{"1":150},1.000000,0.000000,0.000000,0.000000,1.000000,0.000000,-1.000000
0.011404030,5,41,snapshot,64,150,1.000000,1.000000,1.000000,{"1":150},1.000000,0.000000,0.000000,0.000000,1.000000,0.000000,-1.000000
0.011404030,5,41,snapshot,256,150,1.000000,1.000000,1.000000,{"1":150},1.000000,0.000000,0.000000,0.000000,1.000000,0.000000,-1.000000
0.011404030,5,41,snapshot,1024,40,1.000000,1.000000,1.000000,{"1":150},1.000000,0.000000,0.000000,0.000000,1.000000,0.000000,-1.000000
0.011404030,5,41,snapshot,4096,13,1.000000,1.000000,1.000000,{"1":150},1.000000,0.000000,0.000000,0.000000,1.000000,0.000000,-1.000000
0.011404030,5,41,snapshot,16384,7,1.000000,1.000000,1.000000,{"1":150},1.000000,0.000000,0.000000,0.000000,1.000000,0.000000,-1.000000
0.011638759,5,42,snapshot,64,150,1.000000,1.000000,1.000000,{"1":150},1.000000,0.000000,0.000000,0.000000,1.000000,0.000000,-1.000000
0.011638759,5,42,snapshot,256,150,1.000000,1.000000,1.000000,{"1":150},1.000000,0.000000,0.000000,0.000000,1.000000,0.000000,-1.000000
0.011638759,5,42,snapshot,1024,40,1.000000,1.000000,1.000000,{"1":150},1.000000,0.000000,0.000000,0.000000,1.000000,0.000000,-1.000000
0.011638759,5,42,snapshot,4096,13,1.000000,1.000000,1.000000,{"1":150},1.000000,0.000000,0.000000,0.000000,1.000000,0.000000,-1.000000
0.011638759,5,42,snapshot,16384,7,1.000000,1.000000,1.000000,{"1":150},1.000000,0.000000,0.000000,0.000000,1.000000,0.000000,-1.000000
0.011932392,5,43,snapshot,64,150,1.000000,1.000000,1.000000,{"1":150},1.000000,0.000000,0.000000,0.000000,1.000000,0.000000,-1.000000
0.011932392,5,43,snapshot,256,150,1.000000,1.000000,1.000000,{"1":150},1.000000,0.000000,0.000000,0.000000,1.000000,0.000000,-1.000000
0.011932392,5,43,snapshot,1024,40,1.000000,1.000000,1.000000,{"1":150},1.000000,0.000000,0.000000,0.000000,1.000000,0.000000,-1.000000
0.011932392,5,43,snapshot,4096,13,1.000000,1.000000,1.000000,{"1":150},1.000000,0.000000,0.000000,0.000000,1.000000,0.000000,-1.000000
0.011932392,5,43,snapshot,16384,7,1.000000,1.000000,1.000000,{"1":150},1.000000,0.000000,0.000000,0.000000,1.000000,0.000000,-1.000000
0.012176796,5,44,read_only,64,17,1.000000,1.000000,1.000000,{"1":17},1.000000,0.000000,0.000000,0.000000,1.000000,0.000000,-1.000000
0.012176796,5,44,union,64,17,1.000000,1.000000,1.000000,{"1":17},1.000000,0.000000,0.000000,0.000000,1.000000,0.000000,-1.000000
0.012176796,5,44,snapshot,64,167,1.000000,1.000000,1.000000,{"1":167},1.000000,0.000000,0.000000,0.000000,1.000000,0.000000,-1.000000
0.012176796,5,44,read_only,256,17,1.000000,1.000000,1.000000,{"1":17},1.000000,0.000000,0.000000,0.000000,1.000000,0.000000,-1.000000
0.012176796,5,44,union,256,17,1.000000,1.000000,1.000000,{"1":17},1.000000,0.000000,0.000000,0.000000,1.000000,0.000000,-1.000000
0.012176796,5,44,snapshot,256,167,1.000000,1.000000,1.000000,{"1":167},1.000000,0.000000,0.000000,0.000000,1.000000,0.000000,-1.000000
0.012176796,5,44,read_only,1024,5,1.000000,1.000000,1.000000,{"1":17},1.000000,0.000000,0.000000,0.000000,1.000000,0.000000,-1.000000
0.012176796,5,44,union,1024,5,1.000000,1.000000,1.000000,{"1":17},1.000000,0.000000,0.000000,0.000000,1.000000,0.000000,-1.000000
0.012176796,5,44,snapshot,1024,45,1.000000,1.000000,1.000000,{"1":167},1.000000,0.000000,0.000000,0.000000,1.000000,0.000000,-1.000000
0.012176796,5,44,read_only,4096,2,1.000000,1.000000,1.000000,{"1":17},1.000000,0.000000,0.000000,0.000000,1.000000,0.000000,-1.000000
0.012176796,5,44,union,4096,2,1.000000,1.000000,1.000000,{"1":17},1.000000,0.000000,0.000000,0.000000,1.000000,0.000000,-1.000000
0.012176796,5,44,snapshot,4096,15,1.000000,1.000000,1.000000,{"1":167},1.000000,0.000000,0.000000,0.000000,1.000000,0.000000,-1.000000
0.012176796,5,44,read_only,16384,1,1.000000,1.000000,1.000000,{"1":17},1.000000,0.000000,0.000000,0.000000,1.000000,0.000000,-1.000000
0.012176796,5,44,union,16384,1,1.000000,1.000000,1.000000,{"1":17},1.000000,0.000000,0.000000,0.000000,1.000000,0.000000,-1.000000
0.012176796,5,44,snapshot,16384,8,1.000000,1.000000,1.000000,{"1":167},1.000000,0.000000,0.000000,0.000000,1.000000,0.000000,-1.000000
0.012416067,5,45,read_only,64,50,1.000000,1.000000,1.000000,{"1":50},1.000000,0.000000,0.000000,0.000000,1.000000,0.000000,-1.000000
0.012416067,5,45,union,64,50,1.000000,1.000000,1.000000,{"1":50},1.000000,0.000000,0.000000,0.000000,1.000000,0.000000,-1.000000
0.012416067,5,45,snapshot,64,217,1.000000,1.000000,1.000000,{"1":217},1.000000,0.000000,0.000000,0.000000,1.000000,0.000000,-1.000000
0.012416067,5,45,read_only,256,50,1.000000,1.000000,1.000000,{"1":50},1.000000,0.000000,0.000000,0.000000,1.000000,0.000000,-1.000000
0.012416067,5,45,union,256,50,1.000000,1.000000,1.000000,{"1":50},1.000000,0.000000,0.000000,0.000000,1.000000,0.000000,-1.000000
0.012416067,5,45,snapshot,256,217,1.000000,1.000000,1.000000,{"1":217},1.000000,0.000000,0.000000,0.000000,1.000000,0.000000,-1.000000
0.012416067,5,45,read_only,1024,13,1.000000,1.000000,1.000000,{"1":50},1.000000,0.000000,0.000000,0.000000,1.000000,0.000000,-1.000000
0.012416067,5,45,union,1024,13,1.000000,1.000000,1.000000,{"1":50},1.000000,0.000000,0.000000,0.000000,1.000000,0.000000,-1.000000
0.012416067,5,45,snapshot,1024,58,1.000000,1.000000,1.000000,{"1":217},1.000000,0.000000,0.000000,0.000000,1.000000,0.000000,-1.000000
0.012416067,5,45,read_only,4096,4,1.000000,1.000000,1.000000,{"1":50},1.000000,0.000000,0.000000,0.000000,1.000000,0.000000,-1.000000
0.012416067,5,45,union,4096,4,1.000000,1.000000,1.000000,{"1":50},1.000000,0.000000,0.000000,0.000000,1.000000,0.000000,-1.000000
0.012416067,5,45,snapshot,4096,19,1.000000,1.000000,1.000000,{"1":217},1.000000,0.000000,0.000000,0.000000,1.000000,0.000000,-1.000000
0.012416067,5,45,read_only,16384,2,1.000000,1.000000,1.000000,{"1":50},1.000000,0.000000,0.000000,0.000000,1.000000,0.000000,-1.000000
0.012416067,5,45,union,16384,2,1.000000,1.000000,1.000000,{"1":50},1.000000,0.000000,0.000000,0.000000,1.000000,0.000000,-1.000000
0.012416067,5,45,snapshot,16384,10,1.000000,1.000000,1.000000,{"1":217},1.000000,0.000000,0.000000,0.000000,1.000000,0.000000,-1.000000
0.013445287,5,49,read_only,64,99,1.000000,1.000000,1.000000,{"1":99},1.000000,0.000000,0.000000,0.000000,1.000000,0.000000,-1.000000
0.013445287,5,49,union,64,99,1.000000,1.000000,1.000000,{"1":99},1.000000,0.000000,0.000000,0.000000,1.000000,0.000000,-1.000000
0.013445287,5,49,snapshot,64,99,1.000000,1.000000,1.000000,{"1":99},1.000000,0.000000,0.000000,0.000000,1.000000,0.000000,-1.000000
0.013445287,5,49,read_only,256,99,1.000000,1.000000,1.000000,{"1":99},1.000000,0.000000,0.000000,0.000000,1.000000,0.000000,-1.000000
0.013445287,5,49,union,256,99,1.000000,1.000000,1.000000,{"1":99},1.000000,0.000000,0.000000,0.000000,1.000000,0.000000,-1.000000
0.013445287,5,49,snapshot,256,99,1.000000,1.000000,1.000000,{"1":99},1.000000,0.000000,0.000000,0.000000,1.000000,0.000000,-1.000000
0.013445287,5,49,read_only,1024,26,1.000000,1.000000,1.000000,{"1":99},1.000000,0.000000,0.000000,0.000000,1.000000,0.000000,-1.000000
0.013445287,5,49,union,1024,26,1.000000,1.000000,1.000000,{"1":99},1.000000,0.000000,0.000000,0.000000,1.000000,0.000000,-1.000000
0.013445287,5,49,snapshot,1024,26,1.000000,1.000000,1.000000,{"1":99},1.000000,0.000000,0.000000,0.000000,1.000000,0.000000,-1.000000
0.013445287,5,49,read_only,4096,8,1.000000,1.000000,1.000000,{"1":99},1.000000,0.000000,0.000000,0.000000,1.000000,0.000000,-1.000000
0.013445287,5,49,union,4096,8,1.000000,1.000000,1.000000,{"1":99},1.000000,0.000000,0.000000,0.000000,1.000000,0.000000,-1.000000
0.013445287,5,49,snapshot,4096,8,1.000000,1.000000,1.000000,{"1":99},1.000000,0.000000,0.000000,0.000000,1.000000,0.000000,-1.000000
0.013445287,5,49,read_only,16384,3,1.000000,1.000000,1.000000,{"1":99},1.000000,0.000000,0.000000,0.000000,1.000000,0.000000,-1.000000
0.013445287,5,49,union,16384,3,1.000000,1.000000,1.000000,{"1":99},1.000000,0.000000,0.000000,0.000000,1.000000,0.000000,-1.000000
0.013445287,5,49,snapshot,16384,3,1.000000,1.000000,1.000000,{"1":99},1.000000,0.000000,0.000000,0.000000,1.000000,0.000000,-1.000000
0.013691524,5,50,read_only,64,32,1.000000,1.000000,1.000000,{"1":32},1.000000,0.000000,0.000000,0.000000,1.000000,0.000000,-1.000000
0.013691524,5,50,union,64,32,1.000000,1.000000,1.000000,{"1":32},1.000000,0.000000,0.000000,0.000000,1.000000,0.000000,-1.000000
0.013691524,5,50,snapshot,64,131,1.000000,1.000000,1.000000,{"1":131},1.000000,0.000000,0.000000,0.000000,1.000000,0.000000,-1.000000
0.013691524,5,50,read_only,256,32,1.000000,1.000000,1.000000,{"1":32},1.000000,0.000000,0.000000,0.000000,1.000000,0.000000,-1.000000
0.013691524,5,50,union,256,32,1.000000,1.000000,1.000000,{"1":32},1.000000,0.000000,0.000000,0.000000,1.000000,0.000000,-1.000000
0.013691524,5,50,snapshot,256,131,1.000000,1.000000,1.000000,{"1":131},1.000000,0.000000,0.000000,0.000000,1.000000,0.000000,-1.000000
0.013691524,5,50,read_only,1024,8,1.000000,1.000000,1.000000,{"1":32},1.000000,0.000000,0.000000,0.000000,1.000000,0.000000,-1.000000
0.013691524,5,50,union,1024,8,1.000000,1.000000,1.000000,{"1":32},1.000000,0.000000,0.000000,0.000000,1.000000,0.000000,-1.000000
0.013691524,5,50,snapshot,1024,34,1.000000,1.000000,1.000000,{"1":131},1.000000,0.000000,0.000000,0.000000,1.000000,0.000000,-1.000000
0.013691524,5,50,read_only,4096,2,1.000000,1.000000,1.000000,{"1":32},1.000000,0.000000,0.000000,0.000000,1.000000,0.000000,-1.000000
0.013691524,5,50,union,4096,2,1.000000,1.000000,1.000000,{"1":32},1.000000,0.000000,0.000000,0.000000,1.000000,0.000000,-1.000000
0.013691524,5,50,snapshot,4096,10,1.000000,1.000000,1.000000,{"1":131},1.000000,0.000000,0.000000,0.000000,1.000000,0.000000,-1.000000
0.013691524,5,50,read_only,16384,1,1.000000,1.000000,1.000000,{"1":32},1.000000,0.000000,0.000000,0.000000,1.000000,0.000000,-1.000000
0.013691524,5,50,union,16384,1,1.000000,1.000000,1.000000,{"1":32},1.000000,0.000000,0.000000,0.000000,1.000000,0.000000,-1.000000
0.013691524,5,50,snapshot,16384,4,1.000000,1.000000,1.000000,{"1":131},1.000000,0.000000,0.000000,0.000000,1.000000,0.000000,-1.000000
0.013957201,5,51,snapshot,64,131,1.000000,1.000000,1.000000,{"1":131},1.000000,0.000000,0.000000,0.000000,1.000000,0.000000,-1.000000
0.013957201,5,51,snapshot,256,131,1.000000,1.000000,1.000000,{"1":131},1.000000,0.000000,0.000000,0.000000,1.000000,0.000000,-1.000000
0.013957201,5,51,snapshot,1024,34,1.000000,1.000000,1.000000,{"1":131},1.000000,0.000000,0.000000,0.000000,1.000000,0.000000,-1.000000
0.013957201,5,51,snapshot,4096,10,1.000000,1.000000,1.000000,{"1":131},1.000000,0.000000,0.000000,0.000000,1.000000,0.000000,-1.000000
0.013957201,5,51,snapshot,16384,4,1.000000,1.000000,1.000000,{"1":131},1.000000,0.000000,0.000000,0.000000,1.000000,0.000000,-1.000000
0.014231575,5,52,read_only,64,2,1.000000,1.000000,1.000000,{"1":2},1.000000,0.000000,0.000000,0.000000,1.000000,0.000000,-1.000000
0.014231575,5,52,union,64,2,1.000000,1.000000,1.000000,{"1":2},1.000000,0.000000,0.000000,0.000000,1.000000,0.000000,-1.000000
0.014231575,5,52,snapshot,64,133,1.000000,1.000000,1.000000,{"1":133},1.000000,0.000000,0.000000,0.000000,1.000000,0.000000,-1.000000
0.014231575,5,52,read_only,256,2,1.000000,1.000000,1.000000,{"1":2},1.000000,0.000000,0.000000,0.000000,1.000000,0.000000,-1.000000
0.014231575,5,52,union,256,2,1.000000,1.000000,1.000000,{"1":2},1.000000,0.000000,0.000000,0.000000,1.000000,0.000000,-1.000000
0.014231575,5,52,snapshot,256,133,1.000000,1.000000,1.000000,{"1":133},1.000000,0.000000,0.000000,0.000000,1.000000,0.000000,-1.000000
0.014231575,5,52,read_only,1024,1,1.000000,1.000000,1.000000,{"1":2},1.000000,0.000000,0.000000,0.000000,1.000000,0.000000,-1.000000
0.014231575,5,52,union,1024,1,1.000000,1.000000,1.000000,{"1":2},1.000000,0.000000,0.000000,0.000000,1.000000,0.000000,-1.000000
0.014231575,5,52,snapshot,1024,35,1.000000,1.000000,1.000000,{"1":133},1.000000,0.000000,0.000000,0.000000,1.000000,0.000000,-1.000000
0.014231575,5,52,read_only,4096,1,1.000000,1.000000,1.000000,{"1":2},1.000000,0.000000,0.000000,0.000000,1.000000,0.000000,-1.000000
0.014231575,5,52,union,4096,1,1.000000,1.000000,1.000000,{"1":2},1.000000,0.000000,0.000000,0.000000,1.000000,0.000000,-1.000000
0.014231575,5,52,snapshot,4096,11,1.000000,1.000000,1.000000,{"1":133},1.000000,0.000000,0.000000,0.000000,1.000000,0.000000,-1.000000
0.014231575,5,52,read_only,16384,1,1.000000,1.000000,1.000000,{"1":2},1.000000,0.000000,0.000000,0.000000,1.000000,0.000000,-1.000000
0.014231575,5,52,union,16384,1,1.000000,1.000000,1.000000,{"1":2},1.000000,0.000000,0.000000,0.000000,1.000000,0.000000,-1.000000
0.014231575,5,52,snapshot,16384,5,1.000000,1.000000,1.000000,{"1":133},1.000000,0.000000,0.000000,0.000000,1.000000,0.000000,-1.000000
0.014464289,5,53,snapshot,64,133,1.000000,1.000000,1.000000,{"1":133},1.000000,0.000000,0.000000,0.000000,1.000000,0.000000,-1.000000
0.014464289,5,53,snapshot,256,133,1.000000,1.000000,1.000000,{"1":133},1.000000,0.000000,0.000000,0.000000,1.000000,0.000000,-1.000000
0.014464289,5,53,snapshot,1024,35,1.000000,1.000000,1.000000,{"1":133},1.000000,0.000000,0.000000,0.000000,1.000000,0.000000,-1.000000
0.014464289,5,53,snapshot,4096,11,1.000000,1.000000,1.000000,{"1":133},1.000000,0.000000,0.000000,0.000000,1.000000,0.000000,-1.000000
0.014464289,5,53,snapshot,16384,5,1.000000,1.000000,1.000000,{"1":133},1.000000,0.000000,0.000000,0.000000,1.000000,0.000000,-1.000000
0.014698873,5,54,read_only,64,32,1.000000,1.000000,1.000000,{"1":32},1.000000,0.000000,0.000000,0.000000,1.000000,0.000000,-1.000000
0.014698873,5,54,union,64,32,1.000000,1.000000,1.000000,{"1":32},1.000000,0.000000,0.000000,0.000000,1.000000,0.000000,-1.000000
0.014698873,5,54,snapshot,64,165,1.000000,1.000000,1.000000,{"1":165},1.000000,0.000000,0.000000,0.000000,1.000000,0.000000,-1.000000
0.014698873,5,54,read_only,256,32,1.000000,1.000000,1.000000,{"1":32},1.000000,0.000000,0.000000,0.000000,1.000000,0.000000,-1.000000
0.014698873,5,54,union,256,32,1.000000,1.000000,1.000000,{"1":32},1.000000,0.000000,0.000000,0.000000,1.000000,0.000000,-1.000000
0.014698873,5,54,snapshot,256,165,1.000000,1.000000,1.000000,{"1":165},1.000000,0.000000,0.000000,0.000000,1.000000,0.000000,-1.000000
0.014698873,5,54,read_only,1024,8,1.000000,1.000000,1.000000,{"1":32},1.000000,0.000000,0.000000,0.000000,1.000000,0.000000,-1.000000
0.014698873,5,54,union,1024,8,1.000000,1.000000,1.000000,{"1":32},1.000000,0.000000,0.000000,0.000000,1.000000,0.000000,-1.000000
0.014698873,5,54,snapshot,1024,43,1.000000,1.000000,1.000000,{"1":165},1.000000,0.000000,0.000000,0.000000,1.000000,0.000000,-1.000000
0.014698873,5,54,read_only,4096,2,1.000000,1.000000,1.000000,{"1":32},1.000000,0.000000,0.000000,0.000000,1.000000,0.000000,-1.000000
0.014698873,5,54,union,4096,2,1.000000,1.000000,1.000000,{"1":32},1.000000,0.000000,0.000000,0.000000,1.000000,0.000000,-1.000000
0.014698873,5,54,snapshot,4096,13,1.000000,1.000000,1.000000,{"1":165},1.000000,0.000000,0.000000,0.000000,1.000000,0.000000,-1.000000
0.014698873,5,54,read_only,16384,2,1.000000,1.000000,1.000000,{"1":32},1.000000,0.000000,0.000000,0.000000,1.000000,0.000000,-1.000000
0.014698873,5,54,union,16384,2,1.000000,1.000000,1.000000,{"1":32},1.000000,0.000000,0.000000,0.000000,1.000000,0.000000,-1.000000
0.014698873,5,54,snapshot,16384,7,1.000000,1.000000,1.000000,{"1":165},1.000000,0.000000,0.000000,0.000000,1.000000,0.000000,-1.000000
0.014993671,5,55,snapshot,64,165,1.000000,1.000000,1.000000,{"1":165},1.000000,0.000000,0.000000,0.000000,1.000000,0.000000,-1.000000
0.014993671,5,55,snapshot,256,165,1.000000,1.000000,1.000000,{"1":165},1.000000,0.000000,0.000000,0.000000,1.000000,0.000000,-1.000000
0.014993671,5,55,snapshot,1024,43,1.000000,1.000000,1.000000,{"1":165},1.000000,0.000000,0.000000,0.000000,1.000000,0.000000,-1.000000
0.014993671,5,55,snapshot,4096,13,1.000000,1.000000,1.000000,{"1":165},1.000000,0.000000,0.000000,0.000000,1.000000,0.000000,-1.000000
0.014993671,5,55,snapshot,16384,7,1.000000,1.000000,1.000000,{"1":165},1.000000,0.000000,0.000000,0.000000,1.000000,0.000000,-1.000000
0.015261344,5,56,read_only,64,157,1.000000,1.000000,1.000000,{"1":157},1.000000,0.000000,0.000000,0.000000,1.000000,0.000000,-1.000000
0.015261344,5,56,union,64,157,1.000000,1.000000,1.000000,{"1":157},1.000000,0.000000,0.000000,0.000000,1.000000,0.000000,-1.000000
0.015261344,5,56,snapshot,64,322,1.000000,1.000000,1.000000,{"1":322},1.000000,0.000000,0.000000,0.000000,1.000000,0.000000,-1.000000
0.015261344,5,56,read_only,256,157,1.000000,1.000000,1.000000,{"1":157},1.000000,0.000000,0.000000,0.000000,1.000000,0.000000,-1.000000
0.015261344,5,56,union,256,157,1.000000,1.000000,1.000000,{"1":157},1.000000,0.000000,0.000000,0.000000,1.000000,0.000000,-1.000000
0.015261344,5,56,snapshot,256,322,1.000000,1.000000,1.000000,{"1":322},1.000000,0.000000,0.000000,0.000000,1.000000,0.000000,-1.000000
0.015261344,5,56,read_only,1024,40,1.000000,1.000000,1.000000,{"1":157},1.000000,0.000000,0.000000,0.000000,1.000000,0.000000,-1.000000
0.015261344,5,56,union,1024,40,1.000000,1.000000,1.000000,{"1":157},1.000000,0.000000,0.000000,0.000000,1.000000,0.000000,-1.000000
0.015261344,5,56,snapshot,1024,83,1.000000,1.000000,1.000000,{"1":322},1.000000,0.000000,0.000000,0.000000,1.000000,0.000000,-1.000000
0.015261344,5,56,read_only,4096,10,1.000000,1.000000,1.000000,{"1":157},1.000000,0.000000,0.000000,0.000000,1.000000,0.000000,-1.000000
0.015261344,5,56,union,4096,10,1.000000,1.000000,1.000000,{"1":157},1.000000,0.000000,0.000000,0.000000,1.000000,0.000000,-1.000000
0.015261344,5,56,snapshot,4096,23,1.000000,1.000000,1.000000,{"1":322},1.000000,0.000000,0.000000,0.000000,1.000000,0.000000,-1.000000
0.015261344,5,56,read_only,16384,3,0.000000,0.517241,0.000000,{"1":157},0.000000,0.333333,0.666667,0.000000,0.000000,0.000000,0.000000
0.015261344,5,56,union,16384,3,0.000000,0.517241,0.000000,{"1":157},0.000000,0.333333,0.666667,0.000000,0.000000,0.000000,0.000000
0.015261344,5,56,snapshot,16384,10,0.700000,0.855172,0.700000,{"1":322},0.700000,0.100000,0.200000,0.000000,0.700000,0.000000,0.000000
0.015563252,5,57,read_only,64,50,1.000000,1.000000,1.000000,{"1":50},1.000000,0.000000,0.000000,0.000000,1.000000,0.000000,-1.000000
0.015563252,5,57,union,64,50,1.000000,1.000000,1.000000,{"1":50},1.000000,0.000000,0.000000,0.000000,1.000000,0.000000,-1.000000
0.015563252,5,57,snapshot,64,372,1.000000,1.000000,1.000000,{"1":372},1.000000,0.000000,0.000000,0.000000,1.000000,0.000000,-1.000000
0.015563252,5,57,read_only,256,50,1.000000,1.000000,1.000000,{"1":50},1.000000,0.000000,0.000000,0.000000,1.000000,0.000000,-1.000000
0.015563252,5,57,union,256,50,1.000000,1.000000,1.000000,{"1":50},1.000000,0.000000,0.000000,0.000000,1.000000,0.000000,-1.000000
0.015563252,5,57,snapshot,256,372,1.000000,1.000000,1.000000,{"1":372},1.000000,0.000000,0.000000,0.000000,1.000000,0.000000,-1.000000
0.015563252,5,57,read_only,1024,13,1.000000,1.000000,1.000000,{"1":50},1.000000,0.000000,0.000000,0.000000,1.000000,0.000000,-1.000000
0.015563252,5,57,union,1024,13,1.000000,1.000000,1.000000,{"1":50},1.000000,0.000000,0.000000,0.000000,1.000000,0.000000,-1.000000
0.015563252,5,57,snapshot,1024,96,1.000000,1.000000,1.000000,{"1":372},1.000000,0.000000,0.000000,0.000000,1.000000,0.000000,-1.000000
0.015563252,5,57,read_only,4096,4,1.000000,1.000000,1.000000,{"1":50},1.000000,0.000000,0.000000,0.000000,1.000000,0.000000,-1.000000
0.015563252,5,57,union,4096,4,1.000000,1.000000,1.000000,{"1":50},1.000000,0.000000,0.000000,0.000000,1.000000,0.000000,-1.000000
0.015563252,5,57,snapshot,4096,27,1.000000,1.000000,1.000000,{"1":372},1.000000,0.000000,0.000000,0.000000,1.000000,0.000000,-1.000000
0.015563252,5,57,read_only,16384,2,1.000000,1.000000,1.000000,{"1":50},1.000000,0.000000,0.000000,0.000000,1.000000,0.000000,-1.000000
0.015563252,5,57,union,16384,2,1.000000,1.000000,1.000000,{"1":50},1.000000,0.000000,0.000000,0.000000,1.000000,0.000000,-1.000000
0.015563252,5,57,snapshot,16384,11,0.727273,0.852998,0.727273,{"1":372},0.727273,0.000000,0.272727,0.000000,0.727273,0.000000,0.000000
0.015819876,5,58,read_only,64,50,1.000000,1.000000,1.000000,{"1":50},1.000000,0.000000,0.000000,0.000000,1.000000,0.000000,-1.000000
0.015819876,5,58,union,64,50,1.000000,1.000000,1.000000,{"1":50},1.000000,0.000000,0.000000,0.000000,1.000000,0.000000,-1.000000
0.015819876,5,58,read_only,256,50,1.000000,1.000000,1.000000,{"1":50},1.000000,0.000000,0.000000,0.000000,1.000000,0.000000,-1.000000
0.015819876,5,58,union,256,50,1.000000,1.000000,1.000000,{"1":50},1.000000,0.000000,0.000000,0.000000,1.000000,0.000000,-1.000000
0.015819876,5,58,read_only,1024,13,1.000000,1.000000,1.000000,{"1":50},1.000000,0.000000,0.000000,0.000000,1.000000,0.000000,-1.000000
0.015819876,5,58,union,1024,13,1.000000,1.000000,1.000000,{"1":50},1.000000,0.000000,0.000000,0.000000,1.000000,0.000000,-1.000000
0.015819876,5,58,read_only,4096,4,1.000000,1.000000,1.000000,{"1":50},1.000000,0.000000,0.000000,0.000000,1.000000,0.000000,-1.000000
0.015819876,5,58,union,4096,4,1.000000,1.000000,1.000000,{"1":50},1.000000,0.000000,0.000000,0.000000,1.000000,0.000000,-1.000000
0.015819876,5,58,read_only,16384,1,1.000000,1.000000,1.000000,{"1":50},1.000000,0.000000,0.000000,0.000000,1.000000,0.000000,-1.000000
0.015819876,5,58,union,16384,1,1.000000,1.000000,1.000000,{"1":50},1.000000,0.000000,0.000000,0.000000,1.000000,0.000000,-1.000000
0.016353970,5,60,read_only,64,50,1.000000,1.000000,1.000000,{"1":50},1.000000,0.000000,0.000000,0.000000,1.000000,0.000000,-1.000000
0.016353970,5,60,union,64,50,1.000000,1.000000,1.000000,{"1":50},1.000000,0.000000,0.000000,0.000000,1.000000,0.000000,-1.000000
0.016353970,5,60,snapshot,64,50,1.000000,1.000000,1.000000,{"1":50},1.000000,0.000000,0.000000,0.000000,1.000000,0.000000,-1.000000
0.016353970,5,60,read_only,256,50,1.000000,1.000000,1.000000,{"1":50},1.000000,0.000000,0.000000,0.000000,1.000000,0.000000,-1.000000
0.016353970,5,60,union,256,50,1.000000,1.000000,1.000000,{"1":50},1.000000,0.000000,0.000000,0.000000,1.000000,0.000000,-1.000000
0.016353970,5,60,snapshot,256,50,1.000000,1.000000,1.000000,{"1":50},1.000000,0.000000,0.000000,0.000000,1.000000,0.000000,-1.000000
0.016353970,5,60,read_only,1024,13,1.000000,1.000000,1.000000,{"1":50},1.000000,0.000000,0.000000,0.000000,1.000000,0.000000,-1.000000
0.016353970,5,60,union,1024,13,1.000000,1.000000,1.000000,{"1":50},1.000000,0.000000,0.000000,0.000000,1.000000,0.000000,-1.000000
0.016353970,5,60,snapshot,1024,13,1.000000,1.000000,1.000000,{"1":50},1.000000,0.000000,0.000000,0.000000,1.000000,0.000000,-1.000000
0.016353970,5,60,read_only,4096,4,1.000000,1.000000,1.000000,{"1":50},1.000000,0.000000,0.000000,0.000000,1.000000,0.000000,-1.000000
0.016353970,5,60,union,4096,4,1.000000,1.000000,1.000000,{"1":50},1.000000,0.000000,0.000000,0.000000,1.000000,0.000000,-1.000000
0.016353970,5,60,snapshot,4096,4,1.000000,1.000000,1.000000,{"1":50},1.000000,0.000000,0.000000,0.000000,1.000000,0.000000,-1.000000
0.016353970,5,60,read_only,16384,1,1.000000,1.000000,1.000000,{"1":50},1.000000,0.000000,0.000000,0.000000,1.000000,0.000000,-1.000000
0.016353970,5,60,union,16384,1,1.000000,1.000000,1.000000,{"1":50},1.000000,0.000000,0.000000,0.000000,1.000000,0.000000,-1.000000
0.016353970,5,60,snapshot,16384,1,1.000000,1.000000,1.000000,{"1":50},1.000000,0.000000,0.000000,0.000000,1.000000,0.000000,-1.000000
0.016609632,5,61,read_only,64,97,1.000000,1.000000,1.000000,{"1":97},1.000000,0.000000,0.000000,0.000000,1.000000,0.000000,-1.000000
0.016609632,5,61,union,64,97,1.000000,1.000000,1.000000,{"1":97},1.000000,0.000000,0.000000,0.000000,1.000000,0.000000,-1.000000
0.016609632,5,61,snapshot,64,147,1.000000,1.000000,1.000000,{"1":147},1.000000,0.000000,0.000000,0.000000,1.000000,0.000000,-1.000000
0.016609632,5,61,read_only,256,97,1.000000,1.000000,1.000000,{"1":97},1.000000,0.000000,0.000000,0.000000,1.000000,0.000000,-1.000000
0.016609632,5,61,union,256,97,1.000000,1.000000,1.000000,{"1":97},1.000000,0.000000,0.000000,0.000000,1.000000,0.000000,-1.000000
0.016609632,5,61,snapshot,256,147,1.000000,1.000000,1.000000,{"1":147},1.000000,0.000000,0.000000,0.000000,1.000000,0.000000,-1.000000
0.016609632,5,61,read_only,1024,25,1.000000,1.000000,1.000000,{"1":97},1.000000,0.000000,0.000000,0.000000,1.000000,0.000000,-1.000000
0.016609632,5,61,union,1024,25,1.000000,1.000000,1.000000,{"1":97},1.000000,0.000000,0.000000,0.000000,1.000000,0.000000,-1.000000
0.016609632,5,61,snapshot,1024,38,1.000000,1.000000,1.000000,{"1":147},1.000000,0.000000,0.000000,0.000000,1.000000,0.000000,-1.000000
0.016609632,5,61,read_only,4096,7,1.000000,1.000000,1.000000,{"1":97},1.000000,0.000000,0.000000,0.000000,1.000000,0.000000,-1.000000
0.016609632,5,61,union,4096,7,1.000000,1.000000,1.000000,{"1":97},1.000000,0.000000,0.000000,0.000000,1.000000,0.000000,-1.000000
0.016609632,5,61,snapshot,4096,11,1.000000,1.000000,1.000000,{"1":147},1.000000,0.000000,0.000000,0.000000,1.000000,0.000000,-1.000000
0.016609632,5,61,read_only,16384,2,0.000000,0.670068,0.000000,{"1":97},0.000000,1.000000,0.000000,0.000000,0.000000,0.000000,0.000000
0.016609632,5,61,union,16384,2,0.000000,0.670068,0.000000,{"1":97},0.000000,1.000000,0.000000,0.000000,0.000000,0.000000,0.000000
0.016609632,5,61,snapshot,16384,3,0.333333,0.780045,0.333333,{"1":147},0.333333,0.666667,0.000000,0.000000,0.333333,0.000000,0.000000
0.016893531,5,62,read_only,64,236,1.000000,1.000000,1.000000,{"1":236},1.000000,0.000000,0.000000,0.000000,1.000000,0.000000,-1.000000
0.016893531,5,62,union,64,236,1.000000,1.000000,1.000000,{"1":236},1.000000,0.000000,0.000000,0.000000,1.000000,0.000000,-1.000000
0.016893531,5,62,snapshot,64,383,1.000000,1.000000,1.000000,{"1":383},1.000000,0.000000,0.000000,0.000000,1.000000,0.000000,-1.000000
0.016893531,5,62,read_only,256,236,1.000000,1.000000,1.000000,{"1":236},1.000000,0.000000,0.000000,0.000000,1.000000,0.000000,-1.000000
0.016893531,5,62,union,256,236,1.000000,1.000000,1.000000,{"1":236},1.000000,0.000000,0.000000,0.000000,1.000000,0.000000,-1.000000
0.016893531,5,62,snapshot,256,383,1.000000,1.000000,1.000000,{"1":383},1.000000,0.000000,0.000000,0.000000,1.000000,0.000000,-1.000000
0.016893531,5,62,read_only,1024,60,1.000000,1.000000,1.000000,{"1":236},1.000000,0.000000,0.000000,0.000000,1.000000,0.000000,-1.000000
0.016893531,5,62,union,1024,60,1.000000,1.000000,1.000000,{"1":236},1.000000,0.000000,0.000000,0.000000,1.000000,0.000000,-1.000000
0.016893531,5,62,snapshot,1024,98,1.000000,1.000000,1.000000,{"1":383},1.000000,0.000000,0.000000,0.000000,1.000000,0.000000,-1.000000
0.016893531,5,62,read_only,4096,15,1.000000,1.000000,1.000000,{"1":236},1.000000,0.000000,0.000000,0.000000,1.000000,0.000000,-1.000000
0.016893531,5,62,union,4096,15,1.000000,1.000000,1.000000,{"1":236},1.000000,0.000000,0.000000,0.000000,1.000000,0.000000,-1.000000
0.016893531,5,62,snapshot,4096,26,1.000000,1.000000,1.000000,{"1":383},1.000000,0.000000,0.000000,0.000000,1.000000,0.000000,-1.000000
0.016893531,5,62,read_only,16384,7,0.857143,0.928571,0.857143,{"1":236},0.857143,0.142857,0.000000,0.000000,0.857143,0.000000,0.000000
0.016893531,5,62,union,16384,7,0.857143,0.928571,0.857143,{"1":236},0.857143,0.142857,0.000000,0.000000,0.857143,0.000000,0.000000
0.016893531,5,62,snapshot,16384,10,0.700000,0.884014,0.700000,{"1":383},0.700000,0.300000,0.000000,0.000000,0.700000,0.000000,0.000000
0.017155755,5,63,read_only,64,228,1.000000,1.000000,1.000000,{"1":228},1.000000,0.000000,0.000000,0.000000,1.000000,0.000000,-1.000000
0.017155755,5,63,union,64,228,1.000000,1.000000,1.000000,{"1":228},1.000000,0.000000,0.000000,0.000000,1.000000,0.000000,-1.000000
0.017155755,5,63,snapshot,64,611,1.000000,1.000000,1.000000,{"1":611},1.000000,0.000000,0.000000,0.000000,1.000000,0.000000,-1.000000
0.017155755,5,63,read_only,256,228,1.000000,1.000000,1.000000,{"1":228},1.000000,0.000000,0.000000,0.000000,1.000000,0.000000,-1.000000
0.017155755,5,63,union,256,228,1.000000,1.000000,1.000000,{"1":228},1.000000,0.000000,0.000000,0.000000,1.000000,0.000000,-1.000000
0.017155755,5,63,snapshot,256,611,1.000000,1.000000,1.000000,{"1":611},1.000000,0.000000,0.000000,0.000000,1.000000,0.000000,-1.000000
0.017155755,5,63,read_only,1024,58,1.000000,1.000000,1.000000,{"1":228},1.000000,0.000000,0.000000,0.000000,1.000000,0.000000,-1.000000
0.017155755,5,63,union,1024,58,1.000000,1.000000,1.000000,{"1":228},1.000000,0.000000,0.000000,0.000000,1.000000,0.000000,-1.000000
0.017155755,5,63,snapshot,1024,154,1.000000,1.000000,1.000000,{"1":611},1.000000,0.000000,0.000000,0.000000,1.000000,0.000000,-1.000000
0.017155755,5,63,read_only,4096,15,1.000000,1.000000,1.000000,{"1":228},1.000000,0.000000,0.000000,0.000000,1.000000,0.000000,-1.000000
0.017155755,5,63,union,4096,15,1.000000,1.000000,1.000000,{"1":228},1.000000,0.000000,0.000000,0.000000,1.000000,0.000000,-1.000000
0.017155755,5,63,snapshot,4096,40,1.000000,1.000000,1.000000,{"1":611},1.000000,0.000000,0.000000,0.000000,1.000000,0.000000,-1.000000
0.017155755,5,63,read_only,16384,5,0.800000,0.938462,0.800000,{"1":228},0.800000,0.200000,0.000000,0.000000,0.800000,0.000000,0.000000
0.017155755,5,63,union,16384,5,0.800000,0.938462,0.800000,{"1":228},0.800000,0.200000,0.000000,0.000000,0.800000,0.000000,0.000000
0.017155755,5,63,snapshot,16384,12,0.583333,0.861678,0.583333,{"1":611},0.583333,0.416667,0.000000,0.000000,0.583333,0.000000,0.000000
0.017434077,5,64,read_only,64,1,1.000000,1.000000,1.000000,{"1":1},1.000000,0.000000,0.000000,0.000000,1.000000,0.000000,-1.000000
0.017434077,5,64,union,64,1,1.000000,1.000000,1.000000,{"1":1},1.000000,0.000000,0.000000,0.000000,1.000000,0.000000,-1.000000
0.017434077,5,64,snapshot,64,612,1.000000,1.000000,1.000000,{"1":612},1.000000,0.000000,0.000000,0.000000,1.000000,0.000000,-1.000000
0.017434077,5,64,read_only,256,1,1.000000,1.000000,1.000000,{"1":1},1.000000,0.000000,0.000000,0.000000,1.000000,0.000000,-1.000000
0.017434077,5,64,union,256,1,1.000000,1.000000,1.000000,{"1":1},1.000000,0.000000,0.000000,0.000000,1.000000,0.000000,-1.000000
0.017434077,5,64,snapshot,256,612,1.000000,1.000000,1.000000,{"1":612},1.000000,0.000000,0.000000,0.000000,1.000000,0.000000,-1.000000
0.017434077,5,64,read_only,1024,1,1.000000,1.000000,1.000000,{"1":1},1.000000,0.000000,0.000000,0.000000,1.000000,0.000000,-1.000000
0.017434077,5,64,union,1024,1,1.000000,1.000000,1.000000,{"1":1},1.000000,0.000000,0.000000,0.000000,1.000000,0.000000,-1.000000
0.017434077,5,64,snapshot,1024,155,1.000000,1.000000,1.000000,{"1":612},1.000000,0.000000,0.000000,0.000000,1.000000,0.000000,-1.000000
0.017434077,5,64,read_only,4096,1,1.000000,1.000000,1.000000,{"1":1},1.000000,0.000000,0.000000,0.000000,1.000000,0.000000,-1.000000
0.017434077,5,64,union,4096,1,1.000000,1.000000,1.000000,{"1":1},1.000000,0.000000,0.000000,0.000000,1.000000,0.000000,-1.000000
0.017434077,5,64,snapshot,4096,41,1.000000,1.000000,1.000000,{"1":612},1.000000,0.000000,0.000000,0.000000,1.000000,0.000000,-1.000000
0.017434077,5,64,read_only,16384,1,1.000000,1.000000,1.000000,{"1":1},1.000000,0.000000,0.000000,0.000000,1.000000,0.000000,-1.000000
0.017434077,5,64,union,16384,1,1.000000,1.000000,1.000000,{"1":1},1.000000,0.000000,0.000000,0.000000,1.000000,0.000000,-1.000000
0.017434077,5,64,snapshot,16384,13,0.615385,0.872318,0.615385,{"1":612},0.615385,0.384615,0.000000,0.000000,0.615385,0.000000,0.000000
0.017672880,5,65,read_only,64,25,1.000000,1.000000,1.000000,{"1":25},1.000000,0.000000,0.000000,0.000000,1.000000,0.000000,-1.000000
0.017672880,5,65,union,64,25,1.000000,1.000000,1.000000,{"1":25},1.000000,0.000000,0.000000,0.000000,1.000000,0.000000,-1.000000
0.017672880,5,65,snapshot,64,637,1.000000,1.000000,1.000000,{"1":637},1.000000,0.000000,0.000000,0.000000,1.000000,0.000000,-1.000000
0.017672880,5,65,read_only,256,25,1.000000,1.000000,1.000000,{"1":25},1.000000,0.000000,0.000000,0.000000,1.000000,0.000000,-1.000000
0.017672880,5,65,union,256,25,1.000000,1.000000,1.000000,{"1":25},1.000000,0.000000,0.000000,0.000000,1.000000,0.000000,-1.000000
0.017672880,5,65,snapshot,256,637,1.000000,1.000000,1.000000,{"1":637},1.000000,0.000000,0.000000,0.000000,1.000000,0.000000,-1.000000
0.017672880,5,65,read_only,1024,8,1.000000,1.000000,1.000000,{"1":25},1.000000,0.000000,0.000000,0.000000,1.000000,0.000000,-1.000000
0.017672880,5,65,union,1024,8,1.000000,1.000000,1.000000,{"1":25},1.000000,0.000000,0.000000,0.000000,1.000000,0.000000,-1.000000
0.017672880,5,65,snapshot,1024,163,1.000000,1.000000,1.000000,{"1":637},1.000000,0.000000,0.000000,0.000000,1.000000,0.000000,-1.000000
0.017672880,5,65,read_only,4096,4,1.000000,1.000000,1.000000,{"1":25},1.000000,0.000000,0.000000,0.000000,1.000000,0.000000,-1.000000
0.017672880,5,65,union,4096,4,1.000000,1.000000,1.000000,{"1":25},1.000000,0.000000,0.000000,0.000000,1.000000,0.000000,-1.000000
0.017672880,5,65,snapshot,4096,45,1.000000,1.000000,1.000000,{"1":637},1.000000,0.000000,0.000000,0.000000,1.000000,0.000000,-1.000000
0.017672880,5,65,read_only,16384,3,1.000000,1.000000,1.000000,{"1":25},1.000000,0.000000,0.000000,0.000000,1.000000,0.000000,-1.000000
0.017672880,5,65,union,16384,3,1.000000,1.000000,1.000000,{"1":25},1.000000,0.000000,0.000000,0.000000,1.000000,0.000000,-1.000000
0.017672880,5,65,snapshot,16384,15,0.600000,0.881935,0.600000,{"1":637},0.600000,0.400000,0.000000,0.000000,0.600000,0.000000,0.000000
0.017907235,5,66,read_only,64,361,1.000000,1.000000,1.000000,{"1":361},1.000000,0.000000,0.000000,0.000000,1.000000,0.000000,-1.000000
0.017907235,5,66,union,64,361,1.000000,1.000000,1.000000,{"1":361},1.000000,0.000000,0.000000,0.000000,1.000000,0.000000,-1.000000
0.017907235,5,66,snapshot,64,998,1.000000,1.000000,1.000000,{"1":998},1.000000,0.000000,0.000000,0.000000,1.000000,0.000000,-1.000000
0.017907235,5,66,read_only,256,361,1.000000,1.000000,1.000000,{"1":361},1.000000,0.000000,0.000000,0.000000,1.000000,0.000000,-1.000000
0.017907235,5,66,union,256,361,1.000000,1.000000,1.000000,{"1":361},1.000000,0.000000,0.000000,0.000000,1.000000,0.000000,-1.000000
0.017907235,5,66,snapshot,256,998,1.000000,1.000000,1.000000,{"1":998},1.000000,0.000000,0.000000,0.000000,1.000000,0.000000,-1.000000
0.017907235,5,66,read_only,1024,93,1.000000,1.000000,1.000000,{"1":361},1.000000,0.000000,0.000000,0.000000,1.000000,0.000000,-1.000000
0.017907235,5,66,union,1024,93,1.000000,1.000000,1.000000,{"1":361},1.000000,0.000000,0.000000,0.000000,1.000000,0.000000,-1.000000
0.017907235,5,66,snapshot,1024,252,1.000000,1.000000,1.000000,{"1":998},1.000000,0.000000,0.000000,0.000000,1.000000,0.000000,-1.000000
0.017907235,5,66,read_only,4096,24,1.000000,1.000000,1.000000,{"1":361},1.000000,0.000000,0.000000,0.000000,1.000000,0.000000,-1.000000
0.017907235,5,66,union,4096,24,1.000000,1.000000,1.000000,{"1":361},1.000000,0.000000,0.000000,0.000000,1.000000,0.000000,-1.000000
0.017907235,5,66,snapshot,4096,66,1.000000,1.000000,1.000000,{"1":998},1.000000,0.000000,0.000000,0.000000,1.000000,0.000000,-1.000000
0.017907235,5,66,read_only,16384,7,0.714286,0.948413,0.714286,{"1":361},0.714286,0.285714,0.000000,0.000000,0.714286,0.000000,0.000000
0.017907235,5,66,union,16384,7,0.714286,0.948413,0.714286,{"1":361},0.714286,0.285714,0.000000,0.000000,0.714286,0.000000,0.000000
0.017907235,5,66,snapshot,16384,20,0.600000,0.886451,0.600000,{"1":998},0.600000,0.400000,0.000000,0.000000,0.600000,0.000000,0.000000
0.018229287,5,67,read_only,64,336,1.000000,1.000000,1.000000,{"1":336},1.000000,0.000000,0.000000,0.000000,1.000000,0.000000,-1.000000
0.018229287,5,67,union,64,336,1.000000,1.000000,1.000000,{"1":336},1.000000,0.000000,0.000000,0.000000,1.000000,0.000000,-1.000000
0.018229287,5,67,snapshot,64,1334,1.000000,1.000000,1.000000,{"1":1334},1.000000,0.000000,0.000000,0.000000,1.000000,0.000000,-1.000000
0.018229287,5,67,read_only,256,336,1.000000,1.000000,1.000000,{"1":336},1.000000,0.000000,0.000000,0.000000,1.000000,0.000000,-1.000000
0.018229287,5,67,union,256,336,1.000000,1.000000,1.000000,{"1":336},1.000000,0.000000,0.000000,0.000000,1.000000,0.000000,-1.000000
0.018229287,5,67,snapshot,256,1334,1.000000,1.000000,1.000000,{"1":1334},1.000000,0.000000,0.000000,0.000000,1.000000,0.000000,-1.000000
0.018229287,5,67,read_only,1024,84,1.000000,1.000000,1.000000,{"1":336},1.000000,0.000000,0.000000,0.000000,1.000000,0.000000,-1.000000
0.018229287,5,67,union,1024,84,1.000000,1.000000,1.000000,{"1":336},1.000000,0.000000,0.000000,0.000000,1.000000,0.000000,-1.000000
0.018229287,5,67,snapshot,1024,336,1.000000,1.000000,1.000000,{"1":1334},1.000000,0.000000,0.000000,0.000000,1.000000,0.000000,-1.000000
0.018229287,5,67,read_only,4096,21,1.000000,1.000000,1.000000,{"1":336},1.000000,0.000000,0.000000,0.000000,1.000000,0.000000,-1.000000
0.018229287,5,67,union,4096,21,1.000000,1.000000,1.000000,{"1":336},1.000000,0.000000,0.000000,0.000000,1.000000,0.000000,-1.000000
0.018229287,5,67,snapshot,4096,87,1.000000,1.000000,1.000000,{"1":1334},1.000000,0.000000,0.000000,0.000000,1.000000,0.000000,-1.000000
0.018229287,5,67,read_only,16384,7,0.428571,0.821429,0.428571,{"1":336},0.428571,0.571429,0.000000,0.000000,0.428571,0.000000,0.000000
0.018229287,5,67,union,16384,7,0.428571,0.821429,0.428571,{"1":336},0.428571,0.571429,0.000000,0.000000,0.428571,0.000000,0.000000
0.018229287,5,67,snapshot,16384,27,0.555556,0.869594,0.555556,{"1":1334},0.555556,0.444444,0.000000,0.000000,0.555556,0.000000,0.000000
0.018510972,5,68,read_only,64,16,1.000000,1.000000,1.000000,{"1":16},1.000000,0.000000,0.000000,0.000000,1.000000,0.000000,-1.000000
0.018510972,5,68,union,64,16,1.000000,1.000000,1.000000,{"1":16},1.000000,0.000000,0.000000,0.000000,1.000000,0.000000,-1.000000
0.018510972,5,68,snapshot,64,1350,1.000000,1.000000,1.000000,{"1":1350},1.000000,0.000000,0.000000,0.000000,1.000000,0.000000,-1.000000
0.018510972,5,68,read_only,256,16,1.000000,1.000000,1.000000,{"1":16},1.000000,0.000000,0.000000,0.000000,1.000000,0.000000,-1.000000
0.018510972,5,68,union,256,16,1.000000,1.000000,1.000000,{"1":16},1.000000,0.000000,0.000000,0.000000,1.000000,0.000000,-1.000000
0.018510972,5,68,snapshot,256,1350,1.000000,1.000000,1.000000,{"1":1350},1.000000,0.000000,0.000000,0.000000,1.000000,0.000000,-1.000000
0.018510972,5,68,read_only,1024,4,0.000000,0.687500,0.000000,{"1":16},0.000000,0.750000,0.250000,0.000000,0.000000,0.000000,0.000000
0.018510972,5,68,union,1024,4,0.000000,0.687500,0.000000,{"1":16},0.000000,0.750000,0.250000,0.000000,0.000000,0.000000,0.000000
0.018510972,5,68,snapshot,1024,340,0.988235,0.996324,0.988235,{"1":1350},0.988235,0.008824,0.002941,0.000000,0.988235,0.000000,0.000000
0.018510972,5,68,read_only,4096,1,0.000000,0.687500,0.000000,{"1":16},0.000000,0.000000,1.000000,0.000000,0.000000,0.000000,0.000000
0.018510972,5,68,union,4096,1,0.000000,0.687500,0.000000,{"1":16},0.000000,0.000000,1.000000,0.000000,0.000000,0.000000,0.000000
0.018510972,5,68,snapshot,4096,88,0.988636,0.996449,0.988636,{"1":1350},0.988636,0.000000,0.011364,0.000000,0.988636,0.000000,0.000000
0.018510972,5,68,read_only,16384,1,0.000000,0.687500,0.000000,{"1":16},0.000000,0.000000,1.000000,0.000000,0.000000,0.000000,0.000000
0.018510972,5,68,union,16384,1,0.000000,0.687500,0.000000,{"1":16},0.000000,0.000000,1.000000,0.000000,0.000000,0.000000,0.000000
0.018510972,5,68,snapshot,16384,27,0.518519,0.862070,0.518519,{"1":1350},0.518519,0.444444,0.037037,0.000000,0.518519,0.000000,0.000000
0.018836952,5,69,snapshot,64,1350,1.000000,1.000000,1.000000,{"1":1350},1.000000,0.000000,0.000000,0.000000,1.000000,0.000000,-1.000000
0.018836952,5,69,snapshot,256,1350,1.000000,1.000000,1.000000,{"1":1350},1.000000,0.000000,0.000000,0.000000,1.000000,0.000000,-1.000000
0.018836952,5,69,snapshot,1024,340,0.988235,0.996324,0.988235,{"1":1350},0.988235,0.008824,0.002941,0.000000,0.988235,0.000000,0.000000
0.018836952,5,69,snapshot,4096,88,0.988636,0.996449,0.988636,{"1":1350},0.988636,0.000000,0.011364,0.000000,0.988636,0.000000,0.000000
0.018836952,5,69,snapshot,16384,27,0.518519,0.862070,0.518519,{"1":1350},0.518519,0.444444,0.037037,0.000000,0.518519,0.000000,0.000000
0.019128063,5,70,read_only,64,208,1.000000,1.000000,1.000000,{"1":208},1.000000,0.000000,0.000000,0.000000,1.000000,0.000000,-1.000000
0.019128063,5,70,union,64,208,1.000000,1.000000,1.000000,{"1":208},1.000000,0.000000,0.000000,0.000000,1.000000,0.000000,-1.000000
0.019128063,5,70,snapshot,64,80,1.000000,1.000000,1.000000,{"1":80},1.000000,0.000000,0.000000,0.000000,1.000000,0.000000,-1.000000
0.019128063,5,70,read_only,256,208,1.000000,1.000000,1.000000,{"1":208},1.000000,0.000000,0.000000,0.000000,1.000000,0.000000,-1.000000
0.019128063,5,70,union,256,208,1.000000,1.000000,1.000000,{"1":208},1.000000,0.000000,0.000000,0.000000,1.000000,0.000000,-1.000000
0.019128063,5,70,snapshot,256,80,1.000000,1.000000,1.000000,{"1":80},1.000000,0.000000,0.000000,0.000000,1.000000,0.000000,-1.000000
0.019128063,5,70,read_only,1024,52,1.000000,1.000000,1.000000,{"1":208},1.000000,0.000000,0.000000,0.000000,1.000000,0.000000,-1.000000
0.019128063,5,70,union,1024,52,1.000000,1.000000,1.000000,{"1":208},1.000000,0.000000,0.000000,0.000000,1.000000,0.000000,-1.000000
0.019128063,5,70,snapshot,1024,20,1.000000,1.000000,1.000000,{"1":80},1.000000,0.000000,0.000000,0.000000,1.000000,0.000000,-1.000000
0.019128063,5,70,read_only,4096,13,1.000000,1.000000,1.000000,{"1":208},1.000000,0.000000,0.000000,0.000000,1.000000,0.000000,-1.000000
0.019128063,5,70,union,4096,13,1.000000,1.000000,1.000000,{"1":208},1.000000,0.000000,0.000000,0.000000,1.000000,0.000000,-1.000000
0.019128063,5,70,snapshot,4096,5,1.000000,1.000000,1.000000,{"1":80},1.000000,0.000000,0.000000,0.000000,1.000000,0.000000,-1.000000
0.019128063,5,70,read_only,16384,5,0.600000,0.883333,0.600000,{"1":208},0.600000,0.400000,0.000000,0.000000,0.600000,0.000000,0.000000
0.019128063,5,70,union,16384,5,0.600000,0.883333,0.600000,{"1":208},0.600000,0.400000,0.000000,0.000000,0.600000,0.000000,0.000000
0.019128063,5,70,snapshot,16384,2,0.500000,0.833333,0.500000,{"1":80},0.500000,0.500000,0.000000,0.000000,0.500000,0.000000,0.000000
0.019369729,5,71,read_only,64,80,1.000000,1.000000,1.000000,{"1":80},1.000000,0.000000,0.000000,0.000000,1.000000,0.000000,-1.000000
0.019369729,5,71,union,64,80,1.000000,1.000000,1.000000,{"1":80},1.000000,0.000000,0.000000,0.000000,1.000000,0.000000,-1.000000
0.019369729,5,71,snapshot,64,160,1.000000,1.000000,1.000000,{"1":160},1.000000,0.000000,0.000000,0.000000,1.000000,0.000000,-1.000000
0.019369729,5,71,read_only,256,80,1.000000,1.000000,1.000000,{"1":80},1.000000,0.000000,0.000000,0.000000,1.000000,0.000000,-1.000000
0.019369729,5,71,union,256,80,1.000000,1.000000,1.000000,{"1":80},1.000000,0.000000,0.000000,0.000000,1.000000,0.000000,-1.000000
0.019369729,5,71,snapshot,256,160,1.000000,1.000000,1.000000,{"1":160},1.000000,0.000000,0.000000,0.000000,1.000000,0.000000,-1.000000
0.019369729,5,71,read_only,1024,20,1.000000,1.000000,1.000000,{"1":80},1.000000,0.000000,0.000000,0.000000,1.000000,0.000000,-1.000000
0.019369729,5,71,union,1024,20,1.000000,1.000000,1.000000,{"1":80},1.000000,0.000000,0.000000,0.000000,1.000000,0.000000,-1.000000
0.019369729,5,71,snapshot,1024,40,1.000000,1.000000,1.000000,{"1":160},1.000000,0.000000,0.000000,0.000000,1.000000,0.000000,-1.000000
0.019369729,5,71,read_only,4096,5,1.000000,1.000000,1.000000,{"1":80},1.000000,0.000000,0.000000,0.000000,1.000000,0.000000,-1.000000
0.019369729,5,71,union,4096,5,1.000000,1.000000,1.000000,{"1":80},1.000000,0.000000,0.000000,0.000000,1.000000,0.000000,-1.000000
0.019369729,5,71,snapshot,4096,10,1.000000,1.000000,1.000000,{"1":160},1.000000,0.000000,0.000000,0.000000,1.000000,0.000000,-1.000000
0.019369729,5,71,read_only,16384,2,0.500000,0.750000,0.500000,{"1":80},0.500000,0.500000,0.000000,0.000000,0.500000,0.000000,0.000000
0.019369729,5,71,union,16384,2,0.500000,0.750000,0.500000,{"1":80},0.500000,0.500000,0.000000,0.000000,0.500000,0.000000,0.000000
0.019369729,5,71,snapshot,16384,4,0.500000,0.791667,0.500000,{"1":160},0.500000,0.500000,0.000000,0.000000,0.500000,0.000000,0.000000
0.019763426,5,72,read_only,64,433,1.000000,1.000000,1.000000,{"1":433},1.000000,0.000000,0.000000,0.000000,1.000000,0.000000,-1.000000
0.019763426,5,72,union,64,433,1.000000,1.000000,1.000000,{"1":433},1.000000,0.000000,0.000000,0.000000,1.000000,0.000000,-1.000000
0.019763426,5,72,snapshot,64,593,1.000000,1.000000,1.000000,{"1":593},1.000000,0.000000,0.000000,0.000000,1.000000,0.000000,-1.000000
0.019763426,5,72,read_only,256,433,1.000000,1.000000,1.000000,{"1":433},1.000000,0.000000,0.000000,0.000000,1.000000,0.000000,-1.000000
0.019763426,5,72,union,256,433,1.000000,1.000000,1.000000,{"1":433},1.000000,0.000000,0.000000,0.000000,1.000000,0.000000,-1.000000
0.019763426,5,72,snapshot,256,593,1.000000,1.000000,1.000000,{"1":593},1.000000,0.000000,0.000000,0.000000,1.000000,0.000000,-1.000000
0.019763426,5,72,read_only,1024,109,1.000000,1.000000,1.000000,{"1":433},1.000000,0.000000,0.000000,0.000000,1.000000,0.000000,-1.000000
0.019763426,5,72,union,1024,109,1.000000,1.000000,1.000000,{"1":433},1.000000,0.000000,0.000000,0.000000,1.000000,0.000000,-1.000000
0.019763426,5,72,snapshot,1024,149,1.000000,1.000000,1.000000,{"1":593},1.000000,0.000000,0.000000,0.000000,1.000000,0.000000,-1.000000
0.019763426,5,72,read_only,4096,28,1.000000,1.000000,1.000000,{"1":433},1.000000,0.000000,0.000000,0.000000,1.000000,0.000000,-1.000000
0.019763426,5,72,union,4096,28,1.000000,1.000000,1.000000,{"1":433},1.000000,0.000000,0.000000,0.000000,1.000000,0.000000,-1.000000
0.019763426,5,72,snapshot,4096,38,1.000000,1.000000,1.000000,{"1":593},1.000000,0.000000,0.000000,0.000000,1.000000,0.000000,-1.000000
0.019763426,5,72,read_only,16384,9,0.444444,0.805556,0.444444,{"1":433},0.444444,0.555556,0.000000,0.000000,0.444444,0.000000,0.000000
0.019763426,5,72,union,16384,9,0.444444,0.805556,0.444444,{"1":433},0.444444,0.555556,0.000000,0.000000,0.444444,0.000000,0.000000
0.019763426,5,72,snapshot,16384,13,0.461538,0.801282,0.461538,{"1":593},0.461538,0.538462,0.000000,0.000000,0.461538,0.000000,0.000000
0.020048843,5,73,read_only,64,1792,1.000000,1.000000,1.000000,{"1":1792},1.000000,0.000000,0.000000,0.000000,1.000000,0.000000,-1.000000
0.020048843,5,73,union,64,1792,1.000000,1.000000,1.000000,{"1":1792},1.000000,0.000000,0.000000,0.000000,1.000000,0.000000,-1.000000
0.020048843,5,73,snapshot,64,2385,1.000000,1.000000,1.000000,{"1":2385},1.000000,0.000000,0.000000,0.000000,1.000000,0.000000,-1.000000
0.020048843,5,73,read_only,256,1792,1.000000,1.000000,1.000000,{"1":1792},1.000000,0.000000,0.000000,0.000000,1.000000,0.000000,-1.000000
0.020048843,5,73,union,256,1792,1.000000,1.000000,1.000000,{"1":1792},1.000000,0.000000,0.000000,0.000000,1.000000,0.000000,-1.000000
0.020048843,5,73,snapshot,256,2385,1.000000,1.000000,1.000000,{"1":2385},1.000000,0.000000,0.000000,0.000000,1.000000,0.000000,-1.000000
0.020048843,5,73,read_only,1024,448,1.000000,1.000000,1.000000,{"1":1792},1.000000,0.000000,0.000000,0.000000,1.000000,0.000000,-1.000000
0.020048843,5,73,union,1024,448,1.000000,1.000000,1.000000,{"1":1792},1.000000,0.000000,0.000000,0.000000,1.000000,0.000000,-1.000000
0.020048843,5,73,snapshot,1024,597,1.000000,1.000000,1.000000,{"1":2385},1.000000,0.000000,0.000000,0.000000,1.000000,0.000000,-1.000000
0.020048843,5,73,read_only,4096,112,1.000000,1.000000,1.000000,{"1":1792},1.000000,0.000000,0.000000,0.000000,1.000000,0.000000,-1.000000
0.020048843,5,73,union,4096,112,1.000000,1.000000,1.000000,{"1":1792},1.000000,0.000000,0.000000,0.000000,1.000000,0.000000,-1.000000
0.020048843,5,73,snapshot,4096,150,1.000000,1.000000,1.000000,{"1":2385},1.000000,0.000000,0.000000,0.000000,1.000000,0.000000,-1.000000
0.020048843,5,73,read_only,16384,28,1.000000,1.000000,1.000000,{"1":1792},1.000000,0.000000,0.000000,0.000000,1.000000,0.000000,-1.000000
0.020048843,5,73,union,16384,28,1.000000,1.000000,1.000000,{"1":1792},1.000000,0.000000,0.000000,0.000000,1.000000,0.000000,-1.000000
0.020048843,5,73,snapshot,16384,41,0.829268,0.936992,0.829268,{"1":2385},0.829268,0.170732,0.000000,0.000000,0.829268,0.000000,0.000000
0.020334707,5,74,read_only,64,1280,1.000000,1.000000,1.000000,{"1":1280},1.000000,0.000000,0.000000,0.000000,1.000000,0.000000,-1.000000
0.020334707,5,74,union,64,1280,1.000000,1.000000,1.000000,{"1":1280},1.000000,0.000000,0.000000,0.000000,1.000000,0.000000,-1.000000
0.020334707,5,74,snapshot,64,3665,1.000000,1.000000,1.000000,{"1":3665},1.000000,0.000000,0.000000,0.000000,1.000000,0.000000,-1.000000
0.020334707,5,74,read_only,256,1280,1.000000,1.000000,1.000000,{"1":1280},1.000000,0.000000,0.000000,0.000000,1.000000,0.000000,-1.000000
0.020334707,5,74,union,256,1280,1.000000,1.000000,1.000000,{"1":1280},1.000000,0.000000,0.000000,0.000000,1.000000,0.000000,-1.000000
0.020334707,5,74,snapshot,256,3665,1.000000,1.000000,1.000000,{"1":3665},1.000000,0.000000,0.000000,0.000000,1.000000,0.000000,-1.000000
0.020334707,5,74,read_only,1024,320,1.000000,1.000000,1.000000,{"1":1280},1.000000,0.000000,0.000000,0.000000,1.000000,0.000000,-1.000000
0.020334707,5,74,union,1024,320,1.000000,1.000000,1.000000,{"1":1280},1.000000,0.000000,0.000000,0.000000,1.000000,0.000000,-1.000000
0.020334707,5,74,snapshot,1024,917,1.000000,1.000000,1.000000,{"1":3665},1.000000,0.000000,0.000000,0.000000,1.000000,0.000000,-1.000000
0.020334707,5,74,read_only,4096,80,1.000000,1.000000,1.000000,{"1":1280},1.000000,0.000000,0.000000,0.000000,1.000000,0.000000,-1.000000
0.020334707,5,74,union,4096,80,1.000000,1.000000,1.000000,{"1":1280},1.000000,0.000000,0.000000,0.000000,1.000000,0.000000,-1.000000
0.020334707,5,74,snapshot,4096,230,1.000000,1.000000,1.000000,{"1":3665},1.000000,0.000000,0.000000,0.000000,1.000000,0.000000,-1.000000
0.020334707,5,74,read_only,16384,20,1.000000,1.000000,1.000000,{"1":1280},1.000000,0.000000,0.000000,0.000000,1.000000,0.000000,-1.000000
0.020334707,5,74,union,16384,20,1.000000,1.000000,1.000000,{"1":1280},1.000000,0.000000,0.000000,0.000000,1.000000,0.000000,-1.000000
0.020334707,5,74,snapshot,16384,61,0.885246,0.957650,0.885246,{"1":3665},0.885246,0.114754,0.000000,0.000000,0.885246,0.000000,0.000000
0.020597024,5,75,snapshot,64,3665,1.000000,1.000000,1.000000,{"1":3665},1.000000,0.000000,0.000000,0.000000,1.000000,0.000000,-1.000000
0.020597024,5,75,snapshot,256,3665,1.000000,1.000000,1.000000,{"1":3665},1.000000,0.000000,0.000000,0.000000,1.000000,0.000000,-1.000000
0.020597024,5,75,snapshot,1024,917,1.000000,1.000000,1.000000,{"1":3665},1.000000,0.000000,0.000000,0.000000,1.000000,0.000000,-1.000000
0.020597024,5,75,snapshot,4096,230,1.000000,1.000000,1.000000,{"1":3665},1.000000,0.000000,0.000000,0.000000,1.000000,0.000000,-1.000000
0.020597024,5,75,snapshot,16384,61,0.885246,0.957650,0.885246,{"1":3665},0.885246,0.114754,0.000000,0.000000,0.885246,0.000000,0.000000
0.020890267,5,76,read_only,64,4,1.000000,1.000000,1.000000,{"1":4},1.000000,0.000000,0.000000,0.000000,1.000000,0.000000,-1.000000
0.020890267,5,76,union,64,4,1.000000,1.000000,1.000000,{"1":4},1.000000,0.000000,0.000000,0.000000,1.000000,0.000000,-1.000000
0.020890267,5,76,snapshot,64,3669,1.000000,1.000000,1.000000,{"1":3669},1.000000,0.000000,0.000000,0.000000,1.000000,0.000000,-1.000000
0.020890267,5,76,read_only,256,4,1.000000,1.000000,1.000000,{"1":4},1.000000,0.000000,0.000000,0.000000,1.000000,0.000000,-1.000000
0.020890267,5,76,union,256,4,1.000000,1.000000,1.000000,{"1":4},1.000000,0.000000,0.000000,0.000000,1.000000,0.000000,-1.000000
0.020890267,5,76,snapshot,256,3669,1.000000,1.000000,1.000000,{"1":3669},1.000000,0.000000,0.000000,0.000000,1.000000,0.000000,-1.000000
0.020890267,5,76,read_only,1024,1,1.000000,1.000000,1.000000,{"1":4},1.000000,0.000000,0.000000,0.000000,1.000000,0.000000,-1.000000
0.020890267,5,76,union,1024,1,1.000000,1.000000,1.000000,{"1":4},1.000000,0.000000,0.000000,0.000000,1.000000,0.000000,-1.000000
0.020890267,5,76,snapshot,1024,918,1.000000,1.000000,1.000000,{"1":3669},1.000000,0.000000,0.000000,0.000000,1.000000,0.000000,-1.000000
0.020890267,5,76,read_only,4096,1,1.000000,1.000000,1.000000,{"1":4},1.000000,0.000000,0.000000,0.000000,1.000000,0.000000,-1.000000
0.020890267,5,76,union,4096,1,1.000000,1.000000,1.000000,{"1":4},1.000000,0.000000,0.000000,0.000000,1.000000,0.000000,-1.000000
0.020890267,5,76,snapshot,4096,231,1.000000,1.000000,1.000000,{"1":3669},1.000000,0.000000,0.000000,0.000000,1.000000,0.000000,-1.000000
0.020890267,5,76,read_only,16384,1,1.000000,1.000000,1.000000,{"1":4},1.000000,0.000000,0.000000,0.000000,1.000000,0.000000,-1.000000
0.020890267,5,76,union,16384,1,1.000000,1.000000,1.000000,{"1":4},1.000000,0.000000,0.000000,0.000000,1.000000,0.000000,-1.000000
0.020890267,5,76,snapshot,16384,62,0.887097,0.958333,0.887097,{"1":3669},0.887097,0.112903,0.000000,0.000000,0.887097,0.000000,0.000000
0.021151990,5,77,snapshot,64,3669,1.000000,1.000000,1.000000,{"1":3669},1.000000,0.000000,0.000000,0.000000,1.000000,0.000000,-1.000000
0.021151990,5,77,snapshot,256,3669,1.000000,1.000000,1.000000,{"1":3669},1.000000,0.000000,0.000000,0.000000,1.000000,0.000000,-1.000000
0.021151990,5,77,snapshot,1024,918,1.000000,1.000000,1.000000,{"1":3669},1.000000,0.000000,0.000000,0.000000,1.000000,0.000000,-1.000000
0.021151990,5,77,snapshot,4096,231,1.000000,1.000000,1.000000,{"1":3669},1.000000,0.000000,0.000000,0.000000,1.000000,0.000000,-1.000000
0.021151990,5,77,snapshot,16384,62,0.887097,0.958333,0.887097,{"1":3669},0.887097,0.112903,0.000000,0.000000,0.887097,0.000000,0.000000
0.021408574,5,78,snapshot,64,3669,1.000000,1.000000,1.000000,{"1":3669},1.000000,0.000000,0.000000,0.000000,1.000000,0.000000,-1.000000
0.021408574,5,78,snapshot,256,3669,1.000000,1.000000,1.000000,{"1":3669},1.000000,0.000000,0.000000,0.000000,1.000000,0.000000,-1.000000
0.021408574,5,78,snapshot,1024,918,1.000000,1.000000,1.000000,{"1":3669},1.000000,0.000000,0.000000,0.000000,1.000000,0.000000,-1.000000
0.021408574,5,78,snapshot,4096,231,1.000000,1.000000,1.000000,{"1":3669},1.000000,0.000000,0.000000,0.000000,1.000000,0.000000,-1.000000
0.021408574,5,78,snapshot,16384,62,0.887097,0.958333,0.887097,{"1":3669},0.887097,0.112903,0.000000,0.000000,0.887097,0.000000,0.000000
0.021663484,5,79,snapshot,64,3669,1.000000,1.000000,1.000000,{"1":3669},1.000000,0.000000,0.000000,0.000000,1.000000,0.000000,-1.000000
0.021663484,5,79,snapshot,256,3669,1.000000,1.000000,1.000000,{"1":3669},1.000000,0.000000,0.000000,0.000000,1.000000,0.000000,-1.000000
0.021663484,5,79,snapshot,1024,918,1.000000,1.000000,1.000000,{"1":3669},1.000000,0.000000,0.000000,0.000000,1.000000,0.000000,-1.000000
0.021663484,5,79,snapshot,4096,231,1.000000,1.000000,1.000000,{"1":3669},1.000000,0.000000,0.000000,0.000000,1.000000,0.000000,-1.000000
0.021663484,5,79,snapshot,16384,62,0.887097,0.958333,0.887097,{"1":3669},0.887097,0.112903,0.000000,0.000000,0.887097,0.000000,0.000000
0.021969135,5,80,snapshot,64,3669,1.000000,1.000000,1.000000,{"1":3669},1.000000,0.000000,0.000000,0.000000,1.000000,0.000000,-1.000000
0.021969135,5,80,snapshot,256,3669,1.000000,1.000000,1.000000,{"1":3669},1.000000,0.000000,0.000000,0.000000,1.000000,0.000000,-1.000000
0.021969135,5,80,snapshot,1024,918,1.000000,1.000000,1.000000,{"1":3669},1.000000,0.000000,0.000000,0.000000,1.000000,0.000000,-1.000000
0.021969135,5,80,snapshot,4096,231,1.000000,1.000000,1.000000,{"1":3669},1.000000,0.000000,0.000000,0.000000,1.000000,0.000000,-1.000000
0.021969135,5,80,snapshot,16384,62,0.887097,0.958333,0.887097,{"1":3669},0.887097,0.112903,0.000000,0.000000,0.887097,0.000000,0.000000
0.022203649,5,81,read_only,64,390,1.000000,1.000000,1.000000,{"1":390},1.000000,0.000000,0.000000,0.000000,1.000000,0.000000,-1.000000
0.022203649,5,81,union,64,390,1.000000,1.000000,1.000000,{"1":390},1.000000,0.000000,0.000000,0.000000,1.000000,0.000000,-1.000000
0.022203649,5,81,snapshot,64,4059,1.000000,1.000000,1.000000,{"1":4059},1.000000,0.000000,0.000000,0.000000,1.000000,0.000000,-1.000000
0.022203649,5,81,read_only,256,390,1.000000,1.000000,1.000000,{"1":390},1.000000,0.000000,0.000000,0.000000,1.000000,0.000000,-1.000000
0.022203649,5,81,union,256,390,1.000000,1.000000,1.000000,{"1":390},1.000000,0.000000,0.000000,0.000000,1.000000,0.000000,-1.000000
0.022203649,5,81,snapshot,256,4059,1.000000,1.000000,1.000000,{"1":4059},1.000000,0.000000,0.000000,0.000000,1.000000,0.000000,-1.000000
0.022203649,5,81,read_only,1024,98,1.000000,1.000000,1.000000,{"1":390},1.000000,0.000000,0.000000,0.000000,1.000000,0.000000,-1.000000
0.022203649,5,81,union,1024,98,1.000000,1.000000,1.000000,{"1":390},1.000000,0.000000,0.000000,0.000000,1.000000,0.000000,-1.000000
0.022203649,5,81,snapshot,1024,1016,1.000000,1.000000,1.000000,{"1":4059},1.000000,0.000000,0.000000,0.000000,1.000000,0.000000,-1.000000
0.022203649,5,81,read_only,4096,25,1.000000,1.000000,1.000000,{"1":390},1.000000,0.000000,0.000000,0.000000,1.000000,0.000000,-1.000000
0.022203649,5,81,union,4096,25,1.000000,1.000000,1.000000,{"1":390},1.000000,0.000000,0.000000,0.000000,1.000000,0.000000,-1.000000
0.022203649,5,81,snapshot,4096,256,1.000000,1.000000,1.000000,{"1":4059},1.000000,0.000000,0.000000,0.000000,1.000000,0.000000,-1.000000
0.022203649,5,81,read_only,16384,8,0.750000,0.937500,0.750000,{"1":390},0.750000,0.250000,0.000000,0.000000,0.750000,0.000000,0.000000
0.022203649,5,81,union,16384,8,0.750000,0.937500,0.750000,{"1":390},0.750000,0.250000,0.000000,0.000000,0.750000,0.000000,0.000000
0.022203649,5,81,snapshot,16384,70,0.871429,0.955952,0.871429,{"1":4059},0.871429,0.128571,0.000000,0.000000,0.871429,0.000000,0.000000
0.022443503,5,82,read_only,64,285,1.000000,1.000000,1.000000,{"1":285},1.000000,0.000000,0.000000,0.000000,1.000000,0.000000,-1.000000
0.022443503,5,82,union,64,285,1.000000,1.000000,1.000000,{"1":285},1.000000,0.000000,0.000000,0.000000,1.000000,0.000000,-1.000000
0.022443503,5,82,snapshot,64,4344,1.000000,1.000000,1.000000,{"1":4344},1.000000,0.000000,0.000000,0.000000,1.000000,0.000000,-1.000000
0.022443503,5,82,read_only,256,285,1.000000,1.000000,1.000000,{"1":285},1.000000,0.000000,0.000000,0.000000,1.000000,0.000000,-1.000000
0.022443503,5,82,union,256,285,1.000000,1.000000,1.000000,{"1":285},1.000000,0.000000,0.000000,0.000000,1.000000,0.000000,-1.000000
0.022443503,5,82,snapshot,256,4344,1.000000,1.000000,1.000000,{"1":4344},1.000000,0.000000,0.000000,0.000000,1.000000,0.000000,-1.000000
0.022443503,5,82,read_only,1024,74,1.000000,1.000000,1.000000,{"1":285},1.000000,0.000000,0.000000,0.000000,1.000000,0.000000,-1.000000
0.022443503,5,82,union,1024,74,1.000000,1.000000,1.000000,{"1":285},1.000000,0.000000,0.000000,0.000000,1.000000,0.000000,-1.000000
0.022443503,5,82,snapshot,1024,1089,1.000000,1.000000,1.000000,{"1":4344},1.000000,0.000000,0.000000,0.000000,1.000000,0.000000,-1.000000
0.022443503,5,82,read_only,4096,19,1.000000,1.000000,1.000000,{"1":285},1.000000,0.000000,0.000000,0.000000,1.000000,0.000000,-1.000000
0.022443503,5,82,union,4096,19,1.000000,1.000000,1.000000,{"1":285},1.000000,0.000000,0.000000,0.000000,1.000000,0.000000,-1.000000
0.022443503,5,82,snapshot,4096,274,1.000000,1.000000,1.000000,{"1":4344},1.000000,0.000000,0.000000,0.000000,1.000000,0.000000,-1.000000
0.022443503,5,82,read_only,16384,8,1.000000,1.000000,1.000000,{"1":285},1.000000,0.000000,0.000000,0.000000,1.000000,0.000000,-1.000000
0.022443503,5,82,union,16384,8,1.000000,1.000000,1.000000,{"1":285},1.000000,0.000000,0.000000,0.000000,1.000000,0.000000,-1.000000
0.022443503,5,82,snapshot,16384,77,0.883117,0.959957,0.883117,{"1":4344},0.883117,0.116883,0.000000,0.000000,0.883117,0.000000,0.000000
0.022690693,5,83,snapshot,64,4344,1.000000,1.000000,1.000000,{"1":4344},1.000000,0.000000,0.000000,0.000000,1.000000,0.000000,-1.000000
0.022690693,5,83,snapshot,256,4344,1.000000,1.000000,1.000000,{"1":4344},1.000000,0.000000,0.000000,0.000000,1.000000,0.000000,-1.000000
0.022690693,5,83,snapshot,1024,1089,1.000000,1.000000,1.000000,{"1":4344},1.000000,0.000000,0.000000,0.000000,1.000000,0.000000,-1.000000
0.022690693,5,83,snapshot,4096,274,1.000000,1.000000,1.000000,{"1":4344},1.000000,0.000000,0.000000,0.000000,1.000000,0.000000,-1.000000
0.022690693,5,83,snapshot,16384,77,0.883117,0.959957,0.883117,{"1":4344},0.883117,0.116883,0.000000,0.000000,0.883117,0.000000,0.000000
0.022931253,5,84,read_only,64,109,1.000000,1.000000,1.000000,{"1":109},1.000000,0.000000,0.000000,0.000000,1.000000,0.000000,-1.000000
0.022931253,5,84,union,64,109,1.000000,1.000000,1.000000,{"1":109},1.000000,0.000000,0.000000,0.000000,1.000000,0.000000,-1.000000
0.022931253,5,84,snapshot,64,4453,1.000000,1.000000,1.000000,{"1":4453},1.000000,0.000000,0.000000,0.000000,1.000000,0.000000,-1.000000
0.022931253,5,84,read_only,256,109,1.000000,1.000000,1.000000,{"1":109},1.000000,0.000000,0.000000,0.000000,1.000000,0.000000,-1.000000
0.022931253,5,84,union,256,109,1.000000,1.000000,1.000000,{"1":109},1.000000,0.000000,0.000000,0.000000,1.000000,0.000000,-1.000000
0.022931253,5,84,snapshot,256,4453,1.000000,1.000000,1.000000,{"1":4453},1.000000,0.000000,0.000000,0.000000,1.000000,0.000000,-1.000000
0.022931253,5,84,read_only,1024,31,1.000000,1.000000,1.000000,{"1":109},1.000000,0.000000,0.000000,0.000000,1.000000,0.000000,-1.000000
0.022931253,5,84,union,1024,31,1.000000,1.000000,1.000000,{"1":109},1.000000,0.000000,0.000000,0.000000,1.000000,0.000000,-1.000000
0.022931253,5,84,snapshot,1024,1114,1.000000,1.000000,1.000000,{"1":4453},1.000000,0.000000,0.000000,0.000000,1.000000,0.000000,-1.000000
0.022931253,5,84,read_only,4096,9,1.000000,1.000000,1.000000,{"1":109},1.000000,0.000000,0.000000,0.000000,1.000000,0.000000,-1.000000
0.022931253,5,84,union,4096,9,1.000000,1.000000,1.000000,{"1":109},1.000000,0.000000,0.000000,0.000000,1.000000,0.000000,-1.000000
0.022931253,5,84,snapshot,4096,280,1.000000,1.000000,1.000000,{"1":4453},1.000000,0.000000,0.000000,0.000000,1.000000,0.000000,-1.000000
0.022931253,5,84,read_only,16384,5,1.000000,1.000000,1.000000,{"1":109},1.000000,0.000000,0.000000,0.000000,1.000000,0.000000,-1.000000
0.022931253,5,84,union,16384,5,1.000000,1.000000,1.000000,{"1":109},1.000000,0.000000,0.000000,0.000000,1.000000,0.000000,-1.000000
0.022931253,5,84,snapshot,16384,77,0.857143,0.953463,0.857143,{"1":4453},0.857143,0.142857,0.000000,0.000000,0.857143,0.000000,0.000000
0.023163388,5,85,snapshot,64,4453,1.000000,1.000000,1.000000,{"1":4453},1.000000,0.000000,0.000000,0.000000,1.000000,0.000000,-1.000000
0.023163388,5,85,snapshot,256,4453,1.000000,1.000000,1.000000,{"1":4453},1.000000,0.000000,0.000000,0.000000,1.000000,0.000000,-1.000000
0.023163388,5,85,snapshot,1024,1114,1.000000,1.000000,1.000000,{"1":4453},1.000000,0.000000,0.000000,0.000000,1.000000,0.000000,-1.000000
0.023163388,5,85,snapshot,4096,280,1.000000,1.000000,1.000000,{"1":4453},1.000000,0.000000,0.000000,0.000000,1.000000,0.000000,-1.000000
0.023163388,5,85,snapshot,16384,77,0.857143,0.953463,0.857143,{"1":4453},0.857143,0.142857,0.000000,0.000000,0.857143,0.000000,0.000000
0.023398135,5,86,snapshot,64,4453,1.000000,1.000000,1.000000,{"1":4453},1.000000,0.000000,0.000000,0.000000,1.000000,0.000000,-1.000000
0.023398135,5,86,snapshot,256,4453,1.000000,1.000000,1.000000,{"1":4453},1.000000,0.000000,0.000000,0.000000,1.000000,0.000000,-1.000000
0.023398135,5,86,snapshot,1024,1114,1.000000,1.000000,1.000000,{"1":4453},1.000000,0.000000,0.000000,0.000000,1.000000,0.000000,-1.000000
0.023398135,5,86,snapshot,4096,280,1.000000,1.000000,1.000000,{"1":4453},1.000000,0.000000,0.000000,0.000000,1.000000,0.000000,-1.000000
0.023398135,5,86,snapshot,16384,77,0.857143,0.953463,0.857143,{"1":4453},0.857143,0.142857,0.000000,0.000000,0.857143,0.000000,0.000000
0.023631151,5,87,snapshot,64,4453,1.000000,1.000000,1.000000,{"1":4453},1.000000,0.000000,0.000000,0.000000,1.000000,0.000000,-1.000000
0.023631151,5,87,snapshot,256,4453,1.000000,1.000000,1.000000,{"1":4453},1.000000,0.000000,0.000000,0.000000,1.000000,0.000000,-1.000000
0.023631151,5,87,snapshot,1024,1114,1.000000,1.000000,1.000000,{"1":4453},1.000000,0.000000,0.000000,0.000000,1.000000,0.000000,-1.000000
0.023631151,5,87,snapshot,4096,280,1.000000,1.000000,1.000000,{"1":4453},1.000000,0.000000,0.000000,0.000000,1.000000,0.000000,-1.000000
0.023631151,5,87,snapshot,16384,77,0.857143,0.953463,0.857143,{"1":4453},0.857143,0.142857,0.000000,0.000000,0.857143,0.000000,0.000000
0.023864950,5,88,read_only,64,80,1.000000,1.000000,1.000000,{"1":80},1.000000,0.000000,0.000000,0.000000,1.000000,0.000000,-1.000000
0.023864950,5,88,union,64,80,1.000000,1.000000,1.000000,{"1":80},1.000000,0.000000,0.000000,0.000000,1.000000,0.000000,-1.000000
0.023864950,5,88,snapshot,64,4533,1.000000,1.000000,1.000000,{"1":4533},1.000000,0.000000,0.000000,0.000000,1.000000,0.000000,-1.000000
0.023864950,5,88,read_only,256,80,1.000000,1.000000,1.000000,{"1":80},1.000000,0.000000,0.000000,0.000000,1.000000,0.000000,-1.000000
0.023864950,5,88,union,256,80,1.000000,1.000000,1.000000,{"1":80},1.000000,0.000000,0.000000,0.000000,1.000000,0.000000,-1.000000
0.023864950,5,88,snapshot,256,4533,1.000000,1.000000,1.000000,{"1":4533},1.000000,0.000000,0.000000,0.000000,1.000000,0.000000,-1.000000
0.023864950,5,88,read_only,1024,22,1.000000,1.000000,1.000000,{"1":80},1.000000,0.000000,0.000000,0.000000,1.000000,0.000000,-1.000000
0.023864950,5,88,union,1024,22,1.000000,1.000000,1.000000,{"1":80},1.000000,0.000000,0.000000,0.000000,1.000000,0.000000,-1.000000
0.023864950,5,88,snapshot,1024,1136,1.000000,1.000000,1.000000,{"1":4533},1.000000,0.000000,0.000000,0.000000,1.000000,0.000000,-1.000000
0.023864950,5,88,read_only,4096,7,1.000000,1.000000,1.000000,{"1":80},1.000000,0.000000,0.000000,0.000000,1.000000,0.000000,-1.000000
0.023864950,5,88,union,4096,7,1.000000,1.000000,1.000000,{"1":80},1.000000,0.000000,0.000000,0.000000,1.000000,0.000000,-1.000000
0.023864950,5,88,snapshot,4096,287,1.000000,1.000000,1.000000,{"1":4533},1.000000,0.000000,0.000000,0.000000,1.000000,0.000000,-1.000000
0.023864950,5,88,read_only,16384,4,0.750000,0.875000,0.750000,{"1":80},0.750000,0.250000,0.000000,0.000000,0.750000,0.000000,0.000000
0.023864950,5,88,union,16384,4,0.750000,0.875000,0.750000,{"1":80},0.750000,0.250000,0.000000,0.000000,0.750000,0.000000,0.000000
0.023864950,5,88,snapshot,16384,81,0.851852,0.949588,0.851852,{"1":4533},0.851852,0.148148,0.000000,0.000000,0.851852,0.000000,0.000000
0.024100232,5,89,read_only,64,110,1.000000,1.000000,1.000000,{"1":110},1.000000,0.000000,0.000000,0.000000,1.000000,0.000000,-1.000000
0.024100232,5,89,union,64,110,1.000000,1.000000,1.000000,{"1":110},1.000000,0.000000,0.000000,0.000000,1.000000,0.000000,-1.000000
0.024100232,5,89,snapshot,64,4643,1.000000,1.000000,1.000000,{"1":4643},1.000000,0.000000,0.000000,0.000000,1.000000,0.000000,-1.000000
0.024100232,5,89,read_only,256,110,1.000000,1.000000,1.000000,{"1":110},1.000000,0.000000,0.000000,0.000000,1.000000,0.000000,-1.000000
0.024100232,5,89,union,256,110,1.000000,1.000000,1.000000,{"1":110},1.000000,0.000000,0.000000,0.000000,1.000000,0.000000,-1.000000
0.024100232,5,89,snapshot,256,4643,1.000000,1.000000,1.000000,{"1":4643},1.000000,0.000000,0.000000,0.000000,1.000000,0.000000,-1.000000
0.024100232,5,89,read_only,1024,28,1.000000,1.000000,1.000000,{"1":110},1.000000,0.000000,0.000000,0.000000,1.000000,0.000000,-1.000000
0.024100232,5,89,union,1024,28,1.000000,1.000000,1.000000,{"1":110},1.000000,0.000000,0.000000,0.000000,1.000000,0.000000,-1.000000
0.024100232,5,89,snapshot,1024,1162,1.000000,1.000000,1.000000,{"1":4643},1.000000,0.000000,0.000000,0.000000,1.000000,0.000000,-1.000000
0.024100232,5,89,read_only,4096,7,1.000000,1.000000,1.000000,{"1":110},1.000000,0.000000,0.000000,0.000000,1.000000,0.000000,-1.000000
0.024100232,5,89,union,4096,7,1.000000,1.000000,1.000000,{"1":110},1.000000,0.000000,0.000000,0.000000,1.000000,0.000000,-1.000000
0.024100232,5,89,snapshot,4096,292,1.000000,1.000000,1.000000,{"1":4643},1.000000,0.000000,0.000000,0.000000,1.000000,0.000000,-1.000000
0.024100232,5,89,read_only,16384,4,0.750000,0.939516,0.750000,{"1":110},0.750000,0.250000,0.000000,0.000000,0.750000,0.000000,0.000000
0.024100232,5,89,union,16384,4,0.750000,0.939516,0.750000,{"1":110},0.750000,0.250000,0.000000,0.000000,0.750000,0.000000,0.000000
0.024100232,5,89,snapshot,16384,82,0.829268,0.944106,0.829268,{"1":4643},0.829268,0.170732,0.000000,0.000000,0.829268,0.000000,0.000000
0.024333545,5,90,snapshot,64,4643,1.000000,1.000000,1.000000,{"1":4643},1.000000,0.000000,0.000000,0.000000,1.000000,0.000000,-1.000000
0.024333545,5,90,snapshot,256,4643,1.000000,1.000000,1.000000,{"1":4643},1.000000,0.000000,0.000000,0.000000,1.000000,0.000000,-1.000000
0.024333545,5,90,snapshot,1024,1162,1.000000,1.000000,1.000000,{"1":4643},1.000000,0.000000,0.000000,0.000000,1.000000,0.000000,-1.000000
0.024333545,5,90,snapshot,4096,292,1.000000,1.000000,1.000000,{"1":4643},1.000000,0.000000,0.000000,0.000000,1.000000,0.000000,-1.000000
0.024333545,5,90,snapshot,16384,82,0.829268,0.944106,0.829268,{"1":4643},0.829268,0.170732,0.000000,0.000000,0.829268,0.000000,0.000000
0.024565839,5,91,snapshot,64,4643,1.000000,1.000000,1.000000,{"1":4643},1.000000,0.000000,0.000000,0.000000,1.000000,0.000000,-1.000000
0.024565839,5,91,snapshot,256,4643,1.000000,1.000000,1.000000,{"1":4643},1.000000,0.000000,0.000000,0.000000,1.000000,0.000000,-1.000000
0.024565839,5,91,snapshot,1024,1162,1.000000,1.000000,1.000000,{"1":4643},1.000000,0.000000,0.000000,0.000000,1.000000,0.000000,-1.000000
0.024565839,5,91,snapshot,4096,292,1.000000,1.000000,1.000000,{"1":4643},1.000000,0.000000,0.000000,0.000000,1.000000,0.000000,-1.000000
0.024565839,5,91,snapshot,16384,82,0.829268,0.944106,0.829268,{"1":4643},0.829268,0.170732,0.000000,0.000000,0.829268,0.000000,0.000000
0.024799663,5,92,snapshot,64,4643,1.000000,1.000000,1.000000,{"1":4643},1.000000,0.000000,0.000000,0.000000,1.000000,0.000000,-1.000000
0.024799663,5,92,snapshot,256,4643,1.000000,1.000000,1.000000,{"1":4643},1.000000,0.000000,0.000000,0.000000,1.000000,0.000000,-1.000000
0.024799663,5,92,snapshot,1024,1162,1.000000,1.000000,1.000000,{"1":4643},1.000000,0.000000,0.000000,0.000000,1.000000,0.000000,-1.000000
0.024799663,5,92,snapshot,4096,292,1.000000,1.000000,1.000000,{"1":4643},1.000000,0.000000,0.000000,0.000000,1.000000,0.000000,-1.000000
0.024799663,5,92,snapshot,16384,82,0.829268,0.944106,0.829268,{"1":4643},0.829268,0.170732,0.000000,0.000000,0.829268,0.000000,0.000000
0.025057399,5,93,snapshot,64,4643,1.000000,1.000000,1.000000,{"1":4643},1.000000,0.000000,0.000000,0.000000,1.000000,0.000000,-1.000000
0.025057399,5,93,snapshot,256,4643,1.000000,1.000000,1.000000,{"1":4643},1.000000,0.000000,0.000000,0.000000,1.000000,0.000000,-1.000000
0.025057399,5,93,snapshot,1024,1162,1.000000,1.000000,1.000000,{"1":4643},1.000000,0.000000,0.000000,0.000000,1.000000,0.000000,-1.000000
0.025057399,5,93,snapshot,4096,292,1.000000,1.000000,1.000000,{"1":4643},1.000000,0.000000,0.000000,0.000000,1.000000,0.000000,-1.000000
0.025057399,5,93,snapshot,16384,82,0.829268,0.944106,0.829268,{"1":4643},0.829268,0.170732,0.000000,0.000000,0.829268,0.000000,0.000000
0.025293471,5,94,read_only,64,244,1.000000,1.000000,1.000000,{"1":244},1.000000,0.000000,0.000000,0.000000,1.000000,0.000000,-1.000000
0.025293471,5,94,union,64,244,1.000000,1.000000,1.000000,{"1":244},1.000000,0.000000,0.000000,0.000000,1.000000,0.000000,-1.000000
0.025293471,5,94,snapshot,64,4887,1.000000,1.000000,1.000000,{"1":4887},1.000000,0.000000,0.000000,0.000000,1.000000,0.000000,-1.000000
0.025293471,5,94,read_only,256,244,1.000000,1.000000,1.000000,{"1":244},1.000000,0.000000,0.000000,0.000000,1.000000,0.000000,-1.000000
0.025293471,5,94,union,256,244,1.000000,1.000000,1.000000,{"1":244},1.000000,0.000000,0.000000,0.000000,1.000000,0.000000,-1.000000
0.025293471,5,94,snapshot,256,4887,1.000000,1.000000,1.000000,{"1":4887},1.000000,0.000000,0.000000,0.000000,1.000000,0.000000,-1.000000
0.025293471,5,94,read_only,1024,64,1.000000,1.000000,1.000000,{"1":244},1.000000,0.000000,0.000000,0.000000,1.000000,0.000000,-1.000000
0.025293471,5,94,union,1024,64,1.000000,1.000000,1.000000,{"1":244},1.000000,0.000000,0.000000,0.000000,1.000000,0.000000,-1.000000
0.025293471,5,94,snapshot,1024,1226,1.000000,1.000000,1.000000,{"1":4887},1.000000,0.000000,0.000000,0.000000,1.000000,0.000000,-1.000000
0.025293471,5,94,read_only,4096,17,1.000000,1.000000,1.000000,{"1":244},1.000000,0.000000,0.000000,0.000000,1.000000,0.000000,-1.000000
0.025293471,5,94,union,4096,17,1.000000,1.000000,1.000000,{"1":244},1.000000,0.000000,0.000000,0.000000,1.000000,0.000000,-1.000000
0.025293471,5,94,snapshot,4096,309,1.000000,1.000000,1.000000,{"1":4887},1.000000,0.000000,0.000000,0.000000,1.000000,0.000000,-1.000000
0.025293471,5,94,read_only,16384,6,0.833333,0.990196,0.833333,{"1":244},0.833333,0.166667,0.000000,0.000000,0.833333,0.000000,0.000000
0.025293471,5,94,union,16384,6,0.833333,0.990196,0.833333,{"1":244},0.833333,0.166667,0.000000,0.000000,0.833333,0.000000,0.000000
0.025293471,5,94,snapshot,16384,88,0.829545,0.947248,0.829545,{"1":4887},0.829545,0.170455,0.000000,0.000000,0.829545,0.000000,0.000000
0.025551310,5,95,read_only,64,52,1.000000,1.000000,1.000000,{"1":52},1.000000,0.000000,0.000000,0.000000,1.000000,0.000000,-1.000000
0.025551310,5,95,union,64,52,1.000000,1.000000,1.000000,{"1":52},1.000000,0.000000,0.000000,0.000000,1.000000,0.000000,-1.000000
0.025551310,5,95,snapshot,64,4939,1.000000,1.000000,1.000000,{"1":4939},1.000000,0.000000,0.000000,0.000000,1.000000,0.000000,-1.000000
0.025551310,5,95,read_only,256,52,1.000000,1.000000,1.000000,{"1":52},1.000000,0.000000,0.000000,0.000000,1.000000,0.000000,-1.000000
0.025551310,5,95,union,256,52,1.000000,1.000000,1.000000,{"1":52},1.000000,0.000000,0.000000,0.000000,1.000000,0.000000,-1.000000
0.025551310,5,95,snapshot,256,4939,1.000000,1.000000,1.000000,{"1":4939},1.000000,0.000000,0.000000,0.000000,1.000000,0.000000,-1.000000
0.025551310,5,95,read_only,1024,15,1.000000,1.000000,1.000000,{"1":52},1.000000,0.000000,0.000000,0.000000,1.000000,0.000000,-1.000000
0.025551310,5,95,union,1024,15,1.000000,1.000000,1.000000,{"1":52},1.000000,0.000000,0.000000,0.000000,1.000000,0.000000,-1.000000
0.025551310,5,95,snapshot,1024,1241,1.000000,1.000000,1.000000,{"1":4939},1.000000,0.000000,0.000000,0.000000,1.000000,0.000000,-1.000000
0.025551310,5,95,read_only,4096,4,1.000000,1.000000,1.000000,{"1":52},1.000000,0.000000,0.000000,0.000000,1.000000,0.000000,-1.000000
0.025551310,5,95,union,4096,4,1.000000,1.000000,1.000000,{"1":52},1.000000,0.000000,0.000000,0.000000,1.000000,0.000000,-1.000000
0.025551310,5,95,snapshot,4096,313,1.000000,1.000000,1.000000,{"1":4939},1.000000,0.000000,0.000000,0.000000,1.000000,0.000000,-1.000000
0.025551310,5,95,read_only,16384,2,0.500000,0.833333,0.500000,{"1":52},0.500000,0.500000,0.000000,0.000000,0.500000,0.000000,0.000000
0.025551310,5,95,union,16384,2,0.500000,0.833333,0.500000,{"1":52},0.500000,0.500000,0.000000,0.000000,0.500000,0.000000,0.000000
0.025551310,5,95,snapshot,16384,90,0.822222,0.944717,0.822222,{"1":4939},0.822222,0.177778,0.000000,0.000000,0.822222,0.000000,0.000000
0.025780777,5,96,snapshot,64,4939,1.000000,1.000000,1.000000,{"1":4939},1.000000,0.000000,0.000000,0.000000,1.000000,0.000000,-1.000000
0.025780777,5,96,snapshot,256,4939,1.000000,1.000000,1.000000,{"1":4939},1.000000,0.000000,0.000000,0.000000,1.000000,0.000000,-1.000000
0.025780777,5,96,snapshot,1024,1241,1.000000,1.000000,1.000000,{"1":4939},1.000000,0.000000,0.000000,0.000000,1.000000,0.000000,-1.000000
0.025780777,5,96,snapshot,4096,313,1.000000,1.000000,1.000000,{"1":4939},1.000000,0.000000,0.000000,0.000000,1.000000,0.000000,-1.000000
0.025780777,5,96,snapshot,16384,90,0.822222,0.944717,0.822222,{"1":4939},0.822222,0.177778,0.000000,0.000000,0.822222,0.000000,0.000000
0.026014288,5,97,snapshot,64,4939,1.000000,1.000000,1.000000,{"1":4939},1.000000,0.000000,0.000000,0.000000,1.000000,0.000000,-1.000000
0.026014288,5,97,snapshot,256,4939,1.000000,1.000000,1.000000,{"1":4939},1.000000,0.000000,0.000000,0.000000,1.000000,0.000000,-1.000000
0.026014288,5,97,snapshot,1024,1241,1.000000,1.000000,1.000000,{"1":4939},1.000000,0.000000,0.000000,0.000000,1.000000,0.000000,-1.000000
0.026014288,5,97,snapshot,4096,313,1.000000,1.000000,1.000000,{"1":4939},1.000000,0.000000,0.000000,0.000000,1.000000,0.000000,-1.000000
0.026014288,5,97,snapshot,16384,90,0.822222,0.944717,0.822222,{"1":4939},0.822222,0.177778,0.000000,0.000000,0.822222,0.000000,0.000000
0.026246669,5,98,snapshot,64,4939,1.000000,1.000000,1.000000,{"1":4939},1.000000,0.000000,0.000000,0.000000,1.000000,0.000000,-1.000000
0.026246669,5,98,snapshot,256,4939,1.000000,1.000000,1.000000,{"1":4939},1.000000,0.000000,0.000000,0.000000,1.000000,0.000000,-1.000000
0.026246669,5,98,snapshot,1024,1241,1.000000,1.000000,1.000000,{"1":4939},1.000000,0.000000,0.000000,0.000000,1.000000,0.000000,-1.000000
0.026246669,5,98,snapshot,4096,313,1.000000,1.000000,1.000000,{"1":4939},1.000000,0.000000,0.000000,0.000000,1.000000,0.000000,-1.000000
0.026246669,5,98,snapshot,16384,90,0.822222,0.944717,0.822222,{"1":4939},0.822222,0.177778,0.000000,0.000000,0.822222,0.000000,0.000000
0.026804240,5,99,read_only,64,28,1.000000,1.000000,1.000000,{"1":28},1.000000,0.000000,0.000000,0.000000,1.000000,0.000000,-1.000000
0.026804240,5,99,union,64,28,1.000000,1.000000,1.000000,{"1":28},1.000000,0.000000,0.000000,0.000000,1.000000,0.000000,-1.000000
0.026804240,5,99,snapshot,64,4967,1.000000,1.000000,1.000000,{"1":4967},1.000000,0.000000,0.000000,0.000000,1.000000,0.000000,-1.000000
0.026804240,5,99,read_only,256,28,1.000000,1.000000,1.000000,{"1":28},1.000000,0.000000,0.000000,0.000000,1.000000,0.000000,-1.000000
0.026804240,5,99,union,256,28,1.000000,1.000000,1.000000,{"1":28},1.000000,0.000000,0.000000,0.000000,1.000000,0.000000,-1.000000
0.026804240,5,99,snapshot,256,4967,1.000000,1.000000,1.000000,{"1":4967},1.000000,0.000000,0.000000,0.000000,1.000000,0.000000,-1.000000
0.026804240,5,99,read_only,1024,11,1.000000,1.000000,1.000000,{"1":28},1.000000,0.000000,0.000000,0.000000,1.000000,0.000000,-1.000000
0.026804240,5,99,union,1024,11,1.000000,1.000000,1.000000,{"1":28},1.000000,0.000000,0.000000,0.000000,1.000000,0.000000,-1.000000
0.026804240,5,99,snapshot,1024,1250,0.998400,0.999200,0.998400,{"1":4967},0.998400,0.001600,0.000000,0.000000,0.998400,0.000000,0.000000
0.026804240,5,99,read_only,4096,7,1.000000,1.000000,1.000000,{"1":28},1.000000,0.000000,0.000000,0.000000,1.000000,0.000000,-1.000000
0.026804240,5,99,union,4096,7,1.000000,1.000000,1.000000,{"1":28},1.000000,0.000000,0.000000,0.000000,1.000000,0.000000,-1.000000
0.026804240,5,99,snapshot,4096,319,0.996865,0.999216,0.996865,{"1":4967},0.996865,0.003135,0.000000,0.000000,0.996865,0.000000,0.000000
0.026804240,5,99,read_only,16384,3,1.000000,1.000000,1.000000,{"1":28},1.000000,0.000000,0.000000,0.000000,1.000000,0.000000,-1.000000
0.026804240,5,99,union,16384,3,1.000000,1.000000,1.000000,{"1":28},1.000000,0.000000,0.000000,0.000000,1.000000,0.000000,-1.000000
0.026804240,5,99,snapshot,16384,92,0.826087,0.944633,0.826087,{"1":4967},0.826087,0.173913,0.000000,0.000000,0.826087,0.000000,0.000000
0.027038919,5,100,read_only,64,59,1.000000,1.000000,1.000000,{"1":59},1.000000,0.000000,0.000000,0.000000,1.000000,0.000000,-1.000000
0.027038919,5,100,union,64,59,1.000000,1.000000,1.000000,{"1":59},1.000000,0.000000,0.000000,0.000000,1.000000,0.000000,-1.000000
0.027038919,5,100,snapshot,64,5026,1.000000,1.000000,1.000000,{"1":5026},1.000000,0.000000,0.000000,0.000000,1.000000,0.000000,-1.000000
0.027038919,5,100,read_only,256,59,1.000000,1.000000,1.000000,{"1":59},1.000000,0.000000,0.000000,0.000000,1.000000,0.000000,-1.000000
0.027038919,5,100,union,256,59,1.000000,1.000000,1.000000,{"1":59},1.000000,0.000000,0.000000,0.000000,1.000000,0.000000,-1.000000
0.027038919,5,100,snapshot,256,5026,1.000000,1.000000,1.000000,{"1":5026},1.000000,0.000000,0.000000,0.000000,1.000000,0.000000,-1.000000
0.027038919,5,100,read_only,1024,16,1.000000,1.000000,1.000000,{"1":59},1.000000,0.000000,0.000000,0.000000,1.000000,0.000000,-1.000000
0.027038919,5,100,union,1024,16,1.000000,1.000000,1.000000,{"1":59},1.000000,0.000000,0.000000,0.000000,1.000000,0.000000,-1.000000
0.027038919,5,100,snapshot,1024,1263,0.996041,0.998614,0.996041,{"1":5026},0.996041,0.003959,0.000000,0.000000,0.996041,0.000000,0.000000
0.027038919,5,100,read_only,4096,5,1.000000,1.000000,1.000000,{"1":59},1.000000,0.000000,0.000000,0.000000,1.000000,0.000000,-1.000000
0.027038919,5,100,union,4096,5,1.000000,1.000000,1.000000,{"1":59},1.000000,0.000000,0.000000,0.000000,1.000000,0.000000,-1.000000
0.027038919,5,100,snapshot,4096,320,0.984375,0.997852,0.984375,{"1":5026},0.984375,0.015625,0.000000,0.000000,0.984375,0.000000,0.000000
0.027038919,5,100,read_only,16384,2,1.000000,1.000000,1.000000,{"1":59},1.000000,0.000000,0.000000,0.000000,1.000000,0.000000,-1.000000
0.027038919,5,100,union,16384,2,1.000000,1.000000,1.000000,{"1":59},1.000000,0.000000,0.000000,0.000000,1.000000,0.000000,-1.000000
0.027038919,5,100,snapshot,16384,93,0.817204,0.944052,0.817204,{"1":5026},0.817204,0.182796,0.000000,0.000000,0.817204,0.000000,0.000000
0.027271277,5,101,snapshot,64,5026,1.000000,1.000000,1.000000,{"1":5026},1.000000,0.000000,0.000000,0.000000,1.000000,0.000000,-1.000000
0.027271277,5,101,snapshot,256,5026,1.000000,1.000000,1.000000,{"1":5026},1.000000,0.000000,0.000000,0.000000,1.000000,0.000000,-1.000000
0.027271277,5,101,snapshot,1024,1263,0.996041,0.998614,0.996041,{"1":5026},0.996041,0.003959,0.000000,0.000000,0.996041,0.000000,0.000000
0.027271277,5,101,snapshot,4096,320,0.984375,0.997852,0.984375,{"1":5026},0.984375,0.015625,0.000000,0.000000,0.984375,0.000000,0.000000
0.027271277,5,101,snapshot,16384,93,0.817204,0.944052,0.817204,{"1":5026},0.817204,0.182796,0.000000,0.000000,0.817204,0.000000,0.000000
0.027503585,5,102,snapshot,64,5026,1.000000,1.000000,1.000000,{"1":5026},1.000000,0.000000,0.000000,0.000000,1.000000,0.000000,-1.000000
0.027503585,5,102,snapshot,256,5026,1.000000,1.000000,1.000000,{"1":5026},1.000000,0.000000,0.000000,0.000000,1.000000,0.000000,-1.000000
0.027503585,5,102,snapshot,1024,1263,0.996041,0.998614,0.996041,{"1":5026},0.996041,0.003959,0.000000,0.000000,0.996041,0.000000,0.000000
0.027503585,5,102,snapshot,4096,320,0.984375,0.997852,0.984375,{"1":5026},0.984375,0.015625,0.000000,0.000000,0.984375,0.000000,0.000000
0.027503585,5,102,snapshot,16384,93,0.817204,0.944052,0.817204,{"1":5026},0.817204,0.182796,0.000000,0.000000,0.817204,0.000000,0.000000
0.027740644,5,103,snapshot,64,5026,1.000000,1.000000,1.000000,{"1":5026},1.000000,0.000000,0.000000,0.000000,1.000000,0.000000,-1.000000
0.027740644,5,103,snapshot,256,5026,1.000000,1.000000,1.000000,{"1":5026},1.000000,0.000000,0.000000,0.000000,1.000000,0.000000,-1.000000
0.027740644,5,103,snapshot,1024,1263,0.996041,0.998614,0.996041,{"1":5026},0.996041,0.003959,0.000000,0.000000,0.996041,0.000000,0.000000
0.027740644,5,103,snapshot,4096,320,0.984375,0.997852,0.984375,{"1":5026},0.984375,0.015625,0.000000,0.000000,0.984375,0.000000,0.000000
0.027740644,5,103,snapshot,16384,93,0.817204,0.944052,0.817204,{"1":5026},0.817204,0.182796,0.000000,0.000000,0.817204,0.000000,0.000000
0.027971204,5,104,read_only,64,116,1.000000,1.000000,1.000000,{"1":116},1.000000,0.000000,0.000000,0.000000,1.000000,0.000000,-1.000000
0.027971204,5,104,union,64,116,1.000000,1.000000,1.000000,{"1":116},1.000000,0.000000,0.000000,0.000000,1.000000,0.000000,-1.000000
0.027971204,5,104,snapshot,64,5142,1.000000,1.000000,1.000000,{"1":5142},1.000000,0.000000,0.000000,0.000000,1.000000,0.000000,-1.000000
0.027971204,5,104,read_only,256,116,1.000000,1.000000,1.000000,{"1":116},1.000000,0.000000,0.000000,0.000000,1.000000,0.000000,-1.000000
0.027971204,5,104,union,256,116,1.000000,1.000000,1.000000,{"1":116},1.000000,0.000000,0.000000,0.000000,1.000000,0.000000,-1.000000
0.027971204,5,104,snapshot,256,5142,1.000000,1.000000,1.000000,{"1":5142},1.000000,0.000000,0.000000,0.000000,1.000000,0.000000,-1.000000
0.027971204,5,104,read_only,1024,32,1.000000,1.000000,1.000000,{"1":116},1.000000,0.000000,0.000000,0.000000,1.000000,0.000000,-1.000000
0.027971204,5,104,union,1024,32,1.000000,1.000000,1.000000,{"1":116},1.000000,0.000000,0.000000,0.000000,1.000000,0.000000,-1.000000
0.027971204,5,104,snapshot,1024,1295,0.996139,0.998649,0.996139,{"1":5142},0.996139,0.003861,0.000000,0.000000,0.996139,0.000000,0.000000
0.027971204,5,104,read_only,4096,10,1.000000,1.000000,1.000000,{"1":116},1.000000,0.000000,0.000000,0.000000,1.000000,0.000000,-1.000000
0.027971204,5,104,union,4096,10,1.000000,1.000000,1.000000,{"1":116},1.000000,0.000000,0.000000,0.000000,1.000000,0.000000,-1.000000
0.027971204,5,104,snapshot,4096,330,0.984848,0.997917,0.984848,{"1":5142},0.984848,0.015152,0.000000,0.000000,0.984848,0.000000,0.000000
0.027971204,5,104,read_only,16384,3,0.666667,0.992424,0.666667,{"1":116},0.666667,0.333333,0.000000,0.000000,0.666667,0.000000,0.000000
0.027971204,5,104,union,16384,3,0.666667,0.992424,0.666667,{"1":116},0.666667,0.333333,0.000000,0.000000,0.666667,0.000000,0.000000
0.027971204,5,104,snapshot,16384,96,0.812500,0.945564,0.812500,{"1":5142},0.812500,0.187500,0.000000,0.000000,0.812500,0.000000,0.000000
0.028206915,5,105,snapshot,64,5142,1.000000,1.000000,1.000000,{"1":5142},1.000000,0.000000,0.000000,0.000000,1.000000,0.000000,-1.000000
0.028206915,5,105,snapshot,256,5142,1.000000,1.000000,1.000000,{"1":5142},1.000000,0.000000,0.000000,0.000000,1.000000,0.000000,-1.000000
0.028206915,5,105,snapshot,1024,1295,0.996139,0.998649,0.996139,{"1":5142},0.996139,0.003861,0.000000,0.000000,0.996139,0.000000,0.000000
0.028206915,5,105,snapshot,4096,330,0.984848,0.997917,0.984848,{"1":5142},0.984848,0.015152,0.000000,0.000000,0.984848,0.000000,0.000000
0.028206915,5,105,snapshot,16384,96,0.812500,0.945564,0.812500,{"1":5142},0.812500,0.187500,0.000000,0.000000,0.812500,0.000000,0.000000
0.028439276,5,106,snapshot,64,5142,1.000000,1.000000,1.000000,{"1":5142},1.000000,0.000000,0.000000,0.000000,1.000000,0.000000,-1.000000
0.028439276,5,106,snapshot,256,5142,1.000000,1.000000,1.000000,{"1":5142},1.000000,0.000000,0.000000,0.000000,1.000000,0.000000,-1.000000
0.028439276,5,106,snapshot,1024,1295,0.996139,0.998649,0.996139,{"1":5142},0.996139,0.003861,0.000000,0.000000,0.996139,0.000000,0.000000
0.028439276,5,106,snapshot,4096,330,0.984848,0.997917,0.984848,{"1":5142},0.984848,0.015152,0.000000,0.000000,0.984848,0.000000,0.000000
0.028439276,5,106,snapshot,16384,96,0.812500,0.945564,0.812500,{"1":5142},0.812500,0.187500,0.000000,0.000000,0.812500,0.000000,0.000000
0.028895512,5,107,read_only,64,170,1.000000,1.000000,1.000000,{"1":170},1.000000,0.000000,0.000000,0.000000,1.000000,0.000000,-1.000000
0.028895512,5,107,union,64,170,1.000000,1.000000,1.000000,{"1":170},1.000000,0.000000,0.000000,0.000000,1.000000,0.000000,-1.000000
0.028895512,5,107,snapshot,64,5312,1.000000,1.000000,1.000000,{"1":5312},1.000000,0.000000,0.000000,0.000000,1.000000,0.000000,-1.000000
0.028895512,5,107,read_only,256,170,1.000000,1.000000,1.000000,{"1":170},1.000000,0.000000,0.000000,0.000000,1.000000,0.000000,-1.000000
0.028895512,5,107,union,256,170,1.000000,1.000000,1.000000,{"1":170},1.000000,0.000000,0.000000,0.000000,1.000000,0.000000,-1.000000
0.028895512,5,107,snapshot,256,5312,1.000000,1.000000,1.000000,{"1":5312},1.000000,0.000000,0.000000,0.000000,1.000000,0.000000,-1.000000
0.028895512,5,107,read_only,1024,46,1.000000,1.000000,1.000000,{"1":170},1.000000,0.000000,0.000000,0.000000,1.000000,0.000000,-1.000000
0.028895512,5,107,union,1024,46,1.000000,1.000000,1.000000,{"1":170},1.000000,0.000000,0.000000,0.000000,1.000000,0.000000,-1.000000
0.028895512,5,107,snapshot,1024,1334,0.991754,0.997564,0.991754,{"1":5312},0.991754,0.008246,0.000000,0.000000,0.991754,0.000000,0.000000
0.028895512,5,107,read_only,4096,13,1.000000,1.000000,1.000000,{"1":170},1.000000,0.000000,0.000000,0.000000,1.000000,0.000000,-1.000000
0.028895512,5,107,union,4096,13,1.000000,1.000000,1.000000,{"1":170},1.000000,0.000000,0.000000,0.000000,1.000000,0.000000,-1.000000
0.028895512,5,107,snapshot,4096,337,0.970326,0.994993,0.970326,{"1":5312},0.970326,0.029674,0.000000,0.000000,0.970326,0.000000,0.000000
0.028895512,5,107,read_only,16384,6,1.000000,1.000000,1.000000,{"1":170},1.000000,0.000000,0.000000,0.000000,1.000000,0.000000,-1.000000
0.028895512,5,107,union,16384,6,1.000000,1.000000,1.000000,{"1":170},1.000000,0.000000,0.000000,0.000000,1.000000,0.000000,-1.000000
0.028895512,5,107,snapshot,16384,98,0.795918,0.939413,0.795918,{"1":5312},0.795918,0.193878,0.010204,0.000000,0.795918,0.000000,0.000000
0.029127816,5,108,snapshot,64,5312,1.000000,1.000000,1.000000,{"1":5312},1.000000,0.000000,0.000000,0.000000,1.000000,0.000000,-1.000000
0.029127816,5,108,snapshot,256,5312,1.000000,1.000000,1.000000,{"1":5312},1.000000,0.000000,0.000000,0.000000,1.000000,0.000000,-1.000000
0.029127816,5,108,snapshot,1024,1334,0.991754,0.997564,0.991754,{"1":5312},0.991754,0.008246,0.000000,0.000000,0.991754,0.000000,0.000000
0.029127816,5,108,snapshot,4096,337,0.970326,0.994993,0.970326,{"1":5312},0.970326,0.029674,0.000000,0.000000,0.970326,0.000000,0.000000
0.029127816,5,108,snapshot,16384,98,0.795918,0.939413,0.795918,{"1":5312},0.795918,0.193878,0.010204,0.000000,0.795918,0.000000,0.000000
0.029360798,5,109,read_only,64,20,1.000000,1.000000,1.000000,{"1":20},1.000000,0.000000,0.000000,0.000000,1.000000,0.000000,-1.000000
0.029360798,5,109,union,64,20,1.000000,1.000000,1.000000,{"1":20},1.000000,0.000000,0.000000,0.000000,1.000000,0.000000,-1.000000
0.029360798,5,109,snapshot,64,5332,1.000000,1.000000,1.000000,{"1":5332},1.000000,0.000000,0.000000,0.000000,1.000000,0.000000,-1.000000
0.029360798,5,109,read_only,256,20,1.000000,1.000000,1.000000,{"1":20},1.000000,0.000000,0.000000,0.000000,1.000000,0.000000,-1.000000
0.029360798,5,109,union,256,20,1.000000,1.000000,1.000000,{"1":20},1.000000,0.000000,0.000000,0.000000,1.000000,0.000000,-1.000000
0.029360798,5,109,snapshot,256,5332,1.000000,1.000000,1.000000,{"1":5332},1.000000,0.000000,0.000000,0.000000,1.000000,0.000000,-1.000000
0.029360798,5,109,read_only,1024,7,1.000000,1.000000,1.000000,{"1":20},1.000000,0.000000,0.000000,0.000000,1.000000,0.000000,-1.000000
0.029360798,5,109,union,1024,7,1.000000,1.000000,1.000000,{"1":20},1.000000,0.000000,0.000000,0.000000,1.000000,0.000000,-1.000000
0.029360798,5,109,snapshot,1024,1341,0.991797,0.997576,0.991797,{"1":5332},0.991797,0.008203,0.000000,0.000000,0.991797,0.000000,0.000000
0.029360798,5,109,read_only,4096,4,1.000000,1.000000,1.000000,{"1":20},1.000000,0.000000,0.000000,0.000000,1.000000,0.000000,-1.000000
0.029360798,5,109,union,4096,4,1.000000,1.000000,1.000000,{"1":20},1.000000,0.000000,0.000000,0.000000,1.000000,0.000000,-1.000000
0.029360798,5,109,snapshot,4096,341,0.970674,0.995051,0.970674,{"1":5332},0.970674,0.029326,0.000000,0.000000,0.970674,0.000000,0.000000
0.029360798,5,109,read_only,16384,2,1.000000,1.000000,1.000000,{"1":20},1.000000,0.000000,0.000000,0.000000,1.000000,0.000000,-1.000000
0.029360798,5,109,union,16384,2,1.000000,1.000000,1.000000,{"1":20},1.000000,0.000000,0.000000,0.000000,1.000000,0.000000,-1.000000
0.029360798,5,109,snapshot,16384,100,0.800000,0.940625,0.800000,{"1":5332},0.800000,0.190000,0.010000,0.000000,0.800000,0.000000,0.000000
0.029595440,5,110,read_only,64,2,1.000000,1.000000,1.000000,{"1":2},1.000000,0.000000,0.000000,0.000000,1.000000,0.000000,-1.000000
0.029595440,5,110,union,64,2,1.000000,1.000000,1.000000,{"1":2},1.000000,0.000000,0.000000,0.000000,1.000000,0.000000,-1.000000
0.029595440,5,110,snapshot,64,5334,1.000000,1.000000,1.000000,{"1":5334},1.000000,0.000000,0.000000,0.000000,1.000000,0.000000,-1.000000
0.029595440,5,110,read_only,256,2,1.000000,1.000000,1.000000,{"1":2},1.000000,0.000000,0.000000,0.000000,1.000000,0.000000,-1.000000
0.029595440,5,110,union,256,2,1.000000,1.000000,1.000000,{"1":2},1.000000,0.000000,0.000000,0.000000,1.000000,0.000000,-1.000000
0.029595440,5,110,snapshot,256,5334,1.000000,1.000000,1.000000,{"1":5334},1.000000,0.000000,0.000000,0.000000,1.000000,0.000000,-1.000000
0.029595440,5,110,read_only,1024,1,1.000000,1.000000,1.000000,{"1":2},1.000000,0.000000,0.000000,0.000000,1.000000,0.000000,-1.000000
0.029595440,5,110,union,1024,1,1.000000,1.000000,1.000000,{"1":2},1.000000,0.000000,0.000000,0.000000,1.000000,0.000000,-1.000000
0.029595440,5,110,snapshot,1024,1342,0.991803,0.997578,0.991803,{"1":5334},0.991803,0.008197,0.000000,0.000000,0.991803,0.000000,0.000000
0.029595440,5,110,read_only,4096,1,1.000000,1.000000,1.000000,{"1":2},1.000000,0.000000,0.000000,0.000000,1.000000,0.000000,-1.000000
0.029595440,5,110,union,4096,1,1.000000,1.000000,1.000000,{"1":2},1.000000,0.000000,0.000000,0.000000,1.000000,0.000000,-1.000000
0.029595440,5,110,snapshot,4096,342,0.970760,0.995066,0.970760,{"1":5334},0.970760,0.029240,0.000000,0.000000,0.970760,0.000000,0.000000
0.029595440,5,110,read_only,16384,1,1.000000,1.000000,1.000000,{"1":2},1.000000,0.000000,0.000000,0.000000,1.000000,0.000000,-1.000000
0.029595440,5,110,union,16384,1,1.000000,1.000000,1.000000,{"1":2},1.000000,0.000000,0.000000,0.000000,1.000000,0.000000,-1.000000
0.029595440,5,110,snapshot,16384,101,0.801980,0.941213,0.801980,{"1":5334},0.801980,0.188119,0.009901,0.000000,0.801980,0.000000,0.000000
0.029827664,5,111,snapshot,64,5334,1.000000,1.000000,1.000000,{"1":5334},1.000000,0.000000,0.000000,0.000000,1.000000,0.000000,-1.000000
0.029827664,5,111,snapshot,256,5334,1.000000,1.000000,1.000000,{"1":5334},1.000000,0.000000,0.000000,0.000000,1.000000,0.000000,-1.000000
0.029827664,5,111,snapshot,1024,1342,0.991803,0.997578,0.991803,{"1":5334},0.991803,0.008197,0.000000,0.000000,0.991803,0.000000,0.000000
0.029827664,5,111,snapshot,4096,342,0.970760,0.995066,0.970760,{"1":5334},0.970760,0.029240,0.000000,0.000000,0.970760,0.000000,0.000000
0.029827664,5,111,snapshot,16384,101,0.801980,0.941213,0.801980,{"1":5334},0.801980,0.188119,0.009901,0.000000,0.801980,0.000000,0.000000
0.030060207,5,112,snapshot,64,5334,1.000000,1.000000,1.000000,{"1":5334},1.000000,0.000000,0.000000,0.000000,1.000000,0.000000,-1.000000
0.030060207,5,112,snapshot,256,5334,1.000000,1.000000,1.000000,{"1":5334},1.000000,0.000000,0.000000,0.000000,1.000000,0.000000,-1.000000
0.030060207,5,112,snapshot,1024,1342,0.991803,0.997578,0.991803,{"1":5334},0.991803,0.008197,0.000000,0.000000,0.991803,0.000000,0.000000
0.030060207,5,112,snapshot,4096,342,0.970760,0.995066,0.970760,{"1":5334},0.970760,0.029240,0.000000,0.000000,0.970760,0.000000,0.000000
0.030060207,5,112,snapshot,16384,101,0.801980,0.941213,0.801980,{"1":5334},0.801980,0.188119,0.009901,0.000000,0.801980,0.000000,0.000000
0.030294118,5,113,snapshot,64,5334,1.000000,1.000000,1.000000,{"1":5334},1.000000,0.000000,0.000000,0.000000,1.000000,0.000000,-1.000000
0.030294118,5,113,snapshot,256,5334,1.000000,1.000000,1.000000,{"1":5334},1.000000,0.000000,0.000000,0.000000,1.000000,0.000000,-1.000000
0.030294118,5,113,snapshot,1024,1342,0.991803,0.997578,0.991803,{"1":5334},0.991803,0.008197,0.000000,0.000000,0.991803,0.000000,0.000000
0.030294118,5,113,snapshot,4096,342,0.970760,0.995066,0.970760,{"1":5334},0.970760,0.029240,0.000000,0.000000,0.970760,0.000000,0.000000
0.030294118,5,113,snapshot,16384,101,0.801980,0.941213,0.801980,{"1":5334},0.801980,0.188119,0.009901,0.000000,0.801980,0.000000,0.000000
0.030526475,5,114,snapshot,64,5334,1.000000,1.000000,1.000000,{"1":5334},1.000000,0.000000,0.000000,0.000000,1.000000,0.000000,-1.000000
0.030526475,5,114,snapshot,256,5334,1.000000,1.000000,1.000000,{"1":5334},1.000000,0.000000,0.000000,0.000000,1.000000,0.000000,-1.000000
0.030526475,5,114,snapshot,1024,1342,0.991803,0.997578,0.991803,{"1":5334},0.991803,0.008197,0.000000,0.000000,0.991803,0.000000,0.000000
0.030526475,5,114,snapshot,4096,342,0.970760,0.995066,0.970760,{"1":5334},0.970760,0.029240,0.000000,0.000000,0.970760,0.000000,0.000000
0.030526475,5,114,snapshot,16384,101,0.801980,0.941213,0.801980,{"1":5334},0.801980,0.188119,0.009901,0.000000,0.801980,0.000000,0.000000
0.030838296,5,115,read_only,64,14,1.000000,1.000000,1.000000,{"1":14},1.000000,0.000000,0.000000,0.000000,1.000000,0.000000,-1.000000
0.030838296,5,115,union,64,14,1.000000,1.000000,1.000000,{"1":14},1.000000,0.000000,0.000000,0.000000,1.000000,0.000000,-1.000000
0.030838296,5,115,snapshot,64,5348,1.000000,1.000000,1.000000,{"1":5348},1.000000,0.000000,0.000000,0.000000,1.000000,0.000000,-1.000000
0.030838296,5,115,read_only,256,14,1.000000,1.000000,1.000000,{"1":14},1.000000,0.000000,0.000000,0.000000,1.000000,0.000000,-1.000000
0.030838296,5,115,union,256,14,1.000000,1.000000,1.000000,{"1":14},1.000000,0.000000,0.000000,0.000000,1.000000,0.000000,-1.000000
0.030838296,5,115,snapshot,256,5348,1.000000,1.000000,1.000000,{"1":5348},1.000000,0.000000,0.000000,0.000000,1.000000,0.000000,-1.000000
0.030838296,5,115,read_only,1024,4,1.000000,1.000000,1.000000,{"1":14},1.000000,0.000000,0.000000,0.000000,1.000000,0.000000,-1.000000
0.030838296,5,115,union,1024,4,1.000000,1.000000,1.000000,{"1":14},1.000000,0.000000,0.000000,0.000000,1.000000,0.000000,-1.000000
0.030838296,5,115,snapshot,1024,1346,0.991828,0.997585,0.991828,{"1":5348},0.991828,0.008172,0.000000,0.000000,0.991828,0.000000,0.000000
0.030838296,5,115,read_only,4096,1,1.000000,1.000000,1.000000,{"1":14},1.000000,0.000000,0.000000,0.000000,1.000000,0.000000,-1.000000
0.030838296,5,115,union,4096,1,1.000000,1.000000,1.000000,{"1":14},1.000000,0.000000,0.000000,0.000000,1.000000,0.000000,-1.000000
0.030838296,5,115,snapshot,4096,343,0.970845,0.995080,0.970845,{"1":5348},0.970845,0.029155,0.000000,0.000000,0.970845,0.000000,0.000000
0.030838296,5,115,read_only,16384,1,1.000000,1.000000,1.000000,{"1":14},1.000000,0.000000,0.000000,0.000000,1.000000,0.000000,-1.000000
0.030838296,5,115,union,16384,1,1.000000,1.000000,1.000000,{"1":14},1.000000,0.000000,0.000000,0.000000,1.000000,0.000000,-1.000000
0.030838296,5,115,snapshot,16384,102,0.803922,0.941789,0.803922,{"1":5348},0.803922,0.186275,0.009804,0.000000,0.803922,0.000000,0.000000
0.031070574,5,116,snapshot,64,5348,1.000000,1.000000,1.000000,{"1":5348},1.000000,0.000000,0.000000,0.000000,1.000000,0.000000,-1.000000
0.031070574,5,116,snapshot,256,5348,1.000000,1.000000,1.000000,{"1":5348},1.000000,0.000000,0.000000,0.000000,1.000000,0.000000,-1.000000
0.031070574,5,116,snapshot,1024,1346,0.991828,0.997585,0.991828,{"1":5348},0.991828,0.008172,0.000000,0.000000,0.991828,0.000000,0.000000
0.031070574,5,116,snapshot,4096,343,0.970845,0.995080,0.970845,{"1":5348},0.970845,0.029155,0.000000,0.000000,0.970845,0.000000,0.000000
0.031070574,5,116,snapshot,16384,102,0.803922,0.941789,0.803922,{"1":5348},0.803922,0.186275,0.009804,0.000000,0.803922,0.000000,0.000000
0.031303547,5,117,snapshot,64,5348,1.000000,1.000000,1.000000,{"1":5348},1.000000,0.000000,0.000000,0.000000,1.000000,0.000000,-1.000000
0.031303547,5,117,snapshot,256,5348,1.000000,1.000000,1.000000,{"1":5348},1.000000,0.000000,0.000000,0.000000,1.000000,0.000000,-1.000000
0.031303547,5,117,snapshot,1024,1346,0.991828,0.997585,0.991828,{"1":5348},0.991828,0.008172,0.000000,0.000000,0.991828,0.000000,0.000000
0.031303547,5,117,snapshot,4096,343,0.970845,0.995080,0.970845,{"1":5348},0.970845,0.029155,0.000000,0.000000,0.970845,0.000000,0.000000
0.031303547,5,117,snapshot,16384,102,0.803922,0.941789,0.803922,{"1":5348},0.803922,0.186275,0.009804,0.000000,0.803922,0.000000,0.000000
0.031536811,5,118,snapshot,64,5348,1.000000,1.000000,1.000000,{"1":5348},1.000000,0.000000,0.000000,0.000000,1.000000,0.000000,-1.000000
0.031536811,5,118,snapshot,256,5348,1.000000,1.000000,1.000000,{"1":5348},1.000000,0.000000,0.000000,0.000000,1.000000,0.000000,-1.000000
0.031536811,5,118,snapshot,1024,1346,0.991828,0.997585,0.991828,{"1":5348},0.991828,0.008172,0.000000,0.000000,0.991828,0.000000,0.000000
0.031536811,5,118,snapshot,4096,343,0.970845,0.995080,0.970845,{"1":5348},0.970845,0.029155,0.000000,0.000000,0.970845,0.000000,0.000000
0.031536811,5,118,snapshot,16384,102,0.803922,0.941789,0.803922,{"1":5348},0.803922,0.186275,0.009804,0.000000,0.803922,0.000000,0.000000
0.031769664,5,119,read_only,64,5,1.000000,1.000000,1.000000,{"1":5},1.000000,0.000000,0.000000,0.000000,1.000000,0.000000,-1.000000
0.031769664,5,119,union,64,5,1.000000,1.000000,1.000000,{"1":5},1.000000,0.000000,0.000000,0.000000,1.000000,0.000000,-1.000000
0.031769664,5,119,snapshot,64,5353,1.000000,1.000000,1.000000,{"1":5353},1.000000,0.000000,0.000000,0.000000,1.000000,0.000000,-1.000000
0.031769664,5,119,read_only,256,5,1.000000,1.000000,1.000000,{"1":5},1.000000,0.000000,0.000000,0.000000,1.000000,0.000000,-1.000000
0.031769664,5,119,union,256,5,1.000000,1.000000,1.000000,{"1":5},1.000000,0.000000,0.000000,0.000000,1.000000,0.000000,-1.000000
0.031769664,5,119,snapshot,256,5353,1.000000,1.000000,1.000000,{"1":5353},1.000000,0.000000,0.000000,0.000000,1.000000,0.000000,-1.000000
0.031769664,5,119,read_only,1024,3,1.000000,1.000000,1.000000,{"1":5},1.000000,0.000000,0.000000,0.000000,1.000000,0.000000,-1.000000
0.031769664,5,119,union,1024,3,1.000000,1.000000,1.000000,{"1":5},1.000000,0.000000,0.000000,0.000000,1.000000,0.000000,-1.000000
0.031769664,5,119,snapshot,1024,1349,0.991846,0.997591,0.991846,{"1":5353},0.991846,0.008154,0.000000,0.000000,0.991846,0.000000,0.000000
0.031769664,5,119,read_only,4096,3,1.000000,1.000000,1.000000,{"1":5},1.000000,0.000000,0.000000,0.000000,1.000000,0.000000,-1.000000
0.031769664,5,119,union,4096,3,1.000000,1.000000,1.000000,{"1":5},1.000000,0.000000,0.000000,0.000000,1.000000,0.000000,-1.000000
0.031769664,5,119,snapshot,4096,346,0.971098,0.995123,0.971098,{"1":5353},0.971098,0.028902,0.000000,0.000000,0.971098,0.000000,0.000000
0.031769664,5,119,read_only,16384,2,1.000000,1.000000,1.000000,{"1":5},1.000000,0.000000,0.000000,0.000000,1.000000,0.000000,-1.000000
0.031769664,5,119,union,16384,2,1.000000,1.000000,1.000000,{"1":5},1.000000,0.000000,0.000000,0.000000,1.000000,0.000000,-1.000000
0.031769664,5,119,snapshot,16384,104,0.807692,0.942908,0.807692,{"1":5353},0.807692,0.182692,0.009615,0.000000,0.807692,0.000000,0.000000
0.032002889,5,120,snapshot,64,5353,1.000000,1.000000,1.000000,{"1":5353},1.000000,0.000000,0.000000,0.000000,1.000000,0.000000,-1.000000
0.032002889,5,120,snapshot,256,5353,1.000000,1.000000,1.000000,{"1":5353},1.000000,0.000000,0.000000,0.000000,1.000000,0.000000,-1.000000
0.032002889,5,120,snapshot,1024,1349,0.991846,0.997591,0.991846,{"1":5353},0.991846,0.008154,0.000000,0.000000,0.991846,0.000000,0.000000
0.032002889,5,120,snapshot,4096,346,0.971098,0.995123,0.971098,{"1":5353},0.971098,0.028902,0.000000,0.000000,0.971098,0.000000,0.000000
0.032002889,5,120,snapshot,16384,104,0.807692,0.942908,0.807692,{"1":5353},0.807692,0.182692,0.009615,0.000000,0.807692,0.000000,0.000000
0.032235144,5,121,snapshot,64,5353,1.000000,1.000000,1.000000,{"1":5353},1.000000,0.000000,0.000000,0.000000,1.000000,0.000000,-1.000000
0.032235144,5,121,snapshot,256,5353,1.000000,1.000000,1.000000,{"1":5353},1.000000,0.000000,0.000000,0.000000,1.000000,0.000000,-1.000000
0.032235144,5,121,snapshot,1024,1349,0.991846,0.997591,0.991846,{"1":5353},0.991846,0.008154,0.000000,0.000000,0.991846,0.000000,0.000000
0.032235144,5,121,snapshot,4096,346,0.971098,0.995123,0.971098,{"1":5353},0.971098,0.028902,0.000000,0.000000,0.971098,0.000000,0.000000
0.032235144,5,121,snapshot,16384,104,0.807692,0.942908,0.807692,{"1":5353},0.807692,0.182692,0.009615,0.000000,0.807692,0.000000,0.000000
0.032468028,5,122,snapshot,64,5353,1.000000,1.000000,1.000000,{"1":5353},1.000000,0.000000,0.000000,0.000000,1.000000,0.000000,-1.000000
0.032468028,5,122,snapshot,256,5353,1.000000,1.000000,1.000000,{"1":5353},1.000000,0.000000,0.000000,0.000000,1.000000,0.000000,-1.000000
0.032468028,5,122,snapshot,1024,1349,0.991846,0.997591,0.991846,{"1":5353},0.991846,0.008154,0.000000,0.000000,0.991846,0.000000,0.000000
0.032468028,5,122,snapshot,4096,346,0.971098,0.995123,0.971098,{"1":5353},0.971098,0.028902,0.000000,0.000000,0.971098,0.000000,0.000000
0.032468028,5,122,snapshot,16384,104,0.807692,0.942908,0.807692,{"1":5353},0.807692,0.182692,0.009615,0.000000,0.807692,0.000000,0.000000
0.032722836,5,123,snapshot,64,5353,1.000000,1.000000,1.000000,{"1":5353},1.000000,0.000000,0.000000,0.000000,1.000000,0.000000,-1.000000
0.032722836,5,123,snapshot,256,5353,1.000000,1.000000,1.000000,{"1":5353},1.000000,0.000000,0.000000,0.000000,1.000000,0.000000,-1.000000
0.032722836,5,123,snapshot,1024,1349,0.991846,0.997591,0.991846,{"1":5353},0.991846,0.008154,0.000000,0.000000,0.991846,0.000000,0.000000
0.032722836,5,123,snapshot,4096,346,0.971098,0.995123,0.971098,{"1":5353},0.971098,0.028902,0.000000,0.000000,0.971098,0.000000,0.000000
0.032722836,5,123,snapshot,16384,104,0.807692,0.942908,0.807692,{"1":5353},0.807692,0.182692,0.009615,0.000000,0.807692,0.000000,0.000000
0.032986326,5,124,snapshot,64,5353,1.000000,1.000000,1.000000,{"1":5353},1.000000,0.000000,0.000000,0.000000,1.000000,0.000000,-1.000000
0.032986326,5,124,snapshot,256,5353,1.000000,1.000000,1.000000,{"1":5353},1.000000,0.000000,0.000000,0.000000,1.000000,0.000000,-1.000000
0.032986326,5,124,snapshot,1024,1349,0.991846,0.997591,0.991846,{"1":5353},0.991846,0.008154,0.000000,0.000000,0.991846,0.000000,0.000000
0.032986326,5,124,snapshot,4096,346,0.971098,0.995123,0.971098,{"1":5353},0.971098,0.028902,0.000000,0.000000,0.971098,0.000000,0.000000
0.032986326,5,124,snapshot,16384,104,0.807692,0.942908,0.807692,{"1":5353},0.807692,0.182692,0.009615,0.000000,0.807692,0.000000,0.000000
0.033237620,5,125,read_only,64,1,1.000000,1.000000,1.000000,{"1":1},1.000000,0.000000,0.000000,0.000000,1.000000,0.000000,-1.000000
0.033237620,5,125,union,64,1,1.000000,1.000000,1.000000,{"1":1},1.000000,0.000000,0.000000,0.000000,1.000000,0.000000,-1.000000
0.033237620,5,125,snapshot,64,5354,1.000000,1.000000,1.000000,{"1":5354},1.000000,0.000000,0.000000,0.000000,1.000000,0.000000,-1.000000
0.033237620,5,125,read_only,256,1,1.000000,1.000000,1.000000,{"1":1},1.000000,0.000000,0.000000,0.000000,1.000000,0.000000,-1.000000
0.033237620,5,125,union,256,1,1.000000,1.000000,1.000000,{"1":1},1.000000,0.000000,0.000000,0.000000,1.000000,0.000000,-1.000000
0.033237620,5,125,snapshot,256,5354,1.000000,1.000000,1.000000,{"1":5354},1.000000,0.000000,0.000000,0.000000,1.000000,0.000000,-1.000000
0.033237620,5,125,read_only,1024,1,1.000000,1.000000,1.000000,{"1":1},1.000000,0.000000,0.000000,0.000000,1.000000,0.000000,-1.000000
0.033237620,5,125,union,1024,1,1.000000,1.000000,1.000000,{"1":1},1.000000,0.000000,0.000000,0.000000,1.000000,0.000000,-1.000000
0.033237620,5,125,snapshot,1024,1350,0.991852,0.997593,0.991852,{"1":5354},0.991852,0.008148,0.000000,0.000000,0.991852,0.000000,0.000000
0.033237620,5,125,read_only,4096,1,1.000000,1.000000,1.000000,{"1":1},1.000000,0.000000,0.000000,0.000000,1.000000,0.000000,-1.000000
0.033237620,5,125,union,4096,1,1.000000,1.000000,1.000000,{"1":1},1.000000,0.000000,0.000000,0.000000,1.000000,0.000000,-1.000000
0.033237620,5,125,snapshot,4096,347,0.971182,0.995137,0.971182,{"1":5354},0.971182,0.028818,0.000000,0.000000,0.971182,0.000000,0.000000
0.033237620,5,125,read_only,16384,1,1.000000,1.000000,1.000000,{"1":1},1.000000,0.000000,0.000000,0.000000,1.000000,0.000000,-1.000000
0.033237620,5,125,union,16384,1,1.000000,1.000000,1.000000,{"1":1},1.000000,0.000000,0.000000,0.000000,1.000000,0.000000,-1.000000
0.033237620,5,125,snapshot,16384,105,0.809524,0.943452,0.809524,{"1":5354},0.809524,0.180952,0.009524,0.000000,0.809524,0.000000,0.000000
0.034299264,5,129,read_only,64,5,1.000000,1.000000,1.000000,{"1":5},1.000000,0.000000,0.000000,0.000000,1.000000,0.000000,-1.000000
0.034299264,5,129,union,64,5,1.000000,1.000000,1.000000,{"1":5},1.000000,0.000000,0.000000,0.000000,1.000000,0.000000,-1.000000
0.034299264,5,129,snapshot,64,5,1.000000,1.000000,1.000000,{"1":5},1.000000,0.000000,0.000000,0.000000,1.000000,0.000000,-1.000000
0.034299264,5,129,read_only,256,5,1.000000,1.000000,1.000000,{"1":5},1.000000,0.000000,0.000000,0.000000,1.000000,0.000000,-1.000000
0.034299264,5,129,union,256,5,1.000000,1.000000,1.000000,{"1":5},1.000000,0.000000,0.000000,0.000000,1.000000,0.000000,-1.000000
0.034299264,5,129,snapshot,256,5,1.000000,1.000000,1.000000,{"1":5},1.000000,0.000000,0.000000,0.000000,1.000000,0.000000,-1.000000
0.034299264,5,129,read_only,1024,2,1.000000,1.000000,1.000000,{"1":5},1.000000,0.000000,0.000000,0.000000,1.000000,0.000000,-1.000000
0.034299264,5,129,union,1024,2,1.000000,1.000000,1.000000,{"1":5},1.000000,0.000000,0.000000,0.000000,1.000000,0.000000,-1.000000
0.034299264,5,129,snapshot,1024,2,1.000000,1.000000,1.000000,{"1":5},1.000000,0.000000,0.000000,0.000000,1.000000,0.000000,-1.000000
0.034299264,5,129,read_only,4096,1,1.000000,1.000000,1.000000,{"1":5},1.000000,0.000000,0.000000,0.000000,1.000000,0.000000,-1.000000
0.034299264,5,129,union,4096,1,1.000000,1.000000,1.000000,{"1":5},1.000000,0.000000,0.000000,0.000000,1.000000,0.000000,-1.000000
0.034299264,5,129,snapshot,4096,1,1.000000,1.000000,1.000000,{"1":5},1.000000,0.000000,0.000000,0.000000,1.000000,0.000000,-1.000000
0.034299264,5,129,read_only,16384,1,1.000000,1.000000,1.000000,{"1":5},1.000000,0.000000,0.000000,0.000000,1.000000,0.000000,-1.000000
0.034299264,5,129,union,16384,1,1.000000,1.000000,1.000000,{"1":5},1.000000,0.000000,0.000000,0.000000,1.000000,0.000000,-1.000000
0.034299264,5,129,snapshot,16384,1,1.000000,1.000000,1.000000,{"1":5},1.000000,0.000000,0.000000,0.000000,1.000000,0.000000,-1.000000
0.034544683,5,130,read_only,64,36,1.000000,1.000000,1.000000,{"1":36},1.000000,0.000000,0.000000,0.000000,1.000000,0.000000,-1.000000
0.034544683,5,130,union,64,36,1.000000,1.000000,1.000000,{"1":36},1.000000,0.000000,0.000000,0.000000,1.000000,0.000000,-1.000000
0.034544683,5,130,snapshot,64,41,1.000000,1.000000,1.000000,{"1":41},1.000000,0.000000,0.000000,0.000000,1.000000,0.000000,-1.000000
0.034544683,5,130,read_only,256,36,1.000000,1.000000,1.000000,{"1":36},1.000000,0.000000,0.000000,0.000000,1.000000,0.000000,-1.000000
0.034544683,5,130,union,256,36,1.000000,1.000000,1.000000,{"1":36},1.000000,0.000000,0.000000,0.000000,1.000000,0.000000,-1.000000
0.034544683,5,130,snapshot,256,41,1.000000,1.000000,1.000000,{"1":41},1.000000,0.000000,0.000000,0.000000,1.000000,0.000000,-1.000000
0.034544683,5,130,read_only,1024,9,1.000000,1.000000,1.000000,{"1":36},1.000000,0.000000,0.000000,0.000000,1.000000,0.000000,-1.000000
0.034544683,5,130,union,1024,9,1.000000,1.000000,1.000000,{"1":36},1.000000,0.000000,0.000000,0.000000,1.000000,0.000000,-1.000000
0.034544683,5,130,snapshot,1024,11,1.000000,1.000000,1.000000,{"1":41},1.000000,0.000000,0.000000,0.000000,1.000000,0.000000,-1.000000
0.034544683,5,130,read_only,4096,3,1.000000,1.000000,1.000000,{"1":36},1.000000,0.000000,0.000000,0.000000,1.000000,0.000000,-1.000000
0.034544683,5,130,union,4096,3,1.000000,1.000000,1.000000,{"1":36},1.000000,0.000000,0.000000,0.000000,1.000000,0.000000,-1.000000
0.034544683,5,130,snapshot,4096,4,1.000000,1.000000,1.000000,{"1":41},1.000000,0.000000,0.000000,0.000000,1.000000,0.000000,-1.000000
0.034544683,5,130,read_only,16384,2,1.000000,1.000000,1.000000,{"1":36},1.000000,0.000000,0.000000,0.000000,1.000000,0.000000,-1.000000
0.034544683,5,130,union,16384,2,1.000000,1.000000,1.000000,{"1":36},1.000000,0.000000,0.000000,0.000000,1.000000,0.000000,-1.000000
0.034544683,5,130,snapshot,16384,3,1.000000,1.000000,1.000000,{"1":41},1.000000,0.000000,0.000000,0.000000,1.000000,0.000000,-1.000000
0.034787102,5,131,read_only,64,16,1.000000,1.000000,1.000000,{"1":16},1.000000,0.000000,0.000000,0.000000,1.000000,0.000000,-1.000000
0.034787102,5,131,union,64,16,1.000000,1.000000,1.000000,{"1":16},1.000000,0.000000,0.000000,0.000000,1.000000,0.000000,-1.000000
0.034787102,5,131,snapshot,64,57,1.000000,1.000000,1.000000,{"1":57},1.000000,0.000000,0.000000,0.000000,1.000000,0.000000,-1.000000
0.034787102,5,131,read_only,256,16,1.000000,1.000000,1.000000,{"1":16},1.000000,0.000000,0.000000,0.000000,1.000000,0.000000,-1.000000
0.034787102,5,131,union,256,16,1.000000,1.000000,1.000000,{"1":16},1.000000,0.000000,0.000000,0.000000,1.000000,0.000000,-1.000000
0.034787102,5,131,snapshot,256,57,1.000000,1.000000,1.000000,{"1":57},1.000000,0.000000,0.000000,0.000000,1.000000,0.000000,-1.000000
0.034787102,5,131,read_only,1024,4,1.000000,1.000000,1.000000,{"1":16},1.000000,0.000000,0.000000,0.000000,1.000000,0.000000,-1.000000
0.034787102,5,131,union,1024,4,1.000000,1.000000,1.000000,{"1":16},1.000000,0.000000,0.000000,0.000000,1.000000,0.000000,-1.000000
0.034787102,5,131,snapshot,1024,15,1.000000,1.000000,1.000000,{"1":57},1.000000,0.000000,0.000000,0.000000,1.000000,0.000000,-1.000000
0.034787102,5,131,read_only,4096,1,1.000000,1.000000,1.000000,{"1":16},1.000000,0.000000,0.000000,0.000000,1.000000,0.000000,-1.000000
0.034787102,5,131,union,4096,1,1.000000,1.000000,1.000000,{"1":16},1.000000,0.000000,0.000000,0.000000,1.000000,0.000000,-1.000000
0.034787102,5,131,snapshot,4096,5,1.000000,1.000000,1.000000,{"1":57},1.000000,0.000000,0.000000,0.000000,1.000000,0.000000,-1.000000
0.034787102,5,131,read_only,16384,1,1.000000,1.000000,1.000000,{"1":16},1.000000,0.000000,0.000000,0.000000,1.000000,0.000000,-1.000000
0.034787102,5,131,union,16384,1,1.000000,1.000000,1.000000,{"1":16},1.000000,0.000000,0.000000,0.000000,1.000000,0.000000,-1.000000
0.034787102,5,131,snapshot,16384,3,1.000000,1.000000,1.000000,{"1":57},1.000000,0.000000,0.000000,0.000000,1.000000,0.000000,-1.000000
0.035050815,5,132,snapshot,64,57,1.000000,1.000000,1.000000,{"1":57},1.000000,0.000000,0.000000,0.000000,1.000000,0.000000,-1.000000
0.035050815,5,132,snapshot,256,57,1.000000,1.000000,1.000000,{"1":57},1.000000,0.000000,0.000000,0.000000,1.000000,0.000000,-1.000000
0.035050815,5,132,snapshot,1024,15,1.000000,1.000000,1.000000,{"1":57},1.000000,0.000000,0.000000,0.000000,1.000000,0.000000,-1.000000
0.035050815,5,132,snapshot,4096,5,1.000000,1.000000,1.000000,{"1":57},1.000000,0.000000,0.000000,0.000000,1.000000,0.000000,-1.000000
0.035050815,5,132,snapshot,16384,3,1.000000,1.000000,1.000000,{"1":57},1.000000,0.000000,0.000000,0.000000,1.000000,0.000000,-1.000000
0.035330088,5,133,read_only,64,1,1.000000,1.000000,1.000000,{"1":1},1.000000,0.000000,0.000000,0.000000,1.000000,0.000000,-1.000000
0.035330088,5,133,union,64,1,1.000000,1.000000,1.000000,{"1":1},1.000000,0.000000,0.000000,0.000000,1.000000,0.000000,-1.000000
0.035330088,5,133,snapshot,64,58,1.000000,1.000000,1.000000,{"1":58},1.000000,0.000000,0.000000,0.000000,1.000000,0.000000,-1.000000
0.035330088,5,133,read_only,256,1,1.000000,1.000000,1.000000,{"1":1},1.000000,0.000000,0.000000,0.000000,1.000000,0.000000,-1.000000
0.035330088,5,133,union,256,1,1.000000,1.000000,1.000000,{"1":1},1.000000,0.000000,0.000000,0.000000,1.000000,0.000000,-1.000000
0.035330088,5,133,snapshot,256,58,1.000000,1.000000,1.000000,{"1":58},1.000000,0.000000,0.000000,0.000000,1.000000,0.000000,-1.000000
0.035330088,5,133,read_only,1024,1,1.000000,1.000000,1.000000,{"1":1},1.000000,0.000000,0.000000,0.000000,1.000000,0.000000,-1.000000
0.035330088,5,133,union,1024,1,1.000000,1.000000,1.000000,{"1":1},1.000000,0.000000,0.000000,0.000000,1.000000,0.000000,-1.000000
0.035330088,5,133,snapshot,1024,16,1.000000,1.000000,1.000000,{"1":58},1.000000,0.000000,0.000000,0.000000,1.000000,0.000000,-1.000000
0.035330088,5,133,read_only,4096,1,1.000000,1.000000,1.000000,{"1":1},1.000000,0.000000,0.000000,0.000000,1.000000,0.000000,-1.000000
0.035330088,5,133,union,4096,1,1.000000,1.000000,1.000000,{"1":1},1.000000,0.000000,0.000000,0.000000,1.000000,0.000000,-1.000000
0.035330088,5,133,snapshot,4096,6,1.000000,1.000000,1.000000,{"1":58},1.000000,0.000000,0.000000,0.000000,1.000000,0.000000,-1.000000
0.035330088,5,133,read_only,16384,1,1.000000,1.000000,1.000000,{"1":1},1.000000,0.000000,0.000000,0.000000,1.000000,0.000000,-1.000000
0.035330088,5,133,union,16384,1,1.000000,1.000000,1.000000,{"1":1},1.000000,0.000000,0.000000,0.000000,1.000000,0.000000,-1.000000
0.035330088,5,133,snapshot,16384,4,1.000000,1.000000,1.000000,{"1":58},1.000000,0.000000,0.000000,0.000000,1.000000,0.000000,-1.000000
0.035563128,5,134,snapshot,64,58,1.000000,1.000000,1.000000,{"1":58},1.000000,0.000000,0.000000,0.000000,1.000000,0.000000,-1.000000
0.035563128,5,134,snapshot,256,58,1.000000,1.000000,1.000000,{"1":58},1.000000,0.000000,0.000000,0.000000,1.000000,0.000000,-1.000000
0.035563128,5,134,snapshot,1024,16,1.000000,1.000000,1.000000,{"1":58},1.000000,0.000000,0.000000,0.000000,1.000000,0.000000,-1.000000
0.035563128,5,134,snapshot,4096,6,1.000000,1.000000,1.000000,{"1":58},1.000000,0.000000,0.000000,0.000000,1.000000,0.000000,-1.000000
0.035563128,5,134,snapshot,16384,4,1.000000,1.000000,1.000000,{"1":58},1.000000,0.000000,0.000000,0.000000,1.000000,0.000000,-1.000000
0.035797858,5,135,read_only,64,16,1.000000,1.000000,1.000000,{"1":16},1.000000,0.000000,0.000000,0.000000,1.000000,0.000000,-1.000000
0.035797858,5,135,union,64,16,1.000000,1.000000,1.000000,{"1":16},1.000000,0.000000,0.000000,0.000000,1.000000,0.000000,-1.000000
0.035797858,5,135,snapshot,64,74,1.000000,1.000000,1.000000,{"1":74},1.000000,0.000000,0.000000,0.000000,1.000000,0.000000,-1.000000
0.035797858,5,135,read_only,256,16,1.000000,1.000000,1.000000,{"1":16},1.000000,0.000000,0.000000,0.000000,1.000000,0.000000,-1.000000
0.035797858,5,135,union,256,16,1.000000,1.000000,1.000000,{"1":16},1.000000,0.000000,0.000000,0.000000,1.000000,0.000000,-1.000000
0.035797858,5,135,snapshot,256,74,1.000000,1.000000,1.000000,{"1":74},1.000000,0.000000,0.000000,0.000000,1.000000,0.000000,-1.000000
0.035797858,5,135,read_only,1024,4,1.000000,1.000000,1.000000,{"1":16},1.000000,0.000000,0.000000,0.000000,1.000000,0.000000,-1.000000
0.035797858,5,135,union,1024,4,1.000000,1.000000,1.000000,{"1":16},1.000000,0.000000,0.000000,0.000000,1.000000,0.000000,-1.000000
0.035797858,5,135,snapshot,1024,20,1.000000,1.000000,1.000000,{"1":74},1.000000,0.000000,0.000000,0.000000,1.000000,0.000000,-1.000000
0.035797858,5,135,read_only,4096,1,1.000000,1.000000,1.000000,{"1":16},1.000000,0.000000,0.000000,0.000000,1.000000,0.000000,-1.000000
0.035797858,5,135,union,4096,1,1.000000,1.000000,1.000000,{"1":16},1.000000,0.000000,0.000000,0.000000,1.000000,0.000000,-1.000000
0.035797858,5,135,snapshot,4096,7,1.000000,1.000000,1.000000,{"1":74},1.000000,0.000000,0.000000,0.000000,1.000000,0.000000,-1.000000
0.035797858,5,135,read_only,16384,1,1.000000,1.000000,1.000000,{"1":16},1.000000,0.000000,0.000000,0.000000,1.000000,0.000000,-1.000000
0.035797858,5,135,union,16384,1,1.000000,1.000000,1.000000,{"1":16},1.000000,0.000000,0.000000,0.000000,1.000000,0.000000,-1.000000
0.035797858,5,135,snapshot,16384,5,1.000000,1.000000,1.000000,{"1":74},1.000000,0.000000,0.000000,0.000000,1.000000,0.000000,-1.000000
0.036091491,5,136,snapshot,64,74,1.000000,1.000000,1.000000,{"1":74},1.000000,0.000000,0.000000,0.000000,1.000000,0.000000,-1.000000
0.036091491,5,136,snapshot,256,74,1.000000,1.000000,1.000000,{"1":74},1.000000,0.000000,0.000000,0.000000,1.000000,0.000000,-1.000000
0.036091491,5,136,snapshot,1024,20,1.000000,1.000000,1.000000,{"1":74},1.000000,0.000000,0.000000,0.000000,1.000000,0.000000,-1.000000
0.036091491,5,136,snapshot,4096,7,1.000000,1.000000,1.000000,{"1":74},1.000000,0.000000,0.000000,0.000000,1.000000,0.000000,-1.000000
0.036091491,5,136,snapshot,16384,5,1.000000,1.000000,1.000000,{"1":74},1.000000,0.000000,0.000000,0.000000,1.000000,0.000000,-1.000000
0.036334267,5,137,read_only,64,1,1.000000,1.000000,1.000000,{"1":1},1.000000,0.000000,0.000000,0.000000,1.000000,0.000000,-1.000000
0.036334267,5,137,union,64,1,1.000000,1.000000,1.000000,{"1":1},1.000000,0.000000,0.000000,0.000000,1.000000,0.000000,-1.000000
0.036334267,5,137,snapshot,64,75,1.000000,1.000000,1.000000,{"1":75},1.000000,0.000000,0.000000,0.000000,1.000000,0.000000,-1.000000
0.036334267,5,137,read_only,256,1,1.000000,1.000000,1.000000,{"1":1},1.000000,0.000000,0.000000,0.000000,1.000000,0.000000,-1.000000
0.036334267,5,137,union,256,1,1.000000,1.000000,1.000000,{"1":1},1.000000,0.000000,0.000000,0.000000,1.000000,0.000000,-1.000000
0.036334267,5,137,snapshot,256,75,1.000000,1.000000,1.000000,{"1":75},1.000000,0.000000,0.000000,0.000000,1.000000,0.000000,-1.000000
0.036334267,5,137,read_only,1024,1,1.000000,1.000000,1.000000,{"1":1},1.000000,0.000000,0.000000,0.000000,1.000000,0.000000,-1.000000
0.036334267,5,137,union,1024,1,1.000000,1.000000,1.000000,{"1":1},1.000000,0.000000,0.000000,0.000000,1.000000,0.000000,-1.000000
0.036334267,5,137,snapshot,1024,21,1.000000,1.000000,1.000000,{"1":75},1.000000,0.000000,0.000000,0.000000,1.000000,0.000000,-1.000000
0.036334267,5,137,read_only,4096,1,1.000000,1.000000,1.000000,{"1":1},1.000000,0.000000,0.000000,0.000000,1.000000,0.000000,-1.000000
0.036334267,5,137,union,4096,1,1.000000,1.000000,1.000000,{"1":1},1.000000,0.000000,0.000000,0.000000,1.000000,0.000000,-1.000000
0.036334267,5,137,snapshot,4096,8,1.000000,1.000000,1.000000,{"1":75},1.000000,0.000000,0.000000,0.000000,1.000000,0.000000,-1.000000
0.036334267,5,137,read_only,16384,1,1.000000,1.000000,1.000000,{"1":1},1.000000,0.000000,0.000000,0.000000,1.000000,0.000000,-1.000000
0.036334267,5,137,union,16384,1,1.000000,1.000000,1.000000,{"1":1},1.000000,0.000000,0.000000,0.000000,1.000000,0.000000,-1.000000
0.036334267,5,137,snapshot,16384,6,1.000000,1.000000,1.000000,{"1":75},1.000000,0.000000,0.000000,0.000000,1.000000,0.000000,-1.000000
0.036572391,5,138,snapshot,64,75,1.000000,1.000000,1.000000,{"1":75},1.000000,0.000000,0.000000,0.000000,1.000000,0.000000,-1.000000
0.036572391,5,138,snapshot,256,75,1.000000,1.000000,1.000000,{"1":75},1.000000,0.000000,0.000000,0.000000,1.000000,0.000000,-1.000000
0.036572391,5,138,snapshot,1024,21,1.000000,1.000000,1.000000,{"1":75},1.000000,0.000000,0.000000,0.000000,1.000000,0.000000,-1.000000
0.036572391,5,138,snapshot,4096,8,1.000000,1.000000,1.000000,{"1":75},1.000000,0.000000,0.000000,0.000000,1.000000,0.000000,-1.000000
0.036572391,5,138,snapshot,16384,6,1.000000,1.000000,1.000000,{"1":75},1.000000,0.000000,0.000000,0.000000,1.000000,0.000000,-1.000000
0.036824528,5,139,read_only,64,50,1.000000,1.000000,1.000000,{"1":50},1.000000,0.000000,0.000000,0.000000,1.000000,0.000000,-1.000000
0.036824528,5,139,union,64,50,1.000000,1.000000,1.000000,{"1":50},1.000000,0.000000,0.000000,0.000000,1.000000,0.000000,-1.000000
0.036824528,5,139,read_only,256,50,1.000000,1.000000,1.000000,{"1":50},1.000000,0.000000,0.000000,0.000000,1.000000,0.000000,-1.000000
0.036824528,5,139,union,256,50,1.000000,1.000000,1.000000,{"1":50},1.000000,0.000000,0.000000,0.000000,1.000000,0.000000,-1.000000
0.036824528,5,139,read_only,1024,13,1.000000,1.000000,1.000000,{"1":50},1.000000,0.000000,0.000000,0.000000,1.000000,0.000000,-1.000000
0.036824528,5,139,union,1024,13,1.000000,1.000000,1.000000,{"1":50},1.000000,0.000000,0.000000,0.000000,1.000000,0.000000,-1.000000
0.036824528,5,139,read_only,4096,4,1.000000,1.000000,1.000000,{"1":50},1.000000,0.000000,0.000000,0.000000,1.000000,0.000000,-1.000000
0.036824528,5,139,union,4096,4,1.000000,1.000000,1.000000,{"1":50},1.000000,0.000000,0.000000,0.000000,1.000000,0.000000,-1.000000
0.036824528,5,139,read_only,16384,2,1.000000,1.000000,1.000000,{"1":50},1.000000,0.000000,0.000000,0.000000,1.000000,0.000000,-1.000000
0.036824528,5,139,union,16384,2,1.000000,1.000000,1.000000,{"1":50},1.000000,0.000000,0.000000,0.000000,1.000000,0.000000,-1.000000
0.037059244,5,140,read_only,64,32,1.000000,1.000000,1.000000,{"1":32},1.000000,0.000000,0.000000,0.000000,1.000000,0.000000,-1.000000
0.037059244,5,140,union,64,32,1.000000,1.000000,1.000000,{"1":32},1.000000,0.000000,0.000000,0.000000,1.000000,0.000000,-1.000000
0.037059244,5,140,snapshot,64,32,1.000000,1.000000,1.000000,{"1":32},1.000000,0.000000,0.000000,0.000000,1.000000,0.000000,-1.000000
0.037059244,5,140,read_only,256,32,1.000000,1.000000,1.000000,{"1":32},1.000000,0.000000,0.000000,0.000000,1.000000,0.000000,-1.000000
0.037059244,5,140,union,256,32,1.000000,1.000000,1.000000,{"1":32},1.000000,0.000000,0.000000,0.000000,1.000000,0.000000,-1.000000
0.037059244,5,140,snapshot,256,32,1.000000,1.000000,1.000000,{"1":32},1.000000,0.000000,0.000000,0.000000,1.000000,0.000000,-1.000000
0.037059244,5,140,read_only,1024,8,1.000000,1.000000,1.000000,{"1":32},1.000000,0.000000,0.000000,0.000000,1.000000,0.000000,-1.000000
0.037059244,5,140,union,1024,8,1.000000,1.000000,1.000000,{"1":32},1.000000,0.000000,0.000000,0.000000,1.000000,0.000000,-1.000000
0.037059244,5,140,snapshot,1024,8,1.000000,1.000000,1.000000,{"1":32},1.000000,0.000000,0.000000,0.000000,1.000000,0.000000,-1.000000
0.037059244,5,140,read_only,4096,2,1.000000,1.000000,1.000000,{"1":32},1.000000,0.000000,0.000000,0.000000,1.000000,0.000000,-1.000000
0.037059244,5,140,union,4096,2,1.000000,1.000000,1.000000,{"1":32},1.000000,0.000000,0.000000,0.000000,1.000000,0.000000,-1.000000
0.037059244,5,140,snapshot,4096,2,1.000000,1.000000,1.000000,{"1":32},1.000000,0.000000,0.000000,0.000000,1.000000,0.000000,-1.000000
0.037059244,5,140,read_only,16384,2,1.000000,1.000000,1.000000,{"1":32},1.000000,0.000000,0.000000,0.000000,1.000000,0.000000,-1.000000
0.037059244,5,140,union,16384,2,1.000000,1.000000,1.000000,{"1":32},1.000000,0.000000,0.000000,0.000000,1.000000,0.000000,-1.000000
0.037059244,5,140,snapshot,16384,2,1.000000,1.000000,1.000000,{"1":32},1.000000,0.000000,0.000000,0.000000,1.000000,0.000000,-1.000000
0.037355351,5,141,read_only,64,50,1.000000,1.000000,1.000000,{"1":50},1.000000,0.000000,0.000000,0.000000,1.000000,0.000000,-1.000000
0.037355351,5,141,union,64,50,1.000000,1.000000,1.000000,{"1":50},1.000000,0.000000,0.000000,0.000000,1.000000,0.000000,-1.000000
0.037355351,5,141,snapshot,64,82,1.000000,1.000000,1.000000,{"1":82},1.000000,0.000000,0.000000,0.000000,1.000000,0.000000,-1.000000
0.037355351,5,141,read_only,256,50,1.000000,1.000000,1.000000,{"1":50},1.000000,0.000000,0.000000,0.000000,1.000000,0.000000,-1.000000
0.037355351,5,141,union,256,50,1.000000,1.000000,1.000000,{"1":50},1.000000,0.000000,0.000000,0.000000,1.000000,0.000000,-1.000000
0.037355351,5,141,snapshot,256,82,1.000000,1.000000,1.000000,{"1":82},1.000000,0.000000,0.000000,0.000000,1.000000,0.000000,-1.000000
0.037355351,5,141,read_only,1024,13,1.000000,1.000000,1.000000,{"1":50},1.000000,0.000000,0.000000,0.000000,1.000000,0.000000,-1.000000
0.037355351,5,141,union,1024,13,1.000000,1.000000,1.000000,{"1":50},1.000000,0.000000,0.000000,0.000000,1.000000,0.000000,-1.000000
0.037355351,5,141,snapshot,1024,21,1.000000,1.000000,1.000000,{"1":82},1.000000,0.000000,0.000000,0.000000,1.000000,0.000000,-1.000000
0.037355351,5,141,read_only,4096,4,1.000000,1.000000,1.000000,{"1":50},1.000000,0.000000,0.000000,0.000000,1.000000,0.000000,-1.000000
0.037355351,5,141,union,4096,4,1.000000,1.000000,1.000000,{"1":50},1.000000,0.000000,0.000000,0.000000,1.000000,0.000000,-1.000000
0.037355351,5,141,snapshot,4096,6,1.000000,1.000000,1.000000,{"1":82},1.000000,0.000000,0.000000,0.000000,1.000000,0.000000,-1.000000
0.037355351,5,141,read_only,16384,2,1.000000,1.000000,1.000000,{"1":50},1.000000,0.000000,0.000000,0.000000,1.000000,0.000000,-1.000000
0.037355351,5,141,union,16384,2,1.000000,1.000000,1.000000,{"1":50},1.000000,0.000000,0.000000,0.000000,1.000000,0.000000,-1.000000
0.037355351,5,141,snapshot,16384,4,1.000000,1.000000,1.000000,{"1":82},1.000000,0.000000,0.000000,0.000000,1.000000,0.000000,-1.000000
0.037598354,5,142,read_only,64,37,1.000000,1.000000,1.000000,{"1":37},1.000000,0.000000,0.000000,0.000000,1.000000,0.000000,-1.000000
0.037598354,5,142,union,64,37,1.000000,1.000000,1.000000,{"1":37},1.000000,0.000000,0.000000,0.000000,1.000000,0.000000,-1.000000
0.037598354,5,142,snapshot,64,119,1.000000,1.000000,1.000000,{"1":119},1.000000,0.000000,0.000000,0.000000,1.000000,0.000000,-1.000000
0.037598354,5,142,read_only,256,37,1.000000,1.000000,1.000000,{"1":37},1.000000,0.000000,0.000000,0.000000,1.000000,0.000000,-1.000000
0.037598354,5,142,union,256,37,1.000000,1.000000,1.000000,{"1":37},1.000000,0.000000,0.000000,0.000000,1.000000,0.000000,-1.000000
0.037598354,5,142,snapshot,256,119,1.000000,1.000000,1.000000,{"1":119},1.000000,0.000000,0.000000,0.000000,1.000000,0.000000,-1.000000
0.037598354,5,142,read_only,1024,10,1.000000,1.000000,1.000000,{"1":37},1.000000,0.000000,0.000000,0.000000,1.000000,0.000000,-1.000000
0.037598354,5,142,union,1024,10,1.000000,1.000000,1.000000,{"1":37},1.000000,0.000000,0.000000,0.000000,1.000000,0.000000,-1.000000
0.037598354,5,142,snapshot,1024,31,1.000000,1.000000,1.000000,{"1":119},1.000000,0.000000,0.000000,0.000000,1.000000,0.000000,-1.000000
0.037598354,5,142,read_only,4096,4,1.000000,1.000000,1.000000,{"1":37},1.000000,0.000000,0.000000,0.000000,1.000000,0.000000,-1.000000
0.037598354,5,142,union,4096,4,1.000000,1.000000,1.000000,{"1":37},1.000000,0.000000,0.000000,0.000000,1.000000,0.000000,-1.000000
0.037598354,5,142,snapshot,4096,10,1.000000,1.000000,1.000000,{"1":119},1.000000,0.000000,0.000000,0.000000,1.000000,0.000000,-1.000000
0.037598354,5,142,read_only,16384,2,1.000000,1.000000,1.000000,{"1":37},1.000000,0.000000,0.000000,0.000000,1.000000,0.000000,-1.000000
0.037598354,5,142,union,16384,2,1.000000,1.000000,1.000000,{"1":37},1.000000,0.000000,0.000000,0.000000,1.000000,0.000000,-1.000000
0.037598354,5,142,snapshot,16384,6,1.000000,1.000000,1.000000,{"1":119},1.000000,0.000000,0.000000,0.000000,1.000000,0.000000,-1.000000
0.037843251,5,143,read_only,64,157,1.000000,1.000000,1.000000,{"1":157},1.000000,0.000000,0.000000,0.000000,1.000000,0.000000,-1.000000
0.037843251,5,143,union,64,157,1.000000,1.000000,1.000000,{"1":157},1.000000,0.000000,0.000000,0.000000,1.000000,0.000000,-1.000000
0.037843251,5,143,snapshot,64,276,1.000000,1.000000,1.000000,{"1":276},1.000000,0.000000,0.000000,0.000000,1.000000,0.000000,-1.000000
0.037843251,5,143,read_only,256,157,1.000000,1.000000,1.000000,{"1":157},1.000000,0.000000,0.000000,0.000000,1.000000,0.000000,-1.000000
0.037843251,5,143,union,256,157,1.000000,1.000000,1.000000,{"1":157},1.000000,0.000000,0.000000,0.000000,1.000000,0.000000,-1.000000
0.037843251,5,143,snapshot,256,276,1.000000,1.000000,1.000000,{"1":276},1.000000,0.000000,0.000000,0.000000,1.000000,0.000000,-1.000000
0.037843251,5,143,read_only,1024,40,1.000000,1.000000,1.000000,{"1":157},1.000000,0.000000,0.000000,0.000000,1.000000,0.000000,-1.000000
0.037843251,5,143,union,1024,40,1.000000,1.000000,1.000000,{"1":157},1.000000,0.000000,0.000000,0.000000,1.000000,0.000000,-1.000000
0.037843251,5,143,snapshot,1024,71,1.000000,1.000000,1.000000,{"1":276},1.000000,0.000000,0.000000,0.000000,1.000000,0.000000,-1.000000
0.037843251,5,143,read_only,4096,10,1.000000,1.000000,1.000000,{"1":157},1.000000,0.000000,0.000000,0.000000,1.000000,0.000000,-1.000000
0.037843251,5,143,union,4096,10,1.000000,1.000000,1.000000,{"1":157},1.000000,0.000000,0.000000,0.000000,1.000000,0.000000,-1.000000
0.037843251,5,143,snapshot,4096,20,1.000000,1.000000,1.000000,{"1":276},1.000000,0.000000,0.000000,0.000000,1.000000,0.000000,-1.000000
0.037843251,5,143,read_only,16384,3,1.000000,1.000000,1.000000,{"1":157},1.000000,0.000000,0.000000,0.000000,1.000000,0.000000,-1.000000
0.037843251,5,143,union,16384,3,1.000000,1.000000,1.000000,{"1":157},1.000000,0.000000,0.000000,0.000000,1.000000,0.000000,-1.000000
0.037843251,5,143,snapshot,16384,9,1.000000,1.000000,1.000000,{"1":276},1.000000,0.000000,0.000000,0.000000,1.000000,0.000000,-1.000000
0.038108633,5,144,snapshot,64,276,1.000000,1.000000,1.000000,{"1":276},1.000000,0.000000,0.000000,0.000000,1.000000,0.000000,-1.000000
0.038108633,5,144,snapshot,256,276,1.000000,1.000000,1.000000,{"1":276},1.000000,0.000000,0.000000,0.000000,1.000000,0.000000,-1.000000
0.038108633,5,144,snapshot,1024,71,1.000000,1.000000,1.000000,{"1":276},1.000000,0.000000,0.000000,0.000000,1.000000,0.000000,-1.000000
0.038108633,5,144,snapshot,4096,20,1.000000,1.000000,1.000000,{"1":276},1.000000,0.000000,0.000000,0.000000,1.000000,0.000000,-1.000000
0.038108633,5,144,snapshot,16384,9,1.000000,1.000000,1.000000,{"1":276},1.000000,0.000000,0.000000,0.000000,1.000000,0.000000,-1.000000
0.038385500,5,145,read_only,64,2,1.000000,1.000000,1.000000,{"1":2},1.000000,0.000000,0.000000,0.000000,1.000000,0.000000,-1.000000
0.038385500,5,145,union,64,2,1.000000,1.000000,1.000000,{"1":2},1.000000,0.000000,0.000000,0.000000,1.000000,0.000000,-1.000000
0.038385500,5,145,snapshot,64,278,1.000000,1.000000,1.000000,{"1":278},1.000000,0.000000,0.000000,0.000000,1.000000,0.000000,-1.000000
0.038385500,5,145,read_only,256,2,1.000000,1.000000,1.000000,{"1":2},1.000000,0.000000,0.000000,0.000000,1.000000,0.000000,-1.000000
0.038385500,5,145,union,256,2,1.000000,1.000000,1.000000,{"1":2},1.000000,0.000000,0.000000,0.000000,1.000000,0.000000,-1.000000
0.038385500,5,145,snapshot,256,278,1.000000,1.000000,1.000000,{"1":278},1.000000,0.000000,0.000000,0.000000,1.000000,0.000000,-1.000000
0.038385500,5,145,read_only,1024,1,1.000000,1.000000,1.000000,{"1":2},1.000000,0.000000,0.000000,0.000000,1.000000,0.000000,-1.000000
0.038385500,5,145,union,1024,1,1.000000,1.000000,1.000000,{"1":2},1.000000,0.000000,0.000000,0.000000,1.000000,0.000000,-1.000000
0.038385500,5,145,snapshot,1024,72,1.000000,1.000000,1.000000,{"1":278},1.000000,0.000000,0.000000,0.000000,1.000000,0.000000,-1.000000
0.038385500,5,145,read_only,4096,1,1.000000,1.000000,1.000000,{"1":2},1.000000,0.000000,0.000000,0.000000,1.000000,0.000000,-1.000000
0.038385500,5,145,union,4096,1,1.000000,1.000000,1.000000,{"1":2},1.000000,0.000000,0.000000,0.000000,1.000000,0.000000,-1.000000
0.038385500,5,145,snapshot,4096,21,1.000000,1.000000,1.000000,{"1":278},1.000000,0.000000,0.000000,0.000000,1.000000,0.000000,-1.000000
0.038385500,5,145,read_only,16384,1,1.000000,1.000000,1.000000,{"1":2},1.000000,0.000000,0.000000,0.000000,1.000000,0.000000,-1.000000
0.038385500,5,145,union,16384,1,1.000000,1.000000,1.000000,{"1":2},1.000000,0.000000,0.000000,0.000000,1.000000,0.000000,-1.000000
0.038385500,5,145,snapshot,16384,10,1.000000,1.000000,1.000000,{"1":278},1.000000,0.000000,0.000000,0.000000,1.000000,0.000000,-1.000000
0.038617534,5,146,snapshot,64,278,1.000000,1.000000,1.000000,{"1":278},1.000000,0.000000,0.000000,0.000000,1.000000,0.000000,-1.000000
0.038617534,5,146,snapshot,256,278,1.000000,1.000000,1.000000,{"1":278},1.000000,0.000000,0.000000,0.000000,1.000000,0.000000,-1.000000
0.038617534,5,146,snapshot,1024,72,1.000000,1.000000,1.000000,{"1":278},1.000000,0.000000,0.000000,0.000000,1.000000,0.000000,-1.000000
0.038617534,5,146,snapshot,4096,21,1.000000,1.000000,1.000000,{"1":278},1.000000,0.000000,0.000000,0.000000,1.000000,0.000000,-1.000000
0.038617534,5,146,snapshot,16384,10,1.000000,1.000000,1.000000,{"1":278},1.000000,0.000000,0.000000,0.000000,1.000000,0.000000,-1.000000
0.038851929,5,147,read_only,64,32,1.000000,1.000000,1.000000,{"1":32},1.000000,0.000000,0.000000,0.000000,1.000000,0.000000,-1.000000
0.038851929,5,147,union,64,32,1.000000,1.000000,1.000000,{"1":32},1.000000,0.000000,0.000000,0.000000,1.000000,0.000000,-1.000000
0.038851929,5,147,snapshot,64,310,1.000000,1.000000,1.000000,{"1":310},1.000000,0.000000,0.000000,0.000000,1.000000,0.000000,-1.000000
0.038851929,5,147,read_only,256,32,1.000000,1.000000,1.000000,{"1":32},1.000000,0.000000,0.000000,0.000000,1.000000,0.000000,-1.000000
0.038851929,5,147,union,256,32,1.000000,1.000000,1.000000,{"1":32},1.000000,0.000000,0.000000,0.000000,1.000000,0.000000,-1.000000
0.038851929,5,147,snapshot,256,310,1.000000,1.000000,1.000000,{"1":310},1.000000,0.000000,0.000000,0.000000,1.000000,0.000000,-1.000000
0.038851929,5,147,read_only,1024,8,1.000000,1.000000,1.000000,{"1":32},1.000000,0.000000,0.000000,0.000000,1.000000,0.000000,-1.000000
0.038851929,5,147,union,1024,8,1.000000,1.000000,1.000000,{"1":32},1.000000,0.000000,0.000000,0.000000,1.000000,0.000000,-1.000000
0.038851929,5,147,snapshot,1024,80,1.000000,1.000000,1.000000,{"1":310},1.000000,0.000000,0.000000,0.000000,1.000000,0.000000,-1.000000
0.038851929,5,147,read_only,4096,2,1.000000,1.000000,1.000000,{"1":32},1.000000,0.000000,0.000000,0.000000,1.000000,0.000000,-1.000000
0.038851929,5,147,union,4096,2,1.000000,1.000000,1.000000,{"1":32},1.000000,0.000000,0.000000,0.000000,1.000000,0.000000,-1.000000
0.038851929,5,147,snapshot,4096,23,1.000000,1.000000,1.000000,{"1":310},1.000000,0.000000,0.000000,0.000000,1.000000,0.000000,-1.000000
0.038851929,5,147,read_only,16384,2,1.000000,1.000000,1.000000,{"1":32},1.000000,0.000000,0.000000,0.000000,1.000000,0.000000,-1.000000
0.038851929,5,147,union,16384,2,1.000000,1.000000,1.000000,{"1":32},1.000000,0.000000,0.000000,0.000000,1.000000,0.000000,-1.000000
0.038851929,5,147,snapshot,16384,12,1.000000,1.000000,1.000000,{"1":310},1.000000,0.000000,0.000000,0.000000,1.000000,0.000000,-1.000000
0.039146728,5,148,snapshot,64,310,1.000000,1.000000,1.000000,{"1":310},1.000000,0.000000,0.000000,0.000000,1.000000,0.000000,-1.000000
0.039146728,5,148,snapshot,256,310,1.000000,1.000000,1.000000,{"1":310},1.000000,0.000000,0.000000,0.000000,1.000000,0.000000,-1.000000
0.039146728,5,148,snapshot,1024,80,1.000000,1.000000,1.000000,{"1":310},1.000000,0.000000,0.000000,0.000000,1.000000,0.000000,-1.000000
0.039146728,5,148,snapshot,4096,23,1.000000,1.000000,1.000000,{"1":310},1.000000,0.000000,0.000000,0.000000,1.000000,0.000000,-1.000000
0.039146728,5,148,snapshot,16384,12,1.000000,1.000000,1.000000,{"1":310},1.000000,0.000000,0.000000,0.000000,1.000000,0.000000,-1.000000
0.039410753,5,149,read_only,64,285,1.000000,1.000000,1.000000,{"1":285},1.000000,0.000000,0.000000,0.000000,1.000000,0.000000,-1.000000
0.039410753,5,149,union,64,285,1.000000,1.000000,1.000000,{"1":285},1.000000,0.000000,0.000000,0.000000,1.000000,0.000000,-1.000000
0.039410753,5,149,snapshot,64,595,1.000000,1.000000,1.000000,{"1":595},1.000000,0.000000,0.000000,0.000000,1.000000,0.000000,-1.000000
0.039410753,5,149,read_only,256,285,1.000000,1.000000,1.000000,{"1":285},1.000000,0.000000,0.000000,0.000000,1.000000,0.000000,-1.000000
0.039410753,5,149,union,256,285,1.000000,1.000000,1.000000,{"1":285},1.000000,0.000000,0.000000,0.000000,1.000000,0.000000,-1.000000
0.039410753,5,149,snapshot,256,595,1.000000,1.000000,1.000000,{"1":595},1.000000,0.000000,0.000000,0.000000,1.000000,0.000000,-1.000000
0.039410753,5,149,read_only,1024,72,1.000000,1.000000,1.000000,{"1":285},1.000000,0.000000,0.000000,0.000000,1.000000,0.000000,-1.000000
0.039410753,5,149,union,1024,72,1.000000,1.000000,1.000000,{"1":285},1.000000,0.000000,0.000000,0.000000,1.000000,0.000000,-1.000000
0.039410753,5,149,snapshot,1024,152,1.000000,1.000000,1.000000,{"1":595},1.000000,0.000000,0.000000,0.000000,1.000000,0.000000,-1.000000
0.039410753,5,149,read_only,4096,18,1.000000,1.000000,1.000000,{"1":285},1.000000,0.000000,0.000000,0.000000,1.000000,0.000000,-1.000000
0.039410753,5,149,union,4096,18,1.000000,1.000000,1.000000,{"1":285},1.000000,0.000000,0.000000,0.000000,1.000000,0.000000,-1.000000
0.039410753,5,149,snapshot,4096,41,1.000000,1.000000,1.000000,{"1":595},1.000000,0.000000,0.000000,0.000000,1.000000,0.000000,-1.000000
0.039410753,5,149,read_only,16384,5,0.200000,0.611749,0.200000,{"1":285},0.200000,0.200000,0.600000,0.000000,0.200000,0.000000,0.000000
0.039410753,5,149,union,16384,5,0.200000,0.611749,0.200000,{"1":285},0.200000,0.200000,0.600000,0.000000,0.200000,0.000000,0.000000
0.039410753,5,149,snapshot,16384,17,0.764706,0.885808,0.764706,{"1":595},0.764706,0.058824,0.176471,0.000000,0.764706,0.000000,0.000000
0.039723564,5,150,read_only,64,16,1.000000,1.000000,1.000000,{"1":16},1.000000,0.000000,0.000000,0.000000,1.000000,0.000000,-1.000000
0.039723564,5,150,union,64,16,1.000000,1.000000,1.000000,{"1":16},1.000000,0.000000,0.000000,0.000000,1.000000,0.000000,-1.000000
0.039723564,5,150,snapshot,64,611,1.000000,1.000000,1.000000,{"1":611},1.000000,0.000000,0.000000,0.000000,1.000000,0.000000,-1.000000
0.039723564,5,150,read_only,256,16,1.000000,1.000000,1.000000,{"1":16},1.000000,0.000000,0.000000,0.000000,1.000000,0.000000,-1.000000
0.039723564,5,150,union,256,16,1.000000,1.000000,1.000000,{"1":16},1.000000,0.000000,0.000000,0.000000,1.000000,0.000000,-1.000000
0.039723564,5,150,snapshot,256,611,1.000000,1.000000,1.000000,{"1":611},1.000000,0.000000,0.000000,0.000000,1.000000,0.000000,-1.000000
0.039723564,5,150,read_only,1024,4,1.000000,1.000000,1.000000,{"1":16},1.000000,0.000000,0.000000,0.000000,1.000000,0.000000,-1.000000
0.039723564,5,150,union,1024,4,1.000000,1.000000,1.000000,{"1":16},1.000000,0.000000,0.000000,0.000000,1.000000,0.000000,-1.000000
0.039723564,5,150,snapshot,1024,156,1.000000,1.000000,1.000000,{"1":611},1.000000,0.000000,0.000000,0.000000,1.000000,0.000000,-1.000000
0.039723564,5,150,read_only,4096,1,1.000000,1.000000,1.000000,{"1":16},1.000000,0.000000,0.000000,0.000000,1.000000,0.000000,-1.000000
0.039723564,5,150,union,4096,1,1.000000,1.000000,1.000000,{"1":16},1.000000,0.000000,0.000000,0.000000,1.000000,0.000000,-1.000000
0.039723564,5,150,snapshot,4096,42,1.000000,1.000000,1.000000,{"1":611},1.000000,0.000000,0.000000,0.000000,1.000000,0.000000,-1.000000
0.039723564,5,150,read_only,16384,1,1.000000,1.000000,1.000000,{"1":16},1.000000,0.000000,0.000000,0.000000,1.000000,0.000000,-1.000000
0.039723564,5,150,union,16384,1,1.000000,1.000000,1.000000,{"1":16},1.000000,0.000000,0.000000,0.000000,1.000000,0.000000,-1.000000
0.039723564,5,150,snapshot,16384,18,0.777778,0.892152,0.777778,{"1":611},0.777778,0.055556,0.166667,0.000000,0.777778,0.000000,0.000000
0.040769558,5,154,read_only,64,144,1.000000,1.000000,1.000000,{"1":144},1.000000,0.000000,0.000000,0.000000,1.000000,0.000000,-1.000000
0.040769558,5,154,union,64,144,1.000000,1.000000,1.000000,{"1":144},1.000000,0.000000,0.000000,0.000000,1.000000,0.000000,-1.000000
0.040769558,5,154,snapshot,64,144,1.000000,1.000000,1.000000,{"1":144},1.000000,0.000000,0.000000,0.000000,1.000000,0.000000,-1.000000
0.040769558,5,154,read_only,256,144,1.000000,1.000000,1.000000,{"1":144},1.000000,0.000000,0.000000,0.000000,1.000000,0.000000,-1.000000
0.040769558,5,154,union,256,144,1.000000,1.000000,1.000000,{"1":144},1.000000,0.000000,0.000000,0.000000,1.000000,0.000000,-1.000000
0.040769558,5,154,snapshot,256,144,1.000000,1.000000,1.000000,{"1":144},1.000000,0.000000,0.000000,0.000000,1.000000,0.000000,-1.000000
0.040769558,5,154,read_only,1024,36,1.000000,1.000000,1.000000,{"1":144},1.000000,0.000000,0.000000,0.000000,1.000000,0.000000,-1.000000
0.040769558,5,154,union,1024,36,1.000000,1.000000,1.000000,{"1":144},1.000000,0.000000,0.000000,0.000000,1.000000,0.000000,-1.000000
0.040769558,5,154,snapshot,1024,36,1.000000,1.000000,1.000000,{"1":144},1.000000,0.000000,0.000000,0.000000,1.000000,0.000000,-1.000000
0.040769558,5,154,read_only,4096,9,1.000000,1.000000,1.000000,{"1":144},1.000000,0.000000,0.000000,0.000000,1.000000,0.000000,-1.000000
0.040769558,5,154,union,4096,9,1.000000,1.000000,1.000000,{"1":144},1.000000,0.000000,0.000000,0.000000,1.000000,0.000000,-1.000000
0.040769558,5,154,snapshot,4096,9,1.000000,1.000000,1.000000,{"1":144},1.000000,0.000000,0.000000,0.000000,1.000000,0.000000,-1.000000
0.040769558,5,154,read_only,16384,3,0.333333,0.750000,0.333333,{"1":144},0.333333,0.666667,0.000000,0.000000,0.333333,0.000000,0.000000
0.040769558,5,154,union,16384,3,0.333333,0.750000,0.333333,{"1":144},0.333333,0.666667,0.000000,0.000000,0.333333,0.000000,0.000000
0.040769558,5,154,snapshot,16384,3,0.333333,0.750000,0.333333,{"1":144},0.333333,0.666667,0.000000,0.000000,0.333333,0.000000,0.000000
0.041033323,5,155,read_only,64,568,1.000000,1.000000,1.000000,{"1":568},1.000000,0.000000,0.000000,0.000000,1.000000,0.000000,-1.000000
0.041033323,5,155,union,64,568,1.000000,1.000000,1.000000,{"1":568},1.000000,0.000000,0.000000,0.000000,1.000000,0.000000,-1.000000
0.041033323,5,155,snapshot,64,712,1.000000,1.000000,1.000000,{"1":712},1.000000,0.000000,0.000000,0.000000,1.000000,0.000000,-1.000000
0.041033323,5,155,read_only,256,568,1.000000,1.000000,1.000000,{"1":568},1.000000,0.000000,0.000000,0.000000,1.000000,0.000000,-1.000000
0.041033323,5,155,union,256,568,1.000000,1.000000,1.000000,{"1":568},1.000000,0.000000,0.000000,0.000000,1.000000,0.000000,-1.000000
0.041033323,5,155,snapshot,256,712,1.000000,1.000000,1.000000,{"1":712},1.000000,0.000000,0.000000,0.000000,1.000000,0.000000,-1.000000
0.041033323,5,155,read_only,1024,144,0.958333,0.989583,0.958333,{"1":568},0.958333,0.041667,0.000000,0.000000,0.958333,0.000000,0.000000
0.041033323,5,155,union,1024,144,0.958333,0.989583,0.958333,{"1":568},0.958333,0.041667,0.000000,0.000000,0.958333,0.000000,0.000000
0.041033323,5,155,snapshot,1024,180,0.966667,0.991667,0.966667,{"1":712},0.966667,0.033333,0.000000,0.000000,0.966667,0.000000,0.000000
0.041033323,5,155,read_only,4096,39,0.948718,0.983974,0.948718,{"1":568},0.948718,0.051282,0.000000,0.000000,0.948718,0.000000,0.000000
0.041033323,5,155,union,4096,39,0.948718,0.983974,0.948718,{"1":568},0.948718,0.051282,0.000000,0.000000,0.948718,0.000000,0.000000
0.041033323,5,155,snapshot,4096,48,0.958333,0.986979,0.958333,{"1":712},0.958333,0.041667,0.000000,0.000000,0.958333,0.000000,0.000000
0.041033323,5,155,read_only,16384,12,0.833333,0.923138,0.833333,{"1":568},0.833333,0.166667,0.000000,0.000000,0.833333,0.000000,0.000000
0.041033323,5,155,union,16384,12,0.833333,0.923138,0.833333,{"1":568},0.833333,0.166667,0.000000,0.000000,0.833333,0.000000,0.000000
0.041033323,5,155,snapshot,16384,15,0.733333,0.888510,0.733333,{"1":712},0.733333,0.266667,0.000000,0.000000,0.733333,0.000000,0.000000
0.041295888,5,156,read_only,64,216,1.000000,1.000000,1.000000,{"1":216},1.000000,0.000000,0.000000,0.000000,1.000000,0.000000,-1.000000
0.041295888,5,156,union,64,216,1.000000,1.000000,1.000000,{"1":216},1.000000,0.000000,0.000000,0.000000,1.000000,0.000000,-1.000000
0.041295888,5,156,snapshot,64,928,1.000000,1.000000,1.000000,{"1":928},1.000000,0.000000,0.000000,0.000000,1.000000,0.000000,-1.000000
0.041295888,5,156,read_only,256,216,1.000000,1.000000,1.000000,{"1":216},1.000000,0.000000,0.000000,0.000000,1.000000,0.000000,-1.000000
0.041295888,5,156,union,256,216,1.000000,1.000000,1.000000,{"1":216},1.000000,0.000000,0.000000,0.000000,1.000000,0.000000,-1.000000
0.041295888,5,156,snapshot,256,928,1.000000,1.000000,1.000000,{"1":928},1.000000,0.000000,0.000000,0.000000,1.000000,0.000000,-1.000000
0.041295888,5,156,read_only,1024,56,1.000000,1.000000,1.000000,{"1":216},1.000000,0.000000,0.000000,0.000000,1.000000,0.000000,-1.000000
0.041295888,5,156,union,1024,56,1.000000,1.000000,1.000000,{"1":216},1.000000,0.000000,0.000000,0.000000,1.000000,0.000000,-1.000000
0.041295888,5,156,snapshot,1024,232,0.974138,0.993534,0.974138,{"1":928},0.974138,0.025862,0.000000,0.000000,0.974138,0.000000,0.000000
0.041295888,5,156,read_only,4096,16,1.000000,1.000000,1.000000,{"1":216},1.000000,0.000000,0.000000,0.000000,1.000000,0.000000,-1.000000
0.041295888,5,156,union,4096,16,1.000000,1.000000,1.000000,{"1":216},1.000000,0.000000,0.000000,0.000000,1.000000,0.000000,-1.000000
0.041295888,5,156,snapshot,4096,58,0.965517,0.989224,0.965517,{"1":928},0.965517,0.034483,0.000000,0.000000,0.965517,0.000000,0.000000
0.041295888,5,156,read_only,16384,5,0.800000,0.928889,0.800000,{"1":216},0.800000,0.200000,0.000000,0.000000,0.800000,0.000000,0.000000
0.041295888,5,156,union,16384,5,0.800000,0.928889,0.800000,{"1":216},0.800000,0.200000,0.000000,0.000000,0.800000,0.000000,0.000000
0.041295888,5,156,snapshot,16384,17,0.705882,0.900735,0.705882,{"1":928},0.705882,0.294118,0.000000,0.000000,0.705882,0.000000,0.000000
0.041573335,5,157,snapshot,64,928,1.000000,1.000000,1.000000,{"1":928},1.000000,0.000000,0.000000,0.000000,1.000000,0.000000,-1.000000
0.041573335,5,157,snapshot,256,928,1.000000,1.000000,1.000000,{"1":928},1.000000,0.000000,0.000000,0.000000,1.000000,0.000000,-1.000000
0.041573335,5,157,snapshot,1024,232,0.974138,0.993534,0.974138,{"1":928},0.974138,0.025862,0.000000,0.000000,0.974138,0.000000,0.000000
0.041573335,5,157,snapshot,4096,58,0.965517,0.989224,0.965517,{"1":928},0.965517,0.034483,0.000000,0.000000,0.965517,0.000000,0.000000
0.041573335,5,157,snapshot,16384,17,0.705882,0.900735,0.705882,{"1":928},0.705882,0.294118,0.000000,0.000000,0.705882,0.000000,0.000000
0.041811621,5,158,read_only,64,2,1.000000,1.000000,1.000000,{"1":2},1.000000,0.000000,0.000000,0.000000,1.000000,0.000000,-1.000000
0.041811621,5,158,union,64,2,1.000000,1.000000,1.000000,{"1":2},1.000000,0.000000,0.000000,0.000000,1.000000,0.000000,-1.000000
0.041811621,5,158,snapshot,64,930,1.000000,1.000000,1.000000,{"1":930},1.000000,0.000000,0.000000,0.000000,1.000000,0.000000,-1.000000
0.041811621,5,158,read_only,256,2,1.000000,1.000000,1.000000,{"1":2},1.000000,0.000000,0.000000,0.000000,1.000000,0.000000,-1.000000
0.041811621,5,158,union,256,2,1.000000,1.000000,1.000000,{"1":2},1.000000,0.000000,0.000000,0.000000,1.000000,0.000000,-1.000000
0.041811621,5,158,snapshot,256,930,1.000000,1.000000,1.000000,{"1":930},1.000000,0.000000,0.000000,0.000000,1.000000,0.000000,-1.000000
0.041811621,5,158,read_only,1024,1,1.000000,1.000000,1.000000,{"1":2},1.000000,0.000000,0.000000,0.000000,1.000000,0.000000,-1.000000
0.041811621,5,158,union,1024,1,1.000000,1.000000,1.000000,{"1":2},1.000000,0.000000,0.000000,0.000000,1.000000,0.000000,-1.000000
0.041811621,5,158,snapshot,1024,233,0.974249,0.993562,0.974249,{"1":930},0.974249,0.025751,0.000000,0.000000,0.974249,0.000000,0.000000
0.041811621,5,158,read_only,4096,1,1.000000,1.000000,1.000000,{"1":2},1.000000,0.000000,0.000000,0.000000,1.000000,0.000000,-1.000000
0.041811621,5,158,union,4096,1,1.000000,1.000000,1.000000,{"1":2},1.000000,0.000000,0.000000,0.000000,1.000000,0.000000,-1.000000
0.041811621,5,158,snapshot,4096,59,0.966102,0.989407,0.966102,{"1":930},0.966102,0.033898,0.000000,0.000000,0.966102,0.000000,0.000000
0.041811621,5,158,read_only,16384,1,1.000000,1.000000,1.000000,{"1":2},1.000000,0.000000,0.000000,0.000000,1.000000,0.000000,-1.000000
0.041811621,5,158,union,16384,1,1.000000,1.000000,1.000000,{"1":2},1.000000,0.000000,0.000000,0.000000,1.000000,0.000000,-1.000000
0.041811621,5,158,snapshot,16384,17,0.647059,0.894199,0.647059,{"1":930},0.647059,0.352941,0.000000,0.000000,0.647059,0.000000,0.000000
0.042042937,5,159,snapshot,64,930,1.000000,1.000000,1.000000,{"1":930},1.000000,0.000000,0.000000,0.000000,1.000000,0.000000,-1.000000
0.042042937,5,159,snapshot,256,930,1.000000,1.000000,1.000000,{"1":930},1.000000,0.000000,0.000000,0.000000,1.000000,0.000000,-1.000000
0.042042937,5,159,snapshot,1024,233,0.974249,0.993562,0.974249,{"1":930},0.974249,0.025751,0.000000,0.000000,0.974249,0.000000,0.000000
0.042042937,5,159,snapshot,4096,59,0.966102,0.989407,0.966102,{"1":930},0.966102,0.033898,0.000000,0.000000,0.966102,0.000000,0.000000
0.042042937,5,159,snapshot,16384,17,0.647059,0.894199,0.647059,{"1":930},0.647059,0.352941,0.000000,0.000000,0.647059,0.000000,0.000000
0.042367284,5,160,read_only,64,339,1.000000,1.000000,1.000000,{"1":339},1.000000,0.000000,0.000000,0.000000,1.000000,0.000000,-1.000000
0.042367284,5,160,union,64,339,1.000000,1.000000,1.000000,{"1":339},1.000000,0.000000,0.000000,0.000000,1.000000,0.000000,-1.000000
0.042367284,5,160,snapshot,64,1269,1.000000,1.000000,1.000000,{"1":1269},1.000000,0.000000,0.000000,0.000000,1.000000,0.000000,-1.000000
0.042367284,5,160,read_only,256,339,1.000000,1.000000,1.000000,{"1":339},1.000000,0.000000,0.000000,0.000000,1.000000,0.000000,-1.000000
0.042367284,5,160,union,256,339,1.000000,1.000000,1.000000,{"1":339},1.000000,0.000000,0.000000,0.000000,1.000000,0.000000,-1.000000
0.042367284,5,160,snapshot,256,1269,1.000000,1.000000,1.000000,{"1":1269},1.000000,0.000000,0.000000,0.000000,1.000000,0.000000,-1.000000
0.042367284,5,160,read_only,1024,86,1.000000,1.000000,1.000000,{"1":339},1.000000,0.000000,0.000000,0.000000,1.000000,0.000000,-1.000000
0.042367284,5,160,union,1024,86,1.000000,1.000000,1.000000,{"1":339},1.000000,0.000000,0.000000,0.000000,1.000000,0.000000,-1.000000
0.042367284,5,160,snapshot,1024,319,0.981191,0.995298,0.981191,{"1":1269},0.981191,0.018809,0.000000,0.000000,0.981191,0.000000,0.000000
0.042367284,5,160,read_only,4096,23,1.000000,1.000000,1.000000,{"1":339},1.000000,0.000000,0.000000,0.000000,1.000000,0.000000,-1.000000
0.042367284,5,160,union,4096,23,1.000000,1.000000,1.000000,{"1":339},1.000000,0.000000,0.000000,0.000000,1.000000,0.000000,-1.000000
0.042367284,5,160,snapshot,4096,82,0.975610,0.992378,0.975610,{"1":1269},0.975610,0.024390,0.000000,0.000000,0.975610,0.000000,0.000000
0.042367284,5,160,read_only,16384,7,0.428571,0.809524,0.428571,{"1":339},0.428571,0.571429,0.000000,0.000000,0.428571,0.000000,0.000000
0.042367284,5,160,union,16384,7,0.428571,0.809524,0.428571,{"1":339},0.428571,0.571429,0.000000,0.000000,0.428571,0.000000,0.000000
0.042367284,5,160,snapshot,16384,24,0.583333,0.869502,0.583333,{"1":1269},0.583333,0.416667,0.000000,0.000000,0.583333,0.000000,0.000000
0.042641791,5,161,snapshot,64,1269,1.000000,1.000000,1.000000,{"1":1269},1.000000,0.000000,0.000000,0.000000,1.000000,0.000000,-1.000000
0.042641791,5,161,snapshot,256,1269,1.000000,1.000000,1.000000,{"1":1269},1.000000,0.000000,0.000000,0.000000,1.000000,0.000000,-1.000000
0.042641791,5,161,snapshot,1024,319,0.981191,0.995298,0.981191,{"1":1269},0.981191,0.018809,0.000000,0.000000,0.981191,0.000000,0.000000
0.042641791,5,161,snapshot,4096,82,0.975610,0.992378,0.975610,{"1":1269},0.975610,0.024390,0.000000,0.000000,0.975610,0.000000,0.000000
0.042641791,5,161,snapshot,16384,24,0.583333,0.869502,0.583333,{"1":1269},0.583333,0.416667,0.000000,0.000000,0.583333,0.000000,0.000000
0.042912118,5,162,read_only,64,32,1.000000,1.000000,1.000000,{"1":32},1.000000,0.000000,0.000000,0.000000,1.000000,0.000000,-1.000000
0.042912118,5,162,union,64,32,1.000000,1.000000,1.000000,{"1":32},1.000000,0.000000,0.000000,0.000000,1.000000,0.000000,-1.000000
0.042912118,5,162,snapshot,64,1301,1.000000,1.000000,1.000000,{"1":1301},1.000000,0.000000,0.000000,0.000000,1.000000,0.000000,-1.000000
0.042912118,5,162,read_only,256,32,1.000000,1.000000,1.000000,{"1":32},1.000000,0.000000,0.000000,0.000000,1.000000,0.000000,-1.000000
0.042912118,5,162,union,256,32,1.000000,1.000000,1.000000,{"1":32},1.000000,0.000000,0.000000,0.000000,1.000000,0.000000,-1.000000
0.042912118,5,162,snapshot,256,1301,1.000000,1.000000,1.000000,{"1":1301},1.000000,0.000000,0.000000,0.000000,1.000000,0.000000,-1.000000
0.042912118,5,162,read_only,1024,8,1.000000,1.000000,1.000000,{"1":32},1.000000,0.000000,0.000000,0.000000,1.000000,0.000000,-1.000000
0.042912118,5,162,union,1024,8,1.000000,1.000000,1.000000,{"1":32},1.000000,0.000000,0.000000,0.000000,1.000000,0.000000,-1.000000
0.042912118,5,162,snapshot,1024,327,0.981651,0.995413,0.981651,{"1":1301},0.981651,0.018349,0.000000,0.000000,0.981651,0.000000,0.000000
0.042912118,5,162,read_only,4096,2,1.000000,1.000000,1.000000,{"1":32},1.000000,0.000000,0.000000,0.000000,1.000000,0.000000,-1.000000
0.042912118,5,162,union,4096,2,1.000000,1.000000,1.000000,{"1":32},1.000000,0.000000,0.000000,0.000000,1.000000,0.000000,-1.000000
0.042912118,5,162,snapshot,4096,84,0.976190,0.992560,0.976190,{"1":1301},0.976190,0.023810,0.000000,0.000000,0.976190,0.000000,0.000000
0.042912118,5,162,read_only,16384,1,1.000000,1.000000,1.000000,{"1":32},1.000000,0.000000,0.000000,0.000000,1.000000,0.000000,-1.000000
0.042912118,5,162,union,16384,1,1.000000,1.000000,1.000000,{"1":32},1.000000,0.000000,0.000000,0.000000,1.000000,0.000000,-1.000000
0.042912118,5,162,snapshot,16384,25,0.600000,0.874722,0.600000,{"1":1301},0.600000,0.400000,0.000000,0.000000,0.600000,0.000000,0.000000
0.043200320,5,163,read_only,64,163,1.000000,1.000000,1.000000,{"1":163},1.000000,0.000000,0.000000,0.000000,1.000000,0.000000,-1.000000
0.043200320,5,163,union,64,163,1.000000,1.000000,1.000000,{"1":163},1.000000,0.000000,0.000000,0.000000,1.000000,0.000000,-1.000000
0.043200320,5,163,snapshot,64,132,1.000000,1.000000,1.000000,{"1":132},1.000000,0.000000,0.000000,0.000000,1.000000,0.000000,-1.000000
0.043200320,5,163,read_only,256,163,1.000000,1.000000,1.000000,{"1":163},1.000000,0.000000,0.000000,0.000000,1.000000,0.000000,-1.000000
0.043200320,5,163,union,256,163,1.000000,1.000000,1.000000,{"1":163},1.000000,0.000000,0.000000,0.000000,1.000000,0.000000,-1.000000
0.043200320,5,163,snapshot,256,132,1.000000,1.000000,1.000000,{"1":132},1.000000,0.000000,0.000000,0.000000,1.000000,0.000000,-1.000000
0.043200320,5,163,read_only,1024,42,1.000000,1.000000,1.000000,{"1":163},1.000000,0.000000,0.000000,0.000000,1.000000,0.000000,-1.000000
0.043200320,5,163,union,1024,42,1.000000,1.000000,1.000000,{"1":163},1.000000,0.000000,0.000000,0.000000,1.000000,0.000000,-1.000000
0.043200320,5,163,snapshot,1024,35,1.000000,1.000000,1.000000,{"1":132},1.000000,0.000000,0.000000,0.000000,1.000000,0.000000,-1.000000
0.043200320,5,163,read_only,4096,14,1.000000,1.000000,1.000000,{"1":163},1.000000,0.000000,0.000000,0.000000,1.000000,0.000000,-1.000000
0.043200320,5,163,union,4096,14,1.000000,1.000000,1.000000,{"1":163},1.000000,0.000000,0.000000,0.000000,1.000000,0.000000,-1.000000
0.043200320,5,163,snapshot,4096,12,1.000000,1.000000,1.000000,{"1":132},1.000000,0.000000,0.000000,0.000000,1.000000,0.000000,-1.000000
0.043200320,5,163,read_only,16384,9,1.000000,1.000000,1.000000,{"1":163},1.000000,0.000000,0.000000,0.000000,1.000000,0.000000,-1.000000
0.043200320,5,163,union,16384,9,1.000000,1.000000,1.000000,{"1":163},1.000000,0.000000,0.000000,0.000000,1.000000,0.000000,-1.000000
0.043200320,5,163,snapshot,16384,7,1.000000,1.000000,1.000000,{"1":132},1.000000,0.000000,0.000000,0.000000,1.000000,0.000000,-1.000000
0.043435616,5,164,read_only,64,637,1.000000,1.000000,1.000000,{"1":637},1.000000,0.000000,0.000000,0.000000,1.000000,0.000000,-1.000000
0.043435616,5,164,union,64,637,1.000000,1.000000,1.000000,{"1":637},1.000000,0.000000,0.000000,0.000000,1.000000,0.000000,-1.000000
0.043435616,5,164,snapshot,64,768,1.000000,1.000000,1.000000,{"1":768},1.000000,0.000000,0.000000,0.000000,1.000000,0.000000,-1.000000
0.043435616,5,164,read_only,256,637,1.000000,1.000000,1.000000,{"1":637},1.000000,0.000000,0.000000,0.000000,1.000000,0.000000,-1.000000
0.043435616,5,164,union,256,637,1.000000,1.000000,1.000000,{"1":637},1.000000,0.000000,0.000000,0.000000,1.000000,0.000000,-1.000000
0.043435616,5,164,snapshot,256,768,1.000000,1.000000,1.000000,{"1":768},1.000000,0.000000,0.000000,0.000000,1.000000,0.000000,-1.000000
0.043435616,5,164,read_only,1024,161,1.000000,1.000000,1.000000,{"1":637},1.000000,0.000000,0.000000,0.000000,1.000000,0.000000,-1.000000
0.043435616,5,164,union,1024,161,1.000000,1.000000,1.000000,{"1":637},1.000000,0.000000,0.000000,0.000000,1.000000,0.000000,-1.000000
0.043435616,5,164,snapshot,1024,192,1.000000,1.000000,1.000000,{"1":768},1.000000,0.000000,0.000000,0.000000,1.000000,0.000000,-1.000000
0.043435616,5,164,read_only,4096,43,1.000000,1.000000,1.000000,{"1":637},1.000000,0.000000,0.000000,0.000000,1.000000,0.000000,-1.000000
0.043435616,5,164,union,4096,43,1.000000,1.000000,1.000000,{"1":637},1.000000,0.000000,0.000000,0.000000,1.000000,0.000000,-1.000000
0.043435616,5,164,snapshot,4096,48,1.000000,1.000000,1.000000,{"1":768},1.000000,0.000000,0.000000,0.000000,1.000000,0.000000,-1.000000
0.043435616,5,164,read_only,16384,13,0.692308,0.869231,0.692308,{"1":637},0.692308,0.307692,0.000000,0.000000,0.692308,0.000000,0.000000
0.043435616,5,164,union,16384,13,0.692308,0.869231,0.692308,{"1":637},0.692308,0.307692,0.000000,0.000000,0.692308,0.000000,0.000000
0.043435616,5,164,snapshot,16384,14,0.714286,0.892857,0.714286,{"1":768},0.714286,0.285714,0.000000,0.000000,0.714286,0.000000,0.000000
0.043791098,5,165,read_only,64,290,1.000000,1.000000,1.000000,{"1":290},1.000000,0.000000,0.000000,0.000000,1.000000,0.000000,-1.000000
0.043791098,5,165,union,64,290,1.000000,1.000000,1.000000,{"1":290},1.000000,0.000000,0.000000,0.000000,1.000000,0.000000,-1.000000
0.043791098,5,165,snapshot,64,1058,1.000000,1.000000,1.000000,{"1":1058},1.000000,0.000000,0.000000,0.000000,1.000000,0.000000,-1.000000
0.043791098,5,165,read_only,256,290,1.000000,1.000000,1.000000,{"1":290},1.000000,0.000000,0.000000,0.000000,1.000000,0.000000,-1.000000
0.043791098,5,165,union,256,290,1.000000,1.000000,1.000000,{"1":290},1.000000,0.000000,0.000000,0.000000,1.000000,0.000000,-1.000000
0.043791098,5,165,snapshot,256,1058,1.000000,1.000000,1.000000,{"1":1058},1.000000,0.000000,0.000000,0.000000,1.000000,0.000000,-1.000000
0.043791098,5,165,read_only,1024,74,1.000000,1.000000,1.000000,{"1":290},1.000000,0.000000,0.000000,0.000000,1.000000,0.000000,-1.000000
0.043791098,5,165,union,1024,74,1.000000,1.000000,1.000000,{"1":290},1.000000,0.000000,0.000000,0.000000,1.000000,0.000000,-1.000000
0.043791098,5,165,snapshot,1024,266,1.000000,1.000000,1.000000,{"1":1058},1.000000,0.000000,0.000000,0.000000,1.000000,0.000000,-1.000000
0.043791098,5,165,read_only,4096,20,1.000000,1.000000,1.000000,{"1":290},1.000000,0.000000,0.000000,0.000000,1.000000,0.000000,-1.000000
0.043791098,5,165,union,4096,20,1.000000,1.000000,1.000000,{"1":290},1.000000,0.000000,0.000000,0.000000,1.000000,0.000000,-1.000000
0.043791098,5,165,snapshot,4096,68,1.000000,1.000000,1.000000,{"1":1058},1.000000,0.000000,0.000000,0.000000,1.000000,0.000000,-1.000000
0.043791098,5,165,read_only,16384,8,0.625000,0.895833,0.625000,{"1":290},0.625000,0.375000,0.000000,0.000000,0.625000,0.000000,0.000000
0.043791098,5,165,union,16384,8,0.625000,0.895833,0.625000,{"1":290},0.625000,0.375000,0.000000,0.000000,0.625000,0.000000,0.000000
0.043791098,5,165,snapshot,16384,22,0.681818,0.893939,0.681818,{"1":1058},0.681818,0.318182,0.000000,0.000000,0.681818,0.000000,0.000000
0.044130893,5,166,read_only,64,24,1.000000,1.000000,1.000000,{"1":24},1.000000,0.000000,0.000000,0.000000,1.000000,0.000000,-1.000000
0.044130893,5,166,union,64,24,1.000000,1.000000,1.000000,{"1":24},1.000000,0.000000,0.000000,0.000000,1.000000,0.000000,-1.000000
0.044130893,5,166,snapshot,64,1082,1.000000,1.000000,1.000000,{"1":1082},1.000000,0.000000,0.000000,0.000000,1.000000,0.000000,-1.000000
0.044130893,5,166,read_only,256,24,1.000000,1.000000,1.000000,{"1":24},1.000000,0.000000,0.000000,0.000000,1.000000,0.000000,-1.000000
0.044130893,5,166,union,256,24,1.000000,1.000000,1.000000,{"1":24},1.000000,0.000000,0.000000,0.000000,1.000000,0.000000,-1.000000
0.044130893,5,166,snapshot,256,1082,1.000000,1.000000,1.000000,{"1":1082},1.000000,0.000000,0.000000,0.000000,1.000000,0.000000,-1.000000
0.044130893,5,166,read_only,1024,6,1.000000,1.000000,1.000000,{"1":24},1.000000,0.000000,0.000000,0.000000,1.000000,0.000000,-1.000000
0.044130893,5,166,union,1024,6,1.000000,1.000000,1.000000,{"1":24},1.000000,0.000000,0.000000,0.000000,1.000000,0.000000,-1.000000
0.044130893,5,166,snapshot,1024,272,1.000000,1.000000,1.000000,{"1":1082},1.000000,0.000000,0.000000,0.000000,1.000000,0.000000,-1.000000
0.044130893,5,166,read_only,4096,2,0.500000,0.750000,0.500000,{"1":24},0.500000,0.500000,0.000000,0.000000,0.500000,0.000000,0.000000
0.044130893,5,166,union,4096,2,0.500000,0.750000,0.500000,{"1":24},0.500000,0.500000,0.000000,0.000000,0.500000,0.000000,0.000000
0.044130893,5,166,snapshot,4096,70,0.985714,0.992857,0.985714,{"1":1082},0.985714,0.014286,0.000000,0.000000,0.985714,0.000000,0.000000
0.044130893,5,166,read_only,16384,2,0.500000,0.750000,0.500000,{"1":24},0.500000,0.500000,0.000000,0.000000,0.500000,0.000000,0.000000
0.044130893,5,166,union,16384,2,0.500000,0.750000,0.500000,{"1":24},0.500000,0.500000,0.000000,0.000000,0.500000,0.000000,0.000000
0.044130893,5,166,snapshot,16384,22,0.636364,0.881818,0.636364,{"1":1082},0.636364,0.363636,0.000000,0.000000,0.636364,0.000000,0.000000
0.044399114,5,167,snapshot,64,1082,1.000000,1.000000,1.000000,{"1":1082},1.000000,0.000000,0.000000,0.000000,1.000000,0.000000,-1.000000
0.044399114,5,167,snapshot,256,1082,1.000000,1.000000,1.000000,{"1":1082},1.000000,0.000000,0.000000,0.000000,1.000000,0.000000,-1.000000
0.044399114,5,167,snapshot,1024,272,1.000000,1.000000,1.000000,{"1":1082},1.000000,0.000000,0.000000,0.000000,1.000000,0.000000,-1.000000
0.044399114,5,167,snapshot,4096,70,0.985714,0.992857,0.985714,{"1":1082},0.985714,0.014286,0.000000,0.000000,0.985714,0.000000,0.000000
0.044399114,5,167,snapshot,16384,22,0.636364,0.881818,0.636364,{"1":1082},0.636364,0.363636,0.000000,0.000000,0.636364,0.000000,0.000000
0.044662876,5,168,snapshot,64,1082,1.000000,1.000000,1.000000,{"1":1082},1.000000,0.000000,0.000000,0.000000,1.000000,0.000000,-1.000000
0.044662876,5,168,snapshot,256,1082,1.000000,1.000000,1.000000,{"1":1082},1.000000,0.000000,0.000000,0.000000,1.000000,0.000000,-1.000000
0.044662876,5,168,snapshot,1024,272,1.000000,1.000000,1.000000,{"1":1082},1.000000,0.000000,0.000000,0.000000,1.000000,0.000000,-1.000000
0.044662876,5,168,snapshot,4096,70,0.985714,0.992857,0.985714,{"1":1082},0.985714,0.014286,0.000000,0.000000,0.985714,0.000000,0.000000
0.044662876,5,168,snapshot,16384,22,0.636364,0.881818,0.636364,{"1":1082},0.636364,0.363636,0.000000,0.000000,0.636364,0.000000,0.000000
0.044955807,5,169,read_only,64,5,1.000000,1.000000,1.000000,{"1":5},1.000000,0.000000,0.000000,0.000000,1.000000,0.000000,-1.000000
0.044955807,5,169,union,64,5,1.000000,1.000000,1.000000,{"1":5},1.000000,0.000000,0.000000,0.000000,1.000000,0.000000,-1.000000
0.044955807,5,169,snapshot,64,1087,1.000000,1.000000,1.000000,{"1":1087},1.000000,0.000000,0.000000,0.000000,1.000000,0.000000,-1.000000
0.044955807,5,169,read_only,256,5,1.000000,1.000000,1.000000,{"1":5},1.000000,0.000000,0.000000,0.000000,1.000000,0.000000,-1.000000
0.044955807,5,169,union,256,5,1.000000,1.000000,1.000000,{"1":5},1.000000,0.000000,0.000000,0.000000,1.000000,0.000000,-1.000000
0.044955807,5,169,snapshot,256,1087,1.000000,1.000000,1.000000,{"1":1087},1.000000,0.000000,0.000000,0.000000,1.000000,0.000000,-1.000000
0.044955807,5,169,read_only,1024,2,1.000000,1.000000,1.000000,{"1":5},1.000000,0.000000,0.000000,0.000000,1.000000,0.000000,-1.000000
0.044955807,5,169,union,1024,2,1.000000,1.000000,1.000000,{"1":5},1.000000,0.000000,0.000000,0.000000,1.000000,0.000000,-1.000000
0.044955807,5,169,snapshot,1024,274,1.000000,1.000000,1.000000,{"1":1087},1.000000,0.000000,0.000000,0.000000,1.000000,0.000000,-1.000000
0.044955807,5,169,read_only,4096,2,1.000000,1.000000,1.000000,{"1":5},1.000000,0.000000,0.000000,0.000000,1.000000,0.000000,-1.000000
0.044955807,5,169,union,4096,2,1.000000,1.000000,1.000000,{"1":5},1.000000,0.000000,0.000000,0.000000,1.000000,0.000000,-1.000000
0.044955807,5,169,snapshot,4096,72,0.986111,0.993056,0.986111,{"1":1087},0.986111,0.013889,0.000000,0.000000,0.986111,0.000000,0.000000
0.044955807,5,169,read_only,16384,1,1.000000,1.000000,1.000000,{"1":5},1.000000,0.000000,0.000000,0.000000,1.000000,0.000000,-1.000000
0.044955807,5,169,union,16384,1,1.000000,1.000000,1.000000,{"1":5},1.000000,0.000000,0.000000,0.000000,1.000000,0.000000,-1.000000
0.044955807,5,169,snapshot,16384,23,0.652174,0.886957,0.652174,{"1":1087},0.652174,0.347826,0.000000,0.000000,0.652174,0.000000,0.000000
0.045286723,5,170,snapshot,64,1087,1.000000,1.000000,1.000000,{"1":1087},1.000000,0.000000,0.000000,0.000000,1.000000,0.000000,-1.000000
0.045286723,5,170,snapshot,256,1087,1.000000,1.000000,1.000000,{"1":1087},1.000000,0.000000,0.000000,0.000000,1.000000,0.000000,-1.000000
0.045286723,5,170,snapshot,1024,274,1.000000,1.000000,1.000000,{"1":1087},1.000000,0.000000,0.000000,0.000000,1.000000,0.000000,-1.000000
0.045286723,5,170,snapshot,4096,72,0.986111,0.993056,0.986111,{"1":1087},0.986111,0.013889,0.000000,0.000000,0.986111,0.000000,0.000000
0.045286723,5,170,snapshot,16384,23,0.652174,0.886957,0.652174,{"1":1087},0.652174,0.347826,0.000000,0.000000,0.652174,0.000000,0.000000
0.045531325,5,171,read_only,64,742,1.000000,1.000000,1.000000,{"1":742},1.000000,0.000000,0.000000,0.000000,1.000000,0.000000,-1.000000
0.045531325,5,171,union,64,742,1.000000,1.000000,1.000000,{"1":742},1.000000,0.000000,0.000000,0.000000,1.000000,0.000000,-1.000000
0.045531325,5,171,snapshot,64,1829,1.000000,1.000000,1.000000,{"1":1829},1.000000,0.000000,0.000000,0.000000,1.000000,0.000000,-1.000000
0.045531325,5,171,read_only,256,742,1.000000,1.000000,1.000000,{"1":742},1.000000,0.000000,0.000000,0.000000,1.000000,0.000000,-1.000000
0.045531325,5,171,union,256,742,1.000000,1.000000,1.000000,{"1":742},1.000000,0.000000,0.000000,0.000000,1.000000,0.000000,-1.000000
0.045531325,5,171,snapshot,256,1829,1.000000,1.000000,1.000000,{"1":1829},1.000000,0.000000,0.000000,0.000000,1.000000,0.000000,-1.000000
0.045531325,5,171,read_only,1024,187,1.000000,1.000000,1.000000,{"1":742},1.000000,0.000000,0.000000,0.000000,1.000000,0.000000,-1.000000
0.045531325,5,171,union,1024,187,1.000000,1.000000,1.000000,{"1":742},1.000000,0.000000,0.000000,0.000000,1.000000,0.000000,-1.000000
0.045531325,5,171,snapshot,1024,461,1.000000,1.000000,1.000000,{"1":1829},1.000000,0.000000,0.000000,0.000000,1.000000,0.000000,-1.000000
0.045531325,5,171,read_only,4096,48,1.000000,1.000000,1.000000,{"1":742},1.000000,0.000000,0.000000,0.000000,1.000000,0.000000,-1.000000
0.045531325,5,171,union,4096,48,1.000000,1.000000,1.000000,{"1":742},1.000000,0.000000,0.000000,0.000000,1.000000,0.000000,-1.000000
0.045531325,5,171,snapshot,4096,120,0.991667,0.995833,0.991667,{"1":1829},0.991667,0.008333,0.000000,0.000000,0.991667,0.000000,0.000000
0.045531325,5,171,read_only,16384,14,0.714286,0.926020,0.714286,{"1":742},0.714286,0.285714,0.000000,0.000000,0.714286,0.000000,0.000000
0.045531325,5,171,union,16384,14,0.714286,0.926020,0.714286,{"1":742},0.714286,0.285714,0.000000,0.000000,0.714286,0.000000,0.000000
0.045531325,5,171,snapshot,16384,37,0.675676,0.901737,0.675676,{"1":1829},0.675676,0.324324,0.000000,0.000000,0.675676,0.000000,0.000000
0.045774171,5,172,read_only,64,26,1.000000,1.000000,1.000000,{"1":26},1.000000,0.000000,0.000000,0.000000,1.000000,0.000000,-1.000000
0.045774171,5,172,union,64,26,1.000000,1.000000,1.000000,{"1":26},1.000000,0.000000,0.000000,0.000000,1.000000,0.000000,-1.000000
0.045774171,5,172,snapshot,64,1855,1.000000,1.000000,1.000000,{"1":1855},1.000000,0.000000,0.000000,0.000000,1.000000,0.000000,-1.000000
0.045774171,5,172,read_only,256,26,1.000000,1.000000,1.000000,{"1":26},1.000000,0.000000,0.000000,0.000000,1.000000,0.000000,-1.000000
0.045774171,5,172,union,256,26,1.000000,1.000000,1.000000,{"1":26},1.000000,0.000000,0.000000,0.000000,1.000000,0.000000,-1.000000
0.045774171,5,172,snapshot,256,1855,1.000000,1.000000,1.000000,{"1":1855},1.000000,0.000000,0.000000,0.000000,1.000000,0.000000,-1.000000
0.045774171,5,172,read_only,1024,8,1.000000,1.000000,1.000000,{"1":26},1.000000,0.000000,0.000000,0.000000,1.000000,0.000000,-1.000000
0.045774171,5,172,union,1024,8,1.000000,1.000000,1.000000,{"1":26},1.000000,0.000000,0.000000,0.000000,1.000000,0.000000,-1.000000
0.045774171,5,172,snapshot,1024,466,1.000000,1.000000,1.000000,{"1":1855},1.000000,0.000000,0.000000,0.000000,1.000000,0.000000,-1.000000
0.045774171,5,172,read_only,4096,6,1.000000,1.000000,1.000000,{"1":26},1.000000,0.000000,0.000000,0.000000,1.000000,0.000000,-1.000000
0.045774171,5,172,union,4096,6,1.000000,1.000000,1.000000,{"1":26},1.000000,0.000000,0.000000,0.000000,1.000000,0.000000,-1.000000
0.045774171,5,172,snapshot,4096,120,0.991667,0.995833,0.991667,{"1":1855},0.991667,0.008333,0.000000,0.000000,0.991667,0.000000,0.000000
0.045774171,5,172,read_only,16384,3,1.000000,1.000000,1.000000,{"1":26},1.000000,0.000000,0.000000,0.000000,1.000000,0.000000,-1.000000
0.045774171,5,172,union,16384,3,1.000000,1.000000,1.000000,{"1":26},1.000000,0.000000,0.000000,0.000000,1.000000,0.000000,-1.000000
0.045774171,5,172,snapshot,16384,37,0.675676,0.902703,0.675676,{"1":1855},0.675676,0.324324,0.000000,0.000000,0.675676,0.000000,0.000000
0.046012321,5,173,read_only,64,190,1.000000,1.000000,1.000000,{"1":190},1.000000,0.000000,0.000000,0.000000,1.000000,0.000000,-1.000000
0.046012321,5,173,union,64,190,1.000000,1.000000,1.000000,{"1":190},1.000000,0.000000,0.000000,0.000000,1.000000,0.000000,-1.000000
0.046012321,5,173,snapshot,64,2045,1.000000,1.000000,1.000000,{"1":2045},1.000000,0.000000,0.000000,0.000000,1.000000,0.000000,-1.000000
0.046012321,5,173,read_only,256,190,1.000000,1.000000,1.000000,{"1":190},1.000000,0.000000,0.000000,0.000000,1.000000,0.000000,-1.000000
0.046012321,5,173,union,256,190,1.000000,1.000000,1.000000,{"1":190},1.000000,0.000000,0.000000,0.000000,1.000000,0.000000,-1.000000
0.046012321,5,173,snapshot,256,2045,1.000000,1.000000,1.000000,{"1":2045},1.000000,0.000000,0.000000,0.000000,1.000000,0.000000,-1.000000
0.046012321,5,173,read_only,1024,48,1.000000,1.000000,1.000000,{"1":190},1.000000,0.000000,0.000000,0.000000,1.000000,0.000000,-1.000000
0.046012321,5,173,union,1024,48,1.000000,1.000000,1.000000,{"1":190},1.000000,0.000000,0.000000,0.000000,1.000000,0.000000,-1.000000
0.046012321,5,173,snapshot,1024,514,1.000000,1.000000,1.000000,{"1":2045},1.000000,0.000000,0.000000,0.000000,1.000000,0.000000,-1.000000
0.046012321,5,173,read_only,4096,12,1.000000,1.000000,1.000000,{"1":190},1.000000,0.000000,0.000000,0.000000,1.000000,0.000000,-1.000000
0.046012321,5,173,union,4096,12,1.000000,1.000000,1.000000,{"1":190},1.000000,0.000000,0.000000,0.000000,1.000000,0.000000,-1.000000
0.046012321,5,173,snapshot,4096,132,0.992424,0.996212,0.992424,{"1":2045},0.992424,0.007576,0.000000,0.000000,0.992424,0.000000,0.000000
0.046012321,5,173,read_only,16384,6,0.666667,0.916667,0.666667,{"1":190},0.666667,0.333333,0.000000,0.000000,0.666667,0.000000,0.000000
0.046012321,5,173,union,16384,6,0.666667,0.916667,0.666667,{"1":190},0.666667,0.333333,0.000000,0.000000,0.666667,0.000000,0.000000
0.046012321,5,173,snapshot,16384,42,0.642857,0.890476,0.642857,{"1":2045},0.642857,0.357143,0.000000,0.000000,0.642857,0.000000,0.000000
