sim_time,gpu_id,kernel_id,view,region_size_bytes,num_regions_with_entries,strict_coalescable_ratio,avg_relaxed_ratio,full_redundant_ratio,sharer_set_cardinality_dist_json,reg_card1_ratio,reg_card2_ratio,reg_card3_ratio,reg_card4plus_ratio,coalescable_private_ratio,coalescable_shared_ratio,shared_only_strict_ratio
0.000719225,4,1,read_only,64,259,1.000000,1.000000,1.000000,{"1":259},1.000000,0.000000,0.000000,0.000000,1.000000,0.000000,-1.000000
0.000719225,4,1,union,64,259,1.000000,1.000000,1.000000,{"1":259},1.000000,0.000000,0.000000,0.000000,1.000000,0.000000,-1.000000
0.000719225,4,1,snapshot,64,259,1.000000,1.000000,1.000000,{"1":259},1.000000,0.000000,0.000000,0.000000,1.000000,0.000000,-1.000000
0.000719225,4,1,read_only,256,259,1.000000,1.000000,1.000000,{"1":259},1.000000,0.000000,0.000000,0.000000,1.000000,0.000000,-1.000000
0.000719225,4,1,union,256,259,1.000000,1.000000,1.000000,{"1":259},1.000000,0.000000,0.000000,0.000000,1.000000,0.000000,-1.000000
0.000719225,4,1,snapshot,256,259,1.000000,1.000000,1.000000,{"1":259},1.000000,0.000000,0.000000,0.000000,1.000000,0.000000,-1.000000
0.000719225,4,1,read_only,1024,259,1.000000,1.000000,1.000000,{"1":259},1.000000,0.000000,0.000000,0.000000,1.000000,0.000000,-1.000000
0.000719225,4,1,union,1024,259,1.000000,1.000000,1.000000,{"1":259},1.000000,0.000000,0.000000,0.000000,1.000000,0.000000,-1.000000
0.000719225,4,1,snapshot,1024,259,1.000000,1.000000,1.000000,{"1":259},1.000000,0.000000,0.000000,0.000000,1.000000,0.000000,-1.000000
0.000719225,4,1,read_only,4096,259,1.000000,1.000000,1.000000,{"1":259},1.000000,0.000000,0.000000,0.000000,1.000000,0.000000,-1.000000
0.000719225,4,1,union,4096,259,1.000000,1.000000,1.000000,{"1":259},1.000000,0.000000,0.000000,0.000000,1.000000,0.000000,-1.000000
0.000719225,4,1,snapshot,4096,259,1.000000,1.000000,1.000000,{"1":259},1.000000,0.000000,0.000000,0.000000,1.000000,0.000000,-1.000000
0.000719225,4,1,read_only,16384,79,1.000000,1.000000,1.000000,{"1":259},1.000000,0.000000,0.000000,0.000000,1.000000,0.000000,-1.000000
0.000719225,4,1,union,16384,79,1.000000,1.000000,1.000000,{"1":259},1.000000,0.000000,0.000000,0.000000,1.000000,0.000000,-1.000000
0.000719225,4,1,snapshot,16384,79,1.000000,1.000000,1.000000,{"1":259},1.000000,0.000000,0.000000,0.000000,1.000000,0.000000,-1.000000
0.001042225,4,2,read_only,64,133,1.000000,1.000000,1.000000,{"1":133},1.000000,0.000000,0.000000,0.000000,1.000000,0.000000,-1.000000
0.001042225,4,2,union,64,133,1.000000,1.000000,1.000000,{"1":133},1.000000,0.000000,0.000000,0.000000,1.000000,0.000000,-1.000000
0.001042225,4,2,snapshot,64,392,1.000000,1.000000,1.000000,{"1":392},1.000000,0.000000,0.000000,0.000000,1.000000,0.000000,-1.000000
0.001042225,4,2,read_only,256,133,1.000000,1.000000,1.000000,{"1":133},1.000000,0.000000,0.000000,0.000000,1.000000,0.000000,-1.000000
0.001042225,4,2,union,256,133,1.000000,1.000000,1.000000,{"1":133},1.000000,0.000000,0.000000,0.000000,1.000000,0.000000,-1.000000
0.001042225,4,2,snapshot,256,392,1.000000,1.000000,1.000000,{"1":392},1.000000,0.000000,0.000000,0.000000,1.000000,0.000000,-1.000000
0.001042225,4,2,read_only,1024,133,1.000000,1.000000,1.000000,{"1":133},1.000000,0.000000,0.000000,0.000000,1.000000,0.000000,-1.000000
0.001042225,4,2,union,1024,133,1.000000,1.000000,1.000000,{"1":133},1.000000,0.000000,0.000000,0.000000,1.000000,0.000000,-1.000000
0.001042225,4,2,snapshot,1024,392,1.000000,1.000000,1.000000,{"1":392},1.000000,0.000000,0.000000,0.000000,1.000000,0.000000,-1.000000
0.001042225,4,2,read_only,4096,133,1.000000,1.000000,1.000000,{"1":133},1.000000,0.000000,0.000000,0.000000,1.000000,0.000000,-1.000000
0.001042225,4,2,union,4096,133,1.000000,1.000000,1.000000,{"1":133},1.000000,0.000000,0.000000,0.000000,1.000000,0.000000,-1.000000
0.001042225,4,2,snapshot,4096,392,1.000000,1.000000,1.000000,{"1":392},1.000000,0.000000,0.000000,0.000000,1.000000,0.000000,-1.000000
0.001042225,4,2,read_only,16384,49,1.000000,1.000000,1.000000,{"1":133},1.000000,0.000000,0.000000,0.000000,1.000000,0.000000,-1.000000
0.001042225,4,2,union,16384,49,1.000000,1.000000,1.000000,{"1":133},1.000000,0.000000,0.000000,0.000000,1.000000,0.000000,-1.000000
0.001042225,4,2,snapshot,16384,99,0.989899,0.994949,0.989899,{"1":392},0.989899,0.010101,0.000000,0.000000,0.989899,0.000000,0.000000
0.001288187,4,3,snapshot,64,392,1.000000,1.000000,1.000000,{"1":392},1.000000,0.000000,0.000000,0.000000,1.000000,0.000000,-1.000000
0.001288187,4,3,snapshot,256,392,1.000000,1.000000,1.000000,{"1":392},1.000000,0.000000,0.000000,0.000000,1.000000,0.000000,-1.000000
0.001288187,4,3,snapshot,1024,392,1.000000,1.000000,1.000000,{"1":392},1.000000,0.000000,0.000000,0.000000,1.000000,0.000000,-1.000000
0.001288187,4,3,snapshot,4096,392,1.000000,1.000000,1.000000,{"1":392},1.000000,0.000000,0.000000,0.000000,1.000000,0.000000,-1.000000
0.001288187,4,3,snapshot,16384,99,0.989899,0.994949,0.989899,{"1":392},0.989899,0.010101,0.000000,0.000000,0.989899,0.000000,0.000000
0.001958079,4,4,read_only,64,87,1.000000,1.000000,1.000000,{"1":87},1.000000,0.000000,0.000000,0.000000,1.000000,0.000000,-1.000000
0.001958079,4,4,union,64,87,1.000000,1.000000,1.000000,{"1":87},1.000000,0.000000,0.000000,0.000000,1.000000,0.000000,-1.000000
0.001958079,4,4,snapshot,64,479,1.000000,1.000000,1.000000,{"1":479},1.000000,0.000000,0.000000,0.000000,1.000000,0.000000,-1.000000
0.001958079,4,4,read_only,256,87,1.000000,1.000000,1.000000,{"1":87},1.000000,0.000000,0.000000,0.000000,1.000000,0.000000,-1.000000
0.001958079,4,4,union,256,87,1.000000,1.000000,1.000000,{"1":87},1.000000,0.000000,0.000000,0.000000,1.000000,0.000000,-1.000000
0.001958079,4,4,snapshot,256,479,1.000000,1.000000,1.000000,{"1":479},1.000000,0.000000,0.000000,0.000000,1.000000,0.000000,-1.000000
0.001958079,4,4,read_only,1024,87,1.000000,1.000000,1.000000,{"1":87},1.000000,0.000000,0.000000,0.000000,1.000000,0.000000,-1.000000
0.001958079,4,4,union,1024,87,1.000000,1.000000,1.000000,{"1":87},1.000000,0.000000,0.000000,0.000000,1.000000,0.000000,-1.000000
0.001958079,4,4,snapshot,1024,479,1.000000,1.000000,1.000000,{"1":479},1.000000,0.000000,0.000000,0.000000,1.000000,0.000000,-1.000000
0.001958079,4,4,read_only,4096,87,1.000000,1.000000,1.000000,{"1":87},1.000000,0.000000,0.000000,0.000000,1.000000,0.000000,-1.000000
0.001958079,4,4,union,4096,87,1.000000,1.000000,1.000000,{"1":87},1.000000,0.000000,0.000000,0.000000,1.000000,0.000000,-1.000000
0.001958079,4,4,snapshot,4096,479,1.000000,1.000000,1.000000,{"1":479},1.000000,0.000000,0.000000,0.000000,1.000000,0.000000,-1.000000
0.001958079,4,4,read_only,16384,24,0.916667,0.979167,0.916667,{"1":87},0.916667,0.083333,0.000000,0.000000,0.916667,0.000000,0.000000
0.001958079,4,4,union,16384,24,0.916667,0.979167,0.916667,{"1":87},0.916667,0.083333,0.000000,0.000000,0.916667,0.000000,0.000000
0.001958079,4,4,snapshot,16384,123,0.975610,0.991870,0.975610,{"1":479},0.975610,0.024390,0.000000,0.000000,0.975610,0.000000,0.000000
0.002306506,4,5,read_only,64,174,1.000000,1.000000,1.000000,{"1":174},1.000000,0.000000,0.000000,0.000000,1.000000,0.000000,-1.000000
0.002306506,4,5,union,64,223,1.000000,1.000000,1.000000,{"1":223},1.000000,0.000000,0.000000,0.000000,1.000000,0.000000,-1.000000
0.002306506,4,5,snapshot,64,655,1.000000,1.000000,1.000000,{"1":655},1.000000,0.000000,0.000000,0.000000,1.000000,0.000000,-1.000000
0.002306506,4,5,read_only,256,174,1.000000,1.000000,1.000000,{"1":174},1.000000,0.000000,0.000000,0.000000,1.000000,0.000000,-1.000000
0.002306506,4,5,union,256,223,1.000000,1.000000,1.000000,{"1":223},1.000000,0.000000,0.000000,0.000000,1.000000,0.000000,-1.000000
0.002306506,4,5,snapshot,256,655,1.000000,1.000000,1.000000,{"1":655},1.000000,0.000000,0.000000,0.000000,1.000000,0.000000,-1.000000
0.002306506,4,5,read_only,1024,174,1.000000,1.000000,1.000000,{"1":174},1.000000,0.000000,0.000000,0.000000,1.000000,0.000000,-1.000000
0.002306506,4,5,union,1024,223,1.000000,1.000000,1.000000,{"1":223},1.000000,0.000000,0.000000,0.000000,1.000000,0.000000,-1.000000
0.002306506,4,5,snapshot,1024,655,1.000000,1.000000,1.000000,{"1":655},1.000000,0.000000,0.000000,0.000000,1.000000,0.000000,-1.000000
0.002306506,4,5,read_only,4096,174,1.000000,1.000000,1.000000,{"1":174},1.000000,0.000000,0.000000,0.000000,1.000000,0.000000,-1.000000
0.002306506,4,5,union,4096,223,1.000000,1.000000,1.000000,{"1":223},1.000000,0.000000,0.000000,0.000000,1.000000,0.000000,-1.000000
0.002306506,4,5,snapshot,4096,655,1.000000,1.000000,1.000000,{"1":655},1.000000,0.000000,0.000000,0.000000,1.000000,0.000000,-1.000000
0.002306506,4,5,read_only,16384,58,0.793103,0.923851,0.793103,{"1":174},0.793103,0.206897,0.000000,0.000000,0.793103,0.000000,0.000000
0.002306506,4,5,union,16384,83,0.855422,0.945783,0.855422,{"1":223},0.855422,0.144578,0.000000,0.000000,0.855422,0.000000,0.000000
0.002306506,4,5,snapshot,16384,180,0.911111,0.966667,0.911111,{"1":655},0.911111,0.088889,0.000000,0.000000,0.911111,0.000000,0.000000
0.003365630,4,6,read_only,64,195,1.000000,1.000000,1.000000,{"1":195},1.000000,0.000000,0.000000,0.000000,1.000000,0.000000,-1.000000
0.003365630,4,6,union,64,201,1.000000,1.000000,1.000000,{"1":201},1.000000,0.000000,0.000000,0.000000,1.000000,0.000000,-1.000000
0.003365630,4,6,snapshot,64,852,1.000000,1.000000,1.000000,{"1":852},1.000000,0.000000,0.000000,0.000000,1.000000,0.000000,-1.000000
0.003365630,4,6,read_only,256,195,1.000000,1.000000,1.000000,{"1":195},1.000000,0.000000,0.000000,0.000000,1.000000,0.000000,-1.000000
0.003365630,4,6,union,256,201,1.000000,1.000000,1.000000,{"1":201},1.000000,0.000000,0.000000,0.000000,1.000000,0.000000,-1.000000
0.003365630,4,6,snapshot,256,852,1.000000,1.000000,1.000000,{"1":852},1.000000,0.000000,0.000000,0.000000,1.000000,0.000000,-1.000000
0.003365630,4,6,read_only,1024,195,1.000000,1.000000,1.000000,{"1":195},1.000000,0.000000,0.000000,0.000000,1.000000,0.000000,-1.000000
0.003365630,4,6,union,1024,201,1.000000,1.000000,1.000000,{"1":201},1.000000,0.000000,0.000000,0.000000,1.000000,0.000000,-1.000000
0.003365630,4,6,snapshot,1024,852,1.000000,1.000000,1.000000,{"1":852},1.000000,0.000000,0.000000,0.000000,1.000000,0.000000,-1.000000
0.003365630,4,6,read_only,4096,195,1.000000,1.000000,1.000000,{"1":195},1.000000,0.000000,0.000000,0.000000,1.000000,0.000000,-1.000000
0.003365630,4,6,union,4096,201,1.000000,1.000000,1.000000,{"1":201},1.000000,0.000000,0.000000,0.000000,1.000000,0.000000,-1.000000
0.003365630,4,6,snapshot,4096,852,1.000000,1.000000,1.000000,{"1":852},1.000000,0.000000,0.000000,0.000000,1.000000,0.000000,-1.000000
0.003365630,4,6,read_only,16384,64,0.953125,0.988281,0.953125,{"1":195},0.953125,0.046875,0.000000,0.000000,0.953125,0.000000,0.000000
0.003365630,4,6,union,16384,67,0.955224,0.988806,0.955224,{"1":201},0.955224,0.044776,0.000000,0.000000,0.955224,0.000000,0.000000
0.003365630,4,6,snapshot,16384,229,0.890830,0.963610,0.890830,{"1":852},0.890830,0.109170,0.000000,0.000000,0.890830,0.000000,0.000000
0.003676626,4,7,read_only,64,16,1.000000,1.000000,1.000000,{"1":16},1.000000,0.000000,0.000000,0.000000,1.000000,0.000000,-1.000000
0.003676626,4,7,union,64,16,1.000000,1.000000,1.000000,{"1":16},1.000000,0.000000,0.000000,0.000000,1.000000,0.000000,-1.000000
0.003676626,4,7,snapshot,64,868,1.000000,1.000000,1.000000,{"1":868},1.000000,0.000000,0.000000,0.000000,1.000000,0.000000,-1.000000
0.003676626,4,7,read_only,256,16,1.000000,1.000000,1.000000,{"1":16},1.000000,0.000000,0.000000,0.000000,1.000000,0.000000,-1.000000
0.003676626,4,7,union,256,16,1.000000,1.000000,1.000000,{"1":16},1.000000,0.000000,0.000000,0.000000,1.000000,0.000000,-1.000000
0.003676626,4,7,snapshot,256,868,1.000000,1.000000,1.000000,{"1":868},1.000000,0.000000,0.000000,0.000000,1.000000,0.000000,-1.000000
0.003676626,4,7,read_only,1024,16,1.000000,1.000000,1.000000,{"1":16},1.000000,0.000000,0.000000,0.000000,1.000000,0.000000,-1.000000
0.003676626,4,7,union,1024,16,1.000000,1.000000,1.000000,{"1":16},1.000000,0.000000,0.000000,0.000000,1.000000,0.000000,-1.000000
0.003676626,4,7,snapshot,1024,868,1.000000,1.000000,1.000000,{"1":868},1.000000,0.000000,0.000000,0.000000,1.000000,0.000000,-1.000000
0.003676626,4,7,read_only,4096,16,1.000000,1.000000,1.000000,{"1":16},1.000000,0.000000,0.000000,0.000000,1.000000,0.000000,-1.000000
0.003676626,4,7,union,4096,16,1.000000,1.000000,1.000000,{"1":16},1.000000,0.000000,0.000000,0.000000,1.000000,0.000000,-1.000000
0.003676626,4,7,snapshot,4096,868,1.000000,1.000000,1.000000,{"1":868},1.000000,0.000000,0.000000,0.000000,1.000000,0.000000,-1.000000
0.003676626,4,7,read_only,16384,6,0.833333,0.958333,0.833333,{"1":16},0.833333,0.166667,0.000000,0.000000,0.833333,0.000000,0.000000
0.003676626,4,7,union,16384,6,0.833333,0.958333,0.833333,{"1":16},0.833333,0.166667,0.000000,0.000000,0.833333,0.000000,0.000000
0.003676626,4,7,snapshot,16384,235,0.889362,0.963475,0.889362,{"1":868},0.889362,0.110638,0.000000,0.000000,0.889362,0.000000,0.000000
0.003925865,4,8,union,64,3,1.000000,1.000000,1.000000,{"1":3},1.000000,0.000000,0.000000,0.000000,1.000000,0.000000,-1.000000
0.003925865,4,8,snapshot,64,868,1.000000,1.000000,1.000000,{"1":868},1.000000,0.000000,0.000000,0.000000,1.000000,0.000000,-1.000000
0.003925865,4,8,union,256,3,1.000000,1.000000,1.000000,{"1":3},1.000000,0.000000,0.000000,0.000000,1.000000,0.000000,-1.000000
0.003925865,4,8,snapshot,256,868,1.000000,1.000000,1.000000,{"1":868},1.000000,0.000000,0.000000,0.000000,1.000000,0.000000,-1.000000
0.003925865,4,8,union,1024,3,1.000000,1.000000,1.000000,{"1":3},1.000000,0.000000,0.000000,0.000000,1.000000,0.000000,-1.000000
0.003925865,4,8,snapshot,1024,868,1.000000,1.000000,1.000000,{"1":868},1.000000,0.000000,0.000000,0.000000,1.000000,0.000000,-1.000000
0.003925865,4,8,union,4096,3,1.000000,1.000000,1.000000,{"1":3},1.000000,0.000000,0.000000,0.000000,1.000000,0.000000,-1.000000
0.003925865,4,8,snapshot,4096,868,1.000000,1.000000,1.000000,{"1":868},1.000000,0.000000,0.000000,0.000000,1.000000,0.000000,-1.000000
0.003925865,4,8,union,16384,3,1.000000,1.000000,1.000000,{"1":3},1.000000,0.000000,0.000000,0.000000,1.000000,0.000000,-1.000000
0.003925865,4,8,snapshot,16384,235,0.889362,0.963475,0.889362,{"1":868},0.889362,0.110638,0.000000,0.000000,0.889362,0.000000,0.000000
0.004163619,4,9,snapshot,64,868,1.000000,1.000000,1.000000,{"1":868},1.000000,0.000000,0.000000,0.000000,1.000000,0.000000,-1.000000
0.004163619,4,9,snapshot,256,868,1.000000,1.000000,1.000000,{"1":868},1.000000,0.000000,0.000000,0.000000,1.000000,0.000000,-1.000000
0.004163619,4,9,snapshot,1024,868,1.000000,1.000000,1.000000,{"1":868},1.000000,0.000000,0.000000,0.000000,1.000000,0.000000,-1.000000
0.004163619,4,9,snapshot,4096,868,1.000000,1.000000,1.000000,{"1":868},1.000000,0.000000,0.000000,0.000000,1.000000,0.000000,-1.000000
0.004163619,4,9,snapshot,16384,235,0.889362,0.963475,0.889362,{"1":868},0.889362,0.110638,0.000000,0.000000,0.889362,0.000000,0.000000
0.004412500,4,10,read_only,64,25,1.000000,1.000000,1.000000,{"1":25},1.000000,0.000000,0.000000,0.000000,1.000000,0.000000,-1.000000
0.004412500,4,10,union,64,25,1.000000,1.000000,1.000000,{"1":25},1.000000,0.000000,0.000000,0.000000,1.000000,0.000000,-1.000000
0.004412500,4,10,snapshot,64,893,1.000000,1.000000,1.000000,{"1":893},1.000000,0.000000,0.000000,0.000000,1.000000,0.000000,-1.000000
0.004412500,4,10,read_only,256,25,1.000000,1.000000,1.000000,{"1":25},1.000000,0.000000,0.000000,0.000000,1.000000,0.000000,-1.000000
0.004412500,4,10,union,256,25,1.000000,1.000000,1.000000,{"1":25},1.000000,0.000000,0.000000,0.000000,1.000000,0.000000,-1.000000
0.004412500,4,10,snapshot,256,893,1.000000,1.000000,1.000000,{"1":893},1.000000,0.000000,0.000000,0.000000,1.000000,0.000000,-1.000000
0.004412500,4,10,read_only,1024,25,1.000000,1.000000,1.000000,{"1":25},1.000000,0.000000,0.000000,0.000000,1.000000,0.000000,-1.000000
0.004412500,4,10,union,1024,25,1.000000,1.000000,1.000000,{"1":25},1.000000,0.000000,0.000000,0.000000,1.000000,0.000000,-1.000000
0.004412500,4,10,snapshot,1024,893,1.000000,1.000000,1.000000,{"1":893},1.000000,0.000000,0.000000,0.000000,1.000000,0.000000,-1.000000
0.004412500,4,10,read_only,4096,25,1.000000,1.000000,1.000000,{"1":25},1.000000,0.000000,0.000000,0.000000,1.000000,0.000000,-1.000000
0.004412500,4,10,union,4096,25,1.000000,1.000000,1.000000,{"1":25},1.000000,0.000000,0.000000,0.000000,1.000000,0.000000,-1.000000
0.004412500,4,10,snapshot,4096,893,1.000000,1.000000,1.000000,{"1":893},1.000000,0.000000,0.000000,0.000000,1.000000,0.000000,-1.000000
0.004412500,4,10,read_only,16384,7,1.000000,1.000000,1.000000,{"1":25},1.000000,0.000000,0.000000,0.000000,1.000000,0.000000,-1.000000
0.004412500,4,10,union,16384,7,1.000000,1.000000,1.000000,{"1":25},1.000000,0.000000,0.000000,0.000000,1.000000,0.000000,-1.000000
0.004412500,4,10,snapshot,16384,242,0.892562,0.964532,0.892562,{"1":893},0.892562,0.107438,0.000000,0.000000,0.892562,0.000000,0.000000
0.004644942,4,11,snapshot,64,893,1.000000,1.000000,1.000000,{"1":893},1.000000,0.000000,0.000000,0.000000,1.000000,0.000000,-1.000000
0.004644942,4,11,snapshot,256,893,1.000000,1.000000,1.000000,{"1":893},1.000000,0.000000,0.000000,0.000000,1.000000,0.000000,-1.000000
0.004644942,4,11,snapshot,1024,893,1.000000,1.000000,1.000000,{"1":893},1.000000,0.000000,0.000000,0.000000,1.000000,0.000000,-1.000000
0.004644942,4,11,snapshot,4096,893,1.000000,1.000000,1.000000,{"1":893},1.000000,0.000000,0.000000,0.000000,1.000000,0.000000,-1.000000
0.004644942,4,11,snapshot,16384,242,0.892562,0.964532,0.892562,{"1":893},0.892562,0.107438,0.000000,0.000000,0.892562,0.000000,0.000000
0.005163010,4,12,read_only,64,87,1.000000,1.000000,1.000000,{"1":87},1.000000,0.000000,0.000000,0.000000,1.000000,0.000000,-1.000000
0.005163010,4,12,union,64,94,1.000000,1.000000,1.000000,{"1":94},1.000000,0.000000,0.000000,0.000000,1.000000,0.000000,-1.000000
0.005163010,4,12,snapshot,64,985,1.000000,1.000000,1.000000,{"1":985},1.000000,0.000000,0.000000,0.000000,1.000000,0.000000,-1.000000
0.005163010,4,12,read_only,256,87,1.000000,1.000000,1.000000,{"1":87},1.000000,0.000000,0.000000,0.000000,1.000000,0.000000,-1.000000
0.005163010,4,12,union,256,94,1.000000,1.000000,1.000000,{"1":94},1.000000,0.000000,0.000000,0.000000,1.000000,0.000000,-1.000000
0.005163010,4,12,snapshot,256,985,1.000000,1.000000,1.000000,{"1":985},1.000000,0.000000,0.000000,0.000000,1.000000,0.000000,-1.000000
0.005163010,4,12,read_only,1024,87,1.000000,1.000000,1.000000,{"1":87},1.000000,0.000000,0.000000,0.000000,1.000000,0.000000,-1.000000
0.005163010,4,12,union,1024,94,1.000000,1.000000,1.000000,{"1":94},1.000000,0.000000,0.000000,0.000000,1.000000,0.000000,-1.000000
0.005163010,4,12,snapshot,1024,985,1.000000,1.000000,1.000000,{"1":985},1.000000,0.000000,0.000000,0.000000,1.000000,0.000000,-1.000000
0.005163010,4,12,read_only,4096,87,1.000000,1.000000,1.000000,{"1":87},1.000000,0.000000,0.000000,0.000000,1.000000,0.000000,-1.000000
0.005163010,4,12,union,4096,94,1.000000,1.000000,1.000000,{"1":94},1.000000,0.000000,0.000000,0.000000,1.000000,0.000000,-1.000000
0.005163010,4,12,snapshot,4096,985,1.000000,1.000000,1.000000,{"1":985},1.000000,0.000000,0.000000,0.000000,1.000000,0.000000,-1.000000
0.005163010,4,12,read_only,16384,28,0.928571,0.982143,0.928571,{"1":87},0.928571,0.071429,0.000000,0.000000,0.928571,0.000000,0.000000
0.005163010,4,12,union,16384,30,0.933333,0.983333,0.933333,{"1":94},0.933333,0.066667,0.000000,0.000000,0.933333,0.000000,0.000000
0.005163010,4,12,snapshot,16384,267,0.895131,0.966292,0.895131,{"1":985},0.895131,0.104869,0.000000,0.000000,0.895131,0.000000,0.000000
0.005404171,4,13,snapshot,64,985,1.000000,1.000000,1.000000,{"1":985},1.000000,0.000000,0.000000,0.000000,1.000000,0.000000,-1.000000
0.005404171,4,13,snapshot,256,985,1.000000,1.000000,1.000000,{"1":985},1.000000,0.000000,0.000000,0.000000,1.000000,0.000000,-1.000000
0.005404171,4,13,snapshot,1024,985,1.000000,1.000000,1.000000,{"1":985},1.000000,0.000000,0.000000,0.000000,1.000000,0.000000,-1.000000
0.005404171,4,13,snapshot,4096,985,1.000000,1.000000,1.000000,{"1":985},1.000000,0.000000,0.000000,0.000000,1.000000,0.000000,-1.000000
0.005404171,4,13,snapshot,16384,267,0.895131,0.966292,0.895131,{"1":985},0.895131,0.104869,0.000000,0.000000,0.895131,0.000000,0.000000
0.005643450,4,14,read_only,64,3,1.000000,1.000000,1.000000,{"1":3},1.000000,0.000000,0.000000,0.000000,1.000000,0.000000,-1.000000
0.005643450,4,14,union,64,3,1.000000,1.000000,1.000000,{"1":3},1.000000,0.000000,0.000000,0.000000,1.000000,0.000000,-1.000000
0.005643450,4,14,snapshot,64,988,1.000000,1.000000,1.000000,{"1":988},1.000000,0.000000,0.000000,0.000000,1.000000,0.000000,-1.000000
0.005643450,4,14,read_only,256,3,1.000000,1.000000,1.000000,{"1":3},1.000000,0.000000,0.000000,0.000000,1.000000,0.000000,-1.000000
0.005643450,4,14,union,256,3,1.000000,1.000000,1.000000,{"1":3},1.000000,0.000000,0.000000,0.000000,1.000000,0.000000,-1.000000
0.005643450,4,14,snapshot,256,988,1.000000,1.000000,1.000000,{"1":988},1.000000,0.000000,0.000000,0.000000,1.000000,0.000000,-1.000000
0.005643450,4,14,read_only,1024,3,1.000000,1.000000,1.000000,{"1":3},1.000000,0.000000,0.000000,0.000000,1.000000,0.000000,-1.000000
0.005643450,4,14,union,1024,3,1.000000,1.000000,1.000000,{"1":3},1.000000,0.000000,0.000000,0.000000,1.000000,0.000000,-1.000000
0.005643450,4,14,snapshot,1024,988,1.000000,1.000000,1.000000,{"1":988},1.000000,0.000000,0.000000,0.000000,1.000000,0.000000,-1.000000
0.005643450,4,14,read_only,4096,3,1.000000,1.000000,1.000000,{"1":3},1.000000,0.000000,0.000000,0.000000,1.000000,0.000000,-1.000000
0.005643450,4,14,union,4096,3,1.000000,1.000000,1.000000,{"1":3},1.000000,0.000000,0.000000,0.000000,1.000000,0.000000,-1.000000
0.005643450,4,14,snapshot,4096,988,1.000000,1.000000,1.000000,{"1":988},1.000000,0.000000,0.000000,0.000000,1.000000,0.000000,-1.000000
0.005643450,4,14,read_only,16384,1,1.000000,1.000000,1.000000,{"1":3},1.000000,0.000000,0.000000,0.000000,1.000000,0.000000,-1.000000
0.005643450,4,14,union,16384,1,1.000000,1.000000,1.000000,{"1":3},1.000000,0.000000,0.000000,0.000000,1.000000,0.000000,-1.000000
0.005643450,4,14,snapshot,16384,268,0.895522,0.966418,0.895522,{"1":988},0.895522,0.104478,0.000000,0.000000,0.895522,0.000000,0.000000
0.006053179,4,15,read_only,64,59,1.000000,1.000000,1.000000,{"1":59},1.000000,0.000000,0.000000,0.000000,1.000000,0.000000,-1.000000
0.006053179,4,15,union,64,59,1.000000,1.000000,1.000000,{"1":59},1.000000,0.000000,0.000000,0.000000,1.000000,0.000000,-1.000000
0.006053179,4,15,snapshot,64,1047,1.000000,1.000000,1.000000,{"1":1047},1.000000,0.000000,0.000000,0.000000,1.000000,0.000000,-1.000000
0.006053179,4,15,read_only,256,59,1.000000,1.000000,1.000000,{"1":59},1.000000,0.000000,0.000000,0.000000,1.000000,0.000000,-1.000000
0.006053179,4,15,union,256,59,1.000000,1.000000,1.000000,{"1":59},1.000000,0.000000,0.000000,0.000000,1.000000,0.000000,-1.000000
0.006053179,4,15,snapshot,256,1047,1.000000,1.000000,1.000000,{"1":1047},1.000000,0.000000,0.000000,0.000000,1.000000,0.000000,-1.000000
0.006053179,4,15,read_only,1024,59,1.000000,1.000000,1.000000,{"1":59},1.000000,0.000000,0.000000,0.000000,1.000000,0.000000,-1.000000
0.006053179,4,15,union,1024,59,1.000000,1.000000,1.000000,{"1":59},1.000000,0.000000,0.000000,0.000000,1.000000,0.000000,-1.000000
0.006053179,4,15,snapshot,1024,1047,1.000000,1.000000,1.000000,{"1":1047},1.000000,0.000000,0.000000,0.000000,1.000000,0.000000,-1.000000
0.006053179,4,15,read_only,4096,59,1.000000,1.000000,1.000000,{"1":59},1.000000,0.000000,0.000000,0.000000,1.000000,0.000000,-1.000000
0.006053179,4,15,union,4096,59,1.000000,1.000000,1.000000,{"1":59},1.000000,0.000000,0.000000,0.000000,1.000000,0.000000,-1.000000
0.006053179,4,15,snapshot,4096,1047,1.000000,1.000000,1.000000,{"1":1047},1.000000,0.000000,0.000000,0.000000,1.000000,0.000000,-1.000000
0.006053179,4,15,read_only,16384,23,0.869565,0.956522,0.869565,{"1":59},0.869565,0.130435,0.000000,0.000000,0.869565,0.000000,0.000000
0.006053179,4,15,union,16384,23,0.869565,0.956522,0.869565,{"1":59},0.869565,0.130435,0.000000,0.000000,0.869565,0.000000,0.000000
0.006053179,4,15,snapshot,16384,289,0.892734,0.965398,0.892734,{"1":1047},0.892734,0.107266,0.000000,0.000000,0.892734,0.000000,0.000000
0.006467416,4,16,read_only,64,48,1.000000,1.000000,1.000000,{"1":48},1.000000,0.000000,0.000000,0.000000,1.000000,0.000000,-1.000000
0.006467416,4,16,union,64,93,1.000000,1.000000,1.000000,{"1":93},1.000000,0.000000,0.000000,0.000000,1.000000,0.000000,-1.000000
0.006467416,4,16,snapshot,64,1095,1.000000,1.000000,1.000000,{"1":1095},1.000000,0.000000,0.000000,0.000000,1.000000,0.000000,-1.000000
0.006467416,4,16,read_only,256,48,1.000000,1.000000,1.000000,{"1":48},1.000000,0.000000,0.000000,0.000000,1.000000,0.000000,-1.000000
0.006467416,4,16,union,256,93,1.000000,1.000000,1.000000,{"1":93},1.000000,0.000000,0.000000,0.000000,1.000000,0.000000,-1.000000
0.006467416,4,16,snapshot,256,1095,1.000000,1.000000,1.000000,{"1":1095},1.000000,0.000000,0.000000,0.000000,1.000000,0.000000,-1.000000
0.006467416,4,16,read_only,1024,48,1.000000,1.000000,1.000000,{"1":48},1.000000,0.000000,0.000000,0.000000,1.000000,0.000000,-1.000000
0.006467416,4,16,union,1024,93,1.000000,1.000000,1.000000,{"1":93},1.000000,0.000000,0.000000,0.000000,1.000000,0.000000,-1.000000
0.006467416,4,16,snapshot,1024,1095,1.000000,1.000000,1.000000,{"1":1095},1.000000,0.000000,0.000000,0.000000,1.000000,0.000000,-1.000000
0.006467416,4,16,read_only,4096,48,1.000000,1.000000,1.000000,{"1":48},1.000000,0.000000,0.000000,0.000000,1.000000,0.000000,-1.000000
0.006467416,4,16,union,4096,93,1.000000,1.000000,1.000000,{"1":93},1.000000,0.000000,0.000000,0.000000,1.000000,0.000000,-1.000000
0.006467416,4,16,snapshot,4096,1095,1.000000,1.000000,1.000000,{"1":1095},1.000000,0.000000,0.000000,0.000000,1.000000,0.000000,-1.000000
0.006467416,4,16,read_only,16384,17,0.352941,0.774510,0.352941,{"1":48},0.352941,0.647059,0.000000,0.000000,0.352941,0.000000,0.000000
0.006467416,4,16,union,16384,34,0.676471,0.892157,0.676471,{"1":93},0.676471,0.323529,0.000000,0.000000,0.676471,0.000000,0.000000
0.006467416,4,16,snapshot,16384,301,0.857143,0.953488,0.857143,{"1":1095},0.857143,0.142857,0.000000,0.000000,0.857143,0.000000,0.000000
0.007089136,4,17,read_only,64,74,1.000000,1.000000,1.000000,{"1":74},1.000000,0.000000,0.000000,0.000000,1.000000,0.000000,-1.000000
0.007089136,4,17,union,64,124,1.000000,1.000000,1.000000,{"1":124},1.000000,0.000000,0.000000,0.000000,1.000000,0.000000,-1.000000
0.007089136,4,17,snapshot,64,1171,1.000000,1.000000,1.000000,{"1":1171},1.000000,0.000000,0.000000,0.000000,1.000000,0.000000,-1.000000
0.007089136,4,17,read_only,256,74,1.000000,1.000000,1.000000,{"1":74},1.000000,0.000000,0.000000,0.000000,1.000000,0.000000,-1.000000
0.007089136,4,17,union,256,124,1.000000,1.000000,1.000000,{"1":124},1.000000,0.000000,0.000000,0.000000,1.000000,0.000000,-1.000000
0.007089136,4,17,snapshot,256,1171,1.000000,1.000000,1.000000,{"1":1171},1.000000,0.000000,0.000000,0.000000,1.000000,0.000000,-1.000000
0.007089136,4,17,read_only,1024,74,1.000000,1.000000,1.000000,{"1":74},1.000000,0.000000,0.000000,0.000000,1.000000,0.000000,-1.000000
0.007089136,4,17,union,1024,124,1.000000,1.000000,1.000000,{"1":124},1.000000,0.000000,0.000000,0.000000,1.000000,0.000000,-1.000000
0.007089136,4,17,snapshot,1024,1171,1.000000,1.000000,1.000000,{"1":1171},1.000000,0.000000,0.000000,0.000000,1.000000,0.000000,-1.000000
0.007089136,4,17,read_only,4096,74,1.000000,1.000000,1.000000,{"1":74},1.000000,0.000000,0.000000,0.000000,1.000000,0.000000,-1.000000
0.007089136,4,17,union,4096,124,1.000000,1.000000,1.000000,{"1":124},1.000000,0.000000,0.000000,0.000000,1.000000,0.000000,-1.000000
0.007089136,4,17,snapshot,4096,1171,1.000000,1.000000,1.000000,{"1":1171},1.000000,0.000000,0.000000,0.000000,1.000000,0.000000,-1.000000
0.007089136,4,17,read_only,16384,26,0.653846,0.868590,0.653846,{"1":74},0.653846,0.346154,0.000000,0.000000,0.653846,0.000000,0.000000
0.007089136,4,17,union,16384,48,0.770833,0.914931,0.770833,{"1":124},0.770833,0.229167,0.000000,0.000000,0.770833,0.000000,0.000000
0.007089136,4,17,snapshot,16384,321,0.834891,0.945223,0.834891,{"1":1171},0.834891,0.161994,0.003115,0.000000,0.834891,0.000000,0.000000
0.007322225,4,18,snapshot,64,1171,1.000000,1.000000,1.000000,{"1":1171},1.000000,0.000000,0.000000,0.000000,1.000000,0.000000,-1.000000
0.007322225,4,18,snapshot,256,1171,1.000000,1.000000,1.000000,{"1":1171},1.000000,0.000000,0.000000,0.000000,1.000000,0.000000,-1.000000
0.007322225,4,18,snapshot,1024,1171,1.000000,1.000000,1.000000,{"1":1171},1.000000,0.000000,0.000000,0.000000,1.000000,0.000000,-1.000000
0.007322225,4,18,snapshot,4096,1171,1.000000,1.000000,1.000000,{"1":1171},1.000000,0.000000,0.000000,0.000000,1.000000,0.000000,-1.000000
0.007322225,4,18,snapshot,16384,321,0.834891,0.945223,0.834891,{"1":1171},0.834891,0.161994,0.003115,0.000000,0.834891,0.000000,0.000000
0.007558578,4,19,union,64,2,1.000000,1.000000,1.000000,{"1":2},1.000000,0.000000,0.000000,0.000000,1.000000,0.000000,-1.000000
0.007558578,4,19,snapshot,64,1171,1.000000,1.000000,1.000000,{"1":1171},1.000000,0.000000,0.000000,0.000000,1.000000,0.000000,-1.000000
0.007558578,4,19,union,256,2,1.000000,1.000000,1.000000,{"1":2},1.000000,0.000000,0.000000,0.000000,1.000000,0.000000,-1.000000
0.007558578,4,19,snapshot,256,1171,1.000000,1.000000,1.000000,{"1":1171},1.000000,0.000000,0.000000,0.000000,1.000000,0.000000,-1.000000
0.007558578,4,19,union,1024,2,1.000000,1.000000,1.000000,{"1":2},1.000000,0.000000,0.000000,0.000000,1.000000,0.000000,-1.000000
0.007558578,4,19,snapshot,1024,1171,1.000000,1.000000,1.000000,{"1":1171},1.000000,0.000000,0.000000,0.000000,1.000000,0.000000,-1.000000
0.007558578,4,19,union,4096,2,1.000000,1.000000,1.000000,{"1":2},1.000000,0.000000,0.000000,0.000000,1.000000,0.000000,-1.000000
0.007558578,4,19,snapshot,4096,1171,1.000000,1.000000,1.000000,{"1":1171},1.000000,0.000000,0.000000,0.000000,1.000000,0.000000,-1.000000
0.007558578,4,19,union,16384,2,1.000000,1.000000,1.000000,{"1":2},1.000000,0.000000,0.000000,0.000000,1.000000,0.000000,-1.000000
0.007558578,4,19,snapshot,16384,321,0.834891,0.945223,0.834891,{"1":1171},0.834891,0.161994,0.003115,0.000000,0.834891,0.000000,0.000000
0.007795227,4,20,read_only,64,10,1.000000,1.000000,1.000000,{"1":10},1.000000,0.000000,0.000000,0.000000,1.000000,0.000000,-1.000000
0.007795227,4,20,union,64,12,1.000000,1.000000,1.000000,{"1":12},1.000000,0.000000,0.000000,0.000000,1.000000,0.000000,-1.000000
0.007795227,4,20,snapshot,64,1181,1.000000,1.000000,1.000000,{"1":1181},1.000000,0.000000,0.000000,0.000000,1.000000,0.000000,-1.000000
0.007795227,4,20,read_only,256,10,1.000000,1.000000,1.000000,{"1":10},1.000000,0.000000,0.000000,0.000000,1.000000,0.000000,-1.000000
0.007795227,4,20,union,256,12,1.000000,1.000000,1.000000,{"1":12},1.000000,0.000000,0.000000,0.000000,1.000000,0.000000,-1.000000
0.007795227,4,20,snapshot,256,1181,1.000000,1.000000,1.000000,{"1":1181},1.000000,0.000000,0.000000,0.000000,1.000000,0.000000,-1.000000
0.007795227,4,20,read_only,1024,10,1.000000,1.000000,1.000000,{"1":10},1.000000,0.000000,0.000000,0.000000,1.000000,0.000000,-1.000000
0.007795227,4,20,union,1024,12,1.000000,1.000000,1.000000,{"1":12},1.000000,0.000000,0.000000,0.000000,1.000000,0.000000,-1.000000
0.007795227,4,20,snapshot,1024,1181,1.000000,1.000000,1.000000,{"1":1181},1.000000,0.000000,0.000000,0.000000,1.000000,0.000000,-1.000000
0.007795227,4,20,read_only,4096,10,1.000000,1.000000,1.000000,{"1":10},1.000000,0.000000,0.000000,0.000000,1.000000,0.000000,-1.000000
0.007795227,4,20,union,4096,12,1.000000,1.000000,1.000000,{"1":12},1.000000,0.000000,0.000000,0.000000,1.000000,0.000000,-1.000000
0.007795227,4,20,snapshot,4096,1181,1.000000,1.000000,1.000000,{"1":1181},1.000000,0.000000,0.000000,0.000000,1.000000,0.000000,-1.000000
0.007795227,4,20,read_only,16384,6,1.000000,1.000000,1.000000,{"1":10},1.000000,0.000000,0.000000,0.000000,1.000000,0.000000,-1.000000
0.007795227,4,20,union,16384,8,1.000000,1.000000,1.000000,{"1":12},1.000000,0.000000,0.000000,0.000000,1.000000,0.000000,-1.000000
0.007795227,4,20,snapshot,16384,327,0.840979,0.947248,0.840979,{"1":1181},0.840979,0.155963,0.003058,0.000000,0.840979,0.000000,0.000000
0.008033808,4,21,read_only,64,24,1.000000,1.000000,1.000000,{"1":24},1.000000,0.000000,0.000000,0.000000,1.000000,0.000000,-1.000000
0.008033808,4,21,union,64,25,1.000000,1.000000,1.000000,{"1":25},1.000000,0.000000,0.000000,0.000000,1.000000,0.000000,-1.000000
0.008033808,4,21,snapshot,64,1205,1.000000,1.000000,1.000000,{"1":1205},1.000000,0.000000,0.000000,0.000000,1.000000,0.000000,-1.000000
0.008033808,4,21,read_only,256,24,1.000000,1.000000,1.000000,{"1":24},1.000000,0.000000,0.000000,0.000000,1.000000,0.000000,-1.000000
0.008033808,4,21,union,256,25,1.000000,1.000000,1.000000,{"1":25},1.000000,0.000000,0.000000,0.000000,1.000000,0.000000,-1.000000
0.008033808,4,21,snapshot,256,1205,1.000000,1.000000,1.000000,{"1":1205},1.000000,0.000000,0.000000,0.000000,1.000000,0.000000,-1.000000
0.008033808,4,21,read_only,1024,24,1.000000,1.000000,1.000000,{"1":24},1.000000,0.000000,0.000000,0.000000,1.000000,0.000000,-1.000000
0.008033808,4,21,union,1024,25,1.000000,1.000000,1.000000,{"1":25},1.000000,0.000000,0.000000,0.000000,1.000000,0.000000,-1.000000
0.008033808,4,21,snapshot,1024,1205,1.000000,1.000000,1.000000,{"1":1205},1.000000,0.000000,0.000000,0.000000,1.000000,0.000000,-1.000000
0.008033808,4,21,read_only,4096,24,1.000000,1.000000,1.000000,{"1":24},1.000000,0.000000,0.000000,0.000000,1.000000,0.000000,-1.000000
0.008033808,4,21,union,4096,25,1.000000,1.000000,1.000000,{"1":25},1.000000,0.000000,0.000000,0.000000,1.000000,0.000000,-1.000000
0.008033808,4,21,snapshot,4096,1205,1.000000,1.000000,1.000000,{"1":1205},1.000000,0.000000,0.000000,0.000000,1.000000,0.000000,-1.000000
0.008033808,4,21,read_only,16384,10,1.000000,1.000000,1.000000,{"1":24},1.000000,0.000000,0.000000,0.000000,1.000000,0.000000,-1.000000
0.008033808,4,21,union,16384,11,1.000000,1.000000,1.000000,{"1":25},1.000000,0.000000,0.000000,0.000000,1.000000,0.000000,-1.000000
0.008033808,4,21,snapshot,16384,332,0.840361,0.947289,0.840361,{"1":1205},0.840361,0.156627,0.003012,0.000000,0.840361,0.000000,0.000000
0.008270734,4,22,read_only,64,2,1.000000,1.000000,1.000000,{"1":2},1.000000,0.000000,0.000000,0.000000,1.000000,0.000000,-1.000000
0.008270734,4,22,union,64,5,1.000000,1.000000,1.000000,{"1":5},1.000000,0.000000,0.000000,0.000000,1.000000,0.000000,-1.000000
0.008270734,4,22,snapshot,64,1207,1.000000,1.000000,1.000000,{"1":1207},1.000000,0.000000,0.000000,0.000000,1.000000,0.000000,-1.000000
0.008270734,4,22,read_only,256,2,1.000000,1.000000,1.000000,{"1":2},1.000000,0.000000,0.000000,0.000000,1.000000,0.000000,-1.000000
0.008270734,4,22,union,256,5,1.000000,1.000000,1.000000,{"1":5},1.000000,0.000000,0.000000,0.000000,1.000000,0.000000,-1.000000
0.008270734,4,22,snapshot,256,1207,1.000000,1.000000,1.000000,{"1":1207},1.000000,0.000000,0.000000,0.000000,1.000000,0.000000,-1.000000
0.008270734,4,22,read_only,1024,2,1.000000,1.000000,1.000000,{"1":2},1.000000,0.000000,0.000000,0.000000,1.000000,0.000000,-1.000000
0.008270734,4,22,union,1024,5,1.000000,1.000000,1.000000,{"1":5},1.000000,0.000000,0.000000,0.000000,1.000000,0.000000,-1.000000
0.008270734,4,22,snapshot,1024,1207,1.000000,1.000000,1.000000,{"1":1207},1.000000,0.000000,0.000000,0.000000,1.000000,0.000000,-1.000000
0.008270734,4,22,read_only,4096,2,1.000000,1.000000,1.000000,{"1":2},1.000000,0.000000,0.000000,0.000000,1.000000,0.000000,-1.000000
0.008270734,4,22,union,4096,5,1.000000,1.000000,1.000000,{"1":5},1.000000,0.000000,0.000000,0.000000,1.000000,0.000000,-1.000000
0.008270734,4,22,snapshot,4096,1207,1.000000,1.000000,1.000000,{"1":1207},1.000000,0.000000,0.000000,0.000000,1.000000,0.000000,-1.000000
0.008270734,4,22,read_only,16384,2,1.000000,1.000000,1.000000,{"1":2},1.000000,0.000000,0.000000,0.000000,1.000000,0.000000,-1.000000
0.008270734,4,22,union,16384,5,1.000000,1.000000,1.000000,{"1":5},1.000000,0.000000,0.000000,0.000000,1.000000,0.000000,-1.000000
0.008270734,4,22,snapshot,16384,333,0.840841,0.947447,0.840841,{"1":1207},0.840841,0.156156,0.003003,0.000000,0.840841,0.000000,0.000000
0.008508593,4,23,snapshot,64,1207,1.000000,1.000000,1.000000,{"1":1207},1.000000,0.000000,0.000000,0.000000,1.000000,0.000000,-1.000000
0.008508593,4,23,snapshot,256,1207,1.000000,1.000000,1.000000,{"1":1207},1.000000,0.000000,0.000000,0.000000,1.000000,0.000000,-1.000000
0.008508593,4,23,snapshot,1024,1207,1.000000,1.000000,1.000000,{"1":1207},1.000000,0.000000,0.000000,0.000000,1.000000,0.000000,-1.000000
0.008508593,4,23,snapshot,4096,1207,1.000000,1.000000,1.000000,{"1":1207},1.000000,0.000000,0.000000,0.000000,1.000000,0.000000,-1.000000
0.008508593,4,23,snapshot,16384,333,0.840841,0.947447,0.840841,{"1":1207},0.840841,0.156156,0.003003,0.000000,0.840841,0.000000,0.000000
0.008758067,4,24,read_only,64,6,1.000000,1.000000,1.000000,{"1":6},1.000000,0.000000,0.000000,0.000000,1.000000,0.000000,-1.000000
0.008758067,4,24,union,64,7,1.000000,1.000000,1.000000,{"1":7},1.000000,0.000000,0.000000,0.000000,1.000000,0.000000,-1.000000
0.008758067,4,24,snapshot,64,1213,1.000000,1.000000,1.000000,{"1":1213},1.000000,0.000000,0.000000,0.000000,1.000000,0.000000,-1.000000
0.008758067,4,24,read_only,256,6,1.000000,1.000000,1.000000,{"1":6},1.000000,0.000000,0.000000,0.000000,1.000000,0.000000,-1.000000
0.008758067,4,24,union,256,7,1.000000,1.000000,1.000000,{"1":7},1.000000,0.000000,0.000000,0.000000,1.000000,0.000000,-1.000000
0.008758067,4,24,snapshot,256,1213,1.000000,1.000000,1.000000,{"1":1213},1.000000,0.000000,0.000000,0.000000,1.000000,0.000000,-1.000000
0.008758067,4,24,read_only,1024,6,1.000000,1.000000,1.000000,{"1":6},1.000000,0.000000,0.000000,0.000000,1.000000,0.000000,-1.000000
0.008758067,4,24,union,1024,7,1.000000,1.000000,1.000000,{"1":7},1.000000,0.000000,0.000000,0.000000,1.000000,0.000000,-1.000000
0.008758067,4,24,snapshot,1024,1213,1.000000,1.000000,1.000000,{"1":1213},1.000000,0.000000,0.000000,0.000000,1.000000,0.000000,-1.000000
0.008758067,4,24,read_only,4096,6,1.000000,1.000000,1.000000,{"1":6},1.000000,0.000000,0.000000,0.000000,1.000000,0.000000,-1.000000
0.008758067,4,24,union,4096,7,1.000000,1.000000,1.000000,{"1":7},1.000000,0.000000,0.000000,0.000000,1.000000,0.000000,-1.000000
0.008758067,4,24,snapshot,4096,1213,1.000000,1.000000,1.000000,{"1":1213},1.000000,0.000000,0.000000,0.000000,1.000000,0.000000,-1.000000
0.008758067,4,24,read_only,16384,3,0.666667,0.833333,0.666667,{"1":6},0.666667,0.333333,0.000000,0.000000,0.666667,0.000000,0.000000
0.008758067,4,24,union,16384,4,0.750000,0.875000,0.750000,{"1":7},0.750000,0.250000,0.000000,0.000000,0.750000,0.000000,0.000000
0.008758067,4,24,snapshot,16384,336,0.839286,0.946429,0.839286,{"1":1213},0.839286,0.157738,0.002976,0.000000,0.839286,0.000000,0.000000
0.009003938,4,25,snapshot,64,1213,1.000000,1.000000,1.000000,{"1":1213},1.000000,0.000000,0.000000,0.000000,1.000000,0.000000,-1.000000
0.009003938,4,25,snapshot,256,1213,1.000000,1.000000,1.000000,{"1":1213},1.000000,0.000000,0.000000,0.000000,1.000000,0.000000,-1.000000
0.009003938,4,25,snapshot,1024,1213,1.000000,1.000000,1.000000,{"1":1213},1.000000,0.000000,0.000000,0.000000,1.000000,0.000000,-1.000000
0.009003938,4,25,snapshot,4096,1213,1.000000,1.000000,1.000000,{"1":1213},1.000000,0.000000,0.000000,0.000000,1.000000,0.000000,-1.000000
0.009003938,4,25,snapshot,16384,336,0.839286,0.946429,0.839286,{"1":1213},0.839286,0.157738,0.002976,0.000000,0.839286,0.000000,0.000000
0.009239016,4,26,read_only,64,4,1.000000,1.000000,1.000000,{"1":4},1.000000,0.000000,0.000000,0.000000,1.000000,0.000000,-1.000000
0.009239016,4,26,union,64,4,1.000000,1.000000,1.000000,{"1":4},1.000000,0.000000,0.000000,0.000000,1.000000,0.000000,-1.000000
0.009239016,4,26,snapshot,64,1217,1.000000,1.000000,1.000000,{"1":1217},1.000000,0.000000,0.000000,0.000000,1.000000,0.000000,-1.000000
0.009239016,4,26,read_only,256,4,1.000000,1.000000,1.000000,{"1":4},1.000000,0.000000,0.000000,0.000000,1.000000,0.000000,-1.000000
0.009239016,4,26,union,256,4,1.000000,1.000000,1.000000,{"1":4},1.000000,0.000000,0.000000,0.000000,1.000000,0.000000,-1.000000
0.009239016,4,26,snapshot,256,1217,1.000000,1.000000,1.000000,{"1":1217},1.000000,0.000000,0.000000,0.000000,1.000000,0.000000,-1.000000
0.009239016,4,26,read_only,1024,4,1.000000,1.000000,1.000000,{"1":4},1.000000,0.000000,0.000000,0.000000,1.000000,0.000000,-1.000000
0.009239016,4,26,union,1024,4,1.000000,1.000000,1.000000,{"1":4},1.000000,0.000000,0.000000,0.000000,1.000000,0.000000,-1.000000
0.009239016,4,26,snapshot,1024,1217,1.000000,1.000000,1.000000,{"1":1217},1.000000,0.000000,0.000000,0.000000,1.000000,0.000000,-1.000000
0.009239016,4,26,read_only,4096,4,1.000000,1.000000,1.000000,{"1":4},1.000000,0.000000,0.000000,0.000000,1.000000,0.000000,-1.000000
0.009239016,4,26,union,4096,4,1.000000,1.000000,1.000000,{"1":4},1.000000,0.000000,0.000000,0.000000,1.000000,0.000000,-1.000000
0.009239016,4,26,snapshot,4096,1217,1.000000,1.000000,1.000000,{"1":1217},1.000000,0.000000,0.000000,0.000000,1.000000,0.000000,-1.000000
0.009239016,4,26,read_only,16384,2,1.000000,1.000000,1.000000,{"1":4},1.000000,0.000000,0.000000,0.000000,1.000000,0.000000,-1.000000
0.009239016,4,26,union,16384,2,1.000000,1.000000,1.000000,{"1":4},1.000000,0.000000,0.000000,0.000000,1.000000,0.000000,-1.000000
0.009239016,4,26,snapshot,16384,338,0.840237,0.946746,0.840237,{"1":1217},0.840237,0.156805,0.002959,0.000000,0.840237,0.000000,0.000000
0.009472655,4,27,snapshot,64,1217,1.000000,1.000000,1.000000,{"1":1217},1.000000,0.000000,0.000000,0.000000,1.000000,0.000000,-1.000000
0.009472655,4,27,snapshot,256,1217,1.000000,1.000000,1.000000,{"1":1217},1.000000,0.000000,0.000000,0.000000,1.000000,0.000000,-1.000000
0.009472655,4,27,snapshot,1024,1217,1.000000,1.000000,1.000000,{"1":1217},1.000000,0.000000,0.000000,0.000000,1.000000,0.000000,-1.000000
0.009472655,4,27,snapshot,4096,1217,1.000000,1.000000,1.000000,{"1":1217},1.000000,0.000000,0.000000,0.000000,1.000000,0.000000,-1.000000
0.009472655,4,27,snapshot,16384,338,0.840237,0.946746,0.840237,{"1":1217},0.840237,0.156805,0.002959,0.000000,0.840237,0.000000,0.000000
0.010087713,4,28,read_only,64,1,1.000000,1.000000,1.000000,{"1":1},1.000000,0.000000,0.000000,0.000000,1.000000,0.000000,-1.000000
0.010087713,4,28,union,64,2,1.000000,1.000000,1.000000,{"1":2},1.000000,0.000000,0.000000,0.000000,1.000000,0.000000,-1.000000
0.010087713,4,28,snapshot,64,1218,1.000000,1.000000,1.000000,{"1":1218},1.000000,0.000000,0.000000,0.000000,1.000000,0.000000,-1.000000
0.010087713,4,28,read_only,256,1,1.000000,1.000000,1.000000,{"1":1},1.000000,0.000000,0.000000,0.000000,1.000000,0.000000,-1.000000
0.010087713,4,28,union,256,2,1.000000,1.000000,1.000000,{"1":2},1.000000,0.000000,0.000000,0.000000,1.000000,0.000000,-1.000000
0.010087713,4,28,snapshot,256,1218,1.000000,1.000000,1.000000,{"1":1218},1.000000,0.000000,0.000000,0.000000,1.000000,0.000000,-1.000000
0.010087713,4,28,read_only,1024,1,1.000000,1.000000,1.000000,{"1":1},1.000000,0.000000,0.000000,0.000000,1.000000,0.000000,-1.000000
0.010087713,4,28,union,1024,2,1.000000,1.000000,1.000000,{"1":2},1.000000,0.000000,0.000000,0.000000,1.000000,0.000000,-1.000000
0.010087713,4,28,snapshot,1024,1218,1.000000,1.000000,1.000000,{"1":1218},1.000000,0.000000,0.000000,0.000000,1.000000,0.000000,-1.000000
0.010087713,4,28,read_only,4096,1,1.000000,1.000000,1.000000,{"1":1},1.000000,0.000000,0.000000,0.000000,1.000000,0.000000,-1.000000
0.010087713,4,28,union,4096,2,1.000000,1.000000,1.000000,{"1":2},1.000000,0.000000,0.000000,0.000000,1.000000,0.000000,-1.000000
0.010087713,4,28,snapshot,4096,1218,1.000000,1.000000,1.000000,{"1":1218},1.000000,0.000000,0.000000,0.000000,1.000000,0.000000,-1.000000
0.010087713,4,28,read_only,16384,1,1.000000,1.000000,1.000000,{"1":1},1.000000,0.000000,0.000000,0.000000,1.000000,0.000000,-1.000000
0.010087713,4,28,union,16384,2,1.000000,1.000000,1.000000,{"1":2},1.000000,0.000000,0.000000,0.000000,1.000000,0.000000,-1.000000
0.010087713,4,28,snapshot,16384,339,0.840708,0.946903,0.840708,{"1":1218},0.840708,0.156342,0.002950,0.000000,0.840708,0.000000,0.000000
0.010321027,4,29,snapshot,64,1218,1.000000,1.000000,1.000000,{"1":1218},1.000000,0.000000,0.000000,0.000000,1.000000,0.000000,-1.000000
0.010321027,4,29,snapshot,256,1218,1.000000,1.000000,1.000000,{"1":1218},1.000000,0.000000,0.000000,0.000000,1.000000,0.000000,-1.000000
0.010321027,4,29,snapshot,1024,1218,1.000000,1.000000,1.000000,{"1":1218},1.000000,0.000000,0.000000,0.000000,1.000000,0.000000,-1.000000
0.010321027,4,29,snapshot,4096,1218,1.000000,1.000000,1.000000,{"1":1218},1.000000,0.000000,0.000000,0.000000,1.000000,0.000000,-1.000000
0.010321027,4,29,snapshot,16384,339,0.840708,0.946903,0.840708,{"1":1218},0.840708,0.156342,0.002950,0.000000,0.840708,0.000000,0.000000
0.010554525,4,30,snapshot,64,1218,1.000000,1.000000,1.000000,{"1":1218},1.000000,0.000000,0.000000,0.000000,1.000000,0.000000,-1.000000
0.010554525,4,30,snapshot,256,1218,1.000000,1.000000,1.000000,{"1":1218},1.000000,0.000000,0.000000,0.000000,1.000000,0.000000,-1.000000
0.010554525,4,30,snapshot,1024,1218,1.000000,1.000000,1.000000,{"1":1218},1.000000,0.000000,0.000000,0.000000,1.000000,0.000000,-1.000000
0.010554525,4,30,snapshot,4096,1218,1.000000,1.000000,1.000000,{"1":1218},1.000000,0.000000,0.000000,0.000000,1.000000,0.000000,-1.000000
0.010554525,4,30,snapshot,16384,339,0.840708,0.946903,0.840708,{"1":1218},0.840708,0.156342,0.002950,0.000000,0.840708,0.000000,0.000000
0.010788031,4,31,read_only,64,4,1.000000,1.000000,1.000000,{"1":4},1.000000,0.000000,0.000000,0.000000,1.000000,0.000000,-1.000000
0.010788031,4,31,union,64,4,1.000000,1.000000,1.000000,{"1":4},1.000000,0.000000,0.000000,0.000000,1.000000,0.000000,-1.000000
0.010788031,4,31,snapshot,64,1222,1.000000,1.000000,1.000000,{"1":1222},1.000000,0.000000,0.000000,0.000000,1.000000,0.000000,-1.000000
0.010788031,4,31,read_only,256,4,1.000000,1.000000,1.000000,{"1":4},1.000000,0.000000,0.000000,0.000000,1.000000,0.000000,-1.000000
0.010788031,4,31,union,256,4,1.000000,1.000000,1.000000,{"1":4},1.000000,0.000000,0.000000,0.000000,1.000000,0.000000,-1.000000
0.010788031,4,31,snapshot,256,1222,1.000000,1.000000,1.000000,{"1":1222},1.000000,0.000000,0.000000,0.000000,1.000000,0.000000,-1.000000
0.010788031,4,31,read_only,1024,4,1.000000,1.000000,1.000000,{"1":4},1.000000,0.000000,0.000000,0.000000,1.000000,0.000000,-1.000000
0.010788031,4,31,union,1024,4,1.000000,1.000000,1.000000,{"1":4},1.000000,0.000000,0.000000,0.000000,1.000000,0.000000,-1.000000
0.010788031,4,31,snapshot,1024,1222,1.000000,1.000000,1.000000,{"1":1222},1.000000,0.000000,0.000000,0.000000,1.000000,0.000000,-1.000000
0.010788031,4,31,read_only,4096,4,1.000000,1.000000,1.000000,{"1":4},1.000000,0.000000,0.000000,0.000000,1.000000,0.000000,-1.000000
0.010788031,4,31,union,4096,4,1.000000,1.000000,1.000000,{"1":4},1.000000,0.000000,0.000000,0.000000,1.000000,0.000000,-1.000000
0.010788031,4,31,snapshot,4096,1222,1.000000,1.000000,1.000000,{"1":1222},1.000000,0.000000,0.000000,0.000000,1.000000,0.000000,-1.000000
0.010788031,4,31,read_only,16384,2,1.000000,1.000000,1.000000,{"1":4},1.000000,0.000000,0.000000,0.000000,1.000000,0.000000,-1.000000
0.010788031,4,31,union,16384,2,1.000000,1.000000,1.000000,{"1":4},1.000000,0.000000,0.000000,0.000000,1.000000,0.000000,-1.000000
0.010788031,4,31,snapshot,16384,341,0.841642,0.947214,0.841642,{"1":1222},0.841642,0.155425,0.002933,0.000000,0.841642,0.000000,0.000000
0.011029362,4,32,read_only,64,2,1.000000,1.000000,1.000000,{"1":2},1.000000,0.000000,0.000000,0.000000,1.000000,0.000000,-1.000000
0.011029362,4,32,union,64,2,1.000000,1.000000,1.000000,{"1":2},1.000000,0.000000,0.000000,0.000000,1.000000,0.000000,-1.000000
0.011029362,4,32,snapshot,64,1224,1.000000,1.000000,1.000000,{"1":1224},1.000000,0.000000,0.000000,0.000000,1.000000,0.000000,-1.000000
0.011029362,4,32,read_only,256,2,1.000000,1.000000,1.000000,{"1":2},1.000000,0.000000,0.000000,0.000000,1.000000,0.000000,-1.000000
0.011029362,4,32,union,256,2,1.000000,1.000000,1.000000,{"1":2},1.000000,0.000000,0.000000,0.000000,1.000000,0.000000,-1.000000
0.011029362,4,32,snapshot,256,1224,1.000000,1.000000,1.000000,{"1":1224},1.000000,0.000000,0.000000,0.000000,1.000000,0.000000,-1.000000
0.011029362,4,32,read_only,1024,2,1.000000,1.000000,1.000000,{"1":2},1.000000,0.000000,0.000000,0.000000,1.000000,0.000000,-1.000000
0.011029362,4,32,union,1024,2,1.000000,1.000000,1.000000,{"1":2},1.000000,0.000000,0.000000,0.000000,1.000000,0.000000,-1.000000
0.011029362,4,32,snapshot,1024,1224,1.000000,1.000000,1.000000,{"1":1224},1.000000,0.000000,0.000000,0.000000,1.000000,0.000000,-1.000000
0.011029362,4,32,read_only,4096,2,1.000000,1.000000,1.000000,{"1":2},1.000000,0.000000,0.000000,0.000000,1.000000,0.000000,-1.000000
0.011029362,4,32,union,4096,2,1.000000,1.000000,1.000000,{"1":2},1.000000,0.000000,0.000000,0.000000,1.000000,0.000000,-1.000000
0.011029362,4,32,snapshot,4096,1224,1.000000,1.000000,1.000000,{"1":1224},1.000000,0.000000,0.000000,0.000000,1.000000,0.000000,-1.000000
0.011029362,4,32,read_only,16384,2,1.000000,1.000000,1.000000,{"1":2},1.000000,0.000000,0.000000,0.000000,1.000000,0.000000,-1.000000
0.011029362,4,32,union,16384,2,1.000000,1.000000,1.000000,{"1":2},1.000000,0.000000,0.000000,0.000000,1.000000,0.000000,-1.000000
0.011029362,4,32,snapshot,16384,343,0.842566,0.947522,0.842566,{"1":1224},0.842566,0.154519,0.002915,0.000000,0.842566,0.000000,0.000000
0.011260513,4,33,snapshot,64,1224,1.000000,1.000000,1.000000,{"1":1224},1.000000,0.000000,0.000000,0.000000,1.000000,0.000000,-1.000000
0.011260513,4,33,snapshot,256,1224,1.000000,1.000000,1.000000,{"1":1224},1.000000,0.000000,0.000000,0.000000,1.000000,0.000000,-1.000000
0.011260513,4,33,snapshot,1024,1224,1.000000,1.000000,1.000000,{"1":1224},1.000000,0.000000,0.000000,0.000000,1.000000,0.000000,-1.000000
0.011260513,4,33,snapshot,4096,1224,1.000000,1.000000,1.000000,{"1":1224},1.000000,0.000000,0.000000,0.000000,1.000000,0.000000,-1.000000
0.011260513,4,33,snapshot,16384,343,0.842566,0.947522,0.842566,{"1":1224},0.842566,0.154519,0.002915,0.000000,0.842566,0.000000,0.000000
0.011494580,4,34,snapshot,64,1224,1.000000,1.000000,1.000000,{"1":1224},1.000000,0.000000,0.000000,0.000000,1.000000,0.000000,-1.000000
0.011494580,4,34,snapshot,256,1224,1.000000,1.000000,1.000000,{"1":1224},1.000000,0.000000,0.000000,0.000000,1.000000,0.000000,-1.000000
0.011494580,4,34,snapshot,1024,1224,1.000000,1.000000,1.000000,{"1":1224},1.000000,0.000000,0.000000,0.000000,1.000000,0.000000,-1.000000
0.011494580,4,34,snapshot,4096,1224,1.000000,1.000000,1.000000,{"1":1224},1.000000,0.000000,0.000000,0.000000,1.000000,0.000000,-1.000000
0.011494580,4,34,snapshot,16384,343,0.842566,0.947522,0.842566,{"1":1224},0.842566,0.154519,0.002915,0.000000,0.842566,0.000000,0.000000
0.011727674,4,35,snapshot,64,1224,1.000000,1.000000,1.000000,{"1":1224},1.000000,0.000000,0.000000,0.000000,1.000000,0.000000,-1.000000
0.011727674,4,35,snapshot,256,1224,1.000000,1.000000,1.000000,{"1":1224},1.000000,0.000000,0.000000,0.000000,1.000000,0.000000,-1.000000
0.011727674,4,35,snapshot,1024,1224,1.000000,1.000000,1.000000,{"1":1224},1.000000,0.000000,0.000000,0.000000,1.000000,0.000000,-1.000000
0.011727674,4,35,snapshot,4096,1224,1.000000,1.000000,1.000000,{"1":1224},1.000000,0.000000,0.000000,0.000000,1.000000,0.000000,-1.000000
0.011727674,4,35,snapshot,16384,343,0.842566,0.947522,0.842566,{"1":1224},0.842566,0.154519,0.002915,0.000000,0.842566,0.000000,0.000000
0.012039228,4,36,read_only,64,4,1.000000,1.000000,1.000000,{"1":4},1.000000,0.000000,0.000000,0.000000,1.000000,0.000000,-1.000000
0.012039228,4,36,union,64,4,1.000000,1.000000,1.000000,{"1":4},1.000000,0.000000,0.000000,0.000000,1.000000,0.000000,-1.000000
0.012039228,4,36,snapshot,64,1228,1.000000,1.000000,1.000000,{"1":1228},1.000000,0.000000,0.000000,0.000000,1.000000,0.000000,-1.000000
0.012039228,4,36,read_only,256,4,1.000000,1.000000,1.000000,{"1":4},1.000000,0.000000,0.000000,0.000000,1.000000,0.000000,-1.000000
0.012039228,4,36,union,256,4,1.000000,1.000000,1.000000,{"1":4},1.000000,0.000000,0.000000,0.000000,1.000000,0.000000,-1.000000
0.012039228,4,36,snapshot,256,1228,1.000000,1.000000,1.000000,{"1":1228},1.000000,0.000000,0.000000,0.000000,1.000000,0.000000,-1.000000
0.012039228,4,36,read_only,1024,4,1.000000,1.000000,1.000000,{"1":4},1.000000,0.000000,0.000000,0.000000,1.000000,0.000000,-1.000000
0.012039228,4,36,union,1024,4,1.000000,1.000000,1.000000,{"1":4},1.000000,0.000000,0.000000,0.000000,1.000000,0.000000,-1.000000
0.012039228,4,36,snapshot,1024,1228,1.000000,1.000000,1.000000,{"1":1228},1.000000,0.000000,0.000000,0.000000,1.000000,0.000000,-1.000000
0.012039228,4,36,read_only,4096,4,1.000000,1.000000,1.000000,{"1":4},1.000000,0.000000,0.000000,0.000000,1.000000,0.000000,-1.000000
0.012039228,4,36,union,4096,4,1.000000,1.000000,1.000000,{"1":4},1.000000,0.000000,0.000000,0.000000,1.000000,0.000000,-1.000000
0.012039228,4,36,snapshot,4096,1228,1.000000,1.000000,1.000000,{"1":1228},1.000000,0.000000,0.000000,0.000000,1.000000,0.000000,-1.000000
0.012039228,4,36,read_only,16384,3,1.000000,1.000000,1.000000,{"1":4},1.000000,0.000000,0.000000,0.000000,1.000000,0.000000,-1.000000
0.012039228,4,36,union,16384,3,1.000000,1.000000,1.000000,{"1":4},1.000000,0.000000,0.000000,0.000000,1.000000,0.000000,-1.000000
0.012039228,4,36,snapshot,16384,346,0.843931,0.947977,0.843931,{"1":1228},0.843931,0.153179,0.002890,0.000000,0.843931,0.000000,0.000000
0.012272119,4,37,snapshot,64,1228,1.000000,1.000000,1.000000,{"1":1228},1.000000,0.000000,0.000000,0.000000,1.000000,0.000000,-1.000000
0.012272119,4,37,snapshot,256,1228,1.000000,1.000000,1.000000,{"1":1228},1.000000,0.000000,0.000000,0.000000,1.000000,0.000000,-1.000000
0.012272119,4,37,snapshot,1024,1228,1.000000,1.000000,1.000000,{"1":1228},1.000000,0.000000,0.000000,0.000000,1.000000,0.000000,-1.000000
0.012272119,4,37,snapshot,4096,1228,1.000000,1.000000,1.000000,{"1":1228},1.000000,0.000000,0.000000,0.000000,1.000000,0.000000,-1.000000
0.012272119,4,37,snapshot,16384,346,0.843931,0.947977,0.843931,{"1":1228},0.843931,0.153179,0.002890,0.000000,0.843931,0.000000,0.000000
0.012505506,4,38,read_only,64,1,1.000000,1.000000,1.000000,{"1":1},1.000000,0.000000,0.000000,0.000000,1.000000,0.000000,-1.000000
0.012505506,4,38,union,64,1,1.000000,1.000000,1.000000,{"1":1},1.000000,0.000000,0.000000,0.000000,1.000000,0.000000,-1.000000
0.012505506,4,38,snapshot,64,1229,1.000000,1.000000,1.000000,{"1":1229},1.000000,0.000000,0.000000,0.000000,1.000000,0.000000,-1.000000
0.012505506,4,38,read_only,256,1,1.000000,1.000000,1.000000,{"1":1},1.000000,0.000000,0.000000,0.000000,1.000000,0.000000,-1.000000
0.012505506,4,38,union,256,1,1.000000,1.000000,1.000000,{"1":1},1.000000,0.000000,0.000000,0.000000,1.000000,0.000000,-1.000000
0.012505506,4,38,snapshot,256,1229,1.000000,1.000000,1.000000,{"1":1229},1.000000,0.000000,0.000000,0.000000,1.000000,0.000000,-1.000000
0.012505506,4,38,read_only,1024,1,1.000000,1.000000,1.000000,{"1":1},1.000000,0.000000,0.000000,0.000000,1.000000,0.000000,-1.000000
0.012505506,4,38,union,1024,1,1.000000,1.000000,1.000000,{"1":1},1.000000,0.000000,0.000000,0.000000,1.000000,0.000000,-1.000000
0.012505506,4,38,snapshot,1024,1229,1.000000,1.000000,1.000000,{"1":1229},1.000000,0.000000,0.000000,0.000000,1.000000,0.000000,-1.000000
0.012505506,4,38,read_only,4096,1,1.000000,1.000000,1.000000,{"1":1},1.000000,0.000000,0.000000,0.000000,1.000000,0.000000,-1.000000
0.012505506,4,38,union,4096,1,1.000000,1.000000,1.000000,{"1":1},1.000000,0.000000,0.000000,0.000000,1.000000,0.000000,-1.000000
0.012505506,4,38,snapshot,4096,1229,1.000000,1.000000,1.000000,{"1":1229},1.000000,0.000000,0.000000,0.000000,1.000000,0.000000,-1.000000
0.012505506,4,38,read_only,16384,1,1.000000,1.000000,1.000000,{"1":1},1.000000,0.000000,0.000000,0.000000,1.000000,0.000000,-1.000000
0.012505506,4,38,union,16384,1,1.000000,1.000000,1.000000,{"1":1},1.000000,0.000000,0.000000,0.000000,1.000000,0.000000,-1.000000
0.012505506,4,38,snapshot,16384,347,0.844380,0.948127,0.844380,{"1":1229},0.844380,0.152738,0.002882,0.000000,0.844380,0.000000,0.000000
0.012738748,4,39,snapshot,64,1229,1.000000,1.000000,1.000000,{"1":1229},1.000000,0.000000,0.000000,0.000000,1.000000,0.000000,-1.000000
0.012738748,4,39,snapshot,256,1229,1.000000,1.000000,1.000000,{"1":1229},1.000000,0.000000,0.000000,0.000000,1.000000,0.000000,-1.000000
0.012738748,4,39,snapshot,1024,1229,1.000000,1.000000,1.000000,{"1":1229},1.000000,0.000000,0.000000,0.000000,1.000000,0.000000,-1.000000
0.012738748,4,39,snapshot,4096,1229,1.000000,1.000000,1.000000,{"1":1229},1.000000,0.000000,0.000000,0.000000,1.000000,0.000000,-1.000000
0.012738748,4,39,snapshot,16384,347,0.844380,0.948127,0.844380,{"1":1229},0.844380,0.152738,0.002882,0.000000,0.844380,0.000000,0.000000
0.012971974,4,40,read_only,64,1,1.000000,1.000000,1.000000,{"1":1},1.000000,0.000000,0.000000,0.000000,1.000000,0.000000,-1.000000
0.012971974,4,40,union,64,1,1.000000,1.000000,1.000000,{"1":1},1.000000,0.000000,0.000000,0.000000,1.000000,0.000000,-1.000000
0.012971974,4,40,snapshot,64,1230,1.000000,1.000000,1.000000,{"1":1230},1.000000,0.000000,0.000000,0.000000,1.000000,0.000000,-1.000000
0.012971974,4,40,read_only,256,1,1.000000,1.000000,1.000000,{"1":1},1.000000,0.000000,0.000000,0.000000,1.000000,0.000000,-1.000000
0.012971974,4,40,union,256,1,1.000000,1.000000,1.000000,{"1":1},1.000000,0.000000,0.000000,0.000000,1.000000,0.000000,-1.000000
0.012971974,4,40,snapshot,256,1230,1.000000,1.000000,1.000000,{"1":1230},1.000000,0.000000,0.000000,0.000000,1.000000,0.000000,-1.000000
0.012971974,4,40,read_only,1024,1,1.000000,1.000000,1.000000,{"1":1},1.000000,0.000000,0.000000,0.000000,1.000000,0.000000,-1.000000
0.012971974,4,40,union,1024,1,1.000000,1.000000,1.000000,{"1":1},1.000000,0.000000,0.000000,0.000000,1.000000,0.000000,-1.000000
0.012971974,4,40,snapshot,1024,1230,1.000000,1.000000,1.000000,{"1":1230},1.000000,0.000000,0.000000,0.000000,1.000000,0.000000,-1.000000
0.012971974,4,40,read_only,4096,1,1.000000,1.000000,1.000000,{"1":1},1.000000,0.000000,0.000000,0.000000,1.000000,0.000000,-1.000000
0.012971974,4,40,union,4096,1,1.000000,1.000000,1.000000,{"1":1},1.000000,0.000000,0.000000,0.000000,1.000000,0.000000,-1.000000
0.012971974,4,40,snapshot,4096,1230,1.000000,1.000000,1.000000,{"1":1230},1.000000,0.000000,0.000000,0.000000,1.000000,0.000000,-1.000000
0.012971974,4,40,read_only,16384,1,1.000000,1.000000,1.000000,{"1":1},1.000000,0.000000,0.000000,0.000000,1.000000,0.000000,-1.000000
0.012971974,4,40,union,16384,1,1.000000,1.000000,1.000000,{"1":1},1.000000,0.000000,0.000000,0.000000,1.000000,0.000000,-1.000000
0.012971974,4,40,snapshot,16384,347,0.844380,0.948127,0.844380,{"1":1230},0.844380,0.152738,0.002882,0.000000,0.844380,0.000000,0.000000
0.013206937,4,41,read_only,64,1,1.000000,1.000000,1.000000,{"1":1},1.000000,0.000000,0.000000,0.000000,1.000000,0.000000,-1.000000
0.013206937,4,41,union,64,1,1.000000,1.000000,1.000000,{"1":1},1.000000,0.000000,0.000000,0.000000,1.000000,0.000000,-1.000000
0.013206937,4,41,snapshot,64,1231,1.000000,1.000000,1.000000,{"1":1231},1.000000,0.000000,0.000000,0.000000,1.000000,0.000000,-1.000000
0.013206937,4,41,read_only,256,1,1.000000,1.000000,1.000000,{"1":1},1.000000,0.000000,0.000000,0.000000,1.000000,0.000000,-1.000000
0.013206937,4,41,union,256,1,1.000000,1.000000,1.000000,{"1":1},1.000000,0.000000,0.000000,0.000000,1.000000,0.000000,-1.000000
0.013206937,4,41,snapshot,256,1231,1.000000,1.000000,1.000000,{"1":1231},1.000000,0.000000,0.000000,0.000000,1.000000,0.000000,-1.000000
0.013206937,4,41,read_only,1024,1,1.000000,1.000000,1.000000,{"1":1},1.000000,0.000000,0.000000,0.000000,1.000000,0.000000,-1.000000
0.013206937,4,41,union,1024,1,1.000000,1.000000,1.000000,{"1":1},1.000000,0.000000,0.000000,0.000000,1.000000,0.000000,-1.000000
0.013206937,4,41,snapshot,1024,1231,1.000000,1.000000,1.000000,{"1":1231},1.000000,0.000000,0.000000,0.000000,1.000000,0.000000,-1.000000
0.013206937,4,41,read_only,4096,1,1.000000,1.000000,1.000000,{"1":1},1.000000,0.000000,0.000000,0.000000,1.000000,0.000000,-1.000000
0.013206937,4,41,union,4096,1,1.000000,1.000000,1.000000,{"1":1},1.000000,0.000000,0.000000,0.000000,1.000000,0.000000,-1.000000
0.013206937,4,41,snapshot,4096,1231,1.000000,1.000000,1.000000,{"1":1231},1.000000,0.000000,0.000000,0.000000,1.000000,0.000000,-1.000000
0.013206937,4,41,read_only,16384,1,1.000000,1.000000,1.000000,{"1":1},1.000000,0.000000,0.000000,0.000000,1.000000,0.000000,-1.000000
0.013206937,4,41,union,16384,1,1.000000,1.000000,1.000000,{"1":1},1.000000,0.000000,0.000000,0.000000,1.000000,0.000000,-1.000000
0.013206937,4,41,snapshot,16384,348,0.844828,0.948276,0.844828,{"1":1231},0.844828,0.152299,0.002874,0.000000,0.844828,0.000000,0.000000
0.013441273,4,42,snapshot,64,1231,1.000000,1.000000,1.000000,{"1":1231},1.000000,0.000000,0.000000,0.000000,1.000000,0.000000,-1.000000
0.013441273,4,42,snapshot,256,1231,1.000000,1.000000,1.000000,{"1":1231},1.000000,0.000000,0.000000,0.000000,1.000000,0.000000,-1.000000
0.013441273,4,42,snapshot,1024,1231,1.000000,1.000000,1.000000,{"1":1231},1.000000,0.000000,0.000000,0.000000,1.000000,0.000000,-1.000000
0.013441273,4,42,snapshot,4096,1231,1.000000,1.000000,1.000000,{"1":1231},1.000000,0.000000,0.000000,0.000000,1.000000,0.000000,-1.000000
0.013441273,4,42,snapshot,16384,348,0.844828,0.948276,0.844828,{"1":1231},0.844828,0.152299,0.002874,0.000000,0.844828,0.000000,0.000000
0.013676564,4,43,snapshot,64,1231,1.000000,1.000000,1.000000,{"1":1231},1.000000,0.000000,0.000000,0.000000,1.000000,0.000000,-1.000000
0.013676564,4,43,snapshot,256,1231,1.000000,1.000000,1.000000,{"1":1231},1.000000,0.000000,0.000000,0.000000,1.000000,0.000000,-1.000000
0.013676564,4,43,snapshot,1024,1231,1.000000,1.000000,1.000000,{"1":1231},1.000000,0.000000,0.000000,0.000000,1.000000,0.000000,-1.000000
0.013676564,4,43,snapshot,4096,1231,1.000000,1.000000,1.000000,{"1":1231},1.000000,0.000000,0.000000,0.000000,1.000000,0.000000,-1.000000
0.013676564,4,43,snapshot,16384,348,0.844828,0.948276,0.844828,{"1":1231},0.844828,0.152299,0.002874,0.000000,0.844828,0.000000,0.000000
0.013926659,4,44,snapshot,64,1231,1.000000,1.000000,1.000000,{"1":1231},1.000000,0.000000,0.000000,0.000000,1.000000,0.000000,-1.000000
0.013926659,4,44,snapshot,256,1231,1.000000,1.000000,1.000000,{"1":1231},1.000000,0.000000,0.000000,0.000000,1.000000,0.000000,-1.000000
0.013926659,4,44,snapshot,1024,1231,1.000000,1.000000,1.000000,{"1":1231},1.000000,0.000000,0.000000,0.000000,1.000000,0.000000,-1.000000
0.013926659,4,44,snapshot,4096,1231,1.000000,1.000000,1.000000,{"1":1231},1.000000,0.000000,0.000000,0.000000,1.000000,0.000000,-1.000000
0.013926659,4,44,snapshot,16384,348,0.844828,0.948276,0.844828,{"1":1231},0.844828,0.152299,0.002874,0.000000,0.844828,0.000000,0.000000
0.014190135,4,45,read_only,64,1,1.000000,1.000000,1.000000,{"1":1},1.000000,0.000000,0.000000,0.000000,1.000000,0.000000,-1.000000
0.014190135,4,45,union,64,1,1.000000,1.000000,1.000000,{"1":1},1.000000,0.000000,0.000000,0.000000,1.000000,0.000000,-1.000000
0.014190135,4,45,snapshot,64,1232,1.000000,1.000000,1.000000,{"1":1232},1.000000,0.000000,0.000000,0.000000,1.000000,0.000000,-1.000000
0.014190135,4,45,read_only,256,1,1.000000,1.000000,1.000000,{"1":1},1.000000,0.000000,0.000000,0.000000,1.000000,0.000000,-1.000000
0.014190135,4,45,union,256,1,1.000000,1.000000,1.000000,{"1":1},1.000000,0.000000,0.000000,0.000000,1.000000,0.000000,-1.000000
0.014190135,4,45,snapshot,256,1232,1.000000,1.000000,1.000000,{"1":1232},1.000000,0.000000,0.000000,0.000000,1.000000,0.000000,-1.000000
0.014190135,4,45,read_only,1024,1,1.000000,1.000000,1.000000,{"1":1},1.000000,0.000000,0.000000,0.000000,1.000000,0.000000,-1.000000
0.014190135,4,45,union,1024,1,1.000000,1.000000,1.000000,{"1":1},1.000000,0.000000,0.000000,0.000000,1.000000,0.000000,-1.000000
0.014190135,4,45,snapshot,1024,1232,1.000000,1.000000,1.000000,{"1":1232},1.000000,0.000000,0.000000,0.000000,1.000000,0.000000,-1.000000
0.014190135,4,45,read_only,4096,1,1.000000,1.000000,1.000000,{"1":1},1.000000,0.000000,0.000000,0.000000,1.000000,0.000000,-1.000000
0.014190135,4,45,union,4096,1,1.000000,1.000000,1.000000,{"1":1},1.000000,0.000000,0.000000,0.000000,1.000000,0.000000,-1.000000
0.014190135,4,45,snapshot,4096,1232,1.000000,1.000000,1.000000,{"1":1232},1.000000,0.000000,0.000000,0.000000,1.000000,0.000000,-1.000000
0.014190135,4,45,read_only,16384,1,1.000000,1.000000,1.000000,{"1":1},1.000000,0.000000,0.000000,0.000000,1.000000,0.000000,-1.000000
0.014190135,4,45,union,16384,1,1.000000,1.000000,1.000000,{"1":1},1.000000,0.000000,0.000000,0.000000,1.000000,0.000000,-1.000000
0.014190135,4,45,snapshot,16384,349,0.845272,0.948424,0.845272,{"1":1232},0.845272,0.151862,0.002865,0.000000,0.845272,0.000000,0.000000
0.014440922,4,46,read_only,64,1,1.000000,1.000000,1.000000,{"1":1},1.000000,0.000000,0.000000,0.000000,1.000000,0.000000,-1.000000
0.014440922,4,46,union,64,1,1.000000,1.000000,1.000000,{"1":1},1.000000,0.000000,0.000000,0.000000,1.000000,0.000000,-1.000000
0.014440922,4,46,snapshot,64,1233,1.000000,1.000000,1.000000,{"1":1233},1.000000,0.000000,0.000000,0.000000,1.000000,0.000000,-1.000000
0.014440922,4,46,read_only,256,1,1.000000,1.000000,1.000000,{"1":1},1.000000,0.000000,0.000000,0.000000,1.000000,0.000000,-1.000000
0.014440922,4,46,union,256,1,1.000000,1.000000,1.000000,{"1":1},1.000000,0.000000,0.000000,0.000000,1.000000,0.000000,-1.000000
0.014440922,4,46,snapshot,256,1233,1.000000,1.000000,1.000000,{"1":1233},1.000000,0.000000,0.000000,0.000000,1.000000,0.000000,-1.000000
0.014440922,4,46,read_only,1024,1,1.000000,1.000000,1.000000,{"1":1},1.000000,0.000000,0.000000,0.000000,1.000000,0.000000,-1.000000
0.014440922,4,46,union,1024,1,1.000000,1.000000,1.000000,{"1":1},1.000000,0.000000,0.000000,0.000000,1.000000,0.000000,-1.000000
0.014440922,4,46,snapshot,1024,1233,1.000000,1.000000,1.000000,{"1":1233},1.000000,0.000000,0.000000,0.000000,1.000000,0.000000,-1.000000
0.014440922,4,46,read_only,4096,1,1.000000,1.000000,1.000000,{"1":1},1.000000,0.000000,0.000000,0.000000,1.000000,0.000000,-1.000000
0.014440922,4,46,union,4096,1,1.000000,1.000000,1.000000,{"1":1},1.000000,0.000000,0.000000,0.000000,1.000000,0.000000,-1.000000
0.014440922,4,46,snapshot,4096,1233,1.000000,1.000000,1.000000,{"1":1233},1.000000,0.000000,0.000000,0.000000,1.000000,0.000000,-1.000000
0.014440922,4,46,read_only,16384,1,1.000000,1.000000,1.000000,{"1":1},1.000000,0.000000,0.000000,0.000000,1.000000,0.000000,-1.000000
0.014440922,4,46,union,16384,1,1.000000,1.000000,1.000000,{"1":1},1.000000,0.000000,0.000000,0.000000,1.000000,0.000000,-1.000000
0.014440922,4,46,snapshot,16384,350,0.845714,0.948571,0.845714,{"1":1233},0.845714,0.151429,0.002857,0.000000,0.845714,0.000000,0.000000
0.015748913,4,51,read_only,64,3,1.000000,1.000000,1.000000,{"1":3},1.000000,0.000000,0.000000,0.000000,1.000000,0.000000,-1.000000
0.015748913,4,51,union,64,3,1.000000,1.000000,1.000000,{"1":3},1.000000,0.000000,0.000000,0.000000,1.000000,0.000000,-1.000000
0.015748913,4,51,snapshot,64,3,1.000000,1.000000,1.000000,{"1":3},1.000000,0.000000,0.000000,0.000000,1.000000,0.000000,-1.000000
0.015748913,4,51,read_only,256,3,1.000000,1.000000,1.000000,{"1":3},1.000000,0.000000,0.000000,0.000000,1.000000,0.000000,-1.000000
0.015748913,4,51,union,256,3,1.000000,1.000000,1.000000,{"1":3},1.000000,0.000000,0.000000,0.000000,1.000000,0.000000,-1.000000
0.015748913,4,51,snapshot,256,3,1.000000,1.000000,1.000000,{"1":3},1.000000,0.000000,0.000000,0.000000,1.000000,0.000000,-1.000000
0.015748913,4,51,read_only,1024,3,1.000000,1.000000,1.000000,{"1":3},1.000000,0.000000,0.000000,0.000000,1.000000,0.000000,-1.000000
0.015748913,4,51,union,1024,3,1.000000,1.000000,1.000000,{"1":3},1.000000,0.000000,0.000000,0.000000,1.000000,0.000000,-1.000000
0.015748913,4,51,snapshot,1024,3,1.000000,1.000000,1.000000,{"1":3},1.000000,0.000000,0.000000,0.000000,1.000000,0.000000,-1.000000
0.015748913,4,51,read_only,4096,3,1.000000,1.000000,1.000000,{"1":3},1.000000,0.000000,0.000000,0.000000,1.000000,0.000000,-1.000000
0.015748913,4,51,union,4096,3,1.000000,1.000000,1.000000,{"1":3},1.000000,0.000000,0.000000,0.000000,1.000000,0.000000,-1.000000
0.015748913,4,51,snapshot,4096,3,1.000000,1.000000,1.000000,{"1":3},1.000000,0.000000,0.000000,0.000000,1.000000,0.000000,-1.000000
0.015748913,4,51,read_only,16384,1,1.000000,1.000000,1.000000,{"1":3},1.000000,0.000000,0.000000,0.000000,1.000000,0.000000,-1.000000
0.015748913,4,51,union,16384,1,1.000000,1.000000,1.000000,{"1":3},1.000000,0.000000,0.000000,0.000000,1.000000,0.000000,-1.000000
0.015748913,4,51,snapshot,16384,1,1.000000,1.000000,1.000000,{"1":3},1.000000,0.000000,0.000000,0.000000,1.000000,0.000000,-1.000000
0.015991293,4,52,read_only,64,1,1.000000,1.000000,1.000000,{"1":1},1.000000,0.000000,0.000000,0.000000,1.000000,0.000000,-1.000000
0.015991293,4,52,union,64,1,1.000000,1.000000,1.000000,{"1":1},1.000000,0.000000,0.000000,0.000000,1.000000,0.000000,-1.000000
0.015991293,4,52,snapshot,64,4,1.000000,1.000000,1.000000,{"1":4},1.000000,0.000000,0.000000,0.000000,1.000000,0.000000,-1.000000
0.015991293,4,52,read_only,256,1,1.000000,1.000000,1.000000,{"1":1},1.000000,0.000000,0.000000,0.000000,1.000000,0.000000,-1.000000
0.015991293,4,52,union,256,1,1.000000,1.000000,1.000000,{"1":1},1.000000,0.000000,0.000000,0.000000,1.000000,0.000000,-1.000000
0.015991293,4,52,snapshot,256,4,1.000000,1.000000,1.000000,{"1":4},1.000000,0.000000,0.000000,0.000000,1.000000,0.000000,-1.000000
0.015991293,4,52,read_only,1024,1,1.000000,1.000000,1.000000,{"1":1},1.000000,0.000000,0.000000,0.000000,1.000000,0.000000,-1.000000
0.015991293,4,52,union,1024,1,1.000000,1.000000,1.000000,{"1":1},1.000000,0.000000,0.000000,0.000000,1.000000,0.000000,-1.000000
0.015991293,4,52,snapshot,1024,4,1.000000,1.000000,1.000000,{"1":4},1.000000,0.000000,0.000000,0.000000,1.000000,0.000000,-1.000000
0.015991293,4,52,read_only,4096,1,1.000000,1.000000,1.000000,{"1":1},1.000000,0.000000,0.000000,0.000000,1.000000,0.000000,-1.000000
0.015991293,4,52,union,4096,1,1.000000,1.000000,1.000000,{"1":1},1.000000,0.000000,0.000000,0.000000,1.000000,0.000000,-1.000000
0.015991293,4,52,snapshot,4096,4,1.000000,1.000000,1.000000,{"1":4},1.000000,0.000000,0.000000,0.000000,1.000000,0.000000,-1.000000
0.015991293,4,52,read_only,16384,1,1.000000,1.000000,1.000000,{"1":1},1.000000,0.000000,0.000000,0.000000,1.000000,0.000000,-1.000000
0.015991293,4,52,union,16384,1,1.000000,1.000000,1.000000,{"1":1},1.000000,0.000000,0.000000,0.000000,1.000000,0.000000,-1.000000
0.015991293,4,52,snapshot,16384,2,1.000000,1.000000,1.000000,{"1":4},1.000000,0.000000,0.000000,0.000000,1.000000,0.000000,-1.000000
0.016254220,4,53,snapshot,64,4,1.000000,1.000000,1.000000,{"1":4},1.000000,0.000000,0.000000,0.000000,1.000000,0.000000,-1.000000
0.016254220,4,53,snapshot,256,4,1.000000,1.000000,1.000000,{"1":4},1.000000,0.000000,0.000000,0.000000,1.000000,0.000000,-1.000000
0.016254220,4,53,snapshot,1024,4,1.000000,1.000000,1.000000,{"1":4},1.000000,0.000000,0.000000,0.000000,1.000000,0.000000,-1.000000
0.016254220,4,53,snapshot,4096,4,1.000000,1.000000,1.000000,{"1":4},1.000000,0.000000,0.000000,0.000000,1.000000,0.000000,-1.000000
0.016254220,4,53,snapshot,16384,2,1.000000,1.000000,1.000000,{"1":4},1.000000,0.000000,0.000000,0.000000,1.000000,0.000000,-1.000000
0.016531092,4,54,read_only,64,1,1.000000,1.000000,1.000000,{"1":1},1.000000,0.000000,0.000000,0.000000,1.000000,0.000000,-1.000000
0.016531092,4,54,union,64,1,1.000000,1.000000,1.000000,{"1":1},1.000000,0.000000,0.000000,0.000000,1.000000,0.000000,-1.000000
0.016531092,4,54,snapshot,64,5,1.000000,1.000000,1.000000,{"1":5},1.000000,0.000000,0.000000,0.000000,1.000000,0.000000,-1.000000
0.016531092,4,54,read_only,256,1,1.000000,1.000000,1.000000,{"1":1},1.000000,0.000000,0.000000,0.000000,1.000000,0.000000,-1.000000
0.016531092,4,54,union,256,1,1.000000,1.000000,1.000000,{"1":1},1.000000,0.000000,0.000000,0.000000,1.000000,0.000000,-1.000000
0.016531092,4,54,snapshot,256,5,1.000000,1.000000,1.000000,{"1":5},1.000000,0.000000,0.000000,0.000000,1.000000,0.000000,-1.000000
0.016531092,4,54,read_only,1024,1,1.000000,1.000000,1.000000,{"1":1},1.000000,0.000000,0.000000,0.000000,1.000000,0.000000,-1.000000
0.016531092,4,54,union,1024,1,1.000000,1.000000,1.000000,{"1":1},1.000000,0.000000,0.000000,0.000000,1.000000,0.000000,-1.000000
0.016531092,4,54,snapshot,1024,5,1.000000,1.000000,1.000000,{"1":5},1.000000,0.000000,0.000000,0.000000,1.000000,0.000000,-1.000000
0.016531092,4,54,read_only,4096,1,1.000000,1.000000,1.000000,{"1":1},1.000000,0.000000,0.000000,0.000000,1.000000,0.000000,-1.000000
0.016531092,4,54,union,4096,1,1.000000,1.000000,1.000000,{"1":1},1.000000,0.000000,0.000000,0.000000,1.000000,0.000000,-1.000000
0.016531092,4,54,snapshot,4096,5,1.000000,1.000000,1.000000,{"1":5},1.000000,0.000000,0.000000,0.000000,1.000000,0.000000,-1.000000
0.016531092,4,54,read_only,16384,1,1.000000,1.000000,1.000000,{"1":1},1.000000,0.000000,0.000000,0.000000,1.000000,0.000000,-1.000000
0.016531092,4,54,union,16384,1,1.000000,1.000000,1.000000,{"1":1},1.000000,0.000000,0.000000,0.000000,1.000000,0.000000,-1.000000
0.016531092,4,54,snapshot,16384,3,1.000000,1.000000,1.000000,{"1":5},1.000000,0.000000,0.000000,0.000000,1.000000,0.000000,-1.000000
0.016762638,4,55,snapshot,64,5,1.000000,1.000000,1.000000,{"1":5},1.000000,0.000000,0.000000,0.000000,1.000000,0.000000,-1.000000
0.016762638,4,55,snapshot,256,5,1.000000,1.000000,1.000000,{"1":5},1.000000,0.000000,0.000000,0.000000,1.000000,0.000000,-1.000000
0.016762638,4,55,snapshot,1024,5,1.000000,1.000000,1.000000,{"1":5},1.000000,0.000000,0.000000,0.000000,1.000000,0.000000,-1.000000
0.016762638,4,55,snapshot,4096,5,1.000000,1.000000,1.000000,{"1":5},1.000000,0.000000,0.000000,0.000000,1.000000,0.000000,-1.000000
0.016762638,4,55,snapshot,16384,3,1.000000,1.000000,1.000000,{"1":5},1.000000,0.000000,0.000000,0.000000,1.000000,0.000000,-1.000000
0.016997367,4,56,snapshot,64,5,1.000000,1.000000,1.000000,{"1":5},1.000000,0.000000,0.000000,0.000000,1.000000,0.000000,-1.000000
0.016997367,4,56,snapshot,256,5,1.000000,1.000000,1.000000,{"1":5},1.000000,0.000000,0.000000,0.000000,1.000000,0.000000,-1.000000
0.016997367,4,56,snapshot,1024,5,1.000000,1.000000,1.000000,{"1":5},1.000000,0.000000,0.000000,0.000000,1.000000,0.000000,-1.000000
0.016997367,4,56,snapshot,4096,5,1.000000,1.000000,1.000000,{"1":5},1.000000,0.000000,0.000000,0.000000,1.000000,0.000000,-1.000000
0.016997367,4,56,snapshot,16384,3,1.000000,1.000000,1.000000,{"1":5},1.000000,0.000000,0.000000,0.000000,1.000000,0.000000,-1.000000
0.017291550,4,57,read_only,64,1,1.000000,1.000000,1.000000,{"1":1},1.000000,0.000000,0.000000,0.000000,1.000000,0.000000,-1.000000
0.017291550,4,57,union,64,1,1.000000,1.000000,1.000000,{"1":1},1.000000,0.000000,0.000000,0.000000,1.000000,0.000000,-1.000000
0.017291550,4,57,snapshot,64,6,1.000000,1.000000,1.000000,{"1":6},1.000000,0.000000,0.000000,0.000000,1.000000,0.000000,-1.000000
0.017291550,4,57,read_only,256,1,1.000000,1.000000,1.000000,{"1":1},1.000000,0.000000,0.000000,0.000000,1.000000,0.000000,-1.000000
0.017291550,4,57,union,256,1,1.000000,1.000000,1.000000,{"1":1},1.000000,0.000000,0.000000,0.000000,1.000000,0.000000,-1.000000
0.017291550,4,57,snapshot,256,6,1.000000,1.000000,1.000000,{"1":6},1.000000,0.000000,0.000000,0.000000,1.000000,0.000000,-1.000000
0.017291550,4,57,read_only,1024,1,1.000000,1.000000,1.000000,{"1":1},1.000000,0.000000,0.000000,0.000000,1.000000,0.000000,-1.000000
0.017291550,4,57,union,1024,1,1.000000,1.000000,1.000000,{"1":1},1.000000,0.000000,0.000000,0.000000,1.000000,0.000000,-1.000000
0.017291550,4,57,snapshot,1024,6,1.000000,1.000000,1.000000,{"1":6},1.000000,0.000000,0.000000,0.000000,1.000000,0.000000,-1.000000
0.017291550,4,57,read_only,4096,1,1.000000,1.000000,1.000000,{"1":1},1.000000,0.000000,0.000000,0.000000,1.000000,0.000000,-1.000000
0.017291550,4,57,union,4096,1,1.000000,1.000000,1.000000,{"1":1},1.000000,0.000000,0.000000,0.000000,1.000000,0.000000,-1.000000
0.017291550,4,57,snapshot,4096,6,1.000000,1.000000,1.000000,{"1":6},1.000000,0.000000,0.000000,0.000000,1.000000,0.000000,-1.000000
0.017291550,4,57,read_only,16384,1,1.000000,1.000000,1.000000,{"1":1},1.000000,0.000000,0.000000,0.000000,1.000000,0.000000,-1.000000
0.017291550,4,57,union,16384,1,1.000000,1.000000,1.000000,{"1":1},1.000000,0.000000,0.000000,0.000000,1.000000,0.000000,-1.000000
0.017291550,4,57,snapshot,16384,4,1.000000,1.000000,1.000000,{"1":6},1.000000,0.000000,0.000000,0.000000,1.000000,0.000000,-1.000000
0.017535829,4,58,read_only,64,2,1.000000,1.000000,1.000000,{"1":2},1.000000,0.000000,0.000000,0.000000,1.000000,0.000000,-1.000000
0.017535829,4,58,union,64,2,1.000000,1.000000,1.000000,{"1":2},1.000000,0.000000,0.000000,0.000000,1.000000,0.000000,-1.000000
0.017535829,4,58,snapshot,64,8,1.000000,1.000000,1.000000,{"1":8},1.000000,0.000000,0.000000,0.000000,1.000000,0.000000,-1.000000
0.017535829,4,58,read_only,256,2,1.000000,1.000000,1.000000,{"1":2},1.000000,0.000000,0.000000,0.000000,1.000000,0.000000,-1.000000
0.017535829,4,58,union,256,2,1.000000,1.000000,1.000000,{"1":2},1.000000,0.000000,0.000000,0.000000,1.000000,0.000000,-1.000000
0.017535829,4,58,snapshot,256,8,1.000000,1.000000,1.000000,{"1":8},1.000000,0.000000,0.000000,0.000000,1.000000,0.000000,-1.000000
0.017535829,4,58,read_only,1024,2,1.000000,1.000000,1.000000,{"1":2},1.000000,0.000000,0.000000,0.000000,1.000000,0.000000,-1.000000
0.017535829,4,58,union,1024,2,1.000000,1.000000,1.000000,{"1":2},1.000000,0.000000,0.000000,0.000000,1.000000,0.000000,-1.000000
0.017535829,4,58,snapshot,1024,8,1.000000,1.000000,1.000000,{"1":8},1.000000,0.000000,0.000000,0.000000,1.000000,0.000000,-1.000000
0.017535829,4,58,read_only,4096,2,1.000000,1.000000,1.000000,{"1":2},1.000000,0.000000,0.000000,0.000000,1.000000,0.000000,-1.000000
0.017535829,4,58,union,4096,2,1.000000,1.000000,1.000000,{"1":2},1.000000,0.000000,0.000000,0.000000,1.000000,0.000000,-1.000000
0.017535829,4,58,snapshot,4096,8,1.000000,1.000000,1.000000,{"1":8},1.000000,0.000000,0.000000,0.000000,1.000000,0.000000,-1.000000
0.017535829,4,58,read_only,16384,1,1.000000,1.000000,1.000000,{"1":2},1.000000,0.000000,0.000000,0.000000,1.000000,0.000000,-1.000000
0.017535829,4,58,union,16384,1,1.000000,1.000000,1.000000,{"1":2},1.000000,0.000000,0.000000,0.000000,1.000000,0.000000,-1.000000
0.017535829,4,58,snapshot,16384,5,1.000000,1.000000,1.000000,{"1":8},1.000000,0.000000,0.000000,0.000000,1.000000,0.000000,-1.000000
0.017772705,4,59,snapshot,64,8,1.000000,1.000000,1.000000,{"1":8},1.000000,0.000000,0.000000,0.000000,1.000000,0.000000,-1.000000
0.017772705,4,59,snapshot,256,8,1.000000,1.000000,1.000000,{"1":8},1.000000,0.000000,0.000000,0.000000,1.000000,0.000000,-1.000000
0.017772705,4,59,snapshot,1024,8,1.000000,1.000000,1.000000,{"1":8},1.000000,0.000000,0.000000,0.000000,1.000000,0.000000,-1.000000
0.017772705,4,59,snapshot,4096,8,1.000000,1.000000,1.000000,{"1":8},1.000000,0.000000,0.000000,0.000000,1.000000,0.000000,-1.000000
0.017772705,4,59,snapshot,16384,5,1.000000,1.000000,1.000000,{"1":8},1.000000,0.000000,0.000000,0.000000,1.000000,0.000000,-1.000000
0.018260085,4,61,read_only,64,8,1.000000,1.000000,1.000000,{"1":8},1.000000,0.000000,0.000000,0.000000,1.000000,0.000000,-1.000000
0.018260085,4,61,union,64,8,1.000000,1.000000,1.000000,{"1":8},1.000000,0.000000,0.000000,0.000000,1.000000,0.000000,-1.000000
0.018260085,4,61,snapshot,64,8,1.000000,1.000000,1.000000,{"1":8},1.000000,0.000000,0.000000,0.000000,1.000000,0.000000,-1.000000
0.018260085,4,61,read_only,256,8,1.000000,1.000000,1.000000,{"1":8},1.000000,0.000000,0.000000,0.000000,1.000000,0.000000,-1.000000
0.018260085,4,61,union,256,8,1.000000,1.000000,1.000000,{"1":8},1.000000,0.000000,0.000000,0.000000,1.000000,0.000000,-1.000000
0.018260085,4,61,snapshot,256,8,1.000000,1.000000,1.000000,{"1":8},1.000000,0.000000,0.000000,0.000000,1.000000,0.000000,-1.000000
0.018260085,4,61,read_only,1024,8,1.000000,1.000000,1.000000,{"1":8},1.000000,0.000000,0.000000,0.000000,1.000000,0.000000,-1.000000
0.018260085,4,61,union,1024,8,1.000000,1.000000,1.000000,{"1":8},1.000000,0.000000,0.000000,0.000000,1.000000,0.000000,-1.000000
0.018260085,4,61,snapshot,1024,8,1.000000,1.000000,1.000000,{"1":8},1.000000,0.000000,0.000000,0.000000,1.000000,0.000000,-1.000000
0.018260085,4,61,read_only,4096,8,1.000000,1.000000,1.000000,{"1":8},1.000000,0.000000,0.000000,0.000000,1.000000,0.000000,-1.000000
0.018260085,4,61,union,4096,8,1.000000,1.000000,1.000000,{"1":8},1.000000,0.000000,0.000000,0.000000,1.000000,0.000000,-1.000000
0.018260085,4,61,snapshot,4096,8,1.000000,1.000000,1.000000,{"1":8},1.000000,0.000000,0.000000,0.000000,1.000000,0.000000,-1.000000
0.018260085,4,61,read_only,16384,4,1.000000,1.000000,1.000000,{"1":8},1.000000,0.000000,0.000000,0.000000,1.000000,0.000000,-1.000000
0.018260085,4,61,union,16384,4,1.000000,1.000000,1.000000,{"1":8},1.000000,0.000000,0.000000,0.000000,1.000000,0.000000,-1.000000
0.018260085,4,61,snapshot,16384,4,1.000000,1.000000,1.000000,{"1":8},1.000000,0.000000,0.000000,0.000000,1.000000,0.000000,-1.000000
0.018556837,4,62,snapshot,64,8,1.000000,1.000000,1.000000,{"1":8},1.000000,0.000000,0.000000,0.000000,1.000000,0.000000,-1.000000
0.018556837,4,62,snapshot,256,8,1.000000,1.000000,1.000000,{"1":8},1.000000,0.000000,0.000000,0.000000,1.000000,0.000000,-1.000000
0.018556837,4,62,snapshot,1024,8,1.000000,1.000000,1.000000,{"1":8},1.000000,0.000000,0.000000,0.000000,1.000000,0.000000,-1.000000
0.018556837,4,62,snapshot,4096,8,1.000000,1.000000,1.000000,{"1":8},1.000000,0.000000,0.000000,0.000000,1.000000,0.000000,-1.000000
0.018556837,4,62,snapshot,16384,4,1.000000,1.000000,1.000000,{"1":8},1.000000,0.000000,0.000000,0.000000,1.000000,0.000000,-1.000000
0.018802876,4,63,read_only,64,4,1.000000,1.000000,1.000000,{"1":4},1.000000,0.000000,0.000000,0.000000,1.000000,0.000000,-1.000000
0.018802876,4,63,union,64,4,1.000000,1.000000,1.000000,{"1":4},1.000000,0.000000,0.000000,0.000000,1.000000,0.000000,-1.000000
0.018802876,4,63,snapshot,64,12,1.000000,1.000000,1.000000,{"1":12},1.000000,0.000000,0.000000,0.000000,1.000000,0.000000,-1.000000
0.018802876,4,63,read_only,256,4,1.000000,1.000000,1.000000,{"1":4},1.000000,0.000000,0.000000,0.000000,1.000000,0.000000,-1.000000
0.018802876,4,63,union,256,4,1.000000,1.000000,1.000000,{"1":4},1.000000,0.000000,0.000000,0.000000,1.000000,0.000000,-1.000000
0.018802876,4,63,snapshot,256,12,1.000000,1.000000,1.000000,{"1":12},1.000000,0.000000,0.000000,0.000000,1.000000,0.000000,-1.000000
0.018802876,4,63,read_only,1024,4,1.000000,1.000000,1.000000,{"1":4},1.000000,0.000000,0.000000,0.000000,1.000000,0.000000,-1.000000
0.018802876,4,63,union,1024,4,1.000000,1.000000,1.000000,{"1":4},1.000000,0.000000,0.000000,0.000000,1.000000,0.000000,-1.000000
0.018802876,4,63,snapshot,1024,12,1.000000,1.000000,1.000000,{"1":12},1.000000,0.000000,0.000000,0.000000,1.000000,0.000000,-1.000000
0.018802876,4,63,read_only,4096,4,1.000000,1.000000,1.000000,{"1":4},1.000000,0.000000,0.000000,0.000000,1.000000,0.000000,-1.000000
0.018802876,4,63,union,4096,4,1.000000,1.000000,1.000000,{"1":4},1.000000,0.000000,0.000000,0.000000,1.000000,0.000000,-1.000000
0.018802876,4,63,snapshot,4096,12,1.000000,1.000000,1.000000,{"1":12},1.000000,0.000000,0.000000,0.000000,1.000000,0.000000,-1.000000
0.018802876,4,63,read_only,16384,2,1.000000,1.000000,1.000000,{"1":4},1.000000,0.000000,0.000000,0.000000,1.000000,0.000000,-1.000000
0.018802876,4,63,union,16384,2,1.000000,1.000000,1.000000,{"1":4},1.000000,0.000000,0.000000,0.000000,1.000000,0.000000,-1.000000
0.018802876,4,63,snapshot,16384,6,1.000000,1.000000,1.000000,{"1":12},1.000000,0.000000,0.000000,0.000000,1.000000,0.000000,-1.000000
0.019054845,4,64,read_only,64,7,1.000000,1.000000,1.000000,{"1":7},1.000000,0.000000,0.000000,0.000000,1.000000,0.000000,-1.000000
0.019054845,4,64,union,64,7,1.000000,1.000000,1.000000,{"1":7},1.000000,0.000000,0.000000,0.000000,1.000000,0.000000,-1.000000
0.019054845,4,64,snapshot,64,19,1.000000,1.000000,1.000000,{"1":19},1.000000,0.000000,0.000000,0.000000,1.000000,0.000000,-1.000000
0.019054845,4,64,read_only,256,7,1.000000,1.000000,1.000000,{"1":7},1.000000,0.000000,0.000000,0.000000,1.000000,0.000000,-1.000000
0.019054845,4,64,union,256,7,1.000000,1.000000,1.000000,{"1":7},1.000000,0.000000,0.000000,0.000000,1.000000,0.000000,-1.000000
0.019054845,4,64,snapshot,256,19,1.000000,1.000000,1.000000,{"1":19},1.000000,0.000000,0.000000,0.000000,1.000000,0.000000,-1.000000
0.019054845,4,64,read_only,1024,7,1.000000,1.000000,1.000000,{"1":7},1.000000,0.000000,0.000000,0.000000,1.000000,0.000000,-1.000000
0.019054845,4,64,union,1024,7,1.000000,1.000000,1.000000,{"1":7},1.000000,0.000000,0.000000,0.000000,1.000000,0.000000,-1.000000
0.019054845,4,64,snapshot,1024,19,1.000000,1.000000,1.000000,{"1":19},1.000000,0.000000,0.000000,0.000000,1.000000,0.000000,-1.000000
0.019054845,4,64,read_only,4096,7,1.000000,1.000000,1.000000,{"1":7},1.000000,0.000000,0.000000,0.000000,1.000000,0.000000,-1.000000
0.019054845,4,64,union,4096,7,1.000000,1.000000,1.000000,{"1":7},1.000000,0.000000,0.000000,0.000000,1.000000,0.000000,-1.000000
0.019054845,4,64,snapshot,4096,19,1.000000,1.000000,1.000000,{"1":19},1.000000,0.000000,0.000000,0.000000,1.000000,0.000000,-1.000000
0.019054845,4,64,read_only,16384,4,0.750000,0.875000,0.750000,{"1":7},0.750000,0.250000,0.000000,0.000000,0.750000,0.000000,0.000000
0.019054845,4,64,union,16384,4,0.750000,0.875000,0.750000,{"1":7},0.750000,0.250000,0.000000,0.000000,0.750000,0.000000,0.000000
0.019054845,4,64,snapshot,16384,9,0.888889,0.944444,0.888889,{"1":19},0.888889,0.111111,0.000000,0.000000,0.888889,0.000000,0.000000
0.019314768,4,65,read_only,64,3,1.000000,1.000000,1.000000,{"1":3},1.000000,0.000000,0.000000,0.000000,1.000000,0.000000,-1.000000
0.019314768,4,65,union,64,3,1.000000,1.000000,1.000000,{"1":3},1.000000,0.000000,0.000000,0.000000,1.000000,0.000000,-1.000000
0.019314768,4,65,snapshot,64,22,1.000000,1.000000,1.000000,{"1":22},1.000000,0.000000,0.000000,0.000000,1.000000,0.000000,-1.000000
0.019314768,4,65,read_only,256,3,1.000000,1.000000,1.000000,{"1":3},1.000000,0.000000,0.000000,0.000000,1.000000,0.000000,-1.000000
0.019314768,4,65,union,256,3,1.000000,1.000000,1.000000,{"1":3},1.000000,0.000000,0.000000,0.000000,1.000000,0.000000,-1.000000
0.019314768,4,65,snapshot,256,22,1.000000,1.000000,1.000000,{"1":22},1.000000,0.000000,0.000000,0.000000,1.000000,0.000000,-1.000000
0.019314768,4,65,read_only,1024,3,1.000000,1.000000,1.000000,{"1":3},1.000000,0.000000,0.000000,0.000000,1.000000,0.000000,-1.000000
0.019314768,4,65,union,1024,3,1.000000,1.000000,1.000000,{"1":3},1.000000,0.000000,0.000000,0.000000,1.000000,0.000000,-1.000000
0.019314768,4,65,snapshot,1024,22,1.000000,1.000000,1.000000,{"1":22},1.000000,0.000000,0.000000,0.000000,1.000000,0.000000,-1.000000
0.019314768,4,65,read_only,4096,3,1.000000,1.000000,1.000000,{"1":3},1.000000,0.000000,0.000000,0.000000,1.000000,0.000000,-1.000000
0.019314768,4,65,union,4096,3,1.000000,1.000000,1.000000,{"1":3},1.000000,0.000000,0.000000,0.000000,1.000000,0.000000,-1.000000
0.019314768,4,65,snapshot,4096,22,1.000000,1.000000,1.000000,{"1":22},1.000000,0.000000,0.000000,0.000000,1.000000,0.000000,-1.000000
0.019314768,4,65,read_only,16384,2,1.000000,1.000000,1.000000,{"1":3},1.000000,0.000000,0.000000,0.000000,1.000000,0.000000,-1.000000
0.019314768,4,65,union,16384,2,1.000000,1.000000,1.000000,{"1":3},1.000000,0.000000,0.000000,0.000000,1.000000,0.000000,-1.000000
0.019314768,4,65,snapshot,16384,10,0.900000,0.975000,0.900000,{"1":22},0.900000,0.100000,0.000000,0.000000,0.900000,0.000000,0.000000
0.019592152,4,66,read_only,64,1,1.000000,1.000000,1.000000,{"1":1},1.000000,0.000000,0.000000,0.000000,1.000000,0.000000,-1.000000
0.019592152,4,66,union,64,1,1.000000,1.000000,1.000000,{"1":1},1.000000,0.000000,0.000000,0.000000,1.000000,0.000000,-1.000000
0.019592152,4,66,snapshot,64,23,1.000000,1.000000,1.000000,{"1":23},1.000000,0.000000,0.000000,0.000000,1.000000,0.000000,-1.000000
0.019592152,4,66,read_only,256,1,1.000000,1.000000,1.000000,{"1":1},1.000000,0.000000,0.000000,0.000000,1.000000,0.000000,-1.000000
0.019592152,4,66,union,256,1,1.000000,1.000000,1.000000,{"1":1},1.000000,0.000000,0.000000,0.000000,1.000000,0.000000,-1.000000
0.019592152,4,66,snapshot,256,23,1.000000,1.000000,1.000000,{"1":23},1.000000,0.000000,0.000000,0.000000,1.000000,0.000000,-1.000000
0.019592152,4,66,read_only,1024,1,1.000000,1.000000,1.000000,{"1":1},1.000000,0.000000,0.000000,0.000000,1.000000,0.000000,-1.000000
0.019592152,4,66,union,1024,1,1.000000,1.000000,1.000000,{"1":1},1.000000,0.000000,0.000000,0.000000,1.000000,0.000000,-1.000000
0.019592152,4,66,snapshot,1024,23,1.000000,1.000000,1.000000,{"1":23},1.000000,0.000000,0.000000,0.000000,1.000000,0.000000,-1.000000
0.019592152,4,66,read_only,4096,1,1.000000,1.000000,1.000000,{"1":1},1.000000,0.000000,0.000000,0.000000,1.000000,0.000000,-1.000000
0.019592152,4,66,union,4096,1,1.000000,1.000000,1.000000,{"1":1},1.000000,0.000000,0.000000,0.000000,1.000000,0.000000,-1.000000
0.019592152,4,66,snapshot,4096,23,1.000000,1.000000,1.000000,{"1":23},1.000000,0.000000,0.000000,0.000000,1.000000,0.000000,-1.000000
0.019592152,4,66,read_only,16384,1,1.000000,1.000000,1.000000,{"1":1},1.000000,0.000000,0.000000,0.000000,1.000000,0.000000,-1.000000
0.019592152,4,66,union,16384,1,1.000000,1.000000,1.000000,{"1":1},1.000000,0.000000,0.000000,0.000000,1.000000,0.000000,-1.000000
0.019592152,4,66,snapshot,16384,11,0.909091,0.977273,0.909091,{"1":23},0.909091,0.090909,0.000000,0.000000,0.909091,0.000000,0.000000
0.019829931,4,67,read_only,64,1,1.000000,1.000000,1.000000,{"1":1},1.000000,0.000000,0.000000,0.000000,1.000000,0.000000,-1.000000
0.019829931,4,67,union,64,1,1.000000,1.000000,1.000000,{"1":1},1.000000,0.000000,0.000000,0.000000,1.000000,0.000000,-1.000000
0.019829931,4,67,snapshot,64,24,1.000000,1.000000,1.000000,{"1":24},1.000000,0.000000,0.000000,0.000000,1.000000,0.000000,-1.000000
0.019829931,4,67,read_only,256,1,1.000000,1.000000,1.000000,{"1":1},1.000000,0.000000,0.000000,0.000000,1.000000,0.000000,-1.000000
0.019829931,4,67,union,256,1,1.000000,1.000000,1.000000,{"1":1},1.000000,0.000000,0.000000,0.000000,1.000000,0.000000,-1.000000
0.019829931,4,67,snapshot,256,24,1.000000,1.000000,1.000000,{"1":24},1.000000,0.000000,0.000000,0.000000,1.000000,0.000000,-1.000000
0.019829931,4,67,read_only,1024,1,1.000000,1.000000,1.000000,{"1":1},1.000000,0.000000,0.000000,0.000000,1.000000,0.000000,-1.000000
0.019829931,4,67,union,1024,1,1.000000,1.000000,1.000000,{"1":1},1.000000,0.000000,0.000000,0.000000,1.000000,0.000000,-1.000000
0.019829931,4,67,snapshot,1024,24,1.000000,1.000000,1.000000,{"1":24},1.000000,0.000000,0.000000,0.000000,1.000000,0.000000,-1.000000
0.019829931,4,67,read_only,4096,1,1.000000,1.000000,1.000000,{"1":1},1.000000,0.000000,0.000000,0.000000,1.000000,0.000000,-1.000000
0.019829931,4,67,union,4096,1,1.000000,1.000000,1.000000,{"1":1},1.000000,0.000000,0.000000,0.000000,1.000000,0.000000,-1.000000
0.019829931,4,67,snapshot,4096,24,1.000000,1.000000,1.000000,{"1":24},1.000000,0.000000,0.000000,0.000000,1.000000,0.000000,-1.000000
0.019829931,4,67,read_only,16384,1,1.000000,1.000000,1.000000,{"1":1},1.000000,0.000000,0.000000,0.000000,1.000000,0.000000,-1.000000
0.019829931,4,67,union,16384,1,1.000000,1.000000,1.000000,{"1":1},1.000000,0.000000,0.000000,0.000000,1.000000,0.000000,-1.000000
0.019829931,4,67,snapshot,16384,11,0.818182,0.931818,0.818182,{"1":24},0.818182,0.181818,0.000000,0.000000,0.818182,0.000000,0.000000
0.020061054,4,68,snapshot,64,24,1.000000,1.000000,1.000000,{"1":24},1.000000,0.000000,0.000000,0.000000,1.000000,0.000000,-1.000000
0.020061054,4,68,snapshot,256,24,1.000000,1.000000,1.000000,{"1":24},1.000000,0.000000,0.000000,0.000000,1.000000,0.000000,-1.000000
0.020061054,4,68,snapshot,1024,24,1.000000,1.000000,1.000000,{"1":24},1.000000,0.000000,0.000000,0.000000,1.000000,0.000000,-1.000000
0.020061054,4,68,snapshot,4096,24,1.000000,1.000000,1.000000,{"1":24},1.000000,0.000000,0.000000,0.000000,1.000000,0.000000,-1.000000
0.020061054,4,68,snapshot,16384,11,0.818182,0.931818,0.818182,{"1":24},0.818182,0.181818,0.000000,0.000000,0.818182,0.000000,0.000000
0.020379942,4,69,read_only,64,8,1.000000,1.000000,1.000000,{"1":8},1.000000,0.000000,0.000000,0.000000,1.000000,0.000000,-1.000000
0.020379942,4,69,union,64,8,1.000000,1.000000,1.000000,{"1":8},1.000000,0.000000,0.000000,0.000000,1.000000,0.000000,-1.000000
0.020379942,4,69,snapshot,64,32,1.000000,1.000000,1.000000,{"1":32},1.000000,0.000000,0.000000,0.000000,1.000000,0.000000,-1.000000
0.020379942,4,69,read_only,256,8,1.000000,1.000000,1.000000,{"1":8},1.000000,0.000000,0.000000,0.000000,1.000000,0.000000,-1.000000
0.020379942,4,69,union,256,8,1.000000,1.000000,1.000000,{"1":8},1.000000,0.000000,0.000000,0.000000,1.000000,0.000000,-1.000000
0.020379942,4,69,snapshot,256,32,1.000000,1.000000,1.000000,{"1":32},1.000000,0.000000,0.000000,0.000000,1.000000,0.000000,-1.000000
0.020379942,4,69,read_only,1024,8,1.000000,1.000000,1.000000,{"1":8},1.000000,0.000000,0.000000,0.000000,1.000000,0.000000,-1.000000
0.020379942,4,69,union,1024,8,1.000000,1.000000,1.000000,{"1":8},1.000000,0.000000,0.000000,0.000000,1.000000,0.000000,-1.000000
0.020379942,4,69,snapshot,1024,32,1.000000,1.000000,1.000000,{"1":32},1.000000,0.000000,0.000000,0.000000,1.000000,0.000000,-1.000000
0.020379942,4,69,read_only,4096,8,1.000000,1.000000,1.000000,{"1":8},1.000000,0.000000,0.000000,0.000000,1.000000,0.000000,-1.000000
0.020379942,4,69,union,4096,8,1.000000,1.000000,1.000000,{"1":8},1.000000,0.000000,0.000000,0.000000,1.000000,0.000000,-1.000000
0.020379942,4,69,snapshot,4096,32,1.000000,1.000000,1.000000,{"1":32},1.000000,0.000000,0.000000,0.000000,1.000000,0.000000,-1.000000
0.020379942,4,69,read_only,16384,3,0.333333,0.805556,0.333333,{"1":8},0.333333,0.666667,0.000000,0.000000,0.333333,0.000000,0.000000
0.020379942,4,69,union,16384,3,0.333333,0.805556,0.333333,{"1":8},0.333333,0.666667,0.000000,0.000000,0.333333,0.000000,0.000000
0.020379942,4,69,snapshot,16384,14,0.714286,0.904762,0.714286,{"1":32},0.714286,0.285714,0.000000,0.000000,0.714286,0.000000,0.000000
0.020616434,4,70,snapshot,64,32,1.000000,1.000000,1.000000,{"1":32},1.000000,0.000000,0.000000,0.000000,1.000000,0.000000,-1.000000
0.020616434,4,70,snapshot,256,32,1.000000,1.000000,1.000000,{"1":32},1.000000,0.000000,0.000000,0.000000,1.000000,0.000000,-1.000000
0.020616434,4,70,snapshot,1024,32,1.000000,1.000000,1.000000,{"1":32},1.000000,0.000000,0.000000,0.000000,1.000000,0.000000,-1.000000
0.020616434,4,70,snapshot,4096,32,1.000000,1.000000,1.000000,{"1":32},1.000000,0.000000,0.000000,0.000000,1.000000,0.000000,-1.000000
0.020616434,4,70,snapshot,16384,14,0.714286,0.904762,0.714286,{"1":32},0.714286,0.285714,0.000000,0.000000,0.714286,0.000000,0.000000
0.020915778,4,71,read_only,64,4,1.000000,1.000000,1.000000,{"1":4},1.000000,0.000000,0.000000,0.000000,1.000000,0.000000,-1.000000
0.020915778,4,71,union,64,4,1.000000,1.000000,1.000000,{"1":4},1.000000,0.000000,0.000000,0.000000,1.000000,0.000000,-1.000000
0.020915778,4,71,snapshot,64,36,1.000000,1.000000,1.000000,{"1":36},1.000000,0.000000,0.000000,0.000000,1.000000,0.000000,-1.000000
0.020915778,4,71,read_only,256,4,1.000000,1.000000,1.000000,{"1":4},1.000000,0.000000,0.000000,0.000000,1.000000,0.000000,-1.000000
0.020915778,4,71,union,256,4,1.000000,1.000000,1.000000,{"1":4},1.000000,0.000000,0.000000,0.000000,1.000000,0.000000,-1.000000
0.020915778,4,71,snapshot,256,36,1.000000,1.000000,1.000000,{"1":36},1.000000,0.000000,0.000000,0.000000,1.000000,0.000000,-1.000000
0.020915778,4,71,read_only,1024,4,1.000000,1.000000,1.000000,{"1":4},1.000000,0.000000,0.000000,0.000000,1.000000,0.000000,-1.000000
0.020915778,4,71,union,1024,4,1.000000,1.000000,1.000000,{"1":4},1.000000,0.000000,0.000000,0.000000,1.000000,0.000000,-1.000000
0.020915778,4,71,snapshot,1024,36,1.000000,1.000000,1.000000,{"1":36},1.000000,0.000000,0.000000,0.000000,1.000000,0.000000,-1.000000
0.020915778,4,71,read_only,4096,4,1.000000,1.000000,1.000000,{"1":4},1.000000,0.000000,0.000000,0.000000,1.000000,0.000000,-1.000000
0.020915778,4,71,union,4096,4,1.000000,1.000000,1.000000,{"1":4},1.000000,0.000000,0.000000,0.000000,1.000000,0.000000,-1.000000
0.020915778,4,71,snapshot,4096,36,1.000000,1.000000,1.000000,{"1":36},1.000000,0.000000,0.000000,0.000000,1.000000,0.000000,-1.000000
0.020915778,4,71,read_only,16384,2,1.000000,1.000000,1.000000,{"1":4},1.000000,0.000000,0.000000,0.000000,1.000000,0.000000,-1.000000
0.020915778,4,71,union,16384,2,1.000000,1.000000,1.000000,{"1":4},1.000000,0.000000,0.000000,0.000000,1.000000,0.000000,-1.000000
0.020915778,4,71,snapshot,16384,16,0.750000,0.916667,0.750000,{"1":36},0.750000,0.250000,0.000000,0.000000,0.750000,0.000000,0.000000
0.021187277,4,72,read_only,64,2,1.000000,1.000000,1.000000,{"1":2},1.000000,0.000000,0.000000,0.000000,1.000000,0.000000,-1.000000
0.021187277,4,72,union,64,2,1.000000,1.000000,1.000000,{"1":2},1.000000,0.000000,0.000000,0.000000,1.000000,0.000000,-1.000000
0.021187277,4,72,snapshot,64,2,1.000000,1.000000,1.000000,{"1":2},1.000000,0.000000,0.000000,0.000000,1.000000,0.000000,-1.000000
0.021187277,4,72,read_only,256,2,1.000000,1.000000,1.000000,{"1":2},1.000000,0.000000,0.000000,0.000000,1.000000,0.000000,-1.000000
0.021187277,4,72,union,256,2,1.000000,1.000000,1.000000,{"1":2},1.000000,0.000000,0.000000,0.000000,1.000000,0.000000,-1.000000
0.021187277,4,72,snapshot,256,2,1.000000,1.000000,1.000000,{"1":2},1.000000,0.000000,0.000000,0.000000,1.000000,0.000000,-1.000000
0.021187277,4,72,read_only,1024,2,1.000000,1.000000,1.000000,{"1":2},1.000000,0.000000,0.000000,0.000000,1.000000,0.000000,-1.000000
0.021187277,4,72,union,1024,2,1.000000,1.000000,1.000000,{"1":2},1.000000,0.000000,0.000000,0.000000,1.000000,0.000000,-1.000000
0.021187277,4,72,snapshot,1024,2,1.000000,1.000000,1.000000,{"1":2},1.000000,0.000000,0.000000,0.000000,1.000000,0.000000,-1.000000
0.021187277,4,72,read_only,4096,2,1.000000,1.000000,1.000000,{"1":2},1.000000,0.000000,0.000000,0.000000,1.000000,0.000000,-1.000000
0.021187277,4,72,union,4096,2,1.000000,1.000000,1.000000,{"1":2},1.000000,0.000000,0.000000,0.000000,1.000000,0.000000,-1.000000
0.021187277,4,72,snapshot,4096,2,1.000000,1.000000,1.000000,{"1":2},1.000000,0.000000,0.000000,0.000000,1.000000,0.000000,-1.000000
0.021187277,4,72,read_only,16384,2,1.000000,1.000000,1.000000,{"1":2},1.000000,0.000000,0.000000,0.000000,1.000000,0.000000,-1.000000
0.021187277,4,72,union,16384,2,1.000000,1.000000,1.000000,{"1":2},1.000000,0.000000,0.000000,0.000000,1.000000,0.000000,-1.000000
0.021187277,4,72,snapshot,16384,2,1.000000,1.000000,1.000000,{"1":2},1.000000,0.000000,0.000000,0.000000,1.000000,0.000000,-1.000000
0.021415921,4,73,snapshot,64,2,1.000000,1.000000,1.000000,{"1":2},1.000000,0.000000,0.000000,0.000000,1.000000,0.000000,-1.000000
0.021415921,4,73,snapshot,256,2,1.000000,1.000000,1.000000,{"1":2},1.000000,0.000000,0.000000,0.000000,1.000000,0.000000,-1.000000
0.021415921,4,73,snapshot,1024,2,1.000000,1.000000,1.000000,{"1":2},1.000000,0.000000,0.000000,0.000000,1.000000,0.000000,-1.000000
0.021415921,4,73,snapshot,4096,2,1.000000,1.000000,1.000000,{"1":2},1.000000,0.000000,0.000000,0.000000,1.000000,0.000000,-1.000000
0.021415921,4,73,snapshot,16384,2,1.000000,1.000000,1.000000,{"1":2},1.000000,0.000000,0.000000,0.000000,1.000000,0.000000,-1.000000
0.021748911,4,74,read_only,64,18,1.000000,1.000000,1.000000,{"1":18},1.000000,0.000000,0.000000,0.000000,1.000000,0.000000,-1.000000
0.021748911,4,74,union,64,18,1.000000,1.000000,1.000000,{"1":18},1.000000,0.000000,0.000000,0.000000,1.000000,0.000000,-1.000000
0.021748911,4,74,snapshot,64,20,1.000000,1.000000,1.000000,{"1":20},1.000000,0.000000,0.000000,0.000000,1.000000,0.000000,-1.000000
0.021748911,4,74,read_only,256,18,1.000000,1.000000,1.000000,{"1":18},1.000000,0.000000,0.000000,0.000000,1.000000,0.000000,-1.000000
0.021748911,4,74,union,256,18,1.000000,1.000000,1.000000,{"1":18},1.000000,0.000000,0.000000,0.000000,1.000000,0.000000,-1.000000
0.021748911,4,74,snapshot,256,20,1.000000,1.000000,1.000000,{"1":20},1.000000,0.000000,0.000000,0.000000,1.000000,0.000000,-1.000000
0.021748911,4,74,read_only,1024,18,1.000000,1.000000,1.000000,{"1":18},1.000000,0.000000,0.000000,0.000000,1.000000,0.000000,-1.000000
0.021748911,4,74,union,1024,18,1.000000,1.000000,1.000000,{"1":18},1.000000,0.000000,0.000000,0.000000,1.000000,0.000000,-1.000000
0.021748911,4,74,snapshot,1024,20,1.000000,1.000000,1.000000,{"1":20},1.000000,0.000000,0.000000,0.000000,1.000000,0.000000,-1.000000
0.021748911,4,74,read_only,4096,18,1.000000,1.000000,1.000000,{"1":18},1.000000,0.000000,0.000000,0.000000,1.000000,0.000000,-1.000000
0.021748911,4,74,union,4096,18,1.000000,1.000000,1.000000,{"1":18},1.000000,0.000000,0.000000,0.000000,1.000000,0.000000,-1.000000
0.021748911,4,74,snapshot,4096,20,1.000000,1.000000,1.000000,{"1":20},1.000000,0.000000,0.000000,0.000000,1.000000,0.000000,-1.000000
0.021748911,4,74,read_only,16384,8,0.625000,0.885417,0.625000,{"1":18},0.625000,0.375000,0.000000,0.000000,0.625000,0.000000,0.000000
0.021748911,4,74,union,16384,8,0.625000,0.885417,0.625000,{"1":18},0.625000,0.375000,0.000000,0.000000,0.625000,0.000000,0.000000
0.021748911,4,74,snapshot,16384,9,0.555556,0.842593,0.555556,{"1":20},0.555556,0.444444,0.000000,0.000000,0.555556,0.000000,0.000000
0.022036330,4,75,snapshot,64,20,1.000000,1.000000,1.000000,{"1":20},1.000000,0.000000,0.000000,0.000000,1.000000,0.000000,-1.000000
0.022036330,4,75,snapshot,256,20,1.000000,1.000000,1.000000,{"1":20},1.000000,0.000000,0.000000,0.000000,1.000000,0.000000,-1.000000
0.022036330,4,75,snapshot,1024,20,1.000000,1.000000,1.000000,{"1":20},1.000000,0.000000,0.000000,0.000000,1.000000,0.000000,-1.000000
0.022036330,4,75,snapshot,4096,20,1.000000,1.000000,1.000000,{"1":20},1.000000,0.000000,0.000000,0.000000,1.000000,0.000000,-1.000000
0.022036330,4,75,snapshot,16384,9,0.555556,0.842593,0.555556,{"1":20},0.555556,0.444444,0.000000,0.000000,0.555556,0.000000,0.000000
0.022279249,4,76,snapshot,64,20,1.000000,1.000000,1.000000,{"1":20},1.000000,0.000000,0.000000,0.000000,1.000000,0.000000,-1.000000
0.022279249,4,76,snapshot,256,20,1.000000,1.000000,1.000000,{"1":20},1.000000,0.000000,0.000000,0.000000,1.000000,0.000000,-1.000000
0.022279249,4,76,snapshot,1024,20,1.000000,1.000000,1.000000,{"1":20},1.000000,0.000000,0.000000,0.000000,1.000000,0.000000,-1.000000
0.022279249,4,76,snapshot,4096,20,1.000000,1.000000,1.000000,{"1":20},1.000000,0.000000,0.000000,0.000000,1.000000,0.000000,-1.000000
0.022279249,4,76,snapshot,16384,9,0.555556,0.842593,0.555556,{"1":20},0.555556,0.444444,0.000000,0.000000,0.555556,0.000000,0.000000
0.022539500,4,77,snapshot,64,20,1.000000,1.000000,1.000000,{"1":20},1.000000,0.000000,0.000000,0.000000,1.000000,0.000000,-1.000000
0.022539500,4,77,snapshot,256,20,1.000000,1.000000,1.000000,{"1":20},1.000000,0.000000,0.000000,0.000000,1.000000,0.000000,-1.000000
0.022539500,4,77,snapshot,1024,20,1.000000,1.000000,1.000000,{"1":20},1.000000,0.000000,0.000000,0.000000,1.000000,0.000000,-1.000000
0.022539500,4,77,snapshot,4096,20,1.000000,1.000000,1.000000,{"1":20},1.000000,0.000000,0.000000,0.000000,1.000000,0.000000,-1.000000
0.022539500,4,77,snapshot,16384,9,0.555556,0.842593,0.555556,{"1":20},0.555556,0.444444,0.000000,0.000000,0.555556,0.000000,0.000000
0.022816383,4,78,read_only,64,1,1.000000,1.000000,1.000000,{"1":1},1.000000,0.000000,0.000000,0.000000,1.000000,0.000000,-1.000000
0.022816383,4,78,union,64,1,1.000000,1.000000,1.000000,{"1":1},1.000000,0.000000,0.000000,0.000000,1.000000,0.000000,-1.000000
0.022816383,4,78,snapshot,64,21,1.000000,1.000000,1.000000,{"1":21},1.000000,0.000000,0.000000,0.000000,1.000000,0.000000,-1.000000
0.022816383,4,78,read_only,256,1,1.000000,1.000000,1.000000,{"1":1},1.000000,0.000000,0.000000,0.000000,1.000000,0.000000,-1.000000
0.022816383,4,78,union,256,1,1.000000,1.000000,1.000000,{"1":1},1.000000,0.000000,0.000000,0.000000,1.000000,0.000000,-1.000000
0.022816383,4,78,snapshot,256,21,1.000000,1.000000,1.000000,{"1":21},1.000000,0.000000,0.000000,0.000000,1.000000,0.000000,-1.000000
0.022816383,4,78,read_only,1024,1,1.000000,1.000000,1.000000,{"1":1},1.000000,0.000000,0.000000,0.000000,1.000000,0.000000,-1.000000
0.022816383,4,78,union,1024,1,1.000000,1.000000,1.000000,{"1":1},1.000000,0.000000,0.000000,0.000000,1.000000,0.000000,-1.000000
0.022816383,4,78,snapshot,1024,21,1.000000,1.000000,1.000000,{"1":21},1.000000,0.000000,0.000000,0.000000,1.000000,0.000000,-1.000000
0.022816383,4,78,read_only,4096,1,1.000000,1.000000,1.000000,{"1":1},1.000000,0.000000,0.000000,0.000000,1.000000,0.000000,-1.000000
0.022816383,4,78,union,4096,1,1.000000,1.000000,1.000000,{"1":1},1.000000,0.000000,0.000000,0.000000,1.000000,0.000000,-1.000000
0.022816383,4,78,snapshot,4096,21,1.000000,1.000000,1.000000,{"1":21},1.000000,0.000000,0.000000,0.000000,1.000000,0.000000,-1.000000
0.022816383,4,78,read_only,16384,1,1.000000,1.000000,1.000000,{"1":1},1.000000,0.000000,0.000000,0.000000,1.000000,0.000000,-1.000000
0.022816383,4,78,union,16384,1,1.000000,1.000000,1.000000,{"1":1},1.000000,0.000000,0.000000,0.000000,1.000000,0.000000,-1.000000
0.022816383,4,78,snapshot,16384,10,0.600000,0.858333,0.600000,{"1":21},0.600000,0.400000,0.000000,0.000000,0.600000,0.000000,0.000000
0.023057695,4,79,read_only,64,6,1.000000,1.000000,1.000000,{"1":6},1.000000,0.000000,0.000000,0.000000,1.000000,0.000000,-1.000000
0.023057695,4,79,union,64,6,1.000000,1.000000,1.000000,{"1":6},1.000000,0.000000,0.000000,0.000000,1.000000,0.000000,-1.000000
0.023057695,4,79,snapshot,64,27,1.000000,1.000000,1.000000,{"1":27},1.000000,0.000000,0.000000,0.000000,1.000000,0.000000,-1.000000
0.023057695,4,79,read_only,256,6,1.000000,1.000000,1.000000,{"1":6},1.000000,0.000000,0.000000,0.000000,1.000000,0.000000,-1.000000
0.023057695,4,79,union,256,6,1.000000,1.000000,1.000000,{"1":6},1.000000,0.000000,0.000000,0.000000,1.000000,0.000000,-1.000000
0.023057695,4,79,snapshot,256,27,1.000000,1.000000,1.000000,{"1":27},1.000000,0.000000,0.000000,0.000000,1.000000,0.000000,-1.000000
0.023057695,4,79,read_only,1024,6,1.000000,1.000000,1.000000,{"1":6},1.000000,0.000000,0.000000,0.000000,1.000000,0.000000,-1.000000
0.023057695,4,79,union,1024,6,1.000000,1.000000,1.000000,{"1":6},1.000000,0.000000,0.000000,0.000000,1.000000,0.000000,-1.000000
0.023057695,4,79,snapshot,1024,27,1.000000,1.000000,1.000000,{"1":27},1.000000,0.000000,0.000000,0.000000,1.000000,0.000000,-1.000000
0.023057695,4,79,read_only,4096,6,1.000000,1.000000,1.000000,{"1":6},1.000000,0.000000,0.000000,0.000000,1.000000,0.000000,-1.000000
0.023057695,4,79,union,4096,6,1.000000,1.000000,1.000000,{"1":6},1.000000,0.000000,0.000000,0.000000,1.000000,0.000000,-1.000000
0.023057695,4,79,snapshot,4096,27,1.000000,1.000000,1.000000,{"1":27},1.000000,0.000000,0.000000,0.000000,1.000000,0.000000,-1.000000
0.023057695,4,79,read_only,16384,3,0.666667,0.833333,0.666667,{"1":6},0.666667,0.333333,0.000000,0.000000,0.666667,0.000000,0.000000
0.023057695,4,79,union,16384,3,0.666667,0.833333,0.666667,{"1":6},0.666667,0.333333,0.000000,0.000000,0.666667,0.000000,0.000000
0.023057695,4,79,snapshot,16384,13,0.615385,0.852564,0.615385,{"1":27},0.615385,0.384615,0.000000,0.000000,0.615385,0.000000,0.000000
0.023290429,4,80,snapshot,64,27,1.000000,1.000000,1.000000,{"1":27},1.000000,0.000000,0.000000,0.000000,1.000000,0.000000,-1.000000
0.023290429,4,80,snapshot,256,27,1.000000,1.000000,1.000000,{"1":27},1.000000,0.000000,0.000000,0.000000,1.000000,0.000000,-1.000000
0.023290429,4,80,snapshot,1024,27,1.000000,1.000000,1.000000,{"1":27},1.000000,0.000000,0.000000,0.000000,1.000000,0.000000,-1.000000
0.023290429,4,80,snapshot,4096,27,1.000000,1.000000,1.000000,{"1":27},1.000000,0.000000,0.000000,0.000000,1.000000,0.000000,-1.000000
0.023290429,4,80,snapshot,16384,13,0.615385,0.852564,0.615385,{"1":27},0.615385,0.384615,0.000000,0.000000,0.615385,0.000000,0.000000
0.023697807,4,81,read_only,64,28,1.000000,1.000000,1.000000,{"1":28},1.000000,0.000000,0.000000,0.000000,1.000000,0.000000,-1.000000
0.023697807,4,81,union,64,28,1.000000,1.000000,1.000000,{"1":28},1.000000,0.000000,0.000000,0.000000,1.000000,0.000000,-1.000000
0.023697807,4,81,snapshot,64,55,1.000000,1.000000,1.000000,{"1":55},1.000000,0.000000,0.000000,0.000000,1.000000,0.000000,-1.000000
0.023697807,4,81,read_only,256,28,1.000000,1.000000,1.000000,{"1":28},1.000000,0.000000,0.000000,0.000000,1.000000,0.000000,-1.000000
0.023697807,4,81,union,256,28,1.000000,1.000000,1.000000,{"1":28},1.000000,0.000000,0.000000,0.000000,1.000000,0.000000,-1.000000
0.023697807,4,81,snapshot,256,55,1.000000,1.000000,1.000000,{"1":55},1.000000,0.000000,0.000000,0.000000,1.000000,0.000000,-1.000000
0.023697807,4,81,read_only,1024,28,1.000000,1.000000,1.000000,{"1":28},1.000000,0.000000,0.000000,0.000000,1.000000,0.000000,-1.000000
0.023697807,4,81,union,1024,28,1.000000,1.000000,1.000000,{"1":28},1.000000,0.000000,0.000000,0.000000,1.000000,0.000000,-1.000000
0.023697807,4,81,snapshot,1024,55,1.000000,1.000000,1.000000,{"1":55},1.000000,0.000000,0.000000,0.000000,1.000000,0.000000,-1.000000
0.023697807,4,81,read_only,4096,28,1.000000,1.000000,1.000000,{"1":28},1.000000,0.000000,0.000000,0.000000,1.000000,0.000000,-1.000000
0.023697807,4,81,union,4096,28,1.000000,1.000000,1.000000,{"1":28},1.000000,0.000000,0.000000,0.000000,1.000000,0.000000,-1.000000
0.023697807,4,81,snapshot,4096,55,1.000000,1.000000,1.000000,{"1":55},1.000000,0.000000,0.000000,0.000000,1.000000,0.000000,-1.000000
0.023697807,4,81,read_only,16384,8,0.625000,0.875000,0.625000,{"1":28},0.625000,0.375000,0.000000,0.000000,0.625000,0.000000,0.000000
0.023697807,4,81,union,16384,8,0.625000,0.875000,0.625000,{"1":28},0.625000,0.375000,0.000000,0.000000,0.625000,0.000000,0.000000
0.023697807,4,81,snapshot,16384,21,0.619048,0.861111,0.619048,{"1":55},0.619048,0.380952,0.000000,0.000000,0.619048,0.000000,0.000000
0.023954981,4,82,snapshot,64,55,1.000000,1.000000,1.000000,{"1":55},1.000000,0.000000,0.000000,0.000000,1.000000,0.000000,-1.000000
0.023954981,4,82,snapshot,256,55,1.000000,1.000000,1.000000,{"1":55},1.000000,0.000000,0.000000,0.000000,1.000000,0.000000,-1.000000
0.023954981,4,82,snapshot,1024,55,1.000000,1.000000,1.000000,{"1":55},1.000000,0.000000,0.000000,0.000000,1.000000,0.000000,-1.000000
0.023954981,4,82,snapshot,4096,55,1.000000,1.000000,1.000000,{"1":55},1.000000,0.000000,0.000000,0.000000,1.000000,0.000000,-1.000000
0.023954981,4,82,snapshot,16384,21,0.619048,0.861111,0.619048,{"1":55},0.619048,0.380952,0.000000,0.000000,0.619048,0.000000,0.000000
0.024320065,4,83,read_only,64,16,1.000000,1.000000,1.000000,{"1":16},1.000000,0.000000,0.000000,0.000000,1.000000,0.000000,-1.000000
0.024320065,4,83,union,64,16,1.000000,1.000000,1.000000,{"1":16},1.000000,0.000000,0.000000,0.000000,1.000000,0.000000,-1.000000
0.024320065,4,83,snapshot,64,71,1.000000,1.000000,1.000000,{"1":71},1.000000,0.000000,0.000000,0.000000,1.000000,0.000000,-1.000000
0.024320065,4,83,read_only,256,16,1.000000,1.000000,1.000000,{"1":16},1.000000,0.000000,0.000000,0.000000,1.000000,0.000000,-1.000000
0.024320065,4,83,union,256,16,1.000000,1.000000,1.000000,{"1":16},1.000000,0.000000,0.000000,0.000000,1.000000,0.000000,-1.000000
0.024320065,4,83,snapshot,256,71,1.000000,1.000000,1.000000,{"1":71},1.000000,0.000000,0.000000,0.000000,1.000000,0.000000,-1.000000
0.024320065,4,83,read_only,1024,16,1.000000,1.000000,1.000000,{"1":16},1.000000,0.000000,0.000000,0.000000,1.000000,0.000000,-1.000000
0.024320065,4,83,union,1024,16,1.000000,1.000000,1.000000,{"1":16},1.000000,0.000000,0.000000,0.000000,1.000000,0.000000,-1.000000
0.024320065,4,83,snapshot,1024,71,1.000000,1.000000,1.000000,{"1":71},1.000000,0.000000,0.000000,0.000000,1.000000,0.000000,-1.000000
0.024320065,4,83,read_only,4096,16,1.000000,1.000000,1.000000,{"1":16},1.000000,0.000000,0.000000,0.000000,1.000000,0.000000,-1.000000
0.024320065,4,83,union,4096,16,1.000000,1.000000,1.000000,{"1":16},1.000000,0.000000,0.000000,0.000000,1.000000,0.000000,-1.000000
0.024320065,4,83,snapshot,4096,71,1.000000,1.000000,1.000000,{"1":71},1.000000,0.000000,0.000000,0.000000,1.000000,0.000000,-1.000000
0.024320065,4,83,read_only,16384,5,1.000000,1.000000,1.000000,{"1":16},1.000000,0.000000,0.000000,0.000000,1.000000,0.000000,-1.000000
0.024320065,4,83,union,16384,5,1.000000,1.000000,1.000000,{"1":16},1.000000,0.000000,0.000000,0.000000,1.000000,0.000000,-1.000000
0.024320065,4,83,snapshot,16384,25,0.680000,0.883333,0.680000,{"1":71},0.680000,0.320000,0.000000,0.000000,0.680000,0.000000,0.000000
0.024567420,4,84,snapshot,64,71,1.000000,1.000000,1.000000,{"1":71},1.000000,0.000000,0.000000,0.000000,1.000000,0.000000,-1.000000
0.024567420,4,84,snapshot,256,71,1.000000,1.000000,1.000000,{"1":71},1.000000,0.000000,0.000000,0.000000,1.000000,0.000000,-1.000000
0.024567420,4,84,snapshot,1024,71,1.000000,1.000000,1.000000,{"1":71},1.000000,0.000000,0.000000,0.000000,1.000000,0.000000,-1.000000
0.024567420,4,84,snapshot,4096,71,1.000000,1.000000,1.000000,{"1":71},1.000000,0.000000,0.000000,0.000000,1.000000,0.000000,-1.000000
0.024567420,4,84,snapshot,16384,25,0.680000,0.883333,0.680000,{"1":71},0.680000,0.320000,0.000000,0.000000,0.680000,0.000000,0.000000
0.025068993,4,85,read_only,64,63,1.000000,1.000000,1.000000,{"1":63},1.000000,0.000000,0.000000,0.000000,1.000000,0.000000,-1.000000
0.025068993,4,85,union,64,63,1.000000,1.000000,1.000000,{"1":63},1.000000,0.000000,0.000000,0.000000,1.000000,0.000000,-1.000000
0.025068993,4,85,snapshot,64,134,1.000000,1.000000,1.000000,{"1":134},1.000000,0.000000,0.000000,0.000000,1.000000,0.000000,-1.000000
0.025068993,4,85,read_only,256,63,1.000000,1.000000,1.000000,{"1":63},1.000000,0.000000,0.000000,0.000000,1.000000,0.000000,-1.000000
0.025068993,4,85,union,256,63,1.000000,1.000000,1.000000,{"1":63},1.000000,0.000000,0.000000,0.000000,1.000000,0.000000,-1.000000
0.025068993,4,85,snapshot,256,134,1.000000,1.000000,1.000000,{"1":134},1.000000,0.000000,0.000000,0.000000,1.000000,0.000000,-1.000000
0.025068993,4,85,read_only,1024,63,1.000000,1.000000,1.000000,{"1":63},1.000000,0.000000,0.000000,0.000000,1.000000,0.000000,-1.000000
0.025068993,4,85,union,1024,63,1.000000,1.000000,1.000000,{"1":63},1.000000,0.000000,0.000000,0.000000,1.000000,0.000000,-1.000000
0.025068993,4,85,snapshot,1024,134,1.000000,1.000000,1.000000,{"1":134},1.000000,0.000000,0.000000,0.000000,1.000000,0.000000,-1.000000
0.025068993,4,85,read_only,4096,63,1.000000,1.000000,1.000000,{"1":63},1.000000,0.000000,0.000000,0.000000,1.000000,0.000000,-1.000000
0.025068993,4,85,union,4096,63,1.000000,1.000000,1.000000,{"1":63},1.000000,0.000000,0.000000,0.000000,1.000000,0.000000,-1.000000
0.025068993,4,85,snapshot,4096,134,1.000000,1.000000,1.000000,{"1":134},1.000000,0.000000,0.000000,0.000000,1.000000,0.000000,-1.000000
0.025068993,4,85,read_only,16384,18,0.833333,0.944444,0.833333,{"1":63},0.833333,0.166667,0.000000,0.000000,0.833333,0.000000,0.000000
0.025068993,4,85,union,16384,18,0.833333,0.944444,0.833333,{"1":63},0.833333,0.166667,0.000000,0.000000,0.833333,0.000000,0.000000
0.025068993,4,85,snapshot,16384,43,0.744186,0.908915,0.744186,{"1":134},0.744186,0.255814,0.000000,0.000000,0.744186,0.000000,0.000000
0.025572882,4,86,read_only,64,55,1.000000,1.000000,1.000000,{"1":55},1.000000,0.000000,0.000000,0.000000,1.000000,0.000000,-1.000000
0.025572882,4,86,union,64,55,1.000000,1.000000,1.000000,{"1":55},1.000000,0.000000,0.000000,0.000000,1.000000,0.000000,-1.000000
0.025572882,4,86,snapshot,64,189,1.000000,1.000000,1.000000,{"1":189},1.000000,0.000000,0.000000,0.000000,1.000000,0.000000,-1.000000
0.025572882,4,86,read_only,256,55,1.000000,1.000000,1.000000,{"1":55},1.000000,0.000000,0.000000,0.000000,1.000000,0.000000,-1.000000
0.025572882,4,86,union,256,55,1.000000,1.000000,1.000000,{"1":55},1.000000,0.000000,0.000000,0.000000,1.000000,0.000000,-1.000000
0.025572882,4,86,snapshot,256,189,1.000000,1.000000,1.000000,{"1":189},1.000000,0.000000,0.000000,0.000000,1.000000,0.000000,-1.000000
0.025572882,4,86,read_only,1024,55,1.000000,1.000000,1.000000,{"1":55},1.000000,0.000000,0.000000,0.000000,1.000000,0.000000,-1.000000
0.025572882,4,86,union,1024,55,1.000000,1.000000,1.000000,{"1":55},1.000000,0.000000,0.000000,0.000000,1.000000,0.000000,-1.000000
0.025572882,4,86,snapshot,1024,189,1.000000,1.000000,1.000000,{"1":189},1.000000,0.000000,0.000000,0.000000,1.000000,0.000000,-1.000000
0.025572882,4,86,read_only,4096,55,1.000000,1.000000,1.000000,{"1":55},1.000000,0.000000,0.000000,0.000000,1.000000,0.000000,-1.000000
0.025572882,4,86,union,4096,55,1.000000,1.000000,1.000000,{"1":55},1.000000,0.000000,0.000000,0.000000,1.000000,0.000000,-1.000000
0.025572882,4,86,snapshot,4096,189,1.000000,1.000000,1.000000,{"1":189},1.000000,0.000000,0.000000,0.000000,1.000000,0.000000,-1.000000
0.025572882,4,86,read_only,16384,17,1.000000,1.000000,1.000000,{"1":55},1.000000,0.000000,0.000000,0.000000,1.000000,0.000000,-1.000000
0.025572882,4,86,union,16384,17,1.000000,1.000000,1.000000,{"1":55},1.000000,0.000000,0.000000,0.000000,1.000000,0.000000,-1.000000
0.025572882,4,86,snapshot,16384,60,0.816667,0.934722,0.816667,{"1":189},0.816667,0.183333,0.000000,0.000000,0.816667,0.000000,0.000000
0.026149662,4,87,read_only,64,80,1.000000,1.000000,1.000000,{"1":80},1.000000,0.000000,0.000000,0.000000,1.000000,0.000000,-1.000000
0.026149662,4,87,union,64,86,1.000000,1.000000,1.000000,{"1":86},1.000000,0.000000,0.000000,0.000000,1.000000,0.000000,-1.000000
0.026149662,4,87,snapshot,64,271,1.000000,1.000000,1.000000,{"1":271},1.000000,0.000000,0.000000,0.000000,1.000000,0.000000,-1.000000
0.026149662,4,87,read_only,256,80,1.000000,1.000000,1.000000,{"1":80},1.000000,0.000000,0.000000,0.000000,1.000000,0.000000,-1.000000
0.026149662,4,87,union,256,86,1.000000,1.000000,1.000000,{"1":86},1.000000,0.000000,0.000000,0.000000,1.000000,0.000000,-1.000000
0.026149662,4,87,snapshot,256,271,1.000000,1.000000,1.000000,{"1":271},1.000000,0.000000,0.000000,0.000000,1.000000,0.000000,-1.000000
0.026149662,4,87,read_only,1024,80,1.000000,1.000000,1.000000,{"1":80},1.000000,0.000000,0.000000,0.000000,1.000000,0.000000,-1.000000
0.026149662,4,87,union,1024,86,1.000000,1.000000,1.000000,{"1":86},1.000000,0.000000,0.000000,0.000000,1.000000,0.000000,-1.000000
0.026149662,4,87,snapshot,1024,271,1.000000,1.000000,1.000000,{"1":271},1.000000,0.000000,0.000000,0.000000,1.000000,0.000000,-1.000000
0.026149662,4,87,read_only,4096,80,1.000000,1.000000,1.000000,{"1":80},1.000000,0.000000,0.000000,0.000000,1.000000,0.000000,-1.000000
0.026149662,4,87,union,4096,86,1.000000,1.000000,1.000000,{"1":86},1.000000,0.000000,0.000000,0.000000,1.000000,0.000000,-1.000000
0.026149662,4,87,snapshot,4096,271,1.000000,1.000000,1.000000,{"1":271},1.000000,0.000000,0.000000,0.000000,1.000000,0.000000,-1.000000
0.026149662,4,87,read_only,16384,23,0.869565,0.949275,0.869565,{"1":80},0.869565,0.130435,0.000000,0.000000,0.869565,0.000000,0.000000
0.026149662,4,87,union,16384,25,0.800000,0.923333,0.800000,{"1":86},0.800000,0.200000,0.000000,0.000000,0.800000,0.000000,0.000000
0.026149662,4,87,snapshot,16384,82,0.804878,0.931911,0.804878,{"1":271},0.804878,0.195122,0.000000,0.000000,0.804878,0.000000,0.000000
0.026415227,4,88,snapshot,64,271,1.000000,1.000000,1.000000,{"1":271},1.000000,0.000000,0.000000,0.000000,1.000000,0.000000,-1.000000
0.026415227,4,88,snapshot,256,271,1.000000,1.000000,1.000000,{"1":271},1.000000,0.000000,0.000000,0.000000,1.000000,0.000000,-1.000000
0.026415227,4,88,snapshot,1024,271,1.000000,1.000000,1.000000,{"1":271},1.000000,0.000000,0.000000,0.000000,1.000000,0.000000,-1.000000
0.026415227,4,88,snapshot,4096,271,1.000000,1.000000,1.000000,{"1":271},1.000000,0.000000,0.000000,0.000000,1.000000,0.000000,-1.000000
0.026415227,4,88,snapshot,16384,82,0.804878,0.931911,0.804878,{"1":271},0.804878,0.195122,0.000000,0.000000,0.804878,0.000000,0.000000
0.029231366,4,89,read_only,64,47,1.000000,1.000000,1.000000,{"1":47},1.000000,0.000000,0.000000,0.000000,1.000000,0.000000,-1.000000
0.029231366,4,89,union,64,52,1.000000,1.000000,1.000000,{"1":52},1.000000,0.000000,0.000000,0.000000,1.000000,0.000000,-1.000000
0.029231366,4,89,snapshot,64,318,1.000000,1.000000,1.000000,{"1":318},1.000000,0.000000,0.000000,0.000000,1.000000,0.000000,-1.000000
0.029231366,4,89,read_only,256,47,1.000000,1.000000,1.000000,{"1":47},1.000000,0.000000,0.000000,0.000000,1.000000,0.000000,-1.000000
0.029231366,4,89,union,256,52,1.000000,1.000000,1.000000,{"1":52},1.000000,0.000000,0.000000,0.000000,1.000000,0.000000,-1.000000
0.029231366,4,89,snapshot,256,318,1.000000,1.000000,1.000000,{"1":318},1.000000,0.000000,0.000000,0.000000,1.000000,0.000000,-1.000000
0.029231366,4,89,read_only,1024,47,1.000000,1.000000,1.000000,{"1":47},1.000000,0.000000,0.000000,0.000000,1.000000,0.000000,-1.000000
0.029231366,4,89,union,1024,52,1.000000,1.000000,1.000000,{"1":52},1.000000,0.000000,0.000000,0.000000,1.000000,0.000000,-1.000000
0.029231366,4,89,snapshot,1024,318,1.000000,1.000000,1.000000,{"1":318},1.000000,0.000000,0.000000,0.000000,1.000000,0.000000,-1.000000
0.029231366,4,89,read_only,4096,47,1.000000,1.000000,1.000000,{"1":47},1.000000,0.000000,0.000000,0.000000,1.000000,0.000000,-1.000000
0.029231366,4,89,union,4096,52,1.000000,1.000000,1.000000,{"1":52},1.000000,0.000000,0.000000,0.000000,1.000000,0.000000,-1.000000
0.029231366,4,89,snapshot,4096,318,1.000000,1.000000,1.000000,{"1":318},1.000000,0.000000,0.000000,0.000000,1.000000,0.000000,-1.000000
0.029231366,4,89,read_only,16384,13,1.000000,1.000000,1.000000,{"1":47},1.000000,0.000000,0.000000,0.000000,1.000000,0.000000,-1.000000
0.029231366,4,89,union,16384,15,1.000000,1.000000,1.000000,{"1":52},1.000000,0.000000,0.000000,0.000000,1.000000,0.000000,-1.000000
0.029231366,4,89,snapshot,16384,94,0.829787,0.939716,0.829787,{"1":318},0.829787,0.170213,0.000000,0.000000,0.829787,0.000000,0.000000
0.029495169,4,90,snapshot,64,318,1.000000,1.000000,1.000000,{"1":318},1.000000,0.000000,0.000000,0.000000,1.000000,0.000000,-1.000000
0.029495169,4,90,snapshot,256,318,1.000000,1.000000,1.000000,{"1":318},1.000000,0.000000,0.000000,0.000000,1.000000,0.000000,-1.000000
0.029495169,4,90,snapshot,1024,318,1.000000,1.000000,1.000000,{"1":318},1.000000,0.000000,0.000000,0.000000,1.000000,0.000000,-1.000000
0.029495169,4,90,snapshot,4096,318,1.000000,1.000000,1.000000,{"1":318},1.000000,0.000000,0.000000,0.000000,1.000000,0.000000,-1.000000
0.029495169,4,90,snapshot,16384,94,0.829787,0.939716,0.829787,{"1":318},0.829787,0.170213,0.000000,0.000000,0.829787,0.000000,0.000000
0.029883482,4,91,read_only,64,4,1.000000,1.000000,1.000000,{"1":4},1.000000,0.000000,0.000000,0.000000,1.000000,0.000000,-1.000000
0.029883482,4,91,union,64,4,1.000000,1.000000,1.000000,{"1":4},1.000000,0.000000,0.000000,0.000000,1.000000,0.000000,-1.000000
0.029883482,4,91,snapshot,64,322,1.000000,1.000000,1.000000,{"1":322},1.000000,0.000000,0.000000,0.000000,1.000000,0.000000,-1.000000
0.029883482,4,91,read_only,256,4,1.000000,1.000000,1.000000,{"1":4},1.000000,0.000000,0.000000,0.000000,1.000000,0.000000,-1.000000
0.029883482,4,91,union,256,4,1.000000,1.000000,1.000000,{"1":4},1.000000,0.000000,0.000000,0.000000,1.000000,0.000000,-1.000000
0.029883482,4,91,snapshot,256,322,1.000000,1.000000,1.000000,{"1":322},1.000000,0.000000,0.000000,0.000000,1.000000,0.000000,-1.000000
0.029883482,4,91,read_only,1024,4,1.000000,1.000000,1.000000,{"1":4},1.000000,0.000000,0.000000,0.000000,1.000000,0.000000,-1.000000
0.029883482,4,91,union,1024,4,1.000000,1.000000,1.000000,{"1":4},1.000000,0.000000,0.000000,0.000000,1.000000,0.000000,-1.000000
0.029883482,4,91,snapshot,1024,322,1.000000,1.000000,1.000000,{"1":322},1.000000,0.000000,0.000000,0.000000,1.000000,0.000000,-1.000000
0.029883482,4,91,read_only,4096,4,1.000000,1.000000,1.000000,{"1":4},1.000000,0.000000,0.000000,0.000000,1.000000,0.000000,-1.000000
0.029883482,4,91,union,4096,4,1.000000,1.000000,1.000000,{"1":4},1.000000,0.000000,0.000000,0.000000,1.000000,0.000000,-1.000000
0.029883482,4,91,snapshot,4096,322,1.000000,1.000000,1.000000,{"1":322},1.000000,0.000000,0.000000,0.000000,1.000000,0.000000,-1.000000
0.029883482,4,91,read_only,16384,2,1.000000,1.000000,1.000000,{"1":4},1.000000,0.000000,0.000000,0.000000,1.000000,0.000000,-1.000000
0.029883482,4,91,union,16384,2,1.000000,1.000000,1.000000,{"1":4},1.000000,0.000000,0.000000,0.000000,1.000000,0.000000,-1.000000
0.029883482,4,91,snapshot,16384,96,0.833333,0.940972,0.833333,{"1":322},0.833333,0.166667,0.000000,0.000000,0.833333,0.000000,0.000000
0.030173242,4,92,read_only,64,1,1.000000,1.000000,1.000000,{"1":1},1.000000,0.000000,0.000000,0.000000,1.000000,0.000000,-1.000000
0.030173242,4,92,union,64,1,1.000000,1.000000,1.000000,{"1":1},1.000000,0.000000,0.000000,0.000000,1.000000,0.000000,-1.000000
0.030173242,4,92,snapshot,64,323,1.000000,1.000000,1.000000,{"1":323},1.000000,0.000000,0.000000,0.000000,1.000000,0.000000,-1.000000
0.030173242,4,92,read_only,256,1,1.000000,1.000000,1.000000,{"1":1},1.000000,0.000000,0.000000,0.000000,1.000000,0.000000,-1.000000
0.030173242,4,92,union,256,1,1.000000,1.000000,1.000000,{"1":1},1.000000,0.000000,0.000000,0.000000,1.000000,0.000000,-1.000000
0.030173242,4,92,snapshot,256,323,1.000000,1.000000,1.000000,{"1":323},1.000000,0.000000,0.000000,0.000000,1.000000,0.000000,-1.000000
0.030173242,4,92,read_only,1024,1,1.000000,1.000000,1.000000,{"1":1},1.000000,0.000000,0.000000,0.000000,1.000000,0.000000,-1.000000
0.030173242,4,92,union,1024,1,1.000000,1.000000,1.000000,{"1":1},1.000000,0.000000,0.000000,0.000000,1.000000,0.000000,-1.000000
0.030173242,4,92,snapshot,1024,323,1.000000,1.000000,1.000000,{"1":323},1.000000,0.000000,0.000000,0.000000,1.000000,0.000000,-1.000000
0.030173242,4,92,read_only,4096,1,1.000000,1.000000,1.000000,{"1":1},1.000000,0.000000,0.000000,0.000000,1.000000,0.000000,-1.000000
0.030173242,4,92,union,4096,1,1.000000,1.000000,1.000000,{"1":1},1.000000,0.000000,0.000000,0.000000,1.000000,0.000000,-1.000000
0.030173242,4,92,snapshot,4096,323,1.000000,1.000000,1.000000,{"1":323},1.000000,0.000000,0.000000,0.000000,1.000000,0.000000,-1.000000
0.030173242,4,92,read_only,16384,1,1.000000,1.000000,1.000000,{"1":1},1.000000,0.000000,0.000000,0.000000,1.000000,0.000000,-1.000000
0.030173242,4,92,union,16384,1,1.000000,1.000000,1.000000,{"1":1},1.000000,0.000000,0.000000,0.000000,1.000000,0.000000,-1.000000
0.030173242,4,92,snapshot,16384,97,0.835052,0.941581,0.835052,{"1":323},0.835052,0.164948,0.000000,0.000000,0.835052,0.000000,0.000000
0.030425718,4,93,read_only,64,1,1.000000,1.000000,1.000000,{"1":1},1.000000,0.000000,0.000000,0.000000,1.000000,0.000000,-1.000000
0.030425718,4,93,union,64,1,1.000000,1.000000,1.000000,{"1":1},1.000000,0.000000,0.000000,0.000000,1.000000,0.000000,-1.000000
0.030425718,4,93,snapshot,64,324,1.000000,1.000000,1.000000,{"1":324},1.000000,0.000000,0.000000,0.000000,1.000000,0.000000,-1.000000
0.030425718,4,93,read_only,256,1,1.000000,1.000000,1.000000,{"1":1},1.000000,0.000000,0.000000,0.000000,1.000000,0.000000,-1.000000
0.030425718,4,93,union,256,1,1.000000,1.000000,1.000000,{"1":1},1.000000,0.000000,0.000000,0.000000,1.000000,0.000000,-1.000000
0.030425718,4,93,snapshot,256,324,1.000000,1.000000,1.000000,{"1":324},1.000000,0.000000,0.000000,0.000000,1.000000,0.000000,-1.000000
0.030425718,4,93,read_only,1024,1,1.000000,1.000000,1.000000,{"1":1},1.000000,0.000000,0.000000,0.000000,1.000000,0.000000,-1.000000
0.030425718,4,93,union,1024,1,1.000000,1.000000,1.000000,{"1":1},1.000000,0.000000,0.000000,0.000000,1.000000,0.000000,-1.000000
0.030425718,4,93,snapshot,1024,324,1.000000,1.000000,1.000000,{"1":324},1.000000,0.000000,0.000000,0.000000,1.000000,0.000000,-1.000000
0.030425718,4,93,read_only,4096,1,1.000000,1.000000,1.000000,{"1":1},1.000000,0.000000,0.000000,0.000000,1.000000,0.000000,-1.000000
0.030425718,4,93,union,4096,1,1.000000,1.000000,1.000000,{"1":1},1.000000,0.000000,0.000000,0.000000,1.000000,0.000000,-1.000000
0.030425718,4,93,snapshot,4096,324,1.000000,1.000000,1.000000,{"1":324},1.000000,0.000000,0.000000,0.000000,1.000000,0.000000,-1.000000
0.030425718,4,93,read_only,16384,1,1.000000,1.000000,1.000000,{"1":1},1.000000,0.000000,0.000000,0.000000,1.000000,0.000000,-1.000000
0.030425718,4,93,union,16384,1,1.000000,1.000000,1.000000,{"1":1},1.000000,0.000000,0.000000,0.000000,1.000000,0.000000,-1.000000
0.030425718,4,93,snapshot,16384,98,0.836735,0.942177,0.836735,{"1":324},0.836735,0.163265,0.000000,0.000000,0.836735,0.000000,0.000000
0.030966320,4,94,read_only,64,55,1.000000,1.000000,1.000000,{"1":55},1.000000,0.000000,0.000000,0.000000,1.000000,0.000000,-1.000000
0.030966320,4,94,union,64,58,1.000000,1.000000,1.000000,{"1":58},1.000000,0.000000,0.000000,0.000000,1.000000,0.000000,-1.000000
0.030966320,4,94,snapshot,64,379,1.000000,1.000000,1.000000,{"1":379},1.000000,0.000000,0.000000,0.000000,1.000000,0.000000,-1.000000
0.030966320,4,94,read_only,256,55,1.000000,1.000000,1.000000,{"1":55},1.000000,0.000000,0.000000,0.000000,1.000000,0.000000,-1.000000
0.030966320,4,94,union,256,58,1.000000,1.000000,1.000000,{"1":58},1.000000,0.000000,0.000000,0.000000,1.000000,0.000000,-1.000000
0.030966320,4,94,snapshot,256,379,1.000000,1.000000,1.000000,{"1":379},1.000000,0.000000,0.000000,0.000000,1.000000,0.000000,-1.000000
0.030966320,4,94,read_only,1024,55,1.000000,1.000000,1.000000,{"1":55},1.000000,0.000000,0.000000,0.000000,1.000000,0.000000,-1.000000
0.030966320,4,94,union,1024,58,1.000000,1.000000,1.000000,{"1":58},1.000000,0.000000,0.000000,0.000000,1.000000,0.000000,-1.000000
0.030966320,4,94,snapshot,1024,379,1.000000,1.000000,1.000000,{"1":379},1.000000,0.000000,0.000000,0.000000,1.000000,0.000000,-1.000000
0.030966320,4,94,read_only,4096,55,1.000000,1.000000,1.000000,{"1":55},1.000000,0.000000,0.000000,0.000000,1.000000,0.000000,-1.000000
0.030966320,4,94,union,4096,58,1.000000,1.000000,1.000000,{"1":58},1.000000,0.000000,0.000000,0.000000,1.000000,0.000000,-1.000000
0.030966320,4,94,snapshot,4096,379,1.000000,1.000000,1.000000,{"1":379},1.000000,0.000000,0.000000,0.000000,1.000000,0.000000,-1.000000
0.030966320,4,94,read_only,16384,15,0.733333,0.911111,0.733333,{"1":55},0.733333,0.266667,0.000000,0.000000,0.733333,0.000000,0.000000
0.030966320,4,94,union,16384,18,0.777778,0.925926,0.777778,{"1":58},0.777778,0.222222,0.000000,0.000000,0.777778,0.000000,0.000000
0.030966320,4,94,snapshot,16384,113,0.823009,0.938053,0.823009,{"1":379},0.823009,0.176991,0.000000,0.000000,0.823009,0.000000,0.000000
0.031766890,4,95,read_only,64,537,1.000000,1.000000,1.000000,{"1":537},1.000000,0.000000,0.000000,0.000000,1.000000,0.000000,-1.000000
0.031766890,4,95,union,64,581,1.000000,1.000000,1.000000,{"1":581},1.000000,0.000000,0.000000,0.000000,1.000000,0.000000,-1.000000
0.031766890,4,95,snapshot,64,916,1.000000,1.000000,1.000000,{"1":916},1.000000,0.000000,0.000000,0.000000,1.000000,0.000000,-1.000000
0.031766890,4,95,read_only,256,537,1.000000,1.000000,1.000000,{"1":537},1.000000,0.000000,0.000000,0.000000,1.000000,0.000000,-1.000000
0.031766890,4,95,union,256,581,1.000000,1.000000,1.000000,{"1":581},1.000000,0.000000,0.000000,0.000000,1.000000,0.000000,-1.000000
0.031766890,4,95,snapshot,256,916,1.000000,1.000000,1.000000,{"1":916},1.000000,0.000000,0.000000,0.000000,1.000000,0.000000,-1.000000
0.031766890,4,95,read_only,1024,537,1.000000,1.000000,1.000000,{"1":537},1.000000,0.000000,0.000000,0.000000,1.000000,0.000000,-1.000000
0.031766890,4,95,union,1024,581,1.000000,1.000000,1.000000,{"1":581},1.000000,0.000000,0.000000,0.000000,1.000000,0.000000,-1.000000
0.031766890,4,95,snapshot,1024,916,1.000000,1.000000,1.000000,{"1":916},1.000000,0.000000,0.000000,0.000000,1.000000,0.000000,-1.000000
0.031766890,4,95,read_only,4096,537,1.000000,1.000000,1.000000,{"1":537},1.000000,0.000000,0.000000,0.000000,1.000000,0.000000,-1.000000
0.031766890,4,95,union,4096,581,1.000000,1.000000,1.000000,{"1":581},1.000000,0.000000,0.000000,0.000000,1.000000,0.000000,-1.000000
0.031766890,4,95,snapshot,4096,916,1.000000,1.000000,1.000000,{"1":916},1.000000,0.000000,0.000000,0.000000,1.000000,0.000000,-1.000000
0.031766890,4,95,read_only,16384,141,0.978723,0.992317,0.978723,{"1":537},0.978723,0.021277,0.000000,0.000000,0.978723,0.000000,0.000000
0.031766890,4,95,union,16384,154,0.980519,0.992965,0.980519,{"1":581},0.980519,0.019481,0.000000,0.000000,0.980519,0.000000,0.000000
0.031766890,4,95,snapshot,16384,253,0.909091,0.968050,0.909091,{"1":916},0.909091,0.090909,0.000000,0.000000,0.909091,0.000000,0.000000
0.032090269,4,96,read_only,64,18,1.000000,1.000000,1.000000,{"1":18},1.000000,0.000000,0.000000,0.000000,1.000000,0.000000,-1.000000
0.032090269,4,96,union,64,32,1.000000,1.000000,1.000000,{"1":32},1.000000,0.000000,0.000000,0.000000,1.000000,0.000000,-1.000000
0.032090269,4,96,snapshot,64,934,1.000000,1.000000,1.000000,{"1":934},1.000000,0.000000,0.000000,0.000000,1.000000,0.000000,-1.000000
0.032090269,4,96,read_only,256,18,1.000000,1.000000,1.000000,{"1":18},1.000000,0.000000,0.000000,0.000000,1.000000,0.000000,-1.000000
0.032090269,4,96,union,256,32,1.000000,1.000000,1.000000,{"1":32},1.000000,0.000000,0.000000,0.000000,1.000000,0.000000,-1.000000
0.032090269,4,96,snapshot,256,934,1.000000,1.000000,1.000000,{"1":934},1.000000,0.000000,0.000000,0.000000,1.000000,0.000000,-1.000000
0.032090269,4,96,read_only,1024,18,1.000000,1.000000,1.000000,{"1":18},1.000000,0.000000,0.000000,0.000000,1.000000,0.000000,-1.000000
0.032090269,4,96,union,1024,32,1.000000,1.000000,1.000000,{"1":32},1.000000,0.000000,0.000000,0.000000,1.000000,0.000000,-1.000000
0.032090269,4,96,snapshot,1024,934,1.000000,1.000000,1.000000,{"1":934},1.000000,0.000000,0.000000,0.000000,1.000000,0.000000,-1.000000
0.032090269,4,96,read_only,4096,18,1.000000,1.000000,1.000000,{"1":18},1.000000,0.000000,0.000000,0.000000,1.000000,0.000000,-1.000000
0.032090269,4,96,union,4096,32,1.000000,1.000000,1.000000,{"1":32},1.000000,0.000000,0.000000,0.000000,1.000000,0.000000,-1.000000
0.032090269,4,96,snapshot,4096,934,1.000000,1.000000,1.000000,{"1":934},1.000000,0.000000,0.000000,0.000000,1.000000,0.000000,-1.000000
0.032090269,4,96,read_only,16384,11,1.000000,1.000000,1.000000,{"1":18},1.000000,0.000000,0.000000,0.000000,1.000000,0.000000,-1.000000
0.032090269,4,96,union,16384,12,1.000000,1.000000,1.000000,{"1":32},1.000000,0.000000,0.000000,0.000000,1.000000,0.000000,-1.000000
0.032090269,4,96,snapshot,16384,253,0.889328,0.959486,0.889328,{"1":934},0.889328,0.110672,0.000000,0.000000,0.889328,0.000000,0.000000
0.032391349,4,97,read_only,64,7,1.000000,1.000000,1.000000,{"1":7},1.000000,0.000000,0.000000,0.000000,1.000000,0.000000,-1.000000
0.032391349,4,97,union,64,7,1.000000,1.000000,1.000000,{"1":7},1.000000,0.000000,0.000000,0.000000,1.000000,0.000000,-1.000000
0.032391349,4,97,snapshot,64,941,1.000000,1.000000,1.000000,{"1":941},1.000000,0.000000,0.000000,0.000000,1.000000,0.000000,-1.000000
0.032391349,4,97,read_only,256,7,1.000000,1.000000,1.000000,{"1":7},1.000000,0.000000,0.000000,0.000000,1.000000,0.000000,-1.000000
0.032391349,4,97,union,256,7,1.000000,1.000000,1.000000,{"1":7},1.000000,0.000000,0.000000,0.000000,1.000000,0.000000,-1.000000
0.032391349,4,97,snapshot,256,941,1.000000,1.000000,1.000000,{"1":941},1.000000,0.000000,0.000000,0.000000,1.000000,0.000000,-1.000000
0.032391349,4,97,read_only,1024,7,1.000000,1.000000,1.000000,{"1":7},1.000000,0.000000,0.000000,0.000000,1.000000,0.000000,-1.000000
0.032391349,4,97,union,1024,7,1.000000,1.000000,1.000000,{"1":7},1.000000,0.000000,0.000000,0.000000,1.000000,0.000000,-1.000000
0.032391349,4,97,snapshot,1024,941,1.000000,1.000000,1.000000,{"1":941},1.000000,0.000000,0.000000,0.000000,1.000000,0.000000,-1.000000
0.032391349,4,97,read_only,4096,7,1.000000,1.000000,1.000000,{"1":7},1.000000,0.000000,0.000000,0.000000,1.000000,0.000000,-1.000000
0.032391349,4,97,union,4096,7,1.000000,1.000000,1.000000,{"1":7},1.000000,0.000000,0.000000,0.000000,1.000000,0.000000,-1.000000
0.032391349,4,97,snapshot,4096,941,1.000000,1.000000,1.000000,{"1":941},1.000000,0.000000,0.000000,0.000000,1.000000,0.000000,-1.000000
0.032391349,4,97,read_only,16384,3,1.000000,1.000000,1.000000,{"1":7},1.000000,0.000000,0.000000,0.000000,1.000000,0.000000,-1.000000
0.032391349,4,97,union,16384,3,1.000000,1.000000,1.000000,{"1":7},1.000000,0.000000,0.000000,0.000000,1.000000,0.000000,-1.000000
0.032391349,4,97,snapshot,16384,256,0.890625,0.959961,0.890625,{"1":941},0.890625,0.109375,0.000000,0.000000,0.890625,0.000000,0.000000
0.033202056,4,98,read_only,64,111,1.000000,1.000000,1.000000,{"1":111},1.000000,0.000000,0.000000,0.000000,1.000000,0.000000,-1.000000
0.033202056,4,98,union,64,184,1.000000,1.000000,1.000000,{"1":184},1.000000,0.000000,0.000000,0.000000,1.000000,0.000000,-1.000000
0.033202056,4,98,snapshot,64,1055,1.000000,1.000000,1.000000,{"1":1055},1.000000,0.000000,0.000000,0.000000,1.000000,0.000000,-1.000000
0.033202056,4,98,read_only,256,111,1.000000,1.000000,1.000000,{"1":111},1.000000,0.000000,0.000000,0.000000,1.000000,0.000000,-1.000000
0.033202056,4,98,union,256,184,1.000000,1.000000,1.000000,{"1":184},1.000000,0.000000,0.000000,0.000000,1.000000,0.000000,-1.000000
0.033202056,4,98,snapshot,256,1055,1.000000,1.000000,1.000000,{"1":1055},1.000000,0.000000,0.000000,0.000000,1.000000,0.000000,-1.000000
0.033202056,4,98,read_only,1024,111,1.000000,1.000000,1.000000,{"1":111},1.000000,0.000000,0.000000,0.000000,1.000000,0.000000,-1.000000
0.033202056,4,98,union,1024,184,1.000000,1.000000,1.000000,{"1":184},1.000000,0.000000,0.000000,0.000000,1.000000,0.000000,-1.000000
0.033202056,4,98,snapshot,1024,1055,1.000000,1.000000,1.000000,{"1":1055},1.000000,0.000000,0.000000,0.000000,1.000000,0.000000,-1.000000
0.033202056,4,98,read_only,4096,111,1.000000,1.000000,1.000000,{"1":111},1.000000,0.000000,0.000000,0.000000,1.000000,0.000000,-1.000000
0.033202056,4,98,union,4096,184,1.000000,1.000000,1.000000,{"1":184},1.000000,0.000000,0.000000,0.000000,1.000000,0.000000,-1.000000
0.033202056,4,98,snapshot,4096,1055,1.000000,1.000000,1.000000,{"1":1055},1.000000,0.000000,0.000000,0.000000,1.000000,0.000000,-1.000000
0.033202056,4,98,read_only,16384,36,0.333333,0.752315,0.333333,{"1":111},0.333333,0.611111,0.055556,0.000000,0.333333,0.000000,0.000000
0.033202056,4,98,union,16384,68,0.647059,0.868873,0.647059,{"1":184},0.647059,0.323529,0.029412,0.000000,0.647059,0.000000,0.000000
0.033202056,4,98,snapshot,16384,290,0.813793,0.931609,0.813793,{"1":1055},0.813793,0.175862,0.010345,0.000000,0.813793,0.000000,0.000000
0.033747314,4,99,read_only,64,43,1.000000,1.000000,1.000000,{"1":43},1.000000,0.000000,0.000000,0.000000,1.000000,0.000000,-1.000000
0.033747314,4,99,union,64,46,1.000000,1.000000,1.000000,{"1":46},1.000000,0.000000,0.000000,0.000000,1.000000,0.000000,-1.000000
0.033747314,4,99,snapshot,64,1100,1.000000,1.000000,1.000000,{"1":1100},1.000000,0.000000,0.000000,0.000000,1.000000,0.000000,-1.000000
0.033747314,4,99,read_only,256,43,1.000000,1.000000,1.000000,{"1":43},1.000000,0.000000,0.000000,0.000000,1.000000,0.000000,-1.000000
0.033747314,4,99,union,256,46,1.000000,1.000000,1.000000,{"1":46},1.000000,0.000000,0.000000,0.000000,1.000000,0.000000,-1.000000
0.033747314,4,99,snapshot,256,1100,1.000000,1.000000,1.000000,{"1":1100},1.000000,0.000000,0.000000,0.000000,1.000000,0.000000,-1.000000
0.033747314,4,99,read_only,1024,43,1.000000,1.000000,1.000000,{"1":43},1.000000,0.000000,0.000000,0.000000,1.000000,0.000000,-1.000000
0.033747314,4,99,union,1024,46,1.000000,1.000000,1.000000,{"1":46},1.000000,0.000000,0.000000,0.000000,1.000000,0.000000,-1.000000
0.033747314,4,99,snapshot,1024,1100,1.000000,1.000000,1.000000,{"1":1100},1.000000,0.000000,0.000000,0.000000,1.000000,0.000000,-1.000000
0.033747314,4,99,read_only,4096,43,1.000000,1.000000,1.000000,{"1":43},1.000000,0.000000,0.000000,0.000000,1.000000,0.000000,-1.000000
0.033747314,4,99,union,4096,46,1.000000,1.000000,1.000000,{"1":46},1.000000,0.000000,0.000000,0.000000,1.000000,0.000000,-1.000000
0.033747314,4,99,snapshot,4096,1100,1.000000,1.000000,1.000000,{"1":1100},1.000000,0.000000,0.000000,0.000000,1.000000,0.000000,-1.000000
0.033747314,4,99,read_only,16384,14,0.785714,0.910714,0.785714,{"1":43},0.785714,0.214286,0.000000,0.000000,0.785714,0.000000,0.000000
0.033747314,4,99,union,16384,15,0.733333,0.894444,0.733333,{"1":46},0.733333,0.266667,0.000000,0.000000,0.733333,0.000000,0.000000
0.033747314,4,99,snapshot,16384,303,0.805281,0.927668,0.805281,{"1":1100},0.805281,0.181518,0.013201,0.000000,0.805281,0.000000,0.000000
0.034006085,4,100,snapshot,64,1100,1.000000,1.000000,1.000000,{"1":1100},1.000000,0.000000,0.000000,0.000000,1.000000,0.000000,-1.000000
0.034006085,4,100,snapshot,256,1100,1.000000,1.000000,1.000000,{"1":1100},1.000000,0.000000,0.000000,0.000000,1.000000,0.000000,-1.000000
0.034006085,4,100,snapshot,1024,1100,1.000000,1.000000,1.000000,{"1":1100},1.000000,0.000000,0.000000,0.000000,1.000000,0.000000,-1.000000
0.034006085,4,100,snapshot,4096,1100,1.000000,1.000000,1.000000,{"1":1100},1.000000,0.000000,0.000000,0.000000,1.000000,0.000000,-1.000000
0.034006085,4,100,snapshot,16384,303,0.805281,0.927668,0.805281,{"1":1100},0.805281,0.181518,0.013201,0.000000,0.805281,0.000000,0.000000
0.034262464,4,101,read_only,64,79,1.000000,1.000000,1.000000,{"1":79},1.000000,0.000000,0.000000,0.000000,1.000000,0.000000,-1.000000
0.034262464,4,101,union,64,79,1.000000,1.000000,1.000000,{"1":79},1.000000,0.000000,0.000000,0.000000,1.000000,0.000000,-1.000000
0.034262464,4,101,snapshot,64,1179,1.000000,1.000000,1.000000,{"1":1179},1.000000,0.000000,0.000000,0.000000,1.000000,0.000000,-1.000000
0.034262464,4,101,read_only,256,79,1.000000,1.000000,1.000000,{"1":79},1.000000,0.000000,0.000000,0.000000,1.000000,0.000000,-1.000000
0.034262464,4,101,union,256,79,1.000000,1.000000,1.000000,{"1":79},1.000000,0.000000,0.000000,0.000000,1.000000,0.000000,-1.000000
0.034262464,4,101,snapshot,256,1179,1.000000,1.000000,1.000000,{"1":1179},1.000000,0.000000,0.000000,0.000000,1.000000,0.000000,-1.000000
0.034262464,4,101,read_only,1024,79,1.000000,1.000000,1.000000,{"1":79},1.000000,0.000000,0.000000,0.000000,1.000000,0.000000,-1.000000
0.034262464,4,101,union,1024,79,1.000000,1.000000,1.000000,{"1":79},1.000000,0.000000,0.000000,0.000000,1.000000,0.000000,-1.000000
0.034262464,4,101,snapshot,1024,1179,1.000000,1.000000,1.000000,{"1":1179},1.000000,0.000000,0.000000,0.000000,1.000000,0.000000,-1.000000
0.034262464,4,101,read_only,4096,79,1.000000,1.000000,1.000000,{"1":79},1.000000,0.000000,0.000000,0.000000,1.000000,0.000000,-1.000000
0.034262464,4,101,union,4096,79,1.000000,1.000000,1.000000,{"1":79},1.000000,0.000000,0.000000,0.000000,1.000000,0.000000,-1.000000
0.034262464,4,101,snapshot,4096,1179,1.000000,1.000000,1.000000,{"1":1179},1.000000,0.000000,0.000000,0.000000,1.000000,0.000000,-1.000000
0.034262464,4,101,read_only,16384,29,0.965517,0.991379,0.965517,{"1":79},0.965517,0.034483,0.000000,0.000000,0.965517,0.000000,0.000000
0.034262464,4,101,union,16384,29,0.965517,0.991379,0.965517,{"1":79},0.965517,0.034483,0.000000,0.000000,0.965517,0.000000,0.000000
0.034262464,4,101,snapshot,16384,332,0.819277,0.933233,0.819277,{"1":1179},0.819277,0.168675,0.012048,0.000000,0.819277,0.000000,0.000000
0.034691692,4,102,read_only,64,77,1.000000,1.000000,1.000000,{"1":77},1.000000,0.000000,0.000000,0.000000,1.000000,0.000000,-1.000000
0.034691692,4,102,union,64,77,1.000000,1.000000,1.000000,{"1":77},1.000000,0.000000,0.000000,0.000000,1.000000,0.000000,-1.000000
0.034691692,4,102,snapshot,64,1256,1.000000,1.000000,1.000000,{"1":1256},1.000000,0.000000,0.000000,0.000000,1.000000,0.000000,-1.000000
0.034691692,4,102,read_only,256,77,1.000000,1.000000,1.000000,{"1":77},1.000000,0.000000,0.000000,0.000000,1.000000,0.000000,-1.000000
0.034691692,4,102,union,256,77,1.000000,1.000000,1.000000,{"1":77},1.000000,0.000000,0.000000,0.000000,1.000000,0.000000,-1.000000
0.034691692,4,102,snapshot,256,1256,1.000000,1.000000,1.000000,{"1":1256},1.000000,0.000000,0.000000,0.000000,1.000000,0.000000,-1.000000
0.034691692,4,102,read_only,1024,77,1.000000,1.000000,1.000000,{"1":77},1.000000,0.000000,0.000000,0.000000,1.000000,0.000000,-1.000000
0.034691692,4,102,union,1024,77,1.000000,1.000000,1.000000,{"1":77},1.000000,0.000000,0.000000,0.000000,1.000000,0.000000,-1.000000
0.034691692,4,102,snapshot,1024,1256,1.000000,1.000000,1.000000,{"1":1256},1.000000,0.000000,0.000000,0.000000,1.000000,0.000000,-1.000000
0.034691692,4,102,read_only,4096,77,1.000000,1.000000,1.000000,{"1":77},1.000000,0.000000,0.000000,0.000000,1.000000,0.000000,-1.000000
0.034691692,4,102,union,4096,77,1.000000,1.000000,1.000000,{"1":77},1.000000,0.000000,0.000000,0.000000,1.000000,0.000000,-1.000000
0.034691692,4,102,snapshot,4096,1256,1.000000,1.000000,1.000000,{"1":1256},1.000000,0.000000,0.000000,0.000000,1.000000,0.000000,-1.000000
0.034691692,4,102,read_only,16384,32,0.968750,0.992188,0.968750,{"1":77},0.968750,0.031250,0.000000,0.000000,0.968750,0.000000,0.000000
0.034691692,4,102,union,16384,32,0.968750,0.992188,0.968750,{"1":77},0.968750,0.031250,0.000000,0.000000,0.968750,0.000000,0.000000
0.034691692,4,102,snapshot,16384,348,0.821839,0.934866,0.821839,{"1":1256},0.821839,0.166667,0.011494,0.000000,0.821839,0.000000,0.000000
0.035829952,4,103,read_only,64,223,1.000000,1.000000,1.000000,{"1":223},1.000000,0.000000,0.000000,0.000000,1.000000,0.000000,-1.000000
0.035829952,4,103,union,64,244,1.000000,1.000000,1.000000,{"1":244},1.000000,0.000000,0.000000,0.000000,1.000000,0.000000,-1.000000
0.035829952,4,103,snapshot,64,1479,1.000000,1.000000,1.000000,{"1":1479},1.000000,0.000000,0.000000,0.000000,1.000000,0.000000,-1.000000
0.035829952,4,103,read_only,256,223,1.000000,1.000000,1.000000,{"1":223},1.000000,0.000000,0.000000,0.000000,1.000000,0.000000,-1.000000
0.035829952,4,103,union,256,244,1.000000,1.000000,1.000000,{"1":244},1.000000,0.000000,0.000000,0.000000,1.000000,0.000000,-1.000000
0.035829952,4,103,snapshot,256,1479,1.000000,1.000000,1.000000,{"1":1479},1.000000,0.000000,0.000000,0.000000,1.000000,0.000000,-1.000000
0.035829952,4,103,read_only,1024,223,1.000000,1.000000,1.000000,{"1":223},1.000000,0.000000,0.000000,0.000000,1.000000,0.000000,-1.000000
0.035829952,4,103,union,1024,244,1.000000,1.000000,1.000000,{"1":244},1.000000,0.000000,0.000000,0.000000,1.000000,0.000000,-1.000000
0.035829952,4,103,snapshot,1024,1479,1.000000,1.000000,1.000000,{"1":1479},1.000000,0.000000,0.000000,0.000000,1.000000,0.000000,-1.000000
0.035829952,4,103,read_only,4096,223,1.000000,1.000000,1.000000,{"1":223},1.000000,0.000000,0.000000,0.000000,1.000000,0.000000,-1.000000
0.035829952,4,103,union,4096,244,1.000000,1.000000,1.000000,{"1":244},1.000000,0.000000,0.000000,0.000000,1.000000,0.000000,-1.000000
0.035829952,4,103,snapshot,4096,1479,1.000000,1.000000,1.000000,{"1":1479},1.000000,0.000000,0.000000,0.000000,1.000000,0.000000,-1.000000
0.035829952,4,103,read_only,16384,62,0.806452,0.924731,0.806452,{"1":223},0.806452,0.161290,0.032258,0.000000,0.806452,0.000000,0.000000
0.035829952,4,103,union,16384,76,0.842105,0.939693,0.842105,{"1":244},0.842105,0.131579,0.026316,0.000000,0.842105,0.000000,0.000000
0.035829952,4,103,snapshot,16384,408,0.818627,0.933211,0.818627,{"1":1479},0.818627,0.166667,0.014706,0.000000,0.818627,0.000000,0.000000
0.036258987,4,104,read_only,64,5,1.000000,1.000000,1.000000,{"1":5},1.000000,0.000000,0.000000,0.000000,1.000000,0.000000,-1.000000
0.036258987,4,104,union,64,14,1.000000,1.000000,1.000000,{"1":14},1.000000,0.000000,0.000000,0.000000,1.000000,0.000000,-1.000000
0.036258987,4,104,snapshot,64,1484,1.000000,1.000000,1.000000,{"1":1484},1.000000,0.000000,0.000000,0.000000,1.000000,0.000000,-1.000000
0.036258987,4,104,read_only,256,5,1.000000,1.000000,1.000000,{"1":5},1.000000,0.000000,0.000000,0.000000,1.000000,0.000000,-1.000000
0.036258987,4,104,union,256,14,1.000000,1.000000,1.000000,{"1":14},1.000000,0.000000,0.000000,0.000000,1.000000,0.000000,-1.000000
0.036258987,4,104,snapshot,256,1484,1.000000,1.000000,1.000000,{"1":1484},1.000000,0.000000,0.000000,0.000000,1.000000,0.000000,-1.000000
0.036258987,4,104,read_only,1024,5,1.000000,1.000000,1.000000,{"1":5},1.000000,0.000000,0.000000,0.000000,1.000000,0.000000,-1.000000
0.036258987,4,104,union,1024,14,1.000000,1.000000,1.000000,{"1":14},1.000000,0.000000,0.000000,0.000000,1.000000,0.000000,-1.000000
0.036258987,4,104,snapshot,1024,1484,1.000000,1.000000,1.000000,{"1":1484},1.000000,0.000000,0.000000,0.000000,1.000000,0.000000,-1.000000
0.036258987,4,104,read_only,4096,5,1.000000,1.000000,1.000000,{"1":5},1.000000,0.000000,0.000000,0.000000,1.000000,0.000000,-1.000000
0.036258987,4,104,union,4096,14,1.000000,1.000000,1.000000,{"1":14},1.000000,0.000000,0.000000,0.000000,1.000000,0.000000,-1.000000
0.036258987,4,104,snapshot,4096,1484,1.000000,1.000000,1.000000,{"1":1484},1.000000,0.000000,0.000000,0.000000,1.000000,0.000000,-1.000000
0.036258987,4,104,read_only,16384,4,1.000000,1.000000,1.000000,{"1":5},1.000000,0.000000,0.000000,0.000000,1.000000,0.000000,-1.000000
0.036258987,4,104,union,16384,10,1.000000,1.000000,1.000000,{"1":14},1.000000,0.000000,0.000000,0.000000,1.000000,0.000000,-1.000000
0.036258987,4,104,snapshot,16384,408,0.816176,0.932190,0.816176,{"1":1484},0.816176,0.166667,0.017157,0.000000,0.816176,0.000000,0.000000
0.036503014,4,105,snapshot,64,1484,1.000000,1.000000,1.000000,{"1":1484},1.000000,0.000000,0.000000,0.000000,1.000000,0.000000,-1.000000
0.036503014,4,105,snapshot,256,1484,1.000000,1.000000,1.000000,{"1":1484},1.000000,0.000000,0.000000,0.000000,1.000000,0.000000,-1.000000
0.036503014,4,105,snapshot,1024,1484,1.000000,1.000000,1.000000,{"1":1484},1.000000,0.000000,0.000000,0.000000,1.000000,0.000000,-1.000000
0.036503014,4,105,snapshot,4096,1484,1.000000,1.000000,1.000000,{"1":1484},1.000000,0.000000,0.000000,0.000000,1.000000,0.000000,-1.000000
0.036503014,4,105,snapshot,16384,408,0.816176,0.932190,0.816176,{"1":1484},0.816176,0.166667,0.017157,0.000000,0.816176,0.000000,0.000000
0.047481077,4,106,read_only,64,17,1.000000,1.000000,1.000000,{"1":17},1.000000,0.000000,0.000000,0.000000,1.000000,0.000000,-1.000000
0.047481077,4,106,union,64,18,1.000000,1.000000,1.000000,{"1":18},1.000000,0.000000,0.000000,0.000000,1.000000,0.000000,-1.000000
0.047481077,4,106,snapshot,64,1501,1.000000,1.000000,1.000000,{"1":1501},1.000000,0.000000,0.000000,0.000000,1.000000,0.000000,-1.000000
0.047481077,4,106,read_only,256,17,1.000000,1.000000,1.000000,{"1":17},1.000000,0.000000,0.000000,0.000000,1.000000,0.000000,-1.000000
0.047481077,4,106,union,256,18,1.000000,1.000000,1.000000,{"1":18},1.000000,0.000000,0.000000,0.000000,1.000000,0.000000,-1.000000
0.047481077,4,106,snapshot,256,1501,1.000000,1.000000,1.000000,{"1":1501},1.000000,0.000000,0.000000,0.000000,1.000000,0.000000,-1.000000
0.047481077,4,106,read_only,1024,17,1.000000,1.000000,1.000000,{"1":17},1.000000,0.000000,0.000000,0.000000,1.000000,0.000000,-1.000000
0.047481077,4,106,union,1024,18,1.000000,1.000000,1.000000,{"1":18},1.000000,0.000000,0.000000,0.000000,1.000000,0.000000,-1.000000
0.047481077,4,106,snapshot,1024,1501,1.000000,1.000000,1.000000,{"1":1501},1.000000,0.000000,0.000000,0.000000,1.000000,0.000000,-1.000000
0.047481077,4,106,read_only,4096,17,1.000000,1.000000,1.000000,{"1":17},1.000000,0.000000,0.000000,0.000000,1.000000,0.000000,-1.000000
0.047481077,4,106,union,4096,18,1.000000,1.000000,1.000000,{"1":18},1.000000,0.000000,0.000000,0.000000,1.000000,0.000000,-1.000000
0.047481077,4,106,snapshot,4096,1501,1.000000,1.000000,1.000000,{"1":1501},1.000000,0.000000,0.000000,0.000000,1.000000,0.000000,-1.000000
0.047481077,4,106,read_only,16384,8,1.000000,1.000000,1.000000,{"1":17},1.000000,0.000000,0.000000,0.000000,1.000000,0.000000,-1.000000
0.047481077,4,106,union,16384,9,1.000000,1.000000,1.000000,{"1":18},1.000000,0.000000,0.000000,0.000000,1.000000,0.000000,-1.000000
0.047481077,4,106,snapshot,16384,414,0.814010,0.931965,0.814010,{"1":1501},0.814010,0.169082,0.016908,0.000000,0.814010,0.000000,0.000000
0.047745535,4,107,snapshot,64,1501,1.000000,1.000000,1.000000,{"1":1501},1.000000,0.000000,0.000000,0.000000,1.000000,0.000000,-1.000000
0.047745535,4,107,snapshot,256,1501,1.000000,1.000000,1.000000,{"1":1501},1.000000,0.000000,0.000000,0.000000,1.000000,0.000000,-1.000000
0.047745535,4,107,snapshot,1024,1501,1.000000,1.000000,1.000000,{"1":1501},1.000000,0.000000,0.000000,0.000000,1.000000,0.000000,-1.000000
0.047745535,4,107,snapshot,4096,1501,1.000000,1.000000,1.000000,{"1":1501},1.000000,0.000000,0.000000,0.000000,1.000000,0.000000,-1.000000
0.047745535,4,107,snapshot,16384,414,0.814010,0.931965,0.814010,{"1":1501},0.814010,0.169082,0.016908,0.000000,0.814010,0.000000,0.000000
0.048302282,4,108,read_only,64,13,1.000000,1.000000,1.000000,{"1":13},1.000000,0.000000,0.000000,0.000000,1.000000,0.000000,-1.000000
0.048302282,4,108,union,64,14,1.000000,1.000000,1.000000,{"1":14},1.000000,0.000000,0.000000,0.000000,1.000000,0.000000,-1.000000
0.048302282,4,108,snapshot,64,1514,1.000000,1.000000,1.000000,{"1":1514},1.000000,0.000000,0.000000,0.000000,1.000000,0.000000,-1.000000
0.048302282,4,108,read_only,256,13,1.000000,1.000000,1.000000,{"1":13},1.000000,0.000000,0.000000,0.000000,1.000000,0.000000,-1.000000
0.048302282,4,108,union,256,14,1.000000,1.000000,1.000000,{"1":14},1.000000,0.000000,0.000000,0.000000,1.000000,0.000000,-1.000000
0.048302282,4,108,snapshot,256,1514,1.000000,1.000000,1.000000,{"1":1514},1.000000,0.000000,0.000000,0.000000,1.000000,0.000000,-1.000000
0.048302282,4,108,read_only,1024,13,1.000000,1.000000,1.000000,{"1":13},1.000000,0.000000,0.000000,0.000000,1.000000,0.000000,-1.000000
0.048302282,4,108,union,1024,14,1.000000,1.000000,1.000000,{"1":14},1.000000,0.000000,0.000000,0.000000,1.000000,0.000000,-1.000000
0.048302282,4,108,snapshot,1024,1514,1.000000,1.000000,1.000000,{"1":1514},1.000000,0.000000,0.000000,0.000000,1.000000,0.000000,-1.000000
0.048302282,4,108,read_only,4096,13,1.000000,1.000000,1.000000,{"1":13},1.000000,0.000000,0.000000,0.000000,1.000000,0.000000,-1.000000
0.048302282,4,108,union,4096,14,1.000000,1.000000,1.000000,{"1":14},1.000000,0.000000,0.000000,0.000000,1.000000,0.000000,-1.000000
0.048302282,4,108,snapshot,4096,1514,1.000000,1.000000,1.000000,{"1":1514},1.000000,0.000000,0.000000,0.000000,1.000000,0.000000,-1.000000
0.048302282,4,108,read_only,16384,8,0.750000,0.927083,0.750000,{"1":13},0.750000,0.250000,0.000000,0.000000,0.750000,0.000000,0.000000
0.048302282,4,108,union,16384,9,0.777778,0.935185,0.777778,{"1":14},0.777778,0.222222,0.000000,0.000000,0.777778,0.000000,0.000000
0.048302282,4,108,snapshot,16384,417,0.810552,0.930456,0.810552,{"1":1514},0.810552,0.165468,0.023981,0.000000,0.810552,0.000000,0.000000
0.048640290,4,109,read_only,64,1,1.000000,1.000000,1.000000,{"1":1},1.000000,0.000000,0.000000,0.000000,1.000000,0.000000,-1.000000
0.048640290,4,109,union,64,1,1.000000,1.000000,1.000000,{"1":1},1.000000,0.000000,0.000000,0.000000,1.000000,0.000000,-1.000000
0.048640290,4,109,snapshot,64,1515,1.000000,1.000000,1.000000,{"1":1515},1.000000,0.000000,0.000000,0.000000,1.000000,0.000000,-1.000000
0.048640290,4,109,read_only,256,1,1.000000,1.000000,1.000000,{"1":1},1.000000,0.000000,0.000000,0.000000,1.000000,0.000000,-1.000000
0.048640290,4,109,union,256,1,1.000000,1.000000,1.000000,{"1":1},1.000000,0.000000,0.000000,0.000000,1.000000,0.000000,-1.000000
0.048640290,4,109,snapshot,256,1515,1.000000,1.000000,1.000000,{"1":1515},1.000000,0.000000,0.000000,0.000000,1.000000,0.000000,-1.000000
0.048640290,4,109,read_only,1024,1,1.000000,1.000000,1.000000,{"1":1},1.000000,0.000000,0.000000,0.000000,1.000000,0.000000,-1.000000
0.048640290,4,109,union,1024,1,1.000000,1.000000,1.000000,{"1":1},1.000000,0.000000,0.000000,0.000000,1.000000,0.000000,-1.000000
0.048640290,4,109,snapshot,1024,1515,1.000000,1.000000,1.000000,{"1":1515},1.000000,0.000000,0.000000,0.000000,1.000000,0.000000,-1.000000
0.048640290,4,109,read_only,4096,1,1.000000,1.000000,1.000000,{"1":1},1.000000,0.000000,0.000000,0.000000,1.000000,0.000000,-1.000000
0.048640290,4,109,union,4096,1,1.000000,1.000000,1.000000,{"1":1},1.000000,0.000000,0.000000,0.000000,1.000000,0.000000,-1.000000
0.048640290,4,109,snapshot,4096,1515,1.000000,1.000000,1.000000,{"1":1515},1.000000,0.000000,0.000000,0.000000,1.000000,0.000000,-1.000000
0.048640290,4,109,read_only,16384,1,1.000000,1.000000,1.000000,{"1":1},1.000000,0.000000,0.000000,0.000000,1.000000,0.000000,-1.000000
0.048640290,4,109,union,16384,1,1.000000,1.000000,1.000000,{"1":1},1.000000,0.000000,0.000000,0.000000,1.000000,0.000000,-1.000000
0.048640290,4,109,snapshot,16384,418,0.811005,0.930622,0.811005,{"1":1515},0.811005,0.165072,0.023923,0.000000,0.811005,0.000000,0.000000
0.048913644,4,110,snapshot,64,1515,1.000000,1.000000,1.000000,{"1":1515},1.000000,0.000000,0.000000,0.000000,1.000000,0.000000,-1.000000
0.048913644,4,110,snapshot,256,1515,1.000000,1.000000,1.000000,{"1":1515},1.000000,0.000000,0.000000,0.000000,1.000000,0.000000,-1.000000
0.048913644,4,110,snapshot,1024,1515,1.000000,1.000000,1.000000,{"1":1515},1.000000,0.000000,0.000000,0.000000,1.000000,0.000000,-1.000000
0.048913644,4,110,snapshot,4096,1515,1.000000,1.000000,1.000000,{"1":1515},1.000000,0.000000,0.000000,0.000000,1.000000,0.000000,-1.000000
0.048913644,4,110,snapshot,16384,418,0.811005,0.930622,0.811005,{"1":1515},0.811005,0.165072,0.023923,0.000000,0.811005,0.000000,0.000000
0.049145682,4,111,snapshot,64,1515,1.000000,1.000000,1.000000,{"1":1515},1.000000,0.000000,0.000000,0.000000,1.000000,0.000000,-1.000000
0.049145682,4,111,snapshot,256,1515,1.000000,1.000000,1.000000,{"1":1515},1.000000,0.000000,0.000000,0.000000,1.000000,0.000000,-1.000000
0.049145682,4,111,snapshot,1024,1515,1.000000,1.000000,1.000000,{"1":1515},1.000000,0.000000,0.000000,0.000000,1.000000,0.000000,-1.000000
0.049145682,4,111,snapshot,4096,1515,1.000000,1.000000,1.000000,{"1":1515},1.000000,0.000000,0.000000,0.000000,1.000000,0.000000,-1.000000
0.049145682,4,111,snapshot,16384,418,0.811005,0.930622,0.811005,{"1":1515},0.811005,0.165072,0.023923,0.000000,0.811005,0.000000,0.000000
0.049379409,4,112,read_only,64,1,1.000000,1.000000,1.000000,{"1":1},1.000000,0.000000,0.000000,0.000000,1.000000,0.000000,-1.000000
0.049379409,4,112,union,64,1,1.000000,1.000000,1.000000,{"1":1},1.000000,0.000000,0.000000,0.000000,1.000000,0.000000,-1.000000
0.049379409,4,112,snapshot,64,1516,1.000000,1.000000,1.000000,{"1":1516},1.000000,0.000000,0.000000,0.000000,1.000000,0.000000,-1.000000
0.049379409,4,112,read_only,256,1,1.000000,1.000000,1.000000,{"1":1},1.000000,0.000000,0.000000,0.000000,1.000000,0.000000,-1.000000
0.049379409,4,112,union,256,1,1.000000,1.000000,1.000000,{"1":1},1.000000,0.000000,0.000000,0.000000,1.000000,0.000000,-1.000000
0.049379409,4,112,snapshot,256,1516,1.000000,1.000000,1.000000,{"1":1516},1.000000,0.000000,0.000000,0.000000,1.000000,0.000000,-1.000000
0.049379409,4,112,read_only,1024,1,1.000000,1.000000,1.000000,{"1":1},1.000000,0.000000,0.000000,0.000000,1.000000,0.000000,-1.000000
0.049379409,4,112,union,1024,1,1.000000,1.000000,1.000000,{"1":1},1.000000,0.000000,0.000000,0.000000,1.000000,0.000000,-1.000000
0.049379409,4,112,snapshot,1024,1516,1.000000,1.000000,1.000000,{"1":1516},1.000000,0.000000,0.000000,0.000000,1.000000,0.000000,-1.000000
0.049379409,4,112,read_only,4096,1,1.000000,1.000000,1.000000,{"1":1},1.000000,0.000000,0.000000,0.000000,1.000000,0.000000,-1.000000
0.049379409,4,112,union,4096,1,1.000000,1.000000,1.000000,{"1":1},1.000000,0.000000,0.000000,0.000000,1.000000,0.000000,-1.000000
0.049379409,4,112,snapshot,4096,1516,1.000000,1.000000,1.000000,{"1":1516},1.000000,0.000000,0.000000,0.000000,1.000000,0.000000,-1.000000
0.049379409,4,112,read_only,16384,1,1.000000,1.000000,1.000000,{"1":1},1.000000,0.000000,0.000000,0.000000,1.000000,0.000000,-1.000000
0.049379409,4,112,union,16384,1,1.000000,1.000000,1.000000,{"1":1},1.000000,0.000000,0.000000,0.000000,1.000000,0.000000,-1.000000
0.049379409,4,112,snapshot,16384,419,0.811456,0.930788,0.811456,{"1":1516},0.811456,0.164678,0.023866,0.000000,0.811456,0.000000,0.000000
0.049613164,4,113,snapshot,64,1516,1.000000,1.000000,1.000000,{"1":1516},1.000000,0.000000,0.000000,0.000000,1.000000,0.000000,-1.000000
0.049613164,4,113,snapshot,256,1516,1.000000,1.000000,1.000000,{"1":1516},1.000000,0.000000,0.000000,0.000000,1.000000,0.000000,-1.000000
0.049613164,4,113,snapshot,1024,1516,1.000000,1.000000,1.000000,{"1":1516},1.000000,0.000000,0.000000,0.000000,1.000000,0.000000,-1.000000
0.049613164,4,113,snapshot,4096,1516,1.000000,1.000000,1.000000,{"1":1516},1.000000,0.000000,0.000000,0.000000,1.000000,0.000000,-1.000000
0.049613164,4,113,snapshot,16384,419,0.811456,0.930788,0.811456,{"1":1516},0.811456,0.164678,0.023866,0.000000,0.811456,0.000000,0.000000
0.049846980,4,114,read_only,64,1,1.000000,1.000000,1.000000,{"1":1},1.000000,0.000000,0.000000,0.000000,1.000000,0.000000,-1.000000
0.049846980,4,114,union,64,1,1.000000,1.000000,1.000000,{"1":1},1.000000,0.000000,0.000000,0.000000,1.000000,0.000000,-1.000000
0.049846980,4,114,snapshot,64,1517,1.000000,1.000000,1.000000,{"1":1517},1.000000,0.000000,0.000000,0.000000,1.000000,0.000000,-1.000000
0.049846980,4,114,read_only,256,1,1.000000,1.000000,1.000000,{"1":1},1.000000,0.000000,0.000000,0.000000,1.000000,0.000000,-1.000000
0.049846980,4,114,union,256,1,1.000000,1.000000,1.000000,{"1":1},1.000000,0.000000,0.000000,0.000000,1.000000,0.000000,-1.000000
0.049846980,4,114,snapshot,256,1517,1.000000,1.000000,1.000000,{"1":1517},1.000000,0.000000,0.000000,0.000000,1.000000,0.000000,-1.000000
0.049846980,4,114,read_only,1024,1,1.000000,1.000000,1.000000,{"1":1},1.000000,0.000000,0.000000,0.000000,1.000000,0.000000,-1.000000
0.049846980,4,114,union,1024,1,1.000000,1.000000,1.000000,{"1":1},1.000000,0.000000,0.000000,0.000000,1.000000,0.000000,-1.000000
0.049846980,4,114,snapshot,1024,1517,1.000000,1.000000,1.000000,{"1":1517},1.000000,0.000000,0.000000,0.000000,1.000000,0.000000,-1.000000
0.049846980,4,114,read_only,4096,1,1.000000,1.000000,1.000000,{"1":1},1.000000,0.000000,0.000000,0.000000,1.000000,0.000000,-1.000000
0.049846980,4,114,union,4096,1,1.000000,1.000000,1.000000,{"1":1},1.000000,0.000000,0.000000,0.000000,1.000000,0.000000,-1.000000
0.049846980,4,114,snapshot,4096,1517,1.000000,1.000000,1.000000,{"1":1517},1.000000,0.000000,0.000000,0.000000,1.000000,0.000000,-1.000000
0.049846980,4,114,read_only,16384,1,1.000000,1.000000,1.000000,{"1":1},1.000000,0.000000,0.000000,0.000000,1.000000,0.000000,-1.000000
0.049846980,4,114,union,16384,1,1.000000,1.000000,1.000000,{"1":1},1.000000,0.000000,0.000000,0.000000,1.000000,0.000000,-1.000000
0.049846980,4,114,snapshot,16384,420,0.811905,0.930952,0.811905,{"1":1517},0.811905,0.164286,0.023810,0.000000,0.811905,0.000000,0.000000
0.050078447,4,115,snapshot,64,1517,1.000000,1.000000,1.000000,{"1":1517},1.000000,0.000000,0.000000,0.000000,1.000000,0.000000,-1.000000
0.050078447,4,115,snapshot,256,1517,1.000000,1.000000,1.000000,{"1":1517},1.000000,0.000000,0.000000,0.000000,1.000000,0.000000,-1.000000
0.050078447,4,115,snapshot,1024,1517,1.000000,1.000000,1.000000,{"1":1517},1.000000,0.000000,0.000000,0.000000,1.000000,0.000000,-1.000000
0.050078447,4,115,snapshot,4096,1517,1.000000,1.000000,1.000000,{"1":1517},1.000000,0.000000,0.000000,0.000000,1.000000,0.000000,-1.000000
0.050078447,4,115,snapshot,16384,420,0.811905,0.930952,0.811905,{"1":1517},0.811905,0.164286,0.023810,0.000000,0.811905,0.000000,0.000000
0.050311783,4,116,snapshot,64,1517,1.000000,1.000000,1.000000,{"1":1517},1.000000,0.000000,0.000000,0.000000,1.000000,0.000000,-1.000000
0.050311783,4,116,snapshot,256,1517,1.000000,1.000000,1.000000,{"1":1517},1.000000,0.000000,0.000000,0.000000,1.000000,0.000000,-1.000000
0.050311783,4,116,snapshot,1024,1517,1.000000,1.000000,1.000000,{"1":1517},1.000000,0.000000,0.000000,0.000000,1.000000,0.000000,-1.000000
0.050311783,4,116,snapshot,4096,1517,1.000000,1.000000,1.000000,{"1":1517},1.000000,0.000000,0.000000,0.000000,1.000000,0.000000,-1.000000
0.050311783,4,116,snapshot,16384,420,0.811905,0.930952,0.811905,{"1":1517},0.811905,0.164286,0.023810,0.000000,0.811905,0.000000,0.000000
0.050544789,4,117,snapshot,64,1517,1.000000,1.000000,1.000000,{"1":1517},1.000000,0.000000,0.000000,0.000000,1.000000,0.000000,-1.000000
0.050544789,4,117,snapshot,256,1517,1.000000,1.000000,1.000000,{"1":1517},1.000000,0.000000,0.000000,0.000000,1.000000,0.000000,-1.000000
0.050544789,4,117,snapshot,1024,1517,1.000000,1.000000,1.000000,{"1":1517},1.000000,0.000000,0.000000,0.000000,1.000000,0.000000,-1.000000
0.050544789,4,117,snapshot,4096,1517,1.000000,1.000000,1.000000,{"1":1517},1.000000,0.000000,0.000000,0.000000,1.000000,0.000000,-1.000000
0.050544789,4,117,snapshot,16384,420,0.811905,0.930952,0.811905,{"1":1517},0.811905,0.164286,0.023810,0.000000,0.811905,0.000000,0.000000
0.050777867,4,118,read_only,64,3,1.000000,1.000000,1.000000,{"1":3},1.000000,0.000000,0.000000,0.000000,1.000000,0.000000,-1.000000
0.050777867,4,118,union,64,3,1.000000,1.000000,1.000000,{"1":3},1.000000,0.000000,0.000000,0.000000,1.000000,0.000000,-1.000000
0.050777867,4,118,snapshot,64,1520,1.000000,1.000000,1.000000,{"1":1520},1.000000,0.000000,0.000000,0.000000,1.000000,0.000000,-1.000000
0.050777867,4,118,read_only,256,3,1.000000,1.000000,1.000000,{"1":3},1.000000,0.000000,0.000000,0.000000,1.000000,0.000000,-1.000000
0.050777867,4,118,union,256,3,1.000000,1.000000,1.000000,{"1":3},1.000000,0.000000,0.000000,0.000000,1.000000,0.000000,-1.000000
0.050777867,4,118,snapshot,256,1520,1.000000,1.000000,1.000000,{"1":1520},1.000000,0.000000,0.000000,0.000000,1.000000,0.000000,-1.000000
0.050777867,4,118,read_only,1024,3,1.000000,1.000000,1.000000,{"1":3},1.000000,0.000000,0.000000,0.000000,1.000000,0.000000,-1.000000
0.050777867,4,118,union,1024,3,1.000000,1.000000,1.000000,{"1":3},1.000000,0.000000,0.000000,0.000000,1.000000,0.000000,-1.000000
0.050777867,4,118,snapshot,1024,1520,1.000000,1.000000,1.000000,{"1":1520},1.000000,0.000000,0.000000,0.000000,1.000000,0.000000,-1.000000
0.050777867,4,118,read_only,4096,3,1.000000,1.000000,1.000000,{"1":3},1.000000,0.000000,0.000000,0.000000,1.000000,0.000000,-1.000000
0.050777867,4,118,union,4096,3,1.000000,1.000000,1.000000,{"1":3},1.000000,0.000000,0.000000,0.000000,1.000000,0.000000,-1.000000
0.050777867,4,118,snapshot,4096,1520,1.000000,1.000000,1.000000,{"1":1520},1.000000,0.000000,0.000000,0.000000,1.000000,0.000000,-1.000000
0.050777867,4,118,read_only,16384,1,1.000000,1.000000,1.000000,{"1":3},1.000000,0.000000,0.000000,0.000000,1.000000,0.000000,-1.000000
0.050777867,4,118,union,16384,1,1.000000,1.000000,1.000000,{"1":3},1.000000,0.000000,0.000000,0.000000,1.000000,0.000000,-1.000000
0.050777867,4,118,snapshot,16384,421,0.812352,0.931116,0.812352,{"1":1520},0.812352,0.163895,0.023753,0.000000,0.812352,0.000000,0.000000
0.051024305,4,119,union,64,1,1.000000,1.000000,1.000000,{"1":1},1.000000,0.000000,0.000000,0.000000,1.000000,0.000000,-1.000000
0.051024305,4,119,snapshot,64,1520,1.000000,1.000000,1.000000,{"1":1520},1.000000,0.000000,0.000000,0.000000,1.000000,0.000000,-1.000000
0.051024305,4,119,union,256,1,1.000000,1.000000,1.000000,{"1":1},1.000000,0.000000,0.000000,0.000000,1.000000,0.000000,-1.000000
0.051024305,4,119,snapshot,256,1520,1.000000,1.000000,1.000000,{"1":1520},1.000000,0.000000,0.000000,0.000000,1.000000,0.000000,-1.000000
0.051024305,4,119,union,1024,1,1.000000,1.000000,1.000000,{"1":1},1.000000,0.000000,0.000000,0.000000,1.000000,0.000000,-1.000000
0.051024305,4,119,snapshot,1024,1520,1.000000,1.000000,1.000000,{"1":1520},1.000000,0.000000,0.000000,0.000000,1.000000,0.000000,-1.000000
0.051024305,4,119,union,4096,1,1.000000,1.000000,1.000000,{"1":1},1.000000,0.000000,0.000000,0.000000,1.000000,0.000000,-1.000000
0.051024305,4,119,snapshot,4096,1520,1.000000,1.000000,1.000000,{"1":1520},1.000000,0.000000,0.000000,0.000000,1.000000,0.000000,-1.000000
0.051024305,4,119,union,16384,1,1.000000,1.000000,1.000000,{"1":1},1.000000,0.000000,0.000000,0.000000,1.000000,0.000000,-1.000000
0.051024305,4,119,snapshot,16384,421,0.812352,0.931116,0.812352,{"1":1520},0.812352,0.163895,0.023753,0.000000,0.812352,0.000000,0.000000
0.051286671,4,120,read_only,64,6,1.000000,1.000000,1.000000,{"1":6},1.000000,0.000000,0.000000,0.000000,1.000000,0.000000,-1.000000
0.051286671,4,120,union,64,9,1.000000,1.000000,1.000000,{"1":9},1.000000,0.000000,0.000000,0.000000,1.000000,0.000000,-1.000000
0.051286671,4,120,snapshot,64,1526,1.000000,1.000000,1.000000,{"1":1526},1.000000,0.000000,0.000000,0.000000,1.000000,0.000000,-1.000000
0.051286671,4,120,read_only,256,6,1.000000,1.000000,1.000000,{"1":6},1.000000,0.000000,0.000000,0.000000,1.000000,0.000000,-1.000000
0.051286671,4,120,union,256,9,1.000000,1.000000,1.000000,{"1":9},1.000000,0.000000,0.000000,0.000000,1.000000,0.000000,-1.000000
0.051286671,4,120,snapshot,256,1526,1.000000,1.000000,1.000000,{"1":1526},1.000000,0.000000,0.000000,0.000000,1.000000,0.000000,-1.000000
0.051286671,4,120,read_only,1024,6,1.000000,1.000000,1.000000,{"1":6},1.000000,0.000000,0.000000,0.000000,1.000000,0.000000,-1.000000
0.051286671,4,120,union,1024,9,1.000000,1.000000,1.000000,{"1":9},1.000000,0.000000,0.000000,0.000000,1.000000,0.000000,-1.000000
0.051286671,4,120,snapshot,1024,1526,1.000000,1.000000,1.000000,{"1":1526},1.000000,0.000000,0.000000,0.000000,1.000000,0.000000,-1.000000
0.051286671,4,120,read_only,4096,6,1.000000,1.000000,1.000000,{"1":6},1.000000,0.000000,0.000000,0.000000,1.000000,0.000000,-1.000000
0.051286671,4,120,union,4096,9,1.000000,1.000000,1.000000,{"1":9},1.000000,0.000000,0.000000,0.000000,1.000000,0.000000,-1.000000
0.051286671,4,120,snapshot,4096,1526,1.000000,1.000000,1.000000,{"1":1526},1.000000,0.000000,0.000000,0.000000,1.000000,0.000000,-1.000000
0.051286671,4,120,read_only,16384,3,0.666667,0.833333,0.666667,{"1":6},0.666667,0.333333,0.000000,0.000000,0.666667,0.000000,0.000000
0.051286671,4,120,union,16384,5,0.800000,0.900000,0.800000,{"1":9},0.800000,0.200000,0.000000,0.000000,0.800000,0.000000,0.000000
0.051286671,4,120,snapshot,16384,424,0.811321,0.930425,0.811321,{"1":1526},0.811321,0.165094,0.023585,0.000000,0.811321,0.000000,0.000000
0.051519852,4,121,snapshot,64,1526,1.000000,1.000000,1.000000,{"1":1526},1.000000,0.000000,0.000000,0.000000,1.000000,0.000000,-1.000000
0.051519852,4,121,snapshot,256,1526,1.000000,1.000000,1.000000,{"1":1526},1.000000,0.000000,0.000000,0.000000,1.000000,0.000000,-1.000000
0.051519852,4,121,snapshot,1024,1526,1.000000,1.000000,1.000000,{"1":1526},1.000000,0.000000,0.000000,0.000000,1.000000,0.000000,-1.000000
0.051519852,4,121,snapshot,4096,1526,1.000000,1.000000,1.000000,{"1":1526},1.000000,0.000000,0.000000,0.000000,1.000000,0.000000,-1.000000
0.051519852,4,121,snapshot,16384,424,0.811321,0.930425,0.811321,{"1":1526},0.811321,0.165094,0.023585,0.000000,0.811321,0.000000,0.000000
0.051772228,4,122,union,64,2,1.000000,1.000000,1.000000,{"1":2},1.000000,0.000000,0.000000,0.000000,1.000000,0.000000,-1.000000
0.051772228,4,122,snapshot,64,1526,1.000000,1.000000,1.000000,{"1":1526},1.000000,0.000000,0.000000,0.000000,1.000000,0.000000,-1.000000
0.051772228,4,122,union,256,2,1.000000,1.000000,1.000000,{"1":2},1.000000,0.000000,0.000000,0.000000,1.000000,0.000000,-1.000000
0.051772228,4,122,snapshot,256,1526,1.000000,1.000000,1.000000,{"1":1526},1.000000,0.000000,0.000000,0.000000,1.000000,0.000000,-1.000000
0.051772228,4,122,union,1024,2,1.000000,1.000000,1.000000,{"1":2},1.000000,0.000000,0.000000,0.000000,1.000000,0.000000,-1.000000
0.051772228,4,122,snapshot,1024,1526,1.000000,1.000000,1.000000,{"1":1526},1.000000,0.000000,0.000000,0.000000,1.000000,0.000000,-1.000000
0.051772228,4,122,union,4096,2,1.000000,1.000000,1.000000,{"1":2},1.000000,0.000000,0.000000,0.000000,1.000000,0.000000,-1.000000
0.051772228,4,122,snapshot,4096,1526,1.000000,1.000000,1.000000,{"1":1526},1.000000,0.000000,0.000000,0.000000,1.000000,0.000000,-1.000000
0.051772228,4,122,union,16384,2,1.000000,1.000000,1.000000,{"1":2},1.000000,0.000000,0.000000,0.000000,1.000000,0.000000,-1.000000
0.051772228,4,122,snapshot,16384,424,0.811321,0.930425,0.811321,{"1":1526},0.811321,0.165094,0.023585,0.000000,0.811321,0.000000,0.000000
0.052008173,4,123,read_only,64,8,1.000000,1.000000,1.000000,{"1":8},1.000000,0.000000,0.000000,0.000000,1.000000,0.000000,-1.000000
0.052008173,4,123,union,64,8,1.000000,1.000000,1.000000,{"1":8},1.000000,0.000000,0.000000,0.000000,1.000000,0.000000,-1.000000
0.052008173,4,123,snapshot,64,1534,1.000000,1.000000,1.000000,{"1":1534},1.000000,0.000000,0.000000,0.000000,1.000000,0.000000,-1.000000
0.052008173,4,123,read_only,256,8,1.000000,1.000000,1.000000,{"1":8},1.000000,0.000000,0.000000,0.000000,1.000000,0.000000,-1.000000
0.052008173,4,123,union,256,8,1.000000,1.000000,1.000000,{"1":8},1.000000,0.000000,0.000000,0.000000,1.000000,0.000000,-1.000000
0.052008173,4,123,snapshot,256,1534,1.000000,1.000000,1.000000,{"1":1534},1.000000,0.000000,0.000000,0.000000,1.000000,0.000000,-1.000000
0.052008173,4,123,read_only,1024,8,1.000000,1.000000,1.000000,{"1":8},1.000000,0.000000,0.000000,0.000000,1.000000,0.000000,-1.000000
0.052008173,4,123,union,1024,8,1.000000,1.000000,1.000000,{"1":8},1.000000,0.000000,0.000000,0.000000,1.000000,0.000000,-1.000000
0.052008173,4,123,snapshot,1024,1534,1.000000,1.000000,1.000000,{"1":1534},1.000000,0.000000,0.000000,0.000000,1.000000,0.000000,-1.000000
0.052008173,4,123,read_only,4096,8,1.000000,1.000000,1.000000,{"1":8},1.000000,0.000000,0.000000,0.000000,1.000000,0.000000,-1.000000
0.052008173,4,123,union,4096,8,1.000000,1.000000,1.000000,{"1":8},1.000000,0.000000,0.000000,0.000000,1.000000,0.000000,-1.000000
0.052008173,4,123,snapshot,4096,1534,1.000000,1.000000,1.000000,{"1":1534},1.000000,0.000000,0.000000,0.000000,1.000000,0.000000,-1.000000
0.052008173,4,123,read_only,16384,3,0.666667,0.916667,0.666667,{"1":8},0.666667,0.333333,0.000000,0.000000,0.666667,0.000000,0.000000
0.052008173,4,123,union,16384,3,0.666667,0.916667,0.666667,{"1":8},0.666667,0.333333,0.000000,0.000000,0.666667,0.000000,0.000000
0.052008173,4,123,snapshot,16384,426,0.807512,0.929577,0.807512,{"1":1534},0.807512,0.169014,0.023474,0.000000,0.807512,0.000000,0.000000
0.052242119,4,124,snapshot,64,1534,1.000000,1.000000,1.000000,{"1":1534},1.000000,0.000000,0.000000,0.000000,1.000000,0.000000,-1.000000
0.052242119,4,124,snapshot,256,1534,1.000000,1.000000,1.000000,{"1":1534},1.000000,0.000000,0.000000,0.000000,1.000000,0.000000,-1.000000
0.052242119,4,124,snapshot,1024,1534,1.000000,1.000000,1.000000,{"1":1534},1.000000,0.000000,0.000000,0.000000,1.000000,0.000000,-1.000000
0.052242119,4,124,snapshot,4096,1534,1.000000,1.000000,1.000000,{"1":1534},1.000000,0.000000,0.000000,0.000000,1.000000,0.000000,-1.000000
0.052242119,4,124,snapshot,16384,426,0.807512,0.929577,0.807512,{"1":1534},0.807512,0.169014,0.023474,0.000000,0.807512,0.000000,0.000000
0.052476932,4,125,read_only,64,7,1.000000,1.000000,1.000000,{"1":7},1.000000,0.000000,0.000000,0.000000,1.000000,0.000000,-1.000000
0.052476932,4,125,union,64,7,1.000000,1.000000,1.000000,{"1":7},1.000000,0.000000,0.000000,0.000000,1.000000,0.000000,-1.000000
0.052476932,4,125,snapshot,64,1541,1.000000,1.000000,1.000000,{"1":1541},1.000000,0.000000,0.000000,0.000000,1.000000,0.000000,-1.000000
0.052476932,4,125,read_only,256,7,1.000000,1.000000,1.000000,{"1":7},1.000000,0.000000,0.000000,0.000000,1.000000,0.000000,-1.000000
0.052476932,4,125,union,256,7,1.000000,1.000000,1.000000,{"1":7},1.000000,0.000000,0.000000,0.000000,1.000000,0.000000,-1.000000
0.052476932,4,125,snapshot,256,1541,1.000000,1.000000,1.000000,{"1":1541},1.000000,0.000000,0.000000,0.000000,1.000000,0.000000,-1.000000
0.052476932,4,125,read_only,1024,7,1.000000,1.000000,1.000000,{"1":7},1.000000,0.000000,0.000000,0.000000,1.000000,0.000000,-1.000000
0.052476932,4,125,union,1024,7,1.000000,1.000000,1.000000,{"1":7},1.000000,0.000000,0.000000,0.000000,1.000000,0.000000,-1.000000
0.052476932,4,125,snapshot,1024,1541,1.000000,1.000000,1.000000,{"1":1541},1.000000,0.000000,0.000000,0.000000,1.000000,0.000000,-1.000000
0.052476932,4,125,read_only,4096,7,1.000000,1.000000,1.000000,{"1":7},1.000000,0.000000,0.000000,0.000000,1.000000,0.000000,-1.000000
0.052476932,4,125,union,4096,7,1.000000,1.000000,1.000000,{"1":7},1.000000,0.000000,0.000000,0.000000,1.000000,0.000000,-1.000000
0.052476932,4,125,snapshot,4096,1541,1.000000,1.000000,1.000000,{"1":1541},1.000000,0.000000,0.000000,0.000000,1.000000,0.000000,-1.000000
0.052476932,4,125,read_only,16384,2,0.500000,0.875000,0.500000,{"1":7},0.500000,0.500000,0.000000,0.000000,0.500000,0.000000,0.000000
0.052476932,4,125,union,16384,2,0.500000,0.875000,0.500000,{"1":7},0.500000,0.500000,0.000000,0.000000,0.500000,0.000000,0.000000
0.052476932,4,125,snapshot,16384,428,0.806075,0.929322,0.806075,{"1":1541},0.806075,0.170561,0.023364,0.000000,0.806075,0.000000,0.000000
0.052712773,4,126,union,64,1,1.000000,1.000000,1.000000,{"1":1},1.000000,0.000000,0.000000,0.000000,1.000000,0.000000,-1.000000
0.052712773,4,126,snapshot,64,1541,1.000000,1.000000,1.000000,{"1":1541},1.000000,0.000000,0.000000,0.000000,1.000000,0.000000,-1.000000
0.052712773,4,126,union,256,1,1.000000,1.000000,1.000000,{"1":1},1.000000,0.000000,0.000000,0.000000,1.000000,0.000000,-1.000000
0.052712773,4,126,snapshot,256,1541,1.000000,1.000000,1.000000,{"1":1541},1.000000,0.000000,0.000000,0.000000,1.000000,0.000000,-1.000000
0.052712773,4,126,union,1024,1,1.000000,1.000000,1.000000,{"1":1},1.000000,0.000000,0.000000,0.000000,1.000000,0.000000,-1.000000
0.052712773,4,126,snapshot,1024,1541,1.000000,1.000000,1.000000,{"1":1541},1.000000,0.000000,0.000000,0.000000,1.000000,0.000000,-1.000000
0.052712773,4,126,union,4096,1,1.000000,1.000000,1.000000,{"1":1},1.000000,0.000000,0.000000,0.000000,1.000000,0.000000,-1.000000
0.052712773,4,126,snapshot,4096,1541,1.000000,1.000000,1.000000,{"1":1541},1.000000,0.000000,0.000000,0.000000,1.000000,0.000000,-1.000000
0.052712773,4,126,union,16384,1,1.000000,1.000000,1.000000,{"1":1},1.000000,0.000000,0.000000,0.000000,1.000000,0.000000,-1.000000
0.052712773,4,126,snapshot,16384,428,0.806075,0.929322,0.806075,{"1":1541},0.806075,0.170561,0.023364,0.000000,0.806075,0.000000,0.000000
0.052942286,4,127,snapshot,64,1541,1.000000,1.000000,1.000000,{"1":1541},1.000000,0.000000,0.000000,0.000000,1.000000,0.000000,-1.000000
0.052942286,4,127,snapshot,256,1541,1.000000,1.000000,1.000000,{"1":1541},1.000000,0.000000,0.000000,0.000000,1.000000,0.000000,-1.000000
0.052942286,4,127,snapshot,1024,1541,1.000000,1.000000,1.000000,{"1":1541},1.000000,0.000000,0.000000,0.000000,1.000000,0.000000,-1.000000
0.052942286,4,127,snapshot,4096,1541,1.000000,1.000000,1.000000,{"1":1541},1.000000,0.000000,0.000000,0.000000,1.000000,0.000000,-1.000000
0.052942286,4,127,snapshot,16384,428,0.806075,0.929322,0.806075,{"1":1541},0.806075,0.170561,0.023364,0.000000,0.806075,0.000000,0.000000
0.053174611,4,128,snapshot,64,1541,1.000000,1.000000,1.000000,{"1":1541},1.000000,0.000000,0.000000,0.000000,1.000000,0.000000,-1.000000
0.053174611,4,128,snapshot,256,1541,1.000000,1.000000,1.000000,{"1":1541},1.000000,0.000000,0.000000,0.000000,1.000000,0.000000,-1.000000
0.053174611,4,128,snapshot,1024,1541,1.000000,1.000000,1.000000,{"1":1541},1.000000,0.000000,0.000000,0.000000,1.000000,0.000000,-1.000000
0.053174611,4,128,snapshot,4096,1541,1.000000,1.000000,1.000000,{"1":1541},1.000000,0.000000,0.000000,0.000000,1.000000,0.000000,-1.000000
0.053174611,4,128,snapshot,16384,428,0.806075,0.929322,0.806075,{"1":1541},0.806075,0.170561,0.023364,0.000000,0.806075,0.000000,0.000000
0.053406846,4,129,snapshot,64,1541,1.000000,1.000000,1.000000,{"1":1541},1.000000,0.000000,0.000000,0.000000,1.000000,0.000000,-1.000000
0.053406846,4,129,snapshot,256,1541,1.000000,1.000000,1.000000,{"1":1541},1.000000,0.000000,0.000000,0.000000,1.000000,0.000000,-1.000000
0.053406846,4,129,snapshot,1024,1541,1.000000,1.000000,1.000000,{"1":1541},1.000000,0.000000,0.000000,0.000000,1.000000,0.000000,-1.000000
0.053406846,4,129,snapshot,4096,1541,1.000000,1.000000,1.000000,{"1":1541},1.000000,0.000000,0.000000,0.000000,1.000000,0.000000,-1.000000
0.053406846,4,129,snapshot,16384,428,0.806075,0.929322,0.806075,{"1":1541},0.806075,0.170561,0.023364,0.000000,0.806075,0.000000,0.000000
0.053640655,4,130,snapshot,64,1541,1.000000,1.000000,1.000000,{"1":1541},1.000000,0.000000,0.000000,0.000000,1.000000,0.000000,-1.000000
0.053640655,4,130,snapshot,256,1541,1.000000,1.000000,1.000000,{"1":1541},1.000000,0.000000,0.000000,0.000000,1.000000,0.000000,-1.000000
0.053640655,4,130,snapshot,1024,1541,1.000000,1.000000,1.000000,{"1":1541},1.000000,0.000000,0.000000,0.000000,1.000000,0.000000,-1.000000
0.053640655,4,130,snapshot,4096,1541,1.000000,1.000000,1.000000,{"1":1541},1.000000,0.000000,0.000000,0.000000,1.000000,0.000000,-1.000000
0.053640655,4,130,snapshot,16384,428,0.806075,0.929322,0.806075,{"1":1541},0.806075,0.170561,0.023364,0.000000,0.806075,0.000000,0.000000
0.053897133,4,131,read_only,64,17,1.000000,1.000000,1.000000,{"1":17},1.000000,0.000000,0.000000,0.000000,1.000000,0.000000,-1.000000
0.053897133,4,131,union,64,17,1.000000,1.000000,1.000000,{"1":17},1.000000,0.000000,0.000000,0.000000,1.000000,0.000000,-1.000000
0.053897133,4,131,snapshot,64,1558,1.000000,1.000000,1.000000,{"1":1558},1.000000,0.000000,0.000000,0.000000,1.000000,0.000000,-1.000000
0.053897133,4,131,read_only,256,17,1.000000,1.000000,1.000000,{"1":17},1.000000,0.000000,0.000000,0.000000,1.000000,0.000000,-1.000000
0.053897133,4,131,union,256,17,1.000000,1.000000,1.000000,{"1":17},1.000000,0.000000,0.000000,0.000000,1.000000,0.000000,-1.000000
0.053897133,4,131,snapshot,256,1558,1.000000,1.000000,1.000000,{"1":1558},1.000000,0.000000,0.000000,0.000000,1.000000,0.000000,-1.000000
0.053897133,4,131,read_only,1024,17,1.000000,1.000000,1.000000,{"1":17},1.000000,0.000000,0.000000,0.000000,1.000000,0.000000,-1.000000
0.053897133,4,131,union,1024,17,1.000000,1.000000,1.000000,{"1":17},1.000000,0.000000,0.000000,0.000000,1.000000,0.000000,-1.000000
0.053897133,4,131,snapshot,1024,1558,1.000000,1.000000,1.000000,{"1":1558},1.000000,0.000000,0.000000,0.000000,1.000000,0.000000,-1.000000
0.053897133,4,131,read_only,4096,17,1.000000,1.000000,1.000000,{"1":17},1.000000,0.000000,0.000000,0.000000,1.000000,0.000000,-1.000000
0.053897133,4,131,union,4096,17,1.000000,1.000000,1.000000,{"1":17},1.000000,0.000000,0.000000,0.000000,1.000000,0.000000,-1.000000
0.053897133,4,131,snapshot,4096,1558,1.000000,1.000000,1.000000,{"1":1558},1.000000,0.000000,0.000000,0.000000,1.000000,0.000000,-1.000000
0.053897133,4,131,read_only,16384,6,0.833333,0.916667,0.833333,{"1":17},0.833333,0.166667,0.000000,0.000000,0.833333,0.000000,0.000000
0.053897133,4,131,union,16384,6,0.833333,0.916667,0.833333,{"1":17},0.833333,0.166667,0.000000,0.000000,0.833333,0.000000,0.000000
0.053897133,4,131,snapshot,16384,434,0.806452,0.929147,0.806452,{"1":1558},0.806452,0.170507,0.023041,0.000000,0.806452,0.000000,0.000000
0.054359532,4,132,read_only,64,76,1.000000,1.000000,1.000000,{"1":76},1.000000,0.000000,0.000000,0.000000,1.000000,0.000000,-1.000000
0.054359532,4,132,union,64,82,1.000000,1.000000,1.000000,{"1":82},1.000000,0.000000,0.000000,0.000000,1.000000,0.000000,-1.000000
0.054359532,4,132,snapshot,64,1634,1.000000,1.000000,1.000000,{"1":1634},1.000000,0.000000,0.000000,0.000000,1.000000,0.000000,-1.000000
0.054359532,4,132,read_only,256,76,1.000000,1.000000,1.000000,{"1":76},1.000000,0.000000,0.000000,0.000000,1.000000,0.000000,-1.000000
0.054359532,4,132,union,256,82,1.000000,1.000000,1.000000,{"1":82},1.000000,0.000000,0.000000,0.000000,1.000000,0.000000,-1.000000
0.054359532,4,132,snapshot,256,1634,1.000000,1.000000,1.000000,{"1":1634},1.000000,0.000000,0.000000,0.000000,1.000000,0.000000,-1.000000
0.054359532,4,132,read_only,1024,76,1.000000,1.000000,1.000000,{"1":76},1.000000,0.000000,0.000000,0.000000,1.000000,0.000000,-1.000000
0.054359532,4,132,union,1024,82,1.000000,1.000000,1.000000,{"1":82},1.000000,0.000000,0.000000,0.000000,1.000000,0.000000,-1.000000
0.054359532,4,132,snapshot,1024,1634,1.000000,1.000000,1.000000,{"1":1634},1.000000,0.000000,0.000000,0.000000,1.000000,0.000000,-1.000000
0.054359532,4,132,read_only,4096,76,1.000000,1.000000,1.000000,{"1":76},1.000000,0.000000,0.000000,0.000000,1.000000,0.000000,-1.000000
0.054359532,4,132,union,4096,82,1.000000,1.000000,1.000000,{"1":82},1.000000,0.000000,0.000000,0.000000,1.000000,0.000000,-1.000000
0.054359532,4,132,snapshot,4096,1634,1.000000,1.000000,1.000000,{"1":1634},1.000000,0.000000,0.000000,0.000000,1.000000,0.000000,-1.000000
0.054359532,4,132,read_only,16384,24,0.958333,0.989583,0.958333,{"1":76},0.958333,0.041667,0.000000,0.000000,0.958333,0.000000,0.000000
0.054359532,4,132,union,16384,28,0.964286,0.991071,0.964286,{"1":82},0.964286,0.035714,0.000000,0.000000,0.964286,0.000000,0.000000
0.054359532,4,132,snapshot,16384,456,0.811404,0.930921,0.811404,{"1":1634},0.811404,0.166667,0.021930,0.000000,0.811404,0.000000,0.000000
0.054686428,4,133,read_only,64,12,1.000000,1.000000,1.000000,{"1":12},1.000000,0.000000,0.000000,0.000000,1.000000,0.000000,-1.000000
0.054686428,4,133,union,64,12,1.000000,1.000000,1.000000,{"1":12},1.000000,0.000000,0.000000,0.000000,1.000000,0.000000,-1.000000
0.054686428,4,133,snapshot,64,1646,1.000000,1.000000,1.000000,{"1":1646},1.000000,0.000000,0.000000,0.000000,1.000000,0.000000,-1.000000
0.054686428,4,133,read_only,256,12,1.000000,1.000000,1.000000,{"1":12},1.000000,0.000000,0.000000,0.000000,1.000000,0.000000,-1.000000
0.054686428,4,133,union,256,12,1.000000,1.000000,1.000000,{"1":12},1.000000,0.000000,0.000000,0.000000,1.000000,0.000000,-1.000000
0.054686428,4,133,snapshot,256,1646,1.000000,1.000000,1.000000,{"1":1646},1.000000,0.000000,0.000000,0.000000,1.000000,0.000000,-1.000000
0.054686428,4,133,read_only,1024,12,1.000000,1.000000,1.000000,{"1":12},1.000000,0.000000,0.000000,0.000000,1.000000,0.000000,-1.000000
0.054686428,4,133,union,1024,12,1.000000,1.000000,1.000000,{"1":12},1.000000,0.000000,0.000000,0.000000,1.000000,0.000000,-1.000000
0.054686428,4,133,snapshot,1024,1646,1.000000,1.000000,1.000000,{"1":1646},1.000000,0.000000,0.000000,0.000000,1.000000,0.000000,-1.000000
0.054686428,4,133,read_only,4096,12,1.000000,1.000000,1.000000,{"1":12},1.000000,0.000000,0.000000,0.000000,1.000000,0.000000,-1.000000
0.054686428,4,133,union,4096,12,1.000000,1.000000,1.000000,{"1":12},1.000000,0.000000,0.000000,0.000000,1.000000,0.000000,-1.000000
0.054686428,4,133,snapshot,4096,1646,1.000000,1.000000,1.000000,{"1":1646},1.000000,0.000000,0.000000,0.000000,1.000000,0.000000,-1.000000
0.054686428,4,133,read_only,16384,9,1.000000,1.000000,1.000000,{"1":12},1.000000,0.000000,0.000000,0.000000,1.000000,0.000000,-1.000000
0.054686428,4,133,union,16384,9,1.000000,1.000000,1.000000,{"1":12},1.000000,0.000000,0.000000,0.000000,1.000000,0.000000,-1.000000
0.054686428,4,133,snapshot,16384,457,0.811816,0.931072,0.811816,{"1":1646},0.811816,0.166302,0.021882,0.000000,0.811816,0.000000,0.000000
0.054926589,4,134,read_only,64,24,1.000000,1.000000,1.000000,{"1":24},1.000000,0.000000,0.000000,0.000000,1.000000,0.000000,-1.000000
0.054926589,4,134,union,64,24,1.000000,1.000000,1.000000,{"1":24},1.000000,0.000000,0.000000,0.000000,1.000000,0.000000,-1.000000
0.054926589,4,134,snapshot,64,1670,1.000000,1.000000,1.000000,{"1":1670},1.000000,0.000000,0.000000,0.000000,1.000000,0.000000,-1.000000
0.054926589,4,134,read_only,256,24,1.000000,1.000000,1.000000,{"1":24},1.000000,0.000000,0.000000,0.000000,1.000000,0.000000,-1.000000
0.054926589,4,134,union,256,24,1.000000,1.000000,1.000000,{"1":24},1.000000,0.000000,0.000000,0.000000,1.000000,0.000000,-1.000000
0.054926589,4,134,snapshot,256,1670,1.000000,1.000000,1.000000,{"1":1670},1.000000,0.000000,0.000000,0.000000,1.000000,0.000000,-1.000000
0.054926589,4,134,read_only,1024,24,1.000000,1.000000,1.000000,{"1":24},1.000000,0.000000,0.000000,0.000000,1.000000,0.000000,-1.000000
0.054926589,4,134,union,1024,24,1.000000,1.000000,1.000000,{"1":24},1.000000,0.000000,0.000000,0.000000,1.000000,0.000000,-1.000000
0.054926589,4,134,snapshot,1024,1670,1.000000,1.000000,1.000000,{"1":1670},1.000000,0.000000,0.000000,0.000000,1.000000,0.000000,-1.000000
0.054926589,4,134,read_only,4096,24,1.000000,1.000000,1.000000,{"1":24},1.000000,0.000000,0.000000,0.000000,1.000000,0.000000,-1.000000
0.054926589,4,134,union,4096,24,1.000000,1.000000,1.000000,{"1":24},1.000000,0.000000,0.000000,0.000000,1.000000,0.000000,-1.000000
0.054926589,4,134,snapshot,4096,1670,1.000000,1.000000,1.000000,{"1":1670},1.000000,0.000000,0.000000,0.000000,1.000000,0.000000,-1.000000
0.054926589,4,134,read_only,16384,15,1.000000,1.000000,1.000000,{"1":24},1.000000,0.000000,0.000000,0.000000,1.000000,0.000000,-1.000000
0.054926589,4,134,union,16384,15,1.000000,1.000000,1.000000,{"1":24},1.000000,0.000000,0.000000,0.000000,1.000000,0.000000,-1.000000
0.054926589,4,134,snapshot,16384,472,0.817797,0.933263,0.817797,{"1":1670},0.817797,0.161017,0.021186,0.000000,0.817797,0.000000,0.000000
0.055590522,4,135,read_only,64,197,1.000000,1.000000,1.000000,{"1":197},1.000000,0.000000,0.000000,0.000000,1.000000,0.000000,-1.000000
0.055590522,4,135,union,64,215,1.000000,1.000000,1.000000,{"1":215},1.000000,0.000000,0.000000,0.000000,1.000000,0.000000,-1.000000
0.055590522,4,135,snapshot,64,1879,1.000000,1.000000,1.000000,{"1":1879},1.000000,0.000000,0.000000,0.000000,1.000000,0.000000,-1.000000
0.055590522,4,135,read_only,256,197,1.000000,1.000000,1.000000,{"1":197},1.000000,0.000000,0.000000,0.000000,1.000000,0.000000,-1.000000
0.055590522,4,135,union,256,215,1.000000,1.000000,1.000000,{"1":215},1.000000,0.000000,0.000000,0.000000,1.000000,0.000000,-1.000000
0.055590522,4,135,snapshot,256,1879,1.000000,1.000000,1.000000,{"1":1879},1.000000,0.000000,0.000000,0.000000,1.000000,0.000000,-1.000000
0.055590522,4,135,read_only,1024,197,1.000000,1.000000,1.000000,{"1":197},1.000000,0.000000,0.000000,0.000000,1.000000,0.000000,-1.000000
0.055590522,4,135,union,1024,215,1.000000,1.000000,1.000000,{"1":215},1.000000,0.000000,0.000000,0.000000,1.000000,0.000000,-1.000000
0.055590522,4,135,snapshot,1024,1879,1.000000,1.000000,1.000000,{"1":1879},1.000000,0.000000,0.000000,0.000000,1.000000,0.000000,-1.000000
0.055590522,4,135,read_only,4096,197,1.000000,1.000000,1.000000,{"1":197},1.000000,0.000000,0.000000,0.000000,1.000000,0.000000,-1.000000
0.055590522,4,135,union,4096,215,1.000000,1.000000,1.000000,{"1":215},1.000000,0.000000,0.000000,0.000000,1.000000,0.000000,-1.000000
0.055590522,4,135,snapshot,4096,1879,1.000000,1.000000,1.000000,{"1":1879},1.000000,0.000000,0.000000,0.000000,1.000000,0.000000,-1.000000
0.055590522,4,135,read_only,16384,59,0.796610,0.936441,0.796610,{"1":197},0.796610,0.203390,0.000000,0.000000,0.796610,0.000000,0.000000
0.055590522,4,135,union,16384,60,0.783333,0.937500,0.783333,{"1":215},0.783333,0.216667,0.000000,0.000000,0.783333,0.000000,0.000000
0.055590522,4,135,snapshot,16384,518,0.808880,0.932432,0.808880,{"1":1879},0.808880,0.171815,0.019305,0.000000,0.808880,0.000000,0.000000
0.055975962,4,136,read_only,64,53,1.000000,1.000000,1.000000,{"1":53},1.000000,0.000000,0.000000,0.000000,1.000000,0.000000,-1.000000
0.055975962,4,136,union,64,100,1.000000,1.000000,1.000000,{"1":100},1.000000,0.000000,0.000000,0.000000,1.000000,0.000000,-1.000000
0.055975962,4,136,snapshot,64,1933,1.000000,1.000000,1.000000,{"1":1933},1.000000,0.000000,0.000000,0.000000,1.000000,0.000000,-1.000000
0.055975962,4,136,read_only,256,53,1.000000,1.000000,1.000000,{"1":53},1.000000,0.000000,0.000000,0.000000,1.000000,0.000000,-1.000000
0.055975962,4,136,union,256,100,1.000000,1.000000,1.000000,{"1":100},1.000000,0.000000,0.000000,0.000000,1.000000,0.000000,-1.000000
0.055975962,4,136,snapshot,256,1933,1.000000,1.000000,1.000000,{"1":1933},1.000000,0.000000,0.000000,0.000000,1.000000,0.000000,-1.000000
0.055975962,4,136,read_only,1024,53,1.000000,1.000000,1.000000,{"1":53},1.000000,0.000000,0.000000,0.000000,1.000000,0.000000,-1.000000
0.055975962,4,136,union,1024,100,1.000000,1.000000,1.000000,{"1":100},1.000000,0.000000,0.000000,0.000000,1.000000,0.000000,-1.000000
0.055975962,4,136,snapshot,1024,1933,1.000000,1.000000,1.000000,{"1":1933},1.000000,0.000000,0.000000,0.000000,1.000000,0.000000,-1.000000
0.055975962,4,136,read_only,4096,53,1.000000,1.000000,1.000000,{"1":53},1.000000,0.000000,0.000000,0.000000,1.000000,0.000000,-1.000000
0.055975962,4,136,union,4096,100,1.000000,1.000000,1.000000,{"1":100},1.000000,0.000000,0.000000,0.000000,1.000000,0.000000,-1.000000
0.055975962,4,136,snapshot,4096,1933,1.000000,1.000000,1.000000,{"1":1933},1.000000,0.000000,0.000000,0.000000,1.000000,0.000000,-1.000000
0.055975962,4,136,read_only,16384,20,0.350000,0.683333,0.350000,{"1":53},0.350000,0.550000,0.100000,0.000000,0.350000,0.000000,0.000000
0.055975962,4,136,union,16384,42,0.690476,0.845238,0.690476,{"1":100},0.690476,0.238095,0.071429,0.000000,0.690476,0.000000,0.000000
0.055975962,4,136,snapshot,16384,537,0.793296,0.923495,0.793296,{"1":1933},0.793296,0.182495,0.024209,0.000000,0.793296,0.000000,0.000000
0.057050896,4,137,read_only,64,177,1.000000,1.000000,1.000000,{"1":177},1.000000,0.000000,0.000000,0.000000,1.000000,0.000000,-1.000000
0.057050896,4,137,union,64,223,1.000000,1.000000,1.000000,{"1":223},1.000000,0.000000,0.000000,0.000000,1.000000,0.000000,-1.000000
0.057050896,4,137,snapshot,64,2110,1.000000,1.000000,1.000000,{"1":2110},1.000000,0.000000,0.000000,0.000000,1.000000,0.000000,-1.000000
0.057050896,4,137,read_only,256,177,1.000000,1.000000,1.000000,{"1":177},1.000000,0.000000,0.000000,0.000000,1.000000,0.000000,-1.000000
0.057050896,4,137,union,256,223,1.000000,1.000000,1.000000,{"1":223},1.000000,0.000000,0.000000,0.000000,1.000000,0.000000,-1.000000
0.057050896,4,137,snapshot,256,2110,1.000000,1.000000,1.000000,{"1":2110},1.000000,0.000000,0.000000,0.000000,1.000000,0.000000,-1.000000
0.057050896,4,137,read_only,1024,177,1.000000,1.000000,1.000000,{"1":177},1.000000,0.000000,0.000000,0.000000,1.000000,0.000000,-1.000000
0.057050896,4,137,union,1024,223,1.000000,1.000000,1.000000,{"1":223},1.000000,0.000000,0.000000,0.000000,1.000000,0.000000,-1.000000
0.057050896,4,137,snapshot,1024,2110,1.000000,1.000000,1.000000,{"1":2110},1.000000,0.000000,0.000000,0.000000,1.000000,0.000000,-1.000000
0.057050896,4,137,read_only,4096,177,1.000000,1.000000,1.000000,{"1":177},1.000000,0.000000,0.000000,0.000000,1.000000,0.000000,-1.000000
0.057050896,4,137,union,4096,223,1.000000,1.000000,1.000000,{"1":223},1.000000,0.000000,0.000000,0.000000,1.000000,0.000000,-1.000000
0.057050896,4,137,snapshot,4096,2110,1.000000,1.000000,1.000000,{"1":2110},1.000000,0.000000,0.000000,0.000000,1.000000,0.000000,-1.000000
0.057050896,4,137,read_only,16384,50,0.920000,0.975000,0.920000,{"1":177},0.920000,0.080000,0.000000,0.000000,0.920000,0.000000,0.000000
0.057050896,4,137,union,16384,71,0.929577,0.975352,0.929577,{"1":223},0.929577,0.070423,0.000000,0.000000,0.929577,0.000000,0.000000
0.057050896,4,137,snapshot,16384,583,0.806175,0.927816,0.806175,{"1":2110},0.806175,0.168096,0.025729,0.000000,0.806175,0.000000,0.000000
0.057287341,4,138,snapshot,64,2110,1.000000,1.000000,1.000000,{"1":2110},1.000000,0.000000,0.000000,0.000000,1.000000,0.000000,-1.000000
0.057287341,4,138,snapshot,256,2110,1.000000,1.000000,1.000000,{"1":2110},1.000000,0.000000,0.000000,0.000000,1.000000,0.000000,-1.000000
0.057287341,4,138,snapshot,1024,2110,1.000000,1.000000,1.000000,{"1":2110},1.000000,0.000000,0.000000,0.000000,1.000000,0.000000,-1.000000
0.057287341,4,138,snapshot,4096,2110,1.000000,1.000000,1.000000,{"1":2110},1.000000,0.000000,0.000000,0.000000,1.000000,0.000000,-1.000000
0.057287341,4,138,snapshot,16384,583,0.806175,0.927816,0.806175,{"1":2110},0.806175,0.168096,0.025729,0.000000,0.806175,0.000000,0.000000
0.057524553,4,139,read_only,64,39,1.000000,1.000000,1.000000,{"1":39},1.000000,0.000000,0.000000,0.000000,1.000000,0.000000,-1.000000
0.057524553,4,139,union,64,39,1.000000,1.000000,1.000000,{"1":39},1.000000,0.000000,0.000000,0.000000,1.000000,0.000000,-1.000000
0.057524553,4,139,snapshot,64,2149,1.000000,1.000000,1.000000,{"1":2149},1.000000,0.000000,0.000000,0.000000,1.000000,0.000000,-1.000000
0.057524553,4,139,read_only,256,39,1.000000,1.000000,1.000000,{"1":39},1.000000,0.000000,0.000000,0.000000,1.000000,0.000000,-1.000000
0.057524553,4,139,union,256,39,1.000000,1.000000,1.000000,{"1":39},1.000000,0.000000,0.000000,0.000000,1.000000,0.000000,-1.000000
0.057524553,4,139,snapshot,256,2149,1.000000,1.000000,1.000000,{"1":2149},1.000000,0.000000,0.000000,0.000000,1.000000,0.000000,-1.000000
0.057524553,4,139,read_only,1024,39,1.000000,1.000000,1.000000,{"1":39},1.000000,0.000000,0.000000,0.000000,1.000000,0.000000,-1.000000
0.057524553,4,139,union,1024,39,1.000000,1.000000,1.000000,{"1":39},1.000000,0.000000,0.000000,0.000000,1.000000,0.000000,-1.000000
0.057524553,4,139,snapshot,1024,2149,1.000000,1.000000,1.000000,{"1":2149},1.000000,0.000000,0.000000,0.000000,1.000000,0.000000,-1.000000
0.057524553,4,139,read_only,4096,39,1.000000,1.000000,1.000000,{"1":39},1.000000,0.000000,0.000000,0.000000,1.000000,0.000000,-1.000000
0.057524553,4,139,union,4096,39,1.000000,1.000000,1.000000,{"1":39},1.000000,0.000000,0.000000,0.000000,1.000000,0.000000,-1.000000
0.057524553,4,139,snapshot,4096,2149,1.000000,1.000000,1.000000,{"1":2149},1.000000,0.000000,0.000000,0.000000,1.000000,0.000000,-1.000000
0.057524553,4,139,read_only,16384,17,1.000000,1.000000,1.000000,{"1":39},1.000000,0.000000,0.000000,0.000000,1.000000,0.000000,-1.000000
0.057524553,4,139,union,16384,17,1.000000,1.000000,1.000000,{"1":39},1.000000,0.000000,0.000000,0.000000,1.000000,0.000000,-1.000000
0.057524553,4,139,snapshot,16384,600,0.811667,0.929861,0.811667,{"1":2149},0.811667,0.163333,0.025000,0.000000,0.811667,0.000000,0.000000
0.057768592,4,140,read_only,64,42,1.000000,1.000000,1.000000,{"1":42},1.000000,0.000000,0.000000,0.000000,1.000000,0.000000,-1.000000
0.057768592,4,140,union,64,42,1.000000,1.000000,1.000000,{"1":42},1.000000,0.000000,0.000000,0.000000,1.000000,0.000000,-1.000000
0.057768592,4,140,snapshot,64,2191,1.000000,1.000000,1.000000,{"1":2191},1.000000,0.000000,0.000000,0.000000,1.000000,0.000000,-1.000000
0.057768592,4,140,read_only,256,42,1.000000,1.000000,1.000000,{"1":42},1.000000,0.000000,0.000000,0.000000,1.000000,0.000000,-1.000000
0.057768592,4,140,union,256,42,1.000000,1.000000,1.000000,{"1":42},1.000000,0.000000,0.000000,0.000000,1.000000,0.000000,-1.000000
0.057768592,4,140,snapshot,256,2191,1.000000,1.000000,1.000000,{"1":2191},1.000000,0.000000,0.000000,0.000000,1.000000,0.000000,-1.000000
0.057768592,4,140,read_only,1024,42,1.000000,1.000000,1.000000,{"1":42},1.000000,0.000000,0.000000,0.000000,1.000000,0.000000,-1.000000
0.057768592,4,140,union,1024,42,1.000000,1.000000,1.000000,{"1":42},1.000000,0.000000,0.000000,0.000000,1.000000,0.000000,-1.000000
0.057768592,4,140,snapshot,1024,2191,1.000000,1.000000,1.000000,{"1":2191},1.000000,0.000000,0.000000,0.000000,1.000000,0.000000,-1.000000
0.057768592,4,140,read_only,4096,42,1.000000,1.000000,1.000000,{"1":42},1.000000,0.000000,0.000000,0.000000,1.000000,0.000000,-1.000000
0.057768592,4,140,union,4096,42,1.000000,1.000000,1.000000,{"1":42},1.000000,0.000000,0.000000,0.000000,1.000000,0.000000,-1.000000
0.057768592,4,140,snapshot,4096,2191,1.000000,1.000000,1.000000,{"1":2191},1.000000,0.000000,0.000000,0.000000,1.000000,0.000000,-1.000000
0.057768592,4,140,read_only,16384,15,1.000000,1.000000,1.000000,{"1":42},1.000000,0.000000,0.000000,0.000000,1.000000,0.000000,-1.000000
0.057768592,4,140,union,16384,15,1.000000,1.000000,1.000000,{"1":42},1.000000,0.000000,0.000000,0.000000,1.000000,0.000000,-1.000000
0.057768592,4,140,snapshot,16384,610,0.814754,0.931011,0.814754,{"1":2191},0.814754,0.160656,0.024590,0.000000,0.814754,0.000000,0.000000
0.058019496,4,141,read_only,64,23,1.000000,1.000000,1.000000,{"1":23},1.000000,0.000000,0.000000,0.000000,1.000000,0.000000,-1.000000
0.058019496,4,141,union,64,24,1.000000,1.000000,1.000000,{"1":24},1.000000,0.000000,0.000000,0.000000,1.000000,0.000000,-1.000000
0.058019496,4,141,snapshot,64,2214,1.000000,1.000000,1.000000,{"1":2214},1.000000,0.000000,0.000000,0.000000,1.000000,0.000000,-1.000000
0.058019496,4,141,read_only,256,23,1.000000,1.000000,1.000000,{"1":23},1.000000,0.000000,0.000000,0.000000,1.000000,0.000000,-1.000000
0.058019496,4,141,union,256,24,1.000000,1.000000,1.000000,{"1":24},1.000000,0.000000,0.000000,0.000000,1.000000,0.000000,-1.000000
0.058019496,4,141,snapshot,256,2214,1.000000,1.000000,1.000000,{"1":2214},1.000000,0.000000,0.000000,0.000000,1.000000,0.000000,-1.000000
0.058019496,4,141,read_only,1024,23,1.000000,1.000000,1.000000,{"1":23},1.000000,0.000000,0.000000,0.000000,1.000000,0.000000,-1.000000
0.058019496,4,141,union,1024,24,1.000000,1.000000,1.000000,{"1":24},1.000000,0.000000,0.000000,0.000000,1.000000,0.000000,-1.000000
0.058019496,4,141,snapshot,1024,2214,1.000000,1.000000,1.000000,{"1":2214},1.000000,0.000000,0.000000,0.000000,1.000000,0.000000,-1.000000
0.058019496,4,141,read_only,4096,23,1.000000,1.000000,1.000000,{"1":23},1.000000,0.000000,0.000000,0.000000,1.000000,0.000000,-1.000000
0.058019496,4,141,union,4096,24,1.000000,1.000000,1.000000,{"1":24},1.000000,0.000000,0.000000,0.000000,1.000000,0.000000,-1.000000
0.058019496,4,141,snapshot,4096,2214,1.000000,1.000000,1.000000,{"1":2214},1.000000,0.000000,0.000000,0.000000,1.000000,0.000000,-1.000000
0.058019496,4,141,read_only,16384,9,0.888889,0.962963,0.888889,{"1":23},0.888889,0.111111,0.000000,0.000000,0.888889,0.000000,0.000000
0.058019496,4,141,union,16384,10,0.900000,0.966667,0.900000,{"1":24},0.900000,0.100000,0.000000,0.000000,0.900000,0.000000,0.000000
0.058019496,4,141,snapshot,16384,615,0.811382,0.930217,0.811382,{"1":2214},0.811382,0.164228,0.024390,0.000000,0.811382,0.000000,0.000000
0.058258137,4,142,snapshot,64,2214,1.000000,1.000000,1.000000,{"1":2214},1.000000,0.000000,0.000000,0.000000,1.000000,0.000000,-1.000000
0.058258137,4,142,snapshot,256,2214,1.000000,1.000000,1.000000,{"1":2214},1.000000,0.000000,0.000000,0.000000,1.000000,0.000000,-1.000000
0.058258137,4,142,snapshot,1024,2214,1.000000,1.000000,1.000000,{"1":2214},1.000000,0.000000,0.000000,0.000000,1.000000,0.000000,-1.000000
0.058258137,4,142,snapshot,4096,2214,1.000000,1.000000,1.000000,{"1":2214},1.000000,0.000000,0.000000,0.000000,1.000000,0.000000,-1.000000
0.058258137,4,142,snapshot,16384,615,0.811382,0.930217,0.811382,{"1":2214},0.811382,0.164228,0.024390,0.000000,0.811382,0.000000,0.000000
0.058593426,4,143,read_only,64,11,1.000000,1.000000,1.000000,{"1":11},1.000000,0.000000,0.000000,0.000000,1.000000,0.000000,-1.000000
0.058593426,4,143,union,64,22,1.000000,1.000000,1.000000,{"1":22},1.000000,0.000000,0.000000,0.000000,1.000000,0.000000,-1.000000
0.058593426,4,143,snapshot,64,2227,1.000000,1.000000,1.000000,{"1":2227},1.000000,0.000000,0.000000,0.000000,1.000000,0.000000,-1.000000
0.058593426,4,143,read_only,256,11,1.000000,1.000000,1.000000,{"1":11},1.000000,0.000000,0.000000,0.000000,1.000000,0.000000,-1.000000
0.058593426,4,143,union,256,22,1.000000,1.000000,1.000000,{"1":22},1.000000,0.000000,0.000000,0.000000,1.000000,0.000000,-1.000000
0.058593426,4,143,snapshot,256,2227,1.000000,1.000000,1.000000,{"1":2227},1.000000,0.000000,0.000000,0.000000,1.000000,0.000000,-1.000000
0.058593426,4,143,read_only,1024,11,1.000000,1.000000,1.000000,{"1":11},1.000000,0.000000,0.000000,0.000000,1.000000,0.000000,-1.000000
0.058593426,4,143,union,1024,22,1.000000,1.000000,1.000000,{"1":22},1.000000,0.000000,0.000000,0.000000,1.000000,0.000000,-1.000000
0.058593426,4,143,snapshot,1024,2227,1.000000,1.000000,1.000000,{"1":2227},1.000000,0.000000,0.000000,0.000000,1.000000,0.000000,-1.000000
0.058593426,4,143,read_only,4096,11,1.000000,1.000000,1.000000,{"1":11},1.000000,0.000000,0.000000,0.000000,1.000000,0.000000,-1.000000
0.058593426,4,143,union,4096,22,1.000000,1.000000,1.000000,{"1":22},1.000000,0.000000,0.000000,0.000000,1.000000,0.000000,-1.000000
0.058593426,4,143,snapshot,4096,2227,1.000000,1.000000,1.000000,{"1":2227},1.000000,0.000000,0.000000,0.000000,1.000000,0.000000,-1.000000
0.058593426,4,143,read_only,16384,7,0.714286,0.857143,0.714286,{"1":11},0.714286,0.285714,0.000000,0.000000,0.714286,0.000000,0.000000
0.058593426,4,143,union,16384,11,0.818182,0.924242,0.818182,{"1":22},0.818182,0.181818,0.000000,0.000000,0.818182,0.000000,0.000000
0.058593426,4,143,snapshot,16384,618,0.810680,0.929342,0.810680,{"1":2227},0.810680,0.165049,0.024272,0.000000,0.810680,0.000000,0.000000
0.058824715,4,144,snapshot,64,2227,1.000000,1.000000,1.000000,{"1":2227},1.000000,0.000000,0.000000,0.000000,1.000000,0.000000,-1.000000
0.058824715,4,144,snapshot,256,2227,1.000000,1.000000,1.000000,{"1":2227},1.000000,0.000000,0.000000,0.000000,1.000000,0.000000,-1.000000
0.058824715,4,144,snapshot,1024,2227,1.000000,1.000000,1.000000,{"1":2227},1.000000,0.000000,0.000000,0.000000,1.000000,0.000000,-1.000000
0.058824715,4,144,snapshot,4096,2227,1.000000,1.000000,1.000000,{"1":2227},1.000000,0.000000,0.000000,0.000000,1.000000,0.000000,-1.000000
0.058824715,4,144,snapshot,16384,618,0.810680,0.929342,0.810680,{"1":2227},0.810680,0.165049,0.024272,0.000000,0.810680,0.000000,0.000000
0.059062744,4,145,read_only,64,3,1.000000,1.000000,1.000000,{"1":3},1.000000,0.000000,0.000000,0.000000,1.000000,0.000000,-1.000000
0.059062744,4,145,union,64,3,1.000000,1.000000,1.000000,{"1":3},1.000000,0.000000,0.000000,0.000000,1.000000,0.000000,-1.000000
0.059062744,4,145,snapshot,64,2230,1.000000,1.000000,1.000000,{"1":2230},1.000000,0.000000,0.000000,0.000000,1.000000,0.000000,-1.000000
0.059062744,4,145,read_only,256,3,1.000000,1.000000,1.000000,{"1":3},1.000000,0.000000,0.000000,0.000000,1.000000,0.000000,-1.000000
0.059062744,4,145,union,256,3,1.000000,1.000000,1.000000,{"1":3},1.000000,0.000000,0.000000,0.000000,1.000000,0.000000,-1.000000
0.059062744,4,145,snapshot,256,2230,1.000000,1.000000,1.000000,{"1":2230},1.000000,0.000000,0.000000,0.000000,1.000000,0.000000,-1.000000
0.059062744,4,145,read_only,1024,3,1.000000,1.000000,1.000000,{"1":3},1.000000,0.000000,0.000000,0.000000,1.000000,0.000000,-1.000000
0.059062744,4,145,union,1024,3,1.000000,1.000000,1.000000,{"1":3},1.000000,0.000000,0.000000,0.000000,1.000000,0.000000,-1.000000
0.059062744,4,145,snapshot,1024,2230,1.000000,1.000000,1.000000,{"1":2230},1.000000,0.000000,0.000000,0.000000,1.000000,0.000000,-1.000000
0.059062744,4,145,read_only,4096,3,1.000000,1.000000,1.000000,{"1":3},1.000000,0.000000,0.000000,0.000000,1.000000,0.000000,-1.000000
0.059062744,4,145,union,4096,3,1.000000,1.000000,1.000000,{"1":3},1.000000,0.000000,0.000000,0.000000,1.000000,0.000000,-1.000000
0.059062744,4,145,snapshot,4096,2230,1.000000,1.000000,1.000000,{"1":2230},1.000000,0.000000,0.000000,0.000000,1.000000,0.000000,-1.000000
0.059062744,4,145,read_only,16384,2,1.000000,1.000000,1.000000,{"1":3},1.000000,0.000000,0.000000,0.000000,1.000000,0.000000,-1.000000
0.059062744,4,145,union,16384,2,1.000000,1.000000,1.000000,{"1":3},1.000000,0.000000,0.000000,0.000000,1.000000,0.000000,-1.000000
0.059062744,4,145,snapshot,16384,620,0.811290,0.929570,0.811290,{"1":2230},0.811290,0.164516,0.024194,0.000000,0.811290,0.000000,0.000000
0.059507393,4,146,read_only,64,39,1.000000,1.000000,1.000000,{"1":39},1.000000,0.000000,0.000000,0.000000,1.000000,0.000000,-1.000000
0.059507393,4,146,union,64,40,1.000000,1.000000,1.000000,{"1":40},1.000000,0.000000,0.000000,0.000000,1.000000,0.000000,-1.000000
0.059507393,4,146,snapshot,64,2269,1.000000,1.000000,1.000000,{"1":2269},1.000000,0.000000,0.000000,0.000000,1.000000,0.000000,-1.000000
0.059507393,4,146,read_only,256,39,1.000000,1.000000,1.000000,{"1":39},1.000000,0.000000,0.000000,0.000000,1.000000,0.000000,-1.000000
0.059507393,4,146,union,256,40,1.000000,1.000000,1.000000,{"1":40},1.000000,0.000000,0.000000,0.000000,1.000000,0.000000,-1.000000
0.059507393,4,146,snapshot,256,2269,1.000000,1.000000,1.000000,{"1":2269},1.000000,0.000000,0.000000,0.000000,1.000000,0.000000,-1.000000
0.059507393,4,146,read_only,1024,39,1.000000,1.000000,1.000000,{"1":39},1.000000,0.000000,0.000000,0.000000,1.000000,0.000000,-1.000000
0.059507393,4,146,union,1024,40,1.000000,1.000000,1.000000,{"1":40},1.000000,0.000000,0.000000,0.000000,1.000000,0.000000,-1.000000
0.059507393,4,146,snapshot,1024,2269,1.000000,1.000000,1.000000,{"1":2269},1.000000,0.000000,0.000000,0.000000,1.000000,0.000000,-1.000000
0.059507393,4,146,read_only,4096,39,1.000000,1.000000,1.000000,{"1":39},1.000000,0.000000,0.000000,0.000000,1.000000,0.000000,-1.000000
0.059507393,4,146,union,4096,40,1.000000,1.000000,1.000000,{"1":40},1.000000,0.000000,0.000000,0.000000,1.000000,0.000000,-1.000000
0.059507393,4,146,snapshot,4096,2269,1.000000,1.000000,1.000000,{"1":2269},1.000000,0.000000,0.000000,0.000000,1.000000,0.000000,-1.000000
0.059507393,4,146,read_only,16384,14,0.714286,0.892857,0.714286,{"1":39},0.714286,0.285714,0.000000,0.000000,0.714286,0.000000,0.000000
0.059507393,4,146,union,16384,15,0.733333,0.900000,0.733333,{"1":40},0.733333,0.266667,0.000000,0.000000,0.733333,0.000000,0.000000
0.059507393,4,146,snapshot,16384,631,0.808241,0.928420,0.808241,{"1":2269},0.808241,0.167987,0.023772,0.000000,0.808241,0.000000,0.000000
0.059887733,4,147,read_only,64,7,1.000000,1.000000,1.000000,{"1":7},1.000000,0.000000,0.000000,0.000000,1.000000,0.000000,-1.000000
0.059887733,4,147,union,64,8,1.000000,1.000000,1.000000,{"1":8},1.000000,0.000000,0.000000,0.000000,1.000000,0.000000,-1.000000
0.059887733,4,147,snapshot,64,2276,1.000000,1.000000,1.000000,{"1":2276},1.000000,0.000000,0.000000,0.000000,1.000000,0.000000,-1.000000
0.059887733,4,147,read_only,256,7,1.000000,1.000000,1.000000,{"1":7},1.000000,0.000000,0.000000,0.000000,1.000000,0.000000,-1.000000
0.059887733,4,147,union,256,8,1.000000,1.000000,1.000000,{"1":8},1.000000,0.000000,0.000000,0.000000,1.000000,0.000000,-1.000000
0.059887733,4,147,snapshot,256,2276,1.000000,1.000000,1.000000,{"1":2276},1.000000,0.000000,0.000000,0.000000,1.000000,0.000000,-1.000000
0.059887733,4,147,read_only,1024,7,1.000000,1.000000,1.000000,{"1":7},1.000000,0.000000,0.000000,0.000000,1.000000,0.000000,-1.000000
0.059887733,4,147,union,1024,8,1.000000,1.000000,1.000000,{"1":8},1.000000,0.000000,0.000000,0.000000,1.000000,0.000000,-1.000000
0.059887733,4,147,snapshot,1024,2276,1.000000,1.000000,1.000000,{"1":2276},1.000000,0.000000,0.000000,0.000000,1.000000,0.000000,-1.000000
0.059887733,4,147,read_only,4096,7,1.000000,1.000000,1.000000,{"1":7},1.000000,0.000000,0.000000,0.000000,1.000000,0.000000,-1.000000
0.059887733,4,147,union,4096,8,1.000000,1.000000,1.000000,{"1":8},1.000000,0.000000,0.000000,0.000000,1.000000,0.000000,-1.000000
0.059887733,4,147,snapshot,4096,2276,1.000000,1.000000,1.000000,{"1":2276},1.000000,0.000000,0.000000,0.000000,1.000000,0.000000,-1.000000
0.059887733,4,147,read_only,16384,5,1.000000,1.000000,1.000000,{"1":7},1.000000,0.000000,0.000000,0.000000,1.000000,0.000000,-1.000000
0.059887733,4,147,union,16384,6,1.000000,1.000000,1.000000,{"1":8},1.000000,0.000000,0.000000,0.000000,1.000000,0.000000,-1.000000
0.059887733,4,147,snapshot,16384,632,0.808544,0.928270,0.808544,{"1":2276},0.808544,0.166139,0.025316,0.000000,0.808544,0.000000,0.000000
0.060485448,4,148,read_only,64,64,1.000000,1.000000,1.000000,{"1":64},1.000000,0.000000,0.000000,0.000000,1.000000,0.000000,-1.000000
0.060485448,4,148,union,64,66,1.000000,1.000000,1.000000,{"1":66},1.000000,0.000000,0.000000,0.000000,1.000000,0.000000,-1.000000
0.060485448,4,148,snapshot,64,2340,1.000000,1.000000,1.000000,{"1":2340},1.000000,0.000000,0.000000,0.000000,1.000000,0.000000,-1.000000
0.060485448,4,148,read_only,256,64,1.000000,1.000000,1.000000,{"1":64},1.000000,0.000000,0.000000,0.000000,1.000000,0.000000,-1.000000
0.060485448,4,148,union,256,66,1.000000,1.000000,1.000000,{"1":66},1.000000,0.000000,0.000000,0.000000,1.000000,0.000000,-1.000000
0.060485448,4,148,snapshot,256,2340,1.000000,1.000000,1.000000,{"1":2340},1.000000,0.000000,0.000000,0.000000,1.000000,0.000000,-1.000000
0.060485448,4,148,read_only,1024,64,1.000000,1.000000,1.000000,{"1":64},1.000000,0.000000,0.000000,0.000000,1.000000,0.000000,-1.000000
0.060485448,4,148,union,1024,66,1.000000,1.000000,1.000000,{"1":66},1.000000,0.000000,0.000000,0.000000,1.000000,0.000000,-1.000000
0.060485448,4,148,snapshot,1024,2340,1.000000,1.000000,1.000000,{"1":2340},1.000000,0.000000,0.000000,0.000000,1.000000,0.000000,-1.000000
0.060485448,4,148,read_only,4096,64,1.000000,1.000000,1.000000,{"1":64},1.000000,0.000000,0.000000,0.000000,1.000000,0.000000,-1.000000
0.060485448,4,148,union,4096,66,1.000000,1.000000,1.000000,{"1":66},1.000000,0.000000,0.000000,0.000000,1.000000,0.000000,-1.000000
0.060485448,4,148,snapshot,4096,2340,1.000000,1.000000,1.000000,{"1":2340},1.000000,0.000000,0.000000,0.000000,1.000000,0.000000,-1.000000
0.060485448,4,148,read_only,16384,24,1.000000,1.000000,1.000000,{"1":64},1.000000,0.000000,0.000000,0.000000,1.000000,0.000000,-1.000000
0.060485448,4,148,union,16384,26,1.000000,1.000000,1.000000,{"1":66},1.000000,0.000000,0.000000,0.000000,1.000000,0.000000,-1.000000
0.060485448,4,148,snapshot,16384,651,0.814132,0.930620,0.814132,{"1":2340},0.814132,0.161290,0.024578,0.000000,0.814132,0.000000,0.000000
0.060780178,4,149,read_only,64,10,1.000000,1.000000,1.000000,{"1":10},1.000000,0.000000,0.000000,0.000000,1.000000,0.000000,-1.000000
0.060780178,4,149,union,64,10,1.000000,1.000000,1.000000,{"1":10},1.000000,0.000000,0.000000,0.000000,1.000000,0.000000,-1.000000
0.060780178,4,149,snapshot,64,2350,1.000000,1.000000,1.000000,{"1":2350},1.000000,0.000000,0.000000,0.000000,1.000000,0.000000,-1.000000
0.060780178,4,149,read_only,256,10,1.000000,1.000000,1.000000,{"1":10},1.000000,0.000000,0.000000,0.000000,1.000000,0.000000,-1.000000
0.060780178,4,149,union,256,10,1.000000,1.000000,1.000000,{"1":10},1.000000,0.000000,0.000000,0.000000,1.000000,0.000000,-1.000000
0.060780178,4,149,snapshot,256,2350,1.000000,1.000000,1.000000,{"1":2350},1.000000,0.000000,0.000000,0.000000,1.000000,0.000000,-1.000000
0.060780178,4,149,read_only,1024,10,1.000000,1.000000,1.000000,{"1":10},1.000000,0.000000,0.000000,0.000000,1.000000,0.000000,-1.000000
0.060780178,4,149,union,1024,10,1.000000,1.000000,1.000000,{"1":10},1.000000,0.000000,0.000000,0.000000,1.000000,0.000000,-1.000000
0.060780178,4,149,snapshot,1024,2350,1.000000,1.000000,1.000000,{"1":2350},1.000000,0.000000,0.000000,0.000000,1.000000,0.000000,-1.000000
0.060780178,4,149,read_only,4096,10,1.000000,1.000000,1.000000,{"1":10},1.000000,0.000000,0.000000,0.000000,1.000000,0.000000,-1.000000
0.060780178,4,149,union,4096,10,1.000000,1.000000,1.000000,{"1":10},1.000000,0.000000,0.000000,0.000000,1.000000,0.000000,-1.000000
0.060780178,4,149,snapshot,4096,2350,1.000000,1.000000,1.000000,{"1":2350},1.000000,0.000000,0.000000,0.000000,1.000000,0.000000,-1.000000
0.060780178,4,149,read_only,16384,6,1.000000,1.000000,1.000000,{"1":10},1.000000,0.000000,0.000000,0.000000,1.000000,0.000000,-1.000000
0.060780178,4,149,union,16384,6,1.000000,1.000000,1.000000,{"1":10},1.000000,0.000000,0.000000,0.000000,1.000000,0.000000,-1.000000
0.060780178,4,149,snapshot,16384,657,0.815830,0.931253,0.815830,{"1":2350},0.815830,0.159817,0.024353,0.000000,0.815830,0.000000,0.000000
0.061017199,4,150,read_only,64,22,1.000000,1.000000,1.000000,{"1":22},1.000000,0.000000,0.000000,0.000000,1.000000,0.000000,-1.000000
0.061017199,4,150,union,64,22,1.000000,1.000000,1.000000,{"1":22},1.000000,0.000000,0.000000,0.000000,1.000000,0.000000,-1.000000
0.061017199,4,150,snapshot,64,2372,1.000000,1.000000,1.000000,{"1":2372},1.000000,0.000000,0.000000,0.000000,1.000000,0.000000,-1.000000
0.061017199,4,150,read_only,256,22,1.000000,1.000000,1.000000,{"1":22},1.000000,0.000000,0.000000,0.000000,1.000000,0.000000,-1.000000
0.061017199,4,150,union,256,22,1.000000,1.000000,1.000000,{"1":22},1.000000,0.000000,0.000000,0.000000,1.000000,0.000000,-1.000000
0.061017199,4,150,snapshot,256,2372,1.000000,1.000000,1.000000,{"1":2372},1.000000,0.000000,0.000000,0.000000,1.000000,0.000000,-1.000000
0.061017199,4,150,read_only,1024,22,1.000000,1.000000,1.000000,{"1":22},1.000000,0.000000,0.000000,0.000000,1.000000,0.000000,-1.000000
0.061017199,4,150,union,1024,22,1.000000,1.000000,1.000000,{"1":22},1.000000,0.000000,0.000000,0.000000,1.000000,0.000000,-1.000000
0.061017199,4,150,snapshot,1024,2372,1.000000,1.000000,1.000000,{"1":2372},1.000000,0.000000,0.000000,0.000000,1.000000,0.000000,-1.000000
0.061017199,4,150,read_only,4096,22,1.000000,1.000000,1.000000,{"1":22},1.000000,0.000000,0.000000,0.000000,1.000000,0.000000,-1.000000
0.061017199,4,150,union,4096,22,1.000000,1.000000,1.000000,{"1":22},1.000000,0.000000,0.000000,0.000000,1.000000,0.000000,-1.000000
0.061017199,4,150,snapshot,4096,2372,1.000000,1.000000,1.000000,{"1":2372},1.000000,0.000000,0.000000,0.000000,1.000000,0.000000,-1.000000
0.061017199,4,150,read_only,16384,10,0.900000,0.950000,0.900000,{"1":22},0.900000,0.100000,0.000000,0.000000,0.900000,0.000000,0.000000
0.061017199,4,150,union,16384,10,0.900000,0.950000,0.900000,{"1":22},0.900000,0.100000,0.000000,0.000000,0.900000,0.000000,0.000000
0.061017199,4,150,snapshot,16384,661,0.815431,0.931291,0.815431,{"1":2372},0.815431,0.160363,0.024206,0.000000,0.815431,0.000000,0.000000
0.061286440,4,151,read_only,64,12,1.000000,1.000000,1.000000,{"1":12},1.000000,0.000000,0.000000,0.000000,1.000000,0.000000,-1.000000
0.061286440,4,151,union,64,17,1.000000,1.000000,1.000000,{"1":17},1.000000,0.000000,0.000000,0.000000,1.000000,0.000000,-1.000000
0.061286440,4,151,snapshot,64,2384,1.000000,1.000000,1.000000,{"1":2384},1.000000,0.000000,0.000000,0.000000,1.000000,0.000000,-1.000000
0.061286440,4,151,read_only,256,12,1.000000,1.000000,1.000000,{"1":12},1.000000,0.000000,0.000000,0.000000,1.000000,0.000000,-1.000000
0.061286440,4,151,union,256,17,1.000000,1.000000,1.000000,{"1":17},1.000000,0.000000,0.000000,0.000000,1.000000,0.000000,-1.000000
0.061286440,4,151,snapshot,256,2384,1.000000,1.000000,1.000000,{"1":2384},1.000000,0.000000,0.000000,0.000000,1.000000,0.000000,-1.000000
0.061286440,4,151,read_only,1024,12,1.000000,1.000000,1.000000,{"1":12},1.000000,0.000000,0.000000,0.000000,1.000000,0.000000,-1.000000
0.061286440,4,151,union,1024,17,1.000000,1.000000,1.000000,{"1":17},1.000000,0.000000,0.000000,0.000000,1.000000,0.000000,-1.000000
0.061286440,4,151,snapshot,1024,2384,1.000000,1.000000,1.000000,{"1":2384},1.000000,0.000000,0.000000,0.000000,1.000000,0.000000,-1.000000
0.061286440,4,151,read_only,4096,12,1.000000,1.000000,1.000000,{"1":12},1.000000,0.000000,0.000000,0.000000,1.000000,0.000000,-1.000000
0.061286440,4,151,union,4096,17,1.000000,1.000000,1.000000,{"1":17},1.000000,0.000000,0.000000,0.000000,1.000000,0.000000,-1.000000
0.061286440,4,151,snapshot,4096,2384,1.000000,1.000000,1.000000,{"1":2384},1.000000,0.000000,0.000000,0.000000,1.000000,0.000000,-1.000000
0.061286440,4,151,read_only,16384,6,1.000000,1.000000,1.000000,{"1":12},1.000000,0.000000,0.000000,0.000000,1.000000,0.000000,-1.000000
0.061286440,4,151,union,16384,9,1.000000,1.000000,1.000000,{"1":17},1.000000,0.000000,0.000000,0.000000,1.000000,0.000000,-1.000000
0.061286440,4,151,snapshot,16384,665,0.816541,0.931704,0.816541,{"1":2384},0.816541,0.159398,0.024060,0.000000,0.816541,0.000000,0.000000
0.061522870,4,152,union,64,1,1.000000,1.000000,1.000000,{"1":1},1.000000,0.000000,0.000000,0.000000,1.000000,0.000000,-1.000000
0.061522870,4,152,snapshot,64,2384,1.000000,1.000000,1.000000,{"1":2384},1.000000,0.000000,0.000000,0.000000,1.000000,0.000000,-1.000000
0.061522870,4,152,union,256,1,1.000000,1.000000,1.000000,{"1":1},1.000000,0.000000,0.000000,0.000000,1.000000,0.000000,-1.000000
0.061522870,4,152,snapshot,256,2384,1.000000,1.000000,1.000000,{"1":2384},1.000000,0.000000,0.000000,0.000000,1.000000,0.000000,-1.000000
0.061522870,4,152,union,1024,1,1.000000,1.000000,1.000000,{"1":1},1.000000,0.000000,0.000000,0.000000,1.000000,0.000000,-1.000000
0.061522870,4,152,snapshot,1024,2384,1.000000,1.000000,1.000000,{"1":2384},1.000000,0.000000,0.000000,0.000000,1.000000,0.000000,-1.000000
0.061522870,4,152,union,4096,1,1.000000,1.000000,1.000000,{"1":1},1.000000,0.000000,0.000000,0.000000,1.000000,0.000000,-1.000000
0.061522870,4,152,snapshot,4096,2384,1.000000,1.000000,1.000000,{"1":2384},1.000000,0.000000,0.000000,0.000000,1.000000,0.000000,-1.000000
0.061522870,4,152,union,16384,1,1.000000,1.000000,1.000000,{"1":1},1.000000,0.000000,0.000000,0.000000,1.000000,0.000000,-1.000000
0.061522870,4,152,snapshot,16384,665,0.816541,0.931704,0.816541,{"1":2384},0.816541,0.159398,0.024060,0.000000,0.816541,0.000000,0.000000
0.061756340,4,153,snapshot,64,2384,1.000000,1.000000,1.000000,{"1":2384},1.000000,0.000000,0.000000,0.000000,1.000000,0.000000,-1.000000
0.061756340,4,153,snapshot,256,2384,1.000000,1.000000,1.000000,{"1":2384},1.000000,0.000000,0.000000,0.000000,1.000000,0.000000,-1.000000
0.061756340,4,153,snapshot,1024,2384,1.000000,1.000000,1.000000,{"1":2384},1.000000,0.000000,0.000000,0.000000,1.000000,0.000000,-1.000000
0.061756340,4,153,snapshot,4096,2384,1.000000,1.000000,1.000000,{"1":2384},1.000000,0.000000,0.000000,0.000000,1.000000,0.000000,-1.000000
0.061756340,4,153,snapshot,16384,665,0.816541,0.931704,0.816541,{"1":2384},0.816541,0.159398,0.024060,0.000000,0.816541,0.000000,0.000000
0.061990144,4,154,snapshot,64,2384,1.000000,1.000000,1.000000,{"1":2384},1.000000,0.000000,0.000000,0.000000,1.000000,0.000000,-1.000000
0.061990144,4,154,snapshot,256,2384,1.000000,1.000000,1.000000,{"1":2384},1.000000,0.000000,0.000000,0.000000,1.000000,0.000000,-1.000000
0.061990144,4,154,snapshot,1024,2384,1.000000,1.000000,1.000000,{"1":2384},1.000000,0.000000,0.000000,0.000000,1.000000,0.000000,-1.000000
0.061990144,4,154,snapshot,4096,2384,1.000000,1.000000,1.000000,{"1":2384},1.000000,0.000000,0.000000,0.000000,1.000000,0.000000,-1.000000
0.061990144,4,154,snapshot,16384,665,0.816541,0.931704,0.816541,{"1":2384},0.816541,0.159398,0.024060,0.000000,0.816541,0.000000,0.000000
0.062229406,4,155,read_only,64,9,1.000000,1.000000,1.000000,{"1":9},1.000000,0.000000,0.000000,0.000000,1.000000,0.000000,-1.000000
0.062229406,4,155,union,64,9,1.000000,1.000000,1.000000,{"1":9},1.000000,0.000000,0.000000,0.000000,1.000000,0.000000,-1.000000
0.062229406,4,155,snapshot,64,2393,1.000000,1.000000,1.000000,{"1":2393},1.000000,0.000000,0.000000,0.000000,1.000000,0.000000,-1.000000
0.062229406,4,155,read_only,256,9,1.000000,1.000000,1.000000,{"1":9},1.000000,0.000000,0.000000,0.000000,1.000000,0.000000,-1.000000
0.062229406,4,155,union,256,9,1.000000,1.000000,1.000000,{"1":9},1.000000,0.000000,0.000000,0.000000,1.000000,0.000000,-1.000000
0.062229406,4,155,snapshot,256,2393,1.000000,1.000000,1.000000,{"1":2393},1.000000,0.000000,0.000000,0.000000,1.000000,0.000000,-1.000000
0.062229406,4,155,read_only,1024,9,1.000000,1.000000,1.000000,{"1":9},1.000000,0.000000,0.000000,0.000000,1.000000,0.000000,-1.000000
0.062229406,4,155,union,1024,9,1.000000,1.000000,1.000000,{"1":9},1.000000,0.000000,0.000000,0.000000,1.000000,0.000000,-1.000000
0.062229406,4,155,snapshot,1024,2393,1.000000,1.000000,1.000000,{"1":2393},1.000000,0.000000,0.000000,0.000000,1.000000,0.000000,-1.000000
0.062229406,4,155,read_only,4096,9,1.000000,1.000000,1.000000,{"1":9},1.000000,0.000000,0.000000,0.000000,1.000000,0.000000,-1.000000
0.062229406,4,155,union,4096,9,1.000000,1.000000,1.000000,{"1":9},1.000000,0.000000,0.000000,0.000000,1.000000,0.000000,-1.000000
0.062229406,4,155,snapshot,4096,2393,1.000000,1.000000,1.000000,{"1":2393},1.000000,0.000000,0.000000,0.000000,1.000000,0.000000,-1.000000
0.062229406,4,155,read_only,16384,4,0.750000,0.937500,0.750000,{"1":9},0.750000,0.250000,0.000000,0.000000,0.750000,0.000000,0.000000
0.062229406,4,155,union,16384,4,0.750000,0.937500,0.750000,{"1":9},0.750000,0.250000,0.000000,0.000000,0.750000,0.000000,0.000000
0.062229406,4,155,snapshot,16384,669,0.816143,0.931739,0.816143,{"1":2393},0.816143,0.159940,0.023916,0.000000,0.816143,0.000000,0.000000
0.062461768,4,156,snapshot,64,2393,1.000000,1.000000,1.000000,{"1":2393},1.000000,0.000000,0.000000,0.000000,1.000000,0.000000,-1.000000
0.062461768,4,156,snapshot,256,2393,1.000000,1.000000,1.000000,{"1":2393},1.000000,0.000000,0.000000,0.000000,1.000000,0.000000,-1.000000
0.062461768,4,156,snapshot,1024,2393,1.000000,1.000000,1.000000,{"1":2393},1.000000,0.000000,0.000000,0.000000,1.000000,0.000000,-1.000000
0.062461768,4,156,snapshot,4096,2393,1.000000,1.000000,1.000000,{"1":2393},1.000000,0.000000,0.000000,0.000000,1.000000,0.000000,-1.000000
0.062461768,4,156,snapshot,16384,669,0.816143,0.931739,0.816143,{"1":2393},0.816143,0.159940,0.023916,0.000000,0.816143,0.000000,0.000000
0.062698340,4,157,snapshot,64,2393,1.000000,1.000000,1.000000,{"1":2393},1.000000,0.000000,0.000000,0.000000,1.000000,0.000000,-1.000000
0.062698340,4,157,snapshot,256,2393,1.000000,1.000000,1.000000,{"1":2393},1.000000,0.000000,0.000000,0.000000,1.000000,0.000000,-1.000000
0.062698340,4,157,snapshot,1024,2393,1.000000,1.000000,1.000000,{"1":2393},1.000000,0.000000,0.000000,0.000000,1.000000,0.000000,-1.000000
0.062698340,4,157,snapshot,4096,2393,1.000000,1.000000,1.000000,{"1":2393},1.000000,0.000000,0.000000,0.000000,1.000000,0.000000,-1.000000
0.062698340,4,157,snapshot,16384,669,0.816143,0.931739,0.816143,{"1":2393},0.816143,0.159940,0.023916,0.000000,0.816143,0.000000,0.000000
0.062931343,4,158,snapshot,64,2393,1.000000,1.000000,1.000000,{"1":2393},1.000000,0.000000,0.000000,0.000000,1.000000,0.000000,-1.000000
0.062931343,4,158,snapshot,256,2393,1.000000,1.000000,1.000000,{"1":2393},1.000000,0.000000,0.000000,0.000000,1.000000,0.000000,-1.000000
0.062931343,4,158,snapshot,1024,2393,1.000000,1.000000,1.000000,{"1":2393},1.000000,0.000000,0.000000,0.000000,1.000000,0.000000,-1.000000
0.062931343,4,158,snapshot,4096,2393,1.000000,1.000000,1.000000,{"1":2393},1.000000,0.000000,0.000000,0.000000,1.000000,0.000000,-1.000000
0.062931343,4,158,snapshot,16384,669,0.816143,0.931739,0.816143,{"1":2393},0.816143,0.159940,0.023916,0.000000,0.816143,0.000000,0.000000
0.063548857,4,159,read_only,64,4,1.000000,1.000000,1.000000,{"1":4},1.000000,0.000000,0.000000,0.000000,1.000000,0.000000,-1.000000
0.063548857,4,159,union,64,4,1.000000,1.000000,1.000000,{"1":4},1.000000,0.000000,0.000000,0.000000,1.000000,0.000000,-1.000000
0.063548857,4,159,snapshot,64,2397,1.000000,1.000000,1.000000,{"1":2397},1.000000,0.000000,0.000000,0.000000,1.000000,0.000000,-1.000000
0.063548857,4,159,read_only,256,4,1.000000,1.000000,1.000000,{"1":4},1.000000,0.000000,0.000000,0.000000,1.000000,0.000000,-1.000000
0.063548857,4,159,union,256,4,1.000000,1.000000,1.000000,{"1":4},1.000000,0.000000,0.000000,0.000000,1.000000,0.000000,-1.000000
0.063548857,4,159,snapshot,256,2397,1.000000,1.000000,1.000000,{"1":2397},1.000000,0.000000,0.000000,0.000000,1.000000,0.000000,-1.000000
0.063548857,4,159,read_only,1024,4,1.000000,1.000000,1.000000,{"1":4},1.000000,0.000000,0.000000,0.000000,1.000000,0.000000,-1.000000
0.063548857,4,159,union,1024,4,1.000000,1.000000,1.000000,{"1":4},1.000000,0.000000,0.000000,0.000000,1.000000,0.000000,-1.000000
0.063548857,4,159,snapshot,1024,2397,1.000000,1.000000,1.000000,{"1":2397},1.000000,0.000000,0.000000,0.000000,1.000000,0.000000,-1.000000
0.063548857,4,159,read_only,4096,4,1.000000,1.000000,1.000000,{"1":4},1.000000,0.000000,0.000000,0.000000,1.000000,0.000000,-1.000000
0.063548857,4,159,union,4096,4,1.000000,1.000000,1.000000,{"1":4},1.000000,0.000000,0.000000,0.000000,1.000000,0.000000,-1.000000
0.063548857,4,159,snapshot,4096,2397,1.000000,1.000000,1.000000,{"1":2397},1.000000,0.000000,0.000000,0.000000,1.000000,0.000000,-1.000000
0.063548857,4,159,read_only,16384,2,1.000000,1.000000,1.000000,{"1":4},1.000000,0.000000,0.000000,0.000000,1.000000,0.000000,-1.000000
0.063548857,4,159,union,16384,2,1.000000,1.000000,1.000000,{"1":4},1.000000,0.000000,0.000000,0.000000,1.000000,0.000000,-1.000000
0.063548857,4,159,snapshot,16384,669,0.813154,0.930992,0.813154,{"1":2397},0.813154,0.162930,0.023916,0.000000,0.813154,0.000000,0.000000
0.063782827,4,160,read_only,64,4,1.000000,1.000000,1.000000,{"1":4},1.000000,0.000000,0.000000,0.000000,1.000000,0.000000,-1.000000
0.063782827,4,160,union,64,4,1.000000,1.000000,1.000000,{"1":4},1.000000,0.000000,0.000000,0.000000,1.000000,0.000000,-1.000000
0.063782827,4,160,snapshot,64,2401,1.000000,1.000000,1.000000,{"1":2401},1.000000,0.000000,0.000000,0.000000,1.000000,0.000000,-1.000000
0.063782827,4,160,read_only,256,4,1.000000,1.000000,1.000000,{"1":4},1.000000,0.000000,0.000000,0.000000,1.000000,0.000000,-1.000000
0.063782827,4,160,union,256,4,1.000000,1.000000,1.000000,{"1":4},1.000000,0.000000,0.000000,0.000000,1.000000,0.000000,-1.000000
0.063782827,4,160,snapshot,256,2401,1.000000,1.000000,1.000000,{"1":2401},1.000000,0.000000,0.000000,0.000000,1.000000,0.000000,-1.000000
0.063782827,4,160,read_only,1024,4,1.000000,1.000000,1.000000,{"1":4},1.000000,0.000000,0.000000,0.000000,1.000000,0.000000,-1.000000
0.063782827,4,160,union,1024,4,1.000000,1.000000,1.000000,{"1":4},1.000000,0.000000,0.000000,0.000000,1.000000,0.000000,-1.000000
0.063782827,4,160,snapshot,1024,2401,1.000000,1.000000,1.000000,{"1":2401},1.000000,0.000000,0.000000,0.000000,1.000000,0.000000,-1.000000
0.063782827,4,160,read_only,4096,4,1.000000,1.000000,1.000000,{"1":4},1.000000,0.000000,0.000000,0.000000,1.000000,0.000000,-1.000000
0.063782827,4,160,union,4096,4,1.000000,1.000000,1.000000,{"1":4},1.000000,0.000000,0.000000,0.000000,1.000000,0.000000,-1.000000
0.063782827,4,160,snapshot,4096,2401,1.000000,1.000000,1.000000,{"1":2401},1.000000,0.000000,0.000000,0.000000,1.000000,0.000000,-1.000000
0.063782827,4,160,read_only,16384,2,1.000000,1.000000,1.000000,{"1":4},1.000000,0.000000,0.000000,0.000000,1.000000,0.000000,-1.000000
0.063782827,4,160,union,16384,2,1.000000,1.000000,1.000000,{"1":4},1.000000,0.000000,0.000000,0.000000,1.000000,0.000000,-1.000000
0.063782827,4,160,snapshot,16384,671,0.813711,0.931197,0.813711,{"1":2401},0.813711,0.162444,0.023845,0.000000,0.813711,0.000000,0.000000
0.064016799,4,161,snapshot,64,2401,1.000000,1.000000,1.000000,{"1":2401},1.000000,0.000000,0.000000,0.000000,1.000000,0.000000,-1.000000
0.064016799,4,161,snapshot,256,2401,1.000000,1.000000,1.000000,{"1":2401},1.000000,0.000000,0.000000,0.000000,1.000000,0.000000,-1.000000
0.064016799,4,161,snapshot,1024,2401,1.000000,1.000000,1.000000,{"1":2401},1.000000,0.000000,0.000000,0.000000,1.000000,0.000000,-1.000000
0.064016799,4,161,snapshot,4096,2401,1.000000,1.000000,1.000000,{"1":2401},1.000000,0.000000,0.000000,0.000000,1.000000,0.000000,-1.000000
0.064016799,4,161,snapshot,16384,671,0.813711,0.931197,0.813711,{"1":2401},0.813711,0.162444,0.023845,0.000000,0.813711,0.000000,0.000000
0.064252078,4,162,read_only,64,1,1.000000,1.000000,1.000000,{"1":1},1.000000,0.000000,0.000000,0.000000,1.000000,0.000000,-1.000000
0.064252078,4,162,union,64,1,1.000000,1.000000,1.000000,{"1":1},1.000000,0.000000,0.000000,0.000000,1.000000,0.000000,-1.000000
0.064252078,4,162,snapshot,64,2402,1.000000,1.000000,1.000000,{"1":2402},1.000000,0.000000,0.000000,0.000000,1.000000,0.000000,-1.000000
0.064252078,4,162,read_only,256,1,1.000000,1.000000,1.000000,{"1":1},1.000000,0.000000,0.000000,0.000000,1.000000,0.000000,-1.000000
0.064252078,4,162,union,256,1,1.000000,1.000000,1.000000,{"1":1},1.000000,0.000000,0.000000,0.000000,1.000000,0.000000,-1.000000
0.064252078,4,162,snapshot,256,2402,1.000000,1.000000,1.000000,{"1":2402},1.000000,0.000000,0.000000,0.000000,1.000000,0.000000,-1.000000
0.064252078,4,162,read_only,1024,1,1.000000,1.000000,1.000000,{"1":1},1.000000,0.000000,0.000000,0.000000,1.000000,0.000000,-1.000000
0.064252078,4,162,union,1024,1,1.000000,1.000000,1.000000,{"1":1},1.000000,0.000000,0.000000,0.000000,1.000000,0.000000,-1.000000
0.064252078,4,162,snapshot,1024,2402,1.000000,1.000000,1.000000,{"1":2402},1.000000,0.000000,0.000000,0.000000,1.000000,0.000000,-1.000000
0.064252078,4,162,read_only,4096,1,1.000000,1.000000,1.000000,{"1":1},1.000000,0.000000,0.000000,0.000000,1.000000,0.000000,-1.000000
0.064252078,4,162,union,4096,1,1.000000,1.000000,1.000000,{"1":1},1.000000,0.000000,0.000000,0.000000,1.000000,0.000000,-1.000000
0.064252078,4,162,snapshot,4096,2402,1.000000,1.000000,1.000000,{"1":2402},1.000000,0.000000,0.000000,0.000000,1.000000,0.000000,-1.000000
0.064252078,4,162,read_only,16384,1,1.000000,1.000000,1.000000,{"1":1},1.000000,0.000000,0.000000,0.000000,1.000000,0.000000,-1.000000
0.064252078,4,162,union,16384,1,1.000000,1.000000,1.000000,{"1":1},1.000000,0.000000,0.000000,0.000000,1.000000,0.000000,-1.000000
0.064252078,4,162,snapshot,16384,672,0.813988,0.931300,0.813988,{"1":2402},0.813988,0.162202,0.023810,0.000000,0.813988,0.000000,0.000000
0.064489058,4,163,snapshot,64,2402,1.000000,1.000000,1.000000,{"1":2402},1.000000,0.000000,0.000000,0.000000,1.000000,0.000000,-1.000000
0.064489058,4,163,snapshot,256,2402,1.000000,1.000000,1.000000,{"1":2402},1.000000,0.000000,0.000000,0.000000,1.000000,0.000000,-1.000000
0.064489058,4,163,snapshot,1024,2402,1.000000,1.000000,1.000000,{"1":2402},1.000000,0.000000,0.000000,0.000000,1.000000,0.000000,-1.000000
0.064489058,4,163,snapshot,4096,2402,1.000000,1.000000,1.000000,{"1":2402},1.000000,0.000000,0.000000,0.000000,1.000000,0.000000,-1.000000
0.064489058,4,163,snapshot,16384,672,0.813988,0.931300,0.813988,{"1":2402},0.813988,0.162202,0.023810,0.000000,0.813988,0.000000,0.000000
0.064719776,4,164,snapshot,64,2402,1.000000,1.000000,1.000000,{"1":2402},1.000000,0.000000,0.000000,0.000000,1.000000,0.000000,-1.000000
0.064719776,4,164,snapshot,256,2402,1.000000,1.000000,1.000000,{"1":2402},1.000000,0.000000,0.000000,0.000000,1.000000,0.000000,-1.000000
0.064719776,4,164,snapshot,1024,2402,1.000000,1.000000,1.000000,{"1":2402},1.000000,0.000000,0.000000,0.000000,1.000000,0.000000,-1.000000
0.064719776,4,164,snapshot,4096,2402,1.000000,1.000000,1.000000,{"1":2402},1.000000,0.000000,0.000000,0.000000,1.000000,0.000000,-1.000000
0.064719776,4,164,snapshot,16384,672,0.813988,0.931300,0.813988,{"1":2402},0.813988,0.162202,0.023810,0.000000,0.813988,0.000000,0.000000
0.064954587,4,165,read_only,64,3,1.000000,1.000000,1.000000,{"1":3},1.000000,0.000000,0.000000,0.000000,1.000000,0.000000,-1.000000
0.064954587,4,165,union,64,3,1.000000,1.000000,1.000000,{"1":3},1.000000,0.000000,0.000000,0.000000,1.000000,0.000000,-1.000000
0.064954587,4,165,snapshot,64,2405,1.000000,1.000000,1.000000,{"1":2405},1.000000,0.000000,0.000000,0.000000,1.000000,0.000000,-1.000000
0.064954587,4,165,read_only,256,3,1.000000,1.000000,1.000000,{"1":3},1.000000,0.000000,0.000000,0.000000,1.000000,0.000000,-1.000000
0.064954587,4,165,union,256,3,1.000000,1.000000,1.000000,{"1":3},1.000000,0.000000,0.000000,0.000000,1.000000,0.000000,-1.000000
0.064954587,4,165,snapshot,256,2405,1.000000,1.000000,1.000000,{"1":2405},1.000000,0.000000,0.000000,0.000000,1.000000,0.000000,-1.000000
0.064954587,4,165,read_only,1024,3,1.000000,1.000000,1.000000,{"1":3},1.000000,0.000000,0.000000,0.000000,1.000000,0.000000,-1.000000
0.064954587,4,165,union,1024,3,1.000000,1.000000,1.000000,{"1":3},1.000000,0.000000,0.000000,0.000000,1.000000,0.000000,-1.000000
0.064954587,4,165,snapshot,1024,2405,1.000000,1.000000,1.000000,{"1":2405},1.000000,0.000000,0.000000,0.000000,1.000000,0.000000,-1.000000
0.064954587,4,165,read_only,4096,3,1.000000,1.000000,1.000000,{"1":3},1.000000,0.000000,0.000000,0.000000,1.000000,0.000000,-1.000000
0.064954587,4,165,union,4096,3,1.000000,1.000000,1.000000,{"1":3},1.000000,0.000000,0.000000,0.000000,1.000000,0.000000,-1.000000
0.064954587,4,165,snapshot,4096,2405,1.000000,1.000000,1.000000,{"1":2405},1.000000,0.000000,0.000000,0.000000,1.000000,0.000000,-1.000000
0.064954587,4,165,read_only,16384,2,1.000000,1.000000,1.000000,{"1":3},1.000000,0.000000,0.000000,0.000000,1.000000,0.000000,-1.000000
0.064954587,4,165,union,16384,2,1.000000,1.000000,1.000000,{"1":3},1.000000,0.000000,0.000000,0.000000,1.000000,0.000000,-1.000000
0.064954587,4,165,snapshot,16384,674,0.814540,0.931503,0.814540,{"1":2405},0.814540,0.161721,0.023739,0.000000,0.814540,0.000000,0.000000
0.065188354,4,166,snapshot,64,2405,1.000000,1.000000,1.000000,{"1":2405},1.000000,0.000000,0.000000,0.000000,1.000000,0.000000,-1.000000
0.065188354,4,166,snapshot,256,2405,1.000000,1.000000,1.000000,{"1":2405},1.000000,0.000000,0.000000,0.000000,1.000000,0.000000,-1.000000
0.065188354,4,166,snapshot,1024,2405,1.000000,1.000000,1.000000,{"1":2405},1.000000,0.000000,0.000000,0.000000,1.000000,0.000000,-1.000000
0.065188354,4,166,snapshot,4096,2405,1.000000,1.000000,1.000000,{"1":2405},1.000000,0.000000,0.000000,0.000000,1.000000,0.000000,-1.000000
0.065188354,4,166,snapshot,16384,674,0.814540,0.931503,0.814540,{"1":2405},0.814540,0.161721,0.023739,0.000000,0.814540,0.000000,0.000000
0.065516667,4,167,read_only,64,1,1.000000,1.000000,1.000000,{"1":1},1.000000,0.000000,0.000000,0.000000,1.000000,0.000000,-1.000000
0.065516667,4,167,union,64,1,1.000000,1.000000,1.000000,{"1":1},1.000000,0.000000,0.000000,0.000000,1.000000,0.000000,-1.000000
0.065516667,4,167,snapshot,64,2406,1.000000,1.000000,1.000000,{"1":2406},1.000000,0.000000,0.000000,0.000000,1.000000,0.000000,-1.000000
0.065516667,4,167,read_only,256,1,1.000000,1.000000,1.000000,{"1":1},1.000000,0.000000,0.000000,0.000000,1.000000,0.000000,-1.000000
0.065516667,4,167,union,256,1,1.000000,1.000000,1.000000,{"1":1},1.000000,0.000000,0.000000,0.000000,1.000000,0.000000,-1.000000
0.065516667,4,167,snapshot,256,2406,1.000000,1.000000,1.000000,{"1":2406},1.000000,0.000000,0.000000,0.000000,1.000000,0.000000,-1.000000
0.065516667,4,167,read_only,1024,1,1.000000,1.000000,1.000000,{"1":1},1.000000,0.000000,0.000000,0.000000,1.000000,0.000000,-1.000000
0.065516667,4,167,union,1024,1,1.000000,1.000000,1.000000,{"1":1},1.000000,0.000000,0.000000,0.000000,1.000000,0.000000,-1.000000
0.065516667,4,167,snapshot,1024,2406,1.000000,1.000000,1.000000,{"1":2406},1.000000,0.000000,0.000000,0.000000,1.000000,0.000000,-1.000000
0.065516667,4,167,read_only,4096,1,1.000000,1.000000,1.000000,{"1":1},1.000000,0.000000,0.000000,0.000000,1.000000,0.000000,-1.000000
0.065516667,4,167,union,4096,1,1.000000,1.000000,1.000000,{"1":1},1.000000,0.000000,0.000000,0.000000,1.000000,0.000000,-1.000000
0.065516667,4,167,snapshot,4096,2406,1.000000,1.000000,1.000000,{"1":2406},1.000000,0.000000,0.000000,0.000000,1.000000,0.000000,-1.000000
0.065516667,4,167,read_only,16384,1,1.000000,1.000000,1.000000,{"1":1},1.000000,0.000000,0.000000,0.000000,1.000000,0.000000,-1.000000
0.065516667,4,167,union,16384,1,1.000000,1.000000,1.000000,{"1":1},1.000000,0.000000,0.000000,0.000000,1.000000,0.000000,-1.000000
0.065516667,4,167,snapshot,16384,675,0.814815,0.931605,0.814815,{"1":2406},0.814815,0.161481,0.023704,0.000000,0.814815,0.000000,0.000000
0.065748928,4,168,snapshot,64,2406,1.000000,1.000000,1.000000,{"1":2406},1.000000,0.000000,0.000000,0.000000,1.000000,0.000000,-1.000000
0.065748928,4,168,snapshot,256,2406,1.000000,1.000000,1.000000,{"1":2406},1.000000,0.000000,0.000000,0.000000,1.000000,0.000000,-1.000000
0.065748928,4,168,snapshot,1024,2406,1.000000,1.000000,1.000000,{"1":2406},1.000000,0.000000,0.000000,0.000000,1.000000,0.000000,-1.000000
0.065748928,4,168,snapshot,4096,2406,1.000000,1.000000,1.000000,{"1":2406},1.000000,0.000000,0.000000,0.000000,1.000000,0.000000,-1.000000
0.065748928,4,168,snapshot,16384,675,0.814815,0.931605,0.814815,{"1":2406},0.814815,0.161481,0.023704,0.000000,0.814815,0.000000,0.000000
0.065982009,4,169,snapshot,64,2406,1.000000,1.000000,1.000000,{"1":2406},1.000000,0.000000,0.000000,0.000000,1.000000,0.000000,-1.000000
0.065982009,4,169,snapshot,256,2406,1.000000,1.000000,1.000000,{"1":2406},1.000000,0.000000,0.000000,0.000000,1.000000,0.000000,-1.000000
0.065982009,4,169,snapshot,1024,2406,1.000000,1.000000,1.000000,{"1":2406},1.000000,0.000000,0.000000,0.000000,1.000000,0.000000,-1.000000
0.065982009,4,169,snapshot,4096,2406,1.000000,1.000000,1.000000,{"1":2406},1.000000,0.000000,0.000000,0.000000,1.000000,0.000000,-1.000000
0.065982009,4,169,snapshot,16384,675,0.814815,0.931605,0.814815,{"1":2406},0.814815,0.161481,0.023704,0.000000,0.814815,0.000000,0.000000
0.066215286,4,170,read_only,64,3,1.000000,1.000000,1.000000,{"1":3},1.000000,0.000000,0.000000,0.000000,1.000000,0.000000,-1.000000
0.066215286,4,170,union,64,3,1.000000,1.000000,1.000000,{"1":3},1.000000,0.000000,0.000000,0.000000,1.000000,0.000000,-1.000000
0.066215286,4,170,snapshot,64,2409,1.000000,1.000000,1.000000,{"1":2409},1.000000,0.000000,0.000000,0.000000,1.000000,0.000000,-1.000000
0.066215286,4,170,read_only,256,3,1.000000,1.000000,1.000000,{"1":3},1.000000,0.000000,0.000000,0.000000,1.000000,0.000000,-1.000000
0.066215286,4,170,union,256,3,1.000000,1.000000,1.000000,{"1":3},1.000000,0.000000,0.000000,0.000000,1.000000,0.000000,-1.000000
0.066215286,4,170,snapshot,256,2409,1.000000,1.000000,1.000000,{"1":2409},1.000000,0.000000,0.000000,0.000000,1.000000,0.000000,-1.000000
0.066215286,4,170,read_only,1024,3,1.000000,1.000000,1.000000,{"1":3},1.000000,0.000000,0.000000,0.000000,1.000000,0.000000,-1.000000
0.066215286,4,170,union,1024,3,1.000000,1.000000,1.000000,{"1":3},1.000000,0.000000,0.000000,0.000000,1.000000,0.000000,-1.000000
0.066215286,4,170,snapshot,1024,2409,1.000000,1.000000,1.000000,{"1":2409},1.000000,0.000000,0.000000,0.000000,1.000000,0.000000,-1.000000
0.066215286,4,170,read_only,4096,3,1.000000,1.000000,1.000000,{"1":3},1.000000,0.000000,0.000000,0.000000,1.000000,0.000000,-1.000000
0.066215286,4,170,union,4096,3,1.000000,1.000000,1.000000,{"1":3},1.000000,0.000000,0.000000,0.000000,1.000000,0.000000,-1.000000
0.066215286,4,170,snapshot,4096,2409,1.000000,1.000000,1.000000,{"1":2409},1.000000,0.000000,0.000000,0.000000,1.000000,0.000000,-1.000000
0.066215286,4,170,read_only,16384,2,1.000000,1.000000,1.000000,{"1":3},1.000000,0.000000,0.000000,0.000000,1.000000,0.000000,-1.000000
0.066215286,4,170,union,16384,2,1.000000,1.000000,1.000000,{"1":3},1.000000,0.000000,0.000000,0.000000,1.000000,0.000000,-1.000000
0.066215286,4,170,snapshot,16384,677,0.815362,0.931807,0.815362,{"1":2409},0.815362,0.161004,0.023634,0.000000,0.815362,0.000000,0.000000
0.066448626,4,171,snapshot,64,2409,1.000000,1.000000,1.000000,{"1":2409},1.000000,0.000000,0.000000,0.000000,1.000000,0.000000,-1.000000
0.066448626,4,171,snapshot,256,2409,1.000000,1.000000,1.000000,{"1":2409},1.000000,0.000000,0.000000,0.000000,1.000000,0.000000,-1.000000
0.066448626,4,171,snapshot,1024,2409,1.000000,1.000000,1.000000,{"1":2409},1.000000,0.000000,0.000000,0.000000,1.000000,0.000000,-1.000000
0.066448626,4,171,snapshot,4096,2409,1.000000,1.000000,1.000000,{"1":2409},1.000000,0.000000,0.000000,0.000000,1.000000,0.000000,-1.000000
0.066448626,4,171,snapshot,16384,677,0.815362,0.931807,0.815362,{"1":2409},0.815362,0.161004,0.023634,0.000000,0.815362,0.000000,0.000000
0.066685001,4,172,snapshot,64,2409,1.000000,1.000000,1.000000,{"1":2409},1.000000,0.000000,0.000000,0.000000,1.000000,0.000000,-1.000000
0.066685001,4,172,snapshot,256,2409,1.000000,1.000000,1.000000,{"1":2409},1.000000,0.000000,0.000000,0.000000,1.000000,0.000000,-1.000000
0.066685001,4,172,snapshot,1024,2409,1.000000,1.000000,1.000000,{"1":2409},1.000000,0.000000,0.000000,0.000000,1.000000,0.000000,-1.000000
0.066685001,4,172,snapshot,4096,2409,1.000000,1.000000,1.000000,{"1":2409},1.000000,0.000000,0.000000,0.000000,1.000000,0.000000,-1.000000
0.066685001,4,172,snapshot,16384,677,0.815362,0.931807,0.815362,{"1":2409},0.815362,0.161004,0.023634,0.000000,0.815362,0.000000,0.000000
0.066918874,4,173,snapshot,64,2409,1.000000,1.000000,1.000000,{"1":2409},1.000000,0.000000,0.000000,0.000000,1.000000,0.000000,-1.000000
0.066918874,4,173,snapshot,256,2409,1.000000,1.000000,1.000000,{"1":2409},1.000000,0.000000,0.000000,0.000000,1.000000,0.000000,-1.000000
0.066918874,4,173,snapshot,1024,2409,1.000000,1.000000,1.000000,{"1":2409},1.000000,0.000000,0.000000,0.000000,1.000000,0.000000,-1.000000
0.066918874,4,173,snapshot,4096,2409,1.000000,1.000000,1.000000,{"1":2409},1.000000,0.000000,0.000000,0.000000,1.000000,0.000000,-1.000000
0.066918874,4,173,snapshot,16384,677,0.815362,0.931807,0.815362,{"1":2409},0.815362,0.161004,0.023634,0.000000,0.815362,0.000000,0.000000
0.067151693,4,174,snapshot,64,2409,1.000000,1.000000,1.000000,{"1":2409},1.000000,0.000000,0.000000,0.000000,1.000000,0.000000,-1.000000
0.067151693,4,174,snapshot,256,2409,1.000000,1.000000,1.000000,{"1":2409},1.000000,0.000000,0.000000,0.000000,1.000000,0.000000,-1.000000
0.067151693,4,174,snapshot,1024,2409,1.000000,1.000000,1.000000,{"1":2409},1.000000,0.000000,0.000000,0.000000,1.000000,0.000000,-1.000000
0.067151693,4,174,snapshot,4096,2409,1.000000,1.000000,1.000000,{"1":2409},1.000000,0.000000,0.000000,0.000000,1.000000,0.000000,-1.000000
0.067151693,4,174,snapshot,16384,677,0.815362,0.931807,0.815362,{"1":2409},0.815362,0.161004,0.023634,0.000000,0.815362,0.000000,0.000000
0.067403613,4,175,read_only,64,1,1.000000,1.000000,1.000000,{"1":1},1.000000,0.000000,0.000000,0.000000,1.000000,0.000000,-1.000000
0.067403613,4,175,union,64,1,1.000000,1.000000,1.000000,{"1":1},1.000000,0.000000,0.000000,0.000000,1.000000,0.000000,-1.000000
0.067403613,4,175,snapshot,64,2410,1.000000,1.000000,1.000000,{"1":2410},1.000000,0.000000,0.000000,0.000000,1.000000,0.000000,-1.000000
0.067403613,4,175,read_only,256,1,1.000000,1.000000,1.000000,{"1":1},1.000000,0.000000,0.000000,0.000000,1.000000,0.000000,-1.000000
0.067403613,4,175,union,256,1,1.000000,1.000000,1.000000,{"1":1},1.000000,0.000000,0.000000,0.000000,1.000000,0.000000,-1.000000
0.067403613,4,175,snapshot,256,2410,1.000000,1.000000,1.000000,{"1":2410},1.000000,0.000000,0.000000,0.000000,1.000000,0.000000,-1.000000
0.067403613,4,175,read_only,1024,1,1.000000,1.000000,1.000000,{"1":1},1.000000,0.000000,0.000000,0.000000,1.000000,0.000000,-1.000000
0.067403613,4,175,union,1024,1,1.000000,1.000000,1.000000,{"1":1},1.000000,0.000000,0.000000,0.000000,1.000000,0.000000,-1.000000
0.067403613,4,175,snapshot,1024,2410,1.000000,1.000000,1.000000,{"1":2410},1.000000,0.000000,0.000000,0.000000,1.000000,0.000000,-1.000000
0.067403613,4,175,read_only,4096,1,1.000000,1.000000,1.000000,{"1":1},1.000000,0.000000,0.000000,0.000000,1.000000,0.000000,-1.000000
0.067403613,4,175,union,4096,1,1.000000,1.000000,1.000000,{"1":1},1.000000,0.000000,0.000000,0.000000,1.000000,0.000000,-1.000000
0.067403613,4,175,snapshot,4096,2410,1.000000,1.000000,1.000000,{"1":2410},1.000000,0.000000,0.000000,0.000000,1.000000,0.000000,-1.000000
0.067403613,4,175,read_only,16384,1,1.000000,1.000000,1.000000,{"1":1},1.000000,0.000000,0.000000,0.000000,1.000000,0.000000,-1.000000
0.067403613,4,175,union,16384,1,1.000000,1.000000,1.000000,{"1":1},1.000000,0.000000,0.000000,0.000000,1.000000,0.000000,-1.000000
0.067403613,4,175,snapshot,16384,678,0.815634,0.931908,0.815634,{"1":2410},0.815634,0.160767,0.023599,0.000000,0.815634,0.000000,0.000000
0.067666521,4,176,snapshot,64,2410,1.000000,1.000000,1.000000,{"1":2410},1.000000,0.000000,0.000000,0.000000,1.000000,0.000000,-1.000000
0.067666521,4,176,snapshot,256,2410,1.000000,1.000000,1.000000,{"1":2410},1.000000,0.000000,0.000000,0.000000,1.000000,0.000000,-1.000000
0.067666521,4,176,snapshot,1024,2410,1.000000,1.000000,1.000000,{"1":2410},1.000000,0.000000,0.000000,0.000000,1.000000,0.000000,-1.000000
0.067666521,4,176,snapshot,4096,2410,1.000000,1.000000,1.000000,{"1":2410},1.000000,0.000000,0.000000,0.000000,1.000000,0.000000,-1.000000
0.067666521,4,176,snapshot,16384,678,0.815634,0.931908,0.815634,{"1":2410},0.815634,0.160767,0.023599,0.000000,0.815634,0.000000,0.000000
0.067919672,4,177,read_only,64,1,1.000000,1.000000,1.000000,{"1":1},1.000000,0.000000,0.000000,0.000000,1.000000,0.000000,-1.000000
0.067919672,4,177,union,64,1,1.000000,1.000000,1.000000,{"1":1},1.000000,0.000000,0.000000,0.000000,1.000000,0.000000,-1.000000
0.067919672,4,177,snapshot,64,2411,1.000000,1.000000,1.000000,{"1":2411},1.000000,0.000000,0.000000,0.000000,1.000000,0.000000,-1.000000
0.067919672,4,177,read_only,256,1,1.000000,1.000000,1.000000,{"1":1},1.000000,0.000000,0.000000,0.000000,1.000000,0.000000,-1.000000
0.067919672,4,177,union,256,1,1.000000,1.000000,1.000000,{"1":1},1.000000,0.000000,0.000000,0.000000,1.000000,0.000000,-1.000000
0.067919672,4,177,snapshot,256,2411,1.000000,1.000000,1.000000,{"1":2411},1.000000,0.000000,0.000000,0.000000,1.000000,0.000000,-1.000000
0.067919672,4,177,read_only,1024,1,1.000000,1.000000,1.000000,{"1":1},1.000000,0.000000,0.000000,0.000000,1.000000,0.000000,-1.000000
0.067919672,4,177,union,1024,1,1.000000,1.000000,1.000000,{"1":1},1.000000,0.000000,0.000000,0.000000,1.000000,0.000000,-1.000000
0.067919672,4,177,snapshot,1024,2411,1.000000,1.000000,1.000000,{"1":2411},1.000000,0.000000,0.000000,0.000000,1.000000,0.000000,-1.000000
0.067919672,4,177,read_only,4096,1,1.000000,1.000000,1.000000,{"1":1},1.000000,0.000000,0.000000,0.000000,1.000000,0.000000,-1.000000
0.067919672,4,177,union,4096,1,1.000000,1.000000,1.000000,{"1":1},1.000000,0.000000,0.000000,0.000000,1.000000,0.000000,-1.000000
0.067919672,4,177,snapshot,4096,2411,1.000000,1.000000,1.000000,{"1":2411},1.000000,0.000000,0.000000,0.000000,1.000000,0.000000,-1.000000
0.067919672,4,177,read_only,16384,1,1.000000,1.000000,1.000000,{"1":1},1.000000,0.000000,0.000000,0.000000,1.000000,0.000000,-1.000000
0.067919672,4,177,union,16384,1,1.000000,1.000000,1.000000,{"1":1},1.000000,0.000000,0.000000,0.000000,1.000000,0.000000,-1.000000
0.067919672,4,177,snapshot,16384,679,0.815906,0.932008,0.815906,{"1":2411},0.815906,0.160530,0.023564,0.000000,0.815906,0.000000,0.000000
0.068457575,4,179,read_only,64,1,1.000000,1.000000,1.000000,{"1":1},1.000000,0.000000,0.000000,0.000000,1.000000,0.000000,-1.000000
0.068457575,4,179,union,64,1,1.000000,1.000000,1.000000,{"1":1},1.000000,0.000000,0.000000,0.000000,1.000000,0.000000,-1.000000
0.068457575,4,179,read_only,256,1,1.000000,1.000000,1.000000,{"1":1},1.000000,0.000000,0.000000,0.000000,1.000000,0.000000,-1.000000
0.068457575,4,179,union,256,1,1.000000,1.000000,1.000000,{"1":1},1.000000,0.000000,0.000000,0.000000,1.000000,0.000000,-1.000000
0.068457575,4,179,read_only,1024,1,1.000000,1.000000,1.000000,{"1":1},1.000000,0.000000,0.000000,0.000000,1.000000,0.000000,-1.000000
0.068457575,4,179,union,1024,1,1.000000,1.000000,1.000000,{"1":1},1.000000,0.000000,0.000000,0.000000,1.000000,0.000000,-1.000000
0.068457575,4,179,read_only,4096,1,1.000000,1.000000,1.000000,{"1":1},1.000000,0.000000,0.000000,0.000000,1.000000,0.000000,-1.000000
0.068457575,4,179,union,4096,1,1.000000,1.000000,1.000000,{"1":1},1.000000,0.000000,0.000000,0.000000,1.000000,0.000000,-1.000000
0.068457575,4,179,read_only,16384,1,1.000000,1.000000,1.000000,{"1":1},1.000000,0.000000,0.000000,0.000000,1.000000,0.000000,-1.000000
0.068457575,4,179,union,16384,1,1.000000,1.000000,1.000000,{"1":1},1.000000,0.000000,0.000000,0.000000,1.000000,0.000000,-1.000000
0.068691893,4,180,read_only,64,6,1.000000,1.000000,1.000000,{"1":6},1.000000,0.000000,0.000000,0.000000,1.000000,0.000000,-1.000000
0.068691893,4,180,union,64,6,1.000000,1.000000,1.000000,{"1":6},1.000000,0.000000,0.000000,0.000000,1.000000,0.000000,-1.000000
0.068691893,4,180,snapshot,64,6,1.000000,1.000000,1.000000,{"1":6},1.000000,0.000000,0.000000,0.000000,1.000000,0.000000,-1.000000
0.068691893,4,180,read_only,256,6,1.000000,1.000000,1.000000,{"1":6},1.000000,0.000000,0.000000,0.000000,1.000000,0.000000,-1.000000
0.068691893,4,180,union,256,6,1.000000,1.000000,1.000000,{"1":6},1.000000,0.000000,0.000000,0.000000,1.000000,0.000000,-1.000000
0.068691893,4,180,snapshot,256,6,1.000000,1.000000,1.000000,{"1":6},1.000000,0.000000,0.000000,0.000000,1.000000,0.000000,-1.000000
0.068691893,4,180,read_only,1024,6,1.000000,1.000000,1.000000,{"1":6},1.000000,0.000000,0.000000,0.000000,1.000000,0.000000,-1.000000
0.068691893,4,180,union,1024,6,1.000000,1.000000,1.000000,{"1":6},1.000000,0.000000,0.000000,0.000000,1.000000,0.000000,-1.000000
0.068691893,4,180,snapshot,1024,6,1.000000,1.000000,1.000000,{"1":6},1.000000,0.000000,0.000000,0.000000,1.000000,0.000000,-1.000000
0.068691893,4,180,read_only,4096,6,1.000000,1.000000,1.000000,{"1":6},1.000000,0.000000,0.000000,0.000000,1.000000,0.000000,-1.000000
0.068691893,4,180,union,4096,6,1.000000,1.000000,1.000000,{"1":6},1.000000,0.000000,0.000000,0.000000,1.000000,0.000000,-1.000000
0.068691893,4,180,snapshot,4096,6,1.000000,1.000000,1.000000,{"1":6},1.000000,0.000000,0.000000,0.000000,1.000000,0.000000,-1.000000
0.068691893,4,180,read_only,16384,3,1.000000,1.000000,1.000000,{"1":6},1.000000,0.000000,0.000000,0.000000,1.000000,0.000000,-1.000000
0.068691893,4,180,union,16384,3,1.000000,1.000000,1.000000,{"1":6},1.000000,0.000000,0.000000,0.000000,1.000000,0.000000,-1.000000
0.068691893,4,180,snapshot,16384,3,1.000000,1.000000,1.000000,{"1":6},1.000000,0.000000,0.000000,0.000000,1.000000,0.000000,-1.000000
0.068986836,4,181,snapshot,64,6,1.000000,1.000000,1.000000,{"1":6},1.000000,0.000000,0.000000,0.000000,1.000000,0.000000,-1.000000
0.068986836,4,181,snapshot,256,6,1.000000,1.000000,1.000000,{"1":6},1.000000,0.000000,0.000000,0.000000,1.000000,0.000000,-1.000000
0.068986836,4,181,snapshot,1024,6,1.000000,1.000000,1.000000,{"1":6},1.000000,0.000000,0.000000,0.000000,1.000000,0.000000,-1.000000
0.068986836,4,181,snapshot,4096,6,1.000000,1.000000,1.000000,{"1":6},1.000000,0.000000,0.000000,0.000000,1.000000,0.000000,-1.000000
0.068986836,4,181,snapshot,16384,3,1.000000,1.000000,1.000000,{"1":6},1.000000,0.000000,0.000000,0.000000,1.000000,0.000000,-1.000000
0.069228532,4,182,read_only,64,3,1.000000,1.000000,1.000000,{"1":3},1.000000,0.000000,0.000000,0.000000,1.000000,0.000000,-1.000000
0.069228532,4,182,union,64,3,1.000000,1.000000,1.000000,{"1":3},1.000000,0.000000,0.000000,0.000000,1.000000,0.000000,-1.000000
0.069228532,4,182,snapshot,64,9,1.000000,1.000000,1.000000,{"1":9},1.000000,0.000000,0.000000,0.000000,1.000000,0.000000,-1.000000
0.069228532,4,182,read_only,256,3,1.000000,1.000000,1.000000,{"1":3},1.000000,0.000000,0.000000,0.000000,1.000000,0.000000,-1.000000
0.069228532,4,182,union,256,3,1.000000,1.000000,1.000000,{"1":3},1.000000,0.000000,0.000000,0.000000,1.000000,0.000000,-1.000000
0.069228532,4,182,snapshot,256,9,1.000000,1.000000,1.000000,{"1":9},1.000000,0.000000,0.000000,0.000000,1.000000,0.000000,-1.000000
0.069228532,4,182,read_only,1024,3,1.000000,1.000000,1.000000,{"1":3},1.000000,0.000000,0.000000,0.000000,1.000000,0.000000,-1.000000
0.069228532,4,182,union,1024,3,1.000000,1.000000,1.000000,{"1":3},1.000000,0.000000,0.000000,0.000000,1.000000,0.000000,-1.000000
0.069228532,4,182,snapshot,1024,9,1.000000,1.000000,1.000000,{"1":9},1.000000,0.000000,0.000000,0.000000,1.000000,0.000000,-1.000000
0.069228532,4,182,read_only,4096,3,1.000000,1.000000,1.000000,{"1":3},1.000000,0.000000,0.000000,0.000000,1.000000,0.000000,-1.000000
0.069228532,4,182,union,4096,3,1.000000,1.000000,1.000000,{"1":3},1.000000,0.000000,0.000000,0.000000,1.000000,0.000000,-1.000000
0.069228532,4,182,snapshot,4096,9,1.000000,1.000000,1.000000,{"1":9},1.000000,0.000000,0.000000,0.000000,1.000000,0.000000,-1.000000
0.069228532,4,182,read_only,16384,2,1.000000,1.000000,1.000000,{"1":3},1.000000,0.000000,0.000000,0.000000,1.000000,0.000000,-1.000000
0.069228532,4,182,union,16384,2,1.000000,1.000000,1.000000,{"1":3},1.000000,0.000000,0.000000,0.000000,1.000000,0.000000,-1.000000
0.069228532,4,182,snapshot,16384,5,1.000000,1.000000,1.000000,{"1":9},1.000000,0.000000,0.000000,0.000000,1.000000,0.000000,-1.000000
0.069470978,4,183,snapshot,64,9,1.000000,1.000000,1.000000,{"1":9},1.000000,0.000000,0.000000,0.000000,1.000000,0.000000,-1.000000
0.069470978,4,183,snapshot,256,9,1.000000,1.000000,1.000000,{"1":9},1.000000,0.000000,0.000000,0.000000,1.000000,0.000000,-1.000000
0.069470978,4,183,snapshot,1024,9,1.000000,1.000000,1.000000,{"1":9},1.000000,0.000000,0.000000,0.000000,1.000000,0.000000,-1.000000
0.069470978,4,183,snapshot,4096,9,1.000000,1.000000,1.000000,{"1":9},1.000000,0.000000,0.000000,0.000000,1.000000,0.000000,-1.000000
0.069470978,4,183,snapshot,16384,5,1.000000,1.000000,1.000000,{"1":9},1.000000,0.000000,0.000000,0.000000,1.000000,0.000000,-1.000000
0.069733194,4,184,snapshot,64,9,1.000000,1.000000,1.000000,{"1":9},1.000000,0.000000,0.000000,0.000000,1.000000,0.000000,-1.000000
0.069733194,4,184,snapshot,256,9,1.000000,1.000000,1.000000,{"1":9},1.000000,0.000000,0.000000,0.000000,1.000000,0.000000,-1.000000
0.069733194,4,184,snapshot,1024,9,1.000000,1.000000,1.000000,{"1":9},1.000000,0.000000,0.000000,0.000000,1.000000,0.000000,-1.000000
0.069733194,4,184,snapshot,4096,9,1.000000,1.000000,1.000000,{"1":9},1.000000,0.000000,0.000000,0.000000,1.000000,0.000000,-1.000000
0.069733194,4,184,snapshot,16384,5,1.000000,1.000000,1.000000,{"1":9},1.000000,0.000000,0.000000,0.000000,1.000000,0.000000,-1.000000
0.070011563,4,185,read_only,64,2,1.000000,1.000000,1.000000,{"1":2},1.000000,0.000000,0.000000,0.000000,1.000000,0.000000,-1.000000
0.070011563,4,185,union,64,2,1.000000,1.000000,1.000000,{"1":2},1.000000,0.000000,0.000000,0.000000,1.000000,0.000000,-1.000000
0.070011563,4,185,snapshot,64,11,1.000000,1.000000,1.000000,{"1":11},1.000000,0.000000,0.000000,0.000000,1.000000,0.000000,-1.000000
0.070011563,4,185,read_only,256,2,1.000000,1.000000,1.000000,{"1":2},1.000000,0.000000,0.000000,0.000000,1.000000,0.000000,-1.000000
0.070011563,4,185,union,256,2,1.000000,1.000000,1.000000,{"1":2},1.000000,0.000000,0.000000,0.000000,1.000000,0.000000,-1.000000
0.070011563,4,185,snapshot,256,11,1.000000,1.000000,1.000000,{"1":11},1.000000,0.000000,0.000000,0.000000,1.000000,0.000000,-1.000000
0.070011563,4,185,read_only,1024,2,1.000000,1.000000,1.000000,{"1":2},1.000000,0.000000,0.000000,0.000000,1.000000,0.000000,-1.000000
0.070011563,4,185,union,1024,2,1.000000,1.000000,1.000000,{"1":2},1.000000,0.000000,0.000000,0.000000,1.000000,0.000000,-1.000000
0.070011563,4,185,snapshot,1024,11,1.000000,1.000000,1.000000,{"1":11},1.000000,0.000000,0.000000,0.000000,1.000000,0.000000,-1.000000
0.070011563,4,185,read_only,4096,2,1.000000,1.000000,1.000000,{"1":2},1.000000,0.000000,0.000000,0.000000,1.000000,0.000000,-1.000000
0.070011563,4,185,union,4096,2,1.000000,1.000000,1.000000,{"1":2},1.000000,0.000000,0.000000,0.000000,1.000000,0.000000,-1.000000
0.070011563,4,185,snapshot,4096,11,1.000000,1.000000,1.000000,{"1":11},1.000000,0.000000,0.000000,0.000000,1.000000,0.000000,-1.000000
0.070011563,4,185,read_only,16384,1,1.000000,1.000000,1.000000,{"1":2},1.000000,0.000000,0.000000,0.000000,1.000000,0.000000,-1.000000
0.070011563,4,185,union,16384,1,1.000000,1.000000,1.000000,{"1":2},1.000000,0.000000,0.000000,0.000000,1.000000,0.000000,-1.000000
0.070011563,4,185,snapshot,16384,6,1.000000,1.000000,1.000000,{"1":11},1.000000,0.000000,0.000000,0.000000,1.000000,0.000000,-1.000000
0.070243109,4,186,snapshot,64,11,1.000000,1.000000,1.000000,{"1":11},1.000000,0.000000,0.000000,0.000000,1.000000,0.000000,-1.000000
0.070243109,4,186,snapshot,256,11,1.000000,1.000000,1.000000,{"1":11},1.000000,0.000000,0.000000,0.000000,1.000000,0.000000,-1.000000
0.070243109,4,186,snapshot,1024,11,1.000000,1.000000,1.000000,{"1":11},1.000000,0.000000,0.000000,0.000000,1.000000,0.000000,-1.000000
0.070243109,4,186,snapshot,4096,11,1.000000,1.000000,1.000000,{"1":11},1.000000,0.000000,0.000000,0.000000,1.000000,0.000000,-1.000000
0.070243109,4,186,snapshot,16384,6,1.000000,1.000000,1.000000,{"1":11},1.000000,0.000000,0.000000,0.000000,1.000000,0.000000,-1.000000
0.070477844,4,187,snapshot,64,11,1.000000,1.000000,1.000000,{"1":11},1.000000,0.000000,0.000000,0.000000,1.000000,0.000000,-1.000000
0.070477844,4,187,snapshot,256,11,1.000000,1.000000,1.000000,{"1":11},1.000000,0.000000,0.000000,0.000000,1.000000,0.000000,-1.000000
0.070477844,4,187,snapshot,1024,11,1.000000,1.000000,1.000000,{"1":11},1.000000,0.000000,0.000000,0.000000,1.000000,0.000000,-1.000000
0.070477844,4,187,snapshot,4096,11,1.000000,1.000000,1.000000,{"1":11},1.000000,0.000000,0.000000,0.000000,1.000000,0.000000,-1.000000
0.070477844,4,187,snapshot,16384,6,1.000000,1.000000,1.000000,{"1":11},1.000000,0.000000,0.000000,0.000000,1.000000,0.000000,-1.000000
0.070772027,4,188,snapshot,64,11,1.000000,1.000000,1.000000,{"1":11},1.000000,0.000000,0.000000,0.000000,1.000000,0.000000,-1.000000
0.070772027,4,188,snapshot,256,11,1.000000,1.000000,1.000000,{"1":11},1.000000,0.000000,0.000000,0.000000,1.000000,0.000000,-1.000000
0.070772027,4,188,snapshot,1024,11,1.000000,1.000000,1.000000,{"1":11},1.000000,0.000000,0.000000,0.000000,1.000000,0.000000,-1.000000
0.070772027,4,188,snapshot,4096,11,1.000000,1.000000,1.000000,{"1":11},1.000000,0.000000,0.000000,0.000000,1.000000,0.000000,-1.000000
0.070772027,4,188,snapshot,16384,6,1.000000,1.000000,1.000000,{"1":11},1.000000,0.000000,0.000000,0.000000,1.000000,0.000000,-1.000000
0.071016159,4,189,read_only,64,2,1.000000,1.000000,1.000000,{"1":2},1.000000,0.000000,0.000000,0.000000,1.000000,0.000000,-1.000000
0.071016159,4,189,union,64,2,1.000000,1.000000,1.000000,{"1":2},1.000000,0.000000,0.000000,0.000000,1.000000,0.000000,-1.000000
0.071016159,4,189,snapshot,64,13,1.000000,1.000000,1.000000,{"1":13},1.000000,0.000000,0.000000,0.000000,1.000000,0.000000,-1.000000
0.071016159,4,189,read_only,256,2,1.000000,1.000000,1.000000,{"1":2},1.000000,0.000000,0.000000,0.000000,1.000000,0.000000,-1.000000
0.071016159,4,189,union,256,2,1.000000,1.000000,1.000000,{"1":2},1.000000,0.000000,0.000000,0.000000,1.000000,0.000000,-1.000000
0.071016159,4,189,snapshot,256,13,1.000000,1.000000,1.000000,{"1":13},1.000000,0.000000,0.000000,0.000000,1.000000,0.000000,-1.000000
0.071016159,4,189,read_only,1024,2,1.000000,1.000000,1.000000,{"1":2},1.000000,0.000000,0.000000,0.000000,1.000000,0.000000,-1.000000
0.071016159,4,189,union,1024,2,1.000000,1.000000,1.000000,{"1":2},1.000000,0.000000,0.000000,0.000000,1.000000,0.000000,-1.000000
0.071016159,4,189,snapshot,1024,13,1.000000,1.000000,1.000000,{"1":13},1.000000,0.000000,0.000000,0.000000,1.000000,0.000000,-1.000000
0.071016159,4,189,read_only,4096,2,1.000000,1.000000,1.000000,{"1":2},1.000000,0.000000,0.000000,0.000000,1.000000,0.000000,-1.000000
0.071016159,4,189,union,4096,2,1.000000,1.000000,1.000000,{"1":2},1.000000,0.000000,0.000000,0.000000,1.000000,0.000000,-1.000000
0.071016159,4,189,snapshot,4096,13,1.000000,1.000000,1.000000,{"1":13},1.000000,0.000000,0.000000,0.000000,1.000000,0.000000,-1.000000
0.071016159,4,189,read_only,16384,1,1.000000,1.000000,1.000000,{"1":2},1.000000,0.000000,0.000000,0.000000,1.000000,0.000000,-1.000000
0.071016159,4,189,union,16384,1,1.000000,1.000000,1.000000,{"1":2},1.000000,0.000000,0.000000,0.000000,1.000000,0.000000,-1.000000
0.071016159,4,189,snapshot,16384,7,1.000000,1.000000,1.000000,{"1":13},1.000000,0.000000,0.000000,0.000000,1.000000,0.000000,-1.000000
0.071254199,4,190,read_only,64,3,1.000000,1.000000,1.000000,{"1":3},1.000000,0.000000,0.000000,0.000000,1.000000,0.000000,-1.000000
0.071254199,4,190,union,64,3,1.000000,1.000000,1.000000,{"1":3},1.000000,0.000000,0.000000,0.000000,1.000000,0.000000,-1.000000
0.071254199,4,190,snapshot,64,16,1.000000,1.000000,1.000000,{"1":16},1.000000,0.000000,0.000000,0.000000,1.000000,0.000000,-1.000000
0.071254199,4,190,read_only,256,3,1.000000,1.000000,1.000000,{"1":3},1.000000,0.000000,0.000000,0.000000,1.000000,0.000000,-1.000000
0.071254199,4,190,union,256,3,1.000000,1.000000,1.000000,{"1":3},1.000000,0.000000,0.000000,0.000000,1.000000,0.000000,-1.000000
0.071254199,4,190,snapshot,256,16,1.000000,1.000000,1.000000,{"1":16},1.000000,0.000000,0.000000,0.000000,1.000000,0.000000,-1.000000
0.071254199,4,190,read_only,1024,3,1.000000,1.000000,1.000000,{"1":3},1.000000,0.000000,0.000000,0.000000,1.000000,0.000000,-1.000000
0.071254199,4,190,union,1024,3,1.000000,1.000000,1.000000,{"1":3},1.000000,0.000000,0.000000,0.000000,1.000000,0.000000,-1.000000
0.071254199,4,190,snapshot,1024,16,1.000000,1.000000,1.000000,{"1":16},1.000000,0.000000,0.000000,0.000000,1.000000,0.000000,-1.000000
0.071254199,4,190,read_only,4096,3,1.000000,1.000000,1.000000,{"1":3},1.000000,0.000000,0.000000,0.000000,1.000000,0.000000,-1.000000
0.071254199,4,190,union,4096,3,1.000000,1.000000,1.000000,{"1":3},1.000000,0.000000,0.000000,0.000000,1.000000,0.000000,-1.000000
0.071254199,4,190,snapshot,4096,16,1.000000,1.000000,1.000000,{"1":16},1.000000,0.000000,0.000000,0.000000,1.000000,0.000000,-1.000000
0.071254199,4,190,read_only,16384,1,1.000000,1.000000,1.000000,{"1":3},1.000000,0.000000,0.000000,0.000000,1.000000,0.000000,-1.000000
0.071254199,4,190,union,16384,1,1.000000,1.000000,1.000000,{"1":3},1.000000,0.000000,0.000000,0.000000,1.000000,0.000000,-1.000000
0.071254199,4,190,snapshot,16384,8,1.000000,1.000000,1.000000,{"1":16},1.000000,0.000000,0.000000,0.000000,1.000000,0.000000,-1.000000
0.071741867,4,192,read_only,64,2,1.000000,1.000000,1.000000,{"1":2},1.000000,0.000000,0.000000,0.000000,1.000000,0.000000,-1.000000
0.071741867,4,192,union,64,2,1.000000,1.000000,1.000000,{"1":2},1.000000,0.000000,0.000000,0.000000,1.000000,0.000000,-1.000000
0.071741867,4,192,snapshot,64,2,1.000000,1.000000,1.000000,{"1":2},1.000000,0.000000,0.000000,0.000000,1.000000,0.000000,-1.000000
0.071741867,4,192,read_only,256,2,1.000000,1.000000,1.000000,{"1":2},1.000000,0.000000,0.000000,0.000000,1.000000,0.000000,-1.000000
0.071741867,4,192,union,256,2,1.000000,1.000000,1.000000,{"1":2},1.000000,0.000000,0.000000,0.000000,1.000000,0.000000,-1.000000
0.071741867,4,192,snapshot,256,2,1.000000,1.000000,1.000000,{"1":2},1.000000,0.000000,0.000000,0.000000,1.000000,0.000000,-1.000000
0.071741867,4,192,read_only,1024,2,1.000000,1.000000,1.000000,{"1":2},1.000000,0.000000,0.000000,0.000000,1.000000,0.000000,-1.000000
0.071741867,4,192,union,1024,2,1.000000,1.000000,1.000000,{"1":2},1.000000,0.000000,0.000000,0.000000,1.000000,0.000000,-1.000000
0.071741867,4,192,snapshot,1024,2,1.000000,1.000000,1.000000,{"1":2},1.000000,0.000000,0.000000,0.000000,1.000000,0.000000,-1.000000
0.071741867,4,192,read_only,4096,2,1.000000,1.000000,1.000000,{"1":2},1.000000,0.000000,0.000000,0.000000,1.000000,0.000000,-1.000000
0.071741867,4,192,union,4096,2,1.000000,1.000000,1.000000,{"1":2},1.000000,0.000000,0.000000,0.000000,1.000000,0.000000,-1.000000
0.071741867,4,192,snapshot,4096,2,1.000000,1.000000,1.000000,{"1":2},1.000000,0.000000,0.000000,0.000000,1.000000,0.000000,-1.000000
0.071741867,4,192,read_only,16384,2,1.000000,1.000000,1.000000,{"1":2},1.000000,0.000000,0.000000,0.000000,1.000000,0.000000,-1.000000
0.071741867,4,192,union,16384,2,1.000000,1.000000,1.000000,{"1":2},1.000000,0.000000,0.000000,0.000000,1.000000,0.000000,-1.000000
0.071741867,4,192,snapshot,16384,2,1.000000,1.000000,1.000000,{"1":2},1.000000,0.000000,0.000000,0.000000,1.000000,0.000000,-1.000000
0.072037903,4,193,snapshot,64,2,1.000000,1.000000,1.000000,{"1":2},1.000000,0.000000,0.000000,0.000000,1.000000,0.000000,-1.000000
0.072037903,4,193,snapshot,256,2,1.000000,1.000000,1.000000,{"1":2},1.000000,0.000000,0.000000,0.000000,1.000000,0.000000,-1.000000
0.072037903,4,193,snapshot,1024,2,1.000000,1.000000,1.000000,{"1":2},1.000000,0.000000,0.000000,0.000000,1.000000,0.000000,-1.000000
0.072037903,4,193,snapshot,4096,2,1.000000,1.000000,1.000000,{"1":2},1.000000,0.000000,0.000000,0.000000,1.000000,0.000000,-1.000000
0.072037903,4,193,snapshot,16384,2,1.000000,1.000000,1.000000,{"1":2},1.000000,0.000000,0.000000,0.000000,1.000000,0.000000,-1.000000
0.072284075,4,194,read_only,64,7,1.000000,1.000000,1.000000,{"1":7},1.000000,0.000000,0.000000,0.000000,1.000000,0.000000,-1.000000
0.072284075,4,194,union,64,7,1.000000,1.000000,1.000000,{"1":7},1.000000,0.000000,0.000000,0.000000,1.000000,0.000000,-1.000000
0.072284075,4,194,snapshot,64,9,1.000000,1.000000,1.000000,{"1":9},1.000000,0.000000,0.000000,0.000000,1.000000,0.000000,-1.000000
0.072284075,4,194,read_only,256,7,1.000000,1.000000,1.000000,{"1":7},1.000000,0.000000,0.000000,0.000000,1.000000,0.000000,-1.000000
0.072284075,4,194,union,256,7,1.000000,1.000000,1.000000,{"1":7},1.000000,0.000000,0.000000,0.000000,1.000000,0.000000,-1.000000
0.072284075,4,194,snapshot,256,9,1.000000,1.000000,1.000000,{"1":9},1.000000,0.000000,0.000000,0.000000,1.000000,0.000000,-1.000000
0.072284075,4,194,read_only,1024,7,1.000000,1.000000,1.000000,{"1":7},1.000000,0.000000,0.000000,0.000000,1.000000,0.000000,-1.000000
0.072284075,4,194,union,1024,7,1.000000,1.000000,1.000000,{"1":7},1.000000,0.000000,0.000000,0.000000,1.000000,0.000000,-1.000000
0.072284075,4,194,snapshot,1024,9,1.000000,1.000000,1.000000,{"1":9},1.000000,0.000000,0.000000,0.000000,1.000000,0.000000,-1.000000
0.072284075,4,194,read_only,4096,7,1.000000,1.000000,1.000000,{"1":7},1.000000,0.000000,0.000000,0.000000,1.000000,0.000000,-1.000000
0.072284075,4,194,union,4096,7,1.000000,1.000000,1.000000,{"1":7},1.000000,0.000000,0.000000,0.000000,1.000000,0.000000,-1.000000
0.072284075,4,194,snapshot,4096,9,1.000000,1.000000,1.000000,{"1":9},1.000000,0.000000,0.000000,0.000000,1.000000,0.000000,-1.000000
0.072284075,4,194,read_only,16384,2,1.000000,1.000000,1.000000,{"1":7},1.000000,0.000000,0.000000,0.000000,1.000000,0.000000,-1.000000
0.072284075,4,194,union,16384,2,1.000000,1.000000,1.000000,{"1":7},1.000000,0.000000,0.000000,0.000000,1.000000,0.000000,-1.000000
0.072284075,4,194,snapshot,16384,4,1.000000,1.000000,1.000000,{"1":9},1.000000,0.000000,0.000000,0.000000,1.000000,0.000000,-1.000000
0.072534731,4,195,read_only,64,8,1.000000,1.000000,1.000000,{"1":8},1.000000,0.000000,0.000000,0.000000,1.000000,0.000000,-1.000000
0.072534731,4,195,union,64,8,1.000000,1.000000,1.000000,{"1":8},1.000000,0.000000,0.000000,0.000000,1.000000,0.000000,-1.000000
0.072534731,4,195,snapshot,64,17,1.000000,1.000000,1.000000,{"1":17},1.000000,0.000000,0.000000,0.000000,1.000000,0.000000,-1.000000
0.072534731,4,195,read_only,256,8,1.000000,1.000000,1.000000,{"1":8},1.000000,0.000000,0.000000,0.000000,1.000000,0.000000,-1.000000
0.072534731,4,195,union,256,8,1.000000,1.000000,1.000000,{"1":8},1.000000,0.000000,0.000000,0.000000,1.000000,0.000000,-1.000000
0.072534731,4,195,snapshot,256,17,1.000000,1.000000,1.000000,{"1":17},1.000000,0.000000,0.000000,0.000000,1.000000,0.000000,-1.000000
0.072534731,4,195,read_only,1024,8,1.000000,1.000000,1.000000,{"1":8},1.000000,0.000000,0.000000,0.000000,1.000000,0.000000,-1.000000
0.072534731,4,195,union,1024,8,1.000000,1.000000,1.000000,{"1":8},1.000000,0.000000,0.000000,0.000000,1.000000,0.000000,-1.000000
0.072534731,4,195,snapshot,1024,17,1.000000,1.000000,1.000000,{"1":17},1.000000,0.000000,0.000000,0.000000,1.000000,0.000000,-1.000000
0.072534731,4,195,read_only,4096,8,1.000000,1.000000,1.000000,{"1":8},1.000000,0.000000,0.000000,0.000000,1.000000,0.000000,-1.000000
0.072534731,4,195,union,4096,8,1.000000,1.000000,1.000000,{"1":8},1.000000,0.000000,0.000000,0.000000,1.000000,0.000000,-1.000000
0.072534731,4,195,snapshot,4096,17,1.000000,1.000000,1.000000,{"1":17},1.000000,0.000000,0.000000,0.000000,1.000000,0.000000,-1.000000
0.072534731,4,195,read_only,16384,3,0.666667,0.916667,0.666667,{"1":8},0.666667,0.333333,0.000000,0.000000,0.666667,0.000000,0.000000
0.072534731,4,195,union,16384,3,0.666667,0.916667,0.666667,{"1":8},0.666667,0.333333,0.000000,0.000000,0.666667,0.000000,0.000000
0.072534731,4,195,snapshot,16384,7,0.857143,0.964286,0.857143,{"1":17},0.857143,0.142857,0.000000,0.000000,0.857143,0.000000,0.000000
0.072794041,4,196,snapshot,64,17,1.000000,1.000000,1.000000,{"1":17},1.000000,0.000000,0.000000,0.000000,1.000000,0.000000,-1.000000
0.072794041,4,196,snapshot,256,17,1.000000,1.000000,1.000000,{"1":17},1.000000,0.000000,0.000000,0.000000,1.000000,0.000000,-1.000000
0.072794041,4,196,snapshot,1024,17,1.000000,1.000000,1.000000,{"1":17},1.000000,0.000000,0.000000,0.000000,1.000000,0.000000,-1.000000
0.072794041,4,196,snapshot,4096,17,1.000000,1.000000,1.000000,{"1":17},1.000000,0.000000,0.000000,0.000000,1.000000,0.000000,-1.000000
0.072794041,4,196,snapshot,16384,7,0.857143,0.964286,0.857143,{"1":17},0.857143,0.142857,0.000000,0.000000,0.857143,0.000000,0.000000
0.073071439,4,197,read_only,64,1,1.000000,1.000000,1.000000,{"1":1},1.000000,0.000000,0.000000,0.000000,1.000000,0.000000,-1.000000
0.073071439,4,197,union,64,1,1.000000,1.000000,1.000000,{"1":1},1.000000,0.000000,0.000000,0.000000,1.000000,0.000000,-1.000000
0.073071439,4,197,snapshot,64,18,1.000000,1.000000,1.000000,{"1":18},1.000000,0.000000,0.000000,0.000000,1.000000,0.000000,-1.000000
0.073071439,4,197,read_only,256,1,1.000000,1.000000,1.000000,{"1":1},1.000000,0.000000,0.000000,0.000000,1.000000,0.000000,-1.000000
0.073071439,4,197,union,256,1,1.000000,1.000000,1.000000,{"1":1},1.000000,0.000000,0.000000,0.000000,1.000000,0.000000,-1.000000
0.073071439,4,197,snapshot,256,18,1.000000,1.000000,1.000000,{"1":18},1.000000,0.000000,0.000000,0.000000,1.000000,0.000000,-1.000000
0.073071439,4,197,read_only,1024,1,1.000000,1.000000,1.000000,{"1":1},1.000000,0.000000,0.000000,0.000000,1.000000,0.000000,-1.000000
0.073071439,4,197,union,1024,1,1.000000,1.000000,1.000000,{"1":1},1.000000,0.000000,0.000000,0.000000,1.000000,0.000000,-1.000000
0.073071439,4,197,snapshot,1024,18,1.000000,1.000000,1.000000,{"1":18},1.000000,0.000000,0.000000,0.000000,1.000000,0.000000,-1.000000
0.073071439,4,197,read_only,4096,1,1.000000,1.000000,1.000000,{"1":1},1.000000,0.000000,0.000000,0.000000,1.000000,0.000000,-1.000000
0.073071439,4,197,union,4096,1,1.000000,1.000000,1.000000,{"1":1},1.000000,0.000000,0.000000,0.000000,1.000000,0.000000,-1.000000
0.073071439,4,197,snapshot,4096,18,1.000000,1.000000,1.000000,{"1":18},1.000000,0.000000,0.000000,0.000000,1.000000,0.000000,-1.000000
0.073071439,4,197,read_only,16384,1,1.000000,1.000000,1.000000,{"1":1},1.000000,0.000000,0.000000,0.000000,1.000000,0.000000,-1.000000
0.073071439,4,197,union,16384,1,1.000000,1.000000,1.000000,{"1":1},1.000000,0.000000,0.000000,0.000000,1.000000,0.000000,-1.000000
0.073071439,4,197,snapshot,16384,8,0.875000,0.968750,0.875000,{"1":18},0.875000,0.125000,0.000000,0.000000,0.875000,0.000000,0.000000
0.073308545,4,198,read_only,64,1,1.000000,1.000000,1.000000,{"1":1},1.000000,0.000000,0.000000,0.000000,1.000000,0.000000,-1.000000
0.073308545,4,198,union,64,1,1.000000,1.000000,1.000000,{"1":1},1.000000,0.000000,0.000000,0.000000,1.000000,0.000000,-1.000000
0.073308545,4,198,snapshot,64,19,1.000000,1.000000,1.000000,{"1":19},1.000000,0.000000,0.000000,0.000000,1.000000,0.000000,-1.000000
0.073308545,4,198,read_only,256,1,1.000000,1.000000,1.000000,{"1":1},1.000000,0.000000,0.000000,0.000000,1.000000,0.000000,-1.000000
0.073308545,4,198,union,256,1,1.000000,1.000000,1.000000,{"1":1},1.000000,0.000000,0.000000,0.000000,1.000000,0.000000,-1.000000
0.073308545,4,198,snapshot,256,19,1.000000,1.000000,1.000000,{"1":19},1.000000,0.000000,0.000000,0.000000,1.000000,0.000000,-1.000000
0.073308545,4,198,read_only,1024,1,1.000000,1.000000,1.000000,{"1":1},1.000000,0.000000,0.000000,0.000000,1.000000,0.000000,-1.000000
0.073308545,4,198,union,1024,1,1.000000,1.000000,1.000000,{"1":1},1.000000,0.000000,0.000000,0.000000,1.000000,0.000000,-1.000000
0.073308545,4,198,snapshot,1024,19,1.000000,1.000000,1.000000,{"1":19},1.000000,0.000000,0.000000,0.000000,1.000000,0.000000,-1.000000
0.073308545,4,198,read_only,4096,1,1.000000,1.000000,1.000000,{"1":1},1.000000,0.000000,0.000000,0.000000,1.000000,0.000000,-1.000000
0.073308545,4,198,union,4096,1,1.000000,1.000000,1.000000,{"1":1},1.000000,0.000000,0.000000,0.000000,1.000000,0.000000,-1.000000
0.073308545,4,198,snapshot,4096,19,1.000000,1.000000,1.000000,{"1":19},1.000000,0.000000,0.000000,0.000000,1.000000,0.000000,-1.000000
0.073308545,4,198,read_only,16384,1,1.000000,1.000000,1.000000,{"1":1},1.000000,0.000000,0.000000,0.000000,1.000000,0.000000,-1.000000
0.073308545,4,198,union,16384,1,1.000000,1.000000,1.000000,{"1":1},1.000000,0.000000,0.000000,0.000000,1.000000,0.000000,-1.000000
0.073308545,4,198,snapshot,16384,8,0.750000,0.906250,0.750000,{"1":19},0.750000,0.250000,0.000000,0.000000,0.750000,0.000000,0.000000
0.073538911,4,199,snapshot,64,19,1.000000,1.000000,1.000000,{"1":19},1.000000,0.000000,0.000000,0.000000,1.000000,0.000000,-1.000000
0.073538911,4,199,snapshot,256,19,1.000000,1.000000,1.000000,{"1":19},1.000000,0.000000,0.000000,0.000000,1.000000,0.000000,-1.000000
0.073538911,4,199,snapshot,1024,19,1.000000,1.000000,1.000000,{"1":19},1.000000,0.000000,0.000000,0.000000,1.000000,0.000000,-1.000000
0.073538911,4,199,snapshot,4096,19,1.000000,1.000000,1.000000,{"1":19},1.000000,0.000000,0.000000,0.000000,1.000000,0.000000,-1.000000
0.073538911,4,199,snapshot,16384,8,0.750000,0.906250,0.750000,{"1":19},0.750000,0.250000,0.000000,0.000000,0.750000,0.000000,0.000000
0.073859646,4,200,read_only,64,8,1.000000,1.000000,1.000000,{"1":8},1.000000,0.000000,0.000000,0.000000,1.000000,0.000000,-1.000000
0.073859646,4,200,union,64,8,1.000000,1.000000,1.000000,{"1":8},1.000000,0.000000,0.000000,0.000000,1.000000,0.000000,-1.000000
0.073859646,4,200,snapshot,64,27,1.000000,1.000000,1.000000,{"1":27},1.000000,0.000000,0.000000,0.000000,1.000000,0.000000,-1.000000
0.073859646,4,200,read_only,256,8,1.000000,1.000000,1.000000,{"1":8},1.000000,0.000000,0.000000,0.000000,1.000000,0.000000,-1.000000
0.073859646,4,200,union,256,8,1.000000,1.000000,1.000000,{"1":8},1.000000,0.000000,0.000000,0.000000,1.000000,0.000000,-1.000000
0.073859646,4,200,snapshot,256,27,1.000000,1.000000,1.000000,{"1":27},1.000000,0.000000,0.000000,0.000000,1.000000,0.000000,-1.000000
0.073859646,4,200,read_only,1024,8,1.000000,1.000000,1.000000,{"1":8},1.000000,0.000000,0.000000,0.000000,1.000000,0.000000,-1.000000
0.073859646,4,200,union,1024,8,1.000000,1.000000,1.000000,{"1":8},1.000000,0.000000,0.000000,0.000000,1.000000,0.000000,-1.000000
0.073859646,4,200,snapshot,1024,27,1.000000,1.000000,1.000000,{"1":27},1.000000,0.000000,0.000000,0.000000,1.000000,0.000000,-1.000000
0.073859646,4,200,read_only,4096,8,1.000000,1.000000,1.000000,{"1":8},1.000000,0.000000,0.000000,0.000000,1.000000,0.000000,-1.000000
0.073859646,4,200,union,4096,8,1.000000,1.000000,1.000000,{"1":8},1.000000,0.000000,0.000000,0.000000,1.000000,0.000000,-1.000000
0.073859646,4,200,snapshot,4096,27,1.000000,1.000000,1.000000,{"1":27},1.000000,0.000000,0.000000,0.000000,1.000000,0.000000,-1.000000
0.073859646,4,200,read_only,16384,4,0.250000,0.666667,0.250000,{"1":8},0.250000,0.750000,0.000000,0.000000,0.250000,0.000000,0.000000
0.073859646,4,200,union,16384,4,0.250000,0.666667,0.250000,{"1":8},0.250000,0.750000,0.000000,0.000000,0.250000,0.000000,0.000000
0.073859646,4,200,snapshot,16384,12,0.583333,0.826389,0.583333,{"1":27},0.583333,0.416667,0.000000,0.000000,0.583333,0.000000,0.000000
0.074097625,4,201,snapshot,64,27,1.000000,1.000000,1.000000,{"1":27},1.000000,0.000000,0.000000,0.000000,1.000000,0.000000,-1.000000
0.074097625,4,201,snapshot,256,27,1.000000,1.000000,1.000000,{"1":27},1.000000,0.000000,0.000000,0.000000,1.000000,0.000000,-1.000000
0.074097625,4,201,snapshot,1024,27,1.000000,1.000000,1.000000,{"1":27},1.000000,0.000000,0.000000,0.000000,1.000000,0.000000,-1.000000
0.074097625,4,201,snapshot,4096,27,1.000000,1.000000,1.000000,{"1":27},1.000000,0.000000,0.000000,0.000000,1.000000,0.000000,-1.000000
0.074097625,4,201,snapshot,16384,12,0.583333,0.826389,0.583333,{"1":27},0.583333,0.416667,0.000000,0.000000,0.583333,0.000000,0.000000
0.074398161,4,202,read_only,64,5,1.000000,1.000000,1.000000,{"1":5},1.000000,0.000000,0.000000,0.000000,1.000000,0.000000,-1.000000
0.074398161,4,202,union,64,5,1.000000,1.000000,1.000000,{"1":5},1.000000,0.000000,0.000000,0.000000,1.000000,0.000000,-1.000000
0.074398161,4,202,snapshot,64,32,1.000000,1.000000,1.000000,{"1":32},1.000000,0.000000,0.000000,0.000000,1.000000,0.000000,-1.000000
0.074398161,4,202,read_only,256,5,1.000000,1.000000,1.000000,{"1":5},1.000000,0.000000,0.000000,0.000000,1.000000,0.000000,-1.000000
0.074398161,4,202,union,256,5,1.000000,1.000000,1.000000,{"1":5},1.000000,0.000000,0.000000,0.000000,1.000000,0.000000,-1.000000
0.074398161,4,202,snapshot,256,32,1.000000,1.000000,1.000000,{"1":32},1.000000,0.000000,0.000000,0.000000,1.000000,0.000000,-1.000000
0.074398161,4,202,read_only,1024,5,1.000000,1.000000,1.000000,{"1":5},1.000000,0.000000,0.000000,0.000000,1.000000,0.000000,-1.000000
0.074398161,4,202,union,1024,5,1.000000,1.000000,1.000000,{"1":5},1.000000,0.000000,0.000000,0.000000,1.000000,0.000000,-1.000000
0.074398161,4,202,snapshot,1024,32,1.000000,1.000000,1.000000,{"1":32},1.000000,0.000000,0.000000,0.000000,1.000000,0.000000,-1.000000
0.074398161,4,202,read_only,4096,5,1.000000,1.000000,1.000000,{"1":5},1.000000,0.000000,0.000000,0.000000,1.000000,0.000000,-1.000000
0.074398161,4,202,union,4096,5,1.000000,1.000000,1.000000,{"1":5},1.000000,0.000000,0.000000,0.000000,1.000000,0.000000,-1.000000
0.074398161,4,202,snapshot,4096,32,1.000000,1.000000,1.000000,{"1":32},1.000000,0.000000,0.000000,0.000000,1.000000,0.000000,-1.000000
0.074398161,4,202,read_only,16384,3,1.000000,1.000000,1.000000,{"1":5},1.000000,0.000000,0.000000,0.000000,1.000000,0.000000,-1.000000
0.074398161,4,202,union,16384,3,1.000000,1.000000,1.000000,{"1":5},1.000000,0.000000,0.000000,0.000000,1.000000,0.000000,-1.000000
0.074398161,4,202,snapshot,16384,14,0.642857,0.869048,0.642857,{"1":32},0.642857,0.357143,0.000000,0.000000,0.642857,0.000000,0.000000
0.074661382,4,203,read_only,64,4,1.000000,1.000000,1.000000,{"1":4},1.000000,0.000000,0.000000,0.000000,1.000000,0.000000,-1.000000
0.074661382,4,203,union,64,4,1.000000,1.000000,1.000000,{"1":4},1.000000,0.000000,0.000000,0.000000,1.000000,0.000000,-1.000000
0.074661382,4,203,read_only,256,4,1.000000,1.000000,1.000000,{"1":4},1.000000,0.000000,0.000000,0.000000,1.000000,0.000000,-1.000000
0.074661382,4,203,union,256,4,1.000000,1.000000,1.000000,{"1":4},1.000000,0.000000,0.000000,0.000000,1.000000,0.000000,-1.000000
0.074661382,4,203,read_only,1024,4,1.000000,1.000000,1.000000,{"1":4},1.000000,0.000000,0.000000,0.000000,1.000000,0.000000,-1.000000
0.074661382,4,203,union,1024,4,1.000000,1.000000,1.000000,{"1":4},1.000000,0.000000,0.000000,0.000000,1.000000,0.000000,-1.000000
0.074661382,4,203,read_only,4096,4,1.000000,1.000000,1.000000,{"1":4},1.000000,0.000000,0.000000,0.000000,1.000000,0.000000,-1.000000
0.074661382,4,203,union,4096,4,1.000000,1.000000,1.000000,{"1":4},1.000000,0.000000,0.000000,0.000000,1.000000,0.000000,-1.000000
0.074661382,4,203,read_only,16384,2,1.000000,1.000000,1.000000,{"1":4},1.000000,0.000000,0.000000,0.000000,1.000000,0.000000,-1.000000
0.074661382,4,203,union,16384,2,1.000000,1.000000,1.000000,{"1":4},1.000000,0.000000,0.000000,0.000000,1.000000,0.000000,-1.000000
0.075236304,4,205,read_only,64,12,1.000000,1.000000,1.000000,{"1":12},1.000000,0.000000,0.000000,0.000000,1.000000,0.000000,-1.000000
0.075236304,4,205,union,64,12,1.000000,1.000000,1.000000,{"1":12},1.000000,0.000000,0.000000,0.000000,1.000000,0.000000,-1.000000
0.075236304,4,205,snapshot,64,12,1.000000,1.000000,1.000000,{"1":12},1.000000,0.000000,0.000000,0.000000,1.000000,0.000000,-1.000000
0.075236304,4,205,read_only,256,12,1.000000,1.000000,1.000000,{"1":12},1.000000,0.000000,0.000000,0.000000,1.000000,0.000000,-1.000000
0.075236304,4,205,union,256,12,1.000000,1.000000,1.000000,{"1":12},1.000000,0.000000,0.000000,0.000000,1.000000,0.000000,-1.000000
0.075236304,4,205,snapshot,256,12,1.000000,1.000000,1.000000,{"1":12},1.000000,0.000000,0.000000,0.000000,1.000000,0.000000,-1.000000
0.075236304,4,205,read_only,1024,12,1.000000,1.000000,1.000000,{"1":12},1.000000,0.000000,0.000000,0.000000,1.000000,0.000000,-1.000000
0.075236304,4,205,union,1024,12,1.000000,1.000000,1.000000,{"1":12},1.000000,0.000000,0.000000,0.000000,1.000000,0.000000,-1.000000
0.075236304,4,205,snapshot,1024,12,1.000000,1.000000,1.000000,{"1":12},1.000000,0.000000,0.000000,0.000000,1.000000,0.000000,-1.000000
0.075236304,4,205,read_only,4096,12,1.000000,1.000000,1.000000,{"1":12},1.000000,0.000000,0.000000,0.000000,1.000000,0.000000,-1.000000
0.075236304,4,205,union,4096,12,1.000000,1.000000,1.000000,{"1":12},1.000000,0.000000,0.000000,0.000000,1.000000,0.000000,-1.000000
0.075236304,4,205,snapshot,4096,12,1.000000,1.000000,1.000000,{"1":12},1.000000,0.000000,0.000000,0.000000,1.000000,0.000000,-1.000000
0.075236304,4,205,read_only,16384,6,0.833333,0.916667,0.833333,{"1":12},0.833333,0.166667,0.000000,0.000000,0.833333,0.000000,0.000000
0.075236304,4,205,union,16384,6,0.833333,0.916667,0.833333,{"1":12},0.833333,0.166667,0.000000,0.000000,0.833333,0.000000,0.000000
0.075236304,4,205,snapshot,16384,6,0.833333,0.916667,0.833333,{"1":12},0.833333,0.166667,0.000000,0.000000,0.833333,0.000000,0.000000
0.075497580,4,206,snapshot,64,12,1.000000,1.000000,1.000000,{"1":12},1.000000,0.000000,0.000000,0.000000,1.000000,0.000000,-1.000000
0.075497580,4,206,snapshot,256,12,1.000000,1.000000,1.000000,{"1":12},1.000000,0.000000,0.000000,0.000000,1.000000,0.000000,-1.000000
0.075497580,4,206,snapshot,1024,12,1.000000,1.000000,1.000000,{"1":12},1.000000,0.000000,0.000000,0.000000,1.000000,0.000000,-1.000000
0.075497580,4,206,snapshot,4096,12,1.000000,1.000000,1.000000,{"1":12},1.000000,0.000000,0.000000,0.000000,1.000000,0.000000,-1.000000
0.075497580,4,206,snapshot,16384,6,0.833333,0.916667,0.833333,{"1":12},0.833333,0.166667,0.000000,0.000000,0.833333,0.000000,0.000000
0.075762564,4,207,snapshot,64,12,1.000000,1.000000,1.000000,{"1":12},1.000000,0.000000,0.000000,0.000000,1.000000,0.000000,-1.000000
0.075762564,4,207,snapshot,256,12,1.000000,1.000000,1.000000,{"1":12},1.000000,0.000000,0.000000,0.000000,1.000000,0.000000,-1.000000
0.075762564,4,207,snapshot,1024,12,1.000000,1.000000,1.000000,{"1":12},1.000000,0.000000,0.000000,0.000000,1.000000,0.000000,-1.000000
0.075762564,4,207,snapshot,4096,12,1.000000,1.000000,1.000000,{"1":12},1.000000,0.000000,0.000000,0.000000,1.000000,0.000000,-1.000000
0.075762564,4,207,snapshot,16384,6,0.833333,0.916667,0.833333,{"1":12},0.833333,0.166667,0.000000,0.000000,0.833333,0.000000,0.000000
0.076026395,4,208,snapshot,64,12,1.000000,1.000000,1.000000,{"1":12},1.000000,0.000000,0.000000,0.000000,1.000000,0.000000,-1.000000
0.076026395,4,208,snapshot,256,12,1.000000,1.000000,1.000000,{"1":12},1.000000,0.000000,0.000000,0.000000,1.000000,0.000000,-1.000000
0.076026395,4,208,snapshot,1024,12,1.000000,1.000000,1.000000,{"1":12},1.000000,0.000000,0.000000,0.000000,1.000000,0.000000,-1.000000
0.076026395,4,208,snapshot,4096,12,1.000000,1.000000,1.000000,{"1":12},1.000000,0.000000,0.000000,0.000000,1.000000,0.000000,-1.000000
0.076026395,4,208,snapshot,16384,6,0.833333,0.916667,0.833333,{"1":12},0.833333,0.166667,0.000000,0.000000,0.833333,0.000000,0.000000
0.076302296,4,209,read_only,64,1,1.000000,1.000000,1.000000,{"1":1},1.000000,0.000000,0.000000,0.000000,1.000000,0.000000,-1.000000
0.076302296,4,209,union,64,1,1.000000,1.000000,1.000000,{"1":1},1.000000,0.000000,0.000000,0.000000,1.000000,0.000000,-1.000000
0.076302296,4,209,snapshot,64,13,1.000000,1.000000,1.000000,{"1":13},1.000000,0.000000,0.000000,0.000000,1.000000,0.000000,-1.000000
0.076302296,4,209,read_only,256,1,1.000000,1.000000,1.000000,{"1":1},1.000000,0.000000,0.000000,0.000000,1.000000,0.000000,-1.000000
0.076302296,4,209,union,256,1,1.000000,1.000000,1.000000,{"1":1},1.000000,0.000000,0.000000,0.000000,1.000000,0.000000,-1.000000
0.076302296,4,209,snapshot,256,13,1.000000,1.000000,1.000000,{"1":13},1.000000,0.000000,0.000000,0.000000,1.000000,0.000000,-1.000000
0.076302296,4,209,read_only,1024,1,1.000000,1.000000,1.000000,{"1":1},1.000000,0.000000,0.000000,0.000000,1.000000,0.000000,-1.000000
0.076302296,4,209,union,1024,1,1.000000,1.000000,1.000000,{"1":1},1.000000,0.000000,0.000000,0.000000,1.000000,0.000000,-1.000000
0.076302296,4,209,snapshot,1024,13,1.000000,1.000000,1.000000,{"1":13},1.000000,0.000000,0.000000,0.000000,1.000000,0.000000,-1.000000
0.076302296,4,209,read_only,4096,1,1.000000,1.000000,1.000000,{"1":1},1.000000,0.000000,0.000000,0.000000,1.000000,0.000000,-1.000000
0.076302296,4,209,union,4096,1,1.000000,1.000000,1.000000,{"1":1},1.000000,0.000000,0.000000,0.000000,1.000000,0.000000,-1.000000
0.076302296,4,209,snapshot,4096,13,1.000000,1.000000,1.000000,{"1":13},1.000000,0.000000,0.000000,0.000000,1.000000,0.000000,-1.000000
0.076302296,4,209,read_only,16384,1,1.000000,1.000000,1.000000,{"1":1},1.000000,0.000000,0.000000,0.000000,1.000000,0.000000,-1.000000
0.076302296,4,209,union,16384,1,1.000000,1.000000,1.000000,{"1":1},1.000000,0.000000,0.000000,0.000000,1.000000,0.000000,-1.000000
0.076302296,4,209,snapshot,16384,7,0.857143,0.928571,0.857143,{"1":13},0.857143,0.142857,0.000000,0.000000,0.857143,0.000000,0.000000
0.076542082,4,210,read_only,64,18,1.000000,1.000000,1.000000,{"1":18},1.000000,0.000000,0.000000,0.000000,1.000000,0.000000,-1.000000
0.076542082,4,210,union,64,18,1.000000,1.000000,1.000000,{"1":18},1.000000,0.000000,0.000000,0.000000,1.000000,0.000000,-1.000000
0.076542082,4,210,snapshot,64,31,1.000000,1.000000,1.000000,{"1":31},1.000000,0.000000,0.000000,0.000000,1.000000,0.000000,-1.000000
0.076542082,4,210,read_only,256,18,1.000000,1.000000,1.000000,{"1":18},1.000000,0.000000,0.000000,0.000000,1.000000,0.000000,-1.000000
0.076542082,4,210,union,256,18,1.000000,1.000000,1.000000,{"1":18},1.000000,0.000000,0.000000,0.000000,1.000000,0.000000,-1.000000
0.076542082,4,210,snapshot,256,31,1.000000,1.000000,1.000000,{"1":31},1.000000,0.000000,0.000000,0.000000,1.000000,0.000000,-1.000000
0.076542082,4,210,read_only,1024,18,1.000000,1.000000,1.000000,{"1":18},1.000000,0.000000,0.000000,0.000000,1.000000,0.000000,-1.000000
0.076542082,4,210,union,1024,18,1.000000,1.000000,1.000000,{"1":18},1.000000,0.000000,0.000000,0.000000,1.000000,0.000000,-1.000000
0.076542082,4,210,snapshot,1024,31,1.000000,1.000000,1.000000,{"1":31},1.000000,0.000000,0.000000,0.000000,1.000000,0.000000,-1.000000
0.076542082,4,210,read_only,4096,18,1.000000,1.000000,1.000000,{"1":18},1.000000,0.000000,0.000000,0.000000,1.000000,0.000000,-1.000000
0.076542082,4,210,union,4096,18,1.000000,1.000000,1.000000,{"1":18},1.000000,0.000000,0.000000,0.000000,1.000000,0.000000,-1.000000
0.076542082,4,210,snapshot,4096,31,1.000000,1.000000,1.000000,{"1":31},1.000000,0.000000,0.000000,0.000000,1.000000,0.000000,-1.000000
0.076542082,4,210,read_only,16384,12,0.916667,0.958333,0.916667,{"1":18},0.916667,0.083333,0.000000,0.000000,0.916667,0.000000,0.000000
0.076542082,4,210,union,16384,12,0.916667,0.958333,0.916667,{"1":18},0.916667,0.083333,0.000000,0.000000,0.916667,0.000000,0.000000
0.076542082,4,210,snapshot,16384,19,0.894737,0.947368,0.894737,{"1":31},0.894737,0.105263,0.000000,0.000000,0.894737,0.000000,0.000000
0.076775466,4,211,read_only,64,23,1.000000,1.000000,1.000000,{"1":23},1.000000,0.000000,0.000000,0.000000,1.000000,0.000000,-1.000000
0.076775466,4,211,union,64,23,1.000000,1.000000,1.000000,{"1":23},1.000000,0.000000,0.000000,0.000000,1.000000,0.000000,-1.000000
0.076775466,4,211,snapshot,64,54,1.000000,1.000000,1.000000,{"1":54},1.000000,0.000000,0.000000,0.000000,1.000000,0.000000,-1.000000
0.076775466,4,211,read_only,256,23,1.000000,1.000000,1.000000,{"1":23},1.000000,0.000000,0.000000,0.000000,1.000000,0.000000,-1.000000
0.076775466,4,211,union,256,23,1.000000,1.000000,1.000000,{"1":23},1.000000,0.000000,0.000000,0.000000,1.000000,0.000000,-1.000000
0.076775466,4,211,snapshot,256,54,1.000000,1.000000,1.000000,{"1":54},1.000000,0.000000,0.000000,0.000000,1.000000,0.000000,-1.000000
0.076775466,4,211,read_only,1024,23,1.000000,1.000000,1.000000,{"1":23},1.000000,0.000000,0.000000,0.000000,1.000000,0.000000,-1.000000
0.076775466,4,211,union,1024,23,1.000000,1.000000,1.000000,{"1":23},1.000000,0.000000,0.000000,0.000000,1.000000,0.000000,-1.000000
0.076775466,4,211,snapshot,1024,54,1.000000,1.000000,1.000000,{"1":54},1.000000,0.000000,0.000000,0.000000,1.000000,0.000000,-1.000000
0.076775466,4,211,read_only,4096,23,1.000000,1.000000,1.000000,{"1":23},1.000000,0.000000,0.000000,0.000000,1.000000,0.000000,-1.000000
0.076775466,4,211,union,4096,23,1.000000,1.000000,1.000000,{"1":23},1.000000,0.000000,0.000000,0.000000,1.000000,0.000000,-1.000000
0.076775466,4,211,snapshot,4096,54,1.000000,1.000000,1.000000,{"1":54},1.000000,0.000000,0.000000,0.000000,1.000000,0.000000,-1.000000
0.076775466,4,211,read_only,16384,11,1.000000,1.000000,1.000000,{"1":23},1.000000,0.000000,0.000000,0.000000,1.000000,0.000000,-1.000000
0.076775466,4,211,union,16384,11,1.000000,1.000000,1.000000,{"1":23},1.000000,0.000000,0.000000,0.000000,1.000000,0.000000,-1.000000
0.076775466,4,211,snapshot,16384,21,0.857143,0.928571,0.857143,{"1":54},0.857143,0.142857,0.000000,0.000000,0.857143,0.000000,0.000000
0.077194306,4,212,read_only,64,43,1.000000,1.000000,1.000000,{"1":43},1.000000,0.000000,0.000000,0.000000,1.000000,0.000000,-1.000000
0.077194306,4,212,union,64,43,1.000000,1.000000,1.000000,{"1":43},1.000000,0.000000,0.000000,0.000000,1.000000,0.000000,-1.000000
0.077194306,4,212,snapshot,64,97,1.000000,1.000000,1.000000,{"1":97},1.000000,0.000000,0.000000,0.000000,1.000000,0.000000,-1.000000
0.077194306,4,212,read_only,256,43,1.000000,1.000000,1.000000,{"1":43},1.000000,0.000000,0.000000,0.000000,1.000000,0.000000,-1.000000
0.077194306,4,212,union,256,43,1.000000,1.000000,1.000000,{"1":43},1.000000,0.000000,0.000000,0.000000,1.000000,0.000000,-1.000000
0.077194306,4,212,snapshot,256,97,1.000000,1.000000,1.000000,{"1":97},1.000000,0.000000,0.000000,0.000000,1.000000,0.000000,-1.000000
0.077194306,4,212,read_only,1024,43,1.000000,1.000000,1.000000,{"1":43},1.000000,0.000000,0.000000,0.000000,1.000000,0.000000,-1.000000
0.077194306,4,212,union,1024,43,1.000000,1.000000,1.000000,{"1":43},1.000000,0.000000,0.000000,0.000000,1.000000,0.000000,-1.000000
0.077194306,4,212,snapshot,1024,97,1.000000,1.000000,1.000000,{"1":97},1.000000,0.000000,0.000000,0.000000,1.000000,0.000000,-1.000000
0.077194306,4,212,read_only,4096,43,1.000000,1.000000,1.000000,{"1":43},1.000000,0.000000,0.000000,0.000000,1.000000,0.000000,-1.000000
0.077194306,4,212,union,4096,43,1.000000,1.000000,1.000000,{"1":43},1.000000,0.000000,0.000000,0.000000,1.000000,0.000000,-1.000000
0.077194306,4,212,snapshot,4096,97,1.000000,1.000000,1.000000,{"1":97},1.000000,0.000000,0.000000,0.000000,1.000000,0.000000,-1.000000
0.077194306,4,212,read_only,16384,14,0.714286,0.904762,0.714286,{"1":43},0.714286,0.285714,0.000000,0.000000,0.714286,0.000000,0.000000
0.077194306,4,212,union,16384,14,0.714286,0.904762,0.714286,{"1":43},0.714286,0.285714,0.000000,0.000000,0.714286,0.000000,0.000000
0.077194306,4,212,snapshot,16384,33,0.757576,0.898990,0.757576,{"1":97},0.757576,0.242424,0.000000,0.000000,0.757576,0.000000,0.000000
0.077435065,4,213,snapshot,64,97,1.000000,1.000000,1.000000,{"1":97},1.000000,0.000000,0.000000,0.000000,1.000000,0.000000,-1.000000
0.077435065,4,213,snapshot,256,97,1.000000,1.000000,1.000000,{"1":97},1.000000,0.000000,0.000000,0.000000,1.000000,0.000000,-1.000000
0.077435065,4,213,snapshot,1024,97,1.000000,1.000000,1.000000,{"1":97},1.000000,0.000000,0.000000,0.000000,1.000000,0.000000,-1.000000
0.077435065,4,213,snapshot,4096,97,1.000000,1.000000,1.000000,{"1":97},1.000000,0.000000,0.000000,0.000000,1.000000,0.000000,-1.000000
0.077435065,4,213,snapshot,16384,33,0.757576,0.898990,0.757576,{"1":97},0.757576,0.242424,0.000000,0.000000,0.757576,0.000000,0.000000
0.077729931,4,214,read_only,64,14,1.000000,1.000000,1.000000,{"1":14},1.000000,0.000000,0.000000,0.000000,1.000000,0.000000,-1.000000
0.077729931,4,214,union,64,14,1.000000,1.000000,1.000000,{"1":14},1.000000,0.000000,0.000000,0.000000,1.000000,0.000000,-1.000000
0.077729931,4,214,snapshot,64,111,1.000000,1.000000,1.000000,{"1":111},1.000000,0.000000,0.000000,0.000000,1.000000,0.000000,-1.000000
0.077729931,4,214,read_only,256,14,1.000000,1.000000,1.000000,{"1":14},1.000000,0.000000,0.000000,0.000000,1.000000,0.000000,-1.000000
0.077729931,4,214,union,256,14,1.000000,1.000000,1.000000,{"1":14},1.000000,0.000000,0.000000,0.000000,1.000000,0.000000,-1.000000
0.077729931,4,214,snapshot,256,111,1.000000,1.000000,1.000000,{"1":111},1.000000,0.000000,0.000000,0.000000,1.000000,0.000000,-1.000000
0.077729931,4,214,read_only,1024,14,1.000000,1.000000,1.000000,{"1":14},1.000000,0.000000,0.000000,0.000000,1.000000,0.000000,-1.000000
0.077729931,4,214,union,1024,14,1.000000,1.000000,1.000000,{"1":14},1.000000,0.000000,0.000000,0.000000,1.000000,0.000000,-1.000000
0.077729931,4,214,snapshot,1024,111,1.000000,1.000000,1.000000,{"1":111},1.000000,0.000000,0.000000,0.000000,1.000000,0.000000,-1.000000
0.077729931,4,214,read_only,4096,14,1.000000,1.000000,1.000000,{"1":14},1.000000,0.000000,0.000000,0.000000,1.000000,0.000000,-1.000000
0.077729931,4,214,union,4096,14,1.000000,1.000000,1.000000,{"1":14},1.000000,0.000000,0.000000,0.000000,1.000000,0.000000,-1.000000
0.077729931,4,214,snapshot,4096,111,1.000000,1.000000,1.000000,{"1":111},1.000000,0.000000,0.000000,0.000000,1.000000,0.000000,-1.000000
0.077729931,4,214,read_only,16384,8,1.000000,1.000000,1.000000,{"1":14},1.000000,0.000000,0.000000,0.000000,1.000000,0.000000,-1.000000
0.077729931,4,214,union,16384,8,1.000000,1.000000,1.000000,{"1":14},1.000000,0.000000,0.000000,0.000000,1.000000,0.000000,-1.000000
0.077729931,4,214,snapshot,16384,40,0.800000,0.918750,0.800000,{"1":111},0.800000,0.200000,0.000000,0.000000,0.800000,0.000000,0.000000
0.077967689,4,215,read_only,64,50,1.000000,1.000000,1.000000,{"1":50},1.000000,0.000000,0.000000,0.000000,1.000000,0.000000,-1.000000
0.077967689,4,215,union,64,50,1.000000,1.000000,1.000000,{"1":50},1.000000,0.000000,0.000000,0.000000,1.000000,0.000000,-1.000000
0.077967689,4,215,snapshot,64,161,1.000000,1.000000,1.000000,{"1":161},1.000000,0.000000,0.000000,0.000000,1.000000,0.000000,-1.000000
0.077967689,4,215,read_only,256,50,1.000000,1.000000,1.000000,{"1":50},1.000000,0.000000,0.000000,0.000000,1.000000,0.000000,-1.000000
0.077967689,4,215,union,256,50,1.000000,1.000000,1.000000,{"1":50},1.000000,0.000000,0.000000,0.000000,1.000000,0.000000,-1.000000
0.077967689,4,215,snapshot,256,161,1.000000,1.000000,1.000000,{"1":161},1.000000,0.000000,0.000000,0.000000,1.000000,0.000000,-1.000000
0.077967689,4,215,read_only,1024,50,1.000000,1.000000,1.000000,{"1":50},1.000000,0.000000,0.000000,0.000000,1.000000,0.000000,-1.000000
0.077967689,4,215,union,1024,50,1.000000,1.000000,1.000000,{"1":50},1.000000,0.000000,0.000000,0.000000,1.000000,0.000000,-1.000000
0.077967689,4,215,snapshot,1024,161,1.000000,1.000000,1.000000,{"1":161},1.000000,0.000000,0.000000,0.000000,1.000000,0.000000,-1.000000
0.077967689,4,215,read_only,4096,50,1.000000,1.000000,1.000000,{"1":50},1.000000,0.000000,0.000000,0.000000,1.000000,0.000000,-1.000000
0.077967689,4,215,union,4096,50,1.000000,1.000000,1.000000,{"1":50},1.000000,0.000000,0.000000,0.000000,1.000000,0.000000,-1.000000
0.077967689,4,215,snapshot,4096,161,1.000000,1.000000,1.000000,{"1":161},1.000000,0.000000,0.000000,0.000000,1.000000,0.000000,-1.000000
0.077967689,4,215,read_only,16384,19,0.947368,0.986842,0.947368,{"1":50},0.947368,0.052632,0.000000,0.000000,0.947368,0.000000,0.000000
0.077967689,4,215,union,16384,19,0.947368,0.986842,0.947368,{"1":50},0.947368,0.052632,0.000000,0.000000,0.947368,0.000000,0.000000
0.077967689,4,215,snapshot,16384,54,0.814815,0.930556,0.814815,{"1":161},0.814815,0.185185,0.000000,0.000000,0.814815,0.000000,0.000000
0.078473738,4,216,read_only,64,50,1.000000,1.000000,1.000000,{"1":50},1.000000,0.000000,0.000000,0.000000,1.000000,0.000000,-1.000000
0.078473738,4,216,union,64,50,1.000000,1.000000,1.000000,{"1":50},1.000000,0.000000,0.000000,0.000000,1.000000,0.000000,-1.000000
0.078473738,4,216,snapshot,64,211,1.000000,1.000000,1.000000,{"1":211},1.000000,0.000000,0.000000,0.000000,1.000000,0.000000,-1.000000
0.078473738,4,216,read_only,256,50,1.000000,1.000000,1.000000,{"1":50},1.000000,0.000000,0.000000,0.000000,1.000000,0.000000,-1.000000
0.078473738,4,216,union,256,50,1.000000,1.000000,1.000000,{"1":50},1.000000,0.000000,0.000000,0.000000,1.000000,0.000000,-1.000000
0.078473738,4,216,snapshot,256,211,1.000000,1.000000,1.000000,{"1":211},1.000000,0.000000,0.000000,0.000000,1.000000,0.000000,-1.000000
0.078473738,4,216,read_only,1024,50,1.000000,1.000000,1.000000,{"1":50},1.000000,0.000000,0.000000,0.000000,1.000000,0.000000,-1.000000
0.078473738,4,216,union,1024,50,1.000000,1.000000,1.000000,{"1":50},1.000000,0.000000,0.000000,0.000000,1.000000,0.000000,-1.000000
0.078473738,4,216,snapshot,1024,211,1.000000,1.000000,1.000000,{"1":211},1.000000,0.000000,0.000000,0.000000,1.000000,0.000000,-1.000000
0.078473738,4,216,read_only,4096,50,1.000000,1.000000,1.000000,{"1":50},1.000000,0.000000,0.000000,0.000000,1.000000,0.000000,-1.000000
0.078473738,4,216,union,4096,50,1.000000,1.000000,1.000000,{"1":50},1.000000,0.000000,0.000000,0.000000,1.000000,0.000000,-1.000000
0.078473738,4,216,snapshot,4096,211,1.000000,1.000000,1.000000,{"1":211},1.000000,0.000000,0.000000,0.000000,1.000000,0.000000,-1.000000
0.078473738,4,216,read_only,16384,19,0.789474,0.925439,0.789474,{"1":50},0.789474,0.210526,0.000000,0.000000,0.789474,0.000000,0.000000
0.078473738,4,216,union,16384,19,0.789474,0.925439,0.789474,{"1":50},0.789474,0.210526,0.000000,0.000000,0.789474,0.000000,0.000000
0.078473738,4,216,snapshot,16384,67,0.791045,0.922886,0.791045,{"1":211},0.791045,0.208955,0.000000,0.000000,0.791045,0.000000,0.000000
0.079041093,4,217,read_only,64,57,1.000000,1.000000,1.000000,{"1":57},1.000000,0.000000,0.000000,0.000000,1.000000,0.000000,-1.000000
0.079041093,4,217,union,64,57,1.000000,1.000000,1.000000,{"1":57},1.000000,0.000000,0.000000,0.000000,1.000000,0.000000,-1.000000
0.079041093,4,217,snapshot,64,268,1.000000,1.000000,1.000000,{"1":268},1.000000,0.000000,0.000000,0.000000,1.000000,0.000000,-1.000000
0.079041093,4,217,read_only,256,57,1.000000,1.000000,1.000000,{"1":57},1.000000,0.000000,0.000000,0.000000,1.000000,0.000000,-1.000000
0.079041093,4,217,union,256,57,1.000000,1.000000,1.000000,{"1":57},1.000000,0.000000,0.000000,0.000000,1.000000,0.000000,-1.000000
0.079041093,4,217,snapshot,256,268,1.000000,1.000000,1.000000,{"1":268},1.000000,0.000000,0.000000,0.000000,1.000000,0.000000,-1.000000
0.079041093,4,217,read_only,1024,57,1.000000,1.000000,1.000000,{"1":57},1.000000,0.000000,0.000000,0.000000,1.000000,0.000000,-1.000000
0.079041093,4,217,union,1024,57,1.000000,1.000000,1.000000,{"1":57},1.000000,0.000000,0.000000,0.000000,1.000000,0.000000,-1.000000
0.079041093,4,217,snapshot,1024,268,1.000000,1.000000,1.000000,{"1":268},1.000000,0.000000,0.000000,0.000000,1.000000,0.000000,-1.000000
0.079041093,4,217,read_only,4096,57,1.000000,1.000000,1.000000,{"1":57},1.000000,0.000000,0.000000,0.000000,1.000000,0.000000,-1.000000
0.079041093,4,217,union,4096,57,1.000000,1.000000,1.000000,{"1":57},1.000000,0.000000,0.000000,0.000000,1.000000,0.000000,-1.000000
0.079041093,4,217,snapshot,4096,268,1.000000,1.000000,1.000000,{"1":268},1.000000,0.000000,0.000000,0.000000,1.000000,0.000000,-1.000000
0.079041093,4,217,read_only,16384,17,0.882353,0.970588,0.882353,{"1":57},0.882353,0.117647,0.000000,0.000000,0.882353,0.000000,0.000000
0.079041093,4,217,union,16384,17,0.882353,0.970588,0.882353,{"1":57},0.882353,0.117647,0.000000,0.000000,0.882353,0.000000,0.000000
0.079041093,4,217,snapshot,16384,84,0.809524,0.932540,0.809524,{"1":268},0.809524,0.190476,0.000000,0.000000,0.809524,0.000000,0.000000
0.079353113,4,218,read_only,64,4,1.000000,1.000000,1.000000,{"1":4},1.000000,0.000000,0.000000,0.000000,1.000000,0.000000,-1.000000
0.079353113,4,218,union,64,4,1.000000,1.000000,1.000000,{"1":4},1.000000,0.000000,0.000000,0.000000,1.000000,0.000000,-1.000000
0.079353113,4,218,snapshot,64,272,1.000000,1.000000,1.000000,{"1":272},1.000000,0.000000,0.000000,0.000000,1.000000,0.000000,-1.000000
0.079353113,4,218,read_only,256,4,1.000000,1.000000,1.000000,{"1":4},1.000000,0.000000,0.000000,0.000000,1.000000,0.000000,-1.000000
0.079353113,4,218,union,256,4,1.000000,1.000000,1.000000,{"1":4},1.000000,0.000000,0.000000,0.000000,1.000000,0.000000,-1.000000
0.079353113,4,218,snapshot,256,272,1.000000,1.000000,1.000000,{"1":272},1.000000,0.000000,0.000000,0.000000,1.000000,0.000000,-1.000000
0.079353113,4,218,read_only,1024,4,1.000000,1.000000,1.000000,{"1":4},1.000000,0.000000,0.000000,0.000000,1.000000,0.000000,-1.000000
0.079353113,4,218,union,1024,4,1.000000,1.000000,1.000000,{"1":4},1.000000,0.000000,0.000000,0.000000,1.000000,0.000000,-1.000000
0.079353113,4,218,snapshot,1024,272,1.000000,1.000000,1.000000,{"1":272},1.000000,0.000000,0.000000,0.000000,1.000000,0.000000,-1.000000
0.079353113,4,218,read_only,4096,4,1.000000,1.000000,1.000000,{"1":4},1.000000,0.000000,0.000000,0.000000,1.000000,0.000000,-1.000000
0.079353113,4,218,union,4096,4,1.000000,1.000000,1.000000,{"1":4},1.000000,0.000000,0.000000,0.000000,1.000000,0.000000,-1.000000
0.079353113,4,218,snapshot,4096,272,1.000000,1.000000,1.000000,{"1":272},1.000000,0.000000,0.000000,0.000000,1.000000,0.000000,-1.000000
0.079353113,4,218,read_only,16384,2,0.000000,0.500000,0.000000,{"1":4},0.000000,1.000000,0.000000,0.000000,0.000000,0.000000,0.000000
0.079353113,4,218,union,16384,2,0.000000,0.500000,0.000000,{"1":4},0.000000,1.000000,0.000000,0.000000,0.000000,0.000000,0.000000
0.079353113,4,218,snapshot,16384,84,0.785714,0.916667,0.785714,{"1":272},0.785714,0.190476,0.023810,0.000000,0.785714,0.000000,0.000000
0.079640208,4,219,snapshot,64,272,1.000000,1.000000,1.000000,{"1":272},1.000000,0.000000,0.000000,0.000000,1.000000,0.000000,-1.000000
0.079640208,4,219,snapshot,256,272,1.000000,1.000000,1.000000,{"1":272},1.000000,0.000000,0.000000,0.000000,1.000000,0.000000,-1.000000
0.079640208,4,219,snapshot,1024,272,1.000000,1.000000,1.000000,{"1":272},1.000000,0.000000,0.000000,0.000000,1.000000,0.000000,-1.000000
0.079640208,4,219,snapshot,4096,272,1.000000,1.000000,1.000000,{"1":272},1.000000,0.000000,0.000000,0.000000,1.000000,0.000000,-1.000000
0.079640208,4,219,snapshot,16384,84,0.785714,0.916667,0.785714,{"1":272},0.785714,0.190476,0.023810,0.000000,0.785714,0.000000,0.000000
0.082776329,4,220,read_only,64,3,1.000000,1.000000,1.000000,{"1":3},1.000000,0.000000,0.000000,0.000000,1.000000,0.000000,-1.000000
0.082776329,4,220,union,64,5,1.000000,1.000000,1.000000,{"1":5},1.000000,0.000000,0.000000,0.000000,1.000000,0.000000,-1.000000
0.082776329,4,220,snapshot,64,275,1.000000,1.000000,1.000000,{"1":275},1.000000,0.000000,0.000000,0.000000,1.000000,0.000000,-1.000000
0.082776329,4,220,read_only,256,3,1.000000,1.000000,1.000000,{"1":3},1.000000,0.000000,0.000000,0.000000,1.000000,0.000000,-1.000000
0.082776329,4,220,union,256,5,1.000000,1.000000,1.000000,{"1":5},1.000000,0.000000,0.000000,0.000000,1.000000,0.000000,-1.000000
0.082776329,4,220,snapshot,256,275,1.000000,1.000000,1.000000,{"1":275},1.000000,0.000000,0.000000,0.000000,1.000000,0.000000,-1.000000
0.082776329,4,220,read_only,1024,3,1.000000,1.000000,1.000000,{"1":3},1.000000,0.000000,0.000000,0.000000,1.000000,0.000000,-1.000000
0.082776329,4,220,union,1024,5,1.000000,1.000000,1.000000,{"1":5},1.000000,0.000000,0.000000,0.000000,1.000000,0.000000,-1.000000
0.082776329,4,220,snapshot,1024,275,1.000000,1.000000,1.000000,{"1":275},1.000000,0.000000,0.000000,0.000000,1.000000,0.000000,-1.000000
0.082776329,4,220,read_only,4096,3,1.000000,1.000000,1.000000,{"1":3},1.000000,0.000000,0.000000,0.000000,1.000000,0.000000,-1.000000
0.082776329,4,220,union,4096,5,1.000000,1.000000,1.000000,{"1":5},1.000000,0.000000,0.000000,0.000000,1.000000,0.000000,-1.000000
0.082776329,4,220,snapshot,4096,275,1.000000,1.000000,1.000000,{"1":275},1.000000,0.000000,0.000000,0.000000,1.000000,0.000000,-1.000000
0.082776329,4,220,read_only,16384,1,1.000000,1.000000,1.000000,{"1":3},1.000000,0.000000,0.000000,0.000000,1.000000,0.000000,-1.000000
0.082776329,4,220,union,16384,2,1.000000,1.000000,1.000000,{"1":5},1.000000,0.000000,0.000000,0.000000,1.000000,0.000000,-1.000000
0.082776329,4,220,snapshot,16384,85,0.788235,0.917647,0.788235,{"1":275},0.788235,0.188235,0.023529,0.000000,0.788235,0.000000,0.000000
0.083039312,4,221,snapshot,64,275,1.000000,1.000000,1.000000,{"1":275},1.000000,0.000000,0.000000,0.000000,1.000000,0.000000,-1.000000
0.083039312,4,221,snapshot,256,275,1.000000,1.000000,1.000000,{"1":275},1.000000,0.000000,0.000000,0.000000,1.000000,0.000000,-1.000000
0.083039312,4,221,snapshot,1024,275,1.000000,1.000000,1.000000,{"1":275},1.000000,0.000000,0.000000,0.000000,1.000000,0.000000,-1.000000
0.083039312,4,221,snapshot,4096,275,1.000000,1.000000,1.000000,{"1":275},1.000000,0.000000,0.000000,0.000000,1.000000,0.000000,-1.000000
0.083039312,4,221,snapshot,16384,85,0.788235,0.917647,0.788235,{"1":275},0.788235,0.188235,0.023529,0.000000,0.788235,0.000000,0.000000
0.083429404,4,222,read_only,64,3,1.000000,1.000000,1.000000,{"1":3},1.000000,0.000000,0.000000,0.000000,1.000000,0.000000,-1.000000
0.083429404,4,222,union,64,3,1.000000,1.000000,1.000000,{"1":3},1.000000,0.000000,0.000000,0.000000,1.000000,0.000000,-1.000000
0.083429404,4,222,snapshot,64,278,1.000000,1.000000,1.000000,{"1":278},1.000000,0.000000,0.000000,0.000000,1.000000,0.000000,-1.000000
0.083429404,4,222,read_only,256,3,1.000000,1.000000,1.000000,{"1":3},1.000000,0.000000,0.000000,0.000000,1.000000,0.000000,-1.000000
0.083429404,4,222,union,256,3,1.000000,1.000000,1.000000,{"1":3},1.000000,0.000000,0.000000,0.000000,1.000000,0.000000,-1.000000
0.083429404,4,222,snapshot,256,278,1.000000,1.000000,1.000000,{"1":278},1.000000,0.000000,0.000000,0.000000,1.000000,0.000000,-1.000000
0.083429404,4,222,read_only,1024,3,1.000000,1.000000,1.000000,{"1":3},1.000000,0.000000,0.000000,0.000000,1.000000,0.000000,-1.000000
0.083429404,4,222,union,1024,3,1.000000,1.000000,1.000000,{"1":3},1.000000,0.000000,0.000000,0.000000,1.000000,0.000000,-1.000000
0.083429404,4,222,snapshot,1024,278,1.000000,1.000000,1.000000,{"1":278},1.000000,0.000000,0.000000,0.000000,1.000000,0.000000,-1.000000
0.083429404,4,222,read_only,4096,3,1.000000,1.000000,1.000000,{"1":3},1.000000,0.000000,0.000000,0.000000,1.000000,0.000000,-1.000000
0.083429404,4,222,union,4096,3,1.000000,1.000000,1.000000,{"1":3},1.000000,0.000000,0.000000,0.000000,1.000000,0.000000,-1.000000
0.083429404,4,222,snapshot,4096,278,1.000000,1.000000,1.000000,{"1":278},1.000000,0.000000,0.000000,0.000000,1.000000,0.000000,-1.000000
0.083429404,4,222,read_only,16384,1,1.000000,1.000000,1.000000,{"1":3},1.000000,0.000000,0.000000,0.000000,1.000000,0.000000,-1.000000
0.083429404,4,222,union,16384,1,1.000000,1.000000,1.000000,{"1":3},1.000000,0.000000,0.000000,0.000000,1.000000,0.000000,-1.000000
0.083429404,4,222,snapshot,16384,86,0.790698,0.918605,0.790698,{"1":278},0.790698,0.186047,0.023256,0.000000,0.790698,0.000000,0.000000
0.083718519,4,223,read_only,64,1,1.000000,1.000000,1.000000,{"1":1},1.000000,0.000000,0.000000,0.000000,1.000000,0.000000,-1.000000
0.083718519,4,223,union,64,1,1.000000,1.000000,1.000000,{"1":1},1.000000,0.000000,0.000000,0.000000,1.000000,0.000000,-1.000000
0.083718519,4,223,snapshot,64,279,1.000000,1.000000,1.000000,{"1":279},1.000000,0.000000,0.000000,0.000000,1.000000,0.000000,-1.000000
0.083718519,4,223,read_only,256,1,1.000000,1.000000,1.000000,{"1":1},1.000000,0.000000,0.000000,0.000000,1.000000,0.000000,-1.000000
0.083718519,4,223,union,256,1,1.000000,1.000000,1.000000,{"1":1},1.000000,0.000000,0.000000,0.000000,1.000000,0.000000,-1.000000
0.083718519,4,223,snapshot,256,279,1.000000,1.000000,1.000000,{"1":279},1.000000,0.000000,0.000000,0.000000,1.000000,0.000000,-1.000000
0.083718519,4,223,read_only,1024,1,1.000000,1.000000,1.000000,{"1":1},1.000000,0.000000,0.000000,0.000000,1.000000,0.000000,-1.000000
0.083718519,4,223,union,1024,1,1.000000,1.000000,1.000000,{"1":1},1.000000,0.000000,0.000000,0.000000,1.000000,0.000000,-1.000000
0.083718519,4,223,snapshot,1024,279,1.000000,1.000000,1.000000,{"1":279},1.000000,0.000000,0.000000,0.000000,1.000000,0.000000,-1.000000
0.083718519,4,223,read_only,4096,1,1.000000,1.000000,1.000000,{"1":1},1.000000,0.000000,0.000000,0.000000,1.000000,0.000000,-1.000000
0.083718519,4,223,union,4096,1,1.000000,1.000000,1.000000,{"1":1},1.000000,0.000000,0.000000,0.000000,1.000000,0.000000,-1.000000
0.083718519,4,223,snapshot,4096,279,1.000000,1.000000,1.000000,{"1":279},1.000000,0.000000,0.000000,0.000000,1.000000,0.000000,-1.000000
0.083718519,4,223,read_only,16384,1,1.000000,1.000000,1.000000,{"1":1},1.000000,0.000000,0.000000,0.000000,1.000000,0.000000,-1.000000
0.083718519,4,223,union,16384,1,1.000000,1.000000,1.000000,{"1":1},1.000000,0.000000,0.000000,0.000000,1.000000,0.000000,-1.000000
0.083718519,4,223,snapshot,16384,87,0.793103,0.919540,0.793103,{"1":279},0.793103,0.183908,0.022989,0.000000,0.793103,0.000000,0.000000
0.083968182,4,224,read_only,64,1,1.000000,1.000000,1.000000,{"1":1},1.000000,0.000000,0.000000,0.000000,1.000000,0.000000,-1.000000
0.083968182,4,224,union,64,1,1.000000,1.000000,1.000000,{"1":1},1.000000,0.000000,0.000000,0.000000,1.000000,0.000000,-1.000000
0.083968182,4,224,snapshot,64,280,1.000000,1.000000,1.000000,{"1":280},1.000000,0.000000,0.000000,0.000000,1.000000,0.000000,-1.000000
0.083968182,4,224,read_only,256,1,1.000000,1.000000,1.000000,{"1":1},1.000000,0.000000,0.000000,0.000000,1.000000,0.000000,-1.000000
0.083968182,4,224,union,256,1,1.000000,1.000000,1.000000,{"1":1},1.000000,0.000000,0.000000,0.000000,1.000000,0.000000,-1.000000
0.083968182,4,224,snapshot,256,280,1.000000,1.000000,1.000000,{"1":280},1.000000,0.000000,0.000000,0.000000,1.000000,0.000000,-1.000000
0.083968182,4,224,read_only,1024,1,1.000000,1.000000,1.000000,{"1":1},1.000000,0.000000,0.000000,0.000000,1.000000,0.000000,-1.000000
0.083968182,4,224,union,1024,1,1.000000,1.000000,1.000000,{"1":1},1.000000,0.000000,0.000000,0.000000,1.000000,0.000000,-1.000000
0.083968182,4,224,snapshot,1024,280,1.000000,1.000000,1.000000,{"1":280},1.000000,0.000000,0.000000,0.000000,1.000000,0.000000,-1.000000
0.083968182,4,224,read_only,4096,1,1.000000,1.000000,1.000000,{"1":1},1.000000,0.000000,0.000000,0.000000,1.000000,0.000000,-1.000000
0.083968182,4,224,union,4096,1,1.000000,1.000000,1.000000,{"1":1},1.000000,0.000000,0.000000,0.000000,1.000000,0.000000,-1.000000
0.083968182,4,224,snapshot,4096,280,1.000000,1.000000,1.000000,{"1":280},1.000000,0.000000,0.000000,0.000000,1.000000,0.000000,-1.000000
0.083968182,4,224,read_only,16384,1,1.000000,1.000000,1.000000,{"1":1},1.000000,0.000000,0.000000,0.000000,1.000000,0.000000,-1.000000
0.083968182,4,224,union,16384,1,1.000000,1.000000,1.000000,{"1":1},1.000000,0.000000,0.000000,0.000000,1.000000,0.000000,-1.000000
0.083968182,4,224,snapshot,16384,88,0.795455,0.920455,0.795455,{"1":280},0.795455,0.181818,0.022727,0.000000,0.795455,0.000000,0.000000
0.084535648,4,225,read_only,64,85,1.000000,1.000000,1.000000,{"1":85},1.000000,0.000000,0.000000,0.000000,1.000000,0.000000,-1.000000
0.084535648,4,225,union,64,85,1.000000,1.000000,1.000000,{"1":85},1.000000,0.000000,0.000000,0.000000,1.000000,0.000000,-1.000000
0.084535648,4,225,snapshot,64,365,1.000000,1.000000,1.000000,{"1":365},1.000000,0.000000,0.000000,0.000000,1.000000,0.000000,-1.000000
0.084535648,4,225,read_only,256,85,1.000000,1.000000,1.000000,{"1":85},1.000000,0.000000,0.000000,0.000000,1.000000,0.000000,-1.000000
0.084535648,4,225,union,256,85,1.000000,1.000000,1.000000,{"1":85},1.000000,0.000000,0.000000,0.000000,1.000000,0.000000,-1.000000
0.084535648,4,225,snapshot,256,365,1.000000,1.000000,1.000000,{"1":365},1.000000,0.000000,0.000000,0.000000,1.000000,0.000000,-1.000000
0.084535648,4,225,read_only,1024,85,1.000000,1.000000,1.000000,{"1":85},1.000000,0.000000,0.000000,0.000000,1.000000,0.000000,-1.000000
0.084535648,4,225,union,1024,85,1.000000,1.000000,1.000000,{"1":85},1.000000,0.000000,0.000000,0.000000,1.000000,0.000000,-1.000000
0.084535648,4,225,snapshot,1024,365,1.000000,1.000000,1.000000,{"1":365},1.000000,0.000000,0.000000,0.000000,1.000000,0.000000,-1.000000
0.084535648,4,225,read_only,4096,85,1.000000,1.000000,1.000000,{"1":85},1.000000,0.000000,0.000000,0.000000,1.000000,0.000000,-1.000000
0.084535648,4,225,union,4096,85,1.000000,1.000000,1.000000,{"1":85},1.000000,0.000000,0.000000,0.000000,1.000000,0.000000,-1.000000
0.084535648,4,225,snapshot,4096,365,1.000000,1.000000,1.000000,{"1":365},1.000000,0.000000,0.000000,0.000000,1.000000,0.000000,-1.000000
0.084535648,4,225,read_only,16384,26,0.923077,0.980769,0.923077,{"1":85},0.923077,0.076923,0.000000,0.000000,0.923077,0.000000,0.000000
0.084535648,4,225,union,16384,26,0.923077,0.980769,0.923077,{"1":85},0.923077,0.076923,0.000000,0.000000,0.923077,0.000000,0.000000
0.084535648,4,225,snapshot,16384,114,0.824561,0.934211,0.824561,{"1":365},0.824561,0.157895,0.017544,0.000000,0.824561,0.000000,0.000000
0.085378130,4,226,read_only,64,518,1.000000,1.000000,1.000000,{"1":518},1.000000,0.000000,0.000000,0.000000,1.000000,0.000000,-1.000000
0.085378130,4,226,union,64,545,1.000000,1.000000,1.000000,{"1":545},1.000000,0.000000,0.000000,0.000000,1.000000,0.000000,-1.000000
0.085378130,4,226,snapshot,64,889,1.000000,1.000000,1.000000,{"1":889},1.000000,0.000000,0.000000,0.000000,1.000000,0.000000,-1.000000
0.085378130,4,226,read_only,256,518,1.000000,1.000000,1.000000,{"1":518},1.000000,0.000000,0.000000,0.000000,1.000000,0.000000,-1.000000
0.085378130,4,226,union,256,545,1.000000,1.000000,1.000000,{"1":545},1.000000,0.000000,0.000000,0.000000,1.000000,0.000000,-1.000000
0.085378130,4,226,snapshot,256,889,1.000000,1.000000,1.000000,{"1":889},1.000000,0.000000,0.000000,0.000000,1.000000,0.000000,-1.000000
0.085378130,4,226,read_only,1024,518,1.000000,1.000000,1.000000,{"1":518},1.000000,0.000000,0.000000,0.000000,1.000000,0.000000,-1.000000
0.085378130,4,226,union,1024,545,1.000000,1.000000,1.000000,{"1":545},1.000000,0.000000,0.000000,0.000000,1.000000,0.000000,-1.000000
0.085378130,4,226,snapshot,1024,889,1.000000,1.000000,1.000000,{"1":889},1.000000,0.000000,0.000000,0.000000,1.000000,0.000000,-1.000000
0.085378130,4,226,read_only,4096,518,1.000000,1.000000,1.000000,{"1":518},1.000000,0.000000,0.000000,0.000000,1.000000,0.000000,-1.000000
0.085378130,4,226,union,4096,545,1.000000,1.000000,1.000000,{"1":545},1.000000,0.000000,0.000000,0.000000,1.000000,0.000000,-1.000000
0.085378130,4,226,snapshot,4096,889,1.000000,1.000000,1.000000,{"1":889},1.000000,0.000000,0.000000,0.000000,1.000000,0.000000,-1.000000
0.085378130,4,226,read_only,16384,132,0.939394,0.976641,0.939394,{"1":518},0.939394,0.060606,0.000000,0.000000,0.939394,0.000000,0.000000
0.085378130,4,226,union,16384,140,0.935714,0.976786,0.935714,{"1":545},0.935714,0.064286,0.000000,0.000000,0.935714,0.000000,0.000000
0.085378130,4,226,snapshot,16384,244,0.881148,0.956967,0.881148,{"1":889},0.881148,0.110656,0.008197,0.000000,0.881148,0.000000,0.000000
0.085638919,4,227,snapshot,64,889,1.000000,1.000000,1.000000,{"1":889},1.000000,0.000000,0.000000,0.000000,1.000000,0.000000,-1.000000
0.085638919,4,227,snapshot,256,889,1.000000,1.000000,1.000000,{"1":889},1.000000,0.000000,0.000000,0.000000,1.000000,0.000000,-1.000000
0.085638919,4,227,snapshot,1024,889,1.000000,1.000000,1.000000,{"1":889},1.000000,0.000000,0.000000,0.000000,1.000000,0.000000,-1.000000
0.085638919,4,227,snapshot,4096,889,1.000000,1.000000,1.000000,{"1":889},1.000000,0.000000,0.000000,0.000000,1.000000,0.000000,-1.000000
0.085638919,4,227,snapshot,16384,244,0.881148,0.956967,0.881148,{"1":889},0.881148,0.110656,0.008197,0.000000,0.881148,0.000000,0.000000
0.085940854,4,228,read_only,64,7,1.000000,1.000000,1.000000,{"1":7},1.000000,0.000000,0.000000,0.000000,1.000000,0.000000,-1.000000
0.085940854,4,228,union,64,7,1.000000,1.000000,1.000000,{"1":7},1.000000,0.000000,0.000000,0.000000,1.000000,0.000000,-1.000000
0.085940854,4,228,snapshot,64,896,1.000000,1.000000,1.000000,{"1":896},1.000000,0.000000,0.000000,0.000000,1.000000,0.000000,-1.000000
0.085940854,4,228,read_only,256,7,1.000000,1.000000,1.000000,{"1":7},1.000000,0.000000,0.000000,0.000000,1.000000,0.000000,-1.000000
0.085940854,4,228,union,256,7,1.000000,1.000000,1.000000,{"1":7},1.000000,0.000000,0.000000,0.000000,1.000000,0.000000,-1.000000
0.085940854,4,228,snapshot,256,896,1.000000,1.000000,1.000000,{"1":896},1.000000,0.000000,0.000000,0.000000,1.000000,0.000000,-1.000000
0.085940854,4,228,read_only,1024,7,1.000000,1.000000,1.000000,{"1":7},1.000000,0.000000,0.000000,0.000000,1.000000,0.000000,-1.000000
0.085940854,4,228,union,1024,7,1.000000,1.000000,1.000000,{"1":7},1.000000,0.000000,0.000000,0.000000,1.000000,0.000000,-1.000000
0.085940854,4,228,snapshot,1024,896,1.000000,1.000000,1.000000,{"1":896},1.000000,0.000000,0.000000,0.000000,1.000000,0.000000,-1.000000
0.085940854,4,228,read_only,4096,7,1.000000,1.000000,1.000000,{"1":7},1.000000,0.000000,0.000000,0.000000,1.000000,0.000000,-1.000000
0.085940854,4,228,union,4096,7,1.000000,1.000000,1.000000,{"1":7},1.000000,0.000000,0.000000,0.000000,1.000000,0.000000,-1.000000
0.085940854,4,228,snapshot,4096,896,1.000000,1.000000,1.000000,{"1":896},1.000000,0.000000,0.000000,0.000000,1.000000,0.000000,-1.000000
0.085940854,4,228,read_only,16384,3,1.000000,1.000000,1.000000,{"1":7},1.000000,0.000000,0.000000,0.000000,1.000000,0.000000,-1.000000
0.085940854,4,228,union,16384,3,1.000000,1.000000,1.000000,{"1":7},1.000000,0.000000,0.000000,0.000000,1.000000,0.000000,-1.000000
0.085940854,4,228,snapshot,16384,247,0.882591,0.957490,0.882591,{"1":896},0.882591,0.109312,0.008097,0.000000,0.882591,0.000000,0.000000
0.086761400,4,229,read_only,64,4,1.000000,1.000000,1.000000,{"1":4},1.000000,0.000000,0.000000,0.000000,1.000000,0.000000,-1.000000
0.086761400,4,229,union,64,23,1.000000,1.000000,1.000000,{"1":23},1.000000,0.000000,0.000000,0.000000,1.000000,0.000000,-1.000000
0.086761400,4,229,snapshot,64,901,1.000000,1.000000,1.000000,{"1":901},1.000000,0.000000,0.000000,0.000000,1.000000,0.000000,-1.000000
0.086761400,4,229,read_only,256,4,1.000000,1.000000,1.000000,{"1":4},1.000000,0.000000,0.000000,0.000000,1.000000,0.000000,-1.000000
0.086761400,4,229,union,256,23,1.000000,1.000000,1.000000,{"1":23},1.000000,0.000000,0.000000,0.000000,1.000000,0.000000,-1.000000
0.086761400,4,229,snapshot,256,901,1.000000,1.000000,1.000000,{"1":901},1.000000,0.000000,0.000000,0.000000,1.000000,0.000000,-1.000000
0.086761400,4,229,read_only,1024,4,1.000000,1.000000,1.000000,{"1":4},1.000000,0.000000,0.000000,0.000000,1.000000,0.000000,-1.000000
0.086761400,4,229,union,1024,23,1.000000,1.000000,1.000000,{"1":23},1.000000,0.000000,0.000000,0.000000,1.000000,0.000000,-1.000000
0.086761400,4,229,snapshot,1024,901,1.000000,1.000000,1.000000,{"1":901},1.000000,0.000000,0.000000,0.000000,1.000000,0.000000,-1.000000
0.086761400,4,229,read_only,4096,4,1.000000,1.000000,1.000000,{"1":4},1.000000,0.000000,0.000000,0.000000,1.000000,0.000000,-1.000000
0.086761400,4,229,union,4096,23,1.000000,1.000000,1.000000,{"1":23},1.000000,0.000000,0.000000,0.000000,1.000000,0.000000,-1.000000
0.086761400,4,229,snapshot,4096,901,1.000000,1.000000,1.000000,{"1":901},1.000000,0.000000,0.000000,0.000000,1.000000,0.000000,-1.000000
0.086761400,4,229,read_only,16384,2,1.000000,1.000000,1.000000,{"1":4},1.000000,0.000000,0.000000,0.000000,1.000000,0.000000,-1.000000
0.086761400,4,229,union,16384,10,1.000000,1.000000,1.000000,{"1":23},1.000000,0.000000,0.000000,0.000000,1.000000,0.000000,-1.000000
0.086761400,4,229,snapshot,16384,249,0.883534,0.957831,0.883534,{"1":901},0.883534,0.108434,0.008032,0.000000,0.883534,0.000000,0.000000
0.087309091,4,230,read_only,64,66,1.000000,1.000000,1.000000,{"1":66},1.000000,0.000000,0.000000,0.000000,1.000000,0.000000,-1.000000
0.087309091,4,230,union,64,66,1.000000,1.000000,1.000000,{"1":66},1.000000,0.000000,0.000000,0.000000,1.000000,0.000000,-1.000000
0.087309091,4,230,snapshot,64,967,1.000000,1.000000,1.000000,{"1":967},1.000000,0.000000,0.000000,0.000000,1.000000,0.000000,-1.000000
0.087309091,4,230,read_only,256,66,1.000000,1.000000,1.000000,{"1":66},1.000000,0.000000,0.000000,0.000000,1.000000,0.000000,-1.000000
0.087309091,4,230,union,256,66,1.000000,1.000000,1.000000,{"1":66},1.000000,0.000000,0.000000,0.000000,1.000000,0.000000,-1.000000
0.087309091,4,230,snapshot,256,967,1.000000,1.000000,1.000000,{"1":967},1.000000,0.000000,0.000000,0.000000,1.000000,0.000000,-1.000000
0.087309091,4,230,read_only,1024,66,1.000000,1.000000,1.000000,{"1":66},1.000000,0.000000,0.000000,0.000000,1.000000,0.000000,-1.000000
0.087309091,4,230,union,1024,66,1.000000,1.000000,1.000000,{"1":66},1.000000,0.000000,0.000000,0.000000,1.000000,0.000000,-1.000000
0.087309091,4,230,snapshot,1024,967,1.000000,1.000000,1.000000,{"1":967},1.000000,0.000000,0.000000,0.000000,1.000000,0.000000,-1.000000
0.087309091,4,230,read_only,4096,66,1.000000,1.000000,1.000000,{"1":66},1.000000,0.000000,0.000000,0.000000,1.000000,0.000000,-1.000000
0.087309091,4,230,union,4096,66,1.000000,1.000000,1.000000,{"1":66},1.000000,0.000000,0.000000,0.000000,1.000000,0.000000,-1.000000
0.087309091,4,230,snapshot,4096,967,1.000000,1.000000,1.000000,{"1":967},1.000000,0.000000,0.000000,0.000000,1.000000,0.000000,-1.000000
0.087309091,4,230,read_only,16384,19,0.789474,0.929825,0.789474,{"1":66},0.789474,0.210526,0.000000,0.000000,0.789474,0.000000,0.000000
0.087309091,4,230,union,16384,19,0.789474,0.929825,0.789474,{"1":66},0.789474,0.210526,0.000000,0.000000,0.789474,0.000000,0.000000
0.087309091,4,230,snapshot,16384,268,0.876866,0.955846,0.876866,{"1":967},0.876866,0.115672,0.007463,0.000000,0.876866,0.000000,0.000000
0.087567897,4,231,read_only,64,7,1.000000,1.000000,1.000000,{"1":7},1.000000,0.000000,0.000000,0.000000,1.000000,0.000000,-1.000000
0.087567897,4,231,union,64,7,1.000000,1.000000,1.000000,{"1":7},1.000000,0.000000,0.000000,0.000000,1.000000,0.000000,-1.000000
0.087567897,4,231,snapshot,64,974,1.000000,1.000000,1.000000,{"1":974},1.000000,0.000000,0.000000,0.000000,1.000000,0.000000,-1.000000
0.087567897,4,231,read_only,256,7,1.000000,1.000000,1.000000,{"1":7},1.000000,0.000000,0.000000,0.000000,1.000000,0.000000,-1.000000
0.087567897,4,231,union,256,7,1.000000,1.000000,1.000000,{"1":7},1.000000,0.000000,0.000000,0.000000,1.000000,0.000000,-1.000000
0.087567897,4,231,snapshot,256,974,1.000000,1.000000,1.000000,{"1":974},1.000000,0.000000,0.000000,0.000000,1.000000,0.000000,-1.000000
0.087567897,4,231,read_only,1024,7,1.000000,1.000000,1.000000,{"1":7},1.000000,0.000000,0.000000,0.000000,1.000000,0.000000,-1.000000
0.087567897,4,231,union,1024,7,1.000000,1.000000,1.000000,{"1":7},1.000000,0.000000,0.000000,0.000000,1.000000,0.000000,-1.000000
0.087567897,4,231,snapshot,1024,974,1.000000,1.000000,1.000000,{"1":974},1.000000,0.000000,0.000000,0.000000,1.000000,0.000000,-1.000000
0.087567897,4,231,read_only,4096,7,1.000000,1.000000,1.000000,{"1":7},1.000000,0.000000,0.000000,0.000000,1.000000,0.000000,-1.000000
0.087567897,4,231,union,4096,7,1.000000,1.000000,1.000000,{"1":7},1.000000,0.000000,0.000000,0.000000,1.000000,0.000000,-1.000000
0.087567897,4,231,snapshot,4096,974,1.000000,1.000000,1.000000,{"1":974},1.000000,0.000000,0.000000,0.000000,1.000000,0.000000,-1.000000
0.087567897,4,231,read_only,16384,3,1.000000,1.000000,1.000000,{"1":7},1.000000,0.000000,0.000000,0.000000,1.000000,0.000000,-1.000000
0.087567897,4,231,union,16384,3,1.000000,1.000000,1.000000,{"1":7},1.000000,0.000000,0.000000,0.000000,1.000000,0.000000,-1.000000
0.087567897,4,231,snapshot,16384,270,0.877778,0.956481,0.877778,{"1":974},0.877778,0.114815,0.007407,0.000000,0.877778,0.000000,0.000000
0.087914279,4,232,read_only,64,21,1.000000,1.000000,1.000000,{"1":21},1.000000,0.000000,0.000000,0.000000,1.000000,0.000000,-1.000000
0.087914279,4,232,union,64,21,1.000000,1.000000,1.000000,{"1":21},1.000000,0.000000,0.000000,0.000000,1.000000,0.000000,-1.000000
0.087914279,4,232,snapshot,64,995,1.000000,1.000000,1.000000,{"1":995},1.000000,0.000000,0.000000,0.000000,1.000000,0.000000,-1.000000
0.087914279,4,232,read_only,256,21,1.000000,1.000000,1.000000,{"1":21},1.000000,0.000000,0.000000,0.000000,1.000000,0.000000,-1.000000
0.087914279,4,232,union,256,21,1.000000,1.000000,1.000000,{"1":21},1.000000,0.000000,0.000000,0.000000,1.000000,0.000000,-1.000000
0.087914279,4,232,snapshot,256,995,1.000000,1.000000,1.000000,{"1":995},1.000000,0.000000,0.000000,0.000000,1.000000,0.000000,-1.000000
0.087914279,4,232,read_only,1024,21,1.000000,1.000000,1.000000,{"1":21},1.000000,0.000000,0.000000,0.000000,1.000000,0.000000,-1.000000
0.087914279,4,232,union,1024,21,1.000000,1.000000,1.000000,{"1":21},1.000000,0.000000,0.000000,0.000000,1.000000,0.000000,-1.000000
0.087914279,4,232,snapshot,1024,995,1.000000,1.000000,1.000000,{"1":995},1.000000,0.000000,0.000000,0.000000,1.000000,0.000000,-1.000000
0.087914279,4,232,read_only,4096,21,1.000000,1.000000,1.000000,{"1":21},1.000000,0.000000,0.000000,0.000000,1.000000,0.000000,-1.000000
0.087914279,4,232,union,4096,21,1.000000,1.000000,1.000000,{"1":21},1.000000,0.000000,0.000000,0.000000,1.000000,0.000000,-1.000000
0.087914279,4,232,snapshot,4096,995,1.000000,1.000000,1.000000,{"1":995},1.000000,0.000000,0.000000,0.000000,1.000000,0.000000,-1.000000
0.087914279,4,232,read_only,16384,7,0.857143,0.964286,0.857143,{"1":21},0.857143,0.142857,0.000000,0.000000,0.857143,0.000000,0.000000
0.087914279,4,232,union,16384,7,0.857143,0.964286,0.857143,{"1":21},0.857143,0.142857,0.000000,0.000000,0.857143,0.000000,0.000000
0.087914279,4,232,snapshot,16384,277,0.877256,0.956679,0.877256,{"1":995},0.877256,0.115523,0.007220,0.000000,0.877256,0.000000,0.000000
0.088322069,4,233,read_only,64,27,1.000000,1.000000,1.000000,{"1":27},1.000000,0.000000,0.000000,0.000000,1.000000,0.000000,-1.000000
0.088322069,4,233,union,64,27,1.000000,1.000000,1.000000,{"1":27},1.000000,0.000000,0.000000,0.000000,1.000000,0.000000,-1.000000
0.088322069,4,233,snapshot,64,1022,1.000000,1.000000,1.000000,{"1":1022},1.000000,0.000000,0.000000,0.000000,1.000000,0.000000,-1.000000
0.088322069,4,233,read_only,256,27,1.000000,1.000000,1.000000,{"1":27},1.000000,0.000000,0.000000,0.000000,1.000000,0.000000,-1.000000
0.088322069,4,233,union,256,27,1.000000,1.000000,1.000000,{"1":27},1.000000,0.000000,0.000000,0.000000,1.000000,0.000000,-1.000000
0.088322069,4,233,snapshot,256,1022,1.000000,1.000000,1.000000,{"1":1022},1.000000,0.000000,0.000000,0.000000,1.000000,0.000000,-1.000000
0.088322069,4,233,read_only,1024,27,1.000000,1.000000,1.000000,{"1":27},1.000000,0.000000,0.000000,0.000000,1.000000,0.000000,-1.000000
0.088322069,4,233,union,1024,27,1.000000,1.000000,1.000000,{"1":27},1.000000,0.000000,0.000000,0.000000,1.000000,0.000000,-1.000000
0.088322069,4,233,snapshot,1024,1022,1.000000,1.000000,1.000000,{"1":1022},1.000000,0.000000,0.000000,0.000000,1.000000,0.000000,-1.000000
0.088322069,4,233,read_only,4096,27,1.000000,1.000000,1.000000,{"1":27},1.000000,0.000000,0.000000,0.000000,1.000000,0.000000,-1.000000
0.088322069,4,233,union,4096,27,1.000000,1.000000,1.000000,{"1":27},1.000000,0.000000,0.000000,0.000000,1.000000,0.000000,-1.000000
0.088322069,4,233,snapshot,4096,1022,1.000000,1.000000,1.000000,{"1":1022},1.000000,0.000000,0.000000,0.000000,1.000000,0.000000,-1.000000
0.088322069,4,233,read_only,16384,9,0.777778,0.888889,0.777778,{"1":27},0.777778,0.222222,0.000000,0.000000,0.777778,0.000000,0.000000
0.088322069,4,233,union,16384,9,0.777778,0.888889,0.777778,{"1":27},0.777778,0.222222,0.000000,0.000000,0.777778,0.000000,0.000000
0.088322069,4,233,snapshot,16384,286,0.874126,0.954545,0.874126,{"1":1022},0.874126,0.118881,0.006993,0.000000,0.874126,0.000000,0.000000
0.089401472,4,234,read_only,64,184,1.000000,1.000000,1.000000,{"1":184},1.000000,0.000000,0.000000,0.000000,1.000000,0.000000,-1.000000
0.089401472,4,234,union,64,188,1.000000,1.000000,1.000000,{"1":188},1.000000,0.000000,0.000000,0.000000,1.000000,0.000000,-1.000000
0.089401472,4,234,snapshot,64,1206,1.000000,1.000000,1.000000,{"1":1206},1.000000,0.000000,0.000000,0.000000,1.000000,0.000000,-1.000000
0.089401472,4,234,read_only,256,184,1.000000,1.000000,1.000000,{"1":184},1.000000,0.000000,0.000000,0.000000,1.000000,0.000000,-1.000000
0.089401472,4,234,union,256,188,1.000000,1.000000,1.000000,{"1":188},1.000000,0.000000,0.000000,0.000000,1.000000,0.000000,-1.000000
0.089401472,4,234,snapshot,256,1206,1.000000,1.000000,1.000000,{"1":1206},1.000000,0.000000,0.000000,0.000000,1.000000,0.000000,-1.000000
0.089401472,4,234,read_only,1024,184,1.000000,1.000000,1.000000,{"1":184},1.000000,0.000000,0.000000,0.000000,1.000000,0.000000,-1.000000
0.089401472,4,234,union,1024,188,1.000000,1.000000,1.000000,{"1":188},1.000000,0.000000,0.000000,0.000000,1.000000,0.000000,-1.000000
0.089401472,4,234,snapshot,1024,1206,1.000000,1.000000,1.000000,{"1":1206},1.000000,0.000000,0.000000,0.000000,1.000000,0.000000,-1.000000
0.089401472,4,234,read_only,4096,184,1.000000,1.000000,1.000000,{"1":184},1.000000,0.000000,0.000000,0.000000,1.000000,0.000000,-1.000000
0.089401472,4,234,union,4096,188,1.000000,1.000000,1.000000,{"1":188},1.000000,0.000000,0.000000,0.000000,1.000000,0.000000,-1.000000
0.089401472,4,234,snapshot,4096,1206,1.000000,1.000000,1.000000,{"1":1206},1.000000,0.000000,0.000000,0.000000,1.000000,0.000000,-1.000000
0.089401472,4,234,read_only,16384,51,0.941176,0.977124,0.941176,{"1":184},0.941176,0.039216,0.019608,0.000000,0.941176,0.000000,0.000000
0.089401472,4,234,union,16384,52,0.942308,0.977564,0.942308,{"1":188},0.942308,0.038462,0.019231,0.000000,0.942308,0.000000,0.000000
0.089401472,4,234,snapshot,16384,334,0.880240,0.957335,0.880240,{"1":1206},0.880240,0.110778,0.008982,0.000000,0.880240,0.000000,0.000000
0.089689011,4,235,read_only,64,233,1.000000,1.000000,1.000000,{"1":233},1.000000,0.000000,0.000000,0.000000,1.000000,0.000000,-1.000000
0.089689011,4,235,union,64,236,1.000000,1.000000,1.000000,{"1":236},1.000000,0.000000,0.000000,0.000000,1.000000,0.000000,-1.000000
0.089689011,4,235,snapshot,64,1439,1.000000,1.000000,1.000000,{"1":1439},1.000000,0.000000,0.000000,0.000000,1.000000,0.000000,-1.000000
0.089689011,4,235,read_only,256,233,1.000000,1.000000,1.000000,{"1":233},1.000000,0.000000,0.000000,0.000000,1.000000,0.000000,-1.000000
0.089689011,4,235,union,256,236,1.000000,1.000000,1.000000,{"1":236},1.000000,0.000000,0.000000,0.000000,1.000000,0.000000,-1.000000
0.089689011,4,235,snapshot,256,1439,1.000000,1.000000,1.000000,{"1":1439},1.000000,0.000000,0.000000,0.000000,1.000000,0.000000,-1.000000
0.089689011,4,235,read_only,1024,233,1.000000,1.000000,1.000000,{"1":233},1.000000,0.000000,0.000000,0.000000,1.000000,0.000000,-1.000000
0.089689011,4,235,union,1024,236,1.000000,1.000000,1.000000,{"1":236},1.000000,0.000000,0.000000,0.000000,1.000000,0.000000,-1.000000
0.089689011,4,235,snapshot,1024,1439,1.000000,1.000000,1.000000,{"1":1439},1.000000,0.000000,0.000000,0.000000,1.000000,0.000000,-1.000000
0.089689011,4,235,read_only,4096,233,1.000000,1.000000,1.000000,{"1":233},1.000000,0.000000,0.000000,0.000000,1.000000,0.000000,-1.000000
0.089689011,4,235,union,4096,236,1.000000,1.000000,1.000000,{"1":236},1.000000,0.000000,0.000000,0.000000,1.000000,0.000000,-1.000000
0.089689011,4,235,snapshot,4096,1439,1.000000,1.000000,1.000000,{"1":1439},1.000000,0.000000,0.000000,0.000000,1.000000,0.000000,-1.000000
0.089689011,4,235,read_only,16384,67,1.000000,1.000000,1.000000,{"1":233},1.000000,0.000000,0.000000,0.000000,1.000000,0.000000,-1.000000
0.089689011,4,235,union,16384,68,1.000000,1.000000,1.000000,{"1":236},1.000000,0.000000,0.000000,0.000000,1.000000,0.000000,-1.000000
0.089689011,4,235,snapshot,16384,401,0.900249,0.964464,0.900249,{"1":1439},0.900249,0.092269,0.007481,0.000000,0.900249,0.000000,0.000000
0.090012709,4,236,read_only,64,127,1.000000,1.000000,1.000000,{"1":127},1.000000,0.000000,0.000000,0.000000,1.000000,0.000000,-1.000000
0.090012709,4,236,union,64,128,1.000000,1.000000,1.000000,{"1":128},1.000000,0.000000,0.000000,0.000000,1.000000,0.000000,-1.000000
0.090012709,4,236,snapshot,64,1566,1.000000,1.000000,1.000000,{"1":1566},1.000000,0.000000,0.000000,0.000000,1.000000,0.000000,-1.000000
0.090012709,4,236,read_only,256,127,1.000000,1.000000,1.000000,{"1":127},1.000000,0.000000,0.000000,0.000000,1.000000,0.000000,-1.000000
0.090012709,4,236,union,256,128,1.000000,1.000000,1.000000,{"1":128},1.000000,0.000000,0.000000,0.000000,1.000000,0.000000,-1.000000
0.090012709,4,236,snapshot,256,1566,1.000000,1.000000,1.000000,{"1":1566},1.000000,0.000000,0.000000,0.000000,1.000000,0.000000,-1.000000
0.090012709,4,236,read_only,1024,127,1.000000,1.000000,1.000000,{"1":127},1.000000,0.000000,0.000000,0.000000,1.000000,0.000000,-1.000000
0.090012709,4,236,union,1024,128,1.000000,1.000000,1.000000,{"1":128},1.000000,0.000000,0.000000,0.000000,1.000000,0.000000,-1.000000
0.090012709,4,236,snapshot,1024,1566,1.000000,1.000000,1.000000,{"1":1566},1.000000,0.000000,0.000000,0.000000,1.000000,0.000000,-1.000000
0.090012709,4,236,read_only,4096,127,1.000000,1.000000,1.000000,{"1":127},1.000000,0.000000,0.000000,0.000000,1.000000,0.000000,-1.000000
0.090012709,4,236,union,4096,128,1.000000,1.000000,1.000000,{"1":128},1.000000,0.000000,0.000000,0.000000,1.000000,0.000000,-1.000000
0.090012709,4,236,snapshot,4096,1566,1.000000,1.000000,1.000000,{"1":1566},1.000000,0.000000,0.000000,0.000000,1.000000,0.000000,-1.000000
0.090012709,4,236,read_only,16384,39,1.000000,1.000000,1.000000,{"1":127},1.000000,0.000000,0.000000,0.000000,1.000000,0.000000,-1.000000
0.090012709,4,236,union,16384,39,1.000000,1.000000,1.000000,{"1":128},1.000000,0.000000,0.000000,0.000000,1.000000,0.000000,-1.000000
0.090012709,4,236,snapshot,16384,426,0.906103,0.966549,0.906103,{"1":1566},0.906103,0.086854,0.007042,0.000000,0.906103,0.000000,0.000000
0.112296498,4,237,read_only,64,152,1.000000,1.000000,1.000000,{"1":152},1.000000,0.000000,0.000000,0.000000,1.000000,0.000000,-1.000000
0.112296498,4,237,union,64,152,1.000000,1.000000,1.000000,{"1":152},1.000000,0.000000,0.000000,0.000000,1.000000,0.000000,-1.000000
0.112296498,4,237,snapshot,64,1718,1.000000,1.000000,1.000000,{"1":1718},1.000000,0.000000,0.000000,0.000000,1.000000,0.000000,-1.000000
0.112296498,4,237,read_only,256,152,1.000000,1.000000,1.000000,{"1":152},1.000000,0.000000,0.000000,0.000000,1.000000,0.000000,-1.000000
0.112296498,4,237,union,256,152,1.000000,1.000000,1.000000,{"1":152},1.000000,0.000000,0.000000,0.000000,1.000000,0.000000,-1.000000
0.112296498,4,237,snapshot,256,1718,1.000000,1.000000,1.000000,{"1":1718},1.000000,0.000000,0.000000,0.000000,1.000000,0.000000,-1.000000
0.112296498,4,237,read_only,1024,152,1.000000,1.000000,1.000000,{"1":152},1.000000,0.000000,0.000000,0.000000,1.000000,0.000000,-1.000000
0.112296498,4,237,union,1024,152,1.000000,1.000000,1.000000,{"1":152},1.000000,0.000000,0.000000,0.000000,1.000000,0.000000,-1.000000
0.112296498,4,237,snapshot,1024,1718,1.000000,1.000000,1.000000,{"1":1718},1.000000,0.000000,0.000000,0.000000,1.000000,0.000000,-1.000000
0.112296498,4,237,read_only,4096,152,1.000000,1.000000,1.000000,{"1":152},1.000000,0.000000,0.000000,0.000000,1.000000,0.000000,-1.000000
0.112296498,4,237,union,4096,152,1.000000,1.000000,1.000000,{"1":152},1.000000,0.000000,0.000000,0.000000,1.000000,0.000000,-1.000000
0.112296498,4,237,snapshot,4096,1718,1.000000,1.000000,1.000000,{"1":1718},1.000000,0.000000,0.000000,0.000000,1.000000,0.000000,-1.000000
0.112296498,4,237,read_only,16384,39,1.000000,1.000000,1.000000,{"1":152},1.000000,0.000000,0.000000,0.000000,1.000000,0.000000,-1.000000
0.112296498,4,237,union,16384,39,1.000000,1.000000,1.000000,{"1":152},1.000000,0.000000,0.000000,0.000000,1.000000,0.000000,-1.000000
0.112296498,4,237,snapshot,16384,463,0.909287,0.968143,0.909287,{"1":1718},0.909287,0.084233,0.006479,0.000000,0.909287,0.000000,0.000000
0.112560208,4,238,snapshot,64,1718,1.000000,1.000000,1.000000,{"1":1718},1.000000,0.000000,0.000000,0.000000,1.000000,0.000000,-1.000000
0.112560208,4,238,snapshot,256,1718,1.000000,1.000000,1.000000,{"1":1718},1.000000,0.000000,0.000000,0.000000,1.000000,0.000000,-1.000000
0.112560208,4,238,snapshot,1024,1718,1.000000,1.000000,1.000000,{"1":1718},1.000000,0.000000,0.000000,0.000000,1.000000,0.000000,-1.000000
0.112560208,4,238,snapshot,4096,1718,1.000000,1.000000,1.000000,{"1":1718},1.000000,0.000000,0.000000,0.000000,1.000000,0.000000,-1.000000
0.112560208,4,238,snapshot,16384,463,0.909287,0.968143,0.909287,{"1":1718},0.909287,0.084233,0.006479,0.000000,0.909287,0.000000,0.000000
0.113104585,4,239,read_only,64,11,1.000000,1.000000,1.000000,{"1":11},1.000000,0.000000,0.000000,0.000000,1.000000,0.000000,-1.000000
0.113104585,4,239,union,64,11,1.000000,1.000000,1.000000,{"1":11},1.000000,0.000000,0.000000,0.000000,1.000000,0.000000,-1.000000
0.113104585,4,239,snapshot,64,1729,1.000000,1.000000,1.000000,{"1":1729},1.000000,0.000000,0.000000,0.000000,1.000000,0.000000,-1.000000
0.113104585,4,239,read_only,256,11,1.000000,1.000000,1.000000,{"1":11},1.000000,0.000000,0.000000,0.000000,1.000000,0.000000,-1.000000
0.113104585,4,239,union,256,11,1.000000,1.000000,1.000000,{"1":11},1.000000,0.000000,0.000000,0.000000,1.000000,0.000000,-1.000000
0.113104585,4,239,snapshot,256,1729,1.000000,1.000000,1.000000,{"1":1729},1.000000,0.000000,0.000000,0.000000,1.000000,0.000000,-1.000000
0.113104585,4,239,read_only,1024,11,1.000000,1.000000,1.000000,{"1":11},1.000000,0.000000,0.000000,0.000000,1.000000,0.000000,-1.000000
0.113104585,4,239,union,1024,11,1.000000,1.000000,1.000000,{"1":11},1.000000,0.000000,0.000000,0.000000,1.000000,0.000000,-1.000000
0.113104585,4,239,snapshot,1024,1729,1.000000,1.000000,1.000000,{"1":1729},1.000000,0.000000,0.000000,0.000000,1.000000,0.000000,-1.000000
0.113104585,4,239,read_only,4096,11,1.000000,1.000000,1.000000,{"1":11},1.000000,0.000000,0.000000,0.000000,1.000000,0.000000,-1.000000
0.113104585,4,239,union,4096,11,1.000000,1.000000,1.000000,{"1":11},1.000000,0.000000,0.000000,0.000000,1.000000,0.000000,-1.000000
0.113104585,4,239,snapshot,4096,1729,1.000000,1.000000,1.000000,{"1":1729},1.000000,0.000000,0.000000,0.000000,1.000000,0.000000,-1.000000
0.113104585,4,239,read_only,16384,5,1.000000,1.000000,1.000000,{"1":11},1.000000,0.000000,0.000000,0.000000,1.000000,0.000000,-1.000000
0.113104585,4,239,union,16384,5,1.000000,1.000000,1.000000,{"1":11},1.000000,0.000000,0.000000,0.000000,1.000000,0.000000,-1.000000
0.113104585,4,239,snapshot,16384,466,0.905579,0.966202,0.905579,{"1":1729},0.905579,0.087983,0.006438,0.000000,0.905579,0.000000,0.000000
0.113441210,4,240,read_only,64,2,1.000000,1.000000,1.000000,{"1":2},1.000000,0.000000,0.000000,0.000000,1.000000,0.000000,-1.000000
0.113441210,4,240,union,64,2,1.000000,1.000000,1.000000,{"1":2},1.000000,0.000000,0.000000,0.000000,1.000000,0.000000,-1.000000
0.113441210,4,240,snapshot,64,1731,1.000000,1.000000,1.000000,{"1":1731},1.000000,0.000000,0.000000,0.000000,1.000000,0.000000,-1.000000
0.113441210,4,240,read_only,256,2,1.000000,1.000000,1.000000,{"1":2},1.000000,0.000000,0.000000,0.000000,1.000000,0.000000,-1.000000
0.113441210,4,240,union,256,2,1.000000,1.000000,1.000000,{"1":2},1.000000,0.000000,0.000000,0.000000,1.000000,0.000000,-1.000000
0.113441210,4,240,snapshot,256,1731,1.000000,1.000000,1.000000,{"1":1731},1.000000,0.000000,0.000000,0.000000,1.000000,0.000000,-1.000000
0.113441210,4,240,read_only,1024,2,1.000000,1.000000,1.000000,{"1":2},1.000000,0.000000,0.000000,0.000000,1.000000,0.000000,-1.000000
0.113441210,4,240,union,1024,2,1.000000,1.000000,1.000000,{"1":2},1.000000,0.000000,0.000000,0.000000,1.000000,0.000000,-1.000000
0.113441210,4,240,snapshot,1024,1731,1.000000,1.000000,1.000000,{"1":1731},1.000000,0.000000,0.000000,0.000000,1.000000,0.000000,-1.000000
0.113441210,4,240,read_only,4096,2,1.000000,1.000000,1.000000,{"1":2},1.000000,0.000000,0.000000,0.000000,1.000000,0.000000,-1.000000
0.113441210,4,240,union,4096,2,1.000000,1.000000,1.000000,{"1":2},1.000000,0.000000,0.000000,0.000000,1.000000,0.000000,-1.000000
0.113441210,4,240,snapshot,4096,1731,1.000000,1.000000,1.000000,{"1":1731},1.000000,0.000000,0.000000,0.000000,1.000000,0.000000,-1.000000
0.113441210,4,240,read_only,16384,1,1.000000,1.000000,1.000000,{"1":2},1.000000,0.000000,0.000000,0.000000,1.000000,0.000000,-1.000000
0.113441210,4,240,union,16384,1,1.000000,1.000000,1.000000,{"1":2},1.000000,0.000000,0.000000,0.000000,1.000000,0.000000,-1.000000
0.113441210,4,240,snapshot,16384,467,0.905782,0.966274,0.905782,{"1":1731},0.905782,0.087794,0.006424,0.000000,0.905782,0.000000,0.000000
0.113714513,4,241,read_only,64,1,1.000000,1.000000,1.000000,{"1":1},1.000000,0.000000,0.000000,0.000000,1.000000,0.000000,-1.000000
0.113714513,4,241,union,64,1,1.000000,1.000000,1.000000,{"1":1},1.000000,0.000000,0.000000,0.000000,1.000000,0.000000,-1.000000
0.113714513,4,241,snapshot,64,1732,1.000000,1.000000,1.000000,{"1":1732},1.000000,0.000000,0.000000,0.000000,1.000000,0.000000,-1.000000
0.113714513,4,241,read_only,256,1,1.000000,1.000000,1.000000,{"1":1},1.000000,0.000000,0.000000,0.000000,1.000000,0.000000,-1.000000
0.113714513,4,241,union,256,1,1.000000,1.000000,1.000000,{"1":1},1.000000,0.000000,0.000000,0.000000,1.000000,0.000000,-1.000000
0.113714513,4,241,snapshot,256,1732,1.000000,1.000000,1.000000,{"1":1732},1.000000,0.000000,0.000000,0.000000,1.000000,0.000000,-1.000000
0.113714513,4,241,read_only,1024,1,1.000000,1.000000,1.000000,{"1":1},1.000000,0.000000,0.000000,0.000000,1.000000,0.000000,-1.000000
0.113714513,4,241,union,1024,1,1.000000,1.000000,1.000000,{"1":1},1.000000,0.000000,0.000000,0.000000,1.000000,0.000000,-1.000000
0.113714513,4,241,snapshot,1024,1732,1.000000,1.000000,1.000000,{"1":1732},1.000000,0.000000,0.000000,0.000000,1.000000,0.000000,-1.000000
0.113714513,4,241,read_only,4096,1,1.000000,1.000000,1.000000,{"1":1},1.000000,0.000000,0.000000,0.000000,1.000000,0.000000,-1.000000
0.113714513,4,241,union,4096,1,1.000000,1.000000,1.000000,{"1":1},1.000000,0.000000,0.000000,0.000000,1.000000,0.000000,-1.000000
0.113714513,4,241,snapshot,4096,1732,1.000000,1.000000,1.000000,{"1":1732},1.000000,0.000000,0.000000,0.000000,1.000000,0.000000,-1.000000
0.113714513,4,241,read_only,16384,1,1.000000,1.000000,1.000000,{"1":1},1.000000,0.000000,0.000000,0.000000,1.000000,0.000000,-1.000000
0.113714513,4,241,union,16384,1,1.000000,1.000000,1.000000,{"1":1},1.000000,0.000000,0.000000,0.000000,1.000000,0.000000,-1.000000
0.113714513,4,241,snapshot,16384,468,0.905983,0.966346,0.905983,{"1":1732},0.905983,0.087607,0.006410,0.000000,0.905983,0.000000,0.000000
0.113946621,4,242,snapshot,64,1732,1.000000,1.000000,1.000000,{"1":1732},1.000000,0.000000,0.000000,0.000000,1.000000,0.000000,-1.000000
0.113946621,4,242,snapshot,256,1732,1.000000,1.000000,1.000000,{"1":1732},1.000000,0.000000,0.000000,0.000000,1.000000,0.000000,-1.000000
0.113946621,4,242,snapshot,1024,1732,1.000000,1.000000,1.000000,{"1":1732},1.000000,0.000000,0.000000,0.000000,1.000000,0.000000,-1.000000
0.113946621,4,242,snapshot,4096,1732,1.000000,1.000000,1.000000,{"1":1732},1.000000,0.000000,0.000000,0.000000,1.000000,0.000000,-1.000000
0.113946621,4,242,snapshot,16384,468,0.905983,0.966346,0.905983,{"1":1732},0.905983,0.087607,0.006410,0.000000,0.905983,0.000000,0.000000
0.114180182,4,243,read_only,64,2,1.000000,1.000000,1.000000,{"1":2},1.000000,0.000000,0.000000,0.000000,1.000000,0.000000,-1.000000
0.114180182,4,243,union,64,2,1.000000,1.000000,1.000000,{"1":2},1.000000,0.000000,0.000000,0.000000,1.000000,0.000000,-1.000000
0.114180182,4,243,snapshot,64,1734,1.000000,1.000000,1.000000,{"1":1734},1.000000,0.000000,0.000000,0.000000,1.000000,0.000000,-1.000000
0.114180182,4,243,read_only,256,2,1.000000,1.000000,1.000000,{"1":2},1.000000,0.000000,0.000000,0.000000,1.000000,0.000000,-1.000000
0.114180182,4,243,union,256,2,1.000000,1.000000,1.000000,{"1":2},1.000000,0.000000,0.000000,0.000000,1.000000,0.000000,-1.000000
0.114180182,4,243,snapshot,256,1734,1.000000,1.000000,1.000000,{"1":1734},1.000000,0.000000,0.000000,0.000000,1.000000,0.000000,-1.000000
0.114180182,4,243,read_only,1024,2,1.000000,1.000000,1.000000,{"1":2},1.000000,0.000000,0.000000,0.000000,1.000000,0.000000,-1.000000
0.114180182,4,243,union,1024,2,1.000000,1.000000,1.000000,{"1":2},1.000000,0.000000,0.000000,0.000000,1.000000,0.000000,-1.000000
0.114180182,4,243,snapshot,1024,1734,1.000000,1.000000,1.000000,{"1":1734},1.000000,0.000000,0.000000,0.000000,1.000000,0.000000,-1.000000
0.114180182,4,243,read_only,4096,2,1.000000,1.000000,1.000000,{"1":2},1.000000,0.000000,0.000000,0.000000,1.000000,0.000000,-1.000000
0.114180182,4,243,union,4096,2,1.000000,1.000000,1.000000,{"1":2},1.000000,0.000000,0.000000,0.000000,1.000000,0.000000,-1.000000
0.114180182,4,243,snapshot,4096,1734,1.000000,1.000000,1.000000,{"1":1734},1.000000,0.000000,0.000000,0.000000,1.000000,0.000000,-1.000000
0.114180182,4,243,read_only,16384,2,1.000000,1.000000,1.000000,{"1":2},1.000000,0.000000,0.000000,0.000000,1.000000,0.000000,-1.000000
0.114180182,4,243,union,16384,2,1.000000,1.000000,1.000000,{"1":2},1.000000,0.000000,0.000000,0.000000,1.000000,0.000000,-1.000000
0.114180182,4,243,snapshot,16384,470,0.906383,0.966489,0.906383,{"1":1734},0.906383,0.087234,0.006383,0.000000,0.906383,0.000000,0.000000
0.114446883,4,244,read_only,64,3,1.000000,1.000000,1.000000,{"1":3},1.000000,0.000000,0.000000,0.000000,1.000000,0.000000,-1.000000
0.114446883,4,244,union,64,5,1.000000,1.000000,1.000000,{"1":5},1.000000,0.000000,0.000000,0.000000,1.000000,0.000000,-1.000000
0.114446883,4,244,snapshot,64,1737,1.000000,1.000000,1.000000,{"1":1737},1.000000,0.000000,0.000000,0.000000,1.000000,0.000000,-1.000000
0.114446883,4,244,read_only,256,3,1.000000,1.000000,1.000000,{"1":3},1.000000,0.000000,0.000000,0.000000,1.000000,0.000000,-1.000000
0.114446883,4,244,union,256,5,1.000000,1.000000,1.000000,{"1":5},1.000000,0.000000,0.000000,0.000000,1.000000,0.000000,-1.000000
0.114446883,4,244,snapshot,256,1737,1.000000,1.000000,1.000000,{"1":1737},1.000000,0.000000,0.000000,0.000000,1.000000,0.000000,-1.000000
0.114446883,4,244,read_only,1024,3,1.000000,1.000000,1.000000,{"1":3},1.000000,0.000000,0.000000,0.000000,1.000000,0.000000,-1.000000
0.114446883,4,244,union,1024,5,1.000000,1.000000,1.000000,{"1":5},1.000000,0.000000,0.000000,0.000000,1.000000,0.000000,-1.000000
0.114446883,4,244,snapshot,1024,1737,1.000000,1.000000,1.000000,{"1":1737},1.000000,0.000000,0.000000,0.000000,1.000000,0.000000,-1.000000
0.114446883,4,244,read_only,4096,3,1.000000,1.000000,1.000000,{"1":3},1.000000,0.000000,0.000000,0.000000,1.000000,0.000000,-1.000000
0.114446883,4,244,union,4096,5,1.000000,1.000000,1.000000,{"1":5},1.000000,0.000000,0.000000,0.000000,1.000000,0.000000,-1.000000
0.114446883,4,244,snapshot,4096,1737,1.000000,1.000000,1.000000,{"1":1737},1.000000,0.000000,0.000000,0.000000,1.000000,0.000000,-1.000000
0.114446883,4,244,read_only,16384,1,1.000000,1.000000,1.000000,{"1":3},1.000000,0.000000,0.000000,0.000000,1.000000,0.000000,-1.000000
0.114446883,4,244,union,16384,2,1.000000,1.000000,1.000000,{"1":5},1.000000,0.000000,0.000000,0.000000,1.000000,0.000000,-1.000000
0.114446883,4,244,snapshot,16384,471,0.906582,0.966561,0.906582,{"1":1737},0.906582,0.087049,0.006369,0.000000,0.906582,0.000000,0.000000
0.114684350,4,245,read_only,64,8,1.000000,1.000000,1.000000,{"1":8},1.000000,0.000000,0.000000,0.000000,1.000000,0.000000,-1.000000
0.114684350,4,245,union,64,17,1.000000,1.000000,1.000000,{"1":17},1.000000,0.000000,0.000000,0.000000,1.000000,0.000000,-1.000000
0.114684350,4,245,snapshot,64,1745,1.000000,1.000000,1.000000,{"1":1745},1.000000,0.000000,0.000000,0.000000,1.000000,0.000000,-1.000000
0.114684350,4,245,read_only,256,8,1.000000,1.000000,1.000000,{"1":8},1.000000,0.000000,0.000000,0.000000,1.000000,0.000000,-1.000000
0.114684350,4,245,union,256,17,1.000000,1.000000,1.000000,{"1":17},1.000000,0.000000,0.000000,0.000000,1.000000,0.000000,-1.000000
0.114684350,4,245,snapshot,256,1745,1.000000,1.000000,1.000000,{"1":1745},1.000000,0.000000,0.000000,0.000000,1.000000,0.000000,-1.000000
0.114684350,4,245,read_only,1024,8,1.000000,1.000000,1.000000,{"1":8},1.000000,0.000000,0.000000,0.000000,1.000000,0.000000,-1.000000
0.114684350,4,245,union,1024,17,1.000000,1.000000,1.000000,{"1":17},1.000000,0.000000,0.000000,0.000000,1.000000,0.000000,-1.000000
0.114684350,4,245,snapshot,1024,1745,1.000000,1.000000,1.000000,{"1":1745},1.000000,0.000000,0.000000,0.000000,1.000000,0.000000,-1.000000
0.114684350,4,245,read_only,4096,8,1.000000,1.000000,1.000000,{"1":8},1.000000,0.000000,0.000000,0.000000,1.000000,0.000000,-1.000000
0.114684350,4,245,union,4096,17,1.000000,1.000000,1.000000,{"1":17},1.000000,0.000000,0.000000,0.000000,1.000000,0.000000,-1.000000
0.114684350,4,245,snapshot,4096,1745,1.000000,1.000000,1.000000,{"1":1745},1.000000,0.000000,0.000000,0.000000,1.000000,0.000000,-1.000000
0.114684350,4,245,read_only,16384,3,0.666667,0.916667,0.666667,{"1":8},0.666667,0.333333,0.000000,0.000000,0.666667,0.000000,0.000000
0.114684350,4,245,union,16384,9,0.888889,0.972222,0.888889,{"1":17},0.888889,0.111111,0.000000,0.000000,0.888889,0.000000,0.000000
0.114684350,4,245,snapshot,16384,473,0.902748,0.965645,0.902748,{"1":1745},0.902748,0.090909,0.006342,0.000000,0.902748,0.000000,0.000000
0.114914664,4,246,snapshot,64,1745,1.000000,1.000000,1.000000,{"1":1745},1.000000,0.000000,0.000000,0.000000,1.000000,0.000000,-1.000000
0.114914664,4,246,snapshot,256,1745,1.000000,1.000000,1.000000,{"1":1745},1.000000,0.000000,0.000000,0.000000,1.000000,0.000000,-1.000000
0.114914664,4,246,snapshot,1024,1745,1.000000,1.000000,1.000000,{"1":1745},1.000000,0.000000,0.000000,0.000000,1.000000,0.000000,-1.000000
0.114914664,4,246,snapshot,4096,1745,1.000000,1.000000,1.000000,{"1":1745},1.000000,0.000000,0.000000,0.000000,1.000000,0.000000,-1.000000
0.114914664,4,246,snapshot,16384,473,0.902748,0.965645,0.902748,{"1":1745},0.902748,0.090909,0.006342,0.000000,0.902748,0.000000,0.000000
