sim_time,gpu_id,kernel_id,view,region_size_bytes,num_regions_with_entries,strict_coalescable_ratio,avg_relaxed_ratio,full_redundant_ratio,sharer_set_cardinality_dist_json,reg_card1_ratio,reg_card2_ratio,reg_card3_ratio,reg_card4plus_ratio,coalescable_private_ratio,coalescable_shared_ratio,shared_only_strict_ratio
0.000423692,4,0,read_only,64,4,1.000000,1.000000,1.000000,{"1":4},1.000000,0.000000,0.000000,0.000000,1.000000,0.000000,-1.000000
0.000423692,4,0,union,64,4,1.000000,1.000000,1.000000,{"1":4},1.000000,0.000000,0.000000,0.000000,1.000000,0.000000,-1.000000
0.000423692,4,0,snapshot,64,4,1.000000,1.000000,1.000000,{"1":4},1.000000,0.000000,0.000000,0.000000,1.000000,0.000000,-1.000000
0.000423692,4,0,read_only,256,4,1.000000,1.000000,1.000000,{"1":4},1.000000,0.000000,0.000000,0.000000,1.000000,0.000000,-1.000000
0.000423692,4,0,union,256,4,1.000000,1.000000,1.000000,{"1":4},1.000000,0.000000,0.000000,0.000000,1.000000,0.000000,-1.000000
0.000423692,4,0,snapshot,256,4,1.000000,1.000000,1.000000,{"1":4},1.000000,0.000000,0.000000,0.000000,1.000000,0.000000,-1.000000
0.000423692,4,0,read_only,1024,4,1.000000,1.000000,1.000000,{"1":4},1.000000,0.000000,0.000000,0.000000,1.000000,0.000000,-1.000000
0.000423692,4,0,union,1024,4,1.000000,1.000000,1.000000,{"1":4},1.000000,0.000000,0.000000,0.000000,1.000000,0.000000,-1.000000
0.000423692,4,0,snapshot,1024,4,1.000000,1.000000,1.000000,{"1":4},1.000000,0.000000,0.000000,0.000000,1.000000,0.000000,-1.000000
0.000423692,4,0,read_only,4096,4,1.000000,1.000000,1.000000,{"1":4},1.000000,0.000000,0.000000,0.000000,1.000000,0.000000,-1.000000
0.000423692,4,0,union,4096,4,1.000000,1.000000,1.000000,{"1":4},1.000000,0.000000,0.000000,0.000000,1.000000,0.000000,-1.000000
0.000423692,4,0,snapshot,4096,4,1.000000,1.000000,1.000000,{"1":4},1.000000,0.000000,0.000000,0.000000,1.000000,0.000000,-1.000000
0.000423692,4,0,read_only,16384,2,0.000000,0.500000,0.000000,{"1":4},0.000000,1.000000,0.000000,0.000000,0.000000,0.000000,0.000000
0.000423692,4,0,union,16384,2,0.000000,0.500000,0.000000,{"1":4},0.000000,1.000000,0.000000,0.000000,0.000000,0.000000,0.000000
0.000423692,4,0,snapshot,16384,2,0.000000,0.500000,0.000000,{"1":4},0.000000,1.000000,0.000000,0.000000,0.000000,0.000000,0.000000
0.000656005,4,1,snapshot,64,4,1.000000,1.000000,1.000000,{"1":4},1.000000,0.000000,0.000000,0.000000,1.000000,0.000000,-1.000000
0.000656005,4,1,snapshot,256,4,1.000000,1.000000,1.000000,{"1":4},1.000000,0.000000,0.000000,0.000000,1.000000,0.000000,-1.000000
0.000656005,4,1,snapshot,1024,4,1.000000,1.000000,1.000000,{"1":4},1.000000,0.000000,0.000000,0.000000,1.000000,0.000000,-1.000000
0.000656005,4,1,snapshot,4096,4,1.000000,1.000000,1.000000,{"1":4},1.000000,0.000000,0.000000,0.000000,1.000000,0.000000,-1.000000
0.000656005,4,1,snapshot,16384,2,0.000000,0.500000,0.000000,{"1":4},0.000000,1.000000,0.000000,0.000000,0.000000,0.000000,0.000000
0.000944528,4,2,snapshot,64,4,1.000000,1.000000,1.000000,{"1":4},1.000000,0.000000,0.000000,0.000000,1.000000,0.000000,-1.000000
0.000944528,4,2,snapshot,256,4,1.000000,1.000000,1.000000,{"1":4},1.000000,0.000000,0.000000,0.000000,1.000000,0.000000,-1.000000
0.000944528,4,2,snapshot,1024,4,1.000000,1.000000,1.000000,{"1":4},1.000000,0.000000,0.000000,0.000000,1.000000,0.000000,-1.000000
0.000944528,4,2,snapshot,4096,4,1.000000,1.000000,1.000000,{"1":4},1.000000,0.000000,0.000000,0.000000,1.000000,0.000000,-1.000000
0.000944528,4,2,snapshot,16384,2,0.000000,0.500000,0.000000,{"1":4},0.000000,1.000000,0.000000,0.000000,0.000000,0.000000,0.000000
0.001173260,4,3,snapshot,64,4,1.000000,1.000000,1.000000,{"1":4},1.000000,0.000000,0.000000,0.000000,1.000000,0.000000,-1.000000
0.001173260,4,3,snapshot,256,4,1.000000,1.000000,1.000000,{"1":4},1.000000,0.000000,0.000000,0.000000,1.000000,0.000000,-1.000000
0.001173260,4,3,snapshot,1024,4,1.000000,1.000000,1.000000,{"1":4},1.000000,0.000000,0.000000,0.000000,1.000000,0.000000,-1.000000
0.001173260,4,3,snapshot,4096,4,1.000000,1.000000,1.000000,{"1":4},1.000000,0.000000,0.000000,0.000000,1.000000,0.000000,-1.000000
0.001173260,4,3,snapshot,16384,2,0.000000,0.500000,0.000000,{"1":4},0.000000,1.000000,0.000000,0.000000,0.000000,0.000000,0.000000
0.001408093,4,4,read_only,64,8,1.000000,1.000000,1.000000,{"1":8},1.000000,0.000000,0.000000,0.000000,1.000000,0.000000,-1.000000
0.001408093,4,4,union,64,8,1.000000,1.000000,1.000000,{"1":8},1.000000,0.000000,0.000000,0.000000,1.000000,0.000000,-1.000000
0.001408093,4,4,snapshot,64,12,1.000000,1.000000,1.000000,{"1":12},1.000000,0.000000,0.000000,0.000000,1.000000,0.000000,-1.000000
0.001408093,4,4,read_only,256,8,1.000000,1.000000,1.000000,{"1":8},1.000000,0.000000,0.000000,0.000000,1.000000,0.000000,-1.000000
0.001408093,4,4,union,256,8,1.000000,1.000000,1.000000,{"1":8},1.000000,0.000000,0.000000,0.000000,1.000000,0.000000,-1.000000
0.001408093,4,4,snapshot,256,12,1.000000,1.000000,1.000000,{"1":12},1.000000,0.000000,0.000000,0.000000,1.000000,0.000000,-1.000000
0.001408093,4,4,read_only,1024,8,1.000000,1.000000,1.000000,{"1":8},1.000000,0.000000,0.000000,0.000000,1.000000,0.000000,-1.000000
0.001408093,4,4,union,1024,8,1.000000,1.000000,1.000000,{"1":8},1.000000,0.000000,0.000000,0.000000,1.000000,0.000000,-1.000000
0.001408093,4,4,snapshot,1024,12,1.000000,1.000000,1.000000,{"1":12},1.000000,0.000000,0.000000,0.000000,1.000000,0.000000,-1.000000
0.001408093,4,4,read_only,4096,8,1.000000,1.000000,1.000000,{"1":8},1.000000,0.000000,0.000000,0.000000,1.000000,0.000000,-1.000000
0.001408093,4,4,union,4096,8,1.000000,1.000000,1.000000,{"1":8},1.000000,0.000000,0.000000,0.000000,1.000000,0.000000,-1.000000
0.001408093,4,4,snapshot,4096,12,1.000000,1.000000,1.000000,{"1":12},1.000000,0.000000,0.000000,0.000000,1.000000,0.000000,-1.000000
0.001408093,4,4,read_only,16384,3,0.666667,0.833333,0.666667,{"1":8},0.666667,0.333333,0.000000,0.000000,0.666667,0.000000,0.000000
0.001408093,4,4,union,16384,3,0.666667,0.833333,0.666667,{"1":8},0.666667,0.333333,0.000000,0.000000,0.666667,0.000000,0.000000
0.001408093,4,4,snapshot,16384,5,0.400000,0.700000,0.400000,{"1":12},0.400000,0.600000,0.000000,0.000000,0.400000,0.000000,0.000000
0.001642380,4,5,snapshot,64,12,1.000000,1.000000,1.000000,{"1":12},1.000000,0.000000,0.000000,0.000000,1.000000,0.000000,-1.000000
0.001642380,4,5,snapshot,256,12,1.000000,1.000000,1.000000,{"1":12},1.000000,0.000000,0.000000,0.000000,1.000000,0.000000,-1.000000
0.001642380,4,5,snapshot,1024,12,1.000000,1.000000,1.000000,{"1":12},1.000000,0.000000,0.000000,0.000000,1.000000,0.000000,-1.000000
0.001642380,4,5,snapshot,4096,12,1.000000,1.000000,1.000000,{"1":12},1.000000,0.000000,0.000000,0.000000,1.000000,0.000000,-1.000000
0.001642380,4,5,snapshot,16384,5,0.400000,0.700000,0.400000,{"1":12},0.400000,0.600000,0.000000,0.000000,0.400000,0.000000,0.000000
0.002659943,4,6,read_only,64,1,1.000000,1.000000,1.000000,{"1":1},1.000000,0.000000,0.000000,0.000000,1.000000,0.000000,-1.000000
0.002659943,4,6,union,64,1,1.000000,1.000000,1.000000,{"1":1},1.000000,0.000000,0.000000,0.000000,1.000000,0.000000,-1.000000
0.002659943,4,6,snapshot,64,13,1.000000,1.000000,1.000000,{"1":13},1.000000,0.000000,0.000000,0.000000,1.000000,0.000000,-1.000000
0.002659943,4,6,read_only,256,1,1.000000,1.000000,1.000000,{"1":1},1.000000,0.000000,0.000000,0.000000,1.000000,0.000000,-1.000000
0.002659943,4,6,union,256,1,1.000000,1.000000,1.000000,{"1":1},1.000000,0.000000,0.000000,0.000000,1.000000,0.000000,-1.000000
0.002659943,4,6,snapshot,256,13,1.000000,1.000000,1.000000,{"1":13},1.000000,0.000000,0.000000,0.000000,1.000000,0.000000,-1.000000
0.002659943,4,6,read_only,1024,1,1.000000,1.000000,1.000000,{"1":1},1.000000,0.000000,0.000000,0.000000,1.000000,0.000000,-1.000000
0.002659943,4,6,union,1024,1,1.000000,1.000000,1.000000,{"1":1},1.000000,0.000000,0.000000,0.000000,1.000000,0.000000,-1.000000
0.002659943,4,6,snapshot,1024,13,1.000000,1.000000,1.000000,{"1":13},1.000000,0.000000,0.000000,0.000000,1.000000,0.000000,-1.000000
0.002659943,4,6,read_only,4096,1,1.000000,1.000000,1.000000,{"1":1},1.000000,0.000000,0.000000,0.000000,1.000000,0.000000,-1.000000
0.002659943,4,6,union,4096,1,1.000000,1.000000,1.000000,{"1":1},1.000000,0.000000,0.000000,0.000000,1.000000,0.000000,-1.000000
0.002659943,4,6,snapshot,4096,13,1.000000,1.000000,1.000000,{"1":13},1.000000,0.000000,0.000000,0.000000,1.000000,0.000000,-1.000000
0.002659943,4,6,read_only,16384,1,1.000000,1.000000,1.000000,{"1":1},1.000000,0.000000,0.000000,0.000000,1.000000,0.000000,-1.000000
0.002659943,4,6,union,16384,1,1.000000,1.000000,1.000000,{"1":1},1.000000,0.000000,0.000000,0.000000,1.000000,0.000000,-1.000000
0.002659943,4,6,snapshot,16384,6,0.500000,0.750000,0.500000,{"1":13},0.500000,0.500000,0.000000,0.000000,0.500000,0.000000,0.000000
0.002894834,4,7,snapshot,64,13,1.000000,1.000000,1.000000,{"1":13},1.000000,0.000000,0.000000,0.000000,1.000000,0.000000,-1.000000
0.002894834,4,7,snapshot,256,13,1.000000,1.000000,1.000000,{"1":13},1.000000,0.000000,0.000000,0.000000,1.000000,0.000000,-1.000000
0.002894834,4,7,snapshot,1024,13,1.000000,1.000000,1.000000,{"1":13},1.000000,0.000000,0.000000,0.000000,1.000000,0.000000,-1.000000
0.002894834,4,7,snapshot,4096,13,1.000000,1.000000,1.000000,{"1":13},1.000000,0.000000,0.000000,0.000000,1.000000,0.000000,-1.000000
0.002894834,4,7,snapshot,16384,6,0.500000,0.750000,0.500000,{"1":13},0.500000,0.500000,0.000000,0.000000,0.500000,0.000000,0.000000
0.003128337,4,8,snapshot,64,13,1.000000,1.000000,1.000000,{"1":13},1.000000,0.000000,0.000000,0.000000,1.000000,0.000000,-1.000000
0.003128337,4,8,snapshot,256,13,1.000000,1.000000,1.000000,{"1":13},1.000000,0.000000,0.000000,0.000000,1.000000,0.000000,-1.000000
0.003128337,4,8,snapshot,1024,13,1.000000,1.000000,1.000000,{"1":13},1.000000,0.000000,0.000000,0.000000,1.000000,0.000000,-1.000000
0.003128337,4,8,snapshot,4096,13,1.000000,1.000000,1.000000,{"1":13},1.000000,0.000000,0.000000,0.000000,1.000000,0.000000,-1.000000
0.003128337,4,8,snapshot,16384,6,0.500000,0.750000,0.500000,{"1":13},0.500000,0.500000,0.000000,0.000000,0.500000,0.000000,0.000000
0.003362178,4,9,read_only,64,8,1.000000,1.000000,1.000000,{"1":8},1.000000,0.000000,0.000000,0.000000,1.000000,0.000000,-1.000000
0.003362178,4,9,union,64,8,1.000000,1.000000,1.000000,{"1":8},1.000000,0.000000,0.000000,0.000000,1.000000,0.000000,-1.000000
0.003362178,4,9,snapshot,64,21,1.000000,1.000000,1.000000,{"1":21},1.000000,0.000000,0.000000,0.000000,1.000000,0.000000,-1.000000
0.003362178,4,9,read_only,256,8,1.000000,1.000000,1.000000,{"1":8},1.000000,0.000000,0.000000,0.000000,1.000000,0.000000,-1.000000
0.003362178,4,9,union,256,8,1.000000,1.000000,1.000000,{"1":8},1.000000,0.000000,0.000000,0.000000,1.000000,0.000000,-1.000000
0.003362178,4,9,snapshot,256,21,1.000000,1.000000,1.000000,{"1":21},1.000000,0.000000,0.000000,0.000000,1.000000,0.000000,-1.000000
0.003362178,4,9,read_only,1024,8,1.000000,1.000000,1.000000,{"1":8},1.000000,0.000000,0.000000,0.000000,1.000000,0.000000,-1.000000
0.003362178,4,9,union,1024,8,1.000000,1.000000,1.000000,{"1":8},1.000000,0.000000,0.000000,0.000000,1.000000,0.000000,-1.000000
0.003362178,4,9,snapshot,1024,21,1.000000,1.000000,1.000000,{"1":21},1.000000,0.000000,0.000000,0.000000,1.000000,0.000000,-1.000000
0.003362178,4,9,read_only,4096,8,1.000000,1.000000,1.000000,{"1":8},1.000000,0.000000,0.000000,0.000000,1.000000,0.000000,-1.000000
0.003362178,4,9,union,4096,8,1.000000,1.000000,1.000000,{"1":8},1.000000,0.000000,0.000000,0.000000,1.000000,0.000000,-1.000000
0.003362178,4,9,snapshot,4096,21,1.000000,1.000000,1.000000,{"1":21},1.000000,0.000000,0.000000,0.000000,1.000000,0.000000,-1.000000
0.003362178,4,9,read_only,16384,3,0.666667,0.833333,0.666667,{"1":8},0.666667,0.333333,0.000000,0.000000,0.666667,0.000000,0.000000
0.003362178,4,9,union,16384,3,0.666667,0.833333,0.666667,{"1":8},0.666667,0.333333,0.000000,0.000000,0.666667,0.000000,0.000000
0.003362178,4,9,snapshot,16384,9,0.555556,0.777778,0.555556,{"1":21},0.555556,0.444444,0.000000,0.000000,0.555556,0.000000,0.000000
0.003609828,4,10,read_only,64,20,1.000000,1.000000,1.000000,{"1":20},1.000000,0.000000,0.000000,0.000000,1.000000,0.000000,-1.000000
0.003609828,4,10,union,64,20,1.000000,1.000000,1.000000,{"1":20},1.000000,0.000000,0.000000,0.000000,1.000000,0.000000,-1.000000
0.003609828,4,10,snapshot,64,41,1.000000,1.000000,1.000000,{"1":41},1.000000,0.000000,0.000000,0.000000,1.000000,0.000000,-1.000000
0.003609828,4,10,read_only,256,20,1.000000,1.000000,1.000000,{"1":20},1.000000,0.000000,0.000000,0.000000,1.000000,0.000000,-1.000000
0.003609828,4,10,union,256,20,1.000000,1.000000,1.000000,{"1":20},1.000000,0.000000,0.000000,0.000000,1.000000,0.000000,-1.000000
0.003609828,4,10,snapshot,256,41,1.000000,1.000000,1.000000,{"1":41},1.000000,0.000000,0.000000,0.000000,1.000000,0.000000,-1.000000
0.003609828,4,10,read_only,1024,20,1.000000,1.000000,1.000000,{"1":20},1.000000,0.000000,0.000000,0.000000,1.000000,0.000000,-1.000000
0.003609828,4,10,union,1024,20,1.000000,1.000000,1.000000,{"1":20},1.000000,0.000000,0.000000,0.000000,1.000000,0.000000,-1.000000
0.003609828,4,10,snapshot,1024,41,1.000000,1.000000,1.000000,{"1":41},1.000000,0.000000,0.000000,0.000000,1.000000,0.000000,-1.000000
0.003609828,4,10,read_only,4096,20,1.000000,1.000000,1.000000,{"1":20},1.000000,0.000000,0.000000,0.000000,1.000000,0.000000,-1.000000
0.003609828,4,10,union,4096,20,1.000000,1.000000,1.000000,{"1":20},1.000000,0.000000,0.000000,0.000000,1.000000,0.000000,-1.000000
0.003609828,4,10,snapshot,4096,41,1.000000,1.000000,1.000000,{"1":41},1.000000,0.000000,0.000000,0.000000,1.000000,0.000000,-1.000000
0.003609828,4,10,read_only,16384,7,0.714286,0.916667,0.714286,{"1":20},0.714286,0.285714,0.000000,0.000000,0.714286,0.000000,0.000000
0.003609828,4,10,union,16384,7,0.714286,0.916667,0.714286,{"1":20},0.714286,0.285714,0.000000,0.000000,0.714286,0.000000,0.000000
0.003609828,4,10,snapshot,16384,16,0.625000,0.838542,0.625000,{"1":41},0.625000,0.375000,0.000000,0.000000,0.625000,0.000000,0.000000
0.003847089,4,11,snapshot,64,41,1.000000,1.000000,1.000000,{"1":41},1.000000,0.000000,0.000000,0.000000,1.000000,0.000000,-1.000000
0.003847089,4,11,snapshot,256,41,1.000000,1.000000,1.000000,{"1":41},1.000000,0.000000,0.000000,0.000000,1.000000,0.000000,-1.000000
0.003847089,4,11,snapshot,1024,41,1.000000,1.000000,1.000000,{"1":41},1.000000,0.000000,0.000000,0.000000,1.000000,0.000000,-1.000000
0.003847089,4,11,snapshot,4096,41,1.000000,1.000000,1.000000,{"1":41},1.000000,0.000000,0.000000,0.000000,1.000000,0.000000,-1.000000
0.003847089,4,11,snapshot,16384,16,0.625000,0.838542,0.625000,{"1":41},0.625000,0.375000,0.000000,0.000000,0.625000,0.000000,0.000000
0.004081049,4,12,read_only,64,1,1.000000,1.000000,1.000000,{"1":1},1.000000,0.000000,0.000000,0.000000,1.000000,0.000000,-1.000000
0.004081049,4,12,union,64,1,1.000000,1.000000,1.000000,{"1":1},1.000000,0.000000,0.000000,0.000000,1.000000,0.000000,-1.000000
0.004081049,4,12,snapshot,64,42,1.000000,1.000000,1.000000,{"1":42},1.000000,0.000000,0.000000,0.000000,1.000000,0.000000,-1.000000
0.004081049,4,12,read_only,256,1,1.000000,1.000000,1.000000,{"1":1},1.000000,0.000000,0.000000,0.000000,1.000000,0.000000,-1.000000
0.004081049,4,12,union,256,1,1.000000,1.000000,1.000000,{"1":1},1.000000,0.000000,0.000000,0.000000,1.000000,0.000000,-1.000000
0.004081049,4,12,snapshot,256,42,1.000000,1.000000,1.000000,{"1":42},1.000000,0.000000,0.000000,0.000000,1.000000,0.000000,-1.000000
0.004081049,4,12,read_only,1024,1,1.000000,1.000000,1.000000,{"1":1},1.000000,0.000000,0.000000,0.000000,1.000000,0.000000,-1.000000
0.004081049,4,12,union,1024,1,1.000000,1.000000,1.000000,{"1":1},1.000000,0.000000,0.000000,0.000000,1.000000,0.000000,-1.000000
0.004081049,4,12,snapshot,1024,42,1.000000,1.000000,1.000000,{"1":42},1.000000,0.000000,0.000000,0.000000,1.000000,0.000000,-1.000000
0.004081049,4,12,read_only,4096,1,1.000000,1.000000,1.000000,{"1":1},1.000000,0.000000,0.000000,0.000000,1.000000,0.000000,-1.000000
0.004081049,4,12,union,4096,1,1.000000,1.000000,1.000000,{"1":1},1.000000,0.000000,0.000000,0.000000,1.000000,0.000000,-1.000000
0.004081049,4,12,snapshot,4096,42,1.000000,1.000000,1.000000,{"1":42},1.000000,0.000000,0.000000,0.000000,1.000000,0.000000,-1.000000
0.004081049,4,12,read_only,16384,1,1.000000,1.000000,1.000000,{"1":1},1.000000,0.000000,0.000000,0.000000,1.000000,0.000000,-1.000000
0.004081049,4,12,union,16384,1,1.000000,1.000000,1.000000,{"1":1},1.000000,0.000000,0.000000,0.000000,1.000000,0.000000,-1.000000
0.004081049,4,12,snapshot,16384,16,0.562500,0.807292,0.562500,{"1":42},0.562500,0.437500,0.000000,0.000000,0.562500,0.000000,0.000000
0.004314402,4,13,snapshot,64,42,1.000000,1.000000,1.000000,{"1":42},1.000000,0.000000,0.000000,0.000000,1.000000,0.000000,-1.000000
0.004314402,4,13,snapshot,256,42,1.000000,1.000000,1.000000,{"1":42},1.000000,0.000000,0.000000,0.000000,1.000000,0.000000,-1.000000
0.004314402,4,13,snapshot,1024,42,1.000000,1.000000,1.000000,{"1":42},1.000000,0.000000,0.000000,0.000000,1.000000,0.000000,-1.000000
0.004314402,4,13,snapshot,4096,42,1.000000,1.000000,1.000000,{"1":42},1.000000,0.000000,0.000000,0.000000,1.000000,0.000000,-1.000000
0.004314402,4,13,snapshot,16384,16,0.562500,0.807292,0.562500,{"1":42},0.562500,0.437500,0.000000,0.000000,0.562500,0.000000,0.000000
0.004723909,4,14,read_only,64,8,1.000000,1.000000,1.000000,{"1":8},1.000000,0.000000,0.000000,0.000000,1.000000,0.000000,-1.000000
0.004723909,4,14,union,64,8,1.000000,1.000000,1.000000,{"1":8},1.000000,0.000000,0.000000,0.000000,1.000000,0.000000,-1.000000
0.004723909,4,14,snapshot,64,50,1.000000,1.000000,1.000000,{"1":50},1.000000,0.000000,0.000000,0.000000,1.000000,0.000000,-1.000000
0.004723909,4,14,read_only,256,8,1.000000,1.000000,1.000000,{"1":8},1.000000,0.000000,0.000000,0.000000,1.000000,0.000000,-1.000000
0.004723909,4,14,union,256,8,1.000000,1.000000,1.000000,{"1":8},1.000000,0.000000,0.000000,0.000000,1.000000,0.000000,-1.000000
0.004723909,4,14,snapshot,256,50,1.000000,1.000000,1.000000,{"1":50},1.000000,0.000000,0.000000,0.000000,1.000000,0.000000,-1.000000
0.004723909,4,14,read_only,1024,8,1.000000,1.000000,1.000000,{"1":8},1.000000,0.000000,0.000000,0.000000,1.000000,0.000000,-1.000000
0.004723909,4,14,union,1024,8,1.000000,1.000000,1.000000,{"1":8},1.000000,0.000000,0.000000,0.000000,1.000000,0.000000,-1.000000
0.004723909,4,14,snapshot,1024,50,1.000000,1.000000,1.000000,{"1":50},1.000000,0.000000,0.000000,0.000000,1.000000,0.000000,-1.000000
0.004723909,4,14,read_only,4096,8,1.000000,1.000000,1.000000,{"1":8},1.000000,0.000000,0.000000,0.000000,1.000000,0.000000,-1.000000
0.004723909,4,14,union,4096,8,1.000000,1.000000,1.000000,{"1":8},1.000000,0.000000,0.000000,0.000000,1.000000,0.000000,-1.000000
0.004723909,4,14,snapshot,4096,50,1.000000,1.000000,1.000000,{"1":50},1.000000,0.000000,0.000000,0.000000,1.000000,0.000000,-1.000000
0.004723909,4,14,read_only,16384,4,1.000000,1.000000,1.000000,{"1":8},1.000000,0.000000,0.000000,0.000000,1.000000,0.000000,-1.000000
0.004723909,4,14,union,16384,4,1.000000,1.000000,1.000000,{"1":8},1.000000,0.000000,0.000000,0.000000,1.000000,0.000000,-1.000000
0.004723909,4,14,snapshot,16384,19,0.631579,0.842105,0.631579,{"1":50},0.631579,0.368421,0.000000,0.000000,0.631579,0.000000,0.000000
0.004957226,4,15,snapshot,64,50,1.000000,1.000000,1.000000,{"1":50},1.000000,0.000000,0.000000,0.000000,1.000000,0.000000,-1.000000
0.004957226,4,15,snapshot,256,50,1.000000,1.000000,1.000000,{"1":50},1.000000,0.000000,0.000000,0.000000,1.000000,0.000000,-1.000000
0.004957226,4,15,snapshot,1024,50,1.000000,1.000000,1.000000,{"1":50},1.000000,0.000000,0.000000,0.000000,1.000000,0.000000,-1.000000
0.004957226,4,15,snapshot,4096,50,1.000000,1.000000,1.000000,{"1":50},1.000000,0.000000,0.000000,0.000000,1.000000,0.000000,-1.000000
0.004957226,4,15,snapshot,16384,19,0.631579,0.842105,0.631579,{"1":50},0.631579,0.368421,0.000000,0.000000,0.631579,0.000000,0.000000
0.005192213,4,16,read_only,64,1,1.000000,1.000000,1.000000,{"1":1},1.000000,0.000000,0.000000,0.000000,1.000000,0.000000,-1.000000
0.005192213,4,16,union,64,1,1.000000,1.000000,1.000000,{"1":1},1.000000,0.000000,0.000000,0.000000,1.000000,0.000000,-1.000000
0.005192213,4,16,snapshot,64,51,1.000000,1.000000,1.000000,{"1":51},1.000000,0.000000,0.000000,0.000000,1.000000,0.000000,-1.000000
0.005192213,4,16,read_only,256,1,1.000000,1.000000,1.000000,{"1":1},1.000000,0.000000,0.000000,0.000000,1.000000,0.000000,-1.000000
0.005192213,4,16,union,256,1,1.000000,1.000000,1.000000,{"1":1},1.000000,0.000000,0.000000,0.000000,1.000000,0.000000,-1.000000
0.005192213,4,16,snapshot,256,51,1.000000,1.000000,1.000000,{"1":51},1.000000,0.000000,0.000000,0.000000,1.000000,0.000000,-1.000000
0.005192213,4,16,read_only,1024,1,1.000000,1.000000,1.000000,{"1":1},1.000000,0.000000,0.000000,0.000000,1.000000,0.000000,-1.000000
0.005192213,4,16,union,1024,1,1.000000,1.000000,1.000000,{"1":1},1.000000,0.000000,0.000000,0.000000,1.000000,0.000000,-1.000000
0.005192213,4,16,snapshot,1024,51,1.000000,1.000000,1.000000,{"1":51},1.000000,0.000000,0.000000,0.000000,1.000000,0.000000,-1.000000
0.005192213,4,16,read_only,4096,1,1.000000,1.000000,1.000000,{"1":1},1.000000,0.000000,0.000000,0.000000,1.000000,0.000000,-1.000000
0.005192213,4,16,union,4096,1,1.000000,1.000000,1.000000,{"1":1},1.000000,0.000000,0.000000,0.000000,1.000000,0.000000,-1.000000
0.005192213,4,16,snapshot,4096,51,1.000000,1.000000,1.000000,{"1":51},1.000000,0.000000,0.000000,0.000000,1.000000,0.000000,-1.000000
0.005192213,4,16,read_only,16384,1,1.000000,1.000000,1.000000,{"1":1},1.000000,0.000000,0.000000,0.000000,1.000000,0.000000,-1.000000
0.005192213,4,16,union,16384,1,1.000000,1.000000,1.000000,{"1":1},1.000000,0.000000,0.000000,0.000000,1.000000,0.000000,-1.000000
0.005192213,4,16,snapshot,16384,20,0.650000,0.850000,0.650000,{"1":51},0.650000,0.350000,0.000000,0.000000,0.650000,0.000000,0.000000
0.005424362,4,17,snapshot,64,51,1.000000,1.000000,1.000000,{"1":51},1.000000,0.000000,0.000000,0.000000,1.000000,0.000000,-1.000000
0.005424362,4,17,snapshot,256,51,1.000000,1.000000,1.000000,{"1":51},1.000000,0.000000,0.000000,0.000000,1.000000,0.000000,-1.000000
0.005424362,4,17,snapshot,1024,51,1.000000,1.000000,1.000000,{"1":51},1.000000,0.000000,0.000000,0.000000,1.000000,0.000000,-1.000000
0.005424362,4,17,snapshot,4096,51,1.000000,1.000000,1.000000,{"1":51},1.000000,0.000000,0.000000,0.000000,1.000000,0.000000,-1.000000
0.005424362,4,17,snapshot,16384,20,0.650000,0.850000,0.650000,{"1":51},0.650000,0.350000,0.000000,0.000000,0.650000,0.000000,0.000000
0.005662231,4,18,read_only,64,1,1.000000,1.000000,1.000000,{"1":1},1.000000,0.000000,0.000000,0.000000,1.000000,0.000000,-1.000000
0.005662231,4,18,union,64,1,1.000000,1.000000,1.000000,{"1":1},1.000000,0.000000,0.000000,0.000000,1.000000,0.000000,-1.000000
0.005662231,4,18,snapshot,64,52,1.000000,1.000000,1.000000,{"1":52},1.000000,0.000000,0.000000,0.000000,1.000000,0.000000,-1.000000
0.005662231,4,18,read_only,256,1,1.000000,1.000000,1.000000,{"1":1},1.000000,0.000000,0.000000,0.000000,1.000000,0.000000,-1.000000
0.005662231,4,18,union,256,1,1.000000,1.000000,1.000000,{"1":1},1.000000,0.000000,0.000000,0.000000,1.000000,0.000000,-1.000000
0.005662231,4,18,snapshot,256,52,1.000000,1.000000,1.000000,{"1":52},1.000000,0.000000,0.000000,0.000000,1.000000,0.000000,-1.000000
0.005662231,4,18,read_only,1024,1,1.000000,1.000000,1.000000,{"1":1},1.000000,0.000000,0.000000,0.000000,1.000000,0.000000,-1.000000
0.005662231,4,18,union,1024,1,1.000000,1.000000,1.000000,{"1":1},1.000000,0.000000,0.000000,0.000000,1.000000,0.000000,-1.000000
0.005662231,4,18,snapshot,1024,52,1.000000,1.000000,1.000000,{"1":52},1.000000,0.000000,0.000000,0.000000,1.000000,0.000000,-1.000000
0.005662231,4,18,read_only,4096,1,1.000000,1.000000,1.000000,{"1":1},1.000000,0.000000,0.000000,0.000000,1.000000,0.000000,-1.000000
0.005662231,4,18,union,4096,1,1.000000,1.000000,1.000000,{"1":1},1.000000,0.000000,0.000000,0.000000,1.000000,0.000000,-1.000000
0.005662231,4,18,snapshot,4096,52,1.000000,1.000000,1.000000,{"1":52},1.000000,0.000000,0.000000,0.000000,1.000000,0.000000,-1.000000
0.005662231,4,18,read_only,16384,1,1.000000,1.000000,1.000000,{"1":1},1.000000,0.000000,0.000000,0.000000,1.000000,0.000000,-1.000000
0.005662231,4,18,union,16384,1,1.000000,1.000000,1.000000,{"1":1},1.000000,0.000000,0.000000,0.000000,1.000000,0.000000,-1.000000
0.005662231,4,18,snapshot,16384,20,0.650000,0.841667,0.650000,{"1":52},0.650000,0.300000,0.050000,0.000000,0.650000,0.000000,0.000000
0.005897097,4,19,read_only,64,8,1.000000,1.000000,1.000000,{"1":8},1.000000,0.000000,0.000000,0.000000,1.000000,0.000000,-1.000000
0.005897097,4,19,union,64,8,1.000000,1.000000,1.000000,{"1":8},1.000000,0.000000,0.000000,0.000000,1.000000,0.000000,-1.000000
0.005897097,4,19,snapshot,64,60,1.000000,1.000000,1.000000,{"1":60},1.000000,0.000000,0.000000,0.000000,1.000000,0.000000,-1.000000
0.005897097,4,19,read_only,256,8,1.000000,1.000000,1.000000,{"1":8},1.000000,0.000000,0.000000,0.000000,1.000000,0.000000,-1.000000
0.005897097,4,19,union,256,8,1.000000,1.000000,1.000000,{"1":8},1.000000,0.000000,0.000000,0.000000,1.000000,0.000000,-1.000000
0.005897097,4,19,snapshot,256,60,1.000000,1.000000,1.000000,{"1":60},1.000000,0.000000,0.000000,0.000000,1.000000,0.000000,-1.000000
0.005897097,4,19,read_only,1024,8,1.000000,1.000000,1.000000,{"1":8},1.000000,0.000000,0.000000,0.000000,1.000000,0.000000,-1.000000
0.005897097,4,19,union,1024,8,1.000000,1.000000,1.000000,{"1":8},1.000000,0.000000,0.000000,0.000000,1.000000,0.000000,-1.000000
0.005897097,4,19,snapshot,1024,60,1.000000,1.000000,1.000000,{"1":60},1.000000,0.000000,0.000000,0.000000,1.000000,0.000000,-1.000000
0.005897097,4,19,read_only,4096,8,1.000000,1.000000,1.000000,{"1":8},1.000000,0.000000,0.000000,0.000000,1.000000,0.000000,-1.000000
0.005897097,4,19,union,4096,8,1.000000,1.000000,1.000000,{"1":8},1.000000,0.000000,0.000000,0.000000,1.000000,0.000000,-1.000000
0.005897097,4,19,snapshot,4096,60,1.000000,1.000000,1.000000,{"1":60},1.000000,0.000000,0.000000,0.000000,1.000000,0.000000,-1.000000
0.005897097,4,19,read_only,16384,2,1.000000,1.000000,1.000000,{"1":8},1.000000,0.000000,0.000000,0.000000,1.000000,0.000000,-1.000000
0.005897097,4,19,union,16384,2,1.000000,1.000000,1.000000,{"1":8},1.000000,0.000000,0.000000,0.000000,1.000000,0.000000,-1.000000
0.005897097,4,19,snapshot,16384,22,0.681818,0.856061,0.681818,{"1":60},0.681818,0.272727,0.045455,0.000000,0.681818,0.000000,0.000000
0.006132173,4,20,read_only,64,1,1.000000,1.000000,1.000000,{"1":1},1.000000,0.000000,0.000000,0.000000,1.000000,0.000000,-1.000000
0.006132173,4,20,union,64,1,1.000000,1.000000,1.000000,{"1":1},1.000000,0.000000,0.000000,0.000000,1.000000,0.000000,-1.000000
0.006132173,4,20,snapshot,64,61,1.000000,1.000000,1.000000,{"1":61},1.000000,0.000000,0.000000,0.000000,1.000000,0.000000,-1.000000
0.006132173,4,20,read_only,256,1,1.000000,1.000000,1.000000,{"1":1},1.000000,0.000000,0.000000,0.000000,1.000000,0.000000,-1.000000
0.006132173,4,20,union,256,1,1.000000,1.000000,1.000000,{"1":1},1.000000,0.000000,0.000000,0.000000,1.000000,0.000000,-1.000000
0.006132173,4,20,snapshot,256,61,1.000000,1.000000,1.000000,{"1":61},1.000000,0.000000,0.000000,0.000000,1.000000,0.000000,-1.000000
0.006132173,4,20,read_only,1024,1,1.000000,1.000000,1.000000,{"1":1},1.000000,0.000000,0.000000,0.000000,1.000000,0.000000,-1.000000
0.006132173,4,20,union,1024,1,1.000000,1.000000,1.000000,{"1":1},1.000000,0.000000,0.000000,0.000000,1.000000,0.000000,-1.000000
0.006132173,4,20,snapshot,1024,61,1.000000,1.000000,1.000000,{"1":61},1.000000,0.000000,0.000000,0.000000,1.000000,0.000000,-1.000000
0.006132173,4,20,read_only,4096,1,1.000000,1.000000,1.000000,{"1":1},1.000000,0.000000,0.000000,0.000000,1.000000,0.000000,-1.000000
0.006132173,4,20,union,4096,1,1.000000,1.000000,1.000000,{"1":1},1.000000,0.000000,0.000000,0.000000,1.000000,0.000000,-1.000000
0.006132173,4,20,snapshot,4096,61,1.000000,1.000000,1.000000,{"1":61},1.000000,0.000000,0.000000,0.000000,1.000000,0.000000,-1.000000
0.006132173,4,20,read_only,16384,1,1.000000,1.000000,1.000000,{"1":1},1.000000,0.000000,0.000000,0.000000,1.000000,0.000000,-1.000000
0.006132173,4,20,union,16384,1,1.000000,1.000000,1.000000,{"1":1},1.000000,0.000000,0.000000,0.000000,1.000000,0.000000,-1.000000
0.006132173,4,20,snapshot,16384,22,0.681818,0.863636,0.681818,{"1":61},0.681818,0.272727,0.045455,0.000000,0.681818,0.000000,0.000000
0.006365334,4,21,read_only,64,1,1.000000,1.000000,1.000000,{"1":1},1.000000,0.000000,0.000000,0.000000,1.000000,0.000000,-1.000000
0.006365334,4,21,union,64,1,1.000000,1.000000,1.000000,{"1":1},1.000000,0.000000,0.000000,0.000000,1.000000,0.000000,-1.000000
0.006365334,4,21,snapshot,64,62,1.000000,1.000000,1.000000,{"1":62},1.000000,0.000000,0.000000,0.000000,1.000000,0.000000,-1.000000
0.006365334,4,21,read_only,256,1,1.000000,1.000000,1.000000,{"1":1},1.000000,0.000000,0.000000,0.000000,1.000000,0.000000,-1.000000
0.006365334,4,21,union,256,1,1.000000,1.000000,1.000000,{"1":1},1.000000,0.000000,0.000000,0.000000,1.000000,0.000000,-1.000000
0.006365334,4,21,snapshot,256,62,1.000000,1.000000,1.000000,{"1":62},1.000000,0.000000,0.000000,0.000000,1.000000,0.000000,-1.000000
0.006365334,4,21,read_only,1024,1,1.000000,1.000000,1.000000,{"1":1},1.000000,0.000000,0.000000,0.000000,1.000000,0.000000,-1.000000
0.006365334,4,21,union,1024,1,1.000000,1.000000,1.000000,{"1":1},1.000000,0.000000,0.000000,0.000000,1.000000,0.000000,-1.000000
0.006365334,4,21,snapshot,1024,62,1.000000,1.000000,1.000000,{"1":62},1.000000,0.000000,0.000000,0.000000,1.000000,0.000000,-1.000000
0.006365334,4,21,read_only,4096,1,1.000000,1.000000,1.000000,{"1":1},1.000000,0.000000,0.000000,0.000000,1.000000,0.000000,-1.000000
0.006365334,4,21,union,4096,1,1.000000,1.000000,1.000000,{"1":1},1.000000,0.000000,0.000000,0.000000,1.000000,0.000000,-1.000000
0.006365334,4,21,snapshot,4096,62,1.000000,1.000000,1.000000,{"1":62},1.000000,0.000000,0.000000,0.000000,1.000000,0.000000,-1.000000
0.006365334,4,21,read_only,16384,1,1.000000,1.000000,1.000000,{"1":1},1.000000,0.000000,0.000000,0.000000,1.000000,0.000000,-1.000000
0.006365334,4,21,union,16384,1,1.000000,1.000000,1.000000,{"1":1},1.000000,0.000000,0.000000,0.000000,1.000000,0.000000,-1.000000
0.006365334,4,21,snapshot,16384,23,0.695652,0.869565,0.695652,{"1":62},0.695652,0.260870,0.043478,0.000000,0.695652,0.000000,0.000000
0.006674257,4,22,read_only,64,2,1.000000,1.000000,1.000000,{"1":2},1.000000,0.000000,0.000000,0.000000,1.000000,0.000000,-1.000000
0.006674257,4,22,union,64,2,1.000000,1.000000,1.000000,{"1":2},1.000000,0.000000,0.000000,0.000000,1.000000,0.000000,-1.000000
0.006674257,4,22,snapshot,64,64,1.000000,1.000000,1.000000,{"1":64},1.000000,0.000000,0.000000,0.000000,1.000000,0.000000,-1.000000
0.006674257,4,22,read_only,256,2,1.000000,1.000000,1.000000,{"1":2},1.000000,0.000000,0.000000,0.000000,1.000000,0.000000,-1.000000
0.006674257,4,22,union,256,2,1.000000,1.000000,1.000000,{"1":2},1.000000,0.000000,0.000000,0.000000,1.000000,0.000000,-1.000000
0.006674257,4,22,snapshot,256,64,1.000000,1.000000,1.000000,{"1":64},1.000000,0.000000,0.000000,0.000000,1.000000,0.000000,-1.000000
0.006674257,4,22,read_only,1024,2,1.000000,1.000000,1.000000,{"1":2},1.000000,0.000000,0.000000,0.000000,1.000000,0.000000,-1.000000
0.006674257,4,22,union,1024,2,1.000000,1.000000,1.000000,{"1":2},1.000000,0.000000,0.000000,0.000000,1.000000,0.000000,-1.000000
0.006674257,4,22,snapshot,1024,64,1.000000,1.000000,1.000000,{"1":64},1.000000,0.000000,0.000000,0.000000,1.000000,0.000000,-1.000000
0.006674257,4,22,read_only,4096,2,1.000000,1.000000,1.000000,{"1":2},1.000000,0.000000,0.000000,0.000000,1.000000,0.000000,-1.000000
0.006674257,4,22,union,4096,2,1.000000,1.000000,1.000000,{"1":2},1.000000,0.000000,0.000000,0.000000,1.000000,0.000000,-1.000000
0.006674257,4,22,snapshot,4096,64,1.000000,1.000000,1.000000,{"1":64},1.000000,0.000000,0.000000,0.000000,1.000000,0.000000,-1.000000
0.006674257,4,22,read_only,16384,1,1.000000,1.000000,1.000000,{"1":2},1.000000,0.000000,0.000000,0.000000,1.000000,0.000000,-1.000000
0.006674257,4,22,union,16384,1,1.000000,1.000000,1.000000,{"1":2},1.000000,0.000000,0.000000,0.000000,1.000000,0.000000,-1.000000
0.006674257,4,22,snapshot,16384,24,0.708333,0.875000,0.708333,{"1":64},0.708333,0.250000,0.041667,0.000000,0.708333,0.000000,0.000000
0.006907382,4,23,snapshot,64,64,1.000000,1.000000,1.000000,{"1":64},1.000000,0.000000,0.000000,0.000000,1.000000,0.000000,-1.000000
0.006907382,4,23,snapshot,256,64,1.000000,1.000000,1.000000,{"1":64},1.000000,0.000000,0.000000,0.000000,1.000000,0.000000,-1.000000
0.006907382,4,23,snapshot,1024,64,1.000000,1.000000,1.000000,{"1":64},1.000000,0.000000,0.000000,0.000000,1.000000,0.000000,-1.000000
0.006907382,4,23,snapshot,4096,64,1.000000,1.000000,1.000000,{"1":64},1.000000,0.000000,0.000000,0.000000,1.000000,0.000000,-1.000000
0.006907382,4,23,snapshot,16384,24,0.708333,0.875000,0.708333,{"1":64},0.708333,0.250000,0.041667,0.000000,0.708333,0.000000,0.000000
0.007140583,4,24,read_only,64,4,1.000000,1.000000,1.000000,{"1":4},1.000000,0.000000,0.000000,0.000000,1.000000,0.000000,-1.000000
0.007140583,4,24,union,64,4,1.000000,1.000000,1.000000,{"1":4},1.000000,0.000000,0.000000,0.000000,1.000000,0.000000,-1.000000
0.007140583,4,24,snapshot,64,68,1.000000,1.000000,1.000000,{"1":68},1.000000,0.000000,0.000000,0.000000,1.000000,0.000000,-1.000000
0.007140583,4,24,read_only,256,4,1.000000,1.000000,1.000000,{"1":4},1.000000,0.000000,0.000000,0.000000,1.000000,0.000000,-1.000000
0.007140583,4,24,union,256,4,1.000000,1.000000,1.000000,{"1":4},1.000000,0.000000,0.000000,0.000000,1.000000,0.000000,-1.000000
0.007140583,4,24,snapshot,256,68,1.000000,1.000000,1.000000,{"1":68},1.000000,0.000000,0.000000,0.000000,1.000000,0.000000,-1.000000
0.007140583,4,24,read_only,1024,4,1.000000,1.000000,1.000000,{"1":4},1.000000,0.000000,0.000000,0.000000,1.000000,0.000000,-1.000000
0.007140583,4,24,union,1024,4,1.000000,1.000000,1.000000,{"1":4},1.000000,0.000000,0.000000,0.000000,1.000000,0.000000,-1.000000
0.007140583,4,24,snapshot,1024,68,1.000000,1.000000,1.000000,{"1":68},1.000000,0.000000,0.000000,0.000000,1.000000,0.000000,-1.000000
0.007140583,4,24,read_only,4096,4,1.000000,1.000000,1.000000,{"1":4},1.000000,0.000000,0.000000,0.000000,1.000000,0.000000,-1.000000
0.007140583,4,24,union,4096,4,1.000000,1.000000,1.000000,{"1":4},1.000000,0.000000,0.000000,0.000000,1.000000,0.000000,-1.000000
0.007140583,4,24,snapshot,4096,68,1.000000,1.000000,1.000000,{"1":68},1.000000,0.000000,0.000000,0.000000,1.000000,0.000000,-1.000000
0.007140583,4,24,read_only,16384,2,1.000000,1.000000,1.000000,{"1":4},1.000000,0.000000,0.000000,0.000000,1.000000,0.000000,-1.000000
0.007140583,4,24,union,16384,2,1.000000,1.000000,1.000000,{"1":4},1.000000,0.000000,0.000000,0.000000,1.000000,0.000000,-1.000000
0.007140583,4,24,snapshot,16384,26,0.730769,0.884615,0.730769,{"1":68},0.730769,0.230769,0.038462,0.000000,0.730769,0.000000,0.000000
0.007373850,4,25,snapshot,64,68,1.000000,1.000000,1.000000,{"1":68},1.000000,0.000000,0.000000,0.000000,1.000000,0.000000,-1.000000
0.007373850,4,25,snapshot,256,68,1.000000,1.000000,1.000000,{"1":68},1.000000,0.000000,0.000000,0.000000,1.000000,0.000000,-1.000000
0.007373850,4,25,snapshot,1024,68,1.000000,1.000000,1.000000,{"1":68},1.000000,0.000000,0.000000,0.000000,1.000000,0.000000,-1.000000
0.007373850,4,25,snapshot,4096,68,1.000000,1.000000,1.000000,{"1":68},1.000000,0.000000,0.000000,0.000000,1.000000,0.000000,-1.000000
0.007373850,4,25,snapshot,16384,26,0.730769,0.884615,0.730769,{"1":68},0.730769,0.230769,0.038462,0.000000,0.730769,0.000000,0.000000
0.007608529,4,26,read_only,64,1,1.000000,1.000000,1.000000,{"1":1},1.000000,0.000000,0.000000,0.000000,1.000000,0.000000,-1.000000
0.007608529,4,26,union,64,1,1.000000,1.000000,1.000000,{"1":1},1.000000,0.000000,0.000000,0.000000,1.000000,0.000000,-1.000000
0.007608529,4,26,snapshot,64,69,1.000000,1.000000,1.000000,{"1":69},1.000000,0.000000,0.000000,0.000000,1.000000,0.000000,-1.000000
0.007608529,4,26,read_only,256,1,1.000000,1.000000,1.000000,{"1":1},1.000000,0.000000,0.000000,0.000000,1.000000,0.000000,-1.000000
0.007608529,4,26,union,256,1,1.000000,1.000000,1.000000,{"1":1},1.000000,0.000000,0.000000,0.000000,1.000000,0.000000,-1.000000
0.007608529,4,26,snapshot,256,69,1.000000,1.000000,1.000000,{"1":69},1.000000,0.000000,0.000000,0.000000,1.000000,0.000000,-1.000000
0.007608529,4,26,read_only,1024,1,1.000000,1.000000,1.000000,{"1":1},1.000000,0.000000,0.000000,0.000000,1.000000,0.000000,-1.000000
0.007608529,4,26,union,1024,1,1.000000,1.000000,1.000000,{"1":1},1.000000,0.000000,0.000000,0.000000,1.000000,0.000000,-1.000000
0.007608529,4,26,snapshot,1024,69,1.000000,1.000000,1.000000,{"1":69},1.000000,0.000000,0.000000,0.000000,1.000000,0.000000,-1.000000
0.007608529,4,26,read_only,4096,1,1.000000,1.000000,1.000000,{"1":1},1.000000,0.000000,0.000000,0.000000,1.000000,0.000000,-1.000000
0.007608529,4,26,union,4096,1,1.000000,1.000000,1.000000,{"1":1},1.000000,0.000000,0.000000,0.000000,1.000000,0.000000,-1.000000
0.007608529,4,26,snapshot,4096,69,1.000000,1.000000,1.000000,{"1":69},1.000000,0.000000,0.000000,0.000000,1.000000,0.000000,-1.000000
0.007608529,4,26,read_only,16384,1,1.000000,1.000000,1.000000,{"1":1},1.000000,0.000000,0.000000,0.000000,1.000000,0.000000,-1.000000
0.007608529,4,26,union,16384,1,1.000000,1.000000,1.000000,{"1":1},1.000000,0.000000,0.000000,0.000000,1.000000,0.000000,-1.000000
0.007608529,4,26,snapshot,16384,27,0.740741,0.888889,0.740741,{"1":69},0.740741,0.222222,0.037037,0.000000,0.740741,0.000000,0.000000
0.007842502,4,27,snapshot,64,69,1.000000,1.000000,1.000000,{"1":69},1.000000,0.000000,0.000000,0.000000,1.000000,0.000000,-1.000000
0.007842502,4,27,snapshot,256,69,1.000000,1.000000,1.000000,{"1":69},1.000000,0.000000,0.000000,0.000000,1.000000,0.000000,-1.000000
0.007842502,4,27,snapshot,1024,69,1.000000,1.000000,1.000000,{"1":69},1.000000,0.000000,0.000000,0.000000,1.000000,0.000000,-1.000000
0.007842502,4,27,snapshot,4096,69,1.000000,1.000000,1.000000,{"1":69},1.000000,0.000000,0.000000,0.000000,1.000000,0.000000,-1.000000
0.007842502,4,27,snapshot,16384,27,0.740741,0.888889,0.740741,{"1":69},0.740741,0.222222,0.037037,0.000000,0.740741,0.000000,0.000000
0.008076370,4,28,snapshot,64,69,1.000000,1.000000,1.000000,{"1":69},1.000000,0.000000,0.000000,0.000000,1.000000,0.000000,-1.000000
0.008076370,4,28,snapshot,256,69,1.000000,1.000000,1.000000,{"1":69},1.000000,0.000000,0.000000,0.000000,1.000000,0.000000,-1.000000
0.008076370,4,28,snapshot,1024,69,1.000000,1.000000,1.000000,{"1":69},1.000000,0.000000,0.000000,0.000000,1.000000,0.000000,-1.000000
0.008076370,4,28,snapshot,4096,69,1.000000,1.000000,1.000000,{"1":69},1.000000,0.000000,0.000000,0.000000,1.000000,0.000000,-1.000000
0.008076370,4,28,snapshot,16384,27,0.740741,0.888889,0.740741,{"1":69},0.740741,0.222222,0.037037,0.000000,0.740741,0.000000,0.000000
0.008309178,4,29,read_only,64,1,1.000000,1.000000,1.000000,{"1":1},1.000000,0.000000,0.000000,0.000000,1.000000,0.000000,-1.000000
0.008309178,4,29,union,64,1,1.000000,1.000000,1.000000,{"1":1},1.000000,0.000000,0.000000,0.000000,1.000000,0.000000,-1.000000
0.008309178,4,29,snapshot,64,70,1.000000,1.000000,1.000000,{"1":70},1.000000,0.000000,0.000000,0.000000,1.000000,0.000000,-1.000000
0.008309178,4,29,read_only,256,1,1.000000,1.000000,1.000000,{"1":1},1.000000,0.000000,0.000000,0.000000,1.000000,0.000000,-1.000000
0.008309178,4,29,union,256,1,1.000000,1.000000,1.000000,{"1":1},1.000000,0.000000,0.000000,0.000000,1.000000,0.000000,-1.000000
0.008309178,4,29,snapshot,256,70,1.000000,1.000000,1.000000,{"1":70},1.000000,0.000000,0.000000,0.000000,1.000000,0.000000,-1.000000
0.008309178,4,29,read_only,1024,1,1.000000,1.000000,1.000000,{"1":1},1.000000,0.000000,0.000000,0.000000,1.000000,0.000000,-1.000000
0.008309178,4,29,union,1024,1,1.000000,1.000000,1.000000,{"1":1},1.000000,0.000000,0.000000,0.000000,1.000000,0.000000,-1.000000
0.008309178,4,29,snapshot,1024,70,1.000000,1.000000,1.000000,{"1":70},1.000000,0.000000,0.000000,0.000000,1.000000,0.000000,-1.000000
0.008309178,4,29,read_only,4096,1,1.000000,1.000000,1.000000,{"1":1},1.000000,0.000000,0.000000,0.000000,1.000000,0.000000,-1.000000
0.008309178,4,29,union,4096,1,1.000000,1.000000,1.000000,{"1":1},1.000000,0.000000,0.000000,0.000000,1.000000,0.000000,-1.000000
0.008309178,4,29,snapshot,4096,70,1.000000,1.000000,1.000000,{"1":70},1.000000,0.000000,0.000000,0.000000,1.000000,0.000000,-1.000000
0.008309178,4,29,read_only,16384,1,1.000000,1.000000,1.000000,{"1":1},1.000000,0.000000,0.000000,0.000000,1.000000,0.000000,-1.000000
0.008309178,4,29,union,16384,1,1.000000,1.000000,1.000000,{"1":1},1.000000,0.000000,0.000000,0.000000,1.000000,0.000000,-1.000000
0.008309178,4,29,snapshot,16384,28,0.750000,0.892857,0.750000,{"1":70},0.750000,0.214286,0.035714,0.000000,0.750000,0.000000,0.000000
0.008564891,4,30,snapshot,64,70,1.000000,1.000000,1.000000,{"1":70},1.000000,0.000000,0.000000,0.000000,1.000000,0.000000,-1.000000
0.008564891,4,30,snapshot,256,70,1.000000,1.000000,1.000000,{"1":70},1.000000,0.000000,0.000000,0.000000,1.000000,0.000000,-1.000000
0.008564891,4,30,snapshot,1024,70,1.000000,1.000000,1.000000,{"1":70},1.000000,0.000000,0.000000,0.000000,1.000000,0.000000,-1.000000
0.008564891,4,30,snapshot,4096,70,1.000000,1.000000,1.000000,{"1":70},1.000000,0.000000,0.000000,0.000000,1.000000,0.000000,-1.000000
0.008564891,4,30,snapshot,16384,28,0.750000,0.892857,0.750000,{"1":70},0.750000,0.214286,0.035714,0.000000,0.750000,0.000000,0.000000
0.008827751,4,31,snapshot,64,70,1.000000,1.000000,1.000000,{"1":70},1.000000,0.000000,0.000000,0.000000,1.000000,0.000000,-1.000000
0.008827751,4,31,snapshot,256,70,1.000000,1.000000,1.000000,{"1":70},1.000000,0.000000,0.000000,0.000000,1.000000,0.000000,-1.000000
0.008827751,4,31,snapshot,1024,70,1.000000,1.000000,1.000000,{"1":70},1.000000,0.000000,0.000000,0.000000,1.000000,0.000000,-1.000000
0.008827751,4,31,snapshot,4096,70,1.000000,1.000000,1.000000,{"1":70},1.000000,0.000000,0.000000,0.000000,1.000000,0.000000,-1.000000
0.008827751,4,31,snapshot,16384,28,0.750000,0.892857,0.750000,{"1":70},0.750000,0.214286,0.035714,0.000000,0.750000,0.000000,0.000000
0.009079502,4,32,read_only,64,1,1.000000,1.000000,1.000000,{"1":1},1.000000,0.000000,0.000000,0.000000,1.000000,0.000000,-1.000000
0.009079502,4,32,union,64,1,1.000000,1.000000,1.000000,{"1":1},1.000000,0.000000,0.000000,0.000000,1.000000,0.000000,-1.000000
0.009079502,4,32,snapshot,64,71,1.000000,1.000000,1.000000,{"1":71},1.000000,0.000000,0.000000,0.000000,1.000000,0.000000,-1.000000
0.009079502,4,32,read_only,256,1,1.000000,1.000000,1.000000,{"1":1},1.000000,0.000000,0.000000,0.000000,1.000000,0.000000,-1.000000
0.009079502,4,32,union,256,1,1.000000,1.000000,1.000000,{"1":1},1.000000,0.000000,0.000000,0.000000,1.000000,0.000000,-1.000000
0.009079502,4,32,snapshot,256,71,1.000000,1.000000,1.000000,{"1":71},1.000000,0.000000,0.000000,0.000000,1.000000,0.000000,-1.000000
0.009079502,4,32,read_only,1024,1,1.000000,1.000000,1.000000,{"1":1},1.000000,0.000000,0.000000,0.000000,1.000000,0.000000,-1.000000
0.009079502,4,32,union,1024,1,1.000000,1.000000,1.000000,{"1":1},1.000000,0.000000,0.000000,0.000000,1.000000,0.000000,-1.000000
0.009079502,4,32,snapshot,1024,71,1.000000,1.000000,1.000000,{"1":71},1.000000,0.000000,0.000000,0.000000,1.000000,0.000000,-1.000000
0.009079502,4,32,read_only,4096,1,1.000000,1.000000,1.000000,{"1":1},1.000000,0.000000,0.000000,0.000000,1.000000,0.000000,-1.000000
0.009079502,4,32,union,4096,1,1.000000,1.000000,1.000000,{"1":1},1.000000,0.000000,0.000000,0.000000,1.000000,0.000000,-1.000000
0.009079502,4,32,snapshot,4096,71,1.000000,1.000000,1.000000,{"1":71},1.000000,0.000000,0.000000,0.000000,1.000000,0.000000,-1.000000
0.009079502,4,32,read_only,16384,1,1.000000,1.000000,1.000000,{"1":1},1.000000,0.000000,0.000000,0.000000,1.000000,0.000000,-1.000000
0.009079502,4,32,union,16384,1,1.000000,1.000000,1.000000,{"1":1},1.000000,0.000000,0.000000,0.000000,1.000000,0.000000,-1.000000
0.009079502,4,32,snapshot,16384,29,0.758621,0.896552,0.758621,{"1":71},0.758621,0.206897,0.034483,0.000000,0.758621,0.000000,0.000000
0.009612151,4,34,read_only,64,1,1.000000,1.000000,1.000000,{"1":1},1.000000,0.000000,0.000000,0.000000,1.000000,0.000000,-1.000000
0.009612151,4,34,union,64,1,1.000000,1.000000,1.000000,{"1":1},1.000000,0.000000,0.000000,0.000000,1.000000,0.000000,-1.000000
0.009612151,4,34,read_only,256,1,1.000000,1.000000,1.000000,{"1":1},1.000000,0.000000,0.000000,0.000000,1.000000,0.000000,-1.000000
0.009612151,4,34,union,256,1,1.000000,1.000000,1.000000,{"1":1},1.000000,0.000000,0.000000,0.000000,1.000000,0.000000,-1.000000
0.009612151,4,34,read_only,1024,1,1.000000,1.000000,1.000000,{"1":1},1.000000,0.000000,0.000000,0.000000,1.000000,0.000000,-1.000000
0.009612151,4,34,union,1024,1,1.000000,1.000000,1.000000,{"1":1},1.000000,0.000000,0.000000,0.000000,1.000000,0.000000,-1.000000
0.009612151,4,34,read_only,4096,1,1.000000,1.000000,1.000000,{"1":1},1.000000,0.000000,0.000000,0.000000,1.000000,0.000000,-1.000000
0.009612151,4,34,union,4096,1,1.000000,1.000000,1.000000,{"1":1},1.000000,0.000000,0.000000,0.000000,1.000000,0.000000,-1.000000
0.009612151,4,34,read_only,16384,1,1.000000,1.000000,1.000000,{"1":1},1.000000,0.000000,0.000000,0.000000,1.000000,0.000000,-1.000000
0.009612151,4,34,union,16384,1,1.000000,1.000000,1.000000,{"1":1},1.000000,0.000000,0.000000,0.000000,1.000000,0.000000,-1.000000
0.010143280,4,36,read_only,64,1,1.000000,1.000000,1.000000,{"1":1},1.000000,0.000000,0.000000,0.000000,1.000000,0.000000,-1.000000
0.010143280,4,36,union,64,1,1.000000,1.000000,1.000000,{"1":1},1.000000,0.000000,0.000000,0.000000,1.000000,0.000000,-1.000000
0.010143280,4,36,snapshot,64,1,1.000000,1.000000,1.000000,{"1":1},1.000000,0.000000,0.000000,0.000000,1.000000,0.000000,-1.000000
0.010143280,4,36,read_only,256,1,1.000000,1.000000,1.000000,{"1":1},1.000000,0.000000,0.000000,0.000000,1.000000,0.000000,-1.000000
0.010143280,4,36,union,256,1,1.000000,1.000000,1.000000,{"1":1},1.000000,0.000000,0.000000,0.000000,1.000000,0.000000,-1.000000
0.010143280,4,36,snapshot,256,1,1.000000,1.000000,1.000000,{"1":1},1.000000,0.000000,0.000000,0.000000,1.000000,0.000000,-1.000000
0.010143280,4,36,read_only,1024,1,1.000000,1.000000,1.000000,{"1":1},1.000000,0.000000,0.000000,0.000000,1.000000,0.000000,-1.000000
0.010143280,4,36,union,1024,1,1.000000,1.000000,1.000000,{"1":1},1.000000,0.000000,0.000000,0.000000,1.000000,0.000000,-1.000000
0.010143280,4,36,snapshot,1024,1,1.000000,1.000000,1.000000,{"1":1},1.000000,0.000000,0.000000,0.000000,1.000000,0.000000,-1.000000
0.010143280,4,36,read_only,4096,1,1.000000,1.000000,1.000000,{"1":1},1.000000,0.000000,0.000000,0.000000,1.000000,0.000000,-1.000000
0.010143280,4,36,union,4096,1,1.000000,1.000000,1.000000,{"1":1},1.000000,0.000000,0.000000,0.000000,1.000000,0.000000,-1.000000
0.010143280,4,36,snapshot,4096,1,1.000000,1.000000,1.000000,{"1":1},1.000000,0.000000,0.000000,0.000000,1.000000,0.000000,-1.000000
0.010143280,4,36,read_only,16384,1,1.000000,1.000000,1.000000,{"1":1},1.000000,0.000000,0.000000,0.000000,1.000000,0.000000,-1.000000
0.010143280,4,36,union,16384,1,1.000000,1.000000,1.000000,{"1":1},1.000000,0.000000,0.000000,0.000000,1.000000,0.000000,-1.000000
0.010143280,4,36,snapshot,16384,1,1.000000,1.000000,1.000000,{"1":1},1.000000,0.000000,0.000000,0.000000,1.000000,0.000000,-1.000000
0.010386615,4,37,read_only,64,3,1.000000,1.000000,1.000000,{"1":3},1.000000,0.000000,0.000000,0.000000,1.000000,0.000000,-1.000000
0.010386615,4,37,union,64,3,1.000000,1.000000,1.000000,{"1":3},1.000000,0.000000,0.000000,0.000000,1.000000,0.000000,-1.000000
0.010386615,4,37,snapshot,64,4,1.000000,1.000000,1.000000,{"1":4},1.000000,0.000000,0.000000,0.000000,1.000000,0.000000,-1.000000
0.010386615,4,37,read_only,256,3,1.000000,1.000000,1.000000,{"1":3},1.000000,0.000000,0.000000,0.000000,1.000000,0.000000,-1.000000
0.010386615,4,37,union,256,3,1.000000,1.000000,1.000000,{"1":3},1.000000,0.000000,0.000000,0.000000,1.000000,0.000000,-1.000000
0.010386615,4,37,snapshot,256,4,1.000000,1.000000,1.000000,{"1":4},1.000000,0.000000,0.000000,0.000000,1.000000,0.000000,-1.000000
0.010386615,4,37,read_only,1024,3,1.000000,1.000000,1.000000,{"1":3},1.000000,0.000000,0.000000,0.000000,1.000000,0.000000,-1.000000
0.010386615,4,37,union,1024,3,1.000000,1.000000,1.000000,{"1":3},1.000000,0.000000,0.000000,0.000000,1.000000,0.000000,-1.000000
0.010386615,4,37,snapshot,1024,4,1.000000,1.000000,1.000000,{"1":4},1.000000,0.000000,0.000000,0.000000,1.000000,0.000000,-1.000000
0.010386615,4,37,read_only,4096,3,1.000000,1.000000,1.000000,{"1":3},1.000000,0.000000,0.000000,0.000000,1.000000,0.000000,-1.000000
0.010386615,4,37,union,4096,3,1.000000,1.000000,1.000000,{"1":3},1.000000,0.000000,0.000000,0.000000,1.000000,0.000000,-1.000000
0.010386615,4,37,snapshot,4096,4,1.000000,1.000000,1.000000,{"1":4},1.000000,0.000000,0.000000,0.000000,1.000000,0.000000,-1.000000
0.010386615,4,37,read_only,16384,1,1.000000,1.000000,1.000000,{"1":3},1.000000,0.000000,0.000000,0.000000,1.000000,0.000000,-1.000000
0.010386615,4,37,union,16384,1,1.000000,1.000000,1.000000,{"1":3},1.000000,0.000000,0.000000,0.000000,1.000000,0.000000,-1.000000
0.010386615,4,37,snapshot,16384,2,1.000000,1.000000,1.000000,{"1":4},1.000000,0.000000,0.000000,0.000000,1.000000,0.000000,-1.000000
0.010628082,4,38,read_only,64,1,1.000000,1.000000,1.000000,{"1":1},1.000000,0.000000,0.000000,0.000000,1.000000,0.000000,-1.000000
0.010628082,4,38,union,64,1,1.000000,1.000000,1.000000,{"1":1},1.000000,0.000000,0.000000,0.000000,1.000000,0.000000,-1.000000
0.010628082,4,38,snapshot,64,5,1.000000,1.000000,1.000000,{"1":5},1.000000,0.000000,0.000000,0.000000,1.000000,0.000000,-1.000000
0.010628082,4,38,read_only,256,1,1.000000,1.000000,1.000000,{"1":1},1.000000,0.000000,0.000000,0.000000,1.000000,0.000000,-1.000000
0.010628082,4,38,union,256,1,1.000000,1.000000,1.000000,{"1":1},1.000000,0.000000,0.000000,0.000000,1.000000,0.000000,-1.000000
0.010628082,4,38,snapshot,256,5,1.000000,1.000000,1.000000,{"1":5},1.000000,0.000000,0.000000,0.000000,1.000000,0.000000,-1.000000
0.010628082,4,38,read_only,1024,1,1.000000,1.000000,1.000000,{"1":1},1.000000,0.000000,0.000000,0.000000,1.000000,0.000000,-1.000000
0.010628082,4,38,union,1024,1,1.000000,1.000000,1.000000,{"1":1},1.000000,0.000000,0.000000,0.000000,1.000000,0.000000,-1.000000
0.010628082,4,38,snapshot,1024,5,1.000000,1.000000,1.000000,{"1":5},1.000000,0.000000,0.000000,0.000000,1.000000,0.000000,-1.000000
0.010628082,4,38,read_only,4096,1,1.000000,1.000000,1.000000,{"1":1},1.000000,0.000000,0.000000,0.000000,1.000000,0.000000,-1.000000
0.010628082,4,38,union,4096,1,1.000000,1.000000,1.000000,{"1":1},1.000000,0.000000,0.000000,0.000000,1.000000,0.000000,-1.000000
0.010628082,4,38,snapshot,4096,5,1.000000,1.000000,1.000000,{"1":5},1.000000,0.000000,0.000000,0.000000,1.000000,0.000000,-1.000000
0.010628082,4,38,read_only,16384,1,1.000000,1.000000,1.000000,{"1":1},1.000000,0.000000,0.000000,0.000000,1.000000,0.000000,-1.000000
0.010628082,4,38,union,16384,1,1.000000,1.000000,1.000000,{"1":1},1.000000,0.000000,0.000000,0.000000,1.000000,0.000000,-1.000000
0.010628082,4,38,snapshot,16384,3,1.000000,1.000000,1.000000,{"1":5},1.000000,0.000000,0.000000,0.000000,1.000000,0.000000,-1.000000
0.010892505,4,39,read_only,64,1,1.000000,1.000000,1.000000,{"1":1},1.000000,0.000000,0.000000,0.000000,1.000000,0.000000,-1.000000
0.010892505,4,39,union,64,1,1.000000,1.000000,1.000000,{"1":1},1.000000,0.000000,0.000000,0.000000,1.000000,0.000000,-1.000000
0.010892505,4,39,snapshot,64,6,1.000000,1.000000,1.000000,{"1":6},1.000000,0.000000,0.000000,0.000000,1.000000,0.000000,-1.000000
0.010892505,4,39,read_only,256,1,1.000000,1.000000,1.000000,{"1":1},1.000000,0.000000,0.000000,0.000000,1.000000,0.000000,-1.000000
0.010892505,4,39,union,256,1,1.000000,1.000000,1.000000,{"1":1},1.000000,0.000000,0.000000,0.000000,1.000000,0.000000,-1.000000
0.010892505,4,39,snapshot,256,6,1.000000,1.000000,1.000000,{"1":6},1.000000,0.000000,0.000000,0.000000,1.000000,0.000000,-1.000000
0.010892505,4,39,read_only,1024,1,1.000000,1.000000,1.000000,{"1":1},1.000000,0.000000,0.000000,0.000000,1.000000,0.000000,-1.000000
0.010892505,4,39,union,1024,1,1.000000,1.000000,1.000000,{"1":1},1.000000,0.000000,0.000000,0.000000,1.000000,0.000000,-1.000000
0.010892505,4,39,snapshot,1024,6,1.000000,1.000000,1.000000,{"1":6},1.000000,0.000000,0.000000,0.000000,1.000000,0.000000,-1.000000
0.010892505,4,39,read_only,4096,1,1.000000,1.000000,1.000000,{"1":1},1.000000,0.000000,0.000000,0.000000,1.000000,0.000000,-1.000000
0.010892505,4,39,union,4096,1,1.000000,1.000000,1.000000,{"1":1},1.000000,0.000000,0.000000,0.000000,1.000000,0.000000,-1.000000
0.010892505,4,39,snapshot,4096,6,1.000000,1.000000,1.000000,{"1":6},1.000000,0.000000,0.000000,0.000000,1.000000,0.000000,-1.000000
0.010892505,4,39,read_only,16384,1,1.000000,1.000000,1.000000,{"1":1},1.000000,0.000000,0.000000,0.000000,1.000000,0.000000,-1.000000
0.010892505,4,39,union,16384,1,1.000000,1.000000,1.000000,{"1":1},1.000000,0.000000,0.000000,0.000000,1.000000,0.000000,-1.000000
0.010892505,4,39,snapshot,16384,4,1.000000,1.000000,1.000000,{"1":6},1.000000,0.000000,0.000000,0.000000,1.000000,0.000000,-1.000000
0.011170874,4,40,read_only,64,1,1.000000,1.000000,1.000000,{"1":1},1.000000,0.000000,0.000000,0.000000,1.000000,0.000000,-1.000000
0.011170874,4,40,union,64,1,1.000000,1.000000,1.000000,{"1":1},1.000000,0.000000,0.000000,0.000000,1.000000,0.000000,-1.000000
0.011170874,4,40,snapshot,64,7,1.000000,1.000000,1.000000,{"1":7},1.000000,0.000000,0.000000,0.000000,1.000000,0.000000,-1.000000
0.011170874,4,40,read_only,256,1,1.000000,1.000000,1.000000,{"1":1},1.000000,0.000000,0.000000,0.000000,1.000000,0.000000,-1.000000
0.011170874,4,40,union,256,1,1.000000,1.000000,1.000000,{"1":1},1.000000,0.000000,0.000000,0.000000,1.000000,0.000000,-1.000000
0.011170874,4,40,snapshot,256,7,1.000000,1.000000,1.000000,{"1":7},1.000000,0.000000,0.000000,0.000000,1.000000,0.000000,-1.000000
0.011170874,4,40,read_only,1024,1,1.000000,1.000000,1.000000,{"1":1},1.000000,0.000000,0.000000,0.000000,1.000000,0.000000,-1.000000
0.011170874,4,40,union,1024,1,1.000000,1.000000,1.000000,{"1":1},1.000000,0.000000,0.000000,0.000000,1.000000,0.000000,-1.000000
0.011170874,4,40,snapshot,1024,7,1.000000,1.000000,1.000000,{"1":7},1.000000,0.000000,0.000000,0.000000,1.000000,0.000000,-1.000000
0.011170874,4,40,read_only,4096,1,1.000000,1.000000,1.000000,{"1":1},1.000000,0.000000,0.000000,0.000000,1.000000,0.000000,-1.000000
0.011170874,4,40,union,4096,1,1.000000,1.000000,1.000000,{"1":1},1.000000,0.000000,0.000000,0.000000,1.000000,0.000000,-1.000000
0.011170874,4,40,snapshot,4096,7,1.000000,1.000000,1.000000,{"1":7},1.000000,0.000000,0.000000,0.000000,1.000000,0.000000,-1.000000
0.011170874,4,40,read_only,16384,1,1.000000,1.000000,1.000000,{"1":1},1.000000,0.000000,0.000000,0.000000,1.000000,0.000000,-1.000000
0.011170874,4,40,union,16384,1,1.000000,1.000000,1.000000,{"1":1},1.000000,0.000000,0.000000,0.000000,1.000000,0.000000,-1.000000
0.011170874,4,40,snapshot,16384,5,1.000000,1.000000,1.000000,{"1":7},1.000000,0.000000,0.000000,0.000000,1.000000,0.000000,-1.000000
0.011403914,4,41,snapshot,64,7,1.000000,1.000000,1.000000,{"1":7},1.000000,0.000000,0.000000,0.000000,1.000000,0.000000,-1.000000
0.011403914,4,41,snapshot,256,7,1.000000,1.000000,1.000000,{"1":7},1.000000,0.000000,0.000000,0.000000,1.000000,0.000000,-1.000000
0.011403914,4,41,snapshot,1024,7,1.000000,1.000000,1.000000,{"1":7},1.000000,0.000000,0.000000,0.000000,1.000000,0.000000,-1.000000
0.011403914,4,41,snapshot,4096,7,1.000000,1.000000,1.000000,{"1":7},1.000000,0.000000,0.000000,0.000000,1.000000,0.000000,-1.000000
0.011403914,4,41,snapshot,16384,5,1.000000,1.000000,1.000000,{"1":7},1.000000,0.000000,0.000000,0.000000,1.000000,0.000000,-1.000000
0.011638646,4,42,snapshot,64,7,1.000000,1.000000,1.000000,{"1":7},1.000000,0.000000,0.000000,0.000000,1.000000,0.000000,-1.000000
0.011638646,4,42,snapshot,256,7,1.000000,1.000000,1.000000,{"1":7},1.000000,0.000000,0.000000,0.000000,1.000000,0.000000,-1.000000
0.011638646,4,42,snapshot,1024,7,1.000000,1.000000,1.000000,{"1":7},1.000000,0.000000,0.000000,0.000000,1.000000,0.000000,-1.000000
0.011638646,4,42,snapshot,4096,7,1.000000,1.000000,1.000000,{"1":7},1.000000,0.000000,0.000000,0.000000,1.000000,0.000000,-1.000000
0.011638646,4,42,snapshot,16384,5,1.000000,1.000000,1.000000,{"1":7},1.000000,0.000000,0.000000,0.000000,1.000000,0.000000,-1.000000
0.011932279,4,43,snapshot,64,7,1.000000,1.000000,1.000000,{"1":7},1.000000,0.000000,0.000000,0.000000,1.000000,0.000000,-1.000000
0.011932279,4,43,snapshot,256,7,1.000000,1.000000,1.000000,{"1":7},1.000000,0.000000,0.000000,0.000000,1.000000,0.000000,-1.000000
0.011932279,4,43,snapshot,1024,7,1.000000,1.000000,1.000000,{"1":7},1.000000,0.000000,0.000000,0.000000,1.000000,0.000000,-1.000000
0.011932279,4,43,snapshot,4096,7,1.000000,1.000000,1.000000,{"1":7},1.000000,0.000000,0.000000,0.000000,1.000000,0.000000,-1.000000
0.011932279,4,43,snapshot,16384,5,1.000000,1.000000,1.000000,{"1":7},1.000000,0.000000,0.000000,0.000000,1.000000,0.000000,-1.000000
0.012176636,4,44,read_only,64,3,1.000000,1.000000,1.000000,{"1":3},1.000000,0.000000,0.000000,0.000000,1.000000,0.000000,-1.000000
0.012176636,4,44,union,64,3,1.000000,1.000000,1.000000,{"1":3},1.000000,0.000000,0.000000,0.000000,1.000000,0.000000,-1.000000
0.012176636,4,44,snapshot,64,10,1.000000,1.000000,1.000000,{"1":10},1.000000,0.000000,0.000000,0.000000,1.000000,0.000000,-1.000000
0.012176636,4,44,read_only,256,3,1.000000,1.000000,1.000000,{"1":3},1.000000,0.000000,0.000000,0.000000,1.000000,0.000000,-1.000000
0.012176636,4,44,union,256,3,1.000000,1.000000,1.000000,{"1":3},1.000000,0.000000,0.000000,0.000000,1.000000,0.000000,-1.000000
0.012176636,4,44,snapshot,256,10,1.000000,1.000000,1.000000,{"1":10},1.000000,0.000000,0.000000,0.000000,1.000000,0.000000,-1.000000
0.012176636,4,44,read_only,1024,3,1.000000,1.000000,1.000000,{"1":3},1.000000,0.000000,0.000000,0.000000,1.000000,0.000000,-1.000000
0.012176636,4,44,union,1024,3,1.000000,1.000000,1.000000,{"1":3},1.000000,0.000000,0.000000,0.000000,1.000000,0.000000,-1.000000
0.012176636,4,44,snapshot,1024,10,1.000000,1.000000,1.000000,{"1":10},1.000000,0.000000,0.000000,0.000000,1.000000,0.000000,-1.000000
0.012176636,4,44,read_only,4096,3,1.000000,1.000000,1.000000,{"1":3},1.000000,0.000000,0.000000,0.000000,1.000000,0.000000,-1.000000
0.012176636,4,44,union,4096,3,1.000000,1.000000,1.000000,{"1":3},1.000000,0.000000,0.000000,0.000000,1.000000,0.000000,-1.000000
0.012176636,4,44,snapshot,4096,10,1.000000,1.000000,1.000000,{"1":10},1.000000,0.000000,0.000000,0.000000,1.000000,0.000000,-1.000000
0.012176636,4,44,read_only,16384,2,1.000000,1.000000,1.000000,{"1":3},1.000000,0.000000,0.000000,0.000000,1.000000,0.000000,-1.000000
0.012176636,4,44,union,16384,2,1.000000,1.000000,1.000000,{"1":3},1.000000,0.000000,0.000000,0.000000,1.000000,0.000000,-1.000000
0.012176636,4,44,snapshot,16384,7,1.000000,1.000000,1.000000,{"1":10},1.000000,0.000000,0.000000,0.000000,1.000000,0.000000,-1.000000
0.012415907,4,45,snapshot,64,10,1.000000,1.000000,1.000000,{"1":10},1.000000,0.000000,0.000000,0.000000,1.000000,0.000000,-1.000000
0.012415907,4,45,snapshot,256,10,1.000000,1.000000,1.000000,{"1":10},1.000000,0.000000,0.000000,0.000000,1.000000,0.000000,-1.000000
0.012415907,4,45,snapshot,1024,10,1.000000,1.000000,1.000000,{"1":10},1.000000,0.000000,0.000000,0.000000,1.000000,0.000000,-1.000000
0.012415907,4,45,snapshot,4096,10,1.000000,1.000000,1.000000,{"1":10},1.000000,0.000000,0.000000,0.000000,1.000000,0.000000,-1.000000
0.012415907,4,45,snapshot,16384,7,1.000000,1.000000,1.000000,{"1":10},1.000000,0.000000,0.000000,0.000000,1.000000,0.000000,-1.000000
0.012670321,4,46,read_only,64,1,1.000000,1.000000,1.000000,{"1":1},1.000000,0.000000,0.000000,0.000000,1.000000,0.000000,-1.000000
0.012670321,4,46,union,64,1,1.000000,1.000000,1.000000,{"1":1},1.000000,0.000000,0.000000,0.000000,1.000000,0.000000,-1.000000
0.012670321,4,46,read_only,256,1,1.000000,1.000000,1.000000,{"1":1},1.000000,0.000000,0.000000,0.000000,1.000000,0.000000,-1.000000
0.012670321,4,46,union,256,1,1.000000,1.000000,1.000000,{"1":1},1.000000,0.000000,0.000000,0.000000,1.000000,0.000000,-1.000000
0.012670321,4,46,read_only,1024,1,1.000000,1.000000,1.000000,{"1":1},1.000000,0.000000,0.000000,0.000000,1.000000,0.000000,-1.000000
0.012670321,4,46,union,1024,1,1.000000,1.000000,1.000000,{"1":1},1.000000,0.000000,0.000000,0.000000,1.000000,0.000000,-1.000000
0.012670321,4,46,read_only,4096,1,1.000000,1.000000,1.000000,{"1":1},1.000000,0.000000,0.000000,0.000000,1.000000,0.000000,-1.000000
0.012670321,4,46,union,4096,1,1.000000,1.000000,1.000000,{"1":1},1.000000,0.000000,0.000000,0.000000,1.000000,0.000000,-1.000000
0.012670321,4,46,read_only,16384,1,1.000000,1.000000,1.000000,{"1":1},1.000000,0.000000,0.000000,0.000000,1.000000,0.000000,-1.000000
0.012670321,4,46,union,16384,1,1.000000,1.000000,1.000000,{"1":1},1.000000,0.000000,0.000000,0.000000,1.000000,0.000000,-1.000000
0.013199146,4,48,read_only,64,1,1.000000,1.000000,1.000000,{"1":1},1.000000,0.000000,0.000000,0.000000,1.000000,0.000000,-1.000000
0.013199146,4,48,union,64,1,1.000000,1.000000,1.000000,{"1":1},1.000000,0.000000,0.000000,0.000000,1.000000,0.000000,-1.000000
0.013199146,4,48,snapshot,64,1,1.000000,1.000000,1.000000,{"1":1},1.000000,0.000000,0.000000,0.000000,1.000000,0.000000,-1.000000
0.013199146,4,48,read_only,256,1,1.000000,1.000000,1.000000,{"1":1},1.000000,0.000000,0.000000,0.000000,1.000000,0.000000,-1.000000
0.013199146,4,48,union,256,1,1.000000,1.000000,1.000000,{"1":1},1.000000,0.000000,0.000000,0.000000,1.000000,0.000000,-1.000000
0.013199146,4,48,snapshot,256,1,1.000000,1.000000,1.000000,{"1":1},1.000000,0.000000,0.000000,0.000000,1.000000,0.000000,-1.000000
0.013199146,4,48,read_only,1024,1,1.000000,1.000000,1.000000,{"1":1},1.000000,0.000000,0.000000,0.000000,1.000000,0.000000,-1.000000
0.013199146,4,48,union,1024,1,1.000000,1.000000,1.000000,{"1":1},1.000000,0.000000,0.000000,0.000000,1.000000,0.000000,-1.000000
0.013199146,4,48,snapshot,1024,1,1.000000,1.000000,1.000000,{"1":1},1.000000,0.000000,0.000000,0.000000,1.000000,0.000000,-1.000000
0.013199146,4,48,read_only,4096,1,1.000000,1.000000,1.000000,{"1":1},1.000000,0.000000,0.000000,0.000000,1.000000,0.000000,-1.000000
0.013199146,4,48,union,4096,1,1.000000,1.000000,1.000000,{"1":1},1.000000,0.000000,0.000000,0.000000,1.000000,0.000000,-1.000000
0.013199146,4,48,snapshot,4096,1,1.000000,1.000000,1.000000,{"1":1},1.000000,0.000000,0.000000,0.000000,1.000000,0.000000,-1.000000
0.013199146,4,48,read_only,16384,1,1.000000,1.000000,1.000000,{"1":1},1.000000,0.000000,0.000000,0.000000,1.000000,0.000000,-1.000000
0.013199146,4,48,union,16384,1,1.000000,1.000000,1.000000,{"1":1},1.000000,0.000000,0.000000,0.000000,1.000000,0.000000,-1.000000
0.013199146,4,48,snapshot,16384,1,1.000000,1.000000,1.000000,{"1":1},1.000000,0.000000,0.000000,0.000000,1.000000,0.000000,-1.000000
0.013445131,4,49,read_only,64,3,1.000000,1.000000,1.000000,{"1":3},1.000000,0.000000,0.000000,0.000000,1.000000,0.000000,-1.000000
0.013445131,4,49,union,64,3,1.000000,1.000000,1.000000,{"1":3},1.000000,0.000000,0.000000,0.000000,1.000000,0.000000,-1.000000
0.013445131,4,49,snapshot,64,4,1.000000,1.000000,1.000000,{"1":4},1.000000,0.000000,0.000000,0.000000,1.000000,0.000000,-1.000000
0.013445131,4,49,read_only,256,3,1.000000,1.000000,1.000000,{"1":3},1.000000,0.000000,0.000000,0.000000,1.000000,0.000000,-1.000000
0.013445131,4,49,union,256,3,1.000000,1.000000,1.000000,{"1":3},1.000000,0.000000,0.000000,0.000000,1.000000,0.000000,-1.000000
0.013445131,4,49,snapshot,256,4,1.000000,1.000000,1.000000,{"1":4},1.000000,0.000000,0.000000,0.000000,1.000000,0.000000,-1.000000
0.013445131,4,49,read_only,1024,3,1.000000,1.000000,1.000000,{"1":3},1.000000,0.000000,0.000000,0.000000,1.000000,0.000000,-1.000000
0.013445131,4,49,union,1024,3,1.000000,1.000000,1.000000,{"1":3},1.000000,0.000000,0.000000,0.000000,1.000000,0.000000,-1.000000
0.013445131,4,49,snapshot,1024,4,1.000000,1.000000,1.000000,{"1":4},1.000000,0.000000,0.000000,0.000000,1.000000,0.000000,-1.000000
0.013445131,4,49,read_only,4096,3,1.000000,1.000000,1.000000,{"1":3},1.000000,0.000000,0.000000,0.000000,1.000000,0.000000,-1.000000
0.013445131,4,49,union,4096,3,1.000000,1.000000,1.000000,{"1":3},1.000000,0.000000,0.000000,0.000000,1.000000,0.000000,-1.000000
0.013445131,4,49,snapshot,4096,4,1.000000,1.000000,1.000000,{"1":4},1.000000,0.000000,0.000000,0.000000,1.000000,0.000000,-1.000000
0.013445131,4,49,read_only,16384,1,1.000000,1.000000,1.000000,{"1":3},1.000000,0.000000,0.000000,0.000000,1.000000,0.000000,-1.000000
0.013445131,4,49,union,16384,1,1.000000,1.000000,1.000000,{"1":3},1.000000,0.000000,0.000000,0.000000,1.000000,0.000000,-1.000000
0.013445131,4,49,snapshot,16384,2,1.000000,1.000000,1.000000,{"1":4},1.000000,0.000000,0.000000,0.000000,1.000000,0.000000,-1.000000
0.013696810,4,50,read_only,64,12,1.000000,1.000000,1.000000,{"1":12},1.000000,0.000000,0.000000,0.000000,1.000000,0.000000,-1.000000
0.013696810,4,50,union,64,12,1.000000,1.000000,1.000000,{"1":12},1.000000,0.000000,0.000000,0.000000,1.000000,0.000000,-1.000000
0.013696810,4,50,snapshot,64,16,1.000000,1.000000,1.000000,{"1":16},1.000000,0.000000,0.000000,0.000000,1.000000,0.000000,-1.000000
0.013696810,4,50,read_only,256,12,1.000000,1.000000,1.000000,{"1":12},1.000000,0.000000,0.000000,0.000000,1.000000,0.000000,-1.000000
0.013696810,4,50,union,256,12,1.000000,1.000000,1.000000,{"1":12},1.000000,0.000000,0.000000,0.000000,1.000000,0.000000,-1.000000
0.013696810,4,50,snapshot,256,16,1.000000,1.000000,1.000000,{"1":16},1.000000,0.000000,0.000000,0.000000,1.000000,0.000000,-1.000000
0.013696810,4,50,read_only,1024,12,1.000000,1.000000,1.000000,{"1":12},1.000000,0.000000,0.000000,0.000000,1.000000,0.000000,-1.000000
0.013696810,4,50,union,1024,12,1.000000,1.000000,1.000000,{"1":12},1.000000,0.000000,0.000000,0.000000,1.000000,0.000000,-1.000000
0.013696810,4,50,snapshot,1024,16,1.000000,1.000000,1.000000,{"1":16},1.000000,0.000000,0.000000,0.000000,1.000000,0.000000,-1.000000
0.013696810,4,50,read_only,4096,12,1.000000,1.000000,1.000000,{"1":12},1.000000,0.000000,0.000000,0.000000,1.000000,0.000000,-1.000000
0.013696810,4,50,union,4096,12,1.000000,1.000000,1.000000,{"1":12},1.000000,0.000000,0.000000,0.000000,1.000000,0.000000,-1.000000
0.013696810,4,50,snapshot,4096,16,1.000000,1.000000,1.000000,{"1":16},1.000000,0.000000,0.000000,0.000000,1.000000,0.000000,-1.000000
0.013696810,4,50,read_only,16384,4,1.000000,1.000000,1.000000,{"1":12},1.000000,0.000000,0.000000,0.000000,1.000000,0.000000,-1.000000
0.013696810,4,50,union,16384,4,1.000000,1.000000,1.000000,{"1":12},1.000000,0.000000,0.000000,0.000000,1.000000,0.000000,-1.000000
0.013696810,4,50,snapshot,16384,6,1.000000,1.000000,1.000000,{"1":16},1.000000,0.000000,0.000000,0.000000,1.000000,0.000000,-1.000000
0.013956941,4,51,snapshot,64,16,1.000000,1.000000,1.000000,{"1":16},1.000000,0.000000,0.000000,0.000000,1.000000,0.000000,-1.000000
0.013956941,4,51,snapshot,256,16,1.000000,1.000000,1.000000,{"1":16},1.000000,0.000000,0.000000,0.000000,1.000000,0.000000,-1.000000
0.013956941,4,51,snapshot,1024,16,1.000000,1.000000,1.000000,{"1":16},1.000000,0.000000,0.000000,0.000000,1.000000,0.000000,-1.000000
0.013956941,4,51,snapshot,4096,16,1.000000,1.000000,1.000000,{"1":16},1.000000,0.000000,0.000000,0.000000,1.000000,0.000000,-1.000000
0.013956941,4,51,snapshot,16384,6,1.000000,1.000000,1.000000,{"1":16},1.000000,0.000000,0.000000,0.000000,1.000000,0.000000,-1.000000
0.014231315,4,52,read_only,64,1,1.000000,1.000000,1.000000,{"1":1},1.000000,0.000000,0.000000,0.000000,1.000000,0.000000,-1.000000
0.014231315,4,52,union,64,1,1.000000,1.000000,1.000000,{"1":1},1.000000,0.000000,0.000000,0.000000,1.000000,0.000000,-1.000000
0.014231315,4,52,snapshot,64,17,1.000000,1.000000,1.000000,{"1":17},1.000000,0.000000,0.000000,0.000000,1.000000,0.000000,-1.000000
0.014231315,4,52,read_only,256,1,1.000000,1.000000,1.000000,{"1":1},1.000000,0.000000,0.000000,0.000000,1.000000,0.000000,-1.000000
0.014231315,4,52,union,256,1,1.000000,1.000000,1.000000,{"1":1},1.000000,0.000000,0.000000,0.000000,1.000000,0.000000,-1.000000
0.014231315,4,52,snapshot,256,17,1.000000,1.000000,1.000000,{"1":17},1.000000,0.000000,0.000000,0.000000,1.000000,0.000000,-1.000000
0.014231315,4,52,read_only,1024,1,1.000000,1.000000,1.000000,{"1":1},1.000000,0.000000,0.000000,0.000000,1.000000,0.000000,-1.000000
0.014231315,4,52,union,1024,1,1.000000,1.000000,1.000000,{"1":1},1.000000,0.000000,0.000000,0.000000,1.000000,0.000000,-1.000000
0.014231315,4,52,snapshot,1024,17,1.000000,1.000000,1.000000,{"1":17},1.000000,0.000000,0.000000,0.000000,1.000000,0.000000,-1.000000
0.014231315,4,52,read_only,4096,1,1.000000,1.000000,1.000000,{"1":1},1.000000,0.000000,0.000000,0.000000,1.000000,0.000000,-1.000000
0.014231315,4,52,union,4096,1,1.000000,1.000000,1.000000,{"1":1},1.000000,0.000000,0.000000,0.000000,1.000000,0.000000,-1.000000
0.014231315,4,52,snapshot,4096,17,1.000000,1.000000,1.000000,{"1":17},1.000000,0.000000,0.000000,0.000000,1.000000,0.000000,-1.000000
0.014231315,4,52,read_only,16384,1,1.000000,1.000000,1.000000,{"1":1},1.000000,0.000000,0.000000,0.000000,1.000000,0.000000,-1.000000
0.014231315,4,52,union,16384,1,1.000000,1.000000,1.000000,{"1":1},1.000000,0.000000,0.000000,0.000000,1.000000,0.000000,-1.000000
0.014231315,4,52,snapshot,16384,7,1.000000,1.000000,1.000000,{"1":17},1.000000,0.000000,0.000000,0.000000,1.000000,0.000000,-1.000000
0.014468157,4,53,read_only,64,1,1.000000,1.000000,1.000000,{"1":1},1.000000,0.000000,0.000000,0.000000,1.000000,0.000000,-1.000000
0.014468157,4,53,union,64,1,1.000000,1.000000,1.000000,{"1":1},1.000000,0.000000,0.000000,0.000000,1.000000,0.000000,-1.000000
0.014468157,4,53,snapshot,64,18,1.000000,1.000000,1.000000,{"1":18},1.000000,0.000000,0.000000,0.000000,1.000000,0.000000,-1.000000
0.014468157,4,53,read_only,256,1,1.000000,1.000000,1.000000,{"1":1},1.000000,0.000000,0.000000,0.000000,1.000000,0.000000,-1.000000
0.014468157,4,53,union,256,1,1.000000,1.000000,1.000000,{"1":1},1.000000,0.000000,0.000000,0.000000,1.000000,0.000000,-1.000000
0.014468157,4,53,snapshot,256,18,1.000000,1.000000,1.000000,{"1":18},1.000000,0.000000,0.000000,0.000000,1.000000,0.000000,-1.000000
0.014468157,4,53,read_only,1024,1,1.000000,1.000000,1.000000,{"1":1},1.000000,0.000000,0.000000,0.000000,1.000000,0.000000,-1.000000
0.014468157,4,53,union,1024,1,1.000000,1.000000,1.000000,{"1":1},1.000000,0.000000,0.000000,0.000000,1.000000,0.000000,-1.000000
0.014468157,4,53,snapshot,1024,18,1.000000,1.000000,1.000000,{"1":18},1.000000,0.000000,0.000000,0.000000,1.000000,0.000000,-1.000000
0.014468157,4,53,read_only,4096,1,1.000000,1.000000,1.000000,{"1":1},1.000000,0.000000,0.000000,0.000000,1.000000,0.000000,-1.000000
0.014468157,4,53,union,4096,1,1.000000,1.000000,1.000000,{"1":1},1.000000,0.000000,0.000000,0.000000,1.000000,0.000000,-1.000000
0.014468157,4,53,snapshot,4096,18,1.000000,1.000000,1.000000,{"1":18},1.000000,0.000000,0.000000,0.000000,1.000000,0.000000,-1.000000
0.014468157,4,53,read_only,16384,1,1.000000,1.000000,1.000000,{"1":1},1.000000,0.000000,0.000000,0.000000,1.000000,0.000000,-1.000000
0.014468157,4,53,union,16384,1,1.000000,1.000000,1.000000,{"1":1},1.000000,0.000000,0.000000,0.000000,1.000000,0.000000,-1.000000
0.014468157,4,53,snapshot,16384,8,1.000000,1.000000,1.000000,{"1":18},1.000000,0.000000,0.000000,0.000000,1.000000,0.000000,-1.000000
0.014698635,4,54,snapshot,64,18,1.000000,1.000000,1.000000,{"1":18},1.000000,0.000000,0.000000,0.000000,1.000000,0.000000,-1.000000
0.014698635,4,54,snapshot,256,18,1.000000,1.000000,1.000000,{"1":18},1.000000,0.000000,0.000000,0.000000,1.000000,0.000000,-1.000000
0.014698635,4,54,snapshot,1024,18,1.000000,1.000000,1.000000,{"1":18},1.000000,0.000000,0.000000,0.000000,1.000000,0.000000,-1.000000
0.014698635,4,54,snapshot,4096,18,1.000000,1.000000,1.000000,{"1":18},1.000000,0.000000,0.000000,0.000000,1.000000,0.000000,-1.000000
0.014698635,4,54,snapshot,16384,8,1.000000,1.000000,1.000000,{"1":18},1.000000,0.000000,0.000000,0.000000,1.000000,0.000000,-1.000000
0.015022918,4,55,read_only,64,13,1.000000,1.000000,1.000000,{"1":13},1.000000,0.000000,0.000000,0.000000,1.000000,0.000000,-1.000000
0.015022918,4,55,union,64,13,1.000000,1.000000,1.000000,{"1":13},1.000000,0.000000,0.000000,0.000000,1.000000,0.000000,-1.000000
0.015022918,4,55,snapshot,64,31,1.000000,1.000000,1.000000,{"1":31},1.000000,0.000000,0.000000,0.000000,1.000000,0.000000,-1.000000
0.015022918,4,55,read_only,256,13,1.000000,1.000000,1.000000,{"1":13},1.000000,0.000000,0.000000,0.000000,1.000000,0.000000,-1.000000
0.015022918,4,55,union,256,13,1.000000,1.000000,1.000000,{"1":13},1.000000,0.000000,0.000000,0.000000,1.000000,0.000000,-1.000000
0.015022918,4,55,snapshot,256,31,1.000000,1.000000,1.000000,{"1":31},1.000000,0.000000,0.000000,0.000000,1.000000,0.000000,-1.000000
0.015022918,4,55,read_only,1024,13,1.000000,1.000000,1.000000,{"1":13},1.000000,0.000000,0.000000,0.000000,1.000000,0.000000,-1.000000
0.015022918,4,55,union,1024,13,1.000000,1.000000,1.000000,{"1":13},1.000000,0.000000,0.000000,0.000000,1.000000,0.000000,-1.000000
0.015022918,4,55,snapshot,1024,31,1.000000,1.000000,1.000000,{"1":31},1.000000,0.000000,0.000000,0.000000,1.000000,0.000000,-1.000000
0.015022918,4,55,read_only,4096,13,1.000000,1.000000,1.000000,{"1":13},1.000000,0.000000,0.000000,0.000000,1.000000,0.000000,-1.000000
0.015022918,4,55,union,4096,13,1.000000,1.000000,1.000000,{"1":13},1.000000,0.000000,0.000000,0.000000,1.000000,0.000000,-1.000000
0.015022918,4,55,snapshot,4096,31,1.000000,1.000000,1.000000,{"1":31},1.000000,0.000000,0.000000,0.000000,1.000000,0.000000,-1.000000
0.015022918,4,55,read_only,16384,5,0.600000,0.833333,0.600000,{"1":13},0.600000,0.400000,0.000000,0.000000,0.600000,0.000000,0.000000
0.015022918,4,55,union,16384,5,0.600000,0.833333,0.600000,{"1":13},0.600000,0.400000,0.000000,0.000000,0.600000,0.000000,0.000000
0.015022918,4,55,snapshot,16384,13,0.846154,0.935897,0.846154,{"1":31},0.846154,0.153846,0.000000,0.000000,0.846154,0.000000,0.000000
0.015261204,4,56,snapshot,64,31,1.000000,1.000000,1.000000,{"1":31},1.000000,0.000000,0.000000,0.000000,1.000000,0.000000,-1.000000
0.015261204,4,56,snapshot,256,31,1.000000,1.000000,1.000000,{"1":31},1.000000,0.000000,0.000000,0.000000,1.000000,0.000000,-1.000000
0.015261204,4,56,snapshot,1024,31,1.000000,1.000000,1.000000,{"1":31},1.000000,0.000000,0.000000,0.000000,1.000000,0.000000,-1.000000
0.015261204,4,56,snapshot,4096,31,1.000000,1.000000,1.000000,{"1":31},1.000000,0.000000,0.000000,0.000000,1.000000,0.000000,-1.000000
0.015261204,4,56,snapshot,16384,13,0.846154,0.935897,0.846154,{"1":31},0.846154,0.153846,0.000000,0.000000,0.846154,0.000000,0.000000
0.015563100,4,57,read_only,64,1,1.000000,1.000000,1.000000,{"1":1},1.000000,0.000000,0.000000,0.000000,1.000000,0.000000,-1.000000
0.015563100,4,57,union,64,1,1.000000,1.000000,1.000000,{"1":1},1.000000,0.000000,0.000000,0.000000,1.000000,0.000000,-1.000000
0.015563100,4,57,snapshot,64,32,1.000000,1.000000,1.000000,{"1":32},1.000000,0.000000,0.000000,0.000000,1.000000,0.000000,-1.000000
0.015563100,4,57,read_only,256,1,1.000000,1.000000,1.000000,{"1":1},1.000000,0.000000,0.000000,0.000000,1.000000,0.000000,-1.000000
0.015563100,4,57,union,256,1,1.000000,1.000000,1.000000,{"1":1},1.000000,0.000000,0.000000,0.000000,1.000000,0.000000,-1.000000
0.015563100,4,57,snapshot,256,32,1.000000,1.000000,1.000000,{"1":32},1.000000,0.000000,0.000000,0.000000,1.000000,0.000000,-1.000000
0.015563100,4,57,read_only,1024,1,1.000000,1.000000,1.000000,{"1":1},1.000000,0.000000,0.000000,0.000000,1.000000,0.000000,-1.000000
0.015563100,4,57,union,1024,1,1.000000,1.000000,1.000000,{"1":1},1.000000,0.000000,0.000000,0.000000,1.000000,0.000000,-1.000000
0.015563100,4,57,snapshot,1024,32,1.000000,1.000000,1.000000,{"1":32},1.000000,0.000000,0.000000,0.000000,1.000000,0.000000,-1.000000
0.015563100,4,57,read_only,4096,1,1.000000,1.000000,1.000000,{"1":1},1.000000,0.000000,0.000000,0.000000,1.000000,0.000000,-1.000000
0.015563100,4,57,union,4096,1,1.000000,1.000000,1.000000,{"1":1},1.000000,0.000000,0.000000,0.000000,1.000000,0.000000,-1.000000
0.015563100,4,57,snapshot,4096,32,1.000000,1.000000,1.000000,{"1":32},1.000000,0.000000,0.000000,0.000000,1.000000,0.000000,-1.000000
0.015563100,4,57,read_only,16384,1,1.000000,1.000000,1.000000,{"1":1},1.000000,0.000000,0.000000,0.000000,1.000000,0.000000,-1.000000
0.015563100,4,57,union,16384,1,1.000000,1.000000,1.000000,{"1":1},1.000000,0.000000,0.000000,0.000000,1.000000,0.000000,-1.000000
0.015563100,4,57,snapshot,16384,13,0.846154,0.942308,0.846154,{"1":32},0.846154,0.153846,0.000000,0.000000,0.846154,0.000000,0.000000
0.016054667,4,59,read_only,64,16,1.000000,1.000000,1.000000,{"1":16},1.000000,0.000000,0.000000,0.000000,1.000000,0.000000,-1.000000
0.016054667,4,59,union,64,16,1.000000,1.000000,1.000000,{"1":16},1.000000,0.000000,0.000000,0.000000,1.000000,0.000000,-1.000000
0.016054667,4,59,snapshot,64,16,1.000000,1.000000,1.000000,{"1":16},1.000000,0.000000,0.000000,0.000000,1.000000,0.000000,-1.000000
0.016054667,4,59,read_only,256,16,1.000000,1.000000,1.000000,{"1":16},1.000000,0.000000,0.000000,0.000000,1.000000,0.000000,-1.000000
0.016054667,4,59,union,256,16,1.000000,1.000000,1.000000,{"1":16},1.000000,0.000000,0.000000,0.000000,1.000000,0.000000,-1.000000
0.016054667,4,59,snapshot,256,16,1.000000,1.000000,1.000000,{"1":16},1.000000,0.000000,0.000000,0.000000,1.000000,0.000000,-1.000000
0.016054667,4,59,read_only,1024,16,1.000000,1.000000,1.000000,{"1":16},1.000000,0.000000,0.000000,0.000000,1.000000,0.000000,-1.000000
0.016054667,4,59,union,1024,16,1.000000,1.000000,1.000000,{"1":16},1.000000,0.000000,0.000000,0.000000,1.000000,0.000000,-1.000000
0.016054667,4,59,snapshot,1024,16,1.000000,1.000000,1.000000,{"1":16},1.000000,0.000000,0.000000,0.000000,1.000000,0.000000,-1.000000
0.016054667,4,59,read_only,4096,16,1.000000,1.000000,1.000000,{"1":16},1.000000,0.000000,0.000000,0.000000,1.000000,0.000000,-1.000000
0.016054667,4,59,union,4096,16,1.000000,1.000000,1.000000,{"1":16},1.000000,0.000000,0.000000,0.000000,1.000000,0.000000,-1.000000
0.016054667,4,59,snapshot,4096,16,1.000000,1.000000,1.000000,{"1":16},1.000000,0.000000,0.000000,0.000000,1.000000,0.000000,-1.000000
0.016054667,4,59,read_only,16384,5,0.800000,0.900000,0.800000,{"1":16},0.800000,0.200000,0.000000,0.000000,0.800000,0.000000,0.000000
0.016054667,4,59,union,16384,5,0.800000,0.900000,0.800000,{"1":16},0.800000,0.200000,0.000000,0.000000,0.800000,0.000000,0.000000
0.016054667,4,59,snapshot,16384,5,0.800000,0.900000,0.800000,{"1":16},0.800000,0.200000,0.000000,0.000000,0.800000,0.000000,0.000000
0.016353820,4,60,snapshot,64,16,1.000000,1.000000,1.000000,{"1":16},1.000000,0.000000,0.000000,0.000000,1.000000,0.000000,-1.000000
0.016353820,4,60,snapshot,256,16,1.000000,1.000000,1.000000,{"1":16},1.000000,0.000000,0.000000,0.000000,1.000000,0.000000,-1.000000
0.016353820,4,60,snapshot,1024,16,1.000000,1.000000,1.000000,{"1":16},1.000000,0.000000,0.000000,0.000000,1.000000,0.000000,-1.000000
0.016353820,4,60,snapshot,4096,16,1.000000,1.000000,1.000000,{"1":16},1.000000,0.000000,0.000000,0.000000,1.000000,0.000000,-1.000000
0.016353820,4,60,snapshot,16384,5,0.800000,0.900000,0.800000,{"1":16},0.800000,0.200000,0.000000,0.000000,0.800000,0.000000,0.000000
0.016609583,4,61,read_only,64,7,1.000000,1.000000,1.000000,{"1":7},1.000000,0.000000,0.000000,0.000000,1.000000,0.000000,-1.000000
0.016609583,4,61,union,64,7,1.000000,1.000000,1.000000,{"1":7},1.000000,0.000000,0.000000,0.000000,1.000000,0.000000,-1.000000
0.016609583,4,61,snapshot,64,23,1.000000,1.000000,1.000000,{"1":23},1.000000,0.000000,0.000000,0.000000,1.000000,0.000000,-1.000000
0.016609583,4,61,read_only,256,7,1.000000,1.000000,1.000000,{"1":7},1.000000,0.000000,0.000000,0.000000,1.000000,0.000000,-1.000000
0.016609583,4,61,union,256,7,1.000000,1.000000,1.000000,{"1":7},1.000000,0.000000,0.000000,0.000000,1.000000,0.000000,-1.000000
0.016609583,4,61,snapshot,256,23,1.000000,1.000000,1.000000,{"1":23},1.000000,0.000000,0.000000,0.000000,1.000000,0.000000,-1.000000
0.016609583,4,61,read_only,1024,7,1.000000,1.000000,1.000000,{"1":7},1.000000,0.000000,0.000000,0.000000,1.000000,0.000000,-1.000000
0.016609583,4,61,union,1024,7,1.000000,1.000000,1.000000,{"1":7},1.000000,0.000000,0.000000,0.000000,1.000000,0.000000,-1.000000
0.016609583,4,61,snapshot,1024,23,1.000000,1.000000,1.000000,{"1":23},1.000000,0.000000,0.000000,0.000000,1.000000,0.000000,-1.000000
0.016609583,4,61,read_only,4096,7,1.000000,1.000000,1.000000,{"1":7},1.000000,0.000000,0.000000,0.000000,1.000000,0.000000,-1.000000
0.016609583,4,61,union,4096,7,1.000000,1.000000,1.000000,{"1":7},1.000000,0.000000,0.000000,0.000000,1.000000,0.000000,-1.000000
0.016609583,4,61,snapshot,4096,23,1.000000,1.000000,1.000000,{"1":23},1.000000,0.000000,0.000000,0.000000,1.000000,0.000000,-1.000000
0.016609583,4,61,read_only,16384,3,0.333333,0.750000,0.333333,{"1":7},0.333333,0.666667,0.000000,0.000000,0.333333,0.000000,0.000000
0.016609583,4,61,union,16384,3,0.333333,0.750000,0.333333,{"1":7},0.333333,0.666667,0.000000,0.000000,0.333333,0.000000,0.000000
0.016609583,4,61,snapshot,16384,8,0.625000,0.843750,0.625000,{"1":23},0.625000,0.375000,0.000000,0.000000,0.625000,0.000000,0.000000
0.016894775,4,62,read_only,64,5,1.000000,1.000000,1.000000,{"1":5},1.000000,0.000000,0.000000,0.000000,1.000000,0.000000,-1.000000
0.016894775,4,62,union,64,5,1.000000,1.000000,1.000000,{"1":5},1.000000,0.000000,0.000000,0.000000,1.000000,0.000000,-1.000000
0.016894775,4,62,snapshot,64,28,1.000000,1.000000,1.000000,{"1":28},1.000000,0.000000,0.000000,0.000000,1.000000,0.000000,-1.000000
0.016894775,4,62,read_only,256,5,1.000000,1.000000,1.000000,{"1":5},1.000000,0.000000,0.000000,0.000000,1.000000,0.000000,-1.000000
0.016894775,4,62,union,256,5,1.000000,1.000000,1.000000,{"1":5},1.000000,0.000000,0.000000,0.000000,1.000000,0.000000,-1.000000
0.016894775,4,62,snapshot,256,28,1.000000,1.000000,1.000000,{"1":28},1.000000,0.000000,0.000000,0.000000,1.000000,0.000000,-1.000000
0.016894775,4,62,read_only,1024,5,1.000000,1.000000,1.000000,{"1":5},1.000000,0.000000,0.000000,0.000000,1.000000,0.000000,-1.000000
0.016894775,4,62,union,1024,5,1.000000,1.000000,1.000000,{"1":5},1.000000,0.000000,0.000000,0.000000,1.000000,0.000000,-1.000000
0.016894775,4,62,snapshot,1024,28,1.000000,1.000000,1.000000,{"1":28},1.000000,0.000000,0.000000,0.000000,1.000000,0.000000,-1.000000
0.016894775,4,62,read_only,4096,5,1.000000,1.000000,1.000000,{"1":5},1.000000,0.000000,0.000000,0.000000,1.000000,0.000000,-1.000000
0.016894775,4,62,union,4096,5,1.000000,1.000000,1.000000,{"1":5},1.000000,0.000000,0.000000,0.000000,1.000000,0.000000,-1.000000
0.016894775,4,62,snapshot,4096,28,1.000000,1.000000,1.000000,{"1":28},1.000000,0.000000,0.000000,0.000000,1.000000,0.000000,-1.000000
0.016894775,4,62,read_only,16384,2,0.500000,0.833333,0.500000,{"1":5},0.500000,0.500000,0.000000,0.000000,0.500000,0.000000,0.000000
0.016894775,4,62,union,16384,2,0.500000,0.833333,0.500000,{"1":5},0.500000,0.500000,0.000000,0.000000,0.500000,0.000000,0.000000
0.016894775,4,62,snapshot,16384,9,0.555556,0.833333,0.555556,{"1":28},0.555556,0.444444,0.000000,0.000000,0.555556,0.000000,0.000000
0.017155513,4,63,snapshot,64,28,1.000000,1.000000,1.000000,{"1":28},1.000000,0.000000,0.000000,0.000000,1.000000,0.000000,-1.000000
0.017155513,4,63,snapshot,256,28,1.000000,1.000000,1.000000,{"1":28},1.000000,0.000000,0.000000,0.000000,1.000000,0.000000,-1.000000
0.017155513,4,63,snapshot,1024,28,1.000000,1.000000,1.000000,{"1":28},1.000000,0.000000,0.000000,0.000000,1.000000,0.000000,-1.000000
0.017155513,4,63,snapshot,4096,28,1.000000,1.000000,1.000000,{"1":28},1.000000,0.000000,0.000000,0.000000,1.000000,0.000000,-1.000000
0.017155513,4,63,snapshot,16384,9,0.555556,0.833333,0.555556,{"1":28},0.555556,0.444444,0.000000,0.000000,0.555556,0.000000,0.000000
0.017433835,4,64,read_only,64,2,1.000000,1.000000,1.000000,{"1":2},1.000000,0.000000,0.000000,0.000000,1.000000,0.000000,-1.000000
0.017433835,4,64,union,64,2,1.000000,1.000000,1.000000,{"1":2},1.000000,0.000000,0.000000,0.000000,1.000000,0.000000,-1.000000
0.017433835,4,64,snapshot,64,30,1.000000,1.000000,1.000000,{"1":30},1.000000,0.000000,0.000000,0.000000,1.000000,0.000000,-1.000000
0.017433835,4,64,read_only,256,2,1.000000,1.000000,1.000000,{"1":2},1.000000,0.000000,0.000000,0.000000,1.000000,0.000000,-1.000000
0.017433835,4,64,union,256,2,1.000000,1.000000,1.000000,{"1":2},1.000000,0.000000,0.000000,0.000000,1.000000,0.000000,-1.000000
0.017433835,4,64,snapshot,256,30,1.000000,1.000000,1.000000,{"1":30},1.000000,0.000000,0.000000,0.000000,1.000000,0.000000,-1.000000
0.017433835,4,64,read_only,1024,2,1.000000,1.000000,1.000000,{"1":2},1.000000,0.000000,0.000000,0.000000,1.000000,0.000000,-1.000000
0.017433835,4,64,union,1024,2,1.000000,1.000000,1.000000,{"1":2},1.000000,0.000000,0.000000,0.000000,1.000000,0.000000,-1.000000
0.017433835,4,64,snapshot,1024,30,1.000000,1.000000,1.000000,{"1":30},1.000000,0.000000,0.000000,0.000000,1.000000,0.000000,-1.000000
0.017433835,4,64,read_only,4096,2,1.000000,1.000000,1.000000,{"1":2},1.000000,0.000000,0.000000,0.000000,1.000000,0.000000,-1.000000
0.017433835,4,64,union,4096,2,1.000000,1.000000,1.000000,{"1":2},1.000000,0.000000,0.000000,0.000000,1.000000,0.000000,-1.000000
0.017433835,4,64,snapshot,4096,30,1.000000,1.000000,1.000000,{"1":30},1.000000,0.000000,0.000000,0.000000,1.000000,0.000000,-1.000000
0.017433835,4,64,read_only,16384,2,1.000000,1.000000,1.000000,{"1":2},1.000000,0.000000,0.000000,0.000000,1.000000,0.000000,-1.000000
0.017433835,4,64,union,16384,2,1.000000,1.000000,1.000000,{"1":2},1.000000,0.000000,0.000000,0.000000,1.000000,0.000000,-1.000000
0.017433835,4,64,snapshot,16384,11,0.636364,0.863636,0.636364,{"1":30},0.636364,0.363636,0.000000,0.000000,0.636364,0.000000,0.000000
0.017671352,4,65,read_only,64,16,1.000000,1.000000,1.000000,{"1":16},1.000000,0.000000,0.000000,0.000000,1.000000,0.000000,-1.000000
0.017671352,4,65,union,64,16,1.000000,1.000000,1.000000,{"1":16},1.000000,0.000000,0.000000,0.000000,1.000000,0.000000,-1.000000
0.017671352,4,65,snapshot,64,46,1.000000,1.000000,1.000000,{"1":46},1.000000,0.000000,0.000000,0.000000,1.000000,0.000000,-1.000000
0.017671352,4,65,read_only,256,16,1.000000,1.000000,1.000000,{"1":16},1.000000,0.000000,0.000000,0.000000,1.000000,0.000000,-1.000000
0.017671352,4,65,union,256,16,1.000000,1.000000,1.000000,{"1":16},1.000000,0.000000,0.000000,0.000000,1.000000,0.000000,-1.000000
0.017671352,4,65,snapshot,256,46,1.000000,1.000000,1.000000,{"1":46},1.000000,0.000000,0.000000,0.000000,1.000000,0.000000,-1.000000
0.017671352,4,65,read_only,1024,16,1.000000,1.000000,1.000000,{"1":16},1.000000,0.000000,0.000000,0.000000,1.000000,0.000000,-1.000000
0.017671352,4,65,union,1024,16,1.000000,1.000000,1.000000,{"1":16},1.000000,0.000000,0.000000,0.000000,1.000000,0.000000,-1.000000
0.017671352,4,65,snapshot,1024,46,1.000000,1.000000,1.000000,{"1":46},1.000000,0.000000,0.000000,0.000000,1.000000,0.000000,-1.000000
0.017671352,4,65,read_only,4096,16,1.000000,1.000000,1.000000,{"1":16},1.000000,0.000000,0.000000,0.000000,1.000000,0.000000,-1.000000
0.017671352,4,65,union,4096,16,1.000000,1.000000,1.000000,{"1":16},1.000000,0.000000,0.000000,0.000000,1.000000,0.000000,-1.000000
0.017671352,4,65,snapshot,4096,46,1.000000,1.000000,1.000000,{"1":46},1.000000,0.000000,0.000000,0.000000,1.000000,0.000000,-1.000000
0.017671352,4,65,read_only,16384,6,1.000000,1.000000,1.000000,{"1":16},1.000000,0.000000,0.000000,0.000000,1.000000,0.000000,-1.000000
0.017671352,4,65,union,16384,6,1.000000,1.000000,1.000000,{"1":16},1.000000,0.000000,0.000000,0.000000,1.000000,0.000000,-1.000000
0.017671352,4,65,snapshot,16384,17,0.764706,0.911765,0.764706,{"1":46},0.764706,0.235294,0.000000,0.000000,0.764706,0.000000,0.000000
0.017906967,4,66,read_only,64,1,1.000000,1.000000,1.000000,{"1":1},1.000000,0.000000,0.000000,0.000000,1.000000,0.000000,-1.000000
0.017906967,4,66,union,64,1,1.000000,1.000000,1.000000,{"1":1},1.000000,0.000000,0.000000,0.000000,1.000000,0.000000,-1.000000
0.017906967,4,66,snapshot,64,47,1.000000,1.000000,1.000000,{"1":47},1.000000,0.000000,0.000000,0.000000,1.000000,0.000000,-1.000000
0.017906967,4,66,read_only,256,1,1.000000,1.000000,1.000000,{"1":1},1.000000,0.000000,0.000000,0.000000,1.000000,0.000000,-1.000000
0.017906967,4,66,union,256,1,1.000000,1.000000,1.000000,{"1":1},1.000000,0.000000,0.000000,0.000000,1.000000,0.000000,-1.000000
0.017906967,4,66,snapshot,256,47,1.000000,1.000000,1.000000,{"1":47},1.000000,0.000000,0.000000,0.000000,1.000000,0.000000,-1.000000
0.017906967,4,66,read_only,1024,1,1.000000,1.000000,1.000000,{"1":1},1.000000,0.000000,0.000000,0.000000,1.000000,0.000000,-1.000000
0.017906967,4,66,union,1024,1,1.000000,1.000000,1.000000,{"1":1},1.000000,0.000000,0.000000,0.000000,1.000000,0.000000,-1.000000
0.017906967,4,66,snapshot,1024,47,1.000000,1.000000,1.000000,{"1":47},1.000000,0.000000,0.000000,0.000000,1.000000,0.000000,-1.000000
0.017906967,4,66,read_only,4096,1,1.000000,1.000000,1.000000,{"1":1},1.000000,0.000000,0.000000,0.000000,1.000000,0.000000,-1.000000
0.017906967,4,66,union,4096,1,1.000000,1.000000,1.000000,{"1":1},1.000000,0.000000,0.000000,0.000000,1.000000,0.000000,-1.000000
0.017906967,4,66,snapshot,4096,47,1.000000,1.000000,1.000000,{"1":47},1.000000,0.000000,0.000000,0.000000,1.000000,0.000000,-1.000000
0.017906967,4,66,read_only,16384,1,1.000000,1.000000,1.000000,{"1":1},1.000000,0.000000,0.000000,0.000000,1.000000,0.000000,-1.000000
0.017906967,4,66,union,16384,1,1.000000,1.000000,1.000000,{"1":1},1.000000,0.000000,0.000000,0.000000,1.000000,0.000000,-1.000000
0.017906967,4,66,snapshot,16384,17,0.705882,0.897059,0.705882,{"1":47},0.705882,0.294118,0.000000,0.000000,0.705882,0.000000,0.000000
0.018259671,4,67,read_only,64,16,1.000000,1.000000,1.000000,{"1":16},1.000000,0.000000,0.000000,0.000000,1.000000,0.000000,-1.000000
0.018259671,4,67,union,64,16,1.000000,1.000000,1.000000,{"1":16},1.000000,0.000000,0.000000,0.000000,1.000000,0.000000,-1.000000
0.018259671,4,67,snapshot,64,63,1.000000,1.000000,1.000000,{"1":63},1.000000,0.000000,0.000000,0.000000,1.000000,0.000000,-1.000000
0.018259671,4,67,read_only,256,16,1.000000,1.000000,1.000000,{"1":16},1.000000,0.000000,0.000000,0.000000,1.000000,0.000000,-1.000000
0.018259671,4,67,union,256,16,1.000000,1.000000,1.000000,{"1":16},1.000000,0.000000,0.000000,0.000000,1.000000,0.000000,-1.000000
0.018259671,4,67,snapshot,256,63,1.000000,1.000000,1.000000,{"1":63},1.000000,0.000000,0.000000,0.000000,1.000000,0.000000,-1.000000
0.018259671,4,67,read_only,1024,16,1.000000,1.000000,1.000000,{"1":16},1.000000,0.000000,0.000000,0.000000,1.000000,0.000000,-1.000000
0.018259671,4,67,union,1024,16,1.000000,1.000000,1.000000,{"1":16},1.000000,0.000000,0.000000,0.000000,1.000000,0.000000,-1.000000
0.018259671,4,67,snapshot,1024,63,1.000000,1.000000,1.000000,{"1":63},1.000000,0.000000,0.000000,0.000000,1.000000,0.000000,-1.000000
0.018259671,4,67,read_only,4096,16,1.000000,1.000000,1.000000,{"1":16},1.000000,0.000000,0.000000,0.000000,1.000000,0.000000,-1.000000
0.018259671,4,67,union,4096,16,1.000000,1.000000,1.000000,{"1":16},1.000000,0.000000,0.000000,0.000000,1.000000,0.000000,-1.000000
0.018259671,4,67,snapshot,4096,63,1.000000,1.000000,1.000000,{"1":63},1.000000,0.000000,0.000000,0.000000,1.000000,0.000000,-1.000000
0.018259671,4,67,read_only,16384,7,0.571429,0.821429,0.571429,{"1":16},0.571429,0.428571,0.000000,0.000000,0.571429,0.000000,0.000000
0.018259671,4,67,union,16384,7,0.571429,0.821429,0.571429,{"1":16},0.571429,0.428571,0.000000,0.000000,0.571429,0.000000,0.000000
0.018259671,4,67,snapshot,16384,24,0.666667,0.875000,0.666667,{"1":63},0.666667,0.333333,0.000000,0.000000,0.666667,0.000000,0.000000
0.018508923,4,68,snapshot,64,63,1.000000,1.000000,1.000000,{"1":63},1.000000,0.000000,0.000000,0.000000,1.000000,0.000000,-1.000000
0.018508923,4,68,snapshot,256,63,1.000000,1.000000,1.000000,{"1":63},1.000000,0.000000,0.000000,0.000000,1.000000,0.000000,-1.000000
0.018508923,4,68,snapshot,1024,63,1.000000,1.000000,1.000000,{"1":63},1.000000,0.000000,0.000000,0.000000,1.000000,0.000000,-1.000000
0.018508923,4,68,snapshot,4096,63,1.000000,1.000000,1.000000,{"1":63},1.000000,0.000000,0.000000,0.000000,1.000000,0.000000,-1.000000
0.018508923,4,68,snapshot,16384,24,0.666667,0.875000,0.666667,{"1":63},0.666667,0.333333,0.000000,0.000000,0.666667,0.000000,0.000000
0.018835021,4,69,read_only,64,8,1.000000,1.000000,1.000000,{"1":8},1.000000,0.000000,0.000000,0.000000,1.000000,0.000000,-1.000000
0.018835021,4,69,union,64,8,1.000000,1.000000,1.000000,{"1":8},1.000000,0.000000,0.000000,0.000000,1.000000,0.000000,-1.000000
0.018835021,4,69,snapshot,64,71,1.000000,1.000000,1.000000,{"1":71},1.000000,0.000000,0.000000,0.000000,1.000000,0.000000,-1.000000
0.018835021,4,69,read_only,256,8,1.000000,1.000000,1.000000,{"1":8},1.000000,0.000000,0.000000,0.000000,1.000000,0.000000,-1.000000
0.018835021,4,69,union,256,8,1.000000,1.000000,1.000000,{"1":8},1.000000,0.000000,0.000000,0.000000,1.000000,0.000000,-1.000000
0.018835021,4,69,snapshot,256,71,1.000000,1.000000,1.000000,{"1":71},1.000000,0.000000,0.000000,0.000000,1.000000,0.000000,-1.000000
0.018835021,4,69,read_only,1024,8,1.000000,1.000000,1.000000,{"1":8},1.000000,0.000000,0.000000,0.000000,1.000000,0.000000,-1.000000
0.018835021,4,69,union,1024,8,1.000000,1.000000,1.000000,{"1":8},1.000000,0.000000,0.000000,0.000000,1.000000,0.000000,-1.000000
0.018835021,4,69,snapshot,1024,71,1.000000,1.000000,1.000000,{"1":71},1.000000,0.000000,0.000000,0.000000,1.000000,0.000000,-1.000000
0.018835021,4,69,read_only,4096,8,1.000000,1.000000,1.000000,{"1":8},1.000000,0.000000,0.000000,0.000000,1.000000,0.000000,-1.000000
0.018835021,4,69,union,4096,8,1.000000,1.000000,1.000000,{"1":8},1.000000,0.000000,0.000000,0.000000,1.000000,0.000000,-1.000000
0.018835021,4,69,snapshot,4096,71,1.000000,1.000000,1.000000,{"1":71},1.000000,0.000000,0.000000,0.000000,1.000000,0.000000,-1.000000
0.018835021,4,69,read_only,16384,2,1.000000,1.000000,1.000000,{"1":8},1.000000,0.000000,0.000000,0.000000,1.000000,0.000000,-1.000000
0.018835021,4,69,union,16384,2,1.000000,1.000000,1.000000,{"1":8},1.000000,0.000000,0.000000,0.000000,1.000000,0.000000,-1.000000
0.018835021,4,69,snapshot,16384,26,0.692308,0.884615,0.692308,{"1":71},0.692308,0.307692,0.000000,0.000000,0.692308,0.000000,0.000000
0.019139163,4,70,read_only,64,8,1.000000,1.000000,1.000000,{"1":8},1.000000,0.000000,0.000000,0.000000,1.000000,0.000000,-1.000000
0.019139163,4,70,union,64,8,1.000000,1.000000,1.000000,{"1":8},1.000000,0.000000,0.000000,0.000000,1.000000,0.000000,-1.000000
0.019139163,4,70,snapshot,64,8,1.000000,1.000000,1.000000,{"1":8},1.000000,0.000000,0.000000,0.000000,1.000000,0.000000,-1.000000
0.019139163,4,70,read_only,256,8,1.000000,1.000000,1.000000,{"1":8},1.000000,0.000000,0.000000,0.000000,1.000000,0.000000,-1.000000
0.019139163,4,70,union,256,8,1.000000,1.000000,1.000000,{"1":8},1.000000,0.000000,0.000000,0.000000,1.000000,0.000000,-1.000000
0.019139163,4,70,snapshot,256,8,1.000000,1.000000,1.000000,{"1":8},1.000000,0.000000,0.000000,0.000000,1.000000,0.000000,-1.000000
0.019139163,4,70,read_only,1024,8,1.000000,1.000000,1.000000,{"1":8},1.000000,0.000000,0.000000,0.000000,1.000000,0.000000,-1.000000
0.019139163,4,70,union,1024,8,1.000000,1.000000,1.000000,{"1":8},1.000000,0.000000,0.000000,0.000000,1.000000,0.000000,-1.000000
0.019139163,4,70,snapshot,1024,8,1.000000,1.000000,1.000000,{"1":8},1.000000,0.000000,0.000000,0.000000,1.000000,0.000000,-1.000000
0.019139163,4,70,read_only,4096,8,1.000000,1.000000,1.000000,{"1":8},1.000000,0.000000,0.000000,0.000000,1.000000,0.000000,-1.000000
0.019139163,4,70,union,4096,8,1.000000,1.000000,1.000000,{"1":8},1.000000,0.000000,0.000000,0.000000,1.000000,0.000000,-1.000000
0.019139163,4,70,snapshot,4096,8,1.000000,1.000000,1.000000,{"1":8},1.000000,0.000000,0.000000,0.000000,1.000000,0.000000,-1.000000
0.019139163,4,70,read_only,16384,4,0.000000,0.500000,0.000000,{"1":8},0.000000,1.000000,0.000000,0.000000,0.000000,0.000000,0.000000
0.019139163,4,70,union,16384,4,0.000000,0.500000,0.000000,{"1":8},0.000000,1.000000,0.000000,0.000000,0.000000,0.000000,0.000000
0.019139163,4,70,snapshot,16384,4,0.000000,0.500000,0.000000,{"1":8},0.000000,1.000000,0.000000,0.000000,0.000000,0.000000,0.000000
0.019367807,4,71,snapshot,64,8,1.000000,1.000000,1.000000,{"1":8},1.000000,0.000000,0.000000,0.000000,1.000000,0.000000,-1.000000
0.019367807,4,71,snapshot,256,8,1.000000,1.000000,1.000000,{"1":8},1.000000,0.000000,0.000000,0.000000,1.000000,0.000000,-1.000000
0.019367807,4,71,snapshot,1024,8,1.000000,1.000000,1.000000,{"1":8},1.000000,0.000000,0.000000,0.000000,1.000000,0.000000,-1.000000
0.019367807,4,71,snapshot,4096,8,1.000000,1.000000,1.000000,{"1":8},1.000000,0.000000,0.000000,0.000000,1.000000,0.000000,-1.000000
0.019367807,4,71,snapshot,16384,4,0.000000,0.500000,0.000000,{"1":8},0.000000,1.000000,0.000000,0.000000,0.000000,0.000000,0.000000
0.019765602,4,72,read_only,64,33,1.000000,1.000000,1.000000,{"1":33},1.000000,0.000000,0.000000,0.000000,1.000000,0.000000,-1.000000
0.019765602,4,72,union,64,33,1.000000,1.000000,1.000000,{"1":33},1.000000,0.000000,0.000000,0.000000,1.000000,0.000000,-1.000000
0.019765602,4,72,snapshot,64,41,1.000000,1.000000,1.000000,{"1":41},1.000000,0.000000,0.000000,0.000000,1.000000,0.000000,-1.000000
0.019765602,4,72,read_only,256,33,1.000000,1.000000,1.000000,{"1":33},1.000000,0.000000,0.000000,0.000000,1.000000,0.000000,-1.000000
0.019765602,4,72,union,256,33,1.000000,1.000000,1.000000,{"1":33},1.000000,0.000000,0.000000,0.000000,1.000000,0.000000,-1.000000
0.019765602,4,72,snapshot,256,41,1.000000,1.000000,1.000000,{"1":41},1.000000,0.000000,0.000000,0.000000,1.000000,0.000000,-1.000000
0.019765602,4,72,read_only,1024,33,1.000000,1.000000,1.000000,{"1":33},1.000000,0.000000,0.000000,0.000000,1.000000,0.000000,-1.000000
0.019765602,4,72,union,1024,33,1.000000,1.000000,1.000000,{"1":33},1.000000,0.000000,0.000000,0.000000,1.000000,0.000000,-1.000000
0.019765602,4,72,snapshot,1024,41,1.000000,1.000000,1.000000,{"1":41},1.000000,0.000000,0.000000,0.000000,1.000000,0.000000,-1.000000
0.019765602,4,72,read_only,4096,33,1.000000,1.000000,1.000000,{"1":33},1.000000,0.000000,0.000000,0.000000,1.000000,0.000000,-1.000000
0.019765602,4,72,union,4096,33,1.000000,1.000000,1.000000,{"1":33},1.000000,0.000000,0.000000,0.000000,1.000000,0.000000,-1.000000
0.019765602,4,72,snapshot,4096,41,1.000000,1.000000,1.000000,{"1":41},1.000000,0.000000,0.000000,0.000000,1.000000,0.000000,-1.000000
0.019765602,4,72,read_only,16384,12,0.750000,0.937500,0.750000,{"1":33},0.750000,0.250000,0.000000,0.000000,0.750000,0.000000,0.000000
0.019765602,4,72,union,16384,12,0.750000,0.937500,0.750000,{"1":33},0.750000,0.250000,0.000000,0.000000,0.750000,0.000000,0.000000
0.019765602,4,72,snapshot,16384,15,0.533333,0.805556,0.533333,{"1":41},0.533333,0.400000,0.066667,0.000000,0.533333,0.000000,0.000000
0.020065670,4,73,snapshot,64,41,1.000000,1.000000,1.000000,{"1":41},1.000000,0.000000,0.000000,0.000000,1.000000,0.000000,-1.000000
0.020065670,4,73,snapshot,256,41,1.000000,1.000000,1.000000,{"1":41},1.000000,0.000000,0.000000,0.000000,1.000000,0.000000,-1.000000
0.020065670,4,73,snapshot,1024,41,1.000000,1.000000,1.000000,{"1":41},1.000000,0.000000,0.000000,0.000000,1.000000,0.000000,-1.000000
0.020065670,4,73,snapshot,4096,41,1.000000,1.000000,1.000000,{"1":41},1.000000,0.000000,0.000000,0.000000,1.000000,0.000000,-1.000000
0.020065670,4,73,snapshot,16384,15,0.533333,0.805556,0.533333,{"1":41},0.533333,0.400000,0.066667,0.000000,0.533333,0.000000,0.000000
0.020329632,4,74,snapshot,64,41,1.000000,1.000000,1.000000,{"1":41},1.000000,0.000000,0.000000,0.000000,1.000000,0.000000,-1.000000
0.020329632,4,74,snapshot,256,41,1.000000,1.000000,1.000000,{"1":41},1.000000,0.000000,0.000000,0.000000,1.000000,0.000000,-1.000000
0.020329632,4,74,snapshot,1024,41,1.000000,1.000000,1.000000,{"1":41},1.000000,0.000000,0.000000,0.000000,1.000000,0.000000,-1.000000
0.020329632,4,74,snapshot,4096,41,1.000000,1.000000,1.000000,{"1":41},1.000000,0.000000,0.000000,0.000000,1.000000,0.000000,-1.000000
0.020329632,4,74,snapshot,16384,15,0.533333,0.805556,0.533333,{"1":41},0.533333,0.400000,0.066667,0.000000,0.533333,0.000000,0.000000
0.020594879,4,75,snapshot,64,41,1.000000,1.000000,1.000000,{"1":41},1.000000,0.000000,0.000000,0.000000,1.000000,0.000000,-1.000000
0.020594879,4,75,snapshot,256,41,1.000000,1.000000,1.000000,{"1":41},1.000000,0.000000,0.000000,0.000000,1.000000,0.000000,-1.000000
0.020594879,4,75,snapshot,1024,41,1.000000,1.000000,1.000000,{"1":41},1.000000,0.000000,0.000000,0.000000,1.000000,0.000000,-1.000000
0.020594879,4,75,snapshot,4096,41,1.000000,1.000000,1.000000,{"1":41},1.000000,0.000000,0.000000,0.000000,1.000000,0.000000,-1.000000
0.020594879,4,75,snapshot,16384,15,0.533333,0.805556,0.533333,{"1":41},0.533333,0.400000,0.066667,0.000000,0.533333,0.000000,0.000000
0.020888121,4,76,read_only,64,1,1.000000,1.000000,1.000000,{"1":1},1.000000,0.000000,0.000000,0.000000,1.000000,0.000000,-1.000000
0.020888121,4,76,union,64,1,1.000000,1.000000,1.000000,{"1":1},1.000000,0.000000,0.000000,0.000000,1.000000,0.000000,-1.000000
0.020888121,4,76,snapshot,64,42,1.000000,1.000000,1.000000,{"1":42},1.000000,0.000000,0.000000,0.000000,1.000000,0.000000,-1.000000
0.020888121,4,76,read_only,256,1,1.000000,1.000000,1.000000,{"1":1},1.000000,0.000000,0.000000,0.000000,1.000000,0.000000,-1.000000
0.020888121,4,76,union,256,1,1.000000,1.000000,1.000000,{"1":1},1.000000,0.000000,0.000000,0.000000,1.000000,0.000000,-1.000000
0.020888121,4,76,snapshot,256,42,1.000000,1.000000,1.000000,{"1":42},1.000000,0.000000,0.000000,0.000000,1.000000,0.000000,-1.000000
0.020888121,4,76,read_only,1024,1,1.000000,1.000000,1.000000,{"1":1},1.000000,0.000000,0.000000,0.000000,1.000000,0.000000,-1.000000
0.020888121,4,76,union,1024,1,1.000000,1.000000,1.000000,{"1":1},1.000000,0.000000,0.000000,0.000000,1.000000,0.000000,-1.000000
0.020888121,4,76,snapshot,1024,42,1.000000,1.000000,1.000000,{"1":42},1.000000,0.000000,0.000000,0.000000,1.000000,0.000000,-1.000000
0.020888121,4,76,read_only,4096,1,1.000000,1.000000,1.000000,{"1":1},1.000000,0.000000,0.000000,0.000000,1.000000,0.000000,-1.000000
0.020888121,4,76,union,4096,1,1.000000,1.000000,1.000000,{"1":1},1.000000,0.000000,0.000000,0.000000,1.000000,0.000000,-1.000000
0.020888121,4,76,snapshot,4096,42,1.000000,1.000000,1.000000,{"1":42},1.000000,0.000000,0.000000,0.000000,1.000000,0.000000,-1.000000
0.020888121,4,76,read_only,16384,1,1.000000,1.000000,1.000000,{"1":1},1.000000,0.000000,0.000000,0.000000,1.000000,0.000000,-1.000000
0.020888121,4,76,union,16384,1,1.000000,1.000000,1.000000,{"1":1},1.000000,0.000000,0.000000,0.000000,1.000000,0.000000,-1.000000
0.020888121,4,76,snapshot,16384,16,0.562500,0.817708,0.562500,{"1":42},0.562500,0.375000,0.062500,0.000000,0.562500,0.000000,0.000000
0.021145218,4,77,snapshot,64,42,1.000000,1.000000,1.000000,{"1":42},1.000000,0.000000,0.000000,0.000000,1.000000,0.000000,-1.000000
0.021145218,4,77,snapshot,256,42,1.000000,1.000000,1.000000,{"1":42},1.000000,0.000000,0.000000,0.000000,1.000000,0.000000,-1.000000
0.021145218,4,77,snapshot,1024,42,1.000000,1.000000,1.000000,{"1":42},1.000000,0.000000,0.000000,0.000000,1.000000,0.000000,-1.000000
0.021145218,4,77,snapshot,4096,42,1.000000,1.000000,1.000000,{"1":42},1.000000,0.000000,0.000000,0.000000,1.000000,0.000000,-1.000000
0.021145218,4,77,snapshot,16384,16,0.562500,0.817708,0.562500,{"1":42},0.562500,0.375000,0.062500,0.000000,0.562500,0.000000,0.000000
0.021393850,4,78,snapshot,64,42,1.000000,1.000000,1.000000,{"1":42},1.000000,0.000000,0.000000,0.000000,1.000000,0.000000,-1.000000
0.021393850,4,78,snapshot,256,42,1.000000,1.000000,1.000000,{"1":42},1.000000,0.000000,0.000000,0.000000,1.000000,0.000000,-1.000000
0.021393850,4,78,snapshot,1024,42,1.000000,1.000000,1.000000,{"1":42},1.000000,0.000000,0.000000,0.000000,1.000000,0.000000,-1.000000
0.021393850,4,78,snapshot,4096,42,1.000000,1.000000,1.000000,{"1":42},1.000000,0.000000,0.000000,0.000000,1.000000,0.000000,-1.000000
0.021393850,4,78,snapshot,16384,16,0.562500,0.817708,0.562500,{"1":42},0.562500,0.375000,0.062500,0.000000,0.562500,0.000000,0.000000
0.021644512,4,79,read_only,64,20,1.000000,1.000000,1.000000,{"1":20},1.000000,0.000000,0.000000,0.000000,1.000000,0.000000,-1.000000
0.021644512,4,79,union,64,20,1.000000,1.000000,1.000000,{"1":20},1.000000,0.000000,0.000000,0.000000,1.000000,0.000000,-1.000000
0.021644512,4,79,snapshot,64,62,1.000000,1.000000,1.000000,{"1":62},1.000000,0.000000,0.000000,0.000000,1.000000,0.000000,-1.000000
0.021644512,4,79,read_only,256,20,1.000000,1.000000,1.000000,{"1":20},1.000000,0.000000,0.000000,0.000000,1.000000,0.000000,-1.000000
0.021644512,4,79,union,256,20,1.000000,1.000000,1.000000,{"1":20},1.000000,0.000000,0.000000,0.000000,1.000000,0.000000,-1.000000
0.021644512,4,79,snapshot,256,62,1.000000,1.000000,1.000000,{"1":62},1.000000,0.000000,0.000000,0.000000,1.000000,0.000000,-1.000000
0.021644512,4,79,read_only,1024,20,1.000000,1.000000,1.000000,{"1":20},1.000000,0.000000,0.000000,0.000000,1.000000,0.000000,-1.000000
0.021644512,4,79,union,1024,20,1.000000,1.000000,1.000000,{"1":20},1.000000,0.000000,0.000000,0.000000,1.000000,0.000000,-1.000000
0.021644512,4,79,snapshot,1024,62,1.000000,1.000000,1.000000,{"1":62},1.000000,0.000000,0.000000,0.000000,1.000000,0.000000,-1.000000
0.021644512,4,79,read_only,4096,20,1.000000,1.000000,1.000000,{"1":20},1.000000,0.000000,0.000000,0.000000,1.000000,0.000000,-1.000000
0.021644512,4,79,union,4096,20,1.000000,1.000000,1.000000,{"1":20},1.000000,0.000000,0.000000,0.000000,1.000000,0.000000,-1.000000
0.021644512,4,79,snapshot,4096,62,1.000000,1.000000,1.000000,{"1":62},1.000000,0.000000,0.000000,0.000000,1.000000,0.000000,-1.000000
0.021644512,4,79,read_only,16384,7,1.000000,1.000000,1.000000,{"1":20},1.000000,0.000000,0.000000,0.000000,1.000000,0.000000,-1.000000
0.021644512,4,79,union,16384,7,1.000000,1.000000,1.000000,{"1":20},1.000000,0.000000,0.000000,0.000000,1.000000,0.000000,-1.000000
0.021644512,4,79,snapshot,16384,23,0.695652,0.873188,0.695652,{"1":62},0.695652,0.260870,0.043478,0.000000,0.695652,0.000000,0.000000
0.021962721,4,80,read_only,64,125,1.000000,1.000000,1.000000,{"1":125},1.000000,0.000000,0.000000,0.000000,1.000000,0.000000,-1.000000
0.021962721,4,80,union,64,125,1.000000,1.000000,1.000000,{"1":125},1.000000,0.000000,0.000000,0.000000,1.000000,0.000000,-1.000000
0.021962721,4,80,snapshot,64,187,1.000000,1.000000,1.000000,{"1":187},1.000000,0.000000,0.000000,0.000000,1.000000,0.000000,-1.000000
0.021962721,4,80,read_only,256,125,1.000000,1.000000,1.000000,{"1":125},1.000000,0.000000,0.000000,0.000000,1.000000,0.000000,-1.000000
0.021962721,4,80,union,256,125,1.000000,1.000000,1.000000,{"1":125},1.000000,0.000000,0.000000,0.000000,1.000000,0.000000,-1.000000
0.021962721,4,80,snapshot,256,187,1.000000,1.000000,1.000000,{"1":187},1.000000,0.000000,0.000000,0.000000,1.000000,0.000000,-1.000000
0.021962721,4,80,read_only,1024,125,1.000000,1.000000,1.000000,{"1":125},1.000000,0.000000,0.000000,0.000000,1.000000,0.000000,-1.000000
0.021962721,4,80,union,1024,125,1.000000,1.000000,1.000000,{"1":125},1.000000,0.000000,0.000000,0.000000,1.000000,0.000000,-1.000000
0.021962721,4,80,snapshot,1024,187,1.000000,1.000000,1.000000,{"1":187},1.000000,0.000000,0.000000,0.000000,1.000000,0.000000,-1.000000
0.021962721,4,80,read_only,4096,125,1.000000,1.000000,1.000000,{"1":125},1.000000,0.000000,0.000000,0.000000,1.000000,0.000000,-1.000000
0.021962721,4,80,union,4096,125,1.000000,1.000000,1.000000,{"1":125},1.000000,0.000000,0.000000,0.000000,1.000000,0.000000,-1.000000
0.021962721,4,80,snapshot,4096,187,1.000000,1.000000,1.000000,{"1":187},1.000000,0.000000,0.000000,0.000000,1.000000,0.000000,-1.000000
0.021962721,4,80,read_only,16384,35,1.000000,1.000000,1.000000,{"1":125},1.000000,0.000000,0.000000,0.000000,1.000000,0.000000,-1.000000
0.021962721,4,80,union,16384,35,1.000000,1.000000,1.000000,{"1":125},1.000000,0.000000,0.000000,0.000000,1.000000,0.000000,-1.000000
0.021962721,4,80,snapshot,16384,53,0.867925,0.944969,0.867925,{"1":187},0.867925,0.113208,0.018868,0.000000,0.867925,0.000000,0.000000
0.022205359,4,81,snapshot,64,187,1.000000,1.000000,1.000000,{"1":187},1.000000,0.000000,0.000000,0.000000,1.000000,0.000000,-1.000000
0.022205359,4,81,snapshot,256,187,1.000000,1.000000,1.000000,{"1":187},1.000000,0.000000,0.000000,0.000000,1.000000,0.000000,-1.000000
0.022205359,4,81,snapshot,1024,187,1.000000,1.000000,1.000000,{"1":187},1.000000,0.000000,0.000000,0.000000,1.000000,0.000000,-1.000000
0.022205359,4,81,snapshot,4096,187,1.000000,1.000000,1.000000,{"1":187},1.000000,0.000000,0.000000,0.000000,1.000000,0.000000,-1.000000
0.022205359,4,81,snapshot,16384,53,0.867925,0.944969,0.867925,{"1":187},0.867925,0.113208,0.018868,0.000000,0.867925,0.000000,0.000000
0.022449615,4,82,read_only,64,1,1.000000,1.000000,1.000000,{"1":1},1.000000,0.000000,0.000000,0.000000,1.000000,0.000000,-1.000000
0.022449615,4,82,union,64,1,1.000000,1.000000,1.000000,{"1":1},1.000000,0.000000,0.000000,0.000000,1.000000,0.000000,-1.000000
0.022449615,4,82,snapshot,64,188,1.000000,1.000000,1.000000,{"1":188},1.000000,0.000000,0.000000,0.000000,1.000000,0.000000,-1.000000
0.022449615,4,82,read_only,256,1,1.000000,1.000000,1.000000,{"1":1},1.000000,0.000000,0.000000,0.000000,1.000000,0.000000,-1.000000
0.022449615,4,82,union,256,1,1.000000,1.000000,1.000000,{"1":1},1.000000,0.000000,0.000000,0.000000,1.000000,0.000000,-1.000000
0.022449615,4,82,snapshot,256,188,1.000000,1.000000,1.000000,{"1":188},1.000000,0.000000,0.000000,0.000000,1.000000,0.000000,-1.000000
0.022449615,4,82,read_only,1024,1,1.000000,1.000000,1.000000,{"1":1},1.000000,0.000000,0.000000,0.000000,1.000000,0.000000,-1.000000
0.022449615,4,82,union,1024,1,1.000000,1.000000,1.000000,{"1":1},1.000000,0.000000,0.000000,0.000000,1.000000,0.000000,-1.000000
0.022449615,4,82,snapshot,1024,188,1.000000,1.000000,1.000000,{"1":188},1.000000,0.000000,0.000000,0.000000,1.000000,0.000000,-1.000000
0.022449615,4,82,read_only,4096,1,1.000000,1.000000,1.000000,{"1":1},1.000000,0.000000,0.000000,0.000000,1.000000,0.000000,-1.000000
0.022449615,4,82,union,4096,1,1.000000,1.000000,1.000000,{"1":1},1.000000,0.000000,0.000000,0.000000,1.000000,0.000000,-1.000000
0.022449615,4,82,snapshot,4096,188,1.000000,1.000000,1.000000,{"1":188},1.000000,0.000000,0.000000,0.000000,1.000000,0.000000,-1.000000
0.022449615,4,82,read_only,16384,1,1.000000,1.000000,1.000000,{"1":1},1.000000,0.000000,0.000000,0.000000,1.000000,0.000000,-1.000000
0.022449615,4,82,union,16384,1,1.000000,1.000000,1.000000,{"1":1},1.000000,0.000000,0.000000,0.000000,1.000000,0.000000,-1.000000
0.022449615,4,82,snapshot,16384,54,0.870370,0.945988,0.870370,{"1":188},0.870370,0.111111,0.018519,0.000000,0.870370,0.000000,0.000000
0.022688070,4,83,snapshot,64,188,1.000000,1.000000,1.000000,{"1":188},1.000000,0.000000,0.000000,0.000000,1.000000,0.000000,-1.000000
0.022688070,4,83,snapshot,256,188,1.000000,1.000000,1.000000,{"1":188},1.000000,0.000000,0.000000,0.000000,1.000000,0.000000,-1.000000
0.022688070,4,83,snapshot,1024,188,1.000000,1.000000,1.000000,{"1":188},1.000000,0.000000,0.000000,0.000000,1.000000,0.000000,-1.000000
0.022688070,4,83,snapshot,4096,188,1.000000,1.000000,1.000000,{"1":188},1.000000,0.000000,0.000000,0.000000,1.000000,0.000000,-1.000000
0.022688070,4,83,snapshot,16384,54,0.870370,0.945988,0.870370,{"1":188},0.870370,0.111111,0.018519,0.000000,0.870370,0.000000,0.000000
0.022921487,4,84,snapshot,64,188,1.000000,1.000000,1.000000,{"1":188},1.000000,0.000000,0.000000,0.000000,1.000000,0.000000,-1.000000
0.022921487,4,84,snapshot,256,188,1.000000,1.000000,1.000000,{"1":188},1.000000,0.000000,0.000000,0.000000,1.000000,0.000000,-1.000000
0.022921487,4,84,snapshot,1024,188,1.000000,1.000000,1.000000,{"1":188},1.000000,0.000000,0.000000,0.000000,1.000000,0.000000,-1.000000
0.022921487,4,84,snapshot,4096,188,1.000000,1.000000,1.000000,{"1":188},1.000000,0.000000,0.000000,0.000000,1.000000,0.000000,-1.000000
0.022921487,4,84,snapshot,16384,54,0.870370,0.945988,0.870370,{"1":188},0.870370,0.111111,0.018519,0.000000,0.870370,0.000000,0.000000
0.023167021,4,85,read_only,64,18,1.000000,1.000000,1.000000,{"1":17,"2":1},0.944444,0.055556,0.000000,0.000000,0.944444,0.055556,1.000000
0.023167021,4,85,union,64,18,1.000000,1.000000,1.000000,{"1":17,"2":1},0.944444,0.055556,0.000000,0.000000,0.944444,0.055556,1.000000
0.023167021,4,85,snapshot,64,206,1.000000,1.000000,1.000000,{"1":205,"2":1},0.995146,0.004854,0.000000,0.000000,0.995146,0.004854,1.000000
0.023167021,4,85,read_only,256,18,1.000000,1.000000,1.000000,{"1":17,"2":1},0.944444,0.055556,0.000000,0.000000,0.944444,0.055556,1.000000
0.023167021,4,85,union,256,18,1.000000,1.000000,1.000000,{"1":17,"2":1},0.944444,0.055556,0.000000,0.000000,0.944444,0.055556,1.000000
0.023167021,4,85,snapshot,256,206,1.000000,1.000000,1.000000,{"1":205,"2":1},0.995146,0.004854,0.000000,0.000000,0.995146,0.004854,1.000000
0.023167021,4,85,read_only,1024,18,1.000000,1.000000,1.000000,{"1":17,"2":1},0.944444,0.055556,0.000000,0.000000,0.944444,0.055556,1.000000
0.023167021,4,85,union,1024,18,1.000000,1.000000,1.000000,{"1":17,"2":1},0.944444,0.055556,0.000000,0.000000,0.944444,0.055556,1.000000
0.023167021,4,85,snapshot,1024,206,1.000000,1.000000,1.000000,{"1":205,"2":1},0.995146,0.004854,0.000000,0.000000,0.995146,0.004854,1.000000
0.023167021,4,85,read_only,4096,18,1.000000,1.000000,1.000000,{"1":17,"2":1},0.944444,0.055556,0.000000,0.000000,0.944444,0.055556,1.000000
0.023167021,4,85,union,4096,18,1.000000,1.000000,1.000000,{"1":17,"2":1},0.944444,0.055556,0.000000,0.000000,0.944444,0.055556,1.000000
0.023167021,4,85,snapshot,4096,206,1.000000,1.000000,1.000000,{"1":205,"2":1},0.995146,0.004854,0.000000,0.000000,0.995146,0.004854,1.000000
0.023167021,4,85,read_only,16384,6,0.666667,0.875000,0.666667,{"1":17,"2":1},0.666667,0.333333,0.000000,0.000000,0.666667,0.000000,0.000000
0.023167021,4,85,union,16384,6,0.666667,0.875000,0.666667,{"1":17,"2":1},0.666667,0.333333,0.000000,0.000000,0.666667,0.000000,0.000000
0.023167021,4,85,snapshot,16384,60,0.850000,0.938889,0.850000,{"1":205,"2":1},0.850000,0.133333,0.016667,0.000000,0.850000,0.000000,0.000000
0.023399850,4,86,snapshot,64,206,1.000000,1.000000,1.000000,{"1":205,"2":1},0.995146,0.004854,0.000000,0.000000,0.995146,0.004854,1.000000
0.023399850,4,86,snapshot,256,206,1.000000,1.000000,1.000000,{"1":205,"2":1},0.995146,0.004854,0.000000,0.000000,0.995146,0.004854,1.000000
0.023399850,4,86,snapshot,1024,206,1.000000,1.000000,1.000000,{"1":205,"2":1},0.995146,0.004854,0.000000,0.000000,0.995146,0.004854,1.000000
0.023399850,4,86,snapshot,4096,206,1.000000,1.000000,1.000000,{"1":205,"2":1},0.995146,0.004854,0.000000,0.000000,0.995146,0.004854,1.000000
0.023399850,4,86,snapshot,16384,60,0.850000,0.938889,0.850000,{"1":205,"2":1},0.850000,0.133333,0.016667,0.000000,0.850000,0.000000,0.000000
0.023633834,4,87,read_only,64,4,1.000000,1.000000,1.000000,{"1":4},1.000000,0.000000,0.000000,0.000000,1.000000,0.000000,-1.000000
0.023633834,4,87,union,64,4,1.000000,1.000000,1.000000,{"1":4},1.000000,0.000000,0.000000,0.000000,1.000000,0.000000,-1.000000
0.023633834,4,87,snapshot,64,210,1.000000,1.000000,1.000000,{"1":209,"2":1},0.995238,0.004762,0.000000,0.000000,0.995238,0.004762,1.000000
0.023633834,4,87,read_only,256,4,1.000000,1.000000,1.000000,{"1":4},1.000000,0.000000,0.000000,0.000000,1.000000,0.000000,-1.000000
0.023633834,4,87,union,256,4,1.000000,1.000000,1.000000,{"1":4},1.000000,0.000000,0.000000,0.000000,1.000000,0.000000,-1.000000
0.023633834,4,87,snapshot,256,210,1.000000,1.000000,1.000000,{"1":209,"2":1},0.995238,0.004762,0.000000,0.000000,0.995238,0.004762,1.000000
0.023633834,4,87,read_only,1024,4,1.000000,1.000000,1.000000,{"1":4},1.000000,0.000000,0.000000,0.000000,1.000000,0.000000,-1.000000
0.023633834,4,87,union,1024,4,1.000000,1.000000,1.000000,{"1":4},1.000000,0.000000,0.000000,0.000000,1.000000,0.000000,-1.000000
0.023633834,4,87,snapshot,1024,210,1.000000,1.000000,1.000000,{"1":209,"2":1},0.995238,0.004762,0.000000,0.000000,0.995238,0.004762,1.000000
0.023633834,4,87,read_only,4096,4,1.000000,1.000000,1.000000,{"1":4},1.000000,0.000000,0.000000,0.000000,1.000000,0.000000,-1.000000
0.023633834,4,87,union,4096,4,1.000000,1.000000,1.000000,{"1":4},1.000000,0.000000,0.000000,0.000000,1.000000,0.000000,-1.000000
0.023633834,4,87,snapshot,4096,210,1.000000,1.000000,1.000000,{"1":209,"2":1},0.995238,0.004762,0.000000,0.000000,0.995238,0.004762,1.000000
0.023633834,4,87,read_only,16384,1,1.000000,1.000000,1.000000,{"1":4},1.000000,0.000000,0.000000,0.000000,1.000000,0.000000,-1.000000
0.023633834,4,87,union,16384,1,1.000000,1.000000,1.000000,{"1":4},1.000000,0.000000,0.000000,0.000000,1.000000,0.000000,-1.000000
0.023633834,4,87,snapshot,16384,61,0.852459,0.939891,0.852459,{"1":209,"2":1},0.852459,0.131148,0.016393,0.000000,0.852459,0.000000,0.000000
0.023868274,4,88,read_only,64,1,1.000000,1.000000,1.000000,{"1":1},1.000000,0.000000,0.000000,0.000000,1.000000,0.000000,-1.000000
0.023868274,4,88,union,64,1,1.000000,1.000000,1.000000,{"1":1},1.000000,0.000000,0.000000,0.000000,1.000000,0.000000,-1.000000
0.023868274,4,88,snapshot,64,211,1.000000,1.000000,1.000000,{"1":210,"2":1},0.995261,0.004739,0.000000,0.000000,0.995261,0.004739,1.000000
0.023868274,4,88,read_only,256,1,1.000000,1.000000,1.000000,{"1":1},1.000000,0.000000,0.000000,0.000000,1.000000,0.000000,-1.000000
0.023868274,4,88,union,256,1,1.000000,1.000000,1.000000,{"1":1},1.000000,0.000000,0.000000,0.000000,1.000000,0.000000,-1.000000
0.023868274,4,88,snapshot,256,211,1.000000,1.000000,1.000000,{"1":210,"2":1},0.995261,0.004739,0.000000,0.000000,0.995261,0.004739,1.000000
0.023868274,4,88,read_only,1024,1,1.000000,1.000000,1.000000,{"1":1},1.000000,0.000000,0.000000,0.000000,1.000000,0.000000,-1.000000
0.023868274,4,88,union,1024,1,1.000000,1.000000,1.000000,{"1":1},1.000000,0.000000,0.000000,0.000000,1.000000,0.000000,-1.000000
0.023868274,4,88,snapshot,1024,211,1.000000,1.000000,1.000000,{"1":210,"2":1},0.995261,0.004739,0.000000,0.000000,0.995261,0.004739,1.000000
0.023868274,4,88,read_only,4096,1,1.000000,1.000000,1.000000,{"1":1},1.000000,0.000000,0.000000,0.000000,1.000000,0.000000,-1.000000
0.023868274,4,88,union,4096,1,1.000000,1.000000,1.000000,{"1":1},1.000000,0.000000,0.000000,0.000000,1.000000,0.000000,-1.000000
0.023868274,4,88,snapshot,4096,211,1.000000,1.000000,1.000000,{"1":210,"2":1},0.995261,0.004739,0.000000,0.000000,0.995261,0.004739,1.000000
0.023868274,4,88,read_only,16384,1,1.000000,1.000000,1.000000,{"1":1},1.000000,0.000000,0.000000,0.000000,1.000000,0.000000,-1.000000
0.023868274,4,88,union,16384,1,1.000000,1.000000,1.000000,{"1":1},1.000000,0.000000,0.000000,0.000000,1.000000,0.000000,-1.000000
0.023868274,4,88,snapshot,16384,61,0.852459,0.937158,0.852459,{"1":210,"2":1},0.852459,0.114754,0.032787,0.000000,0.852459,0.000000,0.000000
0.024098409,4,89,snapshot,64,211,1.000000,1.000000,1.000000,{"1":210,"2":1},0.995261,0.004739,0.000000,0.000000,0.995261,0.004739,1.000000
0.024098409,4,89,snapshot,256,211,1.000000,1.000000,1.000000,{"1":210,"2":1},0.995261,0.004739,0.000000,0.000000,0.995261,0.004739,1.000000
0.024098409,4,89,snapshot,1024,211,1.000000,1.000000,1.000000,{"1":210,"2":1},0.995261,0.004739,0.000000,0.000000,0.995261,0.004739,1.000000
0.024098409,4,89,snapshot,4096,211,1.000000,1.000000,1.000000,{"1":210,"2":1},0.995261,0.004739,0.000000,0.000000,0.995261,0.004739,1.000000
0.024098409,4,89,snapshot,16384,61,0.852459,0.937158,0.852459,{"1":210,"2":1},0.852459,0.114754,0.032787,0.000000,0.852459,0.000000,0.000000
0.024331750,4,90,read_only,64,1,1.000000,1.000000,1.000000,{"1":1},1.000000,0.000000,0.000000,0.000000,1.000000,0.000000,-1.000000
0.024331750,4,90,union,64,1,1.000000,1.000000,1.000000,{"1":1},1.000000,0.000000,0.000000,0.000000,1.000000,0.000000,-1.000000
0.024331750,4,90,snapshot,64,212,1.000000,1.000000,1.000000,{"1":211,"2":1},0.995283,0.004717,0.000000,0.000000,0.995283,0.004717,1.000000
0.024331750,4,90,read_only,256,1,1.000000,1.000000,1.000000,{"1":1},1.000000,0.000000,0.000000,0.000000,1.000000,0.000000,-1.000000
0.024331750,4,90,union,256,1,1.000000,1.000000,1.000000,{"1":1},1.000000,0.000000,0.000000,0.000000,1.000000,0.000000,-1.000000
0.024331750,4,90,snapshot,256,212,1.000000,1.000000,1.000000,{"1":211,"2":1},0.995283,0.004717,0.000000,0.000000,0.995283,0.004717,1.000000
0.024331750,4,90,read_only,1024,1,1.000000,1.000000,1.000000,{"1":1},1.000000,0.000000,0.000000,0.000000,1.000000,0.000000,-1.000000
0.024331750,4,90,union,1024,1,1.000000,1.000000,1.000000,{"1":1},1.000000,0.000000,0.000000,0.000000,1.000000,0.000000,-1.000000
0.024331750,4,90,snapshot,1024,212,1.000000,1.000000,1.000000,{"1":211,"2":1},0.995283,0.004717,0.000000,0.000000,0.995283,0.004717,1.000000
0.024331750,4,90,read_only,4096,1,1.000000,1.000000,1.000000,{"1":1},1.000000,0.000000,0.000000,0.000000,1.000000,0.000000,-1.000000
0.024331750,4,90,union,4096,1,1.000000,1.000000,1.000000,{"1":1},1.000000,0.000000,0.000000,0.000000,1.000000,0.000000,-1.000000
0.024331750,4,90,snapshot,4096,212,1.000000,1.000000,1.000000,{"1":211,"2":1},0.995283,0.004717,0.000000,0.000000,0.995283,0.004717,1.000000
0.024331750,4,90,read_only,16384,1,1.000000,1.000000,1.000000,{"1":1},1.000000,0.000000,0.000000,0.000000,1.000000,0.000000,-1.000000
0.024331750,4,90,union,16384,1,1.000000,1.000000,1.000000,{"1":1},1.000000,0.000000,0.000000,0.000000,1.000000,0.000000,-1.000000
0.024331750,4,90,snapshot,16384,61,0.852459,0.939891,0.852459,{"1":211,"2":1},0.852459,0.114754,0.032787,0.000000,0.852459,0.000000,0.000000
0.024564057,4,91,snapshot,64,212,1.000000,1.000000,1.000000,{"1":211,"2":1},0.995283,0.004717,0.000000,0.000000,0.995283,0.004717,1.000000
0.024564057,4,91,snapshot,256,212,1.000000,1.000000,1.000000,{"1":211,"2":1},0.995283,0.004717,0.000000,0.000000,0.995283,0.004717,1.000000
0.024564057,4,91,snapshot,1024,212,1.000000,1.000000,1.000000,{"1":211,"2":1},0.995283,0.004717,0.000000,0.000000,0.995283,0.004717,1.000000
0.024564057,4,91,snapshot,4096,212,1.000000,1.000000,1.000000,{"1":211,"2":1},0.995283,0.004717,0.000000,0.000000,0.995283,0.004717,1.000000
0.024564057,4,91,snapshot,16384,61,0.852459,0.939891,0.852459,{"1":211,"2":1},0.852459,0.114754,0.032787,0.000000,0.852459,0.000000,0.000000
0.024797880,4,92,snapshot,64,212,1.000000,1.000000,1.000000,{"1":211,"2":1},0.995283,0.004717,0.000000,0.000000,0.995283,0.004717,1.000000
0.024797880,4,92,snapshot,256,212,1.000000,1.000000,1.000000,{"1":211,"2":1},0.995283,0.004717,0.000000,0.000000,0.995283,0.004717,1.000000
0.024797880,4,92,snapshot,1024,212,1.000000,1.000000,1.000000,{"1":211,"2":1},0.995283,0.004717,0.000000,0.000000,0.995283,0.004717,1.000000
0.024797880,4,92,snapshot,4096,212,1.000000,1.000000,1.000000,{"1":211,"2":1},0.995283,0.004717,0.000000,0.000000,0.995283,0.004717,1.000000
0.024797880,4,92,snapshot,16384,61,0.852459,0.939891,0.852459,{"1":211,"2":1},0.852459,0.114754,0.032787,0.000000,0.852459,0.000000,0.000000
0.025054325,4,93,read_only,64,17,1.000000,1.000000,1.000000,{"1":17},1.000000,0.000000,0.000000,0.000000,1.000000,0.000000,-1.000000
0.025054325,4,93,union,64,17,1.000000,1.000000,1.000000,{"1":17},1.000000,0.000000,0.000000,0.000000,1.000000,0.000000,-1.000000
0.025054325,4,93,snapshot,64,229,1.000000,1.000000,1.000000,{"1":228,"2":1},0.995633,0.004367,0.000000,0.000000,0.995633,0.004367,1.000000
0.025054325,4,93,read_only,256,17,1.000000,1.000000,1.000000,{"1":17},1.000000,0.000000,0.000000,0.000000,1.000000,0.000000,-1.000000
0.025054325,4,93,union,256,17,1.000000,1.000000,1.000000,{"1":17},1.000000,0.000000,0.000000,0.000000,1.000000,0.000000,-1.000000
0.025054325,4,93,snapshot,256,229,1.000000,1.000000,1.000000,{"1":228,"2":1},0.995633,0.004367,0.000000,0.000000,0.995633,0.004367,1.000000
0.025054325,4,93,read_only,1024,17,1.000000,1.000000,1.000000,{"1":17},1.000000,0.000000,0.000000,0.000000,1.000000,0.000000,-1.000000
0.025054325,4,93,union,1024,17,1.000000,1.000000,1.000000,{"1":17},1.000000,0.000000,0.000000,0.000000,1.000000,0.000000,-1.000000
0.025054325,4,93,snapshot,1024,229,1.000000,1.000000,1.000000,{"1":228,"2":1},0.995633,0.004367,0.000000,0.000000,0.995633,0.004367,1.000000
0.025054325,4,93,read_only,4096,17,1.000000,1.000000,1.000000,{"1":17},1.000000,0.000000,0.000000,0.000000,1.000000,0.000000,-1.000000
0.025054325,4,93,union,4096,17,1.000000,1.000000,1.000000,{"1":17},1.000000,0.000000,0.000000,0.000000,1.000000,0.000000,-1.000000
0.025054325,4,93,snapshot,4096,229,1.000000,1.000000,1.000000,{"1":228,"2":1},0.995633,0.004367,0.000000,0.000000,0.995633,0.004367,1.000000
0.025054325,4,93,read_only,16384,6,0.833333,0.958333,0.833333,{"1":17},0.833333,0.166667,0.000000,0.000000,0.833333,0.000000,0.000000
0.025054325,4,93,union,16384,6,0.833333,0.958333,0.833333,{"1":17},0.833333,0.166667,0.000000,0.000000,0.833333,0.000000,0.000000
0.025054325,4,93,snapshot,16384,67,0.850746,0.941542,0.850746,{"1":228,"2":1},0.850746,0.119403,0.029851,0.000000,0.850746,0.000000,0.000000
0.025298234,4,94,read_only,64,2,1.000000,1.000000,1.000000,{"1":2},1.000000,0.000000,0.000000,0.000000,1.000000,0.000000,-1.000000
0.025298234,4,94,union,64,2,1.000000,1.000000,1.000000,{"1":2},1.000000,0.000000,0.000000,0.000000,1.000000,0.000000,-1.000000
0.025298234,4,94,snapshot,64,231,1.000000,1.000000,1.000000,{"1":230,"2":1},0.995671,0.004329,0.000000,0.000000,0.995671,0.004329,1.000000
0.025298234,4,94,read_only,256,2,1.000000,1.000000,1.000000,{"1":2},1.000000,0.000000,0.000000,0.000000,1.000000,0.000000,-1.000000
0.025298234,4,94,union,256,2,1.000000,1.000000,1.000000,{"1":2},1.000000,0.000000,0.000000,0.000000,1.000000,0.000000,-1.000000
0.025298234,4,94,snapshot,256,231,1.000000,1.000000,1.000000,{"1":230,"2":1},0.995671,0.004329,0.000000,0.000000,0.995671,0.004329,1.000000
0.025298234,4,94,read_only,1024,2,1.000000,1.000000,1.000000,{"1":2},1.000000,0.000000,0.000000,0.000000,1.000000,0.000000,-1.000000
0.025298234,4,94,union,1024,2,1.000000,1.000000,1.000000,{"1":2},1.000000,0.000000,0.000000,0.000000,1.000000,0.000000,-1.000000
0.025298234,4,94,snapshot,1024,231,1.000000,1.000000,1.000000,{"1":230,"2":1},0.995671,0.004329,0.000000,0.000000,0.995671,0.004329,1.000000
0.025298234,4,94,read_only,4096,2,1.000000,1.000000,1.000000,{"1":2},1.000000,0.000000,0.000000,0.000000,1.000000,0.000000,-1.000000
0.025298234,4,94,union,4096,2,1.000000,1.000000,1.000000,{"1":2},1.000000,0.000000,0.000000,0.000000,1.000000,0.000000,-1.000000
0.025298234,4,94,snapshot,4096,231,1.000000,1.000000,1.000000,{"1":230,"2":1},0.995671,0.004329,0.000000,0.000000,0.995671,0.004329,1.000000
0.025298234,4,94,read_only,16384,2,1.000000,1.000000,1.000000,{"1":2},1.000000,0.000000,0.000000,0.000000,1.000000,0.000000,-1.000000
0.025298234,4,94,union,16384,2,1.000000,1.000000,1.000000,{"1":2},1.000000,0.000000,0.000000,0.000000,1.000000,0.000000,-1.000000
0.025298234,4,94,snapshot,16384,69,0.855072,0.943237,0.855072,{"1":230,"2":1},0.855072,0.115942,0.028986,0.000000,0.855072,0.000000,0.000000
0.025547736,4,95,snapshot,64,231,1.000000,1.000000,1.000000,{"1":230,"2":1},0.995671,0.004329,0.000000,0.000000,0.995671,0.004329,1.000000
0.025547736,4,95,snapshot,256,231,1.000000,1.000000,1.000000,{"1":230,"2":1},0.995671,0.004329,0.000000,0.000000,0.995671,0.004329,1.000000
0.025547736,4,95,snapshot,1024,231,1.000000,1.000000,1.000000,{"1":230,"2":1},0.995671,0.004329,0.000000,0.000000,0.995671,0.004329,1.000000
0.025547736,4,95,snapshot,4096,231,1.000000,1.000000,1.000000,{"1":230,"2":1},0.995671,0.004329,0.000000,0.000000,0.995671,0.004329,1.000000
0.025547736,4,95,snapshot,16384,69,0.855072,0.943237,0.855072,{"1":230,"2":1},0.855072,0.115942,0.028986,0.000000,0.855072,0.000000,0.000000
0.025778891,4,96,snapshot,64,231,1.000000,1.000000,1.000000,{"1":230,"2":1},0.995671,0.004329,0.000000,0.000000,0.995671,0.004329,1.000000
0.025778891,4,96,snapshot,256,231,1.000000,1.000000,1.000000,{"1":230,"2":1},0.995671,0.004329,0.000000,0.000000,0.995671,0.004329,1.000000
0.025778891,4,96,snapshot,1024,231,1.000000,1.000000,1.000000,{"1":230,"2":1},0.995671,0.004329,0.000000,0.000000,0.995671,0.004329,1.000000
0.025778891,4,96,snapshot,4096,231,1.000000,1.000000,1.000000,{"1":230,"2":1},0.995671,0.004329,0.000000,0.000000,0.995671,0.004329,1.000000
0.025778891,4,96,snapshot,16384,69,0.855072,0.943237,0.855072,{"1":230,"2":1},0.855072,0.115942,0.028986,0.000000,0.855072,0.000000,0.000000
0.026012233,4,97,snapshot,64,231,1.000000,1.000000,1.000000,{"1":230,"2":1},0.995671,0.004329,0.000000,0.000000,0.995671,0.004329,1.000000
0.026012233,4,97,snapshot,256,231,1.000000,1.000000,1.000000,{"1":230,"2":1},0.995671,0.004329,0.000000,0.000000,0.995671,0.004329,1.000000
0.026012233,4,97,snapshot,1024,231,1.000000,1.000000,1.000000,{"1":230,"2":1},0.995671,0.004329,0.000000,0.000000,0.995671,0.004329,1.000000
0.026012233,4,97,snapshot,4096,231,1.000000,1.000000,1.000000,{"1":230,"2":1},0.995671,0.004329,0.000000,0.000000,0.995671,0.004329,1.000000
0.026012233,4,97,snapshot,16384,69,0.855072,0.943237,0.855072,{"1":230,"2":1},0.855072,0.115942,0.028986,0.000000,0.855072,0.000000,0.000000
0.026244614,4,98,snapshot,64,231,1.000000,1.000000,1.000000,{"1":230,"2":1},0.995671,0.004329,0.000000,0.000000,0.995671,0.004329,1.000000
0.026244614,4,98,snapshot,256,231,1.000000,1.000000,1.000000,{"1":230,"2":1},0.995671,0.004329,0.000000,0.000000,0.995671,0.004329,1.000000
0.026244614,4,98,snapshot,1024,231,1.000000,1.000000,1.000000,{"1":230,"2":1},0.995671,0.004329,0.000000,0.000000,0.995671,0.004329,1.000000
0.026244614,4,98,snapshot,4096,231,1.000000,1.000000,1.000000,{"1":230,"2":1},0.995671,0.004329,0.000000,0.000000,0.995671,0.004329,1.000000
0.026244614,4,98,snapshot,16384,69,0.855072,0.943237,0.855072,{"1":230,"2":1},0.855072,0.115942,0.028986,0.000000,0.855072,0.000000,0.000000
0.026802510,4,99,read_only,64,9,1.000000,1.000000,1.000000,{"1":9},1.000000,0.000000,0.000000,0.000000,1.000000,0.000000,-1.000000
0.026802510,4,99,union,64,9,1.000000,1.000000,1.000000,{"1":9},1.000000,0.000000,0.000000,0.000000,1.000000,0.000000,-1.000000
0.026802510,4,99,snapshot,64,240,1.000000,1.000000,1.000000,{"1":239,"2":1},0.995833,0.004167,0.000000,0.000000,0.995833,0.004167,1.000000
0.026802510,4,99,read_only,256,9,1.000000,1.000000,1.000000,{"1":9},1.000000,0.000000,0.000000,0.000000,1.000000,0.000000,-1.000000
0.026802510,4,99,union,256,9,1.000000,1.000000,1.000000,{"1":9},1.000000,0.000000,0.000000,0.000000,1.000000,0.000000,-1.000000
0.026802510,4,99,snapshot,256,240,1.000000,1.000000,1.000000,{"1":239,"2":1},0.995833,0.004167,0.000000,0.000000,0.995833,0.004167,1.000000
0.026802510,4,99,read_only,1024,9,1.000000,1.000000,1.000000,{"1":9},1.000000,0.000000,0.000000,0.000000,1.000000,0.000000,-1.000000
0.026802510,4,99,union,1024,9,1.000000,1.000000,1.000000,{"1":9},1.000000,0.000000,0.000000,0.000000,1.000000,0.000000,-1.000000
0.026802510,4,99,snapshot,1024,240,1.000000,1.000000,1.000000,{"1":239,"2":1},0.995833,0.004167,0.000000,0.000000,0.995833,0.004167,1.000000
0.026802510,4,99,read_only,4096,9,1.000000,1.000000,1.000000,{"1":9},1.000000,0.000000,0.000000,0.000000,1.000000,0.000000,-1.000000
0.026802510,4,99,union,4096,9,1.000000,1.000000,1.000000,{"1":9},1.000000,0.000000,0.000000,0.000000,1.000000,0.000000,-1.000000
0.026802510,4,99,snapshot,4096,240,1.000000,1.000000,1.000000,{"1":239,"2":1},0.995833,0.004167,0.000000,0.000000,0.995833,0.004167,1.000000
0.026802510,4,99,read_only,16384,5,1.000000,1.000000,1.000000,{"1":9},1.000000,0.000000,0.000000,0.000000,1.000000,0.000000,-1.000000
0.026802510,4,99,union,16384,5,1.000000,1.000000,1.000000,{"1":9},1.000000,0.000000,0.000000,0.000000,1.000000,0.000000,-1.000000
0.026802510,4,99,snapshot,16384,73,0.863014,0.946347,0.863014,{"1":239,"2":1},0.863014,0.109589,0.027397,0.000000,0.863014,0.000000,0.000000
0.027037190,4,100,snapshot,64,240,1.000000,1.000000,1.000000,{"1":239,"2":1},0.995833,0.004167,0.000000,0.000000,0.995833,0.004167,1.000000
0.027037190,4,100,snapshot,256,240,1.000000,1.000000,1.000000,{"1":239,"2":1},0.995833,0.004167,0.000000,0.000000,0.995833,0.004167,1.000000
0.027037190,4,100,snapshot,1024,240,1.000000,1.000000,1.000000,{"1":239,"2":1},0.995833,0.004167,0.000000,0.000000,0.995833,0.004167,1.000000
0.027037190,4,100,snapshot,4096,240,1.000000,1.000000,1.000000,{"1":239,"2":1},0.995833,0.004167,0.000000,0.000000,0.995833,0.004167,1.000000
0.027037190,4,100,snapshot,16384,73,0.863014,0.946347,0.863014,{"1":239,"2":1},0.863014,0.109589,0.027397,0.000000,0.863014,0.000000,0.000000
0.027269548,4,101,snapshot,64,240,1.000000,1.000000,1.000000,{"1":239,"2":1},0.995833,0.004167,0.000000,0.000000,0.995833,0.004167,1.000000
0.027269548,4,101,snapshot,256,240,1.000000,1.000000,1.000000,{"1":239,"2":1},0.995833,0.004167,0.000000,0.000000,0.995833,0.004167,1.000000
0.027269548,4,101,snapshot,1024,240,1.000000,1.000000,1.000000,{"1":239,"2":1},0.995833,0.004167,0.000000,0.000000,0.995833,0.004167,1.000000
0.027269548,4,101,snapshot,4096,240,1.000000,1.000000,1.000000,{"1":239,"2":1},0.995833,0.004167,0.000000,0.000000,0.995833,0.004167,1.000000
0.027269548,4,101,snapshot,16384,73,0.863014,0.946347,0.863014,{"1":239,"2":1},0.863014,0.109589,0.027397,0.000000,0.863014,0.000000,0.000000
0.027501855,4,102,snapshot,64,240,1.000000,1.000000,1.000000,{"1":239,"2":1},0.995833,0.004167,0.000000,0.000000,0.995833,0.004167,1.000000
0.027501855,4,102,snapshot,256,240,1.000000,1.000000,1.000000,{"1":239,"2":1},0.995833,0.004167,0.000000,0.000000,0.995833,0.004167,1.000000
0.027501855,4,102,snapshot,1024,240,1.000000,1.000000,1.000000,{"1":239,"2":1},0.995833,0.004167,0.000000,0.000000,0.995833,0.004167,1.000000
0.027501855,4,102,snapshot,4096,240,1.000000,1.000000,1.000000,{"1":239,"2":1},0.995833,0.004167,0.000000,0.000000,0.995833,0.004167,1.000000
0.027501855,4,102,snapshot,16384,73,0.863014,0.946347,0.863014,{"1":239,"2":1},0.863014,0.109589,0.027397,0.000000,0.863014,0.000000,0.000000
0.027738967,4,103,read_only,64,4,1.000000,1.000000,1.000000,{"1":4},1.000000,0.000000,0.000000,0.000000,1.000000,0.000000,-1.000000
0.027738967,4,103,union,64,4,1.000000,1.000000,1.000000,{"1":4},1.000000,0.000000,0.000000,0.000000,1.000000,0.000000,-1.000000
0.027738967,4,103,snapshot,64,244,1.000000,1.000000,1.000000,{"1":243,"2":1},0.995902,0.004098,0.000000,0.000000,0.995902,0.004098,1.000000
0.027738967,4,103,read_only,256,4,1.000000,1.000000,1.000000,{"1":4},1.000000,0.000000,0.000000,0.000000,1.000000,0.000000,-1.000000
0.027738967,4,103,union,256,4,1.000000,1.000000,1.000000,{"1":4},1.000000,0.000000,0.000000,0.000000,1.000000,0.000000,-1.000000
0.027738967,4,103,snapshot,256,244,1.000000,1.000000,1.000000,{"1":243,"2":1},0.995902,0.004098,0.000000,0.000000,0.995902,0.004098,1.000000
0.027738967,4,103,read_only,1024,4,1.000000,1.000000,1.000000,{"1":4},1.000000,0.000000,0.000000,0.000000,1.000000,0.000000,-1.000000
0.027738967,4,103,union,1024,4,1.000000,1.000000,1.000000,{"1":4},1.000000,0.000000,0.000000,0.000000,1.000000,0.000000,-1.000000
0.027738967,4,103,snapshot,1024,244,1.000000,1.000000,1.000000,{"1":243,"2":1},0.995902,0.004098,0.000000,0.000000,0.995902,0.004098,1.000000
0.027738967,4,103,read_only,4096,4,1.000000,1.000000,1.000000,{"1":4},1.000000,0.000000,0.000000,0.000000,1.000000,0.000000,-1.000000
0.027738967,4,103,union,4096,4,1.000000,1.000000,1.000000,{"1":4},1.000000,0.000000,0.000000,0.000000,1.000000,0.000000,-1.000000
0.027738967,4,103,snapshot,4096,244,1.000000,1.000000,1.000000,{"1":243,"2":1},0.995902,0.004098,0.000000,0.000000,0.995902,0.004098,1.000000
0.027738967,4,103,read_only,16384,1,1.000000,1.000000,1.000000,{"1":4},1.000000,0.000000,0.000000,0.000000,1.000000,0.000000,-1.000000
0.027738967,4,103,union,16384,1,1.000000,1.000000,1.000000,{"1":4},1.000000,0.000000,0.000000,0.000000,1.000000,0.000000,-1.000000
0.027738967,4,103,snapshot,16384,74,0.864865,0.947072,0.864865,{"1":243,"2":1},0.864865,0.108108,0.027027,0.000000,0.864865,0.000000,0.000000
0.027969476,4,104,snapshot,64,244,1.000000,1.000000,1.000000,{"1":243,"2":1},0.995902,0.004098,0.000000,0.000000,0.995902,0.004098,1.000000
0.027969476,4,104,snapshot,256,244,1.000000,1.000000,1.000000,{"1":243,"2":1},0.995902,0.004098,0.000000,0.000000,0.995902,0.004098,1.000000
0.027969476,4,104,snapshot,1024,244,1.000000,1.000000,1.000000,{"1":243,"2":1},0.995902,0.004098,0.000000,0.000000,0.995902,0.004098,1.000000
0.027969476,4,104,snapshot,4096,244,1.000000,1.000000,1.000000,{"1":243,"2":1},0.995902,0.004098,0.000000,0.000000,0.995902,0.004098,1.000000
0.027969476,4,104,snapshot,16384,74,0.864865,0.947072,0.864865,{"1":243,"2":1},0.864865,0.108108,0.027027,0.000000,0.864865,0.000000,0.000000
0.028205192,4,105,snapshot,64,244,1.000000,1.000000,1.000000,{"1":243,"2":1},0.995902,0.004098,0.000000,0.000000,0.995902,0.004098,1.000000
0.028205192,4,105,snapshot,256,244,1.000000,1.000000,1.000000,{"1":243,"2":1},0.995902,0.004098,0.000000,0.000000,0.995902,0.004098,1.000000
0.028205192,4,105,snapshot,1024,244,1.000000,1.000000,1.000000,{"1":243,"2":1},0.995902,0.004098,0.000000,0.000000,0.995902,0.004098,1.000000
0.028205192,4,105,snapshot,4096,244,1.000000,1.000000,1.000000,{"1":243,"2":1},0.995902,0.004098,0.000000,0.000000,0.995902,0.004098,1.000000
0.028205192,4,105,snapshot,16384,74,0.864865,0.947072,0.864865,{"1":243,"2":1},0.864865,0.108108,0.027027,0.000000,0.864865,0.000000,0.000000
0.028437550,4,106,snapshot,64,244,1.000000,1.000000,1.000000,{"1":243,"2":1},0.995902,0.004098,0.000000,0.000000,0.995902,0.004098,1.000000
0.028437550,4,106,snapshot,256,244,1.000000,1.000000,1.000000,{"1":243,"2":1},0.995902,0.004098,0.000000,0.000000,0.995902,0.004098,1.000000
0.028437550,4,106,snapshot,1024,244,1.000000,1.000000,1.000000,{"1":243,"2":1},0.995902,0.004098,0.000000,0.000000,0.995902,0.004098,1.000000
0.028437550,4,106,snapshot,4096,244,1.000000,1.000000,1.000000,{"1":243,"2":1},0.995902,0.004098,0.000000,0.000000,0.995902,0.004098,1.000000
0.028437550,4,106,snapshot,16384,74,0.864865,0.947072,0.864865,{"1":243,"2":1},0.864865,0.108108,0.027027,0.000000,0.864865,0.000000,0.000000
0.028893355,4,107,read_only,64,4,1.000000,1.000000,1.000000,{"1":4},1.000000,0.000000,0.000000,0.000000,1.000000,0.000000,-1.000000
0.028893355,4,107,union,64,4,1.000000,1.000000,1.000000,{"1":4},1.000000,0.000000,0.000000,0.000000,1.000000,0.000000,-1.000000
0.028893355,4,107,snapshot,64,248,1.000000,1.000000,1.000000,{"1":247,"2":1},0.995968,0.004032,0.000000,0.000000,0.995968,0.004032,1.000000
0.028893355,4,107,read_only,256,4,1.000000,1.000000,1.000000,{"1":4},1.000000,0.000000,0.000000,0.000000,1.000000,0.000000,-1.000000
0.028893355,4,107,union,256,4,1.000000,1.000000,1.000000,{"1":4},1.000000,0.000000,0.000000,0.000000,1.000000,0.000000,-1.000000
0.028893355,4,107,snapshot,256,248,1.000000,1.000000,1.000000,{"1":247,"2":1},0.995968,0.004032,0.000000,0.000000,0.995968,0.004032,1.000000
0.028893355,4,107,read_only,1024,4,1.000000,1.000000,1.000000,{"1":4},1.000000,0.000000,0.000000,0.000000,1.000000,0.000000,-1.000000
0.028893355,4,107,union,1024,4,1.000000,1.000000,1.000000,{"1":4},1.000000,0.000000,0.000000,0.000000,1.000000,0.000000,-1.000000
0.028893355,4,107,snapshot,1024,248,1.000000,1.000000,1.000000,{"1":247,"2":1},0.995968,0.004032,0.000000,0.000000,0.995968,0.004032,1.000000
0.028893355,4,107,read_only,4096,4,1.000000,1.000000,1.000000,{"1":4},1.000000,0.000000,0.000000,0.000000,1.000000,0.000000,-1.000000
0.028893355,4,107,union,4096,4,1.000000,1.000000,1.000000,{"1":4},1.000000,0.000000,0.000000,0.000000,1.000000,0.000000,-1.000000
0.028893355,4,107,snapshot,4096,248,1.000000,1.000000,1.000000,{"1":247,"2":1},0.995968,0.004032,0.000000,0.000000,0.995968,0.004032,1.000000
0.028893355,4,107,read_only,16384,1,1.000000,1.000000,1.000000,{"1":4},1.000000,0.000000,0.000000,0.000000,1.000000,0.000000,-1.000000
0.028893355,4,107,union,16384,1,1.000000,1.000000,1.000000,{"1":4},1.000000,0.000000,0.000000,0.000000,1.000000,0.000000,-1.000000
0.028893355,4,107,snapshot,16384,75,0.866667,0.947778,0.866667,{"1":247,"2":1},0.866667,0.106667,0.026667,0.000000,0.866667,0.000000,0.000000
0.029125662,4,108,snapshot,64,248,1.000000,1.000000,1.000000,{"1":247,"2":1},0.995968,0.004032,0.000000,0.000000,0.995968,0.004032,1.000000
0.029125662,4,108,snapshot,256,248,1.000000,1.000000,1.000000,{"1":247,"2":1},0.995968,0.004032,0.000000,0.000000,0.995968,0.004032,1.000000
0.029125662,4,108,snapshot,1024,248,1.000000,1.000000,1.000000,{"1":247,"2":1},0.995968,0.004032,0.000000,0.000000,0.995968,0.004032,1.000000
0.029125662,4,108,snapshot,4096,248,1.000000,1.000000,1.000000,{"1":247,"2":1},0.995968,0.004032,0.000000,0.000000,0.995968,0.004032,1.000000
0.029125662,4,108,snapshot,16384,75,0.866667,0.947778,0.866667,{"1":247,"2":1},0.866667,0.106667,0.026667,0.000000,0.866667,0.000000,0.000000
0.029358633,4,109,snapshot,64,248,1.000000,1.000000,1.000000,{"1":247,"2":1},0.995968,0.004032,0.000000,0.000000,0.995968,0.004032,1.000000
0.029358633,4,109,snapshot,256,248,1.000000,1.000000,1.000000,{"1":247,"2":1},0.995968,0.004032,0.000000,0.000000,0.995968,0.004032,1.000000
0.029358633,4,109,snapshot,1024,248,1.000000,1.000000,1.000000,{"1":247,"2":1},0.995968,0.004032,0.000000,0.000000,0.995968,0.004032,1.000000
0.029358633,4,109,snapshot,4096,248,1.000000,1.000000,1.000000,{"1":247,"2":1},0.995968,0.004032,0.000000,0.000000,0.995968,0.004032,1.000000
0.029358633,4,109,snapshot,16384,75,0.866667,0.947778,0.866667,{"1":247,"2":1},0.866667,0.106667,0.026667,0.000000,0.866667,0.000000,0.000000
0.029593264,4,110,snapshot,64,248,1.000000,1.000000,1.000000,{"1":247,"2":1},0.995968,0.004032,0.000000,0.000000,0.995968,0.004032,1.000000
0.029593264,4,110,snapshot,256,248,1.000000,1.000000,1.000000,{"1":247,"2":1},0.995968,0.004032,0.000000,0.000000,0.995968,0.004032,1.000000
0.029593264,4,110,snapshot,1024,248,1.000000,1.000000,1.000000,{"1":247,"2":1},0.995968,0.004032,0.000000,0.000000,0.995968,0.004032,1.000000
0.029593264,4,110,snapshot,4096,248,1.000000,1.000000,1.000000,{"1":247,"2":1},0.995968,0.004032,0.000000,0.000000,0.995968,0.004032,1.000000
0.029593264,4,110,snapshot,16384,75,0.866667,0.947778,0.866667,{"1":247,"2":1},0.866667,0.106667,0.026667,0.000000,0.866667,0.000000,0.000000
0.029828992,4,111,snapshot,64,248,1.000000,1.000000,1.000000,{"1":247,"2":1},0.995968,0.004032,0.000000,0.000000,0.995968,0.004032,1.000000
0.029828992,4,111,snapshot,256,248,1.000000,1.000000,1.000000,{"1":247,"2":1},0.995968,0.004032,0.000000,0.000000,0.995968,0.004032,1.000000
0.029828992,4,111,snapshot,1024,248,1.000000,1.000000,1.000000,{"1":247,"2":1},0.995968,0.004032,0.000000,0.000000,0.995968,0.004032,1.000000
0.029828992,4,111,snapshot,4096,248,1.000000,1.000000,1.000000,{"1":247,"2":1},0.995968,0.004032,0.000000,0.000000,0.995968,0.004032,1.000000
0.029828992,4,111,snapshot,16384,75,0.866667,0.947778,0.866667,{"1":247,"2":1},0.866667,0.106667,0.026667,0.000000,0.866667,0.000000,0.000000
0.030058660,4,112,snapshot,64,248,1.000000,1.000000,1.000000,{"1":247,"2":1},0.995968,0.004032,0.000000,0.000000,0.995968,0.004032,1.000000
0.030058660,4,112,snapshot,256,248,1.000000,1.000000,1.000000,{"1":247,"2":1},0.995968,0.004032,0.000000,0.000000,0.995968,0.004032,1.000000
0.030058660,4,112,snapshot,1024,248,1.000000,1.000000,1.000000,{"1":247,"2":1},0.995968,0.004032,0.000000,0.000000,0.995968,0.004032,1.000000
0.030058660,4,112,snapshot,4096,248,1.000000,1.000000,1.000000,{"1":247,"2":1},0.995968,0.004032,0.000000,0.000000,0.995968,0.004032,1.000000
0.030058660,4,112,snapshot,16384,75,0.866667,0.947778,0.866667,{"1":247,"2":1},0.866667,0.106667,0.026667,0.000000,0.866667,0.000000,0.000000
0.030292558,4,113,read_only,64,3,1.000000,1.000000,1.000000,{"1":3},1.000000,0.000000,0.000000,0.000000,1.000000,0.000000,-1.000000
0.030292558,4,113,union,64,3,1.000000,1.000000,1.000000,{"1":3},1.000000,0.000000,0.000000,0.000000,1.000000,0.000000,-1.000000
0.030292558,4,113,snapshot,64,251,1.000000,1.000000,1.000000,{"1":250,"2":1},0.996016,0.003984,0.000000,0.000000,0.996016,0.003984,1.000000
0.030292558,4,113,read_only,256,3,1.000000,1.000000,1.000000,{"1":3},1.000000,0.000000,0.000000,0.000000,1.000000,0.000000,-1.000000
0.030292558,4,113,union,256,3,1.000000,1.000000,1.000000,{"1":3},1.000000,0.000000,0.000000,0.000000,1.000000,0.000000,-1.000000
0.030292558,4,113,snapshot,256,251,1.000000,1.000000,1.000000,{"1":250,"2":1},0.996016,0.003984,0.000000,0.000000,0.996016,0.003984,1.000000
0.030292558,4,113,read_only,1024,3,1.000000,1.000000,1.000000,{"1":3},1.000000,0.000000,0.000000,0.000000,1.000000,0.000000,-1.000000
0.030292558,4,113,union,1024,3,1.000000,1.000000,1.000000,{"1":3},1.000000,0.000000,0.000000,0.000000,1.000000,0.000000,-1.000000
0.030292558,4,113,snapshot,1024,251,1.000000,1.000000,1.000000,{"1":250,"2":1},0.996016,0.003984,0.000000,0.000000,0.996016,0.003984,1.000000
0.030292558,4,113,read_only,4096,3,1.000000,1.000000,1.000000,{"1":3},1.000000,0.000000,0.000000,0.000000,1.000000,0.000000,-1.000000
0.030292558,4,113,union,4096,3,1.000000,1.000000,1.000000,{"1":3},1.000000,0.000000,0.000000,0.000000,1.000000,0.000000,-1.000000
0.030292558,4,113,snapshot,4096,251,1.000000,1.000000,1.000000,{"1":250,"2":1},0.996016,0.003984,0.000000,0.000000,0.996016,0.003984,1.000000
0.030292558,4,113,read_only,16384,3,1.000000,1.000000,1.000000,{"1":3},1.000000,0.000000,0.000000,0.000000,1.000000,0.000000,-1.000000
0.030292558,4,113,union,16384,3,1.000000,1.000000,1.000000,{"1":3},1.000000,0.000000,0.000000,0.000000,1.000000,0.000000,-1.000000
0.030292558,4,113,snapshot,16384,77,0.870130,0.950216,0.870130,{"1":250,"2":1},0.870130,0.103896,0.025974,0.000000,0.870130,0.000000,0.000000
0.030524915,4,114,snapshot,64,251,1.000000,1.000000,1.000000,{"1":250,"2":1},0.996016,0.003984,0.000000,0.000000,0.996016,0.003984,1.000000
0.030524915,4,114,snapshot,256,251,1.000000,1.000000,1.000000,{"1":250,"2":1},0.996016,0.003984,0.000000,0.000000,0.996016,0.003984,1.000000
0.030524915,4,114,snapshot,1024,251,1.000000,1.000000,1.000000,{"1":250,"2":1},0.996016,0.003984,0.000000,0.000000,0.996016,0.003984,1.000000
0.030524915,4,114,snapshot,4096,251,1.000000,1.000000,1.000000,{"1":250,"2":1},0.996016,0.003984,0.000000,0.000000,0.996016,0.003984,1.000000
0.030524915,4,114,snapshot,16384,77,0.870130,0.950216,0.870130,{"1":250,"2":1},0.870130,0.103896,0.025974,0.000000,0.870130,0.000000,0.000000
0.030836708,4,115,read_only,64,1,1.000000,1.000000,1.000000,{"1":1},1.000000,0.000000,0.000000,0.000000,1.000000,0.000000,-1.000000
0.030836708,4,115,union,64,1,1.000000,1.000000,1.000000,{"1":1},1.000000,0.000000,0.000000,0.000000,1.000000,0.000000,-1.000000
0.030836708,4,115,snapshot,64,252,1.000000,1.000000,1.000000,{"1":251,"2":1},0.996032,0.003968,0.000000,0.000000,0.996032,0.003968,1.000000
0.030836708,4,115,read_only,256,1,1.000000,1.000000,1.000000,{"1":1},1.000000,0.000000,0.000000,0.000000,1.000000,0.000000,-1.000000
0.030836708,4,115,union,256,1,1.000000,1.000000,1.000000,{"1":1},1.000000,0.000000,0.000000,0.000000,1.000000,0.000000,-1.000000
0.030836708,4,115,snapshot,256,252,1.000000,1.000000,1.000000,{"1":251,"2":1},0.996032,0.003968,0.000000,0.000000,0.996032,0.003968,1.000000
0.030836708,4,115,read_only,1024,1,1.000000,1.000000,1.000000,{"1":1},1.000000,0.000000,0.000000,0.000000,1.000000,0.000000,-1.000000
0.030836708,4,115,union,1024,1,1.000000,1.000000,1.000000,{"1":1},1.000000,0.000000,0.000000,0.000000,1.000000,0.000000,-1.000000
0.030836708,4,115,snapshot,1024,252,1.000000,1.000000,1.000000,{"1":251,"2":1},0.996032,0.003968,0.000000,0.000000,0.996032,0.003968,1.000000
0.030836708,4,115,read_only,4096,1,1.000000,1.000000,1.000000,{"1":1},1.000000,0.000000,0.000000,0.000000,1.000000,0.000000,-1.000000
0.030836708,4,115,union,4096,1,1.000000,1.000000,1.000000,{"1":1},1.000000,0.000000,0.000000,0.000000,1.000000,0.000000,-1.000000
0.030836708,4,115,snapshot,4096,252,1.000000,1.000000,1.000000,{"1":251,"2":1},0.996032,0.003968,0.000000,0.000000,0.996032,0.003968,1.000000
0.030836708,4,115,read_only,16384,1,1.000000,1.000000,1.000000,{"1":1},1.000000,0.000000,0.000000,0.000000,1.000000,0.000000,-1.000000
0.030836708,4,115,union,16384,1,1.000000,1.000000,1.000000,{"1":1},1.000000,0.000000,0.000000,0.000000,1.000000,0.000000,-1.000000
0.030836708,4,115,snapshot,16384,78,0.871795,0.950855,0.871795,{"1":251,"2":1},0.871795,0.102564,0.025641,0.000000,0.871795,0.000000,0.000000
0.031068986,4,116,snapshot,64,252,1.000000,1.000000,1.000000,{"1":251,"2":1},0.996032,0.003968,0.000000,0.000000,0.996032,0.003968,1.000000
0.031068986,4,116,snapshot,256,252,1.000000,1.000000,1.000000,{"1":251,"2":1},0.996032,0.003968,0.000000,0.000000,0.996032,0.003968,1.000000
0.031068986,4,116,snapshot,1024,252,1.000000,1.000000,1.000000,{"1":251,"2":1},0.996032,0.003968,0.000000,0.000000,0.996032,0.003968,1.000000
0.031068986,4,116,snapshot,4096,252,1.000000,1.000000,1.000000,{"1":251,"2":1},0.996032,0.003968,0.000000,0.000000,0.996032,0.003968,1.000000
0.031068986,4,116,snapshot,16384,78,0.871795,0.950855,0.871795,{"1":251,"2":1},0.871795,0.102564,0.025641,0.000000,0.871795,0.000000,0.000000
0.031301890,4,117,snapshot,64,252,1.000000,1.000000,1.000000,{"1":251,"2":1},0.996032,0.003968,0.000000,0.000000,0.996032,0.003968,1.000000
0.031301890,4,117,snapshot,256,252,1.000000,1.000000,1.000000,{"1":251,"2":1},0.996032,0.003968,0.000000,0.000000,0.996032,0.003968,1.000000
0.031301890,4,117,snapshot,1024,252,1.000000,1.000000,1.000000,{"1":251,"2":1},0.996032,0.003968,0.000000,0.000000,0.996032,0.003968,1.000000
0.031301890,4,117,snapshot,4096,252,1.000000,1.000000,1.000000,{"1":251,"2":1},0.996032,0.003968,0.000000,0.000000,0.996032,0.003968,1.000000
0.031301890,4,117,snapshot,16384,78,0.871795,0.950855,0.871795,{"1":251,"2":1},0.871795,0.102564,0.025641,0.000000,0.871795,0.000000,0.000000
0.031535059,4,118,read_only,64,4,1.000000,1.000000,1.000000,{"1":4},1.000000,0.000000,0.000000,0.000000,1.000000,0.000000,-1.000000
0.031535059,4,118,union,64,4,1.000000,1.000000,1.000000,{"1":4},1.000000,0.000000,0.000000,0.000000,1.000000,0.000000,-1.000000
0.031535059,4,118,snapshot,64,256,1.000000,1.000000,1.000000,{"1":255,"2":1},0.996094,0.003906,0.000000,0.000000,0.996094,0.003906,1.000000
0.031535059,4,118,read_only,256,4,1.000000,1.000000,1.000000,{"1":4},1.000000,0.000000,0.000000,0.000000,1.000000,0.000000,-1.000000
0.031535059,4,118,union,256,4,1.000000,1.000000,1.000000,{"1":4},1.000000,0.000000,0.000000,0.000000,1.000000,0.000000,-1.000000
0.031535059,4,118,snapshot,256,256,1.000000,1.000000,1.000000,{"1":255,"2":1},0.996094,0.003906,0.000000,0.000000,0.996094,0.003906,1.000000
0.031535059,4,118,read_only,1024,4,1.000000,1.000000,1.000000,{"1":4},1.000000,0.000000,0.000000,0.000000,1.000000,0.000000,-1.000000
0.031535059,4,118,union,1024,4,1.000000,1.000000,1.000000,{"1":4},1.000000,0.000000,0.000000,0.000000,1.000000,0.000000,-1.000000
0.031535059,4,118,snapshot,1024,256,1.000000,1.000000,1.000000,{"1":255,"2":1},0.996094,0.003906,0.000000,0.000000,0.996094,0.003906,1.000000
0.031535059,4,118,read_only,4096,4,1.000000,1.000000,1.000000,{"1":4},1.000000,0.000000,0.000000,0.000000,1.000000,0.000000,-1.000000
0.031535059,4,118,union,4096,4,1.000000,1.000000,1.000000,{"1":4},1.000000,0.000000,0.000000,0.000000,1.000000,0.000000,-1.000000
0.031535059,4,118,snapshot,4096,256,1.000000,1.000000,1.000000,{"1":255,"2":1},0.996094,0.003906,0.000000,0.000000,0.996094,0.003906,1.000000
0.031535059,4,118,read_only,16384,2,1.000000,1.000000,1.000000,{"1":4},1.000000,0.000000,0.000000,0.000000,1.000000,0.000000,-1.000000
0.031535059,4,118,union,16384,2,1.000000,1.000000,1.000000,{"1":4},1.000000,0.000000,0.000000,0.000000,1.000000,0.000000,-1.000000
0.031535059,4,118,snapshot,16384,80,0.875000,0.952083,0.875000,{"1":255,"2":1},0.875000,0.100000,0.025000,0.000000,0.875000,0.000000,0.000000
0.031767899,4,119,snapshot,64,256,1.000000,1.000000,1.000000,{"1":255,"2":1},0.996094,0.003906,0.000000,0.000000,0.996094,0.003906,1.000000
0.031767899,4,119,snapshot,256,256,1.000000,1.000000,1.000000,{"1":255,"2":1},0.996094,0.003906,0.000000,0.000000,0.996094,0.003906,1.000000
0.031767899,4,119,snapshot,1024,256,1.000000,1.000000,1.000000,{"1":255,"2":1},0.996094,0.003906,0.000000,0.000000,0.996094,0.003906,1.000000
0.031767899,4,119,snapshot,4096,256,1.000000,1.000000,1.000000,{"1":255,"2":1},0.996094,0.003906,0.000000,0.000000,0.996094,0.003906,1.000000
0.031767899,4,119,snapshot,16384,80,0.875000,0.952083,0.875000,{"1":255,"2":1},0.875000,0.100000,0.025000,0.000000,0.875000,0.000000,0.000000
0.032001121,4,120,snapshot,64,256,1.000000,1.000000,1.000000,{"1":255,"2":1},0.996094,0.003906,0.000000,0.000000,0.996094,0.003906,1.000000
0.032001121,4,120,snapshot,256,256,1.000000,1.000000,1.000000,{"1":255,"2":1},0.996094,0.003906,0.000000,0.000000,0.996094,0.003906,1.000000
0.032001121,4,120,snapshot,1024,256,1.000000,1.000000,1.000000,{"1":255,"2":1},0.996094,0.003906,0.000000,0.000000,0.996094,0.003906,1.000000
0.032001121,4,120,snapshot,4096,256,1.000000,1.000000,1.000000,{"1":255,"2":1},0.996094,0.003906,0.000000,0.000000,0.996094,0.003906,1.000000
0.032001121,4,120,snapshot,16384,80,0.875000,0.952083,0.875000,{"1":255,"2":1},0.875000,0.100000,0.025000,0.000000,0.875000,0.000000,0.000000
0.032233376,4,121,snapshot,64,256,1.000000,1.000000,1.000000,{"1":255,"2":1},0.996094,0.003906,0.000000,0.000000,0.996094,0.003906,1.000000
0.032233376,4,121,snapshot,256,256,1.000000,1.000000,1.000000,{"1":255,"2":1},0.996094,0.003906,0.000000,0.000000,0.996094,0.003906,1.000000
0.032233376,4,121,snapshot,1024,256,1.000000,1.000000,1.000000,{"1":255,"2":1},0.996094,0.003906,0.000000,0.000000,0.996094,0.003906,1.000000
0.032233376,4,121,snapshot,4096,256,1.000000,1.000000,1.000000,{"1":255,"2":1},0.996094,0.003906,0.000000,0.000000,0.996094,0.003906,1.000000
0.032233376,4,121,snapshot,16384,80,0.875000,0.952083,0.875000,{"1":255,"2":1},0.875000,0.100000,0.025000,0.000000,0.875000,0.000000,0.000000
0.032466258,4,122,snapshot,64,256,1.000000,1.000000,1.000000,{"1":255,"2":1},0.996094,0.003906,0.000000,0.000000,0.996094,0.003906,1.000000
0.032466258,4,122,snapshot,256,256,1.000000,1.000000,1.000000,{"1":255,"2":1},0.996094,0.003906,0.000000,0.000000,0.996094,0.003906,1.000000
0.032466258,4,122,snapshot,1024,256,1.000000,1.000000,1.000000,{"1":255,"2":1},0.996094,0.003906,0.000000,0.000000,0.996094,0.003906,1.000000
0.032466258,4,122,snapshot,4096,256,1.000000,1.000000,1.000000,{"1":255,"2":1},0.996094,0.003906,0.000000,0.000000,0.996094,0.003906,1.000000
0.032466258,4,122,snapshot,16384,80,0.875000,0.952083,0.875000,{"1":255,"2":1},0.875000,0.100000,0.025000,0.000000,0.875000,0.000000,0.000000
0.032721060,4,123,read_only,64,1,1.000000,1.000000,1.000000,{"1":1},1.000000,0.000000,0.000000,0.000000,1.000000,0.000000,-1.000000
0.032721060,4,123,union,64,1,1.000000,1.000000,1.000000,{"1":1},1.000000,0.000000,0.000000,0.000000,1.000000,0.000000,-1.000000
0.032721060,4,123,snapshot,64,257,1.000000,1.000000,1.000000,{"1":256,"2":1},0.996109,0.003891,0.000000,0.000000,0.996109,0.003891,1.000000
0.032721060,4,123,read_only,256,1,1.000000,1.000000,1.000000,{"1":1},1.000000,0.000000,0.000000,0.000000,1.000000,0.000000,-1.000000
0.032721060,4,123,union,256,1,1.000000,1.000000,1.000000,{"1":1},1.000000,0.000000,0.000000,0.000000,1.000000,0.000000,-1.000000
0.032721060,4,123,snapshot,256,257,1.000000,1.000000,1.000000,{"1":256,"2":1},0.996109,0.003891,0.000000,0.000000,0.996109,0.003891,1.000000
0.032721060,4,123,read_only,1024,1,1.000000,1.000000,1.000000,{"1":1},1.000000,0.000000,0.000000,0.000000,1.000000,0.000000,-1.000000
0.032721060,4,123,union,1024,1,1.000000,1.000000,1.000000,{"1":1},1.000000,0.000000,0.000000,0.000000,1.000000,0.000000,-1.000000
0.032721060,4,123,snapshot,1024,257,1.000000,1.000000,1.000000,{"1":256,"2":1},0.996109,0.003891,0.000000,0.000000,0.996109,0.003891,1.000000
0.032721060,4,123,read_only,4096,1,1.000000,1.000000,1.000000,{"1":1},1.000000,0.000000,0.000000,0.000000,1.000000,0.000000,-1.000000
0.032721060,4,123,union,4096,1,1.000000,1.000000,1.000000,{"1":1},1.000000,0.000000,0.000000,0.000000,1.000000,0.000000,-1.000000
0.032721060,4,123,snapshot,4096,257,1.000000,1.000000,1.000000,{"1":256,"2":1},0.996109,0.003891,0.000000,0.000000,0.996109,0.003891,1.000000
0.032721060,4,123,read_only,16384,1,1.000000,1.000000,1.000000,{"1":1},1.000000,0.000000,0.000000,0.000000,1.000000,0.000000,-1.000000
0.032721060,4,123,union,16384,1,1.000000,1.000000,1.000000,{"1":1},1.000000,0.000000,0.000000,0.000000,1.000000,0.000000,-1.000000
0.032721060,4,123,snapshot,16384,81,0.876543,0.952675,0.876543,{"1":256,"2":1},0.876543,0.098765,0.024691,0.000000,0.876543,0.000000,0.000000
0.032984548,4,124,read_only,64,1,1.000000,1.000000,1.000000,{"1":1},1.000000,0.000000,0.000000,0.000000,1.000000,0.000000,-1.000000
0.032984548,4,124,union,64,1,1.000000,1.000000,1.000000,{"1":1},1.000000,0.000000,0.000000,0.000000,1.000000,0.000000,-1.000000
0.032984548,4,124,snapshot,64,258,1.000000,1.000000,1.000000,{"1":257,"2":1},0.996124,0.003876,0.000000,0.000000,0.996124,0.003876,1.000000
0.032984548,4,124,read_only,256,1,1.000000,1.000000,1.000000,{"1":1},1.000000,0.000000,0.000000,0.000000,1.000000,0.000000,-1.000000
0.032984548,4,124,union,256,1,1.000000,1.000000,1.000000,{"1":1},1.000000,0.000000,0.000000,0.000000,1.000000,0.000000,-1.000000
0.032984548,4,124,snapshot,256,258,1.000000,1.000000,1.000000,{"1":257,"2":1},0.996124,0.003876,0.000000,0.000000,0.996124,0.003876,1.000000
0.032984548,4,124,read_only,1024,1,1.000000,1.000000,1.000000,{"1":1},1.000000,0.000000,0.000000,0.000000,1.000000,0.000000,-1.000000
0.032984548,4,124,union,1024,1,1.000000,1.000000,1.000000,{"1":1},1.000000,0.000000,0.000000,0.000000,1.000000,0.000000,-1.000000
0.032984548,4,124,snapshot,1024,258,1.000000,1.000000,1.000000,{"1":257,"2":1},0.996124,0.003876,0.000000,0.000000,0.996124,0.003876,1.000000
0.032984548,4,124,read_only,4096,1,1.000000,1.000000,1.000000,{"1":1},1.000000,0.000000,0.000000,0.000000,1.000000,0.000000,-1.000000
0.032984548,4,124,union,4096,1,1.000000,1.000000,1.000000,{"1":1},1.000000,0.000000,0.000000,0.000000,1.000000,0.000000,-1.000000
0.032984548,4,124,snapshot,4096,258,1.000000,1.000000,1.000000,{"1":257,"2":1},0.996124,0.003876,0.000000,0.000000,0.996124,0.003876,1.000000
0.032984548,4,124,read_only,16384,1,1.000000,1.000000,1.000000,{"1":1},1.000000,0.000000,0.000000,0.000000,1.000000,0.000000,-1.000000
0.032984548,4,124,union,16384,1,1.000000,1.000000,1.000000,{"1":1},1.000000,0.000000,0.000000,0.000000,1.000000,0.000000,-1.000000
0.032984548,4,124,snapshot,16384,82,0.878049,0.953252,0.878049,{"1":257,"2":1},0.878049,0.097561,0.024390,0.000000,0.878049,0.000000,0.000000
0.033235842,4,125,snapshot,64,258,1.000000,1.000000,1.000000,{"1":257,"2":1},0.996124,0.003876,0.000000,0.000000,0.996124,0.003876,1.000000
0.033235842,4,125,snapshot,256,258,1.000000,1.000000,1.000000,{"1":257,"2":1},0.996124,0.003876,0.000000,0.000000,0.996124,0.003876,1.000000
0.033235842,4,125,snapshot,1024,258,1.000000,1.000000,1.000000,{"1":257,"2":1},0.996124,0.003876,0.000000,0.000000,0.996124,0.003876,1.000000
0.033235842,4,125,snapshot,4096,258,1.000000,1.000000,1.000000,{"1":257,"2":1},0.996124,0.003876,0.000000,0.000000,0.996124,0.003876,1.000000
0.033235842,4,125,snapshot,16384,82,0.878049,0.953252,0.878049,{"1":257,"2":1},0.878049,0.097561,0.024390,0.000000,0.878049,0.000000,0.000000
0.033768179,4,127,read_only,64,2,1.000000,1.000000,1.000000,{"1":2},1.000000,0.000000,0.000000,0.000000,1.000000,0.000000,-1.000000
0.033768179,4,127,union,64,2,1.000000,1.000000,1.000000,{"1":2},1.000000,0.000000,0.000000,0.000000,1.000000,0.000000,-1.000000
0.033768179,4,127,read_only,256,2,1.000000,1.000000,1.000000,{"1":2},1.000000,0.000000,0.000000,0.000000,1.000000,0.000000,-1.000000
0.033768179,4,127,union,256,2,1.000000,1.000000,1.000000,{"1":2},1.000000,0.000000,0.000000,0.000000,1.000000,0.000000,-1.000000
0.033768179,4,127,read_only,1024,2,1.000000,1.000000,1.000000,{"1":2},1.000000,0.000000,0.000000,0.000000,1.000000,0.000000,-1.000000
0.033768179,4,127,union,1024,2,1.000000,1.000000,1.000000,{"1":2},1.000000,0.000000,0.000000,0.000000,1.000000,0.000000,-1.000000
0.033768179,4,127,read_only,4096,2,1.000000,1.000000,1.000000,{"1":2},1.000000,0.000000,0.000000,0.000000,1.000000,0.000000,-1.000000
0.033768179,4,127,union,4096,2,1.000000,1.000000,1.000000,{"1":2},1.000000,0.000000,0.000000,0.000000,1.000000,0.000000,-1.000000
0.033768179,4,127,read_only,16384,2,1.000000,1.000000,1.000000,{"1":2},1.000000,0.000000,0.000000,0.000000,1.000000,0.000000,-1.000000
0.033768179,4,127,union,16384,2,1.000000,1.000000,1.000000,{"1":2},1.000000,0.000000,0.000000,0.000000,1.000000,0.000000,-1.000000
0.034002497,4,128,read_only,64,8,1.000000,1.000000,1.000000,{"1":8},1.000000,0.000000,0.000000,0.000000,1.000000,0.000000,-1.000000
0.034002497,4,128,union,64,8,1.000000,1.000000,1.000000,{"1":8},1.000000,0.000000,0.000000,0.000000,1.000000,0.000000,-1.000000
0.034002497,4,128,snapshot,64,8,1.000000,1.000000,1.000000,{"1":8},1.000000,0.000000,0.000000,0.000000,1.000000,0.000000,-1.000000
0.034002497,4,128,read_only,256,8,1.000000,1.000000,1.000000,{"1":8},1.000000,0.000000,0.000000,0.000000,1.000000,0.000000,-1.000000
0.034002497,4,128,union,256,8,1.000000,1.000000,1.000000,{"1":8},1.000000,0.000000,0.000000,0.000000,1.000000,0.000000,-1.000000
0.034002497,4,128,snapshot,256,8,1.000000,1.000000,1.000000,{"1":8},1.000000,0.000000,0.000000,0.000000,1.000000,0.000000,-1.000000
0.034002497,4,128,read_only,1024,8,1.000000,1.000000,1.000000,{"1":8},1.000000,0.000000,0.000000,0.000000,1.000000,0.000000,-1.000000
0.034002497,4,128,union,1024,8,1.000000,1.000000,1.000000,{"1":8},1.000000,0.000000,0.000000,0.000000,1.000000,0.000000,-1.000000
0.034002497,4,128,snapshot,1024,8,1.000000,1.000000,1.000000,{"1":8},1.000000,0.000000,0.000000,0.000000,1.000000,0.000000,-1.000000
0.034002497,4,128,read_only,4096,8,1.000000,1.000000,1.000000,{"1":8},1.000000,0.000000,0.000000,0.000000,1.000000,0.000000,-1.000000
0.034002497,4,128,union,4096,8,1.000000,1.000000,1.000000,{"1":8},1.000000,0.000000,0.000000,0.000000,1.000000,0.000000,-1.000000
0.034002497,4,128,snapshot,4096,8,1.000000,1.000000,1.000000,{"1":8},1.000000,0.000000,0.000000,0.000000,1.000000,0.000000,-1.000000
0.034002497,4,128,read_only,16384,3,1.000000,1.000000,1.000000,{"1":8},1.000000,0.000000,0.000000,0.000000,1.000000,0.000000,-1.000000
0.034002497,4,128,union,16384,3,1.000000,1.000000,1.000000,{"1":8},1.000000,0.000000,0.000000,0.000000,1.000000,0.000000,-1.000000
0.034002497,4,128,snapshot,16384,3,1.000000,1.000000,1.000000,{"1":8},1.000000,0.000000,0.000000,0.000000,1.000000,0.000000,-1.000000
0.034297472,4,129,snapshot,64,8,1.000000,1.000000,1.000000,{"1":8},1.000000,0.000000,0.000000,0.000000,1.000000,0.000000,-1.000000
0.034297472,4,129,snapshot,256,8,1.000000,1.000000,1.000000,{"1":8},1.000000,0.000000,0.000000,0.000000,1.000000,0.000000,-1.000000
0.034297472,4,129,snapshot,1024,8,1.000000,1.000000,1.000000,{"1":8},1.000000,0.000000,0.000000,0.000000,1.000000,0.000000,-1.000000
0.034297472,4,129,snapshot,4096,8,1.000000,1.000000,1.000000,{"1":8},1.000000,0.000000,0.000000,0.000000,1.000000,0.000000,-1.000000
0.034297472,4,129,snapshot,16384,3,1.000000,1.000000,1.000000,{"1":8},1.000000,0.000000,0.000000,0.000000,1.000000,0.000000,-1.000000
0.034542879,4,130,read_only,64,3,1.000000,1.000000,1.000000,{"1":3},1.000000,0.000000,0.000000,0.000000,1.000000,0.000000,-1.000000
0.034542879,4,130,union,64,3,1.000000,1.000000,1.000000,{"1":3},1.000000,0.000000,0.000000,0.000000,1.000000,0.000000,-1.000000
0.034542879,4,130,snapshot,64,11,1.000000,1.000000,1.000000,{"1":11},1.000000,0.000000,0.000000,0.000000,1.000000,0.000000,-1.000000
0.034542879,4,130,read_only,256,3,1.000000,1.000000,1.000000,{"1":3},1.000000,0.000000,0.000000,0.000000,1.000000,0.000000,-1.000000
0.034542879,4,130,union,256,3,1.000000,1.000000,1.000000,{"1":3},1.000000,0.000000,0.000000,0.000000,1.000000,0.000000,-1.000000
0.034542879,4,130,snapshot,256,11,1.000000,1.000000,1.000000,{"1":11},1.000000,0.000000,0.000000,0.000000,1.000000,0.000000,-1.000000
0.034542879,4,130,read_only,1024,3,1.000000,1.000000,1.000000,{"1":3},1.000000,0.000000,0.000000,0.000000,1.000000,0.000000,-1.000000
0.034542879,4,130,union,1024,3,1.000000,1.000000,1.000000,{"1":3},1.000000,0.000000,0.000000,0.000000,1.000000,0.000000,-1.000000
0.034542879,4,130,snapshot,1024,11,1.000000,1.000000,1.000000,{"1":11},1.000000,0.000000,0.000000,0.000000,1.000000,0.000000,-1.000000
0.034542879,4,130,read_only,4096,3,1.000000,1.000000,1.000000,{"1":3},1.000000,0.000000,0.000000,0.000000,1.000000,0.000000,-1.000000
0.034542879,4,130,union,4096,3,1.000000,1.000000,1.000000,{"1":3},1.000000,0.000000,0.000000,0.000000,1.000000,0.000000,-1.000000
0.034542879,4,130,snapshot,4096,11,1.000000,1.000000,1.000000,{"1":11},1.000000,0.000000,0.000000,0.000000,1.000000,0.000000,-1.000000
0.034542879,4,130,read_only,16384,2,1.000000,1.000000,1.000000,{"1":3},1.000000,0.000000,0.000000,0.000000,1.000000,0.000000,-1.000000
0.034542879,4,130,union,16384,2,1.000000,1.000000,1.000000,{"1":3},1.000000,0.000000,0.000000,0.000000,1.000000,0.000000,-1.000000
0.034542879,4,130,snapshot,16384,5,1.000000,1.000000,1.000000,{"1":11},1.000000,0.000000,0.000000,0.000000,1.000000,0.000000,-1.000000
0.034785300,4,131,snapshot,64,11,1.000000,1.000000,1.000000,{"1":11},1.000000,0.000000,0.000000,0.000000,1.000000,0.000000,-1.000000
0.034785300,4,131,snapshot,256,11,1.000000,1.000000,1.000000,{"1":11},1.000000,0.000000,0.000000,0.000000,1.000000,0.000000,-1.000000
0.034785300,4,131,snapshot,1024,11,1.000000,1.000000,1.000000,{"1":11},1.000000,0.000000,0.000000,0.000000,1.000000,0.000000,-1.000000
0.034785300,4,131,snapshot,4096,11,1.000000,1.000000,1.000000,{"1":11},1.000000,0.000000,0.000000,0.000000,1.000000,0.000000,-1.000000
0.034785300,4,131,snapshot,16384,5,1.000000,1.000000,1.000000,{"1":11},1.000000,0.000000,0.000000,0.000000,1.000000,0.000000,-1.000000
0.035049014,4,132,read_only,64,1,1.000000,1.000000,1.000000,{"1":1},1.000000,0.000000,0.000000,0.000000,1.000000,0.000000,-1.000000
0.035049014,4,132,union,64,1,1.000000,1.000000,1.000000,{"1":1},1.000000,0.000000,0.000000,0.000000,1.000000,0.000000,-1.000000
0.035049014,4,132,snapshot,64,12,1.000000,1.000000,1.000000,{"1":12},1.000000,0.000000,0.000000,0.000000,1.000000,0.000000,-1.000000
0.035049014,4,132,read_only,256,1,1.000000,1.000000,1.000000,{"1":1},1.000000,0.000000,0.000000,0.000000,1.000000,0.000000,-1.000000
0.035049014,4,132,union,256,1,1.000000,1.000000,1.000000,{"1":1},1.000000,0.000000,0.000000,0.000000,1.000000,0.000000,-1.000000
0.035049014,4,132,snapshot,256,12,1.000000,1.000000,1.000000,{"1":12},1.000000,0.000000,0.000000,0.000000,1.000000,0.000000,-1.000000
0.035049014,4,132,read_only,1024,1,1.000000,1.000000,1.000000,{"1":1},1.000000,0.000000,0.000000,0.000000,1.000000,0.000000,-1.000000
0.035049014,4,132,union,1024,1,1.000000,1.000000,1.000000,{"1":1},1.000000,0.000000,0.000000,0.000000,1.000000,0.000000,-1.000000
0.035049014,4,132,snapshot,1024,12,1.000000,1.000000,1.000000,{"1":12},1.000000,0.000000,0.000000,0.000000,1.000000,0.000000,-1.000000
0.035049014,4,132,read_only,4096,1,1.000000,1.000000,1.000000,{"1":1},1.000000,0.000000,0.000000,0.000000,1.000000,0.000000,-1.000000
0.035049014,4,132,union,4096,1,1.000000,1.000000,1.000000,{"1":1},1.000000,0.000000,0.000000,0.000000,1.000000,0.000000,-1.000000
0.035049014,4,132,snapshot,4096,12,1.000000,1.000000,1.000000,{"1":12},1.000000,0.000000,0.000000,0.000000,1.000000,0.000000,-1.000000
0.035049014,4,132,read_only,16384,1,1.000000,1.000000,1.000000,{"1":1},1.000000,0.000000,0.000000,0.000000,1.000000,0.000000,-1.000000
0.035049014,4,132,union,16384,1,1.000000,1.000000,1.000000,{"1":1},1.000000,0.000000,0.000000,0.000000,1.000000,0.000000,-1.000000
0.035049014,4,132,snapshot,16384,6,1.000000,1.000000,1.000000,{"1":12},1.000000,0.000000,0.000000,0.000000,1.000000,0.000000,-1.000000
0.035328287,4,133,read_only,64,2,1.000000,1.000000,1.000000,{"1":2},1.000000,0.000000,0.000000,0.000000,1.000000,0.000000,-1.000000
0.035328287,4,133,union,64,2,1.000000,1.000000,1.000000,{"1":2},1.000000,0.000000,0.000000,0.000000,1.000000,0.000000,-1.000000
0.035328287,4,133,snapshot,64,14,1.000000,1.000000,1.000000,{"1":14},1.000000,0.000000,0.000000,0.000000,1.000000,0.000000,-1.000000
0.035328287,4,133,read_only,256,2,1.000000,1.000000,1.000000,{"1":2},1.000000,0.000000,0.000000,0.000000,1.000000,0.000000,-1.000000
0.035328287,4,133,union,256,2,1.000000,1.000000,1.000000,{"1":2},1.000000,0.000000,0.000000,0.000000,1.000000,0.000000,-1.000000
0.035328287,4,133,snapshot,256,14,1.000000,1.000000,1.000000,{"1":14},1.000000,0.000000,0.000000,0.000000,1.000000,0.000000,-1.000000
0.035328287,4,133,read_only,1024,2,1.000000,1.000000,1.000000,{"1":2},1.000000,0.000000,0.000000,0.000000,1.000000,0.000000,-1.000000
0.035328287,4,133,union,1024,2,1.000000,1.000000,1.000000,{"1":2},1.000000,0.000000,0.000000,0.000000,1.000000,0.000000,-1.000000
0.035328287,4,133,snapshot,1024,14,1.000000,1.000000,1.000000,{"1":14},1.000000,0.000000,0.000000,0.000000,1.000000,0.000000,-1.000000
0.035328287,4,133,read_only,4096,2,1.000000,1.000000,1.000000,{"1":2},1.000000,0.000000,0.000000,0.000000,1.000000,0.000000,-1.000000
0.035328287,4,133,union,4096,2,1.000000,1.000000,1.000000,{"1":2},1.000000,0.000000,0.000000,0.000000,1.000000,0.000000,-1.000000
0.035328287,4,133,snapshot,4096,14,1.000000,1.000000,1.000000,{"1":14},1.000000,0.000000,0.000000,0.000000,1.000000,0.000000,-1.000000
0.035328287,4,133,read_only,16384,1,1.000000,1.000000,1.000000,{"1":2},1.000000,0.000000,0.000000,0.000000,1.000000,0.000000,-1.000000
0.035328287,4,133,union,16384,1,1.000000,1.000000,1.000000,{"1":2},1.000000,0.000000,0.000000,0.000000,1.000000,0.000000,-1.000000
0.035328287,4,133,snapshot,16384,7,1.000000,1.000000,1.000000,{"1":14},1.000000,0.000000,0.000000,0.000000,1.000000,0.000000,-1.000000
0.035561327,4,134,snapshot,64,14,1.000000,1.000000,1.000000,{"1":14},1.000000,0.000000,0.000000,0.000000,1.000000,0.000000,-1.000000
0.035561327,4,134,snapshot,256,14,1.000000,1.000000,1.000000,{"1":14},1.000000,0.000000,0.000000,0.000000,1.000000,0.000000,-1.000000
0.035561327,4,134,snapshot,1024,14,1.000000,1.000000,1.000000,{"1":14},1.000000,0.000000,0.000000,0.000000,1.000000,0.000000,-1.000000
0.035561327,4,134,snapshot,4096,14,1.000000,1.000000,1.000000,{"1":14},1.000000,0.000000,0.000000,0.000000,1.000000,0.000000,-1.000000
0.035561327,4,134,snapshot,16384,7,1.000000,1.000000,1.000000,{"1":14},1.000000,0.000000,0.000000,0.000000,1.000000,0.000000,-1.000000
0.035796057,4,135,snapshot,64,14,1.000000,1.000000,1.000000,{"1":14},1.000000,0.000000,0.000000,0.000000,1.000000,0.000000,-1.000000
0.035796057,4,135,snapshot,256,14,1.000000,1.000000,1.000000,{"1":14},1.000000,0.000000,0.000000,0.000000,1.000000,0.000000,-1.000000
0.035796057,4,135,snapshot,1024,14,1.000000,1.000000,1.000000,{"1":14},1.000000,0.000000,0.000000,0.000000,1.000000,0.000000,-1.000000
0.035796057,4,135,snapshot,4096,14,1.000000,1.000000,1.000000,{"1":14},1.000000,0.000000,0.000000,0.000000,1.000000,0.000000,-1.000000
0.035796057,4,135,snapshot,16384,7,1.000000,1.000000,1.000000,{"1":14},1.000000,0.000000,0.000000,0.000000,1.000000,0.000000,-1.000000
0.036089690,4,136,snapshot,64,14,1.000000,1.000000,1.000000,{"1":14},1.000000,0.000000,0.000000,0.000000,1.000000,0.000000,-1.000000
0.036089690,4,136,snapshot,256,14,1.000000,1.000000,1.000000,{"1":14},1.000000,0.000000,0.000000,0.000000,1.000000,0.000000,-1.000000
0.036089690,4,136,snapshot,1024,14,1.000000,1.000000,1.000000,{"1":14},1.000000,0.000000,0.000000,0.000000,1.000000,0.000000,-1.000000
0.036089690,4,136,snapshot,4096,14,1.000000,1.000000,1.000000,{"1":14},1.000000,0.000000,0.000000,0.000000,1.000000,0.000000,-1.000000
0.036089690,4,136,snapshot,16384,7,1.000000,1.000000,1.000000,{"1":14},1.000000,0.000000,0.000000,0.000000,1.000000,0.000000,-1.000000
0.036332456,4,137,read_only,64,2,1.000000,1.000000,1.000000,{"1":2},1.000000,0.000000,0.000000,0.000000,1.000000,0.000000,-1.000000
0.036332456,4,137,union,64,2,1.000000,1.000000,1.000000,{"1":2},1.000000,0.000000,0.000000,0.000000,1.000000,0.000000,-1.000000
0.036332456,4,137,snapshot,64,16,1.000000,1.000000,1.000000,{"1":16},1.000000,0.000000,0.000000,0.000000,1.000000,0.000000,-1.000000
0.036332456,4,137,read_only,256,2,1.000000,1.000000,1.000000,{"1":2},1.000000,0.000000,0.000000,0.000000,1.000000,0.000000,-1.000000
0.036332456,4,137,union,256,2,1.000000,1.000000,1.000000,{"1":2},1.000000,0.000000,0.000000,0.000000,1.000000,0.000000,-1.000000
0.036332456,4,137,snapshot,256,16,1.000000,1.000000,1.000000,{"1":16},1.000000,0.000000,0.000000,0.000000,1.000000,0.000000,-1.000000
0.036332456,4,137,read_only,1024,2,1.000000,1.000000,1.000000,{"1":2},1.000000,0.000000,0.000000,0.000000,1.000000,0.000000,-1.000000
0.036332456,4,137,union,1024,2,1.000000,1.000000,1.000000,{"1":2},1.000000,0.000000,0.000000,0.000000,1.000000,0.000000,-1.000000
0.036332456,4,137,snapshot,1024,16,1.000000,1.000000,1.000000,{"1":16},1.000000,0.000000,0.000000,0.000000,1.000000,0.000000,-1.000000
0.036332456,4,137,read_only,4096,2,1.000000,1.000000,1.000000,{"1":2},1.000000,0.000000,0.000000,0.000000,1.000000,0.000000,-1.000000
0.036332456,4,137,union,4096,2,1.000000,1.000000,1.000000,{"1":2},1.000000,0.000000,0.000000,0.000000,1.000000,0.000000,-1.000000
0.036332456,4,137,snapshot,4096,16,1.000000,1.000000,1.000000,{"1":16},1.000000,0.000000,0.000000,0.000000,1.000000,0.000000,-1.000000
0.036332456,4,137,read_only,16384,1,1.000000,1.000000,1.000000,{"1":2},1.000000,0.000000,0.000000,0.000000,1.000000,0.000000,-1.000000
0.036332456,4,137,union,16384,1,1.000000,1.000000,1.000000,{"1":2},1.000000,0.000000,0.000000,0.000000,1.000000,0.000000,-1.000000
0.036332456,4,137,snapshot,16384,8,1.000000,1.000000,1.000000,{"1":16},1.000000,0.000000,0.000000,0.000000,1.000000,0.000000,-1.000000
0.036570592,4,138,read_only,64,4,1.000000,1.000000,1.000000,{"1":4},1.000000,0.000000,0.000000,0.000000,1.000000,0.000000,-1.000000
0.036570592,4,138,union,64,4,1.000000,1.000000,1.000000,{"1":4},1.000000,0.000000,0.000000,0.000000,1.000000,0.000000,-1.000000
0.036570592,4,138,snapshot,64,20,1.000000,1.000000,1.000000,{"1":20},1.000000,0.000000,0.000000,0.000000,1.000000,0.000000,-1.000000
0.036570592,4,138,read_only,256,4,1.000000,1.000000,1.000000,{"1":4},1.000000,0.000000,0.000000,0.000000,1.000000,0.000000,-1.000000
0.036570592,4,138,union,256,4,1.000000,1.000000,1.000000,{"1":4},1.000000,0.000000,0.000000,0.000000,1.000000,0.000000,-1.000000
0.036570592,4,138,snapshot,256,20,1.000000,1.000000,1.000000,{"1":20},1.000000,0.000000,0.000000,0.000000,1.000000,0.000000,-1.000000
0.036570592,4,138,read_only,1024,4,1.000000,1.000000,1.000000,{"1":4},1.000000,0.000000,0.000000,0.000000,1.000000,0.000000,-1.000000
0.036570592,4,138,union,1024,4,1.000000,1.000000,1.000000,{"1":4},1.000000,0.000000,0.000000,0.000000,1.000000,0.000000,-1.000000
0.036570592,4,138,snapshot,1024,20,1.000000,1.000000,1.000000,{"1":20},1.000000,0.000000,0.000000,0.000000,1.000000,0.000000,-1.000000
0.036570592,4,138,read_only,4096,4,1.000000,1.000000,1.000000,{"1":4},1.000000,0.000000,0.000000,0.000000,1.000000,0.000000,-1.000000
0.036570592,4,138,union,4096,4,1.000000,1.000000,1.000000,{"1":4},1.000000,0.000000,0.000000,0.000000,1.000000,0.000000,-1.000000
0.036570592,4,138,snapshot,4096,20,1.000000,1.000000,1.000000,{"1":20},1.000000,0.000000,0.000000,0.000000,1.000000,0.000000,-1.000000
0.036570592,4,138,read_only,16384,2,1.000000,1.000000,1.000000,{"1":4},1.000000,0.000000,0.000000,0.000000,1.000000,0.000000,-1.000000
0.036570592,4,138,union,16384,2,1.000000,1.000000,1.000000,{"1":4},1.000000,0.000000,0.000000,0.000000,1.000000,0.000000,-1.000000
0.036570592,4,138,snapshot,16384,10,1.000000,1.000000,1.000000,{"1":20},1.000000,0.000000,0.000000,0.000000,1.000000,0.000000,-1.000000
0.037596642,4,142,read_only,64,8,1.000000,1.000000,1.000000,{"1":8},1.000000,0.000000,0.000000,0.000000,1.000000,0.000000,-1.000000
0.037596642,4,142,union,64,8,1.000000,1.000000,1.000000,{"1":8},1.000000,0.000000,0.000000,0.000000,1.000000,0.000000,-1.000000
0.037596642,4,142,snapshot,64,8,1.000000,1.000000,1.000000,{"1":8},1.000000,0.000000,0.000000,0.000000,1.000000,0.000000,-1.000000
0.037596642,4,142,read_only,256,8,1.000000,1.000000,1.000000,{"1":8},1.000000,0.000000,0.000000,0.000000,1.000000,0.000000,-1.000000
0.037596642,4,142,union,256,8,1.000000,1.000000,1.000000,{"1":8},1.000000,0.000000,0.000000,0.000000,1.000000,0.000000,-1.000000
0.037596642,4,142,snapshot,256,8,1.000000,1.000000,1.000000,{"1":8},1.000000,0.000000,0.000000,0.000000,1.000000,0.000000,-1.000000
0.037596642,4,142,read_only,1024,8,1.000000,1.000000,1.000000,{"1":8},1.000000,0.000000,0.000000,0.000000,1.000000,0.000000,-1.000000
0.037596642,4,142,union,1024,8,1.000000,1.000000,1.000000,{"1":8},1.000000,0.000000,0.000000,0.000000,1.000000,0.000000,-1.000000
0.037596642,4,142,snapshot,1024,8,1.000000,1.000000,1.000000,{"1":8},1.000000,0.000000,0.000000,0.000000,1.000000,0.000000,-1.000000
0.037596642,4,142,read_only,4096,8,1.000000,1.000000,1.000000,{"1":8},1.000000,0.000000,0.000000,0.000000,1.000000,0.000000,-1.000000
0.037596642,4,142,union,4096,8,1.000000,1.000000,1.000000,{"1":8},1.000000,0.000000,0.000000,0.000000,1.000000,0.000000,-1.000000
0.037596642,4,142,snapshot,4096,8,1.000000,1.000000,1.000000,{"1":8},1.000000,0.000000,0.000000,0.000000,1.000000,0.000000,-1.000000
0.037596642,4,142,read_only,16384,3,1.000000,1.000000,1.000000,{"1":8},1.000000,0.000000,0.000000,0.000000,1.000000,0.000000,-1.000000
0.037596642,4,142,union,16384,3,1.000000,1.000000,1.000000,{"1":8},1.000000,0.000000,0.000000,0.000000,1.000000,0.000000,-1.000000
0.037596642,4,142,snapshot,16384,3,1.000000,1.000000,1.000000,{"1":8},1.000000,0.000000,0.000000,0.000000,1.000000,0.000000,-1.000000
0.037846944,4,143,snapshot,64,8,1.000000,1.000000,1.000000,{"1":8},1.000000,0.000000,0.000000,0.000000,1.000000,0.000000,-1.000000
0.037846944,4,143,snapshot,256,8,1.000000,1.000000,1.000000,{"1":8},1.000000,0.000000,0.000000,0.000000,1.000000,0.000000,-1.000000
0.037846944,4,143,snapshot,1024,8,1.000000,1.000000,1.000000,{"1":8},1.000000,0.000000,0.000000,0.000000,1.000000,0.000000,-1.000000
0.037846944,4,143,snapshot,4096,8,1.000000,1.000000,1.000000,{"1":8},1.000000,0.000000,0.000000,0.000000,1.000000,0.000000,-1.000000
0.037846944,4,143,snapshot,16384,3,1.000000,1.000000,1.000000,{"1":8},1.000000,0.000000,0.000000,0.000000,1.000000,0.000000,-1.000000
0.038107045,4,144,snapshot,64,8,1.000000,1.000000,1.000000,{"1":8},1.000000,0.000000,0.000000,0.000000,1.000000,0.000000,-1.000000
0.038107045,4,144,snapshot,256,8,1.000000,1.000000,1.000000,{"1":8},1.000000,0.000000,0.000000,0.000000,1.000000,0.000000,-1.000000
0.038107045,4,144,snapshot,1024,8,1.000000,1.000000,1.000000,{"1":8},1.000000,0.000000,0.000000,0.000000,1.000000,0.000000,-1.000000
0.038107045,4,144,snapshot,4096,8,1.000000,1.000000,1.000000,{"1":8},1.000000,0.000000,0.000000,0.000000,1.000000,0.000000,-1.000000
0.038107045,4,144,snapshot,16384,3,1.000000,1.000000,1.000000,{"1":8},1.000000,0.000000,0.000000,0.000000,1.000000,0.000000,-1.000000
0.038383912,4,145,read_only,64,1,1.000000,1.000000,1.000000,{"1":1},1.000000,0.000000,0.000000,0.000000,1.000000,0.000000,-1.000000
0.038383912,4,145,union,64,1,1.000000,1.000000,1.000000,{"1":1},1.000000,0.000000,0.000000,0.000000,1.000000,0.000000,-1.000000
0.038383912,4,145,snapshot,64,9,1.000000,1.000000,1.000000,{"1":9},1.000000,0.000000,0.000000,0.000000,1.000000,0.000000,-1.000000
0.038383912,4,145,read_only,256,1,1.000000,1.000000,1.000000,{"1":1},1.000000,0.000000,0.000000,0.000000,1.000000,0.000000,-1.000000
0.038383912,4,145,union,256,1,1.000000,1.000000,1.000000,{"1":1},1.000000,0.000000,0.000000,0.000000,1.000000,0.000000,-1.000000
0.038383912,4,145,snapshot,256,9,1.000000,1.000000,1.000000,{"1":9},1.000000,0.000000,0.000000,0.000000,1.000000,0.000000,-1.000000
0.038383912,4,145,read_only,1024,1,1.000000,1.000000,1.000000,{"1":1},1.000000,0.000000,0.000000,0.000000,1.000000,0.000000,-1.000000
0.038383912,4,145,union,1024,1,1.000000,1.000000,1.000000,{"1":1},1.000000,0.000000,0.000000,0.000000,1.000000,0.000000,-1.000000
0.038383912,4,145,snapshot,1024,9,1.000000,1.000000,1.000000,{"1":9},1.000000,0.000000,0.000000,0.000000,1.000000,0.000000,-1.000000
0.038383912,4,145,read_only,4096,1,1.000000,1.000000,1.000000,{"1":1},1.000000,0.000000,0.000000,0.000000,1.000000,0.000000,-1.000000
0.038383912,4,145,union,4096,1,1.000000,1.000000,1.000000,{"1":1},1.000000,0.000000,0.000000,0.000000,1.000000,0.000000,-1.000000
0.038383912,4,145,snapshot,4096,9,1.000000,1.000000,1.000000,{"1":9},1.000000,0.000000,0.000000,0.000000,1.000000,0.000000,-1.000000
0.038383912,4,145,read_only,16384,1,1.000000,1.000000,1.000000,{"1":1},1.000000,0.000000,0.000000,0.000000,1.000000,0.000000,-1.000000
0.038383912,4,145,union,16384,1,1.000000,1.000000,1.000000,{"1":1},1.000000,0.000000,0.000000,0.000000,1.000000,0.000000,-1.000000
0.038383912,4,145,snapshot,16384,4,1.000000,1.000000,1.000000,{"1":9},1.000000,0.000000,0.000000,0.000000,1.000000,0.000000,-1.000000
0.038619942,4,146,read_only,64,1,1.000000,1.000000,1.000000,{"1":1},1.000000,0.000000,0.000000,0.000000,1.000000,0.000000,-1.000000
0.038619942,4,146,union,64,1,1.000000,1.000000,1.000000,{"1":1},1.000000,0.000000,0.000000,0.000000,1.000000,0.000000,-1.000000
0.038619942,4,146,snapshot,64,10,1.000000,1.000000,1.000000,{"1":10},1.000000,0.000000,0.000000,0.000000,1.000000,0.000000,-1.000000
0.038619942,4,146,read_only,256,1,1.000000,1.000000,1.000000,{"1":1},1.000000,0.000000,0.000000,0.000000,1.000000,0.000000,-1.000000
0.038619942,4,146,union,256,1,1.000000,1.000000,1.000000,{"1":1},1.000000,0.000000,0.000000,0.000000,1.000000,0.000000,-1.000000
0.038619942,4,146,snapshot,256,10,1.000000,1.000000,1.000000,{"1":10},1.000000,0.000000,0.000000,0.000000,1.000000,0.000000,-1.000000
0.038619942,4,146,read_only,1024,1,1.000000,1.000000,1.000000,{"1":1},1.000000,0.000000,0.000000,0.000000,1.000000,0.000000,-1.000000
0.038619942,4,146,union,1024,1,1.000000,1.000000,1.000000,{"1":1},1.000000,0.000000,0.000000,0.000000,1.000000,0.000000,-1.000000
0.038619942,4,146,snapshot,1024,10,1.000000,1.000000,1.000000,{"1":10},1.000000,0.000000,0.000000,0.000000,1.000000,0.000000,-1.000000
0.038619942,4,146,read_only,4096,1,1.000000,1.000000,1.000000,{"1":1},1.000000,0.000000,0.000000,0.000000,1.000000,0.000000,-1.000000
0.038619942,4,146,union,4096,1,1.000000,1.000000,1.000000,{"1":1},1.000000,0.000000,0.000000,0.000000,1.000000,0.000000,-1.000000
0.038619942,4,146,snapshot,4096,10,1.000000,1.000000,1.000000,{"1":10},1.000000,0.000000,0.000000,0.000000,1.000000,0.000000,-1.000000
0.038619942,4,146,read_only,16384,1,1.000000,1.000000,1.000000,{"1":1},1.000000,0.000000,0.000000,0.000000,1.000000,0.000000,-1.000000
0.038619942,4,146,union,16384,1,1.000000,1.000000,1.000000,{"1":1},1.000000,0.000000,0.000000,0.000000,1.000000,0.000000,-1.000000
0.038619942,4,146,snapshot,16384,5,1.000000,1.000000,1.000000,{"1":10},1.000000,0.000000,0.000000,0.000000,1.000000,0.000000,-1.000000
0.038850426,4,147,snapshot,64,10,1.000000,1.000000,1.000000,{"1":10},1.000000,0.000000,0.000000,0.000000,1.000000,0.000000,-1.000000
0.038850426,4,147,snapshot,256,10,1.000000,1.000000,1.000000,{"1":10},1.000000,0.000000,0.000000,0.000000,1.000000,0.000000,-1.000000
0.038850426,4,147,snapshot,1024,10,1.000000,1.000000,1.000000,{"1":10},1.000000,0.000000,0.000000,0.000000,1.000000,0.000000,-1.000000
0.038850426,4,147,snapshot,4096,10,1.000000,1.000000,1.000000,{"1":10},1.000000,0.000000,0.000000,0.000000,1.000000,0.000000,-1.000000
0.038850426,4,147,snapshot,16384,5,1.000000,1.000000,1.000000,{"1":10},1.000000,0.000000,0.000000,0.000000,1.000000,0.000000,-1.000000
0.039174845,4,148,read_only,64,8,1.000000,1.000000,1.000000,{"1":8},1.000000,0.000000,0.000000,0.000000,1.000000,0.000000,-1.000000
0.039174845,4,148,union,64,8,1.000000,1.000000,1.000000,{"1":8},1.000000,0.000000,0.000000,0.000000,1.000000,0.000000,-1.000000
0.039174845,4,148,snapshot,64,18,1.000000,1.000000,1.000000,{"1":18},1.000000,0.000000,0.000000,0.000000,1.000000,0.000000,-1.000000
0.039174845,4,148,read_only,256,8,1.000000,1.000000,1.000000,{"1":8},1.000000,0.000000,0.000000,0.000000,1.000000,0.000000,-1.000000
0.039174845,4,148,union,256,8,1.000000,1.000000,1.000000,{"1":8},1.000000,0.000000,0.000000,0.000000,1.000000,0.000000,-1.000000
0.039174845,4,148,snapshot,256,18,1.000000,1.000000,1.000000,{"1":18},1.000000,0.000000,0.000000,0.000000,1.000000,0.000000,-1.000000
0.039174845,4,148,read_only,1024,8,1.000000,1.000000,1.000000,{"1":8},1.000000,0.000000,0.000000,0.000000,1.000000,0.000000,-1.000000
0.039174845,4,148,union,1024,8,1.000000,1.000000,1.000000,{"1":8},1.000000,0.000000,0.000000,0.000000,1.000000,0.000000,-1.000000
0.039174845,4,148,snapshot,1024,18,1.000000,1.000000,1.000000,{"1":18},1.000000,0.000000,0.000000,0.000000,1.000000,0.000000,-1.000000
0.039174845,4,148,read_only,4096,8,1.000000,1.000000,1.000000,{"1":8},1.000000,0.000000,0.000000,0.000000,1.000000,0.000000,-1.000000
0.039174845,4,148,union,4096,8,1.000000,1.000000,1.000000,{"1":8},1.000000,0.000000,0.000000,0.000000,1.000000,0.000000,-1.000000
0.039174845,4,148,snapshot,4096,18,1.000000,1.000000,1.000000,{"1":18},1.000000,0.000000,0.000000,0.000000,1.000000,0.000000,-1.000000
0.039174845,4,148,read_only,16384,3,0.333333,0.722222,0.333333,{"1":8},0.333333,0.666667,0.000000,0.000000,0.333333,0.000000,0.000000
0.039174845,4,148,union,16384,3,0.333333,0.722222,0.333333,{"1":8},0.333333,0.666667,0.000000,0.000000,0.333333,0.000000,0.000000
0.039174845,4,148,snapshot,16384,8,0.750000,0.895833,0.750000,{"1":18},0.750000,0.250000,0.000000,0.000000,0.750000,0.000000,0.000000
0.039409037,4,149,snapshot,64,18,1.000000,1.000000,1.000000,{"1":18},1.000000,0.000000,0.000000,0.000000,1.000000,0.000000,-1.000000
0.039409037,4,149,snapshot,256,18,1.000000,1.000000,1.000000,{"1":18},1.000000,0.000000,0.000000,0.000000,1.000000,0.000000,-1.000000
0.039409037,4,149,snapshot,1024,18,1.000000,1.000000,1.000000,{"1":18},1.000000,0.000000,0.000000,0.000000,1.000000,0.000000,-1.000000
0.039409037,4,149,snapshot,4096,18,1.000000,1.000000,1.000000,{"1":18},1.000000,0.000000,0.000000,0.000000,1.000000,0.000000,-1.000000
0.039409037,4,149,snapshot,16384,8,0.750000,0.895833,0.750000,{"1":18},0.750000,0.250000,0.000000,0.000000,0.750000,0.000000,0.000000
0.039721857,4,150,read_only,64,5,1.000000,1.000000,1.000000,{"1":5},1.000000,0.000000,0.000000,0.000000,1.000000,0.000000,-1.000000
0.039721857,4,150,union,64,5,1.000000,1.000000,1.000000,{"1":5},1.000000,0.000000,0.000000,0.000000,1.000000,0.000000,-1.000000
0.039721857,4,150,snapshot,64,23,1.000000,1.000000,1.000000,{"1":23},1.000000,0.000000,0.000000,0.000000,1.000000,0.000000,-1.000000
0.039721857,4,150,read_only,256,5,1.000000,1.000000,1.000000,{"1":5},1.000000,0.000000,0.000000,0.000000,1.000000,0.000000,-1.000000
0.039721857,4,150,union,256,5,1.000000,1.000000,1.000000,{"1":5},1.000000,0.000000,0.000000,0.000000,1.000000,0.000000,-1.000000
0.039721857,4,150,snapshot,256,23,1.000000,1.000000,1.000000,{"1":23},1.000000,0.000000,0.000000,0.000000,1.000000,0.000000,-1.000000
0.039721857,4,150,read_only,1024,5,1.000000,1.000000,1.000000,{"1":5},1.000000,0.000000,0.000000,0.000000,1.000000,0.000000,-1.000000
0.039721857,4,150,union,1024,5,1.000000,1.000000,1.000000,{"1":5},1.000000,0.000000,0.000000,0.000000,1.000000,0.000000,-1.000000
0.039721857,4,150,snapshot,1024,23,1.000000,1.000000,1.000000,{"1":23},1.000000,0.000000,0.000000,0.000000,1.000000,0.000000,-1.000000
0.039721857,4,150,read_only,4096,5,1.000000,1.000000,1.000000,{"1":5},1.000000,0.000000,0.000000,0.000000,1.000000,0.000000,-1.000000
0.039721857,4,150,union,4096,5,1.000000,1.000000,1.000000,{"1":5},1.000000,0.000000,0.000000,0.000000,1.000000,0.000000,-1.000000
0.039721857,4,150,snapshot,4096,23,1.000000,1.000000,1.000000,{"1":23},1.000000,0.000000,0.000000,0.000000,1.000000,0.000000,-1.000000
0.039721857,4,150,read_only,16384,3,1.000000,1.000000,1.000000,{"1":5},1.000000,0.000000,0.000000,0.000000,1.000000,0.000000,-1.000000
0.039721857,4,150,union,16384,3,1.000000,1.000000,1.000000,{"1":5},1.000000,0.000000,0.000000,0.000000,1.000000,0.000000,-1.000000
0.039721857,4,150,snapshot,16384,10,0.800000,0.916667,0.800000,{"1":23},0.800000,0.200000,0.000000,0.000000,0.800000,0.000000,0.000000
0.039977856,4,151,read_only,64,4,1.000000,1.000000,1.000000,{"1":4},1.000000,0.000000,0.000000,0.000000,1.000000,0.000000,-1.000000
0.039977856,4,151,union,64,4,1.000000,1.000000,1.000000,{"1":4},1.000000,0.000000,0.000000,0.000000,1.000000,0.000000,-1.000000
0.039977856,4,151,read_only,256,4,1.000000,1.000000,1.000000,{"1":4},1.000000,0.000000,0.000000,0.000000,1.000000,0.000000,-1.000000
0.039977856,4,151,union,256,4,1.000000,1.000000,1.000000,{"1":4},1.000000,0.000000,0.000000,0.000000,1.000000,0.000000,-1.000000
0.039977856,4,151,read_only,1024,4,1.000000,1.000000,1.000000,{"1":4},1.000000,0.000000,0.000000,0.000000,1.000000,0.000000,-1.000000
0.039977856,4,151,union,1024,4,1.000000,1.000000,1.000000,{"1":4},1.000000,0.000000,0.000000,0.000000,1.000000,0.000000,-1.000000
0.039977856,4,151,read_only,4096,4,1.000000,1.000000,1.000000,{"1":4},1.000000,0.000000,0.000000,0.000000,1.000000,0.000000,-1.000000
0.039977856,4,151,union,4096,4,1.000000,1.000000,1.000000,{"1":4},1.000000,0.000000,0.000000,0.000000,1.000000,0.000000,-1.000000
0.039977856,4,151,read_only,16384,1,1.000000,1.000000,1.000000,{"1":4},1.000000,0.000000,0.000000,0.000000,1.000000,0.000000,-1.000000
0.039977856,4,151,union,16384,1,1.000000,1.000000,1.000000,{"1":4},1.000000,0.000000,0.000000,0.000000,1.000000,0.000000,-1.000000
0.040510542,4,153,read_only,64,4,1.000000,1.000000,1.000000,{"1":4},1.000000,0.000000,0.000000,0.000000,1.000000,0.000000,-1.000000
0.040510542,4,153,union,64,4,1.000000,1.000000,1.000000,{"1":4},1.000000,0.000000,0.000000,0.000000,1.000000,0.000000,-1.000000
0.040510542,4,153,snapshot,64,4,1.000000,1.000000,1.000000,{"1":4},1.000000,0.000000,0.000000,0.000000,1.000000,0.000000,-1.000000
0.040510542,4,153,read_only,256,4,1.000000,1.000000,1.000000,{"1":4},1.000000,0.000000,0.000000,0.000000,1.000000,0.000000,-1.000000
0.040510542,4,153,union,256,4,1.000000,1.000000,1.000000,{"1":4},1.000000,0.000000,0.000000,0.000000,1.000000,0.000000,-1.000000
0.040510542,4,153,snapshot,256,4,1.000000,1.000000,1.000000,{"1":4},1.000000,0.000000,0.000000,0.000000,1.000000,0.000000,-1.000000
0.040510542,4,153,read_only,1024,4,1.000000,1.000000,1.000000,{"1":4},1.000000,0.000000,0.000000,0.000000,1.000000,0.000000,-1.000000
0.040510542,4,153,union,1024,4,1.000000,1.000000,1.000000,{"1":4},1.000000,0.000000,0.000000,0.000000,1.000000,0.000000,-1.000000
0.040510542,4,153,snapshot,1024,4,1.000000,1.000000,1.000000,{"1":4},1.000000,0.000000,0.000000,0.000000,1.000000,0.000000,-1.000000
0.040510542,4,153,read_only,4096,4,1.000000,1.000000,1.000000,{"1":4},1.000000,0.000000,0.000000,0.000000,1.000000,0.000000,-1.000000
0.040510542,4,153,union,4096,4,1.000000,1.000000,1.000000,{"1":4},1.000000,0.000000,0.000000,0.000000,1.000000,0.000000,-1.000000
0.040510542,4,153,snapshot,4096,4,1.000000,1.000000,1.000000,{"1":4},1.000000,0.000000,0.000000,0.000000,1.000000,0.000000,-1.000000
0.040510542,4,153,read_only,16384,2,1.000000,1.000000,1.000000,{"1":4},1.000000,0.000000,0.000000,0.000000,1.000000,0.000000,-1.000000
0.040510542,4,153,union,16384,2,1.000000,1.000000,1.000000,{"1":4},1.000000,0.000000,0.000000,0.000000,1.000000,0.000000,-1.000000
0.040510542,4,153,snapshot,16384,2,1.000000,1.000000,1.000000,{"1":4},1.000000,0.000000,0.000000,0.000000,1.000000,0.000000,-1.000000
0.040768461,4,154,read_only,64,9,1.000000,1.000000,1.000000,{"1":9},1.000000,0.000000,0.000000,0.000000,1.000000,0.000000,-1.000000
0.040768461,4,154,union,64,9,1.000000,1.000000,1.000000,{"1":9},1.000000,0.000000,0.000000,0.000000,1.000000,0.000000,-1.000000
0.040768461,4,154,snapshot,64,13,1.000000,1.000000,1.000000,{"1":13},1.000000,0.000000,0.000000,0.000000,1.000000,0.000000,-1.000000
0.040768461,4,154,read_only,256,9,1.000000,1.000000,1.000000,{"1":9},1.000000,0.000000,0.000000,0.000000,1.000000,0.000000,-1.000000
0.040768461,4,154,union,256,9,1.000000,1.000000,1.000000,{"1":9},1.000000,0.000000,0.000000,0.000000,1.000000,0.000000,-1.000000
0.040768461,4,154,snapshot,256,13,1.000000,1.000000,1.000000,{"1":13},1.000000,0.000000,0.000000,0.000000,1.000000,0.000000,-1.000000
0.040768461,4,154,read_only,1024,9,1.000000,1.000000,1.000000,{"1":9},1.000000,0.000000,0.000000,0.000000,1.000000,0.000000,-1.000000
0.040768461,4,154,union,1024,9,1.000000,1.000000,1.000000,{"1":9},1.000000,0.000000,0.000000,0.000000,1.000000,0.000000,-1.000000
0.040768461,4,154,snapshot,1024,13,1.000000,1.000000,1.000000,{"1":13},1.000000,0.000000,0.000000,0.000000,1.000000,0.000000,-1.000000
0.040768461,4,154,read_only,4096,9,1.000000,1.000000,1.000000,{"1":9},1.000000,0.000000,0.000000,0.000000,1.000000,0.000000,-1.000000
0.040768461,4,154,union,4096,9,1.000000,1.000000,1.000000,{"1":9},1.000000,0.000000,0.000000,0.000000,1.000000,0.000000,-1.000000
0.040768461,4,154,snapshot,4096,13,1.000000,1.000000,1.000000,{"1":13},1.000000,0.000000,0.000000,0.000000,1.000000,0.000000,-1.000000
0.040768461,4,154,read_only,16384,3,0.333333,0.722222,0.333333,{"1":9},0.333333,0.666667,0.000000,0.000000,0.333333,0.000000,0.000000
0.040768461,4,154,union,16384,3,0.333333,0.722222,0.333333,{"1":9},0.333333,0.666667,0.000000,0.000000,0.333333,0.000000,0.000000
0.040768461,4,154,snapshot,16384,5,0.600000,0.833333,0.600000,{"1":13},0.600000,0.400000,0.000000,0.000000,0.600000,0.000000,0.000000
0.041034790,4,155,snapshot,64,13,1.000000,1.000000,1.000000,{"1":13},1.000000,0.000000,0.000000,0.000000,1.000000,0.000000,-1.000000
0.041034790,4,155,snapshot,256,13,1.000000,1.000000,1.000000,{"1":13},1.000000,0.000000,0.000000,0.000000,1.000000,0.000000,-1.000000
0.041034790,4,155,snapshot,1024,13,1.000000,1.000000,1.000000,{"1":13},1.000000,0.000000,0.000000,0.000000,1.000000,0.000000,-1.000000
0.041034790,4,155,snapshot,4096,13,1.000000,1.000000,1.000000,{"1":13},1.000000,0.000000,0.000000,0.000000,1.000000,0.000000,-1.000000
0.041034790,4,155,snapshot,16384,5,0.600000,0.833333,0.600000,{"1":13},0.600000,0.400000,0.000000,0.000000,0.600000,0.000000,0.000000
0.041294701,4,156,snapshot,64,13,1.000000,1.000000,1.000000,{"1":13},1.000000,0.000000,0.000000,0.000000,1.000000,0.000000,-1.000000
0.041294701,4,156,snapshot,256,13,1.000000,1.000000,1.000000,{"1":13},1.000000,0.000000,0.000000,0.000000,1.000000,0.000000,-1.000000
0.041294701,4,156,snapshot,1024,13,1.000000,1.000000,1.000000,{"1":13},1.000000,0.000000,0.000000,0.000000,1.000000,0.000000,-1.000000
0.041294701,4,156,snapshot,4096,13,1.000000,1.000000,1.000000,{"1":13},1.000000,0.000000,0.000000,0.000000,1.000000,0.000000,-1.000000
0.041294701,4,156,snapshot,16384,5,0.600000,0.833333,0.600000,{"1":13},0.600000,0.400000,0.000000,0.000000,0.600000,0.000000,0.000000
0.041572138,4,157,read_only,64,1,1.000000,1.000000,1.000000,{"1":1},1.000000,0.000000,0.000000,0.000000,1.000000,0.000000,-1.000000
0.041572138,4,157,union,64,1,1.000000,1.000000,1.000000,{"1":1},1.000000,0.000000,0.000000,0.000000,1.000000,0.000000,-1.000000
0.041572138,4,157,snapshot,64,14,1.000000,1.000000,1.000000,{"1":14},1.000000,0.000000,0.000000,0.000000,1.000000,0.000000,-1.000000
0.041572138,4,157,read_only,256,1,1.000000,1.000000,1.000000,{"1":1},1.000000,0.000000,0.000000,0.000000,1.000000,0.000000,-1.000000
0.041572138,4,157,union,256,1,1.000000,1.000000,1.000000,{"1":1},1.000000,0.000000,0.000000,0.000000,1.000000,0.000000,-1.000000
0.041572138,4,157,snapshot,256,14,1.000000,1.000000,1.000000,{"1":14},1.000000,0.000000,0.000000,0.000000,1.000000,0.000000,-1.000000
0.041572138,4,157,read_only,1024,1,1.000000,1.000000,1.000000,{"1":1},1.000000,0.000000,0.000000,0.000000,1.000000,0.000000,-1.000000
0.041572138,4,157,union,1024,1,1.000000,1.000000,1.000000,{"1":1},1.000000,0.000000,0.000000,0.000000,1.000000,0.000000,-1.000000
0.041572138,4,157,snapshot,1024,14,1.000000,1.000000,1.000000,{"1":14},1.000000,0.000000,0.000000,0.000000,1.000000,0.000000,-1.000000
0.041572138,4,157,read_only,4096,1,1.000000,1.000000,1.000000,{"1":1},1.000000,0.000000,0.000000,0.000000,1.000000,0.000000,-1.000000
0.041572138,4,157,union,4096,1,1.000000,1.000000,1.000000,{"1":1},1.000000,0.000000,0.000000,0.000000,1.000000,0.000000,-1.000000
0.041572138,4,157,snapshot,4096,14,1.000000,1.000000,1.000000,{"1":14},1.000000,0.000000,0.000000,0.000000,1.000000,0.000000,-1.000000
0.041572138,4,157,read_only,16384,1,1.000000,1.000000,1.000000,{"1":1},1.000000,0.000000,0.000000,0.000000,1.000000,0.000000,-1.000000
0.041572138,4,157,union,16384,1,1.000000,1.000000,1.000000,{"1":1},1.000000,0.000000,0.000000,0.000000,1.000000,0.000000,-1.000000
0.041572138,4,157,snapshot,16384,6,0.666667,0.861111,0.666667,{"1":14},0.666667,0.333333,0.000000,0.000000,0.666667,0.000000,0.000000
0.041809210,4,158,read_only,64,17,1.000000,1.000000,1.000000,{"1":17},1.000000,0.000000,0.000000,0.000000,1.000000,0.000000,-1.000000
0.041809210,4,158,union,64,17,1.000000,1.000000,1.000000,{"1":17},1.000000,0.000000,0.000000,0.000000,1.000000,0.000000,-1.000000
0.041809210,4,158,snapshot,64,31,1.000000,1.000000,1.000000,{"1":31},1.000000,0.000000,0.000000,0.000000,1.000000,0.000000,-1.000000
0.041809210,4,158,read_only,256,17,1.000000,1.000000,1.000000,{"1":17},1.000000,0.000000,0.000000,0.000000,1.000000,0.000000,-1.000000
0.041809210,4,158,union,256,17,1.000000,1.000000,1.000000,{"1":17},1.000000,0.000000,0.000000,0.000000,1.000000,0.000000,-1.000000
0.041809210,4,158,snapshot,256,31,1.000000,1.000000,1.000000,{"1":31},1.000000,0.000000,0.000000,0.000000,1.000000,0.000000,-1.000000
0.041809210,4,158,read_only,1024,17,1.000000,1.000000,1.000000,{"1":17},1.000000,0.000000,0.000000,0.000000,1.000000,0.000000,-1.000000
0.041809210,4,158,union,1024,17,1.000000,1.000000,1.000000,{"1":17},1.000000,0.000000,0.000000,0.000000,1.000000,0.000000,-1.000000
0.041809210,4,158,snapshot,1024,31,1.000000,1.000000,1.000000,{"1":31},1.000000,0.000000,0.000000,0.000000,1.000000,0.000000,-1.000000
0.041809210,4,158,read_only,4096,17,1.000000,1.000000,1.000000,{"1":17},1.000000,0.000000,0.000000,0.000000,1.000000,0.000000,-1.000000
0.041809210,4,158,union,4096,17,1.000000,1.000000,1.000000,{"1":17},1.000000,0.000000,0.000000,0.000000,1.000000,0.000000,-1.000000
0.041809210,4,158,snapshot,4096,31,1.000000,1.000000,1.000000,{"1":31},1.000000,0.000000,0.000000,0.000000,1.000000,0.000000,-1.000000
0.041809210,4,158,read_only,16384,6,0.833333,0.958333,0.833333,{"1":17},0.833333,0.166667,0.000000,0.000000,0.833333,0.000000,0.000000
0.041809210,4,158,union,16384,6,0.833333,0.958333,0.833333,{"1":17},0.833333,0.166667,0.000000,0.000000,0.833333,0.000000,0.000000
0.041809210,4,158,snapshot,16384,12,0.750000,0.909722,0.750000,{"1":31},0.750000,0.250000,0.000000,0.000000,0.750000,0.000000,0.000000
0.042041852,4,159,read_only,64,17,1.000000,1.000000,1.000000,{"1":17},1.000000,0.000000,0.000000,0.000000,1.000000,0.000000,-1.000000
0.042041852,4,159,union,64,17,1.000000,1.000000,1.000000,{"1":17},1.000000,0.000000,0.000000,0.000000,1.000000,0.000000,-1.000000
0.042041852,4,159,snapshot,64,48,1.000000,1.000000,1.000000,{"1":48},1.000000,0.000000,0.000000,0.000000,1.000000,0.000000,-1.000000
0.042041852,4,159,read_only,256,17,1.000000,1.000000,1.000000,{"1":17},1.000000,0.000000,0.000000,0.000000,1.000000,0.000000,-1.000000
0.042041852,4,159,union,256,17,1.000000,1.000000,1.000000,{"1":17},1.000000,0.000000,0.000000,0.000000,1.000000,0.000000,-1.000000
0.042041852,4,159,snapshot,256,48,1.000000,1.000000,1.000000,{"1":48},1.000000,0.000000,0.000000,0.000000,1.000000,0.000000,-1.000000
0.042041852,4,159,read_only,1024,17,1.000000,1.000000,1.000000,{"1":17},1.000000,0.000000,0.000000,0.000000,1.000000,0.000000,-1.000000
0.042041852,4,159,union,1024,17,1.000000,1.000000,1.000000,{"1":17},1.000000,0.000000,0.000000,0.000000,1.000000,0.000000,-1.000000
0.042041852,4,159,snapshot,1024,48,1.000000,1.000000,1.000000,{"1":48},1.000000,0.000000,0.000000,0.000000,1.000000,0.000000,-1.000000
0.042041852,4,159,read_only,4096,17,1.000000,1.000000,1.000000,{"1":17},1.000000,0.000000,0.000000,0.000000,1.000000,0.000000,-1.000000
0.042041852,4,159,union,4096,17,1.000000,1.000000,1.000000,{"1":17},1.000000,0.000000,0.000000,0.000000,1.000000,0.000000,-1.000000
0.042041852,4,159,snapshot,4096,48,1.000000,1.000000,1.000000,{"1":48},1.000000,0.000000,0.000000,0.000000,1.000000,0.000000,-1.000000
0.042041852,4,159,read_only,16384,6,0.833333,0.916667,0.833333,{"1":17},0.833333,0.166667,0.000000,0.000000,0.833333,0.000000,0.000000
0.042041852,4,159,union,16384,6,0.833333,0.916667,0.833333,{"1":17},0.833333,0.166667,0.000000,0.000000,0.833333,0.000000,0.000000
0.042041852,4,159,snapshot,16384,18,0.777778,0.912037,0.777778,{"1":48},0.777778,0.222222,0.000000,0.000000,0.777778,0.000000,0.000000
0.042411396,4,160,read_only,64,23,1.000000,1.000000,1.000000,{"1":23},1.000000,0.000000,0.000000,0.000000,1.000000,0.000000,-1.000000
0.042411396,4,160,union,64,23,1.000000,1.000000,1.000000,{"1":23},1.000000,0.000000,0.000000,0.000000,1.000000,0.000000,-1.000000
0.042411396,4,160,snapshot,64,71,1.000000,1.000000,1.000000,{"1":71},1.000000,0.000000,0.000000,0.000000,1.000000,0.000000,-1.000000
0.042411396,4,160,read_only,256,23,1.000000,1.000000,1.000000,{"1":23},1.000000,0.000000,0.000000,0.000000,1.000000,0.000000,-1.000000
0.042411396,4,160,union,256,23,1.000000,1.000000,1.000000,{"1":23},1.000000,0.000000,0.000000,0.000000,1.000000,0.000000,-1.000000
0.042411396,4,160,snapshot,256,71,1.000000,1.000000,1.000000,{"1":71},1.000000,0.000000,0.000000,0.000000,1.000000,0.000000,-1.000000
0.042411396,4,160,read_only,1024,23,1.000000,1.000000,1.000000,{"1":23},1.000000,0.000000,0.000000,0.000000,1.000000,0.000000,-1.000000
0.042411396,4,160,union,1024,23,1.000000,1.000000,1.000000,{"1":23},1.000000,0.000000,0.000000,0.000000,1.000000,0.000000,-1.000000
0.042411396,4,160,snapshot,1024,71,1.000000,1.000000,1.000000,{"1":71},1.000000,0.000000,0.000000,0.000000,1.000000,0.000000,-1.000000
0.042411396,4,160,read_only,4096,23,1.000000,1.000000,1.000000,{"1":23},1.000000,0.000000,0.000000,0.000000,1.000000,0.000000,-1.000000
0.042411396,4,160,union,4096,23,1.000000,1.000000,1.000000,{"1":23},1.000000,0.000000,0.000000,0.000000,1.000000,0.000000,-1.000000
0.042411396,4,160,snapshot,4096,71,1.000000,1.000000,1.000000,{"1":71},1.000000,0.000000,0.000000,0.000000,1.000000,0.000000,-1.000000
0.042411396,4,160,read_only,16384,9,0.555556,0.805556,0.555556,{"1":23},0.555556,0.444444,0.000000,0.000000,0.555556,0.000000,0.000000
0.042411396,4,160,union,16384,9,0.555556,0.805556,0.555556,{"1":23},0.555556,0.444444,0.000000,0.000000,0.555556,0.000000,0.000000
0.042411396,4,160,snapshot,16384,25,0.680000,0.876667,0.680000,{"1":71},0.680000,0.320000,0.000000,0.000000,0.680000,0.000000,0.000000
0.042640797,4,161,snapshot,64,71,1.000000,1.000000,1.000000,{"1":71},1.000000,0.000000,0.000000,0.000000,1.000000,0.000000,-1.000000
0.042640797,4,161,snapshot,256,71,1.000000,1.000000,1.000000,{"1":71},1.000000,0.000000,0.000000,0.000000,1.000000,0.000000,-1.000000
0.042640797,4,161,snapshot,1024,71,1.000000,1.000000,1.000000,{"1":71},1.000000,0.000000,0.000000,0.000000,1.000000,0.000000,-1.000000
0.042640797,4,161,snapshot,4096,71,1.000000,1.000000,1.000000,{"1":71},1.000000,0.000000,0.000000,0.000000,1.000000,0.000000,-1.000000
0.042640797,4,161,snapshot,16384,25,0.680000,0.876667,0.680000,{"1":71},0.680000,0.320000,0.000000,0.000000,0.680000,0.000000,0.000000
0.042912212,4,162,read_only,64,1,1.000000,1.000000,1.000000,{"1":1},1.000000,0.000000,0.000000,0.000000,1.000000,0.000000,-1.000000
0.042912212,4,162,union,64,1,1.000000,1.000000,1.000000,{"1":1},1.000000,0.000000,0.000000,0.000000,1.000000,0.000000,-1.000000
0.042912212,4,162,snapshot,64,72,1.000000,1.000000,1.000000,{"1":72},1.000000,0.000000,0.000000,0.000000,1.000000,0.000000,-1.000000
0.042912212,4,162,read_only,256,1,1.000000,1.000000,1.000000,{"1":1},1.000000,0.000000,0.000000,0.000000,1.000000,0.000000,-1.000000
0.042912212,4,162,union,256,1,1.000000,1.000000,1.000000,{"1":1},1.000000,0.000000,0.000000,0.000000,1.000000,0.000000,-1.000000
0.042912212,4,162,snapshot,256,72,1.000000,1.000000,1.000000,{"1":72},1.000000,0.000000,0.000000,0.000000,1.000000,0.000000,-1.000000
0.042912212,4,162,read_only,1024,1,1.000000,1.000000,1.000000,{"1":1},1.000000,0.000000,0.000000,0.000000,1.000000,0.000000,-1.000000
0.042912212,4,162,union,1024,1,1.000000,1.000000,1.000000,{"1":1},1.000000,0.000000,0.000000,0.000000,1.000000,0.000000,-1.000000
0.042912212,4,162,snapshot,1024,72,1.000000,1.000000,1.000000,{"1":72},1.000000,0.000000,0.000000,0.000000,1.000000,0.000000,-1.000000
0.042912212,4,162,read_only,4096,1,1.000000,1.000000,1.000000,{"1":1},1.000000,0.000000,0.000000,0.000000,1.000000,0.000000,-1.000000
0.042912212,4,162,union,4096,1,1.000000,1.000000,1.000000,{"1":1},1.000000,0.000000,0.000000,0.000000,1.000000,0.000000,-1.000000
0.042912212,4,162,snapshot,4096,72,1.000000,1.000000,1.000000,{"1":72},1.000000,0.000000,0.000000,0.000000,1.000000,0.000000,-1.000000
0.042912212,4,162,read_only,16384,1,1.000000,1.000000,1.000000,{"1":1},1.000000,0.000000,0.000000,0.000000,1.000000,0.000000,-1.000000
0.042912212,4,162,union,16384,1,1.000000,1.000000,1.000000,{"1":1},1.000000,0.000000,0.000000,0.000000,1.000000,0.000000,-1.000000
0.042912212,4,162,snapshot,16384,25,0.680000,0.883333,0.680000,{"1":72},0.680000,0.320000,0.000000,0.000000,0.680000,0.000000,0.000000
0.043206385,4,163,read_only,64,10,1.000000,1.000000,1.000000,{"1":10},1.000000,0.000000,0.000000,0.000000,1.000000,0.000000,-1.000000
0.043206385,4,163,union,64,10,1.000000,1.000000,1.000000,{"1":10},1.000000,0.000000,0.000000,0.000000,1.000000,0.000000,-1.000000
0.043206385,4,163,read_only,256,10,1.000000,1.000000,1.000000,{"1":10},1.000000,0.000000,0.000000,0.000000,1.000000,0.000000,-1.000000
0.043206385,4,163,union,256,10,1.000000,1.000000,1.000000,{"1":10},1.000000,0.000000,0.000000,0.000000,1.000000,0.000000,-1.000000
0.043206385,4,163,read_only,1024,10,1.000000,1.000000,1.000000,{"1":10},1.000000,0.000000,0.000000,0.000000,1.000000,0.000000,-1.000000
0.043206385,4,163,union,1024,10,1.000000,1.000000,1.000000,{"1":10},1.000000,0.000000,0.000000,0.000000,1.000000,0.000000,-1.000000
0.043206385,4,163,read_only,4096,10,1.000000,1.000000,1.000000,{"1":10},1.000000,0.000000,0.000000,0.000000,1.000000,0.000000,-1.000000
0.043206385,4,163,union,4096,10,1.000000,1.000000,1.000000,{"1":10},1.000000,0.000000,0.000000,0.000000,1.000000,0.000000,-1.000000
0.043206385,4,163,read_only,16384,4,0.500000,0.812500,0.500000,{"1":10},0.500000,0.500000,0.000000,0.000000,0.500000,0.000000,0.000000
0.043206385,4,163,union,16384,4,0.500000,0.812500,0.500000,{"1":10},0.500000,0.500000,0.000000,0.000000,0.500000,0.000000,0.000000
0.043821604,4,165,read_only,64,23,1.000000,1.000000,1.000000,{"1":23},1.000000,0.000000,0.000000,0.000000,1.000000,0.000000,-1.000000
0.043821604,4,165,union,64,23,1.000000,1.000000,1.000000,{"1":23},1.000000,0.000000,0.000000,0.000000,1.000000,0.000000,-1.000000
0.043821604,4,165,snapshot,64,23,1.000000,1.000000,1.000000,{"1":23},1.000000,0.000000,0.000000,0.000000,1.000000,0.000000,-1.000000
0.043821604,4,165,read_only,256,23,1.000000,1.000000,1.000000,{"1":23},1.000000,0.000000,0.000000,0.000000,1.000000,0.000000,-1.000000
0.043821604,4,165,union,256,23,1.000000,1.000000,1.000000,{"1":23},1.000000,0.000000,0.000000,0.000000,1.000000,0.000000,-1.000000
0.043821604,4,165,snapshot,256,23,1.000000,1.000000,1.000000,{"1":23},1.000000,0.000000,0.000000,0.000000,1.000000,0.000000,-1.000000
0.043821604,4,165,read_only,1024,23,1.000000,1.000000,1.000000,{"1":23},1.000000,0.000000,0.000000,0.000000,1.000000,0.000000,-1.000000
0.043821604,4,165,union,1024,23,1.000000,1.000000,1.000000,{"1":23},1.000000,0.000000,0.000000,0.000000,1.000000,0.000000,-1.000000
0.043821604,4,165,snapshot,1024,23,1.000000,1.000000,1.000000,{"1":23},1.000000,0.000000,0.000000,0.000000,1.000000,0.000000,-1.000000
0.043821604,4,165,read_only,4096,23,1.000000,1.000000,1.000000,{"1":23},1.000000,0.000000,0.000000,0.000000,1.000000,0.000000,-1.000000
0.043821604,4,165,union,4096,23,1.000000,1.000000,1.000000,{"1":23},1.000000,0.000000,0.000000,0.000000,1.000000,0.000000,-1.000000
0.043821604,4,165,snapshot,4096,23,1.000000,1.000000,1.000000,{"1":23},1.000000,0.000000,0.000000,0.000000,1.000000,0.000000,-1.000000
0.043821604,4,165,read_only,16384,9,0.555556,0.879630,0.555556,{"1":23},0.555556,0.444444,0.000000,0.000000,0.555556,0.000000,0.000000
0.043821604,4,165,union,16384,9,0.555556,0.879630,0.555556,{"1":23},0.555556,0.444444,0.000000,0.000000,0.555556,0.000000,0.000000
0.043821604,4,165,snapshot,16384,9,0.555556,0.879630,0.555556,{"1":23},0.555556,0.444444,0.000000,0.000000,0.555556,0.000000,0.000000
0.044139182,4,166,read_only,64,132,1.000000,1.000000,1.000000,{"1":132},1.000000,0.000000,0.000000,0.000000,1.000000,0.000000,-1.000000
0.044139182,4,166,union,64,132,1.000000,1.000000,1.000000,{"1":132},1.000000,0.000000,0.000000,0.000000,1.000000,0.000000,-1.000000
0.044139182,4,166,snapshot,64,155,1.000000,1.000000,1.000000,{"1":155},1.000000,0.000000,0.000000,0.000000,1.000000,0.000000,-1.000000
0.044139182,4,166,read_only,256,132,1.000000,1.000000,1.000000,{"1":132},1.000000,0.000000,0.000000,0.000000,1.000000,0.000000,-1.000000
0.044139182,4,166,union,256,132,1.000000,1.000000,1.000000,{"1":132},1.000000,0.000000,0.000000,0.000000,1.000000,0.000000,-1.000000
0.044139182,4,166,snapshot,256,155,1.000000,1.000000,1.000000,{"1":155},1.000000,0.000000,0.000000,0.000000,1.000000,0.000000,-1.000000
0.044139182,4,166,read_only,1024,132,1.000000,1.000000,1.000000,{"1":132},1.000000,0.000000,0.000000,0.000000,1.000000,0.000000,-1.000000
0.044139182,4,166,union,1024,132,1.000000,1.000000,1.000000,{"1":132},1.000000,0.000000,0.000000,0.000000,1.000000,0.000000,-1.000000
0.044139182,4,166,snapshot,1024,155,1.000000,1.000000,1.000000,{"1":155},1.000000,0.000000,0.000000,0.000000,1.000000,0.000000,-1.000000
0.044139182,4,166,read_only,4096,132,1.000000,1.000000,1.000000,{"1":132},1.000000,0.000000,0.000000,0.000000,1.000000,0.000000,-1.000000
0.044139182,4,166,union,4096,132,1.000000,1.000000,1.000000,{"1":132},1.000000,0.000000,0.000000,0.000000,1.000000,0.000000,-1.000000
0.044139182,4,166,snapshot,4096,155,1.000000,1.000000,1.000000,{"1":155},1.000000,0.000000,0.000000,0.000000,1.000000,0.000000,-1.000000
0.044139182,4,166,read_only,16384,35,0.971429,0.992857,0.971429,{"1":132},0.971429,0.028571,0.000000,0.000000,0.971429,0.000000,0.000000
0.044139182,4,166,union,16384,35,0.971429,0.992857,0.971429,{"1":132},0.971429,0.028571,0.000000,0.000000,0.971429,0.000000,0.000000
0.044139182,4,166,snapshot,16384,44,0.886364,0.969697,0.886364,{"1":155},0.886364,0.113636,0.000000,0.000000,0.886364,0.000000,0.000000
0.044373089,4,167,read_only,64,7,1.000000,1.000000,1.000000,{"1":7},1.000000,0.000000,0.000000,0.000000,1.000000,0.000000,-1.000000
0.044373089,4,167,union,64,7,1.000000,1.000000,1.000000,{"1":7},1.000000,0.000000,0.000000,0.000000,1.000000,0.000000,-1.000000
0.044373089,4,167,snapshot,64,162,1.000000,1.000000,1.000000,{"1":162},1.000000,0.000000,0.000000,0.000000,1.000000,0.000000,-1.000000
0.044373089,4,167,read_only,256,7,1.000000,1.000000,1.000000,{"1":7},1.000000,0.000000,0.000000,0.000000,1.000000,0.000000,-1.000000
0.044373089,4,167,union,256,7,1.000000,1.000000,1.000000,{"1":7},1.000000,0.000000,0.000000,0.000000,1.000000,0.000000,-1.000000
0.044373089,4,167,snapshot,256,162,1.000000,1.000000,1.000000,{"1":162},1.000000,0.000000,0.000000,0.000000,1.000000,0.000000,-1.000000
0.044373089,4,167,read_only,1024,7,1.000000,1.000000,1.000000,{"1":7},1.000000,0.000000,0.000000,0.000000,1.000000,0.000000,-1.000000
0.044373089,4,167,union,1024,7,1.000000,1.000000,1.000000,{"1":7},1.000000,0.000000,0.000000,0.000000,1.000000,0.000000,-1.000000
0.044373089,4,167,snapshot,1024,162,1.000000,1.000000,1.000000,{"1":162},1.000000,0.000000,0.000000,0.000000,1.000000,0.000000,-1.000000
0.044373089,4,167,read_only,4096,7,1.000000,1.000000,1.000000,{"1":7},1.000000,0.000000,0.000000,0.000000,1.000000,0.000000,-1.000000
0.044373089,4,167,union,4096,7,1.000000,1.000000,1.000000,{"1":7},1.000000,0.000000,0.000000,0.000000,1.000000,0.000000,-1.000000
0.044373089,4,167,snapshot,4096,162,1.000000,1.000000,1.000000,{"1":162},1.000000,0.000000,0.000000,0.000000,1.000000,0.000000,-1.000000
0.044373089,4,167,read_only,16384,3,1.000000,1.000000,1.000000,{"1":7},1.000000,0.000000,0.000000,0.000000,1.000000,0.000000,-1.000000
0.044373089,4,167,union,16384,3,1.000000,1.000000,1.000000,{"1":7},1.000000,0.000000,0.000000,0.000000,1.000000,0.000000,-1.000000
0.044373089,4,167,snapshot,16384,47,0.893617,0.971631,0.893617,{"1":162},0.893617,0.106383,0.000000,0.000000,0.893617,0.000000,0.000000
0.044662531,4,168,read_only,64,29,1.000000,1.000000,1.000000,{"1":29},1.000000,0.000000,0.000000,0.000000,1.000000,0.000000,-1.000000
0.044662531,4,168,union,64,29,1.000000,1.000000,1.000000,{"1":29},1.000000,0.000000,0.000000,0.000000,1.000000,0.000000,-1.000000
0.044662531,4,168,snapshot,64,191,1.000000,1.000000,1.000000,{"1":191},1.000000,0.000000,0.000000,0.000000,1.000000,0.000000,-1.000000
0.044662531,4,168,read_only,256,29,1.000000,1.000000,1.000000,{"1":29},1.000000,0.000000,0.000000,0.000000,1.000000,0.000000,-1.000000
0.044662531,4,168,union,256,29,1.000000,1.000000,1.000000,{"1":29},1.000000,0.000000,0.000000,0.000000,1.000000,0.000000,-1.000000
0.044662531,4,168,snapshot,256,191,1.000000,1.000000,1.000000,{"1":191},1.000000,0.000000,0.000000,0.000000,1.000000,0.000000,-1.000000
0.044662531,4,168,read_only,1024,29,1.000000,1.000000,1.000000,{"1":29},1.000000,0.000000,0.000000,0.000000,1.000000,0.000000,-1.000000
0.044662531,4,168,union,1024,29,1.000000,1.000000,1.000000,{"1":29},1.000000,0.000000,0.000000,0.000000,1.000000,0.000000,-1.000000
0.044662531,4,168,snapshot,1024,191,1.000000,1.000000,1.000000,{"1":191},1.000000,0.000000,0.000000,0.000000,1.000000,0.000000,-1.000000
0.044662531,4,168,read_only,4096,29,1.000000,1.000000,1.000000,{"1":29},1.000000,0.000000,0.000000,0.000000,1.000000,0.000000,-1.000000
0.044662531,4,168,union,4096,29,1.000000,1.000000,1.000000,{"1":29},1.000000,0.000000,0.000000,0.000000,1.000000,0.000000,-1.000000
0.044662531,4,168,snapshot,4096,191,1.000000,1.000000,1.000000,{"1":191},1.000000,0.000000,0.000000,0.000000,1.000000,0.000000,-1.000000
0.044662531,4,168,read_only,16384,10,1.000000,1.000000,1.000000,{"1":29},1.000000,0.000000,0.000000,0.000000,1.000000,0.000000,-1.000000
0.044662531,4,168,union,16384,10,1.000000,1.000000,1.000000,{"1":29},1.000000,0.000000,0.000000,0.000000,1.000000,0.000000,-1.000000
0.044662531,4,168,snapshot,16384,53,0.905660,0.974843,0.905660,{"1":191},0.905660,0.094340,0.000000,0.000000,0.905660,0.000000,0.000000
0.044955457,4,169,snapshot,64,191,1.000000,1.000000,1.000000,{"1":191},1.000000,0.000000,0.000000,0.000000,1.000000,0.000000,-1.000000
0.044955457,4,169,snapshot,256,191,1.000000,1.000000,1.000000,{"1":191},1.000000,0.000000,0.000000,0.000000,1.000000,0.000000,-1.000000
0.044955457,4,169,snapshot,1024,191,1.000000,1.000000,1.000000,{"1":191},1.000000,0.000000,0.000000,0.000000,1.000000,0.000000,-1.000000
0.044955457,4,169,snapshot,4096,191,1.000000,1.000000,1.000000,{"1":191},1.000000,0.000000,0.000000,0.000000,1.000000,0.000000,-1.000000
0.044955457,4,169,snapshot,16384,53,0.905660,0.974843,0.905660,{"1":191},0.905660,0.094340,0.000000,0.000000,0.905660,0.000000,0.000000
0.045288865,4,170,read_only,64,145,1.000000,1.000000,1.000000,{"1":145},1.000000,0.000000,0.000000,0.000000,1.000000,0.000000,-1.000000
0.045288865,4,170,union,64,145,1.000000,1.000000,1.000000,{"1":145},1.000000,0.000000,0.000000,0.000000,1.000000,0.000000,-1.000000
0.045288865,4,170,snapshot,64,336,1.000000,1.000000,1.000000,{"1":336},1.000000,0.000000,0.000000,0.000000,1.000000,0.000000,-1.000000
0.045288865,4,170,read_only,256,145,1.000000,1.000000,1.000000,{"1":145},1.000000,0.000000,0.000000,0.000000,1.000000,0.000000,-1.000000
0.045288865,4,170,union,256,145,1.000000,1.000000,1.000000,{"1":145},1.000000,0.000000,0.000000,0.000000,1.000000,0.000000,-1.000000
0.045288865,4,170,snapshot,256,336,1.000000,1.000000,1.000000,{"1":336},1.000000,0.000000,0.000000,0.000000,1.000000,0.000000,-1.000000
0.045288865,4,170,read_only,1024,145,1.000000,1.000000,1.000000,{"1":145},1.000000,0.000000,0.000000,0.000000,1.000000,0.000000,-1.000000
0.045288865,4,170,union,1024,145,1.000000,1.000000,1.000000,{"1":145},1.000000,0.000000,0.000000,0.000000,1.000000,0.000000,-1.000000
0.045288865,4,170,snapshot,1024,336,1.000000,1.000000,1.000000,{"1":336},1.000000,0.000000,0.000000,0.000000,1.000000,0.000000,-1.000000
0.045288865,4,170,read_only,4096,145,1.000000,1.000000,1.000000,{"1":145},1.000000,0.000000,0.000000,0.000000,1.000000,0.000000,-1.000000
0.045288865,4,170,union,4096,145,1.000000,1.000000,1.000000,{"1":145},1.000000,0.000000,0.000000,0.000000,1.000000,0.000000,-1.000000
0.045288865,4,170,snapshot,4096,336,1.000000,1.000000,1.000000,{"1":336},1.000000,0.000000,0.000000,0.000000,1.000000,0.000000,-1.000000
0.045288865,4,170,read_only,16384,37,1.000000,1.000000,1.000000,{"1":145},1.000000,0.000000,0.000000,0.000000,1.000000,0.000000,-1.000000
0.045288865,4,170,union,16384,37,1.000000,1.000000,1.000000,{"1":145},1.000000,0.000000,0.000000,0.000000,1.000000,0.000000,-1.000000
0.045288865,4,170,snapshot,16384,90,0.944444,0.985185,0.944444,{"1":336},0.944444,0.055556,0.000000,0.000000,0.944444,0.000000,0.000000
0.045544848,4,171,read_only,64,18,1.000000,1.000000,1.000000,{"1":17,"2":1},0.944444,0.055556,0.000000,0.000000,0.944444,0.055556,1.000000
0.045544848,4,171,union,64,18,1.000000,1.000000,1.000000,{"1":17,"2":1},0.944444,0.055556,0.000000,0.000000,0.944444,0.055556,1.000000
0.045544848,4,171,snapshot,64,354,1.000000,1.000000,1.000000,{"1":353,"2":1},0.997175,0.002825,0.000000,0.000000,0.997175,0.002825,1.000000
0.045544848,4,171,read_only,256,18,1.000000,1.000000,1.000000,{"1":17,"2":1},0.944444,0.055556,0.000000,0.000000,0.944444,0.055556,1.000000
0.045544848,4,171,union,256,18,1.000000,1.000000,1.000000,{"1":17,"2":1},0.944444,0.055556,0.000000,0.000000,0.944444,0.055556,1.000000
0.045544848,4,171,snapshot,256,354,1.000000,1.000000,1.000000,{"1":353,"2":1},0.997175,0.002825,0.000000,0.000000,0.997175,0.002825,1.000000
0.045544848,4,171,read_only,1024,18,1.000000,1.000000,1.000000,{"1":17,"2":1},0.944444,0.055556,0.000000,0.000000,0.944444,0.055556,1.000000
0.045544848,4,171,union,1024,18,1.000000,1.000000,1.000000,{"1":17,"2":1},0.944444,0.055556,0.000000,0.000000,0.944444,0.055556,1.000000
0.045544848,4,171,snapshot,1024,354,1.000000,1.000000,1.000000,{"1":353,"2":1},0.997175,0.002825,0.000000,0.000000,0.997175,0.002825,1.000000
0.045544848,4,171,read_only,4096,18,1.000000,1.000000,1.000000,{"1":17,"2":1},0.944444,0.055556,0.000000,0.000000,0.944444,0.055556,1.000000
0.045544848,4,171,union,4096,18,1.000000,1.000000,1.000000,{"1":17,"2":1},0.944444,0.055556,0.000000,0.000000,0.944444,0.055556,1.000000
0.045544848,4,171,snapshot,4096,354,1.000000,1.000000,1.000000,{"1":353,"2":1},0.997175,0.002825,0.000000,0.000000,0.997175,0.002825,1.000000
0.045544848,4,171,read_only,16384,6,0.666667,0.875000,0.666667,{"1":17,"2":1},0.666667,0.333333,0.000000,0.000000,0.666667,0.000000,0.000000
0.045544848,4,171,union,16384,6,0.666667,0.875000,0.666667,{"1":17,"2":1},0.666667,0.333333,0.000000,0.000000,0.666667,0.000000,0.000000
0.045544848,4,171,snapshot,16384,96,0.927083,0.978299,0.927083,{"1":353,"2":1},0.927083,0.072917,0.000000,0.000000,0.927083,0.000000,0.000000
0.045781420,4,172,read_only,64,1,1.000000,1.000000,1.000000,{"1":1},1.000000,0.000000,0.000000,0.000000,1.000000,0.000000,-1.000000
0.045781420,4,172,union,64,1,1.000000,1.000000,1.000000,{"1":1},1.000000,0.000000,0.000000,0.000000,1.000000,0.000000,-1.000000
0.045781420,4,172,snapshot,64,355,1.000000,1.000000,1.000000,{"1":354,"2":1},0.997183,0.002817,0.000000,0.000000,0.997183,0.002817,1.000000
0.045781420,4,172,read_only,256,1,1.000000,1.000000,1.000000,{"1":1},1.000000,0.000000,0.000000,0.000000,1.000000,0.000000,-1.000000
0.045781420,4,172,union,256,1,1.000000,1.000000,1.000000,{"1":1},1.000000,0.000000,0.000000,0.000000,1.000000,0.000000,-1.000000
0.045781420,4,172,snapshot,256,355,1.000000,1.000000,1.000000,{"1":354,"2":1},0.997183,0.002817,0.000000,0.000000,0.997183,0.002817,1.000000
0.045781420,4,172,read_only,1024,1,1.000000,1.000000,1.000000,{"1":1},1.000000,0.000000,0.000000,0.000000,1.000000,0.000000,-1.000000
0.045781420,4,172,union,1024,1,1.000000,1.000000,1.000000,{"1":1},1.000000,0.000000,0.000000,0.000000,1.000000,0.000000,-1.000000
0.045781420,4,172,snapshot,1024,355,1.000000,1.000000,1.000000,{"1":354,"2":1},0.997183,0.002817,0.000000,0.000000,0.997183,0.002817,1.000000
0.045781420,4,172,read_only,4096,1,1.000000,1.000000,1.000000,{"1":1},1.000000,0.000000,0.000000,0.000000,1.000000,0.000000,-1.000000
0.045781420,4,172,union,4096,1,1.000000,1.000000,1.000000,{"1":1},1.000000,0.000000,0.000000,0.000000,1.000000,0.000000,-1.000000
0.045781420,4,172,snapshot,4096,355,1.000000,1.000000,1.000000,{"1":354,"2":1},0.997183,0.002817,0.000000,0.000000,0.997183,0.002817,1.000000
0.045781420,4,172,read_only,16384,1,1.000000,1.000000,1.000000,{"1":1},1.000000,0.000000,0.000000,0.000000,1.000000,0.000000,-1.000000
0.045781420,4,172,union,16384,1,1.000000,1.000000,1.000000,{"1":1},1.000000,0.000000,0.000000,0.000000,1.000000,0.000000,-1.000000
0.045781420,4,172,snapshot,16384,96,0.927083,0.976563,0.927083,{"1":354,"2":1},0.927083,0.062500,0.010417,0.000000,0.927083,0.000000,0.000000
0.046011990,4,173,snapshot,64,355,1.000000,1.000000,1.000000,{"1":354,"2":1},0.997183,0.002817,0.000000,0.000000,0.997183,0.002817,1.000000
0.046011990,4,173,snapshot,256,355,1.000000,1.000000,1.000000,{"1":354,"2":1},0.997183,0.002817,0.000000,0.000000,0.997183,0.002817,1.000000
0.046011990,4,173,snapshot,1024,355,1.000000,1.000000,1.000000,{"1":354,"2":1},0.997183,0.002817,0.000000,0.000000,0.997183,0.002817,1.000000
0.046011990,4,173,snapshot,4096,355,1.000000,1.000000,1.000000,{"1":354,"2":1},0.997183,0.002817,0.000000,0.000000,0.997183,0.002817,1.000000
0.046011990,4,173,snapshot,16384,96,0.927083,0.976562,0.927083,{"1":354,"2":1},0.927083,0.062500,0.010417,0.000000,0.927083,0.000000,0.000000
