sim_time,gpu_id,kernel_id,view,region_size_bytes,num_regions_with_entries,strict_coalescable_ratio,avg_relaxed_ratio,full_redundant_ratio,sharer_set_cardinality_dist_json,reg_card1_ratio,reg_card2_ratio,reg_card3_ratio,reg_card4plus_ratio,coalescable_private_ratio,coalescable_shared_ratio,shared_only_strict_ratio
0.000417600,2,0,read_only,64,3,1.000000,1.000000,1.000000,{"1":3},1.000000,0.000000,0.000000,0.000000,1.000000,0.000000,-1.000000
0.000417600,2,0,union,64,3,1.000000,1.000000,1.000000,{"1":3},1.000000,0.000000,0.000000,0.000000,1.000000,0.000000,-1.000000
0.000417600,2,0,snapshot,64,3,1.000000,1.000000,1.000000,{"1":3},1.000000,0.000000,0.000000,0.000000,1.000000,0.000000,-1.000000
0.000417600,2,0,read_only,256,3,1.000000,1.000000,1.000000,{"1":3},1.000000,0.000000,0.000000,0.000000,1.000000,0.000000,-1.000000
0.000417600,2,0,union,256,3,1.000000,1.000000,1.000000,{"1":3},1.000000,0.000000,0.000000,0.000000,1.000000,0.000000,-1.000000
0.000417600,2,0,snapshot,256,3,1.000000,1.000000,1.000000,{"1":3},1.000000,0.000000,0.000000,0.000000,1.000000,0.000000,-1.000000
0.000417600,2,0,read_only,1024,3,1.000000,1.000000,1.000000,{"1":3},1.000000,0.000000,0.000000,0.000000,1.000000,0.000000,-1.000000
0.000417600,2,0,union,1024,3,1.000000,1.000000,1.000000,{"1":3},1.000000,0.000000,0.000000,0.000000,1.000000,0.000000,-1.000000
0.000417600,2,0,snapshot,1024,3,1.000000,1.000000,1.000000,{"1":3},1.000000,0.000000,0.000000,0.000000,1.000000,0.000000,-1.000000
0.000417600,2,0,read_only,4096,3,1.000000,1.000000,1.000000,{"1":3},1.000000,0.000000,0.000000,0.000000,1.000000,0.000000,-1.000000
0.000417600,2,0,union,4096,3,1.000000,1.000000,1.000000,{"1":3},1.000000,0.000000,0.000000,0.000000,1.000000,0.000000,-1.000000
0.000417600,2,0,snapshot,4096,3,1.000000,1.000000,1.000000,{"1":3},1.000000,0.000000,0.000000,0.000000,1.000000,0.000000,-1.000000
0.000417600,2,0,read_only,16384,1,0.000000,0.666667,0.000000,{"1":3},0.000000,1.000000,0.000000,0.000000,0.000000,0.000000,0.000000
0.000417600,2,0,union,16384,1,0.000000,0.666667,0.000000,{"1":3},0.000000,1.000000,0.000000,0.000000,0.000000,0.000000,0.000000
0.000417600,2,0,snapshot,16384,1,0.000000,0.666667,0.000000,{"1":3},0.000000,1.000000,0.000000,0.000000,0.000000,0.000000,0.000000
0.000655961,2,1,snapshot,64,3,1.000000,1.000000,1.000000,{"1":3},1.000000,0.000000,0.000000,0.000000,1.000000,0.000000,-1.000000
0.000655961,2,1,snapshot,256,3,1.000000,1.000000,1.000000,{"1":3},1.000000,0.000000,0.000000,0.000000,1.000000,0.000000,-1.000000
0.000655961,2,1,snapshot,1024,3,1.000000,1.000000,1.000000,{"1":3},1.000000,0.000000,0.000000,0.000000,1.000000,0.000000,-1.000000
0.000655961,2,1,snapshot,4096,3,1.000000,1.000000,1.000000,{"1":3},1.000000,0.000000,0.000000,0.000000,1.000000,0.000000,-1.000000
0.000655961,2,1,snapshot,16384,1,0.000000,0.666667,0.000000,{"1":3},0.000000,1.000000,0.000000,0.000000,0.000000,0.000000,0.000000
0.000937624,2,2,read_only,64,161,1.000000,1.000000,1.000000,{"1":161},1.000000,0.000000,0.000000,0.000000,1.000000,0.000000,-1.000000
0.000937624,2,2,union,64,161,1.000000,1.000000,1.000000,{"1":161},1.000000,0.000000,0.000000,0.000000,1.000000,0.000000,-1.000000
0.000937624,2,2,snapshot,64,164,1.000000,1.000000,1.000000,{"1":164},1.000000,0.000000,0.000000,0.000000,1.000000,0.000000,-1.000000
0.000937624,2,2,read_only,256,161,1.000000,1.000000,1.000000,{"1":161},1.000000,0.000000,0.000000,0.000000,1.000000,0.000000,-1.000000
0.000937624,2,2,union,256,161,1.000000,1.000000,1.000000,{"1":161},1.000000,0.000000,0.000000,0.000000,1.000000,0.000000,-1.000000
0.000937624,2,2,snapshot,256,164,1.000000,1.000000,1.000000,{"1":164},1.000000,0.000000,0.000000,0.000000,1.000000,0.000000,-1.000000
0.000937624,2,2,read_only,1024,161,1.000000,1.000000,1.000000,{"1":161},1.000000,0.000000,0.000000,0.000000,1.000000,0.000000,-1.000000
0.000937624,2,2,union,1024,161,1.000000,1.000000,1.000000,{"1":161},1.000000,0.000000,0.000000,0.000000,1.000000,0.000000,-1.000000
0.000937624,2,2,snapshot,1024,164,1.000000,1.000000,1.000000,{"1":164},1.000000,0.000000,0.000000,0.000000,1.000000,0.000000,-1.000000
0.000937624,2,2,read_only,4096,161,1.000000,1.000000,1.000000,{"1":161},1.000000,0.000000,0.000000,0.000000,1.000000,0.000000,-1.000000
0.000937624,2,2,union,4096,161,1.000000,1.000000,1.000000,{"1":161},1.000000,0.000000,0.000000,0.000000,1.000000,0.000000,-1.000000
0.000937624,2,2,snapshot,4096,164,1.000000,1.000000,1.000000,{"1":164},1.000000,0.000000,0.000000,0.000000,1.000000,0.000000,-1.000000
0.000937624,2,2,read_only,16384,42,0.952381,0.988095,0.952381,{"1":161},0.952381,0.047619,0.000000,0.000000,0.952381,0.000000,0.000000
0.000937624,2,2,union,16384,42,0.952381,0.988095,0.952381,{"1":161},0.952381,0.047619,0.000000,0.000000,0.952381,0.000000,0.000000
0.000937624,2,2,snapshot,16384,43,0.930233,0.980620,0.930233,{"1":164},0.930233,0.069767,0.000000,0.000000,0.930233,0.000000,0.000000
0.001177670,2,3,read_only,64,1,1.000000,1.000000,1.000000,{"1":1},1.000000,0.000000,0.000000,0.000000,1.000000,0.000000,-1.000000
0.001177670,2,3,union,64,1,1.000000,1.000000,1.000000,{"1":1},1.000000,0.000000,0.000000,0.000000,1.000000,0.000000,-1.000000
0.001177670,2,3,snapshot,64,165,1.000000,1.000000,1.000000,{"1":165},1.000000,0.000000,0.000000,0.000000,1.000000,0.000000,-1.000000
0.001177670,2,3,read_only,256,1,1.000000,1.000000,1.000000,{"1":1},1.000000,0.000000,0.000000,0.000000,1.000000,0.000000,-1.000000
0.001177670,2,3,union,256,1,1.000000,1.000000,1.000000,{"1":1},1.000000,0.000000,0.000000,0.000000,1.000000,0.000000,-1.000000
0.001177670,2,3,snapshot,256,165,1.000000,1.000000,1.000000,{"1":165},1.000000,0.000000,0.000000,0.000000,1.000000,0.000000,-1.000000
0.001177670,2,3,read_only,1024,1,1.000000,1.000000,1.000000,{"1":1},1.000000,0.000000,0.000000,0.000000,1.000000,0.000000,-1.000000
0.001177670,2,3,union,1024,1,1.000000,1.000000,1.000000,{"1":1},1.000000,0.000000,0.000000,0.000000,1.000000,0.000000,-1.000000
0.001177670,2,3,snapshot,1024,165,1.000000,1.000000,1.000000,{"1":165},1.000000,0.000000,0.000000,0.000000,1.000000,0.000000,-1.000000
0.001177670,2,3,read_only,4096,1,1.000000,1.000000,1.000000,{"1":1},1.000000,0.000000,0.000000,0.000000,1.000000,0.000000,-1.000000
0.001177670,2,3,union,4096,1,1.000000,1.000000,1.000000,{"1":1},1.000000,0.000000,0.000000,0.000000,1.000000,0.000000,-1.000000
0.001177670,2,3,snapshot,4096,165,1.000000,1.000000,1.000000,{"1":165},1.000000,0.000000,0.000000,0.000000,1.000000,0.000000,-1.000000
0.001177670,2,3,read_only,16384,1,1.000000,1.000000,1.000000,{"1":1},1.000000,0.000000,0.000000,0.000000,1.000000,0.000000,-1.000000
0.001177670,2,3,union,16384,1,1.000000,1.000000,1.000000,{"1":1},1.000000,0.000000,0.000000,0.000000,1.000000,0.000000,-1.000000
0.001177670,2,3,snapshot,16384,43,0.906977,0.968992,0.906977,{"1":165},0.906977,0.093023,0.000000,0.000000,0.906977,0.000000,0.000000
0.001411612,2,4,snapshot,64,165,1.000000,1.000000,1.000000,{"1":165},1.000000,0.000000,0.000000,0.000000,1.000000,0.000000,-1.000000
0.001411612,2,4,snapshot,256,165,1.000000,1.000000,1.000000,{"1":165},1.000000,0.000000,0.000000,0.000000,1.000000,0.000000,-1.000000
0.001411612,2,4,snapshot,1024,165,1.000000,1.000000,1.000000,{"1":165},1.000000,0.000000,0.000000,0.000000,1.000000,0.000000,-1.000000
0.001411612,2,4,snapshot,4096,165,1.000000,1.000000,1.000000,{"1":165},1.000000,0.000000,0.000000,0.000000,1.000000,0.000000,-1.000000
0.001411612,2,4,snapshot,16384,43,0.906977,0.968992,0.906977,{"1":165},0.906977,0.093023,0.000000,0.000000,0.906977,0.000000,0.000000
0.002431299,2,5,snapshot,64,165,1.000000,1.000000,1.000000,{"1":165},1.000000,0.000000,0.000000,0.000000,1.000000,0.000000,-1.000000
0.002431299,2,5,snapshot,256,165,1.000000,1.000000,1.000000,{"1":165},1.000000,0.000000,0.000000,0.000000,1.000000,0.000000,-1.000000
0.002431299,2,5,snapshot,1024,165,1.000000,1.000000,1.000000,{"1":165},1.000000,0.000000,0.000000,0.000000,1.000000,0.000000,-1.000000
0.002431299,2,5,snapshot,4096,165,1.000000,1.000000,1.000000,{"1":165},1.000000,0.000000,0.000000,0.000000,1.000000,0.000000,-1.000000
0.002431299,2,5,snapshot,16384,43,0.906977,0.968992,0.906977,{"1":165},0.906977,0.093023,0.000000,0.000000,0.906977,0.000000,0.000000
0.002663468,2,6,snapshot,64,165,1.000000,1.000000,1.000000,{"1":165},1.000000,0.000000,0.000000,0.000000,1.000000,0.000000,-1.000000
0.002663468,2,6,snapshot,256,165,1.000000,1.000000,1.000000,{"1":165},1.000000,0.000000,0.000000,0.000000,1.000000,0.000000,-1.000000
0.002663468,2,6,snapshot,1024,165,1.000000,1.000000,1.000000,{"1":165},1.000000,0.000000,0.000000,0.000000,1.000000,0.000000,-1.000000
0.002663468,2,6,snapshot,4096,165,1.000000,1.000000,1.000000,{"1":165},1.000000,0.000000,0.000000,0.000000,1.000000,0.000000,-1.000000
0.002663468,2,6,snapshot,16384,43,0.906977,0.968992,0.906977,{"1":165},0.906977,0.093023,0.000000,0.000000,0.906977,0.000000,0.000000
0.002898397,2,7,read_only,64,6,1.000000,1.000000,1.000000,{"1":6},1.000000,0.000000,0.000000,0.000000,1.000000,0.000000,-1.000000
0.002898397,2,7,union,64,6,1.000000,1.000000,1.000000,{"1":6},1.000000,0.000000,0.000000,0.000000,1.000000,0.000000,-1.000000
0.002898397,2,7,snapshot,64,171,1.000000,1.000000,1.000000,{"1":171},1.000000,0.000000,0.000000,0.000000,1.000000,0.000000,-1.000000
0.002898397,2,7,read_only,256,6,1.000000,1.000000,1.000000,{"1":6},1.000000,0.000000,0.000000,0.000000,1.000000,0.000000,-1.000000
0.002898397,2,7,union,256,6,1.000000,1.000000,1.000000,{"1":6},1.000000,0.000000,0.000000,0.000000,1.000000,0.000000,-1.000000
0.002898397,2,7,snapshot,256,171,1.000000,1.000000,1.000000,{"1":171},1.000000,0.000000,0.000000,0.000000,1.000000,0.000000,-1.000000
0.002898397,2,7,read_only,1024,6,1.000000,1.000000,1.000000,{"1":6},1.000000,0.000000,0.000000,0.000000,1.000000,0.000000,-1.000000
0.002898397,2,7,union,1024,6,1.000000,1.000000,1.000000,{"1":6},1.000000,0.000000,0.000000,0.000000,1.000000,0.000000,-1.000000
0.002898397,2,7,snapshot,1024,171,1.000000,1.000000,1.000000,{"1":171},1.000000,0.000000,0.000000,0.000000,1.000000,0.000000,-1.000000
0.002898397,2,7,read_only,4096,6,1.000000,1.000000,1.000000,{"1":6},1.000000,0.000000,0.000000,0.000000,1.000000,0.000000,-1.000000
0.002898397,2,7,union,4096,6,1.000000,1.000000,1.000000,{"1":6},1.000000,0.000000,0.000000,0.000000,1.000000,0.000000,-1.000000
0.002898397,2,7,snapshot,4096,171,1.000000,1.000000,1.000000,{"1":171},1.000000,0.000000,0.000000,0.000000,1.000000,0.000000,-1.000000
0.002898397,2,7,read_only,16384,3,1.000000,1.000000,1.000000,{"1":6},1.000000,0.000000,0.000000,0.000000,1.000000,0.000000,-1.000000
0.002898397,2,7,union,16384,3,1.000000,1.000000,1.000000,{"1":6},1.000000,0.000000,0.000000,0.000000,1.000000,0.000000,-1.000000
0.002898397,2,7,snapshot,16384,46,0.913043,0.971014,0.913043,{"1":171},0.913043,0.086957,0.000000,0.000000,0.913043,0.000000,0.000000
0.003131855,2,8,snapshot,64,171,1.000000,1.000000,1.000000,{"1":171},1.000000,0.000000,0.000000,0.000000,1.000000,0.000000,-1.000000
0.003131855,2,8,snapshot,256,171,1.000000,1.000000,1.000000,{"1":171},1.000000,0.000000,0.000000,0.000000,1.000000,0.000000,-1.000000
0.003131855,2,8,snapshot,1024,171,1.000000,1.000000,1.000000,{"1":171},1.000000,0.000000,0.000000,0.000000,1.000000,0.000000,-1.000000
0.003131855,2,8,snapshot,4096,171,1.000000,1.000000,1.000000,{"1":171},1.000000,0.000000,0.000000,0.000000,1.000000,0.000000,-1.000000
0.003131855,2,8,snapshot,16384,46,0.913043,0.971014,0.913043,{"1":171},0.913043,0.086957,0.000000,0.000000,0.913043,0.000000,0.000000
0.003365735,2,9,snapshot,64,171,1.000000,1.000000,1.000000,{"1":171},1.000000,0.000000,0.000000,0.000000,1.000000,0.000000,-1.000000
0.003365735,2,9,snapshot,256,171,1.000000,1.000000,1.000000,{"1":171},1.000000,0.000000,0.000000,0.000000,1.000000,0.000000,-1.000000
0.003365735,2,9,snapshot,1024,171,1.000000,1.000000,1.000000,{"1":171},1.000000,0.000000,0.000000,0.000000,1.000000,0.000000,-1.000000
0.003365735,2,9,snapshot,4096,171,1.000000,1.000000,1.000000,{"1":171},1.000000,0.000000,0.000000,0.000000,1.000000,0.000000,-1.000000
0.003365735,2,9,snapshot,16384,46,0.913043,0.971014,0.913043,{"1":171},0.913043,0.086957,0.000000,0.000000,0.913043,0.000000,0.000000
0.003618415,2,10,read_only,64,4,1.000000,1.000000,1.000000,{"1":4},1.000000,0.000000,0.000000,0.000000,1.000000,0.000000,-1.000000
0.003618415,2,10,union,64,4,1.000000,1.000000,1.000000,{"1":4},1.000000,0.000000,0.000000,0.000000,1.000000,0.000000,-1.000000
0.003618415,2,10,snapshot,64,175,1.000000,1.000000,1.000000,{"1":175},1.000000,0.000000,0.000000,0.000000,1.000000,0.000000,-1.000000
0.003618415,2,10,read_only,256,4,1.000000,1.000000,1.000000,{"1":4},1.000000,0.000000,0.000000,0.000000,1.000000,0.000000,-1.000000
0.003618415,2,10,union,256,4,1.000000,1.000000,1.000000,{"1":4},1.000000,0.000000,0.000000,0.000000,1.000000,0.000000,-1.000000
0.003618415,2,10,snapshot,256,175,1.000000,1.000000,1.000000,{"1":175},1.000000,0.000000,0.000000,0.000000,1.000000,0.000000,-1.000000
0.003618415,2,10,read_only,1024,4,1.000000,1.000000,1.000000,{"1":4},1.000000,0.000000,0.000000,0.000000,1.000000,0.000000,-1.000000
0.003618415,2,10,union,1024,4,1.000000,1.000000,1.000000,{"1":4},1.000000,0.000000,0.000000,0.000000,1.000000,0.000000,-1.000000
0.003618415,2,10,snapshot,1024,175,1.000000,1.000000,1.000000,{"1":175},1.000000,0.000000,0.000000,0.000000,1.000000,0.000000,-1.000000
0.003618415,2,10,read_only,4096,4,1.000000,1.000000,1.000000,{"1":4},1.000000,0.000000,0.000000,0.000000,1.000000,0.000000,-1.000000
0.003618415,2,10,union,4096,4,1.000000,1.000000,1.000000,{"1":4},1.000000,0.000000,0.000000,0.000000,1.000000,0.000000,-1.000000
0.003618415,2,10,snapshot,4096,175,1.000000,1.000000,1.000000,{"1":175},1.000000,0.000000,0.000000,0.000000,1.000000,0.000000,-1.000000
0.003618415,2,10,read_only,16384,2,0.500000,0.833333,0.500000,{"1":4},0.500000,0.500000,0.000000,0.000000,0.500000,0.000000,0.000000
0.003618415,2,10,union,16384,2,0.500000,0.833333,0.500000,{"1":4},0.500000,0.500000,0.000000,0.000000,0.500000,0.000000,0.000000
0.003618415,2,10,snapshot,16384,48,0.895833,0.965278,0.895833,{"1":175},0.895833,0.104167,0.000000,0.000000,0.895833,0.000000,0.000000
0.003852405,2,11,snapshot,64,175,1.000000,1.000000,1.000000,{"1":175},1.000000,0.000000,0.000000,0.000000,1.000000,0.000000,-1.000000
0.003852405,2,11,snapshot,256,175,1.000000,1.000000,1.000000,{"1":175},1.000000,0.000000,0.000000,0.000000,1.000000,0.000000,-1.000000
0.003852405,2,11,snapshot,1024,175,1.000000,1.000000,1.000000,{"1":175},1.000000,0.000000,0.000000,0.000000,1.000000,0.000000,-1.000000
0.003852405,2,11,snapshot,4096,175,1.000000,1.000000,1.000000,{"1":175},1.000000,0.000000,0.000000,0.000000,1.000000,0.000000,-1.000000
0.003852405,2,11,snapshot,16384,48,0.895833,0.965278,0.895833,{"1":175},0.895833,0.104167,0.000000,0.000000,0.895833,0.000000,0.000000
0.004084551,2,12,snapshot,64,175,1.000000,1.000000,1.000000,{"1":175},1.000000,0.000000,0.000000,0.000000,1.000000,0.000000,-1.000000
0.004084551,2,12,snapshot,256,175,1.000000,1.000000,1.000000,{"1":175},1.000000,0.000000,0.000000,0.000000,1.000000,0.000000,-1.000000
0.004084551,2,12,snapshot,1024,175,1.000000,1.000000,1.000000,{"1":175},1.000000,0.000000,0.000000,0.000000,1.000000,0.000000,-1.000000
0.004084551,2,12,snapshot,4096,175,1.000000,1.000000,1.000000,{"1":175},1.000000,0.000000,0.000000,0.000000,1.000000,0.000000,-1.000000
0.004084551,2,12,snapshot,16384,48,0.895833,0.965278,0.895833,{"1":175},0.895833,0.104167,0.000000,0.000000,0.895833,0.000000,0.000000
0.004494673,2,13,snapshot,64,175,1.000000,1.000000,1.000000,{"1":175},1.000000,0.000000,0.000000,0.000000,1.000000,0.000000,-1.000000
0.004494673,2,13,snapshot,256,175,1.000000,1.000000,1.000000,{"1":175},1.000000,0.000000,0.000000,0.000000,1.000000,0.000000,-1.000000
0.004494673,2,13,snapshot,1024,175,1.000000,1.000000,1.000000,{"1":175},1.000000,0.000000,0.000000,0.000000,1.000000,0.000000,-1.000000
0.004494673,2,13,snapshot,4096,175,1.000000,1.000000,1.000000,{"1":175},1.000000,0.000000,0.000000,0.000000,1.000000,0.000000,-1.000000
0.004494673,2,13,snapshot,16384,48,0.895833,0.965278,0.895833,{"1":175},0.895833,0.104167,0.000000,0.000000,0.895833,0.000000,0.000000
0.004727435,2,14,snapshot,64,175,1.000000,1.000000,1.000000,{"1":175},1.000000,0.000000,0.000000,0.000000,1.000000,0.000000,-1.000000
0.004727435,2,14,snapshot,256,175,1.000000,1.000000,1.000000,{"1":175},1.000000,0.000000,0.000000,0.000000,1.000000,0.000000,-1.000000
0.004727435,2,14,snapshot,1024,175,1.000000,1.000000,1.000000,{"1":175},1.000000,0.000000,0.000000,0.000000,1.000000,0.000000,-1.000000
0.004727435,2,14,snapshot,4096,175,1.000000,1.000000,1.000000,{"1":175},1.000000,0.000000,0.000000,0.000000,1.000000,0.000000,-1.000000
0.004727435,2,14,snapshot,16384,48,0.895833,0.965278,0.895833,{"1":175},0.895833,0.104167,0.000000,0.000000,0.895833,0.000000,0.000000
0.004963569,2,15,snapshot,64,175,1.000000,1.000000,1.000000,{"1":175},1.000000,0.000000,0.000000,0.000000,1.000000,0.000000,-1.000000
0.004963569,2,15,snapshot,256,175,1.000000,1.000000,1.000000,{"1":175},1.000000,0.000000,0.000000,0.000000,1.000000,0.000000,-1.000000
0.004963569,2,15,snapshot,1024,175,1.000000,1.000000,1.000000,{"1":175},1.000000,0.000000,0.000000,0.000000,1.000000,0.000000,-1.000000
0.004963569,2,15,snapshot,4096,175,1.000000,1.000000,1.000000,{"1":175},1.000000,0.000000,0.000000,0.000000,1.000000,0.000000,-1.000000
0.004963569,2,15,snapshot,16384,48,0.895833,0.965278,0.895833,{"1":175},0.895833,0.104167,0.000000,0.000000,0.895833,0.000000,0.000000
0.005195718,2,16,snapshot,64,175,1.000000,1.000000,1.000000,{"1":175},1.000000,0.000000,0.000000,0.000000,1.000000,0.000000,-1.000000
0.005195718,2,16,snapshot,256,175,1.000000,1.000000,1.000000,{"1":175},1.000000,0.000000,0.000000,0.000000,1.000000,0.000000,-1.000000
0.005195718,2,16,snapshot,1024,175,1.000000,1.000000,1.000000,{"1":175},1.000000,0.000000,0.000000,0.000000,1.000000,0.000000,-1.000000
0.005195718,2,16,snapshot,4096,175,1.000000,1.000000,1.000000,{"1":175},1.000000,0.000000,0.000000,0.000000,1.000000,0.000000,-1.000000
0.005195718,2,16,snapshot,16384,48,0.895833,0.965278,0.895833,{"1":175},0.895833,0.104167,0.000000,0.000000,0.895833,0.000000,0.000000
0.005427864,2,17,snapshot,64,175,1.000000,1.000000,1.000000,{"1":175},1.000000,0.000000,0.000000,0.000000,1.000000,0.000000,-1.000000
0.005427864,2,17,snapshot,256,175,1.000000,1.000000,1.000000,{"1":175},1.000000,0.000000,0.000000,0.000000,1.000000,0.000000,-1.000000
0.005427864,2,17,snapshot,1024,175,1.000000,1.000000,1.000000,{"1":175},1.000000,0.000000,0.000000,0.000000,1.000000,0.000000,-1.000000
0.005427864,2,17,snapshot,4096,175,1.000000,1.000000,1.000000,{"1":175},1.000000,0.000000,0.000000,0.000000,1.000000,0.000000,-1.000000
0.005427864,2,17,snapshot,16384,48,0.895833,0.965278,0.895833,{"1":175},0.895833,0.104167,0.000000,0.000000,0.895833,0.000000,0.000000
0.005667655,2,18,read_only,64,1,1.000000,1.000000,1.000000,{"1":1},1.000000,0.000000,0.000000,0.000000,1.000000,0.000000,-1.000000
0.005667655,2,18,union,64,1,1.000000,1.000000,1.000000,{"1":1},1.000000,0.000000,0.000000,0.000000,1.000000,0.000000,-1.000000
0.005667655,2,18,snapshot,64,176,1.000000,1.000000,1.000000,{"1":176},1.000000,0.000000,0.000000,0.000000,1.000000,0.000000,-1.000000
0.005667655,2,18,read_only,256,1,1.000000,1.000000,1.000000,{"1":1},1.000000,0.000000,0.000000,0.000000,1.000000,0.000000,-1.000000
0.005667655,2,18,union,256,1,1.000000,1.000000,1.000000,{"1":1},1.000000,0.000000,0.000000,0.000000,1.000000,0.000000,-1.000000
0.005667655,2,18,snapshot,256,176,1.000000,1.000000,1.000000,{"1":176},1.000000,0.000000,0.000000,0.000000,1.000000,0.000000,-1.000000
0.005667655,2,18,read_only,1024,1,1.000000,1.000000,1.000000,{"1":1},1.000000,0.000000,0.000000,0.000000,1.000000,0.000000,-1.000000
0.005667655,2,18,union,1024,1,1.000000,1.000000,1.000000,{"1":1},1.000000,0.000000,0.000000,0.000000,1.000000,0.000000,-1.000000
0.005667655,2,18,snapshot,1024,176,1.000000,1.000000,1.000000,{"1":176},1.000000,0.000000,0.000000,0.000000,1.000000,0.000000,-1.000000
0.005667655,2,18,read_only,4096,1,1.000000,1.000000,1.000000,{"1":1},1.000000,0.000000,0.000000,0.000000,1.000000,0.000000,-1.000000
0.005667655,2,18,union,4096,1,1.000000,1.000000,1.000000,{"1":1},1.000000,0.000000,0.000000,0.000000,1.000000,0.000000,-1.000000
0.005667655,2,18,snapshot,4096,176,1.000000,1.000000,1.000000,{"1":176},1.000000,0.000000,0.000000,0.000000,1.000000,0.000000,-1.000000
0.005667655,2,18,read_only,16384,1,1.000000,1.000000,1.000000,{"1":1},1.000000,0.000000,0.000000,0.000000,1.000000,0.000000,-1.000000
0.005667655,2,18,union,16384,1,1.000000,1.000000,1.000000,{"1":1},1.000000,0.000000,0.000000,0.000000,1.000000,0.000000,-1.000000
0.005667655,2,18,snapshot,16384,48,0.895833,0.968750,0.895833,{"1":176},0.895833,0.104167,0.000000,0.000000,0.895833,0.000000,0.000000
0.005902412,2,19,snapshot,64,176,1.000000,1.000000,1.000000,{"1":176},1.000000,0.000000,0.000000,0.000000,1.000000,0.000000,-1.000000
0.005902412,2,19,snapshot,256,176,1.000000,1.000000,1.000000,{"1":176},1.000000,0.000000,0.000000,0.000000,1.000000,0.000000,-1.000000
0.005902412,2,19,snapshot,1024,176,1.000000,1.000000,1.000000,{"1":176},1.000000,0.000000,0.000000,0.000000,1.000000,0.000000,-1.000000
0.005902412,2,19,snapshot,4096,176,1.000000,1.000000,1.000000,{"1":176},1.000000,0.000000,0.000000,0.000000,1.000000,0.000000,-1.000000
0.005902412,2,19,snapshot,16384,48,0.895833,0.968750,0.895833,{"1":176},0.895833,0.104167,0.000000,0.000000,0.895833,0.000000,0.000000
0.006135675,2,20,snapshot,64,176,1.000000,1.000000,1.000000,{"1":176},1.000000,0.000000,0.000000,0.000000,1.000000,0.000000,-1.000000
0.006135675,2,20,snapshot,256,176,1.000000,1.000000,1.000000,{"1":176},1.000000,0.000000,0.000000,0.000000,1.000000,0.000000,-1.000000
0.006135675,2,20,snapshot,1024,176,1.000000,1.000000,1.000000,{"1":176},1.000000,0.000000,0.000000,0.000000,1.000000,0.000000,-1.000000
0.006135675,2,20,snapshot,4096,176,1.000000,1.000000,1.000000,{"1":176},1.000000,0.000000,0.000000,0.000000,1.000000,0.000000,-1.000000
0.006135675,2,20,snapshot,16384,48,0.895833,0.968750,0.895833,{"1":176},0.895833,0.104167,0.000000,0.000000,0.895833,0.000000,0.000000
0.006445613,2,21,snapshot,64,176,1.000000,1.000000,1.000000,{"1":176},1.000000,0.000000,0.000000,0.000000,1.000000,0.000000,-1.000000
0.006445613,2,21,snapshot,256,176,1.000000,1.000000,1.000000,{"1":176},1.000000,0.000000,0.000000,0.000000,1.000000,0.000000,-1.000000
0.006445613,2,21,snapshot,1024,176,1.000000,1.000000,1.000000,{"1":176},1.000000,0.000000,0.000000,0.000000,1.000000,0.000000,-1.000000
0.006445613,2,21,snapshot,4096,176,1.000000,1.000000,1.000000,{"1":176},1.000000,0.000000,0.000000,0.000000,1.000000,0.000000,-1.000000
0.006445613,2,21,snapshot,16384,48,0.895833,0.968750,0.895833,{"1":176},0.895833,0.104167,0.000000,0.000000,0.895833,0.000000,0.000000
0.006677797,2,22,snapshot,64,176,1.000000,1.000000,1.000000,{"1":176},1.000000,0.000000,0.000000,0.000000,1.000000,0.000000,-1.000000
0.006677797,2,22,snapshot,256,176,1.000000,1.000000,1.000000,{"1":176},1.000000,0.000000,0.000000,0.000000,1.000000,0.000000,-1.000000
0.006677797,2,22,snapshot,1024,176,1.000000,1.000000,1.000000,{"1":176},1.000000,0.000000,0.000000,0.000000,1.000000,0.000000,-1.000000
0.006677797,2,22,snapshot,4096,176,1.000000,1.000000,1.000000,{"1":176},1.000000,0.000000,0.000000,0.000000,1.000000,0.000000,-1.000000
0.006677797,2,22,snapshot,16384,48,0.895833,0.968750,0.895833,{"1":176},0.895833,0.104167,0.000000,0.000000,0.895833,0.000000,0.000000
0.006910907,2,23,snapshot,64,176,1.000000,1.000000,1.000000,{"1":176},1.000000,0.000000,0.000000,0.000000,1.000000,0.000000,-1.000000
0.006910907,2,23,snapshot,256,176,1.000000,1.000000,1.000000,{"1":176},1.000000,0.000000,0.000000,0.000000,1.000000,0.000000,-1.000000
0.006910907,2,23,snapshot,1024,176,1.000000,1.000000,1.000000,{"1":176},1.000000,0.000000,0.000000,0.000000,1.000000,0.000000,-1.000000
0.006910907,2,23,snapshot,4096,176,1.000000,1.000000,1.000000,{"1":176},1.000000,0.000000,0.000000,0.000000,1.000000,0.000000,-1.000000
0.006910907,2,23,snapshot,16384,48,0.895833,0.968750,0.895833,{"1":176},0.895833,0.104167,0.000000,0.000000,0.895833,0.000000,0.000000
0.007144087,2,24,snapshot,64,176,1.000000,1.000000,1.000000,{"1":176},1.000000,0.000000,0.000000,0.000000,1.000000,0.000000,-1.000000
0.007144087,2,24,snapshot,256,176,1.000000,1.000000,1.000000,{"1":176},1.000000,0.000000,0.000000,0.000000,1.000000,0.000000,-1.000000
0.007144087,2,24,snapshot,1024,176,1.000000,1.000000,1.000000,{"1":176},1.000000,0.000000,0.000000,0.000000,1.000000,0.000000,-1.000000
0.007144087,2,24,snapshot,4096,176,1.000000,1.000000,1.000000,{"1":176},1.000000,0.000000,0.000000,0.000000,1.000000,0.000000,-1.000000
0.007144087,2,24,snapshot,16384,48,0.895833,0.968750,0.895833,{"1":176},0.895833,0.104167,0.000000,0.000000,0.895833,0.000000,0.000000
0.007379885,2,25,snapshot,64,176,1.000000,1.000000,1.000000,{"1":176},1.000000,0.000000,0.000000,0.000000,1.000000,0.000000,-1.000000
0.007379885,2,25,snapshot,256,176,1.000000,1.000000,1.000000,{"1":176},1.000000,0.000000,0.000000,0.000000,1.000000,0.000000,-1.000000
0.007379885,2,25,snapshot,1024,176,1.000000,1.000000,1.000000,{"1":176},1.000000,0.000000,0.000000,0.000000,1.000000,0.000000,-1.000000
0.007379885,2,25,snapshot,4096,176,1.000000,1.000000,1.000000,{"1":176},1.000000,0.000000,0.000000,0.000000,1.000000,0.000000,-1.000000
0.007379885,2,25,snapshot,16384,48,0.895833,0.968750,0.895833,{"1":176},0.895833,0.104167,0.000000,0.000000,0.895833,0.000000,0.000000
0.007613828,2,26,snapshot,64,176,1.000000,1.000000,1.000000,{"1":176},1.000000,0.000000,0.000000,0.000000,1.000000,0.000000,-1.000000
0.007613828,2,26,snapshot,256,176,1.000000,1.000000,1.000000,{"1":176},1.000000,0.000000,0.000000,0.000000,1.000000,0.000000,-1.000000
0.007613828,2,26,snapshot,1024,176,1.000000,1.000000,1.000000,{"1":176},1.000000,0.000000,0.000000,0.000000,1.000000,0.000000,-1.000000
0.007613828,2,26,snapshot,4096,176,1.000000,1.000000,1.000000,{"1":176},1.000000,0.000000,0.000000,0.000000,1.000000,0.000000,-1.000000
0.007613828,2,26,snapshot,16384,48,0.895833,0.968750,0.895833,{"1":176},0.895833,0.104167,0.000000,0.000000,0.895833,0.000000,0.000000
0.007847079,2,27,snapshot,64,176,1.000000,1.000000,1.000000,{"1":176},1.000000,0.000000,0.000000,0.000000,1.000000,0.000000,-1.000000
0.007847079,2,27,snapshot,256,176,1.000000,1.000000,1.000000,{"1":176},1.000000,0.000000,0.000000,0.000000,1.000000,0.000000,-1.000000
0.007847079,2,27,snapshot,1024,176,1.000000,1.000000,1.000000,{"1":176},1.000000,0.000000,0.000000,0.000000,1.000000,0.000000,-1.000000
0.007847079,2,27,snapshot,4096,176,1.000000,1.000000,1.000000,{"1":176},1.000000,0.000000,0.000000,0.000000,1.000000,0.000000,-1.000000
0.007847079,2,27,snapshot,16384,48,0.895833,0.968750,0.895833,{"1":176},0.895833,0.104167,0.000000,0.000000,0.895833,0.000000,0.000000
0.008079867,2,28,snapshot,64,176,1.000000,1.000000,1.000000,{"1":176},1.000000,0.000000,0.000000,0.000000,1.000000,0.000000,-1.000000
0.008079867,2,28,snapshot,256,176,1.000000,1.000000,1.000000,{"1":176},1.000000,0.000000,0.000000,0.000000,1.000000,0.000000,-1.000000
0.008079867,2,28,snapshot,1024,176,1.000000,1.000000,1.000000,{"1":176},1.000000,0.000000,0.000000,0.000000,1.000000,0.000000,-1.000000
0.008079867,2,28,snapshot,4096,176,1.000000,1.000000,1.000000,{"1":176},1.000000,0.000000,0.000000,0.000000,1.000000,0.000000,-1.000000
0.008079867,2,28,snapshot,16384,48,0.895833,0.968750,0.895833,{"1":176},0.895833,0.104167,0.000000,0.000000,0.895833,0.000000,0.000000
0.008335625,2,29,snapshot,64,176,1.000000,1.000000,1.000000,{"1":176},1.000000,0.000000,0.000000,0.000000,1.000000,0.000000,-1.000000
0.008335625,2,29,snapshot,256,176,1.000000,1.000000,1.000000,{"1":176},1.000000,0.000000,0.000000,0.000000,1.000000,0.000000,-1.000000
0.008335625,2,29,snapshot,1024,176,1.000000,1.000000,1.000000,{"1":176},1.000000,0.000000,0.000000,0.000000,1.000000,0.000000,-1.000000
0.008335625,2,29,snapshot,4096,176,1.000000,1.000000,1.000000,{"1":176},1.000000,0.000000,0.000000,0.000000,1.000000,0.000000,-1.000000
0.008335625,2,29,snapshot,16384,48,0.895833,0.968750,0.895833,{"1":176},0.895833,0.104167,0.000000,0.000000,0.895833,0.000000,0.000000
0.008568441,2,30,snapshot,64,176,1.000000,1.000000,1.000000,{"1":176},1.000000,0.000000,0.000000,0.000000,1.000000,0.000000,-1.000000
0.008568441,2,30,snapshot,256,176,1.000000,1.000000,1.000000,{"1":176},1.000000,0.000000,0.000000,0.000000,1.000000,0.000000,-1.000000
0.008568441,2,30,snapshot,1024,176,1.000000,1.000000,1.000000,{"1":176},1.000000,0.000000,0.000000,0.000000,1.000000,0.000000,-1.000000
0.008568441,2,30,snapshot,4096,176,1.000000,1.000000,1.000000,{"1":176},1.000000,0.000000,0.000000,0.000000,1.000000,0.000000,-1.000000
0.008568441,2,30,snapshot,16384,48,0.895833,0.968750,0.895833,{"1":176},0.895833,0.104167,0.000000,0.000000,0.895833,0.000000,0.000000
0.008850159,2,31,snapshot,64,176,1.000000,1.000000,1.000000,{"1":176},1.000000,0.000000,0.000000,0.000000,1.000000,0.000000,-1.000000
0.008850159,2,31,snapshot,256,176,1.000000,1.000000,1.000000,{"1":176},1.000000,0.000000,0.000000,0.000000,1.000000,0.000000,-1.000000
0.008850159,2,31,snapshot,1024,176,1.000000,1.000000,1.000000,{"1":176},1.000000,0.000000,0.000000,0.000000,1.000000,0.000000,-1.000000
0.008850159,2,31,snapshot,4096,176,1.000000,1.000000,1.000000,{"1":176},1.000000,0.000000,0.000000,0.000000,1.000000,0.000000,-1.000000
0.008850159,2,31,snapshot,16384,48,0.895833,0.968750,0.895833,{"1":176},0.895833,0.104167,0.000000,0.000000,0.895833,0.000000,0.000000
0.009083475,2,32,snapshot,64,176,1.000000,1.000000,1.000000,{"1":176},1.000000,0.000000,0.000000,0.000000,1.000000,0.000000,-1.000000
0.009083475,2,32,snapshot,256,176,1.000000,1.000000,1.000000,{"1":176},1.000000,0.000000,0.000000,0.000000,1.000000,0.000000,-1.000000
0.009083475,2,32,snapshot,1024,176,1.000000,1.000000,1.000000,{"1":176},1.000000,0.000000,0.000000,0.000000,1.000000,0.000000,-1.000000
0.009083475,2,32,snapshot,4096,176,1.000000,1.000000,1.000000,{"1":176},1.000000,0.000000,0.000000,0.000000,1.000000,0.000000,-1.000000
0.009083475,2,32,snapshot,16384,48,0.895833,0.968750,0.895833,{"1":176},0.895833,0.104167,0.000000,0.000000,0.895833,0.000000,0.000000
0.014002671,2,51,read_only,64,9,1.000000,1.000000,1.000000,{"1":9},1.000000,0.000000,0.000000,0.000000,1.000000,0.000000,-1.000000
0.014002671,2,51,union,64,9,1.000000,1.000000,1.000000,{"1":9},1.000000,0.000000,0.000000,0.000000,1.000000,0.000000,-1.000000
0.014002671,2,51,snapshot,64,9,1.000000,1.000000,1.000000,{"1":9},1.000000,0.000000,0.000000,0.000000,1.000000,0.000000,-1.000000
0.014002671,2,51,read_only,256,9,1.000000,1.000000,1.000000,{"1":9},1.000000,0.000000,0.000000,0.000000,1.000000,0.000000,-1.000000
0.014002671,2,51,union,256,9,1.000000,1.000000,1.000000,{"1":9},1.000000,0.000000,0.000000,0.000000,1.000000,0.000000,-1.000000
0.014002671,2,51,snapshot,256,9,1.000000,1.000000,1.000000,{"1":9},1.000000,0.000000,0.000000,0.000000,1.000000,0.000000,-1.000000
0.014002671,2,51,read_only,1024,9,1.000000,1.000000,1.000000,{"1":9},1.000000,0.000000,0.000000,0.000000,1.000000,0.000000,-1.000000
0.014002671,2,51,union,1024,9,1.000000,1.000000,1.000000,{"1":9},1.000000,0.000000,0.000000,0.000000,1.000000,0.000000,-1.000000
0.014002671,2,51,snapshot,1024,9,1.000000,1.000000,1.000000,{"1":9},1.000000,0.000000,0.000000,0.000000,1.000000,0.000000,-1.000000
0.014002671,2,51,read_only,4096,9,1.000000,1.000000,1.000000,{"1":9},1.000000,0.000000,0.000000,0.000000,1.000000,0.000000,-1.000000
0.014002671,2,51,union,4096,9,1.000000,1.000000,1.000000,{"1":9},1.000000,0.000000,0.000000,0.000000,1.000000,0.000000,-1.000000
0.014002671,2,51,snapshot,4096,9,1.000000,1.000000,1.000000,{"1":9},1.000000,0.000000,0.000000,0.000000,1.000000,0.000000,-1.000000
0.014002671,2,51,read_only,16384,4,0.750000,0.875000,0.750000,{"1":9},0.750000,0.250000,0.000000,0.000000,0.750000,0.000000,0.000000
0.014002671,2,51,union,16384,4,0.750000,0.875000,0.750000,{"1":9},0.750000,0.250000,0.000000,0.000000,0.750000,0.000000,0.000000
0.014002671,2,51,snapshot,16384,4,0.750000,0.875000,0.750000,{"1":9},0.750000,0.250000,0.000000,0.000000,0.750000,0.000000,0.000000
0.014234927,2,52,snapshot,64,9,1.000000,1.000000,1.000000,{"1":9},1.000000,0.000000,0.000000,0.000000,1.000000,0.000000,-1.000000
0.014234927,2,52,snapshot,256,9,1.000000,1.000000,1.000000,{"1":9},1.000000,0.000000,0.000000,0.000000,1.000000,0.000000,-1.000000
0.014234927,2,52,snapshot,1024,9,1.000000,1.000000,1.000000,{"1":9},1.000000,0.000000,0.000000,0.000000,1.000000,0.000000,-1.000000
0.014234927,2,52,snapshot,4096,9,1.000000,1.000000,1.000000,{"1":9},1.000000,0.000000,0.000000,0.000000,1.000000,0.000000,-1.000000
0.014234927,2,52,snapshot,16384,4,0.750000,0.875000,0.750000,{"1":9},0.750000,0.250000,0.000000,0.000000,0.750000,0.000000,0.000000
0.014469047,2,53,read_only,64,1,1.000000,1.000000,1.000000,{"1":1},1.000000,0.000000,0.000000,0.000000,1.000000,0.000000,-1.000000
0.014469047,2,53,union,64,1,1.000000,1.000000,1.000000,{"1":1},1.000000,0.000000,0.000000,0.000000,1.000000,0.000000,-1.000000
0.014469047,2,53,snapshot,64,10,1.000000,1.000000,1.000000,{"1":10},1.000000,0.000000,0.000000,0.000000,1.000000,0.000000,-1.000000
0.014469047,2,53,read_only,256,1,1.000000,1.000000,1.000000,{"1":1},1.000000,0.000000,0.000000,0.000000,1.000000,0.000000,-1.000000
0.014469047,2,53,union,256,1,1.000000,1.000000,1.000000,{"1":1},1.000000,0.000000,0.000000,0.000000,1.000000,0.000000,-1.000000
0.014469047,2,53,snapshot,256,10,1.000000,1.000000,1.000000,{"1":10},1.000000,0.000000,0.000000,0.000000,1.000000,0.000000,-1.000000
0.014469047,2,53,read_only,1024,1,1.000000,1.000000,1.000000,{"1":1},1.000000,0.000000,0.000000,0.000000,1.000000,0.000000,-1.000000
0.014469047,2,53,union,1024,1,1.000000,1.000000,1.000000,{"1":1},1.000000,0.000000,0.000000,0.000000,1.000000,0.000000,-1.000000
0.014469047,2,53,snapshot,1024,10,1.000000,1.000000,1.000000,{"1":10},1.000000,0.000000,0.000000,0.000000,1.000000,0.000000,-1.000000
0.014469047,2,53,read_only,4096,1,1.000000,1.000000,1.000000,{"1":1},1.000000,0.000000,0.000000,0.000000,1.000000,0.000000,-1.000000
0.014469047,2,53,union,4096,1,1.000000,1.000000,1.000000,{"1":1},1.000000,0.000000,0.000000,0.000000,1.000000,0.000000,-1.000000
0.014469047,2,53,snapshot,4096,10,1.000000,1.000000,1.000000,{"1":10},1.000000,0.000000,0.000000,0.000000,1.000000,0.000000,-1.000000
0.014469047,2,53,read_only,16384,1,1.000000,1.000000,1.000000,{"1":1},1.000000,0.000000,0.000000,0.000000,1.000000,0.000000,-1.000000
0.014469047,2,53,union,16384,1,1.000000,1.000000,1.000000,{"1":1},1.000000,0.000000,0.000000,0.000000,1.000000,0.000000,-1.000000
0.014469047,2,53,snapshot,16384,5,0.800000,0.900000,0.800000,{"1":10},0.800000,0.200000,0.000000,0.000000,0.800000,0.000000,0.000000
0.014702136,2,54,snapshot,64,10,1.000000,1.000000,1.000000,{"1":10},1.000000,0.000000,0.000000,0.000000,1.000000,0.000000,-1.000000
0.014702136,2,54,snapshot,256,10,1.000000,1.000000,1.000000,{"1":10},1.000000,0.000000,0.000000,0.000000,1.000000,0.000000,-1.000000
0.014702136,2,54,snapshot,1024,10,1.000000,1.000000,1.000000,{"1":10},1.000000,0.000000,0.000000,0.000000,1.000000,0.000000,-1.000000
0.014702136,2,54,snapshot,4096,10,1.000000,1.000000,1.000000,{"1":10},1.000000,0.000000,0.000000,0.000000,1.000000,0.000000,-1.000000
0.014702136,2,54,snapshot,16384,5,0.800000,0.900000,0.800000,{"1":10},0.800000,0.200000,0.000000,0.000000,0.800000,0.000000,0.000000
0.015032495,2,55,read_only,64,8,1.000000,1.000000,1.000000,{"1":8},1.000000,0.000000,0.000000,0.000000,1.000000,0.000000,-1.000000
0.015032495,2,55,union,64,8,1.000000,1.000000,1.000000,{"1":8},1.000000,0.000000,0.000000,0.000000,1.000000,0.000000,-1.000000
0.015032495,2,55,snapshot,64,18,1.000000,1.000000,1.000000,{"1":18},1.000000,0.000000,0.000000,0.000000,1.000000,0.000000,-1.000000
0.015032495,2,55,read_only,256,8,1.000000,1.000000,1.000000,{"1":8},1.000000,0.000000,0.000000,0.000000,1.000000,0.000000,-1.000000
0.015032495,2,55,union,256,8,1.000000,1.000000,1.000000,{"1":8},1.000000,0.000000,0.000000,0.000000,1.000000,0.000000,-1.000000
0.015032495,2,55,snapshot,256,18,1.000000,1.000000,1.000000,{"1":18},1.000000,0.000000,0.000000,0.000000,1.000000,0.000000,-1.000000
0.015032495,2,55,read_only,1024,8,1.000000,1.000000,1.000000,{"1":8},1.000000,0.000000,0.000000,0.000000,1.000000,0.000000,-1.000000
0.015032495,2,55,union,1024,8,1.000000,1.000000,1.000000,{"1":8},1.000000,0.000000,0.000000,0.000000,1.000000,0.000000,-1.000000
0.015032495,2,55,snapshot,1024,18,1.000000,1.000000,1.000000,{"1":18},1.000000,0.000000,0.000000,0.000000,1.000000,0.000000,-1.000000
0.015032495,2,55,read_only,4096,8,1.000000,1.000000,1.000000,{"1":8},1.000000,0.000000,0.000000,0.000000,1.000000,0.000000,-1.000000
0.015032495,2,55,union,4096,8,1.000000,1.000000,1.000000,{"1":8},1.000000,0.000000,0.000000,0.000000,1.000000,0.000000,-1.000000
0.015032495,2,55,snapshot,4096,18,1.000000,1.000000,1.000000,{"1":18},1.000000,0.000000,0.000000,0.000000,1.000000,0.000000,-1.000000
0.015032495,2,55,read_only,16384,3,0.333333,0.722222,0.333333,{"1":8},0.333333,0.666667,0.000000,0.000000,0.333333,0.000000,0.000000
0.015032495,2,55,union,16384,3,0.333333,0.722222,0.333333,{"1":8},0.333333,0.666667,0.000000,0.000000,0.333333,0.000000,0.000000
0.015032495,2,55,snapshot,16384,8,0.625000,0.833333,0.625000,{"1":18},0.625000,0.375000,0.000000,0.000000,0.625000,0.000000,0.000000
0.015334426,2,56,snapshot,64,18,1.000000,1.000000,1.000000,{"1":18},1.000000,0.000000,0.000000,0.000000,1.000000,0.000000,-1.000000
0.015334426,2,56,snapshot,256,18,1.000000,1.000000,1.000000,{"1":18},1.000000,0.000000,0.000000,0.000000,1.000000,0.000000,-1.000000
0.015334426,2,56,snapshot,1024,18,1.000000,1.000000,1.000000,{"1":18},1.000000,0.000000,0.000000,0.000000,1.000000,0.000000,-1.000000
0.015334426,2,56,snapshot,4096,18,1.000000,1.000000,1.000000,{"1":18},1.000000,0.000000,0.000000,0.000000,1.000000,0.000000,-1.000000
0.015334426,2,56,snapshot,16384,8,0.625000,0.833333,0.625000,{"1":18},0.625000,0.375000,0.000000,0.000000,0.625000,0.000000,0.000000
0.015568308,2,57,snapshot,64,18,1.000000,1.000000,1.000000,{"1":18},1.000000,0.000000,0.000000,0.000000,1.000000,0.000000,-1.000000
0.015568308,2,57,snapshot,256,18,1.000000,1.000000,1.000000,{"1":18},1.000000,0.000000,0.000000,0.000000,1.000000,0.000000,-1.000000
0.015568308,2,57,snapshot,1024,18,1.000000,1.000000,1.000000,{"1":18},1.000000,0.000000,0.000000,0.000000,1.000000,0.000000,-1.000000
0.015568308,2,57,snapshot,4096,18,1.000000,1.000000,1.000000,{"1":18},1.000000,0.000000,0.000000,0.000000,1.000000,0.000000,-1.000000
0.015568308,2,57,snapshot,16384,8,0.625000,0.833333,0.625000,{"1":18},0.625000,0.375000,0.000000,0.000000,0.625000,0.000000,0.000000
0.016380874,2,60,read_only,64,9,1.000000,1.000000,1.000000,{"1":9},1.000000,0.000000,0.000000,0.000000,1.000000,0.000000,-1.000000
0.016380874,2,60,union,64,9,1.000000,1.000000,1.000000,{"1":9},1.000000,0.000000,0.000000,0.000000,1.000000,0.000000,-1.000000
0.016380874,2,60,snapshot,64,9,1.000000,1.000000,1.000000,{"1":9},1.000000,0.000000,0.000000,0.000000,1.000000,0.000000,-1.000000
0.016380874,2,60,read_only,256,9,1.000000,1.000000,1.000000,{"1":9},1.000000,0.000000,0.000000,0.000000,1.000000,0.000000,-1.000000
0.016380874,2,60,union,256,9,1.000000,1.000000,1.000000,{"1":9},1.000000,0.000000,0.000000,0.000000,1.000000,0.000000,-1.000000
0.016380874,2,60,snapshot,256,9,1.000000,1.000000,1.000000,{"1":9},1.000000,0.000000,0.000000,0.000000,1.000000,0.000000,-1.000000
0.016380874,2,60,read_only,1024,9,1.000000,1.000000,1.000000,{"1":9},1.000000,0.000000,0.000000,0.000000,1.000000,0.000000,-1.000000
0.016380874,2,60,union,1024,9,1.000000,1.000000,1.000000,{"1":9},1.000000,0.000000,0.000000,0.000000,1.000000,0.000000,-1.000000
0.016380874,2,60,snapshot,1024,9,1.000000,1.000000,1.000000,{"1":9},1.000000,0.000000,0.000000,0.000000,1.000000,0.000000,-1.000000
0.016380874,2,60,read_only,4096,9,1.000000,1.000000,1.000000,{"1":9},1.000000,0.000000,0.000000,0.000000,1.000000,0.000000,-1.000000
0.016380874,2,60,union,4096,9,1.000000,1.000000,1.000000,{"1":9},1.000000,0.000000,0.000000,0.000000,1.000000,0.000000,-1.000000
0.016380874,2,60,snapshot,4096,9,1.000000,1.000000,1.000000,{"1":9},1.000000,0.000000,0.000000,0.000000,1.000000,0.000000,-1.000000
0.016380874,2,60,read_only,16384,5,1.000000,1.000000,1.000000,{"1":9},1.000000,0.000000,0.000000,0.000000,1.000000,0.000000,-1.000000
0.016380874,2,60,union,16384,5,1.000000,1.000000,1.000000,{"1":9},1.000000,0.000000,0.000000,0.000000,1.000000,0.000000,-1.000000
0.016380874,2,60,snapshot,16384,5,1.000000,1.000000,1.000000,{"1":9},1.000000,0.000000,0.000000,0.000000,1.000000,0.000000,-1.000000
0.016630239,2,61,snapshot,64,9,1.000000,1.000000,1.000000,{"1":9},1.000000,0.000000,0.000000,0.000000,1.000000,0.000000,-1.000000
0.016630239,2,61,snapshot,256,9,1.000000,1.000000,1.000000,{"1":9},1.000000,0.000000,0.000000,0.000000,1.000000,0.000000,-1.000000
0.016630239,2,61,snapshot,1024,9,1.000000,1.000000,1.000000,{"1":9},1.000000,0.000000,0.000000,0.000000,1.000000,0.000000,-1.000000
0.016630239,2,61,snapshot,4096,9,1.000000,1.000000,1.000000,{"1":9},1.000000,0.000000,0.000000,0.000000,1.000000,0.000000,-1.000000
0.016630239,2,61,snapshot,16384,5,1.000000,1.000000,1.000000,{"1":9},1.000000,0.000000,0.000000,0.000000,1.000000,0.000000,-1.000000
0.016890933,2,62,read_only,64,2,1.000000,1.000000,1.000000,{"1":2},1.000000,0.000000,0.000000,0.000000,1.000000,0.000000,-1.000000
0.016890933,2,62,union,64,2,1.000000,1.000000,1.000000,{"1":2},1.000000,0.000000,0.000000,0.000000,1.000000,0.000000,-1.000000
0.016890933,2,62,snapshot,64,11,1.000000,1.000000,1.000000,{"1":11},1.000000,0.000000,0.000000,0.000000,1.000000,0.000000,-1.000000
0.016890933,2,62,read_only,256,2,1.000000,1.000000,1.000000,{"1":2},1.000000,0.000000,0.000000,0.000000,1.000000,0.000000,-1.000000
0.016890933,2,62,union,256,2,1.000000,1.000000,1.000000,{"1":2},1.000000,0.000000,0.000000,0.000000,1.000000,0.000000,-1.000000
0.016890933,2,62,snapshot,256,11,1.000000,1.000000,1.000000,{"1":11},1.000000,0.000000,0.000000,0.000000,1.000000,0.000000,-1.000000
0.016890933,2,62,read_only,1024,2,1.000000,1.000000,1.000000,{"1":2},1.000000,0.000000,0.000000,0.000000,1.000000,0.000000,-1.000000
0.016890933,2,62,union,1024,2,1.000000,1.000000,1.000000,{"1":2},1.000000,0.000000,0.000000,0.000000,1.000000,0.000000,-1.000000
0.016890933,2,62,snapshot,1024,11,1.000000,1.000000,1.000000,{"1":11},1.000000,0.000000,0.000000,0.000000,1.000000,0.000000,-1.000000
0.016890933,2,62,read_only,4096,2,1.000000,1.000000,1.000000,{"1":2},1.000000,0.000000,0.000000,0.000000,1.000000,0.000000,-1.000000
0.016890933,2,62,union,4096,2,1.000000,1.000000,1.000000,{"1":2},1.000000,0.000000,0.000000,0.000000,1.000000,0.000000,-1.000000
0.016890933,2,62,snapshot,4096,11,1.000000,1.000000,1.000000,{"1":11},1.000000,0.000000,0.000000,0.000000,1.000000,0.000000,-1.000000
0.016890933,2,62,read_only,16384,1,1.000000,1.000000,1.000000,{"1":2},1.000000,0.000000,0.000000,0.000000,1.000000,0.000000,-1.000000
0.016890933,2,62,union,16384,1,1.000000,1.000000,1.000000,{"1":2},1.000000,0.000000,0.000000,0.000000,1.000000,0.000000,-1.000000
0.016890933,2,62,snapshot,16384,6,1.000000,1.000000,1.000000,{"1":11},1.000000,0.000000,0.000000,0.000000,1.000000,0.000000,-1.000000
0.017204596,2,63,snapshot,64,11,1.000000,1.000000,1.000000,{"1":11},1.000000,0.000000,0.000000,0.000000,1.000000,0.000000,-1.000000
0.017204596,2,63,snapshot,256,11,1.000000,1.000000,1.000000,{"1":11},1.000000,0.000000,0.000000,0.000000,1.000000,0.000000,-1.000000
0.017204596,2,63,snapshot,1024,11,1.000000,1.000000,1.000000,{"1":11},1.000000,0.000000,0.000000,0.000000,1.000000,0.000000,-1.000000
0.017204596,2,63,snapshot,4096,11,1.000000,1.000000,1.000000,{"1":11},1.000000,0.000000,0.000000,0.000000,1.000000,0.000000,-1.000000
0.017204596,2,63,snapshot,16384,6,1.000000,1.000000,1.000000,{"1":11},1.000000,0.000000,0.000000,0.000000,1.000000,0.000000,-1.000000
0.017438322,2,64,snapshot,64,11,1.000000,1.000000,1.000000,{"1":11},1.000000,0.000000,0.000000,0.000000,1.000000,0.000000,-1.000000
0.017438322,2,64,snapshot,256,11,1.000000,1.000000,1.000000,{"1":11},1.000000,0.000000,0.000000,0.000000,1.000000,0.000000,-1.000000
0.017438322,2,64,snapshot,1024,11,1.000000,1.000000,1.000000,{"1":11},1.000000,0.000000,0.000000,0.000000,1.000000,0.000000,-1.000000
0.017438322,2,64,snapshot,4096,11,1.000000,1.000000,1.000000,{"1":11},1.000000,0.000000,0.000000,0.000000,1.000000,0.000000,-1.000000
0.017438322,2,64,snapshot,16384,6,1.000000,1.000000,1.000000,{"1":11},1.000000,0.000000,0.000000,0.000000,1.000000,0.000000,-1.000000
0.017677608,2,65,snapshot,64,11,1.000000,1.000000,1.000000,{"1":11},1.000000,0.000000,0.000000,0.000000,1.000000,0.000000,-1.000000
0.017677608,2,65,snapshot,256,11,1.000000,1.000000,1.000000,{"1":11},1.000000,0.000000,0.000000,0.000000,1.000000,0.000000,-1.000000
0.017677608,2,65,snapshot,1024,11,1.000000,1.000000,1.000000,{"1":11},1.000000,0.000000,0.000000,0.000000,1.000000,0.000000,-1.000000
0.017677608,2,65,snapshot,4096,11,1.000000,1.000000,1.000000,{"1":11},1.000000,0.000000,0.000000,0.000000,1.000000,0.000000,-1.000000
0.017677608,2,65,snapshot,16384,6,1.000000,1.000000,1.000000,{"1":11},1.000000,0.000000,0.000000,0.000000,1.000000,0.000000,-1.000000
0.017913350,2,66,snapshot,64,11,1.000000,1.000000,1.000000,{"1":11},1.000000,0.000000,0.000000,0.000000,1.000000,0.000000,-1.000000
0.017913350,2,66,snapshot,256,11,1.000000,1.000000,1.000000,{"1":11},1.000000,0.000000,0.000000,0.000000,1.000000,0.000000,-1.000000
0.017913350,2,66,snapshot,1024,11,1.000000,1.000000,1.000000,{"1":11},1.000000,0.000000,0.000000,0.000000,1.000000,0.000000,-1.000000
0.017913350,2,66,snapshot,4096,11,1.000000,1.000000,1.000000,{"1":11},1.000000,0.000000,0.000000,0.000000,1.000000,0.000000,-1.000000
0.017913350,2,66,snapshot,16384,6,1.000000,1.000000,1.000000,{"1":11},1.000000,0.000000,0.000000,0.000000,1.000000,0.000000,-1.000000
0.018279520,2,67,read_only,64,15,1.000000,1.000000,1.000000,{"1":15},1.000000,0.000000,0.000000,0.000000,1.000000,0.000000,-1.000000
0.018279520,2,67,union,64,15,1.000000,1.000000,1.000000,{"1":15},1.000000,0.000000,0.000000,0.000000,1.000000,0.000000,-1.000000
0.018279520,2,67,snapshot,64,26,1.000000,1.000000,1.000000,{"1":26},1.000000,0.000000,0.000000,0.000000,1.000000,0.000000,-1.000000
0.018279520,2,67,read_only,256,15,1.000000,1.000000,1.000000,{"1":15},1.000000,0.000000,0.000000,0.000000,1.000000,0.000000,-1.000000
0.018279520,2,67,union,256,15,1.000000,1.000000,1.000000,{"1":15},1.000000,0.000000,0.000000,0.000000,1.000000,0.000000,-1.000000
0.018279520,2,67,snapshot,256,26,1.000000,1.000000,1.000000,{"1":26},1.000000,0.000000,0.000000,0.000000,1.000000,0.000000,-1.000000
0.018279520,2,67,read_only,1024,15,1.000000,1.000000,1.000000,{"1":15},1.000000,0.000000,0.000000,0.000000,1.000000,0.000000,-1.000000
0.018279520,2,67,union,1024,15,1.000000,1.000000,1.000000,{"1":15},1.000000,0.000000,0.000000,0.000000,1.000000,0.000000,-1.000000
0.018279520,2,67,snapshot,1024,26,1.000000,1.000000,1.000000,{"1":26},1.000000,0.000000,0.000000,0.000000,1.000000,0.000000,-1.000000
0.018279520,2,67,read_only,4096,15,1.000000,1.000000,1.000000,{"1":15},1.000000,0.000000,0.000000,0.000000,1.000000,0.000000,-1.000000
0.018279520,2,67,union,4096,15,1.000000,1.000000,1.000000,{"1":15},1.000000,0.000000,0.000000,0.000000,1.000000,0.000000,-1.000000
0.018279520,2,67,snapshot,4096,26,1.000000,1.000000,1.000000,{"1":26},1.000000,0.000000,0.000000,0.000000,1.000000,0.000000,-1.000000
0.018279520,2,67,read_only,16384,6,0.666667,0.916667,0.666667,{"1":15},0.666667,0.333333,0.000000,0.000000,0.666667,0.000000,0.000000
0.018279520,2,67,union,16384,6,0.666667,0.916667,0.666667,{"1":15},0.666667,0.333333,0.000000,0.000000,0.666667,0.000000,0.000000
0.018279520,2,67,snapshot,16384,12,0.833333,0.958333,0.833333,{"1":26},0.833333,0.166667,0.000000,0.000000,0.833333,0.000000,0.000000
0.018604276,2,68,snapshot,64,26,1.000000,1.000000,1.000000,{"1":26},1.000000,0.000000,0.000000,0.000000,1.000000,0.000000,-1.000000
0.018604276,2,68,snapshot,256,26,1.000000,1.000000,1.000000,{"1":26},1.000000,0.000000,0.000000,0.000000,1.000000,0.000000,-1.000000
0.018604276,2,68,snapshot,1024,26,1.000000,1.000000,1.000000,{"1":26},1.000000,0.000000,0.000000,0.000000,1.000000,0.000000,-1.000000
0.018604276,2,68,snapshot,4096,26,1.000000,1.000000,1.000000,{"1":26},1.000000,0.000000,0.000000,0.000000,1.000000,0.000000,-1.000000
0.018604276,2,68,snapshot,16384,12,0.833333,0.958333,0.833333,{"1":26},0.833333,0.166667,0.000000,0.000000,0.833333,0.000000,0.000000
0.018838806,2,69,read_only,64,4,1.000000,1.000000,1.000000,{"1":4},1.000000,0.000000,0.000000,0.000000,1.000000,0.000000,-1.000000
0.018838806,2,69,union,64,4,1.000000,1.000000,1.000000,{"1":4},1.000000,0.000000,0.000000,0.000000,1.000000,0.000000,-1.000000
0.018838806,2,69,snapshot,64,30,1.000000,1.000000,1.000000,{"1":30},1.000000,0.000000,0.000000,0.000000,1.000000,0.000000,-1.000000
0.018838806,2,69,read_only,256,4,1.000000,1.000000,1.000000,{"1":4},1.000000,0.000000,0.000000,0.000000,1.000000,0.000000,-1.000000
0.018838806,2,69,union,256,4,1.000000,1.000000,1.000000,{"1":4},1.000000,0.000000,0.000000,0.000000,1.000000,0.000000,-1.000000
0.018838806,2,69,snapshot,256,30,1.000000,1.000000,1.000000,{"1":30},1.000000,0.000000,0.000000,0.000000,1.000000,0.000000,-1.000000
0.018838806,2,69,read_only,1024,4,1.000000,1.000000,1.000000,{"1":4},1.000000,0.000000,0.000000,0.000000,1.000000,0.000000,-1.000000
0.018838806,2,69,union,1024,4,1.000000,1.000000,1.000000,{"1":4},1.000000,0.000000,0.000000,0.000000,1.000000,0.000000,-1.000000
0.018838806,2,69,snapshot,1024,30,1.000000,1.000000,1.000000,{"1":30},1.000000,0.000000,0.000000,0.000000,1.000000,0.000000,-1.000000
0.018838806,2,69,read_only,4096,4,1.000000,1.000000,1.000000,{"1":4},1.000000,0.000000,0.000000,0.000000,1.000000,0.000000,-1.000000
0.018838806,2,69,union,4096,4,1.000000,1.000000,1.000000,{"1":4},1.000000,0.000000,0.000000,0.000000,1.000000,0.000000,-1.000000
0.018838806,2,69,snapshot,4096,30,1.000000,1.000000,1.000000,{"1":30},1.000000,0.000000,0.000000,0.000000,1.000000,0.000000,-1.000000
0.018838806,2,69,read_only,16384,1,1.000000,1.000000,1.000000,{"1":4},1.000000,0.000000,0.000000,0.000000,1.000000,0.000000,-1.000000
0.018838806,2,69,union,16384,1,1.000000,1.000000,1.000000,{"1":4},1.000000,0.000000,0.000000,0.000000,1.000000,0.000000,-1.000000
0.018838806,2,69,snapshot,16384,13,0.846154,0.961538,0.846154,{"1":30},0.846154,0.153846,0.000000,0.000000,0.846154,0.000000,0.000000
0.019130017,2,70,read_only,64,6,1.000000,1.000000,1.000000,{"1":6},1.000000,0.000000,0.000000,0.000000,1.000000,0.000000,-1.000000
0.019130017,2,70,union,64,6,1.000000,1.000000,1.000000,{"1":6},1.000000,0.000000,0.000000,0.000000,1.000000,0.000000,-1.000000
0.019130017,2,70,snapshot,64,6,1.000000,1.000000,1.000000,{"1":6},1.000000,0.000000,0.000000,0.000000,1.000000,0.000000,-1.000000
0.019130017,2,70,read_only,256,6,1.000000,1.000000,1.000000,{"1":6},1.000000,0.000000,0.000000,0.000000,1.000000,0.000000,-1.000000
0.019130017,2,70,union,256,6,1.000000,1.000000,1.000000,{"1":6},1.000000,0.000000,0.000000,0.000000,1.000000,0.000000,-1.000000
0.019130017,2,70,snapshot,256,6,1.000000,1.000000,1.000000,{"1":6},1.000000,0.000000,0.000000,0.000000,1.000000,0.000000,-1.000000
0.019130017,2,70,read_only,1024,6,1.000000,1.000000,1.000000,{"1":6},1.000000,0.000000,0.000000,0.000000,1.000000,0.000000,-1.000000
0.019130017,2,70,union,1024,6,1.000000,1.000000,1.000000,{"1":6},1.000000,0.000000,0.000000,0.000000,1.000000,0.000000,-1.000000
0.019130017,2,70,snapshot,1024,6,1.000000,1.000000,1.000000,{"1":6},1.000000,0.000000,0.000000,0.000000,1.000000,0.000000,-1.000000
0.019130017,2,70,read_only,4096,6,1.000000,1.000000,1.000000,{"1":6},1.000000,0.000000,0.000000,0.000000,1.000000,0.000000,-1.000000
0.019130017,2,70,union,4096,6,1.000000,1.000000,1.000000,{"1":6},1.000000,0.000000,0.000000,0.000000,1.000000,0.000000,-1.000000
0.019130017,2,70,snapshot,4096,6,1.000000,1.000000,1.000000,{"1":6},1.000000,0.000000,0.000000,0.000000,1.000000,0.000000,-1.000000
0.019130017,2,70,read_only,16384,3,0.333333,0.722222,0.333333,{"1":6},0.333333,0.666667,0.000000,0.000000,0.333333,0.000000,0.000000
0.019130017,2,70,union,16384,3,0.333333,0.722222,0.333333,{"1":6},0.333333,0.666667,0.000000,0.000000,0.333333,0.000000,0.000000
0.019130017,2,70,snapshot,16384,3,0.333333,0.722222,0.333333,{"1":6},0.333333,0.666667,0.000000,0.000000,0.333333,0.000000,0.000000
0.019373037,2,71,snapshot,64,6,1.000000,1.000000,1.000000,{"1":6},1.000000,0.000000,0.000000,0.000000,1.000000,0.000000,-1.000000
0.019373037,2,71,snapshot,256,6,1.000000,1.000000,1.000000,{"1":6},1.000000,0.000000,0.000000,0.000000,1.000000,0.000000,-1.000000
0.019373037,2,71,snapshot,1024,6,1.000000,1.000000,1.000000,{"1":6},1.000000,0.000000,0.000000,0.000000,1.000000,0.000000,-1.000000
0.019373037,2,71,snapshot,4096,6,1.000000,1.000000,1.000000,{"1":6},1.000000,0.000000,0.000000,0.000000,1.000000,0.000000,-1.000000
0.019373037,2,71,snapshot,16384,3,0.333333,0.722222,0.333333,{"1":6},0.333333,0.666667,0.000000,0.000000,0.333333,0.000000,0.000000
0.019758246,2,72,read_only,64,22,1.000000,1.000000,1.000000,{"1":22},1.000000,0.000000,0.000000,0.000000,1.000000,0.000000,-1.000000
0.019758246,2,72,union,64,22,1.000000,1.000000,1.000000,{"1":22},1.000000,0.000000,0.000000,0.000000,1.000000,0.000000,-1.000000
0.019758246,2,72,snapshot,64,28,1.000000,1.000000,1.000000,{"1":28},1.000000,0.000000,0.000000,0.000000,1.000000,0.000000,-1.000000
0.019758246,2,72,read_only,256,22,1.000000,1.000000,1.000000,{"1":22},1.000000,0.000000,0.000000,0.000000,1.000000,0.000000,-1.000000
0.019758246,2,72,union,256,22,1.000000,1.000000,1.000000,{"1":22},1.000000,0.000000,0.000000,0.000000,1.000000,0.000000,-1.000000
0.019758246,2,72,snapshot,256,28,1.000000,1.000000,1.000000,{"1":28},1.000000,0.000000,0.000000,0.000000,1.000000,0.000000,-1.000000
0.019758246,2,72,read_only,1024,22,1.000000,1.000000,1.000000,{"1":22},1.000000,0.000000,0.000000,0.000000,1.000000,0.000000,-1.000000
0.019758246,2,72,union,1024,22,1.000000,1.000000,1.000000,{"1":22},1.000000,0.000000,0.000000,0.000000,1.000000,0.000000,-1.000000
0.019758246,2,72,snapshot,1024,28,1.000000,1.000000,1.000000,{"1":28},1.000000,0.000000,0.000000,0.000000,1.000000,0.000000,-1.000000
0.019758246,2,72,read_only,4096,22,1.000000,1.000000,1.000000,{"1":22},1.000000,0.000000,0.000000,0.000000,1.000000,0.000000,-1.000000
0.019758246,2,72,union,4096,22,1.000000,1.000000,1.000000,{"1":22},1.000000,0.000000,0.000000,0.000000,1.000000,0.000000,-1.000000
0.019758246,2,72,snapshot,4096,28,1.000000,1.000000,1.000000,{"1":28},1.000000,0.000000,0.000000,0.000000,1.000000,0.000000,-1.000000
0.019758246,2,72,read_only,16384,11,0.909091,0.954545,0.909091,{"1":22},0.909091,0.090909,0.000000,0.000000,0.909091,0.000000,0.000000
0.019758246,2,72,union,16384,11,0.909091,0.954545,0.909091,{"1":22},0.909091,0.090909,0.000000,0.000000,0.909091,0.000000,0.000000
0.019758246,2,72,snapshot,16384,13,0.769231,0.897436,0.769231,{"1":28},0.769231,0.153846,0.076923,0.000000,0.769231,0.000000,0.000000
0.020036387,2,73,read_only,64,4,1.000000,1.000000,1.000000,{"1":4},1.000000,0.000000,0.000000,0.000000,1.000000,0.000000,-1.000000
0.020036387,2,73,union,64,4,1.000000,1.000000,1.000000,{"1":4},1.000000,0.000000,0.000000,0.000000,1.000000,0.000000,-1.000000
0.020036387,2,73,snapshot,64,32,1.000000,1.000000,1.000000,{"1":32},1.000000,0.000000,0.000000,0.000000,1.000000,0.000000,-1.000000
0.020036387,2,73,read_only,256,4,1.000000,1.000000,1.000000,{"1":4},1.000000,0.000000,0.000000,0.000000,1.000000,0.000000,-1.000000
0.020036387,2,73,union,256,4,1.000000,1.000000,1.000000,{"1":4},1.000000,0.000000,0.000000,0.000000,1.000000,0.000000,-1.000000
0.020036387,2,73,snapshot,256,32,1.000000,1.000000,1.000000,{"1":32},1.000000,0.000000,0.000000,0.000000,1.000000,0.000000,-1.000000
0.020036387,2,73,read_only,1024,4,1.000000,1.000000,1.000000,{"1":4},1.000000,0.000000,0.000000,0.000000,1.000000,0.000000,-1.000000
0.020036387,2,73,union,1024,4,1.000000,1.000000,1.000000,{"1":4},1.000000,0.000000,0.000000,0.000000,1.000000,0.000000,-1.000000
0.020036387,2,73,snapshot,1024,32,1.000000,1.000000,1.000000,{"1":32},1.000000,0.000000,0.000000,0.000000,1.000000,0.000000,-1.000000
0.020036387,2,73,read_only,4096,4,1.000000,1.000000,1.000000,{"1":4},1.000000,0.000000,0.000000,0.000000,1.000000,0.000000,-1.000000
0.020036387,2,73,union,4096,4,1.000000,1.000000,1.000000,{"1":4},1.000000,0.000000,0.000000,0.000000,1.000000,0.000000,-1.000000
0.020036387,2,73,snapshot,4096,32,1.000000,1.000000,1.000000,{"1":32},1.000000,0.000000,0.000000,0.000000,1.000000,0.000000,-1.000000
0.020036387,2,73,read_only,16384,2,1.000000,1.000000,1.000000,{"1":4},1.000000,0.000000,0.000000,0.000000,1.000000,0.000000,-1.000000
0.020036387,2,73,union,16384,2,1.000000,1.000000,1.000000,{"1":4},1.000000,0.000000,0.000000,0.000000,1.000000,0.000000,-1.000000
0.020036387,2,73,snapshot,16384,13,0.692308,0.858974,0.692308,{"1":32},0.692308,0.230769,0.076923,0.000000,0.692308,0.000000,0.000000
0.020319008,2,74,snapshot,64,32,1.000000,1.000000,1.000000,{"1":32},1.000000,0.000000,0.000000,0.000000,1.000000,0.000000,-1.000000
0.020319008,2,74,snapshot,256,32,1.000000,1.000000,1.000000,{"1":32},1.000000,0.000000,0.000000,0.000000,1.000000,0.000000,-1.000000
0.020319008,2,74,snapshot,1024,32,1.000000,1.000000,1.000000,{"1":32},1.000000,0.000000,0.000000,0.000000,1.000000,0.000000,-1.000000
0.020319008,2,74,snapshot,4096,32,1.000000,1.000000,1.000000,{"1":32},1.000000,0.000000,0.000000,0.000000,1.000000,0.000000,-1.000000
0.020319008,2,74,snapshot,16384,13,0.692308,0.858974,0.692308,{"1":32},0.692308,0.230769,0.076923,0.000000,0.692308,0.000000,0.000000
0.020659477,2,75,snapshot,64,32,1.000000,1.000000,1.000000,{"1":32},1.000000,0.000000,0.000000,0.000000,1.000000,0.000000,-1.000000
0.020659477,2,75,snapshot,256,32,1.000000,1.000000,1.000000,{"1":32},1.000000,0.000000,0.000000,0.000000,1.000000,0.000000,-1.000000
0.020659477,2,75,snapshot,1024,32,1.000000,1.000000,1.000000,{"1":32},1.000000,0.000000,0.000000,0.000000,1.000000,0.000000,-1.000000
0.020659477,2,75,snapshot,4096,32,1.000000,1.000000,1.000000,{"1":32},1.000000,0.000000,0.000000,0.000000,1.000000,0.000000,-1.000000
0.020659477,2,75,snapshot,16384,13,0.692308,0.858974,0.692308,{"1":32},0.692308,0.230769,0.076923,0.000000,0.692308,0.000000,0.000000
0.020891609,2,76,snapshot,64,32,1.000000,1.000000,1.000000,{"1":32},1.000000,0.000000,0.000000,0.000000,1.000000,0.000000,-1.000000
0.020891609,2,76,snapshot,256,32,1.000000,1.000000,1.000000,{"1":32},1.000000,0.000000,0.000000,0.000000,1.000000,0.000000,-1.000000
0.020891609,2,76,snapshot,1024,32,1.000000,1.000000,1.000000,{"1":32},1.000000,0.000000,0.000000,0.000000,1.000000,0.000000,-1.000000
0.020891609,2,76,snapshot,4096,32,1.000000,1.000000,1.000000,{"1":32},1.000000,0.000000,0.000000,0.000000,1.000000,0.000000,-1.000000
0.020891609,2,76,snapshot,16384,13,0.692308,0.858974,0.692308,{"1":32},0.692308,0.230769,0.076923,0.000000,0.692308,0.000000,0.000000
0.021126681,2,77,read_only,64,16,1.000000,1.000000,1.000000,{"1":16},1.000000,0.000000,0.000000,0.000000,1.000000,0.000000,-1.000000
0.021126681,2,77,union,64,16,1.000000,1.000000,1.000000,{"1":16},1.000000,0.000000,0.000000,0.000000,1.000000,0.000000,-1.000000
0.021126681,2,77,snapshot,64,48,1.000000,1.000000,1.000000,{"1":48},1.000000,0.000000,0.000000,0.000000,1.000000,0.000000,-1.000000
0.021126681,2,77,read_only,256,16,1.000000,1.000000,1.000000,{"1":16},1.000000,0.000000,0.000000,0.000000,1.000000,0.000000,-1.000000
0.021126681,2,77,union,256,16,1.000000,1.000000,1.000000,{"1":16},1.000000,0.000000,0.000000,0.000000,1.000000,0.000000,-1.000000
0.021126681,2,77,snapshot,256,48,1.000000,1.000000,1.000000,{"1":48},1.000000,0.000000,0.000000,0.000000,1.000000,0.000000,-1.000000
0.021126681,2,77,read_only,1024,16,1.000000,1.000000,1.000000,{"1":16},1.000000,0.000000,0.000000,0.000000,1.000000,0.000000,-1.000000
0.021126681,2,77,union,1024,16,1.000000,1.000000,1.000000,{"1":16},1.000000,0.000000,0.000000,0.000000,1.000000,0.000000,-1.000000
0.021126681,2,77,snapshot,1024,48,1.000000,1.000000,1.000000,{"1":48},1.000000,0.000000,0.000000,0.000000,1.000000,0.000000,-1.000000
0.021126681,2,77,read_only,4096,16,1.000000,1.000000,1.000000,{"1":16},1.000000,0.000000,0.000000,0.000000,1.000000,0.000000,-1.000000
0.021126681,2,77,union,4096,16,1.000000,1.000000,1.000000,{"1":16},1.000000,0.000000,0.000000,0.000000,1.000000,0.000000,-1.000000
0.021126681,2,77,snapshot,4096,48,1.000000,1.000000,1.000000,{"1":48},1.000000,0.000000,0.000000,0.000000,1.000000,0.000000,-1.000000
0.021126681,2,77,read_only,16384,10,1.000000,1.000000,1.000000,{"1":16},1.000000,0.000000,0.000000,0.000000,1.000000,0.000000,-1.000000
0.021126681,2,77,union,16384,10,1.000000,1.000000,1.000000,{"1":16},1.000000,0.000000,0.000000,0.000000,1.000000,0.000000,-1.000000
0.021126681,2,77,snapshot,16384,23,0.826087,0.920290,0.826087,{"1":48},0.826087,0.130435,0.043478,0.000000,0.826087,0.000000,0.000000
0.021407851,2,78,read_only,64,123,1.000000,1.000000,1.000000,{"1":123},1.000000,0.000000,0.000000,0.000000,1.000000,0.000000,-1.000000
0.021407851,2,78,union,64,123,1.000000,1.000000,1.000000,{"1":123},1.000000,0.000000,0.000000,0.000000,1.000000,0.000000,-1.000000
0.021407851,2,78,snapshot,64,171,1.000000,1.000000,1.000000,{"1":171},1.000000,0.000000,0.000000,0.000000,1.000000,0.000000,-1.000000
0.021407851,2,78,read_only,256,123,1.000000,1.000000,1.000000,{"1":123},1.000000,0.000000,0.000000,0.000000,1.000000,0.000000,-1.000000
0.021407851,2,78,union,256,123,1.000000,1.000000,1.000000,{"1":123},1.000000,0.000000,0.000000,0.000000,1.000000,0.000000,-1.000000
0.021407851,2,78,snapshot,256,171,1.000000,1.000000,1.000000,{"1":171},1.000000,0.000000,0.000000,0.000000,1.000000,0.000000,-1.000000
0.021407851,2,78,read_only,1024,123,1.000000,1.000000,1.000000,{"1":123},1.000000,0.000000,0.000000,0.000000,1.000000,0.000000,-1.000000
0.021407851,2,78,union,1024,123,1.000000,1.000000,1.000000,{"1":123},1.000000,0.000000,0.000000,0.000000,1.000000,0.000000,-1.000000
0.021407851,2,78,snapshot,1024,171,1.000000,1.000000,1.000000,{"1":171},1.000000,0.000000,0.000000,0.000000,1.000000,0.000000,-1.000000
0.021407851,2,78,read_only,4096,123,1.000000,1.000000,1.000000,{"1":123},1.000000,0.000000,0.000000,0.000000,1.000000,0.000000,-1.000000
0.021407851,2,78,union,4096,123,1.000000,1.000000,1.000000,{"1":123},1.000000,0.000000,0.000000,0.000000,1.000000,0.000000,-1.000000
0.021407851,2,78,snapshot,4096,171,1.000000,1.000000,1.000000,{"1":171},1.000000,0.000000,0.000000,0.000000,1.000000,0.000000,-1.000000
0.021407851,2,78,read_only,16384,35,0.942857,0.980952,0.942857,{"1":123},0.942857,0.057143,0.000000,0.000000,0.942857,0.000000,0.000000
0.021407851,2,78,union,16384,35,0.942857,0.980952,0.942857,{"1":123},0.942857,0.057143,0.000000,0.000000,0.942857,0.000000,0.000000
0.021407851,2,78,snapshot,16384,50,0.880000,0.953333,0.880000,{"1":171},0.880000,0.100000,0.020000,0.000000,0.880000,0.000000,0.000000
0.021658504,2,79,snapshot,64,171,1.000000,1.000000,1.000000,{"1":171},1.000000,0.000000,0.000000,0.000000,1.000000,0.000000,-1.000000
0.021658504,2,79,snapshot,256,171,1.000000,1.000000,1.000000,{"1":171},1.000000,0.000000,0.000000,0.000000,1.000000,0.000000,-1.000000
0.021658504,2,79,snapshot,1024,171,1.000000,1.000000,1.000000,{"1":171},1.000000,0.000000,0.000000,0.000000,1.000000,0.000000,-1.000000
0.021658504,2,79,snapshot,4096,171,1.000000,1.000000,1.000000,{"1":171},1.000000,0.000000,0.000000,0.000000,1.000000,0.000000,-1.000000
0.021658504,2,79,snapshot,16384,50,0.880000,0.953333,0.880000,{"1":171},0.880000,0.100000,0.020000,0.000000,0.880000,0.000000,0.000000
0.021900131,2,80,read_only,64,3,1.000000,1.000000,1.000000,{"1":3},1.000000,0.000000,0.000000,0.000000,1.000000,0.000000,-1.000000
0.021900131,2,80,union,64,3,1.000000,1.000000,1.000000,{"1":3},1.000000,0.000000,0.000000,0.000000,1.000000,0.000000,-1.000000
0.021900131,2,80,snapshot,64,174,1.000000,1.000000,1.000000,{"1":174},1.000000,0.000000,0.000000,0.000000,1.000000,0.000000,-1.000000
0.021900131,2,80,read_only,256,3,1.000000,1.000000,1.000000,{"1":3},1.000000,0.000000,0.000000,0.000000,1.000000,0.000000,-1.000000
0.021900131,2,80,union,256,3,1.000000,1.000000,1.000000,{"1":3},1.000000,0.000000,0.000000,0.000000,1.000000,0.000000,-1.000000
0.021900131,2,80,snapshot,256,174,1.000000,1.000000,1.000000,{"1":174},1.000000,0.000000,0.000000,0.000000,1.000000,0.000000,-1.000000
0.021900131,2,80,read_only,1024,3,1.000000,1.000000,1.000000,{"1":3},1.000000,0.000000,0.000000,0.000000,1.000000,0.000000,-1.000000
0.021900131,2,80,union,1024,3,1.000000,1.000000,1.000000,{"1":3},1.000000,0.000000,0.000000,0.000000,1.000000,0.000000,-1.000000
0.021900131,2,80,snapshot,1024,174,1.000000,1.000000,1.000000,{"1":174},1.000000,0.000000,0.000000,0.000000,1.000000,0.000000,-1.000000
0.021900131,2,80,read_only,4096,3,1.000000,1.000000,1.000000,{"1":3},1.000000,0.000000,0.000000,0.000000,1.000000,0.000000,-1.000000
0.021900131,2,80,union,4096,3,1.000000,1.000000,1.000000,{"1":3},1.000000,0.000000,0.000000,0.000000,1.000000,0.000000,-1.000000
0.021900131,2,80,snapshot,4096,174,1.000000,1.000000,1.000000,{"1":174},1.000000,0.000000,0.000000,0.000000,1.000000,0.000000,-1.000000
0.021900131,2,80,read_only,16384,3,1.000000,1.000000,1.000000,{"1":3},1.000000,0.000000,0.000000,0.000000,1.000000,0.000000,-1.000000
0.021900131,2,80,union,16384,3,1.000000,1.000000,1.000000,{"1":3},1.000000,0.000000,0.000000,0.000000,1.000000,0.000000,-1.000000
0.021900131,2,80,snapshot,16384,50,0.880000,0.953333,0.880000,{"1":174},0.880000,0.100000,0.020000,0.000000,0.880000,0.000000,0.000000
0.022202602,2,81,read_only,64,148,1.000000,1.000000,1.000000,{"1":147,"2":1},0.993243,0.006757,0.000000,0.000000,0.993243,0.006757,1.000000
0.022202602,2,81,union,64,148,1.000000,1.000000,1.000000,{"1":147,"2":1},0.993243,0.006757,0.000000,0.000000,0.993243,0.006757,1.000000
0.022202602,2,81,snapshot,64,322,1.000000,1.000000,1.000000,{"1":321,"2":1},0.996894,0.003106,0.000000,0.000000,0.996894,0.003106,1.000000
0.022202602,2,81,read_only,256,148,1.000000,1.000000,1.000000,{"1":147,"2":1},0.993243,0.006757,0.000000,0.000000,0.993243,0.006757,1.000000
0.022202602,2,81,union,256,148,1.000000,1.000000,1.000000,{"1":147,"2":1},0.993243,0.006757,0.000000,0.000000,0.993243,0.006757,1.000000
0.022202602,2,81,snapshot,256,322,1.000000,1.000000,1.000000,{"1":321,"2":1},0.996894,0.003106,0.000000,0.000000,0.996894,0.003106,1.000000
0.022202602,2,81,read_only,1024,148,1.000000,1.000000,1.000000,{"1":147,"2":1},0.993243,0.006757,0.000000,0.000000,0.993243,0.006757,1.000000
0.022202602,2,81,union,1024,148,1.000000,1.000000,1.000000,{"1":147,"2":1},0.993243,0.006757,0.000000,0.000000,0.993243,0.006757,1.000000
0.022202602,2,81,snapshot,1024,322,1.000000,1.000000,1.000000,{"1":321,"2":1},0.996894,0.003106,0.000000,0.000000,0.996894,0.003106,1.000000
0.022202602,2,81,read_only,4096,148,1.000000,1.000000,1.000000,{"1":147,"2":1},0.993243,0.006757,0.000000,0.000000,0.993243,0.006757,1.000000
0.022202602,2,81,union,4096,148,1.000000,1.000000,1.000000,{"1":147,"2":1},0.993243,0.006757,0.000000,0.000000,0.993243,0.006757,1.000000
0.022202602,2,81,snapshot,4096,322,1.000000,1.000000,1.000000,{"1":321,"2":1},0.996894,0.003106,0.000000,0.000000,0.996894,0.003106,1.000000
0.022202602,2,81,read_only,16384,40,0.925000,0.975000,0.925000,{"1":147,"2":1},0.925000,0.075000,0.000000,0.000000,0.925000,0.000000,0.000000
0.022202602,2,81,union,16384,40,0.925000,0.975000,0.925000,{"1":147,"2":1},0.925000,0.075000,0.000000,0.000000,0.925000,0.000000,0.000000
0.022202602,2,81,snapshot,16384,87,0.896552,0.961686,0.896552,{"1":321,"2":1},0.896552,0.091954,0.011494,0.000000,0.896552,0.000000,0.000000
0.022446561,2,82,read_only,64,2,1.000000,1.000000,1.000000,{"1":2},1.000000,0.000000,0.000000,0.000000,1.000000,0.000000,-1.000000
0.022446561,2,82,union,64,2,1.000000,1.000000,1.000000,{"1":2},1.000000,0.000000,0.000000,0.000000,1.000000,0.000000,-1.000000
0.022446561,2,82,snapshot,64,324,1.000000,1.000000,1.000000,{"1":323,"2":1},0.996914,0.003086,0.000000,0.000000,0.996914,0.003086,1.000000
0.022446561,2,82,read_only,256,2,1.000000,1.000000,1.000000,{"1":2},1.000000,0.000000,0.000000,0.000000,1.000000,0.000000,-1.000000
0.022446561,2,82,union,256,2,1.000000,1.000000,1.000000,{"1":2},1.000000,0.000000,0.000000,0.000000,1.000000,0.000000,-1.000000
0.022446561,2,82,snapshot,256,324,1.000000,1.000000,1.000000,{"1":323,"2":1},0.996914,0.003086,0.000000,0.000000,0.996914,0.003086,1.000000
0.022446561,2,82,read_only,1024,2,1.000000,1.000000,1.000000,{"1":2},1.000000,0.000000,0.000000,0.000000,1.000000,0.000000,-1.000000
0.022446561,2,82,union,1024,2,1.000000,1.000000,1.000000,{"1":2},1.000000,0.000000,0.000000,0.000000,1.000000,0.000000,-1.000000
0.022446561,2,82,snapshot,1024,324,1.000000,1.000000,1.000000,{"1":323,"2":1},0.996914,0.003086,0.000000,0.000000,0.996914,0.003086,1.000000
0.022446561,2,82,read_only,4096,2,1.000000,1.000000,1.000000,{"1":2},1.000000,0.000000,0.000000,0.000000,1.000000,0.000000,-1.000000
0.022446561,2,82,union,4096,2,1.000000,1.000000,1.000000,{"1":2},1.000000,0.000000,0.000000,0.000000,1.000000,0.000000,-1.000000
0.022446561,2,82,snapshot,4096,324,1.000000,1.000000,1.000000,{"1":323,"2":1},0.996914,0.003086,0.000000,0.000000,0.996914,0.003086,1.000000
0.022446561,2,82,read_only,16384,1,1.000000,1.000000,1.000000,{"1":2},1.000000,0.000000,0.000000,0.000000,1.000000,0.000000,-1.000000
0.022446561,2,82,union,16384,1,1.000000,1.000000,1.000000,{"1":2},1.000000,0.000000,0.000000,0.000000,1.000000,0.000000,-1.000000
0.022446561,2,82,snapshot,16384,88,0.897727,0.962121,0.897727,{"1":323,"2":1},0.897727,0.090909,0.011364,0.000000,0.897727,0.000000,0.000000
0.022688146,2,83,snapshot,64,324,1.000000,1.000000,1.000000,{"1":323,"2":1},0.996914,0.003086,0.000000,0.000000,0.996914,0.003086,1.000000
0.022688146,2,83,snapshot,256,324,1.000000,1.000000,1.000000,{"1":323,"2":1},0.996914,0.003086,0.000000,0.000000,0.996914,0.003086,1.000000
0.022688146,2,83,snapshot,1024,324,1.000000,1.000000,1.000000,{"1":323,"2":1},0.996914,0.003086,0.000000,0.000000,0.996914,0.003086,1.000000
0.022688146,2,83,snapshot,4096,324,1.000000,1.000000,1.000000,{"1":323,"2":1},0.996914,0.003086,0.000000,0.000000,0.996914,0.003086,1.000000
0.022688146,2,83,snapshot,16384,88,0.897727,0.962121,0.897727,{"1":323,"2":1},0.897727,0.090909,0.011364,0.000000,0.897727,0.000000,0.000000
0.022930975,2,84,read_only,64,18,1.000000,1.000000,1.000000,{"1":18},1.000000,0.000000,0.000000,0.000000,1.000000,0.000000,-1.000000
0.022930975,2,84,union,64,18,1.000000,1.000000,1.000000,{"1":18},1.000000,0.000000,0.000000,0.000000,1.000000,0.000000,-1.000000
0.022930975,2,84,snapshot,64,342,1.000000,1.000000,1.000000,{"1":341,"2":1},0.997076,0.002924,0.000000,0.000000,0.997076,0.002924,1.000000
0.022930975,2,84,read_only,256,18,1.000000,1.000000,1.000000,{"1":18},1.000000,0.000000,0.000000,0.000000,1.000000,0.000000,-1.000000
0.022930975,2,84,union,256,18,1.000000,1.000000,1.000000,{"1":18},1.000000,0.000000,0.000000,0.000000,1.000000,0.000000,-1.000000
0.022930975,2,84,snapshot,256,342,1.000000,1.000000,1.000000,{"1":341,"2":1},0.997076,0.002924,0.000000,0.000000,0.997076,0.002924,1.000000
0.022930975,2,84,read_only,1024,18,1.000000,1.000000,1.000000,{"1":18},1.000000,0.000000,0.000000,0.000000,1.000000,0.000000,-1.000000
0.022930975,2,84,union,1024,18,1.000000,1.000000,1.000000,{"1":18},1.000000,0.000000,0.000000,0.000000,1.000000,0.000000,-1.000000
0.022930975,2,84,snapshot,1024,342,1.000000,1.000000,1.000000,{"1":341,"2":1},0.997076,0.002924,0.000000,0.000000,0.997076,0.002924,1.000000
0.022930975,2,84,read_only,4096,18,1.000000,1.000000,1.000000,{"1":18},1.000000,0.000000,0.000000,0.000000,1.000000,0.000000,-1.000000
0.022930975,2,84,union,4096,18,1.000000,1.000000,1.000000,{"1":18},1.000000,0.000000,0.000000,0.000000,1.000000,0.000000,-1.000000
0.022930975,2,84,snapshot,4096,342,1.000000,1.000000,1.000000,{"1":341,"2":1},0.997076,0.002924,0.000000,0.000000,0.997076,0.002924,1.000000
0.022930975,2,84,read_only,16384,6,0.666667,0.916667,0.666667,{"1":18},0.666667,0.333333,0.000000,0.000000,0.666667,0.000000,0.000000
0.022930975,2,84,union,16384,6,0.666667,0.916667,0.666667,{"1":18},0.666667,0.333333,0.000000,0.000000,0.666667,0.000000,0.000000
0.022930975,2,84,snapshot,16384,94,0.882979,0.959220,0.882979,{"1":341,"2":1},0.882979,0.106383,0.010638,0.000000,0.882979,0.000000,0.000000
0.023165239,2,85,read_only,64,6,1.000000,1.000000,1.000000,{"1":6},1.000000,0.000000,0.000000,0.000000,1.000000,0.000000,-1.000000
0.023165239,2,85,union,64,6,1.000000,1.000000,1.000000,{"1":6},1.000000,0.000000,0.000000,0.000000,1.000000,0.000000,-1.000000
0.023165239,2,85,snapshot,64,348,1.000000,1.000000,1.000000,{"1":347,"2":1},0.997126,0.002874,0.000000,0.000000,0.997126,0.002874,1.000000
0.023165239,2,85,read_only,256,6,1.000000,1.000000,1.000000,{"1":6},1.000000,0.000000,0.000000,0.000000,1.000000,0.000000,-1.000000
0.023165239,2,85,union,256,6,1.000000,1.000000,1.000000,{"1":6},1.000000,0.000000,0.000000,0.000000,1.000000,0.000000,-1.000000
0.023165239,2,85,snapshot,256,348,1.000000,1.000000,1.000000,{"1":347,"2":1},0.997126,0.002874,0.000000,0.000000,0.997126,0.002874,1.000000
0.023165239,2,85,read_only,1024,6,1.000000,1.000000,1.000000,{"1":6},1.000000,0.000000,0.000000,0.000000,1.000000,0.000000,-1.000000
0.023165239,2,85,union,1024,6,1.000000,1.000000,1.000000,{"1":6},1.000000,0.000000,0.000000,0.000000,1.000000,0.000000,-1.000000
0.023165239,2,85,snapshot,1024,348,1.000000,1.000000,1.000000,{"1":347,"2":1},0.997126,0.002874,0.000000,0.000000,0.997126,0.002874,1.000000
0.023165239,2,85,read_only,4096,6,1.000000,1.000000,1.000000,{"1":6},1.000000,0.000000,0.000000,0.000000,1.000000,0.000000,-1.000000
0.023165239,2,85,union,4096,6,1.000000,1.000000,1.000000,{"1":6},1.000000,0.000000,0.000000,0.000000,1.000000,0.000000,-1.000000
0.023165239,2,85,snapshot,4096,348,1.000000,1.000000,1.000000,{"1":347,"2":1},0.997126,0.002874,0.000000,0.000000,0.997126,0.002874,1.000000
0.023165239,2,85,read_only,16384,2,1.000000,1.000000,1.000000,{"1":6},1.000000,0.000000,0.000000,0.000000,1.000000,0.000000,-1.000000
0.023165239,2,85,union,16384,2,1.000000,1.000000,1.000000,{"1":6},1.000000,0.000000,0.000000,0.000000,1.000000,0.000000,-1.000000
0.023165239,2,85,snapshot,16384,96,0.885417,0.960069,0.885417,{"1":347,"2":1},0.885417,0.104167,0.010417,0.000000,0.885417,0.000000,0.000000
0.023399903,2,86,snapshot,64,348,1.000000,1.000000,1.000000,{"1":347,"2":1},0.997126,0.002874,0.000000,0.000000,0.997126,0.002874,1.000000
0.023399903,2,86,snapshot,256,348,1.000000,1.000000,1.000000,{"1":347,"2":1},0.997126,0.002874,0.000000,0.000000,0.997126,0.002874,1.000000
0.023399903,2,86,snapshot,1024,348,1.000000,1.000000,1.000000,{"1":347,"2":1},0.997126,0.002874,0.000000,0.000000,0.997126,0.002874,1.000000
0.023399903,2,86,snapshot,4096,348,1.000000,1.000000,1.000000,{"1":347,"2":1},0.997126,0.002874,0.000000,0.000000,0.997126,0.002874,1.000000
0.023399903,2,86,snapshot,16384,96,0.885417,0.960069,0.885417,{"1":347,"2":1},0.885417,0.104167,0.010417,0.000000,0.885417,0.000000,0.000000
0.023632998,2,87,snapshot,64,348,1.000000,1.000000,1.000000,{"1":347,"2":1},0.997126,0.002874,0.000000,0.000000,0.997126,0.002874,1.000000
0.023632998,2,87,snapshot,256,348,1.000000,1.000000,1.000000,{"1":347,"2":1},0.997126,0.002874,0.000000,0.000000,0.997126,0.002874,1.000000
0.023632998,2,87,snapshot,1024,348,1.000000,1.000000,1.000000,{"1":347,"2":1},0.997126,0.002874,0.000000,0.000000,0.997126,0.002874,1.000000
0.023632998,2,87,snapshot,4096,348,1.000000,1.000000,1.000000,{"1":347,"2":1},0.997126,0.002874,0.000000,0.000000,0.997126,0.002874,1.000000
0.023632998,2,87,snapshot,16384,96,0.885417,0.960069,0.885417,{"1":347,"2":1},0.885417,0.104167,0.010417,0.000000,0.885417,0.000000,0.000000
0.023868768,2,88,read_only,64,1,1.000000,1.000000,1.000000,{"1":1},1.000000,0.000000,0.000000,0.000000,1.000000,0.000000,-1.000000
0.023868768,2,88,union,64,1,1.000000,1.000000,1.000000,{"1":1},1.000000,0.000000,0.000000,0.000000,1.000000,0.000000,-1.000000
0.023868768,2,88,snapshot,64,349,1.000000,1.000000,1.000000,{"1":348,"2":1},0.997135,0.002865,0.000000,0.000000,0.997135,0.002865,1.000000
0.023868768,2,88,read_only,256,1,1.000000,1.000000,1.000000,{"1":1},1.000000,0.000000,0.000000,0.000000,1.000000,0.000000,-1.000000
0.023868768,2,88,union,256,1,1.000000,1.000000,1.000000,{"1":1},1.000000,0.000000,0.000000,0.000000,1.000000,0.000000,-1.000000
0.023868768,2,88,snapshot,256,349,1.000000,1.000000,1.000000,{"1":348,"2":1},0.997135,0.002865,0.000000,0.000000,0.997135,0.002865,1.000000
0.023868768,2,88,read_only,1024,1,1.000000,1.000000,1.000000,{"1":1},1.000000,0.000000,0.000000,0.000000,1.000000,0.000000,-1.000000
0.023868768,2,88,union,1024,1,1.000000,1.000000,1.000000,{"1":1},1.000000,0.000000,0.000000,0.000000,1.000000,0.000000,-1.000000
0.023868768,2,88,snapshot,1024,349,1.000000,1.000000,1.000000,{"1":348,"2":1},0.997135,0.002865,0.000000,0.000000,0.997135,0.002865,1.000000
0.023868768,2,88,read_only,4096,1,1.000000,1.000000,1.000000,{"1":1},1.000000,0.000000,0.000000,0.000000,1.000000,0.000000,-1.000000
0.023868768,2,88,union,4096,1,1.000000,1.000000,1.000000,{"1":1},1.000000,0.000000,0.000000,0.000000,1.000000,0.000000,-1.000000
0.023868768,2,88,snapshot,4096,349,1.000000,1.000000,1.000000,{"1":348,"2":1},0.997135,0.002865,0.000000,0.000000,0.997135,0.002865,1.000000
0.023868768,2,88,read_only,16384,1,1.000000,1.000000,1.000000,{"1":1},1.000000,0.000000,0.000000,0.000000,1.000000,0.000000,-1.000000
0.023868768,2,88,union,16384,1,1.000000,1.000000,1.000000,{"1":1},1.000000,0.000000,0.000000,0.000000,1.000000,0.000000,-1.000000
0.023868768,2,88,snapshot,16384,96,0.885417,0.958333,0.885417,{"1":348,"2":1},0.885417,0.104167,0.010417,0.000000,0.885417,0.000000,0.000000
0.024103106,2,89,snapshot,64,349,1.000000,1.000000,1.000000,{"1":348,"2":1},0.997135,0.002865,0.000000,0.000000,0.997135,0.002865,1.000000
0.024103106,2,89,snapshot,256,349,1.000000,1.000000,1.000000,{"1":348,"2":1},0.997135,0.002865,0.000000,0.000000,0.997135,0.002865,1.000000
0.024103106,2,89,snapshot,1024,349,1.000000,1.000000,1.000000,{"1":348,"2":1},0.997135,0.002865,0.000000,0.000000,0.997135,0.002865,1.000000
0.024103106,2,89,snapshot,4096,349,1.000000,1.000000,1.000000,{"1":348,"2":1},0.997135,0.002865,0.000000,0.000000,0.997135,0.002865,1.000000
0.024103106,2,89,snapshot,16384,96,0.885417,0.958333,0.885417,{"1":348,"2":1},0.885417,0.104167,0.010417,0.000000,0.885417,0.000000,0.000000
0.024335398,2,90,snapshot,64,349,1.000000,1.000000,1.000000,{"1":348,"2":1},0.997135,0.002865,0.000000,0.000000,0.997135,0.002865,1.000000
0.024335398,2,90,snapshot,256,349,1.000000,1.000000,1.000000,{"1":348,"2":1},0.997135,0.002865,0.000000,0.000000,0.997135,0.002865,1.000000
0.024335398,2,90,snapshot,1024,349,1.000000,1.000000,1.000000,{"1":348,"2":1},0.997135,0.002865,0.000000,0.000000,0.997135,0.002865,1.000000
0.024335398,2,90,snapshot,4096,349,1.000000,1.000000,1.000000,{"1":348,"2":1},0.997135,0.002865,0.000000,0.000000,0.997135,0.002865,1.000000
0.024335398,2,90,snapshot,16384,96,0.885417,0.958333,0.885417,{"1":348,"2":1},0.885417,0.104167,0.010417,0.000000,0.885417,0.000000,0.000000
0.024568572,2,91,snapshot,64,349,1.000000,1.000000,1.000000,{"1":348,"2":1},0.997135,0.002865,0.000000,0.000000,0.997135,0.002865,1.000000
0.024568572,2,91,snapshot,256,349,1.000000,1.000000,1.000000,{"1":348,"2":1},0.997135,0.002865,0.000000,0.000000,0.997135,0.002865,1.000000
0.024568572,2,91,snapshot,1024,349,1.000000,1.000000,1.000000,{"1":348,"2":1},0.997135,0.002865,0.000000,0.000000,0.997135,0.002865,1.000000
0.024568572,2,91,snapshot,4096,349,1.000000,1.000000,1.000000,{"1":348,"2":1},0.997135,0.002865,0.000000,0.000000,0.997135,0.002865,1.000000
0.024568572,2,91,snapshot,16384,96,0.885417,0.958333,0.885417,{"1":348,"2":1},0.885417,0.104167,0.010417,0.000000,0.885417,0.000000,0.000000
0.024801600,2,92,snapshot,64,349,1.000000,1.000000,1.000000,{"1":348,"2":1},0.997135,0.002865,0.000000,0.000000,0.997135,0.002865,1.000000
0.024801600,2,92,snapshot,256,349,1.000000,1.000000,1.000000,{"1":348,"2":1},0.997135,0.002865,0.000000,0.000000,0.997135,0.002865,1.000000
0.024801600,2,92,snapshot,1024,349,1.000000,1.000000,1.000000,{"1":348,"2":1},0.997135,0.002865,0.000000,0.000000,0.997135,0.002865,1.000000
0.024801600,2,92,snapshot,4096,349,1.000000,1.000000,1.000000,{"1":348,"2":1},0.997135,0.002865,0.000000,0.000000,0.997135,0.002865,1.000000
0.024801600,2,92,snapshot,16384,96,0.885417,0.958333,0.885417,{"1":348,"2":1},0.885417,0.104167,0.010417,0.000000,0.885417,0.000000,0.000000
0.025058802,2,93,snapshot,64,349,1.000000,1.000000,1.000000,{"1":348,"2":1},0.997135,0.002865,0.000000,0.000000,0.997135,0.002865,1.000000
0.025058802,2,93,snapshot,256,349,1.000000,1.000000,1.000000,{"1":348,"2":1},0.997135,0.002865,0.000000,0.000000,0.997135,0.002865,1.000000
0.025058802,2,93,snapshot,1024,349,1.000000,1.000000,1.000000,{"1":348,"2":1},0.997135,0.002865,0.000000,0.000000,0.997135,0.002865,1.000000
0.025058802,2,93,snapshot,4096,349,1.000000,1.000000,1.000000,{"1":348,"2":1},0.997135,0.002865,0.000000,0.000000,0.997135,0.002865,1.000000
0.025058802,2,93,snapshot,16384,96,0.885417,0.958333,0.885417,{"1":348,"2":1},0.885417,0.104167,0.010417,0.000000,0.885417,0.000000,0.000000
0.025306853,2,94,read_only,64,1,1.000000,1.000000,1.000000,{"1":1},1.000000,0.000000,0.000000,0.000000,1.000000,0.000000,-1.000000
0.025306853,2,94,union,64,1,1.000000,1.000000,1.000000,{"1":1},1.000000,0.000000,0.000000,0.000000,1.000000,0.000000,-1.000000
0.025306853,2,94,snapshot,64,350,1.000000,1.000000,1.000000,{"1":349,"2":1},0.997143,0.002857,0.000000,0.000000,0.997143,0.002857,1.000000
0.025306853,2,94,read_only,256,1,1.000000,1.000000,1.000000,{"1":1},1.000000,0.000000,0.000000,0.000000,1.000000,0.000000,-1.000000
0.025306853,2,94,union,256,1,1.000000,1.000000,1.000000,{"1":1},1.000000,0.000000,0.000000,0.000000,1.000000,0.000000,-1.000000
0.025306853,2,94,snapshot,256,350,1.000000,1.000000,1.000000,{"1":349,"2":1},0.997143,0.002857,0.000000,0.000000,0.997143,0.002857,1.000000
0.025306853,2,94,read_only,1024,1,1.000000,1.000000,1.000000,{"1":1},1.000000,0.000000,0.000000,0.000000,1.000000,0.000000,-1.000000
0.025306853,2,94,union,1024,1,1.000000,1.000000,1.000000,{"1":1},1.000000,0.000000,0.000000,0.000000,1.000000,0.000000,-1.000000
0.025306853,2,94,snapshot,1024,350,1.000000,1.000000,1.000000,{"1":349,"2":1},0.997143,0.002857,0.000000,0.000000,0.997143,0.002857,1.000000
0.025306853,2,94,read_only,4096,1,1.000000,1.000000,1.000000,{"1":1},1.000000,0.000000,0.000000,0.000000,1.000000,0.000000,-1.000000
0.025306853,2,94,union,4096,1,1.000000,1.000000,1.000000,{"1":1},1.000000,0.000000,0.000000,0.000000,1.000000,0.000000,-1.000000
0.025306853,2,94,snapshot,4096,350,1.000000,1.000000,1.000000,{"1":349,"2":1},0.997143,0.002857,0.000000,0.000000,0.997143,0.002857,1.000000
0.025306853,2,94,read_only,16384,1,1.000000,1.000000,1.000000,{"1":1},1.000000,0.000000,0.000000,0.000000,1.000000,0.000000,-1.000000
0.025306853,2,94,union,16384,1,1.000000,1.000000,1.000000,{"1":1},1.000000,0.000000,0.000000,0.000000,1.000000,0.000000,-1.000000
0.025306853,2,94,snapshot,16384,97,0.886598,0.958763,0.886598,{"1":349,"2":1},0.886598,0.103093,0.010309,0.000000,0.886598,0.000000,0.000000
0.025541677,2,95,read_only,64,19,1.000000,1.000000,1.000000,{"1":19},1.000000,0.000000,0.000000,0.000000,1.000000,0.000000,-1.000000
0.025541677,2,95,union,64,19,1.000000,1.000000,1.000000,{"1":19},1.000000,0.000000,0.000000,0.000000,1.000000,0.000000,-1.000000
0.025541677,2,95,snapshot,64,369,1.000000,1.000000,1.000000,{"1":368,"2":1},0.997290,0.002710,0.000000,0.000000,0.997290,0.002710,1.000000
0.025541677,2,95,read_only,256,19,1.000000,1.000000,1.000000,{"1":19},1.000000,0.000000,0.000000,0.000000,1.000000,0.000000,-1.000000
0.025541677,2,95,union,256,19,1.000000,1.000000,1.000000,{"1":19},1.000000,0.000000,0.000000,0.000000,1.000000,0.000000,-1.000000
0.025541677,2,95,snapshot,256,369,1.000000,1.000000,1.000000,{"1":368,"2":1},0.997290,0.002710,0.000000,0.000000,0.997290,0.002710,1.000000
0.025541677,2,95,read_only,1024,19,1.000000,1.000000,1.000000,{"1":19},1.000000,0.000000,0.000000,0.000000,1.000000,0.000000,-1.000000
0.025541677,2,95,union,1024,19,1.000000,1.000000,1.000000,{"1":19},1.000000,0.000000,0.000000,0.000000,1.000000,0.000000,-1.000000
0.025541677,2,95,snapshot,1024,369,1.000000,1.000000,1.000000,{"1":368,"2":1},0.997290,0.002710,0.000000,0.000000,0.997290,0.002710,1.000000
0.025541677,2,95,read_only,4096,19,1.000000,1.000000,1.000000,{"1":19},1.000000,0.000000,0.000000,0.000000,1.000000,0.000000,-1.000000
0.025541677,2,95,union,4096,19,1.000000,1.000000,1.000000,{"1":19},1.000000,0.000000,0.000000,0.000000,1.000000,0.000000,-1.000000
0.025541677,2,95,snapshot,4096,369,1.000000,1.000000,1.000000,{"1":368,"2":1},0.997290,0.002710,0.000000,0.000000,0.997290,0.002710,1.000000
0.025541677,2,95,read_only,16384,9,1.000000,1.000000,1.000000,{"1":19},1.000000,0.000000,0.000000,0.000000,1.000000,0.000000,-1.000000
0.025541677,2,95,union,16384,9,1.000000,1.000000,1.000000,{"1":19},1.000000,0.000000,0.000000,0.000000,1.000000,0.000000,-1.000000
0.025541677,2,95,snapshot,16384,106,0.896226,0.962264,0.896226,{"1":368,"2":1},0.896226,0.094340,0.009434,0.000000,0.896226,0.000000,0.000000
0.025782620,2,96,read_only,64,49,1.000000,1.000000,1.000000,{"1":49},1.000000,0.000000,0.000000,0.000000,1.000000,0.000000,-1.000000
0.025782620,2,96,union,64,49,1.000000,1.000000,1.000000,{"1":49},1.000000,0.000000,0.000000,0.000000,1.000000,0.000000,-1.000000
0.025782620,2,96,snapshot,64,418,1.000000,1.000000,1.000000,{"1":417,"2":1},0.997608,0.002392,0.000000,0.000000,0.997608,0.002392,1.000000
0.025782620,2,96,read_only,256,49,1.000000,1.000000,1.000000,{"1":49},1.000000,0.000000,0.000000,0.000000,1.000000,0.000000,-1.000000
0.025782620,2,96,union,256,49,1.000000,1.000000,1.000000,{"1":49},1.000000,0.000000,0.000000,0.000000,1.000000,0.000000,-1.000000
0.025782620,2,96,snapshot,256,418,1.000000,1.000000,1.000000,{"1":417,"2":1},0.997608,0.002392,0.000000,0.000000,0.997608,0.002392,1.000000
0.025782620,2,96,read_only,1024,49,1.000000,1.000000,1.000000,{"1":49},1.000000,0.000000,0.000000,0.000000,1.000000,0.000000,-1.000000
0.025782620,2,96,union,1024,49,1.000000,1.000000,1.000000,{"1":49},1.000000,0.000000,0.000000,0.000000,1.000000,0.000000,-1.000000
0.025782620,2,96,snapshot,1024,418,1.000000,1.000000,1.000000,{"1":417,"2":1},0.997608,0.002392,0.000000,0.000000,0.997608,0.002392,1.000000
0.025782620,2,96,read_only,4096,49,1.000000,1.000000,1.000000,{"1":49},1.000000,0.000000,0.000000,0.000000,1.000000,0.000000,-1.000000
0.025782620,2,96,union,4096,49,1.000000,1.000000,1.000000,{"1":49},1.000000,0.000000,0.000000,0.000000,1.000000,0.000000,-1.000000
0.025782620,2,96,snapshot,4096,418,1.000000,1.000000,1.000000,{"1":417,"2":1},0.997608,0.002392,0.000000,0.000000,0.997608,0.002392,1.000000
0.025782620,2,96,read_only,16384,18,1.000000,1.000000,1.000000,{"1":49},1.000000,0.000000,0.000000,0.000000,1.000000,0.000000,-1.000000
0.025782620,2,96,union,16384,18,1.000000,1.000000,1.000000,{"1":49},1.000000,0.000000,0.000000,0.000000,1.000000,0.000000,-1.000000
0.025782620,2,96,snapshot,16384,117,0.905983,0.965812,0.905983,{"1":417,"2":1},0.905983,0.085470,0.008547,0.000000,0.905983,0.000000,0.000000
0.026015905,2,97,snapshot,64,418,1.000000,1.000000,1.000000,{"1":417,"2":1},0.997608,0.002392,0.000000,0.000000,0.997608,0.002392,1.000000
0.026015905,2,97,snapshot,256,418,1.000000,1.000000,1.000000,{"1":417,"2":1},0.997608,0.002392,0.000000,0.000000,0.997608,0.002392,1.000000
0.026015905,2,97,snapshot,1024,418,1.000000,1.000000,1.000000,{"1":417,"2":1},0.997608,0.002392,0.000000,0.000000,0.997608,0.002392,1.000000
0.026015905,2,97,snapshot,4096,418,1.000000,1.000000,1.000000,{"1":417,"2":1},0.997608,0.002392,0.000000,0.000000,0.997608,0.002392,1.000000
0.026015905,2,97,snapshot,16384,117,0.905983,0.965812,0.905983,{"1":417,"2":1},0.905983,0.085470,0.008547,0.000000,0.905983,0.000000,0.000000
0.026573357,2,98,snapshot,64,418,1.000000,1.000000,1.000000,{"1":417,"2":1},0.997608,0.002392,0.000000,0.000000,0.997608,0.002392,1.000000
0.026573357,2,98,snapshot,256,418,1.000000,1.000000,1.000000,{"1":417,"2":1},0.997608,0.002392,0.000000,0.000000,0.997608,0.002392,1.000000
0.026573357,2,98,snapshot,1024,418,1.000000,1.000000,1.000000,{"1":417,"2":1},0.997608,0.002392,0.000000,0.000000,0.997608,0.002392,1.000000
0.026573357,2,98,snapshot,4096,418,1.000000,1.000000,1.000000,{"1":417,"2":1},0.997608,0.002392,0.000000,0.000000,0.997608,0.002392,1.000000
0.026573357,2,98,snapshot,16384,117,0.905983,0.965812,0.905983,{"1":417,"2":1},0.905983,0.085470,0.008547,0.000000,0.905983,0.000000,0.000000
0.026808541,2,99,snapshot,64,418,1.000000,1.000000,1.000000,{"1":417,"2":1},0.997608,0.002392,0.000000,0.000000,0.997608,0.002392,1.000000
0.026808541,2,99,snapshot,256,418,1.000000,1.000000,1.000000,{"1":417,"2":1},0.997608,0.002392,0.000000,0.000000,0.997608,0.002392,1.000000
0.026808541,2,99,snapshot,1024,418,1.000000,1.000000,1.000000,{"1":417,"2":1},0.997608,0.002392,0.000000,0.000000,0.997608,0.002392,1.000000
0.026808541,2,99,snapshot,4096,418,1.000000,1.000000,1.000000,{"1":417,"2":1},0.997608,0.002392,0.000000,0.000000,0.997608,0.002392,1.000000
0.026808541,2,99,snapshot,16384,117,0.905983,0.965812,0.905983,{"1":417,"2":1},0.905983,0.085470,0.008547,0.000000,0.905983,0.000000,0.000000
0.027040903,2,100,snapshot,64,418,1.000000,1.000000,1.000000,{"1":417,"2":1},0.997608,0.002392,0.000000,0.000000,0.997608,0.002392,1.000000
0.027040903,2,100,snapshot,256,418,1.000000,1.000000,1.000000,{"1":417,"2":1},0.997608,0.002392,0.000000,0.000000,0.997608,0.002392,1.000000
0.027040903,2,100,snapshot,1024,418,1.000000,1.000000,1.000000,{"1":417,"2":1},0.997608,0.002392,0.000000,0.000000,0.997608,0.002392,1.000000
0.027040903,2,100,snapshot,4096,418,1.000000,1.000000,1.000000,{"1":417,"2":1},0.997608,0.002392,0.000000,0.000000,0.997608,0.002392,1.000000
0.027040903,2,100,snapshot,16384,117,0.905983,0.965812,0.905983,{"1":417,"2":1},0.905983,0.085470,0.008547,0.000000,0.905983,0.000000,0.000000
0.027273185,2,101,snapshot,64,418,1.000000,1.000000,1.000000,{"1":417,"2":1},0.997608,0.002392,0.000000,0.000000,0.997608,0.002392,1.000000
0.027273185,2,101,snapshot,256,418,1.000000,1.000000,1.000000,{"1":417,"2":1},0.997608,0.002392,0.000000,0.000000,0.997608,0.002392,1.000000
0.027273185,2,101,snapshot,1024,418,1.000000,1.000000,1.000000,{"1":417,"2":1},0.997608,0.002392,0.000000,0.000000,0.997608,0.002392,1.000000
0.027273185,2,101,snapshot,4096,418,1.000000,1.000000,1.000000,{"1":417,"2":1},0.997608,0.002392,0.000000,0.000000,0.997608,0.002392,1.000000
0.027273185,2,101,snapshot,16384,117,0.905983,0.965812,0.905983,{"1":417,"2":1},0.905983,0.085470,0.008547,0.000000,0.905983,0.000000,0.000000
0.027505441,2,102,snapshot,64,418,1.000000,1.000000,1.000000,{"1":417,"2":1},0.997608,0.002392,0.000000,0.000000,0.997608,0.002392,1.000000
0.027505441,2,102,snapshot,256,418,1.000000,1.000000,1.000000,{"1":417,"2":1},0.997608,0.002392,0.000000,0.000000,0.997608,0.002392,1.000000
0.027505441,2,102,snapshot,1024,418,1.000000,1.000000,1.000000,{"1":417,"2":1},0.997608,0.002392,0.000000,0.000000,0.997608,0.002392,1.000000
0.027505441,2,102,snapshot,4096,418,1.000000,1.000000,1.000000,{"1":417,"2":1},0.997608,0.002392,0.000000,0.000000,0.997608,0.002392,1.000000
0.027505441,2,102,snapshot,16384,117,0.905983,0.965812,0.905983,{"1":417,"2":1},0.905983,0.085470,0.008547,0.000000,0.905983,0.000000,0.000000
0.027739925,2,103,snapshot,64,418,1.000000,1.000000,1.000000,{"1":417,"2":1},0.997608,0.002392,0.000000,0.000000,0.997608,0.002392,1.000000
0.027739925,2,103,snapshot,256,418,1.000000,1.000000,1.000000,{"1":417,"2":1},0.997608,0.002392,0.000000,0.000000,0.997608,0.002392,1.000000
0.027739925,2,103,snapshot,1024,418,1.000000,1.000000,1.000000,{"1":417,"2":1},0.997608,0.002392,0.000000,0.000000,0.997608,0.002392,1.000000
0.027739925,2,103,snapshot,4096,418,1.000000,1.000000,1.000000,{"1":417,"2":1},0.997608,0.002392,0.000000,0.000000,0.997608,0.002392,1.000000
0.027739925,2,103,snapshot,16384,117,0.905983,0.965812,0.905983,{"1":417,"2":1},0.905983,0.085470,0.008547,0.000000,0.905983,0.000000,0.000000
0.027976548,2,104,snapshot,64,418,1.000000,1.000000,1.000000,{"1":417,"2":1},0.997608,0.002392,0.000000,0.000000,0.997608,0.002392,1.000000
0.027976548,2,104,snapshot,256,418,1.000000,1.000000,1.000000,{"1":417,"2":1},0.997608,0.002392,0.000000,0.000000,0.997608,0.002392,1.000000
0.027976548,2,104,snapshot,1024,418,1.000000,1.000000,1.000000,{"1":417,"2":1},0.997608,0.002392,0.000000,0.000000,0.997608,0.002392,1.000000
0.027976548,2,104,snapshot,4096,418,1.000000,1.000000,1.000000,{"1":417,"2":1},0.997608,0.002392,0.000000,0.000000,0.997608,0.002392,1.000000
0.027976548,2,104,snapshot,16384,117,0.905983,0.965812,0.905983,{"1":417,"2":1},0.905983,0.085470,0.008547,0.000000,0.905983,0.000000,0.000000
0.028208841,2,105,snapshot,64,418,1.000000,1.000000,1.000000,{"1":417,"2":1},0.997608,0.002392,0.000000,0.000000,0.997608,0.002392,1.000000
0.028208841,2,105,snapshot,256,418,1.000000,1.000000,1.000000,{"1":417,"2":1},0.997608,0.002392,0.000000,0.000000,0.997608,0.002392,1.000000
0.028208841,2,105,snapshot,1024,418,1.000000,1.000000,1.000000,{"1":417,"2":1},0.997608,0.002392,0.000000,0.000000,0.997608,0.002392,1.000000
0.028208841,2,105,snapshot,4096,418,1.000000,1.000000,1.000000,{"1":417,"2":1},0.997608,0.002392,0.000000,0.000000,0.997608,0.002392,1.000000
0.028208841,2,105,snapshot,16384,117,0.905983,0.965812,0.905983,{"1":417,"2":1},0.905983,0.085470,0.008547,0.000000,0.905983,0.000000,0.000000
0.028664118,2,106,snapshot,64,418,1.000000,1.000000,1.000000,{"1":417,"2":1},0.997608,0.002392,0.000000,0.000000,0.997608,0.002392,1.000000
0.028664118,2,106,snapshot,256,418,1.000000,1.000000,1.000000,{"1":417,"2":1},0.997608,0.002392,0.000000,0.000000,0.997608,0.002392,1.000000
0.028664118,2,106,snapshot,1024,418,1.000000,1.000000,1.000000,{"1":417,"2":1},0.997608,0.002392,0.000000,0.000000,0.997608,0.002392,1.000000
0.028664118,2,106,snapshot,4096,418,1.000000,1.000000,1.000000,{"1":417,"2":1},0.997608,0.002392,0.000000,0.000000,0.997608,0.002392,1.000000
0.028664118,2,106,snapshot,16384,117,0.905983,0.965812,0.905983,{"1":417,"2":1},0.905983,0.085470,0.008547,0.000000,0.905983,0.000000,0.000000
0.028897013,2,107,snapshot,64,418,1.000000,1.000000,1.000000,{"1":417,"2":1},0.997608,0.002392,0.000000,0.000000,0.997608,0.002392,1.000000
0.028897013,2,107,snapshot,256,418,1.000000,1.000000,1.000000,{"1":417,"2":1},0.997608,0.002392,0.000000,0.000000,0.997608,0.002392,1.000000
0.028897013,2,107,snapshot,1024,418,1.000000,1.000000,1.000000,{"1":417,"2":1},0.997608,0.002392,0.000000,0.000000,0.997608,0.002392,1.000000
0.028897013,2,107,snapshot,4096,418,1.000000,1.000000,1.000000,{"1":417,"2":1},0.997608,0.002392,0.000000,0.000000,0.997608,0.002392,1.000000
0.028897013,2,107,snapshot,16384,117,0.905983,0.965812,0.905983,{"1":417,"2":1},0.905983,0.085470,0.008547,0.000000,0.905983,0.000000,0.000000
0.029129271,2,108,snapshot,64,418,1.000000,1.000000,1.000000,{"1":417,"2":1},0.997608,0.002392,0.000000,0.000000,0.997608,0.002392,1.000000
0.029129271,2,108,snapshot,256,418,1.000000,1.000000,1.000000,{"1":417,"2":1},0.997608,0.002392,0.000000,0.000000,0.997608,0.002392,1.000000
0.029129271,2,108,snapshot,1024,418,1.000000,1.000000,1.000000,{"1":417,"2":1},0.997608,0.002392,0.000000,0.000000,0.997608,0.002392,1.000000
0.029129271,2,108,snapshot,4096,418,1.000000,1.000000,1.000000,{"1":417,"2":1},0.997608,0.002392,0.000000,0.000000,0.997608,0.002392,1.000000
0.029129271,2,108,snapshot,16384,117,0.905983,0.965812,0.905983,{"1":417,"2":1},0.905983,0.085470,0.008547,0.000000,0.905983,0.000000,0.000000
0.029364620,2,109,snapshot,64,418,1.000000,1.000000,1.000000,{"1":417,"2":1},0.997608,0.002392,0.000000,0.000000,0.997608,0.002392,1.000000
0.029364620,2,109,snapshot,256,418,1.000000,1.000000,1.000000,{"1":417,"2":1},0.997608,0.002392,0.000000,0.000000,0.997608,0.002392,1.000000
0.029364620,2,109,snapshot,1024,418,1.000000,1.000000,1.000000,{"1":417,"2":1},0.997608,0.002392,0.000000,0.000000,0.997608,0.002392,1.000000
0.029364620,2,109,snapshot,4096,418,1.000000,1.000000,1.000000,{"1":417,"2":1},0.997608,0.002392,0.000000,0.000000,0.997608,0.002392,1.000000
0.029364620,2,109,snapshot,16384,117,0.905983,0.965812,0.905983,{"1":417,"2":1},0.905983,0.085470,0.008547,0.000000,0.905983,0.000000,0.000000
0.029596856,2,110,snapshot,64,418,1.000000,1.000000,1.000000,{"1":417,"2":1},0.997608,0.002392,0.000000,0.000000,0.997608,0.002392,1.000000
0.029596856,2,110,snapshot,256,418,1.000000,1.000000,1.000000,{"1":417,"2":1},0.997608,0.002392,0.000000,0.000000,0.997608,0.002392,1.000000
0.029596856,2,110,snapshot,1024,418,1.000000,1.000000,1.000000,{"1":417,"2":1},0.997608,0.002392,0.000000,0.000000,0.997608,0.002392,1.000000
0.029596856,2,110,snapshot,4096,418,1.000000,1.000000,1.000000,{"1":417,"2":1},0.997608,0.002392,0.000000,0.000000,0.997608,0.002392,1.000000
0.029596856,2,110,snapshot,16384,117,0.905983,0.965812,0.905983,{"1":417,"2":1},0.905983,0.085470,0.008547,0.000000,0.905983,0.000000,0.000000
0.029829986,2,111,snapshot,64,418,1.000000,1.000000,1.000000,{"1":417,"2":1},0.997608,0.002392,0.000000,0.000000,0.997608,0.002392,1.000000
0.029829986,2,111,snapshot,256,418,1.000000,1.000000,1.000000,{"1":417,"2":1},0.997608,0.002392,0.000000,0.000000,0.997608,0.002392,1.000000
0.029829986,2,111,snapshot,1024,418,1.000000,1.000000,1.000000,{"1":417,"2":1},0.997608,0.002392,0.000000,0.000000,0.997608,0.002392,1.000000
0.029829986,2,111,snapshot,4096,418,1.000000,1.000000,1.000000,{"1":417,"2":1},0.997608,0.002392,0.000000,0.000000,0.997608,0.002392,1.000000
0.029829986,2,111,snapshot,16384,117,0.905983,0.965812,0.905983,{"1":417,"2":1},0.905983,0.085470,0.008547,0.000000,0.905983,0.000000,0.000000
0.030063342,2,112,snapshot,64,418,1.000000,1.000000,1.000000,{"1":417,"2":1},0.997608,0.002392,0.000000,0.000000,0.997608,0.002392,1.000000
0.030063342,2,112,snapshot,256,418,1.000000,1.000000,1.000000,{"1":417,"2":1},0.997608,0.002392,0.000000,0.000000,0.997608,0.002392,1.000000
0.030063342,2,112,snapshot,1024,418,1.000000,1.000000,1.000000,{"1":417,"2":1},0.997608,0.002392,0.000000,0.000000,0.997608,0.002392,1.000000
0.030063342,2,112,snapshot,4096,418,1.000000,1.000000,1.000000,{"1":417,"2":1},0.997608,0.002392,0.000000,0.000000,0.997608,0.002392,1.000000
0.030063342,2,112,snapshot,16384,117,0.905983,0.965812,0.905983,{"1":417,"2":1},0.905983,0.085470,0.008547,0.000000,0.905983,0.000000,0.000000
0.030296206,2,113,snapshot,64,418,1.000000,1.000000,1.000000,{"1":417,"2":1},0.997608,0.002392,0.000000,0.000000,0.997608,0.002392,1.000000
0.030296206,2,113,snapshot,256,418,1.000000,1.000000,1.000000,{"1":417,"2":1},0.997608,0.002392,0.000000,0.000000,0.997608,0.002392,1.000000
0.030296206,2,113,snapshot,1024,418,1.000000,1.000000,1.000000,{"1":417,"2":1},0.997608,0.002392,0.000000,0.000000,0.997608,0.002392,1.000000
0.030296206,2,113,snapshot,4096,418,1.000000,1.000000,1.000000,{"1":417,"2":1},0.997608,0.002392,0.000000,0.000000,0.997608,0.002392,1.000000
0.030296206,2,113,snapshot,16384,117,0.905983,0.965812,0.905983,{"1":417,"2":1},0.905983,0.085470,0.008547,0.000000,0.905983,0.000000,0.000000
0.030608064,2,114,snapshot,64,418,1.000000,1.000000,1.000000,{"1":417,"2":1},0.997608,0.002392,0.000000,0.000000,0.997608,0.002392,1.000000
0.030608064,2,114,snapshot,256,418,1.000000,1.000000,1.000000,{"1":417,"2":1},0.997608,0.002392,0.000000,0.000000,0.997608,0.002392,1.000000
0.030608064,2,114,snapshot,1024,418,1.000000,1.000000,1.000000,{"1":417,"2":1},0.997608,0.002392,0.000000,0.000000,0.997608,0.002392,1.000000
0.030608064,2,114,snapshot,4096,418,1.000000,1.000000,1.000000,{"1":417,"2":1},0.997608,0.002392,0.000000,0.000000,0.997608,0.002392,1.000000
0.030608064,2,114,snapshot,16384,117,0.905983,0.965812,0.905983,{"1":417,"2":1},0.905983,0.085470,0.008547,0.000000,0.905983,0.000000,0.000000
0.030840337,2,115,snapshot,64,418,1.000000,1.000000,1.000000,{"1":417,"2":1},0.997608,0.002392,0.000000,0.000000,0.997608,0.002392,1.000000
0.030840337,2,115,snapshot,256,418,1.000000,1.000000,1.000000,{"1":417,"2":1},0.997608,0.002392,0.000000,0.000000,0.997608,0.002392,1.000000
0.030840337,2,115,snapshot,1024,418,1.000000,1.000000,1.000000,{"1":417,"2":1},0.997608,0.002392,0.000000,0.000000,0.997608,0.002392,1.000000
0.030840337,2,115,snapshot,4096,418,1.000000,1.000000,1.000000,{"1":417,"2":1},0.997608,0.002392,0.000000,0.000000,0.997608,0.002392,1.000000
0.030840337,2,115,snapshot,16384,117,0.905983,0.965812,0.905983,{"1":417,"2":1},0.905983,0.085470,0.008547,0.000000,0.905983,0.000000,0.000000
0.031072592,2,116,snapshot,64,418,1.000000,1.000000,1.000000,{"1":417,"2":1},0.997608,0.002392,0.000000,0.000000,0.997608,0.002392,1.000000
0.031072592,2,116,snapshot,256,418,1.000000,1.000000,1.000000,{"1":417,"2":1},0.997608,0.002392,0.000000,0.000000,0.997608,0.002392,1.000000
0.031072592,2,116,snapshot,1024,418,1.000000,1.000000,1.000000,{"1":417,"2":1},0.997608,0.002392,0.000000,0.000000,0.997608,0.002392,1.000000
0.031072592,2,116,snapshot,4096,418,1.000000,1.000000,1.000000,{"1":417,"2":1},0.997608,0.002392,0.000000,0.000000,0.997608,0.002392,1.000000
0.031072592,2,116,snapshot,16384,117,0.905983,0.965812,0.905983,{"1":417,"2":1},0.905983,0.085470,0.008547,0.000000,0.905983,0.000000,0.000000
0.031305420,2,117,snapshot,64,418,1.000000,1.000000,1.000000,{"1":417,"2":1},0.997608,0.002392,0.000000,0.000000,0.997608,0.002392,1.000000
0.031305420,2,117,snapshot,256,418,1.000000,1.000000,1.000000,{"1":417,"2":1},0.997608,0.002392,0.000000,0.000000,0.997608,0.002392,1.000000
0.031305420,2,117,snapshot,1024,418,1.000000,1.000000,1.000000,{"1":417,"2":1},0.997608,0.002392,0.000000,0.000000,0.997608,0.002392,1.000000
0.031305420,2,117,snapshot,4096,418,1.000000,1.000000,1.000000,{"1":417,"2":1},0.997608,0.002392,0.000000,0.000000,0.997608,0.002392,1.000000
0.031305420,2,117,snapshot,16384,117,0.905983,0.965812,0.905983,{"1":417,"2":1},0.905983,0.085470,0.008547,0.000000,0.905983,0.000000,0.000000
0.031538677,2,118,snapshot,64,418,1.000000,1.000000,1.000000,{"1":417,"2":1},0.997608,0.002392,0.000000,0.000000,0.997608,0.002392,1.000000
0.031538677,2,118,snapshot,256,418,1.000000,1.000000,1.000000,{"1":417,"2":1},0.997608,0.002392,0.000000,0.000000,0.997608,0.002392,1.000000
0.031538677,2,118,snapshot,1024,418,1.000000,1.000000,1.000000,{"1":417,"2":1},0.997608,0.002392,0.000000,0.000000,0.997608,0.002392,1.000000
0.031538677,2,118,snapshot,4096,418,1.000000,1.000000,1.000000,{"1":417,"2":1},0.997608,0.002392,0.000000,0.000000,0.997608,0.002392,1.000000
0.031538677,2,118,snapshot,16384,117,0.905983,0.965812,0.905983,{"1":417,"2":1},0.905983,0.085470,0.008547,0.000000,0.905983,0.000000,0.000000
0.031772447,2,119,snapshot,64,418,1.000000,1.000000,1.000000,{"1":417,"2":1},0.997608,0.002392,0.000000,0.000000,0.997608,0.002392,1.000000
0.031772447,2,119,snapshot,256,418,1.000000,1.000000,1.000000,{"1":417,"2":1},0.997608,0.002392,0.000000,0.000000,0.997608,0.002392,1.000000
0.031772447,2,119,snapshot,1024,418,1.000000,1.000000,1.000000,{"1":417,"2":1},0.997608,0.002392,0.000000,0.000000,0.997608,0.002392,1.000000
0.031772447,2,119,snapshot,4096,418,1.000000,1.000000,1.000000,{"1":417,"2":1},0.997608,0.002392,0.000000,0.000000,0.997608,0.002392,1.000000
0.031772447,2,119,snapshot,16384,117,0.905983,0.965812,0.905983,{"1":417,"2":1},0.905983,0.085470,0.008547,0.000000,0.905983,0.000000,0.000000
0.032004732,2,120,snapshot,64,418,1.000000,1.000000,1.000000,{"1":417,"2":1},0.997608,0.002392,0.000000,0.000000,0.997608,0.002392,1.000000
0.032004732,2,120,snapshot,256,418,1.000000,1.000000,1.000000,{"1":417,"2":1},0.997608,0.002392,0.000000,0.000000,0.997608,0.002392,1.000000
0.032004732,2,120,snapshot,1024,418,1.000000,1.000000,1.000000,{"1":417,"2":1},0.997608,0.002392,0.000000,0.000000,0.997608,0.002392,1.000000
0.032004732,2,120,snapshot,4096,418,1.000000,1.000000,1.000000,{"1":417,"2":1},0.997608,0.002392,0.000000,0.000000,0.997608,0.002392,1.000000
0.032004732,2,120,snapshot,16384,117,0.905983,0.965812,0.905983,{"1":417,"2":1},0.905983,0.085470,0.008547,0.000000,0.905983,0.000000,0.000000
0.032236901,2,121,snapshot,64,418,1.000000,1.000000,1.000000,{"1":417,"2":1},0.997608,0.002392,0.000000,0.000000,0.997608,0.002392,1.000000
0.032236901,2,121,snapshot,256,418,1.000000,1.000000,1.000000,{"1":417,"2":1},0.997608,0.002392,0.000000,0.000000,0.997608,0.002392,1.000000
0.032236901,2,121,snapshot,1024,418,1.000000,1.000000,1.000000,{"1":417,"2":1},0.997608,0.002392,0.000000,0.000000,0.997608,0.002392,1.000000
0.032236901,2,121,snapshot,4096,418,1.000000,1.000000,1.000000,{"1":417,"2":1},0.997608,0.002392,0.000000,0.000000,0.997608,0.002392,1.000000
0.032236901,2,121,snapshot,16384,117,0.905983,0.965812,0.905983,{"1":417,"2":1},0.905983,0.085470,0.008547,0.000000,0.905983,0.000000,0.000000
0.032491802,2,122,snapshot,64,418,1.000000,1.000000,1.000000,{"1":417,"2":1},0.997608,0.002392,0.000000,0.000000,0.997608,0.002392,1.000000
0.032491802,2,122,snapshot,256,418,1.000000,1.000000,1.000000,{"1":417,"2":1},0.997608,0.002392,0.000000,0.000000,0.997608,0.002392,1.000000
0.032491802,2,122,snapshot,1024,418,1.000000,1.000000,1.000000,{"1":417,"2":1},0.997608,0.002392,0.000000,0.000000,0.997608,0.002392,1.000000
0.032491802,2,122,snapshot,4096,418,1.000000,1.000000,1.000000,{"1":417,"2":1},0.997608,0.002392,0.000000,0.000000,0.997608,0.002392,1.000000
0.032491802,2,122,snapshot,16384,117,0.905983,0.965812,0.905983,{"1":417,"2":1},0.905983,0.085470,0.008547,0.000000,0.905983,0.000000,0.000000
0.032724642,2,123,snapshot,64,418,1.000000,1.000000,1.000000,{"1":417,"2":1},0.997608,0.002392,0.000000,0.000000,0.997608,0.002392,1.000000
0.032724642,2,123,snapshot,256,418,1.000000,1.000000,1.000000,{"1":417,"2":1},0.997608,0.002392,0.000000,0.000000,0.997608,0.002392,1.000000
0.032724642,2,123,snapshot,1024,418,1.000000,1.000000,1.000000,{"1":417,"2":1},0.997608,0.002392,0.000000,0.000000,0.997608,0.002392,1.000000
0.032724642,2,123,snapshot,4096,418,1.000000,1.000000,1.000000,{"1":417,"2":1},0.997608,0.002392,0.000000,0.000000,0.997608,0.002392,1.000000
0.032724642,2,123,snapshot,16384,117,0.905983,0.965812,0.905983,{"1":417,"2":1},0.905983,0.085470,0.008547,0.000000,0.905983,0.000000,0.000000
0.033007098,2,124,snapshot,64,418,1.000000,1.000000,1.000000,{"1":417,"2":1},0.997608,0.002392,0.000000,0.000000,0.997608,0.002392,1.000000
0.033007098,2,124,snapshot,256,418,1.000000,1.000000,1.000000,{"1":417,"2":1},0.997608,0.002392,0.000000,0.000000,0.997608,0.002392,1.000000
0.033007098,2,124,snapshot,1024,418,1.000000,1.000000,1.000000,{"1":417,"2":1},0.997608,0.002392,0.000000,0.000000,0.997608,0.002392,1.000000
0.033007098,2,124,snapshot,4096,418,1.000000,1.000000,1.000000,{"1":417,"2":1},0.997608,0.002392,0.000000,0.000000,0.997608,0.002392,1.000000
0.033007098,2,124,snapshot,16384,117,0.905983,0.965812,0.905983,{"1":417,"2":1},0.905983,0.085470,0.008547,0.000000,0.905983,0.000000,0.000000
0.033239910,2,125,snapshot,64,418,1.000000,1.000000,1.000000,{"1":417,"2":1},0.997608,0.002392,0.000000,0.000000,0.997608,0.002392,1.000000
0.033239910,2,125,snapshot,256,418,1.000000,1.000000,1.000000,{"1":417,"2":1},0.997608,0.002392,0.000000,0.000000,0.997608,0.002392,1.000000
0.033239910,2,125,snapshot,1024,418,1.000000,1.000000,1.000000,{"1":417,"2":1},0.997608,0.002392,0.000000,0.000000,0.997608,0.002392,1.000000
0.033239910,2,125,snapshot,4096,418,1.000000,1.000000,1.000000,{"1":417,"2":1},0.997608,0.002392,0.000000,0.000000,0.997608,0.002392,1.000000
0.033239910,2,125,snapshot,16384,117,0.905983,0.965812,0.905983,{"1":417,"2":1},0.905983,0.085470,0.008547,0.000000,0.905983,0.000000,0.000000
0.038155268,2,144,read_only,64,6,1.000000,1.000000,1.000000,{"1":6},1.000000,0.000000,0.000000,0.000000,1.000000,0.000000,-1.000000
0.038155268,2,144,union,64,6,1.000000,1.000000,1.000000,{"1":6},1.000000,0.000000,0.000000,0.000000,1.000000,0.000000,-1.000000
0.038155268,2,144,snapshot,64,6,1.000000,1.000000,1.000000,{"1":6},1.000000,0.000000,0.000000,0.000000,1.000000,0.000000,-1.000000
0.038155268,2,144,read_only,256,6,1.000000,1.000000,1.000000,{"1":6},1.000000,0.000000,0.000000,0.000000,1.000000,0.000000,-1.000000
0.038155268,2,144,union,256,6,1.000000,1.000000,1.000000,{"1":6},1.000000,0.000000,0.000000,0.000000,1.000000,0.000000,-1.000000
0.038155268,2,144,snapshot,256,6,1.000000,1.000000,1.000000,{"1":6},1.000000,0.000000,0.000000,0.000000,1.000000,0.000000,-1.000000
0.038155268,2,144,read_only,1024,6,1.000000,1.000000,1.000000,{"1":6},1.000000,0.000000,0.000000,0.000000,1.000000,0.000000,-1.000000
0.038155268,2,144,union,1024,6,1.000000,1.000000,1.000000,{"1":6},1.000000,0.000000,0.000000,0.000000,1.000000,0.000000,-1.000000
0.038155268,2,144,snapshot,1024,6,1.000000,1.000000,1.000000,{"1":6},1.000000,0.000000,0.000000,0.000000,1.000000,0.000000,-1.000000
0.038155268,2,144,read_only,4096,6,1.000000,1.000000,1.000000,{"1":6},1.000000,0.000000,0.000000,0.000000,1.000000,0.000000,-1.000000
0.038155268,2,144,union,4096,6,1.000000,1.000000,1.000000,{"1":6},1.000000,0.000000,0.000000,0.000000,1.000000,0.000000,-1.000000
0.038155268,2,144,snapshot,4096,6,1.000000,1.000000,1.000000,{"1":6},1.000000,0.000000,0.000000,0.000000,1.000000,0.000000,-1.000000
0.038155268,2,144,read_only,16384,2,1.000000,1.000000,1.000000,{"1":6},1.000000,0.000000,0.000000,0.000000,1.000000,0.000000,-1.000000
0.038155268,2,144,union,16384,2,1.000000,1.000000,1.000000,{"1":6},1.000000,0.000000,0.000000,0.000000,1.000000,0.000000,-1.000000
0.038155268,2,144,snapshot,16384,2,1.000000,1.000000,1.000000,{"1":6},1.000000,0.000000,0.000000,0.000000,1.000000,0.000000,-1.000000
0.038386827,2,145,snapshot,64,6,1.000000,1.000000,1.000000,{"1":6},1.000000,0.000000,0.000000,0.000000,1.000000,0.000000,-1.000000
0.038386827,2,145,snapshot,256,6,1.000000,1.000000,1.000000,{"1":6},1.000000,0.000000,0.000000,0.000000,1.000000,0.000000,-1.000000
0.038386827,2,145,snapshot,1024,6,1.000000,1.000000,1.000000,{"1":6},1.000000,0.000000,0.000000,0.000000,1.000000,0.000000,-1.000000
0.038386827,2,145,snapshot,4096,6,1.000000,1.000000,1.000000,{"1":6},1.000000,0.000000,0.000000,0.000000,1.000000,0.000000,-1.000000
0.038386827,2,145,snapshot,16384,2,1.000000,1.000000,1.000000,{"1":6},1.000000,0.000000,0.000000,0.000000,1.000000,0.000000,-1.000000
0.038620523,2,146,read_only,64,5,1.000000,1.000000,1.000000,{"1":5},1.000000,0.000000,0.000000,0.000000,1.000000,0.000000,-1.000000
0.038620523,2,146,union,64,5,1.000000,1.000000,1.000000,{"1":5},1.000000,0.000000,0.000000,0.000000,1.000000,0.000000,-1.000000
0.038620523,2,146,snapshot,64,11,1.000000,1.000000,1.000000,{"1":11},1.000000,0.000000,0.000000,0.000000,1.000000,0.000000,-1.000000
0.038620523,2,146,read_only,256,5,1.000000,1.000000,1.000000,{"1":5},1.000000,0.000000,0.000000,0.000000,1.000000,0.000000,-1.000000
0.038620523,2,146,union,256,5,1.000000,1.000000,1.000000,{"1":5},1.000000,0.000000,0.000000,0.000000,1.000000,0.000000,-1.000000
0.038620523,2,146,snapshot,256,11,1.000000,1.000000,1.000000,{"1":11},1.000000,0.000000,0.000000,0.000000,1.000000,0.000000,-1.000000
0.038620523,2,146,read_only,1024,5,1.000000,1.000000,1.000000,{"1":5},1.000000,0.000000,0.000000,0.000000,1.000000,0.000000,-1.000000
0.038620523,2,146,union,1024,5,1.000000,1.000000,1.000000,{"1":5},1.000000,0.000000,0.000000,0.000000,1.000000,0.000000,-1.000000
0.038620523,2,146,snapshot,1024,11,1.000000,1.000000,1.000000,{"1":11},1.000000,0.000000,0.000000,0.000000,1.000000,0.000000,-1.000000
0.038620523,2,146,read_only,4096,5,1.000000,1.000000,1.000000,{"1":5},1.000000,0.000000,0.000000,0.000000,1.000000,0.000000,-1.000000
0.038620523,2,146,union,4096,5,1.000000,1.000000,1.000000,{"1":5},1.000000,0.000000,0.000000,0.000000,1.000000,0.000000,-1.000000
0.038620523,2,146,snapshot,4096,11,1.000000,1.000000,1.000000,{"1":11},1.000000,0.000000,0.000000,0.000000,1.000000,0.000000,-1.000000
0.038620523,2,146,read_only,16384,3,1.000000,1.000000,1.000000,{"1":5},1.000000,0.000000,0.000000,0.000000,1.000000,0.000000,-1.000000
0.038620523,2,146,union,16384,3,1.000000,1.000000,1.000000,{"1":5},1.000000,0.000000,0.000000,0.000000,1.000000,0.000000,-1.000000
0.038620523,2,146,snapshot,16384,5,1.000000,1.000000,1.000000,{"1":11},1.000000,0.000000,0.000000,0.000000,1.000000,0.000000,-1.000000
0.038853930,2,147,read_only,64,2,1.000000,1.000000,1.000000,{"1":2},1.000000,0.000000,0.000000,0.000000,1.000000,0.000000,-1.000000
0.038853930,2,147,union,64,2,1.000000,1.000000,1.000000,{"1":2},1.000000,0.000000,0.000000,0.000000,1.000000,0.000000,-1.000000
0.038853930,2,147,snapshot,64,13,1.000000,1.000000,1.000000,{"1":13},1.000000,0.000000,0.000000,0.000000,1.000000,0.000000,-1.000000
0.038853930,2,147,read_only,256,2,1.000000,1.000000,1.000000,{"1":2},1.000000,0.000000,0.000000,0.000000,1.000000,0.000000,-1.000000
0.038853930,2,147,union,256,2,1.000000,1.000000,1.000000,{"1":2},1.000000,0.000000,0.000000,0.000000,1.000000,0.000000,-1.000000
0.038853930,2,147,snapshot,256,13,1.000000,1.000000,1.000000,{"1":13},1.000000,0.000000,0.000000,0.000000,1.000000,0.000000,-1.000000
0.038853930,2,147,read_only,1024,2,1.000000,1.000000,1.000000,{"1":2},1.000000,0.000000,0.000000,0.000000,1.000000,0.000000,-1.000000
0.038853930,2,147,union,1024,2,1.000000,1.000000,1.000000,{"1":2},1.000000,0.000000,0.000000,0.000000,1.000000,0.000000,-1.000000
0.038853930,2,147,snapshot,1024,13,1.000000,1.000000,1.000000,{"1":13},1.000000,0.000000,0.000000,0.000000,1.000000,0.000000,-1.000000
0.038853930,2,147,read_only,4096,2,1.000000,1.000000,1.000000,{"1":2},1.000000,0.000000,0.000000,0.000000,1.000000,0.000000,-1.000000
0.038853930,2,147,union,4096,2,1.000000,1.000000,1.000000,{"1":2},1.000000,0.000000,0.000000,0.000000,1.000000,0.000000,-1.000000
0.038853930,2,147,snapshot,4096,13,1.000000,1.000000,1.000000,{"1":13},1.000000,0.000000,0.000000,0.000000,1.000000,0.000000,-1.000000
0.038853930,2,147,read_only,16384,1,1.000000,1.000000,1.000000,{"1":2},1.000000,0.000000,0.000000,0.000000,1.000000,0.000000,-1.000000
0.038853930,2,147,union,16384,1,1.000000,1.000000,1.000000,{"1":2},1.000000,0.000000,0.000000,0.000000,1.000000,0.000000,-1.000000
0.038853930,2,147,snapshot,16384,5,1.000000,1.000000,1.000000,{"1":13},1.000000,0.000000,0.000000,0.000000,1.000000,0.000000,-1.000000
0.039179648,2,148,read_only,64,11,1.000000,1.000000,1.000000,{"1":11},1.000000,0.000000,0.000000,0.000000,1.000000,0.000000,-1.000000
0.039179648,2,148,union,64,11,1.000000,1.000000,1.000000,{"1":11},1.000000,0.000000,0.000000,0.000000,1.000000,0.000000,-1.000000
0.039179648,2,148,snapshot,64,24,1.000000,1.000000,1.000000,{"1":24},1.000000,0.000000,0.000000,0.000000,1.000000,0.000000,-1.000000
0.039179648,2,148,read_only,256,11,1.000000,1.000000,1.000000,{"1":11},1.000000,0.000000,0.000000,0.000000,1.000000,0.000000,-1.000000
0.039179648,2,148,union,256,11,1.000000,1.000000,1.000000,{"1":11},1.000000,0.000000,0.000000,0.000000,1.000000,0.000000,-1.000000
0.039179648,2,148,snapshot,256,24,1.000000,1.000000,1.000000,{"1":24},1.000000,0.000000,0.000000,0.000000,1.000000,0.000000,-1.000000
0.039179648,2,148,read_only,1024,11,1.000000,1.000000,1.000000,{"1":11},1.000000,0.000000,0.000000,0.000000,1.000000,0.000000,-1.000000
0.039179648,2,148,union,1024,11,1.000000,1.000000,1.000000,{"1":11},1.000000,0.000000,0.000000,0.000000,1.000000,0.000000,-1.000000
0.039179648,2,148,snapshot,1024,24,1.000000,1.000000,1.000000,{"1":24},1.000000,0.000000,0.000000,0.000000,1.000000,0.000000,-1.000000
0.039179648,2,148,read_only,4096,11,1.000000,1.000000,1.000000,{"1":11},1.000000,0.000000,0.000000,0.000000,1.000000,0.000000,-1.000000
0.039179648,2,148,union,4096,11,1.000000,1.000000,1.000000,{"1":11},1.000000,0.000000,0.000000,0.000000,1.000000,0.000000,-1.000000
0.039179648,2,148,snapshot,4096,24,1.000000,1.000000,1.000000,{"1":24},1.000000,0.000000,0.000000,0.000000,1.000000,0.000000,-1.000000
0.039179648,2,148,read_only,16384,4,0.750000,0.916667,0.750000,{"1":11},0.750000,0.250000,0.000000,0.000000,0.750000,0.000000,0.000000
0.039179648,2,148,union,16384,4,0.750000,0.916667,0.750000,{"1":11},0.750000,0.250000,0.000000,0.000000,0.750000,0.000000,0.000000
0.039179648,2,148,snapshot,16384,9,0.888889,0.962963,0.888889,{"1":24},0.888889,0.111111,0.000000,0.000000,0.888889,0.000000,0.000000
0.039493153,2,149,snapshot,64,24,1.000000,1.000000,1.000000,{"1":24},1.000000,0.000000,0.000000,0.000000,1.000000,0.000000,-1.000000
0.039493153,2,149,snapshot,256,24,1.000000,1.000000,1.000000,{"1":24},1.000000,0.000000,0.000000,0.000000,1.000000,0.000000,-1.000000
0.039493153,2,149,snapshot,1024,24,1.000000,1.000000,1.000000,{"1":24},1.000000,0.000000,0.000000,0.000000,1.000000,0.000000,-1.000000
0.039493153,2,149,snapshot,4096,24,1.000000,1.000000,1.000000,{"1":24},1.000000,0.000000,0.000000,0.000000,1.000000,0.000000,-1.000000
0.039493153,2,149,snapshot,16384,9,0.888889,0.962963,0.888889,{"1":24},0.888889,0.111111,0.000000,0.000000,0.888889,0.000000,0.000000
0.039726761,2,150,snapshot,64,24,1.000000,1.000000,1.000000,{"1":24},1.000000,0.000000,0.000000,0.000000,1.000000,0.000000,-1.000000
0.039726761,2,150,snapshot,256,24,1.000000,1.000000,1.000000,{"1":24},1.000000,0.000000,0.000000,0.000000,1.000000,0.000000,-1.000000
0.039726761,2,150,snapshot,1024,24,1.000000,1.000000,1.000000,{"1":24},1.000000,0.000000,0.000000,0.000000,1.000000,0.000000,-1.000000
0.039726761,2,150,snapshot,4096,24,1.000000,1.000000,1.000000,{"1":24},1.000000,0.000000,0.000000,0.000000,1.000000,0.000000,-1.000000
0.039726761,2,150,snapshot,16384,9,0.888889,0.962963,0.888889,{"1":24},0.888889,0.111111,0.000000,0.000000,0.888889,0.000000,0.000000
0.040539677,2,153,read_only,64,5,1.000000,1.000000,1.000000,{"1":5},1.000000,0.000000,0.000000,0.000000,1.000000,0.000000,-1.000000
0.040539677,2,153,union,64,5,1.000000,1.000000,1.000000,{"1":5},1.000000,0.000000,0.000000,0.000000,1.000000,0.000000,-1.000000
0.040539677,2,153,snapshot,64,5,1.000000,1.000000,1.000000,{"1":5},1.000000,0.000000,0.000000,0.000000,1.000000,0.000000,-1.000000
0.040539677,2,153,read_only,256,5,1.000000,1.000000,1.000000,{"1":5},1.000000,0.000000,0.000000,0.000000,1.000000,0.000000,-1.000000
0.040539677,2,153,union,256,5,1.000000,1.000000,1.000000,{"1":5},1.000000,0.000000,0.000000,0.000000,1.000000,0.000000,-1.000000
0.040539677,2,153,snapshot,256,5,1.000000,1.000000,1.000000,{"1":5},1.000000,0.000000,0.000000,0.000000,1.000000,0.000000,-1.000000
0.040539677,2,153,read_only,1024,5,1.000000,1.000000,1.000000,{"1":5},1.000000,0.000000,0.000000,0.000000,1.000000,0.000000,-1.000000
0.040539677,2,153,union,1024,5,1.000000,1.000000,1.000000,{"1":5},1.000000,0.000000,0.000000,0.000000,1.000000,0.000000,-1.000000
0.040539677,2,153,snapshot,1024,5,1.000000,1.000000,1.000000,{"1":5},1.000000,0.000000,0.000000,0.000000,1.000000,0.000000,-1.000000
0.040539677,2,153,read_only,4096,5,1.000000,1.000000,1.000000,{"1":5},1.000000,0.000000,0.000000,0.000000,1.000000,0.000000,-1.000000
0.040539677,2,153,union,4096,5,1.000000,1.000000,1.000000,{"1":5},1.000000,0.000000,0.000000,0.000000,1.000000,0.000000,-1.000000
0.040539677,2,153,snapshot,4096,5,1.000000,1.000000,1.000000,{"1":5},1.000000,0.000000,0.000000,0.000000,1.000000,0.000000,-1.000000
0.040539677,2,153,read_only,16384,3,1.000000,1.000000,1.000000,{"1":5},1.000000,0.000000,0.000000,0.000000,1.000000,0.000000,-1.000000
0.040539677,2,153,union,16384,3,1.000000,1.000000,1.000000,{"1":5},1.000000,0.000000,0.000000,0.000000,1.000000,0.000000,-1.000000
0.040539677,2,153,snapshot,16384,3,1.000000,1.000000,1.000000,{"1":5},1.000000,0.000000,0.000000,0.000000,1.000000,0.000000,-1.000000
0.040783404,2,154,snapshot,64,5,1.000000,1.000000,1.000000,{"1":5},1.000000,0.000000,0.000000,0.000000,1.000000,0.000000,-1.000000
0.040783404,2,154,snapshot,256,5,1.000000,1.000000,1.000000,{"1":5},1.000000,0.000000,0.000000,0.000000,1.000000,0.000000,-1.000000
0.040783404,2,154,snapshot,1024,5,1.000000,1.000000,1.000000,{"1":5},1.000000,0.000000,0.000000,0.000000,1.000000,0.000000,-1.000000
0.040783404,2,154,snapshot,4096,5,1.000000,1.000000,1.000000,{"1":5},1.000000,0.000000,0.000000,0.000000,1.000000,0.000000,-1.000000
0.040783404,2,154,snapshot,16384,3,1.000000,1.000000,1.000000,{"1":5},1.000000,0.000000,0.000000,0.000000,1.000000,0.000000,-1.000000
0.041029109,2,155,read_only,64,11,1.000000,1.000000,1.000000,{"1":11},1.000000,0.000000,0.000000,0.000000,1.000000,0.000000,-1.000000
0.041029109,2,155,union,64,11,1.000000,1.000000,1.000000,{"1":11},1.000000,0.000000,0.000000,0.000000,1.000000,0.000000,-1.000000
0.041029109,2,155,snapshot,64,16,1.000000,1.000000,1.000000,{"1":16},1.000000,0.000000,0.000000,0.000000,1.000000,0.000000,-1.000000
0.041029109,2,155,read_only,256,11,1.000000,1.000000,1.000000,{"1":11},1.000000,0.000000,0.000000,0.000000,1.000000,0.000000,-1.000000
0.041029109,2,155,union,256,11,1.000000,1.000000,1.000000,{"1":11},1.000000,0.000000,0.000000,0.000000,1.000000,0.000000,-1.000000
0.041029109,2,155,snapshot,256,16,1.000000,1.000000,1.000000,{"1":16},1.000000,0.000000,0.000000,0.000000,1.000000,0.000000,-1.000000
0.041029109,2,155,read_only,1024,11,1.000000,1.000000,1.000000,{"1":11},1.000000,0.000000,0.000000,0.000000,1.000000,0.000000,-1.000000
0.041029109,2,155,union,1024,11,1.000000,1.000000,1.000000,{"1":11},1.000000,0.000000,0.000000,0.000000,1.000000,0.000000,-1.000000
0.041029109,2,155,snapshot,1024,16,1.000000,1.000000,1.000000,{"1":16},1.000000,0.000000,0.000000,0.000000,1.000000,0.000000,-1.000000
0.041029109,2,155,read_only,4096,11,1.000000,1.000000,1.000000,{"1":11},1.000000,0.000000,0.000000,0.000000,1.000000,0.000000,-1.000000
0.041029109,2,155,union,4096,11,1.000000,1.000000,1.000000,{"1":11},1.000000,0.000000,0.000000,0.000000,1.000000,0.000000,-1.000000
0.041029109,2,155,snapshot,4096,16,1.000000,1.000000,1.000000,{"1":16},1.000000,0.000000,0.000000,0.000000,1.000000,0.000000,-1.000000
0.041029109,2,155,read_only,16384,3,1.000000,1.000000,1.000000,{"1":11},1.000000,0.000000,0.000000,0.000000,1.000000,0.000000,-1.000000
0.041029109,2,155,union,16384,3,1.000000,1.000000,1.000000,{"1":11},1.000000,0.000000,0.000000,0.000000,1.000000,0.000000,-1.000000
0.041029109,2,155,snapshot,16384,6,1.000000,1.000000,1.000000,{"1":16},1.000000,0.000000,0.000000,0.000000,1.000000,0.000000,-1.000000
0.041342899,2,156,read_only,64,6,1.000000,1.000000,1.000000,{"1":6},1.000000,0.000000,0.000000,0.000000,1.000000,0.000000,-1.000000
0.041342899,2,156,union,64,6,1.000000,1.000000,1.000000,{"1":6},1.000000,0.000000,0.000000,0.000000,1.000000,0.000000,-1.000000
0.041342899,2,156,snapshot,64,22,1.000000,1.000000,1.000000,{"1":22},1.000000,0.000000,0.000000,0.000000,1.000000,0.000000,-1.000000
0.041342899,2,156,read_only,256,6,1.000000,1.000000,1.000000,{"1":6},1.000000,0.000000,0.000000,0.000000,1.000000,0.000000,-1.000000
0.041342899,2,156,union,256,6,1.000000,1.000000,1.000000,{"1":6},1.000000,0.000000,0.000000,0.000000,1.000000,0.000000,-1.000000
0.041342899,2,156,snapshot,256,22,1.000000,1.000000,1.000000,{"1":22},1.000000,0.000000,0.000000,0.000000,1.000000,0.000000,-1.000000
0.041342899,2,156,read_only,1024,6,1.000000,1.000000,1.000000,{"1":6},1.000000,0.000000,0.000000,0.000000,1.000000,0.000000,-1.000000
0.041342899,2,156,union,1024,6,1.000000,1.000000,1.000000,{"1":6},1.000000,0.000000,0.000000,0.000000,1.000000,0.000000,-1.000000
0.041342899,2,156,snapshot,1024,22,1.000000,1.000000,1.000000,{"1":22},1.000000,0.000000,0.000000,0.000000,1.000000,0.000000,-1.000000
0.041342899,2,156,read_only,4096,6,1.000000,1.000000,1.000000,{"1":6},1.000000,0.000000,0.000000,0.000000,1.000000,0.000000,-1.000000
0.041342899,2,156,union,4096,6,1.000000,1.000000,1.000000,{"1":6},1.000000,0.000000,0.000000,0.000000,1.000000,0.000000,-1.000000
0.041342899,2,156,snapshot,4096,22,1.000000,1.000000,1.000000,{"1":22},1.000000,0.000000,0.000000,0.000000,1.000000,0.000000,-1.000000
0.041342899,2,156,read_only,16384,2,1.000000,1.000000,1.000000,{"1":6},1.000000,0.000000,0.000000,0.000000,1.000000,0.000000,-1.000000
0.041342899,2,156,union,16384,2,1.000000,1.000000,1.000000,{"1":6},1.000000,0.000000,0.000000,0.000000,1.000000,0.000000,-1.000000
0.041342899,2,156,snapshot,16384,8,1.000000,1.000000,1.000000,{"1":22},1.000000,0.000000,0.000000,0.000000,1.000000,0.000000,-1.000000
0.041575944,2,157,snapshot,64,22,1.000000,1.000000,1.000000,{"1":22},1.000000,0.000000,0.000000,0.000000,1.000000,0.000000,-1.000000
0.041575944,2,157,snapshot,256,22,1.000000,1.000000,1.000000,{"1":22},1.000000,0.000000,0.000000,0.000000,1.000000,0.000000,-1.000000
0.041575944,2,157,snapshot,1024,22,1.000000,1.000000,1.000000,{"1":22},1.000000,0.000000,0.000000,0.000000,1.000000,0.000000,-1.000000
0.041575944,2,157,snapshot,4096,22,1.000000,1.000000,1.000000,{"1":22},1.000000,0.000000,0.000000,0.000000,1.000000,0.000000,-1.000000
0.041575944,2,157,snapshot,16384,8,1.000000,1.000000,1.000000,{"1":22},1.000000,0.000000,0.000000,0.000000,1.000000,0.000000,-1.000000
0.041812195,2,158,snapshot,64,22,1.000000,1.000000,1.000000,{"1":22},1.000000,0.000000,0.000000,0.000000,1.000000,0.000000,-1.000000
0.041812195,2,158,snapshot,256,22,1.000000,1.000000,1.000000,{"1":22},1.000000,0.000000,0.000000,0.000000,1.000000,0.000000,-1.000000
0.041812195,2,158,snapshot,1024,22,1.000000,1.000000,1.000000,{"1":22},1.000000,0.000000,0.000000,0.000000,1.000000,0.000000,-1.000000
0.041812195,2,158,snapshot,4096,22,1.000000,1.000000,1.000000,{"1":22},1.000000,0.000000,0.000000,0.000000,1.000000,0.000000,-1.000000
0.041812195,2,158,snapshot,16384,8,1.000000,1.000000,1.000000,{"1":22},1.000000,0.000000,0.000000,0.000000,1.000000,0.000000,-1.000000
0.042045353,2,159,snapshot,64,22,1.000000,1.000000,1.000000,{"1":22},1.000000,0.000000,0.000000,0.000000,1.000000,0.000000,-1.000000
0.042045353,2,159,snapshot,256,22,1.000000,1.000000,1.000000,{"1":22},1.000000,0.000000,0.000000,0.000000,1.000000,0.000000,-1.000000
0.042045353,2,159,snapshot,1024,22,1.000000,1.000000,1.000000,{"1":22},1.000000,0.000000,0.000000,0.000000,1.000000,0.000000,-1.000000
0.042045353,2,159,snapshot,4096,22,1.000000,1.000000,1.000000,{"1":22},1.000000,0.000000,0.000000,0.000000,1.000000,0.000000,-1.000000
0.042045353,2,159,snapshot,16384,8,1.000000,1.000000,1.000000,{"1":22},1.000000,0.000000,0.000000,0.000000,1.000000,0.000000,-1.000000
0.042399180,2,160,read_only,64,31,1.000000,1.000000,1.000000,{"1":31},1.000000,0.000000,0.000000,0.000000,1.000000,0.000000,-1.000000
0.042399180,2,160,union,64,31,1.000000,1.000000,1.000000,{"1":31},1.000000,0.000000,0.000000,0.000000,1.000000,0.000000,-1.000000
0.042399180,2,160,snapshot,64,53,1.000000,1.000000,1.000000,{"1":53},1.000000,0.000000,0.000000,0.000000,1.000000,0.000000,-1.000000
0.042399180,2,160,read_only,256,31,1.000000,1.000000,1.000000,{"1":31},1.000000,0.000000,0.000000,0.000000,1.000000,0.000000,-1.000000
0.042399180,2,160,union,256,31,1.000000,1.000000,1.000000,{"1":31},1.000000,0.000000,0.000000,0.000000,1.000000,0.000000,-1.000000
0.042399180,2,160,snapshot,256,53,1.000000,1.000000,1.000000,{"1":53},1.000000,0.000000,0.000000,0.000000,1.000000,0.000000,-1.000000
0.042399180,2,160,read_only,1024,31,1.000000,1.000000,1.000000,{"1":31},1.000000,0.000000,0.000000,0.000000,1.000000,0.000000,-1.000000
0.042399180,2,160,union,1024,31,1.000000,1.000000,1.000000,{"1":31},1.000000,0.000000,0.000000,0.000000,1.000000,0.000000,-1.000000
0.042399180,2,160,snapshot,1024,53,1.000000,1.000000,1.000000,{"1":53},1.000000,0.000000,0.000000,0.000000,1.000000,0.000000,-1.000000
0.042399180,2,160,read_only,4096,31,1.000000,1.000000,1.000000,{"1":31},1.000000,0.000000,0.000000,0.000000,1.000000,0.000000,-1.000000
0.042399180,2,160,union,4096,31,1.000000,1.000000,1.000000,{"1":31},1.000000,0.000000,0.000000,0.000000,1.000000,0.000000,-1.000000
0.042399180,2,160,snapshot,4096,53,1.000000,1.000000,1.000000,{"1":53},1.000000,0.000000,0.000000,0.000000,1.000000,0.000000,-1.000000
0.042399180,2,160,read_only,16384,10,0.600000,0.875000,0.600000,{"1":31},0.600000,0.400000,0.000000,0.000000,0.600000,0.000000,0.000000
0.042399180,2,160,union,16384,10,0.600000,0.875000,0.600000,{"1":31},0.600000,0.400000,0.000000,0.000000,0.600000,0.000000,0.000000
0.042399180,2,160,snapshot,16384,18,0.777778,0.930556,0.777778,{"1":53},0.777778,0.222222,0.000000,0.000000,0.777778,0.000000,0.000000
0.042682772,2,161,snapshot,64,53,1.000000,1.000000,1.000000,{"1":53},1.000000,0.000000,0.000000,0.000000,1.000000,0.000000,-1.000000
0.042682772,2,161,snapshot,256,53,1.000000,1.000000,1.000000,{"1":53},1.000000,0.000000,0.000000,0.000000,1.000000,0.000000,-1.000000
0.042682772,2,161,snapshot,1024,53,1.000000,1.000000,1.000000,{"1":53},1.000000,0.000000,0.000000,0.000000,1.000000,0.000000,-1.000000
0.042682772,2,161,snapshot,4096,53,1.000000,1.000000,1.000000,{"1":53},1.000000,0.000000,0.000000,0.000000,1.000000,0.000000,-1.000000
0.042682772,2,161,snapshot,16384,18,0.777778,0.930556,0.777778,{"1":53},0.777778,0.222222,0.000000,0.000000,0.777778,0.000000,0.000000
0.042916958,2,162,read_only,64,1,1.000000,1.000000,1.000000,{"1":1},1.000000,0.000000,0.000000,0.000000,1.000000,0.000000,-1.000000
0.042916958,2,162,union,64,1,1.000000,1.000000,1.000000,{"1":1},1.000000,0.000000,0.000000,0.000000,1.000000,0.000000,-1.000000
0.042916958,2,162,snapshot,64,54,1.000000,1.000000,1.000000,{"1":54},1.000000,0.000000,0.000000,0.000000,1.000000,0.000000,-1.000000
0.042916958,2,162,read_only,256,1,1.000000,1.000000,1.000000,{"1":1},1.000000,0.000000,0.000000,0.000000,1.000000,0.000000,-1.000000
0.042916958,2,162,union,256,1,1.000000,1.000000,1.000000,{"1":1},1.000000,0.000000,0.000000,0.000000,1.000000,0.000000,-1.000000
0.042916958,2,162,snapshot,256,54,1.000000,1.000000,1.000000,{"1":54},1.000000,0.000000,0.000000,0.000000,1.000000,0.000000,-1.000000
0.042916958,2,162,read_only,1024,1,1.000000,1.000000,1.000000,{"1":1},1.000000,0.000000,0.000000,0.000000,1.000000,0.000000,-1.000000
0.042916958,2,162,union,1024,1,1.000000,1.000000,1.000000,{"1":1},1.000000,0.000000,0.000000,0.000000,1.000000,0.000000,-1.000000
0.042916958,2,162,snapshot,1024,54,1.000000,1.000000,1.000000,{"1":54},1.000000,0.000000,0.000000,0.000000,1.000000,0.000000,-1.000000
0.042916958,2,162,read_only,4096,1,1.000000,1.000000,1.000000,{"1":1},1.000000,0.000000,0.000000,0.000000,1.000000,0.000000,-1.000000
0.042916958,2,162,union,4096,1,1.000000,1.000000,1.000000,{"1":1},1.000000,0.000000,0.000000,0.000000,1.000000,0.000000,-1.000000
0.042916958,2,162,snapshot,4096,54,1.000000,1.000000,1.000000,{"1":54},1.000000,0.000000,0.000000,0.000000,1.000000,0.000000,-1.000000
0.042916958,2,162,read_only,16384,1,1.000000,1.000000,1.000000,{"1":1},1.000000,0.000000,0.000000,0.000000,1.000000,0.000000,-1.000000
0.042916958,2,162,union,16384,1,1.000000,1.000000,1.000000,{"1":1},1.000000,0.000000,0.000000,0.000000,1.000000,0.000000,-1.000000
0.042916958,2,162,snapshot,16384,19,0.789474,0.934211,0.789474,{"1":54},0.789474,0.210526,0.000000,0.000000,0.789474,0.000000,0.000000
0.043445988,2,164,read_only,64,1,1.000000,1.000000,1.000000,{"1":1},1.000000,0.000000,0.000000,0.000000,1.000000,0.000000,-1.000000
0.043445988,2,164,union,64,1,1.000000,1.000000,1.000000,{"1":1},1.000000,0.000000,0.000000,0.000000,1.000000,0.000000,-1.000000
0.043445988,2,164,snapshot,64,1,1.000000,1.000000,1.000000,{"1":1},1.000000,0.000000,0.000000,0.000000,1.000000,0.000000,-1.000000
0.043445988,2,164,read_only,256,1,1.000000,1.000000,1.000000,{"1":1},1.000000,0.000000,0.000000,0.000000,1.000000,0.000000,-1.000000
0.043445988,2,164,union,256,1,1.000000,1.000000,1.000000,{"1":1},1.000000,0.000000,0.000000,0.000000,1.000000,0.000000,-1.000000
0.043445988,2,164,snapshot,256,1,1.000000,1.000000,1.000000,{"1":1},1.000000,0.000000,0.000000,0.000000,1.000000,0.000000,-1.000000
0.043445988,2,164,read_only,1024,1,1.000000,1.000000,1.000000,{"1":1},1.000000,0.000000,0.000000,0.000000,1.000000,0.000000,-1.000000
0.043445988,2,164,union,1024,1,1.000000,1.000000,1.000000,{"1":1},1.000000,0.000000,0.000000,0.000000,1.000000,0.000000,-1.000000
0.043445988,2,164,snapshot,1024,1,1.000000,1.000000,1.000000,{"1":1},1.000000,0.000000,0.000000,0.000000,1.000000,0.000000,-1.000000
0.043445988,2,164,read_only,4096,1,1.000000,1.000000,1.000000,{"1":1},1.000000,0.000000,0.000000,0.000000,1.000000,0.000000,-1.000000
0.043445988,2,164,union,4096,1,1.000000,1.000000,1.000000,{"1":1},1.000000,0.000000,0.000000,0.000000,1.000000,0.000000,-1.000000
0.043445988,2,164,snapshot,4096,1,1.000000,1.000000,1.000000,{"1":1},1.000000,0.000000,0.000000,0.000000,1.000000,0.000000,-1.000000
0.043445988,2,164,read_only,16384,1,1.000000,1.000000,1.000000,{"1":1},1.000000,0.000000,0.000000,0.000000,1.000000,0.000000,-1.000000
0.043445988,2,164,union,16384,1,1.000000,1.000000,1.000000,{"1":1},1.000000,0.000000,0.000000,0.000000,1.000000,0.000000,-1.000000
0.043445988,2,164,snapshot,16384,1,1.000000,1.000000,1.000000,{"1":1},1.000000,0.000000,0.000000,0.000000,1.000000,0.000000,-1.000000
0.043838399,2,165,read_only,64,13,1.000000,1.000000,1.000000,{"1":13},1.000000,0.000000,0.000000,0.000000,1.000000,0.000000,-1.000000
0.043838399,2,165,union,64,13,1.000000,1.000000,1.000000,{"1":13},1.000000,0.000000,0.000000,0.000000,1.000000,0.000000,-1.000000
0.043838399,2,165,snapshot,64,14,1.000000,1.000000,1.000000,{"1":14},1.000000,0.000000,0.000000,0.000000,1.000000,0.000000,-1.000000
0.043838399,2,165,read_only,256,13,1.000000,1.000000,1.000000,{"1":13},1.000000,0.000000,0.000000,0.000000,1.000000,0.000000,-1.000000
0.043838399,2,165,union,256,13,1.000000,1.000000,1.000000,{"1":13},1.000000,0.000000,0.000000,0.000000,1.000000,0.000000,-1.000000
0.043838399,2,165,snapshot,256,14,1.000000,1.000000,1.000000,{"1":14},1.000000,0.000000,0.000000,0.000000,1.000000,0.000000,-1.000000
0.043838399,2,165,read_only,1024,13,1.000000,1.000000,1.000000,{"1":13},1.000000,0.000000,0.000000,0.000000,1.000000,0.000000,-1.000000
0.043838399,2,165,union,1024,13,1.000000,1.000000,1.000000,{"1":13},1.000000,0.000000,0.000000,0.000000,1.000000,0.000000,-1.000000
0.043838399,2,165,snapshot,1024,14,1.000000,1.000000,1.000000,{"1":14},1.000000,0.000000,0.000000,0.000000,1.000000,0.000000,-1.000000
0.043838399,2,165,read_only,4096,13,1.000000,1.000000,1.000000,{"1":13},1.000000,0.000000,0.000000,0.000000,1.000000,0.000000,-1.000000
0.043838399,2,165,union,4096,13,1.000000,1.000000,1.000000,{"1":13},1.000000,0.000000,0.000000,0.000000,1.000000,0.000000,-1.000000
0.043838399,2,165,snapshot,4096,14,1.000000,1.000000,1.000000,{"1":14},1.000000,0.000000,0.000000,0.000000,1.000000,0.000000,-1.000000
0.043838399,2,165,read_only,16384,5,0.600000,0.900000,0.600000,{"1":13},0.600000,0.400000,0.000000,0.000000,0.600000,0.000000,0.000000
0.043838399,2,165,union,16384,5,0.600000,0.900000,0.600000,{"1":13},0.600000,0.400000,0.000000,0.000000,0.600000,0.000000,0.000000
0.043838399,2,165,snapshot,16384,6,0.666667,0.916667,0.666667,{"1":14},0.666667,0.333333,0.000000,0.000000,0.666667,0.000000,0.000000
0.044117763,2,166,read_only,64,85,1.000000,1.000000,1.000000,{"1":85},1.000000,0.000000,0.000000,0.000000,1.000000,0.000000,-1.000000
0.044117763,2,166,union,64,85,1.000000,1.000000,1.000000,{"1":85},1.000000,0.000000,0.000000,0.000000,1.000000,0.000000,-1.000000
0.044117763,2,166,snapshot,64,99,1.000000,1.000000,1.000000,{"1":99},1.000000,0.000000,0.000000,0.000000,1.000000,0.000000,-1.000000
0.044117763,2,166,read_only,256,85,1.000000,1.000000,1.000000,{"1":85},1.000000,0.000000,0.000000,0.000000,1.000000,0.000000,-1.000000
0.044117763,2,166,union,256,85,1.000000,1.000000,1.000000,{"1":85},1.000000,0.000000,0.000000,0.000000,1.000000,0.000000,-1.000000
0.044117763,2,166,snapshot,256,99,1.000000,1.000000,1.000000,{"1":99},1.000000,0.000000,0.000000,0.000000,1.000000,0.000000,-1.000000
0.044117763,2,166,read_only,1024,85,1.000000,1.000000,1.000000,{"1":85},1.000000,0.000000,0.000000,0.000000,1.000000,0.000000,-1.000000
0.044117763,2,166,union,1024,85,1.000000,1.000000,1.000000,{"1":85},1.000000,0.000000,0.000000,0.000000,1.000000,0.000000,-1.000000
0.044117763,2,166,snapshot,1024,99,1.000000,1.000000,1.000000,{"1":99},1.000000,0.000000,0.000000,0.000000,1.000000,0.000000,-1.000000
0.044117763,2,166,read_only,4096,85,1.000000,1.000000,1.000000,{"1":85},1.000000,0.000000,0.000000,0.000000,1.000000,0.000000,-1.000000
0.044117763,2,166,union,4096,85,1.000000,1.000000,1.000000,{"1":85},1.000000,0.000000,0.000000,0.000000,1.000000,0.000000,-1.000000
0.044117763,2,166,snapshot,4096,99,1.000000,1.000000,1.000000,{"1":99},1.000000,0.000000,0.000000,0.000000,1.000000,0.000000,-1.000000
0.044117763,2,166,read_only,16384,25,0.960000,0.980000,0.960000,{"1":85},0.960000,0.040000,0.000000,0.000000,0.960000,0.000000,0.000000
0.044117763,2,166,union,16384,25,0.960000,0.980000,0.960000,{"1":85},0.960000,0.040000,0.000000,0.000000,0.960000,0.000000,0.000000
0.044117763,2,166,snapshot,16384,30,0.866667,0.950000,0.866667,{"1":99},0.866667,0.133333,0.000000,0.000000,0.866667,0.000000,0.000000
0.044372558,2,167,read_only,64,49,1.000000,1.000000,1.000000,{"1":49},1.000000,0.000000,0.000000,0.000000,1.000000,0.000000,-1.000000
0.044372558,2,167,union,64,49,1.000000,1.000000,1.000000,{"1":49},1.000000,0.000000,0.000000,0.000000,1.000000,0.000000,-1.000000
0.044372558,2,167,snapshot,64,148,1.000000,1.000000,1.000000,{"1":148},1.000000,0.000000,0.000000,0.000000,1.000000,0.000000,-1.000000
0.044372558,2,167,read_only,256,49,1.000000,1.000000,1.000000,{"1":49},1.000000,0.000000,0.000000,0.000000,1.000000,0.000000,-1.000000
0.044372558,2,167,union,256,49,1.000000,1.000000,1.000000,{"1":49},1.000000,0.000000,0.000000,0.000000,1.000000,0.000000,-1.000000
0.044372558,2,167,snapshot,256,148,1.000000,1.000000,1.000000,{"1":148},1.000000,0.000000,0.000000,0.000000,1.000000,0.000000,-1.000000
0.044372558,2,167,read_only,1024,49,1.000000,1.000000,1.000000,{"1":49},1.000000,0.000000,0.000000,0.000000,1.000000,0.000000,-1.000000
0.044372558,2,167,union,1024,49,1.000000,1.000000,1.000000,{"1":49},1.000000,0.000000,0.000000,0.000000,1.000000,0.000000,-1.000000
0.044372558,2,167,snapshot,1024,148,1.000000,1.000000,1.000000,{"1":148},1.000000,0.000000,0.000000,0.000000,1.000000,0.000000,-1.000000
0.044372558,2,167,read_only,4096,49,1.000000,1.000000,1.000000,{"1":49},1.000000,0.000000,0.000000,0.000000,1.000000,0.000000,-1.000000
0.044372558,2,167,union,4096,49,1.000000,1.000000,1.000000,{"1":49},1.000000,0.000000,0.000000,0.000000,1.000000,0.000000,-1.000000
0.044372558,2,167,snapshot,4096,148,1.000000,1.000000,1.000000,{"1":148},1.000000,0.000000,0.000000,0.000000,1.000000,0.000000,-1.000000
0.044372558,2,167,read_only,16384,16,0.937500,0.968750,0.937500,{"1":49},0.937500,0.062500,0.000000,0.000000,0.937500,0.000000,0.000000
0.044372558,2,167,union,16384,16,0.937500,0.968750,0.937500,{"1":49},0.937500,0.062500,0.000000,0.000000,0.937500,0.000000,0.000000
0.044372558,2,167,snapshot,16384,41,0.878049,0.951220,0.878049,{"1":148},0.878049,0.121951,0.000000,0.000000,0.878049,0.000000,0.000000
0.044726177,2,168,snapshot,64,148,1.000000,1.000000,1.000000,{"1":148},1.000000,0.000000,0.000000,0.000000,1.000000,0.000000,-1.000000
0.044726177,2,168,snapshot,256,148,1.000000,1.000000,1.000000,{"1":148},1.000000,0.000000,0.000000,0.000000,1.000000,0.000000,-1.000000
0.044726177,2,168,snapshot,1024,148,1.000000,1.000000,1.000000,{"1":148},1.000000,0.000000,0.000000,0.000000,1.000000,0.000000,-1.000000
0.044726177,2,168,snapshot,4096,148,1.000000,1.000000,1.000000,{"1":148},1.000000,0.000000,0.000000,0.000000,1.000000,0.000000,-1.000000
0.044726177,2,168,snapshot,16384,41,0.878049,0.951220,0.878049,{"1":148},0.878049,0.121951,0.000000,0.000000,0.878049,0.000000,0.000000
0.044958264,2,169,snapshot,64,148,1.000000,1.000000,1.000000,{"1":148},1.000000,0.000000,0.000000,0.000000,1.000000,0.000000,-1.000000
0.044958264,2,169,snapshot,256,148,1.000000,1.000000,1.000000,{"1":148},1.000000,0.000000,0.000000,0.000000,1.000000,0.000000,-1.000000
0.044958264,2,169,snapshot,1024,148,1.000000,1.000000,1.000000,{"1":148},1.000000,0.000000,0.000000,0.000000,1.000000,0.000000,-1.000000
0.044958264,2,169,snapshot,4096,148,1.000000,1.000000,1.000000,{"1":148},1.000000,0.000000,0.000000,0.000000,1.000000,0.000000,-1.000000
0.044958264,2,169,snapshot,16384,41,0.878049,0.951220,0.878049,{"1":148},0.878049,0.121951,0.000000,0.000000,0.878049,0.000000,0.000000
0.045253694,2,170,read_only,64,209,1.000000,1.000000,1.000000,{"1":209},1.000000,0.000000,0.000000,0.000000,1.000000,0.000000,-1.000000
0.045253694,2,170,union,64,209,1.000000,1.000000,1.000000,{"1":209},1.000000,0.000000,0.000000,0.000000,1.000000,0.000000,-1.000000
0.045253694,2,170,snapshot,64,357,1.000000,1.000000,1.000000,{"1":357},1.000000,0.000000,0.000000,0.000000,1.000000,0.000000,-1.000000
0.045253694,2,170,read_only,256,209,1.000000,1.000000,1.000000,{"1":209},1.000000,0.000000,0.000000,0.000000,1.000000,0.000000,-1.000000
0.045253694,2,170,union,256,209,1.000000,1.000000,1.000000,{"1":209},1.000000,0.000000,0.000000,0.000000,1.000000,0.000000,-1.000000
0.045253694,2,170,snapshot,256,357,1.000000,1.000000,1.000000,{"1":357},1.000000,0.000000,0.000000,0.000000,1.000000,0.000000,-1.000000
0.045253694,2,170,read_only,1024,209,1.000000,1.000000,1.000000,{"1":209},1.000000,0.000000,0.000000,0.000000,1.000000,0.000000,-1.000000
0.045253694,2,170,union,1024,209,1.000000,1.000000,1.000000,{"1":209},1.000000,0.000000,0.000000,0.000000,1.000000,0.000000,-1.000000
0.045253694,2,170,snapshot,1024,357,1.000000,1.000000,1.000000,{"1":357},1.000000,0.000000,0.000000,0.000000,1.000000,0.000000,-1.000000
0.045253694,2,170,read_only,4096,209,1.000000,1.000000,1.000000,{"1":209},1.000000,0.000000,0.000000,0.000000,1.000000,0.000000,-1.000000
0.045253694,2,170,union,4096,209,1.000000,1.000000,1.000000,{"1":209},1.000000,0.000000,0.000000,0.000000,1.000000,0.000000,-1.000000
0.045253694,2,170,snapshot,4096,357,1.000000,1.000000,1.000000,{"1":357},1.000000,0.000000,0.000000,0.000000,1.000000,0.000000,-1.000000
0.045253694,2,170,read_only,16384,56,0.964286,0.991071,0.964286,{"1":209},0.964286,0.035714,0.000000,0.000000,0.964286,0.000000,0.000000
0.045253694,2,170,union,16384,56,0.964286,0.991071,0.964286,{"1":209},0.964286,0.035714,0.000000,0.000000,0.964286,0.000000,0.000000
0.045253694,2,170,snapshot,16384,97,0.927835,0.974227,0.927835,{"1":357},0.927835,0.072165,0.000000,0.000000,0.927835,0.000000,0.000000
0.045538438,2,171,read_only,64,96,1.000000,1.000000,1.000000,{"1":95,"2":1},0.989583,0.010417,0.000000,0.000000,0.989583,0.010417,1.000000
0.045538438,2,171,union,64,96,1.000000,1.000000,1.000000,{"1":95,"2":1},0.989583,0.010417,0.000000,0.000000,0.989583,0.010417,1.000000
0.045538438,2,171,snapshot,64,453,1.000000,1.000000,1.000000,{"1":452,"2":1},0.997792,0.002208,0.000000,0.000000,0.997792,0.002208,1.000000
0.045538438,2,171,read_only,256,96,1.000000,1.000000,1.000000,{"1":95,"2":1},0.989583,0.010417,0.000000,0.000000,0.989583,0.010417,1.000000
0.045538438,2,171,union,256,96,1.000000,1.000000,1.000000,{"1":95,"2":1},0.989583,0.010417,0.000000,0.000000,0.989583,0.010417,1.000000
0.045538438,2,171,snapshot,256,453,1.000000,1.000000,1.000000,{"1":452,"2":1},0.997792,0.002208,0.000000,0.000000,0.997792,0.002208,1.000000
0.045538438,2,171,read_only,1024,96,1.000000,1.000000,1.000000,{"1":95,"2":1},0.989583,0.010417,0.000000,0.000000,0.989583,0.010417,1.000000
0.045538438,2,171,union,1024,96,1.000000,1.000000,1.000000,{"1":95,"2":1},0.989583,0.010417,0.000000,0.000000,0.989583,0.010417,1.000000
0.045538438,2,171,snapshot,1024,453,1.000000,1.000000,1.000000,{"1":452,"2":1},0.997792,0.002208,0.000000,0.000000,0.997792,0.002208,1.000000
0.045538438,2,171,read_only,4096,96,1.000000,1.000000,1.000000,{"1":95,"2":1},0.989583,0.010417,0.000000,0.000000,0.989583,0.010417,1.000000
0.045538438,2,171,union,4096,96,1.000000,1.000000,1.000000,{"1":95,"2":1},0.989583,0.010417,0.000000,0.000000,0.989583,0.010417,1.000000
0.045538438,2,171,snapshot,4096,453,1.000000,1.000000,1.000000,{"1":452,"2":1},0.997792,0.002208,0.000000,0.000000,0.997792,0.002208,1.000000
0.045538438,2,171,read_only,16384,31,0.935484,0.981183,0.935484,{"1":95,"2":1},0.903226,0.096774,0.000000,0.000000,0.903226,0.032258,0.333333
0.045538438,2,171,union,16384,31,0.935484,0.981183,0.935484,{"1":95,"2":1},0.903226,0.096774,0.000000,0.000000,0.903226,0.032258,0.333333
0.045538438,2,171,snapshot,16384,121,0.900826,0.966253,0.900826,{"1":452,"2":1},0.900826,0.099174,0.000000,0.000000,0.900826,0.000000,0.000000
0.045782674,2,172,read_only,64,10,1.000000,1.000000,1.000000,{"1":10},1.000000,0.000000,0.000000,0.000000,1.000000,0.000000,-1.000000
0.045782674,2,172,union,64,10,1.000000,1.000000,1.000000,{"1":10},1.000000,0.000000,0.000000,0.000000,1.000000,0.000000,-1.000000
0.045782674,2,172,snapshot,64,463,1.000000,1.000000,1.000000,{"1":462,"2":1},0.997840,0.002160,0.000000,0.000000,0.997840,0.002160,1.000000
0.045782674,2,172,read_only,256,10,1.000000,1.000000,1.000000,{"1":10},1.000000,0.000000,0.000000,0.000000,1.000000,0.000000,-1.000000
0.045782674,2,172,union,256,10,1.000000,1.000000,1.000000,{"1":10},1.000000,0.000000,0.000000,0.000000,1.000000,0.000000,-1.000000
0.045782674,2,172,snapshot,256,463,1.000000,1.000000,1.000000,{"1":462,"2":1},0.997840,0.002160,0.000000,0.000000,0.997840,0.002160,1.000000
0.045782674,2,172,read_only,1024,10,1.000000,1.000000,1.000000,{"1":10},1.000000,0.000000,0.000000,0.000000,1.000000,0.000000,-1.000000
0.045782674,2,172,union,1024,10,1.000000,1.000000,1.000000,{"1":10},1.000000,0.000000,0.000000,0.000000,1.000000,0.000000,-1.000000
0.045782674,2,172,snapshot,1024,463,1.000000,1.000000,1.000000,{"1":462,"2":1},0.997840,0.002160,0.000000,0.000000,0.997840,0.002160,1.000000
0.045782674,2,172,read_only,4096,10,1.000000,1.000000,1.000000,{"1":10},1.000000,0.000000,0.000000,0.000000,1.000000,0.000000,-1.000000
0.045782674,2,172,union,4096,10,1.000000,1.000000,1.000000,{"1":10},1.000000,0.000000,0.000000,0.000000,1.000000,0.000000,-1.000000
0.045782674,2,172,snapshot,4096,463,1.000000,1.000000,1.000000,{"1":462,"2":1},0.997840,0.002160,0.000000,0.000000,0.997840,0.002160,1.000000
0.045782674,2,172,read_only,16384,5,1.000000,1.000000,1.000000,{"1":10},1.000000,0.000000,0.000000,0.000000,1.000000,0.000000,-1.000000
0.045782674,2,172,union,16384,5,1.000000,1.000000,1.000000,{"1":10},1.000000,0.000000,0.000000,0.000000,1.000000,0.000000,-1.000000
0.045782674,2,172,snapshot,16384,123,0.902439,0.966125,0.902439,{"1":462,"2":1},0.902439,0.097561,0.000000,0.000000,0.902439,0.000000,0.000000
0.046017618,2,173,snapshot,64,463,1.000000,1.000000,1.000000,{"1":462,"2":1},0.997840,0.002160,0.000000,0.000000,0.997840,0.002160,1.000000
0.046017618,2,173,snapshot,256,463,1.000000,1.000000,1.000000,{"1":462,"2":1},0.997840,0.002160,0.000000,0.000000,0.997840,0.002160,1.000000
0.046017618,2,173,snapshot,1024,463,1.000000,1.000000,1.000000,{"1":462,"2":1},0.997840,0.002160,0.000000,0.000000,0.997840,0.002160,1.000000
0.046017618,2,173,snapshot,4096,463,1.000000,1.000000,1.000000,{"1":462,"2":1},0.997840,0.002160,0.000000,0.000000,0.997840,0.002160,1.000000
0.046017618,2,173,snapshot,16384,123,0.902439,0.966125,0.902439,{"1":462,"2":1},0.902439,0.097561,0.000000,0.000000,0.902439,0.000000,0.000000
