sim_time,gpu_id,kernel_id,view,region_size_bytes,num_regions_with_entries,strict_coalescable_ratio,avg_relaxed_ratio,full_redundant_ratio,sharer_set_cardinality_dist_json,reg_card1_ratio,reg_card2_ratio,reg_card3_ratio,reg_card4plus_ratio,coalescable_private_ratio,coalescable_shared_ratio,shared_only_strict_ratio
0.000408468,5,0,read_only,64,11,1.000000,1.000000,1.000000,{"1":11},1.000000,0.000000,0.000000,0.000000,1.000000,0.000000,-1.000000
0.000408468,5,0,union,64,11,1.000000,1.000000,1.000000,{"1":11},1.000000,0.000000,0.000000,0.000000,1.000000,0.000000,-1.000000
0.000408468,5,0,snapshot,64,12,1.000000,1.000000,1.000000,{"0":1,"1":11},0.916667,0.000000,0.000000,0.000000,0.916667,0.000000,-1.000000
0.000408468,5,0,read_only,256,11,1.000000,1.000000,1.000000,{"1":11},1.000000,0.000000,0.000000,0.000000,1.000000,0.000000,-1.000000
0.000408468,5,0,union,256,11,1.000000,1.000000,1.000000,{"1":11},1.000000,0.000000,0.000000,0.000000,1.000000,0.000000,-1.000000
0.000408468,5,0,snapshot,256,12,1.000000,1.000000,1.000000,{"0":1,"1":11},0.916667,0.000000,0.000000,0.000000,0.916667,0.000000,-1.000000
0.000408468,5,0,read_only,1024,11,1.000000,1.000000,1.000000,{"1":11},1.000000,0.000000,0.000000,0.000000,1.000000,0.000000,-1.000000
0.000408468,5,0,union,1024,11,1.000000,1.000000,1.000000,{"1":11},1.000000,0.000000,0.000000,0.000000,1.000000,0.000000,-1.000000
0.000408468,5,0,snapshot,1024,12,1.000000,1.000000,1.000000,{"0":1,"1":11},0.916667,0.000000,0.000000,0.000000,0.916667,0.000000,-1.000000
0.000408468,5,0,read_only,4096,11,1.000000,1.000000,1.000000,{"1":11},1.000000,0.000000,0.000000,0.000000,1.000000,0.000000,-1.000000
0.000408468,5,0,union,4096,11,1.000000,1.000000,1.000000,{"1":11},1.000000,0.000000,0.000000,0.000000,1.000000,0.000000,-1.000000
0.000408468,5,0,snapshot,4096,12,1.000000,1.000000,1.000000,{"0":1,"1":11},0.916667,0.000000,0.000000,0.000000,0.916667,0.000000,-1.000000
0.000408468,5,0,read_only,16384,6,0.833333,0.916667,0.833333,{"1":11},0.833333,0.166667,0.000000,0.000000,0.833333,0.000000,0.000000
0.000408468,5,0,union,16384,6,0.833333,0.916667,0.833333,{"1":11},0.833333,0.166667,0.000000,0.000000,0.833333,0.000000,0.000000
0.000408468,5,0,snapshot,16384,6,0.666667,0.875000,0.666667,{"0":1,"1":11},0.833333,0.166667,0.000000,0.000000,0.666667,0.000000,0.000000
0.000655830,5,1,read_only,64,18,1.000000,1.000000,1.000000,{"1":18},1.000000,0.000000,0.000000,0.000000,1.000000,0.000000,-1.000000
0.000655830,5,1,union,64,18,1.000000,1.000000,1.000000,{"1":18},1.000000,0.000000,0.000000,0.000000,1.000000,0.000000,-1.000000
0.000655830,5,1,snapshot,64,29,1.000000,1.000000,1.000000,{"1":29},1.000000,0.000000,0.000000,0.000000,1.000000,0.000000,-1.000000
0.000655830,5,1,read_only,256,18,1.000000,1.000000,1.000000,{"1":18},1.000000,0.000000,0.000000,0.000000,1.000000,0.000000,-1.000000
0.000655830,5,1,union,256,18,1.000000,1.000000,1.000000,{"1":18},1.000000,0.000000,0.000000,0.000000,1.000000,0.000000,-1.000000
0.000655830,5,1,snapshot,256,29,1.000000,1.000000,1.000000,{"1":29},1.000000,0.000000,0.000000,0.000000,1.000000,0.000000,-1.000000
0.000655830,5,1,read_only,1024,18,1.000000,1.000000,1.000000,{"1":18},1.000000,0.000000,0.000000,0.000000,1.000000,0.000000,-1.000000
0.000655830,5,1,union,1024,18,1.000000,1.000000,1.000000,{"1":18},1.000000,0.000000,0.000000,0.000000,1.000000,0.000000,-1.000000
0.000655830,5,1,snapshot,1024,29,1.000000,1.000000,1.000000,{"1":29},1.000000,0.000000,0.000000,0.000000,1.000000,0.000000,-1.000000
0.000655830,5,1,read_only,4096,18,1.000000,1.000000,1.000000,{"1":18},1.000000,0.000000,0.000000,0.000000,1.000000,0.000000,-1.000000
0.000655830,5,1,union,4096,18,1.000000,1.000000,1.000000,{"1":18},1.000000,0.000000,0.000000,0.000000,1.000000,0.000000,-1.000000
0.000655830,5,1,snapshot,4096,29,1.000000,1.000000,1.000000,{"1":29},1.000000,0.000000,0.000000,0.000000,1.000000,0.000000,-1.000000
0.000655830,5,1,read_only,16384,7,0.571429,0.857143,0.571429,{"1":18},0.571429,0.428571,0.000000,0.000000,0.571429,0.000000,0.000000
0.000655830,5,1,union,16384,7,0.571429,0.857143,0.571429,{"1":18},0.571429,0.428571,0.000000,0.000000,0.571429,0.000000,0.000000
0.000655830,5,1,snapshot,16384,8,0.500000,0.854167,0.500000,{"1":29},0.500000,0.500000,0.000000,0.000000,0.500000,0.000000,0.000000
0.000937402,5,2,snapshot,64,29,1.000000,1.000000,1.000000,{"1":29},1.000000,0.000000,0.000000,0.000000,1.000000,0.000000,-1.000000
0.000937402,5,2,snapshot,256,29,1.000000,1.000000,1.000000,{"1":29},1.000000,0.000000,0.000000,0.000000,1.000000,0.000000,-1.000000
0.000937402,5,2,snapshot,1024,29,1.000000,1.000000,1.000000,{"1":29},1.000000,0.000000,0.000000,0.000000,1.000000,0.000000,-1.000000
0.000937402,5,2,snapshot,4096,29,1.000000,1.000000,1.000000,{"1":29},1.000000,0.000000,0.000000,0.000000,1.000000,0.000000,-1.000000
0.000937402,5,2,snapshot,16384,8,0.500000,0.854167,0.500000,{"1":29},0.500000,0.500000,0.000000,0.000000,0.500000,0.000000,0.000000
0.001173261,5,3,snapshot,64,29,1.000000,1.000000,1.000000,{"1":29},1.000000,0.000000,0.000000,0.000000,1.000000,0.000000,-1.000000
0.001173261,5,3,snapshot,256,29,1.000000,1.000000,1.000000,{"1":29},1.000000,0.000000,0.000000,0.000000,1.000000,0.000000,-1.000000
0.001173261,5,3,snapshot,1024,29,1.000000,1.000000,1.000000,{"1":29},1.000000,0.000000,0.000000,0.000000,1.000000,0.000000,-1.000000
0.001173261,5,3,snapshot,4096,29,1.000000,1.000000,1.000000,{"1":29},1.000000,0.000000,0.000000,0.000000,1.000000,0.000000,-1.000000
0.001173261,5,3,snapshot,16384,8,0.500000,0.854167,0.500000,{"1":29},0.500000,0.500000,0.000000,0.000000,0.500000,0.000000,0.000000
0.001408094,5,4,snapshot,64,29,1.000000,1.000000,1.000000,{"1":29},1.000000,0.000000,0.000000,0.000000,1.000000,0.000000,-1.000000
0.001408094,5,4,snapshot,256,29,1.000000,1.000000,1.000000,{"1":29},1.000000,0.000000,0.000000,0.000000,1.000000,0.000000,-1.000000
0.001408094,5,4,snapshot,1024,29,1.000000,1.000000,1.000000,{"1":29},1.000000,0.000000,0.000000,0.000000,1.000000,0.000000,-1.000000
0.001408094,5,4,snapshot,4096,29,1.000000,1.000000,1.000000,{"1":29},1.000000,0.000000,0.000000,0.000000,1.000000,0.000000,-1.000000
0.001408094,5,4,snapshot,16384,8,0.500000,0.854167,0.500000,{"1":29},0.500000,0.500000,0.000000,0.000000,0.500000,0.000000,0.000000
0.001642381,5,5,read_only,64,8,1.000000,1.000000,1.000000,{"1":8},1.000000,0.000000,0.000000,0.000000,1.000000,0.000000,-1.000000
0.001642381,5,5,union,64,8,1.000000,1.000000,1.000000,{"1":8},1.000000,0.000000,0.000000,0.000000,1.000000,0.000000,-1.000000
0.001642381,5,5,snapshot,64,37,1.000000,1.000000,1.000000,{"1":37},1.000000,0.000000,0.000000,0.000000,1.000000,0.000000,-1.000000
0.001642381,5,5,read_only,256,8,1.000000,1.000000,1.000000,{"1":8},1.000000,0.000000,0.000000,0.000000,1.000000,0.000000,-1.000000
0.001642381,5,5,union,256,8,1.000000,1.000000,1.000000,{"1":8},1.000000,0.000000,0.000000,0.000000,1.000000,0.000000,-1.000000
0.001642381,5,5,snapshot,256,37,1.000000,1.000000,1.000000,{"1":37},1.000000,0.000000,0.000000,0.000000,1.000000,0.000000,-1.000000
0.001642381,5,5,read_only,1024,8,1.000000,1.000000,1.000000,{"1":8},1.000000,0.000000,0.000000,0.000000,1.000000,0.000000,-1.000000
0.001642381,5,5,union,1024,8,1.000000,1.000000,1.000000,{"1":8},1.000000,0.000000,0.000000,0.000000,1.000000,0.000000,-1.000000
0.001642381,5,5,snapshot,1024,37,1.000000,1.000000,1.000000,{"1":37},1.000000,0.000000,0.000000,0.000000,1.000000,0.000000,-1.000000
0.001642381,5,5,read_only,4096,8,1.000000,1.000000,1.000000,{"1":8},1.000000,0.000000,0.000000,0.000000,1.000000,0.000000,-1.000000
0.001642381,5,5,union,4096,8,1.000000,1.000000,1.000000,{"1":8},1.000000,0.000000,0.000000,0.000000,1.000000,0.000000,-1.000000
0.001642381,5,5,snapshot,4096,37,1.000000,1.000000,1.000000,{"1":37},1.000000,0.000000,0.000000,0.000000,1.000000,0.000000,-1.000000
0.001642381,5,5,read_only,16384,3,0.666667,0.916667,0.666667,{"1":8},0.666667,0.333333,0.000000,0.000000,0.666667,0.000000,0.000000
0.001642381,5,5,union,16384,3,0.666667,0.916667,0.666667,{"1":8},0.666667,0.333333,0.000000,0.000000,0.666667,0.000000,0.000000
0.001642381,5,5,snapshot,16384,11,0.545455,0.871212,0.545455,{"1":37},0.545455,0.454545,0.000000,0.000000,0.545455,0.000000,0.000000
0.002659944,5,6,read_only,64,2,1.000000,1.000000,1.000000,{"1":2},1.000000,0.000000,0.000000,0.000000,1.000000,0.000000,-1.000000
0.002659944,5,6,union,64,2,1.000000,1.000000,1.000000,{"1":2},1.000000,0.000000,0.000000,0.000000,1.000000,0.000000,-1.000000
0.002659944,5,6,snapshot,64,39,1.000000,1.000000,1.000000,{"1":39},1.000000,0.000000,0.000000,0.000000,1.000000,0.000000,-1.000000
0.002659944,5,6,read_only,256,2,1.000000,1.000000,1.000000,{"1":2},1.000000,0.000000,0.000000,0.000000,1.000000,0.000000,-1.000000
0.002659944,5,6,union,256,2,1.000000,1.000000,1.000000,{"1":2},1.000000,0.000000,0.000000,0.000000,1.000000,0.000000,-1.000000
0.002659944,5,6,snapshot,256,39,1.000000,1.000000,1.000000,{"1":39},1.000000,0.000000,0.000000,0.000000,1.000000,0.000000,-1.000000
0.002659944,5,6,read_only,1024,2,1.000000,1.000000,1.000000,{"1":2},1.000000,0.000000,0.000000,0.000000,1.000000,0.000000,-1.000000
0.002659944,5,6,union,1024,2,1.000000,1.000000,1.000000,{"1":2},1.000000,0.000000,0.000000,0.000000,1.000000,0.000000,-1.000000
0.002659944,5,6,snapshot,1024,39,1.000000,1.000000,1.000000,{"1":39},1.000000,0.000000,0.000000,0.000000,1.000000,0.000000,-1.000000
0.002659944,5,6,read_only,4096,2,1.000000,1.000000,1.000000,{"1":2},1.000000,0.000000,0.000000,0.000000,1.000000,0.000000,-1.000000
0.002659944,5,6,union,4096,2,1.000000,1.000000,1.000000,{"1":2},1.000000,0.000000,0.000000,0.000000,1.000000,0.000000,-1.000000
0.002659944,5,6,snapshot,4096,39,1.000000,1.000000,1.000000,{"1":39},1.000000,0.000000,0.000000,0.000000,1.000000,0.000000,-1.000000
0.002659944,5,6,read_only,16384,1,1.000000,1.000000,1.000000,{"1":2},1.000000,0.000000,0.000000,0.000000,1.000000,0.000000,-1.000000
0.002659944,5,6,union,16384,1,1.000000,1.000000,1.000000,{"1":2},1.000000,0.000000,0.000000,0.000000,1.000000,0.000000,-1.000000
0.002659944,5,6,snapshot,16384,12,0.583333,0.881944,0.583333,{"1":39},0.583333,0.416667,0.000000,0.000000,0.583333,0.000000,0.000000
0.002894835,5,7,snapshot,64,39,1.000000,1.000000,1.000000,{"1":39},1.000000,0.000000,0.000000,0.000000,1.000000,0.000000,-1.000000
0.002894835,5,7,snapshot,256,39,1.000000,1.000000,1.000000,{"1":39},1.000000,0.000000,0.000000,0.000000,1.000000,0.000000,-1.000000
0.002894835,5,7,snapshot,1024,39,1.000000,1.000000,1.000000,{"1":39},1.000000,0.000000,0.000000,0.000000,1.000000,0.000000,-1.000000
0.002894835,5,7,snapshot,4096,39,1.000000,1.000000,1.000000,{"1":39},1.000000,0.000000,0.000000,0.000000,1.000000,0.000000,-1.000000
0.002894835,5,7,snapshot,16384,12,0.583333,0.881944,0.583333,{"1":39},0.583333,0.416667,0.000000,0.000000,0.583333,0.000000,0.000000
0.003128338,5,8,snapshot,64,39,1.000000,1.000000,1.000000,{"1":39},1.000000,0.000000,0.000000,0.000000,1.000000,0.000000,-1.000000
0.003128338,5,8,snapshot,256,39,1.000000,1.000000,1.000000,{"1":39},1.000000,0.000000,0.000000,0.000000,1.000000,0.000000,-1.000000
0.003128338,5,8,snapshot,1024,39,1.000000,1.000000,1.000000,{"1":39},1.000000,0.000000,0.000000,0.000000,1.000000,0.000000,-1.000000
0.003128338,5,8,snapshot,4096,39,1.000000,1.000000,1.000000,{"1":39},1.000000,0.000000,0.000000,0.000000,1.000000,0.000000,-1.000000
0.003128338,5,8,snapshot,16384,12,0.583333,0.881944,0.583333,{"1":39},0.583333,0.416667,0.000000,0.000000,0.583333,0.000000,0.000000
0.003362179,5,9,snapshot,64,39,1.000000,1.000000,1.000000,{"1":39},1.000000,0.000000,0.000000,0.000000,1.000000,0.000000,-1.000000
0.003362179,5,9,snapshot,256,39,1.000000,1.000000,1.000000,{"1":39},1.000000,0.000000,0.000000,0.000000,1.000000,0.000000,-1.000000
0.003362179,5,9,snapshot,1024,39,1.000000,1.000000,1.000000,{"1":39},1.000000,0.000000,0.000000,0.000000,1.000000,0.000000,-1.000000
0.003362179,5,9,snapshot,4096,39,1.000000,1.000000,1.000000,{"1":39},1.000000,0.000000,0.000000,0.000000,1.000000,0.000000,-1.000000
0.003362179,5,9,snapshot,16384,12,0.583333,0.881944,0.583333,{"1":39},0.583333,0.416667,0.000000,0.000000,0.583333,0.000000,0.000000
0.003602182,5,10,read_only,64,8,1.000000,1.000000,1.000000,{"1":8},1.000000,0.000000,0.000000,0.000000,1.000000,0.000000,-1.000000
0.003602182,5,10,union,64,8,1.000000,1.000000,1.000000,{"1":8},1.000000,0.000000,0.000000,0.000000,1.000000,0.000000,-1.000000
0.003602182,5,10,snapshot,64,47,1.000000,1.000000,1.000000,{"1":47},1.000000,0.000000,0.000000,0.000000,1.000000,0.000000,-1.000000
0.003602182,5,10,read_only,256,8,1.000000,1.000000,1.000000,{"1":8},1.000000,0.000000,0.000000,0.000000,1.000000,0.000000,-1.000000
0.003602182,5,10,union,256,8,1.000000,1.000000,1.000000,{"1":8},1.000000,0.000000,0.000000,0.000000,1.000000,0.000000,-1.000000
0.003602182,5,10,snapshot,256,47,1.000000,1.000000,1.000000,{"1":47},1.000000,0.000000,0.000000,0.000000,1.000000,0.000000,-1.000000
0.003602182,5,10,read_only,1024,8,1.000000,1.000000,1.000000,{"1":8},1.000000,0.000000,0.000000,0.000000,1.000000,0.000000,-1.000000
0.003602182,5,10,union,1024,8,1.000000,1.000000,1.000000,{"1":8},1.000000,0.000000,0.000000,0.000000,1.000000,0.000000,-1.000000
0.003602182,5,10,snapshot,1024,47,1.000000,1.000000,1.000000,{"1":47},1.000000,0.000000,0.000000,0.000000,1.000000,0.000000,-1.000000
0.003602182,5,10,read_only,4096,8,1.000000,1.000000,1.000000,{"1":8},1.000000,0.000000,0.000000,0.000000,1.000000,0.000000,-1.000000
0.003602182,5,10,union,4096,8,1.000000,1.000000,1.000000,{"1":8},1.000000,0.000000,0.000000,0.000000,1.000000,0.000000,-1.000000
0.003602182,5,10,snapshot,4096,47,1.000000,1.000000,1.000000,{"1":47},1.000000,0.000000,0.000000,0.000000,1.000000,0.000000,-1.000000
0.003602182,5,10,read_only,16384,2,1.000000,1.000000,1.000000,{"1":8},1.000000,0.000000,0.000000,0.000000,1.000000,0.000000,-1.000000
0.003602182,5,10,union,16384,2,1.000000,1.000000,1.000000,{"1":8},1.000000,0.000000,0.000000,0.000000,1.000000,0.000000,-1.000000
0.003602182,5,10,snapshot,16384,14,0.642857,0.898810,0.642857,{"1":47},0.642857,0.357143,0.000000,0.000000,0.642857,0.000000,0.000000
0.003847090,5,11,read_only,64,5,1.000000,1.000000,1.000000,{"1":5},1.000000,0.000000,0.000000,0.000000,1.000000,0.000000,-1.000000
0.003847090,5,11,union,64,5,1.000000,1.000000,1.000000,{"1":5},1.000000,0.000000,0.000000,0.000000,1.000000,0.000000,-1.000000
0.003847090,5,11,snapshot,64,52,1.000000,1.000000,1.000000,{"1":52},1.000000,0.000000,0.000000,0.000000,1.000000,0.000000,-1.000000
0.003847090,5,11,read_only,256,5,1.000000,1.000000,1.000000,{"1":5},1.000000,0.000000,0.000000,0.000000,1.000000,0.000000,-1.000000
0.003847090,5,11,union,256,5,1.000000,1.000000,1.000000,{"1":5},1.000000,0.000000,0.000000,0.000000,1.000000,0.000000,-1.000000
0.003847090,5,11,snapshot,256,52,1.000000,1.000000,1.000000,{"1":52},1.000000,0.000000,0.000000,0.000000,1.000000,0.000000,-1.000000
0.003847090,5,11,read_only,1024,5,1.000000,1.000000,1.000000,{"1":5},1.000000,0.000000,0.000000,0.000000,1.000000,0.000000,-1.000000
0.003847090,5,11,union,1024,5,1.000000,1.000000,1.000000,{"1":5},1.000000,0.000000,0.000000,0.000000,1.000000,0.000000,-1.000000
0.003847090,5,11,snapshot,1024,52,1.000000,1.000000,1.000000,{"1":52},1.000000,0.000000,0.000000,0.000000,1.000000,0.000000,-1.000000
0.003847090,5,11,read_only,4096,5,1.000000,1.000000,1.000000,{"1":5},1.000000,0.000000,0.000000,0.000000,1.000000,0.000000,-1.000000
0.003847090,5,11,union,4096,5,1.000000,1.000000,1.000000,{"1":5},1.000000,0.000000,0.000000,0.000000,1.000000,0.000000,-1.000000
0.003847090,5,11,snapshot,4096,52,1.000000,1.000000,1.000000,{"1":52},1.000000,0.000000,0.000000,0.000000,1.000000,0.000000,-1.000000
0.003847090,5,11,read_only,16384,2,0.500000,0.750000,0.500000,{"1":5},0.500000,0.000000,0.500000,0.000000,0.500000,0.000000,0.000000
0.003847090,5,11,union,16384,2,0.500000,0.750000,0.500000,{"1":5},0.500000,0.000000,0.500000,0.000000,0.500000,0.000000,0.000000
0.003847090,5,11,snapshot,16384,16,0.625000,0.880208,0.625000,{"1":52},0.625000,0.312500,0.062500,0.000000,0.625000,0.000000,0.000000
0.004081050,5,12,snapshot,64,52,1.000000,1.000000,1.000000,{"1":52},1.000000,0.000000,0.000000,0.000000,1.000000,0.000000,-1.000000
0.004081050,5,12,snapshot,256,52,1.000000,1.000000,1.000000,{"1":52},1.000000,0.000000,0.000000,0.000000,1.000000,0.000000,-1.000000
0.004081050,5,12,snapshot,1024,52,1.000000,1.000000,1.000000,{"1":52},1.000000,0.000000,0.000000,0.000000,1.000000,0.000000,-1.000000
0.004081050,5,12,snapshot,4096,52,1.000000,1.000000,1.000000,{"1":52},1.000000,0.000000,0.000000,0.000000,1.000000,0.000000,-1.000000
0.004081050,5,12,snapshot,16384,16,0.625000,0.880208,0.625000,{"1":52},0.625000,0.312500,0.062500,0.000000,0.625000,0.000000,0.000000
0.004314403,5,13,snapshot,64,52,1.000000,1.000000,1.000000,{"1":52},1.000000,0.000000,0.000000,0.000000,1.000000,0.000000,-1.000000
0.004314403,5,13,snapshot,256,52,1.000000,1.000000,1.000000,{"1":52},1.000000,0.000000,0.000000,0.000000,1.000000,0.000000,-1.000000
0.004314403,5,13,snapshot,1024,52,1.000000,1.000000,1.000000,{"1":52},1.000000,0.000000,0.000000,0.000000,1.000000,0.000000,-1.000000
0.004314403,5,13,snapshot,4096,52,1.000000,1.000000,1.000000,{"1":52},1.000000,0.000000,0.000000,0.000000,1.000000,0.000000,-1.000000
0.004314403,5,13,snapshot,16384,16,0.625000,0.880208,0.625000,{"1":52},0.625000,0.312500,0.062500,0.000000,0.625000,0.000000,0.000000
0.004723910,5,14,snapshot,64,52,1.000000,1.000000,1.000000,{"1":52},1.000000,0.000000,0.000000,0.000000,1.000000,0.000000,-1.000000
0.004723910,5,14,snapshot,256,52,1.000000,1.000000,1.000000,{"1":52},1.000000,0.000000,0.000000,0.000000,1.000000,0.000000,-1.000000
0.004723910,5,14,snapshot,1024,52,1.000000,1.000000,1.000000,{"1":52},1.000000,0.000000,0.000000,0.000000,1.000000,0.000000,-1.000000
0.004723910,5,14,snapshot,4096,52,1.000000,1.000000,1.000000,{"1":52},1.000000,0.000000,0.000000,0.000000,1.000000,0.000000,-1.000000
0.004723910,5,14,snapshot,16384,16,0.625000,0.880208,0.625000,{"1":52},0.625000,0.312500,0.062500,0.000000,0.625000,0.000000,0.000000
0.004957227,5,15,read_only,64,4,1.000000,1.000000,1.000000,{"1":4},1.000000,0.000000,0.000000,0.000000,1.000000,0.000000,-1.000000
0.004957227,5,15,union,64,4,1.000000,1.000000,1.000000,{"1":4},1.000000,0.000000,0.000000,0.000000,1.000000,0.000000,-1.000000
0.004957227,5,15,snapshot,64,56,1.000000,1.000000,1.000000,{"1":56},1.000000,0.000000,0.000000,0.000000,1.000000,0.000000,-1.000000
0.004957227,5,15,read_only,256,4,1.000000,1.000000,1.000000,{"1":4},1.000000,0.000000,0.000000,0.000000,1.000000,0.000000,-1.000000
0.004957227,5,15,union,256,4,1.000000,1.000000,1.000000,{"1":4},1.000000,0.000000,0.000000,0.000000,1.000000,0.000000,-1.000000
0.004957227,5,15,snapshot,256,56,1.000000,1.000000,1.000000,{"1":56},1.000000,0.000000,0.000000,0.000000,1.000000,0.000000,-1.000000
0.004957227,5,15,read_only,1024,4,1.000000,1.000000,1.000000,{"1":4},1.000000,0.000000,0.000000,0.000000,1.000000,0.000000,-1.000000
0.004957227,5,15,union,1024,4,1.000000,1.000000,1.000000,{"1":4},1.000000,0.000000,0.000000,0.000000,1.000000,0.000000,-1.000000
0.004957227,5,15,snapshot,1024,56,1.000000,1.000000,1.000000,{"1":56},1.000000,0.000000,0.000000,0.000000,1.000000,0.000000,-1.000000
0.004957227,5,15,read_only,4096,4,1.000000,1.000000,1.000000,{"1":4},1.000000,0.000000,0.000000,0.000000,1.000000,0.000000,-1.000000
0.004957227,5,15,union,4096,4,1.000000,1.000000,1.000000,{"1":4},1.000000,0.000000,0.000000,0.000000,1.000000,0.000000,-1.000000
0.004957227,5,15,snapshot,4096,56,1.000000,1.000000,1.000000,{"1":56},1.000000,0.000000,0.000000,0.000000,1.000000,0.000000,-1.000000
0.004957227,5,15,read_only,16384,1,1.000000,1.000000,1.000000,{"1":4},1.000000,0.000000,0.000000,0.000000,1.000000,0.000000,-1.000000
0.004957227,5,15,union,16384,1,1.000000,1.000000,1.000000,{"1":4},1.000000,0.000000,0.000000,0.000000,1.000000,0.000000,-1.000000
0.004957227,5,15,snapshot,16384,17,0.647059,0.887255,0.647059,{"1":56},0.647059,0.294118,0.058824,0.000000,0.647059,0.000000,0.000000
0.005192214,5,16,read_only,64,1,1.000000,1.000000,1.000000,{"1":1},1.000000,0.000000,0.000000,0.000000,1.000000,0.000000,-1.000000
0.005192214,5,16,union,64,1,1.000000,1.000000,1.000000,{"1":1},1.000000,0.000000,0.000000,0.000000,1.000000,0.000000,-1.000000
0.005192214,5,16,snapshot,64,57,1.000000,1.000000,1.000000,{"1":57},1.000000,0.000000,0.000000,0.000000,1.000000,0.000000,-1.000000
0.005192214,5,16,read_only,256,1,1.000000,1.000000,1.000000,{"1":1},1.000000,0.000000,0.000000,0.000000,1.000000,0.000000,-1.000000
0.005192214,5,16,union,256,1,1.000000,1.000000,1.000000,{"1":1},1.000000,0.000000,0.000000,0.000000,1.000000,0.000000,-1.000000
0.005192214,5,16,snapshot,256,57,1.000000,1.000000,1.000000,{"1":57},1.000000,0.000000,0.000000,0.000000,1.000000,0.000000,-1.000000
0.005192214,5,16,read_only,1024,1,1.000000,1.000000,1.000000,{"1":1},1.000000,0.000000,0.000000,0.000000,1.000000,0.000000,-1.000000
0.005192214,5,16,union,1024,1,1.000000,1.000000,1.000000,{"1":1},1.000000,0.000000,0.000000,0.000000,1.000000,0.000000,-1.000000
0.005192214,5,16,snapshot,1024,57,1.000000,1.000000,1.000000,{"1":57},1.000000,0.000000,0.000000,0.000000,1.000000,0.000000,-1.000000
0.005192214,5,16,read_only,4096,1,1.000000,1.000000,1.000000,{"1":1},1.000000,0.000000,0.000000,0.000000,1.000000,0.000000,-1.000000
0.005192214,5,16,union,4096,1,1.000000,1.000000,1.000000,{"1":1},1.000000,0.000000,0.000000,0.000000,1.000000,0.000000,-1.000000
0.005192214,5,16,snapshot,4096,57,1.000000,1.000000,1.000000,{"1":57},1.000000,0.000000,0.000000,0.000000,1.000000,0.000000,-1.000000
0.005192214,5,16,read_only,16384,1,1.000000,1.000000,1.000000,{"1":1},1.000000,0.000000,0.000000,0.000000,1.000000,0.000000,-1.000000
0.005192214,5,16,union,16384,1,1.000000,1.000000,1.000000,{"1":1},1.000000,0.000000,0.000000,0.000000,1.000000,0.000000,-1.000000
0.005192214,5,16,snapshot,16384,18,0.666667,0.893519,0.666667,{"1":57},0.666667,0.277778,0.055556,0.000000,0.666667,0.000000,0.000000
0.005424363,5,17,snapshot,64,57,1.000000,1.000000,1.000000,{"1":57},1.000000,0.000000,0.000000,0.000000,1.000000,0.000000,-1.000000
0.005424363,5,17,snapshot,256,57,1.000000,1.000000,1.000000,{"1":57},1.000000,0.000000,0.000000,0.000000,1.000000,0.000000,-1.000000
0.005424363,5,17,snapshot,1024,57,1.000000,1.000000,1.000000,{"1":57},1.000000,0.000000,0.000000,0.000000,1.000000,0.000000,-1.000000
0.005424363,5,17,snapshot,4096,57,1.000000,1.000000,1.000000,{"1":57},1.000000,0.000000,0.000000,0.000000,1.000000,0.000000,-1.000000
0.005424363,5,17,snapshot,16384,18,0.666667,0.893519,0.666667,{"1":57},0.666667,0.277778,0.055556,0.000000,0.666667,0.000000,0.000000
0.005657636,5,18,snapshot,64,57,1.000000,1.000000,1.000000,{"1":57},1.000000,0.000000,0.000000,0.000000,1.000000,0.000000,-1.000000
0.005657636,5,18,snapshot,256,57,1.000000,1.000000,1.000000,{"1":57},1.000000,0.000000,0.000000,0.000000,1.000000,0.000000,-1.000000
0.005657636,5,18,snapshot,1024,57,1.000000,1.000000,1.000000,{"1":57},1.000000,0.000000,0.000000,0.000000,1.000000,0.000000,-1.000000
0.005657636,5,18,snapshot,4096,57,1.000000,1.000000,1.000000,{"1":57},1.000000,0.000000,0.000000,0.000000,1.000000,0.000000,-1.000000
0.005657636,5,18,snapshot,16384,18,0.666667,0.893519,0.666667,{"1":57},0.666667,0.277778,0.055556,0.000000,0.666667,0.000000,0.000000
0.005897098,5,19,read_only,64,2,1.000000,1.000000,1.000000,{"1":2},1.000000,0.000000,0.000000,0.000000,1.000000,0.000000,-1.000000
0.005897098,5,19,union,64,2,1.000000,1.000000,1.000000,{"1":2},1.000000,0.000000,0.000000,0.000000,1.000000,0.000000,-1.000000
0.005897098,5,19,snapshot,64,59,1.000000,1.000000,1.000000,{"1":59},1.000000,0.000000,0.000000,0.000000,1.000000,0.000000,-1.000000
0.005897098,5,19,read_only,256,2,1.000000,1.000000,1.000000,{"1":2},1.000000,0.000000,0.000000,0.000000,1.000000,0.000000,-1.000000
0.005897098,5,19,union,256,2,1.000000,1.000000,1.000000,{"1":2},1.000000,0.000000,0.000000,0.000000,1.000000,0.000000,-1.000000
0.005897098,5,19,snapshot,256,59,1.000000,1.000000,1.000000,{"1":59},1.000000,0.000000,0.000000,0.000000,1.000000,0.000000,-1.000000
0.005897098,5,19,read_only,1024,2,1.000000,1.000000,1.000000,{"1":2},1.000000,0.000000,0.000000,0.000000,1.000000,0.000000,-1.000000
0.005897098,5,19,union,1024,2,1.000000,1.000000,1.000000,{"1":2},1.000000,0.000000,0.000000,0.000000,1.000000,0.000000,-1.000000
0.005897098,5,19,snapshot,1024,59,1.000000,1.000000,1.000000,{"1":59},1.000000,0.000000,0.000000,0.000000,1.000000,0.000000,-1.000000
0.005897098,5,19,read_only,4096,2,1.000000,1.000000,1.000000,{"1":2},1.000000,0.000000,0.000000,0.000000,1.000000,0.000000,-1.000000
0.005897098,5,19,union,4096,2,1.000000,1.000000,1.000000,{"1":2},1.000000,0.000000,0.000000,0.000000,1.000000,0.000000,-1.000000
0.005897098,5,19,snapshot,4096,59,1.000000,1.000000,1.000000,{"1":59},1.000000,0.000000,0.000000,0.000000,1.000000,0.000000,-1.000000
0.005897098,5,19,read_only,16384,2,1.000000,1.000000,1.000000,{"1":2},1.000000,0.000000,0.000000,0.000000,1.000000,0.000000,-1.000000
0.005897098,5,19,union,16384,2,1.000000,1.000000,1.000000,{"1":2},1.000000,0.000000,0.000000,0.000000,1.000000,0.000000,-1.000000
0.005897098,5,19,snapshot,16384,19,0.631579,0.885965,0.631579,{"1":59},0.631579,0.315789,0.052632,0.000000,0.631579,0.000000,0.000000
0.006132174,5,20,read_only,64,4,1.000000,1.000000,1.000000,{"1":4},1.000000,0.000000,0.000000,0.000000,1.000000,0.000000,-1.000000
0.006132174,5,20,union,64,4,1.000000,1.000000,1.000000,{"1":4},1.000000,0.000000,0.000000,0.000000,1.000000,0.000000,-1.000000
0.006132174,5,20,snapshot,64,63,1.000000,1.000000,1.000000,{"1":63},1.000000,0.000000,0.000000,0.000000,1.000000,0.000000,-1.000000
0.006132174,5,20,read_only,256,4,1.000000,1.000000,1.000000,{"1":4},1.000000,0.000000,0.000000,0.000000,1.000000,0.000000,-1.000000
0.006132174,5,20,union,256,4,1.000000,1.000000,1.000000,{"1":4},1.000000,0.000000,0.000000,0.000000,1.000000,0.000000,-1.000000
0.006132174,5,20,snapshot,256,63,1.000000,1.000000,1.000000,{"1":63},1.000000,0.000000,0.000000,0.000000,1.000000,0.000000,-1.000000
0.006132174,5,20,read_only,1024,4,1.000000,1.000000,1.000000,{"1":4},1.000000,0.000000,0.000000,0.000000,1.000000,0.000000,-1.000000
0.006132174,5,20,union,1024,4,1.000000,1.000000,1.000000,{"1":4},1.000000,0.000000,0.000000,0.000000,1.000000,0.000000,-1.000000
0.006132174,5,20,snapshot,1024,63,1.000000,1.000000,1.000000,{"1":63},1.000000,0.000000,0.000000,0.000000,1.000000,0.000000,-1.000000
0.006132174,5,20,read_only,4096,4,1.000000,1.000000,1.000000,{"1":4},1.000000,0.000000,0.000000,0.000000,1.000000,0.000000,-1.000000
0.006132174,5,20,union,4096,4,1.000000,1.000000,1.000000,{"1":4},1.000000,0.000000,0.000000,0.000000,1.000000,0.000000,-1.000000
0.006132174,5,20,snapshot,4096,63,1.000000,1.000000,1.000000,{"1":63},1.000000,0.000000,0.000000,0.000000,1.000000,0.000000,-1.000000
0.006132174,5,20,read_only,16384,1,1.000000,1.000000,1.000000,{"1":4},1.000000,0.000000,0.000000,0.000000,1.000000,0.000000,-1.000000
0.006132174,5,20,union,16384,1,1.000000,1.000000,1.000000,{"1":4},1.000000,0.000000,0.000000,0.000000,1.000000,0.000000,-1.000000
0.006132174,5,20,snapshot,16384,20,0.650000,0.891667,0.650000,{"1":63},0.650000,0.300000,0.050000,0.000000,0.650000,0.000000,0.000000
0.006365335,5,21,read_only,64,1,1.000000,1.000000,1.000000,{"1":1},1.000000,0.000000,0.000000,0.000000,1.000000,0.000000,-1.000000
0.006365335,5,21,union,64,1,1.000000,1.000000,1.000000,{"1":1},1.000000,0.000000,0.000000,0.000000,1.000000,0.000000,-1.000000
0.006365335,5,21,snapshot,64,64,1.000000,1.000000,1.000000,{"1":64},1.000000,0.000000,0.000000,0.000000,1.000000,0.000000,-1.000000
0.006365335,5,21,read_only,256,1,1.000000,1.000000,1.000000,{"1":1},1.000000,0.000000,0.000000,0.000000,1.000000,0.000000,-1.000000
0.006365335,5,21,union,256,1,1.000000,1.000000,1.000000,{"1":1},1.000000,0.000000,0.000000,0.000000,1.000000,0.000000,-1.000000
0.006365335,5,21,snapshot,256,64,1.000000,1.000000,1.000000,{"1":64},1.000000,0.000000,0.000000,0.000000,1.000000,0.000000,-1.000000
0.006365335,5,21,read_only,1024,1,1.000000,1.000000,1.000000,{"1":1},1.000000,0.000000,0.000000,0.000000,1.000000,0.000000,-1.000000
0.006365335,5,21,union,1024,1,1.000000,1.000000,1.000000,{"1":1},1.000000,0.000000,0.000000,0.000000,1.000000,0.000000,-1.000000
0.006365335,5,21,snapshot,1024,64,1.000000,1.000000,1.000000,{"1":64},1.000000,0.000000,0.000000,0.000000,1.000000,0.000000,-1.000000
0.006365335,5,21,read_only,4096,1,1.000000,1.000000,1.000000,{"1":1},1.000000,0.000000,0.000000,0.000000,1.000000,0.000000,-1.000000
0.006365335,5,21,union,4096,1,1.000000,1.000000,1.000000,{"1":1},1.000000,0.000000,0.000000,0.000000,1.000000,0.000000,-1.000000
0.006365335,5,21,snapshot,4096,64,1.000000,1.000000,1.000000,{"1":64},1.000000,0.000000,0.000000,0.000000,1.000000,0.000000,-1.000000
0.006365335,5,21,read_only,16384,1,1.000000,1.000000,1.000000,{"1":1},1.000000,0.000000,0.000000,0.000000,1.000000,0.000000,-1.000000
0.006365335,5,21,union,16384,1,1.000000,1.000000,1.000000,{"1":1},1.000000,0.000000,0.000000,0.000000,1.000000,0.000000,-1.000000
0.006365335,5,21,snapshot,16384,21,0.666667,0.896825,0.666667,{"1":64},0.666667,0.285714,0.047619,0.000000,0.666667,0.000000,0.000000
0.006674258,5,22,snapshot,64,64,1.000000,1.000000,1.000000,{"1":64},1.000000,0.000000,0.000000,0.000000,1.000000,0.000000,-1.000000
0.006674258,5,22,snapshot,256,64,1.000000,1.000000,1.000000,{"1":64},1.000000,0.000000,0.000000,0.000000,1.000000,0.000000,-1.000000
0.006674258,5,22,snapshot,1024,64,1.000000,1.000000,1.000000,{"1":64},1.000000,0.000000,0.000000,0.000000,1.000000,0.000000,-1.000000
0.006674258,5,22,snapshot,4096,64,1.000000,1.000000,1.000000,{"1":64},1.000000,0.000000,0.000000,0.000000,1.000000,0.000000,-1.000000
0.006674258,5,22,snapshot,16384,21,0.666667,0.896825,0.666667,{"1":64},0.666667,0.285714,0.047619,0.000000,0.666667,0.000000,0.000000
0.006907383,5,23,snapshot,64,64,1.000000,1.000000,1.000000,{"1":64},1.000000,0.000000,0.000000,0.000000,1.000000,0.000000,-1.000000
0.006907383,5,23,snapshot,256,64,1.000000,1.000000,1.000000,{"1":64},1.000000,0.000000,0.000000,0.000000,1.000000,0.000000,-1.000000
0.006907383,5,23,snapshot,1024,64,1.000000,1.000000,1.000000,{"1":64},1.000000,0.000000,0.000000,0.000000,1.000000,0.000000,-1.000000
0.006907383,5,23,snapshot,4096,64,1.000000,1.000000,1.000000,{"1":64},1.000000,0.000000,0.000000,0.000000,1.000000,0.000000,-1.000000
0.006907383,5,23,snapshot,16384,21,0.666667,0.896825,0.666667,{"1":64},0.666667,0.285714,0.047619,0.000000,0.666667,0.000000,0.000000
0.007140584,5,24,snapshot,64,64,1.000000,1.000000,1.000000,{"1":64},1.000000,0.000000,0.000000,0.000000,1.000000,0.000000,-1.000000
0.007140584,5,24,snapshot,256,64,1.000000,1.000000,1.000000,{"1":64},1.000000,0.000000,0.000000,0.000000,1.000000,0.000000,-1.000000
0.007140584,5,24,snapshot,1024,64,1.000000,1.000000,1.000000,{"1":64},1.000000,0.000000,0.000000,0.000000,1.000000,0.000000,-1.000000
0.007140584,5,24,snapshot,4096,64,1.000000,1.000000,1.000000,{"1":64},1.000000,0.000000,0.000000,0.000000,1.000000,0.000000,-1.000000
0.007140584,5,24,snapshot,16384,21,0.666667,0.896825,0.666667,{"1":64},0.666667,0.285714,0.047619,0.000000,0.666667,0.000000,0.000000
0.007373851,5,25,read_only,64,4,1.000000,1.000000,1.000000,{"1":4},1.000000,0.000000,0.000000,0.000000,1.000000,0.000000,-1.000000
0.007373851,5,25,union,64,4,1.000000,1.000000,1.000000,{"1":4},1.000000,0.000000,0.000000,0.000000,1.000000,0.000000,-1.000000
0.007373851,5,25,snapshot,64,68,1.000000,1.000000,1.000000,{"1":68},1.000000,0.000000,0.000000,0.000000,1.000000,0.000000,-1.000000
0.007373851,5,25,read_only,256,4,1.000000,1.000000,1.000000,{"1":4},1.000000,0.000000,0.000000,0.000000,1.000000,0.000000,-1.000000
0.007373851,5,25,union,256,4,1.000000,1.000000,1.000000,{"1":4},1.000000,0.000000,0.000000,0.000000,1.000000,0.000000,-1.000000
0.007373851,5,25,snapshot,256,68,1.000000,1.000000,1.000000,{"1":68},1.000000,0.000000,0.000000,0.000000,1.000000,0.000000,-1.000000
0.007373851,5,25,read_only,1024,4,1.000000,1.000000,1.000000,{"1":4},1.000000,0.000000,0.000000,0.000000,1.000000,0.000000,-1.000000
0.007373851,5,25,union,1024,4,1.000000,1.000000,1.000000,{"1":4},1.000000,0.000000,0.000000,0.000000,1.000000,0.000000,-1.000000
0.007373851,5,25,snapshot,1024,68,1.000000,1.000000,1.000000,{"1":68},1.000000,0.000000,0.000000,0.000000,1.000000,0.000000,-1.000000
0.007373851,5,25,read_only,4096,4,1.000000,1.000000,1.000000,{"1":4},1.000000,0.000000,0.000000,0.000000,1.000000,0.000000,-1.000000
0.007373851,5,25,union,4096,4,1.000000,1.000000,1.000000,{"1":4},1.000000,0.000000,0.000000,0.000000,1.000000,0.000000,-1.000000
0.007373851,5,25,snapshot,4096,68,1.000000,1.000000,1.000000,{"1":68},1.000000,0.000000,0.000000,0.000000,1.000000,0.000000,-1.000000
0.007373851,5,25,read_only,16384,1,1.000000,1.000000,1.000000,{"1":4},1.000000,0.000000,0.000000,0.000000,1.000000,0.000000,-1.000000
0.007373851,5,25,union,16384,1,1.000000,1.000000,1.000000,{"1":4},1.000000,0.000000,0.000000,0.000000,1.000000,0.000000,-1.000000
0.007373851,5,25,snapshot,16384,22,0.681818,0.901515,0.681818,{"1":68},0.681818,0.272727,0.045455,0.000000,0.681818,0.000000,0.000000
0.007608530,5,26,snapshot,64,68,1.000000,1.000000,1.000000,{"1":68},1.000000,0.000000,0.000000,0.000000,1.000000,0.000000,-1.000000
0.007608530,5,26,snapshot,256,68,1.000000,1.000000,1.000000,{"1":68},1.000000,0.000000,0.000000,0.000000,1.000000,0.000000,-1.000000
0.007608530,5,26,snapshot,1024,68,1.000000,1.000000,1.000000,{"1":68},1.000000,0.000000,0.000000,0.000000,1.000000,0.000000,-1.000000
0.007608530,5,26,snapshot,4096,68,1.000000,1.000000,1.000000,{"1":68},1.000000,0.000000,0.000000,0.000000,1.000000,0.000000,-1.000000
0.007608530,5,26,snapshot,16384,22,0.681818,0.901515,0.681818,{"1":68},0.681818,0.272727,0.045455,0.000000,0.681818,0.000000,0.000000
0.007842503,5,27,snapshot,64,68,1.000000,1.000000,1.000000,{"1":68},1.000000,0.000000,0.000000,0.000000,1.000000,0.000000,-1.000000
0.007842503,5,27,snapshot,256,68,1.000000,1.000000,1.000000,{"1":68},1.000000,0.000000,0.000000,0.000000,1.000000,0.000000,-1.000000
0.007842503,5,27,snapshot,1024,68,1.000000,1.000000,1.000000,{"1":68},1.000000,0.000000,0.000000,0.000000,1.000000,0.000000,-1.000000
0.007842503,5,27,snapshot,4096,68,1.000000,1.000000,1.000000,{"1":68},1.000000,0.000000,0.000000,0.000000,1.000000,0.000000,-1.000000
0.007842503,5,27,snapshot,16384,22,0.681818,0.901515,0.681818,{"1":68},0.681818,0.272727,0.045455,0.000000,0.681818,0.000000,0.000000
0.008076371,5,28,snapshot,64,68,1.000000,1.000000,1.000000,{"1":68},1.000000,0.000000,0.000000,0.000000,1.000000,0.000000,-1.000000
0.008076371,5,28,snapshot,256,68,1.000000,1.000000,1.000000,{"1":68},1.000000,0.000000,0.000000,0.000000,1.000000,0.000000,-1.000000
0.008076371,5,28,snapshot,1024,68,1.000000,1.000000,1.000000,{"1":68},1.000000,0.000000,0.000000,0.000000,1.000000,0.000000,-1.000000
0.008076371,5,28,snapshot,4096,68,1.000000,1.000000,1.000000,{"1":68},1.000000,0.000000,0.000000,0.000000,1.000000,0.000000,-1.000000
0.008076371,5,28,snapshot,16384,22,0.681818,0.901515,0.681818,{"1":68},0.681818,0.272727,0.045455,0.000000,0.681818,0.000000,0.000000
0.008309179,5,29,snapshot,64,68,1.000000,1.000000,1.000000,{"1":68},1.000000,0.000000,0.000000,0.000000,1.000000,0.000000,-1.000000
0.008309179,5,29,snapshot,256,68,1.000000,1.000000,1.000000,{"1":68},1.000000,0.000000,0.000000,0.000000,1.000000,0.000000,-1.000000
0.008309179,5,29,snapshot,1024,68,1.000000,1.000000,1.000000,{"1":68},1.000000,0.000000,0.000000,0.000000,1.000000,0.000000,-1.000000
0.008309179,5,29,snapshot,4096,68,1.000000,1.000000,1.000000,{"1":68},1.000000,0.000000,0.000000,0.000000,1.000000,0.000000,-1.000000
0.008309179,5,29,snapshot,16384,22,0.681818,0.901515,0.681818,{"1":68},0.681818,0.272727,0.045455,0.000000,0.681818,0.000000,0.000000
0.008564892,5,30,read_only,64,1,1.000000,1.000000,1.000000,{"1":1},1.000000,0.000000,0.000000,0.000000,1.000000,0.000000,-1.000000
0.008564892,5,30,union,64,1,1.000000,1.000000,1.000000,{"1":1},1.000000,0.000000,0.000000,0.000000,1.000000,0.000000,-1.000000
0.008564892,5,30,snapshot,64,69,1.000000,1.000000,1.000000,{"1":69},1.000000,0.000000,0.000000,0.000000,1.000000,0.000000,-1.000000
0.008564892,5,30,read_only,256,1,1.000000,1.000000,1.000000,{"1":1},1.000000,0.000000,0.000000,0.000000,1.000000,0.000000,-1.000000
0.008564892,5,30,union,256,1,1.000000,1.000000,1.000000,{"1":1},1.000000,0.000000,0.000000,0.000000,1.000000,0.000000,-1.000000
0.008564892,5,30,snapshot,256,69,1.000000,1.000000,1.000000,{"1":69},1.000000,0.000000,0.000000,0.000000,1.000000,0.000000,-1.000000
0.008564892,5,30,read_only,1024,1,1.000000,1.000000,1.000000,{"1":1},1.000000,0.000000,0.000000,0.000000,1.000000,0.000000,-1.000000
0.008564892,5,30,union,1024,1,1.000000,1.000000,1.000000,{"1":1},1.000000,0.000000,0.000000,0.000000,1.000000,0.000000,-1.000000
0.008564892,5,30,snapshot,1024,69,1.000000,1.000000,1.000000,{"1":69},1.000000,0.000000,0.000000,0.000000,1.000000,0.000000,-1.000000
0.008564892,5,30,read_only,4096,1,1.000000,1.000000,1.000000,{"1":1},1.000000,0.000000,0.000000,0.000000,1.000000,0.000000,-1.000000
0.008564892,5,30,union,4096,1,1.000000,1.000000,1.000000,{"1":1},1.000000,0.000000,0.000000,0.000000,1.000000,0.000000,-1.000000
0.008564892,5,30,snapshot,4096,69,1.000000,1.000000,1.000000,{"1":69},1.000000,0.000000,0.000000,0.000000,1.000000,0.000000,-1.000000
0.008564892,5,30,read_only,16384,1,1.000000,1.000000,1.000000,{"1":1},1.000000,0.000000,0.000000,0.000000,1.000000,0.000000,-1.000000
0.008564892,5,30,union,16384,1,1.000000,1.000000,1.000000,{"1":1},1.000000,0.000000,0.000000,0.000000,1.000000,0.000000,-1.000000
0.008564892,5,30,snapshot,16384,23,0.695652,0.905797,0.695652,{"1":69},0.695652,0.260870,0.043478,0.000000,0.695652,0.000000,0.000000
0.008827752,5,31,snapshot,64,69,1.000000,1.000000,1.000000,{"1":69},1.000000,0.000000,0.000000,0.000000,1.000000,0.000000,-1.000000
0.008827752,5,31,snapshot,256,69,1.000000,1.000000,1.000000,{"1":69},1.000000,0.000000,0.000000,0.000000,1.000000,0.000000,-1.000000
0.008827752,5,31,snapshot,1024,69,1.000000,1.000000,1.000000,{"1":69},1.000000,0.000000,0.000000,0.000000,1.000000,0.000000,-1.000000
0.008827752,5,31,snapshot,4096,69,1.000000,1.000000,1.000000,{"1":69},1.000000,0.000000,0.000000,0.000000,1.000000,0.000000,-1.000000
0.008827752,5,31,snapshot,16384,23,0.695652,0.905797,0.695652,{"1":69},0.695652,0.260870,0.043478,0.000000,0.695652,0.000000,0.000000
0.009079503,5,32,snapshot,64,69,1.000000,1.000000,1.000000,{"1":69},1.000000,0.000000,0.000000,0.000000,1.000000,0.000000,-1.000000
0.009079503,5,32,snapshot,256,69,1.000000,1.000000,1.000000,{"1":69},1.000000,0.000000,0.000000,0.000000,1.000000,0.000000,-1.000000
0.009079503,5,32,snapshot,1024,69,1.000000,1.000000,1.000000,{"1":69},1.000000,0.000000,0.000000,0.000000,1.000000,0.000000,-1.000000
0.009079503,5,32,snapshot,4096,69,1.000000,1.000000,1.000000,{"1":69},1.000000,0.000000,0.000000,0.000000,1.000000,0.000000,-1.000000
0.009079503,5,32,snapshot,16384,23,0.695652,0.905797,0.695652,{"1":69},0.695652,0.260870,0.043478,0.000000,0.695652,0.000000,0.000000
0.009348818,5,33,read_only,64,1,1.000000,1.000000,1.000000,{"1":1},1.000000,0.000000,0.000000,0.000000,1.000000,0.000000,-1.000000
0.009348818,5,33,union,64,1,1.000000,1.000000,1.000000,{"1":1},1.000000,0.000000,0.000000,0.000000,1.000000,0.000000,-1.000000
0.009348818,5,33,read_only,256,1,1.000000,1.000000,1.000000,{"1":1},1.000000,0.000000,0.000000,0.000000,1.000000,0.000000,-1.000000
0.009348818,5,33,union,256,1,1.000000,1.000000,1.000000,{"1":1},1.000000,0.000000,0.000000,0.000000,1.000000,0.000000,-1.000000
0.009348818,5,33,read_only,1024,1,1.000000,1.000000,1.000000,{"1":1},1.000000,0.000000,0.000000,0.000000,1.000000,0.000000,-1.000000
0.009348818,5,33,union,1024,1,1.000000,1.000000,1.000000,{"1":1},1.000000,0.000000,0.000000,0.000000,1.000000,0.000000,-1.000000
0.009348818,5,33,read_only,4096,1,1.000000,1.000000,1.000000,{"1":1},1.000000,0.000000,0.000000,0.000000,1.000000,0.000000,-1.000000
0.009348818,5,33,union,4096,1,1.000000,1.000000,1.000000,{"1":1},1.000000,0.000000,0.000000,0.000000,1.000000,0.000000,-1.000000
0.009348818,5,33,read_only,16384,1,1.000000,1.000000,1.000000,{"1":1},1.000000,0.000000,0.000000,0.000000,1.000000,0.000000,-1.000000
0.009348818,5,33,union,16384,1,1.000000,1.000000,1.000000,{"1":1},1.000000,0.000000,0.000000,0.000000,1.000000,0.000000,-1.000000
0.009612152,5,34,read_only,64,2,1.000000,1.000000,1.000000,{"1":2},1.000000,0.000000,0.000000,0.000000,1.000000,0.000000,-1.000000
0.009612152,5,34,union,64,2,1.000000,1.000000,1.000000,{"1":2},1.000000,0.000000,0.000000,0.000000,1.000000,0.000000,-1.000000
0.009612152,5,34,read_only,256,2,1.000000,1.000000,1.000000,{"1":2},1.000000,0.000000,0.000000,0.000000,1.000000,0.000000,-1.000000
0.009612152,5,34,union,256,2,1.000000,1.000000,1.000000,{"1":2},1.000000,0.000000,0.000000,0.000000,1.000000,0.000000,-1.000000
0.009612152,5,34,read_only,1024,2,1.000000,1.000000,1.000000,{"1":2},1.000000,0.000000,0.000000,0.000000,1.000000,0.000000,-1.000000
0.009612152,5,34,union,1024,2,1.000000,1.000000,1.000000,{"1":2},1.000000,0.000000,0.000000,0.000000,1.000000,0.000000,-1.000000
0.009612152,5,34,read_only,4096,2,1.000000,1.000000,1.000000,{"1":2},1.000000,0.000000,0.000000,0.000000,1.000000,0.000000,-1.000000
0.009612152,5,34,union,4096,2,1.000000,1.000000,1.000000,{"1":2},1.000000,0.000000,0.000000,0.000000,1.000000,0.000000,-1.000000
0.009612152,5,34,read_only,16384,2,1.000000,1.000000,1.000000,{"1":2},1.000000,0.000000,0.000000,0.000000,1.000000,0.000000,-1.000000
0.009612152,5,34,union,16384,2,1.000000,1.000000,1.000000,{"1":2},1.000000,0.000000,0.000000,0.000000,1.000000,0.000000,-1.000000
0.009846471,5,35,read_only,64,8,1.000000,1.000000,1.000000,{"1":8},1.000000,0.000000,0.000000,0.000000,1.000000,0.000000,-1.000000
0.009846471,5,35,union,64,8,1.000000,1.000000,1.000000,{"1":8},1.000000,0.000000,0.000000,0.000000,1.000000,0.000000,-1.000000
0.009846471,5,35,snapshot,64,8,1.000000,1.000000,1.000000,{"1":8},1.000000,0.000000,0.000000,0.000000,1.000000,0.000000,-1.000000
0.009846471,5,35,read_only,256,8,1.000000,1.000000,1.000000,{"1":8},1.000000,0.000000,0.000000,0.000000,1.000000,0.000000,-1.000000
0.009846471,5,35,union,256,8,1.000000,1.000000,1.000000,{"1":8},1.000000,0.000000,0.000000,0.000000,1.000000,0.000000,-1.000000
0.009846471,5,35,snapshot,256,8,1.000000,1.000000,1.000000,{"1":8},1.000000,0.000000,0.000000,0.000000,1.000000,0.000000,-1.000000
0.009846471,5,35,read_only,1024,8,1.000000,1.000000,1.000000,{"1":8},1.000000,0.000000,0.000000,0.000000,1.000000,0.000000,-1.000000
0.009846471,5,35,union,1024,8,1.000000,1.000000,1.000000,{"1":8},1.000000,0.000000,0.000000,0.000000,1.000000,0.000000,-1.000000
0.009846471,5,35,snapshot,1024,8,1.000000,1.000000,1.000000,{"1":8},1.000000,0.000000,0.000000,0.000000,1.000000,0.000000,-1.000000
0.009846471,5,35,read_only,4096,8,1.000000,1.000000,1.000000,{"1":8},1.000000,0.000000,0.000000,0.000000,1.000000,0.000000,-1.000000
0.009846471,5,35,union,4096,8,1.000000,1.000000,1.000000,{"1":8},1.000000,0.000000,0.000000,0.000000,1.000000,0.000000,-1.000000
0.009846471,5,35,snapshot,4096,8,1.000000,1.000000,1.000000,{"1":8},1.000000,0.000000,0.000000,0.000000,1.000000,0.000000,-1.000000
0.009846471,5,35,read_only,16384,3,1.000000,1.000000,1.000000,{"1":8},1.000000,0.000000,0.000000,0.000000,1.000000,0.000000,-1.000000
0.009846471,5,35,union,16384,3,1.000000,1.000000,1.000000,{"1":8},1.000000,0.000000,0.000000,0.000000,1.000000,0.000000,-1.000000
0.009846471,5,35,snapshot,16384,3,1.000000,1.000000,1.000000,{"1":8},1.000000,0.000000,0.000000,0.000000,1.000000,0.000000,-1.000000
0.010143281,5,36,snapshot,64,8,1.000000,1.000000,1.000000,{"1":8},1.000000,0.000000,0.000000,0.000000,1.000000,0.000000,-1.000000
0.010143281,5,36,snapshot,256,8,1.000000,1.000000,1.000000,{"1":8},1.000000,0.000000,0.000000,0.000000,1.000000,0.000000,-1.000000
0.010143281,5,36,snapshot,1024,8,1.000000,1.000000,1.000000,{"1":8},1.000000,0.000000,0.000000,0.000000,1.000000,0.000000,-1.000000
0.010143281,5,36,snapshot,4096,8,1.000000,1.000000,1.000000,{"1":8},1.000000,0.000000,0.000000,0.000000,1.000000,0.000000,-1.000000
0.010143281,5,36,snapshot,16384,3,1.000000,1.000000,1.000000,{"1":8},1.000000,0.000000,0.000000,0.000000,1.000000,0.000000,-1.000000
0.010386616,5,37,read_only,64,3,1.000000,1.000000,1.000000,{"1":3},1.000000,0.000000,0.000000,0.000000,1.000000,0.000000,-1.000000
0.010386616,5,37,union,64,3,1.000000,1.000000,1.000000,{"1":3},1.000000,0.000000,0.000000,0.000000,1.000000,0.000000,-1.000000
0.010386616,5,37,snapshot,64,11,1.000000,1.000000,1.000000,{"1":11},1.000000,0.000000,0.000000,0.000000,1.000000,0.000000,-1.000000
0.010386616,5,37,read_only,256,3,1.000000,1.000000,1.000000,{"1":3},1.000000,0.000000,0.000000,0.000000,1.000000,0.000000,-1.000000
0.010386616,5,37,union,256,3,1.000000,1.000000,1.000000,{"1":3},1.000000,0.000000,0.000000,0.000000,1.000000,0.000000,-1.000000
0.010386616,5,37,snapshot,256,11,1.000000,1.000000,1.000000,{"1":11},1.000000,0.000000,0.000000,0.000000,1.000000,0.000000,-1.000000
0.010386616,5,37,read_only,1024,3,1.000000,1.000000,1.000000,{"1":3},1.000000,0.000000,0.000000,0.000000,1.000000,0.000000,-1.000000
0.010386616,5,37,union,1024,3,1.000000,1.000000,1.000000,{"1":3},1.000000,0.000000,0.000000,0.000000,1.000000,0.000000,-1.000000
0.010386616,5,37,snapshot,1024,11,1.000000,1.000000,1.000000,{"1":11},1.000000,0.000000,0.000000,0.000000,1.000000,0.000000,-1.000000
0.010386616,5,37,read_only,4096,3,1.000000,1.000000,1.000000,{"1":3},1.000000,0.000000,0.000000,0.000000,1.000000,0.000000,-1.000000
0.010386616,5,37,union,4096,3,1.000000,1.000000,1.000000,{"1":3},1.000000,0.000000,0.000000,0.000000,1.000000,0.000000,-1.000000
0.010386616,5,37,snapshot,4096,11,1.000000,1.000000,1.000000,{"1":11},1.000000,0.000000,0.000000,0.000000,1.000000,0.000000,-1.000000
0.010386616,5,37,read_only,16384,2,1.000000,1.000000,1.000000,{"1":3},1.000000,0.000000,0.000000,0.000000,1.000000,0.000000,-1.000000
0.010386616,5,37,union,16384,2,1.000000,1.000000,1.000000,{"1":3},1.000000,0.000000,0.000000,0.000000,1.000000,0.000000,-1.000000
0.010386616,5,37,snapshot,16384,5,1.000000,1.000000,1.000000,{"1":11},1.000000,0.000000,0.000000,0.000000,1.000000,0.000000,-1.000000
0.010628083,5,38,snapshot,64,11,1.000000,1.000000,1.000000,{"1":11},1.000000,0.000000,0.000000,0.000000,1.000000,0.000000,-1.000000
0.010628083,5,38,snapshot,256,11,1.000000,1.000000,1.000000,{"1":11},1.000000,0.000000,0.000000,0.000000,1.000000,0.000000,-1.000000
0.010628083,5,38,snapshot,1024,11,1.000000,1.000000,1.000000,{"1":11},1.000000,0.000000,0.000000,0.000000,1.000000,0.000000,-1.000000
0.010628083,5,38,snapshot,4096,11,1.000000,1.000000,1.000000,{"1":11},1.000000,0.000000,0.000000,0.000000,1.000000,0.000000,-1.000000
0.010628083,5,38,snapshot,16384,5,1.000000,1.000000,1.000000,{"1":11},1.000000,0.000000,0.000000,0.000000,1.000000,0.000000,-1.000000
0.010892506,5,39,snapshot,64,11,1.000000,1.000000,1.000000,{"1":11},1.000000,0.000000,0.000000,0.000000,1.000000,0.000000,-1.000000
0.010892506,5,39,snapshot,256,11,1.000000,1.000000,1.000000,{"1":11},1.000000,0.000000,0.000000,0.000000,1.000000,0.000000,-1.000000
0.010892506,5,39,snapshot,1024,11,1.000000,1.000000,1.000000,{"1":11},1.000000,0.000000,0.000000,0.000000,1.000000,0.000000,-1.000000
0.010892506,5,39,snapshot,4096,11,1.000000,1.000000,1.000000,{"1":11},1.000000,0.000000,0.000000,0.000000,1.000000,0.000000,-1.000000
0.010892506,5,39,snapshot,16384,5,1.000000,1.000000,1.000000,{"1":11},1.000000,0.000000,0.000000,0.000000,1.000000,0.000000,-1.000000
0.011170875,5,40,read_only,64,2,1.000000,1.000000,1.000000,{"1":2},1.000000,0.000000,0.000000,0.000000,1.000000,0.000000,-1.000000
0.011170875,5,40,union,64,2,1.000000,1.000000,1.000000,{"1":2},1.000000,0.000000,0.000000,0.000000,1.000000,0.000000,-1.000000
0.011170875,5,40,snapshot,64,13,1.000000,1.000000,1.000000,{"1":13},1.000000,0.000000,0.000000,0.000000,1.000000,0.000000,-1.000000
0.011170875,5,40,read_only,256,2,1.000000,1.000000,1.000000,{"1":2},1.000000,0.000000,0.000000,0.000000,1.000000,0.000000,-1.000000
0.011170875,5,40,union,256,2,1.000000,1.000000,1.000000,{"1":2},1.000000,0.000000,0.000000,0.000000,1.000000,0.000000,-1.000000
0.011170875,5,40,snapshot,256,13,1.000000,1.000000,1.000000,{"1":13},1.000000,0.000000,0.000000,0.000000,1.000000,0.000000,-1.000000
0.011170875,5,40,read_only,1024,2,1.000000,1.000000,1.000000,{"1":2},1.000000,0.000000,0.000000,0.000000,1.000000,0.000000,-1.000000
0.011170875,5,40,union,1024,2,1.000000,1.000000,1.000000,{"1":2},1.000000,0.000000,0.000000,0.000000,1.000000,0.000000,-1.000000
0.011170875,5,40,snapshot,1024,13,1.000000,1.000000,1.000000,{"1":13},1.000000,0.000000,0.000000,0.000000,1.000000,0.000000,-1.000000
0.011170875,5,40,read_only,4096,2,1.000000,1.000000,1.000000,{"1":2},1.000000,0.000000,0.000000,0.000000,1.000000,0.000000,-1.000000
0.011170875,5,40,union,4096,2,1.000000,1.000000,1.000000,{"1":2},1.000000,0.000000,0.000000,0.000000,1.000000,0.000000,-1.000000
0.011170875,5,40,snapshot,4096,13,1.000000,1.000000,1.000000,{"1":13},1.000000,0.000000,0.000000,0.000000,1.000000,0.000000,-1.000000
0.011170875,5,40,read_only,16384,2,1.000000,1.000000,1.000000,{"1":2},1.000000,0.000000,0.000000,0.000000,1.000000,0.000000,-1.000000
0.011170875,5,40,union,16384,2,1.000000,1.000000,1.000000,{"1":2},1.000000,0.000000,0.000000,0.000000,1.000000,0.000000,-1.000000
0.011170875,5,40,snapshot,16384,7,1.000000,1.000000,1.000000,{"1":13},1.000000,0.000000,0.000000,0.000000,1.000000,0.000000,-1.000000
0.011403915,5,41,snapshot,64,13,1.000000,1.000000,1.000000,{"1":13},1.000000,0.000000,0.000000,0.000000,1.000000,0.000000,-1.000000
0.011403915,5,41,snapshot,256,13,1.000000,1.000000,1.000000,{"1":13},1.000000,0.000000,0.000000,0.000000,1.000000,0.000000,-1.000000
0.011403915,5,41,snapshot,1024,13,1.000000,1.000000,1.000000,{"1":13},1.000000,0.000000,0.000000,0.000000,1.000000,0.000000,-1.000000
0.011403915,5,41,snapshot,4096,13,1.000000,1.000000,1.000000,{"1":13},1.000000,0.000000,0.000000,0.000000,1.000000,0.000000,-1.000000
0.011403915,5,41,snapshot,16384,7,1.000000,1.000000,1.000000,{"1":13},1.000000,0.000000,0.000000,0.000000,1.000000,0.000000,-1.000000
0.011638647,5,42,snapshot,64,13,1.000000,1.000000,1.000000,{"1":13},1.000000,0.000000,0.000000,0.000000,1.000000,0.000000,-1.000000
0.011638647,5,42,snapshot,256,13,1.000000,1.000000,1.000000,{"1":13},1.000000,0.000000,0.000000,0.000000,1.000000,0.000000,-1.000000
0.011638647,5,42,snapshot,1024,13,1.000000,1.000000,1.000000,{"1":13},1.000000,0.000000,0.000000,0.000000,1.000000,0.000000,-1.000000
0.011638647,5,42,snapshot,4096,13,1.000000,1.000000,1.000000,{"1":13},1.000000,0.000000,0.000000,0.000000,1.000000,0.000000,-1.000000
0.011638647,5,42,snapshot,16384,7,1.000000,1.000000,1.000000,{"1":13},1.000000,0.000000,0.000000,0.000000,1.000000,0.000000,-1.000000
0.011932280,5,43,snapshot,64,13,1.000000,1.000000,1.000000,{"1":13},1.000000,0.000000,0.000000,0.000000,1.000000,0.000000,-1.000000
0.011932280,5,43,snapshot,256,13,1.000000,1.000000,1.000000,{"1":13},1.000000,0.000000,0.000000,0.000000,1.000000,0.000000,-1.000000
0.011932280,5,43,snapshot,1024,13,1.000000,1.000000,1.000000,{"1":13},1.000000,0.000000,0.000000,0.000000,1.000000,0.000000,-1.000000
0.011932280,5,43,snapshot,4096,13,1.000000,1.000000,1.000000,{"1":13},1.000000,0.000000,0.000000,0.000000,1.000000,0.000000,-1.000000
0.011932280,5,43,snapshot,16384,7,1.000000,1.000000,1.000000,{"1":13},1.000000,0.000000,0.000000,0.000000,1.000000,0.000000,-1.000000
0.012176637,5,44,read_only,64,2,1.000000,1.000000,1.000000,{"1":2},1.000000,0.000000,0.000000,0.000000,1.000000,0.000000,-1.000000
0.012176637,5,44,union,64,2,1.000000,1.000000,1.000000,{"1":2},1.000000,0.000000,0.000000,0.000000,1.000000,0.000000,-1.000000
0.012176637,5,44,snapshot,64,15,1.000000,1.000000,1.000000,{"1":15},1.000000,0.000000,0.000000,0.000000,1.000000,0.000000,-1.000000
0.012176637,5,44,read_only,256,2,1.000000,1.000000,1.000000,{"1":2},1.000000,0.000000,0.000000,0.000000,1.000000,0.000000,-1.000000
0.012176637,5,44,union,256,2,1.000000,1.000000,1.000000,{"1":2},1.000000,0.000000,0.000000,0.000000,1.000000,0.000000,-1.000000
0.012176637,5,44,snapshot,256,15,1.000000,1.000000,1.000000,{"1":15},1.000000,0.000000,0.000000,0.000000,1.000000,0.000000,-1.000000
0.012176637,5,44,read_only,1024,2,1.000000,1.000000,1.000000,{"1":2},1.000000,0.000000,0.000000,0.000000,1.000000,0.000000,-1.000000
0.012176637,5,44,union,1024,2,1.000000,1.000000,1.000000,{"1":2},1.000000,0.000000,0.000000,0.000000,1.000000,0.000000,-1.000000
0.012176637,5,44,snapshot,1024,15,1.000000,1.000000,1.000000,{"1":15},1.000000,0.000000,0.000000,0.000000,1.000000,0.000000,-1.000000
0.012176637,5,44,read_only,4096,2,1.000000,1.000000,1.000000,{"1":2},1.000000,0.000000,0.000000,0.000000,1.000000,0.000000,-1.000000
0.012176637,5,44,union,4096,2,1.000000,1.000000,1.000000,{"1":2},1.000000,0.000000,0.000000,0.000000,1.000000,0.000000,-1.000000
0.012176637,5,44,snapshot,4096,15,1.000000,1.000000,1.000000,{"1":15},1.000000,0.000000,0.000000,0.000000,1.000000,0.000000,-1.000000
0.012176637,5,44,read_only,16384,1,1.000000,1.000000,1.000000,{"1":2},1.000000,0.000000,0.000000,0.000000,1.000000,0.000000,-1.000000
0.012176637,5,44,union,16384,1,1.000000,1.000000,1.000000,{"1":2},1.000000,0.000000,0.000000,0.000000,1.000000,0.000000,-1.000000
0.012176637,5,44,snapshot,16384,8,1.000000,1.000000,1.000000,{"1":15},1.000000,0.000000,0.000000,0.000000,1.000000,0.000000,-1.000000
0.012415908,5,45,read_only,64,4,1.000000,1.000000,1.000000,{"1":4},1.000000,0.000000,0.000000,0.000000,1.000000,0.000000,-1.000000
0.012415908,5,45,union,64,4,1.000000,1.000000,1.000000,{"1":4},1.000000,0.000000,0.000000,0.000000,1.000000,0.000000,-1.000000
0.012415908,5,45,snapshot,64,19,1.000000,1.000000,1.000000,{"1":19},1.000000,0.000000,0.000000,0.000000,1.000000,0.000000,-1.000000
0.012415908,5,45,read_only,256,4,1.000000,1.000000,1.000000,{"1":4},1.000000,0.000000,0.000000,0.000000,1.000000,0.000000,-1.000000
0.012415908,5,45,union,256,4,1.000000,1.000000,1.000000,{"1":4},1.000000,0.000000,0.000000,0.000000,1.000000,0.000000,-1.000000
0.012415908,5,45,snapshot,256,19,1.000000,1.000000,1.000000,{"1":19},1.000000,0.000000,0.000000,0.000000,1.000000,0.000000,-1.000000
0.012415908,5,45,read_only,1024,4,1.000000,1.000000,1.000000,{"1":4},1.000000,0.000000,0.000000,0.000000,1.000000,0.000000,-1.000000
0.012415908,5,45,union,1024,4,1.000000,1.000000,1.000000,{"1":4},1.000000,0.000000,0.000000,0.000000,1.000000,0.000000,-1.000000
0.012415908,5,45,snapshot,1024,19,1.000000,1.000000,1.000000,{"1":19},1.000000,0.000000,0.000000,0.000000,1.000000,0.000000,-1.000000
0.012415908,5,45,read_only,4096,4,1.000000,1.000000,1.000000,{"1":4},1.000000,0.000000,0.000000,0.000000,1.000000,0.000000,-1.000000
0.012415908,5,45,union,4096,4,1.000000,1.000000,1.000000,{"1":4},1.000000,0.000000,0.000000,0.000000,1.000000,0.000000,-1.000000
0.012415908,5,45,snapshot,4096,19,1.000000,1.000000,1.000000,{"1":19},1.000000,0.000000,0.000000,0.000000,1.000000,0.000000,-1.000000
0.012415908,5,45,read_only,16384,2,1.000000,1.000000,1.000000,{"1":4},1.000000,0.000000,0.000000,0.000000,1.000000,0.000000,-1.000000
0.012415908,5,45,union,16384,2,1.000000,1.000000,1.000000,{"1":4},1.000000,0.000000,0.000000,0.000000,1.000000,0.000000,-1.000000
0.012415908,5,45,snapshot,16384,10,1.000000,1.000000,1.000000,{"1":19},1.000000,0.000000,0.000000,0.000000,1.000000,0.000000,-1.000000
0.013445132,5,49,read_only,64,8,1.000000,1.000000,1.000000,{"1":8},1.000000,0.000000,0.000000,0.000000,1.000000,0.000000,-1.000000
0.013445132,5,49,union,64,8,1.000000,1.000000,1.000000,{"1":8},1.000000,0.000000,0.000000,0.000000,1.000000,0.000000,-1.000000
0.013445132,5,49,snapshot,64,8,1.000000,1.000000,1.000000,{"1":8},1.000000,0.000000,0.000000,0.000000,1.000000,0.000000,-1.000000
0.013445132,5,49,read_only,256,8,1.000000,1.000000,1.000000,{"1":8},1.000000,0.000000,0.000000,0.000000,1.000000,0.000000,-1.000000
0.013445132,5,49,union,256,8,1.000000,1.000000,1.000000,{"1":8},1.000000,0.000000,0.000000,0.000000,1.000000,0.000000,-1.000000
0.013445132,5,49,snapshot,256,8,1.000000,1.000000,1.000000,{"1":8},1.000000,0.000000,0.000000,0.000000,1.000000,0.000000,-1.000000
0.013445132,5,49,read_only,1024,8,1.000000,1.000000,1.000000,{"1":8},1.000000,0.000000,0.000000,0.000000,1.000000,0.000000,-1.000000
0.013445132,5,49,union,1024,8,1.000000,1.000000,1.000000,{"1":8},1.000000,0.000000,0.000000,0.000000,1.000000,0.000000,-1.000000
0.013445132,5,49,snapshot,1024,8,1.000000,1.000000,1.000000,{"1":8},1.000000,0.000000,0.000000,0.000000,1.000000,0.000000,-1.000000
0.013445132,5,49,read_only,4096,8,1.000000,1.000000,1.000000,{"1":8},1.000000,0.000000,0.000000,0.000000,1.000000,0.000000,-1.000000
0.013445132,5,49,union,4096,8,1.000000,1.000000,1.000000,{"1":8},1.000000,0.000000,0.000000,0.000000,1.000000,0.000000,-1.000000
0.013445132,5,49,snapshot,4096,8,1.000000,1.000000,1.000000,{"1":8},1.000000,0.000000,0.000000,0.000000,1.000000,0.000000,-1.000000
0.013445132,5,49,read_only,16384,3,1.000000,1.000000,1.000000,{"1":8},1.000000,0.000000,0.000000,0.000000,1.000000,0.000000,-1.000000
0.013445132,5,49,union,16384,3,1.000000,1.000000,1.000000,{"1":8},1.000000,0.000000,0.000000,0.000000,1.000000,0.000000,-1.000000
0.013445132,5,49,snapshot,16384,3,1.000000,1.000000,1.000000,{"1":8},1.000000,0.000000,0.000000,0.000000,1.000000,0.000000,-1.000000
0.013691282,5,50,read_only,64,2,1.000000,1.000000,1.000000,{"1":2},1.000000,0.000000,0.000000,0.000000,1.000000,0.000000,-1.000000
0.013691282,5,50,union,64,2,1.000000,1.000000,1.000000,{"1":2},1.000000,0.000000,0.000000,0.000000,1.000000,0.000000,-1.000000
0.013691282,5,50,snapshot,64,10,1.000000,1.000000,1.000000,{"1":10},1.000000,0.000000,0.000000,0.000000,1.000000,0.000000,-1.000000
0.013691282,5,50,read_only,256,2,1.000000,1.000000,1.000000,{"1":2},1.000000,0.000000,0.000000,0.000000,1.000000,0.000000,-1.000000
0.013691282,5,50,union,256,2,1.000000,1.000000,1.000000,{"1":2},1.000000,0.000000,0.000000,0.000000,1.000000,0.000000,-1.000000
0.013691282,5,50,snapshot,256,10,1.000000,1.000000,1.000000,{"1":10},1.000000,0.000000,0.000000,0.000000,1.000000,0.000000,-1.000000
0.013691282,5,50,read_only,1024,2,1.000000,1.000000,1.000000,{"1":2},1.000000,0.000000,0.000000,0.000000,1.000000,0.000000,-1.000000
0.013691282,5,50,union,1024,2,1.000000,1.000000,1.000000,{"1":2},1.000000,0.000000,0.000000,0.000000,1.000000,0.000000,-1.000000
0.013691282,5,50,snapshot,1024,10,1.000000,1.000000,1.000000,{"1":10},1.000000,0.000000,0.000000,0.000000,1.000000,0.000000,-1.000000
0.013691282,5,50,read_only,4096,2,1.000000,1.000000,1.000000,{"1":2},1.000000,0.000000,0.000000,0.000000,1.000000,0.000000,-1.000000
0.013691282,5,50,union,4096,2,1.000000,1.000000,1.000000,{"1":2},1.000000,0.000000,0.000000,0.000000,1.000000,0.000000,-1.000000
0.013691282,5,50,snapshot,4096,10,1.000000,1.000000,1.000000,{"1":10},1.000000,0.000000,0.000000,0.000000,1.000000,0.000000,-1.000000
0.013691282,5,50,read_only,16384,1,1.000000,1.000000,1.000000,{"1":2},1.000000,0.000000,0.000000,0.000000,1.000000,0.000000,-1.000000
0.013691282,5,50,union,16384,1,1.000000,1.000000,1.000000,{"1":2},1.000000,0.000000,0.000000,0.000000,1.000000,0.000000,-1.000000
0.013691282,5,50,snapshot,16384,4,1.000000,1.000000,1.000000,{"1":10},1.000000,0.000000,0.000000,0.000000,1.000000,0.000000,-1.000000
0.013956942,5,51,snapshot,64,10,1.000000,1.000000,1.000000,{"1":10},1.000000,0.000000,0.000000,0.000000,1.000000,0.000000,-1.000000
0.013956942,5,51,snapshot,256,10,1.000000,1.000000,1.000000,{"1":10},1.000000,0.000000,0.000000,0.000000,1.000000,0.000000,-1.000000
0.013956942,5,51,snapshot,1024,10,1.000000,1.000000,1.000000,{"1":10},1.000000,0.000000,0.000000,0.000000,1.000000,0.000000,-1.000000
0.013956942,5,51,snapshot,4096,10,1.000000,1.000000,1.000000,{"1":10},1.000000,0.000000,0.000000,0.000000,1.000000,0.000000,-1.000000
0.013956942,5,51,snapshot,16384,4,1.000000,1.000000,1.000000,{"1":10},1.000000,0.000000,0.000000,0.000000,1.000000,0.000000,-1.000000
0.014231316,5,52,read_only,64,1,1.000000,1.000000,1.000000,{"1":1},1.000000,0.000000,0.000000,0.000000,1.000000,0.000000,-1.000000
0.014231316,5,52,union,64,1,1.000000,1.000000,1.000000,{"1":1},1.000000,0.000000,0.000000,0.000000,1.000000,0.000000,-1.000000
0.014231316,5,52,snapshot,64,11,1.000000,1.000000,1.000000,{"1":11},1.000000,0.000000,0.000000,0.000000,1.000000,0.000000,-1.000000
0.014231316,5,52,read_only,256,1,1.000000,1.000000,1.000000,{"1":1},1.000000,0.000000,0.000000,0.000000,1.000000,0.000000,-1.000000
0.014231316,5,52,union,256,1,1.000000,1.000000,1.000000,{"1":1},1.000000,0.000000,0.000000,0.000000,1.000000,0.000000,-1.000000
0.014231316,5,52,snapshot,256,11,1.000000,1.000000,1.000000,{"1":11},1.000000,0.000000,0.000000,0.000000,1.000000,0.000000,-1.000000
0.014231316,5,52,read_only,1024,1,1.000000,1.000000,1.000000,{"1":1},1.000000,0.000000,0.000000,0.000000,1.000000,0.000000,-1.000000
0.014231316,5,52,union,1024,1,1.000000,1.000000,1.000000,{"1":1},1.000000,0.000000,0.000000,0.000000,1.000000,0.000000,-1.000000
0.014231316,5,52,snapshot,1024,11,1.000000,1.000000,1.000000,{"1":11},1.000000,0.000000,0.000000,0.000000,1.000000,0.000000,-1.000000
0.014231316,5,52,read_only,4096,1,1.000000,1.000000,1.000000,{"1":1},1.000000,0.000000,0.000000,0.000000,1.000000,0.000000,-1.000000
0.014231316,5,52,union,4096,1,1.000000,1.000000,1.000000,{"1":1},1.000000,0.000000,0.000000,0.000000,1.000000,0.000000,-1.000000
0.014231316,5,52,snapshot,4096,11,1.000000,1.000000,1.000000,{"1":11},1.000000,0.000000,0.000000,0.000000,1.000000,0.000000,-1.000000
0.014231316,5,52,read_only,16384,1,1.000000,1.000000,1.000000,{"1":1},1.000000,0.000000,0.000000,0.000000,1.000000,0.000000,-1.000000
0.014231316,5,52,union,16384,1,1.000000,1.000000,1.000000,{"1":1},1.000000,0.000000,0.000000,0.000000,1.000000,0.000000,-1.000000
0.014231316,5,52,snapshot,16384,5,1.000000,1.000000,1.000000,{"1":11},1.000000,0.000000,0.000000,0.000000,1.000000,0.000000,-1.000000
0.014464060,5,53,snapshot,64,11,1.000000,1.000000,1.000000,{"1":11},1.000000,0.000000,0.000000,0.000000,1.000000,0.000000,-1.000000
0.014464060,5,53,snapshot,256,11,1.000000,1.000000,1.000000,{"1":11},1.000000,0.000000,0.000000,0.000000,1.000000,0.000000,-1.000000
0.014464060,5,53,snapshot,1024,11,1.000000,1.000000,1.000000,{"1":11},1.000000,0.000000,0.000000,0.000000,1.000000,0.000000,-1.000000
0.014464060,5,53,snapshot,4096,11,1.000000,1.000000,1.000000,{"1":11},1.000000,0.000000,0.000000,0.000000,1.000000,0.000000,-1.000000
0.014464060,5,53,snapshot,16384,5,1.000000,1.000000,1.000000,{"1":11},1.000000,0.000000,0.000000,0.000000,1.000000,0.000000,-1.000000
0.014698636,5,54,read_only,64,2,1.000000,1.000000,1.000000,{"1":2},1.000000,0.000000,0.000000,0.000000,1.000000,0.000000,-1.000000
0.014698636,5,54,union,64,2,1.000000,1.000000,1.000000,{"1":2},1.000000,0.000000,0.000000,0.000000,1.000000,0.000000,-1.000000
0.014698636,5,54,snapshot,64,13,1.000000,1.000000,1.000000,{"1":13},1.000000,0.000000,0.000000,0.000000,1.000000,0.000000,-1.000000
0.014698636,5,54,read_only,256,2,1.000000,1.000000,1.000000,{"1":2},1.000000,0.000000,0.000000,0.000000,1.000000,0.000000,-1.000000
0.014698636,5,54,union,256,2,1.000000,1.000000,1.000000,{"1":2},1.000000,0.000000,0.000000,0.000000,1.000000,0.000000,-1.000000
0.014698636,5,54,snapshot,256,13,1.000000,1.000000,1.000000,{"1":13},1.000000,0.000000,0.000000,0.000000,1.000000,0.000000,-1.000000
0.014698636,5,54,read_only,1024,2,1.000000,1.000000,1.000000,{"1":2},1.000000,0.000000,0.000000,0.000000,1.000000,0.000000,-1.000000
0.014698636,5,54,union,1024,2,1.000000,1.000000,1.000000,{"1":2},1.000000,0.000000,0.000000,0.000000,1.000000,0.000000,-1.000000
0.014698636,5,54,snapshot,1024,13,1.000000,1.000000,1.000000,{"1":13},1.000000,0.000000,0.000000,0.000000,1.000000,0.000000,-1.000000
0.014698636,5,54,read_only,4096,2,1.000000,1.000000,1.000000,{"1":2},1.000000,0.000000,0.000000,0.000000,1.000000,0.000000,-1.000000
0.014698636,5,54,union,4096,2,1.000000,1.000000,1.000000,{"1":2},1.000000,0.000000,0.000000,0.000000,1.000000,0.000000,-1.000000
0.014698636,5,54,snapshot,4096,13,1.000000,1.000000,1.000000,{"1":13},1.000000,0.000000,0.000000,0.000000,1.000000,0.000000,-1.000000
0.014698636,5,54,read_only,16384,2,1.000000,1.000000,1.000000,{"1":2},1.000000,0.000000,0.000000,0.000000,1.000000,0.000000,-1.000000
0.014698636,5,54,union,16384,2,1.000000,1.000000,1.000000,{"1":2},1.000000,0.000000,0.000000,0.000000,1.000000,0.000000,-1.000000
0.014698636,5,54,snapshot,16384,7,1.000000,1.000000,1.000000,{"1":13},1.000000,0.000000,0.000000,0.000000,1.000000,0.000000,-1.000000
0.014993433,5,55,snapshot,64,13,1.000000,1.000000,1.000000,{"1":13},1.000000,0.000000,0.000000,0.000000,1.000000,0.000000,-1.000000
0.014993433,5,55,snapshot,256,13,1.000000,1.000000,1.000000,{"1":13},1.000000,0.000000,0.000000,0.000000,1.000000,0.000000,-1.000000
0.014993433,5,55,snapshot,1024,13,1.000000,1.000000,1.000000,{"1":13},1.000000,0.000000,0.000000,0.000000,1.000000,0.000000,-1.000000
0.014993433,5,55,snapshot,4096,13,1.000000,1.000000,1.000000,{"1":13},1.000000,0.000000,0.000000,0.000000,1.000000,0.000000,-1.000000
0.014993433,5,55,snapshot,16384,7,1.000000,1.000000,1.000000,{"1":13},1.000000,0.000000,0.000000,0.000000,1.000000,0.000000,-1.000000
0.015261205,5,56,read_only,64,10,1.000000,1.000000,1.000000,{"1":10},1.000000,0.000000,0.000000,0.000000,1.000000,0.000000,-1.000000
0.015261205,5,56,union,64,10,1.000000,1.000000,1.000000,{"1":10},1.000000,0.000000,0.000000,0.000000,1.000000,0.000000,-1.000000
0.015261205,5,56,snapshot,64,23,1.000000,1.000000,1.000000,{"1":23},1.000000,0.000000,0.000000,0.000000,1.000000,0.000000,-1.000000
0.015261205,5,56,read_only,256,10,1.000000,1.000000,1.000000,{"1":10},1.000000,0.000000,0.000000,0.000000,1.000000,0.000000,-1.000000
0.015261205,5,56,union,256,10,1.000000,1.000000,1.000000,{"1":10},1.000000,0.000000,0.000000,0.000000,1.000000,0.000000,-1.000000
0.015261205,5,56,snapshot,256,23,1.000000,1.000000,1.000000,{"1":23},1.000000,0.000000,0.000000,0.000000,1.000000,0.000000,-1.000000
0.015261205,5,56,read_only,1024,10,1.000000,1.000000,1.000000,{"1":10},1.000000,0.000000,0.000000,0.000000,1.000000,0.000000,-1.000000
0.015261205,5,56,union,1024,10,1.000000,1.000000,1.000000,{"1":10},1.000000,0.000000,0.000000,0.000000,1.000000,0.000000,-1.000000
0.015261205,5,56,snapshot,1024,23,1.000000,1.000000,1.000000,{"1":23},1.000000,0.000000,0.000000,0.000000,1.000000,0.000000,-1.000000
0.015261205,5,56,read_only,4096,10,1.000000,1.000000,1.000000,{"1":10},1.000000,0.000000,0.000000,0.000000,1.000000,0.000000,-1.000000
0.015261205,5,56,union,4096,10,1.000000,1.000000,1.000000,{"1":10},1.000000,0.000000,0.000000,0.000000,1.000000,0.000000,-1.000000
0.015261205,5,56,snapshot,4096,23,1.000000,1.000000,1.000000,{"1":23},1.000000,0.000000,0.000000,0.000000,1.000000,0.000000,-1.000000
0.015261205,5,56,read_only,16384,3,0.000000,0.500000,0.000000,{"1":10},0.000000,0.333333,0.666667,0.000000,0.000000,0.000000,0.000000
0.015261205,5,56,union,16384,3,0.000000,0.500000,0.000000,{"1":10},0.000000,0.333333,0.666667,0.000000,0.000000,0.000000,0.000000
0.015261205,5,56,snapshot,16384,10,0.700000,0.850000,0.700000,{"1":23},0.700000,0.100000,0.200000,0.000000,0.700000,0.000000,0.000000
0.015563101,5,57,read_only,64,4,1.000000,1.000000,1.000000,{"1":4},1.000000,0.000000,0.000000,0.000000,1.000000,0.000000,-1.000000
0.015563101,5,57,union,64,4,1.000000,1.000000,1.000000,{"1":4},1.000000,0.000000,0.000000,0.000000,1.000000,0.000000,-1.000000
0.015563101,5,57,snapshot,64,27,1.000000,1.000000,1.000000,{"1":27},1.000000,0.000000,0.000000,0.000000,1.000000,0.000000,-1.000000
0.015563101,5,57,read_only,256,4,1.000000,1.000000,1.000000,{"1":4},1.000000,0.000000,0.000000,0.000000,1.000000,0.000000,-1.000000
0.015563101,5,57,union,256,4,1.000000,1.000000,1.000000,{"1":4},1.000000,0.000000,0.000000,0.000000,1.000000,0.000000,-1.000000
0.015563101,5,57,snapshot,256,27,1.000000,1.000000,1.000000,{"1":27},1.000000,0.000000,0.000000,0.000000,1.000000,0.000000,-1.000000
0.015563101,5,57,read_only,1024,4,1.000000,1.000000,1.000000,{"1":4},1.000000,0.000000,0.000000,0.000000,1.000000,0.000000,-1.000000
0.015563101,5,57,union,1024,4,1.000000,1.000000,1.000000,{"1":4},1.000000,0.000000,0.000000,0.000000,1.000000,0.000000,-1.000000
0.015563101,5,57,snapshot,1024,27,1.000000,1.000000,1.000000,{"1":27},1.000000,0.000000,0.000000,0.000000,1.000000,0.000000,-1.000000
0.015563101,5,57,read_only,4096,4,1.000000,1.000000,1.000000,{"1":4},1.000000,0.000000,0.000000,0.000000,1.000000,0.000000,-1.000000
0.015563101,5,57,union,4096,4,1.000000,1.000000,1.000000,{"1":4},1.000000,0.000000,0.000000,0.000000,1.000000,0.000000,-1.000000
0.015563101,5,57,snapshot,4096,27,1.000000,1.000000,1.000000,{"1":27},1.000000,0.000000,0.000000,0.000000,1.000000,0.000000,-1.000000
0.015563101,5,57,read_only,16384,2,1.000000,1.000000,1.000000,{"1":4},1.000000,0.000000,0.000000,0.000000,1.000000,0.000000,-1.000000
0.015563101,5,57,union,16384,2,1.000000,1.000000,1.000000,{"1":4},1.000000,0.000000,0.000000,0.000000,1.000000,0.000000,-1.000000
0.015563101,5,57,snapshot,16384,11,0.727273,0.863636,0.727273,{"1":27},0.727273,0.000000,0.272727,0.000000,0.727273,0.000000,0.000000
0.015819722,5,58,read_only,64,4,1.000000,1.000000,1.000000,{"1":4},1.000000,0.000000,0.000000,0.000000,1.000000,0.000000,-1.000000
0.015819722,5,58,union,64,4,1.000000,1.000000,1.000000,{"1":4},1.000000,0.000000,0.000000,0.000000,1.000000,0.000000,-1.000000
0.015819722,5,58,read_only,256,4,1.000000,1.000000,1.000000,{"1":4},1.000000,0.000000,0.000000,0.000000,1.000000,0.000000,-1.000000
0.015819722,5,58,union,256,4,1.000000,1.000000,1.000000,{"1":4},1.000000,0.000000,0.000000,0.000000,1.000000,0.000000,-1.000000
0.015819722,5,58,read_only,1024,4,1.000000,1.000000,1.000000,{"1":4},1.000000,0.000000,0.000000,0.000000,1.000000,0.000000,-1.000000
0.015819722,5,58,union,1024,4,1.000000,1.000000,1.000000,{"1":4},1.000000,0.000000,0.000000,0.000000,1.000000,0.000000,-1.000000
0.015819722,5,58,read_only,4096,4,1.000000,1.000000,1.000000,{"1":4},1.000000,0.000000,0.000000,0.000000,1.000000,0.000000,-1.000000
0.015819722,5,58,union,4096,4,1.000000,1.000000,1.000000,{"1":4},1.000000,0.000000,0.000000,0.000000,1.000000,0.000000,-1.000000
0.015819722,5,58,read_only,16384,1,1.000000,1.000000,1.000000,{"1":4},1.000000,0.000000,0.000000,0.000000,1.000000,0.000000,-1.000000
0.015819722,5,58,union,16384,1,1.000000,1.000000,1.000000,{"1":4},1.000000,0.000000,0.000000,0.000000,1.000000,0.000000,-1.000000
0.016353821,5,60,read_only,64,4,1.000000,1.000000,1.000000,{"1":4},1.000000,0.000000,0.000000,0.000000,1.000000,0.000000,-1.000000
0.016353821,5,60,union,64,4,1.000000,1.000000,1.000000,{"1":4},1.000000,0.000000,0.000000,0.000000,1.000000,0.000000,-1.000000
0.016353821,5,60,snapshot,64,4,1.000000,1.000000,1.000000,{"1":4},1.000000,0.000000,0.000000,0.000000,1.000000,0.000000,-1.000000
0.016353821,5,60,read_only,256,4,1.000000,1.000000,1.000000,{"1":4},1.000000,0.000000,0.000000,0.000000,1.000000,0.000000,-1.000000
0.016353821,5,60,union,256,4,1.000000,1.000000,1.000000,{"1":4},1.000000,0.000000,0.000000,0.000000,1.000000,0.000000,-1.000000
0.016353821,5,60,snapshot,256,4,1.000000,1.000000,1.000000,{"1":4},1.000000,0.000000,0.000000,0.000000,1.000000,0.000000,-1.000000
0.016353821,5,60,read_only,1024,4,1.000000,1.000000,1.000000,{"1":4},1.000000,0.000000,0.000000,0.000000,1.000000,0.000000,-1.000000
0.016353821,5,60,union,1024,4,1.000000,1.000000,1.000000,{"1":4},1.000000,0.000000,0.000000,0.000000,1.000000,0.000000,-1.000000
0.016353821,5,60,snapshot,1024,4,1.000000,1.000000,1.000000,{"1":4},1.000000,0.000000,0.000000,0.000000,1.000000,0.000000,-1.000000
0.016353821,5,60,read_only,4096,4,1.000000,1.000000,1.000000,{"1":4},1.000000,0.000000,0.000000,0.000000,1.000000,0.000000,-1.000000
0.016353821,5,60,union,4096,4,1.000000,1.000000,1.000000,{"1":4},1.000000,0.000000,0.000000,0.000000,1.000000,0.000000,-1.000000
0.016353821,5,60,snapshot,4096,4,1.000000,1.000000,1.000000,{"1":4},1.000000,0.000000,0.000000,0.000000,1.000000,0.000000,-1.000000
0.016353821,5,60,read_only,16384,1,1.000000,1.000000,1.000000,{"1":4},1.000000,0.000000,0.000000,0.000000,1.000000,0.000000,-1.000000
0.016353821,5,60,union,16384,1,1.000000,1.000000,1.000000,{"1":4},1.000000,0.000000,0.000000,0.000000,1.000000,0.000000,-1.000000
0.016353821,5,60,snapshot,16384,1,1.000000,1.000000,1.000000,{"1":4},1.000000,0.000000,0.000000,0.000000,1.000000,0.000000,-1.000000
0.016609584,5,61,read_only,64,7,1.000000,1.000000,1.000000,{"1":7},1.000000,0.000000,0.000000,0.000000,1.000000,0.000000,-1.000000
0.016609584,5,61,union,64,7,1.000000,1.000000,1.000000,{"1":7},1.000000,0.000000,0.000000,0.000000,1.000000,0.000000,-1.000000
0.016609584,5,61,snapshot,64,11,1.000000,1.000000,1.000000,{"1":11},1.000000,0.000000,0.000000,0.000000,1.000000,0.000000,-1.000000
0.016609584,5,61,read_only,256,7,1.000000,1.000000,1.000000,{"1":7},1.000000,0.000000,0.000000,0.000000,1.000000,0.000000,-1.000000
0.016609584,5,61,union,256,7,1.000000,1.000000,1.000000,{"1":7},1.000000,0.000000,0.000000,0.000000,1.000000,0.000000,-1.000000
0.016609584,5,61,snapshot,256,11,1.000000,1.000000,1.000000,{"1":11},1.000000,0.000000,0.000000,0.000000,1.000000,0.000000,-1.000000
0.016609584,5,61,read_only,1024,7,1.000000,1.000000,1.000000,{"1":7},1.000000,0.000000,0.000000,0.000000,1.000000,0.000000,-1.000000
0.016609584,5,61,union,1024,7,1.000000,1.000000,1.000000,{"1":7},1.000000,0.000000,0.000000,0.000000,1.000000,0.000000,-1.000000
0.016609584,5,61,snapshot,1024,11,1.000000,1.000000,1.000000,{"1":11},1.000000,0.000000,0.000000,0.000000,1.000000,0.000000,-1.000000
0.016609584,5,61,read_only,4096,7,1.000000,1.000000,1.000000,{"1":7},1.000000,0.000000,0.000000,0.000000,1.000000,0.000000,-1.000000
0.016609584,5,61,union,4096,7,1.000000,1.000000,1.000000,{"1":7},1.000000,0.000000,0.000000,0.000000,1.000000,0.000000,-1.000000
0.016609584,5,61,snapshot,4096,11,1.000000,1.000000,1.000000,{"1":11},1.000000,0.000000,0.000000,0.000000,1.000000,0.000000,-1.000000
0.016609584,5,61,read_only,16384,2,0.000000,0.708333,0.000000,{"1":7},0.000000,1.000000,0.000000,0.000000,0.000000,0.000000,0.000000
0.016609584,5,61,union,16384,2,0.000000,0.708333,0.000000,{"1":7},0.000000,1.000000,0.000000,0.000000,0.000000,0.000000,0.000000
0.016609584,5,61,snapshot,16384,3,0.333333,0.805556,0.333333,{"1":11},0.333333,0.666667,0.000000,0.000000,0.333333,0.000000,0.000000
0.016893287,5,62,read_only,64,16,1.000000,1.000000,1.000000,{"1":16},1.000000,0.000000,0.000000,0.000000,1.000000,0.000000,-1.000000
0.016893287,5,62,union,64,16,1.000000,1.000000,1.000000,{"1":16},1.000000,0.000000,0.000000,0.000000,1.000000,0.000000,-1.000000
0.016893287,5,62,snapshot,64,27,1.000000,1.000000,1.000000,{"1":27},1.000000,0.000000,0.000000,0.000000,1.000000,0.000000,-1.000000
0.016893287,5,62,read_only,256,16,1.000000,1.000000,1.000000,{"1":16},1.000000,0.000000,0.000000,0.000000,1.000000,0.000000,-1.000000
0.016893287,5,62,union,256,16,1.000000,1.000000,1.000000,{"1":16},1.000000,0.000000,0.000000,0.000000,1.000000,0.000000,-1.000000
0.016893287,5,62,snapshot,256,27,1.000000,1.000000,1.000000,{"1":27},1.000000,0.000000,0.000000,0.000000,1.000000,0.000000,-1.000000
0.016893287,5,62,read_only,1024,16,1.000000,1.000000,1.000000,{"1":16},1.000000,0.000000,0.000000,0.000000,1.000000,0.000000,-1.000000
0.016893287,5,62,union,1024,16,1.000000,1.000000,1.000000,{"1":16},1.000000,0.000000,0.000000,0.000000,1.000000,0.000000,-1.000000
0.016893287,5,62,snapshot,1024,27,1.000000,1.000000,1.000000,{"1":27},1.000000,0.000000,0.000000,0.000000,1.000000,0.000000,-1.000000
0.016893287,5,62,read_only,4096,16,1.000000,1.000000,1.000000,{"1":16},1.000000,0.000000,0.000000,0.000000,1.000000,0.000000,-1.000000
0.016893287,5,62,union,4096,16,1.000000,1.000000,1.000000,{"1":16},1.000000,0.000000,0.000000,0.000000,1.000000,0.000000,-1.000000
0.016893287,5,62,snapshot,4096,27,1.000000,1.000000,1.000000,{"1":27},1.000000,0.000000,0.000000,0.000000,1.000000,0.000000,-1.000000
0.016893287,5,62,read_only,16384,7,0.857143,0.928571,0.857143,{"1":16},0.857143,0.142857,0.000000,0.000000,0.857143,0.000000,0.000000
0.016893287,5,62,union,16384,7,0.857143,0.928571,0.857143,{"1":16},0.857143,0.142857,0.000000,0.000000,0.857143,0.000000,0.000000
0.016893287,5,62,snapshot,16384,10,0.700000,0.891667,0.700000,{"1":27},0.700000,0.300000,0.000000,0.000000,0.700000,0.000000,0.000000
0.017155514,5,63,read_only,64,13,1.000000,1.000000,1.000000,{"1":13},1.000000,0.000000,0.000000,0.000000,1.000000,0.000000,-1.000000
0.017155514,5,63,union,64,13,1.000000,1.000000,1.000000,{"1":13},1.000000,0.000000,0.000000,0.000000,1.000000,0.000000,-1.000000
0.017155514,5,63,snapshot,64,40,1.000000,1.000000,1.000000,{"1":40},1.000000,0.000000,0.000000,0.000000,1.000000,0.000000,-1.000000
0.017155514,5,63,read_only,256,13,1.000000,1.000000,1.000000,{"1":13},1.000000,0.000000,0.000000,0.000000,1.000000,0.000000,-1.000000
0.017155514,5,63,union,256,13,1.000000,1.000000,1.000000,{"1":13},1.000000,0.000000,0.000000,0.000000,1.000000,0.000000,-1.000000
0.017155514,5,63,snapshot,256,40,1.000000,1.000000,1.000000,{"1":40},1.000000,0.000000,0.000000,0.000000,1.000000,0.000000,-1.000000
0.017155514,5,63,read_only,1024,13,1.000000,1.000000,1.000000,{"1":13},1.000000,0.000000,0.000000,0.000000,1.000000,0.000000,-1.000000
0.017155514,5,63,union,1024,13,1.000000,1.000000,1.000000,{"1":13},1.000000,0.000000,0.000000,0.000000,1.000000,0.000000,-1.000000
0.017155514,5,63,snapshot,1024,40,1.000000,1.000000,1.000000,{"1":40},1.000000,0.000000,0.000000,0.000000,1.000000,0.000000,-1.000000
0.017155514,5,63,read_only,4096,13,1.000000,1.000000,1.000000,{"1":13},1.000000,0.000000,0.000000,0.000000,1.000000,0.000000,-1.000000
0.017155514,5,63,union,4096,13,1.000000,1.000000,1.000000,{"1":13},1.000000,0.000000,0.000000,0.000000,1.000000,0.000000,-1.000000
0.017155514,5,63,snapshot,4096,40,1.000000,1.000000,1.000000,{"1":40},1.000000,0.000000,0.000000,0.000000,1.000000,0.000000,-1.000000
0.017155514,5,63,read_only,16384,5,0.800000,0.900000,0.800000,{"1":13},0.800000,0.200000,0.000000,0.000000,0.800000,0.000000,0.000000
0.017155514,5,63,union,16384,5,0.800000,0.900000,0.800000,{"1":13},0.800000,0.200000,0.000000,0.000000,0.800000,0.000000,0.000000
0.017155514,5,63,snapshot,16384,12,0.583333,0.868056,0.583333,{"1":40},0.583333,0.416667,0.000000,0.000000,0.583333,0.000000,0.000000
0.017433836,5,64,read_only,64,1,1.000000,1.000000,1.000000,{"1":1},1.000000,0.000000,0.000000,0.000000,1.000000,0.000000,-1.000000
0.017433836,5,64,union,64,1,1.000000,1.000000,1.000000,{"1":1},1.000000,0.000000,0.000000,0.000000,1.000000,0.000000,-1.000000
0.017433836,5,64,snapshot,64,41,1.000000,1.000000,1.000000,{"1":41},1.000000,0.000000,0.000000,0.000000,1.000000,0.000000,-1.000000
0.017433836,5,64,read_only,256,1,1.000000,1.000000,1.000000,{"1":1},1.000000,0.000000,0.000000,0.000000,1.000000,0.000000,-1.000000
0.017433836,5,64,union,256,1,1.000000,1.000000,1.000000,{"1":1},1.000000,0.000000,0.000000,0.000000,1.000000,0.000000,-1.000000
0.017433836,5,64,snapshot,256,41,1.000000,1.000000,1.000000,{"1":41},1.000000,0.000000,0.000000,0.000000,1.000000,0.000000,-1.000000
0.017433836,5,64,read_only,1024,1,1.000000,1.000000,1.000000,{"1":1},1.000000,0.000000,0.000000,0.000000,1.000000,0.000000,-1.000000
0.017433836,5,64,union,1024,1,1.000000,1.000000,1.000000,{"1":1},1.000000,0.000000,0.000000,0.000000,1.000000,0.000000,-1.000000
0.017433836,5,64,snapshot,1024,41,1.000000,1.000000,1.000000,{"1":41},1.000000,0.000000,0.000000,0.000000,1.000000,0.000000,-1.000000
0.017433836,5,64,read_only,4096,1,1.000000,1.000000,1.000000,{"1":1},1.000000,0.000000,0.000000,0.000000,1.000000,0.000000,-1.000000
0.017433836,5,64,union,4096,1,1.000000,1.000000,1.000000,{"1":1},1.000000,0.000000,0.000000,0.000000,1.000000,0.000000,-1.000000
0.017433836,5,64,snapshot,4096,41,1.000000,1.000000,1.000000,{"1":41},1.000000,0.000000,0.000000,0.000000,1.000000,0.000000,-1.000000
0.017433836,5,64,read_only,16384,1,1.000000,1.000000,1.000000,{"1":1},1.000000,0.000000,0.000000,0.000000,1.000000,0.000000,-1.000000
0.017433836,5,64,union,16384,1,1.000000,1.000000,1.000000,{"1":1},1.000000,0.000000,0.000000,0.000000,1.000000,0.000000,-1.000000
0.017433836,5,64,snapshot,16384,13,0.615385,0.878205,0.615385,{"1":41},0.615385,0.384615,0.000000,0.000000,0.615385,0.000000,0.000000
0.017672644,5,65,read_only,64,4,1.000000,1.000000,1.000000,{"1":4},1.000000,0.000000,0.000000,0.000000,1.000000,0.000000,-1.000000
0.017672644,5,65,union,64,4,1.000000,1.000000,1.000000,{"1":4},1.000000,0.000000,0.000000,0.000000,1.000000,0.000000,-1.000000
0.017672644,5,65,snapshot,64,45,1.000000,1.000000,1.000000,{"1":45},1.000000,0.000000,0.000000,0.000000,1.000000,0.000000,-1.000000
0.017672644,5,65,read_only,256,4,1.000000,1.000000,1.000000,{"1":4},1.000000,0.000000,0.000000,0.000000,1.000000,0.000000,-1.000000
0.017672644,5,65,union,256,4,1.000000,1.000000,1.000000,{"1":4},1.000000,0.000000,0.000000,0.000000,1.000000,0.000000,-1.000000
0.017672644,5,65,snapshot,256,45,1.000000,1.000000,1.000000,{"1":45},1.000000,0.000000,0.000000,0.000000,1.000000,0.000000,-1.000000
0.017672644,5,65,read_only,1024,4,1.000000,1.000000,1.000000,{"1":4},1.000000,0.000000,0.000000,0.000000,1.000000,0.000000,-1.000000
0.017672644,5,65,union,1024,4,1.000000,1.000000,1.000000,{"1":4},1.000000,0.000000,0.000000,0.000000,1.000000,0.000000,-1.000000
0.017672644,5,65,snapshot,1024,45,1.000000,1.000000,1.000000,{"1":45},1.000000,0.000000,0.000000,0.000000,1.000000,0.000000,-1.000000
0.017672644,5,65,read_only,4096,4,1.000000,1.000000,1.000000,{"1":4},1.000000,0.000000,0.000000,0.000000,1.000000,0.000000,-1.000000
0.017672644,5,65,union,4096,4,1.000000,1.000000,1.000000,{"1":4},1.000000,0.000000,0.000000,0.000000,1.000000,0.000000,-1.000000
0.017672644,5,65,snapshot,4096,45,1.000000,1.000000,1.000000,{"1":45},1.000000,0.000000,0.000000,0.000000,1.000000,0.000000,-1.000000
0.017672644,5,65,read_only,16384,4,1.000000,1.000000,1.000000,{"1":4},1.000000,0.000000,0.000000,0.000000,1.000000,0.000000,-1.000000
0.017672644,5,65,union,16384,4,1.000000,1.000000,1.000000,{"1":4},1.000000,0.000000,0.000000,0.000000,1.000000,0.000000,-1.000000
0.017672644,5,65,snapshot,16384,16,0.625000,0.869792,0.625000,{"1":45},0.625000,0.375000,0.000000,0.000000,0.625000,0.000000,0.000000
0.017906968,5,66,read_only,64,21,1.000000,1.000000,1.000000,{"1":21},1.000000,0.000000,0.000000,0.000000,1.000000,0.000000,-1.000000
0.017906968,5,66,union,64,21,1.000000,1.000000,1.000000,{"1":21},1.000000,0.000000,0.000000,0.000000,1.000000,0.000000,-1.000000
0.017906968,5,66,snapshot,64,66,1.000000,1.000000,1.000000,{"1":66},1.000000,0.000000,0.000000,0.000000,1.000000,0.000000,-1.000000
0.017906968,5,66,read_only,256,21,1.000000,1.000000,1.000000,{"1":21},1.000000,0.000000,0.000000,0.000000,1.000000,0.000000,-1.000000
0.017906968,5,66,union,256,21,1.000000,1.000000,1.000000,{"1":21},1.000000,0.000000,0.000000,0.000000,1.000000,0.000000,-1.000000
0.017906968,5,66,snapshot,256,66,1.000000,1.000000,1.000000,{"1":66},1.000000,0.000000,0.000000,0.000000,1.000000,0.000000,-1.000000
0.017906968,5,66,read_only,1024,21,1.000000,1.000000,1.000000,{"1":21},1.000000,0.000000,0.000000,0.000000,1.000000,0.000000,-1.000000
0.017906968,5,66,union,1024,21,1.000000,1.000000,1.000000,{"1":21},1.000000,0.000000,0.000000,0.000000,1.000000,0.000000,-1.000000
0.017906968,5,66,snapshot,1024,66,1.000000,1.000000,1.000000,{"1":66},1.000000,0.000000,0.000000,0.000000,1.000000,0.000000,-1.000000
0.017906968,5,66,read_only,4096,21,1.000000,1.000000,1.000000,{"1":21},1.000000,0.000000,0.000000,0.000000,1.000000,0.000000,-1.000000
0.017906968,5,66,union,4096,21,1.000000,1.000000,1.000000,{"1":21},1.000000,0.000000,0.000000,0.000000,1.000000,0.000000,-1.000000
0.017906968,5,66,snapshot,4096,66,1.000000,1.000000,1.000000,{"1":66},1.000000,0.000000,0.000000,0.000000,1.000000,0.000000,-1.000000
0.017906968,5,66,read_only,16384,7,0.857143,0.952381,0.857143,{"1":21},0.857143,0.142857,0.000000,0.000000,0.857143,0.000000,0.000000
0.017906968,5,66,union,16384,7,0.857143,0.952381,0.857143,{"1":21},0.857143,0.142857,0.000000,0.000000,0.857143,0.000000,0.000000
0.017906968,5,66,snapshot,16384,20,0.600000,0.870833,0.600000,{"1":66},0.600000,0.400000,0.000000,0.000000,0.600000,0.000000,0.000000
0.018230408,5,67,read_only,64,22,1.000000,1.000000,1.000000,{"1":22},1.000000,0.000000,0.000000,0.000000,1.000000,0.000000,-1.000000
0.018230408,5,67,union,64,22,1.000000,1.000000,1.000000,{"1":22},1.000000,0.000000,0.000000,0.000000,1.000000,0.000000,-1.000000
0.018230408,5,67,snapshot,64,88,1.000000,1.000000,1.000000,{"1":88},1.000000,0.000000,0.000000,0.000000,1.000000,0.000000,-1.000000
0.018230408,5,67,read_only,256,22,1.000000,1.000000,1.000000,{"1":22},1.000000,0.000000,0.000000,0.000000,1.000000,0.000000,-1.000000
0.018230408,5,67,union,256,22,1.000000,1.000000,1.000000,{"1":22},1.000000,0.000000,0.000000,0.000000,1.000000,0.000000,-1.000000
0.018230408,5,67,snapshot,256,88,1.000000,1.000000,1.000000,{"1":88},1.000000,0.000000,0.000000,0.000000,1.000000,0.000000,-1.000000
0.018230408,5,67,read_only,1024,22,1.000000,1.000000,1.000000,{"1":22},1.000000,0.000000,0.000000,0.000000,1.000000,0.000000,-1.000000
0.018230408,5,67,union,1024,22,1.000000,1.000000,1.000000,{"1":22},1.000000,0.000000,0.000000,0.000000,1.000000,0.000000,-1.000000
0.018230408,5,67,snapshot,1024,88,1.000000,1.000000,1.000000,{"1":88},1.000000,0.000000,0.000000,0.000000,1.000000,0.000000,-1.000000
0.018230408,5,67,read_only,4096,22,1.000000,1.000000,1.000000,{"1":22},1.000000,0.000000,0.000000,0.000000,1.000000,0.000000,-1.000000
0.018230408,5,67,union,4096,22,1.000000,1.000000,1.000000,{"1":22},1.000000,0.000000,0.000000,0.000000,1.000000,0.000000,-1.000000
0.018230408,5,67,snapshot,4096,88,1.000000,1.000000,1.000000,{"1":88},1.000000,0.000000,0.000000,0.000000,1.000000,0.000000,-1.000000
0.018230408,5,67,read_only,16384,8,0.500000,0.843750,0.500000,{"1":22},0.500000,0.500000,0.000000,0.000000,0.500000,0.000000,0.000000
0.018230408,5,67,union,16384,8,0.500000,0.843750,0.500000,{"1":22},0.500000,0.500000,0.000000,0.000000,0.500000,0.000000,0.000000
0.018230408,5,67,snapshot,16384,27,0.555556,0.858025,0.555556,{"1":88},0.555556,0.444444,0.000000,0.000000,0.555556,0.000000,0.000000
0.018508924,5,68,snapshot,64,88,1.000000,1.000000,1.000000,{"1":88},1.000000,0.000000,0.000000,0.000000,1.000000,0.000000,-1.000000
0.018508924,5,68,snapshot,256,88,1.000000,1.000000,1.000000,{"1":88},1.000000,0.000000,0.000000,0.000000,1.000000,0.000000,-1.000000
0.018508924,5,68,snapshot,1024,88,1.000000,1.000000,1.000000,{"1":88},1.000000,0.000000,0.000000,0.000000,1.000000,0.000000,-1.000000
0.018508924,5,68,snapshot,4096,88,1.000000,1.000000,1.000000,{"1":88},1.000000,0.000000,0.000000,0.000000,1.000000,0.000000,-1.000000
0.018508924,5,68,snapshot,16384,27,0.555556,0.858025,0.555556,{"1":88},0.555556,0.444444,0.000000,0.000000,0.555556,0.000000,0.000000
0.018835022,5,69,snapshot,64,88,1.000000,1.000000,1.000000,{"1":88},1.000000,0.000000,0.000000,0.000000,1.000000,0.000000,-1.000000
0.018835022,5,69,snapshot,256,88,1.000000,1.000000,1.000000,{"1":88},1.000000,0.000000,0.000000,0.000000,1.000000,0.000000,-1.000000
0.018835022,5,69,snapshot,1024,88,1.000000,1.000000,1.000000,{"1":88},1.000000,0.000000,0.000000,0.000000,1.000000,0.000000,-1.000000
0.018835022,5,69,snapshot,4096,88,1.000000,1.000000,1.000000,{"1":88},1.000000,0.000000,0.000000,0.000000,1.000000,0.000000,-1.000000
0.018835022,5,69,snapshot,16384,27,0.555556,0.858025,0.555556,{"1":88},0.555556,0.444444,0.000000,0.000000,0.555556,0.000000,0.000000
0.019126181,5,70,read_only,64,14,1.000000,1.000000,1.000000,{"1":14},1.000000,0.000000,0.000000,0.000000,1.000000,0.000000,-1.000000
0.019126181,5,70,union,64,14,1.000000,1.000000,1.000000,{"1":14},1.000000,0.000000,0.000000,0.000000,1.000000,0.000000,-1.000000
0.019126181,5,70,snapshot,64,6,1.000000,1.000000,1.000000,{"1":6},1.000000,0.000000,0.000000,0.000000,1.000000,0.000000,-1.000000
0.019126181,5,70,read_only,256,14,1.000000,1.000000,1.000000,{"1":14},1.000000,0.000000,0.000000,0.000000,1.000000,0.000000,-1.000000
0.019126181,5,70,union,256,14,1.000000,1.000000,1.000000,{"1":14},1.000000,0.000000,0.000000,0.000000,1.000000,0.000000,-1.000000
0.019126181,5,70,snapshot,256,6,1.000000,1.000000,1.000000,{"1":6},1.000000,0.000000,0.000000,0.000000,1.000000,0.000000,-1.000000
0.019126181,5,70,read_only,1024,14,1.000000,1.000000,1.000000,{"1":14},1.000000,0.000000,0.000000,0.000000,1.000000,0.000000,-1.000000
0.019126181,5,70,union,1024,14,1.000000,1.000000,1.000000,{"1":14},1.000000,0.000000,0.000000,0.000000,1.000000,0.000000,-1.000000
0.019126181,5,70,snapshot,1024,6,1.000000,1.000000,1.000000,{"1":6},1.000000,0.000000,0.000000,0.000000,1.000000,0.000000,-1.000000
0.019126181,5,70,read_only,4096,14,1.000000,1.000000,1.000000,{"1":14},1.000000,0.000000,0.000000,0.000000,1.000000,0.000000,-1.000000
0.019126181,5,70,union,4096,14,1.000000,1.000000,1.000000,{"1":14},1.000000,0.000000,0.000000,0.000000,1.000000,0.000000,-1.000000
0.019126181,5,70,snapshot,4096,6,1.000000,1.000000,1.000000,{"1":6},1.000000,0.000000,0.000000,0.000000,1.000000,0.000000,-1.000000
0.019126181,5,70,read_only,16384,6,0.666667,0.902778,0.666667,{"1":14},0.666667,0.333333,0.000000,0.000000,0.666667,0.000000,0.000000
0.019126181,5,70,union,16384,6,0.666667,0.902778,0.666667,{"1":14},0.666667,0.333333,0.000000,0.000000,0.666667,0.000000,0.000000
0.019126181,5,70,snapshot,16384,3,0.666667,0.888889,0.666667,{"1":6},0.666667,0.333333,0.000000,0.000000,0.666667,0.000000,0.000000
0.019367808,5,71,read_only,64,4,1.000000,1.000000,1.000000,{"1":4},1.000000,0.000000,0.000000,0.000000,1.000000,0.000000,-1.000000
0.019367808,5,71,union,64,4,1.000000,1.000000,1.000000,{"1":4},1.000000,0.000000,0.000000,0.000000,1.000000,0.000000,-1.000000
0.019367808,5,71,snapshot,64,10,1.000000,1.000000,1.000000,{"1":10},1.000000,0.000000,0.000000,0.000000,1.000000,0.000000,-1.000000
0.019367808,5,71,read_only,256,4,1.000000,1.000000,1.000000,{"1":4},1.000000,0.000000,0.000000,0.000000,1.000000,0.000000,-1.000000
0.019367808,5,71,union,256,4,1.000000,1.000000,1.000000,{"1":4},1.000000,0.000000,0.000000,0.000000,1.000000,0.000000,-1.000000
0.019367808,5,71,snapshot,256,10,1.000000,1.000000,1.000000,{"1":10},1.000000,0.000000,0.000000,0.000000,1.000000,0.000000,-1.000000
0.019367808,5,71,read_only,1024,4,1.000000,1.000000,1.000000,{"1":4},1.000000,0.000000,0.000000,0.000000,1.000000,0.000000,-1.000000
0.019367808,5,71,union,1024,4,1.000000,1.000000,1.000000,{"1":4},1.000000,0.000000,0.000000,0.000000,1.000000,0.000000,-1.000000
0.019367808,5,71,snapshot,1024,10,1.000000,1.000000,1.000000,{"1":10},1.000000,0.000000,0.000000,0.000000,1.000000,0.000000,-1.000000
0.019367808,5,71,read_only,4096,4,1.000000,1.000000,1.000000,{"1":4},1.000000,0.000000,0.000000,0.000000,1.000000,0.000000,-1.000000
0.019367808,5,71,union,4096,4,1.000000,1.000000,1.000000,{"1":4},1.000000,0.000000,0.000000,0.000000,1.000000,0.000000,-1.000000
0.019367808,5,71,snapshot,4096,10,1.000000,1.000000,1.000000,{"1":10},1.000000,0.000000,0.000000,0.000000,1.000000,0.000000,-1.000000
0.019367808,5,71,read_only,16384,2,0.500000,0.833333,0.500000,{"1":4},0.500000,0.500000,0.000000,0.000000,0.500000,0.000000,0.000000
0.019367808,5,71,union,16384,2,0.500000,0.833333,0.500000,{"1":4},0.500000,0.500000,0.000000,0.000000,0.500000,0.000000,0.000000
0.019367808,5,71,snapshot,16384,4,0.500000,0.791667,0.500000,{"1":10},0.500000,0.500000,0.000000,0.000000,0.500000,0.000000,0.000000
0.019761591,5,72,read_only,64,28,1.000000,1.000000,1.000000,{"1":28},1.000000,0.000000,0.000000,0.000000,1.000000,0.000000,-1.000000
0.019761591,5,72,union,64,28,1.000000,1.000000,1.000000,{"1":28},1.000000,0.000000,0.000000,0.000000,1.000000,0.000000,-1.000000
0.019761591,5,72,snapshot,64,38,1.000000,1.000000,1.000000,{"1":38},1.000000,0.000000,0.000000,0.000000,1.000000,0.000000,-1.000000
0.019761591,5,72,read_only,256,28,1.000000,1.000000,1.000000,{"1":28},1.000000,0.000000,0.000000,0.000000,1.000000,0.000000,-1.000000
0.019761591,5,72,union,256,28,1.000000,1.000000,1.000000,{"1":28},1.000000,0.000000,0.000000,0.000000,1.000000,0.000000,-1.000000
0.019761591,5,72,snapshot,256,38,1.000000,1.000000,1.000000,{"1":38},1.000000,0.000000,0.000000,0.000000,1.000000,0.000000,-1.000000
0.019761591,5,72,read_only,1024,28,1.000000,1.000000,1.000000,{"1":28},1.000000,0.000000,0.000000,0.000000,1.000000,0.000000,-1.000000
0.019761591,5,72,union,1024,28,1.000000,1.000000,1.000000,{"1":28},1.000000,0.000000,0.000000,0.000000,1.000000,0.000000,-1.000000
0.019761591,5,72,snapshot,1024,38,1.000000,1.000000,1.000000,{"1":38},1.000000,0.000000,0.000000,0.000000,1.000000,0.000000,-1.000000
0.019761591,5,72,read_only,4096,28,1.000000,1.000000,1.000000,{"1":28},1.000000,0.000000,0.000000,0.000000,1.000000,0.000000,-1.000000
0.019761591,5,72,union,4096,28,1.000000,1.000000,1.000000,{"1":28},1.000000,0.000000,0.000000,0.000000,1.000000,0.000000,-1.000000
0.019761591,5,72,snapshot,4096,38,1.000000,1.000000,1.000000,{"1":38},1.000000,0.000000,0.000000,0.000000,1.000000,0.000000,-1.000000
0.019761591,5,72,read_only,16384,9,0.444444,0.805556,0.444444,{"1":28},0.444444,0.555556,0.000000,0.000000,0.444444,0.000000,0.000000
0.019761591,5,72,union,16384,9,0.444444,0.805556,0.444444,{"1":28},0.444444,0.555556,0.000000,0.000000,0.444444,0.000000,0.000000
0.019761591,5,72,snapshot,16384,13,0.461538,0.801282,0.461538,{"1":38},0.461538,0.538462,0.000000,0.000000,0.461538,0.000000,0.000000
0.020046683,5,73,read_only,64,113,1.000000,1.000000,1.000000,{"1":113},1.000000,0.000000,0.000000,0.000000,1.000000,0.000000,-1.000000
0.020046683,5,73,union,64,113,1.000000,1.000000,1.000000,{"1":113},1.000000,0.000000,0.000000,0.000000,1.000000,0.000000,-1.000000
0.020046683,5,73,snapshot,64,151,1.000000,1.000000,1.000000,{"1":151},1.000000,0.000000,0.000000,0.000000,1.000000,0.000000,-1.000000
0.020046683,5,73,read_only,256,113,1.000000,1.000000,1.000000,{"1":113},1.000000,0.000000,0.000000,0.000000,1.000000,0.000000,-1.000000
0.020046683,5,73,union,256,113,1.000000,1.000000,1.000000,{"1":113},1.000000,0.000000,0.000000,0.000000,1.000000,0.000000,-1.000000
0.020046683,5,73,snapshot,256,151,1.000000,1.000000,1.000000,{"1":151},1.000000,0.000000,0.000000,0.000000,1.000000,0.000000,-1.000000
0.020046683,5,73,read_only,1024,113,1.000000,1.000000,1.000000,{"1":113},1.000000,0.000000,0.000000,0.000000,1.000000,0.000000,-1.000000
0.020046683,5,73,union,1024,113,1.000000,1.000000,1.000000,{"1":113},1.000000,0.000000,0.000000,0.000000,1.000000,0.000000,-1.000000
0.020046683,5,73,snapshot,1024,151,1.000000,1.000000,1.000000,{"1":151},1.000000,0.000000,0.000000,0.000000,1.000000,0.000000,-1.000000
0.020046683,5,73,read_only,4096,113,1.000000,1.000000,1.000000,{"1":113},1.000000,0.000000,0.000000,0.000000,1.000000,0.000000,-1.000000
0.020046683,5,73,union,4096,113,1.000000,1.000000,1.000000,{"1":113},1.000000,0.000000,0.000000,0.000000,1.000000,0.000000,-1.000000
0.020046683,5,73,snapshot,4096,151,1.000000,1.000000,1.000000,{"1":151},1.000000,0.000000,0.000000,0.000000,1.000000,0.000000,-1.000000
0.020046683,5,73,read_only,16384,29,1.000000,1.000000,1.000000,{"1":113},1.000000,0.000000,0.000000,0.000000,1.000000,0.000000,-1.000000
0.020046683,5,73,union,16384,29,1.000000,1.000000,1.000000,{"1":113},1.000000,0.000000,0.000000,0.000000,1.000000,0.000000,-1.000000
0.020046683,5,73,snapshot,16384,42,0.833333,0.938492,0.833333,{"1":151},0.833333,0.166667,0.000000,0.000000,0.833333,0.000000,0.000000
0.020332643,5,74,read_only,64,79,1.000000,1.000000,1.000000,{"1":79},1.000000,0.000000,0.000000,0.000000,1.000000,0.000000,-1.000000
0.020332643,5,74,union,64,79,1.000000,1.000000,1.000000,{"1":79},1.000000,0.000000,0.000000,0.000000,1.000000,0.000000,-1.000000
0.020332643,5,74,snapshot,64,230,1.000000,1.000000,1.000000,{"1":230},1.000000,0.000000,0.000000,0.000000,1.000000,0.000000,-1.000000
0.020332643,5,74,read_only,256,79,1.000000,1.000000,1.000000,{"1":79},1.000000,0.000000,0.000000,0.000000,1.000000,0.000000,-1.000000
0.020332643,5,74,union,256,79,1.000000,1.000000,1.000000,{"1":79},1.000000,0.000000,0.000000,0.000000,1.000000,0.000000,-1.000000
0.020332643,5,74,snapshot,256,230,1.000000,1.000000,1.000000,{"1":230},1.000000,0.000000,0.000000,0.000000,1.000000,0.000000,-1.000000
0.020332643,5,74,read_only,1024,79,1.000000,1.000000,1.000000,{"1":79},1.000000,0.000000,0.000000,0.000000,1.000000,0.000000,-1.000000
0.020332643,5,74,union,1024,79,1.000000,1.000000,1.000000,{"1":79},1.000000,0.000000,0.000000,0.000000,1.000000,0.000000,-1.000000
0.020332643,5,74,snapshot,1024,230,1.000000,1.000000,1.000000,{"1":230},1.000000,0.000000,0.000000,0.000000,1.000000,0.000000,-1.000000
0.020332643,5,74,read_only,4096,79,1.000000,1.000000,1.000000,{"1":79},1.000000,0.000000,0.000000,0.000000,1.000000,0.000000,-1.000000
0.020332643,5,74,union,4096,79,1.000000,1.000000,1.000000,{"1":79},1.000000,0.000000,0.000000,0.000000,1.000000,0.000000,-1.000000
0.020332643,5,74,snapshot,4096,230,1.000000,1.000000,1.000000,{"1":230},1.000000,0.000000,0.000000,0.000000,1.000000,0.000000,-1.000000
0.020332643,5,74,read_only,16384,20,1.000000,1.000000,1.000000,{"1":79},1.000000,0.000000,0.000000,0.000000,1.000000,0.000000,-1.000000
0.020332643,5,74,union,16384,20,1.000000,1.000000,1.000000,{"1":79},1.000000,0.000000,0.000000,0.000000,1.000000,0.000000,-1.000000
0.020332643,5,74,snapshot,16384,61,0.885246,0.957650,0.885246,{"1":230},0.885246,0.114754,0.000000,0.000000,0.885246,0.000000,0.000000
0.020594880,5,75,snapshot,64,230,1.000000,1.000000,1.000000,{"1":230},1.000000,0.000000,0.000000,0.000000,1.000000,0.000000,-1.000000
0.020594880,5,75,snapshot,256,230,1.000000,1.000000,1.000000,{"1":230},1.000000,0.000000,0.000000,0.000000,1.000000,0.000000,-1.000000
0.020594880,5,75,snapshot,1024,230,1.000000,1.000000,1.000000,{"1":230},1.000000,0.000000,0.000000,0.000000,1.000000,0.000000,-1.000000
0.020594880,5,75,snapshot,4096,230,1.000000,1.000000,1.000000,{"1":230},1.000000,0.000000,0.000000,0.000000,1.000000,0.000000,-1.000000
0.020594880,5,75,snapshot,16384,61,0.885246,0.957650,0.885246,{"1":230},0.885246,0.114754,0.000000,0.000000,0.885246,0.000000,0.000000
0.020888122,5,76,read_only,64,1,1.000000,1.000000,1.000000,{"1":1},1.000000,0.000000,0.000000,0.000000,1.000000,0.000000,-1.000000
0.020888122,5,76,union,64,1,1.000000,1.000000,1.000000,{"1":1},1.000000,0.000000,0.000000,0.000000,1.000000,0.000000,-1.000000
0.020888122,5,76,snapshot,64,231,1.000000,1.000000,1.000000,{"1":231},1.000000,0.000000,0.000000,0.000000,1.000000,0.000000,-1.000000
0.020888122,5,76,read_only,256,1,1.000000,1.000000,1.000000,{"1":1},1.000000,0.000000,0.000000,0.000000,1.000000,0.000000,-1.000000
0.020888122,5,76,union,256,1,1.000000,1.000000,1.000000,{"1":1},1.000000,0.000000,0.000000,0.000000,1.000000,0.000000,-1.000000
0.020888122,5,76,snapshot,256,231,1.000000,1.000000,1.000000,{"1":231},1.000000,0.000000,0.000000,0.000000,1.000000,0.000000,-1.000000
0.020888122,5,76,read_only,1024,1,1.000000,1.000000,1.000000,{"1":1},1.000000,0.000000,0.000000,0.000000,1.000000,0.000000,-1.000000
0.020888122,5,76,union,1024,1,1.000000,1.000000,1.000000,{"1":1},1.000000,0.000000,0.000000,0.000000,1.000000,0.000000,-1.000000
0.020888122,5,76,snapshot,1024,231,1.000000,1.000000,1.000000,{"1":231},1.000000,0.000000,0.000000,0.000000,1.000000,0.000000,-1.000000
0.020888122,5,76,read_only,4096,1,1.000000,1.000000,1.000000,{"1":1},1.000000,0.000000,0.000000,0.000000,1.000000,0.000000,-1.000000
0.020888122,5,76,union,4096,1,1.000000,1.000000,1.000000,{"1":1},1.000000,0.000000,0.000000,0.000000,1.000000,0.000000,-1.000000
0.020888122,5,76,snapshot,4096,231,1.000000,1.000000,1.000000,{"1":231},1.000000,0.000000,0.000000,0.000000,1.000000,0.000000,-1.000000
0.020888122,5,76,read_only,16384,1,1.000000,1.000000,1.000000,{"1":1},1.000000,0.000000,0.000000,0.000000,1.000000,0.000000,-1.000000
0.020888122,5,76,union,16384,1,1.000000,1.000000,1.000000,{"1":1},1.000000,0.000000,0.000000,0.000000,1.000000,0.000000,-1.000000
0.020888122,5,76,snapshot,16384,62,0.887097,0.958333,0.887097,{"1":231},0.887097,0.112903,0.000000,0.000000,0.887097,0.000000,0.000000
0.021149930,5,77,snapshot,64,231,1.000000,1.000000,1.000000,{"1":231},1.000000,0.000000,0.000000,0.000000,1.000000,0.000000,-1.000000
0.021149930,5,77,snapshot,256,231,1.000000,1.000000,1.000000,{"1":231},1.000000,0.000000,0.000000,0.000000,1.000000,0.000000,-1.000000
0.021149930,5,77,snapshot,1024,231,1.000000,1.000000,1.000000,{"1":231},1.000000,0.000000,0.000000,0.000000,1.000000,0.000000,-1.000000
0.021149930,5,77,snapshot,4096,231,1.000000,1.000000,1.000000,{"1":231},1.000000,0.000000,0.000000,0.000000,1.000000,0.000000,-1.000000
0.021149930,5,77,snapshot,16384,62,0.887097,0.958333,0.887097,{"1":231},0.887097,0.112903,0.000000,0.000000,0.887097,0.000000,0.000000
0.021406102,5,78,snapshot,64,231,1.000000,1.000000,1.000000,{"1":231},1.000000,0.000000,0.000000,0.000000,1.000000,0.000000,-1.000000
0.021406102,5,78,snapshot,256,231,1.000000,1.000000,1.000000,{"1":231},1.000000,0.000000,0.000000,0.000000,1.000000,0.000000,-1.000000
0.021406102,5,78,snapshot,1024,231,1.000000,1.000000,1.000000,{"1":231},1.000000,0.000000,0.000000,0.000000,1.000000,0.000000,-1.000000
0.021406102,5,78,snapshot,4096,231,1.000000,1.000000,1.000000,{"1":231},1.000000,0.000000,0.000000,0.000000,1.000000,0.000000,-1.000000
0.021406102,5,78,snapshot,16384,62,0.887097,0.958333,0.887097,{"1":231},0.887097,0.112903,0.000000,0.000000,0.887097,0.000000,0.000000
0.021661449,5,79,snapshot,64,231,1.000000,1.000000,1.000000,{"1":231},1.000000,0.000000,0.000000,0.000000,1.000000,0.000000,-1.000000
0.021661449,5,79,snapshot,256,231,1.000000,1.000000,1.000000,{"1":231},1.000000,0.000000,0.000000,0.000000,1.000000,0.000000,-1.000000
0.021661449,5,79,snapshot,1024,231,1.000000,1.000000,1.000000,{"1":231},1.000000,0.000000,0.000000,0.000000,1.000000,0.000000,-1.000000
0.021661449,5,79,snapshot,4096,231,1.000000,1.000000,1.000000,{"1":231},1.000000,0.000000,0.000000,0.000000,1.000000,0.000000,-1.000000
0.021661449,5,79,snapshot,16384,62,0.887097,0.958333,0.887097,{"1":231},0.887097,0.112903,0.000000,0.000000,0.887097,0.000000,0.000000
0.021967392,5,80,snapshot,64,231,1.000000,1.000000,1.000000,{"1":231},1.000000,0.000000,0.000000,0.000000,1.000000,0.000000,-1.000000
0.021967392,5,80,snapshot,256,231,1.000000,1.000000,1.000000,{"1":231},1.000000,0.000000,0.000000,0.000000,1.000000,0.000000,-1.000000
0.021967392,5,80,snapshot,1024,231,1.000000,1.000000,1.000000,{"1":231},1.000000,0.000000,0.000000,0.000000,1.000000,0.000000,-1.000000
0.021967392,5,80,snapshot,4096,231,1.000000,1.000000,1.000000,{"1":231},1.000000,0.000000,0.000000,0.000000,1.000000,0.000000,-1.000000
0.021967392,5,80,snapshot,16384,62,0.887097,0.958333,0.887097,{"1":231},0.887097,0.112903,0.000000,0.000000,0.887097,0.000000,0.000000
0.022201879,5,81,read_only,64,26,1.000000,1.000000,1.000000,{"1":26},1.000000,0.000000,0.000000,0.000000,1.000000,0.000000,-1.000000
0.022201879,5,81,union,64,26,1.000000,1.000000,1.000000,{"1":26},1.000000,0.000000,0.000000,0.000000,1.000000,0.000000,-1.000000
0.022201879,5,81,snapshot,64,257,1.000000,1.000000,1.000000,{"1":257},1.000000,0.000000,0.000000,0.000000,1.000000,0.000000,-1.000000
0.022201879,5,81,read_only,256,26,1.000000,1.000000,1.000000,{"1":26},1.000000,0.000000,0.000000,0.000000,1.000000,0.000000,-1.000000
0.022201879,5,81,union,256,26,1.000000,1.000000,1.000000,{"1":26},1.000000,0.000000,0.000000,0.000000,1.000000,0.000000,-1.000000
0.022201879,5,81,snapshot,256,257,1.000000,1.000000,1.000000,{"1":257},1.000000,0.000000,0.000000,0.000000,1.000000,0.000000,-1.000000
0.022201879,5,81,read_only,1024,26,1.000000,1.000000,1.000000,{"1":26},1.000000,0.000000,0.000000,0.000000,1.000000,0.000000,-1.000000
0.022201879,5,81,union,1024,26,1.000000,1.000000,1.000000,{"1":26},1.000000,0.000000,0.000000,0.000000,1.000000,0.000000,-1.000000
0.022201879,5,81,snapshot,1024,257,1.000000,1.000000,1.000000,{"1":257},1.000000,0.000000,0.000000,0.000000,1.000000,0.000000,-1.000000
0.022201879,5,81,read_only,4096,26,1.000000,1.000000,1.000000,{"1":26},1.000000,0.000000,0.000000,0.000000,1.000000,0.000000,-1.000000
0.022201879,5,81,union,4096,26,1.000000,1.000000,1.000000,{"1":26},1.000000,0.000000,0.000000,0.000000,1.000000,0.000000,-1.000000
0.022201879,5,81,snapshot,4096,257,1.000000,1.000000,1.000000,{"1":257},1.000000,0.000000,0.000000,0.000000,1.000000,0.000000,-1.000000
0.022201879,5,81,read_only,16384,9,0.777778,0.944444,0.777778,{"1":26},0.777778,0.222222,0.000000,0.000000,0.777778,0.000000,0.000000
0.022201879,5,81,union,16384,9,0.777778,0.944444,0.777778,{"1":26},0.777778,0.222222,0.000000,0.000000,0.777778,0.000000,0.000000
0.022201879,5,81,snapshot,16384,71,0.873239,0.956573,0.873239,{"1":257},0.873239,0.126761,0.000000,0.000000,0.873239,0.000000,0.000000
0.022441688,5,82,read_only,64,17,1.000000,1.000000,1.000000,{"1":17},1.000000,0.000000,0.000000,0.000000,1.000000,0.000000,-1.000000
0.022441688,5,82,union,64,17,1.000000,1.000000,1.000000,{"1":17},1.000000,0.000000,0.000000,0.000000,1.000000,0.000000,-1.000000
0.022441688,5,82,snapshot,64,274,1.000000,1.000000,1.000000,{"1":274},1.000000,0.000000,0.000000,0.000000,1.000000,0.000000,-1.000000
0.022441688,5,82,read_only,256,17,1.000000,1.000000,1.000000,{"1":17},1.000000,0.000000,0.000000,0.000000,1.000000,0.000000,-1.000000
0.022441688,5,82,union,256,17,1.000000,1.000000,1.000000,{"1":17},1.000000,0.000000,0.000000,0.000000,1.000000,0.000000,-1.000000
0.022441688,5,82,snapshot,256,274,1.000000,1.000000,1.000000,{"1":274},1.000000,0.000000,0.000000,0.000000,1.000000,0.000000,-1.000000
0.022441688,5,82,read_only,1024,17,1.000000,1.000000,1.000000,{"1":17},1.000000,0.000000,0.000000,0.000000,1.000000,0.000000,-1.000000
0.022441688,5,82,union,1024,17,1.000000,1.000000,1.000000,{"1":17},1.000000,0.000000,0.000000,0.000000,1.000000,0.000000,-1.000000
0.022441688,5,82,snapshot,1024,274,1.000000,1.000000,1.000000,{"1":274},1.000000,0.000000,0.000000,0.000000,1.000000,0.000000,-1.000000
0.022441688,5,82,read_only,4096,17,1.000000,1.000000,1.000000,{"1":17},1.000000,0.000000,0.000000,0.000000,1.000000,0.000000,-1.000000
0.022441688,5,82,union,4096,17,1.000000,1.000000,1.000000,{"1":17},1.000000,0.000000,0.000000,0.000000,1.000000,0.000000,-1.000000
0.022441688,5,82,snapshot,4096,274,1.000000,1.000000,1.000000,{"1":274},1.000000,0.000000,0.000000,0.000000,1.000000,0.000000,-1.000000
0.022441688,5,82,read_only,16384,7,1.000000,1.000000,1.000000,{"1":17},1.000000,0.000000,0.000000,0.000000,1.000000,0.000000,-1.000000
0.022441688,5,82,union,16384,7,1.000000,1.000000,1.000000,{"1":17},1.000000,0.000000,0.000000,0.000000,1.000000,0.000000,-1.000000
0.022441688,5,82,snapshot,16384,77,0.883117,0.959957,0.883117,{"1":274},0.883117,0.116883,0.000000,0.000000,0.883117,0.000000,0.000000
0.022688878,5,83,snapshot,64,274,1.000000,1.000000,1.000000,{"1":274},1.000000,0.000000,0.000000,0.000000,1.000000,0.000000,-1.000000
0.022688878,5,83,snapshot,256,274,1.000000,1.000000,1.000000,{"1":274},1.000000,0.000000,0.000000,0.000000,1.000000,0.000000,-1.000000
0.022688878,5,83,snapshot,1024,274,1.000000,1.000000,1.000000,{"1":274},1.000000,0.000000,0.000000,0.000000,1.000000,0.000000,-1.000000
0.022688878,5,83,snapshot,4096,274,1.000000,1.000000,1.000000,{"1":274},1.000000,0.000000,0.000000,0.000000,1.000000,0.000000,-1.000000
0.022688878,5,83,snapshot,16384,77,0.883117,0.959957,0.883117,{"1":274},0.883117,0.116883,0.000000,0.000000,0.883117,0.000000,0.000000
0.022929439,5,84,read_only,64,6,1.000000,1.000000,1.000000,{"1":6},1.000000,0.000000,0.000000,0.000000,1.000000,0.000000,-1.000000
0.022929439,5,84,union,64,6,1.000000,1.000000,1.000000,{"1":6},1.000000,0.000000,0.000000,0.000000,1.000000,0.000000,-1.000000
0.022929439,5,84,snapshot,64,280,1.000000,1.000000,1.000000,{"1":280},1.000000,0.000000,0.000000,0.000000,1.000000,0.000000,-1.000000
0.022929439,5,84,read_only,256,6,1.000000,1.000000,1.000000,{"1":6},1.000000,0.000000,0.000000,0.000000,1.000000,0.000000,-1.000000
0.022929439,5,84,union,256,6,1.000000,1.000000,1.000000,{"1":6},1.000000,0.000000,0.000000,0.000000,1.000000,0.000000,-1.000000
0.022929439,5,84,snapshot,256,280,1.000000,1.000000,1.000000,{"1":280},1.000000,0.000000,0.000000,0.000000,1.000000,0.000000,-1.000000
0.022929439,5,84,read_only,1024,6,1.000000,1.000000,1.000000,{"1":6},1.000000,0.000000,0.000000,0.000000,1.000000,0.000000,-1.000000
0.022929439,5,84,union,1024,6,1.000000,1.000000,1.000000,{"1":6},1.000000,0.000000,0.000000,0.000000,1.000000,0.000000,-1.000000
0.022929439,5,84,snapshot,1024,280,1.000000,1.000000,1.000000,{"1":280},1.000000,0.000000,0.000000,0.000000,1.000000,0.000000,-1.000000
0.022929439,5,84,read_only,4096,6,1.000000,1.000000,1.000000,{"1":6},1.000000,0.000000,0.000000,0.000000,1.000000,0.000000,-1.000000
0.022929439,5,84,union,4096,6,1.000000,1.000000,1.000000,{"1":6},1.000000,0.000000,0.000000,0.000000,1.000000,0.000000,-1.000000
0.022929439,5,84,snapshot,4096,280,1.000000,1.000000,1.000000,{"1":280},1.000000,0.000000,0.000000,0.000000,1.000000,0.000000,-1.000000
0.022929439,5,84,read_only,16384,4,1.000000,1.000000,1.000000,{"1":6},1.000000,0.000000,0.000000,0.000000,1.000000,0.000000,-1.000000
0.022929439,5,84,union,16384,4,1.000000,1.000000,1.000000,{"1":6},1.000000,0.000000,0.000000,0.000000,1.000000,0.000000,-1.000000
0.022929439,5,84,snapshot,16384,77,0.857143,0.953463,0.857143,{"1":280},0.857143,0.142857,0.000000,0.000000,0.857143,0.000000,0.000000
0.023161553,5,85,snapshot,64,280,1.000000,1.000000,1.000000,{"1":280},1.000000,0.000000,0.000000,0.000000,1.000000,0.000000,-1.000000
0.023161553,5,85,snapshot,256,280,1.000000,1.000000,1.000000,{"1":280},1.000000,0.000000,0.000000,0.000000,1.000000,0.000000,-1.000000
0.023161553,5,85,snapshot,1024,280,1.000000,1.000000,1.000000,{"1":280},1.000000,0.000000,0.000000,0.000000,1.000000,0.000000,-1.000000
0.023161553,5,85,snapshot,4096,280,1.000000,1.000000,1.000000,{"1":280},1.000000,0.000000,0.000000,0.000000,1.000000,0.000000,-1.000000
0.023161553,5,85,snapshot,16384,77,0.857143,0.953463,0.857143,{"1":280},0.857143,0.142857,0.000000,0.000000,0.857143,0.000000,0.000000
0.023396261,5,86,snapshot,64,280,1.000000,1.000000,1.000000,{"1":280},1.000000,0.000000,0.000000,0.000000,1.000000,0.000000,-1.000000
0.023396261,5,86,snapshot,256,280,1.000000,1.000000,1.000000,{"1":280},1.000000,0.000000,0.000000,0.000000,1.000000,0.000000,-1.000000
0.023396261,5,86,snapshot,1024,280,1.000000,1.000000,1.000000,{"1":280},1.000000,0.000000,0.000000,0.000000,1.000000,0.000000,-1.000000
0.023396261,5,86,snapshot,4096,280,1.000000,1.000000,1.000000,{"1":280},1.000000,0.000000,0.000000,0.000000,1.000000,0.000000,-1.000000
0.023396261,5,86,snapshot,16384,77,0.857143,0.953463,0.857143,{"1":280},0.857143,0.142857,0.000000,0.000000,0.857143,0.000000,0.000000
0.023629344,5,87,snapshot,64,280,1.000000,1.000000,1.000000,{"1":280},1.000000,0.000000,0.000000,0.000000,1.000000,0.000000,-1.000000
0.023629344,5,87,snapshot,256,280,1.000000,1.000000,1.000000,{"1":280},1.000000,0.000000,0.000000,0.000000,1.000000,0.000000,-1.000000
0.023629344,5,87,snapshot,1024,280,1.000000,1.000000,1.000000,{"1":280},1.000000,0.000000,0.000000,0.000000,1.000000,0.000000,-1.000000
0.023629344,5,87,snapshot,4096,280,1.000000,1.000000,1.000000,{"1":280},1.000000,0.000000,0.000000,0.000000,1.000000,0.000000,-1.000000
0.023629344,5,87,snapshot,16384,77,0.857143,0.953463,0.857143,{"1":280},0.857143,0.142857,0.000000,0.000000,0.857143,0.000000,0.000000
0.023863143,5,88,read_only,64,7,1.000000,1.000000,1.000000,{"1":7},1.000000,0.000000,0.000000,0.000000,1.000000,0.000000,-1.000000
0.023863143,5,88,union,64,7,1.000000,1.000000,1.000000,{"1":7},1.000000,0.000000,0.000000,0.000000,1.000000,0.000000,-1.000000
0.023863143,5,88,snapshot,64,287,1.000000,1.000000,1.000000,{"1":287},1.000000,0.000000,0.000000,0.000000,1.000000,0.000000,-1.000000
0.023863143,5,88,read_only,256,7,1.000000,1.000000,1.000000,{"1":7},1.000000,0.000000,0.000000,0.000000,1.000000,0.000000,-1.000000
0.023863143,5,88,union,256,7,1.000000,1.000000,1.000000,{"1":7},1.000000,0.000000,0.000000,0.000000,1.000000,0.000000,-1.000000
0.023863143,5,88,snapshot,256,287,1.000000,1.000000,1.000000,{"1":287},1.000000,0.000000,0.000000,0.000000,1.000000,0.000000,-1.000000
0.023863143,5,88,read_only,1024,7,1.000000,1.000000,1.000000,{"1":7},1.000000,0.000000,0.000000,0.000000,1.000000,0.000000,-1.000000
0.023863143,5,88,union,1024,7,1.000000,1.000000,1.000000,{"1":7},1.000000,0.000000,0.000000,0.000000,1.000000,0.000000,-1.000000
0.023863143,5,88,snapshot,1024,287,1.000000,1.000000,1.000000,{"1":287},1.000000,0.000000,0.000000,0.000000,1.000000,0.000000,-1.000000
0.023863143,5,88,read_only,4096,7,1.000000,1.000000,1.000000,{"1":7},1.000000,0.000000,0.000000,0.000000,1.000000,0.000000,-1.000000
0.023863143,5,88,union,4096,7,1.000000,1.000000,1.000000,{"1":7},1.000000,0.000000,0.000000,0.000000,1.000000,0.000000,-1.000000
0.023863143,5,88,snapshot,4096,287,1.000000,1.000000,1.000000,{"1":287},1.000000,0.000000,0.000000,0.000000,1.000000,0.000000,-1.000000
0.023863143,5,88,read_only,16384,4,0.750000,0.875000,0.750000,{"1":7},0.750000,0.250000,0.000000,0.000000,0.750000,0.000000,0.000000
0.023863143,5,88,union,16384,4,0.750000,0.875000,0.750000,{"1":7},0.750000,0.250000,0.000000,0.000000,0.750000,0.000000,0.000000
0.023863143,5,88,snapshot,16384,81,0.851852,0.949588,0.851852,{"1":287},0.851852,0.148148,0.000000,0.000000,0.851852,0.000000,0.000000
0.024098410,5,89,read_only,64,5,1.000000,1.000000,1.000000,{"1":5},1.000000,0.000000,0.000000,0.000000,1.000000,0.000000,-1.000000
0.024098410,5,89,union,64,5,1.000000,1.000000,1.000000,{"1":5},1.000000,0.000000,0.000000,0.000000,1.000000,0.000000,-1.000000
0.024098410,5,89,snapshot,64,292,1.000000,1.000000,1.000000,{"1":292},1.000000,0.000000,0.000000,0.000000,1.000000,0.000000,-1.000000
0.024098410,5,89,read_only,256,5,1.000000,1.000000,1.000000,{"1":5},1.000000,0.000000,0.000000,0.000000,1.000000,0.000000,-1.000000
0.024098410,5,89,union,256,5,1.000000,1.000000,1.000000,{"1":5},1.000000,0.000000,0.000000,0.000000,1.000000,0.000000,-1.000000
0.024098410,5,89,snapshot,256,292,1.000000,1.000000,1.000000,{"1":292},1.000000,0.000000,0.000000,0.000000,1.000000,0.000000,-1.000000
0.024098410,5,89,read_only,1024,5,1.000000,1.000000,1.000000,{"1":5},1.000000,0.000000,0.000000,0.000000,1.000000,0.000000,-1.000000
0.024098410,5,89,union,1024,5,1.000000,1.000000,1.000000,{"1":5},1.000000,0.000000,0.000000,0.000000,1.000000,0.000000,-1.000000
0.024098410,5,89,snapshot,1024,292,1.000000,1.000000,1.000000,{"1":292},1.000000,0.000000,0.000000,0.000000,1.000000,0.000000,-1.000000
0.024098410,5,89,read_only,4096,5,1.000000,1.000000,1.000000,{"1":5},1.000000,0.000000,0.000000,0.000000,1.000000,0.000000,-1.000000
0.024098410,5,89,union,4096,5,1.000000,1.000000,1.000000,{"1":5},1.000000,0.000000,0.000000,0.000000,1.000000,0.000000,-1.000000
0.024098410,5,89,snapshot,4096,292,1.000000,1.000000,1.000000,{"1":292},1.000000,0.000000,0.000000,0.000000,1.000000,0.000000,-1.000000
0.024098410,5,89,read_only,16384,4,1.000000,1.000000,1.000000,{"1":5},1.000000,0.000000,0.000000,0.000000,1.000000,0.000000,-1.000000
0.024098410,5,89,union,16384,4,1.000000,1.000000,1.000000,{"1":5},1.000000,0.000000,0.000000,0.000000,1.000000,0.000000,-1.000000
0.024098410,5,89,snapshot,16384,82,0.829268,0.944106,0.829268,{"1":292},0.829268,0.170732,0.000000,0.000000,0.829268,0.000000,0.000000
0.024331751,5,90,snapshot,64,292,1.000000,1.000000,1.000000,{"1":292},1.000000,0.000000,0.000000,0.000000,1.000000,0.000000,-1.000000
0.024331751,5,90,snapshot,256,292,1.000000,1.000000,1.000000,{"1":292},1.000000,0.000000,0.000000,0.000000,1.000000,0.000000,-1.000000
0.024331751,5,90,snapshot,1024,292,1.000000,1.000000,1.000000,{"1":292},1.000000,0.000000,0.000000,0.000000,1.000000,0.000000,-1.000000
0.024331751,5,90,snapshot,4096,292,1.000000,1.000000,1.000000,{"1":292},1.000000,0.000000,0.000000,0.000000,1.000000,0.000000,-1.000000
0.024331751,5,90,snapshot,16384,82,0.829268,0.944106,0.829268,{"1":292},0.829268,0.170732,0.000000,0.000000,0.829268,0.000000,0.000000
0.024564058,5,91,snapshot,64,292,1.000000,1.000000,1.000000,{"1":292},1.000000,0.000000,0.000000,0.000000,1.000000,0.000000,-1.000000
0.024564058,5,91,snapshot,256,292,1.000000,1.000000,1.000000,{"1":292},1.000000,0.000000,0.000000,0.000000,1.000000,0.000000,-1.000000
0.024564058,5,91,snapshot,1024,292,1.000000,1.000000,1.000000,{"1":292},1.000000,0.000000,0.000000,0.000000,1.000000,0.000000,-1.000000
0.024564058,5,91,snapshot,4096,292,1.000000,1.000000,1.000000,{"1":292},1.000000,0.000000,0.000000,0.000000,1.000000,0.000000,-1.000000
0.024564058,5,91,snapshot,16384,82,0.829268,0.944106,0.829268,{"1":292},0.829268,0.170732,0.000000,0.000000,0.829268,0.000000,0.000000
0.024797881,5,92,snapshot,64,292,1.000000,1.000000,1.000000,{"1":292},1.000000,0.000000,0.000000,0.000000,1.000000,0.000000,-1.000000
0.024797881,5,92,snapshot,256,292,1.000000,1.000000,1.000000,{"1":292},1.000000,0.000000,0.000000,0.000000,1.000000,0.000000,-1.000000
0.024797881,5,92,snapshot,1024,292,1.000000,1.000000,1.000000,{"1":292},1.000000,0.000000,0.000000,0.000000,1.000000,0.000000,-1.000000
0.024797881,5,92,snapshot,4096,292,1.000000,1.000000,1.000000,{"1":292},1.000000,0.000000,0.000000,0.000000,1.000000,0.000000,-1.000000
0.024797881,5,92,snapshot,16384,82,0.829268,0.944106,0.829268,{"1":292},0.829268,0.170732,0.000000,0.000000,0.829268,0.000000,0.000000
0.025055540,5,93,read_only,64,1,1.000000,1.000000,1.000000,{"1":1},1.000000,0.000000,0.000000,0.000000,1.000000,0.000000,-1.000000
0.025055540,5,93,union,64,1,1.000000,1.000000,1.000000,{"1":1},1.000000,0.000000,0.000000,0.000000,1.000000,0.000000,-1.000000
0.025055540,5,93,snapshot,64,293,1.000000,1.000000,1.000000,{"1":293},1.000000,0.000000,0.000000,0.000000,1.000000,0.000000,-1.000000
0.025055540,5,93,read_only,256,1,1.000000,1.000000,1.000000,{"1":1},1.000000,0.000000,0.000000,0.000000,1.000000,0.000000,-1.000000
0.025055540,5,93,union,256,1,1.000000,1.000000,1.000000,{"1":1},1.000000,0.000000,0.000000,0.000000,1.000000,0.000000,-1.000000
0.025055540,5,93,snapshot,256,293,1.000000,1.000000,1.000000,{"1":293},1.000000,0.000000,0.000000,0.000000,1.000000,0.000000,-1.000000
0.025055540,5,93,read_only,1024,1,1.000000,1.000000,1.000000,{"1":1},1.000000,0.000000,0.000000,0.000000,1.000000,0.000000,-1.000000
0.025055540,5,93,union,1024,1,1.000000,1.000000,1.000000,{"1":1},1.000000,0.000000,0.000000,0.000000,1.000000,0.000000,-1.000000
0.025055540,5,93,snapshot,1024,293,1.000000,1.000000,1.000000,{"1":293},1.000000,0.000000,0.000000,0.000000,1.000000,0.000000,-1.000000
0.025055540,5,93,read_only,4096,1,1.000000,1.000000,1.000000,{"1":1},1.000000,0.000000,0.000000,0.000000,1.000000,0.000000,-1.000000
0.025055540,5,93,union,4096,1,1.000000,1.000000,1.000000,{"1":1},1.000000,0.000000,0.000000,0.000000,1.000000,0.000000,-1.000000
0.025055540,5,93,snapshot,4096,293,1.000000,1.000000,1.000000,{"1":293},1.000000,0.000000,0.000000,0.000000,1.000000,0.000000,-1.000000
0.025055540,5,93,read_only,16384,1,1.000000,1.000000,1.000000,{"1":1},1.000000,0.000000,0.000000,0.000000,1.000000,0.000000,-1.000000
0.025055540,5,93,union,16384,1,1.000000,1.000000,1.000000,{"1":1},1.000000,0.000000,0.000000,0.000000,1.000000,0.000000,-1.000000
0.025055540,5,93,snapshot,16384,83,0.831325,0.944779,0.831325,{"1":293},0.831325,0.168675,0.000000,0.000000,0.831325,0.000000,0.000000
0.025291713,5,94,read_only,64,16,1.000000,1.000000,1.000000,{"1":16},1.000000,0.000000,0.000000,0.000000,1.000000,0.000000,-1.000000
0.025291713,5,94,union,64,16,1.000000,1.000000,1.000000,{"1":16},1.000000,0.000000,0.000000,0.000000,1.000000,0.000000,-1.000000
0.025291713,5,94,snapshot,64,309,1.000000,1.000000,1.000000,{"1":309},1.000000,0.000000,0.000000,0.000000,1.000000,0.000000,-1.000000
0.025291713,5,94,read_only,256,16,1.000000,1.000000,1.000000,{"1":16},1.000000,0.000000,0.000000,0.000000,1.000000,0.000000,-1.000000
0.025291713,5,94,union,256,16,1.000000,1.000000,1.000000,{"1":16},1.000000,0.000000,0.000000,0.000000,1.000000,0.000000,-1.000000
0.025291713,5,94,snapshot,256,309,1.000000,1.000000,1.000000,{"1":309},1.000000,0.000000,0.000000,0.000000,1.000000,0.000000,-1.000000
0.025291713,5,94,read_only,1024,16,1.000000,1.000000,1.000000,{"1":16},1.000000,0.000000,0.000000,0.000000,1.000000,0.000000,-1.000000
0.025291713,5,94,union,1024,16,1.000000,1.000000,1.000000,{"1":16},1.000000,0.000000,0.000000,0.000000,1.000000,0.000000,-1.000000
0.025291713,5,94,snapshot,1024,309,1.000000,1.000000,1.000000,{"1":309},1.000000,0.000000,0.000000,0.000000,1.000000,0.000000,-1.000000
0.025291713,5,94,read_only,4096,16,1.000000,1.000000,1.000000,{"1":16},1.000000,0.000000,0.000000,0.000000,1.000000,0.000000,-1.000000
0.025291713,5,94,union,4096,16,1.000000,1.000000,1.000000,{"1":16},1.000000,0.000000,0.000000,0.000000,1.000000,0.000000,-1.000000
0.025291713,5,94,snapshot,4096,309,1.000000,1.000000,1.000000,{"1":309},1.000000,0.000000,0.000000,0.000000,1.000000,0.000000,-1.000000
0.025291713,5,94,read_only,16384,6,1.000000,1.000000,1.000000,{"1":16},1.000000,0.000000,0.000000,0.000000,1.000000,0.000000,-1.000000
0.025291713,5,94,union,16384,6,1.000000,1.000000,1.000000,{"1":16},1.000000,0.000000,0.000000,0.000000,1.000000,0.000000,-1.000000
0.025291713,5,94,snapshot,16384,88,0.829545,0.942235,0.829545,{"1":309},0.829545,0.170455,0.000000,0.000000,0.829545,0.000000,0.000000
0.025549245,5,95,read_only,64,4,1.000000,1.000000,1.000000,{"1":4},1.000000,0.000000,0.000000,0.000000,1.000000,0.000000,-1.000000
0.025549245,5,95,union,64,4,1.000000,1.000000,1.000000,{"1":4},1.000000,0.000000,0.000000,0.000000,1.000000,0.000000,-1.000000
0.025549245,5,95,snapshot,64,313,1.000000,1.000000,1.000000,{"1":313},1.000000,0.000000,0.000000,0.000000,1.000000,0.000000,-1.000000
0.025549245,5,95,read_only,256,4,1.000000,1.000000,1.000000,{"1":4},1.000000,0.000000,0.000000,0.000000,1.000000,0.000000,-1.000000
0.025549245,5,95,union,256,4,1.000000,1.000000,1.000000,{"1":4},1.000000,0.000000,0.000000,0.000000,1.000000,0.000000,-1.000000
0.025549245,5,95,snapshot,256,313,1.000000,1.000000,1.000000,{"1":313},1.000000,0.000000,0.000000,0.000000,1.000000,0.000000,-1.000000
0.025549245,5,95,read_only,1024,4,1.000000,1.000000,1.000000,{"1":4},1.000000,0.000000,0.000000,0.000000,1.000000,0.000000,-1.000000
0.025549245,5,95,union,1024,4,1.000000,1.000000,1.000000,{"1":4},1.000000,0.000000,0.000000,0.000000,1.000000,0.000000,-1.000000
0.025549245,5,95,snapshot,1024,313,1.000000,1.000000,1.000000,{"1":313},1.000000,0.000000,0.000000,0.000000,1.000000,0.000000,-1.000000
0.025549245,5,95,read_only,4096,4,1.000000,1.000000,1.000000,{"1":4},1.000000,0.000000,0.000000,0.000000,1.000000,0.000000,-1.000000
0.025549245,5,95,union,4096,4,1.000000,1.000000,1.000000,{"1":4},1.000000,0.000000,0.000000,0.000000,1.000000,0.000000,-1.000000
0.025549245,5,95,snapshot,4096,313,1.000000,1.000000,1.000000,{"1":313},1.000000,0.000000,0.000000,0.000000,1.000000,0.000000,-1.000000
0.025549245,5,95,read_only,16384,2,0.500000,0.833333,0.500000,{"1":4},0.500000,0.500000,0.000000,0.000000,0.500000,0.000000,0.000000
0.025549245,5,95,union,16384,2,0.500000,0.833333,0.500000,{"1":4},0.500000,0.500000,0.000000,0.000000,0.500000,0.000000,0.000000
0.025549245,5,95,snapshot,16384,90,0.822222,0.939815,0.822222,{"1":313},0.822222,0.177778,0.000000,0.000000,0.822222,0.000000,0.000000
0.025778892,5,96,snapshot,64,313,1.000000,1.000000,1.000000,{"1":313},1.000000,0.000000,0.000000,0.000000,1.000000,0.000000,-1.000000
0.025778892,5,96,snapshot,256,313,1.000000,1.000000,1.000000,{"1":313},1.000000,0.000000,0.000000,0.000000,1.000000,0.000000,-1.000000
0.025778892,5,96,snapshot,1024,313,1.000000,1.000000,1.000000,{"1":313},1.000000,0.000000,0.000000,0.000000,1.000000,0.000000,-1.000000
0.025778892,5,96,snapshot,4096,313,1.000000,1.000000,1.000000,{"1":313},1.000000,0.000000,0.000000,0.000000,1.000000,0.000000,-1.000000
0.025778892,5,96,snapshot,16384,90,0.822222,0.939815,0.822222,{"1":313},0.822222,0.177778,0.000000,0.000000,0.822222,0.000000,0.000000
0.026012234,5,97,snapshot,64,313,1.000000,1.000000,1.000000,{"1":313},1.000000,0.000000,0.000000,0.000000,1.000000,0.000000,-1.000000
0.026012234,5,97,snapshot,256,313,1.000000,1.000000,1.000000,{"1":313},1.000000,0.000000,0.000000,0.000000,1.000000,0.000000,-1.000000
0.026012234,5,97,snapshot,1024,313,1.000000,1.000000,1.000000,{"1":313},1.000000,0.000000,0.000000,0.000000,1.000000,0.000000,-1.000000
0.026012234,5,97,snapshot,4096,313,1.000000,1.000000,1.000000,{"1":313},1.000000,0.000000,0.000000,0.000000,1.000000,0.000000,-1.000000
0.026012234,5,97,snapshot,16384,90,0.822222,0.939815,0.822222,{"1":313},0.822222,0.177778,0.000000,0.000000,0.822222,0.000000,0.000000
0.026244615,5,98,snapshot,64,313,1.000000,1.000000,1.000000,{"1":313},1.000000,0.000000,0.000000,0.000000,1.000000,0.000000,-1.000000
0.026244615,5,98,snapshot,256,313,1.000000,1.000000,1.000000,{"1":313},1.000000,0.000000,0.000000,0.000000,1.000000,0.000000,-1.000000
0.026244615,5,98,snapshot,1024,313,1.000000,1.000000,1.000000,{"1":313},1.000000,0.000000,0.000000,0.000000,1.000000,0.000000,-1.000000
0.026244615,5,98,snapshot,4096,313,1.000000,1.000000,1.000000,{"1":313},1.000000,0.000000,0.000000,0.000000,1.000000,0.000000,-1.000000
0.026244615,5,98,snapshot,16384,90,0.822222,0.939815,0.822222,{"1":313},0.822222,0.177778,0.000000,0.000000,0.822222,0.000000,0.000000
0.026802511,5,99,read_only,64,6,1.000000,1.000000,1.000000,{"1":6},1.000000,0.000000,0.000000,0.000000,1.000000,0.000000,-1.000000
0.026802511,5,99,union,64,6,1.000000,1.000000,1.000000,{"1":6},1.000000,0.000000,0.000000,0.000000,1.000000,0.000000,-1.000000
0.026802511,5,99,snapshot,64,319,1.000000,1.000000,1.000000,{"1":319},1.000000,0.000000,0.000000,0.000000,1.000000,0.000000,-1.000000
0.026802511,5,99,read_only,256,6,1.000000,1.000000,1.000000,{"1":6},1.000000,0.000000,0.000000,0.000000,1.000000,0.000000,-1.000000
0.026802511,5,99,union,256,6,1.000000,1.000000,1.000000,{"1":6},1.000000,0.000000,0.000000,0.000000,1.000000,0.000000,-1.000000
0.026802511,5,99,snapshot,256,319,1.000000,1.000000,1.000000,{"1":319},1.000000,0.000000,0.000000,0.000000,1.000000,0.000000,-1.000000
0.026802511,5,99,read_only,1024,6,1.000000,1.000000,1.000000,{"1":6},1.000000,0.000000,0.000000,0.000000,1.000000,0.000000,-1.000000
0.026802511,5,99,union,1024,6,1.000000,1.000000,1.000000,{"1":6},1.000000,0.000000,0.000000,0.000000,1.000000,0.000000,-1.000000
0.026802511,5,99,snapshot,1024,319,1.000000,1.000000,1.000000,{"1":319},1.000000,0.000000,0.000000,0.000000,1.000000,0.000000,-1.000000
0.026802511,5,99,read_only,4096,6,1.000000,1.000000,1.000000,{"1":6},1.000000,0.000000,0.000000,0.000000,1.000000,0.000000,-1.000000
0.026802511,5,99,union,4096,6,1.000000,1.000000,1.000000,{"1":6},1.000000,0.000000,0.000000,0.000000,1.000000,0.000000,-1.000000
0.026802511,5,99,snapshot,4096,319,1.000000,1.000000,1.000000,{"1":319},1.000000,0.000000,0.000000,0.000000,1.000000,0.000000,-1.000000
0.026802511,5,99,read_only,16384,3,1.000000,1.000000,1.000000,{"1":6},1.000000,0.000000,0.000000,0.000000,1.000000,0.000000,-1.000000
0.026802511,5,99,union,16384,3,1.000000,1.000000,1.000000,{"1":6},1.000000,0.000000,0.000000,0.000000,1.000000,0.000000,-1.000000
0.026802511,5,99,snapshot,16384,92,0.826087,0.939312,0.826087,{"1":319},0.826087,0.173913,0.000000,0.000000,0.826087,0.000000,0.000000
0.027037191,5,100,read_only,64,1,1.000000,1.000000,1.000000,{"1":1},1.000000,0.000000,0.000000,0.000000,1.000000,0.000000,-1.000000
0.027037191,5,100,union,64,1,1.000000,1.000000,1.000000,{"1":1},1.000000,0.000000,0.000000,0.000000,1.000000,0.000000,-1.000000
0.027037191,5,100,snapshot,64,320,1.000000,1.000000,1.000000,{"1":320},1.000000,0.000000,0.000000,0.000000,1.000000,0.000000,-1.000000
0.027037191,5,100,read_only,256,1,1.000000,1.000000,1.000000,{"1":1},1.000000,0.000000,0.000000,0.000000,1.000000,0.000000,-1.000000
0.027037191,5,100,union,256,1,1.000000,1.000000,1.000000,{"1":1},1.000000,0.000000,0.000000,0.000000,1.000000,0.000000,-1.000000
0.027037191,5,100,snapshot,256,320,1.000000,1.000000,1.000000,{"1":320},1.000000,0.000000,0.000000,0.000000,1.000000,0.000000,-1.000000
0.027037191,5,100,read_only,1024,1,1.000000,1.000000,1.000000,{"1":1},1.000000,0.000000,0.000000,0.000000,1.000000,0.000000,-1.000000
0.027037191,5,100,union,1024,1,1.000000,1.000000,1.000000,{"1":1},1.000000,0.000000,0.000000,0.000000,1.000000,0.000000,-1.000000
0.027037191,5,100,snapshot,1024,320,1.000000,1.000000,1.000000,{"1":320},1.000000,0.000000,0.000000,0.000000,1.000000,0.000000,-1.000000
0.027037191,5,100,read_only,4096,1,1.000000,1.000000,1.000000,{"1":1},1.000000,0.000000,0.000000,0.000000,1.000000,0.000000,-1.000000
0.027037191,5,100,union,4096,1,1.000000,1.000000,1.000000,{"1":1},1.000000,0.000000,0.000000,0.000000,1.000000,0.000000,-1.000000
0.027037191,5,100,snapshot,4096,320,1.000000,1.000000,1.000000,{"1":320},1.000000,0.000000,0.000000,0.000000,1.000000,0.000000,-1.000000
0.027037191,5,100,read_only,16384,1,1.000000,1.000000,1.000000,{"1":1},1.000000,0.000000,0.000000,0.000000,1.000000,0.000000,-1.000000
0.027037191,5,100,union,16384,1,1.000000,1.000000,1.000000,{"1":1},1.000000,0.000000,0.000000,0.000000,1.000000,0.000000,-1.000000
0.027037191,5,100,snapshot,16384,93,0.827957,0.939964,0.827957,{"1":320},0.827957,0.172043,0.000000,0.000000,0.827957,0.000000,0.000000
0.027269549,5,101,snapshot,64,320,1.000000,1.000000,1.000000,{"1":320},1.000000,0.000000,0.000000,0.000000,1.000000,0.000000,-1.000000
0.027269549,5,101,snapshot,256,320,1.000000,1.000000,1.000000,{"1":320},1.000000,0.000000,0.000000,0.000000,1.000000,0.000000,-1.000000
0.027269549,5,101,snapshot,1024,320,1.000000,1.000000,1.000000,{"1":320},1.000000,0.000000,0.000000,0.000000,1.000000,0.000000,-1.000000
0.027269549,5,101,snapshot,4096,320,1.000000,1.000000,1.000000,{"1":320},1.000000,0.000000,0.000000,0.000000,1.000000,0.000000,-1.000000
0.027269549,5,101,snapshot,16384,93,0.827957,0.939964,0.827957,{"1":320},0.827957,0.172043,0.000000,0.000000,0.827957,0.000000,0.000000
0.027501856,5,102,snapshot,64,320,1.000000,1.000000,1.000000,{"1":320},1.000000,0.000000,0.000000,0.000000,1.000000,0.000000,-1.000000
0.027501856,5,102,snapshot,256,320,1.000000,1.000000,1.000000,{"1":320},1.000000,0.000000,0.000000,0.000000,1.000000,0.000000,-1.000000
0.027501856,5,102,snapshot,1024,320,1.000000,1.000000,1.000000,{"1":320},1.000000,0.000000,0.000000,0.000000,1.000000,0.000000,-1.000000
0.027501856,5,102,snapshot,4096,320,1.000000,1.000000,1.000000,{"1":320},1.000000,0.000000,0.000000,0.000000,1.000000,0.000000,-1.000000
0.027501856,5,102,snapshot,16384,93,0.827957,0.939964,0.827957,{"1":320},0.827957,0.172043,0.000000,0.000000,0.827957,0.000000,0.000000
0.027738898,5,103,snapshot,64,320,1.000000,1.000000,1.000000,{"1":320},1.000000,0.000000,0.000000,0.000000,1.000000,0.000000,-1.000000
0.027738898,5,103,snapshot,256,320,1.000000,1.000000,1.000000,{"1":320},1.000000,0.000000,0.000000,0.000000,1.000000,0.000000,-1.000000
0.027738898,5,103,snapshot,1024,320,1.000000,1.000000,1.000000,{"1":320},1.000000,0.000000,0.000000,0.000000,1.000000,0.000000,-1.000000
0.027738898,5,103,snapshot,4096,320,1.000000,1.000000,1.000000,{"1":320},1.000000,0.000000,0.000000,0.000000,1.000000,0.000000,-1.000000
0.027738898,5,103,snapshot,16384,93,0.827957,0.939964,0.827957,{"1":320},0.827957,0.172043,0.000000,0.000000,0.827957,0.000000,0.000000
0.027969477,5,104,read_only,64,11,1.000000,1.000000,1.000000,{"1":11},1.000000,0.000000,0.000000,0.000000,1.000000,0.000000,-1.000000
0.027969477,5,104,union,64,11,1.000000,1.000000,1.000000,{"1":11},1.000000,0.000000,0.000000,0.000000,1.000000,0.000000,-1.000000
0.027969477,5,104,snapshot,64,331,1.000000,1.000000,1.000000,{"1":331},1.000000,0.000000,0.000000,0.000000,1.000000,0.000000,-1.000000
0.027969477,5,104,read_only,256,11,1.000000,1.000000,1.000000,{"1":11},1.000000,0.000000,0.000000,0.000000,1.000000,0.000000,-1.000000
0.027969477,5,104,union,256,11,1.000000,1.000000,1.000000,{"1":11},1.000000,0.000000,0.000000,0.000000,1.000000,0.000000,-1.000000
0.027969477,5,104,snapshot,256,331,1.000000,1.000000,1.000000,{"1":331},1.000000,0.000000,0.000000,0.000000,1.000000,0.000000,-1.000000
0.027969477,5,104,read_only,1024,11,1.000000,1.000000,1.000000,{"1":11},1.000000,0.000000,0.000000,0.000000,1.000000,0.000000,-1.000000
0.027969477,5,104,union,1024,11,1.000000,1.000000,1.000000,{"1":11},1.000000,0.000000,0.000000,0.000000,1.000000,0.000000,-1.000000
0.027969477,5,104,snapshot,1024,331,1.000000,1.000000,1.000000,{"1":331},1.000000,0.000000,0.000000,0.000000,1.000000,0.000000,-1.000000
0.027969477,5,104,read_only,4096,11,1.000000,1.000000,1.000000,{"1":11},1.000000,0.000000,0.000000,0.000000,1.000000,0.000000,-1.000000
0.027969477,5,104,union,4096,11,1.000000,1.000000,1.000000,{"1":11},1.000000,0.000000,0.000000,0.000000,1.000000,0.000000,-1.000000
0.027969477,5,104,snapshot,4096,331,1.000000,1.000000,1.000000,{"1":331},1.000000,0.000000,0.000000,0.000000,1.000000,0.000000,-1.000000
0.027969477,5,104,read_only,16384,3,0.666667,0.916667,0.666667,{"1":11},0.666667,0.333333,0.000000,0.000000,0.666667,0.000000,0.000000
0.027969477,5,104,union,16384,3,0.666667,0.916667,0.666667,{"1":11},0.666667,0.333333,0.000000,0.000000,0.666667,0.000000,0.000000
0.027969477,5,104,snapshot,16384,96,0.822917,0.939236,0.822917,{"1":331},0.822917,0.177083,0.000000,0.000000,0.822917,0.000000,0.000000
0.028205193,5,105,snapshot,64,331,1.000000,1.000000,1.000000,{"1":331},1.000000,0.000000,0.000000,0.000000,1.000000,0.000000,-1.000000
0.028205193,5,105,snapshot,256,331,1.000000,1.000000,1.000000,{"1":331},1.000000,0.000000,0.000000,0.000000,1.000000,0.000000,-1.000000
0.028205193,5,105,snapshot,1024,331,1.000000,1.000000,1.000000,{"1":331},1.000000,0.000000,0.000000,0.000000,1.000000,0.000000,-1.000000
0.028205193,5,105,snapshot,4096,331,1.000000,1.000000,1.000000,{"1":331},1.000000,0.000000,0.000000,0.000000,1.000000,0.000000,-1.000000
0.028205193,5,105,snapshot,16384,96,0.822917,0.939236,0.822917,{"1":331},0.822917,0.177083,0.000000,0.000000,0.822917,0.000000,0.000000
0.028437551,5,106,snapshot,64,331,1.000000,1.000000,1.000000,{"1":331},1.000000,0.000000,0.000000,0.000000,1.000000,0.000000,-1.000000
0.028437551,5,106,snapshot,256,331,1.000000,1.000000,1.000000,{"1":331},1.000000,0.000000,0.000000,0.000000,1.000000,0.000000,-1.000000
0.028437551,5,106,snapshot,1024,331,1.000000,1.000000,1.000000,{"1":331},1.000000,0.000000,0.000000,0.000000,1.000000,0.000000,-1.000000
0.028437551,5,106,snapshot,4096,331,1.000000,1.000000,1.000000,{"1":331},1.000000,0.000000,0.000000,0.000000,1.000000,0.000000,-1.000000
0.028437551,5,106,snapshot,16384,96,0.822917,0.939236,0.822917,{"1":331},0.822917,0.177083,0.000000,0.000000,0.822917,0.000000,0.000000
0.028893356,5,107,read_only,64,6,1.000000,1.000000,1.000000,{"1":6},1.000000,0.000000,0.000000,0.000000,1.000000,0.000000,-1.000000
0.028893356,5,107,union,64,6,1.000000,1.000000,1.000000,{"1":6},1.000000,0.000000,0.000000,0.000000,1.000000,0.000000,-1.000000
0.028893356,5,107,snapshot,64,337,1.000000,1.000000,1.000000,{"1":337},1.000000,0.000000,0.000000,0.000000,1.000000,0.000000,-1.000000
0.028893356,5,107,read_only,256,6,1.000000,1.000000,1.000000,{"1":6},1.000000,0.000000,0.000000,0.000000,1.000000,0.000000,-1.000000
0.028893356,5,107,union,256,6,1.000000,1.000000,1.000000,{"1":6},1.000000,0.000000,0.000000,0.000000,1.000000,0.000000,-1.000000
0.028893356,5,107,snapshot,256,337,1.000000,1.000000,1.000000,{"1":337},1.000000,0.000000,0.000000,0.000000,1.000000,0.000000,-1.000000
0.028893356,5,107,read_only,1024,6,1.000000,1.000000,1.000000,{"1":6},1.000000,0.000000,0.000000,0.000000,1.000000,0.000000,-1.000000
0.028893356,5,107,union,1024,6,1.000000,1.000000,1.000000,{"1":6},1.000000,0.000000,0.000000,0.000000,1.000000,0.000000,-1.000000
0.028893356,5,107,snapshot,1024,337,1.000000,1.000000,1.000000,{"1":337},1.000000,0.000000,0.000000,0.000000,1.000000,0.000000,-1.000000
0.028893356,5,107,read_only,4096,6,1.000000,1.000000,1.000000,{"1":6},1.000000,0.000000,0.000000,0.000000,1.000000,0.000000,-1.000000
0.028893356,5,107,union,4096,6,1.000000,1.000000,1.000000,{"1":6},1.000000,0.000000,0.000000,0.000000,1.000000,0.000000,-1.000000
0.028893356,5,107,snapshot,4096,337,1.000000,1.000000,1.000000,{"1":337},1.000000,0.000000,0.000000,0.000000,1.000000,0.000000,-1.000000
0.028893356,5,107,read_only,16384,3,1.000000,1.000000,1.000000,{"1":6},1.000000,0.000000,0.000000,0.000000,1.000000,0.000000,-1.000000
0.028893356,5,107,union,16384,3,1.000000,1.000000,1.000000,{"1":6},1.000000,0.000000,0.000000,0.000000,1.000000,0.000000,-1.000000
0.028893356,5,107,snapshot,16384,98,0.816327,0.937925,0.816327,{"1":337},0.816327,0.183673,0.000000,0.000000,0.816327,0.000000,0.000000
0.029125663,5,108,snapshot,64,337,1.000000,1.000000,1.000000,{"1":337},1.000000,0.000000,0.000000,0.000000,1.000000,0.000000,-1.000000
0.029125663,5,108,snapshot,256,337,1.000000,1.000000,1.000000,{"1":337},1.000000,0.000000,0.000000,0.000000,1.000000,0.000000,-1.000000
0.029125663,5,108,snapshot,1024,337,1.000000,1.000000,1.000000,{"1":337},1.000000,0.000000,0.000000,0.000000,1.000000,0.000000,-1.000000
0.029125663,5,108,snapshot,4096,337,1.000000,1.000000,1.000000,{"1":337},1.000000,0.000000,0.000000,0.000000,1.000000,0.000000,-1.000000
0.029125663,5,108,snapshot,16384,98,0.816327,0.937925,0.816327,{"1":337},0.816327,0.183673,0.000000,0.000000,0.816327,0.000000,0.000000
0.029358634,5,109,read_only,64,4,1.000000,1.000000,1.000000,{"1":4},1.000000,0.000000,0.000000,0.000000,1.000000,0.000000,-1.000000
0.029358634,5,109,union,64,4,1.000000,1.000000,1.000000,{"1":4},1.000000,0.000000,0.000000,0.000000,1.000000,0.000000,-1.000000
0.029358634,5,109,snapshot,64,341,1.000000,1.000000,1.000000,{"1":341},1.000000,0.000000,0.000000,0.000000,1.000000,0.000000,-1.000000
0.029358634,5,109,read_only,256,4,1.000000,1.000000,1.000000,{"1":4},1.000000,0.000000,0.000000,0.000000,1.000000,0.000000,-1.000000
0.029358634,5,109,union,256,4,1.000000,1.000000,1.000000,{"1":4},1.000000,0.000000,0.000000,0.000000,1.000000,0.000000,-1.000000
0.029358634,5,109,snapshot,256,341,1.000000,1.000000,1.000000,{"1":341},1.000000,0.000000,0.000000,0.000000,1.000000,0.000000,-1.000000
0.029358634,5,109,read_only,1024,4,1.000000,1.000000,1.000000,{"1":4},1.000000,0.000000,0.000000,0.000000,1.000000,0.000000,-1.000000
0.029358634,5,109,union,1024,4,1.000000,1.000000,1.000000,{"1":4},1.000000,0.000000,0.000000,0.000000,1.000000,0.000000,-1.000000
0.029358634,5,109,snapshot,1024,341,1.000000,1.000000,1.000000,{"1":341},1.000000,0.000000,0.000000,0.000000,1.000000,0.000000,-1.000000
0.029358634,5,109,read_only,4096,4,1.000000,1.000000,1.000000,{"1":4},1.000000,0.000000,0.000000,0.000000,1.000000,0.000000,-1.000000
0.029358634,5,109,union,4096,4,1.000000,1.000000,1.000000,{"1":4},1.000000,0.000000,0.000000,0.000000,1.000000,0.000000,-1.000000
0.029358634,5,109,snapshot,4096,341,1.000000,1.000000,1.000000,{"1":341},1.000000,0.000000,0.000000,0.000000,1.000000,0.000000,-1.000000
0.029358634,5,109,read_only,16384,2,1.000000,1.000000,1.000000,{"1":4},1.000000,0.000000,0.000000,0.000000,1.000000,0.000000,-1.000000
0.029358634,5,109,union,16384,2,1.000000,1.000000,1.000000,{"1":4},1.000000,0.000000,0.000000,0.000000,1.000000,0.000000,-1.000000
0.029358634,5,109,snapshot,16384,100,0.820000,0.939167,0.820000,{"1":341},0.820000,0.180000,0.000000,0.000000,0.820000,0.000000,0.000000
0.029593265,5,110,read_only,64,1,1.000000,1.000000,1.000000,{"1":1},1.000000,0.000000,0.000000,0.000000,1.000000,0.000000,-1.000000
0.029593265,5,110,union,64,1,1.000000,1.000000,1.000000,{"1":1},1.000000,0.000000,0.000000,0.000000,1.000000,0.000000,-1.000000
0.029593265,5,110,snapshot,64,342,1.000000,1.000000,1.000000,{"1":342},1.000000,0.000000,0.000000,0.000000,1.000000,0.000000,-1.000000
0.029593265,5,110,read_only,256,1,1.000000,1.000000,1.000000,{"1":1},1.000000,0.000000,0.000000,0.000000,1.000000,0.000000,-1.000000
0.029593265,5,110,union,256,1,1.000000,1.000000,1.000000,{"1":1},1.000000,0.000000,0.000000,0.000000,1.000000,0.000000,-1.000000
0.029593265,5,110,snapshot,256,342,1.000000,1.000000,1.000000,{"1":342},1.000000,0.000000,0.000000,0.000000,1.000000,0.000000,-1.000000
0.029593265,5,110,read_only,1024,1,1.000000,1.000000,1.000000,{"1":1},1.000000,0.000000,0.000000,0.000000,1.000000,0.000000,-1.000000
0.029593265,5,110,union,1024,1,1.000000,1.000000,1.000000,{"1":1},1.000000,0.000000,0.000000,0.000000,1.000000,0.000000,-1.000000
0.029593265,5,110,snapshot,1024,342,1.000000,1.000000,1.000000,{"1":342},1.000000,0.000000,0.000000,0.000000,1.000000,0.000000,-1.000000
0.029593265,5,110,read_only,4096,1,1.000000,1.000000,1.000000,{"1":1},1.000000,0.000000,0.000000,0.000000,1.000000,0.000000,-1.000000
0.029593265,5,110,union,4096,1,1.000000,1.000000,1.000000,{"1":1},1.000000,0.000000,0.000000,0.000000,1.000000,0.000000,-1.000000
0.029593265,5,110,snapshot,4096,342,1.000000,1.000000,1.000000,{"1":342},1.000000,0.000000,0.000000,0.000000,1.000000,0.000000,-1.000000
0.029593265,5,110,read_only,16384,1,1.000000,1.000000,1.000000,{"1":1},1.000000,0.000000,0.000000,0.000000,1.000000,0.000000,-1.000000
0.029593265,5,110,union,16384,1,1.000000,1.000000,1.000000,{"1":1},1.000000,0.000000,0.000000,0.000000,1.000000,0.000000,-1.000000
0.029593265,5,110,snapshot,16384,101,0.821782,0.939769,0.821782,{"1":342},0.821782,0.178218,0.000000,0.000000,0.821782,0.000000,0.000000
0.029825501,5,111,snapshot,64,342,1.000000,1.000000,1.000000,{"1":342},1.000000,0.000000,0.000000,0.000000,1.000000,0.000000,-1.000000
0.029825501,5,111,snapshot,256,342,1.000000,1.000000,1.000000,{"1":342},1.000000,0.000000,0.000000,0.000000,1.000000,0.000000,-1.000000
0.029825501,5,111,snapshot,1024,342,1.000000,1.000000,1.000000,{"1":342},1.000000,0.000000,0.000000,0.000000,1.000000,0.000000,-1.000000
0.029825501,5,111,snapshot,4096,342,1.000000,1.000000,1.000000,{"1":342},1.000000,0.000000,0.000000,0.000000,1.000000,0.000000,-1.000000
0.029825501,5,111,snapshot,16384,101,0.821782,0.939769,0.821782,{"1":342},0.821782,0.178218,0.000000,0.000000,0.821782,0.000000,0.000000
0.030058661,5,112,snapshot,64,342,1.000000,1.000000,1.000000,{"1":342},1.000000,0.000000,0.000000,0.000000,1.000000,0.000000,-1.000000
0.030058661,5,112,snapshot,256,342,1.000000,1.000000,1.000000,{"1":342},1.000000,0.000000,0.000000,0.000000,1.000000,0.000000,-1.000000
0.030058661,5,112,snapshot,1024,342,1.000000,1.000000,1.000000,{"1":342},1.000000,0.000000,0.000000,0.000000,1.000000,0.000000,-1.000000
0.030058661,5,112,snapshot,4096,342,1.000000,1.000000,1.000000,{"1":342},1.000000,0.000000,0.000000,0.000000,1.000000,0.000000,-1.000000
0.030058661,5,112,snapshot,16384,101,0.821782,0.939769,0.821782,{"1":342},0.821782,0.178218,0.000000,0.000000,0.821782,0.000000,0.000000
0.030292559,5,113,snapshot,64,342,1.000000,1.000000,1.000000,{"1":342},1.000000,0.000000,0.000000,0.000000,1.000000,0.000000,-1.000000
0.030292559,5,113,snapshot,256,342,1.000000,1.000000,1.000000,{"1":342},1.000000,0.000000,0.000000,0.000000,1.000000,0.000000,-1.000000
0.030292559,5,113,snapshot,1024,342,1.000000,1.000000,1.000000,{"1":342},1.000000,0.000000,0.000000,0.000000,1.000000,0.000000,-1.000000
0.030292559,5,113,snapshot,4096,342,1.000000,1.000000,1.000000,{"1":342},1.000000,0.000000,0.000000,0.000000,1.000000,0.000000,-1.000000
0.030292559,5,113,snapshot,16384,101,0.821782,0.939769,0.821782,{"1":342},0.821782,0.178218,0.000000,0.000000,0.821782,0.000000,0.000000
0.030524916,5,114,snapshot,64,342,1.000000,1.000000,1.000000,{"1":342},1.000000,0.000000,0.000000,0.000000,1.000000,0.000000,-1.000000
0.030524916,5,114,snapshot,256,342,1.000000,1.000000,1.000000,{"1":342},1.000000,0.000000,0.000000,0.000000,1.000000,0.000000,-1.000000
0.030524916,5,114,snapshot,1024,342,1.000000,1.000000,1.000000,{"1":342},1.000000,0.000000,0.000000,0.000000,1.000000,0.000000,-1.000000
0.030524916,5,114,snapshot,4096,342,1.000000,1.000000,1.000000,{"1":342},1.000000,0.000000,0.000000,0.000000,1.000000,0.000000,-1.000000
0.030524916,5,114,snapshot,16384,101,0.821782,0.939769,0.821782,{"1":342},0.821782,0.178218,0.000000,0.000000,0.821782,0.000000,0.000000
0.030836709,5,115,read_only,64,1,1.000000,1.000000,1.000000,{"1":1},1.000000,0.000000,0.000000,0.000000,1.000000,0.000000,-1.000000
0.030836709,5,115,union,64,1,1.000000,1.000000,1.000000,{"1":1},1.000000,0.000000,0.000000,0.000000,1.000000,0.000000,-1.000000
0.030836709,5,115,snapshot,64,343,1.000000,1.000000,1.000000,{"1":343},1.000000,0.000000,0.000000,0.000000,1.000000,0.000000,-1.000000
0.030836709,5,115,read_only,256,1,1.000000,1.000000,1.000000,{"1":1},1.000000,0.000000,0.000000,0.000000,1.000000,0.000000,-1.000000
0.030836709,5,115,union,256,1,1.000000,1.000000,1.000000,{"1":1},1.000000,0.000000,0.000000,0.000000,1.000000,0.000000,-1.000000
0.030836709,5,115,snapshot,256,343,1.000000,1.000000,1.000000,{"1":343},1.000000,0.000000,0.000000,0.000000,1.000000,0.000000,-1.000000
0.030836709,5,115,read_only,1024,1,1.000000,1.000000,1.000000,{"1":1},1.000000,0.000000,0.000000,0.000000,1.000000,0.000000,-1.000000
0.030836709,5,115,union,1024,1,1.000000,1.000000,1.000000,{"1":1},1.000000,0.000000,0.000000,0.000000,1.000000,0.000000,-1.000000
0.030836709,5,115,snapshot,1024,343,1.000000,1.000000,1.000000,{"1":343},1.000000,0.000000,0.000000,0.000000,1.000000,0.000000,-1.000000
0.030836709,5,115,read_only,4096,1,1.000000,1.000000,1.000000,{"1":1},1.000000,0.000000,0.000000,0.000000,1.000000,0.000000,-1.000000
0.030836709,5,115,union,4096,1,1.000000,1.000000,1.000000,{"1":1},1.000000,0.000000,0.000000,0.000000,1.000000,0.000000,-1.000000
0.030836709,5,115,snapshot,4096,343,1.000000,1.000000,1.000000,{"1":343},1.000000,0.000000,0.000000,0.000000,1.000000,0.000000,-1.000000
0.030836709,5,115,read_only,16384,1,1.000000,1.000000,1.000000,{"1":1},1.000000,0.000000,0.000000,0.000000,1.000000,0.000000,-1.000000
0.030836709,5,115,union,16384,1,1.000000,1.000000,1.000000,{"1":1},1.000000,0.000000,0.000000,0.000000,1.000000,0.000000,-1.000000
0.030836709,5,115,snapshot,16384,102,0.823529,0.940359,0.823529,{"1":343},0.823529,0.176471,0.000000,0.000000,0.823529,0.000000,0.000000
0.031068987,5,116,snapshot,64,343,1.000000,1.000000,1.000000,{"1":343},1.000000,0.000000,0.000000,0.000000,1.000000,0.000000,-1.000000
0.031068987,5,116,snapshot,256,343,1.000000,1.000000,1.000000,{"1":343},1.000000,0.000000,0.000000,0.000000,1.000000,0.000000,-1.000000
0.031068987,5,116,snapshot,1024,343,1.000000,1.000000,1.000000,{"1":343},1.000000,0.000000,0.000000,0.000000,1.000000,0.000000,-1.000000
0.031068987,5,116,snapshot,4096,343,1.000000,1.000000,1.000000,{"1":343},1.000000,0.000000,0.000000,0.000000,1.000000,0.000000,-1.000000
0.031068987,5,116,snapshot,16384,102,0.823529,0.940359,0.823529,{"1":343},0.823529,0.176471,0.000000,0.000000,0.823529,0.000000,0.000000
0.031301891,5,117,snapshot,64,343,1.000000,1.000000,1.000000,{"1":343},1.000000,0.000000,0.000000,0.000000,1.000000,0.000000,-1.000000
0.031301891,5,117,snapshot,256,343,1.000000,1.000000,1.000000,{"1":343},1.000000,0.000000,0.000000,0.000000,1.000000,0.000000,-1.000000
0.031301891,5,117,snapshot,1024,343,1.000000,1.000000,1.000000,{"1":343},1.000000,0.000000,0.000000,0.000000,1.000000,0.000000,-1.000000
0.031301891,5,117,snapshot,4096,343,1.000000,1.000000,1.000000,{"1":343},1.000000,0.000000,0.000000,0.000000,1.000000,0.000000,-1.000000
0.031301891,5,117,snapshot,16384,102,0.823529,0.940359,0.823529,{"1":343},0.823529,0.176471,0.000000,0.000000,0.823529,0.000000,0.000000
0.031535060,5,118,snapshot,64,343,1.000000,1.000000,1.000000,{"1":343},1.000000,0.000000,0.000000,0.000000,1.000000,0.000000,-1.000000
0.031535060,5,118,snapshot,256,343,1.000000,1.000000,1.000000,{"1":343},1.000000,0.000000,0.000000,0.000000,1.000000,0.000000,-1.000000
0.031535060,5,118,snapshot,1024,343,1.000000,1.000000,1.000000,{"1":343},1.000000,0.000000,0.000000,0.000000,1.000000,0.000000,-1.000000
0.031535060,5,118,snapshot,4096,343,1.000000,1.000000,1.000000,{"1":343},1.000000,0.000000,0.000000,0.000000,1.000000,0.000000,-1.000000
0.031535060,5,118,snapshot,16384,102,0.823529,0.940359,0.823529,{"1":343},0.823529,0.176471,0.000000,0.000000,0.823529,0.000000,0.000000
0.031767900,5,119,read_only,64,3,1.000000,1.000000,1.000000,{"1":3},1.000000,0.000000,0.000000,0.000000,1.000000,0.000000,-1.000000
0.031767900,5,119,union,64,3,1.000000,1.000000,1.000000,{"1":3},1.000000,0.000000,0.000000,0.000000,1.000000,0.000000,-1.000000
0.031767900,5,119,snapshot,64,346,1.000000,1.000000,1.000000,{"1":346},1.000000,0.000000,0.000000,0.000000,1.000000,0.000000,-1.000000
0.031767900,5,119,read_only,256,3,1.000000,1.000000,1.000000,{"1":3},1.000000,0.000000,0.000000,0.000000,1.000000,0.000000,-1.000000
0.031767900,5,119,union,256,3,1.000000,1.000000,1.000000,{"1":3},1.000000,0.000000,0.000000,0.000000,1.000000,0.000000,-1.000000
0.031767900,5,119,snapshot,256,346,1.000000,1.000000,1.000000,{"1":346},1.000000,0.000000,0.000000,0.000000,1.000000,0.000000,-1.000000
0.031767900,5,119,read_only,1024,3,1.000000,1.000000,1.000000,{"1":3},1.000000,0.000000,0.000000,0.000000,1.000000,0.000000,-1.000000
0.031767900,5,119,union,1024,3,1.000000,1.000000,1.000000,{"1":3},1.000000,0.000000,0.000000,0.000000,1.000000,0.000000,-1.000000
0.031767900,5,119,snapshot,1024,346,1.000000,1.000000,1.000000,{"1":346},1.000000,0.000000,0.000000,0.000000,1.000000,0.000000,-1.000000
0.031767900,5,119,read_only,4096,3,1.000000,1.000000,1.000000,{"1":3},1.000000,0.000000,0.000000,0.000000,1.000000,0.000000,-1.000000
0.031767900,5,119,union,4096,3,1.000000,1.000000,1.000000,{"1":3},1.000000,0.000000,0.000000,0.000000,1.000000,0.000000,-1.000000
0.031767900,5,119,snapshot,4096,346,1.000000,1.000000,1.000000,{"1":346},1.000000,0.000000,0.000000,0.000000,1.000000,0.000000,-1.000000
0.031767900,5,119,read_only,16384,2,1.000000,1.000000,1.000000,{"1":3},1.000000,0.000000,0.000000,0.000000,1.000000,0.000000,-1.000000
0.031767900,5,119,union,16384,2,1.000000,1.000000,1.000000,{"1":3},1.000000,0.000000,0.000000,0.000000,1.000000,0.000000,-1.000000
0.031767900,5,119,snapshot,16384,104,0.826923,0.941506,0.826923,{"1":346},0.826923,0.173077,0.000000,0.000000,0.826923,0.000000,0.000000
0.032001122,5,120,snapshot,64,346,1.000000,1.000000,1.000000,{"1":346},1.000000,0.000000,0.000000,0.000000,1.000000,0.000000,-1.000000
0.032001122,5,120,snapshot,256,346,1.000000,1.000000,1.000000,{"1":346},1.000000,0.000000,0.000000,0.000000,1.000000,0.000000,-1.000000
0.032001122,5,120,snapshot,1024,346,1.000000,1.000000,1.000000,{"1":346},1.000000,0.000000,0.000000,0.000000,1.000000,0.000000,-1.000000
0.032001122,5,120,snapshot,4096,346,1.000000,1.000000,1.000000,{"1":346},1.000000,0.000000,0.000000,0.000000,1.000000,0.000000,-1.000000
0.032001122,5,120,snapshot,16384,104,0.826923,0.941506,0.826923,{"1":346},0.826923,0.173077,0.000000,0.000000,0.826923,0.000000,0.000000
0.032233377,5,121,snapshot,64,346,1.000000,1.000000,1.000000,{"1":346},1.000000,0.000000,0.000000,0.000000,1.000000,0.000000,-1.000000
0.032233377,5,121,snapshot,256,346,1.000000,1.000000,1.000000,{"1":346},1.000000,0.000000,0.000000,0.000000,1.000000,0.000000,-1.000000
0.032233377,5,121,snapshot,1024,346,1.000000,1.000000,1.000000,{"1":346},1.000000,0.000000,0.000000,0.000000,1.000000,0.000000,-1.000000
0.032233377,5,121,snapshot,4096,346,1.000000,1.000000,1.000000,{"1":346},1.000000,0.000000,0.000000,0.000000,1.000000,0.000000,-1.000000
0.032233377,5,121,snapshot,16384,104,0.826923,0.941506,0.826923,{"1":346},0.826923,0.173077,0.000000,0.000000,0.826923,0.000000,0.000000
0.032466259,5,122,snapshot,64,346,1.000000,1.000000,1.000000,{"1":346},1.000000,0.000000,0.000000,0.000000,1.000000,0.000000,-1.000000
0.032466259,5,122,snapshot,256,346,1.000000,1.000000,1.000000,{"1":346},1.000000,0.000000,0.000000,0.000000,1.000000,0.000000,-1.000000
0.032466259,5,122,snapshot,1024,346,1.000000,1.000000,1.000000,{"1":346},1.000000,0.000000,0.000000,0.000000,1.000000,0.000000,-1.000000
0.032466259,5,122,snapshot,4096,346,1.000000,1.000000,1.000000,{"1":346},1.000000,0.000000,0.000000,0.000000,1.000000,0.000000,-1.000000
0.032466259,5,122,snapshot,16384,104,0.826923,0.941506,0.826923,{"1":346},0.826923,0.173077,0.000000,0.000000,0.826923,0.000000,0.000000
0.032721061,5,123,snapshot,64,346,1.000000,1.000000,1.000000,{"1":346},1.000000,0.000000,0.000000,0.000000,1.000000,0.000000,-1.000000
0.032721061,5,123,snapshot,256,346,1.000000,1.000000,1.000000,{"1":346},1.000000,0.000000,0.000000,0.000000,1.000000,0.000000,-1.000000
0.032721061,5,123,snapshot,1024,346,1.000000,1.000000,1.000000,{"1":346},1.000000,0.000000,0.000000,0.000000,1.000000,0.000000,-1.000000
0.032721061,5,123,snapshot,4096,346,1.000000,1.000000,1.000000,{"1":346},1.000000,0.000000,0.000000,0.000000,1.000000,0.000000,-1.000000
0.032721061,5,123,snapshot,16384,104,0.826923,0.941506,0.826923,{"1":346},0.826923,0.173077,0.000000,0.000000,0.826923,0.000000,0.000000
0.032984549,5,124,snapshot,64,346,1.000000,1.000000,1.000000,{"1":346},1.000000,0.000000,0.000000,0.000000,1.000000,0.000000,-1.000000
0.032984549,5,124,snapshot,256,346,1.000000,1.000000,1.000000,{"1":346},1.000000,0.000000,0.000000,0.000000,1.000000,0.000000,-1.000000
0.032984549,5,124,snapshot,1024,346,1.000000,1.000000,1.000000,{"1":346},1.000000,0.000000,0.000000,0.000000,1.000000,0.000000,-1.000000
0.032984549,5,124,snapshot,4096,346,1.000000,1.000000,1.000000,{"1":346},1.000000,0.000000,0.000000,0.000000,1.000000,0.000000,-1.000000
0.032984549,5,124,snapshot,16384,104,0.826923,0.941506,0.826923,{"1":346},0.826923,0.173077,0.000000,0.000000,0.826923,0.000000,0.000000
0.033235843,5,125,read_only,64,1,1.000000,1.000000,1.000000,{"1":1},1.000000,0.000000,0.000000,0.000000,1.000000,0.000000,-1.000000
0.033235843,5,125,union,64,1,1.000000,1.000000,1.000000,{"1":1},1.000000,0.000000,0.000000,0.000000,1.000000,0.000000,-1.000000
0.033235843,5,125,snapshot,64,347,1.000000,1.000000,1.000000,{"1":347},1.000000,0.000000,0.000000,0.000000,1.000000,0.000000,-1.000000
0.033235843,5,125,read_only,256,1,1.000000,1.000000,1.000000,{"1":1},1.000000,0.000000,0.000000,0.000000,1.000000,0.000000,-1.000000
0.033235843,5,125,union,256,1,1.000000,1.000000,1.000000,{"1":1},1.000000,0.000000,0.000000,0.000000,1.000000,0.000000,-1.000000
0.033235843,5,125,snapshot,256,347,1.000000,1.000000,1.000000,{"1":347},1.000000,0.000000,0.000000,0.000000,1.000000,0.000000,-1.000000
0.033235843,5,125,read_only,1024,1,1.000000,1.000000,1.000000,{"1":1},1.000000,0.000000,0.000000,0.000000,1.000000,0.000000,-1.000000
0.033235843,5,125,union,1024,1,1.000000,1.000000,1.000000,{"1":1},1.000000,0.000000,0.000000,0.000000,1.000000,0.000000,-1.000000
0.033235843,5,125,snapshot,1024,347,1.000000,1.000000,1.000000,{"1":347},1.000000,0.000000,0.000000,0.000000,1.000000,0.000000,-1.000000
0.033235843,5,125,read_only,4096,1,1.000000,1.000000,1.000000,{"1":1},1.000000,0.000000,0.000000,0.000000,1.000000,0.000000,-1.000000
0.033235843,5,125,union,4096,1,1.000000,1.000000,1.000000,{"1":1},1.000000,0.000000,0.000000,0.000000,1.000000,0.000000,-1.000000
0.033235843,5,125,snapshot,4096,347,1.000000,1.000000,1.000000,{"1":347},1.000000,0.000000,0.000000,0.000000,1.000000,0.000000,-1.000000
0.033235843,5,125,read_only,16384,1,1.000000,1.000000,1.000000,{"1":1},1.000000,0.000000,0.000000,0.000000,1.000000,0.000000,-1.000000
0.033235843,5,125,union,16384,1,1.000000,1.000000,1.000000,{"1":1},1.000000,0.000000,0.000000,0.000000,1.000000,0.000000,-1.000000
0.033235843,5,125,snapshot,16384,105,0.828571,0.942063,0.828571,{"1":347},0.828571,0.171429,0.000000,0.000000,0.828571,0.000000,0.000000
0.034297473,5,129,read_only,64,1,1.000000,1.000000,1.000000,{"1":1},1.000000,0.000000,0.000000,0.000000,1.000000,0.000000,-1.000000
0.034297473,5,129,union,64,1,1.000000,1.000000,1.000000,{"1":1},1.000000,0.000000,0.000000,0.000000,1.000000,0.000000,-1.000000
0.034297473,5,129,snapshot,64,1,1.000000,1.000000,1.000000,{"1":1},1.000000,0.000000,0.000000,0.000000,1.000000,0.000000,-1.000000
0.034297473,5,129,read_only,256,1,1.000000,1.000000,1.000000,{"1":1},1.000000,0.000000,0.000000,0.000000,1.000000,0.000000,-1.000000
0.034297473,5,129,union,256,1,1.000000,1.000000,1.000000,{"1":1},1.000000,0.000000,0.000000,0.000000,1.000000,0.000000,-1.000000
0.034297473,5,129,snapshot,256,1,1.000000,1.000000,1.000000,{"1":1},1.000000,0.000000,0.000000,0.000000,1.000000,0.000000,-1.000000
0.034297473,5,129,read_only,1024,1,1.000000,1.000000,1.000000,{"1":1},1.000000,0.000000,0.000000,0.000000,1.000000,0.000000,-1.000000
0.034297473,5,129,union,1024,1,1.000000,1.000000,1.000000,{"1":1},1.000000,0.000000,0.000000,0.000000,1.000000,0.000000,-1.000000
0.034297473,5,129,snapshot,1024,1,1.000000,1.000000,1.000000,{"1":1},1.000000,0.000000,0.000000,0.000000,1.000000,0.000000,-1.000000
0.034297473,5,129,read_only,4096,1,1.000000,1.000000,1.000000,{"1":1},1.000000,0.000000,0.000000,0.000000,1.000000,0.000000,-1.000000
0.034297473,5,129,union,4096,1,1.000000,1.000000,1.000000,{"1":1},1.000000,0.000000,0.000000,0.000000,1.000000,0.000000,-1.000000
0.034297473,5,129,snapshot,4096,1,1.000000,1.000000,1.000000,{"1":1},1.000000,0.000000,0.000000,0.000000,1.000000,0.000000,-1.000000
0.034297473,5,129,read_only,16384,1,1.000000,1.000000,1.000000,{"1":1},1.000000,0.000000,0.000000,0.000000,1.000000,0.000000,-1.000000
0.034297473,5,129,union,16384,1,1.000000,1.000000,1.000000,{"1":1},1.000000,0.000000,0.000000,0.000000,1.000000,0.000000,-1.000000
0.034297473,5,129,snapshot,16384,1,1.000000,1.000000,1.000000,{"1":1},1.000000,0.000000,0.000000,0.000000,1.000000,0.000000,-1.000000
0.034542880,5,130,read_only,64,3,1.000000,1.000000,1.000000,{"1":3},1.000000,0.000000,0.000000,0.000000,1.000000,0.000000,-1.000000
0.034542880,5,130,union,64,3,1.000000,1.000000,1.000000,{"1":3},1.000000,0.000000,0.000000,0.000000,1.000000,0.000000,-1.000000
0.034542880,5,130,snapshot,64,4,1.000000,1.000000,1.000000,{"1":4},1.000000,0.000000,0.000000,0.000000,1.000000,0.000000,-1.000000
0.034542880,5,130,read_only,256,3,1.000000,1.000000,1.000000,{"1":3},1.000000,0.000000,0.000000,0.000000,1.000000,0.000000,-1.000000
0.034542880,5,130,union,256,3,1.000000,1.000000,1.000000,{"1":3},1.000000,0.000000,0.000000,0.000000,1.000000,0.000000,-1.000000
0.034542880,5,130,snapshot,256,4,1.000000,1.000000,1.000000,{"1":4},1.000000,0.000000,0.000000,0.000000,1.000000,0.000000,-1.000000
0.034542880,5,130,read_only,1024,3,1.000000,1.000000,1.000000,{"1":3},1.000000,0.000000,0.000000,0.000000,1.000000,0.000000,-1.000000
0.034542880,5,130,union,1024,3,1.000000,1.000000,1.000000,{"1":3},1.000000,0.000000,0.000000,0.000000,1.000000,0.000000,-1.000000
0.034542880,5,130,snapshot,1024,4,1.000000,1.000000,1.000000,{"1":4},1.000000,0.000000,0.000000,0.000000,1.000000,0.000000,-1.000000
0.034542880,5,130,read_only,4096,3,1.000000,1.000000,1.000000,{"1":3},1.000000,0.000000,0.000000,0.000000,1.000000,0.000000,-1.000000
0.034542880,5,130,union,4096,3,1.000000,1.000000,1.000000,{"1":3},1.000000,0.000000,0.000000,0.000000,1.000000,0.000000,-1.000000
0.034542880,5,130,snapshot,4096,4,1.000000,1.000000,1.000000,{"1":4},1.000000,0.000000,0.000000,0.000000,1.000000,0.000000,-1.000000
0.034542880,5,130,read_only,16384,2,1.000000,1.000000,1.000000,{"1":3},1.000000,0.000000,0.000000,0.000000,1.000000,0.000000,-1.000000
0.034542880,5,130,union,16384,2,1.000000,1.000000,1.000000,{"1":3},1.000000,0.000000,0.000000,0.000000,1.000000,0.000000,-1.000000
0.034542880,5,130,snapshot,16384,3,1.000000,1.000000,1.000000,{"1":4},1.000000,0.000000,0.000000,0.000000,1.000000,0.000000,-1.000000
0.034785301,5,131,read_only,64,1,1.000000,1.000000,1.000000,{"1":1},1.000000,0.000000,0.000000,0.000000,1.000000,0.000000,-1.000000
0.034785301,5,131,union,64,1,1.000000,1.000000,1.000000,{"1":1},1.000000,0.000000,0.000000,0.000000,1.000000,0.000000,-1.000000
0.034785301,5,131,snapshot,64,5,1.000000,1.000000,1.000000,{"1":5},1.000000,0.000000,0.000000,0.000000,1.000000,0.000000,-1.000000
0.034785301,5,131,read_only,256,1,1.000000,1.000000,1.000000,{"1":1},1.000000,0.000000,0.000000,0.000000,1.000000,0.000000,-1.000000
0.034785301,5,131,union,256,1,1.000000,1.000000,1.000000,{"1":1},1.000000,0.000000,0.000000,0.000000,1.000000,0.000000,-1.000000
0.034785301,5,131,snapshot,256,5,1.000000,1.000000,1.000000,{"1":5},1.000000,0.000000,0.000000,0.000000,1.000000,0.000000,-1.000000
0.034785301,5,131,read_only,1024,1,1.000000,1.000000,1.000000,{"1":1},1.000000,0.000000,0.000000,0.000000,1.000000,0.000000,-1.000000
0.034785301,5,131,union,1024,1,1.000000,1.000000,1.000000,{"1":1},1.000000,0.000000,0.000000,0.000000,1.000000,0.000000,-1.000000
0.034785301,5,131,snapshot,1024,5,1.000000,1.000000,1.000000,{"1":5},1.000000,0.000000,0.000000,0.000000,1.000000,0.000000,-1.000000
0.034785301,5,131,read_only,4096,1,1.000000,1.000000,1.000000,{"1":1},1.000000,0.000000,0.000000,0.000000,1.000000,0.000000,-1.000000
0.034785301,5,131,union,4096,1,1.000000,1.000000,1.000000,{"1":1},1.000000,0.000000,0.000000,0.000000,1.000000,0.000000,-1.000000
0.034785301,5,131,snapshot,4096,5,1.000000,1.000000,1.000000,{"1":5},1.000000,0.000000,0.000000,0.000000,1.000000,0.000000,-1.000000
0.034785301,5,131,read_only,16384,1,1.000000,1.000000,1.000000,{"1":1},1.000000,0.000000,0.000000,0.000000,1.000000,0.000000,-1.000000
0.034785301,5,131,union,16384,1,1.000000,1.000000,1.000000,{"1":1},1.000000,0.000000,0.000000,0.000000,1.000000,0.000000,-1.000000
0.034785301,5,131,snapshot,16384,3,1.000000,1.000000,1.000000,{"1":5},1.000000,0.000000,0.000000,0.000000,1.000000,0.000000,-1.000000
0.035049015,5,132,snapshot,64,5,1.000000,1.000000,1.000000,{"1":5},1.000000,0.000000,0.000000,0.000000,1.000000,0.000000,-1.000000
0.035049015,5,132,snapshot,256,5,1.000000,1.000000,1.000000,{"1":5},1.000000,0.000000,0.000000,0.000000,1.000000,0.000000,-1.000000
0.035049015,5,132,snapshot,1024,5,1.000000,1.000000,1.000000,{"1":5},1.000000,0.000000,0.000000,0.000000,1.000000,0.000000,-1.000000
0.035049015,5,132,snapshot,4096,5,1.000000,1.000000,1.000000,{"1":5},1.000000,0.000000,0.000000,0.000000,1.000000,0.000000,-1.000000
0.035049015,5,132,snapshot,16384,3,1.000000,1.000000,1.000000,{"1":5},1.000000,0.000000,0.000000,0.000000,1.000000,0.000000,-1.000000
0.035328288,5,133,read_only,64,1,1.000000,1.000000,1.000000,{"1":1},1.000000,0.000000,0.000000,0.000000,1.000000,0.000000,-1.000000
0.035328288,5,133,union,64,1,1.000000,1.000000,1.000000,{"1":1},1.000000,0.000000,0.000000,0.000000,1.000000,0.000000,-1.000000
0.035328288,5,133,snapshot,64,6,1.000000,1.000000,1.000000,{"1":6},1.000000,0.000000,0.000000,0.000000,1.000000,0.000000,-1.000000
0.035328288,5,133,read_only,256,1,1.000000,1.000000,1.000000,{"1":1},1.000000,0.000000,0.000000,0.000000,1.000000,0.000000,-1.000000
0.035328288,5,133,union,256,1,1.000000,1.000000,1.000000,{"1":1},1.000000,0.000000,0.000000,0.000000,1.000000,0.000000,-1.000000
0.035328288,5,133,snapshot,256,6,1.000000,1.000000,1.000000,{"1":6},1.000000,0.000000,0.000000,0.000000,1.000000,0.000000,-1.000000
0.035328288,5,133,read_only,1024,1,1.000000,1.000000,1.000000,{"1":1},1.000000,0.000000,0.000000,0.000000,1.000000,0.000000,-1.000000
0.035328288,5,133,union,1024,1,1.000000,1.000000,1.000000,{"1":1},1.000000,0.000000,0.000000,0.000000,1.000000,0.000000,-1.000000
0.035328288,5,133,snapshot,1024,6,1.000000,1.000000,1.000000,{"1":6},1.000000,0.000000,0.000000,0.000000,1.000000,0.000000,-1.000000
0.035328288,5,133,read_only,4096,1,1.000000,1.000000,1.000000,{"1":1},1.000000,0.000000,0.000000,0.000000,1.000000,0.000000,-1.000000
0.035328288,5,133,union,4096,1,1.000000,1.000000,1.000000,{"1":1},1.000000,0.000000,0.000000,0.000000,1.000000,0.000000,-1.000000
0.035328288,5,133,snapshot,4096,6,1.000000,1.000000,1.000000,{"1":6},1.000000,0.000000,0.000000,0.000000,1.000000,0.000000,-1.000000
0.035328288,5,133,read_only,16384,1,1.000000,1.000000,1.000000,{"1":1},1.000000,0.000000,0.000000,0.000000,1.000000,0.000000,-1.000000
0.035328288,5,133,union,16384,1,1.000000,1.000000,1.000000,{"1":1},1.000000,0.000000,0.000000,0.000000,1.000000,0.000000,-1.000000
0.035328288,5,133,snapshot,16384,4,1.000000,1.000000,1.000000,{"1":6},1.000000,0.000000,0.000000,0.000000,1.000000,0.000000,-1.000000
0.035561328,5,134,snapshot,64,6,1.000000,1.000000,1.000000,{"1":6},1.000000,0.000000,0.000000,0.000000,1.000000,0.000000,-1.000000
0.035561328,5,134,snapshot,256,6,1.000000,1.000000,1.000000,{"1":6},1.000000,0.000000,0.000000,0.000000,1.000000,0.000000,-1.000000
0.035561328,5,134,snapshot,1024,6,1.000000,1.000000,1.000000,{"1":6},1.000000,0.000000,0.000000,0.000000,1.000000,0.000000,-1.000000
0.035561328,5,134,snapshot,4096,6,1.000000,1.000000,1.000000,{"1":6},1.000000,0.000000,0.000000,0.000000,1.000000,0.000000,-1.000000
0.035561328,5,134,snapshot,16384,4,1.000000,1.000000,1.000000,{"1":6},1.000000,0.000000,0.000000,0.000000,1.000000,0.000000,-1.000000
0.035796058,5,135,read_only,64,1,1.000000,1.000000,1.000000,{"1":1},1.000000,0.000000,0.000000,0.000000,1.000000,0.000000,-1.000000
0.035796058,5,135,union,64,1,1.000000,1.000000,1.000000,{"1":1},1.000000,0.000000,0.000000,0.000000,1.000000,0.000000,-1.000000
0.035796058,5,135,snapshot,64,7,1.000000,1.000000,1.000000,{"1":7},1.000000,0.000000,0.000000,0.000000,1.000000,0.000000,-1.000000
0.035796058,5,135,read_only,256,1,1.000000,1.000000,1.000000,{"1":1},1.000000,0.000000,0.000000,0.000000,1.000000,0.000000,-1.000000
0.035796058,5,135,union,256,1,1.000000,1.000000,1.000000,{"1":1},1.000000,0.000000,0.000000,0.000000,1.000000,0.000000,-1.000000
0.035796058,5,135,snapshot,256,7,1.000000,1.000000,1.000000,{"1":7},1.000000,0.000000,0.000000,0.000000,1.000000,0.000000,-1.000000
0.035796058,5,135,read_only,1024,1,1.000000,1.000000,1.000000,{"1":1},1.000000,0.000000,0.000000,0.000000,1.000000,0.000000,-1.000000
0.035796058,5,135,union,1024,1,1.000000,1.000000,1.000000,{"1":1},1.000000,0.000000,0.000000,0.000000,1.000000,0.000000,-1.000000
0.035796058,5,135,snapshot,1024,7,1.000000,1.000000,1.000000,{"1":7},1.000000,0.000000,0.000000,0.000000,1.000000,0.000000,-1.000000
0.035796058,5,135,read_only,4096,1,1.000000,1.000000,1.000000,{"1":1},1.000000,0.000000,0.000000,0.000000,1.000000,0.000000,-1.000000
0.035796058,5,135,union,4096,1,1.000000,1.000000,1.000000,{"1":1},1.000000,0.000000,0.000000,0.000000,1.000000,0.000000,-1.000000
0.035796058,5,135,snapshot,4096,7,1.000000,1.000000,1.000000,{"1":7},1.000000,0.000000,0.000000,0.000000,1.000000,0.000000,-1.000000
0.035796058,5,135,read_only,16384,1,1.000000,1.000000,1.000000,{"1":1},1.000000,0.000000,0.000000,0.000000,1.000000,0.000000,-1.000000
0.035796058,5,135,union,16384,1,1.000000,1.000000,1.000000,{"1":1},1.000000,0.000000,0.000000,0.000000,1.000000,0.000000,-1.000000
0.035796058,5,135,snapshot,16384,5,1.000000,1.000000,1.000000,{"1":7},1.000000,0.000000,0.000000,0.000000,1.000000,0.000000,-1.000000
0.036089691,5,136,snapshot,64,7,1.000000,1.000000,1.000000,{"1":7},1.000000,0.000000,0.000000,0.000000,1.000000,0.000000,-1.000000
0.036089691,5,136,snapshot,256,7,1.000000,1.000000,1.000000,{"1":7},1.000000,0.000000,0.000000,0.000000,1.000000,0.000000,-1.000000
0.036089691,5,136,snapshot,1024,7,1.000000,1.000000,1.000000,{"1":7},1.000000,0.000000,0.000000,0.000000,1.000000,0.000000,-1.000000
0.036089691,5,136,snapshot,4096,7,1.000000,1.000000,1.000000,{"1":7},1.000000,0.000000,0.000000,0.000000,1.000000,0.000000,-1.000000
0.036089691,5,136,snapshot,16384,5,1.000000,1.000000,1.000000,{"1":7},1.000000,0.000000,0.000000,0.000000,1.000000,0.000000,-1.000000
0.036332457,5,137,read_only,64,1,1.000000,1.000000,1.000000,{"1":1},1.000000,0.000000,0.000000,0.000000,1.000000,0.000000,-1.000000
0.036332457,5,137,union,64,1,1.000000,1.000000,1.000000,{"1":1},1.000000,0.000000,0.000000,0.000000,1.000000,0.000000,-1.000000
0.036332457,5,137,snapshot,64,8,1.000000,1.000000,1.000000,{"1":8},1.000000,0.000000,0.000000,0.000000,1.000000,0.000000,-1.000000
0.036332457,5,137,read_only,256,1,1.000000,1.000000,1.000000,{"1":1},1.000000,0.000000,0.000000,0.000000,1.000000,0.000000,-1.000000
0.036332457,5,137,union,256,1,1.000000,1.000000,1.000000,{"1":1},1.000000,0.000000,0.000000,0.000000,1.000000,0.000000,-1.000000
0.036332457,5,137,snapshot,256,8,1.000000,1.000000,1.000000,{"1":8},1.000000,0.000000,0.000000,0.000000,1.000000,0.000000,-1.000000
0.036332457,5,137,read_only,1024,1,1.000000,1.000000,1.000000,{"1":1},1.000000,0.000000,0.000000,0.000000,1.000000,0.000000,-1.000000
0.036332457,5,137,union,1024,1,1.000000,1.000000,1.000000,{"1":1},1.000000,0.000000,0.000000,0.000000,1.000000,0.000000,-1.000000
0.036332457,5,137,snapshot,1024,8,1.000000,1.000000,1.000000,{"1":8},1.000000,0.000000,0.000000,0.000000,1.000000,0.000000,-1.000000
0.036332457,5,137,read_only,4096,1,1.000000,1.000000,1.000000,{"1":1},1.000000,0.000000,0.000000,0.000000,1.000000,0.000000,-1.000000
0.036332457,5,137,union,4096,1,1.000000,1.000000,1.000000,{"1":1},1.000000,0.000000,0.000000,0.000000,1.000000,0.000000,-1.000000
0.036332457,5,137,snapshot,4096,8,1.000000,1.000000,1.000000,{"1":8},1.000000,0.000000,0.000000,0.000000,1.000000,0.000000,-1.000000
0.036332457,5,137,read_only,16384,1,1.000000,1.000000,1.000000,{"1":1},1.000000,0.000000,0.000000,0.000000,1.000000,0.000000,-1.000000
0.036332457,5,137,union,16384,1,1.000000,1.000000,1.000000,{"1":1},1.000000,0.000000,0.000000,0.000000,1.000000,0.000000,-1.000000
0.036332457,5,137,snapshot,16384,6,1.000000,1.000000,1.000000,{"1":8},1.000000,0.000000,0.000000,0.000000,1.000000,0.000000,-1.000000
0.036570593,5,138,snapshot,64,8,1.000000,1.000000,1.000000,{"1":8},1.000000,0.000000,0.000000,0.000000,1.000000,0.000000,-1.000000
0.036570593,5,138,snapshot,256,8,1.000000,1.000000,1.000000,{"1":8},1.000000,0.000000,0.000000,0.000000,1.000000,0.000000,-1.000000
0.036570593,5,138,snapshot,1024,8,1.000000,1.000000,1.000000,{"1":8},1.000000,0.000000,0.000000,0.000000,1.000000,0.000000,-1.000000
0.036570593,5,138,snapshot,4096,8,1.000000,1.000000,1.000000,{"1":8},1.000000,0.000000,0.000000,0.000000,1.000000,0.000000,-1.000000
0.036570593,5,138,snapshot,16384,6,1.000000,1.000000,1.000000,{"1":8},1.000000,0.000000,0.000000,0.000000,1.000000,0.000000,-1.000000
0.036822728,5,139,read_only,64,4,1.000000,1.000000,1.000000,{"1":4},1.000000,0.000000,0.000000,0.000000,1.000000,0.000000,-1.000000
0.036822728,5,139,union,64,4,1.000000,1.000000,1.000000,{"1":4},1.000000,0.000000,0.000000,0.000000,1.000000,0.000000,-1.000000
0.036822728,5,139,read_only,256,4,1.000000,1.000000,1.000000,{"1":4},1.000000,0.000000,0.000000,0.000000,1.000000,0.000000,-1.000000
0.036822728,5,139,union,256,4,1.000000,1.000000,1.000000,{"1":4},1.000000,0.000000,0.000000,0.000000,1.000000,0.000000,-1.000000
0.036822728,5,139,read_only,1024,4,1.000000,1.000000,1.000000,{"1":4},1.000000,0.000000,0.000000,0.000000,1.000000,0.000000,-1.000000
0.036822728,5,139,union,1024,4,1.000000,1.000000,1.000000,{"1":4},1.000000,0.000000,0.000000,0.000000,1.000000,0.000000,-1.000000
0.036822728,5,139,read_only,4096,4,1.000000,1.000000,1.000000,{"1":4},1.000000,0.000000,0.000000,0.000000,1.000000,0.000000,-1.000000
0.036822728,5,139,union,4096,4,1.000000,1.000000,1.000000,{"1":4},1.000000,0.000000,0.000000,0.000000,1.000000,0.000000,-1.000000
0.036822728,5,139,read_only,16384,2,1.000000,1.000000,1.000000,{"1":4},1.000000,0.000000,0.000000,0.000000,1.000000,0.000000,-1.000000
0.036822728,5,139,union,16384,2,1.000000,1.000000,1.000000,{"1":4},1.000000,0.000000,0.000000,0.000000,1.000000,0.000000,-1.000000
0.037057446,5,140,read_only,64,2,1.000000,1.000000,1.000000,{"1":2},1.000000,0.000000,0.000000,0.000000,1.000000,0.000000,-1.000000
0.037057446,5,140,union,64,2,1.000000,1.000000,1.000000,{"1":2},1.000000,0.000000,0.000000,0.000000,1.000000,0.000000,-1.000000
0.037057446,5,140,snapshot,64,2,1.000000,1.000000,1.000000,{"1":2},1.000000,0.000000,0.000000,0.000000,1.000000,0.000000,-1.000000
0.037057446,5,140,read_only,256,2,1.000000,1.000000,1.000000,{"1":2},1.000000,0.000000,0.000000,0.000000,1.000000,0.000000,-1.000000
0.037057446,5,140,union,256,2,1.000000,1.000000,1.000000,{"1":2},1.000000,0.000000,0.000000,0.000000,1.000000,0.000000,-1.000000
0.037057446,5,140,snapshot,256,2,1.000000,1.000000,1.000000,{"1":2},1.000000,0.000000,0.000000,0.000000,1.000000,0.000000,-1.000000
0.037057446,5,140,read_only,1024,2,1.000000,1.000000,1.000000,{"1":2},1.000000,0.000000,0.000000,0.000000,1.000000,0.000000,-1.000000
0.037057446,5,140,union,1024,2,1.000000,1.000000,1.000000,{"1":2},1.000000,0.000000,0.000000,0.000000,1.000000,0.000000,-1.000000
0.037057446,5,140,snapshot,1024,2,1.000000,1.000000,1.000000,{"1":2},1.000000,0.000000,0.000000,0.000000,1.000000,0.000000,-1.000000
0.037057446,5,140,read_only,4096,2,1.000000,1.000000,1.000000,{"1":2},1.000000,0.000000,0.000000,0.000000,1.000000,0.000000,-1.000000
0.037057446,5,140,union,4096,2,1.000000,1.000000,1.000000,{"1":2},1.000000,0.000000,0.000000,0.000000,1.000000,0.000000,-1.000000
0.037057446,5,140,snapshot,4096,2,1.000000,1.000000,1.000000,{"1":2},1.000000,0.000000,0.000000,0.000000,1.000000,0.000000,-1.000000
0.037057446,5,140,read_only,16384,2,1.000000,1.000000,1.000000,{"1":2},1.000000,0.000000,0.000000,0.000000,1.000000,0.000000,-1.000000
0.037057446,5,140,union,16384,2,1.000000,1.000000,1.000000,{"1":2},1.000000,0.000000,0.000000,0.000000,1.000000,0.000000,-1.000000
0.037057446,5,140,snapshot,16384,2,1.000000,1.000000,1.000000,{"1":2},1.000000,0.000000,0.000000,0.000000,1.000000,0.000000,-1.000000
0.037353648,5,141,read_only,64,4,1.000000,1.000000,1.000000,{"1":4},1.000000,0.000000,0.000000,0.000000,1.000000,0.000000,-1.000000
0.037353648,5,141,union,64,4,1.000000,1.000000,1.000000,{"1":4},1.000000,0.000000,0.000000,0.000000,1.000000,0.000000,-1.000000
0.037353648,5,141,snapshot,64,6,1.000000,1.000000,1.000000,{"1":6},1.000000,0.000000,0.000000,0.000000,1.000000,0.000000,-1.000000
0.037353648,5,141,read_only,256,4,1.000000,1.000000,1.000000,{"1":4},1.000000,0.000000,0.000000,0.000000,1.000000,0.000000,-1.000000
0.037353648,5,141,union,256,4,1.000000,1.000000,1.000000,{"1":4},1.000000,0.000000,0.000000,0.000000,1.000000,0.000000,-1.000000
0.037353648,5,141,snapshot,256,6,1.000000,1.000000,1.000000,{"1":6},1.000000,0.000000,0.000000,0.000000,1.000000,0.000000,-1.000000
0.037353648,5,141,read_only,1024,4,1.000000,1.000000,1.000000,{"1":4},1.000000,0.000000,0.000000,0.000000,1.000000,0.000000,-1.000000
0.037353648,5,141,union,1024,4,1.000000,1.000000,1.000000,{"1":4},1.000000,0.000000,0.000000,0.000000,1.000000,0.000000,-1.000000
0.037353648,5,141,snapshot,1024,6,1.000000,1.000000,1.000000,{"1":6},1.000000,0.000000,0.000000,0.000000,1.000000,0.000000,-1.000000
0.037353648,5,141,read_only,4096,4,1.000000,1.000000,1.000000,{"1":4},1.000000,0.000000,0.000000,0.000000,1.000000,0.000000,-1.000000
0.037353648,5,141,union,4096,4,1.000000,1.000000,1.000000,{"1":4},1.000000,0.000000,0.000000,0.000000,1.000000,0.000000,-1.000000
0.037353648,5,141,snapshot,4096,6,1.000000,1.000000,1.000000,{"1":6},1.000000,0.000000,0.000000,0.000000,1.000000,0.000000,-1.000000
0.037353648,5,141,read_only,16384,2,1.000000,1.000000,1.000000,{"1":4},1.000000,0.000000,0.000000,0.000000,1.000000,0.000000,-1.000000
0.037353648,5,141,union,16384,2,1.000000,1.000000,1.000000,{"1":4},1.000000,0.000000,0.000000,0.000000,1.000000,0.000000,-1.000000
0.037353648,5,141,snapshot,16384,4,1.000000,1.000000,1.000000,{"1":6},1.000000,0.000000,0.000000,0.000000,1.000000,0.000000,-1.000000
0.037596643,5,142,read_only,64,4,1.000000,1.000000,1.000000,{"1":4},1.000000,0.000000,0.000000,0.000000,1.000000,0.000000,-1.000000
0.037596643,5,142,union,64,4,1.000000,1.000000,1.000000,{"1":4},1.000000,0.000000,0.000000,0.000000,1.000000,0.000000,-1.000000
0.037596643,5,142,snapshot,64,10,1.000000,1.000000,1.000000,{"1":10},1.000000,0.000000,0.000000,0.000000,1.000000,0.000000,-1.000000
0.037596643,5,142,read_only,256,4,1.000000,1.000000,1.000000,{"1":4},1.000000,0.000000,0.000000,0.000000,1.000000,0.000000,-1.000000
0.037596643,5,142,union,256,4,1.000000,1.000000,1.000000,{"1":4},1.000000,0.000000,0.000000,0.000000,1.000000,0.000000,-1.000000
0.037596643,5,142,snapshot,256,10,1.000000,1.000000,1.000000,{"1":10},1.000000,0.000000,0.000000,0.000000,1.000000,0.000000,-1.000000
0.037596643,5,142,read_only,1024,4,1.000000,1.000000,1.000000,{"1":4},1.000000,0.000000,0.000000,0.000000,1.000000,0.000000,-1.000000
0.037596643,5,142,union,1024,4,1.000000,1.000000,1.000000,{"1":4},1.000000,0.000000,0.000000,0.000000,1.000000,0.000000,-1.000000
0.037596643,5,142,snapshot,1024,10,1.000000,1.000000,1.000000,{"1":10},1.000000,0.000000,0.000000,0.000000,1.000000,0.000000,-1.000000
0.037596643,5,142,read_only,4096,4,1.000000,1.000000,1.000000,{"1":4},1.000000,0.000000,0.000000,0.000000,1.000000,0.000000,-1.000000
0.037596643,5,142,union,4096,4,1.000000,1.000000,1.000000,{"1":4},1.000000,0.000000,0.000000,0.000000,1.000000,0.000000,-1.000000
0.037596643,5,142,snapshot,4096,10,1.000000,1.000000,1.000000,{"1":10},1.000000,0.000000,0.000000,0.000000,1.000000,0.000000,-1.000000
0.037596643,5,142,read_only,16384,2,1.000000,1.000000,1.000000,{"1":4},1.000000,0.000000,0.000000,0.000000,1.000000,0.000000,-1.000000
0.037596643,5,142,union,16384,2,1.000000,1.000000,1.000000,{"1":4},1.000000,0.000000,0.000000,0.000000,1.000000,0.000000,-1.000000
0.037596643,5,142,snapshot,16384,6,1.000000,1.000000,1.000000,{"1":10},1.000000,0.000000,0.000000,0.000000,1.000000,0.000000,-1.000000
0.037841664,5,143,read_only,64,10,1.000000,1.000000,1.000000,{"1":10},1.000000,0.000000,0.000000,0.000000,1.000000,0.000000,-1.000000
0.037841664,5,143,union,64,10,1.000000,1.000000,1.000000,{"1":10},1.000000,0.000000,0.000000,0.000000,1.000000,0.000000,-1.000000
0.037841664,5,143,snapshot,64,20,1.000000,1.000000,1.000000,{"1":20},1.000000,0.000000,0.000000,0.000000,1.000000,0.000000,-1.000000
0.037841664,5,143,read_only,256,10,1.000000,1.000000,1.000000,{"1":10},1.000000,0.000000,0.000000,0.000000,1.000000,0.000000,-1.000000
0.037841664,5,143,union,256,10,1.000000,1.000000,1.000000,{"1":10},1.000000,0.000000,0.000000,0.000000,1.000000,0.000000,-1.000000
0.037841664,5,143,snapshot,256,20,1.000000,1.000000,1.000000,{"1":20},1.000000,0.000000,0.000000,0.000000,1.000000,0.000000,-1.000000
0.037841664,5,143,read_only,1024,10,1.000000,1.000000,1.000000,{"1":10},1.000000,0.000000,0.000000,0.000000,1.000000,0.000000,-1.000000
0.037841664,5,143,union,1024,10,1.000000,1.000000,1.000000,{"1":10},1.000000,0.000000,0.000000,0.000000,1.000000,0.000000,-1.000000
0.037841664,5,143,snapshot,1024,20,1.000000,1.000000,1.000000,{"1":20},1.000000,0.000000,0.000000,0.000000,1.000000,0.000000,-1.000000
0.037841664,5,143,read_only,4096,10,1.000000,1.000000,1.000000,{"1":10},1.000000,0.000000,0.000000,0.000000,1.000000,0.000000,-1.000000
0.037841664,5,143,union,4096,10,1.000000,1.000000,1.000000,{"1":10},1.000000,0.000000,0.000000,0.000000,1.000000,0.000000,-1.000000
0.037841664,5,143,snapshot,4096,20,1.000000,1.000000,1.000000,{"1":20},1.000000,0.000000,0.000000,0.000000,1.000000,0.000000,-1.000000
0.037841664,5,143,read_only,16384,3,1.000000,1.000000,1.000000,{"1":10},1.000000,0.000000,0.000000,0.000000,1.000000,0.000000,-1.000000
0.037841664,5,143,union,16384,3,1.000000,1.000000,1.000000,{"1":10},1.000000,0.000000,0.000000,0.000000,1.000000,0.000000,-1.000000
0.037841664,5,143,snapshot,16384,9,1.000000,1.000000,1.000000,{"1":20},1.000000,0.000000,0.000000,0.000000,1.000000,0.000000,-1.000000
0.038107046,5,144,snapshot,64,20,1.000000,1.000000,1.000000,{"1":20},1.000000,0.000000,0.000000,0.000000,1.000000,0.000000,-1.000000
0.038107046,5,144,snapshot,256,20,1.000000,1.000000,1.000000,{"1":20},1.000000,0.000000,0.000000,0.000000,1.000000,0.000000,-1.000000
0.038107046,5,144,snapshot,1024,20,1.000000,1.000000,1.000000,{"1":20},1.000000,0.000000,0.000000,0.000000,1.000000,0.000000,-1.000000
0.038107046,5,144,snapshot,4096,20,1.000000,1.000000,1.000000,{"1":20},1.000000,0.000000,0.000000,0.000000,1.000000,0.000000,-1.000000
0.038107046,5,144,snapshot,16384,9,1.000000,1.000000,1.000000,{"1":20},1.000000,0.000000,0.000000,0.000000,1.000000,0.000000,-1.000000
0.038383913,5,145,read_only,64,1,1.000000,1.000000,1.000000,{"1":1},1.000000,0.000000,0.000000,0.000000,1.000000,0.000000,-1.000000
0.038383913,5,145,union,64,1,1.000000,1.000000,1.000000,{"1":1},1.000000,0.000000,0.000000,0.000000,1.000000,0.000000,-1.000000
0.038383913,5,145,snapshot,64,21,1.000000,1.000000,1.000000,{"1":21},1.000000,0.000000,0.000000,0.000000,1.000000,0.000000,-1.000000
0.038383913,5,145,read_only,256,1,1.000000,1.000000,1.000000,{"1":1},1.000000,0.000000,0.000000,0.000000,1.000000,0.000000,-1.000000
0.038383913,5,145,union,256,1,1.000000,1.000000,1.000000,{"1":1},1.000000,0.000000,0.000000,0.000000,1.000000,0.000000,-1.000000
0.038383913,5,145,snapshot,256,21,1.000000,1.000000,1.000000,{"1":21},1.000000,0.000000,0.000000,0.000000,1.000000,0.000000,-1.000000
0.038383913,5,145,read_only,1024,1,1.000000,1.000000,1.000000,{"1":1},1.000000,0.000000,0.000000,0.000000,1.000000,0.000000,-1.000000
0.038383913,5,145,union,1024,1,1.000000,1.000000,1.000000,{"1":1},1.000000,0.000000,0.000000,0.000000,1.000000,0.000000,-1.000000
0.038383913,5,145,snapshot,1024,21,1.000000,1.000000,1.000000,{"1":21},1.000000,0.000000,0.000000,0.000000,1.000000,0.000000,-1.000000
0.038383913,5,145,read_only,4096,1,1.000000,1.000000,1.000000,{"1":1},1.000000,0.000000,0.000000,0.000000,1.000000,0.000000,-1.000000
0.038383913,5,145,union,4096,1,1.000000,1.000000,1.000000,{"1":1},1.000000,0.000000,0.000000,0.000000,1.000000,0.000000,-1.000000
0.038383913,5,145,snapshot,4096,21,1.000000,1.000000,1.000000,{"1":21},1.000000,0.000000,0.000000,0.000000,1.000000,0.000000,-1.000000
0.038383913,5,145,read_only,16384,1,1.000000,1.000000,1.000000,{"1":1},1.000000,0.000000,0.000000,0.000000,1.000000,0.000000,-1.000000
0.038383913,5,145,union,16384,1,1.000000,1.000000,1.000000,{"1":1},1.000000,0.000000,0.000000,0.000000,1.000000,0.000000,-1.000000
0.038383913,5,145,snapshot,16384,10,1.000000,1.000000,1.000000,{"1":21},1.000000,0.000000,0.000000,0.000000,1.000000,0.000000,-1.000000
0.038615976,5,146,snapshot,64,21,1.000000,1.000000,1.000000,{"1":21},1.000000,0.000000,0.000000,0.000000,1.000000,0.000000,-1.000000
0.038615976,5,146,snapshot,256,21,1.000000,1.000000,1.000000,{"1":21},1.000000,0.000000,0.000000,0.000000,1.000000,0.000000,-1.000000
0.038615976,5,146,snapshot,1024,21,1.000000,1.000000,1.000000,{"1":21},1.000000,0.000000,0.000000,0.000000,1.000000,0.000000,-1.000000
0.038615976,5,146,snapshot,4096,21,1.000000,1.000000,1.000000,{"1":21},1.000000,0.000000,0.000000,0.000000,1.000000,0.000000,-1.000000
0.038615976,5,146,snapshot,16384,10,1.000000,1.000000,1.000000,{"1":21},1.000000,0.000000,0.000000,0.000000,1.000000,0.000000,-1.000000
0.038850427,5,147,read_only,64,2,1.000000,1.000000,1.000000,{"1":2},1.000000,0.000000,0.000000,0.000000,1.000000,0.000000,-1.000000
0.038850427,5,147,union,64,2,1.000000,1.000000,1.000000,{"1":2},1.000000,0.000000,0.000000,0.000000,1.000000,0.000000,-1.000000
0.038850427,5,147,snapshot,64,23,1.000000,1.000000,1.000000,{"1":23},1.000000,0.000000,0.000000,0.000000,1.000000,0.000000,-1.000000
0.038850427,5,147,read_only,256,2,1.000000,1.000000,1.000000,{"1":2},1.000000,0.000000,0.000000,0.000000,1.000000,0.000000,-1.000000
0.038850427,5,147,union,256,2,1.000000,1.000000,1.000000,{"1":2},1.000000,0.000000,0.000000,0.000000,1.000000,0.000000,-1.000000
0.038850427,5,147,snapshot,256,23,1.000000,1.000000,1.000000,{"1":23},1.000000,0.000000,0.000000,0.000000,1.000000,0.000000,-1.000000
0.038850427,5,147,read_only,1024,2,1.000000,1.000000,1.000000,{"1":2},1.000000,0.000000,0.000000,0.000000,1.000000,0.000000,-1.000000
0.038850427,5,147,union,1024,2,1.000000,1.000000,1.000000,{"1":2},1.000000,0.000000,0.000000,0.000000,1.000000,0.000000,-1.000000
0.038850427,5,147,snapshot,1024,23,1.000000,1.000000,1.000000,{"1":23},1.000000,0.000000,0.000000,0.000000,1.000000,0.000000,-1.000000
0.038850427,5,147,read_only,4096,2,1.000000,1.000000,1.000000,{"1":2},1.000000,0.000000,0.000000,0.000000,1.000000,0.000000,-1.000000
0.038850427,5,147,union,4096,2,1.000000,1.000000,1.000000,{"1":2},1.000000,0.000000,0.000000,0.000000,1.000000,0.000000,-1.000000
0.038850427,5,147,snapshot,4096,23,1.000000,1.000000,1.000000,{"1":23},1.000000,0.000000,0.000000,0.000000,1.000000,0.000000,-1.000000
0.038850427,5,147,read_only,16384,2,1.000000,1.000000,1.000000,{"1":2},1.000000,0.000000,0.000000,0.000000,1.000000,0.000000,-1.000000
0.038850427,5,147,union,16384,2,1.000000,1.000000,1.000000,{"1":2},1.000000,0.000000,0.000000,0.000000,1.000000,0.000000,-1.000000
0.038850427,5,147,snapshot,16384,12,1.000000,1.000000,1.000000,{"1":23},1.000000,0.000000,0.000000,0.000000,1.000000,0.000000,-1.000000
0.039145227,5,148,snapshot,64,23,1.000000,1.000000,1.000000,{"1":23},1.000000,0.000000,0.000000,0.000000,1.000000,0.000000,-1.000000
0.039145227,5,148,snapshot,256,23,1.000000,1.000000,1.000000,{"1":23},1.000000,0.000000,0.000000,0.000000,1.000000,0.000000,-1.000000
0.039145227,5,148,snapshot,1024,23,1.000000,1.000000,1.000000,{"1":23},1.000000,0.000000,0.000000,0.000000,1.000000,0.000000,-1.000000
0.039145227,5,148,snapshot,4096,23,1.000000,1.000000,1.000000,{"1":23},1.000000,0.000000,0.000000,0.000000,1.000000,0.000000,-1.000000
0.039145227,5,148,snapshot,16384,12,1.000000,1.000000,1.000000,{"1":23},1.000000,0.000000,0.000000,0.000000,1.000000,0.000000,-1.000000
0.039409038,5,149,read_only,64,18,1.000000,1.000000,1.000000,{"1":18},1.000000,0.000000,0.000000,0.000000,1.000000,0.000000,-1.000000
0.039409038,5,149,union,64,18,1.000000,1.000000,1.000000,{"1":18},1.000000,0.000000,0.000000,0.000000,1.000000,0.000000,-1.000000
0.039409038,5,149,snapshot,64,41,1.000000,1.000000,1.000000,{"1":41},1.000000,0.000000,0.000000,0.000000,1.000000,0.000000,-1.000000
0.039409038,5,149,read_only,256,18,1.000000,1.000000,1.000000,{"1":18},1.000000,0.000000,0.000000,0.000000,1.000000,0.000000,-1.000000
0.039409038,5,149,union,256,18,1.000000,1.000000,1.000000,{"1":18},1.000000,0.000000,0.000000,0.000000,1.000000,0.000000,-1.000000
0.039409038,5,149,snapshot,256,41,1.000000,1.000000,1.000000,{"1":41},1.000000,0.000000,0.000000,0.000000,1.000000,0.000000,-1.000000
0.039409038,5,149,read_only,1024,18,1.000000,1.000000,1.000000,{"1":18},1.000000,0.000000,0.000000,0.000000,1.000000,0.000000,-1.000000
0.039409038,5,149,union,1024,18,1.000000,1.000000,1.000000,{"1":18},1.000000,0.000000,0.000000,0.000000,1.000000,0.000000,-1.000000
0.039409038,5,149,snapshot,1024,41,1.000000,1.000000,1.000000,{"1":41},1.000000,0.000000,0.000000,0.000000,1.000000,0.000000,-1.000000
0.039409038,5,149,read_only,4096,18,1.000000,1.000000,1.000000,{"1":18},1.000000,0.000000,0.000000,0.000000,1.000000,0.000000,-1.000000
0.039409038,5,149,union,4096,18,1.000000,1.000000,1.000000,{"1":18},1.000000,0.000000,0.000000,0.000000,1.000000,0.000000,-1.000000
0.039409038,5,149,snapshot,4096,41,1.000000,1.000000,1.000000,{"1":41},1.000000,0.000000,0.000000,0.000000,1.000000,0.000000,-1.000000
0.039409038,5,149,read_only,16384,5,0.200000,0.616667,0.200000,{"1":18},0.200000,0.200000,0.600000,0.000000,0.200000,0.000000,0.000000
0.039409038,5,149,union,16384,5,0.200000,0.616667,0.200000,{"1":18},0.200000,0.200000,0.600000,0.000000,0.200000,0.000000,0.000000
0.039409038,5,149,snapshot,16384,17,0.764706,0.887255,0.764706,{"1":41},0.764706,0.058824,0.176471,0.000000,0.764706,0.000000,0.000000
0.039721858,5,150,read_only,64,1,1.000000,1.000000,1.000000,{"1":1},1.000000,0.000000,0.000000,0.000000,1.000000,0.000000,-1.000000
0.039721858,5,150,union,64,1,1.000000,1.000000,1.000000,{"1":1},1.000000,0.000000,0.000000,0.000000,1.000000,0.000000,-1.000000
0.039721858,5,150,snapshot,64,42,1.000000,1.000000,1.000000,{"1":42},1.000000,0.000000,0.000000,0.000000,1.000000,0.000000,-1.000000
0.039721858,5,150,read_only,256,1,1.000000,1.000000,1.000000,{"1":1},1.000000,0.000000,0.000000,0.000000,1.000000,0.000000,-1.000000
0.039721858,5,150,union,256,1,1.000000,1.000000,1.000000,{"1":1},1.000000,0.000000,0.000000,0.000000,1.000000,0.000000,-1.000000
0.039721858,5,150,snapshot,256,42,1.000000,1.000000,1.000000,{"1":42},1.000000,0.000000,0.000000,0.000000,1.000000,0.000000,-1.000000
0.039721858,5,150,read_only,1024,1,1.000000,1.000000,1.000000,{"1":1},1.000000,0.000000,0.000000,0.000000,1.000000,0.000000,-1.000000
0.039721858,5,150,union,1024,1,1.000000,1.000000,1.000000,{"1":1},1.000000,0.000000,0.000000,0.000000,1.000000,0.000000,-1.000000
0.039721858,5,150,snapshot,1024,42,1.000000,1.000000,1.000000,{"1":42},1.000000,0.000000,0.000000,0.000000,1.000000,0.000000,-1.000000
0.039721858,5,150,read_only,4096,1,1.000000,1.000000,1.000000,{"1":1},1.000000,0.000000,0.000000,0.000000,1.000000,0.000000,-1.000000
0.039721858,5,150,union,4096,1,1.000000,1.000000,1.000000,{"1":1},1.000000,0.000000,0.000000,0.000000,1.000000,0.000000,-1.000000
0.039721858,5,150,snapshot,4096,42,1.000000,1.000000,1.000000,{"1":42},1.000000,0.000000,0.000000,0.000000,1.000000,0.000000,-1.000000
0.039721858,5,150,read_only,16384,1,1.000000,1.000000,1.000000,{"1":1},1.000000,0.000000,0.000000,0.000000,1.000000,0.000000,-1.000000
0.039721858,5,150,union,16384,1,1.000000,1.000000,1.000000,{"1":1},1.000000,0.000000,0.000000,0.000000,1.000000,0.000000,-1.000000
0.039721858,5,150,snapshot,16384,18,0.777778,0.893519,0.777778,{"1":42},0.777778,0.055556,0.166667,0.000000,0.777778,0.000000,0.000000
0.040768462,5,154,read_only,64,9,1.000000,1.000000,1.000000,{"1":9},1.000000,0.000000,0.000000,0.000000,1.000000,0.000000,-1.000000
0.040768462,5,154,union,64,9,1.000000,1.000000,1.000000,{"1":9},1.000000,0.000000,0.000000,0.000000,1.000000,0.000000,-1.000000
0.040768462,5,154,snapshot,64,9,1.000000,1.000000,1.000000,{"1":9},1.000000,0.000000,0.000000,0.000000,1.000000,0.000000,-1.000000
0.040768462,5,154,read_only,256,9,1.000000,1.000000,1.000000,{"1":9},1.000000,0.000000,0.000000,0.000000,1.000000,0.000000,-1.000000
0.040768462,5,154,union,256,9,1.000000,1.000000,1.000000,{"1":9},1.000000,0.000000,0.000000,0.000000,1.000000,0.000000,-1.000000
0.040768462,5,154,snapshot,256,9,1.000000,1.000000,1.000000,{"1":9},1.000000,0.000000,0.000000,0.000000,1.000000,0.000000,-1.000000
0.040768462,5,154,read_only,1024,9,1.000000,1.000000,1.000000,{"1":9},1.000000,0.000000,0.000000,0.000000,1.000000,0.000000,-1.000000
0.040768462,5,154,union,1024,9,1.000000,1.000000,1.000000,{"1":9},1.000000,0.000000,0.000000,0.000000,1.000000,0.000000,-1.000000
0.040768462,5,154,snapshot,1024,9,1.000000,1.000000,1.000000,{"1":9},1.000000,0.000000,0.000000,0.000000,1.000000,0.000000,-1.000000
0.040768462,5,154,read_only,4096,9,1.000000,1.000000,1.000000,{"1":9},1.000000,0.000000,0.000000,0.000000,1.000000,0.000000,-1.000000
0.040768462,5,154,union,4096,9,1.000000,1.000000,1.000000,{"1":9},1.000000,0.000000,0.000000,0.000000,1.000000,0.000000,-1.000000
0.040768462,5,154,snapshot,4096,9,1.000000,1.000000,1.000000,{"1":9},1.000000,0.000000,0.000000,0.000000,1.000000,0.000000,-1.000000
0.040768462,5,154,read_only,16384,3,0.333333,0.750000,0.333333,{"1":9},0.333333,0.666667,0.000000,0.000000,0.333333,0.000000,0.000000
0.040768462,5,154,union,16384,3,0.333333,0.750000,0.333333,{"1":9},0.333333,0.666667,0.000000,0.000000,0.333333,0.000000,0.000000
0.040768462,5,154,snapshot,16384,3,0.333333,0.750000,0.333333,{"1":9},0.333333,0.666667,0.000000,0.000000,0.333333,0.000000,0.000000
0.041032125,5,155,read_only,64,39,1.000000,1.000000,1.000000,{"1":39},1.000000,0.000000,0.000000,0.000000,1.000000,0.000000,-1.000000
0.041032125,5,155,union,64,39,1.000000,1.000000,1.000000,{"1":39},1.000000,0.000000,0.000000,0.000000,1.000000,0.000000,-1.000000
0.041032125,5,155,snapshot,64,48,1.000000,1.000000,1.000000,{"1":48},1.000000,0.000000,0.000000,0.000000,1.000000,0.000000,-1.000000
0.041032125,5,155,read_only,256,39,1.000000,1.000000,1.000000,{"1":39},1.000000,0.000000,0.000000,0.000000,1.000000,0.000000,-1.000000
0.041032125,5,155,union,256,39,1.000000,1.000000,1.000000,{"1":39},1.000000,0.000000,0.000000,0.000000,1.000000,0.000000,-1.000000
0.041032125,5,155,snapshot,256,48,1.000000,1.000000,1.000000,{"1":48},1.000000,0.000000,0.000000,0.000000,1.000000,0.000000,-1.000000
0.041032125,5,155,read_only,1024,39,1.000000,1.000000,1.000000,{"1":39},1.000000,0.000000,0.000000,0.000000,1.000000,0.000000,-1.000000
0.041032125,5,155,union,1024,39,1.000000,1.000000,1.000000,{"1":39},1.000000,0.000000,0.000000,0.000000,1.000000,0.000000,-1.000000
0.041032125,5,155,snapshot,1024,48,1.000000,1.000000,1.000000,{"1":48},1.000000,0.000000,0.000000,0.000000,1.000000,0.000000,-1.000000
0.041032125,5,155,read_only,4096,39,1.000000,1.000000,1.000000,{"1":39},1.000000,0.000000,0.000000,0.000000,1.000000,0.000000,-1.000000
0.041032125,5,155,union,4096,39,1.000000,1.000000,1.000000,{"1":39},1.000000,0.000000,0.000000,0.000000,1.000000,0.000000,-1.000000
0.041032125,5,155,snapshot,4096,48,1.000000,1.000000,1.000000,{"1":48},1.000000,0.000000,0.000000,0.000000,1.000000,0.000000,-1.000000
0.041032125,5,155,read_only,16384,13,0.769231,0.916667,0.769231,{"1":39},0.769231,0.230769,0.000000,0.000000,0.769231,0.000000,0.000000
0.041032125,5,155,union,16384,13,0.769231,0.916667,0.769231,{"1":39},0.769231,0.230769,0.000000,0.000000,0.769231,0.000000,0.000000
0.041032125,5,155,snapshot,16384,16,0.687500,0.885417,0.687500,{"1":48},0.687500,0.312500,0.000000,0.000000,0.687500,0.000000,0.000000
0.041294702,5,156,read_only,64,10,1.000000,1.000000,1.000000,{"1":10},1.000000,0.000000,0.000000,0.000000,1.000000,0.000000,-1.000000
0.041294702,5,156,union,64,10,1.000000,1.000000,1.000000,{"1":10},1.000000,0.000000,0.000000,0.000000,1.000000,0.000000,-1.000000
0.041294702,5,156,snapshot,64,58,1.000000,1.000000,1.000000,{"1":58},1.000000,0.000000,0.000000,0.000000,1.000000,0.000000,-1.000000
0.041294702,5,156,read_only,256,10,1.000000,1.000000,1.000000,{"1":10},1.000000,0.000000,0.000000,0.000000,1.000000,0.000000,-1.000000
0.041294702,5,156,union,256,10,1.000000,1.000000,1.000000,{"1":10},1.000000,0.000000,0.000000,0.000000,1.000000,0.000000,-1.000000
0.041294702,5,156,snapshot,256,58,1.000000,1.000000,1.000000,{"1":58},1.000000,0.000000,0.000000,0.000000,1.000000,0.000000,-1.000000
0.041294702,5,156,read_only,1024,10,1.000000,1.000000,1.000000,{"1":10},1.000000,0.000000,0.000000,0.000000,1.000000,0.000000,-1.000000
0.041294702,5,156,union,1024,10,1.000000,1.000000,1.000000,{"1":10},1.000000,0.000000,0.000000,0.000000,1.000000,0.000000,-1.000000
0.041294702,5,156,snapshot,1024,58,1.000000,1.000000,1.000000,{"1":58},1.000000,0.000000,0.000000,0.000000,1.000000,0.000000,-1.000000
0.041294702,5,156,read_only,4096,10,1.000000,1.000000,1.000000,{"1":10},1.000000,0.000000,0.000000,0.000000,1.000000,0.000000,-1.000000
0.041294702,5,156,union,4096,10,1.000000,1.000000,1.000000,{"1":10},1.000000,0.000000,0.000000,0.000000,1.000000,0.000000,-1.000000
0.041294702,5,156,snapshot,4096,58,1.000000,1.000000,1.000000,{"1":58},1.000000,0.000000,0.000000,0.000000,1.000000,0.000000,-1.000000
0.041294702,5,156,read_only,16384,5,1.000000,1.000000,1.000000,{"1":10},1.000000,0.000000,0.000000,0.000000,1.000000,0.000000,-1.000000
0.041294702,5,156,union,16384,5,1.000000,1.000000,1.000000,{"1":10},1.000000,0.000000,0.000000,0.000000,1.000000,0.000000,-1.000000
0.041294702,5,156,snapshot,16384,17,0.705882,0.911765,0.705882,{"1":58},0.705882,0.294118,0.000000,0.000000,0.705882,0.000000,0.000000
0.041572139,5,157,snapshot,64,58,1.000000,1.000000,1.000000,{"1":58},1.000000,0.000000,0.000000,0.000000,1.000000,0.000000,-1.000000
0.041572139,5,157,snapshot,256,58,1.000000,1.000000,1.000000,{"1":58},1.000000,0.000000,0.000000,0.000000,1.000000,0.000000,-1.000000
0.041572139,5,157,snapshot,1024,58,1.000000,1.000000,1.000000,{"1":58},1.000000,0.000000,0.000000,0.000000,1.000000,0.000000,-1.000000
0.041572139,5,157,snapshot,4096,58,1.000000,1.000000,1.000000,{"1":58},1.000000,0.000000,0.000000,0.000000,1.000000,0.000000,-1.000000
0.041572139,5,157,snapshot,16384,17,0.705882,0.911765,0.705882,{"1":58},0.705882,0.294118,0.000000,0.000000,0.705882,0.000000,0.000000
0.041810448,5,158,read_only,64,1,1.000000,1.000000,1.000000,{"1":1},1.000000,0.000000,0.000000,0.000000,1.000000,0.000000,-1.000000
0.041810448,5,158,union,64,1,1.000000,1.000000,1.000000,{"1":1},1.000000,0.000000,0.000000,0.000000,1.000000,0.000000,-1.000000
0.041810448,5,158,snapshot,64,59,1.000000,1.000000,1.000000,{"1":59},1.000000,0.000000,0.000000,0.000000,1.000000,0.000000,-1.000000
0.041810448,5,158,read_only,256,1,1.000000,1.000000,1.000000,{"1":1},1.000000,0.000000,0.000000,0.000000,1.000000,0.000000,-1.000000
0.041810448,5,158,union,256,1,1.000000,1.000000,1.000000,{"1":1},1.000000,0.000000,0.000000,0.000000,1.000000,0.000000,-1.000000
0.041810448,5,158,snapshot,256,59,1.000000,1.000000,1.000000,{"1":59},1.000000,0.000000,0.000000,0.000000,1.000000,0.000000,-1.000000
0.041810448,5,158,read_only,1024,1,1.000000,1.000000,1.000000,{"1":1},1.000000,0.000000,0.000000,0.000000,1.000000,0.000000,-1.000000
0.041810448,5,158,union,1024,1,1.000000,1.000000,1.000000,{"1":1},1.000000,0.000000,0.000000,0.000000,1.000000,0.000000,-1.000000
0.041810448,5,158,snapshot,1024,59,1.000000,1.000000,1.000000,{"1":59},1.000000,0.000000,0.000000,0.000000,1.000000,0.000000,-1.000000
0.041810448,5,158,read_only,4096,1,1.000000,1.000000,1.000000,{"1":1},1.000000,0.000000,0.000000,0.000000,1.000000,0.000000,-1.000000
0.041810448,5,158,union,4096,1,1.000000,1.000000,1.000000,{"1":1},1.000000,0.000000,0.000000,0.000000,1.000000,0.000000,-1.000000
0.041810448,5,158,snapshot,4096,59,1.000000,1.000000,1.000000,{"1":59},1.000000,0.000000,0.000000,0.000000,1.000000,0.000000,-1.000000
0.041810448,5,158,read_only,16384,1,1.000000,1.000000,1.000000,{"1":1},1.000000,0.000000,0.000000,0.000000,1.000000,0.000000,-1.000000
0.041810448,5,158,union,16384,1,1.000000,1.000000,1.000000,{"1":1},1.000000,0.000000,0.000000,0.000000,1.000000,0.000000,-1.000000
0.041810448,5,158,snapshot,16384,17,0.647059,0.882353,0.647059,{"1":59},0.647059,0.352941,0.000000,0.000000,0.647059,0.000000,0.000000
0.042041853,5,159,snapshot,64,59,1.000000,1.000000,1.000000,{"1":59},1.000000,0.000000,0.000000,0.000000,1.000000,0.000000,-1.000000
0.042041853,5,159,snapshot,256,59,1.000000,1.000000,1.000000,{"1":59},1.000000,0.000000,0.000000,0.000000,1.000000,0.000000,-1.000000
0.042041853,5,159,snapshot,1024,59,1.000000,1.000000,1.000000,{"1":59},1.000000,0.000000,0.000000,0.000000,1.000000,0.000000,-1.000000
0.042041853,5,159,snapshot,4096,59,1.000000,1.000000,1.000000,{"1":59},1.000000,0.000000,0.000000,0.000000,1.000000,0.000000,-1.000000
0.042041853,5,159,snapshot,16384,17,0.647059,0.882353,0.647059,{"1":59},0.647059,0.352941,0.000000,0.000000,0.647059,0.000000,0.000000
0.042366175,5,160,read_only,64,23,1.000000,1.000000,1.000000,{"1":23},1.000000,0.000000,0.000000,0.000000,1.000000,0.000000,-1.000000
0.042366175,5,160,union,64,23,1.000000,1.000000,1.000000,{"1":23},1.000000,0.000000,0.000000,0.000000,1.000000,0.000000,-1.000000
0.042366175,5,160,snapshot,64,82,1.000000,1.000000,1.000000,{"1":82},1.000000,0.000000,0.000000,0.000000,1.000000,0.000000,-1.000000
0.042366175,5,160,read_only,256,23,1.000000,1.000000,1.000000,{"1":23},1.000000,0.000000,0.000000,0.000000,1.000000,0.000000,-1.000000
0.042366175,5,160,union,256,23,1.000000,1.000000,1.000000,{"1":23},1.000000,0.000000,0.000000,0.000000,1.000000,0.000000,-1.000000
0.042366175,5,160,snapshot,256,82,1.000000,1.000000,1.000000,{"1":82},1.000000,0.000000,0.000000,0.000000,1.000000,0.000000,-1.000000
0.042366175,5,160,read_only,1024,23,1.000000,1.000000,1.000000,{"1":23},1.000000,0.000000,0.000000,0.000000,1.000000,0.000000,-1.000000
0.042366175,5,160,union,1024,23,1.000000,1.000000,1.000000,{"1":23},1.000000,0.000000,0.000000,0.000000,1.000000,0.000000,-1.000000
0.042366175,5,160,snapshot,1024,82,1.000000,1.000000,1.000000,{"1":82},1.000000,0.000000,0.000000,0.000000,1.000000,0.000000,-1.000000
0.042366175,5,160,read_only,4096,23,1.000000,1.000000,1.000000,{"1":23},1.000000,0.000000,0.000000,0.000000,1.000000,0.000000,-1.000000
0.042366175,5,160,union,4096,23,1.000000,1.000000,1.000000,{"1":23},1.000000,0.000000,0.000000,0.000000,1.000000,0.000000,-1.000000
0.042366175,5,160,snapshot,4096,82,1.000000,1.000000,1.000000,{"1":82},1.000000,0.000000,0.000000,0.000000,1.000000,0.000000,-1.000000
0.042366175,5,160,read_only,16384,7,0.428571,0.809524,0.428571,{"1":23},0.428571,0.571429,0.000000,0.000000,0.428571,0.000000,0.000000
0.042366175,5,160,union,16384,7,0.428571,0.809524,0.428571,{"1":23},0.428571,0.571429,0.000000,0.000000,0.428571,0.000000,0.000000
0.042366175,5,160,snapshot,16384,24,0.583333,0.861111,0.583333,{"1":82},0.583333,0.416667,0.000000,0.000000,0.583333,0.000000,0.000000
0.042640798,5,161,snapshot,64,82,1.000000,1.000000,1.000000,{"1":82},1.000000,0.000000,0.000000,0.000000,1.000000,0.000000,-1.000000
0.042640798,5,161,snapshot,256,82,1.000000,1.000000,1.000000,{"1":82},1.000000,0.000000,0.000000,0.000000,1.000000,0.000000,-1.000000
0.042640798,5,161,snapshot,1024,82,1.000000,1.000000,1.000000,{"1":82},1.000000,0.000000,0.000000,0.000000,1.000000,0.000000,-1.000000
0.042640798,5,161,snapshot,4096,82,1.000000,1.000000,1.000000,{"1":82},1.000000,0.000000,0.000000,0.000000,1.000000,0.000000,-1.000000
0.042640798,5,161,snapshot,16384,24,0.583333,0.861111,0.583333,{"1":82},0.583333,0.416667,0.000000,0.000000,0.583333,0.000000,0.000000
0.042912213,5,162,read_only,64,2,1.000000,1.000000,1.000000,{"1":2},1.000000,0.000000,0.000000,0.000000,1.000000,0.000000,-1.000000
0.042912213,5,162,union,64,2,1.000000,1.000000,1.000000,{"1":2},1.000000,0.000000,0.000000,0.000000,1.000000,0.000000,-1.000000
0.042912213,5,162,snapshot,64,84,1.000000,1.000000,1.000000,{"1":84},1.000000,0.000000,0.000000,0.000000,1.000000,0.000000,-1.000000
0.042912213,5,162,read_only,256,2,1.000000,1.000000,1.000000,{"1":2},1.000000,0.000000,0.000000,0.000000,1.000000,0.000000,-1.000000
0.042912213,5,162,union,256,2,1.000000,1.000000,1.000000,{"1":2},1.000000,0.000000,0.000000,0.000000,1.000000,0.000000,-1.000000
0.042912213,5,162,snapshot,256,84,1.000000,1.000000,1.000000,{"1":84},1.000000,0.000000,0.000000,0.000000,1.000000,0.000000,-1.000000
0.042912213,5,162,read_only,1024,2,1.000000,1.000000,1.000000,{"1":2},1.000000,0.000000,0.000000,0.000000,1.000000,0.000000,-1.000000
0.042912213,5,162,union,1024,2,1.000000,1.000000,1.000000,{"1":2},1.000000,0.000000,0.000000,0.000000,1.000000,0.000000,-1.000000
0.042912213,5,162,snapshot,1024,84,1.000000,1.000000,1.000000,{"1":84},1.000000,0.000000,0.000000,0.000000,1.000000,0.000000,-1.000000
0.042912213,5,162,read_only,4096,2,1.000000,1.000000,1.000000,{"1":2},1.000000,0.000000,0.000000,0.000000,1.000000,0.000000,-1.000000
0.042912213,5,162,union,4096,2,1.000000,1.000000,1.000000,{"1":2},1.000000,0.000000,0.000000,0.000000,1.000000,0.000000,-1.000000
0.042912213,5,162,snapshot,4096,84,1.000000,1.000000,1.000000,{"1":84},1.000000,0.000000,0.000000,0.000000,1.000000,0.000000,-1.000000
0.042912213,5,162,read_only,16384,1,1.000000,1.000000,1.000000,{"1":2},1.000000,0.000000,0.000000,0.000000,1.000000,0.000000,-1.000000
0.042912213,5,162,union,16384,1,1.000000,1.000000,1.000000,{"1":2},1.000000,0.000000,0.000000,0.000000,1.000000,0.000000,-1.000000
0.042912213,5,162,snapshot,16384,25,0.600000,0.866667,0.600000,{"1":84},0.600000,0.400000,0.000000,0.000000,0.600000,0.000000,0.000000
0.043200609,5,163,read_only,64,15,1.000000,1.000000,1.000000,{"1":15},1.000000,0.000000,0.000000,0.000000,1.000000,0.000000,-1.000000
0.043200609,5,163,union,64,15,1.000000,1.000000,1.000000,{"1":15},1.000000,0.000000,0.000000,0.000000,1.000000,0.000000,-1.000000
0.043200609,5,163,snapshot,64,13,1.000000,1.000000,1.000000,{"1":13},1.000000,0.000000,0.000000,0.000000,1.000000,0.000000,-1.000000
0.043200609,5,163,read_only,256,15,1.000000,1.000000,1.000000,{"1":15},1.000000,0.000000,0.000000,0.000000,1.000000,0.000000,-1.000000
0.043200609,5,163,union,256,15,1.000000,1.000000,1.000000,{"1":15},1.000000,0.000000,0.000000,0.000000,1.000000,0.000000,-1.000000
0.043200609,5,163,snapshot,256,13,1.000000,1.000000,1.000000,{"1":13},1.000000,0.000000,0.000000,0.000000,1.000000,0.000000,-1.000000
0.043200609,5,163,read_only,1024,15,1.000000,1.000000,1.000000,{"1":15},1.000000,0.000000,0.000000,0.000000,1.000000,0.000000,-1.000000
0.043200609,5,163,union,1024,15,1.000000,1.000000,1.000000,{"1":15},1.000000,0.000000,0.000000,0.000000,1.000000,0.000000,-1.000000
0.043200609,5,163,snapshot,1024,13,1.000000,1.000000,1.000000,{"1":13},1.000000,0.000000,0.000000,0.000000,1.000000,0.000000,-1.000000
0.043200609,5,163,read_only,4096,15,1.000000,1.000000,1.000000,{"1":15},1.000000,0.000000,0.000000,0.000000,1.000000,0.000000,-1.000000
0.043200609,5,163,union,4096,15,1.000000,1.000000,1.000000,{"1":15},1.000000,0.000000,0.000000,0.000000,1.000000,0.000000,-1.000000
0.043200609,5,163,snapshot,4096,13,1.000000,1.000000,1.000000,{"1":13},1.000000,0.000000,0.000000,0.000000,1.000000,0.000000,-1.000000
0.043200609,5,163,read_only,16384,9,0.888889,0.972222,0.888889,{"1":15},0.888889,0.111111,0.000000,0.000000,0.888889,0.000000,0.000000
0.043200609,5,163,union,16384,9,0.888889,0.972222,0.888889,{"1":15},0.888889,0.111111,0.000000,0.000000,0.888889,0.000000,0.000000
0.043200609,5,163,snapshot,16384,7,0.857143,0.964286,0.857143,{"1":13},0.857143,0.142857,0.000000,0.000000,0.857143,0.000000,0.000000
0.043435796,5,164,read_only,64,35,1.000000,1.000000,1.000000,{"1":35},1.000000,0.000000,0.000000,0.000000,1.000000,0.000000,-1.000000
0.043435796,5,164,union,64,35,1.000000,1.000000,1.000000,{"1":35},1.000000,0.000000,0.000000,0.000000,1.000000,0.000000,-1.000000
0.043435796,5,164,snapshot,64,48,1.000000,1.000000,1.000000,{"1":48},1.000000,0.000000,0.000000,0.000000,1.000000,0.000000,-1.000000
0.043435796,5,164,read_only,256,35,1.000000,1.000000,1.000000,{"1":35},1.000000,0.000000,0.000000,0.000000,1.000000,0.000000,-1.000000
0.043435796,5,164,union,256,35,1.000000,1.000000,1.000000,{"1":35},1.000000,0.000000,0.000000,0.000000,1.000000,0.000000,-1.000000
0.043435796,5,164,snapshot,256,48,1.000000,1.000000,1.000000,{"1":48},1.000000,0.000000,0.000000,0.000000,1.000000,0.000000,-1.000000
0.043435796,5,164,read_only,1024,35,1.000000,1.000000,1.000000,{"1":35},1.000000,0.000000,0.000000,0.000000,1.000000,0.000000,-1.000000
0.043435796,5,164,union,1024,35,1.000000,1.000000,1.000000,{"1":35},1.000000,0.000000,0.000000,0.000000,1.000000,0.000000,-1.000000
0.043435796,5,164,snapshot,1024,48,1.000000,1.000000,1.000000,{"1":48},1.000000,0.000000,0.000000,0.000000,1.000000,0.000000,-1.000000
0.043435796,5,164,read_only,4096,35,1.000000,1.000000,1.000000,{"1":35},1.000000,0.000000,0.000000,0.000000,1.000000,0.000000,-1.000000
0.043435796,5,164,union,4096,35,1.000000,1.000000,1.000000,{"1":35},1.000000,0.000000,0.000000,0.000000,1.000000,0.000000,-1.000000
0.043435796,5,164,snapshot,4096,48,1.000000,1.000000,1.000000,{"1":48},1.000000,0.000000,0.000000,0.000000,1.000000,0.000000,-1.000000
0.043435796,5,164,read_only,16384,12,0.833333,0.916667,0.833333,{"1":35},0.833333,0.166667,0.000000,0.000000,0.833333,0.000000,0.000000
0.043435796,5,164,union,16384,12,0.833333,0.916667,0.833333,{"1":35},0.833333,0.166667,0.000000,0.000000,0.833333,0.000000,0.000000
0.043435796,5,164,snapshot,16384,14,0.714286,0.892857,0.714286,{"1":48},0.714286,0.285714,0.000000,0.000000,0.714286,0.000000,0.000000
0.043791099,5,165,read_only,64,20,1.000000,1.000000,1.000000,{"1":20},1.000000,0.000000,0.000000,0.000000,1.000000,0.000000,-1.000000
0.043791099,5,165,union,64,20,1.000000,1.000000,1.000000,{"1":20},1.000000,0.000000,0.000000,0.000000,1.000000,0.000000,-1.000000
0.043791099,5,165,snapshot,64,68,1.000000,1.000000,1.000000,{"1":68},1.000000,0.000000,0.000000,0.000000,1.000000,0.000000,-1.000000
0.043791099,5,165,read_only,256,20,1.000000,1.000000,1.000000,{"1":20},1.000000,0.000000,0.000000,0.000000,1.000000,0.000000,-1.000000
0.043791099,5,165,union,256,20,1.000000,1.000000,1.000000,{"1":20},1.000000,0.000000,0.000000,0.000000,1.000000,0.000000,-1.000000
0.043791099,5,165,snapshot,256,68,1.000000,1.000000,1.000000,{"1":68},1.000000,0.000000,0.000000,0.000000,1.000000,0.000000,-1.000000
0.043791099,5,165,read_only,1024,20,1.000000,1.000000,1.000000,{"1":20},1.000000,0.000000,0.000000,0.000000,1.000000,0.000000,-1.000000
0.043791099,5,165,union,1024,20,1.000000,1.000000,1.000000,{"1":20},1.000000,0.000000,0.000000,0.000000,1.000000,0.000000,-1.000000
0.043791099,5,165,snapshot,1024,68,1.000000,1.000000,1.000000,{"1":68},1.000000,0.000000,0.000000,0.000000,1.000000,0.000000,-1.000000
0.043791099,5,165,read_only,4096,20,1.000000,1.000000,1.000000,{"1":20},1.000000,0.000000,0.000000,0.000000,1.000000,0.000000,-1.000000
0.043791099,5,165,union,4096,20,1.000000,1.000000,1.000000,{"1":20},1.000000,0.000000,0.000000,0.000000,1.000000,0.000000,-1.000000
0.043791099,5,165,snapshot,4096,68,1.000000,1.000000,1.000000,{"1":68},1.000000,0.000000,0.000000,0.000000,1.000000,0.000000,-1.000000
0.043791099,5,165,read_only,16384,8,0.625000,0.843750,0.625000,{"1":20},0.625000,0.375000,0.000000,0.000000,0.625000,0.000000,0.000000
0.043791099,5,165,union,16384,8,0.625000,0.843750,0.625000,{"1":20},0.625000,0.375000,0.000000,0.000000,0.625000,0.000000,0.000000
0.043791099,5,165,snapshot,16384,22,0.681818,0.875000,0.681818,{"1":68},0.681818,0.318182,0.000000,0.000000,0.681818,0.000000,0.000000
0.044130846,5,166,read_only,64,2,1.000000,1.000000,1.000000,{"1":2},1.000000,0.000000,0.000000,0.000000,1.000000,0.000000,-1.000000
0.044130846,5,166,union,64,2,1.000000,1.000000,1.000000,{"1":2},1.000000,0.000000,0.000000,0.000000,1.000000,0.000000,-1.000000
0.044130846,5,166,snapshot,64,70,1.000000,1.000000,1.000000,{"1":70},1.000000,0.000000,0.000000,0.000000,1.000000,0.000000,-1.000000
0.044130846,5,166,read_only,256,2,1.000000,1.000000,1.000000,{"1":2},1.000000,0.000000,0.000000,0.000000,1.000000,0.000000,-1.000000
0.044130846,5,166,union,256,2,1.000000,1.000000,1.000000,{"1":2},1.000000,0.000000,0.000000,0.000000,1.000000,0.000000,-1.000000
0.044130846,5,166,snapshot,256,70,1.000000,1.000000,1.000000,{"1":70},1.000000,0.000000,0.000000,0.000000,1.000000,0.000000,-1.000000
0.044130846,5,166,read_only,1024,2,1.000000,1.000000,1.000000,{"1":2},1.000000,0.000000,0.000000,0.000000,1.000000,0.000000,-1.000000
0.044130846,5,166,union,1024,2,1.000000,1.000000,1.000000,{"1":2},1.000000,0.000000,0.000000,0.000000,1.000000,0.000000,-1.000000
0.044130846,5,166,snapshot,1024,70,1.000000,1.000000,1.000000,{"1":70},1.000000,0.000000,0.000000,0.000000,1.000000,0.000000,-1.000000
0.044130846,5,166,read_only,4096,2,1.000000,1.000000,1.000000,{"1":2},1.000000,0.000000,0.000000,0.000000,1.000000,0.000000,-1.000000
0.044130846,5,166,union,4096,2,1.000000,1.000000,1.000000,{"1":2},1.000000,0.000000,0.000000,0.000000,1.000000,0.000000,-1.000000
0.044130846,5,166,snapshot,4096,70,1.000000,1.000000,1.000000,{"1":70},1.000000,0.000000,0.000000,0.000000,1.000000,0.000000,-1.000000
0.044130846,5,166,read_only,16384,2,1.000000,1.000000,1.000000,{"1":2},1.000000,0.000000,0.000000,0.000000,1.000000,0.000000,-1.000000
0.044130846,5,166,union,16384,2,1.000000,1.000000,1.000000,{"1":2},1.000000,0.000000,0.000000,0.000000,1.000000,0.000000,-1.000000
0.044130846,5,166,snapshot,16384,22,0.636364,0.863636,0.636364,{"1":70},0.636364,0.363636,0.000000,0.000000,0.636364,0.000000,0.000000
0.044399177,5,167,snapshot,64,70,1.000000,1.000000,1.000000,{"1":70},1.000000,0.000000,0.000000,0.000000,1.000000,0.000000,-1.000000
0.044399177,5,167,snapshot,256,70,1.000000,1.000000,1.000000,{"1":70},1.000000,0.000000,0.000000,0.000000,1.000000,0.000000,-1.000000
0.044399177,5,167,snapshot,1024,70,1.000000,1.000000,1.000000,{"1":70},1.000000,0.000000,0.000000,0.000000,1.000000,0.000000,-1.000000
0.044399177,5,167,snapshot,4096,70,1.000000,1.000000,1.000000,{"1":70},1.000000,0.000000,0.000000,0.000000,1.000000,0.000000,-1.000000
0.044399177,5,167,snapshot,16384,22,0.636364,0.863636,0.636364,{"1":70},0.636364,0.363636,0.000000,0.000000,0.636364,0.000000,0.000000
0.044662532,5,168,snapshot,64,70,1.000000,1.000000,1.000000,{"1":70},1.000000,0.000000,0.000000,0.000000,1.000000,0.000000,-1.000000
0.044662532,5,168,snapshot,256,70,1.000000,1.000000,1.000000,{"1":70},1.000000,0.000000,0.000000,0.000000,1.000000,0.000000,-1.000000
0.044662532,5,168,snapshot,1024,70,1.000000,1.000000,1.000000,{"1":70},1.000000,0.000000,0.000000,0.000000,1.000000,0.000000,-1.000000
0.044662532,5,168,snapshot,4096,70,1.000000,1.000000,1.000000,{"1":70},1.000000,0.000000,0.000000,0.000000,1.000000,0.000000,-1.000000
0.044662532,5,168,snapshot,16384,22,0.636364,0.863636,0.636364,{"1":70},0.636364,0.363636,0.000000,0.000000,0.636364,0.000000,0.000000
0.044955458,5,169,read_only,64,2,1.000000,1.000000,1.000000,{"1":2},1.000000,0.000000,0.000000,0.000000,1.000000,0.000000,-1.000000
0.044955458,5,169,union,64,2,1.000000,1.000000,1.000000,{"1":2},1.000000,0.000000,0.000000,0.000000,1.000000,0.000000,-1.000000
0.044955458,5,169,snapshot,64,72,1.000000,1.000000,1.000000,{"1":72},1.000000,0.000000,0.000000,0.000000,1.000000,0.000000,-1.000000
0.044955458,5,169,read_only,256,2,1.000000,1.000000,1.000000,{"1":2},1.000000,0.000000,0.000000,0.000000,1.000000,0.000000,-1.000000
0.044955458,5,169,union,256,2,1.000000,1.000000,1.000000,{"1":2},1.000000,0.000000,0.000000,0.000000,1.000000,0.000000,-1.000000
0.044955458,5,169,snapshot,256,72,1.000000,1.000000,1.000000,{"1":72},1.000000,0.000000,0.000000,0.000000,1.000000,0.000000,-1.000000
0.044955458,5,169,read_only,1024,2,1.000000,1.000000,1.000000,{"1":2},1.000000,0.000000,0.000000,0.000000,1.000000,0.000000,-1.000000
0.044955458,5,169,union,1024,2,1.000000,1.000000,1.000000,{"1":2},1.000000,0.000000,0.000000,0.000000,1.000000,0.000000,-1.000000
0.044955458,5,169,snapshot,1024,72,1.000000,1.000000,1.000000,{"1":72},1.000000,0.000000,0.000000,0.000000,1.000000,0.000000,-1.000000
0.044955458,5,169,read_only,4096,2,1.000000,1.000000,1.000000,{"1":2},1.000000,0.000000,0.000000,0.000000,1.000000,0.000000,-1.000000
0.044955458,5,169,union,4096,2,1.000000,1.000000,1.000000,{"1":2},1.000000,0.000000,0.000000,0.000000,1.000000,0.000000,-1.000000
0.044955458,5,169,snapshot,4096,72,1.000000,1.000000,1.000000,{"1":72},1.000000,0.000000,0.000000,0.000000,1.000000,0.000000,-1.000000
0.044955458,5,169,read_only,16384,1,1.000000,1.000000,1.000000,{"1":2},1.000000,0.000000,0.000000,0.000000,1.000000,0.000000,-1.000000
0.044955458,5,169,union,16384,1,1.000000,1.000000,1.000000,{"1":2},1.000000,0.000000,0.000000,0.000000,1.000000,0.000000,-1.000000
0.044955458,5,169,snapshot,16384,23,0.652174,0.869565,0.652174,{"1":72},0.652174,0.347826,0.000000,0.000000,0.652174,0.000000,0.000000
0.045282712,5,170,snapshot,64,72,1.000000,1.000000,1.000000,{"1":72},1.000000,0.000000,0.000000,0.000000,1.000000,0.000000,-1.000000
0.045282712,5,170,snapshot,256,72,1.000000,1.000000,1.000000,{"1":72},1.000000,0.000000,0.000000,0.000000,1.000000,0.000000,-1.000000
0.045282712,5,170,snapshot,1024,72,1.000000,1.000000,1.000000,{"1":72},1.000000,0.000000,0.000000,0.000000,1.000000,0.000000,-1.000000
0.045282712,5,170,snapshot,4096,72,1.000000,1.000000,1.000000,{"1":72},1.000000,0.000000,0.000000,0.000000,1.000000,0.000000,-1.000000
0.045282712,5,170,snapshot,16384,23,0.652174,0.869565,0.652174,{"1":72},0.652174,0.347826,0.000000,0.000000,0.652174,0.000000,0.000000
0.045531145,5,171,read_only,64,48,1.000000,1.000000,1.000000,{"1":48},1.000000,0.000000,0.000000,0.000000,1.000000,0.000000,-1.000000
0.045531145,5,171,union,64,48,1.000000,1.000000,1.000000,{"1":48},1.000000,0.000000,0.000000,0.000000,1.000000,0.000000,-1.000000
0.045531145,5,171,snapshot,64,120,1.000000,1.000000,1.000000,{"1":120},1.000000,0.000000,0.000000,0.000000,1.000000,0.000000,-1.000000
0.045531145,5,171,read_only,256,48,1.000000,1.000000,1.000000,{"1":48},1.000000,0.000000,0.000000,0.000000,1.000000,0.000000,-1.000000
0.045531145,5,171,union,256,48,1.000000,1.000000,1.000000,{"1":48},1.000000,0.000000,0.000000,0.000000,1.000000,0.000000,-1.000000
0.045531145,5,171,snapshot,256,120,1.000000,1.000000,1.000000,{"1":120},1.000000,0.000000,0.000000,0.000000,1.000000,0.000000,-1.000000
0.045531145,5,171,read_only,1024,48,1.000000,1.000000,1.000000,{"1":48},1.000000,0.000000,0.000000,0.000000,1.000000,0.000000,-1.000000
0.045531145,5,171,union,1024,48,1.000000,1.000000,1.000000,{"1":48},1.000000,0.000000,0.000000,0.000000,1.000000,0.000000,-1.000000
0.045531145,5,171,snapshot,1024,120,1.000000,1.000000,1.000000,{"1":120},1.000000,0.000000,0.000000,0.000000,1.000000,0.000000,-1.000000
0.045531145,5,171,read_only,4096,48,1.000000,1.000000,1.000000,{"1":48},1.000000,0.000000,0.000000,0.000000,1.000000,0.000000,-1.000000
0.045531145,5,171,union,4096,48,1.000000,1.000000,1.000000,{"1":48},1.000000,0.000000,0.000000,0.000000,1.000000,0.000000,-1.000000
0.045531145,5,171,snapshot,4096,120,1.000000,1.000000,1.000000,{"1":120},1.000000,0.000000,0.000000,0.000000,1.000000,0.000000,-1.000000
0.045531145,5,171,read_only,16384,14,0.714286,0.928571,0.714286,{"1":48},0.714286,0.285714,0.000000,0.000000,0.714286,0.000000,0.000000
0.045531145,5,171,union,16384,14,0.714286,0.928571,0.714286,{"1":48},0.714286,0.285714,0.000000,0.000000,0.714286,0.000000,0.000000
0.045531145,5,171,snapshot,16384,37,0.675676,0.891892,0.675676,{"1":120},0.675676,0.324324,0.000000,0.000000,0.675676,0.000000,0.000000
0.045773866,5,172,snapshot,64,120,1.000000,1.000000,1.000000,{"1":120},1.000000,0.000000,0.000000,0.000000,1.000000,0.000000,-1.000000
0.045773866,5,172,snapshot,256,120,1.000000,1.000000,1.000000,{"1":120},1.000000,0.000000,0.000000,0.000000,1.000000,0.000000,-1.000000
0.045773866,5,172,snapshot,1024,120,1.000000,1.000000,1.000000,{"1":120},1.000000,0.000000,0.000000,0.000000,1.000000,0.000000,-1.000000
0.045773866,5,172,snapshot,4096,120,1.000000,1.000000,1.000000,{"1":120},1.000000,0.000000,0.000000,0.000000,1.000000,0.000000,-1.000000
0.045773866,5,172,snapshot,16384,37,0.675676,0.891892,0.675676,{"1":120},0.675676,0.324324,0.000000,0.000000,0.675676,0.000000,0.000000
0.046011991,5,173,read_only,64,12,1.000000,1.000000,1.000000,{"1":12},1.000000,0.000000,0.000000,0.000000,1.000000,0.000000,-1.000000
0.046011991,5,173,union,64,12,1.000000,1.000000,1.000000,{"1":12},1.000000,0.000000,0.000000,0.000000,1.000000,0.000000,-1.000000
0.046011991,5,173,snapshot,64,132,1.000000,1.000000,1.000000,{"1":132},1.000000,0.000000,0.000000,0.000000,1.000000,0.000000,-1.000000
0.046011991,5,173,read_only,256,12,1.000000,1.000000,1.000000,{"1":12},1.000000,0.000000,0.000000,0.000000,1.000000,0.000000,-1.000000
0.046011991,5,173,union,256,12,1.000000,1.000000,1.000000,{"1":12},1.000000,0.000000,0.000000,0.000000,1.000000,0.000000,-1.000000
0.046011991,5,173,snapshot,256,132,1.000000,1.000000,1.000000,{"1":132},1.000000,0.000000,0.000000,0.000000,1.000000,0.000000,-1.000000
0.046011991,5,173,read_only,1024,12,1.000000,1.000000,1.000000,{"1":12},1.000000,0.000000,0.000000,0.000000,1.000000,0.000000,-1.000000
0.046011991,5,173,union,1024,12,1.000000,1.000000,1.000000,{"1":12},1.000000,0.000000,0.000000,0.000000,1.000000,0.000000,-1.000000
0.046011991,5,173,snapshot,1024,132,1.000000,1.000000,1.000000,{"1":132},1.000000,0.000000,0.000000,0.000000,1.000000,0.000000,-1.000000
0.046011991,5,173,read_only,4096,12,1.000000,1.000000,1.000000,{"1":12},1.000000,0.000000,0.000000,0.000000,1.000000,0.000000,-1.000000
0.046011991,5,173,union,4096,12,1.000000,1.000000,1.000000,{"1":12},1.000000,0.000000,0.000000,0.000000,1.000000,0.000000,-1.000000
0.046011991,5,173,snapshot,4096,132,1.000000,1.000000,1.000000,{"1":132},1.000000,0.000000,0.000000,0.000000,1.000000,0.000000,-1.000000
0.046011991,5,173,read_only,16384,6,0.666667,0.916667,0.666667,{"1":12},0.666667,0.333333,0.000000,0.000000,0.666667,0.000000,0.000000
0.046011991,5,173,union,16384,6,0.666667,0.916667,0.666667,{"1":12},0.666667,0.333333,0.000000,0.000000,0.666667,0.000000,0.000000
0.046011991,5,173,snapshot,16384,42,0.642857,0.880952,0.642857,{"1":132},0.642857,0.357143,0.000000,0.000000,0.642857,0.000000,0.000000
