sim_time,gpu_id,kernel_id,view,region_size_bytes,num_regions_with_entries,strict_coalescable_ratio,avg_relaxed_ratio,full_redundant_ratio,sharer_set_cardinality_dist_json,reg_card1_ratio,reg_card2_ratio,reg_card3_ratio,reg_card4plus_ratio,coalescable_private_ratio,coalescable_shared_ratio,shared_only_strict_ratio
0.000423690,4,0,read_only,64,14,1.000000,1.000000,1.000000,{"1":14},1.000000,0.000000,0.000000,0.000000,1.000000,0.000000,-1.000000
0.000423690,4,0,union,64,14,1.000000,1.000000,1.000000,{"1":14},1.000000,0.000000,0.000000,0.000000,1.000000,0.000000,-1.000000
0.000423690,4,0,snapshot,64,14,1.000000,1.000000,1.000000,{"1":14},1.000000,0.000000,0.000000,0.000000,1.000000,0.000000,-1.000000
0.000423690,4,0,read_only,256,14,1.000000,1.000000,1.000000,{"1":14},1.000000,0.000000,0.000000,0.000000,1.000000,0.000000,-1.000000
0.000423690,4,0,union,256,14,1.000000,1.000000,1.000000,{"1":14},1.000000,0.000000,0.000000,0.000000,1.000000,0.000000,-1.000000
0.000423690,4,0,snapshot,256,14,1.000000,1.000000,1.000000,{"1":14},1.000000,0.000000,0.000000,0.000000,1.000000,0.000000,-1.000000
0.000423690,4,0,read_only,1024,14,1.000000,1.000000,1.000000,{"1":14},1.000000,0.000000,0.000000,0.000000,1.000000,0.000000,-1.000000
0.000423690,4,0,union,1024,14,1.000000,1.000000,1.000000,{"1":14},1.000000,0.000000,0.000000,0.000000,1.000000,0.000000,-1.000000
0.000423690,4,0,snapshot,1024,14,1.000000,1.000000,1.000000,{"1":14},1.000000,0.000000,0.000000,0.000000,1.000000,0.000000,-1.000000
0.000423690,4,0,read_only,4096,4,1.000000,1.000000,1.000000,{"1":14},1.000000,0.000000,0.000000,0.000000,1.000000,0.000000,-1.000000
0.000423690,4,0,union,4096,4,1.000000,1.000000,1.000000,{"1":14},1.000000,0.000000,0.000000,0.000000,1.000000,0.000000,-1.000000
0.000423690,4,0,snapshot,4096,4,1.000000,1.000000,1.000000,{"1":14},1.000000,0.000000,0.000000,0.000000,1.000000,0.000000,-1.000000
0.000423690,4,0,read_only,16384,2,0.000000,0.583333,0.000000,{"1":14},0.000000,1.000000,0.000000,0.000000,0.000000,0.000000,0.000000
0.000423690,4,0,union,16384,2,0.000000,0.583333,0.000000,{"1":14},0.000000,1.000000,0.000000,0.000000,0.000000,0.000000,0.000000
0.000423690,4,0,snapshot,16384,2,0.000000,0.583333,0.000000,{"1":14},0.000000,1.000000,0.000000,0.000000,0.000000,0.000000,0.000000
0.000656003,4,1,snapshot,64,14,1.000000,1.000000,1.000000,{"1":14},1.000000,0.000000,0.000000,0.000000,1.000000,0.000000,-1.000000
0.000656003,4,1,snapshot,256,14,1.000000,1.000000,1.000000,{"1":14},1.000000,0.000000,0.000000,0.000000,1.000000,0.000000,-1.000000
0.000656003,4,1,snapshot,1024,14,1.000000,1.000000,1.000000,{"1":14},1.000000,0.000000,0.000000,0.000000,1.000000,0.000000,-1.000000
0.000656003,4,1,snapshot,4096,4,1.000000,1.000000,1.000000,{"1":14},1.000000,0.000000,0.000000,0.000000,1.000000,0.000000,-1.000000
0.000656003,4,1,snapshot,16384,2,0.000000,0.583333,0.000000,{"1":14},0.000000,1.000000,0.000000,0.000000,0.000000,0.000000,0.000000
0.000943955,4,2,snapshot,64,14,1.000000,1.000000,1.000000,{"1":14},1.000000,0.000000,0.000000,0.000000,1.000000,0.000000,-1.000000
0.000943955,4,2,snapshot,256,14,1.000000,1.000000,1.000000,{"1":14},1.000000,0.000000,0.000000,0.000000,1.000000,0.000000,-1.000000
0.000943955,4,2,snapshot,1024,14,1.000000,1.000000,1.000000,{"1":14},1.000000,0.000000,0.000000,0.000000,1.000000,0.000000,-1.000000
0.000943955,4,2,snapshot,4096,4,1.000000,1.000000,1.000000,{"1":14},1.000000,0.000000,0.000000,0.000000,1.000000,0.000000,-1.000000
0.000943955,4,2,snapshot,16384,2,0.000000,0.583333,0.000000,{"1":14},0.000000,1.000000,0.000000,0.000000,0.000000,0.000000,0.000000
0.001172690,4,3,snapshot,64,14,1.000000,1.000000,1.000000,{"1":14},1.000000,0.000000,0.000000,0.000000,1.000000,0.000000,-1.000000
0.001172690,4,3,snapshot,256,14,1.000000,1.000000,1.000000,{"1":14},1.000000,0.000000,0.000000,0.000000,1.000000,0.000000,-1.000000
0.001172690,4,3,snapshot,1024,14,1.000000,1.000000,1.000000,{"1":14},1.000000,0.000000,0.000000,0.000000,1.000000,0.000000,-1.000000
0.001172690,4,3,snapshot,4096,4,1.000000,1.000000,1.000000,{"1":14},1.000000,0.000000,0.000000,0.000000,1.000000,0.000000,-1.000000
0.001172690,4,3,snapshot,16384,2,0.000000,0.583333,0.000000,{"1":14},0.000000,1.000000,0.000000,0.000000,0.000000,0.000000,0.000000
0.001407523,4,4,read_only,64,32,1.000000,1.000000,1.000000,{"1":32},1.000000,0.000000,0.000000,0.000000,1.000000,0.000000,-1.000000
0.001407523,4,4,union,64,32,1.000000,1.000000,1.000000,{"1":32},1.000000,0.000000,0.000000,0.000000,1.000000,0.000000,-1.000000
0.001407523,4,4,snapshot,64,46,1.000000,1.000000,1.000000,{"1":46},1.000000,0.000000,0.000000,0.000000,1.000000,0.000000,-1.000000
0.001407523,4,4,read_only,256,32,1.000000,1.000000,1.000000,{"1":32},1.000000,0.000000,0.000000,0.000000,1.000000,0.000000,-1.000000
0.001407523,4,4,union,256,32,1.000000,1.000000,1.000000,{"1":32},1.000000,0.000000,0.000000,0.000000,1.000000,0.000000,-1.000000
0.001407523,4,4,snapshot,256,46,1.000000,1.000000,1.000000,{"1":46},1.000000,0.000000,0.000000,0.000000,1.000000,0.000000,-1.000000
0.001407523,4,4,read_only,1024,32,1.000000,1.000000,1.000000,{"1":32},1.000000,0.000000,0.000000,0.000000,1.000000,0.000000,-1.000000
0.001407523,4,4,union,1024,32,1.000000,1.000000,1.000000,{"1":32},1.000000,0.000000,0.000000,0.000000,1.000000,0.000000,-1.000000
0.001407523,4,4,snapshot,1024,46,1.000000,1.000000,1.000000,{"1":46},1.000000,0.000000,0.000000,0.000000,1.000000,0.000000,-1.000000
0.001407523,4,4,read_only,4096,8,1.000000,1.000000,1.000000,{"1":32},1.000000,0.000000,0.000000,0.000000,1.000000,0.000000,-1.000000
0.001407523,4,4,union,4096,8,1.000000,1.000000,1.000000,{"1":32},1.000000,0.000000,0.000000,0.000000,1.000000,0.000000,-1.000000
0.001407523,4,4,snapshot,4096,12,1.000000,1.000000,1.000000,{"1":46},1.000000,0.000000,0.000000,0.000000,1.000000,0.000000,-1.000000
0.001407523,4,4,read_only,16384,3,0.666667,0.833333,0.666667,{"1":32},0.666667,0.333333,0.000000,0.000000,0.666667,0.000000,0.000000
0.001407523,4,4,union,16384,3,0.666667,0.833333,0.666667,{"1":32},0.666667,0.333333,0.000000,0.000000,0.666667,0.000000,0.000000
0.001407523,4,4,snapshot,16384,5,0.400000,0.733333,0.400000,{"1":46},0.400000,0.600000,0.000000,0.000000,0.400000,0.000000,0.000000
0.001641812,4,5,snapshot,64,46,1.000000,1.000000,1.000000,{"1":46},1.000000,0.000000,0.000000,0.000000,1.000000,0.000000,-1.000000
0.001641812,4,5,snapshot,256,46,1.000000,1.000000,1.000000,{"1":46},1.000000,0.000000,0.000000,0.000000,1.000000,0.000000,-1.000000
0.001641812,4,5,snapshot,1024,46,1.000000,1.000000,1.000000,{"1":46},1.000000,0.000000,0.000000,0.000000,1.000000,0.000000,-1.000000
0.001641812,4,5,snapshot,4096,12,1.000000,1.000000,1.000000,{"1":46},1.000000,0.000000,0.000000,0.000000,1.000000,0.000000,-1.000000
0.001641812,4,5,snapshot,16384,5,0.400000,0.733333,0.400000,{"1":46},0.400000,0.600000,0.000000,0.000000,0.400000,0.000000,0.000000
0.002660224,4,6,read_only,64,4,1.000000,1.000000,1.000000,{"1":4},1.000000,0.000000,0.000000,0.000000,1.000000,0.000000,-1.000000
0.002660224,4,6,union,64,4,1.000000,1.000000,1.000000,{"1":4},1.000000,0.000000,0.000000,0.000000,1.000000,0.000000,-1.000000
0.002660224,4,6,snapshot,64,50,1.000000,1.000000,1.000000,{"1":50},1.000000,0.000000,0.000000,0.000000,1.000000,0.000000,-1.000000
0.002660224,4,6,read_only,256,4,1.000000,1.000000,1.000000,{"1":4},1.000000,0.000000,0.000000,0.000000,1.000000,0.000000,-1.000000
0.002660224,4,6,union,256,4,1.000000,1.000000,1.000000,{"1":4},1.000000,0.000000,0.000000,0.000000,1.000000,0.000000,-1.000000
0.002660224,4,6,snapshot,256,50,1.000000,1.000000,1.000000,{"1":50},1.000000,0.000000,0.000000,0.000000,1.000000,0.000000,-1.000000
0.002660224,4,6,read_only,1024,4,1.000000,1.000000,1.000000,{"1":4},1.000000,0.000000,0.000000,0.000000,1.000000,0.000000,-1.000000
0.002660224,4,6,union,1024,4,1.000000,1.000000,1.000000,{"1":4},1.000000,0.000000,0.000000,0.000000,1.000000,0.000000,-1.000000
0.002660224,4,6,snapshot,1024,50,1.000000,1.000000,1.000000,{"1":50},1.000000,0.000000,0.000000,0.000000,1.000000,0.000000,-1.000000
0.002660224,4,6,read_only,4096,1,1.000000,1.000000,1.000000,{"1":4},1.000000,0.000000,0.000000,0.000000,1.000000,0.000000,-1.000000
0.002660224,4,6,union,4096,1,1.000000,1.000000,1.000000,{"1":4},1.000000,0.000000,0.000000,0.000000,1.000000,0.000000,-1.000000
0.002660224,4,6,snapshot,4096,13,1.000000,1.000000,1.000000,{"1":50},1.000000,0.000000,0.000000,0.000000,1.000000,0.000000,-1.000000
0.002660224,4,6,read_only,16384,1,1.000000,1.000000,1.000000,{"1":4},1.000000,0.000000,0.000000,0.000000,1.000000,0.000000,-1.000000
0.002660224,4,6,union,16384,1,1.000000,1.000000,1.000000,{"1":4},1.000000,0.000000,0.000000,0.000000,1.000000,0.000000,-1.000000
0.002660224,4,6,snapshot,16384,6,0.500000,0.777778,0.500000,{"1":50},0.500000,0.500000,0.000000,0.000000,0.500000,0.000000,0.000000
0.002895066,4,7,snapshot,64,50,1.000000,1.000000,1.000000,{"1":50},1.000000,0.000000,0.000000,0.000000,1.000000,0.000000,-1.000000
0.002895066,4,7,snapshot,256,50,1.000000,1.000000,1.000000,{"1":50},1.000000,0.000000,0.000000,0.000000,1.000000,0.000000,-1.000000
0.002895066,4,7,snapshot,1024,50,1.000000,1.000000,1.000000,{"1":50},1.000000,0.000000,0.000000,0.000000,1.000000,0.000000,-1.000000
0.002895066,4,7,snapshot,4096,13,1.000000,1.000000,1.000000,{"1":50},1.000000,0.000000,0.000000,0.000000,1.000000,0.000000,-1.000000
0.002895066,4,7,snapshot,16384,6,0.500000,0.777778,0.500000,{"1":50},0.500000,0.500000,0.000000,0.000000,0.500000,0.000000,0.000000
0.003128569,4,8,snapshot,64,50,1.000000,1.000000,1.000000,{"1":50},1.000000,0.000000,0.000000,0.000000,1.000000,0.000000,-1.000000
0.003128569,4,8,snapshot,256,50,1.000000,1.000000,1.000000,{"1":50},1.000000,0.000000,0.000000,0.000000,1.000000,0.000000,-1.000000
0.003128569,4,8,snapshot,1024,50,1.000000,1.000000,1.000000,{"1":50},1.000000,0.000000,0.000000,0.000000,1.000000,0.000000,-1.000000
0.003128569,4,8,snapshot,4096,13,1.000000,1.000000,1.000000,{"1":50},1.000000,0.000000,0.000000,0.000000,1.000000,0.000000,-1.000000
0.003128569,4,8,snapshot,16384,6,0.500000,0.777778,0.500000,{"1":50},0.500000,0.500000,0.000000,0.000000,0.500000,0.000000,0.000000
0.003362409,4,9,read_only,64,32,1.000000,1.000000,1.000000,{"1":32},1.000000,0.000000,0.000000,0.000000,1.000000,0.000000,-1.000000
0.003362409,4,9,union,64,32,1.000000,1.000000,1.000000,{"1":32},1.000000,0.000000,0.000000,0.000000,1.000000,0.000000,-1.000000
0.003362409,4,9,snapshot,64,82,1.000000,1.000000,1.000000,{"1":82},1.000000,0.000000,0.000000,0.000000,1.000000,0.000000,-1.000000
0.003362409,4,9,read_only,256,32,1.000000,1.000000,1.000000,{"1":32},1.000000,0.000000,0.000000,0.000000,1.000000,0.000000,-1.000000
0.003362409,4,9,union,256,32,1.000000,1.000000,1.000000,{"1":32},1.000000,0.000000,0.000000,0.000000,1.000000,0.000000,-1.000000
0.003362409,4,9,snapshot,256,82,1.000000,1.000000,1.000000,{"1":82},1.000000,0.000000,0.000000,0.000000,1.000000,0.000000,-1.000000
0.003362409,4,9,read_only,1024,32,1.000000,1.000000,1.000000,{"1":32},1.000000,0.000000,0.000000,0.000000,1.000000,0.000000,-1.000000
0.003362409,4,9,union,1024,32,1.000000,1.000000,1.000000,{"1":32},1.000000,0.000000,0.000000,0.000000,1.000000,0.000000,-1.000000
0.003362409,4,9,snapshot,1024,82,1.000000,1.000000,1.000000,{"1":82},1.000000,0.000000,0.000000,0.000000,1.000000,0.000000,-1.000000
0.003362409,4,9,read_only,4096,8,1.000000,1.000000,1.000000,{"1":32},1.000000,0.000000,0.000000,0.000000,1.000000,0.000000,-1.000000
0.003362409,4,9,union,4096,8,1.000000,1.000000,1.000000,{"1":32},1.000000,0.000000,0.000000,0.000000,1.000000,0.000000,-1.000000
0.003362409,4,9,snapshot,4096,21,1.000000,1.000000,1.000000,{"1":82},1.000000,0.000000,0.000000,0.000000,1.000000,0.000000,-1.000000
0.003362409,4,9,read_only,16384,3,0.666667,0.833333,0.666667,{"1":32},0.666667,0.333333,0.000000,0.000000,0.666667,0.000000,0.000000
0.003362409,4,9,union,16384,3,0.666667,0.833333,0.666667,{"1":32},0.666667,0.333333,0.000000,0.000000,0.666667,0.000000,0.000000
0.003362409,4,9,snapshot,16384,9,0.555556,0.796296,0.555556,{"1":82},0.555556,0.444444,0.000000,0.000000,0.555556,0.000000,0.000000
0.003610132,4,10,read_only,64,80,1.000000,1.000000,1.000000,{"1":80},1.000000,0.000000,0.000000,0.000000,1.000000,0.000000,-1.000000
0.003610132,4,10,union,64,80,1.000000,1.000000,1.000000,{"1":80},1.000000,0.000000,0.000000,0.000000,1.000000,0.000000,-1.000000
0.003610132,4,10,snapshot,64,162,1.000000,1.000000,1.000000,{"1":162},1.000000,0.000000,0.000000,0.000000,1.000000,0.000000,-1.000000
0.003610132,4,10,read_only,256,80,1.000000,1.000000,1.000000,{"1":80},1.000000,0.000000,0.000000,0.000000,1.000000,0.000000,-1.000000
0.003610132,4,10,union,256,80,1.000000,1.000000,1.000000,{"1":80},1.000000,0.000000,0.000000,0.000000,1.000000,0.000000,-1.000000
0.003610132,4,10,snapshot,256,162,1.000000,1.000000,1.000000,{"1":162},1.000000,0.000000,0.000000,0.000000,1.000000,0.000000,-1.000000
0.003610132,4,10,read_only,1024,80,1.000000,1.000000,1.000000,{"1":80},1.000000,0.000000,0.000000,0.000000,1.000000,0.000000,-1.000000
0.003610132,4,10,union,1024,80,1.000000,1.000000,1.000000,{"1":80},1.000000,0.000000,0.000000,0.000000,1.000000,0.000000,-1.000000
0.003610132,4,10,snapshot,1024,162,1.000000,1.000000,1.000000,{"1":162},1.000000,0.000000,0.000000,0.000000,1.000000,0.000000,-1.000000
0.003610132,4,10,read_only,4096,20,1.000000,1.000000,1.000000,{"1":80},1.000000,0.000000,0.000000,0.000000,1.000000,0.000000,-1.000000
0.003610132,4,10,union,4096,20,1.000000,1.000000,1.000000,{"1":80},1.000000,0.000000,0.000000,0.000000,1.000000,0.000000,-1.000000
0.003610132,4,10,snapshot,4096,41,1.000000,1.000000,1.000000,{"1":162},1.000000,0.000000,0.000000,0.000000,1.000000,0.000000,-1.000000
0.003610132,4,10,read_only,16384,7,0.714286,0.916667,0.714286,{"1":80},0.714286,0.285714,0.000000,0.000000,0.714286,0.000000,0.000000
0.003610132,4,10,union,16384,7,0.714286,0.916667,0.714286,{"1":80},0.714286,0.285714,0.000000,0.000000,0.714286,0.000000,0.000000
0.003610132,4,10,snapshot,16384,16,0.625000,0.848958,0.625000,{"1":162},0.625000,0.375000,0.000000,0.000000,0.625000,0.000000,0.000000
0.003847393,4,11,snapshot,64,162,1.000000,1.000000,1.000000,{"1":162},1.000000,0.000000,0.000000,0.000000,1.000000,0.000000,-1.000000
0.003847393,4,11,snapshot,256,162,1.000000,1.000000,1.000000,{"1":162},1.000000,0.000000,0.000000,0.000000,1.000000,0.000000,-1.000000
0.003847393,4,11,snapshot,1024,162,1.000000,1.000000,1.000000,{"1":162},1.000000,0.000000,0.000000,0.000000,1.000000,0.000000,-1.000000
0.003847393,4,11,snapshot,4096,41,1.000000,1.000000,1.000000,{"1":162},1.000000,0.000000,0.000000,0.000000,1.000000,0.000000,-1.000000
0.003847393,4,11,snapshot,16384,16,0.625000,0.848958,0.625000,{"1":162},0.625000,0.375000,0.000000,0.000000,0.625000,0.000000,0.000000
0.004081354,4,12,read_only,64,1,1.000000,1.000000,1.000000,{"1":1},1.000000,0.000000,0.000000,0.000000,1.000000,0.000000,-1.000000
0.004081354,4,12,union,64,1,1.000000,1.000000,1.000000,{"1":1},1.000000,0.000000,0.000000,0.000000,1.000000,0.000000,-1.000000
0.004081354,4,12,snapshot,64,163,1.000000,1.000000,1.000000,{"1":163},1.000000,0.000000,0.000000,0.000000,1.000000,0.000000,-1.000000
0.004081354,4,12,read_only,256,1,1.000000,1.000000,1.000000,{"1":1},1.000000,0.000000,0.000000,0.000000,1.000000,0.000000,-1.000000
0.004081354,4,12,union,256,1,1.000000,1.000000,1.000000,{"1":1},1.000000,0.000000,0.000000,0.000000,1.000000,0.000000,-1.000000
0.004081354,4,12,snapshot,256,163,1.000000,1.000000,1.000000,{"1":163},1.000000,0.000000,0.000000,0.000000,1.000000,0.000000,-1.000000
0.004081354,4,12,read_only,1024,1,1.000000,1.000000,1.000000,{"1":1},1.000000,0.000000,0.000000,0.000000,1.000000,0.000000,-1.000000
0.004081354,4,12,union,1024,1,1.000000,1.000000,1.000000,{"1":1},1.000000,0.000000,0.000000,0.000000,1.000000,0.000000,-1.000000
0.004081354,4,12,snapshot,1024,163,1.000000,1.000000,1.000000,{"1":163},1.000000,0.000000,0.000000,0.000000,1.000000,0.000000,-1.000000
0.004081354,4,12,read_only,4096,1,1.000000,1.000000,1.000000,{"1":1},1.000000,0.000000,0.000000,0.000000,1.000000,0.000000,-1.000000
0.004081354,4,12,union,4096,1,1.000000,1.000000,1.000000,{"1":1},1.000000,0.000000,0.000000,0.000000,1.000000,0.000000,-1.000000
0.004081354,4,12,snapshot,4096,42,1.000000,1.000000,1.000000,{"1":163},1.000000,0.000000,0.000000,0.000000,1.000000,0.000000,-1.000000
0.004081354,4,12,read_only,16384,1,1.000000,1.000000,1.000000,{"1":1},1.000000,0.000000,0.000000,0.000000,1.000000,0.000000,-1.000000
0.004081354,4,12,union,16384,1,1.000000,1.000000,1.000000,{"1":1},1.000000,0.000000,0.000000,0.000000,1.000000,0.000000,-1.000000
0.004081354,4,12,snapshot,16384,16,0.562500,0.836458,0.562500,{"1":163},0.562500,0.437500,0.000000,0.000000,0.562500,0.000000,0.000000
0.004314708,4,13,snapshot,64,163,1.000000,1.000000,1.000000,{"1":163},1.000000,0.000000,0.000000,0.000000,1.000000,0.000000,-1.000000
0.004314708,4,13,snapshot,256,163,1.000000,1.000000,1.000000,{"1":163},1.000000,0.000000,0.000000,0.000000,1.000000,0.000000,-1.000000
0.004314708,4,13,snapshot,1024,163,1.000000,1.000000,1.000000,{"1":163},1.000000,0.000000,0.000000,0.000000,1.000000,0.000000,-1.000000
0.004314708,4,13,snapshot,4096,42,1.000000,1.000000,1.000000,{"1":163},1.000000,0.000000,0.000000,0.000000,1.000000,0.000000,-1.000000
0.004314708,4,13,snapshot,16384,16,0.562500,0.836458,0.562500,{"1":163},0.562500,0.437500,0.000000,0.000000,0.562500,0.000000,0.000000
0.004724356,4,14,read_only,64,29,1.000000,1.000000,1.000000,{"1":29},1.000000,0.000000,0.000000,0.000000,1.000000,0.000000,-1.000000
0.004724356,4,14,union,64,29,1.000000,1.000000,1.000000,{"1":29},1.000000,0.000000,0.000000,0.000000,1.000000,0.000000,-1.000000
0.004724356,4,14,snapshot,64,192,1.000000,1.000000,1.000000,{"1":192},1.000000,0.000000,0.000000,0.000000,1.000000,0.000000,-1.000000
0.004724356,4,14,read_only,256,29,1.000000,1.000000,1.000000,{"1":29},1.000000,0.000000,0.000000,0.000000,1.000000,0.000000,-1.000000
0.004724356,4,14,union,256,29,1.000000,1.000000,1.000000,{"1":29},1.000000,0.000000,0.000000,0.000000,1.000000,0.000000,-1.000000
0.004724356,4,14,snapshot,256,192,1.000000,1.000000,1.000000,{"1":192},1.000000,0.000000,0.000000,0.000000,1.000000,0.000000,-1.000000
0.004724356,4,14,read_only,1024,29,1.000000,1.000000,1.000000,{"1":29},1.000000,0.000000,0.000000,0.000000,1.000000,0.000000,-1.000000
0.004724356,4,14,union,1024,29,1.000000,1.000000,1.000000,{"1":29},1.000000,0.000000,0.000000,0.000000,1.000000,0.000000,-1.000000
0.004724356,4,14,snapshot,1024,192,1.000000,1.000000,1.000000,{"1":192},1.000000,0.000000,0.000000,0.000000,1.000000,0.000000,-1.000000
0.004724356,4,14,read_only,4096,8,1.000000,1.000000,1.000000,{"1":29},1.000000,0.000000,0.000000,0.000000,1.000000,0.000000,-1.000000
0.004724356,4,14,union,4096,8,1.000000,1.000000,1.000000,{"1":29},1.000000,0.000000,0.000000,0.000000,1.000000,0.000000,-1.000000
0.004724356,4,14,snapshot,4096,50,1.000000,1.000000,1.000000,{"1":192},1.000000,0.000000,0.000000,0.000000,1.000000,0.000000,-1.000000
0.004724356,4,14,read_only,16384,4,1.000000,1.000000,1.000000,{"1":29},1.000000,0.000000,0.000000,0.000000,1.000000,0.000000,-1.000000
0.004724356,4,14,union,16384,4,1.000000,1.000000,1.000000,{"1":29},1.000000,0.000000,0.000000,0.000000,1.000000,0.000000,-1.000000
0.004724356,4,14,snapshot,16384,19,0.631579,0.866667,0.631579,{"1":192},0.631579,0.368421,0.000000,0.000000,0.631579,0.000000,0.000000
0.004957670,4,15,snapshot,64,192,1.000000,1.000000,1.000000,{"1":192},1.000000,0.000000,0.000000,0.000000,1.000000,0.000000,-1.000000
0.004957670,4,15,snapshot,256,192,1.000000,1.000000,1.000000,{"1":192},1.000000,0.000000,0.000000,0.000000,1.000000,0.000000,-1.000000
0.004957670,4,15,snapshot,1024,192,1.000000,1.000000,1.000000,{"1":192},1.000000,0.000000,0.000000,0.000000,1.000000,0.000000,-1.000000
0.004957670,4,15,snapshot,4096,50,1.000000,1.000000,1.000000,{"1":192},1.000000,0.000000,0.000000,0.000000,1.000000,0.000000,-1.000000
0.004957670,4,15,snapshot,16384,19,0.631579,0.866667,0.631579,{"1":192},0.631579,0.368421,0.000000,0.000000,0.631579,0.000000,0.000000
0.005192666,4,16,read_only,64,4,1.000000,1.000000,1.000000,{"1":4},1.000000,0.000000,0.000000,0.000000,1.000000,0.000000,-1.000000
0.005192666,4,16,union,64,4,1.000000,1.000000,1.000000,{"1":4},1.000000,0.000000,0.000000,0.000000,1.000000,0.000000,-1.000000
0.005192666,4,16,snapshot,64,196,1.000000,1.000000,1.000000,{"1":196},1.000000,0.000000,0.000000,0.000000,1.000000,0.000000,-1.000000
0.005192666,4,16,read_only,256,4,1.000000,1.000000,1.000000,{"1":4},1.000000,0.000000,0.000000,0.000000,1.000000,0.000000,-1.000000
0.005192666,4,16,union,256,4,1.000000,1.000000,1.000000,{"1":4},1.000000,0.000000,0.000000,0.000000,1.000000,0.000000,-1.000000
0.005192666,4,16,snapshot,256,196,1.000000,1.000000,1.000000,{"1":196},1.000000,0.000000,0.000000,0.000000,1.000000,0.000000,-1.000000
0.005192666,4,16,read_only,1024,4,1.000000,1.000000,1.000000,{"1":4},1.000000,0.000000,0.000000,0.000000,1.000000,0.000000,-1.000000
0.005192666,4,16,union,1024,4,1.000000,1.000000,1.000000,{"1":4},1.000000,0.000000,0.000000,0.000000,1.000000,0.000000,-1.000000
0.005192666,4,16,snapshot,1024,196,1.000000,1.000000,1.000000,{"1":196},1.000000,0.000000,0.000000,0.000000,1.000000,0.000000,-1.000000
0.005192666,4,16,read_only,4096,1,1.000000,1.000000,1.000000,{"1":4},1.000000,0.000000,0.000000,0.000000,1.000000,0.000000,-1.000000
0.005192666,4,16,union,4096,1,1.000000,1.000000,1.000000,{"1":4},1.000000,0.000000,0.000000,0.000000,1.000000,0.000000,-1.000000
0.005192666,4,16,snapshot,4096,51,1.000000,1.000000,1.000000,{"1":196},1.000000,0.000000,0.000000,0.000000,1.000000,0.000000,-1.000000
0.005192666,4,16,read_only,16384,1,1.000000,1.000000,1.000000,{"1":4},1.000000,0.000000,0.000000,0.000000,1.000000,0.000000,-1.000000
0.005192666,4,16,union,16384,1,1.000000,1.000000,1.000000,{"1":4},1.000000,0.000000,0.000000,0.000000,1.000000,0.000000,-1.000000
0.005192666,4,16,snapshot,16384,20,0.650000,0.873333,0.650000,{"1":196},0.650000,0.350000,0.000000,0.000000,0.650000,0.000000,0.000000
0.005424814,4,17,snapshot,64,196,1.000000,1.000000,1.000000,{"1":196},1.000000,0.000000,0.000000,0.000000,1.000000,0.000000,-1.000000
0.005424814,4,17,snapshot,256,196,1.000000,1.000000,1.000000,{"1":196},1.000000,0.000000,0.000000,0.000000,1.000000,0.000000,-1.000000
0.005424814,4,17,snapshot,1024,196,1.000000,1.000000,1.000000,{"1":196},1.000000,0.000000,0.000000,0.000000,1.000000,0.000000,-1.000000
0.005424814,4,17,snapshot,4096,51,1.000000,1.000000,1.000000,{"1":196},1.000000,0.000000,0.000000,0.000000,1.000000,0.000000,-1.000000
0.005424814,4,17,snapshot,16384,20,0.650000,0.873333,0.650000,{"1":196},0.650000,0.350000,0.000000,0.000000,0.650000,0.000000,0.000000
0.005662684,4,18,read_only,64,4,1.000000,1.000000,1.000000,{"1":4},1.000000,0.000000,0.000000,0.000000,1.000000,0.000000,-1.000000
0.005662684,4,18,union,64,4,1.000000,1.000000,1.000000,{"1":4},1.000000,0.000000,0.000000,0.000000,1.000000,0.000000,-1.000000
0.005662684,4,18,snapshot,64,200,1.000000,1.000000,1.000000,{"1":200},1.000000,0.000000,0.000000,0.000000,1.000000,0.000000,-1.000000
0.005662684,4,18,read_only,256,4,1.000000,1.000000,1.000000,{"1":4},1.000000,0.000000,0.000000,0.000000,1.000000,0.000000,-1.000000
0.005662684,4,18,union,256,4,1.000000,1.000000,1.000000,{"1":4},1.000000,0.000000,0.000000,0.000000,1.000000,0.000000,-1.000000
0.005662684,4,18,snapshot,256,200,1.000000,1.000000,1.000000,{"1":200},1.000000,0.000000,0.000000,0.000000,1.000000,0.000000,-1.000000
0.005662684,4,18,read_only,1024,4,1.000000,1.000000,1.000000,{"1":4},1.000000,0.000000,0.000000,0.000000,1.000000,0.000000,-1.000000
0.005662684,4,18,union,1024,4,1.000000,1.000000,1.000000,{"1":4},1.000000,0.000000,0.000000,0.000000,1.000000,0.000000,-1.000000
0.005662684,4,18,snapshot,1024,200,1.000000,1.000000,1.000000,{"1":200},1.000000,0.000000,0.000000,0.000000,1.000000,0.000000,-1.000000
0.005662684,4,18,read_only,4096,1,1.000000,1.000000,1.000000,{"1":4},1.000000,0.000000,0.000000,0.000000,1.000000,0.000000,-1.000000
0.005662684,4,18,union,4096,1,1.000000,1.000000,1.000000,{"1":4},1.000000,0.000000,0.000000,0.000000,1.000000,0.000000,-1.000000
0.005662684,4,18,snapshot,4096,52,1.000000,1.000000,1.000000,{"1":200},1.000000,0.000000,0.000000,0.000000,1.000000,0.000000,-1.000000
0.005662684,4,18,read_only,16384,1,1.000000,1.000000,1.000000,{"1":4},1.000000,0.000000,0.000000,0.000000,1.000000,0.000000,-1.000000
0.005662684,4,18,union,16384,1,1.000000,1.000000,1.000000,{"1":4},1.000000,0.000000,0.000000,0.000000,1.000000,0.000000,-1.000000
0.005662684,4,18,snapshot,16384,20,0.650000,0.855556,0.650000,{"1":200},0.650000,0.300000,0.050000,0.000000,0.650000,0.000000,0.000000
0.005897594,4,19,read_only,64,32,1.000000,1.000000,1.000000,{"1":32},1.000000,0.000000,0.000000,0.000000,1.000000,0.000000,-1.000000
0.005897594,4,19,union,64,32,1.000000,1.000000,1.000000,{"1":32},1.000000,0.000000,0.000000,0.000000,1.000000,0.000000,-1.000000
0.005897594,4,19,snapshot,64,232,1.000000,1.000000,1.000000,{"1":232},1.000000,0.000000,0.000000,0.000000,1.000000,0.000000,-1.000000
0.005897594,4,19,read_only,256,32,1.000000,1.000000,1.000000,{"1":32},1.000000,0.000000,0.000000,0.000000,1.000000,0.000000,-1.000000
0.005897594,4,19,union,256,32,1.000000,1.000000,1.000000,{"1":32},1.000000,0.000000,0.000000,0.000000,1.000000,0.000000,-1.000000
0.005897594,4,19,snapshot,256,232,1.000000,1.000000,1.000000,{"1":232},1.000000,0.000000,0.000000,0.000000,1.000000,0.000000,-1.000000
0.005897594,4,19,read_only,1024,32,1.000000,1.000000,1.000000,{"1":32},1.000000,0.000000,0.000000,0.000000,1.000000,0.000000,-1.000000
0.005897594,4,19,union,1024,32,1.000000,1.000000,1.000000,{"1":32},1.000000,0.000000,0.000000,0.000000,1.000000,0.000000,-1.000000
0.005897594,4,19,snapshot,1024,232,1.000000,1.000000,1.000000,{"1":232},1.000000,0.000000,0.000000,0.000000,1.000000,0.000000,-1.000000
0.005897594,4,19,read_only,4096,8,1.000000,1.000000,1.000000,{"1":32},1.000000,0.000000,0.000000,0.000000,1.000000,0.000000,-1.000000
0.005897594,4,19,union,4096,8,1.000000,1.000000,1.000000,{"1":32},1.000000,0.000000,0.000000,0.000000,1.000000,0.000000,-1.000000
0.005897594,4,19,snapshot,4096,60,1.000000,1.000000,1.000000,{"1":232},1.000000,0.000000,0.000000,0.000000,1.000000,0.000000,-1.000000
0.005897594,4,19,read_only,16384,2,1.000000,1.000000,1.000000,{"1":32},1.000000,0.000000,0.000000,0.000000,1.000000,0.000000,-1.000000
0.005897594,4,19,union,16384,2,1.000000,1.000000,1.000000,{"1":32},1.000000,0.000000,0.000000,0.000000,1.000000,0.000000,-1.000000
0.005897594,4,19,snapshot,16384,22,0.681818,0.868687,0.681818,{"1":232},0.681818,0.272727,0.045455,0.000000,0.681818,0.000000,0.000000
0.006132669,4,20,read_only,64,1,1.000000,1.000000,1.000000,{"1":1},1.000000,0.000000,0.000000,0.000000,1.000000,0.000000,-1.000000
0.006132669,4,20,union,64,1,1.000000,1.000000,1.000000,{"1":1},1.000000,0.000000,0.000000,0.000000,1.000000,0.000000,-1.000000
0.006132669,4,20,snapshot,64,233,1.000000,1.000000,1.000000,{"1":233},1.000000,0.000000,0.000000,0.000000,1.000000,0.000000,-1.000000
0.006132669,4,20,read_only,256,1,1.000000,1.000000,1.000000,{"1":1},1.000000,0.000000,0.000000,0.000000,1.000000,0.000000,-1.000000
0.006132669,4,20,union,256,1,1.000000,1.000000,1.000000,{"1":1},1.000000,0.000000,0.000000,0.000000,1.000000,0.000000,-1.000000
0.006132669,4,20,snapshot,256,233,1.000000,1.000000,1.000000,{"1":233},1.000000,0.000000,0.000000,0.000000,1.000000,0.000000,-1.000000
0.006132669,4,20,read_only,1024,1,1.000000,1.000000,1.000000,{"1":1},1.000000,0.000000,0.000000,0.000000,1.000000,0.000000,-1.000000
0.006132669,4,20,union,1024,1,1.000000,1.000000,1.000000,{"1":1},1.000000,0.000000,0.000000,0.000000,1.000000,0.000000,-1.000000
0.006132669,4,20,snapshot,1024,233,1.000000,1.000000,1.000000,{"1":233},1.000000,0.000000,0.000000,0.000000,1.000000,0.000000,-1.000000
0.006132669,4,20,read_only,4096,1,1.000000,1.000000,1.000000,{"1":1},1.000000,0.000000,0.000000,0.000000,1.000000,0.000000,-1.000000
0.006132669,4,20,union,4096,1,1.000000,1.000000,1.000000,{"1":1},1.000000,0.000000,0.000000,0.000000,1.000000,0.000000,-1.000000
0.006132669,4,20,snapshot,4096,61,1.000000,1.000000,1.000000,{"1":233},1.000000,0.000000,0.000000,0.000000,1.000000,0.000000,-1.000000
0.006132669,4,20,read_only,16384,1,1.000000,1.000000,1.000000,{"1":1},1.000000,0.000000,0.000000,0.000000,1.000000,0.000000,-1.000000
0.006132669,4,20,union,16384,1,1.000000,1.000000,1.000000,{"1":1},1.000000,0.000000,0.000000,0.000000,1.000000,0.000000,-1.000000
0.006132669,4,20,snapshot,16384,22,0.681818,0.871212,0.681818,{"1":233},0.681818,0.272727,0.045455,0.000000,0.681818,0.000000,0.000000
0.006365832,4,21,read_only,64,4,1.000000,1.000000,1.000000,{"1":4},1.000000,0.000000,0.000000,0.000000,1.000000,0.000000,-1.000000
0.006365832,4,21,union,64,4,1.000000,1.000000,1.000000,{"1":4},1.000000,0.000000,0.000000,0.000000,1.000000,0.000000,-1.000000
0.006365832,4,21,snapshot,64,237,1.000000,1.000000,1.000000,{"1":237},1.000000,0.000000,0.000000,0.000000,1.000000,0.000000,-1.000000
0.006365832,4,21,read_only,256,4,1.000000,1.000000,1.000000,{"1":4},1.000000,0.000000,0.000000,0.000000,1.000000,0.000000,-1.000000
0.006365832,4,21,union,256,4,1.000000,1.000000,1.000000,{"1":4},1.000000,0.000000,0.000000,0.000000,1.000000,0.000000,-1.000000
0.006365832,4,21,snapshot,256,237,1.000000,1.000000,1.000000,{"1":237},1.000000,0.000000,0.000000,0.000000,1.000000,0.000000,-1.000000
0.006365832,4,21,read_only,1024,4,1.000000,1.000000,1.000000,{"1":4},1.000000,0.000000,0.000000,0.000000,1.000000,0.000000,-1.000000
0.006365832,4,21,union,1024,4,1.000000,1.000000,1.000000,{"1":4},1.000000,0.000000,0.000000,0.000000,1.000000,0.000000,-1.000000
0.006365832,4,21,snapshot,1024,237,1.000000,1.000000,1.000000,{"1":237},1.000000,0.000000,0.000000,0.000000,1.000000,0.000000,-1.000000
0.006365832,4,21,read_only,4096,1,1.000000,1.000000,1.000000,{"1":4},1.000000,0.000000,0.000000,0.000000,1.000000,0.000000,-1.000000
0.006365832,4,21,union,4096,1,1.000000,1.000000,1.000000,{"1":4},1.000000,0.000000,0.000000,0.000000,1.000000,0.000000,-1.000000
0.006365832,4,21,snapshot,4096,62,1.000000,1.000000,1.000000,{"1":237},1.000000,0.000000,0.000000,0.000000,1.000000,0.000000,-1.000000
0.006365832,4,21,read_only,16384,1,1.000000,1.000000,1.000000,{"1":4},1.000000,0.000000,0.000000,0.000000,1.000000,0.000000,-1.000000
0.006365832,4,21,union,16384,1,1.000000,1.000000,1.000000,{"1":4},1.000000,0.000000,0.000000,0.000000,1.000000,0.000000,-1.000000
0.006365832,4,21,snapshot,16384,23,0.695652,0.876812,0.695652,{"1":237},0.695652,0.260870,0.043478,0.000000,0.695652,0.000000,0.000000
0.006674737,4,22,read_only,64,8,1.000000,1.000000,1.000000,{"1":8},1.000000,0.000000,0.000000,0.000000,1.000000,0.000000,-1.000000
0.006674737,4,22,union,64,8,1.000000,1.000000,1.000000,{"1":8},1.000000,0.000000,0.000000,0.000000,1.000000,0.000000,-1.000000
0.006674737,4,22,snapshot,64,245,1.000000,1.000000,1.000000,{"1":245},1.000000,0.000000,0.000000,0.000000,1.000000,0.000000,-1.000000
0.006674737,4,22,read_only,256,8,1.000000,1.000000,1.000000,{"1":8},1.000000,0.000000,0.000000,0.000000,1.000000,0.000000,-1.000000
0.006674737,4,22,union,256,8,1.000000,1.000000,1.000000,{"1":8},1.000000,0.000000,0.000000,0.000000,1.000000,0.000000,-1.000000
0.006674737,4,22,snapshot,256,245,1.000000,1.000000,1.000000,{"1":245},1.000000,0.000000,0.000000,0.000000,1.000000,0.000000,-1.000000
0.006674737,4,22,read_only,1024,8,1.000000,1.000000,1.000000,{"1":8},1.000000,0.000000,0.000000,0.000000,1.000000,0.000000,-1.000000
0.006674737,4,22,union,1024,8,1.000000,1.000000,1.000000,{"1":8},1.000000,0.000000,0.000000,0.000000,1.000000,0.000000,-1.000000
0.006674737,4,22,snapshot,1024,245,1.000000,1.000000,1.000000,{"1":245},1.000000,0.000000,0.000000,0.000000,1.000000,0.000000,-1.000000
0.006674737,4,22,read_only,4096,2,1.000000,1.000000,1.000000,{"1":8},1.000000,0.000000,0.000000,0.000000,1.000000,0.000000,-1.000000
0.006674737,4,22,union,4096,2,1.000000,1.000000,1.000000,{"1":8},1.000000,0.000000,0.000000,0.000000,1.000000,0.000000,-1.000000
0.006674737,4,22,snapshot,4096,64,1.000000,1.000000,1.000000,{"1":245},1.000000,0.000000,0.000000,0.000000,1.000000,0.000000,-1.000000
0.006674737,4,22,read_only,16384,1,1.000000,1.000000,1.000000,{"1":8},1.000000,0.000000,0.000000,0.000000,1.000000,0.000000,-1.000000
0.006674737,4,22,union,16384,1,1.000000,1.000000,1.000000,{"1":8},1.000000,0.000000,0.000000,0.000000,1.000000,0.000000,-1.000000
0.006674737,4,22,snapshot,16384,24,0.708333,0.881944,0.708333,{"1":245},0.708333,0.250000,0.041667,0.000000,0.708333,0.000000,0.000000
0.006907860,4,23,snapshot,64,245,1.000000,1.000000,1.000000,{"1":245},1.000000,0.000000,0.000000,0.000000,1.000000,0.000000,-1.000000
0.006907860,4,23,snapshot,256,245,1.000000,1.000000,1.000000,{"1":245},1.000000,0.000000,0.000000,0.000000,1.000000,0.000000,-1.000000
0.006907860,4,23,snapshot,1024,245,1.000000,1.000000,1.000000,{"1":245},1.000000,0.000000,0.000000,0.000000,1.000000,0.000000,-1.000000
0.006907860,4,23,snapshot,4096,64,1.000000,1.000000,1.000000,{"1":245},1.000000,0.000000,0.000000,0.000000,1.000000,0.000000,-1.000000
0.006907860,4,23,snapshot,16384,24,0.708333,0.881944,0.708333,{"1":245},0.708333,0.250000,0.041667,0.000000,0.708333,0.000000,0.000000
0.007141057,4,24,read_only,64,12,1.000000,1.000000,1.000000,{"1":12},1.000000,0.000000,0.000000,0.000000,1.000000,0.000000,-1.000000
0.007141057,4,24,union,64,12,1.000000,1.000000,1.000000,{"1":12},1.000000,0.000000,0.000000,0.000000,1.000000,0.000000,-1.000000
0.007141057,4,24,snapshot,64,257,1.000000,1.000000,1.000000,{"1":257},1.000000,0.000000,0.000000,0.000000,1.000000,0.000000,-1.000000
0.007141057,4,24,read_only,256,12,1.000000,1.000000,1.000000,{"1":12},1.000000,0.000000,0.000000,0.000000,1.000000,0.000000,-1.000000
0.007141057,4,24,union,256,12,1.000000,1.000000,1.000000,{"1":12},1.000000,0.000000,0.000000,0.000000,1.000000,0.000000,-1.000000
0.007141057,4,24,snapshot,256,257,1.000000,1.000000,1.000000,{"1":257},1.000000,0.000000,0.000000,0.000000,1.000000,0.000000,-1.000000
0.007141057,4,24,read_only,1024,12,1.000000,1.000000,1.000000,{"1":12},1.000000,0.000000,0.000000,0.000000,1.000000,0.000000,-1.000000
0.007141057,4,24,union,1024,12,1.000000,1.000000,1.000000,{"1":12},1.000000,0.000000,0.000000,0.000000,1.000000,0.000000,-1.000000
0.007141057,4,24,snapshot,1024,257,1.000000,1.000000,1.000000,{"1":257},1.000000,0.000000,0.000000,0.000000,1.000000,0.000000,-1.000000
0.007141057,4,24,read_only,4096,4,1.000000,1.000000,1.000000,{"1":12},1.000000,0.000000,0.000000,0.000000,1.000000,0.000000,-1.000000
0.007141057,4,24,union,4096,4,1.000000,1.000000,1.000000,{"1":12},1.000000,0.000000,0.000000,0.000000,1.000000,0.000000,-1.000000
0.007141057,4,24,snapshot,4096,68,1.000000,1.000000,1.000000,{"1":257},1.000000,0.000000,0.000000,0.000000,1.000000,0.000000,-1.000000
0.007141057,4,24,read_only,16384,2,1.000000,1.000000,1.000000,{"1":12},1.000000,0.000000,0.000000,0.000000,1.000000,0.000000,-1.000000
0.007141057,4,24,union,16384,2,1.000000,1.000000,1.000000,{"1":12},1.000000,0.000000,0.000000,0.000000,1.000000,0.000000,-1.000000
0.007141057,4,24,snapshot,16384,26,0.730769,0.891026,0.730769,{"1":257},0.730769,0.230769,0.038462,0.000000,0.730769,0.000000,0.000000
0.007374323,4,25,snapshot,64,257,1.000000,1.000000,1.000000,{"1":257},1.000000,0.000000,0.000000,0.000000,1.000000,0.000000,-1.000000
0.007374323,4,25,snapshot,256,257,1.000000,1.000000,1.000000,{"1":257},1.000000,0.000000,0.000000,0.000000,1.000000,0.000000,-1.000000
0.007374323,4,25,snapshot,1024,257,1.000000,1.000000,1.000000,{"1":257},1.000000,0.000000,0.000000,0.000000,1.000000,0.000000,-1.000000
0.007374323,4,25,snapshot,4096,68,1.000000,1.000000,1.000000,{"1":257},1.000000,0.000000,0.000000,0.000000,1.000000,0.000000,-1.000000
0.007374323,4,25,snapshot,16384,26,0.730769,0.891026,0.730769,{"1":257},0.730769,0.230769,0.038462,0.000000,0.730769,0.000000,0.000000
0.007609014,4,26,read_only,64,1,1.000000,1.000000,1.000000,{"1":1},1.000000,0.000000,0.000000,0.000000,1.000000,0.000000,-1.000000
0.007609014,4,26,union,64,1,1.000000,1.000000,1.000000,{"1":1},1.000000,0.000000,0.000000,0.000000,1.000000,0.000000,-1.000000
0.007609014,4,26,snapshot,64,258,1.000000,1.000000,1.000000,{"1":258},1.000000,0.000000,0.000000,0.000000,1.000000,0.000000,-1.000000
0.007609014,4,26,read_only,256,1,1.000000,1.000000,1.000000,{"1":1},1.000000,0.000000,0.000000,0.000000,1.000000,0.000000,-1.000000
0.007609014,4,26,union,256,1,1.000000,1.000000,1.000000,{"1":1},1.000000,0.000000,0.000000,0.000000,1.000000,0.000000,-1.000000
0.007609014,4,26,snapshot,256,258,1.000000,1.000000,1.000000,{"1":258},1.000000,0.000000,0.000000,0.000000,1.000000,0.000000,-1.000000
0.007609014,4,26,read_only,1024,1,1.000000,1.000000,1.000000,{"1":1},1.000000,0.000000,0.000000,0.000000,1.000000,0.000000,-1.000000
0.007609014,4,26,union,1024,1,1.000000,1.000000,1.000000,{"1":1},1.000000,0.000000,0.000000,0.000000,1.000000,0.000000,-1.000000
0.007609014,4,26,snapshot,1024,258,1.000000,1.000000,1.000000,{"1":258},1.000000,0.000000,0.000000,0.000000,1.000000,0.000000,-1.000000
0.007609014,4,26,read_only,4096,1,1.000000,1.000000,1.000000,{"1":1},1.000000,0.000000,0.000000,0.000000,1.000000,0.000000,-1.000000
0.007609014,4,26,union,4096,1,1.000000,1.000000,1.000000,{"1":1},1.000000,0.000000,0.000000,0.000000,1.000000,0.000000,-1.000000
0.007609014,4,26,snapshot,4096,69,1.000000,1.000000,1.000000,{"1":258},1.000000,0.000000,0.000000,0.000000,1.000000,0.000000,-1.000000
0.007609014,4,26,read_only,16384,1,1.000000,1.000000,1.000000,{"1":1},1.000000,0.000000,0.000000,0.000000,1.000000,0.000000,-1.000000
0.007609014,4,26,union,16384,1,1.000000,1.000000,1.000000,{"1":1},1.000000,0.000000,0.000000,0.000000,1.000000,0.000000,-1.000000
0.007609014,4,26,snapshot,16384,27,0.740741,0.895062,0.740741,{"1":258},0.740741,0.222222,0.037037,0.000000,0.740741,0.000000,0.000000
0.007842987,4,27,snapshot,64,258,1.000000,1.000000,1.000000,{"1":258},1.000000,0.000000,0.000000,0.000000,1.000000,0.000000,-1.000000
0.007842987,4,27,snapshot,256,258,1.000000,1.000000,1.000000,{"1":258},1.000000,0.000000,0.000000,0.000000,1.000000,0.000000,-1.000000
0.007842987,4,27,snapshot,1024,258,1.000000,1.000000,1.000000,{"1":258},1.000000,0.000000,0.000000,0.000000,1.000000,0.000000,-1.000000
0.007842987,4,27,snapshot,4096,69,1.000000,1.000000,1.000000,{"1":258},1.000000,0.000000,0.000000,0.000000,1.000000,0.000000,-1.000000
0.007842987,4,27,snapshot,16384,27,0.740741,0.895062,0.740741,{"1":258},0.740741,0.222222,0.037037,0.000000,0.740741,0.000000,0.000000
0.008076855,4,28,snapshot,64,258,1.000000,1.000000,1.000000,{"1":258},1.000000,0.000000,0.000000,0.000000,1.000000,0.000000,-1.000000
0.008076855,4,28,snapshot,256,258,1.000000,1.000000,1.000000,{"1":258},1.000000,0.000000,0.000000,0.000000,1.000000,0.000000,-1.000000
0.008076855,4,28,snapshot,1024,258,1.000000,1.000000,1.000000,{"1":258},1.000000,0.000000,0.000000,0.000000,1.000000,0.000000,-1.000000
0.008076855,4,28,snapshot,4096,69,1.000000,1.000000,1.000000,{"1":258},1.000000,0.000000,0.000000,0.000000,1.000000,0.000000,-1.000000
0.008076855,4,28,snapshot,16384,27,0.740741,0.895062,0.740741,{"1":258},0.740741,0.222222,0.037037,0.000000,0.740741,0.000000,0.000000
0.008309664,4,29,read_only,64,2,1.000000,1.000000,1.000000,{"1":2},1.000000,0.000000,0.000000,0.000000,1.000000,0.000000,-1.000000
0.008309664,4,29,union,64,2,1.000000,1.000000,1.000000,{"1":2},1.000000,0.000000,0.000000,0.000000,1.000000,0.000000,-1.000000
0.008309664,4,29,snapshot,64,260,1.000000,1.000000,1.000000,{"1":260},1.000000,0.000000,0.000000,0.000000,1.000000,0.000000,-1.000000
0.008309664,4,29,read_only,256,2,1.000000,1.000000,1.000000,{"1":2},1.000000,0.000000,0.000000,0.000000,1.000000,0.000000,-1.000000
0.008309664,4,29,union,256,2,1.000000,1.000000,1.000000,{"1":2},1.000000,0.000000,0.000000,0.000000,1.000000,0.000000,-1.000000
0.008309664,4,29,snapshot,256,260,1.000000,1.000000,1.000000,{"1":260},1.000000,0.000000,0.000000,0.000000,1.000000,0.000000,-1.000000
0.008309664,4,29,read_only,1024,2,1.000000,1.000000,1.000000,{"1":2},1.000000,0.000000,0.000000,0.000000,1.000000,0.000000,-1.000000
0.008309664,4,29,union,1024,2,1.000000,1.000000,1.000000,{"1":2},1.000000,0.000000,0.000000,0.000000,1.000000,0.000000,-1.000000
0.008309664,4,29,snapshot,1024,260,1.000000,1.000000,1.000000,{"1":260},1.000000,0.000000,0.000000,0.000000,1.000000,0.000000,-1.000000
0.008309664,4,29,read_only,4096,1,1.000000,1.000000,1.000000,{"1":2},1.000000,0.000000,0.000000,0.000000,1.000000,0.000000,-1.000000
0.008309664,4,29,union,4096,1,1.000000,1.000000,1.000000,{"1":2},1.000000,0.000000,0.000000,0.000000,1.000000,0.000000,-1.000000
0.008309664,4,29,snapshot,4096,70,1.000000,1.000000,1.000000,{"1":260},1.000000,0.000000,0.000000,0.000000,1.000000,0.000000,-1.000000
0.008309664,4,29,read_only,16384,1,1.000000,1.000000,1.000000,{"1":2},1.000000,0.000000,0.000000,0.000000,1.000000,0.000000,-1.000000
0.008309664,4,29,union,16384,1,1.000000,1.000000,1.000000,{"1":2},1.000000,0.000000,0.000000,0.000000,1.000000,0.000000,-1.000000
0.008309664,4,29,snapshot,16384,28,0.750000,0.898810,0.750000,{"1":260},0.750000,0.214286,0.035714,0.000000,0.750000,0.000000,0.000000
0.008565380,4,30,snapshot,64,260,1.000000,1.000000,1.000000,{"1":260},1.000000,0.000000,0.000000,0.000000,1.000000,0.000000,-1.000000
0.008565380,4,30,snapshot,256,260,1.000000,1.000000,1.000000,{"1":260},1.000000,0.000000,0.000000,0.000000,1.000000,0.000000,-1.000000
0.008565380,4,30,snapshot,1024,260,1.000000,1.000000,1.000000,{"1":260},1.000000,0.000000,0.000000,0.000000,1.000000,0.000000,-1.000000
0.008565380,4,30,snapshot,4096,70,1.000000,1.000000,1.000000,{"1":260},1.000000,0.000000,0.000000,0.000000,1.000000,0.000000,-1.000000
0.008565380,4,30,snapshot,16384,28,0.750000,0.898810,0.750000,{"1":260},0.750000,0.214286,0.035714,0.000000,0.750000,0.000000,0.000000
0.008828240,4,31,snapshot,64,260,1.000000,1.000000,1.000000,{"1":260},1.000000,0.000000,0.000000,0.000000,1.000000,0.000000,-1.000000
0.008828240,4,31,snapshot,256,260,1.000000,1.000000,1.000000,{"1":260},1.000000,0.000000,0.000000,0.000000,1.000000,0.000000,-1.000000
0.008828240,4,31,snapshot,1024,260,1.000000,1.000000,1.000000,{"1":260},1.000000,0.000000,0.000000,0.000000,1.000000,0.000000,-1.000000
0.008828240,4,31,snapshot,4096,70,1.000000,1.000000,1.000000,{"1":260},1.000000,0.000000,0.000000,0.000000,1.000000,0.000000,-1.000000
0.008828240,4,31,snapshot,16384,28,0.750000,0.898810,0.750000,{"1":260},0.750000,0.214286,0.035714,0.000000,0.750000,0.000000,0.000000
0.009079991,4,32,read_only,64,1,1.000000,1.000000,1.000000,{"1":1},1.000000,0.000000,0.000000,0.000000,1.000000,0.000000,-1.000000
0.009079991,4,32,union,64,1,1.000000,1.000000,1.000000,{"1":1},1.000000,0.000000,0.000000,0.000000,1.000000,0.000000,-1.000000
0.009079991,4,32,snapshot,64,261,1.000000,1.000000,1.000000,{"1":261},1.000000,0.000000,0.000000,0.000000,1.000000,0.000000,-1.000000
0.009079991,4,32,read_only,256,1,1.000000,1.000000,1.000000,{"1":1},1.000000,0.000000,0.000000,0.000000,1.000000,0.000000,-1.000000
0.009079991,4,32,union,256,1,1.000000,1.000000,1.000000,{"1":1},1.000000,0.000000,0.000000,0.000000,1.000000,0.000000,-1.000000
0.009079991,4,32,snapshot,256,261,1.000000,1.000000,1.000000,{"1":261},1.000000,0.000000,0.000000,0.000000,1.000000,0.000000,-1.000000
0.009079991,4,32,read_only,1024,1,1.000000,1.000000,1.000000,{"1":1},1.000000,0.000000,0.000000,0.000000,1.000000,0.000000,-1.000000
0.009079991,4,32,union,1024,1,1.000000,1.000000,1.000000,{"1":1},1.000000,0.000000,0.000000,0.000000,1.000000,0.000000,-1.000000
0.009079991,4,32,snapshot,1024,261,1.000000,1.000000,1.000000,{"1":261},1.000000,0.000000,0.000000,0.000000,1.000000,0.000000,-1.000000
0.009079991,4,32,read_only,4096,1,1.000000,1.000000,1.000000,{"1":1},1.000000,0.000000,0.000000,0.000000,1.000000,0.000000,-1.000000
0.009079991,4,32,union,4096,1,1.000000,1.000000,1.000000,{"1":1},1.000000,0.000000,0.000000,0.000000,1.000000,0.000000,-1.000000
0.009079991,4,32,snapshot,4096,71,1.000000,1.000000,1.000000,{"1":261},1.000000,0.000000,0.000000,0.000000,1.000000,0.000000,-1.000000
0.009079991,4,32,read_only,16384,1,1.000000,1.000000,1.000000,{"1":1},1.000000,0.000000,0.000000,0.000000,1.000000,0.000000,-1.000000
0.009079991,4,32,union,16384,1,1.000000,1.000000,1.000000,{"1":1},1.000000,0.000000,0.000000,0.000000,1.000000,0.000000,-1.000000
0.009079991,4,32,snapshot,16384,29,0.758621,0.902299,0.758621,{"1":261},0.758621,0.206897,0.034483,0.000000,0.758621,0.000000,0.000000
0.009612643,4,34,read_only,64,2,1.000000,1.000000,1.000000,{"1":2},1.000000,0.000000,0.000000,0.000000,1.000000,0.000000,-1.000000
0.009612643,4,34,union,64,2,1.000000,1.000000,1.000000,{"1":2},1.000000,0.000000,0.000000,0.000000,1.000000,0.000000,-1.000000
0.009612643,4,34,read_only,256,2,1.000000,1.000000,1.000000,{"1":2},1.000000,0.000000,0.000000,0.000000,1.000000,0.000000,-1.000000
0.009612643,4,34,union,256,2,1.000000,1.000000,1.000000,{"1":2},1.000000,0.000000,0.000000,0.000000,1.000000,0.000000,-1.000000
0.009612643,4,34,read_only,1024,2,1.000000,1.000000,1.000000,{"1":2},1.000000,0.000000,0.000000,0.000000,1.000000,0.000000,-1.000000
0.009612643,4,34,union,1024,2,1.000000,1.000000,1.000000,{"1":2},1.000000,0.000000,0.000000,0.000000,1.000000,0.000000,-1.000000
0.009612643,4,34,read_only,4096,1,1.000000,1.000000,1.000000,{"1":2},1.000000,0.000000,0.000000,0.000000,1.000000,0.000000,-1.000000
0.009612643,4,34,union,4096,1,1.000000,1.000000,1.000000,{"1":2},1.000000,0.000000,0.000000,0.000000,1.000000,0.000000,-1.000000
0.009612643,4,34,read_only,16384,1,1.000000,1.000000,1.000000,{"1":2},1.000000,0.000000,0.000000,0.000000,1.000000,0.000000,-1.000000
0.009612643,4,34,union,16384,1,1.000000,1.000000,1.000000,{"1":2},1.000000,0.000000,0.000000,0.000000,1.000000,0.000000,-1.000000
0.010143772,4,36,read_only,64,2,1.000000,1.000000,1.000000,{"1":2},1.000000,0.000000,0.000000,0.000000,1.000000,0.000000,-1.000000
0.010143772,4,36,union,64,2,1.000000,1.000000,1.000000,{"1":2},1.000000,0.000000,0.000000,0.000000,1.000000,0.000000,-1.000000
0.010143772,4,36,snapshot,64,2,1.000000,1.000000,1.000000,{"1":2},1.000000,0.000000,0.000000,0.000000,1.000000,0.000000,-1.000000
0.010143772,4,36,read_only,256,2,1.000000,1.000000,1.000000,{"1":2},1.000000,0.000000,0.000000,0.000000,1.000000,0.000000,-1.000000
0.010143772,4,36,union,256,2,1.000000,1.000000,1.000000,{"1":2},1.000000,0.000000,0.000000,0.000000,1.000000,0.000000,-1.000000
0.010143772,4,36,snapshot,256,2,1.000000,1.000000,1.000000,{"1":2},1.000000,0.000000,0.000000,0.000000,1.000000,0.000000,-1.000000
0.010143772,4,36,read_only,1024,2,1.000000,1.000000,1.000000,{"1":2},1.000000,0.000000,0.000000,0.000000,1.000000,0.000000,-1.000000
0.010143772,4,36,union,1024,2,1.000000,1.000000,1.000000,{"1":2},1.000000,0.000000,0.000000,0.000000,1.000000,0.000000,-1.000000
0.010143772,4,36,snapshot,1024,2,1.000000,1.000000,1.000000,{"1":2},1.000000,0.000000,0.000000,0.000000,1.000000,0.000000,-1.000000
0.010143772,4,36,read_only,4096,1,1.000000,1.000000,1.000000,{"1":2},1.000000,0.000000,0.000000,0.000000,1.000000,0.000000,-1.000000
0.010143772,4,36,union,4096,1,1.000000,1.000000,1.000000,{"1":2},1.000000,0.000000,0.000000,0.000000,1.000000,0.000000,-1.000000
0.010143772,4,36,snapshot,4096,1,1.000000,1.000000,1.000000,{"1":2},1.000000,0.000000,0.000000,0.000000,1.000000,0.000000,-1.000000
0.010143772,4,36,read_only,16384,1,1.000000,1.000000,1.000000,{"1":2},1.000000,0.000000,0.000000,0.000000,1.000000,0.000000,-1.000000
0.010143772,4,36,union,16384,1,1.000000,1.000000,1.000000,{"1":2},1.000000,0.000000,0.000000,0.000000,1.000000,0.000000,-1.000000
0.010143772,4,36,snapshot,16384,1,1.000000,1.000000,1.000000,{"1":2},1.000000,0.000000,0.000000,0.000000,1.000000,0.000000,-1.000000
0.010386495,4,37,read_only,64,9,1.000000,1.000000,1.000000,{"1":9},1.000000,0.000000,0.000000,0.000000,1.000000,0.000000,-1.000000
0.010386495,4,37,union,64,9,1.000000,1.000000,1.000000,{"1":9},1.000000,0.000000,0.000000,0.000000,1.000000,0.000000,-1.000000
0.010386495,4,37,snapshot,64,11,1.000000,1.000000,1.000000,{"1":11},1.000000,0.000000,0.000000,0.000000,1.000000,0.000000,-1.000000
0.010386495,4,37,read_only,256,9,1.000000,1.000000,1.000000,{"1":9},1.000000,0.000000,0.000000,0.000000,1.000000,0.000000,-1.000000
0.010386495,4,37,union,256,9,1.000000,1.000000,1.000000,{"1":9},1.000000,0.000000,0.000000,0.000000,1.000000,0.000000,-1.000000
0.010386495,4,37,snapshot,256,11,1.000000,1.000000,1.000000,{"1":11},1.000000,0.000000,0.000000,0.000000,1.000000,0.000000,-1.000000
0.010386495,4,37,read_only,1024,9,1.000000,1.000000,1.000000,{"1":9},1.000000,0.000000,0.000000,0.000000,1.000000,0.000000,-1.000000
0.010386495,4,37,union,1024,9,1.000000,1.000000,1.000000,{"1":9},1.000000,0.000000,0.000000,0.000000,1.000000,0.000000,-1.000000
0.010386495,4,37,snapshot,1024,11,1.000000,1.000000,1.000000,{"1":11},1.000000,0.000000,0.000000,0.000000,1.000000,0.000000,-1.000000
0.010386495,4,37,read_only,4096,3,1.000000,1.000000,1.000000,{"1":9},1.000000,0.000000,0.000000,0.000000,1.000000,0.000000,-1.000000
0.010386495,4,37,union,4096,3,1.000000,1.000000,1.000000,{"1":9},1.000000,0.000000,0.000000,0.000000,1.000000,0.000000,-1.000000
0.010386495,4,37,snapshot,4096,4,1.000000,1.000000,1.000000,{"1":11},1.000000,0.000000,0.000000,0.000000,1.000000,0.000000,-1.000000
0.010386495,4,37,read_only,16384,1,1.000000,1.000000,1.000000,{"1":9},1.000000,0.000000,0.000000,0.000000,1.000000,0.000000,-1.000000
0.010386495,4,37,union,16384,1,1.000000,1.000000,1.000000,{"1":9},1.000000,0.000000,0.000000,0.000000,1.000000,0.000000,-1.000000
0.010386495,4,37,snapshot,16384,2,1.000000,1.000000,1.000000,{"1":11},1.000000,0.000000,0.000000,0.000000,1.000000,0.000000,-1.000000
0.010627963,4,38,read_only,64,4,1.000000,1.000000,1.000000,{"1":4},1.000000,0.000000,0.000000,0.000000,1.000000,0.000000,-1.000000
0.010627963,4,38,union,64,4,1.000000,1.000000,1.000000,{"1":4},1.000000,0.000000,0.000000,0.000000,1.000000,0.000000,-1.000000
0.010627963,4,38,snapshot,64,15,1.000000,1.000000,1.000000,{"1":15},1.000000,0.000000,0.000000,0.000000,1.000000,0.000000,-1.000000
0.010627963,4,38,read_only,256,4,1.000000,1.000000,1.000000,{"1":4},1.000000,0.000000,0.000000,0.000000,1.000000,0.000000,-1.000000
0.010627963,4,38,union,256,4,1.000000,1.000000,1.000000,{"1":4},1.000000,0.000000,0.000000,0.000000,1.000000,0.000000,-1.000000
0.010627963,4,38,snapshot,256,15,1.000000,1.000000,1.000000,{"1":15},1.000000,0.000000,0.000000,0.000000,1.000000,0.000000,-1.000000
0.010627963,4,38,read_only,1024,4,1.000000,1.000000,1.000000,{"1":4},1.000000,0.000000,0.000000,0.000000,1.000000,0.000000,-1.000000
0.010627963,4,38,union,1024,4,1.000000,1.000000,1.000000,{"1":4},1.000000,0.000000,0.000000,0.000000,1.000000,0.000000,-1.000000
0.010627963,4,38,snapshot,1024,15,1.000000,1.000000,1.000000,{"1":15},1.000000,0.000000,0.000000,0.000000,1.000000,0.000000,-1.000000
0.010627963,4,38,read_only,4096,1,1.000000,1.000000,1.000000,{"1":4},1.000000,0.000000,0.000000,0.000000,1.000000,0.000000,-1.000000
0.010627963,4,38,union,4096,1,1.000000,1.000000,1.000000,{"1":4},1.000000,0.000000,0.000000,0.000000,1.000000,0.000000,-1.000000
0.010627963,4,38,snapshot,4096,5,1.000000,1.000000,1.000000,{"1":15},1.000000,0.000000,0.000000,0.000000,1.000000,0.000000,-1.000000
0.010627963,4,38,read_only,16384,1,1.000000,1.000000,1.000000,{"1":4},1.000000,0.000000,0.000000,0.000000,1.000000,0.000000,-1.000000
0.010627963,4,38,union,16384,1,1.000000,1.000000,1.000000,{"1":4},1.000000,0.000000,0.000000,0.000000,1.000000,0.000000,-1.000000
0.010627963,4,38,snapshot,16384,3,1.000000,1.000000,1.000000,{"1":15},1.000000,0.000000,0.000000,0.000000,1.000000,0.000000,-1.000000
0.010892384,4,39,read_only,64,4,1.000000,1.000000,1.000000,{"1":4},1.000000,0.000000,0.000000,0.000000,1.000000,0.000000,-1.000000
0.010892384,4,39,union,64,4,1.000000,1.000000,1.000000,{"1":4},1.000000,0.000000,0.000000,0.000000,1.000000,0.000000,-1.000000
0.010892384,4,39,snapshot,64,19,1.000000,1.000000,1.000000,{"1":19},1.000000,0.000000,0.000000,0.000000,1.000000,0.000000,-1.000000
0.010892384,4,39,read_only,256,4,1.000000,1.000000,1.000000,{"1":4},1.000000,0.000000,0.000000,0.000000,1.000000,0.000000,-1.000000
0.010892384,4,39,union,256,4,1.000000,1.000000,1.000000,{"1":4},1.000000,0.000000,0.000000,0.000000,1.000000,0.000000,-1.000000
0.010892384,4,39,snapshot,256,19,1.000000,1.000000,1.000000,{"1":19},1.000000,0.000000,0.000000,0.000000,1.000000,0.000000,-1.000000
0.010892384,4,39,read_only,1024,4,1.000000,1.000000,1.000000,{"1":4},1.000000,0.000000,0.000000,0.000000,1.000000,0.000000,-1.000000
0.010892384,4,39,union,1024,4,1.000000,1.000000,1.000000,{"1":4},1.000000,0.000000,0.000000,0.000000,1.000000,0.000000,-1.000000
0.010892384,4,39,snapshot,1024,19,1.000000,1.000000,1.000000,{"1":19},1.000000,0.000000,0.000000,0.000000,1.000000,0.000000,-1.000000
0.010892384,4,39,read_only,4096,1,1.000000,1.000000,1.000000,{"1":4},1.000000,0.000000,0.000000,0.000000,1.000000,0.000000,-1.000000
0.010892384,4,39,union,4096,1,1.000000,1.000000,1.000000,{"1":4},1.000000,0.000000,0.000000,0.000000,1.000000,0.000000,-1.000000
0.010892384,4,39,snapshot,4096,6,1.000000,1.000000,1.000000,{"1":19},1.000000,0.000000,0.000000,0.000000,1.000000,0.000000,-1.000000
0.010892384,4,39,read_only,16384,1,1.000000,1.000000,1.000000,{"1":4},1.000000,0.000000,0.000000,0.000000,1.000000,0.000000,-1.000000
0.010892384,4,39,union,16384,1,1.000000,1.000000,1.000000,{"1":4},1.000000,0.000000,0.000000,0.000000,1.000000,0.000000,-1.000000
0.010892384,4,39,snapshot,16384,4,1.000000,1.000000,1.000000,{"1":19},1.000000,0.000000,0.000000,0.000000,1.000000,0.000000,-1.000000
0.011170753,4,40,read_only,64,1,1.000000,1.000000,1.000000,{"1":1},1.000000,0.000000,0.000000,0.000000,1.000000,0.000000,-1.000000
0.011170753,4,40,union,64,1,1.000000,1.000000,1.000000,{"1":1},1.000000,0.000000,0.000000,0.000000,1.000000,0.000000,-1.000000
0.011170753,4,40,snapshot,64,20,1.000000,1.000000,1.000000,{"1":20},1.000000,0.000000,0.000000,0.000000,1.000000,0.000000,-1.000000
0.011170753,4,40,read_only,256,1,1.000000,1.000000,1.000000,{"1":1},1.000000,0.000000,0.000000,0.000000,1.000000,0.000000,-1.000000
0.011170753,4,40,union,256,1,1.000000,1.000000,1.000000,{"1":1},1.000000,0.000000,0.000000,0.000000,1.000000,0.000000,-1.000000
0.011170753,4,40,snapshot,256,20,1.000000,1.000000,1.000000,{"1":20},1.000000,0.000000,0.000000,0.000000,1.000000,0.000000,-1.000000
0.011170753,4,40,read_only,1024,1,1.000000,1.000000,1.000000,{"1":1},1.000000,0.000000,0.000000,0.000000,1.000000,0.000000,-1.000000
0.011170753,4,40,union,1024,1,1.000000,1.000000,1.000000,{"1":1},1.000000,0.000000,0.000000,0.000000,1.000000,0.000000,-1.000000
0.011170753,4,40,snapshot,1024,20,1.000000,1.000000,1.000000,{"1":20},1.000000,0.000000,0.000000,0.000000,1.000000,0.000000,-1.000000
0.011170753,4,40,read_only,4096,1,1.000000,1.000000,1.000000,{"1":1},1.000000,0.000000,0.000000,0.000000,1.000000,0.000000,-1.000000
0.011170753,4,40,union,4096,1,1.000000,1.000000,1.000000,{"1":1},1.000000,0.000000,0.000000,0.000000,1.000000,0.000000,-1.000000
0.011170753,4,40,snapshot,4096,7,1.000000,1.000000,1.000000,{"1":20},1.000000,0.000000,0.000000,0.000000,1.000000,0.000000,-1.000000
0.011170753,4,40,read_only,16384,1,1.000000,1.000000,1.000000,{"1":1},1.000000,0.000000,0.000000,0.000000,1.000000,0.000000,-1.000000
0.011170753,4,40,union,16384,1,1.000000,1.000000,1.000000,{"1":1},1.000000,0.000000,0.000000,0.000000,1.000000,0.000000,-1.000000
0.011170753,4,40,snapshot,16384,5,1.000000,1.000000,1.000000,{"1":20},1.000000,0.000000,0.000000,0.000000,1.000000,0.000000,-1.000000
0.011403793,4,41,snapshot,64,20,1.000000,1.000000,1.000000,{"1":20},1.000000,0.000000,0.000000,0.000000,1.000000,0.000000,-1.000000
0.011403793,4,41,snapshot,256,20,1.000000,1.000000,1.000000,{"1":20},1.000000,0.000000,0.000000,0.000000,1.000000,0.000000,-1.000000
0.011403793,4,41,snapshot,1024,20,1.000000,1.000000,1.000000,{"1":20},1.000000,0.000000,0.000000,0.000000,1.000000,0.000000,-1.000000
0.011403793,4,41,snapshot,4096,7,1.000000,1.000000,1.000000,{"1":20},1.000000,0.000000,0.000000,0.000000,1.000000,0.000000,-1.000000
0.011403793,4,41,snapshot,16384,5,1.000000,1.000000,1.000000,{"1":20},1.000000,0.000000,0.000000,0.000000,1.000000,0.000000,-1.000000
0.011638523,4,42,snapshot,64,20,1.000000,1.000000,1.000000,{"1":20},1.000000,0.000000,0.000000,0.000000,1.000000,0.000000,-1.000000
0.011638523,4,42,snapshot,256,20,1.000000,1.000000,1.000000,{"1":20},1.000000,0.000000,0.000000,0.000000,1.000000,0.000000,-1.000000
0.011638523,4,42,snapshot,1024,20,1.000000,1.000000,1.000000,{"1":20},1.000000,0.000000,0.000000,0.000000,1.000000,0.000000,-1.000000
0.011638523,4,42,snapshot,4096,7,1.000000,1.000000,1.000000,{"1":20},1.000000,0.000000,0.000000,0.000000,1.000000,0.000000,-1.000000
0.011638523,4,42,snapshot,16384,5,1.000000,1.000000,1.000000,{"1":20},1.000000,0.000000,0.000000,0.000000,1.000000,0.000000,-1.000000
0.011932156,4,43,snapshot,64,20,1.000000,1.000000,1.000000,{"1":20},1.000000,0.000000,0.000000,0.000000,1.000000,0.000000,-1.000000
0.011932156,4,43,snapshot,256,20,1.000000,1.000000,1.000000,{"1":20},1.000000,0.000000,0.000000,0.000000,1.000000,0.000000,-1.000000
0.011932156,4,43,snapshot,1024,20,1.000000,1.000000,1.000000,{"1":20},1.000000,0.000000,0.000000,0.000000,1.000000,0.000000,-1.000000
0.011932156,4,43,snapshot,4096,7,1.000000,1.000000,1.000000,{"1":20},1.000000,0.000000,0.000000,0.000000,1.000000,0.000000,-1.000000
0.011932156,4,43,snapshot,16384,5,1.000000,1.000000,1.000000,{"1":20},1.000000,0.000000,0.000000,0.000000,1.000000,0.000000,-1.000000
0.012176530,4,44,read_only,64,9,1.000000,1.000000,1.000000,{"1":9},1.000000,0.000000,0.000000,0.000000,1.000000,0.000000,-1.000000
0.012176530,4,44,union,64,9,1.000000,1.000000,1.000000,{"1":9},1.000000,0.000000,0.000000,0.000000,1.000000,0.000000,-1.000000
0.012176530,4,44,snapshot,64,29,1.000000,1.000000,1.000000,{"1":29},1.000000,0.000000,0.000000,0.000000,1.000000,0.000000,-1.000000
0.012176530,4,44,read_only,256,9,1.000000,1.000000,1.000000,{"1":9},1.000000,0.000000,0.000000,0.000000,1.000000,0.000000,-1.000000
0.012176530,4,44,union,256,9,1.000000,1.000000,1.000000,{"1":9},1.000000,0.000000,0.000000,0.000000,1.000000,0.000000,-1.000000
0.012176530,4,44,snapshot,256,29,1.000000,1.000000,1.000000,{"1":29},1.000000,0.000000,0.000000,0.000000,1.000000,0.000000,-1.000000
0.012176530,4,44,read_only,1024,9,1.000000,1.000000,1.000000,{"1":9},1.000000,0.000000,0.000000,0.000000,1.000000,0.000000,-1.000000
0.012176530,4,44,union,1024,9,1.000000,1.000000,1.000000,{"1":9},1.000000,0.000000,0.000000,0.000000,1.000000,0.000000,-1.000000
0.012176530,4,44,snapshot,1024,29,1.000000,1.000000,1.000000,{"1":29},1.000000,0.000000,0.000000,0.000000,1.000000,0.000000,-1.000000
0.012176530,4,44,read_only,4096,3,1.000000,1.000000,1.000000,{"1":9},1.000000,0.000000,0.000000,0.000000,1.000000,0.000000,-1.000000
0.012176530,4,44,union,4096,3,1.000000,1.000000,1.000000,{"1":9},1.000000,0.000000,0.000000,0.000000,1.000000,0.000000,-1.000000
0.012176530,4,44,snapshot,4096,10,1.000000,1.000000,1.000000,{"1":29},1.000000,0.000000,0.000000,0.000000,1.000000,0.000000,-1.000000
0.012176530,4,44,read_only,16384,2,1.000000,1.000000,1.000000,{"1":9},1.000000,0.000000,0.000000,0.000000,1.000000,0.000000,-1.000000
0.012176530,4,44,union,16384,2,1.000000,1.000000,1.000000,{"1":9},1.000000,0.000000,0.000000,0.000000,1.000000,0.000000,-1.000000
0.012176530,4,44,snapshot,16384,7,1.000000,1.000000,1.000000,{"1":29},1.000000,0.000000,0.000000,0.000000,1.000000,0.000000,-1.000000
0.012415806,4,45,snapshot,64,29,1.000000,1.000000,1.000000,{"1":29},1.000000,0.000000,0.000000,0.000000,1.000000,0.000000,-1.000000
0.012415806,4,45,snapshot,256,29,1.000000,1.000000,1.000000,{"1":29},1.000000,0.000000,0.000000,0.000000,1.000000,0.000000,-1.000000
0.012415806,4,45,snapshot,1024,29,1.000000,1.000000,1.000000,{"1":29},1.000000,0.000000,0.000000,0.000000,1.000000,0.000000,-1.000000
0.012415806,4,45,snapshot,4096,10,1.000000,1.000000,1.000000,{"1":29},1.000000,0.000000,0.000000,0.000000,1.000000,0.000000,-1.000000
0.012415806,4,45,snapshot,16384,7,1.000000,1.000000,1.000000,{"1":29},1.000000,0.000000,0.000000,0.000000,1.000000,0.000000,-1.000000
0.012670434,4,46,read_only,64,1,1.000000,1.000000,1.000000,{"1":1},1.000000,0.000000,0.000000,0.000000,1.000000,0.000000,-1.000000
0.012670434,4,46,union,64,1,1.000000,1.000000,1.000000,{"1":1},1.000000,0.000000,0.000000,0.000000,1.000000,0.000000,-1.000000
0.012670434,4,46,read_only,256,1,1.000000,1.000000,1.000000,{"1":1},1.000000,0.000000,0.000000,0.000000,1.000000,0.000000,-1.000000
0.012670434,4,46,union,256,1,1.000000,1.000000,1.000000,{"1":1},1.000000,0.000000,0.000000,0.000000,1.000000,0.000000,-1.000000
0.012670434,4,46,read_only,1024,1,1.000000,1.000000,1.000000,{"1":1},1.000000,0.000000,0.000000,0.000000,1.000000,0.000000,-1.000000
0.012670434,4,46,union,1024,1,1.000000,1.000000,1.000000,{"1":1},1.000000,0.000000,0.000000,0.000000,1.000000,0.000000,-1.000000
0.012670434,4,46,read_only,4096,1,1.000000,1.000000,1.000000,{"1":1},1.000000,0.000000,0.000000,0.000000,1.000000,0.000000,-1.000000
0.012670434,4,46,union,4096,1,1.000000,1.000000,1.000000,{"1":1},1.000000,0.000000,0.000000,0.000000,1.000000,0.000000,-1.000000
0.012670434,4,46,read_only,16384,1,1.000000,1.000000,1.000000,{"1":1},1.000000,0.000000,0.000000,0.000000,1.000000,0.000000,-1.000000
0.012670434,4,46,union,16384,1,1.000000,1.000000,1.000000,{"1":1},1.000000,0.000000,0.000000,0.000000,1.000000,0.000000,-1.000000
0.013199259,4,48,read_only,64,1,1.000000,1.000000,1.000000,{"1":1},1.000000,0.000000,0.000000,0.000000,1.000000,0.000000,-1.000000
0.013199259,4,48,union,64,1,1.000000,1.000000,1.000000,{"1":1},1.000000,0.000000,0.000000,0.000000,1.000000,0.000000,-1.000000
0.013199259,4,48,snapshot,64,1,1.000000,1.000000,1.000000,{"1":1},1.000000,0.000000,0.000000,0.000000,1.000000,0.000000,-1.000000
0.013199259,4,48,read_only,256,1,1.000000,1.000000,1.000000,{"1":1},1.000000,0.000000,0.000000,0.000000,1.000000,0.000000,-1.000000
0.013199259,4,48,union,256,1,1.000000,1.000000,1.000000,{"1":1},1.000000,0.000000,0.000000,0.000000,1.000000,0.000000,-1.000000
0.013199259,4,48,snapshot,256,1,1.000000,1.000000,1.000000,{"1":1},1.000000,0.000000,0.000000,0.000000,1.000000,0.000000,-1.000000
0.013199259,4,48,read_only,1024,1,1.000000,1.000000,1.000000,{"1":1},1.000000,0.000000,0.000000,0.000000,1.000000,0.000000,-1.000000
0.013199259,4,48,union,1024,1,1.000000,1.000000,1.000000,{"1":1},1.000000,0.000000,0.000000,0.000000,1.000000,0.000000,-1.000000
0.013199259,4,48,snapshot,1024,1,1.000000,1.000000,1.000000,{"1":1},1.000000,0.000000,0.000000,0.000000,1.000000,0.000000,-1.000000
0.013199259,4,48,read_only,4096,1,1.000000,1.000000,1.000000,{"1":1},1.000000,0.000000,0.000000,0.000000,1.000000,0.000000,-1.000000
0.013199259,4,48,union,4096,1,1.000000,1.000000,1.000000,{"1":1},1.000000,0.000000,0.000000,0.000000,1.000000,0.000000,-1.000000
0.013199259,4,48,snapshot,4096,1,1.000000,1.000000,1.000000,{"1":1},1.000000,0.000000,0.000000,0.000000,1.000000,0.000000,-1.000000
0.013199259,4,48,read_only,16384,1,1.000000,1.000000,1.000000,{"1":1},1.000000,0.000000,0.000000,0.000000,1.000000,0.000000,-1.000000
0.013199259,4,48,union,16384,1,1.000000,1.000000,1.000000,{"1":1},1.000000,0.000000,0.000000,0.000000,1.000000,0.000000,-1.000000
0.013199259,4,48,snapshot,16384,1,1.000000,1.000000,1.000000,{"1":1},1.000000,0.000000,0.000000,0.000000,1.000000,0.000000,-1.000000
0.013445250,4,49,read_only,64,9,1.000000,1.000000,1.000000,{"1":9},1.000000,0.000000,0.000000,0.000000,1.000000,0.000000,-1.000000
0.013445250,4,49,union,64,9,1.000000,1.000000,1.000000,{"1":9},1.000000,0.000000,0.000000,0.000000,1.000000,0.000000,-1.000000
0.013445250,4,49,snapshot,64,10,1.000000,1.000000,1.000000,{"1":10},1.000000,0.000000,0.000000,0.000000,1.000000,0.000000,-1.000000
0.013445250,4,49,read_only,256,9,1.000000,1.000000,1.000000,{"1":9},1.000000,0.000000,0.000000,0.000000,1.000000,0.000000,-1.000000
0.013445250,4,49,union,256,9,1.000000,1.000000,1.000000,{"1":9},1.000000,0.000000,0.000000,0.000000,1.000000,0.000000,-1.000000
0.013445250,4,49,snapshot,256,10,1.000000,1.000000,1.000000,{"1":10},1.000000,0.000000,0.000000,0.000000,1.000000,0.000000,-1.000000
0.013445250,4,49,read_only,1024,9,1.000000,1.000000,1.000000,{"1":9},1.000000,0.000000,0.000000,0.000000,1.000000,0.000000,-1.000000
0.013445250,4,49,union,1024,9,1.000000,1.000000,1.000000,{"1":9},1.000000,0.000000,0.000000,0.000000,1.000000,0.000000,-1.000000
0.013445250,4,49,snapshot,1024,10,1.000000,1.000000,1.000000,{"1":10},1.000000,0.000000,0.000000,0.000000,1.000000,0.000000,-1.000000
0.013445250,4,49,read_only,4096,3,1.000000,1.000000,1.000000,{"1":9},1.000000,0.000000,0.000000,0.000000,1.000000,0.000000,-1.000000
0.013445250,4,49,union,4096,3,1.000000,1.000000,1.000000,{"1":9},1.000000,0.000000,0.000000,0.000000,1.000000,0.000000,-1.000000
0.013445250,4,49,snapshot,4096,4,1.000000,1.000000,1.000000,{"1":10},1.000000,0.000000,0.000000,0.000000,1.000000,0.000000,-1.000000
0.013445250,4,49,read_only,16384,1,1.000000,1.000000,1.000000,{"1":9},1.000000,0.000000,0.000000,0.000000,1.000000,0.000000,-1.000000
0.013445250,4,49,union,16384,1,1.000000,1.000000,1.000000,{"1":9},1.000000,0.000000,0.000000,0.000000,1.000000,0.000000,-1.000000
0.013445250,4,49,snapshot,16384,2,1.000000,1.000000,1.000000,{"1":10},1.000000,0.000000,0.000000,0.000000,1.000000,0.000000,-1.000000
0.013696862,4,50,read_only,64,48,1.000000,1.000000,1.000000,{"1":48},1.000000,0.000000,0.000000,0.000000,1.000000,0.000000,-1.000000
0.013696862,4,50,union,64,48,1.000000,1.000000,1.000000,{"1":48},1.000000,0.000000,0.000000,0.000000,1.000000,0.000000,-1.000000
0.013696862,4,50,snapshot,64,58,1.000000,1.000000,1.000000,{"1":58},1.000000,0.000000,0.000000,0.000000,1.000000,0.000000,-1.000000
0.013696862,4,50,read_only,256,48,1.000000,1.000000,1.000000,{"1":48},1.000000,0.000000,0.000000,0.000000,1.000000,0.000000,-1.000000
0.013696862,4,50,union,256,48,1.000000,1.000000,1.000000,{"1":48},1.000000,0.000000,0.000000,0.000000,1.000000,0.000000,-1.000000
0.013696862,4,50,snapshot,256,58,1.000000,1.000000,1.000000,{"1":58},1.000000,0.000000,0.000000,0.000000,1.000000,0.000000,-1.000000
0.013696862,4,50,read_only,1024,48,1.000000,1.000000,1.000000,{"1":48},1.000000,0.000000,0.000000,0.000000,1.000000,0.000000,-1.000000
0.013696862,4,50,union,1024,48,1.000000,1.000000,1.000000,{"1":48},1.000000,0.000000,0.000000,0.000000,1.000000,0.000000,-1.000000
0.013696862,4,50,snapshot,1024,58,1.000000,1.000000,1.000000,{"1":58},1.000000,0.000000,0.000000,0.000000,1.000000,0.000000,-1.000000
0.013696862,4,50,read_only,4096,12,1.000000,1.000000,1.000000,{"1":48},1.000000,0.000000,0.000000,0.000000,1.000000,0.000000,-1.000000
0.013696862,4,50,union,4096,12,1.000000,1.000000,1.000000,{"1":48},1.000000,0.000000,0.000000,0.000000,1.000000,0.000000,-1.000000
0.013696862,4,50,snapshot,4096,16,1.000000,1.000000,1.000000,{"1":58},1.000000,0.000000,0.000000,0.000000,1.000000,0.000000,-1.000000
0.013696862,4,50,read_only,16384,4,1.000000,1.000000,1.000000,{"1":48},1.000000,0.000000,0.000000,0.000000,1.000000,0.000000,-1.000000
0.013696862,4,50,union,16384,4,1.000000,1.000000,1.000000,{"1":48},1.000000,0.000000,0.000000,0.000000,1.000000,0.000000,-1.000000
0.013696862,4,50,snapshot,16384,6,1.000000,1.000000,1.000000,{"1":58},1.000000,0.000000,0.000000,0.000000,1.000000,0.000000,-1.000000
0.013957410,4,51,snapshot,64,58,1.000000,1.000000,1.000000,{"1":58},1.000000,0.000000,0.000000,0.000000,1.000000,0.000000,-1.000000
0.013957410,4,51,snapshot,256,58,1.000000,1.000000,1.000000,{"1":58},1.000000,0.000000,0.000000,0.000000,1.000000,0.000000,-1.000000
0.013957410,4,51,snapshot,1024,58,1.000000,1.000000,1.000000,{"1":58},1.000000,0.000000,0.000000,0.000000,1.000000,0.000000,-1.000000
0.013957410,4,51,snapshot,4096,16,1.000000,1.000000,1.000000,{"1":58},1.000000,0.000000,0.000000,0.000000,1.000000,0.000000,-1.000000
0.013957410,4,51,snapshot,16384,6,1.000000,1.000000,1.000000,{"1":58},1.000000,0.000000,0.000000,0.000000,1.000000,0.000000,-1.000000
0.014231784,4,52,read_only,64,1,1.000000,1.000000,1.000000,{"1":1},1.000000,0.000000,0.000000,0.000000,1.000000,0.000000,-1.000000
0.014231784,4,52,union,64,1,1.000000,1.000000,1.000000,{"1":1},1.000000,0.000000,0.000000,0.000000,1.000000,0.000000,-1.000000
0.014231784,4,52,snapshot,64,59,1.000000,1.000000,1.000000,{"1":59},1.000000,0.000000,0.000000,0.000000,1.000000,0.000000,-1.000000
0.014231784,4,52,read_only,256,1,1.000000,1.000000,1.000000,{"1":1},1.000000,0.000000,0.000000,0.000000,1.000000,0.000000,-1.000000
0.014231784,4,52,union,256,1,1.000000,1.000000,1.000000,{"1":1},1.000000,0.000000,0.000000,0.000000,1.000000,0.000000,-1.000000
0.014231784,4,52,snapshot,256,59,1.000000,1.000000,1.000000,{"1":59},1.000000,0.000000,0.000000,0.000000,1.000000,0.000000,-1.000000
0.014231784,4,52,read_only,1024,1,1.000000,1.000000,1.000000,{"1":1},1.000000,0.000000,0.000000,0.000000,1.000000,0.000000,-1.000000
0.014231784,4,52,union,1024,1,1.000000,1.000000,1.000000,{"1":1},1.000000,0.000000,0.000000,0.000000,1.000000,0.000000,-1.000000
0.014231784,4,52,snapshot,1024,59,1.000000,1.000000,1.000000,{"1":59},1.000000,0.000000,0.000000,0.000000,1.000000,0.000000,-1.000000
0.014231784,4,52,read_only,4096,1,1.000000,1.000000,1.000000,{"1":1},1.000000,0.000000,0.000000,0.000000,1.000000,0.000000,-1.000000
0.014231784,4,52,union,4096,1,1.000000,1.000000,1.000000,{"1":1},1.000000,0.000000,0.000000,0.000000,1.000000,0.000000,-1.000000
0.014231784,4,52,snapshot,4096,17,1.000000,1.000000,1.000000,{"1":59},1.000000,0.000000,0.000000,0.000000,1.000000,0.000000,-1.000000
0.014231784,4,52,read_only,16384,1,1.000000,1.000000,1.000000,{"1":1},1.000000,0.000000,0.000000,0.000000,1.000000,0.000000,-1.000000
0.014231784,4,52,union,16384,1,1.000000,1.000000,1.000000,{"1":1},1.000000,0.000000,0.000000,0.000000,1.000000,0.000000,-1.000000
0.014231784,4,52,snapshot,16384,7,1.000000,1.000000,1.000000,{"1":59},1.000000,0.000000,0.000000,0.000000,1.000000,0.000000,-1.000000
0.014468562,4,53,read_only,64,4,1.000000,1.000000,1.000000,{"1":4},1.000000,0.000000,0.000000,0.000000,1.000000,0.000000,-1.000000
0.014468562,4,53,union,64,4,1.000000,1.000000,1.000000,{"1":4},1.000000,0.000000,0.000000,0.000000,1.000000,0.000000,-1.000000
0.014468562,4,53,snapshot,64,63,1.000000,1.000000,1.000000,{"1":63},1.000000,0.000000,0.000000,0.000000,1.000000,0.000000,-1.000000
0.014468562,4,53,read_only,256,4,1.000000,1.000000,1.000000,{"1":4},1.000000,0.000000,0.000000,0.000000,1.000000,0.000000,-1.000000
0.014468562,4,53,union,256,4,1.000000,1.000000,1.000000,{"1":4},1.000000,0.000000,0.000000,0.000000,1.000000,0.000000,-1.000000
0.014468562,4,53,snapshot,256,63,1.000000,1.000000,1.000000,{"1":63},1.000000,0.000000,0.000000,0.000000,1.000000,0.000000,-1.000000
0.014468562,4,53,read_only,1024,4,1.000000,1.000000,1.000000,{"1":4},1.000000,0.000000,0.000000,0.000000,1.000000,0.000000,-1.000000
0.014468562,4,53,union,1024,4,1.000000,1.000000,1.000000,{"1":4},1.000000,0.000000,0.000000,0.000000,1.000000,0.000000,-1.000000
0.014468562,4,53,snapshot,1024,63,1.000000,1.000000,1.000000,{"1":63},1.000000,0.000000,0.000000,0.000000,1.000000,0.000000,-1.000000
0.014468562,4,53,read_only,4096,1,1.000000,1.000000,1.000000,{"1":4},1.000000,0.000000,0.000000,0.000000,1.000000,0.000000,-1.000000
0.014468562,4,53,union,4096,1,1.000000,1.000000,1.000000,{"1":4},1.000000,0.000000,0.000000,0.000000,1.000000,0.000000,-1.000000
0.014468562,4,53,snapshot,4096,18,1.000000,1.000000,1.000000,{"1":63},1.000000,0.000000,0.000000,0.000000,1.000000,0.000000,-1.000000
0.014468562,4,53,read_only,16384,1,1.000000,1.000000,1.000000,{"1":4},1.000000,0.000000,0.000000,0.000000,1.000000,0.000000,-1.000000
0.014468562,4,53,union,16384,1,1.000000,1.000000,1.000000,{"1":4},1.000000,0.000000,0.000000,0.000000,1.000000,0.000000,-1.000000
0.014468562,4,53,snapshot,16384,8,1.000000,1.000000,1.000000,{"1":63},1.000000,0.000000,0.000000,0.000000,1.000000,0.000000,-1.000000
0.014699110,4,54,snapshot,64,63,1.000000,1.000000,1.000000,{"1":63},1.000000,0.000000,0.000000,0.000000,1.000000,0.000000,-1.000000
0.014699110,4,54,snapshot,256,63,1.000000,1.000000,1.000000,{"1":63},1.000000,0.000000,0.000000,0.000000,1.000000,0.000000,-1.000000
0.014699110,4,54,snapshot,1024,63,1.000000,1.000000,1.000000,{"1":63},1.000000,0.000000,0.000000,0.000000,1.000000,0.000000,-1.000000
0.014699110,4,54,snapshot,4096,18,1.000000,1.000000,1.000000,{"1":63},1.000000,0.000000,0.000000,0.000000,1.000000,0.000000,-1.000000
0.014699110,4,54,snapshot,16384,8,1.000000,1.000000,1.000000,{"1":63},1.000000,0.000000,0.000000,0.000000,1.000000,0.000000,-1.000000
0.015023394,4,55,read_only,64,47,1.000000,1.000000,1.000000,{"1":47},1.000000,0.000000,0.000000,0.000000,1.000000,0.000000,-1.000000
0.015023394,4,55,union,64,47,1.000000,1.000000,1.000000,{"1":47},1.000000,0.000000,0.000000,0.000000,1.000000,0.000000,-1.000000
0.015023394,4,55,snapshot,64,110,1.000000,1.000000,1.000000,{"1":110},1.000000,0.000000,0.000000,0.000000,1.000000,0.000000,-1.000000
0.015023394,4,55,read_only,256,47,1.000000,1.000000,1.000000,{"1":47},1.000000,0.000000,0.000000,0.000000,1.000000,0.000000,-1.000000
0.015023394,4,55,union,256,47,1.000000,1.000000,1.000000,{"1":47},1.000000,0.000000,0.000000,0.000000,1.000000,0.000000,-1.000000
0.015023394,4,55,snapshot,256,110,1.000000,1.000000,1.000000,{"1":110},1.000000,0.000000,0.000000,0.000000,1.000000,0.000000,-1.000000
0.015023394,4,55,read_only,1024,47,1.000000,1.000000,1.000000,{"1":47},1.000000,0.000000,0.000000,0.000000,1.000000,0.000000,-1.000000
0.015023394,4,55,union,1024,47,1.000000,1.000000,1.000000,{"1":47},1.000000,0.000000,0.000000,0.000000,1.000000,0.000000,-1.000000
0.015023394,4,55,snapshot,1024,110,1.000000,1.000000,1.000000,{"1":110},1.000000,0.000000,0.000000,0.000000,1.000000,0.000000,-1.000000
0.015023394,4,55,read_only,4096,13,1.000000,1.000000,1.000000,{"1":47},1.000000,0.000000,0.000000,0.000000,1.000000,0.000000,-1.000000
0.015023394,4,55,union,4096,13,1.000000,1.000000,1.000000,{"1":47},1.000000,0.000000,0.000000,0.000000,1.000000,0.000000,-1.000000
0.015023394,4,55,snapshot,4096,31,1.000000,1.000000,1.000000,{"1":110},1.000000,0.000000,0.000000,0.000000,1.000000,0.000000,-1.000000
0.015023394,4,55,read_only,16384,5,0.600000,0.833333,0.600000,{"1":47},0.600000,0.400000,0.000000,0.000000,0.600000,0.000000,0.000000
0.015023394,4,55,union,16384,5,0.600000,0.833333,0.600000,{"1":47},0.600000,0.400000,0.000000,0.000000,0.600000,0.000000,0.000000
0.015023394,4,55,snapshot,16384,13,0.846154,0.935897,0.846154,{"1":110},0.846154,0.153846,0.000000,0.000000,0.846154,0.000000,0.000000
0.015261674,4,56,read_only,64,2,1.000000,1.000000,1.000000,{"1":2},1.000000,0.000000,0.000000,0.000000,1.000000,0.000000,-1.000000
0.015261674,4,56,union,64,2,1.000000,1.000000,1.000000,{"1":2},1.000000,0.000000,0.000000,0.000000,1.000000,0.000000,-1.000000
0.015261674,4,56,snapshot,64,112,1.000000,1.000000,1.000000,{"1":112},1.000000,0.000000,0.000000,0.000000,1.000000,0.000000,-1.000000
0.015261674,4,56,read_only,256,2,1.000000,1.000000,1.000000,{"1":2},1.000000,0.000000,0.000000,0.000000,1.000000,0.000000,-1.000000
0.015261674,4,56,union,256,2,1.000000,1.000000,1.000000,{"1":2},1.000000,0.000000,0.000000,0.000000,1.000000,0.000000,-1.000000
0.015261674,4,56,snapshot,256,112,1.000000,1.000000,1.000000,{"1":112},1.000000,0.000000,0.000000,0.000000,1.000000,0.000000,-1.000000
0.015261674,4,56,read_only,1024,2,1.000000,1.000000,1.000000,{"1":2},1.000000,0.000000,0.000000,0.000000,1.000000,0.000000,-1.000000
0.015261674,4,56,union,1024,2,1.000000,1.000000,1.000000,{"1":2},1.000000,0.000000,0.000000,0.000000,1.000000,0.000000,-1.000000
0.015261674,4,56,snapshot,1024,112,1.000000,1.000000,1.000000,{"1":112},1.000000,0.000000,0.000000,0.000000,1.000000,0.000000,-1.000000
0.015261674,4,56,read_only,4096,1,1.000000,1.000000,1.000000,{"1":2},1.000000,0.000000,0.000000,0.000000,1.000000,0.000000,-1.000000
0.015261674,4,56,union,4096,1,1.000000,1.000000,1.000000,{"1":2},1.000000,0.000000,0.000000,0.000000,1.000000,0.000000,-1.000000
0.015261674,4,56,snapshot,4096,31,1.000000,1.000000,1.000000,{"1":112},1.000000,0.000000,0.000000,0.000000,1.000000,0.000000,-1.000000
0.015261674,4,56,read_only,16384,1,1.000000,1.000000,1.000000,{"1":2},1.000000,0.000000,0.000000,0.000000,1.000000,0.000000,-1.000000
0.015261674,4,56,union,16384,1,1.000000,1.000000,1.000000,{"1":2},1.000000,0.000000,0.000000,0.000000,1.000000,0.000000,-1.000000
0.015261674,4,56,snapshot,16384,13,0.846154,0.935897,0.846154,{"1":112},0.846154,0.153846,0.000000,0.000000,0.846154,0.000000,0.000000
0.015563589,4,57,read_only,64,4,1.000000,1.000000,1.000000,{"1":4},1.000000,0.000000,0.000000,0.000000,1.000000,0.000000,-1.000000
0.015563589,4,57,union,64,4,1.000000,1.000000,1.000000,{"1":4},1.000000,0.000000,0.000000,0.000000,1.000000,0.000000,-1.000000
0.015563589,4,57,snapshot,64,116,1.000000,1.000000,1.000000,{"1":116},1.000000,0.000000,0.000000,0.000000,1.000000,0.000000,-1.000000
0.015563589,4,57,read_only,256,4,1.000000,1.000000,1.000000,{"1":4},1.000000,0.000000,0.000000,0.000000,1.000000,0.000000,-1.000000
0.015563589,4,57,union,256,4,1.000000,1.000000,1.000000,{"1":4},1.000000,0.000000,0.000000,0.000000,1.000000,0.000000,-1.000000
0.015563589,4,57,snapshot,256,116,1.000000,1.000000,1.000000,{"1":116},1.000000,0.000000,0.000000,0.000000,1.000000,0.000000,-1.000000
0.015563589,4,57,read_only,1024,4,1.000000,1.000000,1.000000,{"1":4},1.000000,0.000000,0.000000,0.000000,1.000000,0.000000,-1.000000
0.015563589,4,57,union,1024,4,1.000000,1.000000,1.000000,{"1":4},1.000000,0.000000,0.000000,0.000000,1.000000,0.000000,-1.000000
0.015563589,4,57,snapshot,1024,116,1.000000,1.000000,1.000000,{"1":116},1.000000,0.000000,0.000000,0.000000,1.000000,0.000000,-1.000000
0.015563589,4,57,read_only,4096,1,1.000000,1.000000,1.000000,{"1":4},1.000000,0.000000,0.000000,0.000000,1.000000,0.000000,-1.000000
0.015563589,4,57,union,4096,1,1.000000,1.000000,1.000000,{"1":4},1.000000,0.000000,0.000000,0.000000,1.000000,0.000000,-1.000000
0.015563589,4,57,snapshot,4096,32,1.000000,1.000000,1.000000,{"1":116},1.000000,0.000000,0.000000,0.000000,1.000000,0.000000,-1.000000
0.015563589,4,57,read_only,16384,1,1.000000,1.000000,1.000000,{"1":4},1.000000,0.000000,0.000000,0.000000,1.000000,0.000000,-1.000000
0.015563589,4,57,union,16384,1,1.000000,1.000000,1.000000,{"1":4},1.000000,0.000000,0.000000,0.000000,1.000000,0.000000,-1.000000
0.015563589,4,57,snapshot,16384,13,0.846154,0.942308,0.846154,{"1":116},0.846154,0.153846,0.000000,0.000000,0.846154,0.000000,0.000000
0.016055160,4,59,read_only,64,64,1.000000,1.000000,1.000000,{"1":64},1.000000,0.000000,0.000000,0.000000,1.000000,0.000000,-1.000000
0.016055160,4,59,union,64,64,1.000000,1.000000,1.000000,{"1":64},1.000000,0.000000,0.000000,0.000000,1.000000,0.000000,-1.000000
0.016055160,4,59,snapshot,64,64,1.000000,1.000000,1.000000,{"1":64},1.000000,0.000000,0.000000,0.000000,1.000000,0.000000,-1.000000
0.016055160,4,59,read_only,256,64,1.000000,1.000000,1.000000,{"1":64},1.000000,0.000000,0.000000,0.000000,1.000000,0.000000,-1.000000
0.016055160,4,59,union,256,64,1.000000,1.000000,1.000000,{"1":64},1.000000,0.000000,0.000000,0.000000,1.000000,0.000000,-1.000000
0.016055160,4,59,snapshot,256,64,1.000000,1.000000,1.000000,{"1":64},1.000000,0.000000,0.000000,0.000000,1.000000,0.000000,-1.000000
0.016055160,4,59,read_only,1024,64,1.000000,1.000000,1.000000,{"1":64},1.000000,0.000000,0.000000,0.000000,1.000000,0.000000,-1.000000
0.016055160,4,59,union,1024,64,1.000000,1.000000,1.000000,{"1":64},1.000000,0.000000,0.000000,0.000000,1.000000,0.000000,-1.000000
0.016055160,4,59,snapshot,1024,64,1.000000,1.000000,1.000000,{"1":64},1.000000,0.000000,0.000000,0.000000,1.000000,0.000000,-1.000000
0.016055160,4,59,read_only,4096,16,1.000000,1.000000,1.000000,{"1":64},1.000000,0.000000,0.000000,0.000000,1.000000,0.000000,-1.000000
0.016055160,4,59,union,4096,16,1.000000,1.000000,1.000000,{"1":64},1.000000,0.000000,0.000000,0.000000,1.000000,0.000000,-1.000000
0.016055160,4,59,snapshot,4096,16,1.000000,1.000000,1.000000,{"1":64},1.000000,0.000000,0.000000,0.000000,1.000000,0.000000,-1.000000
0.016055160,4,59,read_only,16384,5,0.800000,0.900000,0.800000,{"1":64},0.800000,0.200000,0.000000,0.000000,0.800000,0.000000,0.000000
0.016055160,4,59,union,16384,5,0.800000,0.900000,0.800000,{"1":64},0.800000,0.200000,0.000000,0.000000,0.800000,0.000000,0.000000
0.016055160,4,59,snapshot,16384,5,0.800000,0.900000,0.800000,{"1":64},0.800000,0.200000,0.000000,0.000000,0.800000,0.000000,0.000000
0.016354313,4,60,snapshot,64,64,1.000000,1.000000,1.000000,{"1":64},1.000000,0.000000,0.000000,0.000000,1.000000,0.000000,-1.000000
0.016354313,4,60,snapshot,256,64,1.000000,1.000000,1.000000,{"1":64},1.000000,0.000000,0.000000,0.000000,1.000000,0.000000,-1.000000
0.016354313,4,60,snapshot,1024,64,1.000000,1.000000,1.000000,{"1":64},1.000000,0.000000,0.000000,0.000000,1.000000,0.000000,-1.000000
0.016354313,4,60,snapshot,4096,16,1.000000,1.000000,1.000000,{"1":64},1.000000,0.000000,0.000000,0.000000,1.000000,0.000000,-1.000000
0.016354313,4,60,snapshot,16384,5,0.800000,0.900000,0.800000,{"1":64},0.800000,0.200000,0.000000,0.000000,0.800000,0.000000,0.000000
0.016610021,4,61,read_only,64,25,1.000000,1.000000,1.000000,{"1":25},1.000000,0.000000,0.000000,0.000000,1.000000,0.000000,-1.000000
0.016610021,4,61,union,64,25,1.000000,1.000000,1.000000,{"1":25},1.000000,0.000000,0.000000,0.000000,1.000000,0.000000,-1.000000
0.016610021,4,61,snapshot,64,89,1.000000,1.000000,1.000000,{"1":89},1.000000,0.000000,0.000000,0.000000,1.000000,0.000000,-1.000000
0.016610021,4,61,read_only,256,25,1.000000,1.000000,1.000000,{"1":25},1.000000,0.000000,0.000000,0.000000,1.000000,0.000000,-1.000000
0.016610021,4,61,union,256,25,1.000000,1.000000,1.000000,{"1":25},1.000000,0.000000,0.000000,0.000000,1.000000,0.000000,-1.000000
0.016610021,4,61,snapshot,256,89,1.000000,1.000000,1.000000,{"1":89},1.000000,0.000000,0.000000,0.000000,1.000000,0.000000,-1.000000
0.016610021,4,61,read_only,1024,25,1.000000,1.000000,1.000000,{"1":25},1.000000,0.000000,0.000000,0.000000,1.000000,0.000000,-1.000000
0.016610021,4,61,union,1024,25,1.000000,1.000000,1.000000,{"1":25},1.000000,0.000000,0.000000,0.000000,1.000000,0.000000,-1.000000
0.016610021,4,61,snapshot,1024,89,1.000000,1.000000,1.000000,{"1":89},1.000000,0.000000,0.000000,0.000000,1.000000,0.000000,-1.000000
0.016610021,4,61,read_only,4096,7,1.000000,1.000000,1.000000,{"1":25},1.000000,0.000000,0.000000,0.000000,1.000000,0.000000,-1.000000
0.016610021,4,61,union,4096,7,1.000000,1.000000,1.000000,{"1":25},1.000000,0.000000,0.000000,0.000000,1.000000,0.000000,-1.000000
0.016610021,4,61,snapshot,4096,23,1.000000,1.000000,1.000000,{"1":89},1.000000,0.000000,0.000000,0.000000,1.000000,0.000000,-1.000000
0.016610021,4,61,read_only,16384,3,0.333333,0.750000,0.333333,{"1":25},0.333333,0.666667,0.000000,0.000000,0.333333,0.000000,0.000000
0.016610021,4,61,union,16384,3,0.333333,0.750000,0.333333,{"1":25},0.333333,0.666667,0.000000,0.000000,0.333333,0.000000,0.000000
0.016610021,4,61,snapshot,16384,8,0.625000,0.843750,0.625000,{"1":89},0.625000,0.375000,0.000000,0.000000,0.625000,0.000000,0.000000
0.016894083,4,62,read_only,64,20,1.000000,1.000000,1.000000,{"1":20},1.000000,0.000000,0.000000,0.000000,1.000000,0.000000,-1.000000
0.016894083,4,62,union,64,20,1.000000,1.000000,1.000000,{"1":20},1.000000,0.000000,0.000000,0.000000,1.000000,0.000000,-1.000000
0.016894083,4,62,snapshot,64,109,1.000000,1.000000,1.000000,{"1":109},1.000000,0.000000,0.000000,0.000000,1.000000,0.000000,-1.000000
0.016894083,4,62,read_only,256,20,1.000000,1.000000,1.000000,{"1":20},1.000000,0.000000,0.000000,0.000000,1.000000,0.000000,-1.000000
0.016894083,4,62,union,256,20,1.000000,1.000000,1.000000,{"1":20},1.000000,0.000000,0.000000,0.000000,1.000000,0.000000,-1.000000
0.016894083,4,62,snapshot,256,109,1.000000,1.000000,1.000000,{"1":109},1.000000,0.000000,0.000000,0.000000,1.000000,0.000000,-1.000000
0.016894083,4,62,read_only,1024,20,1.000000,1.000000,1.000000,{"1":20},1.000000,0.000000,0.000000,0.000000,1.000000,0.000000,-1.000000
0.016894083,4,62,union,1024,20,1.000000,1.000000,1.000000,{"1":20},1.000000,0.000000,0.000000,0.000000,1.000000,0.000000,-1.000000
0.016894083,4,62,snapshot,1024,109,1.000000,1.000000,1.000000,{"1":109},1.000000,0.000000,0.000000,0.000000,1.000000,0.000000,-1.000000
0.016894083,4,62,read_only,4096,5,0.800000,0.950000,0.800000,{"1":20},0.800000,0.200000,0.000000,0.000000,0.800000,0.000000,0.000000
0.016894083,4,62,union,4096,5,0.800000,0.950000,0.800000,{"1":20},0.800000,0.200000,0.000000,0.000000,0.800000,0.000000,0.000000
0.016894083,4,62,snapshot,4096,28,0.964286,0.991071,0.964286,{"1":109},0.964286,0.035714,0.000000,0.000000,0.964286,0.000000,0.000000
0.016894083,4,62,read_only,16384,2,0.500000,0.791667,0.500000,{"1":20},0.500000,0.500000,0.000000,0.000000,0.500000,0.000000,0.000000
0.016894083,4,62,union,16384,2,0.500000,0.791667,0.500000,{"1":20},0.500000,0.500000,0.000000,0.000000,0.500000,0.000000,0.000000
0.016894083,4,62,snapshot,16384,9,0.555556,0.818376,0.555556,{"1":109},0.555556,0.444444,0.000000,0.000000,0.555556,0.000000,0.000000
0.017155936,4,63,snapshot,64,109,1.000000,1.000000,1.000000,{"1":109},1.000000,0.000000,0.000000,0.000000,1.000000,0.000000,-1.000000
0.017155936,4,63,snapshot,256,109,1.000000,1.000000,1.000000,{"1":109},1.000000,0.000000,0.000000,0.000000,1.000000,0.000000,-1.000000
0.017155936,4,63,snapshot,1024,109,1.000000,1.000000,1.000000,{"1":109},1.000000,0.000000,0.000000,0.000000,1.000000,0.000000,-1.000000
0.017155936,4,63,snapshot,4096,28,0.964286,0.991071,0.964286,{"1":109},0.964286,0.035714,0.000000,0.000000,0.964286,0.000000,0.000000
0.017155936,4,63,snapshot,16384,9,0.555556,0.818376,0.555556,{"1":109},0.555556,0.444444,0.000000,0.000000,0.555556,0.000000,0.000000
0.017434258,4,64,read_only,64,2,1.000000,1.000000,1.000000,{"1":2},1.000000,0.000000,0.000000,0.000000,1.000000,0.000000,-1.000000
0.017434258,4,64,union,64,2,1.000000,1.000000,1.000000,{"1":2},1.000000,0.000000,0.000000,0.000000,1.000000,0.000000,-1.000000
0.017434258,4,64,snapshot,64,111,1.000000,1.000000,1.000000,{"1":111},1.000000,0.000000,0.000000,0.000000,1.000000,0.000000,-1.000000
0.017434258,4,64,read_only,256,2,1.000000,1.000000,1.000000,{"1":2},1.000000,0.000000,0.000000,0.000000,1.000000,0.000000,-1.000000
0.017434258,4,64,union,256,2,1.000000,1.000000,1.000000,{"1":2},1.000000,0.000000,0.000000,0.000000,1.000000,0.000000,-1.000000
0.017434258,4,64,snapshot,256,111,1.000000,1.000000,1.000000,{"1":111},1.000000,0.000000,0.000000,0.000000,1.000000,0.000000,-1.000000
0.017434258,4,64,read_only,1024,2,1.000000,1.000000,1.000000,{"1":2},1.000000,0.000000,0.000000,0.000000,1.000000,0.000000,-1.000000
0.017434258,4,64,union,1024,2,1.000000,1.000000,1.000000,{"1":2},1.000000,0.000000,0.000000,0.000000,1.000000,0.000000,-1.000000
0.017434258,4,64,snapshot,1024,111,1.000000,1.000000,1.000000,{"1":111},1.000000,0.000000,0.000000,0.000000,1.000000,0.000000,-1.000000
0.017434258,4,64,read_only,4096,2,1.000000,1.000000,1.000000,{"1":2},1.000000,0.000000,0.000000,0.000000,1.000000,0.000000,-1.000000
0.017434258,4,64,union,4096,2,1.000000,1.000000,1.000000,{"1":2},1.000000,0.000000,0.000000,0.000000,1.000000,0.000000,-1.000000
0.017434258,4,64,snapshot,4096,30,0.966667,0.991667,0.966667,{"1":111},0.966667,0.033333,0.000000,0.000000,0.966667,0.000000,0.000000
0.017434258,4,64,read_only,16384,2,1.000000,1.000000,1.000000,{"1":2},1.000000,0.000000,0.000000,0.000000,1.000000,0.000000,-1.000000
0.017434258,4,64,union,16384,2,1.000000,1.000000,1.000000,{"1":2},1.000000,0.000000,0.000000,0.000000,1.000000,0.000000,-1.000000
0.017434258,4,64,snapshot,16384,11,0.636364,0.851399,0.636364,{"1":111},0.636364,0.363636,0.000000,0.000000,0.636364,0.000000,0.000000
0.017671775,4,65,read_only,64,62,1.000000,1.000000,1.000000,{"1":62},1.000000,0.000000,0.000000,0.000000,1.000000,0.000000,-1.000000
0.017671775,4,65,union,64,62,1.000000,1.000000,1.000000,{"1":62},1.000000,0.000000,0.000000,0.000000,1.000000,0.000000,-1.000000
0.017671775,4,65,snapshot,64,173,1.000000,1.000000,1.000000,{"1":173},1.000000,0.000000,0.000000,0.000000,1.000000,0.000000,-1.000000
0.017671775,4,65,read_only,256,62,1.000000,1.000000,1.000000,{"1":62},1.000000,0.000000,0.000000,0.000000,1.000000,0.000000,-1.000000
0.017671775,4,65,union,256,62,1.000000,1.000000,1.000000,{"1":62},1.000000,0.000000,0.000000,0.000000,1.000000,0.000000,-1.000000
0.017671775,4,65,snapshot,256,173,1.000000,1.000000,1.000000,{"1":173},1.000000,0.000000,0.000000,0.000000,1.000000,0.000000,-1.000000
0.017671775,4,65,read_only,1024,62,1.000000,1.000000,1.000000,{"1":62},1.000000,0.000000,0.000000,0.000000,1.000000,0.000000,-1.000000
0.017671775,4,65,union,1024,62,1.000000,1.000000,1.000000,{"1":62},1.000000,0.000000,0.000000,0.000000,1.000000,0.000000,-1.000000
0.017671775,4,65,snapshot,1024,173,1.000000,1.000000,1.000000,{"1":173},1.000000,0.000000,0.000000,0.000000,1.000000,0.000000,-1.000000
0.017671775,4,65,read_only,4096,17,1.000000,1.000000,1.000000,{"1":62},1.000000,0.000000,0.000000,0.000000,1.000000,0.000000,-1.000000
0.017671775,4,65,union,4096,17,1.000000,1.000000,1.000000,{"1":62},1.000000,0.000000,0.000000,0.000000,1.000000,0.000000,-1.000000
0.017671775,4,65,snapshot,4096,47,0.978723,0.994681,0.978723,{"1":173},0.978723,0.021277,0.000000,0.000000,0.978723,0.000000,0.000000
0.017671775,4,65,read_only,16384,6,0.833333,0.958333,0.833333,{"1":62},0.833333,0.166667,0.000000,0.000000,0.833333,0.000000,0.000000
0.017671775,4,65,union,16384,6,0.833333,0.958333,0.833333,{"1":62},0.833333,0.166667,0.000000,0.000000,0.833333,0.000000,0.000000
0.017671775,4,65,snapshot,16384,17,0.705882,0.889140,0.705882,{"1":173},0.705882,0.294118,0.000000,0.000000,0.705882,0.000000,0.000000
0.017907451,4,66,read_only,64,6,1.000000,1.000000,1.000000,{"1":6},1.000000,0.000000,0.000000,0.000000,1.000000,0.000000,-1.000000
0.017907451,4,66,union,64,6,1.000000,1.000000,1.000000,{"1":6},1.000000,0.000000,0.000000,0.000000,1.000000,0.000000,-1.000000
0.017907451,4,66,snapshot,64,179,1.000000,1.000000,1.000000,{"1":179},1.000000,0.000000,0.000000,0.000000,1.000000,0.000000,-1.000000
0.017907451,4,66,read_only,256,6,1.000000,1.000000,1.000000,{"1":6},1.000000,0.000000,0.000000,0.000000,1.000000,0.000000,-1.000000
0.017907451,4,66,union,256,6,1.000000,1.000000,1.000000,{"1":6},1.000000,0.000000,0.000000,0.000000,1.000000,0.000000,-1.000000
0.017907451,4,66,snapshot,256,179,1.000000,1.000000,1.000000,{"1":179},1.000000,0.000000,0.000000,0.000000,1.000000,0.000000,-1.000000
0.017907451,4,66,read_only,1024,6,1.000000,1.000000,1.000000,{"1":6},1.000000,0.000000,0.000000,0.000000,1.000000,0.000000,-1.000000
0.017907451,4,66,union,1024,6,1.000000,1.000000,1.000000,{"1":6},1.000000,0.000000,0.000000,0.000000,1.000000,0.000000,-1.000000
0.017907451,4,66,snapshot,1024,179,1.000000,1.000000,1.000000,{"1":179},1.000000,0.000000,0.000000,0.000000,1.000000,0.000000,-1.000000
0.017907451,4,66,read_only,4096,3,1.000000,1.000000,1.000000,{"1":6},1.000000,0.000000,0.000000,0.000000,1.000000,0.000000,-1.000000
0.017907451,4,66,union,4096,3,1.000000,1.000000,1.000000,{"1":6},1.000000,0.000000,0.000000,0.000000,1.000000,0.000000,-1.000000
0.017907451,4,66,snapshot,4096,47,0.978723,0.994681,0.978723,{"1":179},0.978723,0.021277,0.000000,0.000000,0.978723,0.000000,0.000000
0.017907451,4,66,read_only,16384,2,1.000000,1.000000,1.000000,{"1":6},1.000000,0.000000,0.000000,0.000000,1.000000,0.000000,-1.000000
0.017907451,4,66,union,16384,2,1.000000,1.000000,1.000000,{"1":6},1.000000,0.000000,0.000000,0.000000,1.000000,0.000000,-1.000000
0.017907451,4,66,snapshot,16384,17,0.705882,0.889140,0.705882,{"1":179},0.705882,0.294118,0.000000,0.000000,0.705882,0.000000,0.000000
0.018261363,4,67,read_only,64,61,1.000000,1.000000,1.000000,{"1":61},1.000000,0.000000,0.000000,0.000000,1.000000,0.000000,-1.000000
0.018261363,4,67,union,64,61,1.000000,1.000000,1.000000,{"1":61},1.000000,0.000000,0.000000,0.000000,1.000000,0.000000,-1.000000
0.018261363,4,67,snapshot,64,240,1.000000,1.000000,1.000000,{"1":240},1.000000,0.000000,0.000000,0.000000,1.000000,0.000000,-1.000000
0.018261363,4,67,read_only,256,61,1.000000,1.000000,1.000000,{"1":61},1.000000,0.000000,0.000000,0.000000,1.000000,0.000000,-1.000000
0.018261363,4,67,union,256,61,1.000000,1.000000,1.000000,{"1":61},1.000000,0.000000,0.000000,0.000000,1.000000,0.000000,-1.000000
0.018261363,4,67,snapshot,256,240,1.000000,1.000000,1.000000,{"1":240},1.000000,0.000000,0.000000,0.000000,1.000000,0.000000,-1.000000
0.018261363,4,67,read_only,1024,61,1.000000,1.000000,1.000000,{"1":61},1.000000,0.000000,0.000000,0.000000,1.000000,0.000000,-1.000000
0.018261363,4,67,union,1024,61,1.000000,1.000000,1.000000,{"1":61},1.000000,0.000000,0.000000,0.000000,1.000000,0.000000,-1.000000
0.018261363,4,67,snapshot,1024,240,1.000000,1.000000,1.000000,{"1":240},1.000000,0.000000,0.000000,0.000000,1.000000,0.000000,-1.000000
0.018261363,4,67,read_only,4096,16,1.000000,1.000000,1.000000,{"1":61},1.000000,0.000000,0.000000,0.000000,1.000000,0.000000,-1.000000
0.018261363,4,67,union,4096,16,1.000000,1.000000,1.000000,{"1":61},1.000000,0.000000,0.000000,0.000000,1.000000,0.000000,-1.000000
0.018261363,4,67,snapshot,4096,63,0.984127,0.996032,0.984127,{"1":240},0.984127,0.015873,0.000000,0.000000,0.984127,0.000000,0.000000
0.018261363,4,67,read_only,16384,7,0.571429,0.864286,0.571429,{"1":61},0.571429,0.428571,0.000000,0.000000,0.571429,0.000000,0.000000
0.018261363,4,67,union,16384,7,0.571429,0.864286,0.571429,{"1":61},0.571429,0.428571,0.000000,0.000000,0.571429,0.000000,0.000000
0.018261363,4,67,snapshot,16384,24,0.666667,0.881891,0.666667,{"1":240},0.666667,0.333333,0.000000,0.000000,0.666667,0.000000,0.000000
0.018510615,4,68,snapshot,64,240,1.000000,1.000000,1.000000,{"1":240},1.000000,0.000000,0.000000,0.000000,1.000000,0.000000,-1.000000
0.018510615,4,68,snapshot,256,240,1.000000,1.000000,1.000000,{"1":240},1.000000,0.000000,0.000000,0.000000,1.000000,0.000000,-1.000000
0.018510615,4,68,snapshot,1024,240,1.000000,1.000000,1.000000,{"1":240},1.000000,0.000000,0.000000,0.000000,1.000000,0.000000,-1.000000
0.018510615,4,68,snapshot,4096,63,0.984127,0.996032,0.984127,{"1":240},0.984127,0.015873,0.000000,0.000000,0.984127,0.000000,0.000000
0.018510615,4,68,snapshot,16384,24,0.666667,0.881891,0.666667,{"1":240},0.666667,0.333333,0.000000,0.000000,0.666667,0.000000,0.000000
0.018836592,4,69,read_only,64,32,1.000000,1.000000,1.000000,{"1":32},1.000000,0.000000,0.000000,0.000000,1.000000,0.000000,-1.000000
0.018836592,4,69,union,64,32,1.000000,1.000000,1.000000,{"1":32},1.000000,0.000000,0.000000,0.000000,1.000000,0.000000,-1.000000
0.018836592,4,69,snapshot,64,272,1.000000,1.000000,1.000000,{"1":272},1.000000,0.000000,0.000000,0.000000,1.000000,0.000000,-1.000000
0.018836592,4,69,read_only,256,32,1.000000,1.000000,1.000000,{"1":32},1.000000,0.000000,0.000000,0.000000,1.000000,0.000000,-1.000000
0.018836592,4,69,union,256,32,1.000000,1.000000,1.000000,{"1":32},1.000000,0.000000,0.000000,0.000000,1.000000,0.000000,-1.000000
0.018836592,4,69,snapshot,256,272,1.000000,1.000000,1.000000,{"1":272},1.000000,0.000000,0.000000,0.000000,1.000000,0.000000,-1.000000
0.018836592,4,69,read_only,1024,32,1.000000,1.000000,1.000000,{"1":32},1.000000,0.000000,0.000000,0.000000,1.000000,0.000000,-1.000000
0.018836592,4,69,union,1024,32,1.000000,1.000000,1.000000,{"1":32},1.000000,0.000000,0.000000,0.000000,1.000000,0.000000,-1.000000
0.018836592,4,69,snapshot,1024,272,1.000000,1.000000,1.000000,{"1":272},1.000000,0.000000,0.000000,0.000000,1.000000,0.000000,-1.000000
0.018836592,4,69,read_only,4096,8,1.000000,1.000000,1.000000,{"1":32},1.000000,0.000000,0.000000,0.000000,1.000000,0.000000,-1.000000
0.018836592,4,69,union,4096,8,1.000000,1.000000,1.000000,{"1":32},1.000000,0.000000,0.000000,0.000000,1.000000,0.000000,-1.000000
0.018836592,4,69,snapshot,4096,71,0.985915,0.996479,0.985915,{"1":272},0.985915,0.014085,0.000000,0.000000,0.985915,0.000000,0.000000
0.018836592,4,69,read_only,16384,2,1.000000,1.000000,1.000000,{"1":32},1.000000,0.000000,0.000000,0.000000,1.000000,0.000000,-1.000000
0.018836592,4,69,union,16384,2,1.000000,1.000000,1.000000,{"1":32},1.000000,0.000000,0.000000,0.000000,1.000000,0.000000,-1.000000
0.018836592,4,69,snapshot,16384,26,0.692308,0.890976,0.692308,{"1":272},0.692308,0.307692,0.000000,0.000000,0.692308,0.000000,0.000000
0.019140785,4,70,read_only,64,28,1.000000,1.000000,1.000000,{"1":28},1.000000,0.000000,0.000000,0.000000,1.000000,0.000000,-1.000000
0.019140785,4,70,union,64,28,1.000000,1.000000,1.000000,{"1":28},1.000000,0.000000,0.000000,0.000000,1.000000,0.000000,-1.000000
0.019140785,4,70,snapshot,64,28,1.000000,1.000000,1.000000,{"1":28},1.000000,0.000000,0.000000,0.000000,1.000000,0.000000,-1.000000
0.019140785,4,70,read_only,256,28,1.000000,1.000000,1.000000,{"1":28},1.000000,0.000000,0.000000,0.000000,1.000000,0.000000,-1.000000
0.019140785,4,70,union,256,28,1.000000,1.000000,1.000000,{"1":28},1.000000,0.000000,0.000000,0.000000,1.000000,0.000000,-1.000000
0.019140785,4,70,snapshot,256,28,1.000000,1.000000,1.000000,{"1":28},1.000000,0.000000,0.000000,0.000000,1.000000,0.000000,-1.000000
0.019140785,4,70,read_only,1024,28,1.000000,1.000000,1.000000,{"1":28},1.000000,0.000000,0.000000,0.000000,1.000000,0.000000,-1.000000
0.019140785,4,70,union,1024,28,1.000000,1.000000,1.000000,{"1":28},1.000000,0.000000,0.000000,0.000000,1.000000,0.000000,-1.000000
0.019140785,4,70,snapshot,1024,28,1.000000,1.000000,1.000000,{"1":28},1.000000,0.000000,0.000000,0.000000,1.000000,0.000000,-1.000000
0.019140785,4,70,read_only,4096,8,1.000000,1.000000,1.000000,{"1":28},1.000000,0.000000,0.000000,0.000000,1.000000,0.000000,-1.000000
0.019140785,4,70,union,4096,8,1.000000,1.000000,1.000000,{"1":28},1.000000,0.000000,0.000000,0.000000,1.000000,0.000000,-1.000000
0.019140785,4,70,snapshot,4096,8,1.000000,1.000000,1.000000,{"1":28},1.000000,0.000000,0.000000,0.000000,1.000000,0.000000,-1.000000
0.019140785,4,70,read_only,16384,4,0.000000,0.583333,0.000000,{"1":28},0.000000,1.000000,0.000000,0.000000,0.000000,0.000000,0.000000
0.019140785,4,70,union,16384,4,0.000000,0.583333,0.000000,{"1":28},0.000000,1.000000,0.000000,0.000000,0.000000,0.000000,0.000000
0.019140785,4,70,snapshot,16384,4,0.000000,0.583333,0.000000,{"1":28},0.000000,1.000000,0.000000,0.000000,0.000000,0.000000,0.000000
0.019369429,4,71,snapshot,64,28,1.000000,1.000000,1.000000,{"1":28},1.000000,0.000000,0.000000,0.000000,1.000000,0.000000,-1.000000
0.019369429,4,71,snapshot,256,28,1.000000,1.000000,1.000000,{"1":28},1.000000,0.000000,0.000000,0.000000,1.000000,0.000000,-1.000000
0.019369429,4,71,snapshot,1024,28,1.000000,1.000000,1.000000,{"1":28},1.000000,0.000000,0.000000,0.000000,1.000000,0.000000,-1.000000
0.019369429,4,71,snapshot,4096,8,1.000000,1.000000,1.000000,{"1":28},1.000000,0.000000,0.000000,0.000000,1.000000,0.000000,-1.000000
0.019369429,4,71,snapshot,16384,4,0.000000,0.583333,0.000000,{"1":28},0.000000,1.000000,0.000000,0.000000,0.000000,0.000000,0.000000
0.019766033,4,72,read_only,64,130,1.000000,1.000000,1.000000,{"1":130},1.000000,0.000000,0.000000,0.000000,1.000000,0.000000,-1.000000
0.019766033,4,72,union,64,130,1.000000,1.000000,1.000000,{"1":130},1.000000,0.000000,0.000000,0.000000,1.000000,0.000000,-1.000000
0.019766033,4,72,snapshot,64,158,1.000000,1.000000,1.000000,{"1":158},1.000000,0.000000,0.000000,0.000000,1.000000,0.000000,-1.000000
0.019766033,4,72,read_only,256,130,1.000000,1.000000,1.000000,{"1":130},1.000000,0.000000,0.000000,0.000000,1.000000,0.000000,-1.000000
0.019766033,4,72,union,256,130,1.000000,1.000000,1.000000,{"1":130},1.000000,0.000000,0.000000,0.000000,1.000000,0.000000,-1.000000
0.019766033,4,72,snapshot,256,158,1.000000,1.000000,1.000000,{"1":158},1.000000,0.000000,0.000000,0.000000,1.000000,0.000000,-1.000000
0.019766033,4,72,read_only,1024,130,1.000000,1.000000,1.000000,{"1":130},1.000000,0.000000,0.000000,0.000000,1.000000,0.000000,-1.000000
0.019766033,4,72,union,1024,130,1.000000,1.000000,1.000000,{"1":130},1.000000,0.000000,0.000000,0.000000,1.000000,0.000000,-1.000000
0.019766033,4,72,snapshot,1024,158,1.000000,1.000000,1.000000,{"1":158},1.000000,0.000000,0.000000,0.000000,1.000000,0.000000,-1.000000
0.019766033,4,72,read_only,4096,33,0.909091,0.969697,0.909091,{"1":130},0.909091,0.090909,0.000000,0.000000,0.909091,0.000000,0.000000
0.019766033,4,72,union,4096,33,0.909091,0.969697,0.909091,{"1":130},0.909091,0.090909,0.000000,0.000000,0.909091,0.000000,0.000000
0.019766033,4,72,snapshot,4096,41,0.926829,0.975610,0.926829,{"1":158},0.926829,0.073171,0.000000,0.000000,0.926829,0.000000,0.000000
0.019766033,4,72,read_only,16384,12,0.583333,0.885417,0.583333,{"1":130},0.583333,0.416667,0.000000,0.000000,0.583333,0.000000,0.000000
0.019766033,4,72,union,16384,12,0.583333,0.885417,0.583333,{"1":130},0.583333,0.416667,0.000000,0.000000,0.583333,0.000000,0.000000
0.019766033,4,72,snapshot,16384,15,0.466667,0.802778,0.466667,{"1":158},0.466667,0.466667,0.066667,0.000000,0.466667,0.000000,0.000000
0.020066991,4,73,snapshot,64,158,1.000000,1.000000,1.000000,{"1":158},1.000000,0.000000,0.000000,0.000000,1.000000,0.000000,-1.000000
0.020066991,4,73,snapshot,256,158,1.000000,1.000000,1.000000,{"1":158},1.000000,0.000000,0.000000,0.000000,1.000000,0.000000,-1.000000
0.020066991,4,73,snapshot,1024,158,1.000000,1.000000,1.000000,{"1":158},1.000000,0.000000,0.000000,0.000000,1.000000,0.000000,-1.000000
0.020066991,4,73,snapshot,4096,41,0.926829,0.975610,0.926829,{"1":158},0.926829,0.073171,0.000000,0.000000,0.926829,0.000000,0.000000
0.020066991,4,73,snapshot,16384,15,0.466667,0.802778,0.466667,{"1":158},0.466667,0.466667,0.066667,0.000000,0.466667,0.000000,0.000000
0.020331298,4,74,snapshot,64,158,1.000000,1.000000,1.000000,{"1":158},1.000000,0.000000,0.000000,0.000000,1.000000,0.000000,-1.000000
0.020331298,4,74,snapshot,256,158,1.000000,1.000000,1.000000,{"1":158},1.000000,0.000000,0.000000,0.000000,1.000000,0.000000,-1.000000
0.020331298,4,74,snapshot,1024,158,1.000000,1.000000,1.000000,{"1":158},1.000000,0.000000,0.000000,0.000000,1.000000,0.000000,-1.000000
0.020331298,4,74,snapshot,4096,41,0.926829,0.975610,0.926829,{"1":158},0.926829,0.073171,0.000000,0.000000,0.926829,0.000000,0.000000
0.020331298,4,74,snapshot,16384,15,0.466667,0.802778,0.466667,{"1":158},0.466667,0.466667,0.066667,0.000000,0.466667,0.000000,0.000000
0.020596184,4,75,snapshot,64,158,1.000000,1.000000,1.000000,{"1":158},1.000000,0.000000,0.000000,0.000000,1.000000,0.000000,-1.000000
0.020596184,4,75,snapshot,256,158,1.000000,1.000000,1.000000,{"1":158},1.000000,0.000000,0.000000,0.000000,1.000000,0.000000,-1.000000
0.020596184,4,75,snapshot,1024,158,1.000000,1.000000,1.000000,{"1":158},1.000000,0.000000,0.000000,0.000000,1.000000,0.000000,-1.000000
0.020596184,4,75,snapshot,4096,41,0.926829,0.975610,0.926829,{"1":158},0.926829,0.073171,0.000000,0.000000,0.926829,0.000000,0.000000
0.020596184,4,75,snapshot,16384,15,0.466667,0.802778,0.466667,{"1":158},0.466667,0.466667,0.066667,0.000000,0.466667,0.000000,0.000000
0.020889427,4,76,read_only,64,2,1.000000,1.000000,1.000000,{"1":2},1.000000,0.000000,0.000000,0.000000,1.000000,0.000000,-1.000000
0.020889427,4,76,union,64,2,1.000000,1.000000,1.000000,{"1":2},1.000000,0.000000,0.000000,0.000000,1.000000,0.000000,-1.000000
0.020889427,4,76,snapshot,64,160,1.000000,1.000000,1.000000,{"1":160},1.000000,0.000000,0.000000,0.000000,1.000000,0.000000,-1.000000
0.020889427,4,76,read_only,256,2,1.000000,1.000000,1.000000,{"1":2},1.000000,0.000000,0.000000,0.000000,1.000000,0.000000,-1.000000
0.020889427,4,76,union,256,2,1.000000,1.000000,1.000000,{"1":2},1.000000,0.000000,0.000000,0.000000,1.000000,0.000000,-1.000000
0.020889427,4,76,snapshot,256,160,1.000000,1.000000,1.000000,{"1":160},1.000000,0.000000,0.000000,0.000000,1.000000,0.000000,-1.000000
0.020889427,4,76,read_only,1024,2,1.000000,1.000000,1.000000,{"1":2},1.000000,0.000000,0.000000,0.000000,1.000000,0.000000,-1.000000
0.020889427,4,76,union,1024,2,1.000000,1.000000,1.000000,{"1":2},1.000000,0.000000,0.000000,0.000000,1.000000,0.000000,-1.000000
0.020889427,4,76,snapshot,1024,160,1.000000,1.000000,1.000000,{"1":160},1.000000,0.000000,0.000000,0.000000,1.000000,0.000000,-1.000000
0.020889427,4,76,read_only,4096,1,1.000000,1.000000,1.000000,{"1":2},1.000000,0.000000,0.000000,0.000000,1.000000,0.000000,-1.000000
0.020889427,4,76,union,4096,1,1.000000,1.000000,1.000000,{"1":2},1.000000,0.000000,0.000000,0.000000,1.000000,0.000000,-1.000000
0.020889427,4,76,snapshot,4096,42,0.928571,0.976190,0.928571,{"1":160},0.928571,0.071429,0.000000,0.000000,0.928571,0.000000,0.000000
0.020889427,4,76,read_only,16384,1,1.000000,1.000000,1.000000,{"1":2},1.000000,0.000000,0.000000,0.000000,1.000000,0.000000,-1.000000
0.020889427,4,76,union,16384,1,1.000000,1.000000,1.000000,{"1":2},1.000000,0.000000,0.000000,0.000000,1.000000,0.000000,-1.000000
0.020889427,4,76,snapshot,16384,16,0.500000,0.815104,0.500000,{"1":160},0.500000,0.437500,0.062500,0.000000,0.500000,0.000000,0.000000
0.021146527,4,77,snapshot,64,160,1.000000,1.000000,1.000000,{"1":160},1.000000,0.000000,0.000000,0.000000,1.000000,0.000000,-1.000000
0.021146527,4,77,snapshot,256,160,1.000000,1.000000,1.000000,{"1":160},1.000000,0.000000,0.000000,0.000000,1.000000,0.000000,-1.000000
0.021146527,4,77,snapshot,1024,160,1.000000,1.000000,1.000000,{"1":160},1.000000,0.000000,0.000000,0.000000,1.000000,0.000000,-1.000000
0.021146527,4,77,snapshot,4096,42,0.928571,0.976190,0.928571,{"1":160},0.928571,0.071429,0.000000,0.000000,0.928571,0.000000,0.000000
0.021146527,4,77,snapshot,16384,16,0.500000,0.815104,0.500000,{"1":160},0.500000,0.437500,0.062500,0.000000,0.500000,0.000000,0.000000
0.021395082,4,78,snapshot,64,160,1.000000,1.000000,1.000000,{"1":160},1.000000,0.000000,0.000000,0.000000,1.000000,0.000000,-1.000000
0.021395082,4,78,snapshot,256,160,1.000000,1.000000,1.000000,{"1":160},1.000000,0.000000,0.000000,0.000000,1.000000,0.000000,-1.000000
0.021395082,4,78,snapshot,1024,160,1.000000,1.000000,1.000000,{"1":160},1.000000,0.000000,0.000000,0.000000,1.000000,0.000000,-1.000000
0.021395082,4,78,snapshot,4096,42,0.928571,0.976190,0.928571,{"1":160},0.928571,0.071429,0.000000,0.000000,0.928571,0.000000,0.000000
0.021395082,4,78,snapshot,16384,16,0.500000,0.815104,0.500000,{"1":160},0.500000,0.437500,0.062500,0.000000,0.500000,0.000000,0.000000
0.021645726,4,79,read_only,64,65,1.000000,1.000000,1.000000,{"1":65},1.000000,0.000000,0.000000,0.000000,1.000000,0.000000,-1.000000
0.021645726,4,79,union,64,65,1.000000,1.000000,1.000000,{"1":65},1.000000,0.000000,0.000000,0.000000,1.000000,0.000000,-1.000000
0.021645726,4,79,snapshot,64,225,1.000000,1.000000,1.000000,{"1":225},1.000000,0.000000,0.000000,0.000000,1.000000,0.000000,-1.000000
0.021645726,4,79,read_only,256,65,1.000000,1.000000,1.000000,{"1":65},1.000000,0.000000,0.000000,0.000000,1.000000,0.000000,-1.000000
0.021645726,4,79,union,256,65,1.000000,1.000000,1.000000,{"1":65},1.000000,0.000000,0.000000,0.000000,1.000000,0.000000,-1.000000
0.021645726,4,79,snapshot,256,225,1.000000,1.000000,1.000000,{"1":225},1.000000,0.000000,0.000000,0.000000,1.000000,0.000000,-1.000000
0.021645726,4,79,read_only,1024,65,1.000000,1.000000,1.000000,{"1":65},1.000000,0.000000,0.000000,0.000000,1.000000,0.000000,-1.000000
0.021645726,4,79,union,1024,65,1.000000,1.000000,1.000000,{"1":65},1.000000,0.000000,0.000000,0.000000,1.000000,0.000000,-1.000000
0.021645726,4,79,snapshot,1024,225,1.000000,1.000000,1.000000,{"1":225},1.000000,0.000000,0.000000,0.000000,1.000000,0.000000,-1.000000
0.021645726,4,79,read_only,4096,19,1.000000,1.000000,1.000000,{"1":65},1.000000,0.000000,0.000000,0.000000,1.000000,0.000000,-1.000000
0.021645726,4,79,union,4096,19,1.000000,1.000000,1.000000,{"1":65},1.000000,0.000000,0.000000,0.000000,1.000000,0.000000,-1.000000
0.021645726,4,79,snapshot,4096,61,0.950820,0.983607,0.950820,{"1":225},0.950820,0.049180,0.000000,0.000000,0.950820,0.000000,0.000000
0.021645726,4,79,read_only,16384,7,1.000000,1.000000,1.000000,{"1":65},1.000000,0.000000,0.000000,0.000000,1.000000,0.000000,-1.000000
0.021645726,4,79,union,16384,7,1.000000,1.000000,1.000000,{"1":65},1.000000,0.000000,0.000000,0.000000,1.000000,0.000000,-1.000000
0.021645726,4,79,snapshot,16384,23,0.652174,0.871377,0.652174,{"1":225},0.652174,0.304348,0.043478,0.000000,0.652174,0.000000,0.000000
0.021964130,4,80,read_only,64,512,1.000000,1.000000,1.000000,{"1":512},1.000000,0.000000,0.000000,0.000000,1.000000,0.000000,-1.000000
0.021964130,4,80,union,64,512,1.000000,1.000000,1.000000,{"1":512},1.000000,0.000000,0.000000,0.000000,1.000000,0.000000,-1.000000
0.021964130,4,80,snapshot,64,737,1.000000,1.000000,1.000000,{"1":737},1.000000,0.000000,0.000000,0.000000,1.000000,0.000000,-1.000000
0.021964130,4,80,read_only,256,512,1.000000,1.000000,1.000000,{"1":512},1.000000,0.000000,0.000000,0.000000,1.000000,0.000000,-1.000000
0.021964130,4,80,union,256,512,1.000000,1.000000,1.000000,{"1":512},1.000000,0.000000,0.000000,0.000000,1.000000,0.000000,-1.000000
0.021964130,4,80,snapshot,256,737,1.000000,1.000000,1.000000,{"1":737},1.000000,0.000000,0.000000,0.000000,1.000000,0.000000,-1.000000
0.021964130,4,80,read_only,1024,512,1.000000,1.000000,1.000000,{"1":512},1.000000,0.000000,0.000000,0.000000,1.000000,0.000000,-1.000000
0.021964130,4,80,union,1024,512,1.000000,1.000000,1.000000,{"1":512},1.000000,0.000000,0.000000,0.000000,1.000000,0.000000,-1.000000
0.021964130,4,80,snapshot,1024,737,1.000000,1.000000,1.000000,{"1":737},1.000000,0.000000,0.000000,0.000000,1.000000,0.000000,-1.000000
0.021964130,4,80,read_only,4096,132,1.000000,1.000000,1.000000,{"1":512},1.000000,0.000000,0.000000,0.000000,1.000000,0.000000,-1.000000
0.021964130,4,80,union,4096,132,1.000000,1.000000,1.000000,{"1":512},1.000000,0.000000,0.000000,0.000000,1.000000,0.000000,-1.000000
0.021964130,4,80,snapshot,4096,187,0.983957,0.994652,0.983957,{"1":737},0.983957,0.016043,0.000000,0.000000,0.983957,0.000000,0.000000
0.021964130,4,80,read_only,16384,37,1.000000,1.000000,1.000000,{"1":512},1.000000,0.000000,0.000000,0.000000,1.000000,0.000000,-1.000000
0.021964130,4,80,union,16384,37,1.000000,1.000000,1.000000,{"1":512},1.000000,0.000000,0.000000,0.000000,1.000000,0.000000,-1.000000
0.021964130,4,80,snapshot,16384,53,0.849057,0.944182,0.849057,{"1":737},0.849057,0.132075,0.018868,0.000000,0.849057,0.000000,0.000000
0.022206641,4,81,snapshot,64,737,1.000000,1.000000,1.000000,{"1":737},1.000000,0.000000,0.000000,0.000000,1.000000,0.000000,-1.000000
0.022206641,4,81,snapshot,256,737,1.000000,1.000000,1.000000,{"1":737},1.000000,0.000000,0.000000,0.000000,1.000000,0.000000,-1.000000
0.022206641,4,81,snapshot,1024,737,1.000000,1.000000,1.000000,{"1":737},1.000000,0.000000,0.000000,0.000000,1.000000,0.000000,-1.000000
0.022206641,4,81,snapshot,4096,187,0.983957,0.994652,0.983957,{"1":737},0.983957,0.016043,0.000000,0.000000,0.983957,0.000000,0.000000
0.022206641,4,81,snapshot,16384,53,0.849057,0.944182,0.849057,{"1":737},0.849057,0.132075,0.018868,0.000000,0.849057,0.000000,0.000000
0.022450765,4,82,read_only,64,4,1.000000,1.000000,1.000000,{"1":4},1.000000,0.000000,0.000000,0.000000,1.000000,0.000000,-1.000000
0.022450765,4,82,union,64,4,1.000000,1.000000,1.000000,{"1":4},1.000000,0.000000,0.000000,0.000000,1.000000,0.000000,-1.000000
0.022450765,4,82,snapshot,64,741,1.000000,1.000000,1.000000,{"1":741},1.000000,0.000000,0.000000,0.000000,1.000000,0.000000,-1.000000
0.022450765,4,82,read_only,256,4,1.000000,1.000000,1.000000,{"1":4},1.000000,0.000000,0.000000,0.000000,1.000000,0.000000,-1.000000
0.022450765,4,82,union,256,4,1.000000,1.000000,1.000000,{"1":4},1.000000,0.000000,0.000000,0.000000,1.000000,0.000000,-1.000000
0.022450765,4,82,snapshot,256,741,1.000000,1.000000,1.000000,{"1":741},1.000000,0.000000,0.000000,0.000000,1.000000,0.000000,-1.000000
0.022450765,4,82,read_only,1024,4,1.000000,1.000000,1.000000,{"1":4},1.000000,0.000000,0.000000,0.000000,1.000000,0.000000,-1.000000
0.022450765,4,82,union,1024,4,1.000000,1.000000,1.000000,{"1":4},1.000000,0.000000,0.000000,0.000000,1.000000,0.000000,-1.000000
0.022450765,4,82,snapshot,1024,741,1.000000,1.000000,1.000000,{"1":741},1.000000,0.000000,0.000000,0.000000,1.000000,0.000000,-1.000000
0.022450765,4,82,read_only,4096,1,1.000000,1.000000,1.000000,{"1":4},1.000000,0.000000,0.000000,0.000000,1.000000,0.000000,-1.000000
0.022450765,4,82,union,4096,1,1.000000,1.000000,1.000000,{"1":4},1.000000,0.000000,0.000000,0.000000,1.000000,0.000000,-1.000000
0.022450765,4,82,snapshot,4096,188,0.984043,0.994681,0.984043,{"1":741},0.984043,0.015957,0.000000,0.000000,0.984043,0.000000,0.000000
0.022450765,4,82,read_only,16384,1,1.000000,1.000000,1.000000,{"1":4},1.000000,0.000000,0.000000,0.000000,1.000000,0.000000,-1.000000
0.022450765,4,82,union,16384,1,1.000000,1.000000,1.000000,{"1":4},1.000000,0.000000,0.000000,0.000000,1.000000,0.000000,-1.000000
0.022450765,4,82,snapshot,16384,54,0.851852,0.945216,0.851852,{"1":741},0.851852,0.129630,0.018519,0.000000,0.851852,0.000000,0.000000
0.022689198,4,83,snapshot,64,741,1.000000,1.000000,1.000000,{"1":741},1.000000,0.000000,0.000000,0.000000,1.000000,0.000000,-1.000000
0.022689198,4,83,snapshot,256,741,1.000000,1.000000,1.000000,{"1":741},1.000000,0.000000,0.000000,0.000000,1.000000,0.000000,-1.000000
0.022689198,4,83,snapshot,1024,741,1.000000,1.000000,1.000000,{"1":741},1.000000,0.000000,0.000000,0.000000,1.000000,0.000000,-1.000000
0.022689198,4,83,snapshot,4096,188,0.984043,0.994681,0.984043,{"1":741},0.984043,0.015957,0.000000,0.000000,0.984043,0.000000,0.000000
0.022689198,4,83,snapshot,16384,54,0.851852,0.945216,0.851852,{"1":741},0.851852,0.129630,0.018519,0.000000,0.851852,0.000000,0.000000
0.022922638,4,84,snapshot,64,741,1.000000,1.000000,1.000000,{"1":741},1.000000,0.000000,0.000000,0.000000,1.000000,0.000000,-1.000000
0.022922638,4,84,snapshot,256,741,1.000000,1.000000,1.000000,{"1":741},1.000000,0.000000,0.000000,0.000000,1.000000,0.000000,-1.000000
0.022922638,4,84,snapshot,1024,741,1.000000,1.000000,1.000000,{"1":741},1.000000,0.000000,0.000000,0.000000,1.000000,0.000000,-1.000000
0.022922638,4,84,snapshot,4096,188,0.984043,0.994681,0.984043,{"1":741},0.984043,0.015957,0.000000,0.000000,0.984043,0.000000,0.000000
0.022922638,4,84,snapshot,16384,54,0.851852,0.945216,0.851852,{"1":741},0.851852,0.129630,0.018519,0.000000,0.851852,0.000000,0.000000
0.023168217,4,85,read_only,64,69,1.000000,1.000000,1.000000,{"1":68,"2":1},0.985507,0.014493,0.000000,0.000000,0.985507,0.014493,1.000000
0.023168217,4,85,union,64,69,1.000000,1.000000,1.000000,{"1":68,"2":1},0.985507,0.014493,0.000000,0.000000,0.985507,0.014493,1.000000
0.023168217,4,85,snapshot,64,810,1.000000,1.000000,1.000000,{"1":809,"2":1},0.998765,0.001235,0.000000,0.000000,0.998765,0.001235,1.000000
0.023168217,4,85,read_only,256,69,1.000000,1.000000,1.000000,{"1":68,"2":1},0.985507,0.014493,0.000000,0.000000,0.985507,0.014493,1.000000
0.023168217,4,85,union,256,69,1.000000,1.000000,1.000000,{"1":68,"2":1},0.985507,0.014493,0.000000,0.000000,0.985507,0.014493,1.000000
0.023168217,4,85,snapshot,256,810,1.000000,1.000000,1.000000,{"1":809,"2":1},0.998765,0.001235,0.000000,0.000000,0.998765,0.001235,1.000000
0.023168217,4,85,read_only,1024,69,1.000000,1.000000,1.000000,{"1":68,"2":1},0.985507,0.014493,0.000000,0.000000,0.985507,0.014493,1.000000
0.023168217,4,85,union,1024,69,1.000000,1.000000,1.000000,{"1":68,"2":1},0.985507,0.014493,0.000000,0.000000,0.985507,0.014493,1.000000
0.023168217,4,85,snapshot,1024,810,1.000000,1.000000,1.000000,{"1":809,"2":1},0.998765,0.001235,0.000000,0.000000,0.998765,0.001235,1.000000
0.023168217,4,85,read_only,4096,18,1.000000,1.000000,1.000000,{"1":68,"2":1},0.944444,0.055556,0.000000,0.000000,0.944444,0.055556,1.000000
0.023168217,4,85,union,4096,18,1.000000,1.000000,1.000000,{"1":68,"2":1},0.944444,0.055556,0.000000,0.000000,0.944444,0.055556,1.000000
0.023168217,4,85,snapshot,4096,206,0.985437,0.995146,0.985437,{"1":809,"2":1},0.980583,0.019417,0.000000,0.000000,0.980583,0.004854,0.250000
0.023168217,4,85,read_only,16384,6,0.666667,0.925000,0.666667,{"1":68,"2":1},0.666667,0.333333,0.000000,0.000000,0.666667,0.000000,0.000000
0.023168217,4,85,union,16384,6,0.666667,0.925000,0.666667,{"1":68,"2":1},0.666667,0.333333,0.000000,0.000000,0.666667,0.000000,0.000000
0.023168217,4,85,snapshot,16384,60,0.833333,0.943194,0.833333,{"1":809,"2":1},0.833333,0.150000,0.016667,0.000000,0.833333,0.000000,0.000000
0.023400959,4,86,snapshot,64,810,1.000000,1.000000,1.000000,{"1":809,"2":1},0.998765,0.001235,0.000000,0.000000,0.998765,0.001235,1.000000
0.023400959,4,86,snapshot,256,810,1.000000,1.000000,1.000000,{"1":809,"2":1},0.998765,0.001235,0.000000,0.000000,0.998765,0.001235,1.000000
0.023400959,4,86,snapshot,1024,810,1.000000,1.000000,1.000000,{"1":809,"2":1},0.998765,0.001235,0.000000,0.000000,0.998765,0.001235,1.000000
0.023400959,4,86,snapshot,4096,206,0.985437,0.995146,0.985437,{"1":809,"2":1},0.980583,0.019417,0.000000,0.000000,0.980583,0.004854,0.250000
0.023400959,4,86,snapshot,16384,60,0.833333,0.943194,0.833333,{"1":809,"2":1},0.833333,0.150000,0.016667,0.000000,0.833333,0.000000,0.000000
0.023634955,4,87,read_only,64,12,1.000000,1.000000,1.000000,{"1":12},1.000000,0.000000,0.000000,0.000000,1.000000,0.000000,-1.000000
0.023634955,4,87,union,64,12,1.000000,1.000000,1.000000,{"1":12},1.000000,0.000000,0.000000,0.000000,1.000000,0.000000,-1.000000
0.023634955,4,87,snapshot,64,822,1.000000,1.000000,1.000000,{"1":821,"2":1},0.998783,0.001217,0.000000,0.000000,0.998783,0.001217,1.000000
0.023634955,4,87,read_only,256,12,1.000000,1.000000,1.000000,{"1":12},1.000000,0.000000,0.000000,0.000000,1.000000,0.000000,-1.000000
0.023634955,4,87,union,256,12,1.000000,1.000000,1.000000,{"1":12},1.000000,0.000000,0.000000,0.000000,1.000000,0.000000,-1.000000
0.023634955,4,87,snapshot,256,822,1.000000,1.000000,1.000000,{"1":821,"2":1},0.998783,0.001217,0.000000,0.000000,0.998783,0.001217,1.000000
0.023634955,4,87,read_only,1024,12,1.000000,1.000000,1.000000,{"1":12},1.000000,0.000000,0.000000,0.000000,1.000000,0.000000,-1.000000
0.023634955,4,87,union,1024,12,1.000000,1.000000,1.000000,{"1":12},1.000000,0.000000,0.000000,0.000000,1.000000,0.000000,-1.000000
0.023634955,4,87,snapshot,1024,822,1.000000,1.000000,1.000000,{"1":821,"2":1},0.998783,0.001217,0.000000,0.000000,0.998783,0.001217,1.000000
0.023634955,4,87,read_only,4096,4,1.000000,1.000000,1.000000,{"1":12},1.000000,0.000000,0.000000,0.000000,1.000000,0.000000,-1.000000
0.023634955,4,87,union,4096,4,1.000000,1.000000,1.000000,{"1":12},1.000000,0.000000,0.000000,0.000000,1.000000,0.000000,-1.000000
0.023634955,4,87,snapshot,4096,210,0.985714,0.995238,0.985714,{"1":821,"2":1},0.980952,0.019048,0.000000,0.000000,0.980952,0.004762,0.250000
0.023634955,4,87,read_only,16384,1,1.000000,1.000000,1.000000,{"1":12},1.000000,0.000000,0.000000,0.000000,1.000000,0.000000,-1.000000
0.023634955,4,87,union,16384,1,1.000000,1.000000,1.000000,{"1":12},1.000000,0.000000,0.000000,0.000000,1.000000,0.000000,-1.000000
0.023634955,4,87,snapshot,16384,61,0.836066,0.944126,0.836066,{"1":821,"2":1},0.836066,0.147541,0.016393,0.000000,0.836066,0.000000,0.000000
0.023869342,4,88,read_only,64,4,1.000000,1.000000,1.000000,{"1":4},1.000000,0.000000,0.000000,0.000000,1.000000,0.000000,-1.000000
0.023869342,4,88,union,64,4,1.000000,1.000000,1.000000,{"1":4},1.000000,0.000000,0.000000,0.000000,1.000000,0.000000,-1.000000
0.023869342,4,88,snapshot,64,826,1.000000,1.000000,1.000000,{"1":825,"2":1},0.998789,0.001211,0.000000,0.000000,0.998789,0.001211,1.000000
0.023869342,4,88,read_only,256,4,1.000000,1.000000,1.000000,{"1":4},1.000000,0.000000,0.000000,0.000000,1.000000,0.000000,-1.000000
0.023869342,4,88,union,256,4,1.000000,1.000000,1.000000,{"1":4},1.000000,0.000000,0.000000,0.000000,1.000000,0.000000,-1.000000
0.023869342,4,88,snapshot,256,826,1.000000,1.000000,1.000000,{"1":825,"2":1},0.998789,0.001211,0.000000,0.000000,0.998789,0.001211,1.000000
0.023869342,4,88,read_only,1024,4,1.000000,1.000000,1.000000,{"1":4},1.000000,0.000000,0.000000,0.000000,1.000000,0.000000,-1.000000
0.023869342,4,88,union,1024,4,1.000000,1.000000,1.000000,{"1":4},1.000000,0.000000,0.000000,0.000000,1.000000,0.000000,-1.000000
0.023869342,4,88,snapshot,1024,826,1.000000,1.000000,1.000000,{"1":825,"2":1},0.998789,0.001211,0.000000,0.000000,0.998789,0.001211,1.000000
0.023869342,4,88,read_only,4096,1,1.000000,1.000000,1.000000,{"1":4},1.000000,0.000000,0.000000,0.000000,1.000000,0.000000,-1.000000
0.023869342,4,88,union,4096,1,1.000000,1.000000,1.000000,{"1":4},1.000000,0.000000,0.000000,0.000000,1.000000,0.000000,-1.000000
0.023869342,4,88,snapshot,4096,211,0.985782,0.995261,0.985782,{"1":825,"2":1},0.981043,0.018957,0.000000,0.000000,0.981043,0.004739,0.250000
0.023869342,4,88,read_only,16384,1,1.000000,1.000000,1.000000,{"1":4},1.000000,0.000000,0.000000,0.000000,1.000000,0.000000,-1.000000
0.023869342,4,88,union,16384,1,1.000000,1.000000,1.000000,{"1":4},1.000000,0.000000,0.000000,0.000000,1.000000,0.000000,-1.000000
0.023869342,4,88,snapshot,16384,61,0.836066,0.938297,0.836066,{"1":825,"2":1},0.836066,0.131148,0.032787,0.000000,0.836066,0.000000,0.000000
0.024099543,4,89,snapshot,64,826,1.000000,1.000000,1.000000,{"1":825,"2":1},0.998789,0.001211,0.000000,0.000000,0.998789,0.001211,1.000000
0.024099543,4,89,snapshot,256,826,1.000000,1.000000,1.000000,{"1":825,"2":1},0.998789,0.001211,0.000000,0.000000,0.998789,0.001211,1.000000
0.024099543,4,89,snapshot,1024,826,1.000000,1.000000,1.000000,{"1":825,"2":1},0.998789,0.001211,0.000000,0.000000,0.998789,0.001211,1.000000
0.024099543,4,89,snapshot,4096,211,0.985782,0.995261,0.985782,{"1":825,"2":1},0.981043,0.018957,0.000000,0.000000,0.981043,0.004739,0.250000
0.024099543,4,89,snapshot,16384,61,0.836066,0.938297,0.836066,{"1":825,"2":1},0.836066,0.131148,0.032787,0.000000,0.836066,0.000000,0.000000
0.024332833,4,90,read_only,64,4,1.000000,1.000000,1.000000,{"1":4},1.000000,0.000000,0.000000,0.000000,1.000000,0.000000,-1.000000
0.024332833,4,90,union,64,4,1.000000,1.000000,1.000000,{"1":4},1.000000,0.000000,0.000000,0.000000,1.000000,0.000000,-1.000000
0.024332833,4,90,snapshot,64,830,1.000000,1.000000,1.000000,{"1":829,"2":1},0.998795,0.001205,0.000000,0.000000,0.998795,0.001205,1.000000
0.024332833,4,90,read_only,256,4,1.000000,1.000000,1.000000,{"1":4},1.000000,0.000000,0.000000,0.000000,1.000000,0.000000,-1.000000
0.024332833,4,90,union,256,4,1.000000,1.000000,1.000000,{"1":4},1.000000,0.000000,0.000000,0.000000,1.000000,0.000000,-1.000000
0.024332833,4,90,snapshot,256,830,1.000000,1.000000,1.000000,{"1":829,"2":1},0.998795,0.001205,0.000000,0.000000,0.998795,0.001205,1.000000
0.024332833,4,90,read_only,1024,4,1.000000,1.000000,1.000000,{"1":4},1.000000,0.000000,0.000000,0.000000,1.000000,0.000000,-1.000000
0.024332833,4,90,union,1024,4,1.000000,1.000000,1.000000,{"1":4},1.000000,0.000000,0.000000,0.000000,1.000000,0.000000,-1.000000
0.024332833,4,90,snapshot,1024,830,1.000000,1.000000,1.000000,{"1":829,"2":1},0.998795,0.001205,0.000000,0.000000,0.998795,0.001205,1.000000
0.024332833,4,90,read_only,4096,1,1.000000,1.000000,1.000000,{"1":4},1.000000,0.000000,0.000000,0.000000,1.000000,0.000000,-1.000000
0.024332833,4,90,union,4096,1,1.000000,1.000000,1.000000,{"1":4},1.000000,0.000000,0.000000,0.000000,1.000000,0.000000,-1.000000
0.024332833,4,90,snapshot,4096,212,0.985849,0.995283,0.985849,{"1":829,"2":1},0.981132,0.018868,0.000000,0.000000,0.981132,0.004717,0.250000
0.024332833,4,90,read_only,16384,1,1.000000,1.000000,1.000000,{"1":4},1.000000,0.000000,0.000000,0.000000,1.000000,0.000000,-1.000000
0.024332833,4,90,union,16384,1,1.000000,1.000000,1.000000,{"1":4},1.000000,0.000000,0.000000,0.000000,1.000000,0.000000,-1.000000
0.024332833,4,90,snapshot,16384,61,0.836066,0.941029,0.836066,{"1":829,"2":1},0.836066,0.131148,0.032787,0.000000,0.836066,0.000000,0.000000
0.024565127,4,91,snapshot,64,830,1.000000,1.000000,1.000000,{"1":829,"2":1},0.998795,0.001205,0.000000,0.000000,0.998795,0.001205,1.000000
0.024565127,4,91,snapshot,256,830,1.000000,1.000000,1.000000,{"1":829,"2":1},0.998795,0.001205,0.000000,0.000000,0.998795,0.001205,1.000000
0.024565127,4,91,snapshot,1024,830,1.000000,1.000000,1.000000,{"1":829,"2":1},0.998795,0.001205,0.000000,0.000000,0.998795,0.001205,1.000000
0.024565127,4,91,snapshot,4096,212,0.985849,0.995283,0.985849,{"1":829,"2":1},0.981132,0.018868,0.000000,0.000000,0.981132,0.004717,0.250000
0.024565127,4,91,snapshot,16384,61,0.836066,0.941029,0.836066,{"1":829,"2":1},0.836066,0.131148,0.032787,0.000000,0.836066,0.000000,0.000000
0.024798951,4,92,snapshot,64,830,1.000000,1.000000,1.000000,{"1":829,"2":1},0.998795,0.001205,0.000000,0.000000,0.998795,0.001205,1.000000
0.024798951,4,92,snapshot,256,830,1.000000,1.000000,1.000000,{"1":829,"2":1},0.998795,0.001205,0.000000,0.000000,0.998795,0.001205,1.000000
0.024798951,4,92,snapshot,1024,830,1.000000,1.000000,1.000000,{"1":829,"2":1},0.998795,0.001205,0.000000,0.000000,0.998795,0.001205,1.000000
0.024798951,4,92,snapshot,4096,212,0.985849,0.995283,0.985849,{"1":829,"2":1},0.981132,0.018868,0.000000,0.000000,0.981132,0.004717,0.250000
0.024798951,4,92,snapshot,16384,61,0.836066,0.941029,0.836066,{"1":829,"2":1},0.836066,0.131148,0.032787,0.000000,0.836066,0.000000,0.000000
0.025055377,4,93,read_only,64,66,1.000000,1.000000,1.000000,{"1":66},1.000000,0.000000,0.000000,0.000000,1.000000,0.000000,-1.000000
0.025055377,4,93,union,64,66,1.000000,1.000000,1.000000,{"1":66},1.000000,0.000000,0.000000,0.000000,1.000000,0.000000,-1.000000
0.025055377,4,93,snapshot,64,896,1.000000,1.000000,1.000000,{"1":895,"2":1},0.998884,0.001116,0.000000,0.000000,0.998884,0.001116,1.000000
0.025055377,4,93,read_only,256,66,1.000000,1.000000,1.000000,{"1":66},1.000000,0.000000,0.000000,0.000000,1.000000,0.000000,-1.000000
0.025055377,4,93,union,256,66,1.000000,1.000000,1.000000,{"1":66},1.000000,0.000000,0.000000,0.000000,1.000000,0.000000,-1.000000
0.025055377,4,93,snapshot,256,896,1.000000,1.000000,1.000000,{"1":895,"2":1},0.998884,0.001116,0.000000,0.000000,0.998884,0.001116,1.000000
0.025055377,4,93,read_only,1024,66,1.000000,1.000000,1.000000,{"1":66},1.000000,0.000000,0.000000,0.000000,1.000000,0.000000,-1.000000
0.025055377,4,93,union,1024,66,1.000000,1.000000,1.000000,{"1":66},1.000000,0.000000,0.000000,0.000000,1.000000,0.000000,-1.000000
0.025055377,4,93,snapshot,1024,896,1.000000,1.000000,1.000000,{"1":895,"2":1},0.998884,0.001116,0.000000,0.000000,0.998884,0.001116,1.000000
0.025055377,4,93,read_only,4096,17,1.000000,1.000000,1.000000,{"1":66},1.000000,0.000000,0.000000,0.000000,1.000000,0.000000,-1.000000
0.025055377,4,93,union,4096,17,1.000000,1.000000,1.000000,{"1":66},1.000000,0.000000,0.000000,0.000000,1.000000,0.000000,-1.000000
0.025055377,4,93,snapshot,4096,229,0.986900,0.995633,0.986900,{"1":895,"2":1},0.982533,0.017467,0.000000,0.000000,0.982533,0.004367,0.250000
0.025055377,4,93,read_only,16384,6,0.833333,0.958333,0.833333,{"1":66},0.833333,0.166667,0.000000,0.000000,0.833333,0.000000,0.000000
0.025055377,4,93,union,16384,6,0.833333,0.958333,0.833333,{"1":66},0.833333,0.166667,0.000000,0.000000,0.833333,0.000000,0.000000
0.025055377,4,93,snapshot,16384,67,0.835821,0.942579,0.835821,{"1":895,"2":1},0.835821,0.134328,0.029851,0.000000,0.835821,0.000000,0.000000
0.025299280,4,94,read_only,64,8,1.000000,1.000000,1.000000,{"1":8},1.000000,0.000000,0.000000,0.000000,1.000000,0.000000,-1.000000
0.025299280,4,94,union,64,8,1.000000,1.000000,1.000000,{"1":8},1.000000,0.000000,0.000000,0.000000,1.000000,0.000000,-1.000000
0.025299280,4,94,snapshot,64,904,1.000000,1.000000,1.000000,{"1":903,"2":1},0.998894,0.001106,0.000000,0.000000,0.998894,0.001106,1.000000
0.025299280,4,94,read_only,256,8,1.000000,1.000000,1.000000,{"1":8},1.000000,0.000000,0.000000,0.000000,1.000000,0.000000,-1.000000
0.025299280,4,94,union,256,8,1.000000,1.000000,1.000000,{"1":8},1.000000,0.000000,0.000000,0.000000,1.000000,0.000000,-1.000000
0.025299280,4,94,snapshot,256,904,1.000000,1.000000,1.000000,{"1":903,"2":1},0.998894,0.001106,0.000000,0.000000,0.998894,0.001106,1.000000
0.025299280,4,94,read_only,1024,8,1.000000,1.000000,1.000000,{"1":8},1.000000,0.000000,0.000000,0.000000,1.000000,0.000000,-1.000000
0.025299280,4,94,union,1024,8,1.000000,1.000000,1.000000,{"1":8},1.000000,0.000000,0.000000,0.000000,1.000000,0.000000,-1.000000
0.025299280,4,94,snapshot,1024,904,1.000000,1.000000,1.000000,{"1":903,"2":1},0.998894,0.001106,0.000000,0.000000,0.998894,0.001106,1.000000
0.025299280,4,94,read_only,4096,2,1.000000,1.000000,1.000000,{"1":8},1.000000,0.000000,0.000000,0.000000,1.000000,0.000000,-1.000000
0.025299280,4,94,union,4096,2,1.000000,1.000000,1.000000,{"1":8},1.000000,0.000000,0.000000,0.000000,1.000000,0.000000,-1.000000
0.025299280,4,94,snapshot,4096,231,0.987013,0.995671,0.987013,{"1":903,"2":1},0.982684,0.017316,0.000000,0.000000,0.982684,0.004329,0.250000
0.025299280,4,94,read_only,16384,2,1.000000,1.000000,1.000000,{"1":8},1.000000,0.000000,0.000000,0.000000,1.000000,0.000000,-1.000000
0.025299280,4,94,union,16384,2,1.000000,1.000000,1.000000,{"1":8},1.000000,0.000000,0.000000,0.000000,1.000000,0.000000,-1.000000
0.025299280,4,94,snapshot,16384,69,0.840580,0.944243,0.840580,{"1":903,"2":1},0.840580,0.130435,0.028986,0.000000,0.840580,0.000000,0.000000
0.025549835,4,95,snapshot,64,904,1.000000,1.000000,1.000000,{"1":903,"2":1},0.998894,0.001106,0.000000,0.000000,0.998894,0.001106,1.000000
0.025549835,4,95,snapshot,256,904,1.000000,1.000000,1.000000,{"1":903,"2":1},0.998894,0.001106,0.000000,0.000000,0.998894,0.001106,1.000000
0.025549835,4,95,snapshot,1024,904,1.000000,1.000000,1.000000,{"1":903,"2":1},0.998894,0.001106,0.000000,0.000000,0.998894,0.001106,1.000000
0.025549835,4,95,snapshot,4096,231,0.987013,0.995671,0.987013,{"1":903,"2":1},0.982684,0.017316,0.000000,0.000000,0.982684,0.004329,0.250000
0.025549835,4,95,snapshot,16384,69,0.840580,0.944243,0.840580,{"1":903,"2":1},0.840580,0.130435,0.028986,0.000000,0.840580,0.000000,0.000000
0.025780021,4,96,snapshot,64,904,1.000000,1.000000,1.000000,{"1":903,"2":1},0.998894,0.001106,0.000000,0.000000,0.998894,0.001106,1.000000
0.025780021,4,96,snapshot,256,904,1.000000,1.000000,1.000000,{"1":903,"2":1},0.998894,0.001106,0.000000,0.000000,0.998894,0.001106,1.000000
0.025780021,4,96,snapshot,1024,904,1.000000,1.000000,1.000000,{"1":903,"2":1},0.998894,0.001106,0.000000,0.000000,0.998894,0.001106,1.000000
0.025780021,4,96,snapshot,4096,231,0.987013,0.995671,0.987013,{"1":903,"2":1},0.982684,0.017316,0.000000,0.000000,0.982684,0.004329,0.250000
0.025780021,4,96,snapshot,16384,69,0.840580,0.944243,0.840580,{"1":903,"2":1},0.840580,0.130435,0.028986,0.000000,0.840580,0.000000,0.000000
0.026013360,4,97,snapshot,64,904,1.000000,1.000000,1.000000,{"1":903,"2":1},0.998894,0.001106,0.000000,0.000000,0.998894,0.001106,1.000000
0.026013360,4,97,snapshot,256,904,1.000000,1.000000,1.000000,{"1":903,"2":1},0.998894,0.001106,0.000000,0.000000,0.998894,0.001106,1.000000
0.026013360,4,97,snapshot,1024,904,1.000000,1.000000,1.000000,{"1":903,"2":1},0.998894,0.001106,0.000000,0.000000,0.998894,0.001106,1.000000
0.026013360,4,97,snapshot,4096,231,0.987013,0.995671,0.987013,{"1":903,"2":1},0.982684,0.017316,0.000000,0.000000,0.982684,0.004329,0.250000
0.026013360,4,97,snapshot,16384,69,0.840580,0.944243,0.840580,{"1":903,"2":1},0.840580,0.130435,0.028986,0.000000,0.840580,0.000000,0.000000
0.026245742,4,98,snapshot,64,904,1.000000,1.000000,1.000000,{"1":903,"2":1},0.998894,0.001106,0.000000,0.000000,0.998894,0.001106,1.000000
0.026245742,4,98,snapshot,256,904,1.000000,1.000000,1.000000,{"1":903,"2":1},0.998894,0.001106,0.000000,0.000000,0.998894,0.001106,1.000000
0.026245742,4,98,snapshot,1024,904,1.000000,1.000000,1.000000,{"1":903,"2":1},0.998894,0.001106,0.000000,0.000000,0.998894,0.001106,1.000000
0.026245742,4,98,snapshot,4096,231,0.987013,0.995671,0.987013,{"1":903,"2":1},0.982684,0.017316,0.000000,0.000000,0.982684,0.004329,0.250000
0.026245742,4,98,snapshot,16384,69,0.840580,0.944243,0.840580,{"1":903,"2":1},0.840580,0.130435,0.028986,0.000000,0.840580,0.000000,0.000000
0.026804078,4,99,read_only,64,36,1.000000,1.000000,1.000000,{"1":36},1.000000,0.000000,0.000000,0.000000,1.000000,0.000000,-1.000000
0.026804078,4,99,union,64,36,1.000000,1.000000,1.000000,{"1":36},1.000000,0.000000,0.000000,0.000000,1.000000,0.000000,-1.000000
0.026804078,4,99,snapshot,64,940,1.000000,1.000000,1.000000,{"1":939,"2":1},0.998936,0.001064,0.000000,0.000000,0.998936,0.001064,1.000000
0.026804078,4,99,read_only,256,36,1.000000,1.000000,1.000000,{"1":36},1.000000,0.000000,0.000000,0.000000,1.000000,0.000000,-1.000000
0.026804078,4,99,union,256,36,1.000000,1.000000,1.000000,{"1":36},1.000000,0.000000,0.000000,0.000000,1.000000,0.000000,-1.000000
0.026804078,4,99,snapshot,256,940,1.000000,1.000000,1.000000,{"1":939,"2":1},0.998936,0.001064,0.000000,0.000000,0.998936,0.001064,1.000000
0.026804078,4,99,read_only,1024,36,1.000000,1.000000,1.000000,{"1":36},1.000000,0.000000,0.000000,0.000000,1.000000,0.000000,-1.000000
0.026804078,4,99,union,1024,36,1.000000,1.000000,1.000000,{"1":36},1.000000,0.000000,0.000000,0.000000,1.000000,0.000000,-1.000000
0.026804078,4,99,snapshot,1024,940,1.000000,1.000000,1.000000,{"1":939,"2":1},0.998936,0.001064,0.000000,0.000000,0.998936,0.001064,1.000000
0.026804078,4,99,read_only,4096,9,1.000000,1.000000,1.000000,{"1":36},1.000000,0.000000,0.000000,0.000000,1.000000,0.000000,-1.000000
0.026804078,4,99,union,4096,9,1.000000,1.000000,1.000000,{"1":36},1.000000,0.000000,0.000000,0.000000,1.000000,0.000000,-1.000000
0.026804078,4,99,snapshot,4096,240,0.987500,0.995833,0.987500,{"1":939,"2":1},0.983333,0.016667,0.000000,0.000000,0.983333,0.004167,0.250000
0.026804078,4,99,read_only,16384,5,1.000000,1.000000,1.000000,{"1":36},1.000000,0.000000,0.000000,0.000000,1.000000,0.000000,-1.000000
0.026804078,4,99,union,16384,5,1.000000,1.000000,1.000000,{"1":36},1.000000,0.000000,0.000000,0.000000,1.000000,0.000000,-1.000000
0.026804078,4,99,snapshot,16384,73,0.849315,0.947298,0.849315,{"1":939,"2":1},0.849315,0.123288,0.027397,0.000000,0.849315,0.000000,0.000000
0.027038762,4,100,snapshot,64,940,1.000000,1.000000,1.000000,{"1":939,"2":1},0.998936,0.001064,0.000000,0.000000,0.998936,0.001064,1.000000
0.027038762,4,100,snapshot,256,940,1.000000,1.000000,1.000000,{"1":939,"2":1},0.998936,0.001064,0.000000,0.000000,0.998936,0.001064,1.000000
0.027038762,4,100,snapshot,1024,940,1.000000,1.000000,1.000000,{"1":939,"2":1},0.998936,0.001064,0.000000,0.000000,0.998936,0.001064,1.000000
0.027038762,4,100,snapshot,4096,240,0.987500,0.995833,0.987500,{"1":939,"2":1},0.983333,0.016667,0.000000,0.000000,0.983333,0.004167,0.250000
0.027038762,4,100,snapshot,16384,73,0.849315,0.947298,0.849315,{"1":939,"2":1},0.849315,0.123288,0.027397,0.000000,0.849315,0.000000,0.000000
0.027271120,4,101,snapshot,64,940,1.000000,1.000000,1.000000,{"1":939,"2":1},0.998936,0.001064,0.000000,0.000000,0.998936,0.001064,1.000000
0.027271120,4,101,snapshot,256,940,1.000000,1.000000,1.000000,{"1":939,"2":1},0.998936,0.001064,0.000000,0.000000,0.998936,0.001064,1.000000
0.027271120,4,101,snapshot,1024,940,1.000000,1.000000,1.000000,{"1":939,"2":1},0.998936,0.001064,0.000000,0.000000,0.998936,0.001064,1.000000
0.027271120,4,101,snapshot,4096,240,0.987500,0.995833,0.987500,{"1":939,"2":1},0.983333,0.016667,0.000000,0.000000,0.983333,0.004167,0.250000
0.027271120,4,101,snapshot,16384,73,0.849315,0.947298,0.849315,{"1":939,"2":1},0.849315,0.123288,0.027397,0.000000,0.849315,0.000000,0.000000
0.027503428,4,102,snapshot,64,940,1.000000,1.000000,1.000000,{"1":939,"2":1},0.998936,0.001064,0.000000,0.000000,0.998936,0.001064,1.000000
0.027503428,4,102,snapshot,256,940,1.000000,1.000000,1.000000,{"1":939,"2":1},0.998936,0.001064,0.000000,0.000000,0.998936,0.001064,1.000000
0.027503428,4,102,snapshot,1024,940,1.000000,1.000000,1.000000,{"1":939,"2":1},0.998936,0.001064,0.000000,0.000000,0.998936,0.001064,1.000000
0.027503428,4,102,snapshot,4096,240,0.987500,0.995833,0.987500,{"1":939,"2":1},0.983333,0.016667,0.000000,0.000000,0.983333,0.004167,0.250000
0.027503428,4,102,snapshot,16384,73,0.849315,0.947298,0.849315,{"1":939,"2":1},0.849315,0.123288,0.027397,0.000000,0.849315,0.000000,0.000000
0.027740600,4,103,read_only,64,16,1.000000,1.000000,1.000000,{"1":16},1.000000,0.000000,0.000000,0.000000,1.000000,0.000000,-1.000000
0.027740600,4,103,union,64,16,1.000000,1.000000,1.000000,{"1":16},1.000000,0.000000,0.000000,0.000000,1.000000,0.000000,-1.000000
0.027740600,4,103,snapshot,64,956,1.000000,1.000000,1.000000,{"1":955,"2":1},0.998954,0.001046,0.000000,0.000000,0.998954,0.001046,1.000000
0.027740600,4,103,read_only,256,16,1.000000,1.000000,1.000000,{"1":16},1.000000,0.000000,0.000000,0.000000,1.000000,0.000000,-1.000000
0.027740600,4,103,union,256,16,1.000000,1.000000,1.000000,{"1":16},1.000000,0.000000,0.000000,0.000000,1.000000,0.000000,-1.000000
0.027740600,4,103,snapshot,256,956,1.000000,1.000000,1.000000,{"1":955,"2":1},0.998954,0.001046,0.000000,0.000000,0.998954,0.001046,1.000000
0.027740600,4,103,read_only,1024,16,1.000000,1.000000,1.000000,{"1":16},1.000000,0.000000,0.000000,0.000000,1.000000,0.000000,-1.000000
0.027740600,4,103,union,1024,16,1.000000,1.000000,1.000000,{"1":16},1.000000,0.000000,0.000000,0.000000,1.000000,0.000000,-1.000000
0.027740600,4,103,snapshot,1024,956,1.000000,1.000000,1.000000,{"1":955,"2":1},0.998954,0.001046,0.000000,0.000000,0.998954,0.001046,1.000000
0.027740600,4,103,read_only,4096,4,1.000000,1.000000,1.000000,{"1":16},1.000000,0.000000,0.000000,0.000000,1.000000,0.000000,-1.000000
0.027740600,4,103,union,4096,4,1.000000,1.000000,1.000000,{"1":16},1.000000,0.000000,0.000000,0.000000,1.000000,0.000000,-1.000000
0.027740600,4,103,snapshot,4096,244,0.987705,0.995902,0.987705,{"1":955,"2":1},0.983607,0.016393,0.000000,0.000000,0.983607,0.004098,0.250000
0.027740600,4,103,read_only,16384,1,1.000000,1.000000,1.000000,{"1":16},1.000000,0.000000,0.000000,0.000000,1.000000,0.000000,-1.000000
0.027740600,4,103,union,16384,1,1.000000,1.000000,1.000000,{"1":16},1.000000,0.000000,0.000000,0.000000,1.000000,0.000000,-1.000000
0.027740600,4,103,snapshot,16384,74,0.851351,0.948011,0.851351,{"1":955,"2":1},0.851351,0.121622,0.027027,0.000000,0.851351,0.000000,0.000000
0.027970930,4,104,snapshot,64,956,1.000000,1.000000,1.000000,{"1":955,"2":1},0.998954,0.001046,0.000000,0.000000,0.998954,0.001046,1.000000
0.027970930,4,104,snapshot,256,956,1.000000,1.000000,1.000000,{"1":955,"2":1},0.998954,0.001046,0.000000,0.000000,0.998954,0.001046,1.000000
0.027970930,4,104,snapshot,1024,956,1.000000,1.000000,1.000000,{"1":955,"2":1},0.998954,0.001046,0.000000,0.000000,0.998954,0.001046,1.000000
0.027970930,4,104,snapshot,4096,244,0.987705,0.995902,0.987705,{"1":955,"2":1},0.983607,0.016393,0.000000,0.000000,0.983607,0.004098,0.250000
0.027970930,4,104,snapshot,16384,74,0.851351,0.948011,0.851351,{"1":955,"2":1},0.851351,0.121622,0.027027,0.000000,0.851351,0.000000,0.000000
0.028206635,4,105,snapshot,64,956,1.000000,1.000000,1.000000,{"1":955,"2":1},0.998954,0.001046,0.000000,0.000000,0.998954,0.001046,1.000000
0.028206635,4,105,snapshot,256,956,1.000000,1.000000,1.000000,{"1":955,"2":1},0.998954,0.001046,0.000000,0.000000,0.998954,0.001046,1.000000
0.028206635,4,105,snapshot,1024,956,1.000000,1.000000,1.000000,{"1":955,"2":1},0.998954,0.001046,0.000000,0.000000,0.998954,0.001046,1.000000
0.028206635,4,105,snapshot,4096,244,0.987705,0.995902,0.987705,{"1":955,"2":1},0.983607,0.016393,0.000000,0.000000,0.983607,0.004098,0.250000
0.028206635,4,105,snapshot,16384,74,0.851351,0.948011,0.851351,{"1":955,"2":1},0.851351,0.121622,0.027027,0.000000,0.851351,0.000000,0.000000
0.028438993,4,106,snapshot,64,956,1.000000,1.000000,1.000000,{"1":955,"2":1},0.998954,0.001046,0.000000,0.000000,0.998954,0.001046,1.000000
0.028438993,4,106,snapshot,256,956,1.000000,1.000000,1.000000,{"1":955,"2":1},0.998954,0.001046,0.000000,0.000000,0.998954,0.001046,1.000000
0.028438993,4,106,snapshot,1024,956,1.000000,1.000000,1.000000,{"1":955,"2":1},0.998954,0.001046,0.000000,0.000000,0.998954,0.001046,1.000000
0.028438993,4,106,snapshot,4096,244,0.987705,0.995902,0.987705,{"1":955,"2":1},0.983607,0.016393,0.000000,0.000000,0.983607,0.004098,0.250000
0.028438993,4,106,snapshot,16384,74,0.851351,0.948011,0.851351,{"1":955,"2":1},0.851351,0.121622,0.027027,0.000000,0.851351,0.000000,0.000000
0.028896014,4,107,read_only,64,16,1.000000,1.000000,1.000000,{"1":16},1.000000,0.000000,0.000000,0.000000,1.000000,0.000000,-1.000000
0.028896014,4,107,union,64,16,1.000000,1.000000,1.000000,{"1":16},1.000000,0.000000,0.000000,0.000000,1.000000,0.000000,-1.000000
0.028896014,4,107,snapshot,64,972,1.000000,1.000000,1.000000,{"1":971,"2":1},0.998971,0.001029,0.000000,0.000000,0.998971,0.001029,1.000000
0.028896014,4,107,read_only,256,16,1.000000,1.000000,1.000000,{"1":16},1.000000,0.000000,0.000000,0.000000,1.000000,0.000000,-1.000000
0.028896014,4,107,union,256,16,1.000000,1.000000,1.000000,{"1":16},1.000000,0.000000,0.000000,0.000000,1.000000,0.000000,-1.000000
0.028896014,4,107,snapshot,256,972,1.000000,1.000000,1.000000,{"1":971,"2":1},0.998971,0.001029,0.000000,0.000000,0.998971,0.001029,1.000000
0.028896014,4,107,read_only,1024,16,1.000000,1.000000,1.000000,{"1":16},1.000000,0.000000,0.000000,0.000000,1.000000,0.000000,-1.000000
0.028896014,4,107,union,1024,16,1.000000,1.000000,1.000000,{"1":16},1.000000,0.000000,0.000000,0.000000,1.000000,0.000000,-1.000000
0.028896014,4,107,snapshot,1024,972,1.000000,1.000000,1.000000,{"1":971,"2":1},0.998971,0.001029,0.000000,0.000000,0.998971,0.001029,1.000000
0.028896014,4,107,read_only,4096,4,1.000000,1.000000,1.000000,{"1":16},1.000000,0.000000,0.000000,0.000000,1.000000,0.000000,-1.000000
0.028896014,4,107,union,4096,4,1.000000,1.000000,1.000000,{"1":16},1.000000,0.000000,0.000000,0.000000,1.000000,0.000000,-1.000000
0.028896014,4,107,snapshot,4096,248,0.987903,0.995968,0.987903,{"1":971,"2":1},0.983871,0.016129,0.000000,0.000000,0.983871,0.004032,0.250000
0.028896014,4,107,read_only,16384,1,1.000000,1.000000,1.000000,{"1":16},1.000000,0.000000,0.000000,0.000000,1.000000,0.000000,-1.000000
0.028896014,4,107,union,16384,1,1.000000,1.000000,1.000000,{"1":16},1.000000,0.000000,0.000000,0.000000,1.000000,0.000000,-1.000000
0.028896014,4,107,snapshot,16384,75,0.853333,0.948704,0.853333,{"1":971,"2":1},0.853333,0.120000,0.026667,0.000000,0.853333,0.000000,0.000000
0.029128318,4,108,snapshot,64,972,1.000000,1.000000,1.000000,{"1":971,"2":1},0.998971,0.001029,0.000000,0.000000,0.998971,0.001029,1.000000
0.029128318,4,108,snapshot,256,972,1.000000,1.000000,1.000000,{"1":971,"2":1},0.998971,0.001029,0.000000,0.000000,0.998971,0.001029,1.000000
0.029128318,4,108,snapshot,1024,972,1.000000,1.000000,1.000000,{"1":971,"2":1},0.998971,0.001029,0.000000,0.000000,0.998971,0.001029,1.000000
0.029128318,4,108,snapshot,4096,248,0.987903,0.995968,0.987903,{"1":971,"2":1},0.983871,0.016129,0.000000,0.000000,0.983871,0.004032,0.250000
0.029128318,4,108,snapshot,16384,75,0.853333,0.948704,0.853333,{"1":971,"2":1},0.853333,0.120000,0.026667,0.000000,0.853333,0.000000,0.000000
0.029361288,4,109,snapshot,64,972,1.000000,1.000000,1.000000,{"1":971,"2":1},0.998971,0.001029,0.000000,0.000000,0.998971,0.001029,1.000000
0.029361288,4,109,snapshot,256,972,1.000000,1.000000,1.000000,{"1":971,"2":1},0.998971,0.001029,0.000000,0.000000,0.998971,0.001029,1.000000
0.029361288,4,109,snapshot,1024,972,1.000000,1.000000,1.000000,{"1":971,"2":1},0.998971,0.001029,0.000000,0.000000,0.998971,0.001029,1.000000
0.029361288,4,109,snapshot,4096,248,0.987903,0.995968,0.987903,{"1":971,"2":1},0.983871,0.016129,0.000000,0.000000,0.983871,0.004032,0.250000
0.029361288,4,109,snapshot,16384,75,0.853333,0.948704,0.853333,{"1":971,"2":1},0.853333,0.120000,0.026667,0.000000,0.853333,0.000000,0.000000
0.029595929,4,110,snapshot,64,972,1.000000,1.000000,1.000000,{"1":971,"2":1},0.998971,0.001029,0.000000,0.000000,0.998971,0.001029,1.000000
0.029595929,4,110,snapshot,256,972,1.000000,1.000000,1.000000,{"1":971,"2":1},0.998971,0.001029,0.000000,0.000000,0.998971,0.001029,1.000000
0.029595929,4,110,snapshot,1024,972,1.000000,1.000000,1.000000,{"1":971,"2":1},0.998971,0.001029,0.000000,0.000000,0.998971,0.001029,1.000000
0.029595929,4,110,snapshot,4096,248,0.987903,0.995968,0.987903,{"1":971,"2":1},0.983871,0.016129,0.000000,0.000000,0.983871,0.004032,0.250000
0.029595929,4,110,snapshot,16384,75,0.853333,0.948704,0.853333,{"1":971,"2":1},0.853333,0.120000,0.026667,0.000000,0.853333,0.000000,0.000000
0.029831644,4,111,snapshot,64,972,1.000000,1.000000,1.000000,{"1":971,"2":1},0.998971,0.001029,0.000000,0.000000,0.998971,0.001029,1.000000
0.029831644,4,111,snapshot,256,972,1.000000,1.000000,1.000000,{"1":971,"2":1},0.998971,0.001029,0.000000,0.000000,0.998971,0.001029,1.000000
0.029831644,4,111,snapshot,1024,972,1.000000,1.000000,1.000000,{"1":971,"2":1},0.998971,0.001029,0.000000,0.000000,0.998971,0.001029,1.000000
0.029831644,4,111,snapshot,4096,248,0.987903,0.995968,0.987903,{"1":971,"2":1},0.983871,0.016129,0.000000,0.000000,0.983871,0.004032,0.250000
0.029831644,4,111,snapshot,16384,75,0.853333,0.948704,0.853333,{"1":971,"2":1},0.853333,0.120000,0.026667,0.000000,0.853333,0.000000,0.000000
0.030061306,4,112,snapshot,64,972,1.000000,1.000000,1.000000,{"1":971,"2":1},0.998971,0.001029,0.000000,0.000000,0.998971,0.001029,1.000000
0.030061306,4,112,snapshot,256,972,1.000000,1.000000,1.000000,{"1":971,"2":1},0.998971,0.001029,0.000000,0.000000,0.998971,0.001029,1.000000
0.030061306,4,112,snapshot,1024,972,1.000000,1.000000,1.000000,{"1":971,"2":1},0.998971,0.001029,0.000000,0.000000,0.998971,0.001029,1.000000
0.030061306,4,112,snapshot,4096,248,0.987903,0.995968,0.987903,{"1":971,"2":1},0.983871,0.016129,0.000000,0.000000,0.983871,0.004032,0.250000
0.030061306,4,112,snapshot,16384,75,0.853333,0.948704,0.853333,{"1":971,"2":1},0.853333,0.120000,0.026667,0.000000,0.853333,0.000000,0.000000
0.030295107,4,113,read_only,64,3,1.000000,1.000000,1.000000,{"1":3},1.000000,0.000000,0.000000,0.000000,1.000000,0.000000,-1.000000
0.030295107,4,113,union,64,3,1.000000,1.000000,1.000000,{"1":3},1.000000,0.000000,0.000000,0.000000,1.000000,0.000000,-1.000000
0.030295107,4,113,snapshot,64,975,1.000000,1.000000,1.000000,{"1":974,"2":1},0.998974,0.001026,0.000000,0.000000,0.998974,0.001026,1.000000
0.030295107,4,113,read_only,256,3,1.000000,1.000000,1.000000,{"1":3},1.000000,0.000000,0.000000,0.000000,1.000000,0.000000,-1.000000
0.030295107,4,113,union,256,3,1.000000,1.000000,1.000000,{"1":3},1.000000,0.000000,0.000000,0.000000,1.000000,0.000000,-1.000000
0.030295107,4,113,snapshot,256,975,1.000000,1.000000,1.000000,{"1":974,"2":1},0.998974,0.001026,0.000000,0.000000,0.998974,0.001026,1.000000
0.030295107,4,113,read_only,1024,3,1.000000,1.000000,1.000000,{"1":3},1.000000,0.000000,0.000000,0.000000,1.000000,0.000000,-1.000000
0.030295107,4,113,union,1024,3,1.000000,1.000000,1.000000,{"1":3},1.000000,0.000000,0.000000,0.000000,1.000000,0.000000,-1.000000
0.030295107,4,113,snapshot,1024,975,1.000000,1.000000,1.000000,{"1":974,"2":1},0.998974,0.001026,0.000000,0.000000,0.998974,0.001026,1.000000
0.030295107,4,113,read_only,4096,3,1.000000,1.000000,1.000000,{"1":3},1.000000,0.000000,0.000000,0.000000,1.000000,0.000000,-1.000000
0.030295107,4,113,union,4096,3,1.000000,1.000000,1.000000,{"1":3},1.000000,0.000000,0.000000,0.000000,1.000000,0.000000,-1.000000
0.030295107,4,113,snapshot,4096,251,0.988048,0.996016,0.988048,{"1":974,"2":1},0.984064,0.015936,0.000000,0.000000,0.984064,0.003984,0.250000
0.030295107,4,113,read_only,16384,3,1.000000,1.000000,1.000000,{"1":3},1.000000,0.000000,0.000000,0.000000,1.000000,0.000000,-1.000000
0.030295107,4,113,union,16384,3,1.000000,1.000000,1.000000,{"1":3},1.000000,0.000000,0.000000,0.000000,1.000000,0.000000,-1.000000
0.030295107,4,113,snapshot,16384,77,0.857143,0.950369,0.857143,{"1":974,"2":1},0.857143,0.116883,0.025974,0.000000,0.857143,0.000000,0.000000
0.030527463,4,114,snapshot,64,975,1.000000,1.000000,1.000000,{"1":974,"2":1},0.998974,0.001026,0.000000,0.000000,0.998974,0.001026,1.000000
0.030527463,4,114,snapshot,256,975,1.000000,1.000000,1.000000,{"1":974,"2":1},0.998974,0.001026,0.000000,0.000000,0.998974,0.001026,1.000000
0.030527463,4,114,snapshot,1024,975,1.000000,1.000000,1.000000,{"1":974,"2":1},0.998974,0.001026,0.000000,0.000000,0.998974,0.001026,1.000000
0.030527463,4,114,snapshot,4096,251,0.988048,0.996016,0.988048,{"1":974,"2":1},0.984064,0.015936,0.000000,0.000000,0.984064,0.003984,0.250000
0.030527463,4,114,snapshot,16384,77,0.857143,0.950369,0.857143,{"1":974,"2":1},0.857143,0.116883,0.025974,0.000000,0.857143,0.000000,0.000000
0.030839254,4,115,read_only,64,4,1.000000,1.000000,1.000000,{"1":4},1.000000,0.000000,0.000000,0.000000,1.000000,0.000000,-1.000000
0.030839254,4,115,union,64,4,1.000000,1.000000,1.000000,{"1":4},1.000000,0.000000,0.000000,0.000000,1.000000,0.000000,-1.000000
0.030839254,4,115,snapshot,64,979,1.000000,1.000000,1.000000,{"1":978,"2":1},0.998979,0.001021,0.000000,0.000000,0.998979,0.001021,1.000000
0.030839254,4,115,read_only,256,4,1.000000,1.000000,1.000000,{"1":4},1.000000,0.000000,0.000000,0.000000,1.000000,0.000000,-1.000000
0.030839254,4,115,union,256,4,1.000000,1.000000,1.000000,{"1":4},1.000000,0.000000,0.000000,0.000000,1.000000,0.000000,-1.000000
0.030839254,4,115,snapshot,256,979,1.000000,1.000000,1.000000,{"1":978,"2":1},0.998979,0.001021,0.000000,0.000000,0.998979,0.001021,1.000000
0.030839254,4,115,read_only,1024,4,1.000000,1.000000,1.000000,{"1":4},1.000000,0.000000,0.000000,0.000000,1.000000,0.000000,-1.000000
0.030839254,4,115,union,1024,4,1.000000,1.000000,1.000000,{"1":4},1.000000,0.000000,0.000000,0.000000,1.000000,0.000000,-1.000000
0.030839254,4,115,snapshot,1024,979,1.000000,1.000000,1.000000,{"1":978,"2":1},0.998979,0.001021,0.000000,0.000000,0.998979,0.001021,1.000000
0.030839254,4,115,read_only,4096,1,1.000000,1.000000,1.000000,{"1":4},1.000000,0.000000,0.000000,0.000000,1.000000,0.000000,-1.000000
0.030839254,4,115,union,4096,1,1.000000,1.000000,1.000000,{"1":4},1.000000,0.000000,0.000000,0.000000,1.000000,0.000000,-1.000000
0.030839254,4,115,snapshot,4096,252,0.988095,0.996032,0.988095,{"1":978,"2":1},0.984127,0.015873,0.000000,0.000000,0.984127,0.003968,0.250000
0.030839254,4,115,read_only,16384,1,1.000000,1.000000,1.000000,{"1":4},1.000000,0.000000,0.000000,0.000000,1.000000,0.000000,-1.000000
0.030839254,4,115,union,16384,1,1.000000,1.000000,1.000000,{"1":4},1.000000,0.000000,0.000000,0.000000,1.000000,0.000000,-1.000000
0.030839254,4,115,snapshot,16384,78,0.858974,0.951005,0.858974,{"1":978,"2":1},0.858974,0.115385,0.025641,0.000000,0.858974,0.000000,0.000000
0.031071534,4,116,snapshot,64,979,1.000000,1.000000,1.000000,{"1":978,"2":1},0.998979,0.001021,0.000000,0.000000,0.998979,0.001021,1.000000
0.031071534,4,116,snapshot,256,979,1.000000,1.000000,1.000000,{"1":978,"2":1},0.998979,0.001021,0.000000,0.000000,0.998979,0.001021,1.000000
0.031071534,4,116,snapshot,1024,979,1.000000,1.000000,1.000000,{"1":978,"2":1},0.998979,0.001021,0.000000,0.000000,0.998979,0.001021,1.000000
0.031071534,4,116,snapshot,4096,252,0.988095,0.996032,0.988095,{"1":978,"2":1},0.984127,0.015873,0.000000,0.000000,0.984127,0.003968,0.250000
0.031071534,4,116,snapshot,16384,78,0.858974,0.951005,0.858974,{"1":978,"2":1},0.858974,0.115385,0.025641,0.000000,0.858974,0.000000,0.000000
0.031304435,4,117,snapshot,64,979,1.000000,1.000000,1.000000,{"1":978,"2":1},0.998979,0.001021,0.000000,0.000000,0.998979,0.001021,1.000000
0.031304435,4,117,snapshot,256,979,1.000000,1.000000,1.000000,{"1":978,"2":1},0.998979,0.001021,0.000000,0.000000,0.998979,0.001021,1.000000
0.031304435,4,117,snapshot,1024,979,1.000000,1.000000,1.000000,{"1":978,"2":1},0.998979,0.001021,0.000000,0.000000,0.998979,0.001021,1.000000
0.031304435,4,117,snapshot,4096,252,0.988095,0.996032,0.988095,{"1":978,"2":1},0.984127,0.015873,0.000000,0.000000,0.984127,0.003968,0.250000
0.031304435,4,117,snapshot,16384,78,0.858974,0.951005,0.858974,{"1":978,"2":1},0.858974,0.115385,0.025641,0.000000,0.858974,0.000000,0.000000
0.031537620,4,118,read_only,64,12,1.000000,1.000000,1.000000,{"1":12},1.000000,0.000000,0.000000,0.000000,1.000000,0.000000,-1.000000
0.031537620,4,118,union,64,12,1.000000,1.000000,1.000000,{"1":12},1.000000,0.000000,0.000000,0.000000,1.000000,0.000000,-1.000000
0.031537620,4,118,snapshot,64,991,1.000000,1.000000,1.000000,{"1":990,"2":1},0.998991,0.001009,0.000000,0.000000,0.998991,0.001009,1.000000
0.031537620,4,118,read_only,256,12,1.000000,1.000000,1.000000,{"1":12},1.000000,0.000000,0.000000,0.000000,1.000000,0.000000,-1.000000
0.031537620,4,118,union,256,12,1.000000,1.000000,1.000000,{"1":12},1.000000,0.000000,0.000000,0.000000,1.000000,0.000000,-1.000000
0.031537620,4,118,snapshot,256,991,1.000000,1.000000,1.000000,{"1":990,"2":1},0.998991,0.001009,0.000000,0.000000,0.998991,0.001009,1.000000
0.031537620,4,118,read_only,1024,12,1.000000,1.000000,1.000000,{"1":12},1.000000,0.000000,0.000000,0.000000,1.000000,0.000000,-1.000000
0.031537620,4,118,union,1024,12,1.000000,1.000000,1.000000,{"1":12},1.000000,0.000000,0.000000,0.000000,1.000000,0.000000,-1.000000
0.031537620,4,118,snapshot,1024,991,1.000000,1.000000,1.000000,{"1":990,"2":1},0.998991,0.001009,0.000000,0.000000,0.998991,0.001009,1.000000
0.031537620,4,118,read_only,4096,4,1.000000,1.000000,1.000000,{"1":12},1.000000,0.000000,0.000000,0.000000,1.000000,0.000000,-1.000000
0.031537620,4,118,union,4096,4,1.000000,1.000000,1.000000,{"1":12},1.000000,0.000000,0.000000,0.000000,1.000000,0.000000,-1.000000
0.031537620,4,118,snapshot,4096,256,0.988281,0.996094,0.988281,{"1":990,"2":1},0.984375,0.015625,0.000000,0.000000,0.984375,0.003906,0.250000
0.031537620,4,118,read_only,16384,2,1.000000,1.000000,1.000000,{"1":12},1.000000,0.000000,0.000000,0.000000,1.000000,0.000000,-1.000000
0.031537620,4,118,union,16384,2,1.000000,1.000000,1.000000,{"1":12},1.000000,0.000000,0.000000,0.000000,1.000000,0.000000,-1.000000
0.031537620,4,118,snapshot,16384,80,0.862500,0.952230,0.862500,{"1":990,"2":1},0.862500,0.112500,0.025000,0.000000,0.862500,0.000000,0.000000
0.031770473,4,119,snapshot,64,991,1.000000,1.000000,1.000000,{"1":990,"2":1},0.998991,0.001009,0.000000,0.000000,0.998991,0.001009,1.000000
0.031770473,4,119,snapshot,256,991,1.000000,1.000000,1.000000,{"1":990,"2":1},0.998991,0.001009,0.000000,0.000000,0.998991,0.001009,1.000000
0.031770473,4,119,snapshot,1024,991,1.000000,1.000000,1.000000,{"1":990,"2":1},0.998991,0.001009,0.000000,0.000000,0.998991,0.001009,1.000000
0.031770473,4,119,snapshot,4096,256,0.988281,0.996094,0.988281,{"1":990,"2":1},0.984375,0.015625,0.000000,0.000000,0.984375,0.003906,0.250000
0.031770473,4,119,snapshot,16384,80,0.862500,0.952230,0.862500,{"1":990,"2":1},0.862500,0.112500,0.025000,0.000000,0.862500,0.000000,0.000000
0.032003678,4,120,snapshot,64,991,1.000000,1.000000,1.000000,{"1":990,"2":1},0.998991,0.001009,0.000000,0.000000,0.998991,0.001009,1.000000
0.032003678,4,120,snapshot,256,991,1.000000,1.000000,1.000000,{"1":990,"2":1},0.998991,0.001009,0.000000,0.000000,0.998991,0.001009,1.000000
0.032003678,4,120,snapshot,1024,991,1.000000,1.000000,1.000000,{"1":990,"2":1},0.998991,0.001009,0.000000,0.000000,0.998991,0.001009,1.000000
0.032003678,4,120,snapshot,4096,256,0.988281,0.996094,0.988281,{"1":990,"2":1},0.984375,0.015625,0.000000,0.000000,0.984375,0.003906,0.250000
0.032003678,4,120,snapshot,16384,80,0.862500,0.952230,0.862500,{"1":990,"2":1},0.862500,0.112500,0.025000,0.000000,0.862500,0.000000,0.000000
0.032235933,4,121,snapshot,64,991,1.000000,1.000000,1.000000,{"1":990,"2":1},0.998991,0.001009,0.000000,0.000000,0.998991,0.001009,1.000000
0.032235933,4,121,snapshot,256,991,1.000000,1.000000,1.000000,{"1":990,"2":1},0.998991,0.001009,0.000000,0.000000,0.998991,0.001009,1.000000
0.032235933,4,121,snapshot,1024,991,1.000000,1.000000,1.000000,{"1":990,"2":1},0.998991,0.001009,0.000000,0.000000,0.998991,0.001009,1.000000
0.032235933,4,121,snapshot,4096,256,0.988281,0.996094,0.988281,{"1":990,"2":1},0.984375,0.015625,0.000000,0.000000,0.984375,0.003906,0.250000
0.032235933,4,121,snapshot,16384,80,0.862500,0.952230,0.862500,{"1":990,"2":1},0.862500,0.112500,0.025000,0.000000,0.862500,0.000000,0.000000
0.032468817,4,122,snapshot,64,991,1.000000,1.000000,1.000000,{"1":990,"2":1},0.998991,0.001009,0.000000,0.000000,0.998991,0.001009,1.000000
0.032468817,4,122,snapshot,256,991,1.000000,1.000000,1.000000,{"1":990,"2":1},0.998991,0.001009,0.000000,0.000000,0.998991,0.001009,1.000000
0.032468817,4,122,snapshot,1024,991,1.000000,1.000000,1.000000,{"1":990,"2":1},0.998991,0.001009,0.000000,0.000000,0.998991,0.001009,1.000000
0.032468817,4,122,snapshot,4096,256,0.988281,0.996094,0.988281,{"1":990,"2":1},0.984375,0.015625,0.000000,0.000000,0.984375,0.003906,0.250000
0.032468817,4,122,snapshot,16384,80,0.862500,0.952230,0.862500,{"1":990,"2":1},0.862500,0.112500,0.025000,0.000000,0.862500,0.000000,0.000000
0.032723626,4,123,read_only,64,2,1.000000,1.000000,1.000000,{"1":2},1.000000,0.000000,0.000000,0.000000,1.000000,0.000000,-1.000000
0.032723626,4,123,union,64,2,1.000000,1.000000,1.000000,{"1":2},1.000000,0.000000,0.000000,0.000000,1.000000,0.000000,-1.000000
0.032723626,4,123,snapshot,64,993,1.000000,1.000000,1.000000,{"1":992,"2":1},0.998993,0.001007,0.000000,0.000000,0.998993,0.001007,1.000000
0.032723626,4,123,read_only,256,2,1.000000,1.000000,1.000000,{"1":2},1.000000,0.000000,0.000000,0.000000,1.000000,0.000000,-1.000000
0.032723626,4,123,union,256,2,1.000000,1.000000,1.000000,{"1":2},1.000000,0.000000,0.000000,0.000000,1.000000,0.000000,-1.000000
0.032723626,4,123,snapshot,256,993,1.000000,1.000000,1.000000,{"1":992,"2":1},0.998993,0.001007,0.000000,0.000000,0.998993,0.001007,1.000000
0.032723626,4,123,read_only,1024,2,1.000000,1.000000,1.000000,{"1":2},1.000000,0.000000,0.000000,0.000000,1.000000,0.000000,-1.000000
0.032723626,4,123,union,1024,2,1.000000,1.000000,1.000000,{"1":2},1.000000,0.000000,0.000000,0.000000,1.000000,0.000000,-1.000000
0.032723626,4,123,snapshot,1024,993,1.000000,1.000000,1.000000,{"1":992,"2":1},0.998993,0.001007,0.000000,0.000000,0.998993,0.001007,1.000000
0.032723626,4,123,read_only,4096,1,1.000000,1.000000,1.000000,{"1":2},1.000000,0.000000,0.000000,0.000000,1.000000,0.000000,-1.000000
0.032723626,4,123,union,4096,1,1.000000,1.000000,1.000000,{"1":2},1.000000,0.000000,0.000000,0.000000,1.000000,0.000000,-1.000000
0.032723626,4,123,snapshot,4096,257,0.988327,0.996109,0.988327,{"1":992,"2":1},0.984436,0.015564,0.000000,0.000000,0.984436,0.003891,0.250000
0.032723626,4,123,read_only,16384,1,1.000000,1.000000,1.000000,{"1":2},1.000000,0.000000,0.000000,0.000000,1.000000,0.000000,-1.000000
0.032723626,4,123,union,16384,1,1.000000,1.000000,1.000000,{"1":2},1.000000,0.000000,0.000000,0.000000,1.000000,0.000000,-1.000000
0.032723626,4,123,snapshot,16384,81,0.864198,0.952820,0.864198,{"1":992,"2":1},0.864198,0.111111,0.024691,0.000000,0.864198,0.000000,0.000000
0.032987114,4,124,read_only,64,1,1.000000,1.000000,1.000000,{"1":1},1.000000,0.000000,0.000000,0.000000,1.000000,0.000000,-1.000000
0.032987114,4,124,union,64,1,1.000000,1.000000,1.000000,{"1":1},1.000000,0.000000,0.000000,0.000000,1.000000,0.000000,-1.000000
0.032987114,4,124,snapshot,64,994,1.000000,1.000000,1.000000,{"1":993,"2":1},0.998994,0.001006,0.000000,0.000000,0.998994,0.001006,1.000000
0.032987114,4,124,read_only,256,1,1.000000,1.000000,1.000000,{"1":1},1.000000,0.000000,0.000000,0.000000,1.000000,0.000000,-1.000000
0.032987114,4,124,union,256,1,1.000000,1.000000,1.000000,{"1":1},1.000000,0.000000,0.000000,0.000000,1.000000,0.000000,-1.000000
0.032987114,4,124,snapshot,256,994,1.000000,1.000000,1.000000,{"1":993,"2":1},0.998994,0.001006,0.000000,0.000000,0.998994,0.001006,1.000000
0.032987114,4,124,read_only,1024,1,1.000000,1.000000,1.000000,{"1":1},1.000000,0.000000,0.000000,0.000000,1.000000,0.000000,-1.000000
0.032987114,4,124,union,1024,1,1.000000,1.000000,1.000000,{"1":1},1.000000,0.000000,0.000000,0.000000,1.000000,0.000000,-1.000000
0.032987114,4,124,snapshot,1024,994,1.000000,1.000000,1.000000,{"1":993,"2":1},0.998994,0.001006,0.000000,0.000000,0.998994,0.001006,1.000000
0.032987114,4,124,read_only,4096,1,1.000000,1.000000,1.000000,{"1":1},1.000000,0.000000,0.000000,0.000000,1.000000,0.000000,-1.000000
0.032987114,4,124,union,4096,1,1.000000,1.000000,1.000000,{"1":1},1.000000,0.000000,0.000000,0.000000,1.000000,0.000000,-1.000000
0.032987114,4,124,snapshot,4096,258,0.988372,0.996124,0.988372,{"1":993,"2":1},0.984496,0.015504,0.000000,0.000000,0.984496,0.003876,0.250000
0.032987114,4,124,read_only,16384,1,1.000000,1.000000,1.000000,{"1":1},1.000000,0.000000,0.000000,0.000000,1.000000,0.000000,-1.000000
0.032987114,4,124,union,16384,1,1.000000,1.000000,1.000000,{"1":1},1.000000,0.000000,0.000000,0.000000,1.000000,0.000000,-1.000000
0.032987114,4,124,snapshot,16384,82,0.865854,0.953395,0.865854,{"1":993,"2":1},0.865854,0.109756,0.024390,0.000000,0.865854,0.000000,0.000000
0.033238408,4,125,snapshot,64,994,1.000000,1.000000,1.000000,{"1":993,"2":1},0.998994,0.001006,0.000000,0.000000,0.998994,0.001006,1.000000
0.033238408,4,125,snapshot,256,994,1.000000,1.000000,1.000000,{"1":993,"2":1},0.998994,0.001006,0.000000,0.000000,0.998994,0.001006,1.000000
0.033238408,4,125,snapshot,1024,994,1.000000,1.000000,1.000000,{"1":993,"2":1},0.998994,0.001006,0.000000,0.000000,0.998994,0.001006,1.000000
0.033238408,4,125,snapshot,4096,258,0.988372,0.996124,0.988372,{"1":993,"2":1},0.984496,0.015504,0.000000,0.000000,0.984496,0.003876,0.250000
0.033238408,4,125,snapshot,16384,82,0.865854,0.953395,0.865854,{"1":993,"2":1},0.865854,0.109756,0.024390,0.000000,0.865854,0.000000,0.000000
0.033770792,4,127,read_only,64,3,1.000000,1.000000,1.000000,{"1":3},1.000000,0.000000,0.000000,0.000000,1.000000,0.000000,-1.000000
0.033770792,4,127,union,64,3,1.000000,1.000000,1.000000,{"1":3},1.000000,0.000000,0.000000,0.000000,1.000000,0.000000,-1.000000
0.033770792,4,127,read_only,256,3,1.000000,1.000000,1.000000,{"1":3},1.000000,0.000000,0.000000,0.000000,1.000000,0.000000,-1.000000
0.033770792,4,127,union,256,3,1.000000,1.000000,1.000000,{"1":3},1.000000,0.000000,0.000000,0.000000,1.000000,0.000000,-1.000000
0.033770792,4,127,read_only,1024,3,1.000000,1.000000,1.000000,{"1":3},1.000000,0.000000,0.000000,0.000000,1.000000,0.000000,-1.000000
0.033770792,4,127,union,1024,3,1.000000,1.000000,1.000000,{"1":3},1.000000,0.000000,0.000000,0.000000,1.000000,0.000000,-1.000000
0.033770792,4,127,read_only,4096,2,1.000000,1.000000,1.000000,{"1":3},1.000000,0.000000,0.000000,0.000000,1.000000,0.000000,-1.000000
0.033770792,4,127,union,4096,2,1.000000,1.000000,1.000000,{"1":3},1.000000,0.000000,0.000000,0.000000,1.000000,0.000000,-1.000000
0.033770792,4,127,read_only,16384,2,1.000000,1.000000,1.000000,{"1":3},1.000000,0.000000,0.000000,0.000000,1.000000,0.000000,-1.000000
0.033770792,4,127,union,16384,2,1.000000,1.000000,1.000000,{"1":3},1.000000,0.000000,0.000000,0.000000,1.000000,0.000000,-1.000000
0.034005113,4,128,read_only,64,26,1.000000,1.000000,1.000000,{"1":26},1.000000,0.000000,0.000000,0.000000,1.000000,0.000000,-1.000000
0.034005113,4,128,union,64,26,1.000000,1.000000,1.000000,{"1":26},1.000000,0.000000,0.000000,0.000000,1.000000,0.000000,-1.000000
0.034005113,4,128,snapshot,64,26,1.000000,1.000000,1.000000,{"1":26},1.000000,0.000000,0.000000,0.000000,1.000000,0.000000,-1.000000
0.034005113,4,128,read_only,256,26,1.000000,1.000000,1.000000,{"1":26},1.000000,0.000000,0.000000,0.000000,1.000000,0.000000,-1.000000
0.034005113,4,128,union,256,26,1.000000,1.000000,1.000000,{"1":26},1.000000,0.000000,0.000000,0.000000,1.000000,0.000000,-1.000000
0.034005113,4,128,snapshot,256,26,1.000000,1.000000,1.000000,{"1":26},1.000000,0.000000,0.000000,0.000000,1.000000,0.000000,-1.000000
0.034005113,4,128,read_only,1024,26,1.000000,1.000000,1.000000,{"1":26},1.000000,0.000000,0.000000,0.000000,1.000000,0.000000,-1.000000
0.034005113,4,128,union,1024,26,1.000000,1.000000,1.000000,{"1":26},1.000000,0.000000,0.000000,0.000000,1.000000,0.000000,-1.000000
0.034005113,4,128,snapshot,1024,26,1.000000,1.000000,1.000000,{"1":26},1.000000,0.000000,0.000000,0.000000,1.000000,0.000000,-1.000000
0.034005113,4,128,read_only,4096,8,1.000000,1.000000,1.000000,{"1":26},1.000000,0.000000,0.000000,0.000000,1.000000,0.000000,-1.000000
0.034005113,4,128,union,4096,8,1.000000,1.000000,1.000000,{"1":26},1.000000,0.000000,0.000000,0.000000,1.000000,0.000000,-1.000000
0.034005113,4,128,snapshot,4096,8,1.000000,1.000000,1.000000,{"1":26},1.000000,0.000000,0.000000,0.000000,1.000000,0.000000,-1.000000
0.034005113,4,128,read_only,16384,3,1.000000,1.000000,1.000000,{"1":26},1.000000,0.000000,0.000000,0.000000,1.000000,0.000000,-1.000000
0.034005113,4,128,union,16384,3,1.000000,1.000000,1.000000,{"1":26},1.000000,0.000000,0.000000,0.000000,1.000000,0.000000,-1.000000
0.034005113,4,128,snapshot,16384,3,1.000000,1.000000,1.000000,{"1":26},1.000000,0.000000,0.000000,0.000000,1.000000,0.000000,-1.000000
0.034300093,4,129,snapshot,64,26,1.000000,1.000000,1.000000,{"1":26},1.000000,0.000000,0.000000,0.000000,1.000000,0.000000,-1.000000
0.034300093,4,129,snapshot,256,26,1.000000,1.000000,1.000000,{"1":26},1.000000,0.000000,0.000000,0.000000,1.000000,0.000000,-1.000000
0.034300093,4,129,snapshot,1024,26,1.000000,1.000000,1.000000,{"1":26},1.000000,0.000000,0.000000,0.000000,1.000000,0.000000,-1.000000
0.034300093,4,129,snapshot,4096,8,1.000000,1.000000,1.000000,{"1":26},1.000000,0.000000,0.000000,0.000000,1.000000,0.000000,-1.000000
0.034300093,4,129,snapshot,16384,3,1.000000,1.000000,1.000000,{"1":26},1.000000,0.000000,0.000000,0.000000,1.000000,0.000000,-1.000000
0.034545501,4,130,read_only,64,12,1.000000,1.000000,1.000000,{"1":12},1.000000,0.000000,0.000000,0.000000,1.000000,0.000000,-1.000000
0.034545501,4,130,union,64,12,1.000000,1.000000,1.000000,{"1":12},1.000000,0.000000,0.000000,0.000000,1.000000,0.000000,-1.000000
0.034545501,4,130,snapshot,64,38,1.000000,1.000000,1.000000,{"1":38},1.000000,0.000000,0.000000,0.000000,1.000000,0.000000,-1.000000
0.034545501,4,130,read_only,256,12,1.000000,1.000000,1.000000,{"1":12},1.000000,0.000000,0.000000,0.000000,1.000000,0.000000,-1.000000
0.034545501,4,130,union,256,12,1.000000,1.000000,1.000000,{"1":12},1.000000,0.000000,0.000000,0.000000,1.000000,0.000000,-1.000000
0.034545501,4,130,snapshot,256,38,1.000000,1.000000,1.000000,{"1":38},1.000000,0.000000,0.000000,0.000000,1.000000,0.000000,-1.000000
0.034545501,4,130,read_only,1024,12,1.000000,1.000000,1.000000,{"1":12},1.000000,0.000000,0.000000,0.000000,1.000000,0.000000,-1.000000
0.034545501,4,130,union,1024,12,1.000000,1.000000,1.000000,{"1":12},1.000000,0.000000,0.000000,0.000000,1.000000,0.000000,-1.000000
0.034545501,4,130,snapshot,1024,38,1.000000,1.000000,1.000000,{"1":38},1.000000,0.000000,0.000000,0.000000,1.000000,0.000000,-1.000000
0.034545501,4,130,read_only,4096,3,1.000000,1.000000,1.000000,{"1":12},1.000000,0.000000,0.000000,0.000000,1.000000,0.000000,-1.000000
0.034545501,4,130,union,4096,3,1.000000,1.000000,1.000000,{"1":12},1.000000,0.000000,0.000000,0.000000,1.000000,0.000000,-1.000000
0.034545501,4,130,snapshot,4096,11,1.000000,1.000000,1.000000,{"1":38},1.000000,0.000000,0.000000,0.000000,1.000000,0.000000,-1.000000
0.034545501,4,130,read_only,16384,2,1.000000,1.000000,1.000000,{"1":12},1.000000,0.000000,0.000000,0.000000,1.000000,0.000000,-1.000000
0.034545501,4,130,union,16384,2,1.000000,1.000000,1.000000,{"1":12},1.000000,0.000000,0.000000,0.000000,1.000000,0.000000,-1.000000
0.034545501,4,130,snapshot,16384,5,1.000000,1.000000,1.000000,{"1":38},1.000000,0.000000,0.000000,0.000000,1.000000,0.000000,-1.000000
0.034787925,4,131,snapshot,64,38,1.000000,1.000000,1.000000,{"1":38},1.000000,0.000000,0.000000,0.000000,1.000000,0.000000,-1.000000
0.034787925,4,131,snapshot,256,38,1.000000,1.000000,1.000000,{"1":38},1.000000,0.000000,0.000000,0.000000,1.000000,0.000000,-1.000000
0.034787925,4,131,snapshot,1024,38,1.000000,1.000000,1.000000,{"1":38},1.000000,0.000000,0.000000,0.000000,1.000000,0.000000,-1.000000
0.034787925,4,131,snapshot,4096,11,1.000000,1.000000,1.000000,{"1":38},1.000000,0.000000,0.000000,0.000000,1.000000,0.000000,-1.000000
0.034787925,4,131,snapshot,16384,5,1.000000,1.000000,1.000000,{"1":38},1.000000,0.000000,0.000000,0.000000,1.000000,0.000000,-1.000000
0.035051639,4,132,read_only,64,4,1.000000,1.000000,1.000000,{"1":4},1.000000,0.000000,0.000000,0.000000,1.000000,0.000000,-1.000000
0.035051639,4,132,union,64,4,1.000000,1.000000,1.000000,{"1":4},1.000000,0.000000,0.000000,0.000000,1.000000,0.000000,-1.000000
0.035051639,4,132,snapshot,64,42,1.000000,1.000000,1.000000,{"1":42},1.000000,0.000000,0.000000,0.000000,1.000000,0.000000,-1.000000
0.035051639,4,132,read_only,256,4,1.000000,1.000000,1.000000,{"1":4},1.000000,0.000000,0.000000,0.000000,1.000000,0.000000,-1.000000
0.035051639,4,132,union,256,4,1.000000,1.000000,1.000000,{"1":4},1.000000,0.000000,0.000000,0.000000,1.000000,0.000000,-1.000000
0.035051639,4,132,snapshot,256,42,1.000000,1.000000,1.000000,{"1":42},1.000000,0.000000,0.000000,0.000000,1.000000,0.000000,-1.000000
0.035051639,4,132,read_only,1024,4,1.000000,1.000000,1.000000,{"1":4},1.000000,0.000000,0.000000,0.000000,1.000000,0.000000,-1.000000
0.035051639,4,132,union,1024,4,1.000000,1.000000,1.000000,{"1":4},1.000000,0.000000,0.000000,0.000000,1.000000,0.000000,-1.000000
0.035051639,4,132,snapshot,1024,42,1.000000,1.000000,1.000000,{"1":42},1.000000,0.000000,0.000000,0.000000,1.000000,0.000000,-1.000000
0.035051639,4,132,read_only,4096,1,1.000000,1.000000,1.000000,{"1":4},1.000000,0.000000,0.000000,0.000000,1.000000,0.000000,-1.000000
0.035051639,4,132,union,4096,1,1.000000,1.000000,1.000000,{"1":4},1.000000,0.000000,0.000000,0.000000,1.000000,0.000000,-1.000000
0.035051639,4,132,snapshot,4096,12,1.000000,1.000000,1.000000,{"1":42},1.000000,0.000000,0.000000,0.000000,1.000000,0.000000,-1.000000
0.035051639,4,132,read_only,16384,1,1.000000,1.000000,1.000000,{"1":4},1.000000,0.000000,0.000000,0.000000,1.000000,0.000000,-1.000000
0.035051639,4,132,union,16384,1,1.000000,1.000000,1.000000,{"1":4},1.000000,0.000000,0.000000,0.000000,1.000000,0.000000,-1.000000
0.035051639,4,132,snapshot,16384,6,1.000000,1.000000,1.000000,{"1":42},1.000000,0.000000,0.000000,0.000000,1.000000,0.000000,-1.000000
0.035330912,4,133,read_only,64,2,1.000000,1.000000,1.000000,{"1":2},1.000000,0.000000,0.000000,0.000000,1.000000,0.000000,-1.000000
0.035330912,4,133,union,64,2,1.000000,1.000000,1.000000,{"1":2},1.000000,0.000000,0.000000,0.000000,1.000000,0.000000,-1.000000
0.035330912,4,133,snapshot,64,44,1.000000,1.000000,1.000000,{"1":44},1.000000,0.000000,0.000000,0.000000,1.000000,0.000000,-1.000000
0.035330912,4,133,read_only,256,2,1.000000,1.000000,1.000000,{"1":2},1.000000,0.000000,0.000000,0.000000,1.000000,0.000000,-1.000000
0.035330912,4,133,union,256,2,1.000000,1.000000,1.000000,{"1":2},1.000000,0.000000,0.000000,0.000000,1.000000,0.000000,-1.000000
0.035330912,4,133,snapshot,256,44,1.000000,1.000000,1.000000,{"1":44},1.000000,0.000000,0.000000,0.000000,1.000000,0.000000,-1.000000
0.035330912,4,133,read_only,1024,2,1.000000,1.000000,1.000000,{"1":2},1.000000,0.000000,0.000000,0.000000,1.000000,0.000000,-1.000000
0.035330912,4,133,union,1024,2,1.000000,1.000000,1.000000,{"1":2},1.000000,0.000000,0.000000,0.000000,1.000000,0.000000,-1.000000
0.035330912,4,133,snapshot,1024,44,1.000000,1.000000,1.000000,{"1":44},1.000000,0.000000,0.000000,0.000000,1.000000,0.000000,-1.000000
0.035330912,4,133,read_only,4096,2,1.000000,1.000000,1.000000,{"1":2},1.000000,0.000000,0.000000,0.000000,1.000000,0.000000,-1.000000
0.035330912,4,133,union,4096,2,1.000000,1.000000,1.000000,{"1":2},1.000000,0.000000,0.000000,0.000000,1.000000,0.000000,-1.000000
0.035330912,4,133,snapshot,4096,14,1.000000,1.000000,1.000000,{"1":44},1.000000,0.000000,0.000000,0.000000,1.000000,0.000000,-1.000000
0.035330912,4,133,read_only,16384,1,1.000000,1.000000,1.000000,{"1":2},1.000000,0.000000,0.000000,0.000000,1.000000,0.000000,-1.000000
0.035330912,4,133,union,16384,1,1.000000,1.000000,1.000000,{"1":2},1.000000,0.000000,0.000000,0.000000,1.000000,0.000000,-1.000000
0.035330912,4,133,snapshot,16384,7,1.000000,1.000000,1.000000,{"1":44},1.000000,0.000000,0.000000,0.000000,1.000000,0.000000,-1.000000
0.035563952,4,134,snapshot,64,44,1.000000,1.000000,1.000000,{"1":44},1.000000,0.000000,0.000000,0.000000,1.000000,0.000000,-1.000000
0.035563952,4,134,snapshot,256,44,1.000000,1.000000,1.000000,{"1":44},1.000000,0.000000,0.000000,0.000000,1.000000,0.000000,-1.000000
0.035563952,4,134,snapshot,1024,44,1.000000,1.000000,1.000000,{"1":44},1.000000,0.000000,0.000000,0.000000,1.000000,0.000000,-1.000000
0.035563952,4,134,snapshot,4096,14,1.000000,1.000000,1.000000,{"1":44},1.000000,0.000000,0.000000,0.000000,1.000000,0.000000,-1.000000
0.035563952,4,134,snapshot,16384,7,1.000000,1.000000,1.000000,{"1":44},1.000000,0.000000,0.000000,0.000000,1.000000,0.000000,-1.000000
0.035798682,4,135,snapshot,64,44,1.000000,1.000000,1.000000,{"1":44},1.000000,0.000000,0.000000,0.000000,1.000000,0.000000,-1.000000
0.035798682,4,135,snapshot,256,44,1.000000,1.000000,1.000000,{"1":44},1.000000,0.000000,0.000000,0.000000,1.000000,0.000000,-1.000000
0.035798682,4,135,snapshot,1024,44,1.000000,1.000000,1.000000,{"1":44},1.000000,0.000000,0.000000,0.000000,1.000000,0.000000,-1.000000
0.035798682,4,135,snapshot,4096,14,1.000000,1.000000,1.000000,{"1":44},1.000000,0.000000,0.000000,0.000000,1.000000,0.000000,-1.000000
0.035798682,4,135,snapshot,16384,7,1.000000,1.000000,1.000000,{"1":44},1.000000,0.000000,0.000000,0.000000,1.000000,0.000000,-1.000000
0.036092315,4,136,snapshot,64,44,1.000000,1.000000,1.000000,{"1":44},1.000000,0.000000,0.000000,0.000000,1.000000,0.000000,-1.000000
0.036092315,4,136,snapshot,256,44,1.000000,1.000000,1.000000,{"1":44},1.000000,0.000000,0.000000,0.000000,1.000000,0.000000,-1.000000
0.036092315,4,136,snapshot,1024,44,1.000000,1.000000,1.000000,{"1":44},1.000000,0.000000,0.000000,0.000000,1.000000,0.000000,-1.000000
0.036092315,4,136,snapshot,4096,14,1.000000,1.000000,1.000000,{"1":44},1.000000,0.000000,0.000000,0.000000,1.000000,0.000000,-1.000000
0.036092315,4,136,snapshot,16384,7,1.000000,1.000000,1.000000,{"1":44},1.000000,0.000000,0.000000,0.000000,1.000000,0.000000,-1.000000
0.036335130,4,137,read_only,64,5,1.000000,1.000000,1.000000,{"1":5},1.000000,0.000000,0.000000,0.000000,1.000000,0.000000,-1.000000
0.036335130,4,137,union,64,5,1.000000,1.000000,1.000000,{"1":5},1.000000,0.000000,0.000000,0.000000,1.000000,0.000000,-1.000000
0.036335130,4,137,snapshot,64,49,1.000000,1.000000,1.000000,{"1":49},1.000000,0.000000,0.000000,0.000000,1.000000,0.000000,-1.000000
0.036335130,4,137,read_only,256,5,1.000000,1.000000,1.000000,{"1":5},1.000000,0.000000,0.000000,0.000000,1.000000,0.000000,-1.000000
0.036335130,4,137,union,256,5,1.000000,1.000000,1.000000,{"1":5},1.000000,0.000000,0.000000,0.000000,1.000000,0.000000,-1.000000
0.036335130,4,137,snapshot,256,49,1.000000,1.000000,1.000000,{"1":49},1.000000,0.000000,0.000000,0.000000,1.000000,0.000000,-1.000000
0.036335130,4,137,read_only,1024,5,1.000000,1.000000,1.000000,{"1":5},1.000000,0.000000,0.000000,0.000000,1.000000,0.000000,-1.000000
0.036335130,4,137,union,1024,5,1.000000,1.000000,1.000000,{"1":5},1.000000,0.000000,0.000000,0.000000,1.000000,0.000000,-1.000000
0.036335130,4,137,snapshot,1024,49,1.000000,1.000000,1.000000,{"1":49},1.000000,0.000000,0.000000,0.000000,1.000000,0.000000,-1.000000
0.036335130,4,137,read_only,4096,2,1.000000,1.000000,1.000000,{"1":5},1.000000,0.000000,0.000000,0.000000,1.000000,0.000000,-1.000000
0.036335130,4,137,union,4096,2,1.000000,1.000000,1.000000,{"1":5},1.000000,0.000000,0.000000,0.000000,1.000000,0.000000,-1.000000
0.036335130,4,137,snapshot,4096,16,1.000000,1.000000,1.000000,{"1":49},1.000000,0.000000,0.000000,0.000000,1.000000,0.000000,-1.000000
0.036335130,4,137,read_only,16384,1,1.000000,1.000000,1.000000,{"1":5},1.000000,0.000000,0.000000,0.000000,1.000000,0.000000,-1.000000
0.036335130,4,137,union,16384,1,1.000000,1.000000,1.000000,{"1":5},1.000000,0.000000,0.000000,0.000000,1.000000,0.000000,-1.000000
0.036335130,4,137,snapshot,16384,8,1.000000,1.000000,1.000000,{"1":49},1.000000,0.000000,0.000000,0.000000,1.000000,0.000000,-1.000000
0.036573265,4,138,read_only,64,13,1.000000,1.000000,1.000000,{"1":13},1.000000,0.000000,0.000000,0.000000,1.000000,0.000000,-1.000000
0.036573265,4,138,union,64,13,1.000000,1.000000,1.000000,{"1":13},1.000000,0.000000,0.000000,0.000000,1.000000,0.000000,-1.000000
0.036573265,4,138,snapshot,64,62,1.000000,1.000000,1.000000,{"1":62},1.000000,0.000000,0.000000,0.000000,1.000000,0.000000,-1.000000
0.036573265,4,138,read_only,256,13,1.000000,1.000000,1.000000,{"1":13},1.000000,0.000000,0.000000,0.000000,1.000000,0.000000,-1.000000
0.036573265,4,138,union,256,13,1.000000,1.000000,1.000000,{"1":13},1.000000,0.000000,0.000000,0.000000,1.000000,0.000000,-1.000000
0.036573265,4,138,snapshot,256,62,1.000000,1.000000,1.000000,{"1":62},1.000000,0.000000,0.000000,0.000000,1.000000,0.000000,-1.000000
0.036573265,4,138,read_only,1024,13,1.000000,1.000000,1.000000,{"1":13},1.000000,0.000000,0.000000,0.000000,1.000000,0.000000,-1.000000
0.036573265,4,138,union,1024,13,1.000000,1.000000,1.000000,{"1":13},1.000000,0.000000,0.000000,0.000000,1.000000,0.000000,-1.000000
0.036573265,4,138,snapshot,1024,62,1.000000,1.000000,1.000000,{"1":62},1.000000,0.000000,0.000000,0.000000,1.000000,0.000000,-1.000000
0.036573265,4,138,read_only,4096,4,1.000000,1.000000,1.000000,{"1":13},1.000000,0.000000,0.000000,0.000000,1.000000,0.000000,-1.000000
0.036573265,4,138,union,4096,4,1.000000,1.000000,1.000000,{"1":13},1.000000,0.000000,0.000000,0.000000,1.000000,0.000000,-1.000000
0.036573265,4,138,snapshot,4096,20,1.000000,1.000000,1.000000,{"1":62},1.000000,0.000000,0.000000,0.000000,1.000000,0.000000,-1.000000
0.036573265,4,138,read_only,16384,2,1.000000,1.000000,1.000000,{"1":13},1.000000,0.000000,0.000000,0.000000,1.000000,0.000000,-1.000000
0.036573265,4,138,union,16384,2,1.000000,1.000000,1.000000,{"1":13},1.000000,0.000000,0.000000,0.000000,1.000000,0.000000,-1.000000
0.036573265,4,138,snapshot,16384,10,1.000000,1.000000,1.000000,{"1":62},1.000000,0.000000,0.000000,0.000000,1.000000,0.000000,-1.000000
0.037599206,4,142,read_only,64,26,1.000000,1.000000,1.000000,{"1":26},1.000000,0.000000,0.000000,0.000000,1.000000,0.000000,-1.000000
0.037599206,4,142,union,64,26,1.000000,1.000000,1.000000,{"1":26},1.000000,0.000000,0.000000,0.000000,1.000000,0.000000,-1.000000
0.037599206,4,142,snapshot,64,26,1.000000,1.000000,1.000000,{"1":26},1.000000,0.000000,0.000000,0.000000,1.000000,0.000000,-1.000000
0.037599206,4,142,read_only,256,26,1.000000,1.000000,1.000000,{"1":26},1.000000,0.000000,0.000000,0.000000,1.000000,0.000000,-1.000000
0.037599206,4,142,union,256,26,1.000000,1.000000,1.000000,{"1":26},1.000000,0.000000,0.000000,0.000000,1.000000,0.000000,-1.000000
0.037599206,4,142,snapshot,256,26,1.000000,1.000000,1.000000,{"1":26},1.000000,0.000000,0.000000,0.000000,1.000000,0.000000,-1.000000
0.037599206,4,142,read_only,1024,26,1.000000,1.000000,1.000000,{"1":26},1.000000,0.000000,0.000000,0.000000,1.000000,0.000000,-1.000000
0.037599206,4,142,union,1024,26,1.000000,1.000000,1.000000,{"1":26},1.000000,0.000000,0.000000,0.000000,1.000000,0.000000,-1.000000
0.037599206,4,142,snapshot,1024,26,1.000000,1.000000,1.000000,{"1":26},1.000000,0.000000,0.000000,0.000000,1.000000,0.000000,-1.000000
0.037599206,4,142,read_only,4096,8,1.000000,1.000000,1.000000,{"1":26},1.000000,0.000000,0.000000,0.000000,1.000000,0.000000,-1.000000
0.037599206,4,142,union,4096,8,1.000000,1.000000,1.000000,{"1":26},1.000000,0.000000,0.000000,0.000000,1.000000,0.000000,-1.000000
0.037599206,4,142,snapshot,4096,8,1.000000,1.000000,1.000000,{"1":26},1.000000,0.000000,0.000000,0.000000,1.000000,0.000000,-1.000000
0.037599206,4,142,read_only,16384,3,1.000000,1.000000,1.000000,{"1":26},1.000000,0.000000,0.000000,0.000000,1.000000,0.000000,-1.000000
0.037599206,4,142,union,16384,3,1.000000,1.000000,1.000000,{"1":26},1.000000,0.000000,0.000000,0.000000,1.000000,0.000000,-1.000000
0.037599206,4,142,snapshot,16384,3,1.000000,1.000000,1.000000,{"1":26},1.000000,0.000000,0.000000,0.000000,1.000000,0.000000,-1.000000
0.037849442,4,143,snapshot,64,26,1.000000,1.000000,1.000000,{"1":26},1.000000,0.000000,0.000000,0.000000,1.000000,0.000000,-1.000000
0.037849442,4,143,snapshot,256,26,1.000000,1.000000,1.000000,{"1":26},1.000000,0.000000,0.000000,0.000000,1.000000,0.000000,-1.000000
0.037849442,4,143,snapshot,1024,26,1.000000,1.000000,1.000000,{"1":26},1.000000,0.000000,0.000000,0.000000,1.000000,0.000000,-1.000000
0.037849442,4,143,snapshot,4096,8,1.000000,1.000000,1.000000,{"1":26},1.000000,0.000000,0.000000,0.000000,1.000000,0.000000,-1.000000
0.037849442,4,143,snapshot,16384,3,1.000000,1.000000,1.000000,{"1":26},1.000000,0.000000,0.000000,0.000000,1.000000,0.000000,-1.000000
0.038109556,4,144,snapshot,64,26,1.000000,1.000000,1.000000,{"1":26},1.000000,0.000000,0.000000,0.000000,1.000000,0.000000,-1.000000
0.038109556,4,144,snapshot,256,26,1.000000,1.000000,1.000000,{"1":26},1.000000,0.000000,0.000000,0.000000,1.000000,0.000000,-1.000000
0.038109556,4,144,snapshot,1024,26,1.000000,1.000000,1.000000,{"1":26},1.000000,0.000000,0.000000,0.000000,1.000000,0.000000,-1.000000
0.038109556,4,144,snapshot,4096,8,1.000000,1.000000,1.000000,{"1":26},1.000000,0.000000,0.000000,0.000000,1.000000,0.000000,-1.000000
0.038109556,4,144,snapshot,16384,3,1.000000,1.000000,1.000000,{"1":26},1.000000,0.000000,0.000000,0.000000,1.000000,0.000000,-1.000000
0.038386412,4,145,read_only,64,1,1.000000,1.000000,1.000000,{"1":1},1.000000,0.000000,0.000000,0.000000,1.000000,0.000000,-1.000000
0.038386412,4,145,union,64,1,1.000000,1.000000,1.000000,{"1":1},1.000000,0.000000,0.000000,0.000000,1.000000,0.000000,-1.000000
0.038386412,4,145,snapshot,64,27,1.000000,1.000000,1.000000,{"1":27},1.000000,0.000000,0.000000,0.000000,1.000000,0.000000,-1.000000
0.038386412,4,145,read_only,256,1,1.000000,1.000000,1.000000,{"1":1},1.000000,0.000000,0.000000,0.000000,1.000000,0.000000,-1.000000
0.038386412,4,145,union,256,1,1.000000,1.000000,1.000000,{"1":1},1.000000,0.000000,0.000000,0.000000,1.000000,0.000000,-1.000000
0.038386412,4,145,snapshot,256,27,1.000000,1.000000,1.000000,{"1":27},1.000000,0.000000,0.000000,0.000000,1.000000,0.000000,-1.000000
0.038386412,4,145,read_only,1024,1,1.000000,1.000000,1.000000,{"1":1},1.000000,0.000000,0.000000,0.000000,1.000000,0.000000,-1.000000
0.038386412,4,145,union,1024,1,1.000000,1.000000,1.000000,{"1":1},1.000000,0.000000,0.000000,0.000000,1.000000,0.000000,-1.000000
0.038386412,4,145,snapshot,1024,27,1.000000,1.000000,1.000000,{"1":27},1.000000,0.000000,0.000000,0.000000,1.000000,0.000000,-1.000000
0.038386412,4,145,read_only,4096,1,1.000000,1.000000,1.000000,{"1":1},1.000000,0.000000,0.000000,0.000000,1.000000,0.000000,-1.000000
0.038386412,4,145,union,4096,1,1.000000,1.000000,1.000000,{"1":1},1.000000,0.000000,0.000000,0.000000,1.000000,0.000000,-1.000000
0.038386412,4,145,snapshot,4096,9,1.000000,1.000000,1.000000,{"1":27},1.000000,0.000000,0.000000,0.000000,1.000000,0.000000,-1.000000
0.038386412,4,145,read_only,16384,1,1.000000,1.000000,1.000000,{"1":1},1.000000,0.000000,0.000000,0.000000,1.000000,0.000000,-1.000000
0.038386412,4,145,union,16384,1,1.000000,1.000000,1.000000,{"1":1},1.000000,0.000000,0.000000,0.000000,1.000000,0.000000,-1.000000
0.038386412,4,145,snapshot,16384,4,1.000000,1.000000,1.000000,{"1":27},1.000000,0.000000,0.000000,0.000000,1.000000,0.000000,-1.000000
0.038622433,4,146,read_only,64,4,1.000000,1.000000,1.000000,{"1":4},1.000000,0.000000,0.000000,0.000000,1.000000,0.000000,-1.000000
0.038622433,4,146,union,64,4,1.000000,1.000000,1.000000,{"1":4},1.000000,0.000000,0.000000,0.000000,1.000000,0.000000,-1.000000
0.038622433,4,146,snapshot,64,31,1.000000,1.000000,1.000000,{"1":31},1.000000,0.000000,0.000000,0.000000,1.000000,0.000000,-1.000000
0.038622433,4,146,read_only,256,4,1.000000,1.000000,1.000000,{"1":4},1.000000,0.000000,0.000000,0.000000,1.000000,0.000000,-1.000000
0.038622433,4,146,union,256,4,1.000000,1.000000,1.000000,{"1":4},1.000000,0.000000,0.000000,0.000000,1.000000,0.000000,-1.000000
0.038622433,4,146,snapshot,256,31,1.000000,1.000000,1.000000,{"1":31},1.000000,0.000000,0.000000,0.000000,1.000000,0.000000,-1.000000
0.038622433,4,146,read_only,1024,4,1.000000,1.000000,1.000000,{"1":4},1.000000,0.000000,0.000000,0.000000,1.000000,0.000000,-1.000000
0.038622433,4,146,union,1024,4,1.000000,1.000000,1.000000,{"1":4},1.000000,0.000000,0.000000,0.000000,1.000000,0.000000,-1.000000
0.038622433,4,146,snapshot,1024,31,1.000000,1.000000,1.000000,{"1":31},1.000000,0.000000,0.000000,0.000000,1.000000,0.000000,-1.000000
0.038622433,4,146,read_only,4096,1,1.000000,1.000000,1.000000,{"1":4},1.000000,0.000000,0.000000,0.000000,1.000000,0.000000,-1.000000
0.038622433,4,146,union,4096,1,1.000000,1.000000,1.000000,{"1":4},1.000000,0.000000,0.000000,0.000000,1.000000,0.000000,-1.000000
0.038622433,4,146,snapshot,4096,10,1.000000,1.000000,1.000000,{"1":31},1.000000,0.000000,0.000000,0.000000,1.000000,0.000000,-1.000000
0.038622433,4,146,read_only,16384,1,1.000000,1.000000,1.000000,{"1":4},1.000000,0.000000,0.000000,0.000000,1.000000,0.000000,-1.000000
0.038622433,4,146,union,16384,1,1.000000,1.000000,1.000000,{"1":4},1.000000,0.000000,0.000000,0.000000,1.000000,0.000000,-1.000000
0.038622433,4,146,snapshot,16384,5,1.000000,1.000000,1.000000,{"1":31},1.000000,0.000000,0.000000,0.000000,1.000000,0.000000,-1.000000
0.038852914,4,147,snapshot,64,31,1.000000,1.000000,1.000000,{"1":31},1.000000,0.000000,0.000000,0.000000,1.000000,0.000000,-1.000000
0.038852914,4,147,snapshot,256,31,1.000000,1.000000,1.000000,{"1":31},1.000000,0.000000,0.000000,0.000000,1.000000,0.000000,-1.000000
0.038852914,4,147,snapshot,1024,31,1.000000,1.000000,1.000000,{"1":31},1.000000,0.000000,0.000000,0.000000,1.000000,0.000000,-1.000000
0.038852914,4,147,snapshot,4096,10,1.000000,1.000000,1.000000,{"1":31},1.000000,0.000000,0.000000,0.000000,1.000000,0.000000,-1.000000
0.038852914,4,147,snapshot,16384,5,1.000000,1.000000,1.000000,{"1":31},1.000000,0.000000,0.000000,0.000000,1.000000,0.000000,-1.000000
0.039177687,4,148,read_only,64,32,1.000000,1.000000,1.000000,{"1":32},1.000000,0.000000,0.000000,0.000000,1.000000,0.000000,-1.000000
0.039177687,4,148,union,64,32,1.000000,1.000000,1.000000,{"1":32},1.000000,0.000000,0.000000,0.000000,1.000000,0.000000,-1.000000
0.039177687,4,148,snapshot,64,63,1.000000,1.000000,1.000000,{"1":63},1.000000,0.000000,0.000000,0.000000,1.000000,0.000000,-1.000000
0.039177687,4,148,read_only,256,32,1.000000,1.000000,1.000000,{"1":32},1.000000,0.000000,0.000000,0.000000,1.000000,0.000000,-1.000000
0.039177687,4,148,union,256,32,1.000000,1.000000,1.000000,{"1":32},1.000000,0.000000,0.000000,0.000000,1.000000,0.000000,-1.000000
0.039177687,4,148,snapshot,256,63,1.000000,1.000000,1.000000,{"1":63},1.000000,0.000000,0.000000,0.000000,1.000000,0.000000,-1.000000
0.039177687,4,148,read_only,1024,32,1.000000,1.000000,1.000000,{"1":32},1.000000,0.000000,0.000000,0.000000,1.000000,0.000000,-1.000000
0.039177687,4,148,union,1024,32,1.000000,1.000000,1.000000,{"1":32},1.000000,0.000000,0.000000,0.000000,1.000000,0.000000,-1.000000
0.039177687,4,148,snapshot,1024,63,1.000000,1.000000,1.000000,{"1":63},1.000000,0.000000,0.000000,0.000000,1.000000,0.000000,-1.000000
0.039177687,4,148,read_only,4096,8,1.000000,1.000000,1.000000,{"1":32},1.000000,0.000000,0.000000,0.000000,1.000000,0.000000,-1.000000
0.039177687,4,148,union,4096,8,1.000000,1.000000,1.000000,{"1":32},1.000000,0.000000,0.000000,0.000000,1.000000,0.000000,-1.000000
0.039177687,4,148,snapshot,4096,18,1.000000,1.000000,1.000000,{"1":63},1.000000,0.000000,0.000000,0.000000,1.000000,0.000000,-1.000000
0.039177687,4,148,read_only,16384,3,0.333333,0.722222,0.333333,{"1":32},0.333333,0.666667,0.000000,0.000000,0.333333,0.000000,0.000000
0.039177687,4,148,union,16384,3,0.333333,0.722222,0.333333,{"1":32},0.333333,0.666667,0.000000,0.000000,0.333333,0.000000,0.000000
0.039177687,4,148,snapshot,16384,8,0.750000,0.895833,0.750000,{"1":63},0.750000,0.250000,0.000000,0.000000,0.750000,0.000000,0.000000
0.039411641,4,149,snapshot,64,63,1.000000,1.000000,1.000000,{"1":63},1.000000,0.000000,0.000000,0.000000,1.000000,0.000000,-1.000000
0.039411641,4,149,snapshot,256,63,1.000000,1.000000,1.000000,{"1":63},1.000000,0.000000,0.000000,0.000000,1.000000,0.000000,-1.000000
0.039411641,4,149,snapshot,1024,63,1.000000,1.000000,1.000000,{"1":63},1.000000,0.000000,0.000000,0.000000,1.000000,0.000000,-1.000000
0.039411641,4,149,snapshot,4096,18,1.000000,1.000000,1.000000,{"1":63},1.000000,0.000000,0.000000,0.000000,1.000000,0.000000,-1.000000
0.039411641,4,149,snapshot,16384,8,0.750000,0.895833,0.750000,{"1":63},0.750000,0.250000,0.000000,0.000000,0.750000,0.000000,0.000000
0.039724543,4,150,read_only,64,17,1.000000,1.000000,1.000000,{"1":17},1.000000,0.000000,0.000000,0.000000,1.000000,0.000000,-1.000000
0.039724543,4,150,union,64,17,1.000000,1.000000,1.000000,{"1":17},1.000000,0.000000,0.000000,0.000000,1.000000,0.000000,-1.000000
0.039724543,4,150,snapshot,64,80,1.000000,1.000000,1.000000,{"1":80},1.000000,0.000000,0.000000,0.000000,1.000000,0.000000,-1.000000
0.039724543,4,150,read_only,256,17,1.000000,1.000000,1.000000,{"1":17},1.000000,0.000000,0.000000,0.000000,1.000000,0.000000,-1.000000
0.039724543,4,150,union,256,17,1.000000,1.000000,1.000000,{"1":17},1.000000,0.000000,0.000000,0.000000,1.000000,0.000000,-1.000000
0.039724543,4,150,snapshot,256,80,1.000000,1.000000,1.000000,{"1":80},1.000000,0.000000,0.000000,0.000000,1.000000,0.000000,-1.000000
0.039724543,4,150,read_only,1024,17,1.000000,1.000000,1.000000,{"1":17},1.000000,0.000000,0.000000,0.000000,1.000000,0.000000,-1.000000
0.039724543,4,150,union,1024,17,1.000000,1.000000,1.000000,{"1":17},1.000000,0.000000,0.000000,0.000000,1.000000,0.000000,-1.000000
0.039724543,4,150,snapshot,1024,80,1.000000,1.000000,1.000000,{"1":80},1.000000,0.000000,0.000000,0.000000,1.000000,0.000000,-1.000000
0.039724543,4,150,read_only,4096,5,1.000000,1.000000,1.000000,{"1":17},1.000000,0.000000,0.000000,0.000000,1.000000,0.000000,-1.000000
0.039724543,4,150,union,4096,5,1.000000,1.000000,1.000000,{"1":17},1.000000,0.000000,0.000000,0.000000,1.000000,0.000000,-1.000000
0.039724543,4,150,snapshot,4096,23,1.000000,1.000000,1.000000,{"1":80},1.000000,0.000000,0.000000,0.000000,1.000000,0.000000,-1.000000
0.039724543,4,150,read_only,16384,3,1.000000,1.000000,1.000000,{"1":17},1.000000,0.000000,0.000000,0.000000,1.000000,0.000000,-1.000000
0.039724543,4,150,union,16384,3,1.000000,1.000000,1.000000,{"1":17},1.000000,0.000000,0.000000,0.000000,1.000000,0.000000,-1.000000
0.039724543,4,150,snapshot,16384,10,0.800000,0.916667,0.800000,{"1":80},0.800000,0.200000,0.000000,0.000000,0.800000,0.000000,0.000000
0.039980506,4,151,read_only,64,13,1.000000,1.000000,1.000000,{"1":13},1.000000,0.000000,0.000000,0.000000,1.000000,0.000000,-1.000000
0.039980506,4,151,union,64,13,1.000000,1.000000,1.000000,{"1":13},1.000000,0.000000,0.000000,0.000000,1.000000,0.000000,-1.000000
0.039980506,4,151,read_only,256,13,1.000000,1.000000,1.000000,{"1":13},1.000000,0.000000,0.000000,0.000000,1.000000,0.000000,-1.000000
0.039980506,4,151,union,256,13,1.000000,1.000000,1.000000,{"1":13},1.000000,0.000000,0.000000,0.000000,1.000000,0.000000,-1.000000
0.039980506,4,151,read_only,1024,13,1.000000,1.000000,1.000000,{"1":13},1.000000,0.000000,0.000000,0.000000,1.000000,0.000000,-1.000000
0.039980506,4,151,union,1024,13,1.000000,1.000000,1.000000,{"1":13},1.000000,0.000000,0.000000,0.000000,1.000000,0.000000,-1.000000
0.039980506,4,151,read_only,4096,4,1.000000,1.000000,1.000000,{"1":13},1.000000,0.000000,0.000000,0.000000,1.000000,0.000000,-1.000000
0.039980506,4,151,union,4096,4,1.000000,1.000000,1.000000,{"1":13},1.000000,0.000000,0.000000,0.000000,1.000000,0.000000,-1.000000
0.039980506,4,151,read_only,16384,1,1.000000,1.000000,1.000000,{"1":13},1.000000,0.000000,0.000000,0.000000,1.000000,0.000000,-1.000000
0.039980506,4,151,union,16384,1,1.000000,1.000000,1.000000,{"1":13},1.000000,0.000000,0.000000,0.000000,1.000000,0.000000,-1.000000
0.040513198,4,153,read_only,64,13,1.000000,1.000000,1.000000,{"1":13},1.000000,0.000000,0.000000,0.000000,1.000000,0.000000,-1.000000
0.040513198,4,153,union,64,13,1.000000,1.000000,1.000000,{"1":13},1.000000,0.000000,0.000000,0.000000,1.000000,0.000000,-1.000000
0.040513198,4,153,snapshot,64,13,1.000000,1.000000,1.000000,{"1":13},1.000000,0.000000,0.000000,0.000000,1.000000,0.000000,-1.000000
0.040513198,4,153,read_only,256,13,1.000000,1.000000,1.000000,{"1":13},1.000000,0.000000,0.000000,0.000000,1.000000,0.000000,-1.000000
0.040513198,4,153,union,256,13,1.000000,1.000000,1.000000,{"1":13},1.000000,0.000000,0.000000,0.000000,1.000000,0.000000,-1.000000
0.040513198,4,153,snapshot,256,13,1.000000,1.000000,1.000000,{"1":13},1.000000,0.000000,0.000000,0.000000,1.000000,0.000000,-1.000000
0.040513198,4,153,read_only,1024,13,1.000000,1.000000,1.000000,{"1":13},1.000000,0.000000,0.000000,0.000000,1.000000,0.000000,-1.000000
0.040513198,4,153,union,1024,13,1.000000,1.000000,1.000000,{"1":13},1.000000,0.000000,0.000000,0.000000,1.000000,0.000000,-1.000000
0.040513198,4,153,snapshot,1024,13,1.000000,1.000000,1.000000,{"1":13},1.000000,0.000000,0.000000,0.000000,1.000000,0.000000,-1.000000
0.040513198,4,153,read_only,4096,4,1.000000,1.000000,1.000000,{"1":13},1.000000,0.000000,0.000000,0.000000,1.000000,0.000000,-1.000000
0.040513198,4,153,union,4096,4,1.000000,1.000000,1.000000,{"1":13},1.000000,0.000000,0.000000,0.000000,1.000000,0.000000,-1.000000
0.040513198,4,153,snapshot,4096,4,1.000000,1.000000,1.000000,{"1":13},1.000000,0.000000,0.000000,0.000000,1.000000,0.000000,-1.000000
0.040513198,4,153,read_only,16384,2,1.000000,1.000000,1.000000,{"1":13},1.000000,0.000000,0.000000,0.000000,1.000000,0.000000,-1.000000
0.040513198,4,153,union,16384,2,1.000000,1.000000,1.000000,{"1":13},1.000000,0.000000,0.000000,0.000000,1.000000,0.000000,-1.000000
0.040513198,4,153,snapshot,16384,2,1.000000,1.000000,1.000000,{"1":13},1.000000,0.000000,0.000000,0.000000,1.000000,0.000000,-1.000000
0.040771062,4,154,read_only,64,36,1.000000,1.000000,1.000000,{"1":36},1.000000,0.000000,0.000000,0.000000,1.000000,0.000000,-1.000000
0.040771062,4,154,union,64,36,1.000000,1.000000,1.000000,{"1":36},1.000000,0.000000,0.000000,0.000000,1.000000,0.000000,-1.000000
0.040771062,4,154,snapshot,64,49,1.000000,1.000000,1.000000,{"1":49},1.000000,0.000000,0.000000,0.000000,1.000000,0.000000,-1.000000
0.040771062,4,154,read_only,256,36,1.000000,1.000000,1.000000,{"1":36},1.000000,0.000000,0.000000,0.000000,1.000000,0.000000,-1.000000
0.040771062,4,154,union,256,36,1.000000,1.000000,1.000000,{"1":36},1.000000,0.000000,0.000000,0.000000,1.000000,0.000000,-1.000000
0.040771062,4,154,snapshot,256,49,1.000000,1.000000,1.000000,{"1":49},1.000000,0.000000,0.000000,0.000000,1.000000,0.000000,-1.000000
0.040771062,4,154,read_only,1024,36,1.000000,1.000000,1.000000,{"1":36},1.000000,0.000000,0.000000,0.000000,1.000000,0.000000,-1.000000
0.040771062,4,154,union,1024,36,1.000000,1.000000,1.000000,{"1":36},1.000000,0.000000,0.000000,0.000000,1.000000,0.000000,-1.000000
0.040771062,4,154,snapshot,1024,49,1.000000,1.000000,1.000000,{"1":49},1.000000,0.000000,0.000000,0.000000,1.000000,0.000000,-1.000000
0.040771062,4,154,read_only,4096,9,1.000000,1.000000,1.000000,{"1":36},1.000000,0.000000,0.000000,0.000000,1.000000,0.000000,-1.000000
0.040771062,4,154,union,4096,9,1.000000,1.000000,1.000000,{"1":36},1.000000,0.000000,0.000000,0.000000,1.000000,0.000000,-1.000000
0.040771062,4,154,snapshot,4096,13,1.000000,1.000000,1.000000,{"1":49},1.000000,0.000000,0.000000,0.000000,1.000000,0.000000,-1.000000
0.040771062,4,154,read_only,16384,3,0.333333,0.722222,0.333333,{"1":36},0.333333,0.666667,0.000000,0.000000,0.333333,0.000000,0.000000
0.040771062,4,154,union,16384,3,0.333333,0.722222,0.333333,{"1":36},0.333333,0.666667,0.000000,0.000000,0.333333,0.000000,0.000000
0.040771062,4,154,snapshot,16384,5,0.600000,0.833333,0.600000,{"1":49},0.600000,0.400000,0.000000,0.000000,0.600000,0.000000,0.000000
0.041037473,4,155,snapshot,64,49,1.000000,1.000000,1.000000,{"1":49},1.000000,0.000000,0.000000,0.000000,1.000000,0.000000,-1.000000
0.041037473,4,155,snapshot,256,49,1.000000,1.000000,1.000000,{"1":49},1.000000,0.000000,0.000000,0.000000,1.000000,0.000000,-1.000000
0.041037473,4,155,snapshot,1024,49,1.000000,1.000000,1.000000,{"1":49},1.000000,0.000000,0.000000,0.000000,1.000000,0.000000,-1.000000
0.041037473,4,155,snapshot,4096,13,1.000000,1.000000,1.000000,{"1":49},1.000000,0.000000,0.000000,0.000000,1.000000,0.000000,-1.000000
0.041037473,4,155,snapshot,16384,5,0.600000,0.833333,0.600000,{"1":49},0.600000,0.400000,0.000000,0.000000,0.600000,0.000000,0.000000
0.041297387,4,156,snapshot,64,49,1.000000,1.000000,1.000000,{"1":49},1.000000,0.000000,0.000000,0.000000,1.000000,0.000000,-1.000000
0.041297387,4,156,snapshot,256,49,1.000000,1.000000,1.000000,{"1":49},1.000000,0.000000,0.000000,0.000000,1.000000,0.000000,-1.000000
0.041297387,4,156,snapshot,1024,49,1.000000,1.000000,1.000000,{"1":49},1.000000,0.000000,0.000000,0.000000,1.000000,0.000000,-1.000000
0.041297387,4,156,snapshot,4096,13,1.000000,1.000000,1.000000,{"1":49},1.000000,0.000000,0.000000,0.000000,1.000000,0.000000,-1.000000
0.041297387,4,156,snapshot,16384,5,0.600000,0.833333,0.600000,{"1":49},0.600000,0.400000,0.000000,0.000000,0.600000,0.000000,0.000000
0.041574834,4,157,read_only,64,1,1.000000,1.000000,1.000000,{"1":1},1.000000,0.000000,0.000000,0.000000,1.000000,0.000000,-1.000000
0.041574834,4,157,union,64,1,1.000000,1.000000,1.000000,{"1":1},1.000000,0.000000,0.000000,0.000000,1.000000,0.000000,-1.000000
0.041574834,4,157,snapshot,64,50,1.000000,1.000000,1.000000,{"1":50},1.000000,0.000000,0.000000,0.000000,1.000000,0.000000,-1.000000
0.041574834,4,157,read_only,256,1,1.000000,1.000000,1.000000,{"1":1},1.000000,0.000000,0.000000,0.000000,1.000000,0.000000,-1.000000
0.041574834,4,157,union,256,1,1.000000,1.000000,1.000000,{"1":1},1.000000,0.000000,0.000000,0.000000,1.000000,0.000000,-1.000000
0.041574834,4,157,snapshot,256,50,1.000000,1.000000,1.000000,{"1":50},1.000000,0.000000,0.000000,0.000000,1.000000,0.000000,-1.000000
0.041574834,4,157,read_only,1024,1,1.000000,1.000000,1.000000,{"1":1},1.000000,0.000000,0.000000,0.000000,1.000000,0.000000,-1.000000
0.041574834,4,157,union,1024,1,1.000000,1.000000,1.000000,{"1":1},1.000000,0.000000,0.000000,0.000000,1.000000,0.000000,-1.000000
0.041574834,4,157,snapshot,1024,50,1.000000,1.000000,1.000000,{"1":50},1.000000,0.000000,0.000000,0.000000,1.000000,0.000000,-1.000000
0.041574834,4,157,read_only,4096,1,1.000000,1.000000,1.000000,{"1":1},1.000000,0.000000,0.000000,0.000000,1.000000,0.000000,-1.000000
0.041574834,4,157,union,4096,1,1.000000,1.000000,1.000000,{"1":1},1.000000,0.000000,0.000000,0.000000,1.000000,0.000000,-1.000000
0.041574834,4,157,snapshot,4096,14,1.000000,1.000000,1.000000,{"1":50},1.000000,0.000000,0.000000,0.000000,1.000000,0.000000,-1.000000
0.041574834,4,157,read_only,16384,1,1.000000,1.000000,1.000000,{"1":1},1.000000,0.000000,0.000000,0.000000,1.000000,0.000000,-1.000000
0.041574834,4,157,union,16384,1,1.000000,1.000000,1.000000,{"1":1},1.000000,0.000000,0.000000,0.000000,1.000000,0.000000,-1.000000
0.041574834,4,157,snapshot,16384,6,0.666667,0.861111,0.666667,{"1":50},0.666667,0.333333,0.000000,0.000000,0.666667,0.000000,0.000000
0.041811913,4,158,read_only,64,68,1.000000,1.000000,1.000000,{"1":68},1.000000,0.000000,0.000000,0.000000,1.000000,0.000000,-1.000000
0.041811913,4,158,union,64,68,1.000000,1.000000,1.000000,{"1":68},1.000000,0.000000,0.000000,0.000000,1.000000,0.000000,-1.000000
0.041811913,4,158,snapshot,64,118,1.000000,1.000000,1.000000,{"1":118},1.000000,0.000000,0.000000,0.000000,1.000000,0.000000,-1.000000
0.041811913,4,158,read_only,256,68,1.000000,1.000000,1.000000,{"1":68},1.000000,0.000000,0.000000,0.000000,1.000000,0.000000,-1.000000
0.041811913,4,158,union,256,68,1.000000,1.000000,1.000000,{"1":68},1.000000,0.000000,0.000000,0.000000,1.000000,0.000000,-1.000000
0.041811913,4,158,snapshot,256,118,1.000000,1.000000,1.000000,{"1":118},1.000000,0.000000,0.000000,0.000000,1.000000,0.000000,-1.000000
0.041811913,4,158,read_only,1024,68,1.000000,1.000000,1.000000,{"1":68},1.000000,0.000000,0.000000,0.000000,1.000000,0.000000,-1.000000
0.041811913,4,158,union,1024,68,1.000000,1.000000,1.000000,{"1":68},1.000000,0.000000,0.000000,0.000000,1.000000,0.000000,-1.000000
0.041811913,4,158,snapshot,1024,118,1.000000,1.000000,1.000000,{"1":118},1.000000,0.000000,0.000000,0.000000,1.000000,0.000000,-1.000000
0.041811913,4,158,read_only,4096,17,1.000000,1.000000,1.000000,{"1":68},1.000000,0.000000,0.000000,0.000000,1.000000,0.000000,-1.000000
0.041811913,4,158,union,4096,17,1.000000,1.000000,1.000000,{"1":68},1.000000,0.000000,0.000000,0.000000,1.000000,0.000000,-1.000000
0.041811913,4,158,snapshot,4096,31,1.000000,1.000000,1.000000,{"1":118},1.000000,0.000000,0.000000,0.000000,1.000000,0.000000,-1.000000
0.041811913,4,158,read_only,16384,6,0.833333,0.958333,0.833333,{"1":68},0.833333,0.166667,0.000000,0.000000,0.833333,0.000000,0.000000
0.041811913,4,158,union,16384,6,0.833333,0.958333,0.833333,{"1":68},0.833333,0.166667,0.000000,0.000000,0.833333,0.000000,0.000000
0.041811913,4,158,snapshot,16384,12,0.750000,0.909722,0.750000,{"1":118},0.750000,0.250000,0.000000,0.000000,0.750000,0.000000,0.000000
0.042044471,4,159,read_only,64,68,1.000000,1.000000,1.000000,{"1":68},1.000000,0.000000,0.000000,0.000000,1.000000,0.000000,-1.000000
0.042044471,4,159,union,64,68,1.000000,1.000000,1.000000,{"1":68},1.000000,0.000000,0.000000,0.000000,1.000000,0.000000,-1.000000
0.042044471,4,159,snapshot,64,186,1.000000,1.000000,1.000000,{"1":186},1.000000,0.000000,0.000000,0.000000,1.000000,0.000000,-1.000000
0.042044471,4,159,read_only,256,68,1.000000,1.000000,1.000000,{"1":68},1.000000,0.000000,0.000000,0.000000,1.000000,0.000000,-1.000000
0.042044471,4,159,union,256,68,1.000000,1.000000,1.000000,{"1":68},1.000000,0.000000,0.000000,0.000000,1.000000,0.000000,-1.000000
0.042044471,4,159,snapshot,256,186,1.000000,1.000000,1.000000,{"1":186},1.000000,0.000000,0.000000,0.000000,1.000000,0.000000,-1.000000
0.042044471,4,159,read_only,1024,68,1.000000,1.000000,1.000000,{"1":68},1.000000,0.000000,0.000000,0.000000,1.000000,0.000000,-1.000000
0.042044471,4,159,union,1024,68,1.000000,1.000000,1.000000,{"1":68},1.000000,0.000000,0.000000,0.000000,1.000000,0.000000,-1.000000
0.042044471,4,159,snapshot,1024,186,1.000000,1.000000,1.000000,{"1":186},1.000000,0.000000,0.000000,0.000000,1.000000,0.000000,-1.000000
0.042044471,4,159,read_only,4096,17,1.000000,1.000000,1.000000,{"1":68},1.000000,0.000000,0.000000,0.000000,1.000000,0.000000,-1.000000
0.042044471,4,159,union,4096,17,1.000000,1.000000,1.000000,{"1":68},1.000000,0.000000,0.000000,0.000000,1.000000,0.000000,-1.000000
0.042044471,4,159,snapshot,4096,48,1.000000,1.000000,1.000000,{"1":186},1.000000,0.000000,0.000000,0.000000,1.000000,0.000000,-1.000000
0.042044471,4,159,read_only,16384,6,0.833333,0.916667,0.833333,{"1":68},0.833333,0.166667,0.000000,0.000000,0.833333,0.000000,0.000000
0.042044471,4,159,union,16384,6,0.833333,0.916667,0.833333,{"1":68},0.833333,0.166667,0.000000,0.000000,0.833333,0.000000,0.000000
0.042044471,4,159,snapshot,16384,18,0.777778,0.912037,0.777778,{"1":186},0.777778,0.222222,0.000000,0.000000,0.777778,0.000000,0.000000
0.042410818,4,160,read_only,64,89,1.000000,1.000000,1.000000,{"1":89},1.000000,0.000000,0.000000,0.000000,1.000000,0.000000,-1.000000
0.042410818,4,160,union,64,89,1.000000,1.000000,1.000000,{"1":89},1.000000,0.000000,0.000000,0.000000,1.000000,0.000000,-1.000000
0.042410818,4,160,snapshot,64,275,1.000000,1.000000,1.000000,{"1":275},1.000000,0.000000,0.000000,0.000000,1.000000,0.000000,-1.000000
0.042410818,4,160,read_only,256,89,1.000000,1.000000,1.000000,{"1":89},1.000000,0.000000,0.000000,0.000000,1.000000,0.000000,-1.000000
0.042410818,4,160,union,256,89,1.000000,1.000000,1.000000,{"1":89},1.000000,0.000000,0.000000,0.000000,1.000000,0.000000,-1.000000
0.042410818,4,160,snapshot,256,275,1.000000,1.000000,1.000000,{"1":275},1.000000,0.000000,0.000000,0.000000,1.000000,0.000000,-1.000000
0.042410818,4,160,read_only,1024,89,1.000000,1.000000,1.000000,{"1":89},1.000000,0.000000,0.000000,0.000000,1.000000,0.000000,-1.000000
0.042410818,4,160,union,1024,89,1.000000,1.000000,1.000000,{"1":89},1.000000,0.000000,0.000000,0.000000,1.000000,0.000000,-1.000000
0.042410818,4,160,snapshot,1024,275,1.000000,1.000000,1.000000,{"1":275},1.000000,0.000000,0.000000,0.000000,1.000000,0.000000,-1.000000
0.042410818,4,160,read_only,4096,23,1.000000,1.000000,1.000000,{"1":89},1.000000,0.000000,0.000000,0.000000,1.000000,0.000000,-1.000000
0.042410818,4,160,union,4096,23,1.000000,1.000000,1.000000,{"1":89},1.000000,0.000000,0.000000,0.000000,1.000000,0.000000,-1.000000
0.042410818,4,160,snapshot,4096,71,1.000000,1.000000,1.000000,{"1":275},1.000000,0.000000,0.000000,0.000000,1.000000,0.000000,-1.000000
0.042410818,4,160,read_only,16384,9,0.666667,0.894444,0.666667,{"1":89},0.666667,0.333333,0.000000,0.000000,0.666667,0.000000,0.000000
0.042410818,4,160,union,16384,9,0.666667,0.894444,0.666667,{"1":89},0.666667,0.333333,0.000000,0.000000,0.666667,0.000000,0.000000
0.042410818,4,160,snapshot,16384,25,0.680000,0.878667,0.680000,{"1":275},0.680000,0.320000,0.000000,0.000000,0.680000,0.000000,0.000000
0.042643275,4,161,snapshot,64,275,1.000000,1.000000,1.000000,{"1":275},1.000000,0.000000,0.000000,0.000000,1.000000,0.000000,-1.000000
0.042643275,4,161,snapshot,256,275,1.000000,1.000000,1.000000,{"1":275},1.000000,0.000000,0.000000,0.000000,1.000000,0.000000,-1.000000
0.042643275,4,161,snapshot,1024,275,1.000000,1.000000,1.000000,{"1":275},1.000000,0.000000,0.000000,0.000000,1.000000,0.000000,-1.000000
0.042643275,4,161,snapshot,4096,71,1.000000,1.000000,1.000000,{"1":275},1.000000,0.000000,0.000000,0.000000,1.000000,0.000000,-1.000000
0.042643275,4,161,snapshot,16384,25,0.680000,0.878667,0.680000,{"1":275},0.680000,0.320000,0.000000,0.000000,0.680000,0.000000,0.000000
0.042914670,4,162,read_only,64,4,1.000000,1.000000,1.000000,{"1":4},1.000000,0.000000,0.000000,0.000000,1.000000,0.000000,-1.000000
0.042914670,4,162,union,64,4,1.000000,1.000000,1.000000,{"1":4},1.000000,0.000000,0.000000,0.000000,1.000000,0.000000,-1.000000
0.042914670,4,162,snapshot,64,279,1.000000,1.000000,1.000000,{"1":279},1.000000,0.000000,0.000000,0.000000,1.000000,0.000000,-1.000000
0.042914670,4,162,read_only,256,4,1.000000,1.000000,1.000000,{"1":4},1.000000,0.000000,0.000000,0.000000,1.000000,0.000000,-1.000000
0.042914670,4,162,union,256,4,1.000000,1.000000,1.000000,{"1":4},1.000000,0.000000,0.000000,0.000000,1.000000,0.000000,-1.000000
0.042914670,4,162,snapshot,256,279,1.000000,1.000000,1.000000,{"1":279},1.000000,0.000000,0.000000,0.000000,1.000000,0.000000,-1.000000
0.042914670,4,162,read_only,1024,4,1.000000,1.000000,1.000000,{"1":4},1.000000,0.000000,0.000000,0.000000,1.000000,0.000000,-1.000000
0.042914670,4,162,union,1024,4,1.000000,1.000000,1.000000,{"1":4},1.000000,0.000000,0.000000,0.000000,1.000000,0.000000,-1.000000
0.042914670,4,162,snapshot,1024,279,1.000000,1.000000,1.000000,{"1":279},1.000000,0.000000,0.000000,0.000000,1.000000,0.000000,-1.000000
0.042914670,4,162,read_only,4096,1,1.000000,1.000000,1.000000,{"1":4},1.000000,0.000000,0.000000,0.000000,1.000000,0.000000,-1.000000
0.042914670,4,162,union,4096,1,1.000000,1.000000,1.000000,{"1":4},1.000000,0.000000,0.000000,0.000000,1.000000,0.000000,-1.000000
0.042914670,4,162,snapshot,4096,72,1.000000,1.000000,1.000000,{"1":279},1.000000,0.000000,0.000000,0.000000,1.000000,0.000000,-1.000000
0.042914670,4,162,read_only,16384,1,1.000000,1.000000,1.000000,{"1":4},1.000000,0.000000,0.000000,0.000000,1.000000,0.000000,-1.000000
0.042914670,4,162,union,16384,1,1.000000,1.000000,1.000000,{"1":4},1.000000,0.000000,0.000000,0.000000,1.000000,0.000000,-1.000000
0.042914670,4,162,snapshot,16384,25,0.680000,0.882222,0.680000,{"1":279},0.680000,0.320000,0.000000,0.000000,0.680000,0.000000,0.000000
0.043208155,4,163,read_only,64,40,1.000000,1.000000,1.000000,{"1":40},1.000000,0.000000,0.000000,0.000000,1.000000,0.000000,-1.000000
0.043208155,4,163,union,64,40,1.000000,1.000000,1.000000,{"1":40},1.000000,0.000000,0.000000,0.000000,1.000000,0.000000,-1.000000
0.043208155,4,163,read_only,256,40,1.000000,1.000000,1.000000,{"1":40},1.000000,0.000000,0.000000,0.000000,1.000000,0.000000,-1.000000
0.043208155,4,163,union,256,40,1.000000,1.000000,1.000000,{"1":40},1.000000,0.000000,0.000000,0.000000,1.000000,0.000000,-1.000000
0.043208155,4,163,read_only,1024,40,1.000000,1.000000,1.000000,{"1":40},1.000000,0.000000,0.000000,0.000000,1.000000,0.000000,-1.000000
0.043208155,4,163,union,1024,40,1.000000,1.000000,1.000000,{"1":40},1.000000,0.000000,0.000000,0.000000,1.000000,0.000000,-1.000000
0.043208155,4,163,read_only,4096,10,1.000000,1.000000,1.000000,{"1":40},1.000000,0.000000,0.000000,0.000000,1.000000,0.000000,-1.000000
0.043208155,4,163,union,4096,10,1.000000,1.000000,1.000000,{"1":40},1.000000,0.000000,0.000000,0.000000,1.000000,0.000000,-1.000000
0.043208155,4,163,read_only,16384,4,0.500000,0.812500,0.500000,{"1":40},0.500000,0.500000,0.000000,0.000000,0.500000,0.000000,0.000000
0.043208155,4,163,union,16384,4,0.500000,0.812500,0.500000,{"1":40},0.500000,0.500000,0.000000,0.000000,0.500000,0.000000,0.000000
0.043824389,4,165,read_only,64,89,1.000000,1.000000,1.000000,{"1":89},1.000000,0.000000,0.000000,0.000000,1.000000,0.000000,-1.000000
0.043824389,4,165,union,64,89,1.000000,1.000000,1.000000,{"1":89},1.000000,0.000000,0.000000,0.000000,1.000000,0.000000,-1.000000
0.043824389,4,165,snapshot,64,89,1.000000,1.000000,1.000000,{"1":89},1.000000,0.000000,0.000000,0.000000,1.000000,0.000000,-1.000000
0.043824389,4,165,read_only,256,89,1.000000,1.000000,1.000000,{"1":89},1.000000,0.000000,0.000000,0.000000,1.000000,0.000000,-1.000000
0.043824389,4,165,union,256,89,1.000000,1.000000,1.000000,{"1":89},1.000000,0.000000,0.000000,0.000000,1.000000,0.000000,-1.000000
0.043824389,4,165,snapshot,256,89,1.000000,1.000000,1.000000,{"1":89},1.000000,0.000000,0.000000,0.000000,1.000000,0.000000,-1.000000
0.043824389,4,165,read_only,1024,89,1.000000,1.000000,1.000000,{"1":89},1.000000,0.000000,0.000000,0.000000,1.000000,0.000000,-1.000000
0.043824389,4,165,union,1024,89,1.000000,1.000000,1.000000,{"1":89},1.000000,0.000000,0.000000,0.000000,1.000000,0.000000,-1.000000
0.043824389,4,165,snapshot,1024,89,1.000000,1.000000,1.000000,{"1":89},1.000000,0.000000,0.000000,0.000000,1.000000,0.000000,-1.000000
0.043824389,4,165,read_only,4096,23,1.000000,1.000000,1.000000,{"1":89},1.000000,0.000000,0.000000,0.000000,1.000000,0.000000,-1.000000
0.043824389,4,165,union,4096,23,1.000000,1.000000,1.000000,{"1":89},1.000000,0.000000,0.000000,0.000000,1.000000,0.000000,-1.000000
0.043824389,4,165,snapshot,4096,23,1.000000,1.000000,1.000000,{"1":89},1.000000,0.000000,0.000000,0.000000,1.000000,0.000000,-1.000000
0.043824389,4,165,read_only,16384,9,0.555556,0.904321,0.555556,{"1":89},0.555556,0.444444,0.000000,0.000000,0.555556,0.000000,0.000000
0.043824389,4,165,union,16384,9,0.555556,0.904321,0.555556,{"1":89},0.555556,0.444444,0.000000,0.000000,0.555556,0.000000,0.000000
0.043824389,4,165,snapshot,16384,9,0.555556,0.904321,0.555556,{"1":89},0.555556,0.444444,0.000000,0.000000,0.555556,0.000000,0.000000
0.044141727,4,166,read_only,64,528,1.000000,1.000000,1.000000,{"1":528},1.000000,0.000000,0.000000,0.000000,1.000000,0.000000,-1.000000
0.044141727,4,166,union,64,528,1.000000,1.000000,1.000000,{"1":528},1.000000,0.000000,0.000000,0.000000,1.000000,0.000000,-1.000000
0.044141727,4,166,snapshot,64,617,1.000000,1.000000,1.000000,{"1":617},1.000000,0.000000,0.000000,0.000000,1.000000,0.000000,-1.000000
0.044141727,4,166,read_only,256,528,1.000000,1.000000,1.000000,{"1":528},1.000000,0.000000,0.000000,0.000000,1.000000,0.000000,-1.000000
0.044141727,4,166,union,256,528,1.000000,1.000000,1.000000,{"1":528},1.000000,0.000000,0.000000,0.000000,1.000000,0.000000,-1.000000
0.044141727,4,166,snapshot,256,617,1.000000,1.000000,1.000000,{"1":617},1.000000,0.000000,0.000000,0.000000,1.000000,0.000000,-1.000000
0.044141727,4,166,read_only,1024,528,1.000000,1.000000,1.000000,{"1":528},1.000000,0.000000,0.000000,0.000000,1.000000,0.000000,-1.000000
0.044141727,4,166,union,1024,528,1.000000,1.000000,1.000000,{"1":528},1.000000,0.000000,0.000000,0.000000,1.000000,0.000000,-1.000000
0.044141727,4,166,snapshot,1024,617,1.000000,1.000000,1.000000,{"1":617},1.000000,0.000000,0.000000,0.000000,1.000000,0.000000,-1.000000
0.044141727,4,166,read_only,4096,132,1.000000,1.000000,1.000000,{"1":528},1.000000,0.000000,0.000000,0.000000,1.000000,0.000000,-1.000000
0.044141727,4,166,union,4096,132,1.000000,1.000000,1.000000,{"1":528},1.000000,0.000000,0.000000,0.000000,1.000000,0.000000,-1.000000
0.044141727,4,166,snapshot,4096,155,1.000000,1.000000,1.000000,{"1":617},1.000000,0.000000,0.000000,0.000000,1.000000,0.000000,-1.000000
0.044141727,4,166,read_only,16384,35,0.971429,0.992857,0.971429,{"1":528},0.971429,0.028571,0.000000,0.000000,0.971429,0.000000,0.000000
0.044141727,4,166,union,16384,35,0.971429,0.992857,0.971429,{"1":528},0.971429,0.028571,0.000000,0.000000,0.971429,0.000000,0.000000
0.044141727,4,166,snapshot,16384,44,0.886364,0.974747,0.886364,{"1":617},0.886364,0.113636,0.000000,0.000000,0.886364,0.000000,0.000000
0.044375631,4,167,read_only,64,20,1.000000,1.000000,1.000000,{"1":20},1.000000,0.000000,0.000000,0.000000,1.000000,0.000000,-1.000000
0.044375631,4,167,union,64,20,1.000000,1.000000,1.000000,{"1":20},1.000000,0.000000,0.000000,0.000000,1.000000,0.000000,-1.000000
0.044375631,4,167,snapshot,64,637,1.000000,1.000000,1.000000,{"1":637},1.000000,0.000000,0.000000,0.000000,1.000000,0.000000,-1.000000
0.044375631,4,167,read_only,256,20,1.000000,1.000000,1.000000,{"1":20},1.000000,0.000000,0.000000,0.000000,1.000000,0.000000,-1.000000
0.044375631,4,167,union,256,20,1.000000,1.000000,1.000000,{"1":20},1.000000,0.000000,0.000000,0.000000,1.000000,0.000000,-1.000000
0.044375631,4,167,snapshot,256,637,1.000000,1.000000,1.000000,{"1":637},1.000000,0.000000,0.000000,0.000000,1.000000,0.000000,-1.000000
0.044375631,4,167,read_only,1024,20,1.000000,1.000000,1.000000,{"1":20},1.000000,0.000000,0.000000,0.000000,1.000000,0.000000,-1.000000
0.044375631,4,167,union,1024,20,1.000000,1.000000,1.000000,{"1":20},1.000000,0.000000,0.000000,0.000000,1.000000,0.000000,-1.000000
0.044375631,4,167,snapshot,1024,637,1.000000,1.000000,1.000000,{"1":637},1.000000,0.000000,0.000000,0.000000,1.000000,0.000000,-1.000000
0.044375631,4,167,read_only,4096,6,1.000000,1.000000,1.000000,{"1":20},1.000000,0.000000,0.000000,0.000000,1.000000,0.000000,-1.000000
0.044375631,4,167,union,4096,6,1.000000,1.000000,1.000000,{"1":20},1.000000,0.000000,0.000000,0.000000,1.000000,0.000000,-1.000000
0.044375631,4,167,snapshot,4096,161,1.000000,1.000000,1.000000,{"1":637},1.000000,0.000000,0.000000,0.000000,1.000000,0.000000,-1.000000
0.044375631,4,167,read_only,16384,4,1.000000,1.000000,1.000000,{"1":20},1.000000,0.000000,0.000000,0.000000,1.000000,0.000000,-1.000000
0.044375631,4,167,union,16384,4,1.000000,1.000000,1.000000,{"1":20},1.000000,0.000000,0.000000,0.000000,1.000000,0.000000,-1.000000
0.044375631,4,167,snapshot,16384,48,0.895833,0.976852,0.895833,{"1":637},0.895833,0.104167,0.000000,0.000000,0.895833,0.000000,0.000000
0.044665092,4,168,read_only,64,124,1.000000,1.000000,1.000000,{"1":124},1.000000,0.000000,0.000000,0.000000,1.000000,0.000000,-1.000000
0.044665092,4,168,union,64,124,1.000000,1.000000,1.000000,{"1":124},1.000000,0.000000,0.000000,0.000000,1.000000,0.000000,-1.000000
0.044665092,4,168,snapshot,64,761,1.000000,1.000000,1.000000,{"1":761},1.000000,0.000000,0.000000,0.000000,1.000000,0.000000,-1.000000
0.044665092,4,168,read_only,256,124,1.000000,1.000000,1.000000,{"1":124},1.000000,0.000000,0.000000,0.000000,1.000000,0.000000,-1.000000
0.044665092,4,168,union,256,124,1.000000,1.000000,1.000000,{"1":124},1.000000,0.000000,0.000000,0.000000,1.000000,0.000000,-1.000000
0.044665092,4,168,snapshot,256,761,1.000000,1.000000,1.000000,{"1":761},1.000000,0.000000,0.000000,0.000000,1.000000,0.000000,-1.000000
0.044665092,4,168,read_only,1024,124,1.000000,1.000000,1.000000,{"1":124},1.000000,0.000000,0.000000,0.000000,1.000000,0.000000,-1.000000
0.044665092,4,168,union,1024,124,1.000000,1.000000,1.000000,{"1":124},1.000000,0.000000,0.000000,0.000000,1.000000,0.000000,-1.000000
0.044665092,4,168,snapshot,1024,761,1.000000,1.000000,1.000000,{"1":761},1.000000,0.000000,0.000000,0.000000,1.000000,0.000000,-1.000000
0.044665092,4,168,read_only,4096,32,1.000000,1.000000,1.000000,{"1":124},1.000000,0.000000,0.000000,0.000000,1.000000,0.000000,-1.000000
0.044665092,4,168,union,4096,32,1.000000,1.000000,1.000000,{"1":124},1.000000,0.000000,0.000000,0.000000,1.000000,0.000000,-1.000000
0.044665092,4,168,snapshot,4096,191,1.000000,1.000000,1.000000,{"1":761},1.000000,0.000000,0.000000,0.000000,1.000000,0.000000,-1.000000
0.044665092,4,168,read_only,16384,10,1.000000,1.000000,1.000000,{"1":124},1.000000,0.000000,0.000000,0.000000,1.000000,0.000000,-1.000000
0.044665092,4,168,union,16384,10,1.000000,1.000000,1.000000,{"1":124},1.000000,0.000000,0.000000,0.000000,1.000000,0.000000,-1.000000
0.044665092,4,168,snapshot,16384,53,0.905660,0.979036,0.905660,{"1":761},0.905660,0.094340,0.000000,0.000000,0.905660,0.000000,0.000000
0.044958024,4,169,snapshot,64,761,1.000000,1.000000,1.000000,{"1":761},1.000000,0.000000,0.000000,0.000000,1.000000,0.000000,-1.000000
0.044958024,4,169,snapshot,256,761,1.000000,1.000000,1.000000,{"1":761},1.000000,0.000000,0.000000,0.000000,1.000000,0.000000,-1.000000
0.044958024,4,169,snapshot,1024,761,1.000000,1.000000,1.000000,{"1":761},1.000000,0.000000,0.000000,0.000000,1.000000,0.000000,-1.000000
0.044958024,4,169,snapshot,4096,191,1.000000,1.000000,1.000000,{"1":761},1.000000,0.000000,0.000000,0.000000,1.000000,0.000000,-1.000000
0.044958024,4,169,snapshot,16384,53,0.905660,0.979036,0.905660,{"1":761},0.905660,0.094340,0.000000,0.000000,0.905660,0.000000,0.000000
0.045290870,4,170,read_only,64,577,1.000000,1.000000,1.000000,{"1":577},1.000000,0.000000,0.000000,0.000000,1.000000,0.000000,-1.000000
0.045290870,4,170,union,64,577,1.000000,1.000000,1.000000,{"1":577},1.000000,0.000000,0.000000,0.000000,1.000000,0.000000,-1.000000
0.045290870,4,170,snapshot,64,1338,1.000000,1.000000,1.000000,{"1":1338},1.000000,0.000000,0.000000,0.000000,1.000000,0.000000,-1.000000
0.045290870,4,170,read_only,256,577,1.000000,1.000000,1.000000,{"1":577},1.000000,0.000000,0.000000,0.000000,1.000000,0.000000,-1.000000
0.045290870,4,170,union,256,577,1.000000,1.000000,1.000000,{"1":577},1.000000,0.000000,0.000000,0.000000,1.000000,0.000000,-1.000000
0.045290870,4,170,snapshot,256,1338,1.000000,1.000000,1.000000,{"1":1338},1.000000,0.000000,0.000000,0.000000,1.000000,0.000000,-1.000000
0.045290870,4,170,read_only,1024,577,1.000000,1.000000,1.000000,{"1":577},1.000000,0.000000,0.000000,0.000000,1.000000,0.000000,-1.000000
0.045290870,4,170,union,1024,577,1.000000,1.000000,1.000000,{"1":577},1.000000,0.000000,0.000000,0.000000,1.000000,0.000000,-1.000000
0.045290870,4,170,snapshot,1024,1338,1.000000,1.000000,1.000000,{"1":1338},1.000000,0.000000,0.000000,0.000000,1.000000,0.000000,-1.000000
0.045290870,4,170,read_only,4096,145,1.000000,1.000000,1.000000,{"1":577},1.000000,0.000000,0.000000,0.000000,1.000000,0.000000,-1.000000
0.045290870,4,170,union,4096,145,1.000000,1.000000,1.000000,{"1":577},1.000000,0.000000,0.000000,0.000000,1.000000,0.000000,-1.000000
0.045290870,4,170,snapshot,4096,336,1.000000,1.000000,1.000000,{"1":1338},1.000000,0.000000,0.000000,0.000000,1.000000,0.000000,-1.000000
0.045290870,4,170,read_only,16384,37,1.000000,1.000000,1.000000,{"1":577},1.000000,0.000000,0.000000,0.000000,1.000000,0.000000,-1.000000
0.045290870,4,170,union,16384,37,1.000000,1.000000,1.000000,{"1":577},1.000000,0.000000,0.000000,0.000000,1.000000,0.000000,-1.000000
0.045290870,4,170,snapshot,16384,90,0.944444,0.987654,0.944444,{"1":1338},0.944444,0.055556,0.000000,0.000000,0.944444,0.000000,0.000000
0.045547839,4,171,read_only,64,69,1.000000,1.000000,1.000000,{"1":68,"2":1},0.985507,0.014493,0.000000,0.000000,0.985507,0.014493,1.000000
0.045547839,4,171,union,64,69,1.000000,1.000000,1.000000,{"1":68,"2":1},0.985507,0.014493,0.000000,0.000000,0.985507,0.014493,1.000000
0.045547839,4,171,snapshot,64,1407,1.000000,1.000000,1.000000,{"1":1406,"2":1},0.999289,0.000711,0.000000,0.000000,0.999289,0.000711,1.000000
0.045547839,4,171,read_only,256,69,1.000000,1.000000,1.000000,{"1":68,"2":1},0.985507,0.014493,0.000000,0.000000,0.985507,0.014493,1.000000
0.045547839,4,171,union,256,69,1.000000,1.000000,1.000000,{"1":68,"2":1},0.985507,0.014493,0.000000,0.000000,0.985507,0.014493,1.000000
0.045547839,4,171,snapshot,256,1407,1.000000,1.000000,1.000000,{"1":1406,"2":1},0.999289,0.000711,0.000000,0.000000,0.999289,0.000711,1.000000
0.045547839,4,171,read_only,1024,69,1.000000,1.000000,1.000000,{"1":68,"2":1},0.985507,0.014493,0.000000,0.000000,0.985507,0.014493,1.000000
0.045547839,4,171,union,1024,69,1.000000,1.000000,1.000000,{"1":68,"2":1},0.985507,0.014493,0.000000,0.000000,0.985507,0.014493,1.000000
0.045547839,4,171,snapshot,1024,1407,1.000000,1.000000,1.000000,{"1":1406,"2":1},0.999289,0.000711,0.000000,0.000000,0.999289,0.000711,1.000000
0.045547839,4,171,read_only,4096,18,1.000000,1.000000,1.000000,{"1":68,"2":1},0.944444,0.055556,0.000000,0.000000,0.944444,0.055556,1.000000
0.045547839,4,171,union,4096,18,1.000000,1.000000,1.000000,{"1":68,"2":1},0.944444,0.055556,0.000000,0.000000,0.944444,0.055556,1.000000
0.045547839,4,171,snapshot,4096,354,1.000000,1.000000,1.000000,{"1":1406,"2":1},0.997175,0.002825,0.000000,0.000000,0.997175,0.002825,1.000000
0.045547839,4,171,read_only,16384,6,0.666667,0.925000,0.666667,{"1":68,"2":1},0.666667,0.333333,0.000000,0.000000,0.666667,0.000000,0.000000
0.045547839,4,171,union,16384,6,0.666667,0.925000,0.666667,{"1":68,"2":1},0.666667,0.333333,0.000000,0.000000,0.666667,0.000000,0.000000
0.045547839,4,171,snapshot,16384,96,0.927083,0.983738,0.927083,{"1":1406,"2":1},0.927083,0.072917,0.000000,0.000000,0.927083,0.000000,0.000000
0.045784173,4,172,read_only,64,4,1.000000,1.000000,1.000000,{"1":4},1.000000,0.000000,0.000000,0.000000,1.000000,0.000000,-1.000000
0.045784173,4,172,union,64,4,1.000000,1.000000,1.000000,{"1":4},1.000000,0.000000,0.000000,0.000000,1.000000,0.000000,-1.000000
0.045784173,4,172,snapshot,64,1411,1.000000,1.000000,1.000000,{"1":1410,"2":1},0.999291,0.000709,0.000000,0.000000,0.999291,0.000709,1.000000
0.045784173,4,172,read_only,256,4,1.000000,1.000000,1.000000,{"1":4},1.000000,0.000000,0.000000,0.000000,1.000000,0.000000,-1.000000
0.045784173,4,172,union,256,4,1.000000,1.000000,1.000000,{"1":4},1.000000,0.000000,0.000000,0.000000,1.000000,0.000000,-1.000000
0.045784173,4,172,snapshot,256,1411,1.000000,1.000000,1.000000,{"1":1410,"2":1},0.999291,0.000709,0.000000,0.000000,0.999291,0.000709,1.000000
0.045784173,4,172,read_only,1024,4,1.000000,1.000000,1.000000,{"1":4},1.000000,0.000000,0.000000,0.000000,1.000000,0.000000,-1.000000
0.045784173,4,172,union,1024,4,1.000000,1.000000,1.000000,{"1":4},1.000000,0.000000,0.000000,0.000000,1.000000,0.000000,-1.000000
0.045784173,4,172,snapshot,1024,1411,1.000000,1.000000,1.000000,{"1":1410,"2":1},0.999291,0.000709,0.000000,0.000000,0.999291,0.000709,1.000000
0.045784173,4,172,read_only,4096,1,1.000000,1.000000,1.000000,{"1":4},1.000000,0.000000,0.000000,0.000000,1.000000,0.000000,-1.000000
0.045784173,4,172,union,4096,1,1.000000,1.000000,1.000000,{"1":4},1.000000,0.000000,0.000000,0.000000,1.000000,0.000000,-1.000000
0.045784173,4,172,snapshot,4096,355,1.000000,1.000000,1.000000,{"1":1410,"2":1},0.997183,0.002817,0.000000,0.000000,0.997183,0.002817,1.000000
0.045784173,4,172,read_only,16384,1,1.000000,1.000000,1.000000,{"1":4},1.000000,0.000000,0.000000,0.000000,1.000000,0.000000,-1.000000
0.045784173,4,172,union,16384,1,1.000000,1.000000,1.000000,{"1":4},1.000000,0.000000,0.000000,0.000000,1.000000,0.000000,-1.000000
0.045784173,4,172,snapshot,16384,96,0.927083,0.980035,0.927083,{"1":1410,"2":1},0.927083,0.062500,0.010417,0.000000,0.927083,0.000000,0.000000
0.046015098,4,173,snapshot,64,1411,1.000000,1.000000,1.000000,{"1":1410,"2":1},0.999291,0.000709,0.000000,0.000000,0.999291,0.000709,1.000000
0.046015098,4,173,snapshot,256,1411,1.000000,1.000000,1.000000,{"1":1410,"2":1},0.999291,0.000709,0.000000,0.000000,0.999291,0.000709,1.000000
0.046015098,4,173,snapshot,1024,1411,1.000000,1.000000,1.000000,{"1":1410,"2":1},0.999291,0.000709,0.000000,0.000000,0.999291,0.000709,1.000000
0.046015098,4,173,snapshot,4096,355,1.000000,1.000000,1.000000,{"1":1410,"2":1},0.997183,0.002817,0.000000,0.000000,0.997183,0.002817,1.000000
0.046015098,4,173,snapshot,16384,96,0.927083,0.980035,0.927083,{"1":1410,"2":1},0.927083,0.062500,0.010417,0.000000,0.927083,0.000000,0.000000
