sim_time,gpu_id,kernel_id,view,region_size_bytes,num_regions_with_entries,strict_coalescable_ratio,avg_relaxed_ratio,full_redundant_ratio,sharer_set_cardinality_dist_json,reg_card1_ratio,reg_card2_ratio,reg_card3_ratio,reg_card4plus_ratio,coalescable_private_ratio,coalescable_shared_ratio,shared_only_strict_ratio
0.000412983,2,0,read_only,64,40,1.000000,1.000000,1.000000,{"1":40},1.000000,0.000000,0.000000,0.000000,1.000000,0.000000,-1.000000
0.000412983,2,0,union,64,40,1.000000,1.000000,1.000000,{"1":40},1.000000,0.000000,0.000000,0.000000,1.000000,0.000000,-1.000000
0.000412983,2,0,snapshot,64,40,1.000000,1.000000,1.000000,{"1":40},1.000000,0.000000,0.000000,0.000000,1.000000,0.000000,-1.000000
0.000412983,2,0,read_only,256,40,1.000000,1.000000,1.000000,{"1":40},1.000000,0.000000,0.000000,0.000000,1.000000,0.000000,-1.000000
0.000412983,2,0,union,256,40,1.000000,1.000000,1.000000,{"1":40},1.000000,0.000000,0.000000,0.000000,1.000000,0.000000,-1.000000
0.000412983,2,0,snapshot,256,40,1.000000,1.000000,1.000000,{"1":40},1.000000,0.000000,0.000000,0.000000,1.000000,0.000000,-1.000000
0.000412983,2,0,read_only,1024,40,1.000000,1.000000,1.000000,{"1":40},1.000000,0.000000,0.000000,0.000000,1.000000,0.000000,-1.000000
0.000412983,2,0,union,1024,40,1.000000,1.000000,1.000000,{"1":40},1.000000,0.000000,0.000000,0.000000,1.000000,0.000000,-1.000000
0.000412983,2,0,snapshot,1024,40,1.000000,1.000000,1.000000,{"1":40},1.000000,0.000000,0.000000,0.000000,1.000000,0.000000,-1.000000
0.000412983,2,0,read_only,4096,13,1.000000,1.000000,1.000000,{"1":40},1.000000,0.000000,0.000000,0.000000,1.000000,0.000000,-1.000000
0.000412983,2,0,union,4096,13,1.000000,1.000000,1.000000,{"1":40},1.000000,0.000000,0.000000,0.000000,1.000000,0.000000,-1.000000
0.000412983,2,0,snapshot,4096,13,1.000000,1.000000,1.000000,{"1":40},1.000000,0.000000,0.000000,0.000000,1.000000,0.000000,-1.000000
0.000412983,2,0,read_only,16384,5,0.600000,0.833333,0.600000,{"1":40},0.600000,0.400000,0.000000,0.000000,0.600000,0.000000,0.000000
0.000412983,2,0,union,16384,5,0.600000,0.833333,0.600000,{"1":40},0.600000,0.400000,0.000000,0.000000,0.600000,0.000000,0.000000
0.000412983,2,0,snapshot,16384,5,0.600000,0.833333,0.600000,{"1":40},0.600000,0.400000,0.000000,0.000000,0.600000,0.000000,0.000000
0.000796356,2,1,read_only,64,58,1.000000,1.000000,1.000000,{"1":58},1.000000,0.000000,0.000000,0.000000,1.000000,0.000000,-1.000000
0.000796356,2,1,union,64,58,1.000000,1.000000,1.000000,{"1":58},1.000000,0.000000,0.000000,0.000000,1.000000,0.000000,-1.000000
0.000796356,2,1,snapshot,64,98,1.000000,1.000000,1.000000,{"1":98},1.000000,0.000000,0.000000,0.000000,1.000000,0.000000,-1.000000
0.000796356,2,1,read_only,256,58,1.000000,1.000000,1.000000,{"1":58},1.000000,0.000000,0.000000,0.000000,1.000000,0.000000,-1.000000
0.000796356,2,1,union,256,58,1.000000,1.000000,1.000000,{"1":58},1.000000,0.000000,0.000000,0.000000,1.000000,0.000000,-1.000000
0.000796356,2,1,snapshot,256,98,1.000000,1.000000,1.000000,{"1":98},1.000000,0.000000,0.000000,0.000000,1.000000,0.000000,-1.000000
0.000796356,2,1,read_only,1024,58,1.000000,1.000000,1.000000,{"1":58},1.000000,0.000000,0.000000,0.000000,1.000000,0.000000,-1.000000
0.000796356,2,1,union,1024,58,1.000000,1.000000,1.000000,{"1":58},1.000000,0.000000,0.000000,0.000000,1.000000,0.000000,-1.000000
0.000796356,2,1,snapshot,1024,98,1.000000,1.000000,1.000000,{"1":98},1.000000,0.000000,0.000000,0.000000,1.000000,0.000000,-1.000000
0.000796356,2,1,read_only,4096,17,0.882353,0.970588,0.882353,{"1":58},0.882353,0.117647,0.000000,0.000000,0.882353,0.000000,0.000000
0.000796356,2,1,union,4096,17,0.882353,0.970588,0.882353,{"1":58},0.882353,0.117647,0.000000,0.000000,0.882353,0.000000,0.000000
0.000796356,2,1,snapshot,4096,25,0.920000,0.980000,0.920000,{"1":98},0.920000,0.080000,0.000000,0.000000,0.920000,0.000000,0.000000
0.000796356,2,1,read_only,16384,7,0.857143,0.919643,0.857143,{"1":58},0.857143,0.000000,0.142857,0.000000,0.857143,0.000000,0.000000
0.000796356,2,1,union,16384,7,0.857143,0.919643,0.857143,{"1":58},0.857143,0.000000,0.142857,0.000000,0.857143,0.000000,0.000000
0.000796356,2,1,snapshot,16384,7,0.428571,0.827806,0.428571,{"1":98},0.428571,0.428571,0.142857,0.000000,0.428571,0.000000,0.000000
0.001047141,2,2,snapshot,64,98,1.000000,1.000000,1.000000,{"1":98},1.000000,0.000000,0.000000,0.000000,1.000000,0.000000,-1.000000
0.001047141,2,2,snapshot,256,98,1.000000,1.000000,1.000000,{"1":98},1.000000,0.000000,0.000000,0.000000,1.000000,0.000000,-1.000000
0.001047141,2,2,snapshot,1024,98,1.000000,1.000000,1.000000,{"1":98},1.000000,0.000000,0.000000,0.000000,1.000000,0.000000,-1.000000
0.001047141,2,2,snapshot,4096,25,0.920000,0.980000,0.920000,{"1":98},0.920000,0.080000,0.000000,0.000000,0.920000,0.000000,0.000000
0.001047141,2,2,snapshot,16384,7,0.428571,0.827806,0.428571,{"1":98},0.428571,0.428571,0.142857,0.000000,0.428571,0.000000,0.000000
0.001281784,2,3,read_only,64,1,1.000000,1.000000,1.000000,{"1":1},1.000000,0.000000,0.000000,0.000000,1.000000,0.000000,-1.000000
0.001281784,2,3,union,64,1,1.000000,1.000000,1.000000,{"1":1},1.000000,0.000000,0.000000,0.000000,1.000000,0.000000,-1.000000
0.001281784,2,3,snapshot,64,99,1.000000,1.000000,1.000000,{"1":99},1.000000,0.000000,0.000000,0.000000,1.000000,0.000000,-1.000000
0.001281784,2,3,read_only,256,1,1.000000,1.000000,1.000000,{"1":1},1.000000,0.000000,0.000000,0.000000,1.000000,0.000000,-1.000000
0.001281784,2,3,union,256,1,1.000000,1.000000,1.000000,{"1":1},1.000000,0.000000,0.000000,0.000000,1.000000,0.000000,-1.000000
0.001281784,2,3,snapshot,256,99,1.000000,1.000000,1.000000,{"1":99},1.000000,0.000000,0.000000,0.000000,1.000000,0.000000,-1.000000
0.001281784,2,3,read_only,1024,1,1.000000,1.000000,1.000000,{"1":1},1.000000,0.000000,0.000000,0.000000,1.000000,0.000000,-1.000000
0.001281784,2,3,union,1024,1,1.000000,1.000000,1.000000,{"1":1},1.000000,0.000000,0.000000,0.000000,1.000000,0.000000,-1.000000
0.001281784,2,3,snapshot,1024,99,1.000000,1.000000,1.000000,{"1":99},1.000000,0.000000,0.000000,0.000000,1.000000,0.000000,-1.000000
0.001281784,2,3,read_only,4096,1,1.000000,1.000000,1.000000,{"1":1},1.000000,0.000000,0.000000,0.000000,1.000000,0.000000,-1.000000
0.001281784,2,3,union,4096,1,1.000000,1.000000,1.000000,{"1":1},1.000000,0.000000,0.000000,0.000000,1.000000,0.000000,-1.000000
0.001281784,2,3,snapshot,4096,26,0.923077,0.980769,0.923077,{"1":99},0.923077,0.076923,0.000000,0.000000,0.923077,0.000000,0.000000
0.001281784,2,3,read_only,16384,1,1.000000,1.000000,1.000000,{"1":1},1.000000,0.000000,0.000000,0.000000,1.000000,0.000000,-1.000000
0.001281784,2,3,union,16384,1,1.000000,1.000000,1.000000,{"1":1},1.000000,0.000000,0.000000,0.000000,1.000000,0.000000,-1.000000
0.001281784,2,3,snapshot,16384,8,0.500000,0.849330,0.500000,{"1":99},0.500000,0.375000,0.125000,0.000000,0.500000,0.000000,0.000000
0.001957940,2,4,read_only,64,839,1.000000,1.000000,1.000000,{"1":839},1.000000,0.000000,0.000000,0.000000,1.000000,0.000000,-1.000000
0.001957940,2,4,union,64,932,1.000000,1.000000,1.000000,{"1":932},1.000000,0.000000,0.000000,0.000000,1.000000,0.000000,-1.000000
0.001957940,2,4,snapshot,64,1031,1.000000,1.000000,1.000000,{"1":1031},1.000000,0.000000,0.000000,0.000000,1.000000,0.000000,-1.000000
0.001957940,2,4,read_only,256,839,1.000000,1.000000,1.000000,{"1":839},1.000000,0.000000,0.000000,0.000000,1.000000,0.000000,-1.000000
0.001957940,2,4,union,256,932,1.000000,1.000000,1.000000,{"1":932},1.000000,0.000000,0.000000,0.000000,1.000000,0.000000,-1.000000
0.001957940,2,4,snapshot,256,1031,1.000000,1.000000,1.000000,{"1":1031},1.000000,0.000000,0.000000,0.000000,1.000000,0.000000,-1.000000
0.001957940,2,4,read_only,1024,839,1.000000,1.000000,1.000000,{"1":839},1.000000,0.000000,0.000000,0.000000,1.000000,0.000000,-1.000000
0.001957940,2,4,union,1024,932,1.000000,1.000000,1.000000,{"1":932},1.000000,0.000000,0.000000,0.000000,1.000000,0.000000,-1.000000
0.001957940,2,4,snapshot,1024,1031,1.000000,1.000000,1.000000,{"1":1031},1.000000,0.000000,0.000000,0.000000,1.000000,0.000000,-1.000000
0.001957940,2,4,read_only,4096,213,0.967136,0.988263,0.967136,{"1":839},0.967136,0.032864,0.000000,0.000000,0.967136,0.000000,0.000000
0.001957940,2,4,union,4096,233,0.969957,0.990343,0.969957,{"1":932},0.969957,0.030043,0.000000,0.000000,0.969957,0.000000,0.000000
0.001957940,2,4,snapshot,4096,259,0.965251,0.989382,0.965251,{"1":1031},0.965251,0.034749,0.000000,0.000000,0.965251,0.000000,0.000000
0.001957940,2,4,read_only,16384,58,0.775862,0.923730,0.775862,{"1":839},0.775862,0.206897,0.017241,0.000000,0.775862,0.000000,0.000000
0.001957940,2,4,union,16384,61,0.770492,0.927254,0.770492,{"1":932},0.770492,0.213115,0.016393,0.000000,0.770492,0.000000,0.000000
0.001957940,2,4,snapshot,16384,69,0.739130,0.918219,0.739130,{"1":1031},0.739130,0.231884,0.028986,0.000000,0.739130,0.000000,0.000000
0.002308440,2,5,union,64,92,1.000000,1.000000,1.000000,{"1":92},1.000000,0.000000,0.000000,0.000000,1.000000,0.000000,-1.000000
0.002308440,2,5,snapshot,64,1031,1.000000,1.000000,1.000000,{"1":1031},1.000000,0.000000,0.000000,0.000000,1.000000,0.000000,-1.000000
0.002308440,2,5,union,256,92,1.000000,1.000000,1.000000,{"1":92},1.000000,0.000000,0.000000,0.000000,1.000000,0.000000,-1.000000
0.002308440,2,5,snapshot,256,1031,1.000000,1.000000,1.000000,{"1":1031},1.000000,0.000000,0.000000,0.000000,1.000000,0.000000,-1.000000
0.002308440,2,5,union,1024,92,1.000000,1.000000,1.000000,{"1":92},1.000000,0.000000,0.000000,0.000000,1.000000,0.000000,-1.000000
0.002308440,2,5,snapshot,1024,1031,1.000000,1.000000,1.000000,{"1":1031},1.000000,0.000000,0.000000,0.000000,1.000000,0.000000,-1.000000
0.002308440,2,5,union,4096,27,1.000000,1.000000,1.000000,{"1":92},1.000000,0.000000,0.000000,0.000000,1.000000,0.000000,-1.000000
0.002308440,2,5,snapshot,4096,259,0.992278,0.998069,0.992278,{"1":1031},0.992278,0.007722,0.000000,0.000000,0.992278,0.000000,0.000000
0.002308440,2,5,union,16384,9,1.000000,1.000000,1.000000,{"1":92},1.000000,0.000000,0.000000,0.000000,1.000000,0.000000,-1.000000
0.002308440,2,5,snapshot,16384,69,0.782609,0.928183,0.782609,{"1":1031},0.782609,0.202899,0.014493,0.000000,0.782609,0.000000,0.000000
0.003367327,2,6,read_only,64,686,1.000000,1.000000,1.000000,{"1":686},1.000000,0.000000,0.000000,0.000000,1.000000,0.000000,-1.000000
0.003367327,2,6,union,64,686,1.000000,1.000000,1.000000,{"1":686},1.000000,0.000000,0.000000,0.000000,1.000000,0.000000,-1.000000
0.003367327,2,6,snapshot,64,1717,1.000000,1.000000,1.000000,{"1":1717},1.000000,0.000000,0.000000,0.000000,1.000000,0.000000,-1.000000
0.003367327,2,6,read_only,256,686,1.000000,1.000000,1.000000,{"1":686},1.000000,0.000000,0.000000,0.000000,1.000000,0.000000,-1.000000
0.003367327,2,6,union,256,686,1.000000,1.000000,1.000000,{"1":686},1.000000,0.000000,0.000000,0.000000,1.000000,0.000000,-1.000000
0.003367327,2,6,snapshot,256,1717,1.000000,1.000000,1.000000,{"1":1717},1.000000,0.000000,0.000000,0.000000,1.000000,0.000000,-1.000000
0.003367327,2,6,read_only,1024,686,1.000000,1.000000,1.000000,{"1":686},1.000000,0.000000,0.000000,0.000000,1.000000,0.000000,-1.000000
0.003367327,2,6,union,1024,686,1.000000,1.000000,1.000000,{"1":686},1.000000,0.000000,0.000000,0.000000,1.000000,0.000000,-1.000000
0.003367327,2,6,snapshot,1024,1717,1.000000,1.000000,1.000000,{"1":1717},1.000000,0.000000,0.000000,0.000000,1.000000,0.000000,-1.000000
0.003367327,2,6,read_only,4096,173,1.000000,1.000000,1.000000,{"1":686},1.000000,0.000000,0.000000,0.000000,1.000000,0.000000,-1.000000
0.003367327,2,6,union,4096,173,1.000000,1.000000,1.000000,{"1":686},1.000000,0.000000,0.000000,0.000000,1.000000,0.000000,-1.000000
0.003367327,2,6,snapshot,4096,432,0.995370,0.998843,0.995370,{"1":1717},0.995370,0.004630,0.000000,0.000000,0.995370,0.000000,0.000000
0.003367327,2,6,read_only,16384,46,0.956522,0.989130,0.956522,{"1":686},0.956522,0.043478,0.000000,0.000000,0.956522,0.000000,0.000000
0.003367327,2,6,union,16384,46,0.956522,0.989130,0.956522,{"1":686},0.956522,0.043478,0.000000,0.000000,0.956522,0.000000,0.000000
0.003367327,2,6,snapshot,16384,115,0.852174,0.952562,0.852174,{"1":1717},0.852174,0.139130,0.008696,0.000000,0.852174,0.000000,0.000000
0.003691451,2,7,read_only,64,52,1.000000,1.000000,1.000000,{"1":52},1.000000,0.000000,0.000000,0.000000,1.000000,0.000000,-1.000000
0.003691451,2,7,union,64,52,1.000000,1.000000,1.000000,{"1":52},1.000000,0.000000,0.000000,0.000000,1.000000,0.000000,-1.000000
0.003691451,2,7,snapshot,64,1769,1.000000,1.000000,1.000000,{"1":1769},1.000000,0.000000,0.000000,0.000000,1.000000,0.000000,-1.000000
0.003691451,2,7,read_only,256,52,1.000000,1.000000,1.000000,{"1":52},1.000000,0.000000,0.000000,0.000000,1.000000,0.000000,-1.000000
0.003691451,2,7,union,256,52,1.000000,1.000000,1.000000,{"1":52},1.000000,0.000000,0.000000,0.000000,1.000000,0.000000,-1.000000
0.003691451,2,7,snapshot,256,1769,1.000000,1.000000,1.000000,{"1":1769},1.000000,0.000000,0.000000,0.000000,1.000000,0.000000,-1.000000
0.003691451,2,7,read_only,1024,52,1.000000,1.000000,1.000000,{"1":52},1.000000,0.000000,0.000000,0.000000,1.000000,0.000000,-1.000000
0.003691451,2,7,union,1024,52,1.000000,1.000000,1.000000,{"1":52},1.000000,0.000000,0.000000,0.000000,1.000000,0.000000,-1.000000
0.003691451,2,7,snapshot,1024,1769,1.000000,1.000000,1.000000,{"1":1769},1.000000,0.000000,0.000000,0.000000,1.000000,0.000000,-1.000000
0.003691451,2,7,read_only,4096,17,1.000000,1.000000,1.000000,{"1":52},1.000000,0.000000,0.000000,0.000000,1.000000,0.000000,-1.000000
0.003691451,2,7,union,4096,17,1.000000,1.000000,1.000000,{"1":52},1.000000,0.000000,0.000000,0.000000,1.000000,0.000000,-1.000000
0.003691451,2,7,snapshot,4096,449,0.995546,0.998886,0.995546,{"1":1769},0.995546,0.004454,0.000000,0.000000,0.995546,0.000000,0.000000
0.003691451,2,7,read_only,16384,5,0.800000,0.953846,0.800000,{"1":52},0.800000,0.200000,0.000000,0.000000,0.800000,0.000000,0.000000
0.003691451,2,7,union,16384,5,0.800000,0.953846,0.800000,{"1":52},0.800000,0.200000,0.000000,0.000000,0.800000,0.000000,0.000000
0.003691451,2,7,snapshot,16384,120,0.850000,0.952616,0.850000,{"1":1769},0.850000,0.141667,0.008333,0.000000,0.850000,0.000000,0.000000
0.003928882,2,8,read_only,64,76,1.000000,1.000000,1.000000,{"1":76},1.000000,0.000000,0.000000,0.000000,1.000000,0.000000,-1.000000
0.003928882,2,8,union,64,76,1.000000,1.000000,1.000000,{"1":76},1.000000,0.000000,0.000000,0.000000,1.000000,0.000000,-1.000000
0.003928882,2,8,snapshot,64,1845,1.000000,1.000000,1.000000,{"1":1845},1.000000,0.000000,0.000000,0.000000,1.000000,0.000000,-1.000000
0.003928882,2,8,read_only,256,76,1.000000,1.000000,1.000000,{"1":76},1.000000,0.000000,0.000000,0.000000,1.000000,0.000000,-1.000000
0.003928882,2,8,union,256,76,1.000000,1.000000,1.000000,{"1":76},1.000000,0.000000,0.000000,0.000000,1.000000,0.000000,-1.000000
0.003928882,2,8,snapshot,256,1845,1.000000,1.000000,1.000000,{"1":1845},1.000000,0.000000,0.000000,0.000000,1.000000,0.000000,-1.000000
0.003928882,2,8,read_only,1024,76,1.000000,1.000000,1.000000,{"1":76},1.000000,0.000000,0.000000,0.000000,1.000000,0.000000,-1.000000
0.003928882,2,8,union,1024,76,1.000000,1.000000,1.000000,{"1":76},1.000000,0.000000,0.000000,0.000000,1.000000,0.000000,-1.000000
0.003928882,2,8,snapshot,1024,1845,1.000000,1.000000,1.000000,{"1":1845},1.000000,0.000000,0.000000,0.000000,1.000000,0.000000,-1.000000
0.003928882,2,8,read_only,4096,29,1.000000,1.000000,1.000000,{"1":76},1.000000,0.000000,0.000000,0.000000,1.000000,0.000000,-1.000000
0.003928882,2,8,union,4096,29,1.000000,1.000000,1.000000,{"1":76},1.000000,0.000000,0.000000,0.000000,1.000000,0.000000,-1.000000
0.003928882,2,8,snapshot,4096,478,0.995816,0.998954,0.995816,{"1":1845},0.995816,0.004184,0.000000,0.000000,0.995816,0.000000,0.000000
0.003928882,2,8,read_only,16384,13,1.000000,1.000000,1.000000,{"1":76},1.000000,0.000000,0.000000,0.000000,1.000000,0.000000,-1.000000
0.003928882,2,8,union,16384,13,1.000000,1.000000,1.000000,{"1":76},1.000000,0.000000,0.000000,0.000000,1.000000,0.000000,-1.000000
0.003928882,2,8,snapshot,16384,133,0.864662,0.957247,0.864662,{"1":1845},0.864662,0.127820,0.007519,0.000000,0.864662,0.000000,0.000000
0.004173246,2,9,read_only,64,163,1.000000,1.000000,1.000000,{"1":163},1.000000,0.000000,0.000000,0.000000,1.000000,0.000000,-1.000000
0.004173246,2,9,union,64,163,1.000000,1.000000,1.000000,{"1":163},1.000000,0.000000,0.000000,0.000000,1.000000,0.000000,-1.000000
0.004173246,2,9,snapshot,64,2008,1.000000,1.000000,1.000000,{"1":2008},1.000000,0.000000,0.000000,0.000000,1.000000,0.000000,-1.000000
0.004173246,2,9,read_only,256,163,1.000000,1.000000,1.000000,{"1":163},1.000000,0.000000,0.000000,0.000000,1.000000,0.000000,-1.000000
0.004173246,2,9,union,256,163,1.000000,1.000000,1.000000,{"1":163},1.000000,0.000000,0.000000,0.000000,1.000000,0.000000,-1.000000
0.004173246,2,9,snapshot,256,2008,1.000000,1.000000,1.000000,{"1":2008},1.000000,0.000000,0.000000,0.000000,1.000000,0.000000,-1.000000
0.004173246,2,9,read_only,1024,163,1.000000,1.000000,1.000000,{"1":163},1.000000,0.000000,0.000000,0.000000,1.000000,0.000000,-1.000000
0.004173246,2,9,union,1024,163,1.000000,1.000000,1.000000,{"1":163},1.000000,0.000000,0.000000,0.000000,1.000000,0.000000,-1.000000
0.004173246,2,9,snapshot,1024,2008,1.000000,1.000000,1.000000,{"1":2008},1.000000,0.000000,0.000000,0.000000,1.000000,0.000000,-1.000000
0.004173246,2,9,read_only,4096,60,1.000000,1.000000,1.000000,{"1":163},1.000000,0.000000,0.000000,0.000000,1.000000,0.000000,-1.000000
0.004173246,2,9,union,4096,60,1.000000,1.000000,1.000000,{"1":163},1.000000,0.000000,0.000000,0.000000,1.000000,0.000000,-1.000000
0.004173246,2,9,snapshot,4096,537,0.996276,0.999069,0.996276,{"1":2008},0.996276,0.003724,0.000000,0.000000,0.996276,0.000000,0.000000
0.004173246,2,9,read_only,16384,19,0.947368,0.977444,0.947368,{"1":163},0.947368,0.052632,0.000000,0.000000,0.947368,0.000000,0.000000
0.004173246,2,9,union,16384,19,0.947368,0.977444,0.947368,{"1":163},0.947368,0.052632,0.000000,0.000000,0.947368,0.000000,0.000000
0.004173246,2,9,snapshot,16384,147,0.870748,0.958403,0.870748,{"1":2008},0.870748,0.122449,0.006803,0.000000,0.870748,0.000000,0.000000
0.004412112,2,10,read_only,64,63,1.000000,1.000000,1.000000,{"1":63},1.000000,0.000000,0.000000,0.000000,1.000000,0.000000,-1.000000
0.004412112,2,10,union,64,63,1.000000,1.000000,1.000000,{"1":63},1.000000,0.000000,0.000000,0.000000,1.000000,0.000000,-1.000000
0.004412112,2,10,snapshot,64,2071,1.000000,1.000000,1.000000,{"1":2071},1.000000,0.000000,0.000000,0.000000,1.000000,0.000000,-1.000000
0.004412112,2,10,read_only,256,63,1.000000,1.000000,1.000000,{"1":63},1.000000,0.000000,0.000000,0.000000,1.000000,0.000000,-1.000000
0.004412112,2,10,union,256,63,1.000000,1.000000,1.000000,{"1":63},1.000000,0.000000,0.000000,0.000000,1.000000,0.000000,-1.000000
0.004412112,2,10,snapshot,256,2071,1.000000,1.000000,1.000000,{"1":2071},1.000000,0.000000,0.000000,0.000000,1.000000,0.000000,-1.000000
0.004412112,2,10,read_only,1024,63,1.000000,1.000000,1.000000,{"1":63},1.000000,0.000000,0.000000,0.000000,1.000000,0.000000,-1.000000
0.004412112,2,10,union,1024,63,1.000000,1.000000,1.000000,{"1":63},1.000000,0.000000,0.000000,0.000000,1.000000,0.000000,-1.000000
0.004412112,2,10,snapshot,1024,2071,1.000000,1.000000,1.000000,{"1":2071},1.000000,0.000000,0.000000,0.000000,1.000000,0.000000,-1.000000
0.004412112,2,10,read_only,4096,25,1.000000,1.000000,1.000000,{"1":63},1.000000,0.000000,0.000000,0.000000,1.000000,0.000000,-1.000000
0.004412112,2,10,union,4096,25,1.000000,1.000000,1.000000,{"1":63},1.000000,0.000000,0.000000,0.000000,1.000000,0.000000,-1.000000
0.004412112,2,10,snapshot,4096,544,0.963235,0.988511,0.963235,{"1":2071},0.963235,0.036765,0.000000,0.000000,0.963235,0.000000,0.000000
0.004412112,2,10,read_only,16384,10,1.000000,1.000000,1.000000,{"1":63},1.000000,0.000000,0.000000,0.000000,1.000000,0.000000,-1.000000
0.004412112,2,10,union,16384,10,1.000000,1.000000,1.000000,{"1":63},1.000000,0.000000,0.000000,0.000000,1.000000,0.000000,-1.000000
0.004412112,2,10,snapshot,16384,147,0.809524,0.942023,0.809524,{"1":2071},0.809524,0.183673,0.006803,0.000000,0.809524,0.000000,0.000000
0.004651904,2,11,snapshot,64,2071,1.000000,1.000000,1.000000,{"1":2071},1.000000,0.000000,0.000000,0.000000,1.000000,0.000000,-1.000000
0.004651904,2,11,snapshot,256,2071,1.000000,1.000000,1.000000,{"1":2071},1.000000,0.000000,0.000000,0.000000,1.000000,0.000000,-1.000000
0.004651904,2,11,snapshot,1024,2071,1.000000,1.000000,1.000000,{"1":2071},1.000000,0.000000,0.000000,0.000000,1.000000,0.000000,-1.000000
0.004651904,2,11,snapshot,4096,544,0.963235,0.988511,0.963235,{"1":2071},0.963235,0.036765,0.000000,0.000000,0.963235,0.000000,0.000000
0.004651904,2,11,snapshot,16384,147,0.809524,0.942023,0.809524,{"1":2071},0.809524,0.183673,0.006803,0.000000,0.809524,0.000000,0.000000
0.005175478,2,12,read_only,64,279,1.000000,1.000000,1.000000,{"1":279},1.000000,0.000000,0.000000,0.000000,1.000000,0.000000,-1.000000
0.005175478,2,12,union,64,283,1.000000,1.000000,1.000000,{"1":283},1.000000,0.000000,0.000000,0.000000,1.000000,0.000000,-1.000000
0.005175478,2,12,snapshot,64,2354,1.000000,1.000000,1.000000,{"1":2354},1.000000,0.000000,0.000000,0.000000,1.000000,0.000000,-1.000000
0.005175478,2,12,read_only,256,279,1.000000,1.000000,1.000000,{"1":279},1.000000,0.000000,0.000000,0.000000,1.000000,0.000000,-1.000000
0.005175478,2,12,union,256,283,1.000000,1.000000,1.000000,{"1":283},1.000000,0.000000,0.000000,0.000000,1.000000,0.000000,-1.000000
0.005175478,2,12,snapshot,256,2354,1.000000,1.000000,1.000000,{"1":2354},1.000000,0.000000,0.000000,0.000000,1.000000,0.000000,-1.000000
0.005175478,2,12,read_only,1024,279,1.000000,1.000000,1.000000,{"1":279},1.000000,0.000000,0.000000,0.000000,1.000000,0.000000,-1.000000
0.005175478,2,12,union,1024,283,1.000000,1.000000,1.000000,{"1":283},1.000000,0.000000,0.000000,0.000000,1.000000,0.000000,-1.000000
0.005175478,2,12,snapshot,1024,2354,1.000000,1.000000,1.000000,{"1":2354},1.000000,0.000000,0.000000,0.000000,1.000000,0.000000,-1.000000
0.005175478,2,12,read_only,4096,74,0.945946,0.986486,0.945946,{"1":279},0.945946,0.054054,0.000000,0.000000,0.945946,0.000000,0.000000
0.005175478,2,12,union,4096,74,0.918919,0.979730,0.918919,{"1":283},0.918919,0.081081,0.000000,0.000000,0.918919,0.000000,0.000000
0.005175478,2,12,snapshot,4096,617,0.957861,0.987439,0.957861,{"1":2354},0.957861,0.042139,0.000000,0.000000,0.957861,0.000000,0.000000
0.005175478,2,12,read_only,16384,21,0.904762,0.955556,0.904762,{"1":279},0.904762,0.095238,0.000000,0.000000,0.904762,0.000000,0.000000
0.005175478,2,12,union,16384,21,0.857143,0.952381,0.857143,{"1":283},0.857143,0.142857,0.000000,0.000000,0.857143,0.000000,0.000000
0.005175478,2,12,snapshot,16384,167,0.814371,0.942649,0.814371,{"1":2354},0.814371,0.179641,0.005988,0.000000,0.814371,0.000000,0.000000
0.005416116,2,13,snapshot,64,2354,1.000000,1.000000,1.000000,{"1":2354},1.000000,0.000000,0.000000,0.000000,1.000000,0.000000,-1.000000
0.005416116,2,13,snapshot,256,2354,1.000000,1.000000,1.000000,{"1":2354},1.000000,0.000000,0.000000,0.000000,1.000000,0.000000,-1.000000
0.005416116,2,13,snapshot,1024,2354,1.000000,1.000000,1.000000,{"1":2354},1.000000,0.000000,0.000000,0.000000,1.000000,0.000000,-1.000000
0.005416116,2,13,snapshot,4096,617,0.957861,0.987439,0.957861,{"1":2354},0.957861,0.042139,0.000000,0.000000,0.957861,0.000000,0.000000
0.005416116,2,13,snapshot,16384,167,0.814371,0.942649,0.814371,{"1":2354},0.814371,0.179641,0.005988,0.000000,0.814371,0.000000,0.000000
0.005650436,2,14,snapshot,64,2354,1.000000,1.000000,1.000000,{"1":2354},1.000000,0.000000,0.000000,0.000000,1.000000,0.000000,-1.000000
0.005650436,2,14,snapshot,256,2354,1.000000,1.000000,1.000000,{"1":2354},1.000000,0.000000,0.000000,0.000000,1.000000,0.000000,-1.000000
0.005650436,2,14,snapshot,1024,2354,1.000000,1.000000,1.000000,{"1":2354},1.000000,0.000000,0.000000,0.000000,1.000000,0.000000,-1.000000
0.005650436,2,14,snapshot,4096,617,0.957861,0.987439,0.957861,{"1":2354},0.957861,0.042139,0.000000,0.000000,0.957861,0.000000,0.000000
0.005650436,2,14,snapshot,16384,167,0.814371,0.942649,0.814371,{"1":2354},0.814371,0.179641,0.005988,0.000000,0.814371,0.000000,0.000000
0.006031140,2,15,read_only,64,173,1.000000,1.000000,1.000000,{"1":173},1.000000,0.000000,0.000000,0.000000,1.000000,0.000000,-1.000000
0.006031140,2,15,union,64,215,1.000000,1.000000,1.000000,{"1":215},1.000000,0.000000,0.000000,0.000000,1.000000,0.000000,-1.000000
0.006031140,2,15,snapshot,64,2527,1.000000,1.000000,1.000000,{"1":2527},1.000000,0.000000,0.000000,0.000000,1.000000,0.000000,-1.000000
0.006031140,2,15,read_only,256,173,1.000000,1.000000,1.000000,{"1":173},1.000000,0.000000,0.000000,0.000000,1.000000,0.000000,-1.000000
0.006031140,2,15,union,256,215,1.000000,1.000000,1.000000,{"1":215},1.000000,0.000000,0.000000,0.000000,1.000000,0.000000,-1.000000
0.006031140,2,15,snapshot,256,2527,1.000000,1.000000,1.000000,{"1":2527},1.000000,0.000000,0.000000,0.000000,1.000000,0.000000,-1.000000
0.006031140,2,15,read_only,1024,173,1.000000,1.000000,1.000000,{"1":173},1.000000,0.000000,0.000000,0.000000,1.000000,0.000000,-1.000000
0.006031140,2,15,union,1024,215,1.000000,1.000000,1.000000,{"1":215},1.000000,0.000000,0.000000,0.000000,1.000000,0.000000,-1.000000
0.006031140,2,15,snapshot,1024,2527,1.000000,1.000000,1.000000,{"1":2527},1.000000,0.000000,0.000000,0.000000,1.000000,0.000000,-1.000000
0.006031140,2,15,read_only,4096,57,1.000000,1.000000,1.000000,{"1":173},1.000000,0.000000,0.000000,0.000000,1.000000,0.000000,-1.000000
0.006031140,2,15,union,4096,73,1.000000,1.000000,1.000000,{"1":215},1.000000,0.000000,0.000000,0.000000,1.000000,0.000000,-1.000000
0.006031140,2,15,snapshot,4096,655,0.960305,0.989313,0.960305,{"1":2527},0.960305,0.039695,0.000000,0.000000,0.960305,0.000000,0.000000
0.006031140,2,15,read_only,16384,23,0.869565,0.962451,0.869565,{"1":173},0.869565,0.130435,0.000000,0.000000,0.869565,0.000000,0.000000
0.006031140,2,15,union,16384,28,0.892857,0.969156,0.892857,{"1":215},0.892857,0.107143,0.000000,0.000000,0.892857,0.000000,0.000000
0.006031140,2,15,snapshot,16384,177,0.802260,0.943933,0.802260,{"1":2527},0.802260,0.192090,0.005650,0.000000,0.802260,0.000000,0.000000
0.006489129,2,16,read_only,64,231,1.000000,1.000000,1.000000,{"1":231},1.000000,0.000000,0.000000,0.000000,1.000000,0.000000,-1.000000
0.006489129,2,16,union,64,339,1.000000,1.000000,1.000000,{"1":339},1.000000,0.000000,0.000000,0.000000,1.000000,0.000000,-1.000000
0.006489129,2,16,snapshot,64,2758,1.000000,1.000000,1.000000,{"1":2758},1.000000,0.000000,0.000000,0.000000,1.000000,0.000000,-1.000000
0.006489129,2,16,read_only,256,231,1.000000,1.000000,1.000000,{"1":231},1.000000,0.000000,0.000000,0.000000,1.000000,0.000000,-1.000000
0.006489129,2,16,union,256,339,1.000000,1.000000,1.000000,{"1":339},1.000000,0.000000,0.000000,0.000000,1.000000,0.000000,-1.000000
0.006489129,2,16,snapshot,256,2758,1.000000,1.000000,1.000000,{"1":2758},1.000000,0.000000,0.000000,0.000000,1.000000,0.000000,-1.000000
0.006489129,2,16,read_only,1024,231,1.000000,1.000000,1.000000,{"1":231},1.000000,0.000000,0.000000,0.000000,1.000000,0.000000,-1.000000
0.006489129,2,16,union,1024,339,1.000000,1.000000,1.000000,{"1":339},1.000000,0.000000,0.000000,0.000000,1.000000,0.000000,-1.000000
0.006489129,2,16,snapshot,1024,2758,1.000000,1.000000,1.000000,{"1":2758},1.000000,0.000000,0.000000,0.000000,1.000000,0.000000,-1.000000
0.006489129,2,16,read_only,4096,90,0.788889,0.942593,0.788889,{"1":231},0.788889,0.211111,0.000000,0.000000,0.788889,0.000000,0.000000
0.006489129,2,16,union,4096,141,0.858156,0.960993,0.858156,{"1":339},0.858156,0.141844,0.000000,0.000000,0.858156,0.000000,0.000000
0.006489129,2,16,snapshot,4096,704,0.951705,0.986742,0.951705,{"1":2758},0.951705,0.048295,0.000000,0.000000,0.951705,0.000000,0.000000
0.006489129,2,16,read_only,16384,32,0.593750,0.861010,0.593750,{"1":231},0.593750,0.156250,0.250000,0.000000,0.593750,0.000000,0.000000
0.006489129,2,16,union,16384,52,0.711538,0.904442,0.711538,{"1":339},0.711538,0.134615,0.153846,0.000000,0.711538,0.000000,0.000000
0.006489129,2,16,snapshot,16384,189,0.772487,0.931607,0.772487,{"1":2758},0.772487,0.179894,0.047619,0.000000,0.772487,0.000000,0.000000
0.007091437,2,17,read_only,64,250,1.000000,1.000000,1.000000,{"1":250},1.000000,0.000000,0.000000,0.000000,1.000000,0.000000,-1.000000
0.007091437,2,17,union,64,359,1.000000,1.000000,1.000000,{"1":359},1.000000,0.000000,0.000000,0.000000,1.000000,0.000000,-1.000000
0.007091437,2,17,snapshot,64,3008,1.000000,1.000000,1.000000,{"1":3008},1.000000,0.000000,0.000000,0.000000,1.000000,0.000000,-1.000000
0.007091437,2,17,read_only,256,250,1.000000,1.000000,1.000000,{"1":250},1.000000,0.000000,0.000000,0.000000,1.000000,0.000000,-1.000000
0.007091437,2,17,union,256,359,1.000000,1.000000,1.000000,{"1":359},1.000000,0.000000,0.000000,0.000000,1.000000,0.000000,-1.000000
0.007091437,2,17,snapshot,256,3008,1.000000,1.000000,1.000000,{"1":3008},1.000000,0.000000,0.000000,0.000000,1.000000,0.000000,-1.000000
0.007091437,2,17,read_only,1024,250,1.000000,1.000000,1.000000,{"1":250},1.000000,0.000000,0.000000,0.000000,1.000000,0.000000,-1.000000
0.007091437,2,17,union,1024,359,1.000000,1.000000,1.000000,{"1":359},1.000000,0.000000,0.000000,0.000000,1.000000,0.000000,-1.000000
0.007091437,2,17,snapshot,1024,3008,1.000000,1.000000,1.000000,{"1":3008},1.000000,0.000000,0.000000,0.000000,1.000000,0.000000,-1.000000
0.007091437,2,17,read_only,4096,69,1.000000,1.000000,1.000000,{"1":250},1.000000,0.000000,0.000000,0.000000,1.000000,0.000000,-1.000000
0.007091437,2,17,union,4096,123,0.983740,0.995935,0.983740,{"1":359},0.983740,0.016260,0.000000,0.000000,0.983740,0.000000,0.000000
0.007091437,2,17,snapshot,4096,765,0.962092,0.990087,0.962092,{"1":3008},0.962092,0.037908,0.000000,0.000000,0.962092,0.000000,0.000000
0.007091437,2,17,read_only,16384,21,0.761905,0.916667,0.761905,{"1":250},0.761905,0.238095,0.000000,0.000000,0.761905,0.000000,0.000000
0.007091437,2,17,union,16384,43,0.813953,0.937984,0.813953,{"1":359},0.813953,0.186047,0.000000,0.000000,0.813953,0.000000,0.000000
0.007091437,2,17,snapshot,16384,205,0.780488,0.931762,0.780488,{"1":3008},0.780488,0.175610,0.043902,0.000000,0.780488,0.000000,0.000000
0.007330265,2,18,read_only,64,12,1.000000,1.000000,1.000000,{"1":12},1.000000,0.000000,0.000000,0.000000,1.000000,0.000000,-1.000000
0.007330265,2,18,union,64,12,1.000000,1.000000,1.000000,{"1":12},1.000000,0.000000,0.000000,0.000000,1.000000,0.000000,-1.000000
0.007330265,2,18,snapshot,64,3020,1.000000,1.000000,1.000000,{"1":3020},1.000000,0.000000,0.000000,0.000000,1.000000,0.000000,-1.000000
0.007330265,2,18,read_only,256,12,1.000000,1.000000,1.000000,{"1":12},1.000000,0.000000,0.000000,0.000000,1.000000,0.000000,-1.000000
0.007330265,2,18,union,256,12,1.000000,1.000000,1.000000,{"1":12},1.000000,0.000000,0.000000,0.000000,1.000000,0.000000,-1.000000
0.007330265,2,18,snapshot,256,3020,1.000000,1.000000,1.000000,{"1":3020},1.000000,0.000000,0.000000,0.000000,1.000000,0.000000,-1.000000
0.007330265,2,18,read_only,1024,12,1.000000,1.000000,1.000000,{"1":12},1.000000,0.000000,0.000000,0.000000,1.000000,0.000000,-1.000000
0.007330265,2,18,union,1024,12,1.000000,1.000000,1.000000,{"1":12},1.000000,0.000000,0.000000,0.000000,1.000000,0.000000,-1.000000
0.007330265,2,18,snapshot,1024,3020,1.000000,1.000000,1.000000,{"1":3020},1.000000,0.000000,0.000000,0.000000,1.000000,0.000000,-1.000000
0.007330265,2,18,read_only,4096,6,1.000000,1.000000,1.000000,{"1":12},1.000000,0.000000,0.000000,0.000000,1.000000,0.000000,-1.000000
0.007330265,2,18,union,4096,6,1.000000,1.000000,1.000000,{"1":12},1.000000,0.000000,0.000000,0.000000,1.000000,0.000000,-1.000000
0.007330265,2,18,snapshot,4096,771,0.962387,0.990164,0.962387,{"1":3020},0.962387,0.037613,0.000000,0.000000,0.962387,0.000000,0.000000
0.007330265,2,18,read_only,16384,4,1.000000,1.000000,1.000000,{"1":12},1.000000,0.000000,0.000000,0.000000,1.000000,0.000000,-1.000000
0.007330265,2,18,union,16384,4,1.000000,1.000000,1.000000,{"1":12},1.000000,0.000000,0.000000,0.000000,1.000000,0.000000,-1.000000
0.007330265,2,18,snapshot,16384,209,0.784689,0.933068,0.784689,{"1":3020},0.784689,0.172249,0.043062,0.000000,0.784689,0.000000,0.000000
0.007566407,2,19,read_only,64,98,1.000000,1.000000,1.000000,{"1":98},1.000000,0.000000,0.000000,0.000000,1.000000,0.000000,-1.000000
0.007566407,2,19,union,64,99,1.000000,1.000000,1.000000,{"1":99},1.000000,0.000000,0.000000,0.000000,1.000000,0.000000,-1.000000
0.007566407,2,19,snapshot,64,3118,1.000000,1.000000,1.000000,{"1":3118},1.000000,0.000000,0.000000,0.000000,1.000000,0.000000,-1.000000
0.007566407,2,19,read_only,256,98,1.000000,1.000000,1.000000,{"1":98},1.000000,0.000000,0.000000,0.000000,1.000000,0.000000,-1.000000
0.007566407,2,19,union,256,99,1.000000,1.000000,1.000000,{"1":99},1.000000,0.000000,0.000000,0.000000,1.000000,0.000000,-1.000000
0.007566407,2,19,snapshot,256,3118,1.000000,1.000000,1.000000,{"1":3118},1.000000,0.000000,0.000000,0.000000,1.000000,0.000000,-1.000000
0.007566407,2,19,read_only,1024,98,1.000000,1.000000,1.000000,{"1":98},1.000000,0.000000,0.000000,0.000000,1.000000,0.000000,-1.000000
0.007566407,2,19,union,1024,99,1.000000,1.000000,1.000000,{"1":99},1.000000,0.000000,0.000000,0.000000,1.000000,0.000000,-1.000000
0.007566407,2,19,snapshot,1024,3118,1.000000,1.000000,1.000000,{"1":3118},1.000000,0.000000,0.000000,0.000000,1.000000,0.000000,-1.000000
0.007566407,2,19,read_only,4096,32,1.000000,1.000000,1.000000,{"1":98},1.000000,0.000000,0.000000,0.000000,1.000000,0.000000,-1.000000
0.007566407,2,19,union,4096,33,1.000000,1.000000,1.000000,{"1":99},1.000000,0.000000,0.000000,0.000000,1.000000,0.000000,-1.000000
0.007566407,2,19,snapshot,4096,799,0.963705,0.990509,0.963705,{"1":3118},0.963705,0.036295,0.000000,0.000000,0.963705,0.000000,0.000000
0.007566407,2,19,read_only,16384,9,1.000000,1.000000,1.000000,{"1":98},1.000000,0.000000,0.000000,0.000000,1.000000,0.000000,-1.000000
0.007566407,2,19,union,16384,10,1.000000,1.000000,1.000000,{"1":99},1.000000,0.000000,0.000000,0.000000,1.000000,0.000000,-1.000000
0.007566407,2,19,snapshot,16384,214,0.789720,0.934632,0.789720,{"1":3118},0.789720,0.168224,0.042056,0.000000,0.789720,0.000000,0.000000
0.007802953,2,20,union,64,1,1.000000,1.000000,1.000000,{"1":1},1.000000,0.000000,0.000000,0.000000,1.000000,0.000000,-1.000000
0.007802953,2,20,snapshot,64,3118,1.000000,1.000000,1.000000,{"1":3118},1.000000,0.000000,0.000000,0.000000,1.000000,0.000000,-1.000000
0.007802953,2,20,union,256,1,1.000000,1.000000,1.000000,{"1":1},1.000000,0.000000,0.000000,0.000000,1.000000,0.000000,-1.000000
0.007802953,2,20,snapshot,256,3118,1.000000,1.000000,1.000000,{"1":3118},1.000000,0.000000,0.000000,0.000000,1.000000,0.000000,-1.000000
0.007802953,2,20,union,1024,1,1.000000,1.000000,1.000000,{"1":1},1.000000,0.000000,0.000000,0.000000,1.000000,0.000000,-1.000000
0.007802953,2,20,snapshot,1024,3118,1.000000,1.000000,1.000000,{"1":3118},1.000000,0.000000,0.000000,0.000000,1.000000,0.000000,-1.000000
0.007802953,2,20,union,4096,1,1.000000,1.000000,1.000000,{"1":1},1.000000,0.000000,0.000000,0.000000,1.000000,0.000000,-1.000000
0.007802953,2,20,snapshot,4096,799,0.963705,0.990509,0.963705,{"1":3118},0.963705,0.036295,0.000000,0.000000,0.963705,0.000000,0.000000
0.007802953,2,20,union,16384,1,1.000000,1.000000,1.000000,{"1":1},1.000000,0.000000,0.000000,0.000000,1.000000,0.000000,-1.000000
0.007802953,2,20,snapshot,16384,214,0.789720,0.934632,0.789720,{"1":3118},0.789720,0.168224,0.042056,0.000000,0.789720,0.000000,0.000000
0.008042386,2,21,snapshot,64,3118,1.000000,1.000000,1.000000,{"1":3118},1.000000,0.000000,0.000000,0.000000,1.000000,0.000000,-1.000000
0.008042386,2,21,snapshot,256,3118,1.000000,1.000000,1.000000,{"1":3118},1.000000,0.000000,0.000000,0.000000,1.000000,0.000000,-1.000000
0.008042386,2,21,snapshot,1024,3118,1.000000,1.000000,1.000000,{"1":3118},1.000000,0.000000,0.000000,0.000000,1.000000,0.000000,-1.000000
0.008042386,2,21,snapshot,4096,799,0.963705,0.990509,0.963705,{"1":3118},0.963705,0.036295,0.000000,0.000000,0.963705,0.000000,0.000000
0.008042386,2,21,snapshot,16384,214,0.789720,0.934632,0.789720,{"1":3118},0.789720,0.168224,0.042056,0.000000,0.789720,0.000000,0.000000
0.008281291,2,22,read_only,64,8,1.000000,1.000000,1.000000,{"1":8},1.000000,0.000000,0.000000,0.000000,1.000000,0.000000,-1.000000
0.008281291,2,22,union,64,11,1.000000,1.000000,1.000000,{"1":11},1.000000,0.000000,0.000000,0.000000,1.000000,0.000000,-1.000000
0.008281291,2,22,snapshot,64,3126,1.000000,1.000000,1.000000,{"1":3126},1.000000,0.000000,0.000000,0.000000,1.000000,0.000000,-1.000000
0.008281291,2,22,read_only,256,8,1.000000,1.000000,1.000000,{"1":8},1.000000,0.000000,0.000000,0.000000,1.000000,0.000000,-1.000000
0.008281291,2,22,union,256,11,1.000000,1.000000,1.000000,{"1":11},1.000000,0.000000,0.000000,0.000000,1.000000,0.000000,-1.000000
0.008281291,2,22,snapshot,256,3126,1.000000,1.000000,1.000000,{"1":3126},1.000000,0.000000,0.000000,0.000000,1.000000,0.000000,-1.000000
0.008281291,2,22,read_only,1024,8,1.000000,1.000000,1.000000,{"1":8},1.000000,0.000000,0.000000,0.000000,1.000000,0.000000,-1.000000
0.008281291,2,22,union,1024,11,1.000000,1.000000,1.000000,{"1":11},1.000000,0.000000,0.000000,0.000000,1.000000,0.000000,-1.000000
0.008281291,2,22,snapshot,1024,3126,1.000000,1.000000,1.000000,{"1":3126},1.000000,0.000000,0.000000,0.000000,1.000000,0.000000,-1.000000
0.008281291,2,22,read_only,4096,2,1.000000,1.000000,1.000000,{"1":8},1.000000,0.000000,0.000000,0.000000,1.000000,0.000000,-1.000000
0.008281291,2,22,union,4096,5,1.000000,1.000000,1.000000,{"1":11},1.000000,0.000000,0.000000,0.000000,1.000000,0.000000,-1.000000
0.008281291,2,22,snapshot,4096,801,0.963795,0.990533,0.963795,{"1":3126},0.963795,0.036205,0.000000,0.000000,0.963795,0.000000,0.000000
0.008281291,2,22,read_only,16384,2,1.000000,1.000000,1.000000,{"1":8},1.000000,0.000000,0.000000,0.000000,1.000000,0.000000,-1.000000
0.008281291,2,22,union,16384,5,1.000000,1.000000,1.000000,{"1":11},1.000000,0.000000,0.000000,0.000000,1.000000,0.000000,-1.000000
0.008281291,2,22,snapshot,16384,216,0.791667,0.935237,0.791667,{"1":3126},0.791667,0.166667,0.041667,0.000000,0.791667,0.000000,0.000000
0.008516640,2,23,snapshot,64,3126,1.000000,1.000000,1.000000,{"1":3126},1.000000,0.000000,0.000000,0.000000,1.000000,0.000000,-1.000000
0.008516640,2,23,snapshot,256,3126,1.000000,1.000000,1.000000,{"1":3126},1.000000,0.000000,0.000000,0.000000,1.000000,0.000000,-1.000000
0.008516640,2,23,snapshot,1024,3126,1.000000,1.000000,1.000000,{"1":3126},1.000000,0.000000,0.000000,0.000000,1.000000,0.000000,-1.000000
0.008516640,2,23,snapshot,4096,801,0.963795,0.990533,0.963795,{"1":3126},0.963795,0.036205,0.000000,0.000000,0.963795,0.000000,0.000000
0.008516640,2,23,snapshot,16384,216,0.791667,0.935237,0.791667,{"1":3126},0.791667,0.166667,0.041667,0.000000,0.791667,0.000000,0.000000
0.008781707,2,24,read_only,64,56,1.000000,1.000000,1.000000,{"1":56},1.000000,0.000000,0.000000,0.000000,1.000000,0.000000,-1.000000
0.008781707,2,24,union,64,62,1.000000,1.000000,1.000000,{"1":62},1.000000,0.000000,0.000000,0.000000,1.000000,0.000000,-1.000000
0.008781707,2,24,snapshot,64,3182,1.000000,1.000000,1.000000,{"1":3182},1.000000,0.000000,0.000000,0.000000,1.000000,0.000000,-1.000000
0.008781707,2,24,read_only,256,56,1.000000,1.000000,1.000000,{"1":56},1.000000,0.000000,0.000000,0.000000,1.000000,0.000000,-1.000000
0.008781707,2,24,union,256,62,1.000000,1.000000,1.000000,{"1":62},1.000000,0.000000,0.000000,0.000000,1.000000,0.000000,-1.000000
0.008781707,2,24,snapshot,256,3182,1.000000,1.000000,1.000000,{"1":3182},1.000000,0.000000,0.000000,0.000000,1.000000,0.000000,-1.000000
0.008781707,2,24,read_only,1024,56,1.000000,1.000000,1.000000,{"1":56},1.000000,0.000000,0.000000,0.000000,1.000000,0.000000,-1.000000
0.008781707,2,24,union,1024,62,1.000000,1.000000,1.000000,{"1":62},1.000000,0.000000,0.000000,0.000000,1.000000,0.000000,-1.000000
0.008781707,2,24,snapshot,1024,3182,1.000000,1.000000,1.000000,{"1":3182},1.000000,0.000000,0.000000,0.000000,1.000000,0.000000,-1.000000
0.008781707,2,24,read_only,4096,16,1.000000,1.000000,1.000000,{"1":56},1.000000,0.000000,0.000000,0.000000,1.000000,0.000000,-1.000000
0.008781707,2,24,union,4096,20,1.000000,1.000000,1.000000,{"1":62},1.000000,0.000000,0.000000,0.000000,1.000000,0.000000,-1.000000
0.008781707,2,24,snapshot,4096,817,0.965728,0.991024,0.965728,{"1":3182},0.965728,0.034272,0.000000,0.000000,0.965728,0.000000,0.000000
0.008781707,2,24,read_only,16384,5,0.200000,0.796667,0.200000,{"1":56},0.200000,0.800000,0.000000,0.000000,0.200000,0.000000,0.000000
0.008781707,2,24,union,16384,8,0.500000,0.872917,0.500000,{"1":62},0.500000,0.500000,0.000000,0.000000,0.500000,0.000000,0.000000
0.008781707,2,24,snapshot,16384,221,0.782805,0.932385,0.782805,{"1":3182},0.782805,0.176471,0.040724,0.000000,0.782805,0.000000,0.000000
0.009016428,2,25,snapshot,64,3182,1.000000,1.000000,1.000000,{"1":3182},1.000000,0.000000,0.000000,0.000000,1.000000,0.000000,-1.000000
0.009016428,2,25,snapshot,256,3182,1.000000,1.000000,1.000000,{"1":3182},1.000000,0.000000,0.000000,0.000000,1.000000,0.000000,-1.000000
0.009016428,2,25,snapshot,1024,3182,1.000000,1.000000,1.000000,{"1":3182},1.000000,0.000000,0.000000,0.000000,1.000000,0.000000,-1.000000
0.009016428,2,25,snapshot,4096,817,0.965728,0.991024,0.965728,{"1":3182},0.965728,0.034272,0.000000,0.000000,0.965728,0.000000,0.000000
0.009016428,2,25,snapshot,16384,221,0.782805,0.932385,0.782805,{"1":3182},0.782805,0.176471,0.040724,0.000000,0.782805,0.000000,0.000000
0.009249923,2,26,snapshot,64,3182,1.000000,1.000000,1.000000,{"1":3182},1.000000,0.000000,0.000000,0.000000,1.000000,0.000000,-1.000000
0.009249923,2,26,snapshot,256,3182,1.000000,1.000000,1.000000,{"1":3182},1.000000,0.000000,0.000000,0.000000,1.000000,0.000000,-1.000000
0.009249923,2,26,snapshot,1024,3182,1.000000,1.000000,1.000000,{"1":3182},1.000000,0.000000,0.000000,0.000000,1.000000,0.000000,-1.000000
0.009249923,2,26,snapshot,4096,817,0.965728,0.991024,0.965728,{"1":3182},0.965728,0.034272,0.000000,0.000000,0.965728,0.000000,0.000000
0.009249923,2,26,snapshot,16384,221,0.782805,0.932385,0.782805,{"1":3182},0.782805,0.176471,0.040724,0.000000,0.782805,0.000000,0.000000
0.009865989,2,27,union,64,1,1.000000,1.000000,1.000000,{"1":1},1.000000,0.000000,0.000000,0.000000,1.000000,0.000000,-1.000000
0.009865989,2,27,snapshot,64,3182,1.000000,1.000000,1.000000,{"1":3182},1.000000,0.000000,0.000000,0.000000,1.000000,0.000000,-1.000000
0.009865989,2,27,union,256,1,1.000000,1.000000,1.000000,{"1":1},1.000000,0.000000,0.000000,0.000000,1.000000,0.000000,-1.000000
0.009865989,2,27,snapshot,256,3182,1.000000,1.000000,1.000000,{"1":3182},1.000000,0.000000,0.000000,0.000000,1.000000,0.000000,-1.000000
0.009865989,2,27,union,1024,1,1.000000,1.000000,1.000000,{"1":1},1.000000,0.000000,0.000000,0.000000,1.000000,0.000000,-1.000000
0.009865989,2,27,snapshot,1024,3182,1.000000,1.000000,1.000000,{"1":3182},1.000000,0.000000,0.000000,0.000000,1.000000,0.000000,-1.000000
0.009865989,2,27,union,4096,1,1.000000,1.000000,1.000000,{"1":1},1.000000,0.000000,0.000000,0.000000,1.000000,0.000000,-1.000000
0.009865989,2,27,snapshot,4096,817,0.965728,0.991024,0.965728,{"1":3182},0.965728,0.034272,0.000000,0.000000,0.965728,0.000000,0.000000
0.009865989,2,27,union,16384,1,1.000000,1.000000,1.000000,{"1":1},1.000000,0.000000,0.000000,0.000000,1.000000,0.000000,-1.000000
0.009865989,2,27,snapshot,16384,221,0.782805,0.932385,0.782805,{"1":3182},0.782805,0.176471,0.040724,0.000000,0.782805,0.000000,0.000000
0.010099214,2,28,snapshot,64,3182,1.000000,1.000000,1.000000,{"1":3182},1.000000,0.000000,0.000000,0.000000,1.000000,0.000000,-1.000000
0.010099214,2,28,snapshot,256,3182,1.000000,1.000000,1.000000,{"1":3182},1.000000,0.000000,0.000000,0.000000,1.000000,0.000000,-1.000000
0.010099214,2,28,snapshot,1024,3182,1.000000,1.000000,1.000000,{"1":3182},1.000000,0.000000,0.000000,0.000000,1.000000,0.000000,-1.000000
0.010099214,2,28,snapshot,4096,817,0.965728,0.991024,0.965728,{"1":3182},0.965728,0.034272,0.000000,0.000000,0.965728,0.000000,0.000000
0.010099214,2,28,snapshot,16384,221,0.782805,0.932385,0.782805,{"1":3182},0.782805,0.176471,0.040724,0.000000,0.782805,0.000000,0.000000
0.010331970,2,29,snapshot,64,3182,1.000000,1.000000,1.000000,{"1":3182},1.000000,0.000000,0.000000,0.000000,1.000000,0.000000,-1.000000
0.010331970,2,29,snapshot,256,3182,1.000000,1.000000,1.000000,{"1":3182},1.000000,0.000000,0.000000,0.000000,1.000000,0.000000,-1.000000
0.010331970,2,29,snapshot,1024,3182,1.000000,1.000000,1.000000,{"1":3182},1.000000,0.000000,0.000000,0.000000,1.000000,0.000000,-1.000000
0.010331970,2,29,snapshot,4096,817,0.965728,0.991024,0.965728,{"1":3182},0.965728,0.034272,0.000000,0.000000,0.965728,0.000000,0.000000
0.010331970,2,29,snapshot,16384,221,0.782805,0.932385,0.782805,{"1":3182},0.782805,0.176471,0.040724,0.000000,0.782805,0.000000,0.000000
0.010565289,2,30,snapshot,64,3182,1.000000,1.000000,1.000000,{"1":3182},1.000000,0.000000,0.000000,0.000000,1.000000,0.000000,-1.000000
0.010565289,2,30,snapshot,256,3182,1.000000,1.000000,1.000000,{"1":3182},1.000000,0.000000,0.000000,0.000000,1.000000,0.000000,-1.000000
0.010565289,2,30,snapshot,1024,3182,1.000000,1.000000,1.000000,{"1":3182},1.000000,0.000000,0.000000,0.000000,1.000000,0.000000,-1.000000
0.010565289,2,30,snapshot,4096,817,0.965728,0.991024,0.965728,{"1":3182},0.965728,0.034272,0.000000,0.000000,0.965728,0.000000,0.000000
0.010565289,2,30,snapshot,16384,221,0.782805,0.932385,0.782805,{"1":3182},0.782805,0.176471,0.040724,0.000000,0.782805,0.000000,0.000000
0.010798738,2,31,snapshot,64,3182,1.000000,1.000000,1.000000,{"1":3182},1.000000,0.000000,0.000000,0.000000,1.000000,0.000000,-1.000000
0.010798738,2,31,snapshot,256,3182,1.000000,1.000000,1.000000,{"1":3182},1.000000,0.000000,0.000000,0.000000,1.000000,0.000000,-1.000000
0.010798738,2,31,snapshot,1024,3182,1.000000,1.000000,1.000000,{"1":3182},1.000000,0.000000,0.000000,0.000000,1.000000,0.000000,-1.000000
0.010798738,2,31,snapshot,4096,817,0.965728,0.991024,0.965728,{"1":3182},0.965728,0.034272,0.000000,0.000000,0.965728,0.000000,0.000000
0.010798738,2,31,snapshot,16384,221,0.782805,0.932385,0.782805,{"1":3182},0.782805,0.176471,0.040724,0.000000,0.782805,0.000000,0.000000
0.011038976,2,32,read_only,64,7,1.000000,1.000000,1.000000,{"1":7},1.000000,0.000000,0.000000,0.000000,1.000000,0.000000,-1.000000
0.011038976,2,32,union,64,9,1.000000,1.000000,1.000000,{"1":9},1.000000,0.000000,0.000000,0.000000,1.000000,0.000000,-1.000000
0.011038976,2,32,snapshot,64,3189,1.000000,1.000000,1.000000,{"1":3189},1.000000,0.000000,0.000000,0.000000,1.000000,0.000000,-1.000000
0.011038976,2,32,read_only,256,7,1.000000,1.000000,1.000000,{"1":7},1.000000,0.000000,0.000000,0.000000,1.000000,0.000000,-1.000000
0.011038976,2,32,union,256,9,1.000000,1.000000,1.000000,{"1":9},1.000000,0.000000,0.000000,0.000000,1.000000,0.000000,-1.000000
0.011038976,2,32,snapshot,256,3189,1.000000,1.000000,1.000000,{"1":3189},1.000000,0.000000,0.000000,0.000000,1.000000,0.000000,-1.000000
0.011038976,2,32,read_only,1024,7,1.000000,1.000000,1.000000,{"1":7},1.000000,0.000000,0.000000,0.000000,1.000000,0.000000,-1.000000
0.011038976,2,32,union,1024,9,1.000000,1.000000,1.000000,{"1":9},1.000000,0.000000,0.000000,0.000000,1.000000,0.000000,-1.000000
0.011038976,2,32,snapshot,1024,3189,1.000000,1.000000,1.000000,{"1":3189},1.000000,0.000000,0.000000,0.000000,1.000000,0.000000,-1.000000
0.011038976,2,32,read_only,4096,2,1.000000,1.000000,1.000000,{"1":7},1.000000,0.000000,0.000000,0.000000,1.000000,0.000000,-1.000000
0.011038976,2,32,union,4096,3,1.000000,1.000000,1.000000,{"1":9},1.000000,0.000000,0.000000,0.000000,1.000000,0.000000,-1.000000
0.011038976,2,32,snapshot,4096,819,0.965812,0.991046,0.965812,{"1":3189},0.965812,0.034188,0.000000,0.000000,0.965812,0.000000,0.000000
0.011038976,2,32,read_only,16384,1,0.000000,0.571429,0.000000,{"1":7},0.000000,1.000000,0.000000,0.000000,0.000000,0.000000,0.000000
0.011038976,2,32,union,16384,2,0.500000,0.785714,0.500000,{"1":9},0.500000,0.500000,0.000000,0.000000,0.500000,0.000000,0.000000
0.011038976,2,32,snapshot,16384,222,0.779279,0.930759,0.779279,{"1":3189},0.779279,0.180180,0.040541,0.000000,0.779279,0.000000,0.000000
0.011273076,2,33,snapshot,64,3189,1.000000,1.000000,1.000000,{"1":3189},1.000000,0.000000,0.000000,0.000000,1.000000,0.000000,-1.000000
0.011273076,2,33,snapshot,256,3189,1.000000,1.000000,1.000000,{"1":3189},1.000000,0.000000,0.000000,0.000000,1.000000,0.000000,-1.000000
0.011273076,2,33,snapshot,1024,3189,1.000000,1.000000,1.000000,{"1":3189},1.000000,0.000000,0.000000,0.000000,1.000000,0.000000,-1.000000
0.011273076,2,33,snapshot,4096,819,0.965812,0.991046,0.965812,{"1":3189},0.965812,0.034188,0.000000,0.000000,0.965812,0.000000,0.000000
0.011273076,2,33,snapshot,16384,222,0.779279,0.930759,0.779279,{"1":3189},0.779279,0.180180,0.040541,0.000000,0.779279,0.000000,0.000000
0.011505289,2,34,snapshot,64,3189,1.000000,1.000000,1.000000,{"1":3189},1.000000,0.000000,0.000000,0.000000,1.000000,0.000000,-1.000000
0.011505289,2,34,snapshot,256,3189,1.000000,1.000000,1.000000,{"1":3189},1.000000,0.000000,0.000000,0.000000,1.000000,0.000000,-1.000000
0.011505289,2,34,snapshot,1024,3189,1.000000,1.000000,1.000000,{"1":3189},1.000000,0.000000,0.000000,0.000000,1.000000,0.000000,-1.000000
0.011505289,2,34,snapshot,4096,819,0.965812,0.991046,0.965812,{"1":3189},0.965812,0.034188,0.000000,0.000000,0.965812,0.000000,0.000000
0.011505289,2,34,snapshot,16384,222,0.779279,0.930759,0.779279,{"1":3189},0.779279,0.180180,0.040541,0.000000,0.779279,0.000000,0.000000
0.011816314,2,35,snapshot,64,3189,1.000000,1.000000,1.000000,{"1":3189},1.000000,0.000000,0.000000,0.000000,1.000000,0.000000,-1.000000
0.011816314,2,35,snapshot,256,3189,1.000000,1.000000,1.000000,{"1":3189},1.000000,0.000000,0.000000,0.000000,1.000000,0.000000,-1.000000
0.011816314,2,35,snapshot,1024,3189,1.000000,1.000000,1.000000,{"1":3189},1.000000,0.000000,0.000000,0.000000,1.000000,0.000000,-1.000000
0.011816314,2,35,snapshot,4096,819,0.965812,0.991046,0.965812,{"1":3189},0.965812,0.034188,0.000000,0.000000,0.965812,0.000000,0.000000
0.011816314,2,35,snapshot,16384,222,0.779279,0.930759,0.779279,{"1":3189},0.779279,0.180180,0.040541,0.000000,0.779279,0.000000,0.000000
0.012049029,2,36,snapshot,64,3189,1.000000,1.000000,1.000000,{"1":3189},1.000000,0.000000,0.000000,0.000000,1.000000,0.000000,-1.000000
0.012049029,2,36,snapshot,256,3189,1.000000,1.000000,1.000000,{"1":3189},1.000000,0.000000,0.000000,0.000000,1.000000,0.000000,-1.000000
0.012049029,2,36,snapshot,1024,3189,1.000000,1.000000,1.000000,{"1":3189},1.000000,0.000000,0.000000,0.000000,1.000000,0.000000,-1.000000
0.012049029,2,36,snapshot,4096,819,0.965812,0.991046,0.965812,{"1":3189},0.965812,0.034188,0.000000,0.000000,0.965812,0.000000,0.000000
0.012049029,2,36,snapshot,16384,222,0.779279,0.930759,0.779279,{"1":3189},0.779279,0.180180,0.040541,0.000000,0.779279,0.000000,0.000000
0.012282310,2,37,snapshot,64,3189,1.000000,1.000000,1.000000,{"1":3189},1.000000,0.000000,0.000000,0.000000,1.000000,0.000000,-1.000000
0.012282310,2,37,snapshot,256,3189,1.000000,1.000000,1.000000,{"1":3189},1.000000,0.000000,0.000000,0.000000,1.000000,0.000000,-1.000000
0.012282310,2,37,snapshot,1024,3189,1.000000,1.000000,1.000000,{"1":3189},1.000000,0.000000,0.000000,0.000000,1.000000,0.000000,-1.000000
0.012282310,2,37,snapshot,4096,819,0.965812,0.991046,0.965812,{"1":3189},0.965812,0.034188,0.000000,0.000000,0.965812,0.000000,0.000000
0.012282310,2,37,snapshot,16384,222,0.779279,0.930759,0.779279,{"1":3189},0.779279,0.180180,0.040541,0.000000,0.779279,0.000000,0.000000
0.012516048,2,38,union,64,2,1.000000,1.000000,1.000000,{"1":2},1.000000,0.000000,0.000000,0.000000,1.000000,0.000000,-1.000000
0.012516048,2,38,snapshot,64,3189,1.000000,1.000000,1.000000,{"1":3189},1.000000,0.000000,0.000000,0.000000,1.000000,0.000000,-1.000000
0.012516048,2,38,union,256,2,1.000000,1.000000,1.000000,{"1":2},1.000000,0.000000,0.000000,0.000000,1.000000,0.000000,-1.000000
0.012516048,2,38,snapshot,256,3189,1.000000,1.000000,1.000000,{"1":3189},1.000000,0.000000,0.000000,0.000000,1.000000,0.000000,-1.000000
0.012516048,2,38,union,1024,2,1.000000,1.000000,1.000000,{"1":2},1.000000,0.000000,0.000000,0.000000,1.000000,0.000000,-1.000000
0.012516048,2,38,snapshot,1024,3189,1.000000,1.000000,1.000000,{"1":3189},1.000000,0.000000,0.000000,0.000000,1.000000,0.000000,-1.000000
0.012516048,2,38,union,4096,2,1.000000,1.000000,1.000000,{"1":2},1.000000,0.000000,0.000000,0.000000,1.000000,0.000000,-1.000000
0.012516048,2,38,snapshot,4096,819,0.965812,0.991046,0.965812,{"1":3189},0.965812,0.034188,0.000000,0.000000,0.965812,0.000000,0.000000
0.012516048,2,38,union,16384,2,1.000000,1.000000,1.000000,{"1":2},1.000000,0.000000,0.000000,0.000000,1.000000,0.000000,-1.000000
0.012516048,2,38,snapshot,16384,222,0.779279,0.930759,0.779279,{"1":3189},0.779279,0.180180,0.040541,0.000000,0.779279,0.000000,0.000000
0.012748309,2,39,snapshot,64,3189,1.000000,1.000000,1.000000,{"1":3189},1.000000,0.000000,0.000000,0.000000,1.000000,0.000000,-1.000000
0.012748309,2,39,snapshot,256,3189,1.000000,1.000000,1.000000,{"1":3189},1.000000,0.000000,0.000000,0.000000,1.000000,0.000000,-1.000000
0.012748309,2,39,snapshot,1024,3189,1.000000,1.000000,1.000000,{"1":3189},1.000000,0.000000,0.000000,0.000000,1.000000,0.000000,-1.000000
0.012748309,2,39,snapshot,4096,819,0.965812,0.991046,0.965812,{"1":3189},0.965812,0.034188,0.000000,0.000000,0.965812,0.000000,0.000000
0.012748309,2,39,snapshot,16384,222,0.779279,0.930759,0.779279,{"1":3189},0.779279,0.180180,0.040541,0.000000,0.779279,0.000000,0.000000
0.012983852,2,40,union,64,1,1.000000,1.000000,1.000000,{"1":1},1.000000,0.000000,0.000000,0.000000,1.000000,0.000000,-1.000000
0.012983852,2,40,snapshot,64,3189,1.000000,1.000000,1.000000,{"1":3189},1.000000,0.000000,0.000000,0.000000,1.000000,0.000000,-1.000000
0.012983852,2,40,union,256,1,1.000000,1.000000,1.000000,{"1":1},1.000000,0.000000,0.000000,0.000000,1.000000,0.000000,-1.000000
0.012983852,2,40,snapshot,256,3189,1.000000,1.000000,1.000000,{"1":3189},1.000000,0.000000,0.000000,0.000000,1.000000,0.000000,-1.000000
0.012983852,2,40,union,1024,1,1.000000,1.000000,1.000000,{"1":1},1.000000,0.000000,0.000000,0.000000,1.000000,0.000000,-1.000000
0.012983852,2,40,snapshot,1024,3189,1.000000,1.000000,1.000000,{"1":3189},1.000000,0.000000,0.000000,0.000000,1.000000,0.000000,-1.000000
0.012983852,2,40,union,4096,1,1.000000,1.000000,1.000000,{"1":1},1.000000,0.000000,0.000000,0.000000,1.000000,0.000000,-1.000000
0.012983852,2,40,snapshot,4096,819,0.965812,0.991046,0.965812,{"1":3189},0.965812,0.034188,0.000000,0.000000,0.965812,0.000000,0.000000
0.012983852,2,40,union,16384,1,1.000000,1.000000,1.000000,{"1":1},1.000000,0.000000,0.000000,0.000000,1.000000,0.000000,-1.000000
0.012983852,2,40,snapshot,16384,222,0.779279,0.930759,0.779279,{"1":3189},0.779279,0.180180,0.040541,0.000000,0.779279,0.000000,0.000000
0.013217200,2,41,snapshot,64,3189,1.000000,1.000000,1.000000,{"1":3189},1.000000,0.000000,0.000000,0.000000,1.000000,0.000000,-1.000000
0.013217200,2,41,snapshot,256,3189,1.000000,1.000000,1.000000,{"1":3189},1.000000,0.000000,0.000000,0.000000,1.000000,0.000000,-1.000000
0.013217200,2,41,snapshot,1024,3189,1.000000,1.000000,1.000000,{"1":3189},1.000000,0.000000,0.000000,0.000000,1.000000,0.000000,-1.000000
0.013217200,2,41,snapshot,4096,819,0.965812,0.991046,0.965812,{"1":3189},0.965812,0.034188,0.000000,0.000000,0.965812,0.000000,0.000000
0.013217200,2,41,snapshot,16384,222,0.779279,0.930759,0.779279,{"1":3189},0.779279,0.180180,0.040541,0.000000,0.779279,0.000000,0.000000
0.013452869,2,42,snapshot,64,3189,1.000000,1.000000,1.000000,{"1":3189},1.000000,0.000000,0.000000,0.000000,1.000000,0.000000,-1.000000
0.013452869,2,42,snapshot,256,3189,1.000000,1.000000,1.000000,{"1":3189},1.000000,0.000000,0.000000,0.000000,1.000000,0.000000,-1.000000
0.013452869,2,42,snapshot,1024,3189,1.000000,1.000000,1.000000,{"1":3189},1.000000,0.000000,0.000000,0.000000,1.000000,0.000000,-1.000000
0.013452869,2,42,snapshot,4096,819,0.965812,0.991046,0.965812,{"1":3189},0.965812,0.034188,0.000000,0.000000,0.965812,0.000000,0.000000
0.013452869,2,42,snapshot,16384,222,0.779279,0.930759,0.779279,{"1":3189},0.779279,0.180180,0.040541,0.000000,0.779279,0.000000,0.000000
0.013703498,2,43,snapshot,64,3189,1.000000,1.000000,1.000000,{"1":3189},1.000000,0.000000,0.000000,0.000000,1.000000,0.000000,-1.000000
0.013703498,2,43,snapshot,256,3189,1.000000,1.000000,1.000000,{"1":3189},1.000000,0.000000,0.000000,0.000000,1.000000,0.000000,-1.000000
0.013703498,2,43,snapshot,1024,3189,1.000000,1.000000,1.000000,{"1":3189},1.000000,0.000000,0.000000,0.000000,1.000000,0.000000,-1.000000
0.013703498,2,43,snapshot,4096,819,0.965812,0.991046,0.965812,{"1":3189},0.965812,0.034188,0.000000,0.000000,0.965812,0.000000,0.000000
0.013703498,2,43,snapshot,16384,222,0.779279,0.930759,0.779279,{"1":3189},0.779279,0.180180,0.040541,0.000000,0.779279,0.000000,0.000000
0.013935752,2,44,snapshot,64,3189,1.000000,1.000000,1.000000,{"1":3189},1.000000,0.000000,0.000000,0.000000,1.000000,0.000000,-1.000000
0.013935752,2,44,snapshot,256,3189,1.000000,1.000000,1.000000,{"1":3189},1.000000,0.000000,0.000000,0.000000,1.000000,0.000000,-1.000000
0.013935752,2,44,snapshot,1024,3189,1.000000,1.000000,1.000000,{"1":3189},1.000000,0.000000,0.000000,0.000000,1.000000,0.000000,-1.000000
0.013935752,2,44,snapshot,4096,819,0.965812,0.991046,0.965812,{"1":3189},0.965812,0.034188,0.000000,0.000000,0.965812,0.000000,0.000000
0.013935752,2,44,snapshot,16384,222,0.779279,0.930759,0.779279,{"1":3189},0.779279,0.180180,0.040541,0.000000,0.779279,0.000000,0.000000
0.014217073,2,45,snapshot,64,3189,1.000000,1.000000,1.000000,{"1":3189},1.000000,0.000000,0.000000,0.000000,1.000000,0.000000,-1.000000
0.014217073,2,45,snapshot,256,3189,1.000000,1.000000,1.000000,{"1":3189},1.000000,0.000000,0.000000,0.000000,1.000000,0.000000,-1.000000
0.014217073,2,45,snapshot,1024,3189,1.000000,1.000000,1.000000,{"1":3189},1.000000,0.000000,0.000000,0.000000,1.000000,0.000000,-1.000000
0.014217073,2,45,snapshot,4096,819,0.965812,0.991046,0.965812,{"1":3189},0.965812,0.034188,0.000000,0.000000,0.965812,0.000000,0.000000
0.014217073,2,45,snapshot,16384,222,0.779279,0.930759,0.779279,{"1":3189},0.779279,0.180180,0.040541,0.000000,0.779279,0.000000,0.000000
0.014450458,2,46,snapshot,64,3189,1.000000,1.000000,1.000000,{"1":3189},1.000000,0.000000,0.000000,0.000000,1.000000,0.000000,-1.000000
0.014450458,2,46,snapshot,256,3189,1.000000,1.000000,1.000000,{"1":3189},1.000000,0.000000,0.000000,0.000000,1.000000,0.000000,-1.000000
0.014450458,2,46,snapshot,1024,3189,1.000000,1.000000,1.000000,{"1":3189},1.000000,0.000000,0.000000,0.000000,1.000000,0.000000,-1.000000
0.014450458,2,46,snapshot,4096,819,0.965812,0.991046,0.965812,{"1":3189},0.965812,0.034188,0.000000,0.000000,0.965812,0.000000,0.000000
0.014450458,2,46,snapshot,16384,222,0.779279,0.930759,0.779279,{"1":3189},0.779279,0.180180,0.040541,0.000000,0.779279,0.000000,0.000000
0.020393175,2,69,read_only,64,17,1.000000,1.000000,1.000000,{"1":17},1.000000,0.000000,0.000000,0.000000,1.000000,0.000000,-1.000000
0.020393175,2,69,union,64,17,1.000000,1.000000,1.000000,{"1":17},1.000000,0.000000,0.000000,0.000000,1.000000,0.000000,-1.000000
0.020393175,2,69,snapshot,64,17,1.000000,1.000000,1.000000,{"1":17},1.000000,0.000000,0.000000,0.000000,1.000000,0.000000,-1.000000
0.020393175,2,69,read_only,256,17,1.000000,1.000000,1.000000,{"1":17},1.000000,0.000000,0.000000,0.000000,1.000000,0.000000,-1.000000
0.020393175,2,69,union,256,17,1.000000,1.000000,1.000000,{"1":17},1.000000,0.000000,0.000000,0.000000,1.000000,0.000000,-1.000000
0.020393175,2,69,snapshot,256,17,1.000000,1.000000,1.000000,{"1":17},1.000000,0.000000,0.000000,0.000000,1.000000,0.000000,-1.000000
0.020393175,2,69,read_only,1024,17,1.000000,1.000000,1.000000,{"1":17},1.000000,0.000000,0.000000,0.000000,1.000000,0.000000,-1.000000
0.020393175,2,69,union,1024,17,1.000000,1.000000,1.000000,{"1":17},1.000000,0.000000,0.000000,0.000000,1.000000,0.000000,-1.000000
0.020393175,2,69,snapshot,1024,17,1.000000,1.000000,1.000000,{"1":17},1.000000,0.000000,0.000000,0.000000,1.000000,0.000000,-1.000000
0.020393175,2,69,read_only,4096,5,1.000000,1.000000,1.000000,{"1":17},1.000000,0.000000,0.000000,0.000000,1.000000,0.000000,-1.000000
0.020393175,2,69,union,4096,5,1.000000,1.000000,1.000000,{"1":17},1.000000,0.000000,0.000000,0.000000,1.000000,0.000000,-1.000000
0.020393175,2,69,snapshot,4096,5,1.000000,1.000000,1.000000,{"1":17},1.000000,0.000000,0.000000,0.000000,1.000000,0.000000,-1.000000
0.020393175,2,69,read_only,16384,3,0.333333,0.666667,0.333333,{"1":17},0.333333,0.666667,0.000000,0.000000,0.333333,0.000000,0.000000
0.020393175,2,69,union,16384,3,0.333333,0.666667,0.333333,{"1":17},0.333333,0.666667,0.000000,0.000000,0.333333,0.000000,0.000000
0.020393175,2,69,snapshot,16384,3,0.333333,0.666667,0.333333,{"1":17},0.333333,0.666667,0.000000,0.000000,0.333333,0.000000,0.000000
0.020692634,2,70,snapshot,64,17,1.000000,1.000000,1.000000,{"1":17},1.000000,0.000000,0.000000,0.000000,1.000000,0.000000,-1.000000
0.020692634,2,70,snapshot,256,17,1.000000,1.000000,1.000000,{"1":17},1.000000,0.000000,0.000000,0.000000,1.000000,0.000000,-1.000000
0.020692634,2,70,snapshot,1024,17,1.000000,1.000000,1.000000,{"1":17},1.000000,0.000000,0.000000,0.000000,1.000000,0.000000,-1.000000
0.020692634,2,70,snapshot,4096,5,1.000000,1.000000,1.000000,{"1":17},1.000000,0.000000,0.000000,0.000000,1.000000,0.000000,-1.000000
0.020692634,2,70,snapshot,16384,3,0.333333,0.666667,0.333333,{"1":17},0.333333,0.666667,0.000000,0.000000,0.333333,0.000000,0.000000
0.020925674,2,71,snapshot,64,17,1.000000,1.000000,1.000000,{"1":17},1.000000,0.000000,0.000000,0.000000,1.000000,0.000000,-1.000000
0.020925674,2,71,snapshot,256,17,1.000000,1.000000,1.000000,{"1":17},1.000000,0.000000,0.000000,0.000000,1.000000,0.000000,-1.000000
0.020925674,2,71,snapshot,1024,17,1.000000,1.000000,1.000000,{"1":17},1.000000,0.000000,0.000000,0.000000,1.000000,0.000000,-1.000000
0.020925674,2,71,snapshot,4096,5,1.000000,1.000000,1.000000,{"1":17},1.000000,0.000000,0.000000,0.000000,1.000000,0.000000,-1.000000
0.020925674,2,71,snapshot,16384,3,0.333333,0.666667,0.333333,{"1":17},0.333333,0.666667,0.000000,0.000000,0.333333,0.000000,0.000000
0.021187164,2,72,read_only,64,14,1.000000,1.000000,1.000000,{"1":14},1.000000,0.000000,0.000000,0.000000,1.000000,0.000000,-1.000000
0.021187164,2,72,union,64,14,1.000000,1.000000,1.000000,{"1":14},1.000000,0.000000,0.000000,0.000000,1.000000,0.000000,-1.000000
0.021187164,2,72,snapshot,64,14,1.000000,1.000000,1.000000,{"1":14},1.000000,0.000000,0.000000,0.000000,1.000000,0.000000,-1.000000
0.021187164,2,72,read_only,256,14,1.000000,1.000000,1.000000,{"1":14},1.000000,0.000000,0.000000,0.000000,1.000000,0.000000,-1.000000
0.021187164,2,72,union,256,14,1.000000,1.000000,1.000000,{"1":14},1.000000,0.000000,0.000000,0.000000,1.000000,0.000000,-1.000000
0.021187164,2,72,snapshot,256,14,1.000000,1.000000,1.000000,{"1":14},1.000000,0.000000,0.000000,0.000000,1.000000,0.000000,-1.000000
0.021187164,2,72,read_only,1024,14,1.000000,1.000000,1.000000,{"1":14},1.000000,0.000000,0.000000,0.000000,1.000000,0.000000,-1.000000
0.021187164,2,72,union,1024,14,1.000000,1.000000,1.000000,{"1":14},1.000000,0.000000,0.000000,0.000000,1.000000,0.000000,-1.000000
0.021187164,2,72,snapshot,1024,14,1.000000,1.000000,1.000000,{"1":14},1.000000,0.000000,0.000000,0.000000,1.000000,0.000000,-1.000000
0.021187164,2,72,read_only,4096,4,1.000000,1.000000,1.000000,{"1":14},1.000000,0.000000,0.000000,0.000000,1.000000,0.000000,-1.000000
0.021187164,2,72,union,4096,4,1.000000,1.000000,1.000000,{"1":14},1.000000,0.000000,0.000000,0.000000,1.000000,0.000000,-1.000000
0.021187164,2,72,snapshot,4096,4,1.000000,1.000000,1.000000,{"1":14},1.000000,0.000000,0.000000,0.000000,1.000000,0.000000,-1.000000
0.021187164,2,72,read_only,16384,3,0.666667,0.888889,0.666667,{"1":14},0.666667,0.333333,0.000000,0.000000,0.666667,0.000000,0.000000
0.021187164,2,72,union,16384,3,0.666667,0.888889,0.666667,{"1":14},0.666667,0.333333,0.000000,0.000000,0.666667,0.000000,0.000000
0.021187164,2,72,snapshot,16384,3,0.666667,0.888889,0.666667,{"1":14},0.666667,0.333333,0.000000,0.000000,0.666667,0.000000,0.000000
0.021426822,2,73,snapshot,64,14,1.000000,1.000000,1.000000,{"1":14},1.000000,0.000000,0.000000,0.000000,1.000000,0.000000,-1.000000
0.021426822,2,73,snapshot,256,14,1.000000,1.000000,1.000000,{"1":14},1.000000,0.000000,0.000000,0.000000,1.000000,0.000000,-1.000000
0.021426822,2,73,snapshot,1024,14,1.000000,1.000000,1.000000,{"1":14},1.000000,0.000000,0.000000,0.000000,1.000000,0.000000,-1.000000
0.021426822,2,73,snapshot,4096,4,1.000000,1.000000,1.000000,{"1":14},1.000000,0.000000,0.000000,0.000000,1.000000,0.000000,-1.000000
0.021426822,2,73,snapshot,16384,3,0.666667,0.888889,0.666667,{"1":14},0.666667,0.333333,0.000000,0.000000,0.666667,0.000000,0.000000
0.021763200,2,74,read_only,64,32,1.000000,1.000000,1.000000,{"1":32},1.000000,0.000000,0.000000,0.000000,1.000000,0.000000,-1.000000
0.021763200,2,74,union,64,32,1.000000,1.000000,1.000000,{"1":32},1.000000,0.000000,0.000000,0.000000,1.000000,0.000000,-1.000000
0.021763200,2,74,snapshot,64,46,1.000000,1.000000,1.000000,{"1":46},1.000000,0.000000,0.000000,0.000000,1.000000,0.000000,-1.000000
0.021763200,2,74,read_only,256,32,1.000000,1.000000,1.000000,{"1":32},1.000000,0.000000,0.000000,0.000000,1.000000,0.000000,-1.000000
0.021763200,2,74,union,256,32,1.000000,1.000000,1.000000,{"1":32},1.000000,0.000000,0.000000,0.000000,1.000000,0.000000,-1.000000
0.021763200,2,74,snapshot,256,46,1.000000,1.000000,1.000000,{"1":46},1.000000,0.000000,0.000000,0.000000,1.000000,0.000000,-1.000000
0.021763200,2,74,read_only,1024,32,1.000000,1.000000,1.000000,{"1":32},1.000000,0.000000,0.000000,0.000000,1.000000,0.000000,-1.000000
0.021763200,2,74,union,1024,32,1.000000,1.000000,1.000000,{"1":32},1.000000,0.000000,0.000000,0.000000,1.000000,0.000000,-1.000000
0.021763200,2,74,snapshot,1024,46,1.000000,1.000000,1.000000,{"1":46},1.000000,0.000000,0.000000,0.000000,1.000000,0.000000,-1.000000
0.021763200,2,74,read_only,4096,8,0.750000,0.906250,0.750000,{"1":32},0.750000,0.250000,0.000000,0.000000,0.750000,0.000000,0.000000
0.021763200,2,74,union,4096,8,0.750000,0.906250,0.750000,{"1":32},0.750000,0.250000,0.000000,0.000000,0.750000,0.000000,0.000000
0.021763200,2,74,snapshot,4096,12,0.833333,0.937500,0.833333,{"1":46},0.833333,0.166667,0.000000,0.000000,0.833333,0.000000,0.000000
0.021763200,2,74,read_only,16384,5,0.200000,0.683333,0.200000,{"1":32},0.200000,0.800000,0.000000,0.000000,0.200000,0.000000,0.000000
0.021763200,2,74,union,16384,5,0.200000,0.683333,0.200000,{"1":32},0.200000,0.800000,0.000000,0.000000,0.200000,0.000000,0.000000
0.021763200,2,74,snapshot,16384,7,0.428571,0.788095,0.428571,{"1":46},0.428571,0.571429,0.000000,0.000000,0.428571,0.000000,0.000000
0.022008948,2,75,read_only,64,5,1.000000,1.000000,1.000000,{"1":5},1.000000,0.000000,0.000000,0.000000,1.000000,0.000000,-1.000000
0.022008948,2,75,union,64,5,1.000000,1.000000,1.000000,{"1":5},1.000000,0.000000,0.000000,0.000000,1.000000,0.000000,-1.000000
0.022008948,2,75,snapshot,64,51,1.000000,1.000000,1.000000,{"1":51},1.000000,0.000000,0.000000,0.000000,1.000000,0.000000,-1.000000
0.022008948,2,75,read_only,256,5,1.000000,1.000000,1.000000,{"1":5},1.000000,0.000000,0.000000,0.000000,1.000000,0.000000,-1.000000
0.022008948,2,75,union,256,5,1.000000,1.000000,1.000000,{"1":5},1.000000,0.000000,0.000000,0.000000,1.000000,0.000000,-1.000000
0.022008948,2,75,snapshot,256,51,1.000000,1.000000,1.000000,{"1":51},1.000000,0.000000,0.000000,0.000000,1.000000,0.000000,-1.000000
0.022008948,2,75,read_only,1024,5,1.000000,1.000000,1.000000,{"1":5},1.000000,0.000000,0.000000,0.000000,1.000000,0.000000,-1.000000
0.022008948,2,75,union,1024,5,1.000000,1.000000,1.000000,{"1":5},1.000000,0.000000,0.000000,0.000000,1.000000,0.000000,-1.000000
0.022008948,2,75,snapshot,1024,51,1.000000,1.000000,1.000000,{"1":51},1.000000,0.000000,0.000000,0.000000,1.000000,0.000000,-1.000000
0.022008948,2,75,read_only,4096,2,1.000000,1.000000,1.000000,{"1":5},1.000000,0.000000,0.000000,0.000000,1.000000,0.000000,-1.000000
0.022008948,2,75,union,4096,2,1.000000,1.000000,1.000000,{"1":5},1.000000,0.000000,0.000000,0.000000,1.000000,0.000000,-1.000000
0.022008948,2,75,snapshot,4096,14,0.857143,0.946429,0.857143,{"1":51},0.857143,0.142857,0.000000,0.000000,0.857143,0.000000,0.000000
0.022008948,2,75,read_only,16384,1,0.000000,0.800000,0.000000,{"1":5},0.000000,1.000000,0.000000,0.000000,0.000000,0.000000,0.000000
0.022008948,2,75,union,16384,1,0.000000,0.800000,0.000000,{"1":5},0.000000,1.000000,0.000000,0.000000,0.000000,0.000000,0.000000
0.022008948,2,75,snapshot,16384,8,0.375000,0.789583,0.375000,{"1":51},0.375000,0.625000,0.000000,0.000000,0.375000,0.000000,0.000000
0.022276654,2,76,read_only,64,10,1.000000,1.000000,1.000000,{"1":10},1.000000,0.000000,0.000000,0.000000,1.000000,0.000000,-1.000000
0.022276654,2,76,union,64,10,1.000000,1.000000,1.000000,{"1":10},1.000000,0.000000,0.000000,0.000000,1.000000,0.000000,-1.000000
0.022276654,2,76,snapshot,64,61,1.000000,1.000000,1.000000,{"1":61},1.000000,0.000000,0.000000,0.000000,1.000000,0.000000,-1.000000
0.022276654,2,76,read_only,256,10,1.000000,1.000000,1.000000,{"1":10},1.000000,0.000000,0.000000,0.000000,1.000000,0.000000,-1.000000
0.022276654,2,76,union,256,10,1.000000,1.000000,1.000000,{"1":10},1.000000,0.000000,0.000000,0.000000,1.000000,0.000000,-1.000000
0.022276654,2,76,snapshot,256,61,1.000000,1.000000,1.000000,{"1":61},1.000000,0.000000,0.000000,0.000000,1.000000,0.000000,-1.000000
0.022276654,2,76,read_only,1024,10,1.000000,1.000000,1.000000,{"1":10},1.000000,0.000000,0.000000,0.000000,1.000000,0.000000,-1.000000
0.022276654,2,76,union,1024,10,1.000000,1.000000,1.000000,{"1":10},1.000000,0.000000,0.000000,0.000000,1.000000,0.000000,-1.000000
0.022276654,2,76,snapshot,1024,61,1.000000,1.000000,1.000000,{"1":61},1.000000,0.000000,0.000000,0.000000,1.000000,0.000000,-1.000000
0.022276654,2,76,read_only,4096,3,1.000000,1.000000,1.000000,{"1":10},1.000000,0.000000,0.000000,0.000000,1.000000,0.000000,-1.000000
0.022276654,2,76,union,4096,3,1.000000,1.000000,1.000000,{"1":10},1.000000,0.000000,0.000000,0.000000,1.000000,0.000000,-1.000000
0.022276654,2,76,snapshot,4096,16,0.875000,0.953125,0.875000,{"1":61},0.875000,0.125000,0.000000,0.000000,0.875000,0.000000,0.000000
0.022276654,2,76,read_only,16384,1,1.000000,1.000000,1.000000,{"1":10},1.000000,0.000000,0.000000,0.000000,1.000000,0.000000,-1.000000
0.022276654,2,76,union,16384,1,1.000000,1.000000,1.000000,{"1":10},1.000000,0.000000,0.000000,0.000000,1.000000,0.000000,-1.000000
0.022276654,2,76,snapshot,16384,8,0.375000,0.781250,0.375000,{"1":61},0.375000,0.625000,0.000000,0.000000,0.375000,0.000000,0.000000
0.022593362,2,77,read_only,64,140,1.000000,1.000000,1.000000,{"1":140},1.000000,0.000000,0.000000,0.000000,1.000000,0.000000,-1.000000
0.022593362,2,77,union,64,140,1.000000,1.000000,1.000000,{"1":140},1.000000,0.000000,0.000000,0.000000,1.000000,0.000000,-1.000000
0.022593362,2,77,snapshot,64,201,1.000000,1.000000,1.000000,{"1":201},1.000000,0.000000,0.000000,0.000000,1.000000,0.000000,-1.000000
0.022593362,2,77,read_only,256,140,1.000000,1.000000,1.000000,{"1":140},1.000000,0.000000,0.000000,0.000000,1.000000,0.000000,-1.000000
0.022593362,2,77,union,256,140,1.000000,1.000000,1.000000,{"1":140},1.000000,0.000000,0.000000,0.000000,1.000000,0.000000,-1.000000
0.022593362,2,77,snapshot,256,201,1.000000,1.000000,1.000000,{"1":201},1.000000,0.000000,0.000000,0.000000,1.000000,0.000000,-1.000000
0.022593362,2,77,read_only,1024,140,1.000000,1.000000,1.000000,{"1":140},1.000000,0.000000,0.000000,0.000000,1.000000,0.000000,-1.000000
0.022593362,2,77,union,1024,140,1.000000,1.000000,1.000000,{"1":140},1.000000,0.000000,0.000000,0.000000,1.000000,0.000000,-1.000000
0.022593362,2,77,snapshot,1024,201,1.000000,1.000000,1.000000,{"1":201},1.000000,0.000000,0.000000,0.000000,1.000000,0.000000,-1.000000
0.022593362,2,77,read_only,4096,35,1.000000,1.000000,1.000000,{"1":140},1.000000,0.000000,0.000000,0.000000,1.000000,0.000000,-1.000000
0.022593362,2,77,union,4096,35,1.000000,1.000000,1.000000,{"1":140},1.000000,0.000000,0.000000,0.000000,1.000000,0.000000,-1.000000
0.022593362,2,77,snapshot,4096,51,0.960784,0.985294,0.960784,{"1":201},0.960784,0.039216,0.000000,0.000000,0.960784,0.000000,0.000000
0.022593362,2,77,read_only,16384,10,0.800000,0.950000,0.800000,{"1":140},0.800000,0.200000,0.000000,0.000000,0.800000,0.000000,0.000000
0.022593362,2,77,union,16384,10,0.800000,0.950000,0.800000,{"1":140},0.800000,0.200000,0.000000,0.000000,0.800000,0.000000,0.000000
0.022593362,2,77,snapshot,16384,18,0.611111,0.875000,0.611111,{"1":201},0.611111,0.388889,0.000000,0.000000,0.611111,0.000000,0.000000
0.022825623,2,78,snapshot,64,201,1.000000,1.000000,1.000000,{"1":201},1.000000,0.000000,0.000000,0.000000,1.000000,0.000000,-1.000000
0.022825623,2,78,snapshot,256,201,1.000000,1.000000,1.000000,{"1":201},1.000000,0.000000,0.000000,0.000000,1.000000,0.000000,-1.000000
0.022825623,2,78,snapshot,1024,201,1.000000,1.000000,1.000000,{"1":201},1.000000,0.000000,0.000000,0.000000,1.000000,0.000000,-1.000000
0.022825623,2,78,snapshot,4096,51,0.960784,0.985294,0.960784,{"1":201},0.960784,0.039216,0.000000,0.000000,0.960784,0.000000,0.000000
0.022825623,2,78,snapshot,16384,18,0.611111,0.875000,0.611111,{"1":201},0.611111,0.388889,0.000000,0.000000,0.611111,0.000000,0.000000
0.023062010,2,79,read_only,64,65,1.000000,1.000000,1.000000,{"1":65},1.000000,0.000000,0.000000,0.000000,1.000000,0.000000,-1.000000
0.023062010,2,79,union,64,65,1.000000,1.000000,1.000000,{"1":65},1.000000,0.000000,0.000000,0.000000,1.000000,0.000000,-1.000000
0.023062010,2,79,snapshot,64,266,1.000000,1.000000,1.000000,{"1":266},1.000000,0.000000,0.000000,0.000000,1.000000,0.000000,-1.000000
0.023062010,2,79,read_only,256,65,1.000000,1.000000,1.000000,{"1":65},1.000000,0.000000,0.000000,0.000000,1.000000,0.000000,-1.000000
0.023062010,2,79,union,256,65,1.000000,1.000000,1.000000,{"1":65},1.000000,0.000000,0.000000,0.000000,1.000000,0.000000,-1.000000
0.023062010,2,79,snapshot,256,266,1.000000,1.000000,1.000000,{"1":266},1.000000,0.000000,0.000000,0.000000,1.000000,0.000000,-1.000000
0.023062010,2,79,read_only,1024,65,1.000000,1.000000,1.000000,{"1":65},1.000000,0.000000,0.000000,0.000000,1.000000,0.000000,-1.000000
0.023062010,2,79,union,1024,65,1.000000,1.000000,1.000000,{"1":65},1.000000,0.000000,0.000000,0.000000,1.000000,0.000000,-1.000000
0.023062010,2,79,snapshot,1024,266,1.000000,1.000000,1.000000,{"1":266},1.000000,0.000000,0.000000,0.000000,1.000000,0.000000,-1.000000
0.023062010,2,79,read_only,4096,19,1.000000,1.000000,1.000000,{"1":65},1.000000,0.000000,0.000000,0.000000,1.000000,0.000000,-1.000000
0.023062010,2,79,union,4096,19,1.000000,1.000000,1.000000,{"1":65},1.000000,0.000000,0.000000,0.000000,1.000000,0.000000,-1.000000
0.023062010,2,79,snapshot,4096,70,0.971429,0.989286,0.971429,{"1":266},0.971429,0.028571,0.000000,0.000000,0.971429,0.000000,0.000000
0.023062010,2,79,read_only,16384,9,0.666667,0.879630,0.666667,{"1":65},0.666667,0.333333,0.000000,0.000000,0.666667,0.000000,0.000000
0.023062010,2,79,union,16384,9,0.666667,0.879630,0.666667,{"1":65},0.666667,0.333333,0.000000,0.000000,0.666667,0.000000,0.000000
0.023062010,2,79,snapshot,16384,27,0.629630,0.876543,0.629630,{"1":266},0.629630,0.370370,0.000000,0.000000,0.629630,0.000000,0.000000
0.023299439,2,80,read_only,64,103,1.000000,1.000000,1.000000,{"1":103},1.000000,0.000000,0.000000,0.000000,1.000000,0.000000,-1.000000
0.023299439,2,80,union,64,103,1.000000,1.000000,1.000000,{"1":103},1.000000,0.000000,0.000000,0.000000,1.000000,0.000000,-1.000000
0.023299439,2,80,snapshot,64,369,1.000000,1.000000,1.000000,{"1":369},1.000000,0.000000,0.000000,0.000000,1.000000,0.000000,-1.000000
0.023299439,2,80,read_only,256,103,1.000000,1.000000,1.000000,{"1":103},1.000000,0.000000,0.000000,0.000000,1.000000,0.000000,-1.000000
0.023299439,2,80,union,256,103,1.000000,1.000000,1.000000,{"1":103},1.000000,0.000000,0.000000,0.000000,1.000000,0.000000,-1.000000
0.023299439,2,80,snapshot,256,369,1.000000,1.000000,1.000000,{"1":369},1.000000,0.000000,0.000000,0.000000,1.000000,0.000000,-1.000000
0.023299439,2,80,read_only,1024,103,1.000000,1.000000,1.000000,{"1":103},1.000000,0.000000,0.000000,0.000000,1.000000,0.000000,-1.000000
0.023299439,2,80,union,1024,103,1.000000,1.000000,1.000000,{"1":103},1.000000,0.000000,0.000000,0.000000,1.000000,0.000000,-1.000000
0.023299439,2,80,snapshot,1024,369,1.000000,1.000000,1.000000,{"1":369},1.000000,0.000000,0.000000,0.000000,1.000000,0.000000,-1.000000
0.023299439,2,80,read_only,4096,29,1.000000,1.000000,1.000000,{"1":103},1.000000,0.000000,0.000000,0.000000,1.000000,0.000000,-1.000000
0.023299439,2,80,union,4096,29,1.000000,1.000000,1.000000,{"1":103},1.000000,0.000000,0.000000,0.000000,1.000000,0.000000,-1.000000
0.023299439,2,80,snapshot,4096,93,0.978495,0.991935,0.978495,{"1":369},0.978495,0.021505,0.000000,0.000000,0.978495,0.000000,0.000000
0.023299439,2,80,read_only,16384,10,0.800000,0.916667,0.800000,{"1":103},0.800000,0.200000,0.000000,0.000000,0.800000,0.000000,0.000000
0.023299439,2,80,union,16384,10,0.800000,0.916667,0.800000,{"1":103},0.800000,0.200000,0.000000,0.000000,0.800000,0.000000,0.000000
0.023299439,2,80,snapshot,16384,30,0.633333,0.872222,0.633333,{"1":369},0.633333,0.366667,0.000000,0.000000,0.633333,0.000000,0.000000
0.023731108,2,81,read_only,64,160,1.000000,1.000000,1.000000,{"1":160},1.000000,0.000000,0.000000,0.000000,1.000000,0.000000,-1.000000
0.023731108,2,81,union,64,160,1.000000,1.000000,1.000000,{"1":160},1.000000,0.000000,0.000000,0.000000,1.000000,0.000000,-1.000000
0.023731108,2,81,snapshot,64,529,1.000000,1.000000,1.000000,{"1":529},1.000000,0.000000,0.000000,0.000000,1.000000,0.000000,-1.000000
0.023731108,2,81,read_only,256,160,1.000000,1.000000,1.000000,{"1":160},1.000000,0.000000,0.000000,0.000000,1.000000,0.000000,-1.000000
0.023731108,2,81,union,256,160,1.000000,1.000000,1.000000,{"1":160},1.000000,0.000000,0.000000,0.000000,1.000000,0.000000,-1.000000
0.023731108,2,81,snapshot,256,529,1.000000,1.000000,1.000000,{"1":529},1.000000,0.000000,0.000000,0.000000,1.000000,0.000000,-1.000000
0.023731108,2,81,read_only,1024,160,1.000000,1.000000,1.000000,{"1":160},1.000000,0.000000,0.000000,0.000000,1.000000,0.000000,-1.000000
0.023731108,2,81,union,1024,160,1.000000,1.000000,1.000000,{"1":160},1.000000,0.000000,0.000000,0.000000,1.000000,0.000000,-1.000000
0.023731108,2,81,snapshot,1024,529,1.000000,1.000000,1.000000,{"1":529},1.000000,0.000000,0.000000,0.000000,1.000000,0.000000,-1.000000
0.023731108,2,81,read_only,4096,41,1.000000,1.000000,1.000000,{"1":160},1.000000,0.000000,0.000000,0.000000,1.000000,0.000000,-1.000000
0.023731108,2,81,union,4096,41,1.000000,1.000000,1.000000,{"1":160},1.000000,0.000000,0.000000,0.000000,1.000000,0.000000,-1.000000
0.023731108,2,81,snapshot,4096,134,0.985075,0.994403,0.985075,{"1":529},0.985075,0.014925,0.000000,0.000000,0.985075,0.000000,0.000000
0.023731108,2,81,read_only,16384,14,0.785714,0.928571,0.785714,{"1":160},0.785714,0.214286,0.000000,0.000000,0.785714,0.000000,0.000000
0.023731108,2,81,union,16384,14,0.785714,0.928571,0.785714,{"1":160},0.785714,0.214286,0.000000,0.000000,0.785714,0.000000,0.000000
0.023731108,2,81,snapshot,16384,43,0.674419,0.887597,0.674419,{"1":529},0.674419,0.325581,0.000000,0.000000,0.674419,0.000000,0.000000
0.024084957,2,82,snapshot,64,529,1.000000,1.000000,1.000000,{"1":529},1.000000,0.000000,0.000000,0.000000,1.000000,0.000000,-1.000000
0.024084957,2,82,snapshot,256,529,1.000000,1.000000,1.000000,{"1":529},1.000000,0.000000,0.000000,0.000000,1.000000,0.000000,-1.000000
0.024084957,2,82,snapshot,1024,529,1.000000,1.000000,1.000000,{"1":529},1.000000,0.000000,0.000000,0.000000,1.000000,0.000000,-1.000000
0.024084957,2,82,snapshot,4096,134,0.985075,0.994403,0.985075,{"1":529},0.985075,0.014925,0.000000,0.000000,0.985075,0.000000,0.000000
0.024084957,2,82,snapshot,16384,43,0.674419,0.887597,0.674419,{"1":529},0.674419,0.325581,0.000000,0.000000,0.674419,0.000000,0.000000
0.024321675,2,83,read_only,64,5,1.000000,1.000000,1.000000,{"1":5},1.000000,0.000000,0.000000,0.000000,1.000000,0.000000,-1.000000
0.024321675,2,83,union,64,5,1.000000,1.000000,1.000000,{"1":5},1.000000,0.000000,0.000000,0.000000,1.000000,0.000000,-1.000000
0.024321675,2,83,snapshot,64,535,1.000000,1.000000,1.000000,{"0":1,"1":534},0.998131,0.000000,0.000000,0.000000,0.998131,0.000000,-1.000000
0.024321675,2,83,read_only,256,5,1.000000,1.000000,1.000000,{"1":5},1.000000,0.000000,0.000000,0.000000,1.000000,0.000000,-1.000000
0.024321675,2,83,union,256,5,1.000000,1.000000,1.000000,{"1":5},1.000000,0.000000,0.000000,0.000000,1.000000,0.000000,-1.000000
0.024321675,2,83,snapshot,256,535,1.000000,1.000000,1.000000,{"0":1,"1":534},0.998131,0.000000,0.000000,0.000000,0.998131,0.000000,-1.000000
0.024321675,2,83,read_only,1024,5,1.000000,1.000000,1.000000,{"1":5},1.000000,0.000000,0.000000,0.000000,1.000000,0.000000,-1.000000
0.024321675,2,83,union,1024,5,1.000000,1.000000,1.000000,{"1":5},1.000000,0.000000,0.000000,0.000000,1.000000,0.000000,-1.000000
0.024321675,2,83,snapshot,1024,535,1.000000,1.000000,1.000000,{"0":1,"1":534},0.998131,0.000000,0.000000,0.000000,0.998131,0.000000,-1.000000
0.024321675,2,83,read_only,4096,3,1.000000,1.000000,1.000000,{"1":5},1.000000,0.000000,0.000000,0.000000,1.000000,0.000000,-1.000000
0.024321675,2,83,union,4096,3,1.000000,1.000000,1.000000,{"1":5},1.000000,0.000000,0.000000,0.000000,1.000000,0.000000,-1.000000
0.024321675,2,83,snapshot,4096,138,0.985507,0.994565,0.985507,{"0":1,"1":534},0.978261,0.014493,0.000000,0.000000,0.978261,0.000000,0.000000
0.024321675,2,83,read_only,16384,2,0.500000,0.833333,0.500000,{"1":5},0.500000,0.500000,0.000000,0.000000,0.500000,0.000000,0.000000
0.024321675,2,83,union,16384,2,0.500000,0.833333,0.500000,{"1":5},0.500000,0.500000,0.000000,0.000000,0.500000,0.000000,0.000000
0.024321675,2,83,snapshot,16384,46,0.673913,0.887681,0.673913,{"0":1,"1":534},0.652174,0.326087,0.000000,0.000000,0.652174,0.000000,0.000000
0.024561973,2,84,read_only,64,199,1.000000,1.000000,1.000000,{"1":199},1.000000,0.000000,0.000000,0.000000,1.000000,0.000000,-1.000000
0.024561973,2,84,union,64,199,1.000000,1.000000,1.000000,{"1":199},1.000000,0.000000,0.000000,0.000000,1.000000,0.000000,-1.000000
0.024561973,2,84,snapshot,64,734,1.000000,1.000000,1.000000,{"1":734},1.000000,0.000000,0.000000,0.000000,1.000000,0.000000,-1.000000
0.024561973,2,84,read_only,256,199,1.000000,1.000000,1.000000,{"1":199},1.000000,0.000000,0.000000,0.000000,1.000000,0.000000,-1.000000
0.024561973,2,84,union,256,199,1.000000,1.000000,1.000000,{"1":199},1.000000,0.000000,0.000000,0.000000,1.000000,0.000000,-1.000000
0.024561973,2,84,snapshot,256,734,1.000000,1.000000,1.000000,{"1":734},1.000000,0.000000,0.000000,0.000000,1.000000,0.000000,-1.000000
0.024561973,2,84,read_only,1024,199,1.000000,1.000000,1.000000,{"1":199},1.000000,0.000000,0.000000,0.000000,1.000000,0.000000,-1.000000
0.024561973,2,84,union,1024,199,1.000000,1.000000,1.000000,{"1":199},1.000000,0.000000,0.000000,0.000000,1.000000,0.000000,-1.000000
0.024561973,2,84,snapshot,1024,734,1.000000,1.000000,1.000000,{"1":734},1.000000,0.000000,0.000000,0.000000,1.000000,0.000000,-1.000000
0.024561973,2,84,read_only,4096,57,1.000000,1.000000,1.000000,{"1":199},1.000000,0.000000,0.000000,0.000000,1.000000,0.000000,-1.000000
0.024561973,2,84,union,4096,57,1.000000,1.000000,1.000000,{"1":199},1.000000,0.000000,0.000000,0.000000,1.000000,0.000000,-1.000000
0.024561973,2,84,snapshot,4096,191,0.989529,0.996073,0.989529,{"1":734},0.989529,0.010471,0.000000,0.000000,0.989529,0.000000,0.000000
0.024561973,2,84,read_only,16384,19,0.842105,0.926316,0.842105,{"1":199},0.842105,0.157895,0.000000,0.000000,0.842105,0.000000,0.000000
0.024561973,2,84,union,16384,19,0.842105,0.926316,0.842105,{"1":199},0.842105,0.157895,0.000000,0.000000,0.842105,0.000000,0.000000
0.024561973,2,84,snapshot,16384,62,0.725806,0.897849,0.725806,{"1":734},0.725806,0.274194,0.000000,0.000000,0.725806,0.000000,0.000000
0.025049539,2,85,read_only,64,241,1.000000,1.000000,1.000000,{"1":241},1.000000,0.000000,0.000000,0.000000,1.000000,0.000000,-1.000000
0.025049539,2,85,union,64,241,1.000000,1.000000,1.000000,{"1":241},1.000000,0.000000,0.000000,0.000000,1.000000,0.000000,-1.000000
0.025049539,2,85,snapshot,64,974,1.000000,1.000000,1.000000,{"1":974},1.000000,0.000000,0.000000,0.000000,1.000000,0.000000,-1.000000
0.025049539,2,85,read_only,256,241,1.000000,1.000000,1.000000,{"1":241},1.000000,0.000000,0.000000,0.000000,1.000000,0.000000,-1.000000
0.025049539,2,85,union,256,241,1.000000,1.000000,1.000000,{"1":241},1.000000,0.000000,0.000000,0.000000,1.000000,0.000000,-1.000000
0.025049539,2,85,snapshot,256,974,1.000000,1.000000,1.000000,{"1":974},1.000000,0.000000,0.000000,0.000000,1.000000,0.000000,-1.000000
0.025049539,2,85,read_only,1024,241,1.000000,1.000000,1.000000,{"1":241},1.000000,0.000000,0.000000,0.000000,1.000000,0.000000,-1.000000
0.025049539,2,85,union,1024,241,1.000000,1.000000,1.000000,{"1":241},1.000000,0.000000,0.000000,0.000000,1.000000,0.000000,-1.000000
0.025049539,2,85,snapshot,1024,974,1.000000,1.000000,1.000000,{"1":974},1.000000,0.000000,0.000000,0.000000,1.000000,0.000000,-1.000000
0.025049539,2,85,read_only,4096,64,1.000000,1.000000,1.000000,{"1":241},1.000000,0.000000,0.000000,0.000000,1.000000,0.000000,-1.000000
0.025049539,2,85,union,4096,64,1.000000,1.000000,1.000000,{"1":241},1.000000,0.000000,0.000000,0.000000,1.000000,0.000000,-1.000000
0.025049539,2,85,snapshot,4096,246,0.991870,0.996951,0.991870,{"1":974},0.991870,0.008130,0.000000,0.000000,0.991870,0.000000,0.000000
0.025049539,2,85,read_only,16384,20,0.850000,0.950000,0.850000,{"1":241},0.850000,0.150000,0.000000,0.000000,0.850000,0.000000,0.000000
0.025049539,2,85,union,16384,20,0.850000,0.950000,0.850000,{"1":241},0.850000,0.150000,0.000000,0.000000,0.850000,0.000000,0.000000
0.025049539,2,85,snapshot,16384,76,0.736842,0.903509,0.736842,{"1":974},0.736842,0.263158,0.000000,0.000000,0.736842,0.000000,0.000000
0.025642726,2,86,read_only,64,217,1.000000,1.000000,1.000000,{"1":217},1.000000,0.000000,0.000000,0.000000,1.000000,0.000000,-1.000000
0.025642726,2,86,union,64,217,1.000000,1.000000,1.000000,{"1":217},1.000000,0.000000,0.000000,0.000000,1.000000,0.000000,-1.000000
0.025642726,2,86,snapshot,64,1191,1.000000,1.000000,1.000000,{"1":1191},1.000000,0.000000,0.000000,0.000000,1.000000,0.000000,-1.000000
0.025642726,2,86,read_only,256,217,1.000000,1.000000,1.000000,{"1":217},1.000000,0.000000,0.000000,0.000000,1.000000,0.000000,-1.000000
0.025642726,2,86,union,256,217,1.000000,1.000000,1.000000,{"1":217},1.000000,0.000000,0.000000,0.000000,1.000000,0.000000,-1.000000
0.025642726,2,86,snapshot,256,1191,1.000000,1.000000,1.000000,{"1":1191},1.000000,0.000000,0.000000,0.000000,1.000000,0.000000,-1.000000
0.025642726,2,86,read_only,1024,217,1.000000,1.000000,1.000000,{"1":217},1.000000,0.000000,0.000000,0.000000,1.000000,0.000000,-1.000000
0.025642726,2,86,union,1024,217,1.000000,1.000000,1.000000,{"1":217},1.000000,0.000000,0.000000,0.000000,1.000000,0.000000,-1.000000
0.025642726,2,86,snapshot,1024,1191,1.000000,1.000000,1.000000,{"1":1191},1.000000,0.000000,0.000000,0.000000,1.000000,0.000000,-1.000000
0.025642726,2,86,read_only,4096,55,1.000000,1.000000,1.000000,{"1":217},1.000000,0.000000,0.000000,0.000000,1.000000,0.000000,-1.000000
0.025642726,2,86,union,4096,55,1.000000,1.000000,1.000000,{"1":217},1.000000,0.000000,0.000000,0.000000,1.000000,0.000000,-1.000000
0.025642726,2,86,snapshot,4096,301,0.993355,0.997508,0.993355,{"1":1191},0.993355,0.006645,0.000000,0.000000,0.993355,0.000000,0.000000
0.025642726,2,86,read_only,16384,15,0.733333,0.866667,0.733333,{"1":217},0.733333,0.266667,0.000000,0.000000,0.733333,0.000000,0.000000
0.025642726,2,86,union,16384,15,0.733333,0.866667,0.733333,{"1":217},0.733333,0.266667,0.000000,0.000000,0.733333,0.000000,0.000000
0.025642726,2,86,snapshot,16384,91,0.736264,0.897436,0.736264,{"1":1191},0.736264,0.263736,0.000000,0.000000,0.736264,0.000000,0.000000
0.026157511,2,87,read_only,64,276,1.000000,1.000000,1.000000,{"1":276},1.000000,0.000000,0.000000,0.000000,1.000000,0.000000,-1.000000
0.026157511,2,87,union,64,280,1.000000,1.000000,1.000000,{"1":280},1.000000,0.000000,0.000000,0.000000,1.000000,0.000000,-1.000000
0.026157511,2,87,snapshot,64,1471,1.000000,1.000000,1.000000,{"1":1471},1.000000,0.000000,0.000000,0.000000,1.000000,0.000000,-1.000000
0.026157511,2,87,read_only,256,276,1.000000,1.000000,1.000000,{"1":276},1.000000,0.000000,0.000000,0.000000,1.000000,0.000000,-1.000000
0.026157511,2,87,union,256,280,1.000000,1.000000,1.000000,{"1":280},1.000000,0.000000,0.000000,0.000000,1.000000,0.000000,-1.000000
0.026157511,2,87,snapshot,256,1471,1.000000,1.000000,1.000000,{"1":1471},1.000000,0.000000,0.000000,0.000000,1.000000,0.000000,-1.000000
0.026157511,2,87,read_only,1024,276,1.000000,1.000000,1.000000,{"1":276},1.000000,0.000000,0.000000,0.000000,1.000000,0.000000,-1.000000
0.026157511,2,87,union,1024,280,1.000000,1.000000,1.000000,{"1":280},1.000000,0.000000,0.000000,0.000000,1.000000,0.000000,-1.000000
0.026157511,2,87,snapshot,1024,1471,1.000000,1.000000,1.000000,{"1":1471},1.000000,0.000000,0.000000,0.000000,1.000000,0.000000,-1.000000
0.026157511,2,87,read_only,4096,69,1.000000,1.000000,1.000000,{"1":276},1.000000,0.000000,0.000000,0.000000,1.000000,0.000000,-1.000000
0.026157511,2,87,union,4096,70,1.000000,1.000000,1.000000,{"1":280},1.000000,0.000000,0.000000,0.000000,1.000000,0.000000,-1.000000
0.026157511,2,87,snapshot,4096,371,0.994609,0.997978,0.994609,{"1":1471},0.994609,0.005391,0.000000,0.000000,0.994609,0.000000,0.000000
0.026157511,2,87,read_only,16384,18,1.000000,1.000000,1.000000,{"1":276},1.000000,0.000000,0.000000,0.000000,1.000000,0.000000,-1.000000
0.026157511,2,87,union,16384,18,0.944444,0.986111,0.944444,{"1":280},0.944444,0.055556,0.000000,0.000000,0.944444,0.000000,0.000000
0.026157511,2,87,snapshot,16384,109,0.770642,0.912080,0.770642,{"1":1471},0.770642,0.229358,0.000000,0.000000,0.770642,0.000000,0.000000
0.029005006,2,88,snapshot,64,1471,1.000000,1.000000,1.000000,{"1":1471},1.000000,0.000000,0.000000,0.000000,1.000000,0.000000,-1.000000
0.029005006,2,88,snapshot,256,1471,1.000000,1.000000,1.000000,{"1":1471},1.000000,0.000000,0.000000,0.000000,1.000000,0.000000,-1.000000
0.029005006,2,88,snapshot,1024,1471,1.000000,1.000000,1.000000,{"1":1471},1.000000,0.000000,0.000000,0.000000,1.000000,0.000000,-1.000000
0.029005006,2,88,snapshot,4096,371,0.994609,0.997978,0.994609,{"1":1471},0.994609,0.005391,0.000000,0.000000,0.994609,0.000000,0.000000
0.029005006,2,88,snapshot,16384,109,0.770642,0.912080,0.770642,{"1":1471},0.770642,0.229358,0.000000,0.000000,0.770642,0.000000,0.000000
0.029237740,2,89,snapshot,64,1471,1.000000,1.000000,1.000000,{"1":1471},1.000000,0.000000,0.000000,0.000000,1.000000,0.000000,-1.000000
0.029237740,2,89,snapshot,256,1471,1.000000,1.000000,1.000000,{"1":1471},1.000000,0.000000,0.000000,0.000000,1.000000,0.000000,-1.000000
0.029237740,2,89,snapshot,1024,1471,1.000000,1.000000,1.000000,{"1":1471},1.000000,0.000000,0.000000,0.000000,1.000000,0.000000,-1.000000
0.029237740,2,89,snapshot,4096,371,0.994609,0.997978,0.994609,{"1":1471},0.994609,0.005391,0.000000,0.000000,0.994609,0.000000,0.000000
0.029237740,2,89,snapshot,16384,109,0.770642,0.912080,0.770642,{"1":1471},0.770642,0.229358,0.000000,0.000000,0.770642,0.000000,0.000000
0.029626079,2,90,snapshot,64,1471,1.000000,1.000000,1.000000,{"1":1471},1.000000,0.000000,0.000000,0.000000,1.000000,0.000000,-1.000000
0.029626079,2,90,snapshot,256,1471,1.000000,1.000000,1.000000,{"1":1471},1.000000,0.000000,0.000000,0.000000,1.000000,0.000000,-1.000000
0.029626079,2,90,snapshot,1024,1471,1.000000,1.000000,1.000000,{"1":1471},1.000000,0.000000,0.000000,0.000000,1.000000,0.000000,-1.000000
0.029626079,2,90,snapshot,4096,371,0.994609,0.997978,0.994609,{"1":1471},0.994609,0.005391,0.000000,0.000000,0.994609,0.000000,0.000000
0.029626079,2,90,snapshot,16384,109,0.770642,0.912080,0.770642,{"1":1471},0.770642,0.229358,0.000000,0.000000,0.770642,0.000000,0.000000
0.029915836,2,91,snapshot,64,1471,1.000000,1.000000,1.000000,{"1":1471},1.000000,0.000000,0.000000,0.000000,1.000000,0.000000,-1.000000
0.029915836,2,91,snapshot,256,1471,1.000000,1.000000,1.000000,{"1":1471},1.000000,0.000000,0.000000,0.000000,1.000000,0.000000,-1.000000
0.029915836,2,91,snapshot,1024,1471,1.000000,1.000000,1.000000,{"1":1471},1.000000,0.000000,0.000000,0.000000,1.000000,0.000000,-1.000000
0.029915836,2,91,snapshot,4096,371,0.994609,0.997978,0.994609,{"1":1471},0.994609,0.005391,0.000000,0.000000,0.994609,0.000000,0.000000
0.029915836,2,91,snapshot,16384,109,0.770642,0.912080,0.770642,{"1":1471},0.770642,0.229358,0.000000,0.000000,0.770642,0.000000,0.000000
0.030199538,2,92,snapshot,64,1471,1.000000,1.000000,1.000000,{"1":1471},1.000000,0.000000,0.000000,0.000000,1.000000,0.000000,-1.000000
0.030199538,2,92,snapshot,256,1471,1.000000,1.000000,1.000000,{"1":1471},1.000000,0.000000,0.000000,0.000000,1.000000,0.000000,-1.000000
0.030199538,2,92,snapshot,1024,1471,1.000000,1.000000,1.000000,{"1":1471},1.000000,0.000000,0.000000,0.000000,1.000000,0.000000,-1.000000
0.030199538,2,92,snapshot,4096,371,0.994609,0.997978,0.994609,{"1":1471},0.994609,0.005391,0.000000,0.000000,0.994609,0.000000,0.000000
0.030199538,2,92,snapshot,16384,109,0.770642,0.912080,0.770642,{"1":1471},0.770642,0.229358,0.000000,0.000000,0.770642,0.000000,0.000000
0.030431018,2,93,snapshot,64,1471,1.000000,1.000000,1.000000,{"1":1471},1.000000,0.000000,0.000000,0.000000,1.000000,0.000000,-1.000000
0.030431018,2,93,snapshot,256,1471,1.000000,1.000000,1.000000,{"1":1471},1.000000,0.000000,0.000000,0.000000,1.000000,0.000000,-1.000000
0.030431018,2,93,snapshot,1024,1471,1.000000,1.000000,1.000000,{"1":1471},1.000000,0.000000,0.000000,0.000000,1.000000,0.000000,-1.000000
0.030431018,2,93,snapshot,4096,371,0.994609,0.997978,0.994609,{"1":1471},0.994609,0.005391,0.000000,0.000000,0.994609,0.000000,0.000000
0.030431018,2,93,snapshot,16384,109,0.770642,0.912080,0.770642,{"1":1471},0.770642,0.229358,0.000000,0.000000,0.770642,0.000000,0.000000
0.031004497,2,94,read_only,64,299,1.000000,1.000000,1.000000,{"1":299},1.000000,0.000000,0.000000,0.000000,1.000000,0.000000,-1.000000
0.031004497,2,94,union,64,299,1.000000,1.000000,1.000000,{"1":299},1.000000,0.000000,0.000000,0.000000,1.000000,0.000000,-1.000000
0.031004497,2,94,snapshot,64,1770,1.000000,1.000000,1.000000,{"1":1770},1.000000,0.000000,0.000000,0.000000,1.000000,0.000000,-1.000000
0.031004497,2,94,read_only,256,299,1.000000,1.000000,1.000000,{"1":299},1.000000,0.000000,0.000000,0.000000,1.000000,0.000000,-1.000000
0.031004497,2,94,union,256,299,1.000000,1.000000,1.000000,{"1":299},1.000000,0.000000,0.000000,0.000000,1.000000,0.000000,-1.000000
0.031004497,2,94,snapshot,256,1770,1.000000,1.000000,1.000000,{"1":1770},1.000000,0.000000,0.000000,0.000000,1.000000,0.000000,-1.000000
0.031004497,2,94,read_only,1024,299,1.000000,1.000000,1.000000,{"1":299},1.000000,0.000000,0.000000,0.000000,1.000000,0.000000,-1.000000
0.031004497,2,94,union,1024,299,1.000000,1.000000,1.000000,{"1":299},1.000000,0.000000,0.000000,0.000000,1.000000,0.000000,-1.000000
0.031004497,2,94,snapshot,1024,1770,1.000000,1.000000,1.000000,{"1":1770},1.000000,0.000000,0.000000,0.000000,1.000000,0.000000,-1.000000
0.031004497,2,94,read_only,4096,85,1.000000,1.000000,1.000000,{"1":299},1.000000,0.000000,0.000000,0.000000,1.000000,0.000000,-1.000000
0.031004497,2,94,union,4096,85,1.000000,1.000000,1.000000,{"1":299},1.000000,0.000000,0.000000,0.000000,1.000000,0.000000,-1.000000
0.031004497,2,94,snapshot,4096,456,0.995614,0.998355,0.995614,{"1":1770},0.995614,0.004386,0.000000,0.000000,0.995614,0.000000,0.000000
0.031004497,2,94,read_only,16384,23,0.826087,0.949275,0.826087,{"1":299},0.826087,0.173913,0.000000,0.000000,0.826087,0.000000,0.000000
0.031004497,2,94,union,16384,23,0.826087,0.949275,0.826087,{"1":299},0.826087,0.173913,0.000000,0.000000,0.826087,0.000000,0.000000
0.031004497,2,94,snapshot,16384,132,0.780303,0.918561,0.780303,{"1":1770},0.780303,0.219697,0.000000,0.000000,0.780303,0.000000,0.000000
0.031799192,2,95,read_only,64,1962,1.000000,1.000000,1.000000,{"1":1962},1.000000,0.000000,0.000000,0.000000,1.000000,0.000000,-1.000000
0.031799192,2,95,union,64,2030,1.000000,1.000000,1.000000,{"1":2030},1.000000,0.000000,0.000000,0.000000,1.000000,0.000000,-1.000000
0.031799192,2,95,snapshot,64,3765,1.000000,1.000000,1.000000,{"1":3765},1.000000,0.000000,0.000000,0.000000,1.000000,0.000000,-1.000000
0.031799192,2,95,read_only,256,1962,1.000000,1.000000,1.000000,{"1":1962},1.000000,0.000000,0.000000,0.000000,1.000000,0.000000,-1.000000
0.031799192,2,95,union,256,2030,1.000000,1.000000,1.000000,{"1":2030},1.000000,0.000000,0.000000,0.000000,1.000000,0.000000,-1.000000
0.031799192,2,95,snapshot,256,3765,1.000000,1.000000,1.000000,{"1":3765},1.000000,0.000000,0.000000,0.000000,1.000000,0.000000,-1.000000
0.031799192,2,95,read_only,1024,1962,1.000000,1.000000,1.000000,{"1":1962},1.000000,0.000000,0.000000,0.000000,1.000000,0.000000,-1.000000
0.031799192,2,95,union,1024,2030,1.000000,1.000000,1.000000,{"1":2030},1.000000,0.000000,0.000000,0.000000,1.000000,0.000000,-1.000000
0.031799192,2,95,snapshot,1024,3765,1.000000,1.000000,1.000000,{"1":3765},1.000000,0.000000,0.000000,0.000000,1.000000,0.000000,-1.000000
0.031799192,2,95,read_only,4096,520,0.967308,0.986699,0.967308,{"1":1962},0.967308,0.021154,0.011538,0.000000,0.967308,0.000000,0.000000
0.031799192,2,95,union,4096,537,0.968343,0.987120,0.968343,{"1":2030},0.968343,0.020484,0.011173,0.000000,0.968343,0.000000,0.000000
0.031799192,2,95,snapshot,4096,966,0.980331,0.992063,0.980331,{"1":3765},0.980331,0.013458,0.006211,0.000000,0.980331,0.000000,0.000000
0.031799192,2,95,read_only,16384,137,0.948905,0.976603,0.948905,{"1":1962},0.948905,0.021898,0.029197,0.000000,0.948905,0.000000,0.000000
0.031799192,2,95,union,16384,139,0.949640,0.976940,0.949640,{"1":2030},0.949640,0.021583,0.028777,0.000000,0.949640,0.000000,0.000000
0.031799192,2,95,snapshot,16384,262,0.862595,0.946735,0.862595,{"1":3765},0.862595,0.122137,0.015267,0.000000,0.862595,0.000000,0.000000
0.032117519,2,96,read_only,64,131,1.000000,1.000000,1.000000,{"1":131},1.000000,0.000000,0.000000,0.000000,1.000000,0.000000,-1.000000
0.032117519,2,96,union,64,131,1.000000,1.000000,1.000000,{"1":131},1.000000,0.000000,0.000000,0.000000,1.000000,0.000000,-1.000000
0.032117519,2,96,snapshot,64,3896,1.000000,1.000000,1.000000,{"1":3896},1.000000,0.000000,0.000000,0.000000,1.000000,0.000000,-1.000000
0.032117519,2,96,read_only,256,131,1.000000,1.000000,1.000000,{"1":131},1.000000,0.000000,0.000000,0.000000,1.000000,0.000000,-1.000000
0.032117519,2,96,union,256,131,1.000000,1.000000,1.000000,{"1":131},1.000000,0.000000,0.000000,0.000000,1.000000,0.000000,-1.000000
0.032117519,2,96,snapshot,256,3896,1.000000,1.000000,1.000000,{"1":3896},1.000000,0.000000,0.000000,0.000000,1.000000,0.000000,-1.000000
0.032117519,2,96,read_only,1024,131,1.000000,1.000000,1.000000,{"1":131},1.000000,0.000000,0.000000,0.000000,1.000000,0.000000,-1.000000
0.032117519,2,96,union,1024,131,1.000000,1.000000,1.000000,{"1":131},1.000000,0.000000,0.000000,0.000000,1.000000,0.000000,-1.000000
0.032117519,2,96,snapshot,1024,3896,1.000000,1.000000,1.000000,{"1":3896},1.000000,0.000000,0.000000,0.000000,1.000000,0.000000,-1.000000
0.032117519,2,96,read_only,4096,53,1.000000,1.000000,1.000000,{"1":131},1.000000,0.000000,0.000000,0.000000,1.000000,0.000000,-1.000000
0.032117519,2,96,union,4096,53,1.000000,1.000000,1.000000,{"1":131},1.000000,0.000000,0.000000,0.000000,1.000000,0.000000,-1.000000
0.032117519,2,96,snapshot,4096,980,0.980612,0.992177,0.980612,{"1":3896},0.980612,0.013265,0.006122,0.000000,0.980612,0.000000,0.000000
0.032117519,2,96,read_only,16384,16,1.000000,1.000000,1.000000,{"1":131},1.000000,0.000000,0.000000,0.000000,1.000000,0.000000,-1.000000
0.032117519,2,96,union,16384,16,1.000000,1.000000,1.000000,{"1":131},1.000000,0.000000,0.000000,0.000000,1.000000,0.000000,-1.000000
0.032117519,2,96,snapshot,16384,262,0.862595,0.946735,0.862595,{"1":3896},0.862595,0.122137,0.015267,0.000000,0.862595,0.000000,0.000000
0.032415563,2,97,snapshot,64,3896,1.000000,1.000000,1.000000,{"1":3896},1.000000,0.000000,0.000000,0.000000,1.000000,0.000000,-1.000000
0.032415563,2,97,snapshot,256,3896,1.000000,1.000000,1.000000,{"1":3896},1.000000,0.000000,0.000000,0.000000,1.000000,0.000000,-1.000000
0.032415563,2,97,snapshot,1024,3896,1.000000,1.000000,1.000000,{"1":3896},1.000000,0.000000,0.000000,0.000000,1.000000,0.000000,-1.000000
0.032415563,2,97,snapshot,4096,980,0.980612,0.992177,0.980612,{"1":3896},0.980612,0.013265,0.006122,0.000000,0.980612,0.000000,0.000000
0.032415563,2,97,snapshot,16384,262,0.862595,0.946735,0.862595,{"1":3896},0.862595,0.122137,0.015267,0.000000,0.862595,0.000000,0.000000
0.033262550,2,98,read_only,64,20,1.000000,1.000000,1.000000,{"1":20},1.000000,0.000000,0.000000,0.000000,1.000000,0.000000,-1.000000
0.033262550,2,98,union,64,22,1.000000,1.000000,1.000000,{"1":22},1.000000,0.000000,0.000000,0.000000,1.000000,0.000000,-1.000000
0.033262550,2,98,snapshot,64,3917,1.000000,1.000000,1.000000,{"1":3917},1.000000,0.000000,0.000000,0.000000,1.000000,0.000000,-1.000000
0.033262550,2,98,read_only,256,20,1.000000,1.000000,1.000000,{"1":20},1.000000,0.000000,0.000000,0.000000,1.000000,0.000000,-1.000000
0.033262550,2,98,union,256,22,1.000000,1.000000,1.000000,{"1":22},1.000000,0.000000,0.000000,0.000000,1.000000,0.000000,-1.000000
0.033262550,2,98,snapshot,256,3917,1.000000,1.000000,1.000000,{"1":3917},1.000000,0.000000,0.000000,0.000000,1.000000,0.000000,-1.000000
0.033262550,2,98,read_only,1024,20,1.000000,1.000000,1.000000,{"1":20},1.000000,0.000000,0.000000,0.000000,1.000000,0.000000,-1.000000
0.033262550,2,98,union,1024,22,1.000000,1.000000,1.000000,{"1":22},1.000000,0.000000,0.000000,0.000000,1.000000,0.000000,-1.000000
0.033262550,2,98,snapshot,1024,3917,1.000000,1.000000,1.000000,{"1":3917},1.000000,0.000000,0.000000,0.000000,1.000000,0.000000,-1.000000
0.033262550,2,98,read_only,4096,6,1.000000,1.000000,1.000000,{"1":20},1.000000,0.000000,0.000000,0.000000,1.000000,0.000000,-1.000000
0.033262550,2,98,union,4096,7,1.000000,1.000000,1.000000,{"1":22},1.000000,0.000000,0.000000,0.000000,1.000000,0.000000,-1.000000
0.033262550,2,98,snapshot,4096,986,0.980730,0.991971,0.980730,{"1":3917},0.980730,0.013185,0.006085,0.000000,0.980730,0.000000,0.000000
0.033262550,2,98,read_only,16384,2,0.500000,0.750000,0.500000,{"1":20},0.500000,0.500000,0.000000,0.000000,0.500000,0.000000,0.000000
0.033262550,2,98,union,16384,3,0.666667,0.844444,0.666667,{"1":22},0.666667,0.333333,0.000000,0.000000,0.666667,0.000000,0.000000
0.033262550,2,98,snapshot,16384,264,0.859848,0.945608,0.859848,{"1":3917},0.859848,0.125000,0.015152,0.000000,0.859848,0.000000,0.000000
0.033756464,2,99,read_only,64,260,1.000000,1.000000,1.000000,{"1":260},1.000000,0.000000,0.000000,0.000000,1.000000,0.000000,-1.000000
0.033756464,2,99,union,64,260,1.000000,1.000000,1.000000,{"1":260},1.000000,0.000000,0.000000,0.000000,1.000000,0.000000,-1.000000
0.033756464,2,99,snapshot,64,4177,1.000000,1.000000,1.000000,{"1":4177},1.000000,0.000000,0.000000,0.000000,1.000000,0.000000,-1.000000
0.033756464,2,99,read_only,256,260,1.000000,1.000000,1.000000,{"1":260},1.000000,0.000000,0.000000,0.000000,1.000000,0.000000,-1.000000
0.033756464,2,99,union,256,260,1.000000,1.000000,1.000000,{"1":260},1.000000,0.000000,0.000000,0.000000,1.000000,0.000000,-1.000000
0.033756464,2,99,snapshot,256,4177,1.000000,1.000000,1.000000,{"1":4177},1.000000,0.000000,0.000000,0.000000,1.000000,0.000000,-1.000000
0.033756464,2,99,read_only,1024,260,1.000000,1.000000,1.000000,{"1":260},1.000000,0.000000,0.000000,0.000000,1.000000,0.000000,-1.000000
0.033756464,2,99,union,1024,260,1.000000,1.000000,1.000000,{"1":260},1.000000,0.000000,0.000000,0.000000,1.000000,0.000000,-1.000000
0.033756464,2,99,snapshot,1024,4177,1.000000,1.000000,1.000000,{"1":4177},1.000000,0.000000,0.000000,0.000000,1.000000,0.000000,-1.000000
0.033756464,2,99,read_only,4096,66,1.000000,1.000000,1.000000,{"1":260},1.000000,0.000000,0.000000,0.000000,1.000000,0.000000,-1.000000
0.033756464,2,99,union,4096,66,1.000000,1.000000,1.000000,{"1":260},1.000000,0.000000,0.000000,0.000000,1.000000,0.000000,-1.000000
0.033756464,2,99,snapshot,4096,1051,0.980971,0.992150,0.980971,{"1":4177},0.980971,0.013321,0.005709,0.000000,0.980971,0.000000,0.000000
0.033756464,2,99,read_only,16384,20,0.800000,0.940000,0.800000,{"1":260},0.800000,0.200000,0.000000,0.000000,0.800000,0.000000,0.000000
0.033756464,2,99,union,16384,20,0.800000,0.940000,0.800000,{"1":260},0.800000,0.200000,0.000000,0.000000,0.800000,0.000000,0.000000
0.033756464,2,99,snapshot,16384,283,0.851590,0.944515,0.851590,{"1":4177},0.851590,0.134276,0.014134,0.000000,0.851590,0.000000,0.000000
0.034011916,2,100,read_only,64,9,1.000000,1.000000,1.000000,{"1":9},1.000000,0.000000,0.000000,0.000000,1.000000,0.000000,-1.000000
0.034011916,2,100,union,64,9,1.000000,1.000000,1.000000,{"1":9},1.000000,0.000000,0.000000,0.000000,1.000000,0.000000,-1.000000
0.034011916,2,100,snapshot,64,4186,1.000000,1.000000,1.000000,{"1":4186},1.000000,0.000000,0.000000,0.000000,1.000000,0.000000,-1.000000
0.034011916,2,100,read_only,256,9,1.000000,1.000000,1.000000,{"1":9},1.000000,0.000000,0.000000,0.000000,1.000000,0.000000,-1.000000
0.034011916,2,100,union,256,9,1.000000,1.000000,1.000000,{"1":9},1.000000,0.000000,0.000000,0.000000,1.000000,0.000000,-1.000000
0.034011916,2,100,snapshot,256,4186,1.000000,1.000000,1.000000,{"1":4186},1.000000,0.000000,0.000000,0.000000,1.000000,0.000000,-1.000000
0.034011916,2,100,read_only,1024,9,1.000000,1.000000,1.000000,{"1":9},1.000000,0.000000,0.000000,0.000000,1.000000,0.000000,-1.000000
0.034011916,2,100,union,1024,9,1.000000,1.000000,1.000000,{"1":9},1.000000,0.000000,0.000000,0.000000,1.000000,0.000000,-1.000000
0.034011916,2,100,snapshot,1024,4186,1.000000,1.000000,1.000000,{"1":4186},1.000000,0.000000,0.000000,0.000000,1.000000,0.000000,-1.000000
0.034011916,2,100,read_only,4096,3,1.000000,1.000000,1.000000,{"1":9},1.000000,0.000000,0.000000,0.000000,1.000000,0.000000,-1.000000
0.034011916,2,100,union,4096,3,1.000000,1.000000,1.000000,{"1":9},1.000000,0.000000,0.000000,0.000000,1.000000,0.000000,-1.000000
0.034011916,2,100,snapshot,4096,1054,0.981025,0.992173,0.981025,{"1":4186},0.981025,0.013283,0.005693,0.000000,0.981025,0.000000,0.000000
0.034011916,2,100,read_only,16384,1,1.000000,1.000000,1.000000,{"1":9},1.000000,0.000000,0.000000,0.000000,1.000000,0.000000,-1.000000
0.034011916,2,100,union,16384,1,1.000000,1.000000,1.000000,{"1":9},1.000000,0.000000,0.000000,0.000000,1.000000,0.000000,-1.000000
0.034011916,2,100,snapshot,16384,283,0.851590,0.944515,0.851590,{"1":4186},0.851590,0.134276,0.014134,0.000000,0.851590,0.000000,0.000000
0.034273401,2,101,read_only,64,84,1.000000,1.000000,1.000000,{"1":84},1.000000,0.000000,0.000000,0.000000,1.000000,0.000000,-1.000000
0.034273401,2,101,union,64,84,1.000000,1.000000,1.000000,{"1":84},1.000000,0.000000,0.000000,0.000000,1.000000,0.000000,-1.000000
0.034273401,2,101,snapshot,64,4270,1.000000,1.000000,1.000000,{"1":4270},1.000000,0.000000,0.000000,0.000000,1.000000,0.000000,-1.000000
0.034273401,2,101,read_only,256,84,1.000000,1.000000,1.000000,{"1":84},1.000000,0.000000,0.000000,0.000000,1.000000,0.000000,-1.000000
0.034273401,2,101,union,256,84,1.000000,1.000000,1.000000,{"1":84},1.000000,0.000000,0.000000,0.000000,1.000000,0.000000,-1.000000
0.034273401,2,101,snapshot,256,4270,1.000000,1.000000,1.000000,{"1":4270},1.000000,0.000000,0.000000,0.000000,1.000000,0.000000,-1.000000
0.034273401,2,101,read_only,1024,84,1.000000,1.000000,1.000000,{"1":84},1.000000,0.000000,0.000000,0.000000,1.000000,0.000000,-1.000000
0.034273401,2,101,union,1024,84,1.000000,1.000000,1.000000,{"1":84},1.000000,0.000000,0.000000,0.000000,1.000000,0.000000,-1.000000
0.034273401,2,101,snapshot,1024,4270,1.000000,1.000000,1.000000,{"1":4270},1.000000,0.000000,0.000000,0.000000,1.000000,0.000000,-1.000000
0.034273401,2,101,read_only,4096,21,1.000000,1.000000,1.000000,{"1":84},1.000000,0.000000,0.000000,0.000000,1.000000,0.000000,-1.000000
0.034273401,2,101,union,4096,21,1.000000,1.000000,1.000000,{"1":84},1.000000,0.000000,0.000000,0.000000,1.000000,0.000000,-1.000000
0.034273401,2,101,snapshot,4096,1075,0.981395,0.992326,0.981395,{"1":4270},0.981395,0.013023,0.005581,0.000000,0.981395,0.000000,0.000000
0.034273401,2,101,read_only,16384,6,0.666667,0.916667,0.666667,{"1":84},0.666667,0.333333,0.000000,0.000000,0.666667,0.000000,0.000000
0.034273401,2,101,union,16384,6,0.666667,0.916667,0.666667,{"1":84},0.666667,0.333333,0.000000,0.000000,0.666667,0.000000,0.000000
0.034273401,2,101,snapshot,16384,289,0.847751,0.943936,0.847751,{"1":4270},0.847751,0.138408,0.013841,0.000000,0.847751,0.000000,0.000000
0.034711887,2,102,read_only,64,105,1.000000,1.000000,1.000000,{"1":105},1.000000,0.000000,0.000000,0.000000,1.000000,0.000000,-1.000000
0.034711887,2,102,union,64,108,1.000000,1.000000,1.000000,{"1":108},1.000000,0.000000,0.000000,0.000000,1.000000,0.000000,-1.000000
0.034711887,2,102,snapshot,64,4375,1.000000,1.000000,1.000000,{"1":4375},1.000000,0.000000,0.000000,0.000000,1.000000,0.000000,-1.000000
0.034711887,2,102,read_only,256,105,1.000000,1.000000,1.000000,{"1":105},1.000000,0.000000,0.000000,0.000000,1.000000,0.000000,-1.000000
0.034711887,2,102,union,256,108,1.000000,1.000000,1.000000,{"1":108},1.000000,0.000000,0.000000,0.000000,1.000000,0.000000,-1.000000
0.034711887,2,102,snapshot,256,4375,1.000000,1.000000,1.000000,{"1":4375},1.000000,0.000000,0.000000,0.000000,1.000000,0.000000,-1.000000
0.034711887,2,102,read_only,1024,105,1.000000,1.000000,1.000000,{"1":105},1.000000,0.000000,0.000000,0.000000,1.000000,0.000000,-1.000000
0.034711887,2,102,union,1024,108,1.000000,1.000000,1.000000,{"1":108},1.000000,0.000000,0.000000,0.000000,1.000000,0.000000,-1.000000
0.034711887,2,102,snapshot,1024,4375,1.000000,1.000000,1.000000,{"1":4375},1.000000,0.000000,0.000000,0.000000,1.000000,0.000000,-1.000000
0.034711887,2,102,read_only,4096,27,1.000000,1.000000,1.000000,{"1":105},1.000000,0.000000,0.000000,0.000000,1.000000,0.000000,-1.000000
0.034711887,2,102,union,4096,28,1.000000,1.000000,1.000000,{"1":108},1.000000,0.000000,0.000000,0.000000,1.000000,0.000000,-1.000000
0.034711887,2,102,snapshot,4096,1102,0.981851,0.992514,0.981851,{"1":4375},0.981851,0.012704,0.005445,0.000000,0.981851,0.000000,0.000000
0.034711887,2,102,read_only,16384,9,0.888889,0.972222,0.888889,{"1":105},0.888889,0.111111,0.000000,0.000000,0.888889,0.000000,0.000000
0.034711887,2,102,union,16384,10,0.900000,0.975000,0.900000,{"1":108},0.900000,0.100000,0.000000,0.000000,0.900000,0.000000,0.000000
0.034711887,2,102,snapshot,16384,298,0.848993,0.944791,0.848993,{"1":4375},0.848993,0.137584,0.013423,0.000000,0.848993,0.000000,0.000000
0.035859668,2,103,read_only,64,748,1.000000,1.000000,1.000000,{"1":748},1.000000,0.000000,0.000000,0.000000,1.000000,0.000000,-1.000000
0.035859668,2,103,union,64,752,1.000000,1.000000,1.000000,{"1":752},1.000000,0.000000,0.000000,0.000000,1.000000,0.000000,-1.000000
0.035859668,2,103,snapshot,64,5123,1.000000,1.000000,1.000000,{"1":5123},1.000000,0.000000,0.000000,0.000000,1.000000,0.000000,-1.000000
0.035859668,2,103,read_only,256,748,1.000000,1.000000,1.000000,{"1":748},1.000000,0.000000,0.000000,0.000000,1.000000,0.000000,-1.000000
0.035859668,2,103,union,256,752,1.000000,1.000000,1.000000,{"1":752},1.000000,0.000000,0.000000,0.000000,1.000000,0.000000,-1.000000
0.035859668,2,103,snapshot,256,5123,1.000000,1.000000,1.000000,{"1":5123},1.000000,0.000000,0.000000,0.000000,1.000000,0.000000,-1.000000
0.035859668,2,103,read_only,1024,748,1.000000,1.000000,1.000000,{"1":748},1.000000,0.000000,0.000000,0.000000,1.000000,0.000000,-1.000000
0.035859668,2,103,union,1024,752,1.000000,1.000000,1.000000,{"1":752},1.000000,0.000000,0.000000,0.000000,1.000000,0.000000,-1.000000
0.035859668,2,103,snapshot,1024,5123,1.000000,1.000000,1.000000,{"1":5123},1.000000,0.000000,0.000000,0.000000,1.000000,0.000000,-1.000000
0.035859668,2,103,read_only,4096,192,1.000000,1.000000,1.000000,{"1":748},1.000000,0.000000,0.000000,0.000000,1.000000,0.000000,-1.000000
0.035859668,2,103,union,4096,195,1.000000,1.000000,1.000000,{"1":752},1.000000,0.000000,0.000000,0.000000,1.000000,0.000000,-1.000000
0.035859668,2,103,snapshot,4096,1294,0.984544,0.993624,0.984544,{"1":5123},0.984544,0.010819,0.004637,0.000000,0.984544,0.000000,0.000000
0.035859668,2,103,read_only,16384,50,0.900000,0.959167,0.900000,{"1":748},0.900000,0.100000,0.000000,0.000000,0.900000,0.000000,0.000000
0.035859668,2,103,union,16384,53,0.905660,0.961478,0.905660,{"1":752},0.905660,0.094340,0.000000,0.000000,0.905660,0.000000,0.000000
0.035859668,2,103,snapshot,16384,348,0.856322,0.946856,0.856322,{"1":5123},0.856322,0.132184,0.011494,0.000000,0.856322,0.000000,0.000000
0.036143505,2,104,read_only,64,844,1.000000,1.000000,1.000000,{"1":844},1.000000,0.000000,0.000000,0.000000,1.000000,0.000000,-1.000000
0.036143505,2,104,union,64,844,1.000000,1.000000,1.000000,{"1":844},1.000000,0.000000,0.000000,0.000000,1.000000,0.000000,-1.000000
0.036143505,2,104,snapshot,64,5931,1.000000,1.000000,1.000000,{"1":5931},1.000000,0.000000,0.000000,0.000000,1.000000,0.000000,-1.000000
0.036143505,2,104,read_only,256,844,1.000000,1.000000,1.000000,{"1":844},1.000000,0.000000,0.000000,0.000000,1.000000,0.000000,-1.000000
0.036143505,2,104,union,256,844,1.000000,1.000000,1.000000,{"1":844},1.000000,0.000000,0.000000,0.000000,1.000000,0.000000,-1.000000
0.036143505,2,104,snapshot,256,5931,1.000000,1.000000,1.000000,{"1":5931},1.000000,0.000000,0.000000,0.000000,1.000000,0.000000,-1.000000
0.036143505,2,104,read_only,1024,844,1.000000,1.000000,1.000000,{"1":844},1.000000,0.000000,0.000000,0.000000,1.000000,0.000000,-1.000000
0.036143505,2,104,union,1024,844,1.000000,1.000000,1.000000,{"1":844},1.000000,0.000000,0.000000,0.000000,1.000000,0.000000,-1.000000
0.036143505,2,104,snapshot,1024,5931,1.000000,1.000000,1.000000,{"1":5931},1.000000,0.000000,0.000000,0.000000,1.000000,0.000000,-1.000000
0.036143505,2,104,read_only,4096,229,1.000000,1.000000,1.000000,{"1":844},1.000000,0.000000,0.000000,0.000000,1.000000,0.000000,-1.000000
0.036143505,2,104,union,4096,229,1.000000,1.000000,1.000000,{"1":844},1.000000,0.000000,0.000000,0.000000,1.000000,0.000000,-1.000000
0.036143505,2,104,snapshot,4096,1517,0.986816,0.994562,0.986816,{"1":5931},0.986816,0.009229,0.003955,0.000000,0.986816,0.000000,0.000000
0.036143505,2,104,read_only,16384,64,1.000000,1.000000,1.000000,{"1":844},1.000000,0.000000,0.000000,0.000000,1.000000,0.000000,-1.000000
0.036143505,2,104,union,16384,64,1.000000,1.000000,1.000000,{"1":844},1.000000,0.000000,0.000000,0.000000,1.000000,0.000000,-1.000000
0.036143505,2,104,snapshot,16384,411,0.878345,0.955002,0.878345,{"1":5931},0.878345,0.111922,0.009732,0.000000,0.878345,0.000000,0.000000
0.047247864,2,105,read_only,64,596,1.000000,1.000000,1.000000,{"1":596},1.000000,0.000000,0.000000,0.000000,1.000000,0.000000,-1.000000
0.047247864,2,105,union,64,597,1.000000,1.000000,1.000000,{"1":597},1.000000,0.000000,0.000000,0.000000,1.000000,0.000000,-1.000000
0.047247864,2,105,snapshot,64,6477,1.000000,1.000000,1.000000,{"1":6477},1.000000,0.000000,0.000000,0.000000,1.000000,0.000000,-1.000000
0.047247864,2,105,read_only,256,596,1.000000,1.000000,1.000000,{"1":596},1.000000,0.000000,0.000000,0.000000,1.000000,0.000000,-1.000000
0.047247864,2,105,union,256,597,1.000000,1.000000,1.000000,{"1":597},1.000000,0.000000,0.000000,0.000000,1.000000,0.000000,-1.000000
0.047247864,2,105,snapshot,256,6477,1.000000,1.000000,1.000000,{"1":6477},1.000000,0.000000,0.000000,0.000000,1.000000,0.000000,-1.000000
0.047247864,2,105,read_only,1024,596,1.000000,1.000000,1.000000,{"1":596},1.000000,0.000000,0.000000,0.000000,1.000000,0.000000,-1.000000
0.047247864,2,105,union,1024,597,1.000000,1.000000,1.000000,{"1":597},1.000000,0.000000,0.000000,0.000000,1.000000,0.000000,-1.000000
0.047247864,2,105,snapshot,1024,6477,1.000000,1.000000,1.000000,{"1":6477},1.000000,0.000000,0.000000,0.000000,1.000000,0.000000,-1.000000
0.047247864,2,105,read_only,4096,179,1.000000,1.000000,1.000000,{"1":596},1.000000,0.000000,0.000000,0.000000,1.000000,0.000000,-1.000000
0.047247864,2,105,union,4096,179,1.000000,1.000000,1.000000,{"1":597},1.000000,0.000000,0.000000,0.000000,1.000000,0.000000,-1.000000
0.047247864,2,105,snapshot,4096,1634,0.986536,0.994492,0.986536,{"1":6477},0.986536,0.009792,0.003672,0.000000,0.986536,0.000000,0.000000
0.047247864,2,105,read_only,16384,55,1.000000,1.000000,1.000000,{"1":596},1.000000,0.000000,0.000000,0.000000,1.000000,0.000000,-1.000000
0.047247864,2,105,union,16384,55,1.000000,1.000000,1.000000,{"1":597},1.000000,0.000000,0.000000,0.000000,1.000000,0.000000,-1.000000
0.047247864,2,105,snapshot,16384,435,0.880460,0.956661,0.880460,{"1":6477},0.880460,0.110345,0.009195,0.000000,0.880460,0.000000,0.000000
0.047481630,2,106,snapshot,64,6477,1.000000,1.000000,1.000000,{"1":6477},1.000000,0.000000,0.000000,0.000000,1.000000,0.000000,-1.000000
0.047481630,2,106,snapshot,256,6477,1.000000,1.000000,1.000000,{"1":6477},1.000000,0.000000,0.000000,0.000000,1.000000,0.000000,-1.000000
0.047481630,2,106,snapshot,1024,6477,1.000000,1.000000,1.000000,{"1":6477},1.000000,0.000000,0.000000,0.000000,1.000000,0.000000,-1.000000
0.047481630,2,106,snapshot,4096,1634,0.986536,0.994492,0.986536,{"1":6477},0.986536,0.009792,0.003672,0.000000,0.986536,0.000000,0.000000
0.047481630,2,106,snapshot,16384,435,0.880460,0.956661,0.880460,{"1":6477},0.880460,0.110345,0.009195,0.000000,0.880460,0.000000,0.000000
0.048028105,2,107,read_only,64,4,1.000000,1.000000,1.000000,{"1":4},1.000000,0.000000,0.000000,0.000000,1.000000,0.000000,-1.000000
0.048028105,2,107,union,64,4,1.000000,1.000000,1.000000,{"1":4},1.000000,0.000000,0.000000,0.000000,1.000000,0.000000,-1.000000
0.048028105,2,107,snapshot,64,6481,1.000000,1.000000,1.000000,{"1":6481},1.000000,0.000000,0.000000,0.000000,1.000000,0.000000,-1.000000
0.048028105,2,107,read_only,256,4,1.000000,1.000000,1.000000,{"1":4},1.000000,0.000000,0.000000,0.000000,1.000000,0.000000,-1.000000
0.048028105,2,107,union,256,4,1.000000,1.000000,1.000000,{"1":4},1.000000,0.000000,0.000000,0.000000,1.000000,0.000000,-1.000000
0.048028105,2,107,snapshot,256,6481,1.000000,1.000000,1.000000,{"1":6481},1.000000,0.000000,0.000000,0.000000,1.000000,0.000000,-1.000000
0.048028105,2,107,read_only,1024,4,1.000000,1.000000,1.000000,{"1":4},1.000000,0.000000,0.000000,0.000000,1.000000,0.000000,-1.000000
0.048028105,2,107,union,1024,4,1.000000,1.000000,1.000000,{"1":4},1.000000,0.000000,0.000000,0.000000,1.000000,0.000000,-1.000000
0.048028105,2,107,snapshot,1024,6481,1.000000,1.000000,1.000000,{"1":6481},1.000000,0.000000,0.000000,0.000000,1.000000,0.000000,-1.000000
0.048028105,2,107,read_only,4096,4,1.000000,1.000000,1.000000,{"1":4},1.000000,0.000000,0.000000,0.000000,1.000000,0.000000,-1.000000
0.048028105,2,107,union,4096,4,1.000000,1.000000,1.000000,{"1":4},1.000000,0.000000,0.000000,0.000000,1.000000,0.000000,-1.000000
0.048028105,2,107,snapshot,4096,1636,0.986553,0.994499,0.986553,{"1":6481},0.986553,0.009780,0.003667,0.000000,0.986553,0.000000,0.000000
0.048028105,2,107,read_only,16384,4,1.000000,1.000000,1.000000,{"1":4},1.000000,0.000000,0.000000,0.000000,1.000000,0.000000,-1.000000
0.048028105,2,107,union,16384,4,1.000000,1.000000,1.000000,{"1":4},1.000000,0.000000,0.000000,0.000000,1.000000,0.000000,-1.000000
0.048028105,2,107,snapshot,16384,437,0.881007,0.956885,0.881007,{"1":6481},0.881007,0.109840,0.009153,0.000000,0.881007,0.000000,0.000000
0.048366850,2,108,snapshot,64,6481,1.000000,1.000000,1.000000,{"1":6481},1.000000,0.000000,0.000000,0.000000,1.000000,0.000000,-1.000000
0.048366850,2,108,snapshot,256,6481,1.000000,1.000000,1.000000,{"1":6481},1.000000,0.000000,0.000000,0.000000,1.000000,0.000000,-1.000000
0.048366850,2,108,snapshot,1024,6481,1.000000,1.000000,1.000000,{"1":6481},1.000000,0.000000,0.000000,0.000000,1.000000,0.000000,-1.000000
0.048366850,2,108,snapshot,4096,1636,0.986553,0.994499,0.986553,{"1":6481},0.986553,0.009780,0.003667,0.000000,0.986553,0.000000,0.000000
0.048366850,2,108,snapshot,16384,437,0.881007,0.956885,0.881007,{"1":6481},0.881007,0.109840,0.009153,0.000000,0.881007,0.000000,0.000000
0.048670262,2,109,snapshot,64,6481,1.000000,1.000000,1.000000,{"1":6481},1.000000,0.000000,0.000000,0.000000,1.000000,0.000000,-1.000000
0.048670262,2,109,snapshot,256,6481,1.000000,1.000000,1.000000,{"1":6481},1.000000,0.000000,0.000000,0.000000,1.000000,0.000000,-1.000000
0.048670262,2,109,snapshot,1024,6481,1.000000,1.000000,1.000000,{"1":6481},1.000000,0.000000,0.000000,0.000000,1.000000,0.000000,-1.000000
0.048670262,2,109,snapshot,4096,1636,0.986553,0.994499,0.986553,{"1":6481},0.986553,0.009780,0.003667,0.000000,0.986553,0.000000,0.000000
0.048670262,2,109,snapshot,16384,437,0.881007,0.956885,0.881007,{"1":6481},0.881007,0.109840,0.009153,0.000000,0.881007,0.000000,0.000000
0.048902312,2,110,snapshot,64,6481,1.000000,1.000000,1.000000,{"1":6481},1.000000,0.000000,0.000000,0.000000,1.000000,0.000000,-1.000000
0.048902312,2,110,snapshot,256,6481,1.000000,1.000000,1.000000,{"1":6481},1.000000,0.000000,0.000000,0.000000,1.000000,0.000000,-1.000000
0.048902312,2,110,snapshot,1024,6481,1.000000,1.000000,1.000000,{"1":6481},1.000000,0.000000,0.000000,0.000000,1.000000,0.000000,-1.000000
0.048902312,2,110,snapshot,4096,1636,0.986553,0.994499,0.986553,{"1":6481},0.986553,0.009780,0.003667,0.000000,0.986553,0.000000,0.000000
0.048902312,2,110,snapshot,16384,437,0.881007,0.956885,0.881007,{"1":6481},0.881007,0.109840,0.009153,0.000000,0.881007,0.000000,0.000000
0.049136040,2,111,snapshot,64,6481,1.000000,1.000000,1.000000,{"1":6481},1.000000,0.000000,0.000000,0.000000,1.000000,0.000000,-1.000000
0.049136040,2,111,snapshot,256,6481,1.000000,1.000000,1.000000,{"1":6481},1.000000,0.000000,0.000000,0.000000,1.000000,0.000000,-1.000000
0.049136040,2,111,snapshot,1024,6481,1.000000,1.000000,1.000000,{"1":6481},1.000000,0.000000,0.000000,0.000000,1.000000,0.000000,-1.000000
0.049136040,2,111,snapshot,4096,1636,0.986553,0.994499,0.986553,{"1":6481},0.986553,0.009780,0.003667,0.000000,0.986553,0.000000,0.000000
0.049136040,2,111,snapshot,16384,437,0.881007,0.956885,0.881007,{"1":6481},0.881007,0.109840,0.009153,0.000000,0.881007,0.000000,0.000000
0.049369780,2,112,snapshot,64,6481,1.000000,1.000000,1.000000,{"1":6481},1.000000,0.000000,0.000000,0.000000,1.000000,0.000000,-1.000000
0.049369780,2,112,snapshot,256,6481,1.000000,1.000000,1.000000,{"1":6481},1.000000,0.000000,0.000000,0.000000,1.000000,0.000000,-1.000000
0.049369780,2,112,snapshot,1024,6481,1.000000,1.000000,1.000000,{"1":6481},1.000000,0.000000,0.000000,0.000000,1.000000,0.000000,-1.000000
0.049369780,2,112,snapshot,4096,1636,0.986553,0.994499,0.986553,{"1":6481},0.986553,0.009780,0.003667,0.000000,0.986553,0.000000,0.000000
0.049369780,2,112,snapshot,16384,437,0.881007,0.956885,0.881007,{"1":6481},0.881007,0.109840,0.009153,0.000000,0.881007,0.000000,0.000000
0.049603566,2,113,snapshot,64,6481,1.000000,1.000000,1.000000,{"1":6481},1.000000,0.000000,0.000000,0.000000,1.000000,0.000000,-1.000000
0.049603566,2,113,snapshot,256,6481,1.000000,1.000000,1.000000,{"1":6481},1.000000,0.000000,0.000000,0.000000,1.000000,0.000000,-1.000000
0.049603566,2,113,snapshot,1024,6481,1.000000,1.000000,1.000000,{"1":6481},1.000000,0.000000,0.000000,0.000000,1.000000,0.000000,-1.000000
0.049603566,2,113,snapshot,4096,1636,0.986553,0.994499,0.986553,{"1":6481},0.986553,0.009780,0.003667,0.000000,0.986553,0.000000,0.000000
0.049603566,2,113,snapshot,16384,437,0.881007,0.956885,0.881007,{"1":6481},0.881007,0.109840,0.009153,0.000000,0.881007,0.000000,0.000000
0.049835322,2,114,snapshot,64,6481,1.000000,1.000000,1.000000,{"1":6481},1.000000,0.000000,0.000000,0.000000,1.000000,0.000000,-1.000000
0.049835322,2,114,snapshot,256,6481,1.000000,1.000000,1.000000,{"1":6481},1.000000,0.000000,0.000000,0.000000,1.000000,0.000000,-1.000000
0.049835322,2,114,snapshot,1024,6481,1.000000,1.000000,1.000000,{"1":6481},1.000000,0.000000,0.000000,0.000000,1.000000,0.000000,-1.000000
0.049835322,2,114,snapshot,4096,1636,0.986553,0.994499,0.986553,{"1":6481},0.986553,0.009780,0.003667,0.000000,0.986553,0.000000,0.000000
0.049835322,2,114,snapshot,16384,437,0.881007,0.956885,0.881007,{"1":6481},0.881007,0.109840,0.009153,0.000000,0.881007,0.000000,0.000000
0.050069257,2,115,snapshot,64,6481,1.000000,1.000000,1.000000,{"1":6481},1.000000,0.000000,0.000000,0.000000,1.000000,0.000000,-1.000000
0.050069257,2,115,snapshot,256,6481,1.000000,1.000000,1.000000,{"1":6481},1.000000,0.000000,0.000000,0.000000,1.000000,0.000000,-1.000000
0.050069257,2,115,snapshot,1024,6481,1.000000,1.000000,1.000000,{"1":6481},1.000000,0.000000,0.000000,0.000000,1.000000,0.000000,-1.000000
0.050069257,2,115,snapshot,4096,1636,0.986553,0.994499,0.986553,{"1":6481},0.986553,0.009780,0.003667,0.000000,0.986553,0.000000,0.000000
0.050069257,2,115,snapshot,16384,437,0.881007,0.956885,0.881007,{"1":6481},0.881007,0.109840,0.009153,0.000000,0.881007,0.000000,0.000000
0.050301431,2,116,snapshot,64,6481,1.000000,1.000000,1.000000,{"1":6481},1.000000,0.000000,0.000000,0.000000,1.000000,0.000000,-1.000000
0.050301431,2,116,snapshot,256,6481,1.000000,1.000000,1.000000,{"1":6481},1.000000,0.000000,0.000000,0.000000,1.000000,0.000000,-1.000000
0.050301431,2,116,snapshot,1024,6481,1.000000,1.000000,1.000000,{"1":6481},1.000000,0.000000,0.000000,0.000000,1.000000,0.000000,-1.000000
0.050301431,2,116,snapshot,4096,1636,0.986553,0.994499,0.986553,{"1":6481},0.986553,0.009780,0.003667,0.000000,0.986553,0.000000,0.000000
0.050301431,2,116,snapshot,16384,437,0.881007,0.956885,0.881007,{"1":6481},0.881007,0.109840,0.009153,0.000000,0.881007,0.000000,0.000000
0.050534684,2,117,snapshot,64,6481,1.000000,1.000000,1.000000,{"1":6481},1.000000,0.000000,0.000000,0.000000,1.000000,0.000000,-1.000000
0.050534684,2,117,snapshot,256,6481,1.000000,1.000000,1.000000,{"1":6481},1.000000,0.000000,0.000000,0.000000,1.000000,0.000000,-1.000000
0.050534684,2,117,snapshot,1024,6481,1.000000,1.000000,1.000000,{"1":6481},1.000000,0.000000,0.000000,0.000000,1.000000,0.000000,-1.000000
0.050534684,2,117,snapshot,4096,1636,0.986553,0.994499,0.986553,{"1":6481},0.986553,0.009780,0.003667,0.000000,0.986553,0.000000,0.000000
0.050534684,2,117,snapshot,16384,437,0.881007,0.956885,0.881007,{"1":6481},0.881007,0.109840,0.009153,0.000000,0.881007,0.000000,0.000000
0.050768464,2,118,read_only,64,1,1.000000,1.000000,1.000000,{"1":1},1.000000,0.000000,0.000000,0.000000,1.000000,0.000000,-1.000000
0.050768464,2,118,union,64,1,1.000000,1.000000,1.000000,{"1":1},1.000000,0.000000,0.000000,0.000000,1.000000,0.000000,-1.000000
0.050768464,2,118,snapshot,64,6482,1.000000,1.000000,1.000000,{"1":6482},1.000000,0.000000,0.000000,0.000000,1.000000,0.000000,-1.000000
0.050768464,2,118,read_only,256,1,1.000000,1.000000,1.000000,{"1":1},1.000000,0.000000,0.000000,0.000000,1.000000,0.000000,-1.000000
0.050768464,2,118,union,256,1,1.000000,1.000000,1.000000,{"1":1},1.000000,0.000000,0.000000,0.000000,1.000000,0.000000,-1.000000
0.050768464,2,118,snapshot,256,6482,1.000000,1.000000,1.000000,{"1":6482},1.000000,0.000000,0.000000,0.000000,1.000000,0.000000,-1.000000
0.050768464,2,118,read_only,1024,1,1.000000,1.000000,1.000000,{"1":1},1.000000,0.000000,0.000000,0.000000,1.000000,0.000000,-1.000000
0.050768464,2,118,union,1024,1,1.000000,1.000000,1.000000,{"1":1},1.000000,0.000000,0.000000,0.000000,1.000000,0.000000,-1.000000
0.050768464,2,118,snapshot,1024,6482,1.000000,1.000000,1.000000,{"1":6482},1.000000,0.000000,0.000000,0.000000,1.000000,0.000000,-1.000000
0.050768464,2,118,read_only,4096,1,1.000000,1.000000,1.000000,{"1":1},1.000000,0.000000,0.000000,0.000000,1.000000,0.000000,-1.000000
0.050768464,2,118,union,4096,1,1.000000,1.000000,1.000000,{"1":1},1.000000,0.000000,0.000000,0.000000,1.000000,0.000000,-1.000000
0.050768464,2,118,snapshot,4096,1636,0.986553,0.994499,0.986553,{"1":6482},0.986553,0.009780,0.003667,0.000000,0.986553,0.000000,0.000000
0.050768464,2,118,read_only,16384,1,1.000000,1.000000,1.000000,{"1":1},1.000000,0.000000,0.000000,0.000000,1.000000,0.000000,-1.000000
0.050768464,2,118,union,16384,1,1.000000,1.000000,1.000000,{"1":1},1.000000,0.000000,0.000000,0.000000,1.000000,0.000000,-1.000000
0.050768464,2,118,snapshot,16384,437,0.881007,0.956785,0.881007,{"1":6482},0.881007,0.109840,0.009153,0.000000,0.881007,0.000000,0.000000
0.051001672,2,119,snapshot,64,6482,1.000000,1.000000,1.000000,{"1":6482},1.000000,0.000000,0.000000,0.000000,1.000000,0.000000,-1.000000
0.051001672,2,119,snapshot,256,6482,1.000000,1.000000,1.000000,{"1":6482},1.000000,0.000000,0.000000,0.000000,1.000000,0.000000,-1.000000
0.051001672,2,119,snapshot,1024,6482,1.000000,1.000000,1.000000,{"1":6482},1.000000,0.000000,0.000000,0.000000,1.000000,0.000000,-1.000000
0.051001672,2,119,snapshot,4096,1636,0.986553,0.994499,0.986553,{"1":6482},0.986553,0.009780,0.003667,0.000000,0.986553,0.000000,0.000000
0.051001672,2,119,snapshot,16384,437,0.881007,0.956785,0.881007,{"1":6482},0.881007,0.109840,0.009153,0.000000,0.881007,0.000000,0.000000
0.051264440,2,120,read_only,64,16,1.000000,1.000000,1.000000,{"1":16},1.000000,0.000000,0.000000,0.000000,1.000000,0.000000,-1.000000
0.051264440,2,120,union,64,16,1.000000,1.000000,1.000000,{"1":16},1.000000,0.000000,0.000000,0.000000,1.000000,0.000000,-1.000000
0.051264440,2,120,snapshot,64,6483,1.000000,1.000000,1.000000,{"1":6483},1.000000,0.000000,0.000000,0.000000,1.000000,0.000000,-1.000000
0.051264440,2,120,read_only,256,16,1.000000,1.000000,1.000000,{"1":16},1.000000,0.000000,0.000000,0.000000,1.000000,0.000000,-1.000000
0.051264440,2,120,union,256,16,1.000000,1.000000,1.000000,{"1":16},1.000000,0.000000,0.000000,0.000000,1.000000,0.000000,-1.000000
0.051264440,2,120,snapshot,256,6483,1.000000,1.000000,1.000000,{"1":6483},1.000000,0.000000,0.000000,0.000000,1.000000,0.000000,-1.000000
0.051264440,2,120,read_only,1024,16,1.000000,1.000000,1.000000,{"1":16},1.000000,0.000000,0.000000,0.000000,1.000000,0.000000,-1.000000
0.051264440,2,120,union,1024,16,1.000000,1.000000,1.000000,{"1":16},1.000000,0.000000,0.000000,0.000000,1.000000,0.000000,-1.000000
0.051264440,2,120,snapshot,1024,6483,1.000000,1.000000,1.000000,{"1":6483},1.000000,0.000000,0.000000,0.000000,1.000000,0.000000,-1.000000
0.051264440,2,120,read_only,4096,6,1.000000,1.000000,1.000000,{"1":16},1.000000,0.000000,0.000000,0.000000,1.000000,0.000000,-1.000000
0.051264440,2,120,union,4096,6,1.000000,1.000000,1.000000,{"1":16},1.000000,0.000000,0.000000,0.000000,1.000000,0.000000,-1.000000
0.051264440,2,120,snapshot,4096,1641,0.986594,0.994516,0.986594,{"1":6483},0.986594,0.009750,0.003656,0.000000,0.986594,0.000000,0.000000
0.051264440,2,120,read_only,16384,3,0.666667,0.925926,0.666667,{"1":16},0.666667,0.333333,0.000000,0.000000,0.666667,0.000000,0.000000
0.051264440,2,120,union,16384,3,0.666667,0.925926,0.666667,{"1":16},0.666667,0.333333,0.000000,0.000000,0.666667,0.000000,0.000000
0.051264440,2,120,snapshot,16384,440,0.879545,0.956443,0.879545,{"1":6483},0.879545,0.111364,0.009091,0.000000,0.879545,0.000000,0.000000
0.051506004,2,121,snapshot,64,6483,1.000000,1.000000,1.000000,{"1":6483},1.000000,0.000000,0.000000,0.000000,1.000000,0.000000,-1.000000
0.051506004,2,121,snapshot,256,6483,1.000000,1.000000,1.000000,{"1":6483},1.000000,0.000000,0.000000,0.000000,1.000000,0.000000,-1.000000
0.051506004,2,121,snapshot,1024,6483,1.000000,1.000000,1.000000,{"1":6483},1.000000,0.000000,0.000000,0.000000,1.000000,0.000000,-1.000000
0.051506004,2,121,snapshot,4096,1641,0.986594,0.994516,0.986594,{"1":6483},0.986594,0.009750,0.003656,0.000000,0.986594,0.000000,0.000000
0.051506004,2,121,snapshot,16384,440,0.879545,0.956443,0.879545,{"1":6483},0.879545,0.111364,0.009091,0.000000,0.879545,0.000000,0.000000
0.051758008,2,122,read_only,64,155,1.000000,1.000000,1.000000,{"1":155},1.000000,0.000000,0.000000,0.000000,1.000000,0.000000,-1.000000
0.051758008,2,122,union,64,155,1.000000,1.000000,1.000000,{"1":155},1.000000,0.000000,0.000000,0.000000,1.000000,0.000000,-1.000000
0.051758008,2,122,snapshot,64,6588,1.000000,1.000000,1.000000,{"1":6588},1.000000,0.000000,0.000000,0.000000,1.000000,0.000000,-1.000000
0.051758008,2,122,read_only,256,155,1.000000,1.000000,1.000000,{"1":155},1.000000,0.000000,0.000000,0.000000,1.000000,0.000000,-1.000000
0.051758008,2,122,union,256,155,1.000000,1.000000,1.000000,{"1":155},1.000000,0.000000,0.000000,0.000000,1.000000,0.000000,-1.000000
0.051758008,2,122,snapshot,256,6588,1.000000,1.000000,1.000000,{"1":6588},1.000000,0.000000,0.000000,0.000000,1.000000,0.000000,-1.000000
0.051758008,2,122,read_only,1024,155,1.000000,1.000000,1.000000,{"1":155},1.000000,0.000000,0.000000,0.000000,1.000000,0.000000,-1.000000
0.051758008,2,122,union,1024,155,1.000000,1.000000,1.000000,{"1":155},1.000000,0.000000,0.000000,0.000000,1.000000,0.000000,-1.000000
0.051758008,2,122,snapshot,1024,6588,1.000000,1.000000,1.000000,{"1":6588},1.000000,0.000000,0.000000,0.000000,1.000000,0.000000,-1.000000
0.051758008,2,122,read_only,4096,41,1.000000,1.000000,1.000000,{"1":155},1.000000,0.000000,0.000000,0.000000,1.000000,0.000000,-1.000000
0.051758008,2,122,union,4096,41,1.000000,1.000000,1.000000,{"1":155},1.000000,0.000000,0.000000,0.000000,1.000000,0.000000,-1.000000
0.051758008,2,122,snapshot,4096,1667,0.986803,0.994601,0.986803,{"1":6588},0.986803,0.009598,0.003599,0.000000,0.986803,0.000000,0.000000
0.051758008,2,122,read_only,16384,12,1.000000,1.000000,1.000000,{"1":155},1.000000,0.000000,0.000000,0.000000,1.000000,0.000000,-1.000000
0.051758008,2,122,union,16384,12,1.000000,1.000000,1.000000,{"1":155},1.000000,0.000000,0.000000,0.000000,1.000000,0.000000,-1.000000
0.051758008,2,122,snapshot,16384,447,0.883669,0.957814,0.883669,{"1":6588},0.883669,0.107383,0.008949,0.000000,0.883669,0.000000,0.000000
0.051994655,2,123,read_only,64,1,1.000000,1.000000,1.000000,{"1":1},1.000000,0.000000,0.000000,0.000000,1.000000,0.000000,-1.000000
0.051994655,2,123,union,64,1,1.000000,1.000000,1.000000,{"1":1},1.000000,0.000000,0.000000,0.000000,1.000000,0.000000,-1.000000
0.051994655,2,123,snapshot,64,6589,1.000000,1.000000,1.000000,{"1":6589},1.000000,0.000000,0.000000,0.000000,1.000000,0.000000,-1.000000
0.051994655,2,123,read_only,256,1,1.000000,1.000000,1.000000,{"1":1},1.000000,0.000000,0.000000,0.000000,1.000000,0.000000,-1.000000
0.051994655,2,123,union,256,1,1.000000,1.000000,1.000000,{"1":1},1.000000,0.000000,0.000000,0.000000,1.000000,0.000000,-1.000000
0.051994655,2,123,snapshot,256,6589,1.000000,1.000000,1.000000,{"1":6589},1.000000,0.000000,0.000000,0.000000,1.000000,0.000000,-1.000000
0.051994655,2,123,read_only,1024,1,1.000000,1.000000,1.000000,{"1":1},1.000000,0.000000,0.000000,0.000000,1.000000,0.000000,-1.000000
0.051994655,2,123,union,1024,1,1.000000,1.000000,1.000000,{"1":1},1.000000,0.000000,0.000000,0.000000,1.000000,0.000000,-1.000000
0.051994655,2,123,snapshot,1024,6589,1.000000,1.000000,1.000000,{"1":6589},1.000000,0.000000,0.000000,0.000000,1.000000,0.000000,-1.000000
0.051994655,2,123,read_only,4096,1,1.000000,1.000000,1.000000,{"1":1},1.000000,0.000000,0.000000,0.000000,1.000000,0.000000,-1.000000
0.051994655,2,123,union,4096,1,1.000000,1.000000,1.000000,{"1":1},1.000000,0.000000,0.000000,0.000000,1.000000,0.000000,-1.000000
0.051994655,2,123,snapshot,4096,1667,0.986803,0.994601,0.986803,{"1":6589},0.986803,0.009598,0.003599,0.000000,0.986803,0.000000,0.000000
0.051994655,2,123,read_only,16384,1,1.000000,1.000000,1.000000,{"1":1},1.000000,0.000000,0.000000,0.000000,1.000000,0.000000,-1.000000
0.051994655,2,123,union,16384,1,1.000000,1.000000,1.000000,{"1":1},1.000000,0.000000,0.000000,0.000000,1.000000,0.000000,-1.000000
0.051994655,2,123,snapshot,16384,447,0.883669,0.957814,0.883669,{"1":6589},0.883669,0.107383,0.008949,0.000000,0.883669,0.000000,0.000000
0.052228225,2,124,snapshot,64,6589,1.000000,1.000000,1.000000,{"1":6589},1.000000,0.000000,0.000000,0.000000,1.000000,0.000000,-1.000000
0.052228225,2,124,snapshot,256,6589,1.000000,1.000000,1.000000,{"1":6589},1.000000,0.000000,0.000000,0.000000,1.000000,0.000000,-1.000000
0.052228225,2,124,snapshot,1024,6589,1.000000,1.000000,1.000000,{"1":6589},1.000000,0.000000,0.000000,0.000000,1.000000,0.000000,-1.000000
0.052228225,2,124,snapshot,4096,1667,0.986803,0.994601,0.986803,{"1":6589},0.986803,0.009598,0.003599,0.000000,0.986803,0.000000,0.000000
0.052228225,2,124,snapshot,16384,447,0.883669,0.957814,0.883669,{"1":6589},0.883669,0.107383,0.008949,0.000000,0.883669,0.000000,0.000000
0.052462547,2,125,snapshot,64,6589,1.000000,1.000000,1.000000,{"1":6589},1.000000,0.000000,0.000000,0.000000,1.000000,0.000000,-1.000000
0.052462547,2,125,snapshot,256,6589,1.000000,1.000000,1.000000,{"1":6589},1.000000,0.000000,0.000000,0.000000,1.000000,0.000000,-1.000000
0.052462547,2,125,snapshot,1024,6589,1.000000,1.000000,1.000000,{"1":6589},1.000000,0.000000,0.000000,0.000000,1.000000,0.000000,-1.000000
0.052462547,2,125,snapshot,4096,1667,0.986803,0.994601,0.986803,{"1":6589},0.986803,0.009598,0.003599,0.000000,0.986803,0.000000,0.000000
0.052462547,2,125,snapshot,16384,447,0.883669,0.957814,0.883669,{"1":6589},0.883669,0.107383,0.008949,0.000000,0.883669,0.000000,0.000000
0.052699741,2,126,read_only,64,1,1.000000,1.000000,1.000000,{"1":1},1.000000,0.000000,0.000000,0.000000,1.000000,0.000000,-1.000000
0.052699741,2,126,union,64,1,1.000000,1.000000,1.000000,{"1":1},1.000000,0.000000,0.000000,0.000000,1.000000,0.000000,-1.000000
0.052699741,2,126,snapshot,64,6590,1.000000,1.000000,1.000000,{"1":6590},1.000000,0.000000,0.000000,0.000000,1.000000,0.000000,-1.000000
0.052699741,2,126,read_only,256,1,1.000000,1.000000,1.000000,{"1":1},1.000000,0.000000,0.000000,0.000000,1.000000,0.000000,-1.000000
0.052699741,2,126,union,256,1,1.000000,1.000000,1.000000,{"1":1},1.000000,0.000000,0.000000,0.000000,1.000000,0.000000,-1.000000
0.052699741,2,126,snapshot,256,6590,1.000000,1.000000,1.000000,{"1":6590},1.000000,0.000000,0.000000,0.000000,1.000000,0.000000,-1.000000
0.052699741,2,126,read_only,1024,1,1.000000,1.000000,1.000000,{"1":1},1.000000,0.000000,0.000000,0.000000,1.000000,0.000000,-1.000000
0.052699741,2,126,union,1024,1,1.000000,1.000000,1.000000,{"1":1},1.000000,0.000000,0.000000,0.000000,1.000000,0.000000,-1.000000
0.052699741,2,126,snapshot,1024,6590,1.000000,1.000000,1.000000,{"1":6590},1.000000,0.000000,0.000000,0.000000,1.000000,0.000000,-1.000000
0.052699741,2,126,read_only,4096,1,1.000000,1.000000,1.000000,{"1":1},1.000000,0.000000,0.000000,0.000000,1.000000,0.000000,-1.000000
0.052699741,2,126,union,4096,1,1.000000,1.000000,1.000000,{"1":1},1.000000,0.000000,0.000000,0.000000,1.000000,0.000000,-1.000000
0.052699741,2,126,snapshot,4096,1667,0.986803,0.994601,0.986803,{"1":6590},0.986803,0.009598,0.003599,0.000000,0.986803,0.000000,0.000000
0.052699741,2,126,read_only,16384,1,1.000000,1.000000,1.000000,{"1":1},1.000000,0.000000,0.000000,0.000000,1.000000,0.000000,-1.000000
0.052699741,2,126,union,16384,1,1.000000,1.000000,1.000000,{"1":1},1.000000,0.000000,0.000000,0.000000,1.000000,0.000000,-1.000000
0.052699741,2,126,snapshot,16384,447,0.883669,0.957814,0.883669,{"1":6590},0.883669,0.107383,0.008949,0.000000,0.883669,0.000000,0.000000
0.052932689,2,127,snapshot,64,6590,1.000000,1.000000,1.000000,{"1":6590},1.000000,0.000000,0.000000,0.000000,1.000000,0.000000,-1.000000
0.052932689,2,127,snapshot,256,6590,1.000000,1.000000,1.000000,{"1":6590},1.000000,0.000000,0.000000,0.000000,1.000000,0.000000,-1.000000
0.052932689,2,127,snapshot,1024,6590,1.000000,1.000000,1.000000,{"1":6590},1.000000,0.000000,0.000000,0.000000,1.000000,0.000000,-1.000000
0.052932689,2,127,snapshot,4096,1667,0.986803,0.994601,0.986803,{"1":6590},0.986803,0.009598,0.003599,0.000000,0.986803,0.000000,0.000000
0.052932689,2,127,snapshot,16384,447,0.883669,0.957814,0.883669,{"1":6590},0.883669,0.107383,0.008949,0.000000,0.883669,0.000000,0.000000
0.053164909,2,128,snapshot,64,6590,1.000000,1.000000,1.000000,{"1":6590},1.000000,0.000000,0.000000,0.000000,1.000000,0.000000,-1.000000
0.053164909,2,128,snapshot,256,6590,1.000000,1.000000,1.000000,{"1":6590},1.000000,0.000000,0.000000,0.000000,1.000000,0.000000,-1.000000
0.053164909,2,128,snapshot,1024,6590,1.000000,1.000000,1.000000,{"1":6590},1.000000,0.000000,0.000000,0.000000,1.000000,0.000000,-1.000000
0.053164909,2,128,snapshot,4096,1667,0.986803,0.994601,0.986803,{"1":6590},0.986803,0.009598,0.003599,0.000000,0.986803,0.000000,0.000000
0.053164909,2,128,snapshot,16384,447,0.883669,0.957814,0.883669,{"1":6590},0.883669,0.107383,0.008949,0.000000,0.883669,0.000000,0.000000
0.053398054,2,129,snapshot,64,6590,1.000000,1.000000,1.000000,{"1":6590},1.000000,0.000000,0.000000,0.000000,1.000000,0.000000,-1.000000
0.053398054,2,129,snapshot,256,6590,1.000000,1.000000,1.000000,{"1":6590},1.000000,0.000000,0.000000,0.000000,1.000000,0.000000,-1.000000
0.053398054,2,129,snapshot,1024,6590,1.000000,1.000000,1.000000,{"1":6590},1.000000,0.000000,0.000000,0.000000,1.000000,0.000000,-1.000000
0.053398054,2,129,snapshot,4096,1667,0.986803,0.994601,0.986803,{"1":6590},0.986803,0.009598,0.003599,0.000000,0.986803,0.000000,0.000000
0.053398054,2,129,snapshot,16384,447,0.883669,0.957814,0.883669,{"1":6590},0.883669,0.107383,0.008949,0.000000,0.883669,0.000000,0.000000
0.053631017,2,130,snapshot,64,6590,1.000000,1.000000,1.000000,{"1":6590},1.000000,0.000000,0.000000,0.000000,1.000000,0.000000,-1.000000
0.053631017,2,130,snapshot,256,6590,1.000000,1.000000,1.000000,{"1":6590},1.000000,0.000000,0.000000,0.000000,1.000000,0.000000,-1.000000
0.053631017,2,130,snapshot,1024,6590,1.000000,1.000000,1.000000,{"1":6590},1.000000,0.000000,0.000000,0.000000,1.000000,0.000000,-1.000000
0.053631017,2,130,snapshot,4096,1667,0.986803,0.994601,0.986803,{"1":6590},0.986803,0.009598,0.003599,0.000000,0.986803,0.000000,0.000000
0.053631017,2,130,snapshot,16384,447,0.883669,0.957814,0.883669,{"1":6590},0.883669,0.107383,0.008949,0.000000,0.883669,0.000000,0.000000
0.053889425,2,131,read_only,64,3,1.000000,1.000000,1.000000,{"1":3},1.000000,0.000000,0.000000,0.000000,1.000000,0.000000,-1.000000
0.053889425,2,131,union,64,3,1.000000,1.000000,1.000000,{"1":3},1.000000,0.000000,0.000000,0.000000,1.000000,0.000000,-1.000000
0.053889425,2,131,snapshot,64,6593,1.000000,1.000000,1.000000,{"1":6593},1.000000,0.000000,0.000000,0.000000,1.000000,0.000000,-1.000000
0.053889425,2,131,read_only,256,3,1.000000,1.000000,1.000000,{"1":3},1.000000,0.000000,0.000000,0.000000,1.000000,0.000000,-1.000000
0.053889425,2,131,union,256,3,1.000000,1.000000,1.000000,{"1":3},1.000000,0.000000,0.000000,0.000000,1.000000,0.000000,-1.000000
0.053889425,2,131,snapshot,256,6593,1.000000,1.000000,1.000000,{"1":6593},1.000000,0.000000,0.000000,0.000000,1.000000,0.000000,-1.000000
0.053889425,2,131,read_only,1024,3,1.000000,1.000000,1.000000,{"1":3},1.000000,0.000000,0.000000,0.000000,1.000000,0.000000,-1.000000
0.053889425,2,131,union,1024,3,1.000000,1.000000,1.000000,{"1":3},1.000000,0.000000,0.000000,0.000000,1.000000,0.000000,-1.000000
0.053889425,2,131,snapshot,1024,6593,1.000000,1.000000,1.000000,{"1":6593},1.000000,0.000000,0.000000,0.000000,1.000000,0.000000,-1.000000
0.053889425,2,131,read_only,4096,3,1.000000,1.000000,1.000000,{"1":3},1.000000,0.000000,0.000000,0.000000,1.000000,0.000000,-1.000000
0.053889425,2,131,union,4096,3,1.000000,1.000000,1.000000,{"1":3},1.000000,0.000000,0.000000,0.000000,1.000000,0.000000,-1.000000
0.053889425,2,131,snapshot,4096,1667,0.986803,0.994601,0.986803,{"1":6593},0.986803,0.009598,0.003599,0.000000,0.986803,0.000000,0.000000
0.053889425,2,131,read_only,16384,3,1.000000,1.000000,1.000000,{"1":3},1.000000,0.000000,0.000000,0.000000,1.000000,0.000000,-1.000000
0.053889425,2,131,union,16384,3,1.000000,1.000000,1.000000,{"1":3},1.000000,0.000000,0.000000,0.000000,1.000000,0.000000,-1.000000
0.053889425,2,131,snapshot,16384,447,0.883669,0.957728,0.883669,{"1":6593},0.883669,0.107383,0.008949,0.000000,0.883669,0.000000,0.000000
0.054402127,2,132,read_only,64,637,1.000000,1.000000,1.000000,{"1":637},1.000000,0.000000,0.000000,0.000000,1.000000,0.000000,-1.000000
0.054402127,2,132,union,64,637,1.000000,1.000000,1.000000,{"1":637},1.000000,0.000000,0.000000,0.000000,1.000000,0.000000,-1.000000
0.054402127,2,132,snapshot,64,7083,1.000000,1.000000,1.000000,{"1":7083},1.000000,0.000000,0.000000,0.000000,1.000000,0.000000,-1.000000
0.054402127,2,132,read_only,256,637,1.000000,1.000000,1.000000,{"1":637},1.000000,0.000000,0.000000,0.000000,1.000000,0.000000,-1.000000
0.054402127,2,132,union,256,637,1.000000,1.000000,1.000000,{"1":637},1.000000,0.000000,0.000000,0.000000,1.000000,0.000000,-1.000000
0.054402127,2,132,snapshot,256,7083,1.000000,1.000000,1.000000,{"1":7083},1.000000,0.000000,0.000000,0.000000,1.000000,0.000000,-1.000000
0.054402127,2,132,read_only,1024,637,1.000000,1.000000,1.000000,{"1":637},1.000000,0.000000,0.000000,0.000000,1.000000,0.000000,-1.000000
0.054402127,2,132,union,1024,637,1.000000,1.000000,1.000000,{"1":637},1.000000,0.000000,0.000000,0.000000,1.000000,0.000000,-1.000000
0.054402127,2,132,snapshot,1024,7083,1.000000,1.000000,1.000000,{"1":7083},1.000000,0.000000,0.000000,0.000000,1.000000,0.000000,-1.000000
0.054402127,2,132,read_only,4096,166,1.000000,1.000000,1.000000,{"1":637},1.000000,0.000000,0.000000,0.000000,1.000000,0.000000,-1.000000
0.054402127,2,132,union,4096,166,1.000000,1.000000,1.000000,{"1":637},1.000000,0.000000,0.000000,0.000000,1.000000,0.000000,-1.000000
0.054402127,2,132,snapshot,4096,1796,0.988307,0.995267,0.988307,{"1":7083},0.988307,0.008352,0.003341,0.000000,0.988307,0.000000,0.000000
0.054402127,2,132,read_only,16384,47,1.000000,1.000000,1.000000,{"1":637},1.000000,0.000000,0.000000,0.000000,1.000000,0.000000,-1.000000
0.054402127,2,132,union,16384,47,1.000000,1.000000,1.000000,{"1":637},1.000000,0.000000,0.000000,0.000000,1.000000,0.000000,-1.000000
0.054402127,2,132,snapshot,16384,485,0.896907,0.963337,0.896907,{"1":7083},0.896907,0.094845,0.008247,0.000000,0.896907,0.000000,0.000000
0.054674717,2,133,read_only,64,26,1.000000,1.000000,1.000000,{"1":26},1.000000,0.000000,0.000000,0.000000,1.000000,0.000000,-1.000000
0.054674717,2,133,union,64,26,1.000000,1.000000,1.000000,{"1":26},1.000000,0.000000,0.000000,0.000000,1.000000,0.000000,-1.000000
0.054674717,2,133,snapshot,64,7101,1.000000,1.000000,1.000000,{"1":7101},1.000000,0.000000,0.000000,0.000000,1.000000,0.000000,-1.000000
0.054674717,2,133,read_only,256,26,1.000000,1.000000,1.000000,{"1":26},1.000000,0.000000,0.000000,0.000000,1.000000,0.000000,-1.000000
0.054674717,2,133,union,256,26,1.000000,1.000000,1.000000,{"1":26},1.000000,0.000000,0.000000,0.000000,1.000000,0.000000,-1.000000
0.054674717,2,133,snapshot,256,7101,1.000000,1.000000,1.000000,{"1":7101},1.000000,0.000000,0.000000,0.000000,1.000000,0.000000,-1.000000
0.054674717,2,133,read_only,1024,26,1.000000,1.000000,1.000000,{"1":26},1.000000,0.000000,0.000000,0.000000,1.000000,0.000000,-1.000000
0.054674717,2,133,union,1024,26,1.000000,1.000000,1.000000,{"1":26},1.000000,0.000000,0.000000,0.000000,1.000000,0.000000,-1.000000
0.054674717,2,133,snapshot,1024,7101,1.000000,1.000000,1.000000,{"1":7101},1.000000,0.000000,0.000000,0.000000,1.000000,0.000000,-1.000000
0.054674717,2,133,read_only,4096,8,1.000000,1.000000,1.000000,{"1":26},1.000000,0.000000,0.000000,0.000000,1.000000,0.000000,-1.000000
0.054674717,2,133,union,4096,8,1.000000,1.000000,1.000000,{"1":26},1.000000,0.000000,0.000000,0.000000,1.000000,0.000000,-1.000000
0.054674717,2,133,snapshot,4096,1799,0.988327,0.995275,0.988327,{"1":7101},0.988327,0.008338,0.003335,0.000000,0.988327,0.000000,0.000000
0.054674717,2,133,read_only,16384,8,1.000000,1.000000,1.000000,{"1":26},1.000000,0.000000,0.000000,0.000000,1.000000,0.000000,-1.000000
0.054674717,2,133,union,16384,8,1.000000,1.000000,1.000000,{"1":26},1.000000,0.000000,0.000000,0.000000,1.000000,0.000000,-1.000000
0.054674717,2,133,snapshot,16384,484,0.896694,0.963261,0.896694,{"1":7101},0.896694,0.095041,0.008264,0.000000,0.896694,0.000000,0.000000
0.054913493,2,134,read_only,64,6,1.000000,1.000000,1.000000,{"1":5,"2":1},0.833333,0.166667,0.000000,0.000000,0.833333,0.166667,1.000000
0.054913493,2,134,union,64,6,1.000000,1.000000,1.000000,{"1":5,"2":1},0.833333,0.166667,0.000000,0.000000,0.833333,0.166667,1.000000
0.054913493,2,134,snapshot,64,7102,1.000000,1.000000,1.000000,{"1":7101,"2":1},0.999859,0.000141,0.000000,0.000000,0.999859,0.000141,1.000000
0.054913493,2,134,read_only,256,6,1.000000,1.000000,1.000000,{"1":5,"2":1},0.833333,0.166667,0.000000,0.000000,0.833333,0.166667,1.000000
0.054913493,2,134,union,256,6,1.000000,1.000000,1.000000,{"1":5,"2":1},0.833333,0.166667,0.000000,0.000000,0.833333,0.166667,1.000000
0.054913493,2,134,snapshot,256,7102,1.000000,1.000000,1.000000,{"1":7101,"2":1},0.999859,0.000141,0.000000,0.000000,0.999859,0.000141,1.000000
0.054913493,2,134,read_only,1024,6,1.000000,1.000000,1.000000,{"1":5,"2":1},0.833333,0.166667,0.000000,0.000000,0.833333,0.166667,1.000000
0.054913493,2,134,union,1024,6,1.000000,1.000000,1.000000,{"1":5,"2":1},0.833333,0.166667,0.000000,0.000000,0.833333,0.166667,1.000000
0.054913493,2,134,snapshot,1024,7102,1.000000,1.000000,1.000000,{"1":7101,"2":1},0.999859,0.000141,0.000000,0.000000,0.999859,0.000141,1.000000
0.054913493,2,134,read_only,4096,3,1.000000,1.000000,1.000000,{"1":5,"2":1},0.666667,0.333333,0.000000,0.000000,0.666667,0.333333,1.000000
0.054913493,2,134,union,4096,3,1.000000,1.000000,1.000000,{"1":5,"2":1},0.666667,0.333333,0.000000,0.000000,0.666667,0.333333,1.000000
0.054913493,2,134,snapshot,4096,1800,0.988333,0.995278,0.988333,{"1":7101,"2":1},0.987778,0.008889,0.003333,0.000000,0.987778,0.000556,0.045455
0.054913493,2,134,read_only,16384,2,1.000000,1.000000,1.000000,{"1":5,"2":1},0.500000,0.500000,0.000000,0.000000,0.500000,0.500000,1.000000
0.054913493,2,134,union,16384,2,1.000000,1.000000,1.000000,{"1":5,"2":1},0.500000,0.500000,0.000000,0.000000,0.500000,0.500000,1.000000
0.054913493,2,134,snapshot,16384,485,0.896907,0.962764,0.896907,{"1":7101,"2":1},0.894845,0.096907,0.008247,0.000000,0.894845,0.002062,0.019608
0.055551081,2,135,read_only,64,349,1.000000,1.000000,1.000000,{"1":349},1.000000,0.000000,0.000000,0.000000,1.000000,0.000000,-1.000000
0.055551081,2,135,union,64,349,1.000000,1.000000,1.000000,{"1":349},1.000000,0.000000,0.000000,0.000000,1.000000,0.000000,-1.000000
0.055551081,2,135,snapshot,64,7325,1.000000,1.000000,1.000000,{"1":7324,"2":1},0.999863,0.000137,0.000000,0.000000,0.999863,0.000137,1.000000
0.055551081,2,135,read_only,256,349,1.000000,1.000000,1.000000,{"1":349},1.000000,0.000000,0.000000,0.000000,1.000000,0.000000,-1.000000
0.055551081,2,135,union,256,349,1.000000,1.000000,1.000000,{"1":349},1.000000,0.000000,0.000000,0.000000,1.000000,0.000000,-1.000000
0.055551081,2,135,snapshot,256,7325,1.000000,1.000000,1.000000,{"1":7324,"2":1},0.999863,0.000137,0.000000,0.000000,0.999863,0.000137,1.000000
0.055551081,2,135,read_only,1024,349,1.000000,1.000000,1.000000,{"1":349},1.000000,0.000000,0.000000,0.000000,1.000000,0.000000,-1.000000
0.055551081,2,135,union,1024,349,1.000000,1.000000,1.000000,{"1":349},1.000000,0.000000,0.000000,0.000000,1.000000,0.000000,-1.000000
0.055551081,2,135,snapshot,1024,7325,1.000000,1.000000,1.000000,{"1":7324,"2":1},0.999863,0.000137,0.000000,0.000000,0.999863,0.000137,1.000000
0.055551081,2,135,read_only,4096,91,1.000000,1.000000,1.000000,{"1":349},1.000000,0.000000,0.000000,0.000000,1.000000,0.000000,-1.000000
0.055551081,2,135,union,4096,91,1.000000,1.000000,1.000000,{"1":349},1.000000,0.000000,0.000000,0.000000,1.000000,0.000000,-1.000000
0.055551081,2,135,snapshot,4096,1854,0.989213,0.995550,0.989213,{"1":7324,"2":1},0.988673,0.008091,0.003236,0.000000,0.988673,0.000539,0.047619
0.055551081,2,135,read_only,16384,26,0.884615,0.942308,0.884615,{"1":349},0.884615,0.115385,0.000000,0.000000,0.884615,0.000000,0.000000
0.055551081,2,135,union,16384,26,0.884615,0.942308,0.884615,{"1":349},0.884615,0.115385,0.000000,0.000000,0.884615,0.000000,0.000000
0.055551081,2,135,snapshot,16384,501,0.902196,0.963051,0.902196,{"1":7324,"2":1},0.900200,0.091816,0.007984,0.000000,0.900200,0.001996,0.020000
0.055956919,2,136,read_only,64,296,1.000000,1.000000,1.000000,{"1":296},1.000000,0.000000,0.000000,0.000000,1.000000,0.000000,-1.000000
0.055956919,2,136,union,64,304,1.000000,1.000000,1.000000,{"1":304},1.000000,0.000000,0.000000,0.000000,1.000000,0.000000,-1.000000
0.055956919,2,136,snapshot,64,7493,1.000000,1.000000,1.000000,{"1":7492,"2":1},0.999867,0.000133,0.000000,0.000000,0.999867,0.000133,1.000000
0.055956919,2,136,read_only,256,296,1.000000,1.000000,1.000000,{"1":296},1.000000,0.000000,0.000000,0.000000,1.000000,0.000000,-1.000000
0.055956919,2,136,union,256,304,1.000000,1.000000,1.000000,{"1":304},1.000000,0.000000,0.000000,0.000000,1.000000,0.000000,-1.000000
0.055956919,2,136,snapshot,256,7493,1.000000,1.000000,1.000000,{"1":7492,"2":1},0.999867,0.000133,0.000000,0.000000,0.999867,0.000133,1.000000
0.055956919,2,136,read_only,1024,296,1.000000,1.000000,1.000000,{"1":296},1.000000,0.000000,0.000000,0.000000,1.000000,0.000000,-1.000000
0.055956919,2,136,union,1024,304,1.000000,1.000000,1.000000,{"1":304},1.000000,0.000000,0.000000,0.000000,1.000000,0.000000,-1.000000
0.055956919,2,136,snapshot,1024,7493,1.000000,1.000000,1.000000,{"1":7492,"2":1},0.999867,0.000133,0.000000,0.000000,0.999867,0.000133,1.000000
0.055956919,2,136,read_only,4096,79,0.949367,0.976793,0.949367,{"1":296},0.949367,0.050633,0.000000,0.000000,0.949367,0.000000,0.000000
0.055956919,2,136,union,4096,85,0.952941,0.978431,0.952941,{"1":304},0.952941,0.047059,0.000000,0.000000,0.952941,0.000000,0.000000
0.055956919,2,136,snapshot,4096,1904,0.987395,0.994704,0.987395,{"1":7492,"2":1},0.986870,0.009979,0.003151,0.000000,0.986870,0.000525,0.040000
0.055956919,2,136,read_only,16384,27,0.333333,0.696016,0.333333,{"1":296},0.333333,0.370370,0.296296,0.000000,0.333333,0.000000,0.000000
0.055956919,2,136,union,16384,31,0.419355,0.735239,0.419355,{"1":304},0.419355,0.322581,0.258065,0.000000,0.419355,0.000000,0.000000
0.055956919,2,136,snapshot,16384,524,0.875954,0.950886,0.875954,{"1":7492,"2":1},0.874046,0.103053,0.022901,0.000000,0.874046,0.001908,0.015152
0.057023865,2,137,read_only,64,961,1.000000,1.000000,1.000000,{"1":961},1.000000,0.000000,0.000000,0.000000,1.000000,0.000000,-1.000000
0.057023865,2,137,union,64,971,1.000000,1.000000,1.000000,{"1":971},1.000000,0.000000,0.000000,0.000000,1.000000,0.000000,-1.000000
0.057023865,2,137,snapshot,64,7925,1.000000,1.000000,1.000000,{"1":7924,"2":1},0.999874,0.000126,0.000000,0.000000,0.999874,0.000126,1.000000
0.057023865,2,137,read_only,256,961,1.000000,1.000000,1.000000,{"1":961},1.000000,0.000000,0.000000,0.000000,1.000000,0.000000,-1.000000
0.057023865,2,137,union,256,971,1.000000,1.000000,1.000000,{"1":971},1.000000,0.000000,0.000000,0.000000,1.000000,0.000000,-1.000000
0.057023865,2,137,snapshot,256,7925,1.000000,1.000000,1.000000,{"1":7924,"2":1},0.999874,0.000126,0.000000,0.000000,0.999874,0.000126,1.000000
0.057023865,2,137,read_only,1024,961,1.000000,1.000000,1.000000,{"1":961},1.000000,0.000000,0.000000,0.000000,1.000000,0.000000,-1.000000
0.057023865,2,137,union,1024,971,1.000000,1.000000,1.000000,{"1":971},1.000000,0.000000,0.000000,0.000000,1.000000,0.000000,-1.000000
0.057023865,2,137,snapshot,1024,7925,1.000000,1.000000,1.000000,{"1":7924,"2":1},0.999874,0.000126,0.000000,0.000000,0.999874,0.000126,1.000000
0.057023865,2,137,read_only,4096,278,1.000000,1.000000,1.000000,{"1":961},1.000000,0.000000,0.000000,0.000000,1.000000,0.000000,-1.000000
0.057023865,2,137,union,4096,281,0.996441,0.998221,0.996441,{"1":971},0.996441,0.003559,0.000000,0.000000,0.996441,0.000000,0.000000
0.057023865,2,137,snapshot,4096,2075,0.988434,0.995060,0.988434,{"1":7924,"2":1},0.987952,0.009157,0.002892,0.000000,0.987952,0.000482,0.040000
0.057023865,2,137,read_only,16384,78,0.935897,0.978276,0.935897,{"1":961},0.935897,0.064103,0.000000,0.000000,0.935897,0.000000,0.000000
0.057023865,2,137,union,16384,80,0.912500,0.966319,0.912500,{"1":971},0.912500,0.087500,0.000000,0.000000,0.912500,0.000000,0.000000
0.057023865,2,137,snapshot,16384,576,0.892361,0.957036,0.892361,{"1":7924,"2":1},0.890625,0.088542,0.020833,0.000000,0.890625,0.001736,0.015873
0.057270598,2,138,read_only,64,11,1.000000,1.000000,1.000000,{"1":11},1.000000,0.000000,0.000000,0.000000,1.000000,0.000000,-1.000000
0.057270598,2,138,union,64,11,1.000000,1.000000,1.000000,{"1":11},1.000000,0.000000,0.000000,0.000000,1.000000,0.000000,-1.000000
0.057270598,2,138,snapshot,64,7928,1.000000,1.000000,1.000000,{"1":7927,"2":1},0.999874,0.000126,0.000000,0.000000,0.999874,0.000126,1.000000
0.057270598,2,138,read_only,256,11,1.000000,1.000000,1.000000,{"1":11},1.000000,0.000000,0.000000,0.000000,1.000000,0.000000,-1.000000
0.057270598,2,138,union,256,11,1.000000,1.000000,1.000000,{"1":11},1.000000,0.000000,0.000000,0.000000,1.000000,0.000000,-1.000000
0.057270598,2,138,snapshot,256,7928,1.000000,1.000000,1.000000,{"1":7927,"2":1},0.999874,0.000126,0.000000,0.000000,0.999874,0.000126,1.000000
0.057270598,2,138,read_only,1024,11,1.000000,1.000000,1.000000,{"1":11},1.000000,0.000000,0.000000,0.000000,1.000000,0.000000,-1.000000
0.057270598,2,138,union,1024,11,1.000000,1.000000,1.000000,{"1":11},1.000000,0.000000,0.000000,0.000000,1.000000,0.000000,-1.000000
0.057270598,2,138,snapshot,1024,7928,1.000000,1.000000,1.000000,{"1":7927,"2":1},0.999874,0.000126,0.000000,0.000000,0.999874,0.000126,1.000000
0.057270598,2,138,read_only,4096,11,1.000000,1.000000,1.000000,{"1":11},1.000000,0.000000,0.000000,0.000000,1.000000,0.000000,-1.000000
0.057270598,2,138,union,4096,11,1.000000,1.000000,1.000000,{"1":11},1.000000,0.000000,0.000000,0.000000,1.000000,0.000000,-1.000000
0.057270598,2,138,snapshot,4096,2073,0.988423,0.995055,0.988423,{"1":7927,"2":1},0.987940,0.009165,0.002894,0.000000,0.987940,0.000482,0.040000
0.057270598,2,138,read_only,16384,9,1.000000,1.000000,1.000000,{"1":11},1.000000,0.000000,0.000000,0.000000,1.000000,0.000000,-1.000000
0.057270598,2,138,union,16384,9,1.000000,1.000000,1.000000,{"1":11},1.000000,0.000000,0.000000,0.000000,1.000000,0.000000,-1.000000
0.057270598,2,138,snapshot,16384,576,0.892361,0.956920,0.892361,{"1":7927,"2":1},0.890625,0.088542,0.020833,0.000000,0.890625,0.001736,0.015873
0.057508932,2,139,snapshot,64,7928,1.000000,1.000000,1.000000,{"1":7927,"2":1},0.999874,0.000126,0.000000,0.000000,0.999874,0.000126,1.000000
0.057508932,2,139,snapshot,256,7928,1.000000,1.000000,1.000000,{"1":7927,"2":1},0.999874,0.000126,0.000000,0.000000,0.999874,0.000126,1.000000
0.057508932,2,139,snapshot,1024,7928,1.000000,1.000000,1.000000,{"1":7927,"2":1},0.999874,0.000126,0.000000,0.000000,0.999874,0.000126,1.000000
0.057508932,2,139,snapshot,4096,2073,0.988423,0.995055,0.988423,{"1":7927,"2":1},0.987940,0.009165,0.002894,0.000000,0.987940,0.000482,0.040000
0.057508932,2,139,snapshot,16384,576,0.892361,0.956920,0.892361,{"1":7927,"2":1},0.890625,0.088542,0.020833,0.000000,0.890625,0.001736,0.015873
0.057747169,2,140,snapshot,64,7928,1.000000,1.000000,1.000000,{"1":7927,"2":1},0.999874,0.000126,0.000000,0.000000,0.999874,0.000126,1.000000
0.057747169,2,140,snapshot,256,7928,1.000000,1.000000,1.000000,{"1":7927,"2":1},0.999874,0.000126,0.000000,0.000000,0.999874,0.000126,1.000000
0.057747169,2,140,snapshot,1024,7928,1.000000,1.000000,1.000000,{"1":7927,"2":1},0.999874,0.000126,0.000000,0.000000,0.999874,0.000126,1.000000
0.057747169,2,140,snapshot,4096,2073,0.988423,0.995055,0.988423,{"1":7927,"2":1},0.987940,0.009165,0.002894,0.000000,0.987940,0.000482,0.040000
0.057747169,2,140,snapshot,16384,576,0.892361,0.956920,0.892361,{"1":7927,"2":1},0.890625,0.088542,0.020833,0.000000,0.890625,0.001736,0.015873
0.057994530,2,141,read_only,64,15,1.000000,1.000000,1.000000,{"1":15},1.000000,0.000000,0.000000,0.000000,1.000000,0.000000,-1.000000
0.057994530,2,141,union,64,15,1.000000,1.000000,1.000000,{"1":15},1.000000,0.000000,0.000000,0.000000,1.000000,0.000000,-1.000000
0.057994530,2,141,snapshot,64,7943,1.000000,1.000000,1.000000,{"1":7942,"2":1},0.999874,0.000126,0.000000,0.000000,0.999874,0.000126,1.000000
0.057994530,2,141,read_only,256,15,1.000000,1.000000,1.000000,{"1":15},1.000000,0.000000,0.000000,0.000000,1.000000,0.000000,-1.000000
0.057994530,2,141,union,256,15,1.000000,1.000000,1.000000,{"1":15},1.000000,0.000000,0.000000,0.000000,1.000000,0.000000,-1.000000
0.057994530,2,141,snapshot,256,7943,1.000000,1.000000,1.000000,{"1":7942,"2":1},0.999874,0.000126,0.000000,0.000000,0.999874,0.000126,1.000000
0.057994530,2,141,read_only,1024,15,1.000000,1.000000,1.000000,{"1":15},1.000000,0.000000,0.000000,0.000000,1.000000,0.000000,-1.000000
0.057994530,2,141,union,1024,15,1.000000,1.000000,1.000000,{"1":15},1.000000,0.000000,0.000000,0.000000,1.000000,0.000000,-1.000000
0.057994530,2,141,snapshot,1024,7943,1.000000,1.000000,1.000000,{"1":7942,"2":1},0.999874,0.000126,0.000000,0.000000,0.999874,0.000126,1.000000
0.057994530,2,141,read_only,4096,5,1.000000,1.000000,1.000000,{"1":15},1.000000,0.000000,0.000000,0.000000,1.000000,0.000000,-1.000000
0.057994530,2,141,union,4096,5,1.000000,1.000000,1.000000,{"1":15},1.000000,0.000000,0.000000,0.000000,1.000000,0.000000,-1.000000
0.057994530,2,141,snapshot,4096,2078,0.988450,0.995067,0.988450,{"1":7942,"2":1},0.987969,0.009143,0.002887,0.000000,0.987969,0.000481,0.040000
0.057994530,2,141,read_only,16384,2,1.000000,1.000000,1.000000,{"1":15},1.000000,0.000000,0.000000,0.000000,1.000000,0.000000,-1.000000
0.057994530,2,141,union,16384,2,1.000000,1.000000,1.000000,{"1":15},1.000000,0.000000,0.000000,0.000000,1.000000,0.000000,-1.000000
0.057994530,2,141,snapshot,16384,578,0.892734,0.957069,0.892734,{"1":7942,"2":1},0.891003,0.088235,0.020761,0.000000,0.891003,0.001730,0.015873
0.058241757,2,142,snapshot,64,7943,1.000000,1.000000,1.000000,{"1":7942,"2":1},0.999874,0.000126,0.000000,0.000000,0.999874,0.000126,1.000000
0.058241757,2,142,snapshot,256,7943,1.000000,1.000000,1.000000,{"1":7942,"2":1},0.999874,0.000126,0.000000,0.000000,0.999874,0.000126,1.000000
0.058241757,2,142,snapshot,1024,7943,1.000000,1.000000,1.000000,{"1":7942,"2":1},0.999874,0.000126,0.000000,0.000000,0.999874,0.000126,1.000000
0.058241757,2,142,snapshot,4096,2078,0.988450,0.995067,0.988450,{"1":7942,"2":1},0.987969,0.009143,0.002887,0.000000,0.987969,0.000481,0.040000
0.058241757,2,142,snapshot,16384,578,0.892734,0.957069,0.892734,{"1":7942,"2":1},0.891003,0.088235,0.020761,0.000000,0.891003,0.001730,0.015873
0.058579817,2,143,read_only,64,151,1.000000,1.000000,1.000000,{"1":151},1.000000,0.000000,0.000000,0.000000,1.000000,0.000000,-1.000000
0.058579817,2,143,union,64,152,1.000000,1.000000,1.000000,{"1":152},1.000000,0.000000,0.000000,0.000000,1.000000,0.000000,-1.000000
0.058579817,2,143,snapshot,64,7982,1.000000,1.000000,1.000000,{"1":7981,"2":1},0.999875,0.000125,0.000000,0.000000,0.999875,0.000125,1.000000
0.058579817,2,143,read_only,256,151,1.000000,1.000000,1.000000,{"1":151},1.000000,0.000000,0.000000,0.000000,1.000000,0.000000,-1.000000
0.058579817,2,143,union,256,152,1.000000,1.000000,1.000000,{"1":152},1.000000,0.000000,0.000000,0.000000,1.000000,0.000000,-1.000000
0.058579817,2,143,snapshot,256,7982,1.000000,1.000000,1.000000,{"1":7981,"2":1},0.999875,0.000125,0.000000,0.000000,0.999875,0.000125,1.000000
0.058579817,2,143,read_only,1024,151,1.000000,1.000000,1.000000,{"1":151},1.000000,0.000000,0.000000,0.000000,1.000000,0.000000,-1.000000
0.058579817,2,143,union,1024,152,1.000000,1.000000,1.000000,{"1":152},1.000000,0.000000,0.000000,0.000000,1.000000,0.000000,-1.000000
0.058579817,2,143,snapshot,1024,7982,1.000000,1.000000,1.000000,{"1":7981,"2":1},0.999875,0.000125,0.000000,0.000000,0.999875,0.000125,1.000000
0.058579817,2,143,read_only,4096,52,0.903846,0.951923,0.903846,{"1":151},0.903846,0.000000,0.096154,0.000000,0.903846,0.000000,0.000000
0.058579817,2,143,union,4096,53,0.905660,0.952830,0.905660,{"1":152},0.905660,0.000000,0.094340,0.000000,0.905660,0.000000,0.000000
0.058579817,2,143,snapshot,4096,2084,0.985125,0.993642,0.985125,{"1":7981,"2":1},0.984645,0.010077,0.005278,0.000000,0.984645,0.000480,0.031250
0.058579817,2,143,read_only,16384,23,0.869565,0.926932,0.869565,{"1":151},0.869565,0.000000,0.130435,0.000000,0.869565,0.000000,0.000000
0.058579817,2,143,union,16384,23,0.869565,0.925000,0.869565,{"1":152},0.869565,0.000000,0.130435,0.000000,0.869565,0.000000,0.000000
0.058579817,2,143,snapshot,16384,584,0.890411,0.955672,0.890411,{"1":7981,"2":1},0.888699,0.085616,0.025685,0.000000,0.888699,0.001712,0.015385
0.058813845,2,144,snapshot,64,7982,1.000000,1.000000,1.000000,{"1":7981,"2":1},0.999875,0.000125,0.000000,0.000000,0.999875,0.000125,1.000000
0.058813845,2,144,snapshot,256,7982,1.000000,1.000000,1.000000,{"1":7981,"2":1},0.999875,0.000125,0.000000,0.000000,0.999875,0.000125,1.000000
0.058813845,2,144,snapshot,1024,7982,1.000000,1.000000,1.000000,{"1":7981,"2":1},0.999875,0.000125,0.000000,0.000000,0.999875,0.000125,1.000000
0.058813845,2,144,snapshot,4096,2084,0.985125,0.993642,0.985125,{"1":7981,"2":1},0.984645,0.010077,0.005278,0.000000,0.984645,0.000480,0.031250
0.058813845,2,144,snapshot,16384,584,0.890411,0.955672,0.890411,{"1":7981,"2":1},0.888699,0.085616,0.025685,0.000000,0.888699,0.001712,0.015385
0.059048462,2,145,read_only,64,4,1.000000,1.000000,1.000000,{"1":4},1.000000,0.000000,0.000000,0.000000,1.000000,0.000000,-1.000000
0.059048462,2,145,union,64,4,1.000000,1.000000,1.000000,{"1":4},1.000000,0.000000,0.000000,0.000000,1.000000,0.000000,-1.000000
0.059048462,2,145,snapshot,64,7983,1.000000,1.000000,1.000000,{"1":7982,"2":1},0.999875,0.000125,0.000000,0.000000,0.999875,0.000125,1.000000
0.059048462,2,145,read_only,256,4,1.000000,1.000000,1.000000,{"1":4},1.000000,0.000000,0.000000,0.000000,1.000000,0.000000,-1.000000
0.059048462,2,145,union,256,4,1.000000,1.000000,1.000000,{"1":4},1.000000,0.000000,0.000000,0.000000,1.000000,0.000000,-1.000000
0.059048462,2,145,snapshot,256,7983,1.000000,1.000000,1.000000,{"1":7982,"2":1},0.999875,0.000125,0.000000,0.000000,0.999875,0.000125,1.000000
0.059048462,2,145,read_only,1024,4,1.000000,1.000000,1.000000,{"1":4},1.000000,0.000000,0.000000,0.000000,1.000000,0.000000,-1.000000
0.059048462,2,145,union,1024,4,1.000000,1.000000,1.000000,{"1":4},1.000000,0.000000,0.000000,0.000000,1.000000,0.000000,-1.000000
0.059048462,2,145,snapshot,1024,7983,1.000000,1.000000,1.000000,{"1":7982,"2":1},0.999875,0.000125,0.000000,0.000000,0.999875,0.000125,1.000000
0.059048462,2,145,read_only,4096,3,1.000000,1.000000,1.000000,{"1":4},1.000000,0.000000,0.000000,0.000000,1.000000,0.000000,-1.000000
0.059048462,2,145,union,4096,3,1.000000,1.000000,1.000000,{"1":4},1.000000,0.000000,0.000000,0.000000,1.000000,0.000000,-1.000000
0.059048462,2,145,snapshot,4096,2082,0.985110,0.993636,0.985110,{"1":7982,"2":1},0.984630,0.010086,0.005283,0.000000,0.984630,0.000480,0.031250
0.059048462,2,145,read_only,16384,3,1.000000,1.000000,1.000000,{"1":4},1.000000,0.000000,0.000000,0.000000,1.000000,0.000000,-1.000000
0.059048462,2,145,union,16384,3,1.000000,1.000000,1.000000,{"1":4},1.000000,0.000000,0.000000,0.000000,1.000000,0.000000,-1.000000
0.059048462,2,145,snapshot,16384,583,0.890223,0.955653,0.890223,{"1":7982,"2":1},0.888508,0.085763,0.025729,0.000000,0.888508,0.001715,0.015385
0.059493219,2,146,read_only,64,164,1.000000,1.000000,1.000000,{"1":164},1.000000,0.000000,0.000000,0.000000,1.000000,0.000000,-1.000000
0.059493219,2,146,union,64,168,1.000000,1.000000,1.000000,{"1":168},1.000000,0.000000,0.000000,0.000000,1.000000,0.000000,-1.000000
0.059493219,2,146,snapshot,64,8053,1.000000,1.000000,1.000000,{"1":8052,"2":1},0.999876,0.000124,0.000000,0.000000,0.999876,0.000124,1.000000
0.059493219,2,146,read_only,256,164,1.000000,1.000000,1.000000,{"1":164},1.000000,0.000000,0.000000,0.000000,1.000000,0.000000,-1.000000
0.059493219,2,146,union,256,168,1.000000,1.000000,1.000000,{"1":168},1.000000,0.000000,0.000000,0.000000,1.000000,0.000000,-1.000000
0.059493219,2,146,snapshot,256,8053,1.000000,1.000000,1.000000,{"1":8052,"2":1},0.999876,0.000124,0.000000,0.000000,0.999876,0.000124,1.000000
0.059493219,2,146,read_only,1024,164,1.000000,1.000000,1.000000,{"1":164},1.000000,0.000000,0.000000,0.000000,1.000000,0.000000,-1.000000
0.059493219,2,146,union,1024,168,1.000000,1.000000,1.000000,{"1":168},1.000000,0.000000,0.000000,0.000000,1.000000,0.000000,-1.000000
0.059493219,2,146,snapshot,1024,8053,1.000000,1.000000,1.000000,{"1":8052,"2":1},0.999876,0.000124,0.000000,0.000000,0.999876,0.000124,1.000000
0.059493219,2,146,read_only,4096,58,1.000000,1.000000,1.000000,{"1":164},1.000000,0.000000,0.000000,0.000000,1.000000,0.000000,-1.000000
0.059493219,2,146,union,4096,59,1.000000,1.000000,1.000000,{"1":168},1.000000,0.000000,0.000000,0.000000,1.000000,0.000000,-1.000000
0.059493219,2,146,snapshot,4096,2085,0.985612,0.993765,0.985612,{"1":8052,"2":1},0.985132,0.009592,0.005276,0.000000,0.985132,0.000480,0.032258
0.059493219,2,146,read_only,16384,21,0.904762,0.972619,0.904762,{"1":164},0.904762,0.095238,0.000000,0.000000,0.904762,0.000000,0.000000
0.059493219,2,146,union,16384,21,0.904762,0.972619,0.904762,{"1":168},0.904762,0.095238,0.000000,0.000000,0.904762,0.000000,0.000000
0.059493219,2,146,snapshot,16384,589,0.887946,0.955426,0.887946,{"1":8052,"2":1},0.886248,0.088285,0.025467,0.000000,0.886248,0.001698,0.014925
0.059940381,2,147,read_only,64,147,1.000000,1.000000,1.000000,{"1":147},1.000000,0.000000,0.000000,0.000000,1.000000,0.000000,-1.000000
0.059940381,2,147,union,64,159,1.000000,1.000000,1.000000,{"1":159},1.000000,0.000000,0.000000,0.000000,1.000000,0.000000,-1.000000
0.059940381,2,147,snapshot,64,8069,1.000000,1.000000,1.000000,{"1":8068,"2":1},0.999876,0.000124,0.000000,0.000000,0.999876,0.000124,1.000000
0.059940381,2,147,read_only,256,147,1.000000,1.000000,1.000000,{"1":147},1.000000,0.000000,0.000000,0.000000,1.000000,0.000000,-1.000000
0.059940381,2,147,union,256,159,1.000000,1.000000,1.000000,{"1":159},1.000000,0.000000,0.000000,0.000000,1.000000,0.000000,-1.000000
0.059940381,2,147,snapshot,256,8069,1.000000,1.000000,1.000000,{"1":8068,"2":1},0.999876,0.000124,0.000000,0.000000,0.999876,0.000124,1.000000
0.059940381,2,147,read_only,1024,147,1.000000,1.000000,1.000000,{"1":147},1.000000,0.000000,0.000000,0.000000,1.000000,0.000000,-1.000000
0.059940381,2,147,union,1024,159,1.000000,1.000000,1.000000,{"1":159},1.000000,0.000000,0.000000,0.000000,1.000000,0.000000,-1.000000
0.059940381,2,147,snapshot,1024,8069,1.000000,1.000000,1.000000,{"1":8068,"2":1},0.999876,0.000124,0.000000,0.000000,0.999876,0.000124,1.000000
0.059940381,2,147,read_only,4096,70,0.871429,0.957143,0.871429,{"1":147},0.871429,0.128571,0.000000,0.000000,0.871429,0.000000,0.000000
0.059940381,2,147,union,4096,74,0.851351,0.953829,0.851351,{"1":159},0.851351,0.148649,0.000000,0.000000,0.851351,0.000000,0.000000
0.059940381,2,147,snapshot,4096,2106,0.980057,0.992086,0.980057,{"1":8068,"2":1},0.979582,0.015195,0.005223,0.000000,0.979582,0.000475,0.023256
0.059940381,2,147,read_only,16384,28,0.535714,0.796182,0.535714,{"1":147},0.535714,0.464286,0.000000,0.000000,0.535714,0.000000,0.000000
0.059940381,2,147,union,16384,30,0.566667,0.812786,0.566667,{"1":159},0.566667,0.433333,0.000000,0.000000,0.566667,0.000000,0.000000
0.059940381,2,147,snapshot,16384,596,0.867450,0.946301,0.867450,{"1":8068,"2":1},0.865772,0.107383,0.026846,0.000000,0.865772,0.001678,0.012500
0.060529458,2,148,read_only,64,274,1.000000,1.000000,1.000000,{"1":274},1.000000,0.000000,0.000000,0.000000,1.000000,0.000000,-1.000000
0.060529458,2,148,union,64,282,1.000000,1.000000,1.000000,{"1":282},1.000000,0.000000,0.000000,0.000000,1.000000,0.000000,-1.000000
0.060529458,2,148,snapshot,64,8129,1.000000,1.000000,1.000000,{"1":8128,"2":1},0.999877,0.000123,0.000000,0.000000,0.999877,0.000123,1.000000
0.060529458,2,148,read_only,256,274,1.000000,1.000000,1.000000,{"1":274},1.000000,0.000000,0.000000,0.000000,1.000000,0.000000,-1.000000
0.060529458,2,148,union,256,282,1.000000,1.000000,1.000000,{"1":282},1.000000,0.000000,0.000000,0.000000,1.000000,0.000000,-1.000000
0.060529458,2,148,snapshot,256,8129,1.000000,1.000000,1.000000,{"1":8128,"2":1},0.999877,0.000123,0.000000,0.000000,0.999877,0.000123,1.000000
0.060529458,2,148,read_only,1024,274,1.000000,1.000000,1.000000,{"1":274},1.000000,0.000000,0.000000,0.000000,1.000000,0.000000,-1.000000
0.060529458,2,148,union,1024,282,1.000000,1.000000,1.000000,{"1":282},1.000000,0.000000,0.000000,0.000000,1.000000,0.000000,-1.000000
0.060529458,2,148,snapshot,1024,8129,1.000000,1.000000,1.000000,{"1":8128,"2":1},0.999877,0.000123,0.000000,0.000000,0.999877,0.000123,1.000000
0.060529458,2,148,read_only,4096,95,1.000000,1.000000,1.000000,{"1":274},1.000000,0.000000,0.000000,0.000000,1.000000,0.000000,-1.000000
0.060529458,2,148,union,4096,101,1.000000,1.000000,1.000000,{"1":282},1.000000,0.000000,0.000000,0.000000,1.000000,0.000000,-1.000000
0.060529458,2,148,snapshot,4096,2124,0.977401,0.990976,0.977401,{"1":8128,"2":1},0.976930,0.017891,0.005179,0.000000,0.976930,0.000471,0.020408
0.060529458,2,148,read_only,16384,37,0.675676,0.864865,0.675676,{"1":274},0.675676,0.324324,0.000000,0.000000,0.675676,0.000000,0.000000
0.060529458,2,148,union,16384,39,0.666667,0.858974,0.666667,{"1":282},0.666667,0.307692,0.025641,0.000000,0.666667,0.000000,0.000000
0.060529458,2,148,snapshot,16384,599,0.866444,0.945018,0.866444,{"1":8128,"2":1},0.864775,0.093489,0.041736,0.000000,0.864775,0.001669,0.012346
0.060763087,2,149,snapshot,64,8129,1.000000,1.000000,1.000000,{"1":8128,"2":1},0.999877,0.000123,0.000000,0.000000,0.999877,0.000123,1.000000
0.060763087,2,149,snapshot,256,8129,1.000000,1.000000,1.000000,{"1":8128,"2":1},0.999877,0.000123,0.000000,0.000000,0.999877,0.000123,1.000000
0.060763087,2,149,snapshot,1024,8129,1.000000,1.000000,1.000000,{"1":8128,"2":1},0.999877,0.000123,0.000000,0.000000,0.999877,0.000123,1.000000
0.060763087,2,149,snapshot,4096,2124,0.977401,0.990976,0.977401,{"1":8128,"2":1},0.976930,0.017891,0.005179,0.000000,0.976930,0.000471,0.020408
0.060763087,2,149,snapshot,16384,599,0.866444,0.945018,0.866444,{"1":8128,"2":1},0.864775,0.093489,0.041736,0.000000,0.864775,0.001669,0.012346
0.061000590,2,150,read_only,64,4,1.000000,1.000000,1.000000,{"1":4},1.000000,0.000000,0.000000,0.000000,1.000000,0.000000,-1.000000
0.061000590,2,150,union,64,5,1.000000,1.000000,1.000000,{"1":5},1.000000,0.000000,0.000000,0.000000,1.000000,0.000000,-1.000000
0.061000590,2,150,snapshot,64,8130,1.000000,1.000000,1.000000,{"1":8129,"2":1},0.999877,0.000123,0.000000,0.000000,0.999877,0.000123,1.000000
0.061000590,2,150,read_only,256,4,1.000000,1.000000,1.000000,{"1":4},1.000000,0.000000,0.000000,0.000000,1.000000,0.000000,-1.000000
0.061000590,2,150,union,256,5,1.000000,1.000000,1.000000,{"1":5},1.000000,0.000000,0.000000,0.000000,1.000000,0.000000,-1.000000
0.061000590,2,150,snapshot,256,8130,1.000000,1.000000,1.000000,{"1":8129,"2":1},0.999877,0.000123,0.000000,0.000000,0.999877,0.000123,1.000000
0.061000590,2,150,read_only,1024,4,1.000000,1.000000,1.000000,{"1":4},1.000000,0.000000,0.000000,0.000000,1.000000,0.000000,-1.000000
0.061000590,2,150,union,1024,5,1.000000,1.000000,1.000000,{"1":5},1.000000,0.000000,0.000000,0.000000,1.000000,0.000000,-1.000000
0.061000590,2,150,snapshot,1024,8130,1.000000,1.000000,1.000000,{"1":8129,"2":1},0.999877,0.000123,0.000000,0.000000,0.999877,0.000123,1.000000
0.061000590,2,150,read_only,4096,4,1.000000,1.000000,1.000000,{"1":4},1.000000,0.000000,0.000000,0.000000,1.000000,0.000000,-1.000000
0.061000590,2,150,union,4096,5,1.000000,1.000000,1.000000,{"1":5},1.000000,0.000000,0.000000,0.000000,1.000000,0.000000,-1.000000
0.061000590,2,150,snapshot,4096,2123,0.976919,0.990815,0.976919,{"1":8129,"2":1},0.976448,0.018370,0.005181,0.000000,0.976448,0.000471,0.020000
0.061000590,2,150,read_only,16384,3,1.000000,1.000000,1.000000,{"1":4},1.000000,0.000000,0.000000,0.000000,1.000000,0.000000,-1.000000
0.061000590,2,150,union,16384,4,1.000000,1.000000,1.000000,{"1":5},1.000000,0.000000,0.000000,0.000000,1.000000,0.000000,-1.000000
0.061000590,2,150,snapshot,16384,599,0.866444,0.945261,0.866444,{"1":8129,"2":1},0.864775,0.093489,0.041736,0.000000,0.864775,0.001669,0.012346
0.061270397,2,151,read_only,64,40,1.000000,1.000000,1.000000,{"1":40},1.000000,0.000000,0.000000,0.000000,1.000000,0.000000,-1.000000
0.061270397,2,151,union,64,40,1.000000,1.000000,1.000000,{"1":40},1.000000,0.000000,0.000000,0.000000,1.000000,0.000000,-1.000000
0.061270397,2,151,snapshot,64,8133,1.000000,1.000000,1.000000,{"1":8132,"2":1},0.999877,0.000123,0.000000,0.000000,0.999877,0.000123,1.000000
0.061270397,2,151,read_only,256,40,1.000000,1.000000,1.000000,{"1":40},1.000000,0.000000,0.000000,0.000000,1.000000,0.000000,-1.000000
0.061270397,2,151,union,256,40,1.000000,1.000000,1.000000,{"1":40},1.000000,0.000000,0.000000,0.000000,1.000000,0.000000,-1.000000
0.061270397,2,151,snapshot,256,8133,1.000000,1.000000,1.000000,{"1":8132,"2":1},0.999877,0.000123,0.000000,0.000000,0.999877,0.000123,1.000000
0.061270397,2,151,read_only,1024,40,1.000000,1.000000,1.000000,{"1":40},1.000000,0.000000,0.000000,0.000000,1.000000,0.000000,-1.000000
0.061270397,2,151,union,1024,40,1.000000,1.000000,1.000000,{"1":40},1.000000,0.000000,0.000000,0.000000,1.000000,0.000000,-1.000000
0.061270397,2,151,snapshot,1024,8133,1.000000,1.000000,1.000000,{"1":8132,"2":1},0.999877,0.000123,0.000000,0.000000,0.999877,0.000123,1.000000
0.061270397,2,151,read_only,4096,15,1.000000,1.000000,1.000000,{"1":40},1.000000,0.000000,0.000000,0.000000,1.000000,0.000000,-1.000000
0.061270397,2,151,union,4096,15,1.000000,1.000000,1.000000,{"1":40},1.000000,0.000000,0.000000,0.000000,1.000000,0.000000,-1.000000
0.061270397,2,151,snapshot,4096,2120,0.976887,0.990802,0.976887,{"1":8132,"2":1},0.976415,0.018396,0.005189,0.000000,0.976415,0.000472,0.020000
0.061270397,2,151,read_only,16384,6,1.000000,1.000000,1.000000,{"1":40},1.000000,0.000000,0.000000,0.000000,1.000000,0.000000,-1.000000
0.061270397,2,151,union,16384,6,1.000000,1.000000,1.000000,{"1":40},1.000000,0.000000,0.000000,0.000000,1.000000,0.000000,-1.000000
0.061270397,2,151,snapshot,16384,600,0.866667,0.945541,0.866667,{"1":8132,"2":1},0.865000,0.093333,0.041667,0.000000,0.865000,0.001667,0.012346
0.061507920,2,152,read_only,64,28,1.000000,1.000000,1.000000,{"1":28},1.000000,0.000000,0.000000,0.000000,1.000000,0.000000,-1.000000
0.061507920,2,152,union,64,29,1.000000,1.000000,1.000000,{"1":29},1.000000,0.000000,0.000000,0.000000,1.000000,0.000000,-1.000000
0.061507920,2,152,snapshot,64,8147,1.000000,1.000000,1.000000,{"1":8146,"2":1},0.999877,0.000123,0.000000,0.000000,0.999877,0.000123,1.000000
0.061507920,2,152,read_only,256,28,1.000000,1.000000,1.000000,{"1":28},1.000000,0.000000,0.000000,0.000000,1.000000,0.000000,-1.000000
0.061507920,2,152,union,256,29,1.000000,1.000000,1.000000,{"1":29},1.000000,0.000000,0.000000,0.000000,1.000000,0.000000,-1.000000
0.061507920,2,152,snapshot,256,8147,1.000000,1.000000,1.000000,{"1":8146,"2":1},0.999877,0.000123,0.000000,0.000000,0.999877,0.000123,1.000000
0.061507920,2,152,read_only,1024,28,1.000000,1.000000,1.000000,{"1":28},1.000000,0.000000,0.000000,0.000000,1.000000,0.000000,-1.000000
0.061507920,2,152,union,1024,29,1.000000,1.000000,1.000000,{"1":29},1.000000,0.000000,0.000000,0.000000,1.000000,0.000000,-1.000000
0.061507920,2,152,snapshot,1024,8147,1.000000,1.000000,1.000000,{"1":8146,"2":1},0.999877,0.000123,0.000000,0.000000,0.999877,0.000123,1.000000
0.061507920,2,152,read_only,4096,9,1.000000,1.000000,1.000000,{"1":28},1.000000,0.000000,0.000000,0.000000,1.000000,0.000000,-1.000000
0.061507920,2,152,union,4096,10,1.000000,1.000000,1.000000,{"1":29},1.000000,0.000000,0.000000,0.000000,1.000000,0.000000,-1.000000
0.061507920,2,152,snapshot,4096,2127,0.976963,0.990832,0.976963,{"1":8146,"2":1},0.976493,0.018336,0.005172,0.000000,0.976493,0.000470,0.020000
0.061507920,2,152,read_only,16384,3,0.333333,0.776557,0.333333,{"1":28},0.333333,0.666667,0.000000,0.000000,0.333333,0.000000,0.000000
0.061507920,2,152,union,16384,4,0.500000,0.832418,0.500000,{"1":29},0.500000,0.500000,0.000000,0.000000,0.500000,0.000000,0.000000
0.061507920,2,152,snapshot,16384,602,0.863787,0.944727,0.863787,{"1":8146,"2":1},0.862126,0.096346,0.041528,0.000000,0.862126,0.001661,0.012048
0.061741630,2,153,read_only,64,6,1.000000,1.000000,1.000000,{"1":6},1.000000,0.000000,0.000000,0.000000,1.000000,0.000000,-1.000000
0.061741630,2,153,union,64,7,1.000000,1.000000,1.000000,{"1":7},1.000000,0.000000,0.000000,0.000000,1.000000,0.000000,-1.000000
0.061741630,2,153,snapshot,64,8151,1.000000,1.000000,1.000000,{"1":8150,"2":1},0.999877,0.000123,0.000000,0.000000,0.999877,0.000123,1.000000
0.061741630,2,153,read_only,256,6,1.000000,1.000000,1.000000,{"1":6},1.000000,0.000000,0.000000,0.000000,1.000000,0.000000,-1.000000
0.061741630,2,153,union,256,7,1.000000,1.000000,1.000000,{"1":7},1.000000,0.000000,0.000000,0.000000,1.000000,0.000000,-1.000000
0.061741630,2,153,snapshot,256,8151,1.000000,1.000000,1.000000,{"1":8150,"2":1},0.999877,0.000123,0.000000,0.000000,0.999877,0.000123,1.000000
0.061741630,2,153,read_only,1024,6,1.000000,1.000000,1.000000,{"1":6},1.000000,0.000000,0.000000,0.000000,1.000000,0.000000,-1.000000
0.061741630,2,153,union,1024,7,1.000000,1.000000,1.000000,{"1":7},1.000000,0.000000,0.000000,0.000000,1.000000,0.000000,-1.000000
0.061741630,2,153,snapshot,1024,8151,1.000000,1.000000,1.000000,{"1":8150,"2":1},0.999877,0.000123,0.000000,0.000000,0.999877,0.000123,1.000000
0.061741630,2,153,read_only,4096,3,1.000000,1.000000,1.000000,{"1":6},1.000000,0.000000,0.000000,0.000000,1.000000,0.000000,-1.000000
0.061741630,2,153,union,4096,4,1.000000,1.000000,1.000000,{"1":7},1.000000,0.000000,0.000000,0.000000,1.000000,0.000000,-1.000000
0.061741630,2,153,snapshot,4096,2127,0.976963,0.990832,0.976963,{"1":8150,"2":1},0.976493,0.018336,0.005172,0.000000,0.976493,0.000470,0.020000
0.061741630,2,153,read_only,16384,2,1.000000,1.000000,1.000000,{"1":6},1.000000,0.000000,0.000000,0.000000,1.000000,0.000000,-1.000000
0.061741630,2,153,union,16384,3,1.000000,1.000000,1.000000,{"1":7},1.000000,0.000000,0.000000,0.000000,1.000000,0.000000,-1.000000
0.061741630,2,153,snapshot,16384,602,0.863787,0.944678,0.863787,{"1":8150,"2":1},0.862126,0.096346,0.041528,0.000000,0.862126,0.001661,0.012048
0.061975592,2,154,snapshot,64,8151,1.000000,1.000000,1.000000,{"1":8150,"2":1},0.999877,0.000123,0.000000,0.000000,0.999877,0.000123,1.000000
0.061975592,2,154,snapshot,256,8151,1.000000,1.000000,1.000000,{"1":8150,"2":1},0.999877,0.000123,0.000000,0.000000,0.999877,0.000123,1.000000
0.061975592,2,154,snapshot,1024,8151,1.000000,1.000000,1.000000,{"1":8150,"2":1},0.999877,0.000123,0.000000,0.000000,0.999877,0.000123,1.000000
0.061975592,2,154,snapshot,4096,2127,0.976963,0.990832,0.976963,{"1":8150,"2":1},0.976493,0.018336,0.005172,0.000000,0.976493,0.000470,0.020000
0.061975592,2,154,snapshot,16384,602,0.863787,0.944678,0.863787,{"1":8150,"2":1},0.862126,0.096346,0.041528,0.000000,0.862126,0.001661,0.012048
0.062214853,2,155,read_only,64,21,1.000000,1.000000,1.000000,{"1":21},1.000000,0.000000,0.000000,0.000000,1.000000,0.000000,-1.000000
0.062214853,2,155,union,64,22,1.000000,1.000000,1.000000,{"1":22},1.000000,0.000000,0.000000,0.000000,1.000000,0.000000,-1.000000
0.062214853,2,155,snapshot,64,8152,1.000000,1.000000,1.000000,{"1":8151,"2":1},0.999877,0.000123,0.000000,0.000000,0.999877,0.000123,1.000000
0.062214853,2,155,read_only,256,21,1.000000,1.000000,1.000000,{"1":21},1.000000,0.000000,0.000000,0.000000,1.000000,0.000000,-1.000000
0.062214853,2,155,union,256,22,1.000000,1.000000,1.000000,{"1":22},1.000000,0.000000,0.000000,0.000000,1.000000,0.000000,-1.000000
0.062214853,2,155,snapshot,256,8152,1.000000,1.000000,1.000000,{"1":8151,"2":1},0.999877,0.000123,0.000000,0.000000,0.999877,0.000123,1.000000
0.062214853,2,155,read_only,1024,21,1.000000,1.000000,1.000000,{"1":21},1.000000,0.000000,0.000000,0.000000,1.000000,0.000000,-1.000000
0.062214853,2,155,union,1024,22,1.000000,1.000000,1.000000,{"1":22},1.000000,0.000000,0.000000,0.000000,1.000000,0.000000,-1.000000
0.062214853,2,155,snapshot,1024,8152,1.000000,1.000000,1.000000,{"1":8151,"2":1},0.999877,0.000123,0.000000,0.000000,0.999877,0.000123,1.000000
0.062214853,2,155,read_only,4096,6,1.000000,1.000000,1.000000,{"1":21},1.000000,0.000000,0.000000,0.000000,1.000000,0.000000,-1.000000
0.062214853,2,155,union,4096,7,1.000000,1.000000,1.000000,{"1":22},1.000000,0.000000,0.000000,0.000000,1.000000,0.000000,-1.000000
0.062214853,2,155,snapshot,4096,2128,0.976974,0.990836,0.976974,{"1":8151,"2":1},0.976504,0.018327,0.005169,0.000000,0.976504,0.000470,0.020000
0.062214853,2,155,read_only,16384,3,0.333333,0.722222,0.333333,{"1":21},0.333333,0.666667,0.000000,0.000000,0.333333,0.000000,0.000000
0.062214853,2,155,union,16384,4,0.500000,0.791667,0.500000,{"1":22},0.500000,0.500000,0.000000,0.000000,0.500000,0.000000,0.000000
0.062214853,2,155,snapshot,16384,603,0.860697,0.943802,0.860697,{"1":8151,"2":1},0.859038,0.099502,0.041459,0.000000,0.859038,0.001658,0.011765
0.062454188,2,156,snapshot,64,8152,1.000000,1.000000,1.000000,{"1":8151,"2":1},0.999877,0.000123,0.000000,0.000000,0.999877,0.000123,1.000000
0.062454188,2,156,snapshot,256,8152,1.000000,1.000000,1.000000,{"1":8151,"2":1},0.999877,0.000123,0.000000,0.000000,0.999877,0.000123,1.000000
0.062454188,2,156,snapshot,1024,8152,1.000000,1.000000,1.000000,{"1":8151,"2":1},0.999877,0.000123,0.000000,0.000000,0.999877,0.000123,1.000000
0.062454188,2,156,snapshot,4096,2128,0.976974,0.990836,0.976974,{"1":8151,"2":1},0.976504,0.018327,0.005169,0.000000,0.976504,0.000470,0.020000
0.062454188,2,156,snapshot,16384,603,0.860697,0.943802,0.860697,{"1":8151,"2":1},0.859038,0.099502,0.041459,0.000000,0.859038,0.001658,0.011765
0.062687007,2,157,snapshot,64,8152,1.000000,1.000000,1.000000,{"1":8151,"2":1},0.999877,0.000123,0.000000,0.000000,0.999877,0.000123,1.000000
0.062687007,2,157,snapshot,256,8152,1.000000,1.000000,1.000000,{"1":8151,"2":1},0.999877,0.000123,0.000000,0.000000,0.999877,0.000123,1.000000
0.062687007,2,157,snapshot,1024,8152,1.000000,1.000000,1.000000,{"1":8151,"2":1},0.999877,0.000123,0.000000,0.000000,0.999877,0.000123,1.000000
0.062687007,2,157,snapshot,4096,2128,0.976974,0.990836,0.976974,{"1":8151,"2":1},0.976504,0.018327,0.005169,0.000000,0.976504,0.000470,0.020000
0.062687007,2,157,snapshot,16384,603,0.860697,0.943802,0.860697,{"1":8151,"2":1},0.859038,0.099502,0.041459,0.000000,0.859038,0.001658,0.011765
0.063305372,2,158,read_only,64,1,1.000000,1.000000,1.000000,{"1":1},1.000000,0.000000,0.000000,0.000000,1.000000,0.000000,-1.000000
0.063305372,2,158,union,64,1,1.000000,1.000000,1.000000,{"1":1},1.000000,0.000000,0.000000,0.000000,1.000000,0.000000,-1.000000
0.063305372,2,158,snapshot,64,8152,1.000000,1.000000,1.000000,{"1":8151,"2":1},0.999877,0.000123,0.000000,0.000000,0.999877,0.000123,1.000000
0.063305372,2,158,read_only,256,1,1.000000,1.000000,1.000000,{"1":1},1.000000,0.000000,0.000000,0.000000,1.000000,0.000000,-1.000000
0.063305372,2,158,union,256,1,1.000000,1.000000,1.000000,{"1":1},1.000000,0.000000,0.000000,0.000000,1.000000,0.000000,-1.000000
0.063305372,2,158,snapshot,256,8152,1.000000,1.000000,1.000000,{"1":8151,"2":1},0.999877,0.000123,0.000000,0.000000,0.999877,0.000123,1.000000
0.063305372,2,158,read_only,1024,1,1.000000,1.000000,1.000000,{"1":1},1.000000,0.000000,0.000000,0.000000,1.000000,0.000000,-1.000000
0.063305372,2,158,union,1024,1,1.000000,1.000000,1.000000,{"1":1},1.000000,0.000000,0.000000,0.000000,1.000000,0.000000,-1.000000
0.063305372,2,158,snapshot,1024,8152,1.000000,1.000000,1.000000,{"1":8151,"2":1},0.999877,0.000123,0.000000,0.000000,0.999877,0.000123,1.000000
0.063305372,2,158,read_only,4096,1,1.000000,1.000000,1.000000,{"1":1},1.000000,0.000000,0.000000,0.000000,1.000000,0.000000,-1.000000
0.063305372,2,158,union,4096,1,1.000000,1.000000,1.000000,{"1":1},1.000000,0.000000,0.000000,0.000000,1.000000,0.000000,-1.000000
0.063305372,2,158,snapshot,4096,2127,0.976963,0.990832,0.976963,{"1":8151,"2":1},0.976493,0.018336,0.005172,0.000000,0.976493,0.000470,0.020000
0.063305372,2,158,read_only,16384,1,1.000000,1.000000,1.000000,{"1":1},1.000000,0.000000,0.000000,0.000000,1.000000,0.000000,-1.000000
0.063305372,2,158,union,16384,1,1.000000,1.000000,1.000000,{"1":1},1.000000,0.000000,0.000000,0.000000,1.000000,0.000000,-1.000000
0.063305372,2,158,snapshot,16384,603,0.860697,0.943921,0.860697,{"1":8151,"2":1},0.859038,0.099502,0.041459,0.000000,0.859038,0.001658,0.011765
0.063538089,2,159,snapshot,64,8152,1.000000,1.000000,1.000000,{"1":8151,"2":1},0.999877,0.000123,0.000000,0.000000,0.999877,0.000123,1.000000
0.063538089,2,159,snapshot,256,8152,1.000000,1.000000,1.000000,{"1":8151,"2":1},0.999877,0.000123,0.000000,0.000000,0.999877,0.000123,1.000000
0.063538089,2,159,snapshot,1024,8152,1.000000,1.000000,1.000000,{"1":8151,"2":1},0.999877,0.000123,0.000000,0.000000,0.999877,0.000123,1.000000
0.063538089,2,159,snapshot,4096,2127,0.976963,0.990832,0.976963,{"1":8151,"2":1},0.976493,0.018336,0.005172,0.000000,0.976493,0.000470,0.020000
0.063538089,2,159,snapshot,16384,603,0.860697,0.943921,0.860697,{"1":8151,"2":1},0.859038,0.099502,0.041459,0.000000,0.859038,0.001658,0.011765
0.063771623,2,160,snapshot,64,8152,1.000000,1.000000,1.000000,{"1":8151,"2":1},0.999877,0.000123,0.000000,0.000000,0.999877,0.000123,1.000000
0.063771623,2,160,snapshot,256,8152,1.000000,1.000000,1.000000,{"1":8151,"2":1},0.999877,0.000123,0.000000,0.000000,0.999877,0.000123,1.000000
0.063771623,2,160,snapshot,1024,8152,1.000000,1.000000,1.000000,{"1":8151,"2":1},0.999877,0.000123,0.000000,0.000000,0.999877,0.000123,1.000000
0.063771623,2,160,snapshot,4096,2127,0.976963,0.990832,0.976963,{"1":8151,"2":1},0.976493,0.018336,0.005172,0.000000,0.976493,0.000470,0.020000
0.063771623,2,160,snapshot,16384,603,0.860697,0.943921,0.860697,{"1":8151,"2":1},0.859038,0.099502,0.041459,0.000000,0.859038,0.001658,0.011765
0.064007770,2,161,snapshot,64,8152,1.000000,1.000000,1.000000,{"1":8151,"2":1},0.999877,0.000123,0.000000,0.000000,0.999877,0.000123,1.000000
0.064007770,2,161,snapshot,256,8152,1.000000,1.000000,1.000000,{"1":8151,"2":1},0.999877,0.000123,0.000000,0.000000,0.999877,0.000123,1.000000
0.064007770,2,161,snapshot,1024,8152,1.000000,1.000000,1.000000,{"1":8151,"2":1},0.999877,0.000123,0.000000,0.000000,0.999877,0.000123,1.000000
0.064007770,2,161,snapshot,4096,2127,0.976963,0.990832,0.976963,{"1":8151,"2":1},0.976493,0.018336,0.005172,0.000000,0.976493,0.000470,0.020000
0.064007770,2,161,snapshot,16384,603,0.860697,0.943921,0.860697,{"1":8151,"2":1},0.859038,0.099502,0.041459,0.000000,0.859038,0.001658,0.011765
0.064241033,2,162,snapshot,64,8152,1.000000,1.000000,1.000000,{"1":8151,"2":1},0.999877,0.000123,0.000000,0.000000,0.999877,0.000123,1.000000
0.064241033,2,162,snapshot,256,8152,1.000000,1.000000,1.000000,{"1":8151,"2":1},0.999877,0.000123,0.000000,0.000000,0.999877,0.000123,1.000000
0.064241033,2,162,snapshot,1024,8152,1.000000,1.000000,1.000000,{"1":8151,"2":1},0.999877,0.000123,0.000000,0.000000,0.999877,0.000123,1.000000
0.064241033,2,162,snapshot,4096,2127,0.976963,0.990832,0.976963,{"1":8151,"2":1},0.976493,0.018336,0.005172,0.000000,0.976493,0.000470,0.020000
0.064241033,2,162,snapshot,16384,603,0.860697,0.943921,0.860697,{"1":8151,"2":1},0.859038,0.099502,0.041459,0.000000,0.859038,0.001658,0.011765
0.064475374,2,163,snapshot,64,8152,1.000000,1.000000,1.000000,{"1":8151,"2":1},0.999877,0.000123,0.000000,0.000000,0.999877,0.000123,1.000000
0.064475374,2,163,snapshot,256,8152,1.000000,1.000000,1.000000,{"1":8151,"2":1},0.999877,0.000123,0.000000,0.000000,0.999877,0.000123,1.000000
0.064475374,2,163,snapshot,1024,8152,1.000000,1.000000,1.000000,{"1":8151,"2":1},0.999877,0.000123,0.000000,0.000000,0.999877,0.000123,1.000000
0.064475374,2,163,snapshot,4096,2127,0.976963,0.990832,0.976963,{"1":8151,"2":1},0.976493,0.018336,0.005172,0.000000,0.976493,0.000470,0.020000
0.064475374,2,163,snapshot,16384,603,0.860697,0.943921,0.860697,{"1":8151,"2":1},0.859038,0.099502,0.041459,0.000000,0.859038,0.001658,0.011765
0.064710011,2,164,snapshot,64,8152,1.000000,1.000000,1.000000,{"1":8151,"2":1},0.999877,0.000123,0.000000,0.000000,0.999877,0.000123,1.000000
0.064710011,2,164,snapshot,256,8152,1.000000,1.000000,1.000000,{"1":8151,"2":1},0.999877,0.000123,0.000000,0.000000,0.999877,0.000123,1.000000
0.064710011,2,164,snapshot,1024,8152,1.000000,1.000000,1.000000,{"1":8151,"2":1},0.999877,0.000123,0.000000,0.000000,0.999877,0.000123,1.000000
0.064710011,2,164,snapshot,4096,2127,0.976963,0.990832,0.976963,{"1":8151,"2":1},0.976493,0.018336,0.005172,0.000000,0.976493,0.000470,0.020000
0.064710011,2,164,snapshot,16384,603,0.860697,0.943921,0.860697,{"1":8151,"2":1},0.859038,0.099502,0.041459,0.000000,0.859038,0.001658,0.011765
0.064943963,2,165,snapshot,64,8152,1.000000,1.000000,1.000000,{"1":8151,"2":1},0.999877,0.000123,0.000000,0.000000,0.999877,0.000123,1.000000
0.064943963,2,165,snapshot,256,8152,1.000000,1.000000,1.000000,{"1":8151,"2":1},0.999877,0.000123,0.000000,0.000000,0.999877,0.000123,1.000000
0.064943963,2,165,snapshot,1024,8152,1.000000,1.000000,1.000000,{"1":8151,"2":1},0.999877,0.000123,0.000000,0.000000,0.999877,0.000123,1.000000
0.064943963,2,165,snapshot,4096,2127,0.976963,0.990832,0.976963,{"1":8151,"2":1},0.976493,0.018336,0.005172,0.000000,0.976493,0.000470,0.020000
0.064943963,2,165,snapshot,16384,603,0.860697,0.943921,0.860697,{"1":8151,"2":1},0.859038,0.099502,0.041459,0.000000,0.859038,0.001658,0.011765
0.065273484,2,166,snapshot,64,8152,1.000000,1.000000,1.000000,{"1":8151,"2":1},0.999877,0.000123,0.000000,0.000000,0.999877,0.000123,1.000000
0.065273484,2,166,snapshot,256,8152,1.000000,1.000000,1.000000,{"1":8151,"2":1},0.999877,0.000123,0.000000,0.000000,0.999877,0.000123,1.000000
0.065273484,2,166,snapshot,1024,8152,1.000000,1.000000,1.000000,{"1":8151,"2":1},0.999877,0.000123,0.000000,0.000000,0.999877,0.000123,1.000000
0.065273484,2,166,snapshot,4096,2127,0.976963,0.990832,0.976963,{"1":8151,"2":1},0.976493,0.018336,0.005172,0.000000,0.976493,0.000470,0.020000
0.065273484,2,166,snapshot,16384,603,0.860697,0.943921,0.860697,{"1":8151,"2":1},0.859038,0.099502,0.041459,0.000000,0.859038,0.001658,0.011765
0.065506299,2,167,snapshot,64,8152,1.000000,1.000000,1.000000,{"1":8151,"2":1},0.999877,0.000123,0.000000,0.000000,0.999877,0.000123,1.000000
0.065506299,2,167,snapshot,256,8152,1.000000,1.000000,1.000000,{"1":8151,"2":1},0.999877,0.000123,0.000000,0.000000,0.999877,0.000123,1.000000
0.065506299,2,167,snapshot,1024,8152,1.000000,1.000000,1.000000,{"1":8151,"2":1},0.999877,0.000123,0.000000,0.000000,0.999877,0.000123,1.000000
0.065506299,2,167,snapshot,4096,2127,0.976963,0.990832,0.976963,{"1":8151,"2":1},0.976493,0.018336,0.005172,0.000000,0.976493,0.000470,0.020000
0.065506299,2,167,snapshot,16384,603,0.860697,0.943921,0.860697,{"1":8151,"2":1},0.859038,0.099502,0.041459,0.000000,0.859038,0.001658,0.011765
0.065738524,2,168,snapshot,64,8152,1.000000,1.000000,1.000000,{"1":8151,"2":1},0.999877,0.000123,0.000000,0.000000,0.999877,0.000123,1.000000
0.065738524,2,168,snapshot,256,8152,1.000000,1.000000,1.000000,{"1":8151,"2":1},0.999877,0.000123,0.000000,0.000000,0.999877,0.000123,1.000000
0.065738524,2,168,snapshot,1024,8152,1.000000,1.000000,1.000000,{"1":8151,"2":1},0.999877,0.000123,0.000000,0.000000,0.999877,0.000123,1.000000
0.065738524,2,168,snapshot,4096,2127,0.976963,0.990832,0.976963,{"1":8151,"2":1},0.976493,0.018336,0.005172,0.000000,0.976493,0.000470,0.020000
0.065738524,2,168,snapshot,16384,603,0.860697,0.943921,0.860697,{"1":8151,"2":1},0.859038,0.099502,0.041459,0.000000,0.859038,0.001658,0.011765
0.065972130,2,169,snapshot,64,8152,1.000000,1.000000,1.000000,{"1":8151,"2":1},0.999877,0.000123,0.000000,0.000000,0.999877,0.000123,1.000000
0.065972130,2,169,snapshot,256,8152,1.000000,1.000000,1.000000,{"1":8151,"2":1},0.999877,0.000123,0.000000,0.000000,0.999877,0.000123,1.000000
0.065972130,2,169,snapshot,1024,8152,1.000000,1.000000,1.000000,{"1":8151,"2":1},0.999877,0.000123,0.000000,0.000000,0.999877,0.000123,1.000000
0.065972130,2,169,snapshot,4096,2127,0.976963,0.990832,0.976963,{"1":8151,"2":1},0.976493,0.018336,0.005172,0.000000,0.976493,0.000470,0.020000
0.065972130,2,169,snapshot,16384,603,0.860697,0.943921,0.860697,{"1":8151,"2":1},0.859038,0.099502,0.041459,0.000000,0.859038,0.001658,0.011765
0.066205384,2,170,snapshot,64,8152,1.000000,1.000000,1.000000,{"1":8151,"2":1},0.999877,0.000123,0.000000,0.000000,0.999877,0.000123,1.000000
0.066205384,2,170,snapshot,256,8152,1.000000,1.000000,1.000000,{"1":8151,"2":1},0.999877,0.000123,0.000000,0.000000,0.999877,0.000123,1.000000
0.066205384,2,170,snapshot,1024,8152,1.000000,1.000000,1.000000,{"1":8151,"2":1},0.999877,0.000123,0.000000,0.000000,0.999877,0.000123,1.000000
0.066205384,2,170,snapshot,4096,2127,0.976963,0.990832,0.976963,{"1":8151,"2":1},0.976493,0.018336,0.005172,0.000000,0.976493,0.000470,0.020000
0.066205384,2,170,snapshot,16384,603,0.860697,0.943921,0.860697,{"1":8151,"2":1},0.859038,0.099502,0.041459,0.000000,0.859038,0.001658,0.011765
0.066442716,2,171,read_only,64,1,1.000000,1.000000,1.000000,{"1":1},1.000000,0.000000,0.000000,0.000000,1.000000,0.000000,-1.000000
0.066442716,2,171,union,64,1,1.000000,1.000000,1.000000,{"1":1},1.000000,0.000000,0.000000,0.000000,1.000000,0.000000,-1.000000
0.066442716,2,171,snapshot,64,8152,1.000000,1.000000,1.000000,{"1":8151,"2":1},0.999877,0.000123,0.000000,0.000000,0.999877,0.000123,1.000000
0.066442716,2,171,read_only,256,1,1.000000,1.000000,1.000000,{"1":1},1.000000,0.000000,0.000000,0.000000,1.000000,0.000000,-1.000000
0.066442716,2,171,union,256,1,1.000000,1.000000,1.000000,{"1":1},1.000000,0.000000,0.000000,0.000000,1.000000,0.000000,-1.000000
0.066442716,2,171,snapshot,256,8152,1.000000,1.000000,1.000000,{"1":8151,"2":1},0.999877,0.000123,0.000000,0.000000,0.999877,0.000123,1.000000
0.066442716,2,171,read_only,1024,1,1.000000,1.000000,1.000000,{"1":1},1.000000,0.000000,0.000000,0.000000,1.000000,0.000000,-1.000000
0.066442716,2,171,union,1024,1,1.000000,1.000000,1.000000,{"1":1},1.000000,0.000000,0.000000,0.000000,1.000000,0.000000,-1.000000
0.066442716,2,171,snapshot,1024,8152,1.000000,1.000000,1.000000,{"1":8151,"2":1},0.999877,0.000123,0.000000,0.000000,0.999877,0.000123,1.000000
0.066442716,2,171,read_only,4096,1,1.000000,1.000000,1.000000,{"1":1},1.000000,0.000000,0.000000,0.000000,1.000000,0.000000,-1.000000
0.066442716,2,171,union,4096,1,1.000000,1.000000,1.000000,{"1":1},1.000000,0.000000,0.000000,0.000000,1.000000,0.000000,-1.000000
0.066442716,2,171,snapshot,4096,2126,0.976952,0.990828,0.976952,{"1":8151,"2":1},0.976482,0.018344,0.005174,0.000000,0.976482,0.000470,0.020000
0.066442716,2,171,read_only,16384,1,1.000000,1.000000,1.000000,{"1":1},1.000000,0.000000,0.000000,0.000000,1.000000,0.000000,-1.000000
0.066442716,2,171,union,16384,1,1.000000,1.000000,1.000000,{"1":1},1.000000,0.000000,0.000000,0.000000,1.000000,0.000000,-1.000000
0.066442716,2,171,snapshot,16384,603,0.860697,0.943815,0.860697,{"1":8151,"2":1},0.859038,0.099502,0.041459,0.000000,0.859038,0.001658,0.011765
0.066676573,2,172,snapshot,64,8152,1.000000,1.000000,1.000000,{"1":8151,"2":1},0.999877,0.000123,0.000000,0.000000,0.999877,0.000123,1.000000
0.066676573,2,172,snapshot,256,8152,1.000000,1.000000,1.000000,{"1":8151,"2":1},0.999877,0.000123,0.000000,0.000000,0.999877,0.000123,1.000000
0.066676573,2,172,snapshot,1024,8152,1.000000,1.000000,1.000000,{"1":8151,"2":1},0.999877,0.000123,0.000000,0.000000,0.999877,0.000123,1.000000
0.066676573,2,172,snapshot,4096,2126,0.976952,0.990828,0.976952,{"1":8151,"2":1},0.976482,0.018344,0.005174,0.000000,0.976482,0.000470,0.020000
0.066676573,2,172,snapshot,16384,603,0.860697,0.943815,0.860697,{"1":8151,"2":1},0.859038,0.099502,0.041459,0.000000,0.859038,0.001658,0.011765
0.066909348,2,173,snapshot,64,8152,1.000000,1.000000,1.000000,{"1":8151,"2":1},0.999877,0.000123,0.000000,0.000000,0.999877,0.000123,1.000000
0.066909348,2,173,snapshot,256,8152,1.000000,1.000000,1.000000,{"1":8151,"2":1},0.999877,0.000123,0.000000,0.000000,0.999877,0.000123,1.000000
0.066909348,2,173,snapshot,1024,8152,1.000000,1.000000,1.000000,{"1":8151,"2":1},0.999877,0.000123,0.000000,0.000000,0.999877,0.000123,1.000000
0.066909348,2,173,snapshot,4096,2126,0.976952,0.990828,0.976952,{"1":8151,"2":1},0.976482,0.018344,0.005174,0.000000,0.976482,0.000470,0.020000
0.066909348,2,173,snapshot,16384,603,0.860697,0.943815,0.860697,{"1":8151,"2":1},0.859038,0.099502,0.041459,0.000000,0.859038,0.001658,0.011765
0.067161351,2,174,snapshot,64,8152,1.000000,1.000000,1.000000,{"1":8151,"2":1},0.999877,0.000123,0.000000,0.000000,0.999877,0.000123,1.000000
0.067161351,2,174,snapshot,256,8152,1.000000,1.000000,1.000000,{"1":8151,"2":1},0.999877,0.000123,0.000000,0.000000,0.999877,0.000123,1.000000
0.067161351,2,174,snapshot,1024,8152,1.000000,1.000000,1.000000,{"1":8151,"2":1},0.999877,0.000123,0.000000,0.000000,0.999877,0.000123,1.000000
0.067161351,2,174,snapshot,4096,2126,0.976952,0.990828,0.976952,{"1":8151,"2":1},0.976482,0.018344,0.005174,0.000000,0.976482,0.000470,0.020000
0.067161351,2,174,snapshot,16384,603,0.860697,0.943815,0.860697,{"1":8151,"2":1},0.859038,0.099502,0.041459,0.000000,0.859038,0.001658,0.011765
0.067394217,2,175,snapshot,64,8152,1.000000,1.000000,1.000000,{"1":8151,"2":1},0.999877,0.000123,0.000000,0.000000,0.999877,0.000123,1.000000
0.067394217,2,175,snapshot,256,8152,1.000000,1.000000,1.000000,{"1":8151,"2":1},0.999877,0.000123,0.000000,0.000000,0.999877,0.000123,1.000000
0.067394217,2,175,snapshot,1024,8152,1.000000,1.000000,1.000000,{"1":8151,"2":1},0.999877,0.000123,0.000000,0.000000,0.999877,0.000123,1.000000
0.067394217,2,175,snapshot,4096,2126,0.976952,0.990828,0.976952,{"1":8151,"2":1},0.976482,0.018344,0.005174,0.000000,0.976482,0.000470,0.020000
0.067394217,2,175,snapshot,16384,603,0.860697,0.943815,0.860697,{"1":8151,"2":1},0.859038,0.099502,0.041459,0.000000,0.859038,0.001658,0.011765
0.067677922,2,176,snapshot,64,8152,1.000000,1.000000,1.000000,{"1":8151,"2":1},0.999877,0.000123,0.000000,0.000000,0.999877,0.000123,1.000000
0.067677922,2,176,snapshot,256,8152,1.000000,1.000000,1.000000,{"1":8151,"2":1},0.999877,0.000123,0.000000,0.000000,0.999877,0.000123,1.000000
0.067677922,2,176,snapshot,1024,8152,1.000000,1.000000,1.000000,{"1":8151,"2":1},0.999877,0.000123,0.000000,0.000000,0.999877,0.000123,1.000000
0.067677922,2,176,snapshot,4096,2126,0.976952,0.990828,0.976952,{"1":8151,"2":1},0.976482,0.018344,0.005174,0.000000,0.976482,0.000470,0.020000
0.067677922,2,176,snapshot,16384,603,0.860697,0.943815,0.860697,{"1":8151,"2":1},0.859038,0.099502,0.041459,0.000000,0.859038,0.001658,0.011765
0.067910671,2,177,snapshot,64,8152,1.000000,1.000000,1.000000,{"1":8151,"2":1},0.999877,0.000123,0.000000,0.000000,0.999877,0.000123,1.000000
0.067910671,2,177,snapshot,256,8152,1.000000,1.000000,1.000000,{"1":8151,"2":1},0.999877,0.000123,0.000000,0.000000,0.999877,0.000123,1.000000
0.067910671,2,177,snapshot,1024,8152,1.000000,1.000000,1.000000,{"1":8151,"2":1},0.999877,0.000123,0.000000,0.000000,0.999877,0.000123,1.000000
0.067910671,2,177,snapshot,4096,2126,0.976952,0.990828,0.976952,{"1":8151,"2":1},0.976482,0.018344,0.005174,0.000000,0.976482,0.000470,0.020000
0.067910671,2,177,snapshot,16384,603,0.860697,0.943815,0.860697,{"1":8151,"2":1},0.859038,0.099502,0.041459,0.000000,0.859038,0.001658,0.011765
0.073295540,2,198,read_only,64,6,1.000000,1.000000,1.000000,{"1":6},1.000000,0.000000,0.000000,0.000000,1.000000,0.000000,-1.000000
0.073295540,2,198,union,64,6,1.000000,1.000000,1.000000,{"1":6},1.000000,0.000000,0.000000,0.000000,1.000000,0.000000,-1.000000
0.073295540,2,198,snapshot,64,6,1.000000,1.000000,1.000000,{"1":6},1.000000,0.000000,0.000000,0.000000,1.000000,0.000000,-1.000000
0.073295540,2,198,read_only,256,6,1.000000,1.000000,1.000000,{"1":6},1.000000,0.000000,0.000000,0.000000,1.000000,0.000000,-1.000000
0.073295540,2,198,union,256,6,1.000000,1.000000,1.000000,{"1":6},1.000000,0.000000,0.000000,0.000000,1.000000,0.000000,-1.000000
0.073295540,2,198,snapshot,256,6,1.000000,1.000000,1.000000,{"1":6},1.000000,0.000000,0.000000,0.000000,1.000000,0.000000,-1.000000
0.073295540,2,198,read_only,1024,6,1.000000,1.000000,1.000000,{"1":6},1.000000,0.000000,0.000000,0.000000,1.000000,0.000000,-1.000000
0.073295540,2,198,union,1024,6,1.000000,1.000000,1.000000,{"1":6},1.000000,0.000000,0.000000,0.000000,1.000000,0.000000,-1.000000
0.073295540,2,198,snapshot,1024,6,1.000000,1.000000,1.000000,{"1":6},1.000000,0.000000,0.000000,0.000000,1.000000,0.000000,-1.000000
0.073295540,2,198,read_only,4096,3,1.000000,1.000000,1.000000,{"1":6},1.000000,0.000000,0.000000,0.000000,1.000000,0.000000,-1.000000
0.073295540,2,198,union,4096,3,1.000000,1.000000,1.000000,{"1":6},1.000000,0.000000,0.000000,0.000000,1.000000,0.000000,-1.000000
0.073295540,2,198,snapshot,4096,3,1.000000,1.000000,1.000000,{"1":6},1.000000,0.000000,0.000000,0.000000,1.000000,0.000000,-1.000000
0.073295540,2,198,read_only,16384,2,0.500000,0.800000,0.500000,{"1":6},0.500000,0.500000,0.000000,0.000000,0.500000,0.000000,0.000000
0.073295540,2,198,union,16384,2,0.500000,0.800000,0.500000,{"1":6},0.500000,0.500000,0.000000,0.000000,0.500000,0.000000,0.000000
0.073295540,2,198,snapshot,16384,2,0.500000,0.800000,0.500000,{"1":6},0.500000,0.500000,0.000000,0.000000,0.500000,0.000000,0.000000
0.073528786,2,199,read_only,64,18,1.000000,1.000000,1.000000,{"1":18},1.000000,0.000000,0.000000,0.000000,1.000000,0.000000,-1.000000
0.073528786,2,199,union,64,18,1.000000,1.000000,1.000000,{"1":18},1.000000,0.000000,0.000000,0.000000,1.000000,0.000000,-1.000000
0.073528786,2,199,snapshot,64,24,1.000000,1.000000,1.000000,{"1":24},1.000000,0.000000,0.000000,0.000000,1.000000,0.000000,-1.000000
0.073528786,2,199,read_only,256,18,1.000000,1.000000,1.000000,{"1":18},1.000000,0.000000,0.000000,0.000000,1.000000,0.000000,-1.000000
0.073528786,2,199,union,256,18,1.000000,1.000000,1.000000,{"1":18},1.000000,0.000000,0.000000,0.000000,1.000000,0.000000,-1.000000
0.073528786,2,199,snapshot,256,24,1.000000,1.000000,1.000000,{"1":24},1.000000,0.000000,0.000000,0.000000,1.000000,0.000000,-1.000000
0.073528786,2,199,read_only,1024,18,1.000000,1.000000,1.000000,{"1":18},1.000000,0.000000,0.000000,0.000000,1.000000,0.000000,-1.000000
0.073528786,2,199,union,1024,18,1.000000,1.000000,1.000000,{"1":18},1.000000,0.000000,0.000000,0.000000,1.000000,0.000000,-1.000000
0.073528786,2,199,snapshot,1024,24,1.000000,1.000000,1.000000,{"1":24},1.000000,0.000000,0.000000,0.000000,1.000000,0.000000,-1.000000
0.073528786,2,199,read_only,4096,6,1.000000,1.000000,1.000000,{"1":18},1.000000,0.000000,0.000000,0.000000,1.000000,0.000000,-1.000000
0.073528786,2,199,union,4096,6,1.000000,1.000000,1.000000,{"1":18},1.000000,0.000000,0.000000,0.000000,1.000000,0.000000,-1.000000
0.073528786,2,199,snapshot,4096,6,1.000000,1.000000,1.000000,{"1":24},1.000000,0.000000,0.000000,0.000000,1.000000,0.000000,-1.000000
0.073528786,2,199,read_only,16384,2,0.500000,0.857143,0.500000,{"1":18},0.500000,0.500000,0.000000,0.000000,0.500000,0.000000,0.000000
0.073528786,2,199,union,16384,2,0.500000,0.857143,0.500000,{"1":18},0.500000,0.500000,0.000000,0.000000,0.500000,0.000000,0.000000
0.073528786,2,199,snapshot,16384,2,0.500000,0.833333,0.500000,{"1":24},0.500000,0.500000,0.000000,0.000000,0.500000,0.000000,0.000000
0.073854432,2,200,read_only,64,32,1.000000,1.000000,1.000000,{"1":32},1.000000,0.000000,0.000000,0.000000,1.000000,0.000000,-1.000000
0.073854432,2,200,union,64,32,1.000000,1.000000,1.000000,{"1":32},1.000000,0.000000,0.000000,0.000000,1.000000,0.000000,-1.000000
0.073854432,2,200,snapshot,64,56,1.000000,1.000000,1.000000,{"1":56},1.000000,0.000000,0.000000,0.000000,1.000000,0.000000,-1.000000
0.073854432,2,200,read_only,256,32,1.000000,1.000000,1.000000,{"1":32},1.000000,0.000000,0.000000,0.000000,1.000000,0.000000,-1.000000
0.073854432,2,200,union,256,32,1.000000,1.000000,1.000000,{"1":32},1.000000,0.000000,0.000000,0.000000,1.000000,0.000000,-1.000000
0.073854432,2,200,snapshot,256,56,1.000000,1.000000,1.000000,{"1":56},1.000000,0.000000,0.000000,0.000000,1.000000,0.000000,-1.000000
0.073854432,2,200,read_only,1024,32,1.000000,1.000000,1.000000,{"1":32},1.000000,0.000000,0.000000,0.000000,1.000000,0.000000,-1.000000
0.073854432,2,200,union,1024,32,1.000000,1.000000,1.000000,{"1":32},1.000000,0.000000,0.000000,0.000000,1.000000,0.000000,-1.000000
0.073854432,2,200,snapshot,1024,56,1.000000,1.000000,1.000000,{"1":56},1.000000,0.000000,0.000000,0.000000,1.000000,0.000000,-1.000000
0.073854432,2,200,read_only,4096,8,1.000000,1.000000,1.000000,{"1":32},1.000000,0.000000,0.000000,0.000000,1.000000,0.000000,-1.000000
0.073854432,2,200,union,4096,8,1.000000,1.000000,1.000000,{"1":32},1.000000,0.000000,0.000000,0.000000,1.000000,0.000000,-1.000000
0.073854432,2,200,snapshot,4096,14,1.000000,1.000000,1.000000,{"1":56},1.000000,0.000000,0.000000,0.000000,1.000000,0.000000,-1.000000
0.073854432,2,200,read_only,16384,5,1.000000,1.000000,1.000000,{"1":32},1.000000,0.000000,0.000000,0.000000,1.000000,0.000000,-1.000000
0.073854432,2,200,union,16384,5,1.000000,1.000000,1.000000,{"1":32},1.000000,0.000000,0.000000,0.000000,1.000000,0.000000,-1.000000
0.073854432,2,200,snapshot,16384,6,0.666667,0.902778,0.666667,{"1":56},0.666667,0.333333,0.000000,0.000000,0.666667,0.000000,0.000000
0.074155052,2,201,snapshot,64,56,1.000000,1.000000,1.000000,{"1":56},1.000000,0.000000,0.000000,0.000000,1.000000,0.000000,-1.000000
0.074155052,2,201,snapshot,256,56,1.000000,1.000000,1.000000,{"1":56},1.000000,0.000000,0.000000,0.000000,1.000000,0.000000,-1.000000
0.074155052,2,201,snapshot,1024,56,1.000000,1.000000,1.000000,{"1":56},1.000000,0.000000,0.000000,0.000000,1.000000,0.000000,-1.000000
0.074155052,2,201,snapshot,4096,14,1.000000,1.000000,1.000000,{"1":56},1.000000,0.000000,0.000000,0.000000,1.000000,0.000000,-1.000000
0.074155052,2,201,snapshot,16384,6,0.666667,0.902778,0.666667,{"1":56},0.666667,0.333333,0.000000,0.000000,0.666667,0.000000,0.000000
0.074389019,2,202,snapshot,64,56,1.000000,1.000000,1.000000,{"1":56},1.000000,0.000000,0.000000,0.000000,1.000000,0.000000,-1.000000
0.074389019,2,202,snapshot,256,56,1.000000,1.000000,1.000000,{"1":56},1.000000,0.000000,0.000000,0.000000,1.000000,0.000000,-1.000000
0.074389019,2,202,snapshot,1024,56,1.000000,1.000000,1.000000,{"1":56},1.000000,0.000000,0.000000,0.000000,1.000000,0.000000,-1.000000
0.074389019,2,202,snapshot,4096,14,1.000000,1.000000,1.000000,{"1":56},1.000000,0.000000,0.000000,0.000000,1.000000,0.000000,-1.000000
0.074389019,2,202,snapshot,16384,6,0.666667,0.902778,0.666667,{"1":56},0.666667,0.333333,0.000000,0.000000,0.666667,0.000000,0.000000
0.075229251,2,205,read_only,64,32,1.000000,1.000000,1.000000,{"1":32},1.000000,0.000000,0.000000,0.000000,1.000000,0.000000,-1.000000
0.075229251,2,205,union,64,32,1.000000,1.000000,1.000000,{"1":32},1.000000,0.000000,0.000000,0.000000,1.000000,0.000000,-1.000000
0.075229251,2,205,snapshot,64,32,1.000000,1.000000,1.000000,{"1":32},1.000000,0.000000,0.000000,0.000000,1.000000,0.000000,-1.000000
0.075229251,2,205,read_only,256,32,1.000000,1.000000,1.000000,{"1":32},1.000000,0.000000,0.000000,0.000000,1.000000,0.000000,-1.000000
0.075229251,2,205,union,256,32,1.000000,1.000000,1.000000,{"1":32},1.000000,0.000000,0.000000,0.000000,1.000000,0.000000,-1.000000
0.075229251,2,205,snapshot,256,32,1.000000,1.000000,1.000000,{"1":32},1.000000,0.000000,0.000000,0.000000,1.000000,0.000000,-1.000000
0.075229251,2,205,read_only,1024,32,1.000000,1.000000,1.000000,{"1":32},1.000000,0.000000,0.000000,0.000000,1.000000,0.000000,-1.000000
0.075229251,2,205,union,1024,32,1.000000,1.000000,1.000000,{"1":32},1.000000,0.000000,0.000000,0.000000,1.000000,0.000000,-1.000000
0.075229251,2,205,snapshot,1024,32,1.000000,1.000000,1.000000,{"1":32},1.000000,0.000000,0.000000,0.000000,1.000000,0.000000,-1.000000
0.075229251,2,205,read_only,4096,8,1.000000,1.000000,1.000000,{"1":32},1.000000,0.000000,0.000000,0.000000,1.000000,0.000000,-1.000000
0.075229251,2,205,union,4096,8,1.000000,1.000000,1.000000,{"1":32},1.000000,0.000000,0.000000,0.000000,1.000000,0.000000,-1.000000
0.075229251,2,205,snapshot,4096,8,1.000000,1.000000,1.000000,{"1":32},1.000000,0.000000,0.000000,0.000000,1.000000,0.000000,-1.000000
0.075229251,2,205,read_only,16384,3,0.000000,0.611111,0.000000,{"1":32},0.000000,1.000000,0.000000,0.000000,0.000000,0.000000,0.000000
0.075229251,2,205,union,16384,3,0.000000,0.611111,0.000000,{"1":32},0.000000,1.000000,0.000000,0.000000,0.000000,0.000000,0.000000
0.075229251,2,205,snapshot,16384,3,0.000000,0.611111,0.000000,{"1":32},0.000000,1.000000,0.000000,0.000000,0.000000,0.000000,0.000000
0.075480687,2,206,read_only,64,27,1.000000,1.000000,1.000000,{"1":27},1.000000,0.000000,0.000000,0.000000,1.000000,0.000000,-1.000000
0.075480687,2,206,union,64,27,1.000000,1.000000,1.000000,{"1":27},1.000000,0.000000,0.000000,0.000000,1.000000,0.000000,-1.000000
0.075480687,2,206,snapshot,64,59,1.000000,1.000000,1.000000,{"1":59},1.000000,0.000000,0.000000,0.000000,1.000000,0.000000,-1.000000
0.075480687,2,206,read_only,256,27,1.000000,1.000000,1.000000,{"1":27},1.000000,0.000000,0.000000,0.000000,1.000000,0.000000,-1.000000
0.075480687,2,206,union,256,27,1.000000,1.000000,1.000000,{"1":27},1.000000,0.000000,0.000000,0.000000,1.000000,0.000000,-1.000000
0.075480687,2,206,snapshot,256,59,1.000000,1.000000,1.000000,{"1":59},1.000000,0.000000,0.000000,0.000000,1.000000,0.000000,-1.000000
0.075480687,2,206,read_only,1024,27,1.000000,1.000000,1.000000,{"1":27},1.000000,0.000000,0.000000,0.000000,1.000000,0.000000,-1.000000
0.075480687,2,206,union,1024,27,1.000000,1.000000,1.000000,{"1":27},1.000000,0.000000,0.000000,0.000000,1.000000,0.000000,-1.000000
0.075480687,2,206,snapshot,1024,59,1.000000,1.000000,1.000000,{"1":59},1.000000,0.000000,0.000000,0.000000,1.000000,0.000000,-1.000000
0.075480687,2,206,read_only,4096,7,1.000000,1.000000,1.000000,{"1":27},1.000000,0.000000,0.000000,0.000000,1.000000,0.000000,-1.000000
0.075480687,2,206,union,4096,7,1.000000,1.000000,1.000000,{"1":27},1.000000,0.000000,0.000000,0.000000,1.000000,0.000000,-1.000000
0.075480687,2,206,snapshot,4096,15,1.000000,1.000000,1.000000,{"1":59},1.000000,0.000000,0.000000,0.000000,1.000000,0.000000,-1.000000
0.075480687,2,206,read_only,16384,3,1.000000,1.000000,1.000000,{"1":27},1.000000,0.000000,0.000000,0.000000,1.000000,0.000000,-1.000000
0.075480687,2,206,union,16384,3,1.000000,1.000000,1.000000,{"1":27},1.000000,0.000000,0.000000,0.000000,1.000000,0.000000,-1.000000
0.075480687,2,206,snapshot,16384,6,0.500000,0.805556,0.500000,{"1":59},0.500000,0.500000,0.000000,0.000000,0.500000,0.000000,0.000000
0.075745947,2,207,read_only,64,101,1.000000,1.000000,1.000000,{"1":101},1.000000,0.000000,0.000000,0.000000,1.000000,0.000000,-1.000000
0.075745947,2,207,union,64,101,1.000000,1.000000,1.000000,{"1":101},1.000000,0.000000,0.000000,0.000000,1.000000,0.000000,-1.000000
0.075745947,2,207,snapshot,64,160,1.000000,1.000000,1.000000,{"1":160},1.000000,0.000000,0.000000,0.000000,1.000000,0.000000,-1.000000
0.075745947,2,207,read_only,256,101,1.000000,1.000000,1.000000,{"1":101},1.000000,0.000000,0.000000,0.000000,1.000000,0.000000,-1.000000
0.075745947,2,207,union,256,101,1.000000,1.000000,1.000000,{"1":101},1.000000,0.000000,0.000000,0.000000,1.000000,0.000000,-1.000000
0.075745947,2,207,snapshot,256,160,1.000000,1.000000,1.000000,{"1":160},1.000000,0.000000,0.000000,0.000000,1.000000,0.000000,-1.000000
0.075745947,2,207,read_only,1024,101,1.000000,1.000000,1.000000,{"1":101},1.000000,0.000000,0.000000,0.000000,1.000000,0.000000,-1.000000
0.075745947,2,207,union,1024,101,1.000000,1.000000,1.000000,{"1":101},1.000000,0.000000,0.000000,0.000000,1.000000,0.000000,-1.000000
0.075745947,2,207,snapshot,1024,160,1.000000,1.000000,1.000000,{"1":160},1.000000,0.000000,0.000000,0.000000,1.000000,0.000000,-1.000000
0.075745947,2,207,read_only,4096,26,1.000000,1.000000,1.000000,{"1":101},1.000000,0.000000,0.000000,0.000000,1.000000,0.000000,-1.000000
0.075745947,2,207,union,4096,26,1.000000,1.000000,1.000000,{"1":101},1.000000,0.000000,0.000000,0.000000,1.000000,0.000000,-1.000000
0.075745947,2,207,snapshot,4096,40,1.000000,1.000000,1.000000,{"1":160},1.000000,0.000000,0.000000,0.000000,1.000000,0.000000,-1.000000
0.075745947,2,207,read_only,16384,9,1.000000,1.000000,1.000000,{"1":101},1.000000,0.000000,0.000000,0.000000,1.000000,0.000000,-1.000000
0.075745947,2,207,union,16384,9,1.000000,1.000000,1.000000,{"1":101},1.000000,0.000000,0.000000,0.000000,1.000000,0.000000,-1.000000
0.075745947,2,207,snapshot,16384,12,0.666667,0.881944,0.666667,{"1":160},0.666667,0.333333,0.000000,0.000000,0.666667,0.000000,0.000000
0.076060158,2,208,read_only,64,152,1.000000,1.000000,1.000000,{"1":152},1.000000,0.000000,0.000000,0.000000,1.000000,0.000000,-1.000000
0.076060158,2,208,union,64,152,1.000000,1.000000,1.000000,{"1":152},1.000000,0.000000,0.000000,0.000000,1.000000,0.000000,-1.000000
0.076060158,2,208,snapshot,64,312,1.000000,1.000000,1.000000,{"1":312},1.000000,0.000000,0.000000,0.000000,1.000000,0.000000,-1.000000
0.076060158,2,208,read_only,256,152,1.000000,1.000000,1.000000,{"1":152},1.000000,0.000000,0.000000,0.000000,1.000000,0.000000,-1.000000
0.076060158,2,208,union,256,152,1.000000,1.000000,1.000000,{"1":152},1.000000,0.000000,0.000000,0.000000,1.000000,0.000000,-1.000000
0.076060158,2,208,snapshot,256,312,1.000000,1.000000,1.000000,{"1":312},1.000000,0.000000,0.000000,0.000000,1.000000,0.000000,-1.000000
0.076060158,2,208,read_only,1024,152,1.000000,1.000000,1.000000,{"1":152},1.000000,0.000000,0.000000,0.000000,1.000000,0.000000,-1.000000
0.076060158,2,208,union,1024,152,1.000000,1.000000,1.000000,{"1":152},1.000000,0.000000,0.000000,0.000000,1.000000,0.000000,-1.000000
0.076060158,2,208,snapshot,1024,312,1.000000,1.000000,1.000000,{"1":312},1.000000,0.000000,0.000000,0.000000,1.000000,0.000000,-1.000000
0.076060158,2,208,read_only,4096,38,1.000000,1.000000,1.000000,{"1":152},1.000000,0.000000,0.000000,0.000000,1.000000,0.000000,-1.000000
0.076060158,2,208,union,4096,38,1.000000,1.000000,1.000000,{"1":152},1.000000,0.000000,0.000000,0.000000,1.000000,0.000000,-1.000000
0.076060158,2,208,snapshot,4096,78,1.000000,1.000000,1.000000,{"1":312},1.000000,0.000000,0.000000,0.000000,1.000000,0.000000,-1.000000
0.076060158,2,208,read_only,16384,12,0.833333,0.958333,0.833333,{"1":152},0.833333,0.166667,0.000000,0.000000,0.833333,0.000000,0.000000
0.076060158,2,208,union,16384,12,0.833333,0.958333,0.833333,{"1":152},0.833333,0.166667,0.000000,0.000000,0.833333,0.000000,0.000000
0.076060158,2,208,snapshot,16384,23,0.739130,0.916667,0.739130,{"1":312},0.739130,0.260870,0.000000,0.000000,0.739130,0.000000,0.000000
0.076292333,2,209,snapshot,64,312,1.000000,1.000000,1.000000,{"1":312},1.000000,0.000000,0.000000,0.000000,1.000000,0.000000,-1.000000
0.076292333,2,209,snapshot,256,312,1.000000,1.000000,1.000000,{"1":312},1.000000,0.000000,0.000000,0.000000,1.000000,0.000000,-1.000000
0.076292333,2,209,snapshot,1024,312,1.000000,1.000000,1.000000,{"1":312},1.000000,0.000000,0.000000,0.000000,1.000000,0.000000,-1.000000
0.076292333,2,209,snapshot,4096,78,1.000000,1.000000,1.000000,{"1":312},1.000000,0.000000,0.000000,0.000000,1.000000,0.000000,-1.000000
0.076292333,2,209,snapshot,16384,23,0.739130,0.916667,0.739130,{"1":312},0.739130,0.260870,0.000000,0.000000,0.739130,0.000000,0.000000
0.076529296,2,210,read_only,64,28,1.000000,1.000000,1.000000,{"1":28},1.000000,0.000000,0.000000,0.000000,1.000000,0.000000,-1.000000
0.076529296,2,210,union,64,28,1.000000,1.000000,1.000000,{"1":28},1.000000,0.000000,0.000000,0.000000,1.000000,0.000000,-1.000000
0.076529296,2,210,snapshot,64,340,1.000000,1.000000,1.000000,{"1":340},1.000000,0.000000,0.000000,0.000000,1.000000,0.000000,-1.000000
0.076529296,2,210,read_only,256,28,1.000000,1.000000,1.000000,{"1":28},1.000000,0.000000,0.000000,0.000000,1.000000,0.000000,-1.000000
0.076529296,2,210,union,256,28,1.000000,1.000000,1.000000,{"1":28},1.000000,0.000000,0.000000,0.000000,1.000000,0.000000,-1.000000
0.076529296,2,210,snapshot,256,340,1.000000,1.000000,1.000000,{"1":340},1.000000,0.000000,0.000000,0.000000,1.000000,0.000000,-1.000000
0.076529296,2,210,read_only,1024,28,1.000000,1.000000,1.000000,{"1":28},1.000000,0.000000,0.000000,0.000000,1.000000,0.000000,-1.000000
0.076529296,2,210,union,1024,28,1.000000,1.000000,1.000000,{"1":28},1.000000,0.000000,0.000000,0.000000,1.000000,0.000000,-1.000000
0.076529296,2,210,snapshot,1024,340,1.000000,1.000000,1.000000,{"1":340},1.000000,0.000000,0.000000,0.000000,1.000000,0.000000,-1.000000
0.076529296,2,210,read_only,4096,7,1.000000,1.000000,1.000000,{"1":28},1.000000,0.000000,0.000000,0.000000,1.000000,0.000000,-1.000000
0.076529296,2,210,union,4096,7,1.000000,1.000000,1.000000,{"1":28},1.000000,0.000000,0.000000,0.000000,1.000000,0.000000,-1.000000
0.076529296,2,210,snapshot,4096,85,1.000000,1.000000,1.000000,{"1":340},1.000000,0.000000,0.000000,0.000000,1.000000,0.000000,-1.000000
0.076529296,2,210,read_only,16384,2,0.000000,0.708333,0.000000,{"1":28},0.000000,1.000000,0.000000,0.000000,0.000000,0.000000,0.000000
0.076529296,2,210,union,16384,2,0.000000,0.708333,0.000000,{"1":28},0.000000,1.000000,0.000000,0.000000,0.000000,0.000000,0.000000
0.076529296,2,210,snapshot,16384,25,0.680000,0.900000,0.680000,{"1":340},0.680000,0.320000,0.000000,0.000000,0.680000,0.000000,0.000000
0.076766072,2,211,snapshot,64,340,1.000000,1.000000,1.000000,{"1":340},1.000000,0.000000,0.000000,0.000000,1.000000,0.000000,-1.000000
0.076766072,2,211,snapshot,256,340,1.000000,1.000000,1.000000,{"1":340},1.000000,0.000000,0.000000,0.000000,1.000000,0.000000,-1.000000
0.076766072,2,211,snapshot,1024,340,1.000000,1.000000,1.000000,{"1":340},1.000000,0.000000,0.000000,0.000000,1.000000,0.000000,-1.000000
0.076766072,2,211,snapshot,4096,85,1.000000,1.000000,1.000000,{"1":340},1.000000,0.000000,0.000000,0.000000,1.000000,0.000000,-1.000000
0.076766072,2,211,snapshot,16384,25,0.680000,0.900000,0.680000,{"1":340},0.680000,0.320000,0.000000,0.000000,0.680000,0.000000,0.000000
0.077172916,2,212,read_only,64,223,1.000000,1.000000,1.000000,{"1":223},1.000000,0.000000,0.000000,0.000000,1.000000,0.000000,-1.000000
0.077172916,2,212,union,64,223,1.000000,1.000000,1.000000,{"1":223},1.000000,0.000000,0.000000,0.000000,1.000000,0.000000,-1.000000
0.077172916,2,212,snapshot,64,563,1.000000,1.000000,1.000000,{"1":563},1.000000,0.000000,0.000000,0.000000,1.000000,0.000000,-1.000000
0.077172916,2,212,read_only,256,223,1.000000,1.000000,1.000000,{"1":223},1.000000,0.000000,0.000000,0.000000,1.000000,0.000000,-1.000000
0.077172916,2,212,union,256,223,1.000000,1.000000,1.000000,{"1":223},1.000000,0.000000,0.000000,0.000000,1.000000,0.000000,-1.000000
0.077172916,2,212,snapshot,256,563,1.000000,1.000000,1.000000,{"1":563},1.000000,0.000000,0.000000,0.000000,1.000000,0.000000,-1.000000
0.077172916,2,212,read_only,1024,223,1.000000,1.000000,1.000000,{"1":223},1.000000,0.000000,0.000000,0.000000,1.000000,0.000000,-1.000000
0.077172916,2,212,union,1024,223,1.000000,1.000000,1.000000,{"1":223},1.000000,0.000000,0.000000,0.000000,1.000000,0.000000,-1.000000
0.077172916,2,212,snapshot,1024,563,1.000000,1.000000,1.000000,{"1":563},1.000000,0.000000,0.000000,0.000000,1.000000,0.000000,-1.000000
0.077172916,2,212,read_only,4096,64,1.000000,1.000000,1.000000,{"1":223},1.000000,0.000000,0.000000,0.000000,1.000000,0.000000,-1.000000
0.077172916,2,212,union,4096,64,1.000000,1.000000,1.000000,{"1":223},1.000000,0.000000,0.000000,0.000000,1.000000,0.000000,-1.000000
0.077172916,2,212,snapshot,4096,149,1.000000,1.000000,1.000000,{"1":563},1.000000,0.000000,0.000000,0.000000,1.000000,0.000000,-1.000000
0.077172916,2,212,read_only,16384,20,0.800000,0.952381,0.800000,{"1":223},0.800000,0.200000,0.000000,0.000000,0.800000,0.000000,0.000000
0.077172916,2,212,union,16384,20,0.800000,0.952381,0.800000,{"1":223},0.800000,0.200000,0.000000,0.000000,0.800000,0.000000,0.000000
0.077172916,2,212,snapshot,16384,45,0.733333,0.923280,0.733333,{"1":563},0.733333,0.266667,0.000000,0.000000,0.733333,0.000000,0.000000
0.077472929,2,213,read_only,64,30,1.000000,1.000000,1.000000,{"1":30},1.000000,0.000000,0.000000,0.000000,1.000000,0.000000,-1.000000
0.077472929,2,213,union,64,30,1.000000,1.000000,1.000000,{"1":30},1.000000,0.000000,0.000000,0.000000,1.000000,0.000000,-1.000000
0.077472929,2,213,snapshot,64,593,1.000000,1.000000,1.000000,{"1":593},1.000000,0.000000,0.000000,0.000000,1.000000,0.000000,-1.000000
0.077472929,2,213,read_only,256,30,1.000000,1.000000,1.000000,{"1":30},1.000000,0.000000,0.000000,0.000000,1.000000,0.000000,-1.000000
0.077472929,2,213,union,256,30,1.000000,1.000000,1.000000,{"1":30},1.000000,0.000000,0.000000,0.000000,1.000000,0.000000,-1.000000
0.077472929,2,213,snapshot,256,593,1.000000,1.000000,1.000000,{"1":593},1.000000,0.000000,0.000000,0.000000,1.000000,0.000000,-1.000000
0.077472929,2,213,read_only,1024,30,1.000000,1.000000,1.000000,{"1":30},1.000000,0.000000,0.000000,0.000000,1.000000,0.000000,-1.000000
0.077472929,2,213,union,1024,30,1.000000,1.000000,1.000000,{"1":30},1.000000,0.000000,0.000000,0.000000,1.000000,0.000000,-1.000000
0.077472929,2,213,snapshot,1024,593,1.000000,1.000000,1.000000,{"1":593},1.000000,0.000000,0.000000,0.000000,1.000000,0.000000,-1.000000
0.077472929,2,213,read_only,4096,15,1.000000,1.000000,1.000000,{"1":30},1.000000,0.000000,0.000000,0.000000,1.000000,0.000000,-1.000000
0.077472929,2,213,union,4096,15,1.000000,1.000000,1.000000,{"1":30},1.000000,0.000000,0.000000,0.000000,1.000000,0.000000,-1.000000
0.077472929,2,213,snapshot,4096,149,1.000000,1.000000,1.000000,{"1":593},1.000000,0.000000,0.000000,0.000000,1.000000,0.000000,-1.000000
0.077472929,2,213,read_only,16384,10,0.900000,0.950000,0.900000,{"1":30},0.900000,0.100000,0.000000,0.000000,0.900000,0.000000,0.000000
0.077472929,2,213,union,16384,10,0.900000,0.950000,0.900000,{"1":30},0.900000,0.100000,0.000000,0.000000,0.900000,0.000000,0.000000
0.077472929,2,213,snapshot,16384,45,0.733333,0.922222,0.733333,{"1":593},0.733333,0.266667,0.000000,0.000000,0.733333,0.000000,0.000000
0.077710390,2,214,snapshot,64,593,1.000000,1.000000,1.000000,{"1":593},1.000000,0.000000,0.000000,0.000000,1.000000,0.000000,-1.000000
0.077710390,2,214,snapshot,256,593,1.000000,1.000000,1.000000,{"1":593},1.000000,0.000000,0.000000,0.000000,1.000000,0.000000,-1.000000
0.077710390,2,214,snapshot,1024,593,1.000000,1.000000,1.000000,{"1":593},1.000000,0.000000,0.000000,0.000000,1.000000,0.000000,-1.000000
0.077710390,2,214,snapshot,4096,149,1.000000,1.000000,1.000000,{"1":593},1.000000,0.000000,0.000000,0.000000,1.000000,0.000000,-1.000000
0.077710390,2,214,snapshot,16384,45,0.733333,0.922222,0.733333,{"1":593},0.733333,0.266667,0.000000,0.000000,0.733333,0.000000,0.000000
0.077963266,2,215,snapshot,64,593,1.000000,1.000000,1.000000,{"1":593},1.000000,0.000000,0.000000,0.000000,1.000000,0.000000,-1.000000
0.077963266,2,215,snapshot,256,593,1.000000,1.000000,1.000000,{"1":593},1.000000,0.000000,0.000000,0.000000,1.000000,0.000000,-1.000000
0.077963266,2,215,snapshot,1024,593,1.000000,1.000000,1.000000,{"1":593},1.000000,0.000000,0.000000,0.000000,1.000000,0.000000,-1.000000
0.077963266,2,215,snapshot,4096,149,1.000000,1.000000,1.000000,{"1":593},1.000000,0.000000,0.000000,0.000000,1.000000,0.000000,-1.000000
0.077963266,2,215,snapshot,16384,45,0.733333,0.922222,0.733333,{"1":593},0.733333,0.266667,0.000000,0.000000,0.733333,0.000000,0.000000
0.078481231,2,216,read_only,64,306,1.000000,1.000000,1.000000,{"1":259,"2":47},0.846405,0.153595,0.000000,0.000000,0.846405,0.153595,1.000000
0.078481231,2,216,union,64,306,1.000000,1.000000,1.000000,{"1":259,"2":47},0.846405,0.153595,0.000000,0.000000,0.846405,0.153595,1.000000
0.078481231,2,216,snapshot,64,899,1.000000,1.000000,1.000000,{"1":852,"2":47},0.947720,0.052280,0.000000,0.000000,0.947720,0.052280,1.000000
0.078481231,2,216,read_only,256,306,1.000000,1.000000,1.000000,{"1":259,"2":47},0.846405,0.153595,0.000000,0.000000,0.846405,0.153595,1.000000
0.078481231,2,216,union,256,306,1.000000,1.000000,1.000000,{"1":259,"2":47},0.846405,0.153595,0.000000,0.000000,0.846405,0.153595,1.000000
0.078481231,2,216,snapshot,256,899,1.000000,1.000000,1.000000,{"1":852,"2":47},0.947720,0.052280,0.000000,0.000000,0.947720,0.052280,1.000000
0.078481231,2,216,read_only,1024,306,1.000000,1.000000,1.000000,{"1":259,"2":47},0.846405,0.153595,0.000000,0.000000,0.846405,0.153595,1.000000
0.078481231,2,216,union,1024,306,1.000000,1.000000,1.000000,{"1":259,"2":47},0.846405,0.153595,0.000000,0.000000,0.846405,0.153595,1.000000
0.078481231,2,216,snapshot,1024,899,1.000000,1.000000,1.000000,{"1":852,"2":47},0.947720,0.052280,0.000000,0.000000,0.947720,0.052280,1.000000
0.078481231,2,216,read_only,4096,82,0.548780,0.811992,0.548780,{"1":259,"2":47},0.548780,0.414634,0.036585,0.000000,0.548780,0.000000,0.000000
0.078481231,2,216,union,4096,82,0.548780,0.811992,0.548780,{"1":259,"2":47},0.548780,0.414634,0.036585,0.000000,0.548780,0.000000,0.000000
0.078481231,2,216,snapshot,4096,231,0.839827,0.933261,0.839827,{"1":852,"2":47},0.839827,0.147186,0.012987,0.000000,0.839827,0.000000,0.000000
0.078481231,2,216,read_only,16384,24,0.458333,0.758448,0.458333,{"1":259,"2":47},0.458333,0.500000,0.041667,0.000000,0.458333,0.000000,0.000000
0.078481231,2,216,union,16384,24,0.458333,0.758448,0.458333,{"1":259,"2":47},0.458333,0.500000,0.041667,0.000000,0.458333,0.000000,0.000000
0.078481231,2,216,snapshot,16384,69,0.637681,0.865257,0.637681,{"1":852,"2":47},0.637681,0.347826,0.014493,0.000000,0.637681,0.000000,0.000000
0.079042531,2,217,read_only,64,328,1.000000,1.000000,1.000000,{"1":328},1.000000,0.000000,0.000000,0.000000,1.000000,0.000000,-1.000000
0.079042531,2,217,union,64,388,1.000000,1.000000,1.000000,{"1":388},1.000000,0.000000,0.000000,0.000000,1.000000,0.000000,-1.000000
0.079042531,2,217,snapshot,64,1227,1.000000,1.000000,1.000000,{"1":1180,"2":47},0.961695,0.038305,0.000000,0.000000,0.961695,0.038305,1.000000
0.079042531,2,217,read_only,256,328,1.000000,1.000000,1.000000,{"1":328},1.000000,0.000000,0.000000,0.000000,1.000000,0.000000,-1.000000
0.079042531,2,217,union,256,388,1.000000,1.000000,1.000000,{"1":388},1.000000,0.000000,0.000000,0.000000,1.000000,0.000000,-1.000000
0.079042531,2,217,snapshot,256,1227,1.000000,1.000000,1.000000,{"1":1180,"2":47},0.961695,0.038305,0.000000,0.000000,0.961695,0.038305,1.000000
0.079042531,2,217,read_only,1024,328,1.000000,1.000000,1.000000,{"1":328},1.000000,0.000000,0.000000,0.000000,1.000000,0.000000,-1.000000
0.079042531,2,217,union,1024,388,1.000000,1.000000,1.000000,{"1":388},1.000000,0.000000,0.000000,0.000000,1.000000,0.000000,-1.000000
0.079042531,2,217,snapshot,1024,1227,1.000000,1.000000,1.000000,{"1":1180,"2":47},0.961695,0.038305,0.000000,0.000000,0.961695,0.038305,1.000000
0.079042531,2,217,read_only,4096,86,1.000000,1.000000,1.000000,{"1":328},1.000000,0.000000,0.000000,0.000000,1.000000,0.000000,-1.000000
0.079042531,2,217,union,4096,101,1.000000,1.000000,1.000000,{"1":388},1.000000,0.000000,0.000000,0.000000,1.000000,0.000000,-1.000000
0.079042531,2,217,snapshot,4096,317,0.883281,0.951367,0.883281,{"1":1180,"2":47},0.883281,0.107256,0.009464,0.000000,0.883281,0.000000,0.000000
0.079042531,2,217,read_only,16384,23,0.739130,0.913043,0.739130,{"1":328},0.739130,0.260870,0.000000,0.000000,0.739130,0.000000,0.000000
0.079042531,2,217,union,16384,28,0.785714,0.928571,0.785714,{"1":388},0.785714,0.214286,0.000000,0.000000,0.785714,0.000000,0.000000
0.079042531,2,217,snapshot,16384,92,0.663043,0.877204,0.663043,{"1":1180,"2":47},0.663043,0.326087,0.010870,0.000000,0.663043,0.000000,0.000000
0.079377532,2,218,read_only,64,13,1.000000,1.000000,1.000000,{"1":13},1.000000,0.000000,0.000000,0.000000,1.000000,0.000000,-1.000000
0.079377532,2,218,union,64,14,1.000000,1.000000,1.000000,{"1":14},1.000000,0.000000,0.000000,0.000000,1.000000,0.000000,-1.000000
0.079377532,2,218,snapshot,64,1240,1.000000,1.000000,1.000000,{"1":1193,"2":47},0.962097,0.037903,0.000000,0.000000,0.962097,0.037903,1.000000
0.079377532,2,218,read_only,256,13,1.000000,1.000000,1.000000,{"1":13},1.000000,0.000000,0.000000,0.000000,1.000000,0.000000,-1.000000
0.079377532,2,218,union,256,14,1.000000,1.000000,1.000000,{"1":14},1.000000,0.000000,0.000000,0.000000,1.000000,0.000000,-1.000000
0.079377532,2,218,snapshot,256,1240,1.000000,1.000000,1.000000,{"1":1193,"2":47},0.962097,0.037903,0.000000,0.000000,0.962097,0.037903,1.000000
0.079377532,2,218,read_only,1024,13,1.000000,1.000000,1.000000,{"1":13},1.000000,0.000000,0.000000,0.000000,1.000000,0.000000,-1.000000
0.079377532,2,218,union,1024,14,1.000000,1.000000,1.000000,{"1":14},1.000000,0.000000,0.000000,0.000000,1.000000,0.000000,-1.000000
0.079377532,2,218,snapshot,1024,1240,1.000000,1.000000,1.000000,{"1":1193,"2":47},0.962097,0.037903,0.000000,0.000000,0.962097,0.037903,1.000000
0.079377532,2,218,read_only,4096,5,1.000000,1.000000,1.000000,{"1":13},1.000000,0.000000,0.000000,0.000000,1.000000,0.000000,-1.000000
0.079377532,2,218,union,4096,6,1.000000,1.000000,1.000000,{"1":14},1.000000,0.000000,0.000000,0.000000,1.000000,0.000000,-1.000000
0.079377532,2,218,snapshot,4096,322,0.885093,0.952122,0.885093,{"1":1193,"2":47},0.885093,0.105590,0.009317,0.000000,0.885093,0.000000,0.000000
0.079377532,2,218,read_only,16384,3,1.000000,1.000000,1.000000,{"1":13},1.000000,0.000000,0.000000,0.000000,1.000000,0.000000,-1.000000
0.079377532,2,218,union,16384,4,1.000000,1.000000,1.000000,{"1":14},1.000000,0.000000,0.000000,0.000000,1.000000,0.000000,-1.000000
0.079377532,2,218,snapshot,16384,94,0.670213,0.879816,0.670213,{"1":1193,"2":47},0.670213,0.319149,0.010638,0.000000,0.670213,0.000000,0.000000
0.082530560,2,219,snapshot,64,1240,1.000000,1.000000,1.000000,{"1":1193,"2":47},0.962097,0.037903,0.000000,0.000000,0.962097,0.037903,1.000000
0.082530560,2,219,snapshot,256,1240,1.000000,1.000000,1.000000,{"1":1193,"2":47},0.962097,0.037903,0.000000,0.000000,0.962097,0.037903,1.000000
0.082530560,2,219,snapshot,1024,1240,1.000000,1.000000,1.000000,{"1":1193,"2":47},0.962097,0.037903,0.000000,0.000000,0.962097,0.037903,1.000000
0.082530560,2,219,snapshot,4096,322,0.885093,0.952122,0.885093,{"1":1193,"2":47},0.885093,0.105590,0.009317,0.000000,0.885093,0.000000,0.000000
0.082530560,2,219,snapshot,16384,94,0.670213,0.879816,0.670213,{"1":1193,"2":47},0.670213,0.319149,0.010638,0.000000,0.670213,0.000000,0.000000
0.082762666,2,220,snapshot,64,1240,1.000000,1.000000,1.000000,{"1":1193,"2":47},0.962097,0.037903,0.000000,0.000000,0.962097,0.037903,1.000000
0.082762666,2,220,snapshot,256,1240,1.000000,1.000000,1.000000,{"1":1193,"2":47},0.962097,0.037903,0.000000,0.000000,0.962097,0.037903,1.000000
0.082762666,2,220,snapshot,1024,1240,1.000000,1.000000,1.000000,{"1":1193,"2":47},0.962097,0.037903,0.000000,0.000000,0.962097,0.037903,1.000000
0.082762666,2,220,snapshot,4096,322,0.885093,0.952122,0.885093,{"1":1193,"2":47},0.885093,0.105590,0.009317,0.000000,0.885093,0.000000,0.000000
0.082762666,2,220,snapshot,16384,94,0.670213,0.879816,0.670213,{"1":1193,"2":47},0.670213,0.319149,0.010638,0.000000,0.670213,0.000000,0.000000
0.083152717,2,221,snapshot,64,1240,1.000000,1.000000,1.000000,{"1":1193,"2":47},0.962097,0.037903,0.000000,0.000000,0.962097,0.037903,1.000000
0.083152717,2,221,snapshot,256,1240,1.000000,1.000000,1.000000,{"1":1193,"2":47},0.962097,0.037903,0.000000,0.000000,0.962097,0.037903,1.000000
0.083152717,2,221,snapshot,1024,1240,1.000000,1.000000,1.000000,{"1":1193,"2":47},0.962097,0.037903,0.000000,0.000000,0.962097,0.037903,1.000000
0.083152717,2,221,snapshot,4096,322,0.885093,0.952122,0.885093,{"1":1193,"2":47},0.885093,0.105590,0.009317,0.000000,0.885093,0.000000,0.000000
0.083152717,2,221,snapshot,16384,94,0.670213,0.879816,0.670213,{"1":1193,"2":47},0.670213,0.319149,0.010638,0.000000,0.670213,0.000000,0.000000
0.083442407,2,222,snapshot,64,1240,1.000000,1.000000,1.000000,{"1":1193,"2":47},0.962097,0.037903,0.000000,0.000000,0.962097,0.037903,1.000000
0.083442407,2,222,snapshot,256,1240,1.000000,1.000000,1.000000,{"1":1193,"2":47},0.962097,0.037903,0.000000,0.000000,0.962097,0.037903,1.000000
0.083442407,2,222,snapshot,1024,1240,1.000000,1.000000,1.000000,{"1":1193,"2":47},0.962097,0.037903,0.000000,0.000000,0.962097,0.037903,1.000000
0.083442407,2,222,snapshot,4096,322,0.885093,0.952122,0.885093,{"1":1193,"2":47},0.885093,0.105590,0.009317,0.000000,0.885093,0.000000,0.000000
0.083442407,2,222,snapshot,16384,94,0.670213,0.879816,0.670213,{"1":1193,"2":47},0.670213,0.319149,0.010638,0.000000,0.670213,0.000000,0.000000
0.083722658,2,223,snapshot,64,1240,1.000000,1.000000,1.000000,{"1":1193,"2":47},0.962097,0.037903,0.000000,0.000000,0.962097,0.037903,1.000000
0.083722658,2,223,snapshot,256,1240,1.000000,1.000000,1.000000,{"1":1193,"2":47},0.962097,0.037903,0.000000,0.000000,0.962097,0.037903,1.000000
0.083722658,2,223,snapshot,1024,1240,1.000000,1.000000,1.000000,{"1":1193,"2":47},0.962097,0.037903,0.000000,0.000000,0.962097,0.037903,1.000000
0.083722658,2,223,snapshot,4096,322,0.885093,0.952122,0.885093,{"1":1193,"2":47},0.885093,0.105590,0.009317,0.000000,0.885093,0.000000,0.000000
0.083722658,2,223,snapshot,16384,94,0.670213,0.879816,0.670213,{"1":1193,"2":47},0.670213,0.319149,0.010638,0.000000,0.670213,0.000000,0.000000
0.083954723,2,224,snapshot,64,1240,1.000000,1.000000,1.000000,{"1":1193,"2":47},0.962097,0.037903,0.000000,0.000000,0.962097,0.037903,1.000000
0.083954723,2,224,snapshot,256,1240,1.000000,1.000000,1.000000,{"1":1193,"2":47},0.962097,0.037903,0.000000,0.000000,0.962097,0.037903,1.000000
0.083954723,2,224,snapshot,1024,1240,1.000000,1.000000,1.000000,{"1":1193,"2":47},0.962097,0.037903,0.000000,0.000000,0.962097,0.037903,1.000000
0.083954723,2,224,snapshot,4096,322,0.885093,0.952122,0.885093,{"1":1193,"2":47},0.885093,0.105590,0.009317,0.000000,0.885093,0.000000,0.000000
0.083954723,2,224,snapshot,16384,94,0.670213,0.879816,0.670213,{"1":1193,"2":47},0.670213,0.319149,0.010638,0.000000,0.670213,0.000000,0.000000
0.084449532,2,225,read_only,64,219,1.000000,1.000000,1.000000,{"1":219},1.000000,0.000000,0.000000,0.000000,1.000000,0.000000,-1.000000
0.084449532,2,225,union,64,221,1.000000,1.000000,1.000000,{"1":221},1.000000,0.000000,0.000000,0.000000,1.000000,0.000000,-1.000000
0.084449532,2,225,snapshot,64,1459,1.000000,1.000000,1.000000,{"1":1412,"2":47},0.967786,0.032214,0.000000,0.000000,0.967786,0.032214,1.000000
0.084449532,2,225,read_only,256,219,1.000000,1.000000,1.000000,{"1":219},1.000000,0.000000,0.000000,0.000000,1.000000,0.000000,-1.000000
0.084449532,2,225,union,256,221,1.000000,1.000000,1.000000,{"1":221},1.000000,0.000000,0.000000,0.000000,1.000000,0.000000,-1.000000
0.084449532,2,225,snapshot,256,1459,1.000000,1.000000,1.000000,{"1":1412,"2":47},0.967786,0.032214,0.000000,0.000000,0.967786,0.032214,1.000000
0.084449532,2,225,read_only,1024,219,1.000000,1.000000,1.000000,{"1":219},1.000000,0.000000,0.000000,0.000000,1.000000,0.000000,-1.000000
0.084449532,2,225,union,1024,221,1.000000,1.000000,1.000000,{"1":221},1.000000,0.000000,0.000000,0.000000,1.000000,0.000000,-1.000000
0.084449532,2,225,snapshot,1024,1459,1.000000,1.000000,1.000000,{"1":1412,"2":47},0.967786,0.032214,0.000000,0.000000,0.967786,0.032214,1.000000
0.084449532,2,225,read_only,4096,57,1.000000,1.000000,1.000000,{"1":219},1.000000,0.000000,0.000000,0.000000,1.000000,0.000000,-1.000000
0.084449532,2,225,union,4096,58,1.000000,1.000000,1.000000,{"1":221},1.000000,0.000000,0.000000,0.000000,1.000000,0.000000,-1.000000
0.084449532,2,225,snapshot,4096,378,0.902116,0.959215,0.902116,{"1":1412,"2":47},0.902116,0.089947,0.007937,0.000000,0.902116,0.000000,0.000000
0.084449532,2,225,read_only,16384,18,0.888889,0.972222,0.888889,{"1":219},0.888889,0.111111,0.000000,0.000000,0.888889,0.000000,0.000000
0.084449532,2,225,union,16384,19,0.894737,0.973684,0.894737,{"1":221},0.894737,0.105263,0.000000,0.000000,0.894737,0.000000,0.000000
0.084449532,2,225,snapshot,16384,111,0.702703,0.894619,0.702703,{"1":1412,"2":47},0.702703,0.288288,0.009009,0.000000,0.702703,0.000000,0.000000
0.085309513,2,226,read_only,64,2387,1.000000,1.000000,1.000000,{"1":2387},1.000000,0.000000,0.000000,0.000000,1.000000,0.000000,-1.000000
0.085309513,2,226,union,64,2398,1.000000,1.000000,1.000000,{"1":2398},1.000000,0.000000,0.000000,0.000000,1.000000,0.000000,-1.000000
0.085309513,2,226,snapshot,64,3854,1.000000,1.000000,1.000000,{"1":3807,"2":47},0.987805,0.012195,0.000000,0.000000,0.987805,0.012195,1.000000
0.085309513,2,226,read_only,256,2387,1.000000,1.000000,1.000000,{"1":2387},1.000000,0.000000,0.000000,0.000000,1.000000,0.000000,-1.000000
0.085309513,2,226,union,256,2398,1.000000,1.000000,1.000000,{"1":2398},1.000000,0.000000,0.000000,0.000000,1.000000,0.000000,-1.000000
0.085309513,2,226,snapshot,256,3854,1.000000,1.000000,1.000000,{"1":3807,"2":47},0.987805,0.012195,0.000000,0.000000,0.987805,0.012195,1.000000
0.085309513,2,226,read_only,1024,2387,1.000000,1.000000,1.000000,{"1":2387},1.000000,0.000000,0.000000,0.000000,1.000000,0.000000,-1.000000
0.085309513,2,226,union,1024,2398,1.000000,1.000000,1.000000,{"1":2398},1.000000,0.000000,0.000000,0.000000,1.000000,0.000000,-1.000000
0.085309513,2,226,snapshot,1024,3854,1.000000,1.000000,1.000000,{"1":3807,"2":47},0.987805,0.012195,0.000000,0.000000,0.987805,0.012195,1.000000
0.085309513,2,226,read_only,4096,605,0.983471,0.994490,0.983471,{"1":2387},0.983471,0.016529,0.000000,0.000000,0.983471,0.000000,0.000000
0.085309513,2,226,union,4096,607,0.980231,0.993410,0.980231,{"1":2398},0.980231,0.019769,0.000000,0.000000,0.980231,0.000000,0.000000
0.085309513,2,226,snapshot,4096,973,0.949640,0.980045,0.949640,{"1":3807,"2":47},0.949640,0.047276,0.003083,0.000000,0.949640,0.000000,0.000000
0.085309513,2,226,read_only,16384,154,0.948052,0.989177,0.948052,{"1":2387},0.948052,0.051948,0.000000,0.000000,0.948052,0.000000,0.000000
0.085309513,2,226,union,16384,155,0.948387,0.987097,0.948387,{"1":2398},0.948387,0.051613,0.000000,0.000000,0.948387,0.000000,0.000000
0.085309513,2,226,snapshot,16384,261,0.842912,0.948095,0.842912,{"1":3807,"2":47},0.842912,0.153257,0.003831,0.000000,0.842912,0.000000,0.000000
0.085640202,2,227,snapshot,64,3854,1.000000,1.000000,1.000000,{"1":3807,"2":47},0.987805,0.012195,0.000000,0.000000,0.987805,0.012195,1.000000
0.085640202,2,227,snapshot,256,3854,1.000000,1.000000,1.000000,{"1":3807,"2":47},0.987805,0.012195,0.000000,0.000000,0.987805,0.012195,1.000000
0.085640202,2,227,snapshot,1024,3854,1.000000,1.000000,1.000000,{"1":3807,"2":47},0.987805,0.012195,0.000000,0.000000,0.987805,0.012195,1.000000
0.085640202,2,227,snapshot,4096,973,0.949640,0.980045,0.949640,{"1":3807,"2":47},0.949640,0.047276,0.003083,0.000000,0.949640,0.000000,0.000000
0.085640202,2,227,snapshot,16384,261,0.842912,0.948095,0.842912,{"1":3807,"2":47},0.842912,0.153257,0.003831,0.000000,0.842912,0.000000,0.000000
0.085939162,2,228,snapshot,64,3854,1.000000,1.000000,1.000000,{"1":3807,"2":47},0.987805,0.012195,0.000000,0.000000,0.987805,0.012195,1.000000
0.085939162,2,228,snapshot,256,3854,1.000000,1.000000,1.000000,{"1":3807,"2":47},0.987805,0.012195,0.000000,0.000000,0.987805,0.012195,1.000000
0.085939162,2,228,snapshot,1024,3854,1.000000,1.000000,1.000000,{"1":3807,"2":47},0.987805,0.012195,0.000000,0.000000,0.987805,0.012195,1.000000
0.085939162,2,228,snapshot,4096,973,0.949640,0.980045,0.949640,{"1":3807,"2":47},0.949640,0.047276,0.003083,0.000000,0.949640,0.000000,0.000000
0.085939162,2,228,snapshot,16384,261,0.842912,0.948095,0.842912,{"1":3807,"2":47},0.842912,0.153257,0.003831,0.000000,0.842912,0.000000,0.000000
0.086766412,2,229,read_only,64,197,1.000000,1.000000,1.000000,{"1":197},1.000000,0.000000,0.000000,0.000000,1.000000,0.000000,-1.000000
0.086766412,2,229,union,64,198,1.000000,1.000000,1.000000,{"1":198},1.000000,0.000000,0.000000,0.000000,1.000000,0.000000,-1.000000
0.086766412,2,229,snapshot,64,4051,1.000000,1.000000,1.000000,{"1":4004,"2":47},0.988398,0.011602,0.000000,0.000000,0.988398,0.011602,1.000000
0.086766412,2,229,read_only,256,197,1.000000,1.000000,1.000000,{"1":197},1.000000,0.000000,0.000000,0.000000,1.000000,0.000000,-1.000000
0.086766412,2,229,union,256,198,1.000000,1.000000,1.000000,{"1":198},1.000000,0.000000,0.000000,0.000000,1.000000,0.000000,-1.000000
0.086766412,2,229,snapshot,256,4051,1.000000,1.000000,1.000000,{"1":4004,"2":47},0.988398,0.011602,0.000000,0.000000,0.988398,0.011602,1.000000
0.086766412,2,229,read_only,1024,197,1.000000,1.000000,1.000000,{"1":197},1.000000,0.000000,0.000000,0.000000,1.000000,0.000000,-1.000000
0.086766412,2,229,union,1024,198,1.000000,1.000000,1.000000,{"1":198},1.000000,0.000000,0.000000,0.000000,1.000000,0.000000,-1.000000
0.086766412,2,229,snapshot,1024,4051,1.000000,1.000000,1.000000,{"1":4004,"2":47},0.988398,0.011602,0.000000,0.000000,0.988398,0.011602,1.000000
0.086766412,2,229,read_only,4096,58,0.758621,0.922414,0.758621,{"1":197},0.758621,0.241379,0.000000,0.000000,0.758621,0.000000,0.000000
0.086766412,2,229,union,4096,59,0.762712,0.923729,0.762712,{"1":198},0.762712,0.237288,0.000000,0.000000,0.762712,0.000000,0.000000
0.086766412,2,229,snapshot,4096,1031,0.938894,0.976802,0.938894,{"1":4004,"2":47},0.938894,0.058196,0.002910,0.000000,0.938894,0.000000,0.000000
0.086766412,2,229,read_only,16384,20,0.250000,0.800024,0.250000,{"1":197},0.250000,0.550000,0.200000,0.000000,0.250000,0.000000,0.000000
0.086766412,2,229,union,16384,21,0.285714,0.809547,0.285714,{"1":198},0.285714,0.523810,0.190476,0.000000,0.285714,0.000000,0.000000
0.086766412,2,229,snapshot,16384,279,0.799283,0.937108,0.799283,{"1":4004,"2":47},0.799283,0.182796,0.017921,0.000000,0.799283,0.000000,0.000000
0.087280750,2,230,read_only,64,163,1.000000,1.000000,1.000000,{"1":163},1.000000,0.000000,0.000000,0.000000,1.000000,0.000000,-1.000000
0.087280750,2,230,union,64,163,1.000000,1.000000,1.000000,{"1":163},1.000000,0.000000,0.000000,0.000000,1.000000,0.000000,-1.000000
0.087280750,2,230,snapshot,64,4214,1.000000,1.000000,1.000000,{"1":4167,"2":47},0.988847,0.011153,0.000000,0.000000,0.988847,0.011153,1.000000
0.087280750,2,230,read_only,256,163,1.000000,1.000000,1.000000,{"1":163},1.000000,0.000000,0.000000,0.000000,1.000000,0.000000,-1.000000
0.087280750,2,230,union,256,163,1.000000,1.000000,1.000000,{"1":163},1.000000,0.000000,0.000000,0.000000,1.000000,0.000000,-1.000000
0.087280750,2,230,snapshot,256,4214,1.000000,1.000000,1.000000,{"1":4167,"2":47},0.988847,0.011153,0.000000,0.000000,0.988847,0.011153,1.000000
0.087280750,2,230,read_only,1024,163,1.000000,1.000000,1.000000,{"1":163},1.000000,0.000000,0.000000,0.000000,1.000000,0.000000,-1.000000
0.087280750,2,230,union,1024,163,1.000000,1.000000,1.000000,{"1":163},1.000000,0.000000,0.000000,0.000000,1.000000,0.000000,-1.000000
0.087280750,2,230,snapshot,1024,4214,1.000000,1.000000,1.000000,{"1":4167,"2":47},0.988847,0.011153,0.000000,0.000000,0.988847,0.011153,1.000000
0.087280750,2,230,read_only,4096,43,1.000000,1.000000,1.000000,{"1":163},1.000000,0.000000,0.000000,0.000000,1.000000,0.000000,-1.000000
0.087280750,2,230,union,4096,43,1.000000,1.000000,1.000000,{"1":163},1.000000,0.000000,0.000000,0.000000,1.000000,0.000000,-1.000000
0.087280750,2,230,snapshot,4096,1072,0.939366,0.976912,0.939366,{"1":4167,"2":47},0.939366,0.057836,0.002799,0.000000,0.939366,0.000000,0.000000
0.087280750,2,230,read_only,16384,15,0.866667,0.950000,0.866667,{"1":163},0.866667,0.133333,0.000000,0.000000,0.866667,0.000000,0.000000
0.087280750,2,230,union,16384,15,0.866667,0.950000,0.866667,{"1":163},0.866667,0.133333,0.000000,0.000000,0.866667,0.000000,0.000000
0.087280750,2,230,snapshot,16384,291,0.797251,0.936187,0.797251,{"1":4167,"2":47},0.797251,0.178694,0.024055,0.000000,0.797251,0.000000,0.000000
0.087526074,2,231,snapshot,64,4214,1.000000,1.000000,1.000000,{"1":4167,"2":47},0.988847,0.011153,0.000000,0.000000,0.988847,0.011153,1.000000
0.087526074,2,231,snapshot,256,4214,1.000000,1.000000,1.000000,{"1":4167,"2":47},0.988847,0.011153,0.000000,0.000000,0.988847,0.011153,1.000000
0.087526074,2,231,snapshot,1024,4214,1.000000,1.000000,1.000000,{"1":4167,"2":47},0.988847,0.011153,0.000000,0.000000,0.988847,0.011153,1.000000
0.087526074,2,231,snapshot,4096,1072,0.939366,0.976912,0.939366,{"1":4167,"2":47},0.939366,0.057836,0.002799,0.000000,0.939366,0.000000,0.000000
0.087526074,2,231,snapshot,16384,291,0.797251,0.936187,0.797251,{"1":4167,"2":47},0.797251,0.178694,0.024055,0.000000,0.797251,0.000000,0.000000
0.087881434,2,232,read_only,64,88,1.000000,1.000000,1.000000,{"1":88},1.000000,0.000000,0.000000,0.000000,1.000000,0.000000,-1.000000
0.087881434,2,232,union,64,88,1.000000,1.000000,1.000000,{"1":88},1.000000,0.000000,0.000000,0.000000,1.000000,0.000000,-1.000000
0.087881434,2,232,snapshot,64,4302,1.000000,1.000000,1.000000,{"1":4255,"2":47},0.989075,0.010925,0.000000,0.000000,0.989075,0.010925,1.000000
0.087881434,2,232,read_only,256,88,1.000000,1.000000,1.000000,{"1":88},1.000000,0.000000,0.000000,0.000000,1.000000,0.000000,-1.000000
0.087881434,2,232,union,256,88,1.000000,1.000000,1.000000,{"1":88},1.000000,0.000000,0.000000,0.000000,1.000000,0.000000,-1.000000
0.087881434,2,232,snapshot,256,4302,1.000000,1.000000,1.000000,{"1":4255,"2":47},0.989075,0.010925,0.000000,0.000000,0.989075,0.010925,1.000000
0.087881434,2,232,read_only,1024,88,1.000000,1.000000,1.000000,{"1":88},1.000000,0.000000,0.000000,0.000000,1.000000,0.000000,-1.000000
0.087881434,2,232,union,1024,88,1.000000,1.000000,1.000000,{"1":88},1.000000,0.000000,0.000000,0.000000,1.000000,0.000000,-1.000000
0.087881434,2,232,snapshot,1024,4302,1.000000,1.000000,1.000000,{"1":4255,"2":47},0.989075,0.010925,0.000000,0.000000,0.989075,0.010925,1.000000
0.087881434,2,232,read_only,4096,22,1.000000,1.000000,1.000000,{"1":88},1.000000,0.000000,0.000000,0.000000,1.000000,0.000000,-1.000000
0.087881434,2,232,union,4096,22,1.000000,1.000000,1.000000,{"1":88},1.000000,0.000000,0.000000,0.000000,1.000000,0.000000,-1.000000
0.087881434,2,232,snapshot,4096,1094,0.940585,0.977377,0.940585,{"1":4255,"2":47},0.940585,0.056673,0.002742,0.000000,0.940585,0.000000,0.000000
0.087881434,2,232,read_only,16384,6,1.000000,1.000000,1.000000,{"1":88},1.000000,0.000000,0.000000,0.000000,1.000000,0.000000,-1.000000
0.087881434,2,232,union,16384,6,1.000000,1.000000,1.000000,{"1":88},1.000000,0.000000,0.000000,0.000000,1.000000,0.000000,-1.000000
0.087881434,2,232,snapshot,16384,297,0.801347,0.937476,0.801347,{"1":4255,"2":47},0.801347,0.175084,0.023569,0.000000,0.801347,0.000000,0.000000
0.088311848,2,233,read_only,64,166,1.000000,1.000000,1.000000,{"1":166},1.000000,0.000000,0.000000,0.000000,1.000000,0.000000,-1.000000
0.088311848,2,233,union,64,166,1.000000,1.000000,1.000000,{"1":166},1.000000,0.000000,0.000000,0.000000,1.000000,0.000000,-1.000000
0.088311848,2,233,snapshot,64,4468,1.000000,1.000000,1.000000,{"1":4421,"2":47},0.989481,0.010519,0.000000,0.000000,0.989481,0.010519,1.000000
0.088311848,2,233,read_only,256,166,1.000000,1.000000,1.000000,{"1":166},1.000000,0.000000,0.000000,0.000000,1.000000,0.000000,-1.000000
0.088311848,2,233,union,256,166,1.000000,1.000000,1.000000,{"1":166},1.000000,0.000000,0.000000,0.000000,1.000000,0.000000,-1.000000
0.088311848,2,233,snapshot,256,4468,1.000000,1.000000,1.000000,{"1":4421,"2":47},0.989481,0.010519,0.000000,0.000000,0.989481,0.010519,1.000000
0.088311848,2,233,read_only,1024,166,1.000000,1.000000,1.000000,{"1":166},1.000000,0.000000,0.000000,0.000000,1.000000,0.000000,-1.000000
0.088311848,2,233,union,1024,166,1.000000,1.000000,1.000000,{"1":166},1.000000,0.000000,0.000000,0.000000,1.000000,0.000000,-1.000000
0.088311848,2,233,snapshot,1024,4468,1.000000,1.000000,1.000000,{"1":4421,"2":47},0.989481,0.010519,0.000000,0.000000,0.989481,0.010519,1.000000
0.088311848,2,233,read_only,4096,43,1.000000,1.000000,1.000000,{"1":166},1.000000,0.000000,0.000000,0.000000,1.000000,0.000000,-1.000000
0.088311848,2,233,union,4096,43,1.000000,1.000000,1.000000,{"1":166},1.000000,0.000000,0.000000,0.000000,1.000000,0.000000,-1.000000
0.088311848,2,233,snapshot,4096,1137,0.942832,0.978232,0.942832,{"1":4421,"2":47},0.942832,0.054529,0.002639,0.000000,0.942832,0.000000,0.000000
0.088311848,2,233,read_only,16384,13,0.615385,0.878205,0.615385,{"1":166},0.615385,0.384615,0.000000,0.000000,0.615385,0.000000,0.000000
0.088311848,2,233,union,16384,13,0.615385,0.878205,0.615385,{"1":166},0.615385,0.384615,0.000000,0.000000,0.615385,0.000000,0.000000
0.088311848,2,233,snapshot,16384,310,0.793548,0.934991,0.793548,{"1":4421,"2":47},0.793548,0.183871,0.022581,0.000000,0.793548,0.000000,0.000000
0.089376456,2,234,read_only,64,739,1.000000,1.000000,1.000000,{"1":739},1.000000,0.000000,0.000000,0.000000,1.000000,0.000000,-1.000000
0.089376456,2,234,union,64,742,1.000000,1.000000,1.000000,{"1":742},1.000000,0.000000,0.000000,0.000000,1.000000,0.000000,-1.000000
0.089376456,2,234,snapshot,64,5207,1.000000,1.000000,1.000000,{"1":5160,"2":47},0.990974,0.009026,0.000000,0.000000,0.990974,0.009026,1.000000
0.089376456,2,234,read_only,256,739,1.000000,1.000000,1.000000,{"1":739},1.000000,0.000000,0.000000,0.000000,1.000000,0.000000,-1.000000
0.089376456,2,234,union,256,742,1.000000,1.000000,1.000000,{"1":742},1.000000,0.000000,0.000000,0.000000,1.000000,0.000000,-1.000000
0.089376456,2,234,snapshot,256,5207,1.000000,1.000000,1.000000,{"1":5160,"2":47},0.990974,0.009026,0.000000,0.000000,0.990974,0.009026,1.000000
0.089376456,2,234,read_only,1024,739,1.000000,1.000000,1.000000,{"1":739},1.000000,0.000000,0.000000,0.000000,1.000000,0.000000,-1.000000
0.089376456,2,234,union,1024,742,1.000000,1.000000,1.000000,{"1":742},1.000000,0.000000,0.000000,0.000000,1.000000,0.000000,-1.000000
0.089376456,2,234,snapshot,1024,5207,1.000000,1.000000,1.000000,{"1":5160,"2":47},0.990974,0.009026,0.000000,0.000000,0.990974,0.009026,1.000000
0.089376456,2,234,read_only,4096,188,0.973404,0.992021,0.973404,{"1":739},0.973404,0.026596,0.000000,0.000000,0.973404,0.000000,0.000000
0.089376456,2,234,union,4096,191,0.973822,0.992147,0.973822,{"1":742},0.973822,0.026178,0.000000,0.000000,0.973822,0.000000,0.000000
0.089376456,2,234,snapshot,4096,1323,0.947090,0.980159,0.947090,{"1":5160,"2":47},0.947090,0.050642,0.002268,0.000000,0.947090,0.000000,0.000000
0.089376456,2,234,read_only,16384,51,0.901961,0.960691,0.901961,{"1":739},0.901961,0.078431,0.019608,0.000000,0.901961,0.000000,0.000000
0.089376456,2,234,union,16384,52,0.903846,0.961447,0.903846,{"1":742},0.903846,0.076923,0.019231,0.000000,0.903846,0.000000,0.000000
0.089376456,2,234,snapshot,16384,359,0.807799,0.938280,0.807799,{"1":5160,"2":47},0.807799,0.169916,0.022284,0.000000,0.807799,0.000000,0.000000
0.089728176,2,235,read_only,64,8,1.000000,1.000000,1.000000,{"1":8},1.000000,0.000000,0.000000,0.000000,1.000000,0.000000,-1.000000
0.089728176,2,235,union,64,9,1.000000,1.000000,1.000000,{"1":9},1.000000,0.000000,0.000000,0.000000,1.000000,0.000000,-1.000000
0.089728176,2,235,snapshot,64,5215,1.000000,1.000000,1.000000,{"1":5168,"2":47},0.990988,0.009012,0.000000,0.000000,0.990988,0.009012,1.000000
0.089728176,2,235,read_only,256,8,1.000000,1.000000,1.000000,{"1":8},1.000000,0.000000,0.000000,0.000000,1.000000,0.000000,-1.000000
0.089728176,2,235,union,256,9,1.000000,1.000000,1.000000,{"1":9},1.000000,0.000000,0.000000,0.000000,1.000000,0.000000,-1.000000
0.089728176,2,235,snapshot,256,5215,1.000000,1.000000,1.000000,{"1":5168,"2":47},0.990988,0.009012,0.000000,0.000000,0.990988,0.009012,1.000000
0.089728176,2,235,read_only,1024,8,1.000000,1.000000,1.000000,{"1":8},1.000000,0.000000,0.000000,0.000000,1.000000,0.000000,-1.000000
0.089728176,2,235,union,1024,9,1.000000,1.000000,1.000000,{"1":9},1.000000,0.000000,0.000000,0.000000,1.000000,0.000000,-1.000000
0.089728176,2,235,snapshot,1024,5215,1.000000,1.000000,1.000000,{"1":5168,"2":47},0.990988,0.009012,0.000000,0.000000,0.990988,0.009012,1.000000
0.089728176,2,235,read_only,4096,2,1.000000,1.000000,1.000000,{"1":8},1.000000,0.000000,0.000000,0.000000,1.000000,0.000000,-1.000000
0.089728176,2,235,union,4096,3,1.000000,1.000000,1.000000,{"1":9},1.000000,0.000000,0.000000,0.000000,1.000000,0.000000,-1.000000
0.089728176,2,235,snapshot,4096,1325,0.947170,0.980189,0.947170,{"1":5168,"2":47},0.947170,0.050566,0.002264,0.000000,0.947170,0.000000,0.000000
0.089728176,2,235,read_only,16384,2,1.000000,1.000000,1.000000,{"1":8},1.000000,0.000000,0.000000,0.000000,1.000000,0.000000,-1.000000
0.089728176,2,235,union,16384,3,1.000000,1.000000,1.000000,{"1":9},1.000000,0.000000,0.000000,0.000000,1.000000,0.000000,-1.000000
0.089728176,2,235,snapshot,16384,360,0.808333,0.938451,0.808333,{"1":5168,"2":47},0.808333,0.169444,0.022222,0.000000,0.808333,0.000000,0.000000
0.112037193,2,236,snapshot,64,5215,1.000000,1.000000,1.000000,{"1":5168,"2":47},0.990988,0.009012,0.000000,0.000000,0.990988,0.009012,1.000000
0.112037193,2,236,snapshot,256,5215,1.000000,1.000000,1.000000,{"1":5168,"2":47},0.990988,0.009012,0.000000,0.000000,0.990988,0.009012,1.000000
0.112037193,2,236,snapshot,1024,5215,1.000000,1.000000,1.000000,{"1":5168,"2":47},0.990988,0.009012,0.000000,0.000000,0.990988,0.009012,1.000000
0.112037193,2,236,snapshot,4096,1325,0.947170,0.980189,0.947170,{"1":5168,"2":47},0.947170,0.050566,0.002264,0.000000,0.947170,0.000000,0.000000
0.112037193,2,236,snapshot,16384,360,0.808333,0.938451,0.808333,{"1":5168,"2":47},0.808333,0.169444,0.022222,0.000000,0.808333,0.000000,0.000000
0.112269642,2,237,snapshot,64,5215,1.000000,1.000000,1.000000,{"1":5168,"2":47},0.990988,0.009012,0.000000,0.000000,0.990988,0.009012,1.000000
0.112269642,2,237,snapshot,256,5215,1.000000,1.000000,1.000000,{"1":5168,"2":47},0.990988,0.009012,0.000000,0.000000,0.990988,0.009012,1.000000
0.112269642,2,237,snapshot,1024,5215,1.000000,1.000000,1.000000,{"1":5168,"2":47},0.990988,0.009012,0.000000,0.000000,0.990988,0.009012,1.000000
0.112269642,2,237,snapshot,4096,1325,0.947170,0.980189,0.947170,{"1":5168,"2":47},0.947170,0.050566,0.002264,0.000000,0.947170,0.000000,0.000000
0.112269642,2,237,snapshot,16384,360,0.808333,0.938451,0.808333,{"1":5168,"2":47},0.808333,0.169444,0.022222,0.000000,0.808333,0.000000,0.000000
0.112812591,2,238,read_only,64,3,1.000000,1.000000,1.000000,{"1":3},1.000000,0.000000,0.000000,0.000000,1.000000,0.000000,-1.000000
0.112812591,2,238,union,64,4,1.000000,1.000000,1.000000,{"1":4},1.000000,0.000000,0.000000,0.000000,1.000000,0.000000,-1.000000
0.112812591,2,238,snapshot,64,5218,1.000000,1.000000,1.000000,{"1":5171,"2":47},0.990993,0.009007,0.000000,0.000000,0.990993,0.009007,1.000000
0.112812591,2,238,read_only,256,3,1.000000,1.000000,1.000000,{"1":3},1.000000,0.000000,0.000000,0.000000,1.000000,0.000000,-1.000000
0.112812591,2,238,union,256,4,1.000000,1.000000,1.000000,{"1":4},1.000000,0.000000,0.000000,0.000000,1.000000,0.000000,-1.000000
0.112812591,2,238,snapshot,256,5218,1.000000,1.000000,1.000000,{"1":5171,"2":47},0.990993,0.009007,0.000000,0.000000,0.990993,0.009007,1.000000
0.112812591,2,238,read_only,1024,3,1.000000,1.000000,1.000000,{"1":3},1.000000,0.000000,0.000000,0.000000,1.000000,0.000000,-1.000000
0.112812591,2,238,union,1024,4,1.000000,1.000000,1.000000,{"1":4},1.000000,0.000000,0.000000,0.000000,1.000000,0.000000,-1.000000
0.112812591,2,238,snapshot,1024,5218,1.000000,1.000000,1.000000,{"1":5171,"2":47},0.990993,0.009007,0.000000,0.000000,0.990993,0.009007,1.000000
0.112812591,2,238,read_only,4096,2,1.000000,1.000000,1.000000,{"1":3},1.000000,0.000000,0.000000,0.000000,1.000000,0.000000,-1.000000
0.112812591,2,238,union,4096,3,1.000000,1.000000,1.000000,{"1":4},1.000000,0.000000,0.000000,0.000000,1.000000,0.000000,-1.000000
0.112812591,2,238,snapshot,4096,1327,0.947249,0.980219,0.947249,{"1":5171,"2":47},0.947249,0.050490,0.002261,0.000000,0.947249,0.000000,0.000000
0.112812591,2,238,read_only,16384,2,1.000000,1.000000,1.000000,{"1":3},1.000000,0.000000,0.000000,0.000000,1.000000,0.000000,-1.000000
0.112812591,2,238,union,16384,3,1.000000,1.000000,1.000000,{"1":4},1.000000,0.000000,0.000000,0.000000,1.000000,0.000000,-1.000000
0.112812591,2,238,snapshot,16384,362,0.809392,0.938791,0.809392,{"1":5171,"2":47},0.809392,0.168508,0.022099,0.000000,0.809392,0.000000,0.000000
0.113149202,2,239,snapshot,64,5218,1.000000,1.000000,1.000000,{"1":5171,"2":47},0.990993,0.009007,0.000000,0.000000,0.990993,0.009007,1.000000
0.113149202,2,239,snapshot,256,5218,1.000000,1.000000,1.000000,{"1":5171,"2":47},0.990993,0.009007,0.000000,0.000000,0.990993,0.009007,1.000000
0.113149202,2,239,snapshot,1024,5218,1.000000,1.000000,1.000000,{"1":5171,"2":47},0.990993,0.009007,0.000000,0.000000,0.990993,0.009007,1.000000
0.113149202,2,239,snapshot,4096,1327,0.947249,0.980219,0.947249,{"1":5171,"2":47},0.947249,0.050490,0.002261,0.000000,0.947249,0.000000,0.000000
0.113149202,2,239,snapshot,16384,362,0.809392,0.938791,0.809392,{"1":5171,"2":47},0.809392,0.168508,0.022099,0.000000,0.809392,0.000000,0.000000
0.113453171,2,240,snapshot,64,5218,1.000000,1.000000,1.000000,{"1":5171,"2":47},0.990993,0.009007,0.000000,0.000000,0.990993,0.009007,1.000000
0.113453171,2,240,snapshot,256,5218,1.000000,1.000000,1.000000,{"1":5171,"2":47},0.990993,0.009007,0.000000,0.000000,0.990993,0.009007,1.000000
0.113453171,2,240,snapshot,1024,5218,1.000000,1.000000,1.000000,{"1":5171,"2":47},0.990993,0.009007,0.000000,0.000000,0.990993,0.009007,1.000000
0.113453171,2,240,snapshot,4096,1327,0.947249,0.980219,0.947249,{"1":5171,"2":47},0.947249,0.050490,0.002261,0.000000,0.947249,0.000000,0.000000
0.113453171,2,240,snapshot,16384,362,0.809392,0.938791,0.809392,{"1":5171,"2":47},0.809392,0.168508,0.022099,0.000000,0.809392,0.000000,0.000000
0.113685208,2,241,snapshot,64,5218,1.000000,1.000000,1.000000,{"1":5171,"2":47},0.990993,0.009007,0.000000,0.000000,0.990993,0.009007,1.000000
0.113685208,2,241,snapshot,256,5218,1.000000,1.000000,1.000000,{"1":5171,"2":47},0.990993,0.009007,0.000000,0.000000,0.990993,0.009007,1.000000
0.113685208,2,241,snapshot,1024,5218,1.000000,1.000000,1.000000,{"1":5171,"2":47},0.990993,0.009007,0.000000,0.000000,0.990993,0.009007,1.000000
0.113685208,2,241,snapshot,4096,1327,0.947249,0.980219,0.947249,{"1":5171,"2":47},0.947249,0.050490,0.002261,0.000000,0.947249,0.000000,0.000000
0.113685208,2,241,snapshot,16384,362,0.809392,0.938791,0.809392,{"1":5171,"2":47},0.809392,0.168508,0.022099,0.000000,0.809392,0.000000,0.000000
0.113919010,2,242,snapshot,64,5218,1.000000,1.000000,1.000000,{"1":5171,"2":47},0.990993,0.009007,0.000000,0.000000,0.990993,0.009007,1.000000
0.113919010,2,242,snapshot,256,5218,1.000000,1.000000,1.000000,{"1":5171,"2":47},0.990993,0.009007,0.000000,0.000000,0.990993,0.009007,1.000000
0.113919010,2,242,snapshot,1024,5218,1.000000,1.000000,1.000000,{"1":5171,"2":47},0.990993,0.009007,0.000000,0.000000,0.990993,0.009007,1.000000
0.113919010,2,242,snapshot,4096,1327,0.947249,0.980219,0.947249,{"1":5171,"2":47},0.947249,0.050490,0.002261,0.000000,0.947249,0.000000,0.000000
0.113919010,2,242,snapshot,16384,362,0.809392,0.938791,0.809392,{"1":5171,"2":47},0.809392,0.168508,0.022099,0.000000,0.809392,0.000000,0.000000
0.114154031,2,243,snapshot,64,5218,1.000000,1.000000,1.000000,{"1":5171,"2":47},0.990993,0.009007,0.000000,0.000000,0.990993,0.009007,1.000000
0.114154031,2,243,snapshot,256,5218,1.000000,1.000000,1.000000,{"1":5171,"2":47},0.990993,0.009007,0.000000,0.000000,0.990993,0.009007,1.000000
0.114154031,2,243,snapshot,1024,5218,1.000000,1.000000,1.000000,{"1":5171,"2":47},0.990993,0.009007,0.000000,0.000000,0.990993,0.009007,1.000000
0.114154031,2,243,snapshot,4096,1327,0.947249,0.980219,0.947249,{"1":5171,"2":47},0.947249,0.050490,0.002261,0.000000,0.947249,0.000000,0.000000
0.114154031,2,243,snapshot,16384,362,0.809392,0.938791,0.809392,{"1":5171,"2":47},0.809392,0.168508,0.022099,0.000000,0.809392,0.000000,0.000000
0.114405967,2,244,read_only,64,137,1.000000,1.000000,1.000000,{"1":137},1.000000,0.000000,0.000000,0.000000,1.000000,0.000000,-1.000000
0.114405967,2,244,union,64,137,1.000000,1.000000,1.000000,{"1":137},1.000000,0.000000,0.000000,0.000000,1.000000,0.000000,-1.000000
0.114405967,2,244,snapshot,64,5355,1.000000,1.000000,1.000000,{"1":5308,"2":47},0.991223,0.008777,0.000000,0.000000,0.991223,0.008777,1.000000
0.114405967,2,244,read_only,256,137,1.000000,1.000000,1.000000,{"1":137},1.000000,0.000000,0.000000,0.000000,1.000000,0.000000,-1.000000
0.114405967,2,244,union,256,137,1.000000,1.000000,1.000000,{"1":137},1.000000,0.000000,0.000000,0.000000,1.000000,0.000000,-1.000000
0.114405967,2,244,snapshot,256,5355,1.000000,1.000000,1.000000,{"1":5308,"2":47},0.991223,0.008777,0.000000,0.000000,0.991223,0.008777,1.000000
0.114405967,2,244,read_only,1024,137,1.000000,1.000000,1.000000,{"1":137},1.000000,0.000000,0.000000,0.000000,1.000000,0.000000,-1.000000
0.114405967,2,244,union,1024,137,1.000000,1.000000,1.000000,{"1":137},1.000000,0.000000,0.000000,0.000000,1.000000,0.000000,-1.000000
0.114405967,2,244,snapshot,1024,5355,1.000000,1.000000,1.000000,{"1":5308,"2":47},0.991223,0.008777,0.000000,0.000000,0.991223,0.008777,1.000000
0.114405967,2,244,read_only,4096,35,1.000000,1.000000,1.000000,{"1":137},1.000000,0.000000,0.000000,0.000000,1.000000,0.000000,-1.000000
0.114405967,2,244,union,4096,35,1.000000,1.000000,1.000000,{"1":137},1.000000,0.000000,0.000000,0.000000,1.000000,0.000000,-1.000000
0.114405967,2,244,snapshot,4096,1362,0.948605,0.980727,0.948605,{"1":5308,"2":47},0.948605,0.049192,0.002203,0.000000,0.948605,0.000000,0.000000
0.114405967,2,244,read_only,16384,9,1.000000,1.000000,1.000000,{"1":137},1.000000,0.000000,0.000000,0.000000,1.000000,0.000000,-1.000000
0.114405967,2,244,union,16384,9,1.000000,1.000000,1.000000,{"1":137},1.000000,0.000000,0.000000,0.000000,1.000000,0.000000,-1.000000
0.114405967,2,244,snapshot,16384,371,0.814016,0.940276,0.814016,{"1":5308,"2":47},0.814016,0.164420,0.021563,0.000000,0.814016,0.000000,0.000000
0.114653053,2,245,read_only,64,3,1.000000,1.000000,1.000000,{"1":3},1.000000,0.000000,0.000000,0.000000,1.000000,0.000000,-1.000000
0.114653053,2,245,union,64,3,1.000000,1.000000,1.000000,{"1":3},1.000000,0.000000,0.000000,0.000000,1.000000,0.000000,-1.000000
0.114653053,2,245,snapshot,64,5358,1.000000,1.000000,1.000000,{"1":5311,"2":47},0.991228,0.008772,0.000000,0.000000,0.991228,0.008772,1.000000
0.114653053,2,245,read_only,256,3,1.000000,1.000000,1.000000,{"1":3},1.000000,0.000000,0.000000,0.000000,1.000000,0.000000,-1.000000
0.114653053,2,245,union,256,3,1.000000,1.000000,1.000000,{"1":3},1.000000,0.000000,0.000000,0.000000,1.000000,0.000000,-1.000000
0.114653053,2,245,snapshot,256,5358,1.000000,1.000000,1.000000,{"1":5311,"2":47},0.991228,0.008772,0.000000,0.000000,0.991228,0.008772,1.000000
0.114653053,2,245,read_only,1024,3,1.000000,1.000000,1.000000,{"1":3},1.000000,0.000000,0.000000,0.000000,1.000000,0.000000,-1.000000
0.114653053,2,245,union,1024,3,1.000000,1.000000,1.000000,{"1":3},1.000000,0.000000,0.000000,0.000000,1.000000,0.000000,-1.000000
0.114653053,2,245,snapshot,1024,5358,1.000000,1.000000,1.000000,{"1":5311,"2":47},0.991228,0.008772,0.000000,0.000000,0.991228,0.008772,1.000000
0.114653053,2,245,read_only,4096,3,1.000000,1.000000,1.000000,{"1":3},1.000000,0.000000,0.000000,0.000000,1.000000,0.000000,-1.000000
0.114653053,2,245,union,4096,3,1.000000,1.000000,1.000000,{"1":3},1.000000,0.000000,0.000000,0.000000,1.000000,0.000000,-1.000000
0.114653053,2,245,snapshot,4096,1362,0.948605,0.980727,0.948605,{"1":5311,"2":47},0.948605,0.049192,0.002203,0.000000,0.948605,0.000000,0.000000
0.114653053,2,245,read_only,16384,3,1.000000,1.000000,1.000000,{"1":3},1.000000,0.000000,0.000000,0.000000,1.000000,0.000000,-1.000000
0.114653053,2,245,union,16384,3,1.000000,1.000000,1.000000,{"1":3},1.000000,0.000000,0.000000,0.000000,1.000000,0.000000,-1.000000
0.114653053,2,245,snapshot,16384,371,0.814016,0.940276,0.814016,{"1":5311,"2":47},0.814016,0.164420,0.021563,0.000000,0.814016,0.000000,0.000000
0.114887042,2,246,snapshot,64,5358,1.000000,1.000000,1.000000,{"1":5311,"2":47},0.991228,0.008772,0.000000,0.000000,0.991228,0.008772,1.000000
0.114887042,2,246,snapshot,256,5358,1.000000,1.000000,1.000000,{"1":5311,"2":47},0.991228,0.008772,0.000000,0.000000,0.991228,0.008772,1.000000
0.114887042,2,246,snapshot,1024,5358,1.000000,1.000000,1.000000,{"1":5311,"2":47},0.991228,0.008772,0.000000,0.000000,0.991228,0.008772,1.000000
0.114887042,2,246,snapshot,4096,1362,0.948605,0.980727,0.948605,{"1":5311,"2":47},0.948605,0.049192,0.002203,0.000000,0.948605,0.000000,0.000000
0.114887042,2,246,snapshot,16384,371,0.814016,0.940276,0.814016,{"1":5311,"2":47},0.814016,0.164420,0.021563,0.000000,0.814016,0.000000,0.000000
